"p_val","avg_log2FC","pct.1","pct.2","p_val_adj","gene"
1.74935065665081e-69,-2.46648033312361,0.938,1,3.28912910463485e-65,"RPS26"
3.43443932501746e-14,-2.64543596358623,0.125,0.468,6.45743281889784e-10,"ENSG00000289901"
6.85141737576853e-13,0.467228253738917,1,1,1.288203494992e-08,"RPS2"
3.5946308386978e-12,1.81132733045117,0.528,0.263,6.75862490291961e-08,"CD7"
4.25766479248348e-12,0.365758099834073,1,1,8.00526134282743e-08,"RPL13"
2.3796469350434e-11,0.442385160021469,1,1,4.4742121672686e-07,"TPT1"
8.65394065919038e-11,-0.94716763958552,0.71,0.916,1.62711392274097e-06,"IL32"
1.35674957147138e-10,-0.452823601725835,0.994,0.993,2.55096054428049e-06,"MT-CO3"
1.8992882925098e-10,-0.811109049012308,0.648,0.852,3.57104184757693e-06,"ITGB1"
2.128475120066e-10,0.338010657638362,1,1,4.00195892074809e-06,"RPLP1"
2.4345839748039e-10,-1.01040459957668,0.545,0.785,4.5775047894263e-06,"LGALS1"
5.81767918030104e-10,-1.26602935066645,0.278,0.562,1.0938400394802e-05,"AUTS2"
1.17919238490778e-09,-0.988080219687945,0.426,0.71,2.21711752210361e-05,"C12orf75"
2.51757322788093e-09,0.333803682305613,1,1,4.73354118306172e-05,"RPL18A"
4.1732127549101e-09,-0.880905291408072,0.506,0.754,7.84647462178196e-05,"GNLY"
1.99668446221036e-08,1.00553696973193,0.812,0.653,0.000375416612584792,"TUBA1B"
2.34362825023236e-08,0.300702871353115,1,1,0.000440648983608689,"RPL10"
2.89002988323927e-08,-0.460928956738782,1,0.997,0.000543383418646648,"MT-ATP8"
3.97513904440311e-08,0.502653218726706,0.994,0.987,0.000747405643128672,"SRGN"
4.83831658766477e-08,0.297746686212777,1,1,0.000909700284812731,"RPS12"
9.53528107744792e-08,0.365122472802098,1,1,0.00179282354818176,"RPLP0"
1.0441020822032e-07,-0.822136422750863,0.386,0.646,0.00196312073495846,"FGFBP2"
1.38010525798061e-07,-0.417813261135517,0.977,0.983,0.00259487390605514,"MT-ND4L"
1.4960145395896e-07,-1.44885416139872,0.165,0.397,0.00281280653733636,"TRAC"
2.25851643277169e-07,-0.804051403463062,0.426,0.673,0.00424646259689733,"CD3G"
2.8418623642811e-07,-1.15804287516439,0.233,0.481,0.00534326961732133,"SYTL2"
3.29301111859977e-07,-0.69426499970265,0.665,0.788,0.00619151950519129,"CCL5"
3.98898515391908e-07,-3.89451712132699,0.011,0.158,0.00750008988639865,"ZNF365"
4.06604912827168e-07,-0.553753694589217,0.688,0.872,0.00764498557097641,"MYL12A"
5.60221206943257e-07,0.417117245188626,1,0.993,0.0105332791329471,"RPS5"
6.87788823172191e-07,0.301208480559747,1,0.997,0.0129318054532835,"RPL35"
7.60290066592556e-07,0.248087195538032,1,1,0.0142949738320732,"RPS14"
9.53536401165456e-07,3.02074648945723,0.125,0.017,0.0179283914147129,"NELL2"
1.10534219837206e-06,-1.03128710026661,0.432,0.616,0.0207826440137915,"GZMB"
1.12621555090398e-06,-0.6950227774978,0.369,0.636,0.0211751047880966,"EPB41"
1.199012485882e-06,6.7406305888621,0.114,0.013,0.0225438327595534,"TRBV7-2"
1.19976475980043e-06,-0.434190904349497,0.932,0.976,0.0225579770137677,"MT-ND4"
1.40520546727764e-06,0.390427221397361,0.977,0.966,0.0264206731957542,"EEF1B2"
1.4407632279042e-06,-3.47526242755508,0.017,0.158,0.0270892302110548,"TRBV14"
2.09746671796181e-06,-3.44634476375992,0.017,0.155,0.039436569231118,"HLA-G"
2.1189162260113e-06,0.400715240113664,1,0.98,0.0398398628814645,"RPL27A"
2.32829905381394e-06,-1.61887100402802,0.097,0.283,0.0437766788098097,"FDPS"
2.35659197865508e-06,0.358861698632159,1,1,0.0443086423826728,"RPS13"
2.44368435208439e-06,-0.895123751180561,0.267,0.498,0.0459461531878908,"MBNL2"
2.49142788744986e-06,-3.99299638784734,0.011,0.141,0.0468438271398322,"TRAV8-4"
2.90013219434707e-06,-0.670608601184753,0.483,0.727,0.0545282855181136,"ELOB"
3.33168704757119e-06,-7.37272093983984,0,0.114,0.0626423798684335,"TRBV6-1"
3.96584020968254e-06,-1.32363023907869,0.17,0.374,0.0745657276224511,"PTPRE"
4.00261079919153e-06,0.249524160930344,1,1,0.0752570882463992,"EEF1A1"
4.30810968649501e-06,-0.292669039124069,1,1,0.0810010783254793,"MT-CO1"
4.78579918016448e-06,2.5252422182339,0.159,0.04,0.0899825961854525,"HLA-DRB5"
4.84823598495959e-06,-0.402742278417174,0.767,0.919,0.0911565329892103,"EFHD2"
5.14703492031008e-06,0.267373623959333,1,1,0.0967745505716702,"RPL32"
5.18586977583473e-06,-0.424597195098013,0.761,0.949,0.0975047235252446,"S100A4"
5.87538003549226e-06,-1.43904866587857,0.108,0.29,0.110468895427326,"CARD16"
7.14045031948469e-06,0.218824207478488,1,1,0.134254746906951,"RPL34"
9.42521366383017e-06,0.245618939656175,1,1,0.177212867307335,"RPS18"
9.93457608286295e-06,-0.988186622987815,0.369,0.569,0.186789899509989,"RASA3"
1.00850670484725e-05,0.306234859079222,1,1,0.18961943064538,"RPS6"
1.10910737886246e-05,0.628408904975336,0.801,0.687,0.208534369373719,"SPOCK2"
1.1167047741428e-05,-0.869690735307416,0.301,0.505,0.209962831634329,"AAK1"
1.12417357008389e-05,-2.57075707452794,0.023,0.152,0.211367114647173,"ANK2"
1.37223234207695e-05,-7.39266927924495,0,0.101,0.258007124957308,"TRBV5-5"
1.44352402569527e-05,-1.19494115612307,0.136,0.32,0.271411387311225,"GALNT10"
1.46551106589453e-05,-0.563712094021064,0.733,0.879,0.27554539060949,"AHNAK"
1.56029646720521e-05,0.289817418951571,1,0.993,0.293366941763923,"RPL5"
1.70158446369908e-05,-0.484037216749623,0.75,0.909,0.319931910864701,"S100A6"
1.95172782743577e-05,-2.40709303498329,0.017,0.135,0.366963866114474,"TBC1D19"
1.95727521688699e-05,-0.701087409948747,0.455,0.636,0.368006886279092,"SUN2"
1.97098750214496e-05,0.261707277919087,1,1,0.370585070153295,"RPS8"
2.01447243685627e-05,0.303251538082648,1,1,0.378761107577717,"RPL13A"
2.02075521373877e-05,0.256664246854772,1,1,0.379942395287164,"RPS9"
2.13705562148015e-05,-0.798944185149027,0.347,0.589,0.401809197950698,"RHOF"
2.25641187585683e-05,0.187237908224626,1,1,0.424250560898602,"RPS27A"
2.30981965513634e-05,-0.887338907519506,0.256,0.468,0.434292291558735,"PYHIN1"
2.32001067778336e-05,-0.474930354328836,0.807,0.933,0.436208407636828,"CD52"
2.52059172605646e-05,-0.638215369074168,0.619,0.828,0.473921656333136,"IFITM2"
2.52584636869738e-05,0.228010701802678,1,1,0.474909634242481,"RPL12"
2.5434821479808e-05,-0.884797910607989,0.273,0.475,0.47822551346335,"SH3BGRL"
2.72223991037071e-05,-0.606640162002569,0.58,0.764,0.511835547947901,"OSBPL8"
2.78961867231547e-05,-0.806917705249352,0.392,0.606,0.524504102768754,"VAMP2"
2.87831791756004e-05,-2.63782945693627,0.017,0.131,0.541181334859639,"FCRL6"
2.97546782853029e-05,-1.0462519895956,0.176,0.357,0.559447461120266,"BTN3A2"
3.04912134873158e-05,-0.381850352006551,0.727,0.886,0.573295795988513,"CD2"
3.38455161750284e-05,-0.520704844511086,0.409,0.657,0.636363395122883,"ITM2A"
3.42093019181238e-05,1.21544256538726,0.489,0.343,0.643203294664565,"CD55"
3.48176383997622e-05,0.454079728759508,0.886,0.855,0.654641237192328,"NOP53"
3.48208361290446e-05,0.219707103372685,1,1,0.654701360898297,"RPL11"
3.55445383103659e-05,-0.744895547112976,0.324,0.515,0.6683084093115,"GOLGA4"
3.7841364804116e-05,-1.06642332364334,0.131,0.306,0.71149334104699,"FAM53B"
4.41843366208269e-05,-0.877343801834958,0.182,0.367,0.830753897144788,"PLEK"
4.80239872054886e-05,-0.472693513564862,0.739,0.886,0.902947007437596,"CD3D"
4.96395543632218e-05,0.390646157817186,0.972,0.976,0.933322901137295,"RPL4"
5.17246826078366e-05,-0.415228511045566,0.676,0.828,0.972527482392544,"UBL5"
5.22801916587866e-05,-2.43840820436262,0.011,0.114,0.982972163568506,"EFNA5"
8.56160537726186e-05,-3.60876775523745,0.011,0.108,1,"TRAV41"
0.00300510123625452,-2.95488436514541,0.028,0.101,1,"TRAV27"
0.000353981349270196,-2.91910344737943,0.017,0.104,1,"GPR141"
7.90454220150095e-05,-2.55379069906848,0.023,0.131,1,"TRAV38-2DV8"
7.99716904335822e-05,-2.47240810929505,0.023,0.131,1,"TM4SF19"
0.0078538291401001,-2.37911116987833,0.04,0.108,1,"TRGV7"
0.000268128765118756,-2.31573090036812,0.04,0.145,1,"XAF1"
6.9828576074982e-05,-2.20291350443419,0.034,0.152,1,"ARL17B"
0.00125289738975955,-1.99340139177581,0.034,0.121,1,"ZNF827"
0.000178099331772469,-1.87249141503267,0.068,0.192,1,"LINC00944"
0.00355906216534586,1.85037536063854,0.102,0.037,1,"PRKCH-AS1"
0.00723245293001638,-1.85005499574328,0.034,0.101,1,"MSC"
0.00436759743371609,-1.7747936319939,0.034,0.108,1,"OTUD1"
0.00444939488828177,-1.71780418378604,0.034,0.108,1,"COMMD4"
0.0817595432408294,1.70789348723175,0.136,0.091,1,"LEF1"
0.000501633310190267,-1.70166782049099,0.04,0.141,1,"CEPT1"
0.00385605899950465,1.67492757640047,0.102,0.037,1,"CD44-AS1"
0.031679287988332,1.6582758612138,0.17,0.108,1,"FILIP1L"
0.00225598991549592,-1.65578550417057,0.04,0.125,1,"PYM1"
0.00278397612990067,-1.6300157958271,0.04,0.121,1,"ARMH3"
0.103313674144583,1.62383150723091,0.119,0.077,1,"CEBPD"
0.00525774804597737,-1.62287468242564,0.04,0.114,1,"SPAG1"
0.00303549624576547,-1.59761081528141,0.04,0.121,1,"NHLRC2"
0.00770441463690339,-1.593476392955,0.034,0.101,1,"USP28"
0.00824054764644469,-1.58145736513886,0.034,0.101,1,"RPS6KA1"
0.0177470719712822,1.56318772894746,0.108,0.051,1,"GNA15"
0.00286547815027383,-1.54999815290252,0.051,0.138,1,"DENND1C"
0.000179256940961077,-1.53702897627468,0.045,0.162,1,"TRGV2"
0.00145999965295896,-1.53448616071535,0.028,0.111,1,"KIAA1328"
0.00738638544348071,-1.52960357199726,0.04,0.111,1,"CDADC1"
0.00419728201516579,-1.52127684244935,0.028,0.101,1,"ATP6V0E2"
0.00059057726609409,-1.51965767788272,0.074,0.192,1,"XPR1"
0.00369768661933034,-1.50687310553954,0.051,0.135,1,"ENSG00000274767"
0.00525774264984071,-1.4864661169187,0.04,0.114,1,"VASH1"
0.00382623236853245,-1.47805051804397,0.045,0.128,1,"NHSL2"
0.000972038042058328,-1.45155300625859,0.062,0.165,1,"PTAR1"
0.00665650899387688,-1.44692789581414,0.034,0.104,1,"RABGGTA"
0.00681872219771315,-1.43585607662615,0.062,0.141,1,"ATG4D"
0.0108271298678688,1.42874928189854,0.148,0.077,1,"AIM2"
0.000659424303098118,1.41103792215062,0.125,0.04,1,"NAT10"
0.00639112809857964,-1.40819301238032,0.034,0.104,1,"PPP1R12B"
0.000910282627785527,-1.40647325091231,0.051,0.155,1,"PPM1L"
0.00347875569234869,-1.40108544706874,0.045,0.128,1,"DNAJC13"
0.0126205833357095,1.38496537964323,0.125,0.061,1,"ZDBF2"
0.00185145974415103,-1.38314653182443,0.097,0.209,1,"CADM1"
0.0143473982122392,1.38289071323393,0.153,0.084,1,"RHOB"
0.00831449899946392,-1.37881779246096,0.034,0.101,1,"MAD2L2"
0.00221574086370088,-1.36941776495592,0.04,0.128,1,"B3GAT3"
0.00309102007331799,-1.36562836099819,0.04,0.121,1,"PIGB"
0.140812199517291,1.34965163196617,0.102,0.067,1,"CD8A"
0.0189451122503397,1.33588890788323,0.136,0.074,1,"FLAD1"
0.0155088925863842,-1.32872139744931,0.068,0.138,1,"STXBP5"
0.00223317950041015,-1.32301410965194,0.085,0.185,1,"DPY19L1"
0.0351178995340483,1.32130311960017,0.136,0.081,1,"IRF4"
0.00671681137060918,-1.316441011904,0.034,0.104,1,"GLMP"
0.0236867384683842,-1.3137418036062,0.045,0.104,1,"TTC38"
0.0104072349287653,-1.31158908391589,0.04,0.108,1,"SCRN2"
0.0142154540113465,-1.30575118588008,0.074,0.148,1,"RDX"
0.01159886129704,-1.30134806510402,0.045,0.114,1,"LYN"
0.00251433545364668,-1.29545382767711,0.068,0.165,1,"TPRG1"
0.000786129639524914,-1.2941555261508,0.062,0.172,1,"TPP1"
0.000820374220654964,-1.28559904751316,0.08,0.195,1,"MTSS1"
0.00251433545364668,-1.27957895427349,0.068,0.165,1,"PLEKHM1"
0.00547177205924792,1.2730327972511,0.148,0.071,1,"ENSG00000257732"
0.0013980063818809,-1.27179342002705,0.097,0.212,1,"ADGRG1"
0.000122000149338433,-1.26709834729887,0.08,0.219,1,"SNHG17"
0.010544559634836,-1.26645610723936,0.057,0.131,1,"SSH1"
0.0153396323535423,-1.26313240768379,0.08,0.152,1,"ENSG00000228655"
0.0646800300613013,-1.26286979959155,0.057,0.104,1,"USP46"
0.00309459123666256,-1.24933391083397,0.045,0.131,1,"RTCA"
0.00364773691084267,-1.2407415489572,0.08,0.175,1,"MCTP2"
0.00494047760845661,-1.23680974298869,0.057,0.138,1,"ACTR1B"
0.00142133745445793,-1.23477346040556,0.08,0.189,1,"KMT2B"
0.00111227843750435,-1.2334909823058,0.097,0.215,1,"IQCB1"
0.0103536991538003,-1.2281740488371,0.062,0.138,1,"CGAS"
0.0018104717011894,-1.22666503645115,0.074,0.178,1,"NME7"
0.00474748381055478,1.22353410391359,0.108,0.04,1,"PTMS"
0.0237384614046067,1.22080866052336,0.148,0.088,1,"UTP4"
0.0136465979936202,-1.21898705304603,0.04,0.104,1,"FCF1"
0.00315545759836922,-1.21575120850703,0.08,0.175,1,"CALHM2"
0.000650052200781158,-1.21159566467631,0.051,0.158,1,"HIBADH"
0.0159221815033274,-1.20742504252566,0.051,0.118,1,"TRIOBP"
0.0280771171344743,-1.20459106712911,0.074,0.138,1,"TBCK"
0.000906413530904815,-1.20281869518895,0.034,0.128,1,"NSUN6"
0.318286006632733,1.20227998102378,0.267,0.249,1,"CMSS1"
0.0191361193338893,-1.19542625334164,0.045,0.108,1,"GDPD5"
0.0253273138249733,-1.19388628161981,0.051,0.111,1,"MAN1B1"
0.0139304670780297,1.19198740610039,0.119,0.057,1,"WAC-AS1"
0.00707438539972622,-1.18717123233584,0.097,0.189,1,"LCORL"
0.001593405736618,-1.1855095019672,0.102,0.215,1,"OSBPL7"
0.0013312253844019,-1.18509750430117,0.074,0.185,1,"ENSG00000290922"
0.0363845835194739,1.18470902097271,0.352,0.283,1,"ISG15"
0.00277891067501541,1.18469007498693,0.176,0.084,1,"MYC"
0.0161985570738309,1.18249952123937,0.114,0.054,1,"TRIM21"
0.00686817007538866,-1.17945362030746,0.068,0.155,1,"BBC3"
0.0416885525140614,-1.17598534084477,0.062,0.118,1,"DDX59"
0.0112998232946533,-1.17105726409729,0.045,0.114,1,"TMCC3"
0.00597729468791207,-1.17016732952786,0.08,0.168,1,"REEP4"
0.0171548876523323,-1.16947110303772,0.097,0.175,1,"BCAP29"
0.0244354780036143,1.16677417045956,0.114,0.057,1,"NIPA1"
0.0161071193687662,-1.16633298936133,0.045,0.111,1,"PMPCA"
0.00213885911224156,-1.16236538433026,0.131,0.242,1,"CASK"
0.000543875943536994,1.16007776873314,0.21,0.098,1,"GADD45A"
0.00561969154127178,-1.15428219503512,0.08,0.172,1,"CLN3"
0.0556875340554971,-1.15415358443216,0.051,0.101,1,"JAKMIP2"
0.00733327104247396,-1.15133892354083,0.068,0.152,1,"VAMP3"
0.0480527580808775,1.14903769299691,0.148,0.094,1,"DDX19A"
0.128877416638526,1.14595206826949,0.102,0.067,1,"GRINA"
0.0126976323308462,-1.136853046419,0.057,0.128,1,"ETFB"
0.0229337879989426,1.13618910745166,0.165,0.094,1,"PHLDB3"
0.0115149949379327,-1.13389568934283,0.057,0.128,1,"MCFD2"
0.00276662680508169,1.13105746328521,0.278,0.175,1,"RCAN3"
0.000259187783193823,-1.13010277623728,0.091,0.232,1,"DGKD"
0.00313207891396771,-1.1295349578628,0.125,0.232,1,"KDSR"
0.0118436996956032,-1.12608027973951,0.04,0.108,1,"PNPT1"
0.0188506888573471,1.12503310177606,0.153,0.088,1,"FASTKD2"
0.00979422473488971,1.11939711322287,0.159,0.081,1,"SELL"
0.00464376706074495,-1.11517742506284,0.074,0.165,1,"FAM110A"
0.0151797198625958,1.11509025564514,0.193,0.121,1,"ZCCHC8"
0.00310304837587792,1.11385634970154,0.216,0.118,1,"CDC37L1"
0.000300944161740365,-1.11329427150295,0.119,0.256,1,"ENSG00000291214"
0.0315394989152108,1.11218377617144,0.102,0.051,1,"POLR3B"
0.021035180987142,-1.10995041774939,0.057,0.121,1,"SNRNP48"
0.00940133956944778,-1.10926801679158,0.057,0.135,1,"TOR1B"
0.00985059768848317,-1.10922811421941,0.062,0.141,1,"ATL2"
9.86060789982759e-05,-1.1084734522235,0.278,0.455,1,"GZMA"
0.00836928155129161,-1.10436776092911,0.085,0.172,1,"PRDX3"
0.0428403541513507,1.09944579524854,0.188,0.125,1,"TIGIT"
0.114998134067596,1.09783790948583,0.102,0.064,1,"DUSP18"
0.0226715187964374,1.09692520135979,0.136,0.074,1,"GMPPB"
0.012024510784021,-1.09289817626662,0.045,0.114,1,"RAD9A"
0.00749920294113974,-1.09036528811452,0.074,0.158,1,"AGAP2"
0.0263605910745315,-1.08986232541233,0.051,0.111,1,"BDH2"
0.0106986003556565,-1.08986038186007,0.148,0.246,1,"HIVEP3"
0.0069061306498314,-1.0884750314719,0.068,0.155,1,"ENSG00000269968"
0.0171044995136782,-1.08586332751698,0.051,0.118,1,"UROD"
0.0330663852712755,-1.07858601579789,0.045,0.101,1,"DTNB"
0.0529075916429735,-1.07741674589714,0.068,0.121,1,"EVA1C"
0.0365633249599422,-1.07726041870342,0.051,0.108,1,"MOCS2"
0.0108931109306844,-1.07400390918328,0.074,0.155,1,"ENSG00000291143"
0.00340616828353042,-1.07277938580339,0.057,0.148,1,"LINS1"
0.0151704966469415,-1.07113338179966,0.08,0.158,1,"ENSG00000276241"
0.011315022427247,-1.06882461605069,0.04,0.108,1,"EHMT2"
0.00949409485977617,1.06688600233902,0.233,0.152,1,"IRAG2"
0.0104811647215033,-1.06600594871308,0.068,0.148,1,"ERCC3"
0.0110361593019164,-1.06594953590946,0.068,0.148,1,"PHLDB2"
0.0463771671683476,-1.06505556421508,0.062,0.118,1,"MINDY2"
0.0205874376675619,-1.06375170493611,0.045,0.108,1,"CEP20"
0.00915623240847988,-1.05980838757931,0.045,0.118,1,"PSD4"
0.00223251875808369,-1.05886372715288,0.102,0.212,1,"TRIP11"
0.160500234575104,1.05552177968731,0.148,0.111,1,"CHCHD1"
0.0264281518412371,-1.05444522040716,0.045,0.104,1,"STN1"
0.000282569216377348,-1.05135509521601,0.131,0.279,1,"TRAF3IP3"
0.356868154404739,1.0502328736996,0.176,0.155,1,"HERC5"
0.137067692537006,1.0498013052773,0.102,0.067,1,"MICAL1"
0.0115415781645368,-1.04794669074283,0.057,0.131,1,"DVL3"
0.00202482054041849,-1.04638905544435,0.142,0.269,1,"SSBP2"
0.0229008592735839,-1.04472066460164,0.045,0.108,1,"TMEM242"
0.0708474294033962,1.04311830793391,0.108,0.064,1,"TRAF2"
0.000435243433564807,-1.04192824868459,0.119,0.253,1,"NSMCE2"
0.0611429450341824,-1.03981679492461,0.057,0.108,1,"PBX3"
0.0532153643760305,-1.03906807446835,0.051,0.101,1,"SAMD1"
0.00821354155612801,-1.032942714408,0.068,0.152,1,"PTPN18"
0.0367806658903993,-1.03069290054115,0.08,0.141,1,"FAM222B"
0.0050606204165381,-1.03034103382603,0.08,0.175,1,"LINC02384"
0.181943836859395,1.02989449199086,0.108,0.074,1,"TRGV3"
0.0125507722011035,1.02966048275057,0.193,0.114,1,"RBM48"
0.0559680669051186,-1.02806390939737,0.051,0.101,1,"TANGO6"
0.00173147611784272,-1.02714520798038,0.085,0.195,1,"IRF3"
0.00221690953681236,-1.0235821252576,0.119,0.239,1,"HECTD4"
0.0238375897125792,-1.02082683893478,0.091,0.162,1,"TSHZ1"
0.000245597219430664,-1.01907750558658,0.108,0.253,1,"LONP2"
0.000371628420623614,-1.01762139899334,0.227,0.37,1,"TCF12"
0.00295430311998334,-1.01410394094258,0.085,0.189,1,"CHD9"
0.0101875622412895,-1.01291948179818,0.034,0.101,1,"PWP2"
0.0107616799883715,-1.01156827746209,0.045,0.118,1,"GNL3L"
0.166579052606099,1.01058437804104,0.108,0.074,1,"AFAP1"
0.0190971815773853,-1.00983399045394,0.04,0.101,1,"DCAF17"
0.001878056084584,-1.00944433604239,0.08,0.185,1,"ERO1B"
0.0045928498826115,-1.00768609468637,0.074,0.168,1,"ORC4"
0.0297387387023751,-1.00696820842084,0.097,0.165,1,"GTF2IRD2B"
0.000869526875189247,-1.00635507166413,0.102,0.226,1,"BCAS3"
0.0457861924922406,-1.00573464029277,0.062,0.118,1,"CARNMT1"
0.00127972208193723,-1.00388408988467,0.102,0.226,1,"CBFA2T2"
0.152306384430309,1.00199628835875,0.102,0.067,1,"CPOX"
8.51743376176715e-05,-1.00139150825424,0.256,0.438,1,"CCDC88C"
0.00749820426845403,-1.00095186882387,0.057,0.138,1,"DTWD1"
0.0110365455324084,-0.999424566581774,0.051,0.125,1,"SETBP1"
0.00465888090198394,-0.998933694398369,0.08,0.175,1,"CASP1"
0.0166376177244205,0.995913332448699,0.153,0.084,1,"RPSA2"
0.00758066275049624,-0.994428511441402,0.102,0.192,1,"PARP12"
0.0433212222701622,-0.991833498201206,0.074,0.135,1,"BICD1"
0.00489074706498829,0.989368206695575,0.244,0.145,1,"SESN3"
0.00457702018293579,-0.988580067436387,0.119,0.226,1,"MPHOSPH10"
0.0100057963583092,-0.985606615879248,0.08,0.162,1,"UBP1"
0.00739780730520664,0.985541964951611,0.216,0.128,1,"TUBB2A"
0.00792737225130601,-0.983421288938196,0.045,0.121,1,"TBC1D10B"
0.0498268062961186,-0.983384023489154,0.074,0.131,1,"CENPF"
0.0269577968423944,-0.978149804246587,0.08,0.148,1,"RAB11FIP1"
0.00362897260333038,0.977941981483417,0.312,0.199,1,"CCR7"
0.00615397860792137,-0.976554303025663,0.108,0.205,1,"ARHGEF2"
0.00527893527299628,-0.976267463309912,0.074,0.168,1,"WASHC2C"
0.0374269021853781,0.975943367349012,0.114,0.061,1,"POLR1A"
0.0354877918093348,-0.972947871886523,0.091,0.155,1,"PTPN12"
0.00926403277974444,-0.972438062626255,0.091,0.178,1,"BID"
0.00391483735779462,-0.971301312640247,0.085,0.185,1,"TMEM250"
0.00337719862067052,-0.968461166537488,0.057,0.145,1,"LINC00963"
0.0286867867554267,-0.967283181063172,0.045,0.104,1,"TRPT1"
0.000229791368534684,-0.967145536575958,0.159,0.313,1,"DIP2A"
0.0574572334958881,-0.966910011524268,0.068,0.121,1,"THAP1"
0.0642160080011948,-0.9668938060521,0.068,0.121,1,"APTX"
0.0477674483600105,-0.965851457378556,0.051,0.104,1,"LIN7C"
0.00499071271674648,-0.964074589838178,0.04,0.118,1,"PTPA"
0.0482562513751899,-0.963143321962271,0.051,0.104,1,"CISH"
0.0411951809549747,-0.962060070080826,0.068,0.128,1,"HIBCH"
0.00584854626766137,-0.960587413831302,0.125,0.229,1,"PPP1R7"
0.0405873621219868,0.959557408915287,0.25,0.189,1,"DUSP4"
0.0695809174061761,-0.959104228986933,0.057,0.108,1,"NETO2"
0.0118807585986974,0.957057314622679,0.222,0.145,1,"SDR39U1"
0.0255396249518208,-0.956868494967476,0.068,0.135,1,"PAPSS1"
0.134787313081305,0.956638551498677,0.153,0.111,1,"CDR2"
0.0103712574032873,-0.956625253188979,0.051,0.125,1,"IL5RA"
0.0389444543982821,-0.956103551493397,0.085,0.148,1,"ZER1"
0.0448146489560982,0.955376280531015,0.17,0.111,1,"TMEM126B"
0.0241215268581365,-0.954475461706563,0.051,0.114,1,"CERS5"
0.0386767309178253,-0.953890216599245,0.068,0.131,1,"SPATA5"
0.0165747031002931,-0.952569930610326,0.108,0.189,1,"DLEU1"
0.110783327085034,0.951334186599655,0.108,0.067,1,"PASK"
0.000756796290513967,-0.948002166563665,0.205,0.354,1,"SPON2"
0.137777455265181,-0.947038734252158,0.074,0.114,1,"ANKRD36B"
0.00427515031301338,-0.946499141906675,0.114,0.219,1,"MTMR3"
0.0122140913325316,-0.945384892211891,0.074,0.152,1,"ZNF33B"
0.0255818842870634,-0.943816230937545,0.068,0.135,1,"ZNF224"
0.00831024995623309,-0.943122982741161,0.102,0.195,1,"SETD1B"
0.0120432137158792,0.942988825966097,0.199,0.118,1,"MANBA"
0.0310308044695293,-0.941755798397738,0.057,0.118,1,"PHF2"
0.0132363310588776,-0.938669475197292,0.068,0.145,1,"DCUN1D5"
0.328729544713382,0.936345709736558,0.114,0.091,1,"FABP5"
0.000124451419263394,-0.93421785264124,0.17,0.347,1,"CTSD"
0.0557925783954452,-0.934033497787818,0.068,0.125,1,"ROCK2"
0.00342023967367225,-0.933232929680526,0.068,0.165,1,"ATXN7L3B"
0.0126824736447536,-0.933192145040879,0.08,0.162,1,"FZR1"
0.0465813545443062,0.932818323634844,0.102,0.054,1,"H2BC12"
0.0469620265635595,-0.931240929124971,0.051,0.104,1,"KCTD5"
0.110271223483673,-0.929215204323293,0.091,0.138,1,"DTNBP1"
0.0734748587882027,0.927214988388275,0.136,0.088,1,"BAG4"
0.00123830604179319,-0.925780671904611,0.097,0.219,1,"TXN2"
0.0149096331569167,-0.924936079691392,0.091,0.172,1,"IFT52"
0.153476842726087,-0.924814390438212,0.068,0.108,1,"ENSG00000283674"
0.00231594236979539,-0.924774579756086,0.159,0.279,1,"DNAJC5"
0.00680056887338521,-0.924688774435935,0.091,0.185,1,"LZIC"
0.213731490261253,-0.924254465718434,0.068,0.101,1,"THBS1"
0.00449793482474611,0.924048911516567,0.25,0.152,1,"TESPA1"
0.0819030957232754,0.923524362211462,0.142,0.094,1,"CCDC18-AS1"
0.0254575246467996,-0.922294694656356,0.062,0.128,1,"UNC13D"
0.0210210987397008,0.921618223723327,0.312,0.239,1,"SNHG32"
0.0522891018475934,-0.921171888432354,0.148,0.212,1,"KIAA2026"
0.0973381008581966,-0.92087368847932,0.062,0.108,1,"LAIR1"
0.0175057582352971,-0.920780614826997,0.062,0.135,1,"ABCD3"
0.0532689515937416,0.919768436024705,0.17,0.111,1,"GALNT11"
0.0119724999750876,-0.918697751128703,0.108,0.199,1,"GLMN"
0.085345903282495,-0.912542433223111,0.091,0.141,1,"CNOT9"
0.164501184810256,0.912454949830158,0.102,0.067,1,"ZNF780B"
0.204145180160916,0.912062751365453,0.153,0.121,1,"KLHL7"
0.0334295194221975,-0.911507257083878,0.074,0.138,1,"ARFGEF2"
0.00217672210593868,-0.908396633027335,0.062,0.165,1,"PHPT1"
0.019618291608966,0.908238356340201,0.159,0.091,1,"APEX2"
0.0348920143768664,-0.907382501537497,0.102,0.172,1,"PLXND1"
0.0565836597262335,0.906824453413529,0.222,0.162,1,"PCBP1-AS1"
0.0167468635085866,-0.904389815070684,0.045,0.111,1,"COG6"
0.00616981022728804,-0.903503920062185,0.176,0.296,1,"PAM"
0.000175823178908971,-0.90076649614689,0.705,0.845,1,"NFKBIA"
0.0906173986617991,-0.898433343286757,0.097,0.148,1,"AGPS"
0.184731027867991,0.897012856353853,0.165,0.128,1,"TULP4"
0.00784737961652456,-0.896727996291405,0.131,0.229,1,"DCP1B"
0.00375727603748295,-0.892543924387412,0.045,0.131,1,"SRGAP2C"
0.0546756114078711,-0.890230211588988,0.08,0.135,1,"SPOPL"
0.189889006592315,0.890054526011695,0.102,0.071,1,"BEX4"
0.707484492207836,0.888952525159605,0.119,0.135,1,"IFIH1"
0.01255444650447,-0.885672328658304,0.148,0.242,1,"PNPLA8"
0.0695262502597751,0.883191308203045,0.165,0.111,1,"DENND2D"
0.00787213700094945,-0.882828618979543,0.062,0.145,1,"TNFSF12"
0.0157389905722913,-0.882809744554147,0.102,0.185,1,"APPL2"
0.0193241042673114,-0.881813212830395,0.08,0.155,1,"CRTAP"
0.00748672721265264,-0.880716189204309,0.114,0.212,1,"CARD19"
0.00951951364166199,-0.880023558268832,0.131,0.229,1,"SFT2D2"
0.00121596761571303,-0.878168232185877,0.222,0.354,1,"PTPN4"
0.0724324836318729,0.877289814475777,0.136,0.088,1,"TMUB2"
0.0638557501647823,-0.876823330310019,0.097,0.155,1,"SUCLA2"
0.00604828604369167,-0.876767387416117,0.136,0.242,1,"CFDP1"
0.00157802879036776,-0.874248059601701,0.136,0.266,1,"SEPTIN11"
0.00106949343185307,-0.872974060109324,0.244,0.397,1,"IER5"
0.000517056360393864,-0.872895052492067,0.216,0.374,1,"ADD1"
0.0142396385839926,-0.871279034015279,0.085,0.168,1,"CLASRP"
0.0821799730768387,-0.869179196677132,0.068,0.118,1,"TEX30"
0.0474247376890036,-0.868508597632597,0.085,0.145,1,"PAFAH1B2"
0.115584377639448,0.867874245697825,0.142,0.098,1,"LRRC47"
0.11529309187557,0.865711786293105,0.142,0.098,1,"CCNYL1"
0.0916681514741529,-0.864953124408624,0.057,0.101,1,"NKIRAS2"
0.0776727184778454,-0.863904726662955,0.068,0.121,1,"PLCXD2"
0.0833182821288532,0.863155752946346,0.153,0.101,1,"DCTN5"
0.0516436852272361,-0.86274725253987,0.091,0.152,1,"MRPL15"
0.0309243637288702,-0.861973014341225,0.057,0.118,1,"RPRD1B"
0.00961084612060929,-0.861848523557112,0.085,0.175,1,"WARS1"
0.000308460922116329,-0.861238949748056,0.182,0.34,1,"BCOR"
0.00185027554321782,-0.860529320636676,0.159,0.283,1,"MFNG"
0.0441209187296273,-0.860506226655801,0.057,0.114,1,"TSC22D1"
0.0285414230143189,-0.859942878883466,0.102,0.175,1,"WASHC3"
0.0297868052223226,-0.859759134461306,0.074,0.141,1,"BUD13"
0.0305030593606276,0.859506953278101,0.227,0.158,1,"VEGFB"
0.049666793244838,0.858915085342901,0.125,0.071,1,"MTMR1"
0.0765799839398393,-0.857032174854015,0.08,0.131,1,"ABCB7"
0.266595234020145,0.854996440569361,0.119,0.091,1,"P4HTM"
0.108683799137723,0.854961383497501,0.119,0.077,1,"DNASE2"
0.497208867839249,0.854823776442294,0.381,0.418,1,"KLRB1"
0.044974791133531,-0.853883392739471,0.097,0.165,1,"SIDT1"
0.0415699525201994,-0.852919474431708,0.057,0.114,1,"PALS2"
0.0110365455324084,-0.851236622907377,0.051,0.125,1,"CSTPP1"
0.0142971699132332,-0.850546626206446,0.074,0.152,1,"MRPL55"
0.185310932886232,0.849443702362417,0.119,0.084,1,"TRDMT1"
0.127585290616731,0.84866675559906,0.108,0.071,1,"LZTFL1"
0.0814653429133001,-0.848323696654067,0.062,0.111,1,"ZNF12"
0.00338422480096463,0.847943081051819,0.347,0.236,1,"INSIG1"
0.00842119958752309,-0.847477405719347,0.176,0.273,1,"IFI6"
0.142264714882141,-0.846340228122069,0.068,0.108,1,"ATP10A"
0.0362275044534637,-0.845552232220006,0.045,0.101,1,"LPCAT4"
0.0230632861296037,-0.845053368618893,0.062,0.131,1,"FN3KRP"
0.118925193481198,0.842885184675992,0.165,0.121,1,"SUPT3H"
0.010680921162094,-0.841977438615775,0.176,0.279,1,"SHKBP1"
0.0561453887523426,-0.841750760533922,0.074,0.128,1,"ENSG00000270240"
0.00181829228203486,0.841676647383528,0.648,0.65,1,"SAT1"
0.035463431003434,-0.840057660264858,0.091,0.158,1,"MRPS18A"
0.020439017712486,-0.838190835281238,0.097,0.175,1,"TMEM65"
0.11586426420959,0.837581658946702,0.119,0.077,1,"ABCD4"
0.0017646144289613,-0.836895021322421,0.136,0.273,1,"SMAD7"
0.00366955484672836,-0.834676146348559,0.085,0.189,1,"PPP2R2B"
0.0474438574765504,0.834136016062717,0.102,0.054,1,"PLEKHO2"
0.0588383475935873,-0.83273143087256,0.051,0.101,1,"QTRT1"
0.0177863199766902,-0.832420938056824,0.097,0.178,1,"CX3CR1"
0.0121639339140691,0.8317800658269,0.165,0.088,1,"PRCP"
0.0100461536792943,-0.830586342567971,0.108,0.202,1,"ALDH9A1"
0.0834994944684589,0.830142661572929,0.165,0.111,1,"MLXIP"
0.00190364115535827,-0.829663661883462,0.102,0.222,1,"DIAPH2"
0.011502475844425,-0.829472602927551,0.085,0.172,1,"RRN3"
0.0462721752173864,-0.8290517653434,0.062,0.121,1,"CEP135"
0.0567201523297248,-0.828362604538679,0.091,0.152,1,"TUBGCP2"
0.0271466077009073,-0.828302119076165,0.091,0.162,1,"DELE1"
0.175657457501456,0.828204477427001,0.153,0.219,1,"IFIT2"
0.00131373220999155,-0.828185749312012,0.119,0.249,1,"PARP4"
0.0229945677633429,-0.827450382113869,0.108,0.185,1,"UBL7"
0.0913465558766246,0.827256798865896,0.108,0.064,1,"LEMD2"
0.0319322246979626,-0.827073487536001,0.102,0.175,1,"SCAMP1"
0.00669490769088332,-0.826738791590627,0.17,0.286,1,"BMPR2"
0.0039541860696898,-0.825661689374875,0.068,0.165,1,"CORO1B"
0.0729293336650222,-0.825605744662262,0.057,0.104,1,"METTL15"
0.000507978010035068,-0.825493249767571,0.142,0.293,1,"ARHGAP31"
0.00658818728685739,0.824679937604301,0.324,0.229,1,"MRPL14"
0.0839520975363205,0.824499472310158,0.108,0.064,1,"MTF1"
0.071709285801919,0.824008344317542,0.176,0.121,1,"PPID"
0.013324528718498,-0.823363122358286,0.108,0.195,1,"SBF1"
0.117032824890453,-0.822866881883632,0.08,0.125,1,"WDR75"
0.0502946005160725,0.822743867066834,0.102,0.054,1,"IPO11"
0.00460692402362291,-0.822599744576077,0.131,0.246,1,"PPP1R21"
0.00638123068684585,-0.821116839749524,0.074,0.165,1,"USF2"
0.00498289771496687,-0.819973469660035,0.08,0.172,1,"CKS2"
0.16618550868417,-0.818986856225637,0.097,0.138,1,"WDTC1"
0.0630669357475313,0.818919204108596,0.17,0.118,1,"MFSD12"
0.0192703812359485,-0.818767105827348,0.051,0.118,1,"C8orf33"
0.0013383962343806,-0.817621041343143,0.131,0.256,1,"CLASP2"
0.00061276521331968,-0.817579501959626,0.205,0.36,1,"RO60"
0.0475679089223101,-0.817309166879579,0.097,0.165,1,"DTD1"
0.0231029927677807,-0.816801425615471,0.114,0.195,1,"WWP1"
0.00697345945748701,-0.816531232334713,0.097,0.195,1,"PSTPIP1"
0.00758798357134728,-0.814795793126993,0.085,0.175,1,"PLPP5"
0.0036368366485195,-0.814540038550378,0.142,0.256,1,"CKAP2"
0.000870887972983041,-0.813574329349347,0.205,0.35,1,"CREBRF"
0.0226805568485349,0.813540168784397,0.193,0.121,1,"CD28"
0.0531456001677868,-0.813184154839836,0.062,0.118,1,"RABEP2"
0.221921356894421,0.812708209278217,0.364,0.337,1,"PMAIP1"
0.00146439511996532,-0.811989767755024,0.233,0.391,1,"ENSG00000291073"
0.00482812708554328,-0.811141044453159,0.125,0.239,1,"RAMAC"
0.170215258126379,0.80992374682554,0.131,0.094,1,"SAMD8"
0.0479973503775863,-0.808972475112225,0.074,0.135,1,"VAV3"
0.0644963344344779,-0.808650686759533,0.085,0.145,1,"POLR1F"
0.125694570760205,-0.808577164963345,0.097,0.141,1,"UBR7"
0.0553206683132009,-0.808452073331078,0.125,0.189,1,"MED29"
0.136586439272448,0.808223886259925,0.131,0.091,1,"HACD2"
0.0280066793661889,0.808021524173457,0.17,0.101,1,"KMT2E-AS1"
0.00395177079521923,-0.80648603262053,0.176,0.296,1,"ZNF276"
0.000150382458449935,-0.804262210007316,0.284,0.461,1,"RAPGEF1"
0.0204702875055129,-0.803684361818588,0.074,0.148,1,"CD320"
0.0928757415663318,0.802555806716115,0.216,0.168,1,"SGF29"
0.00137703295007947,0.802214562714879,0.511,0.394,1,"DDIT4"
0.00066608443919044,-0.799991113843076,0.25,0.418,1,"TMX4"
0.0629241728262309,-0.799616526777574,0.085,0.145,1,"SLC39A6"
0.0403729087775897,-0.798149773369558,0.08,0.145,1,"ZNF708"
0.166856211016071,-0.796509278570893,0.108,0.148,1,"KXD1"
0.00867239882819245,-0.796138522136846,0.21,0.313,1,"IL2RB"
0.141212379497886,0.795959807566729,0.148,0.108,1,"ORC2"
0.183818367898792,0.795478504395785,0.108,0.074,1,"ZNF675"
0.0999883175758989,0.794980849867442,0.136,0.091,1,"SCAP"
0.0829678802251232,-0.794804820553213,0.102,0.158,1,"VPS50"
0.225952227027353,0.794477341089775,0.125,0.094,1,"NKD1"
0.0868529722178856,0.793967292143482,0.193,0.145,1,"RPS6KB1"
0.0503895892207957,0.793568287556302,0.29,0.215,1,"RGS2"
0.00252316058931919,-0.7930613909876,0.142,0.269,1,"HMGN3"
0.0178771289352103,-0.792817435758111,0.062,0.135,1,"ARSA"
0.0665480941683964,-0.792155044052128,0.062,0.114,1,"ARMT1"
0.182906988477006,0.791846316152394,0.148,0.111,1,"GOLGA8B"
0.0371220536033642,-0.791813464718825,0.062,0.125,1,"BTRC"
0.0774986550815595,0.790757739756756,0.165,0.114,1,"CHCHD7"
0.123871168778527,-0.790211271584825,0.068,0.111,1,"WDR45B"
0.0485844489489545,-0.789712996949605,0.051,0.104,1,"RAD50"
0.0112774376104718,-0.787355319539568,0.085,0.172,1,"RNASEH2B"
0.0133043357276819,-0.785640231615994,0.125,0.222,1,"PRSS23"
0.144376080327515,0.784365630567393,0.148,0.108,1,"GABPB1-IT1"
0.0827397450921067,0.784254722567408,0.159,0.108,1,"COX19"
0.0656585043041168,-0.783910585430675,0.074,0.128,1,"MIR29B2CHG"
0.0284597680963455,-0.783133456265387,0.102,0.175,1,"CCAR2"
0.0918171404400297,-0.78271836742454,0.068,0.118,1,"NMD3"
0.0165280330920445,-0.782626460247462,0.125,0.212,1,"TASOR"
0.0421396846833736,-0.780875240284682,0.051,0.108,1,"PITRM1"
0.00244046486269754,0.780589026491428,0.307,0.195,1,"SLC39A8"
0.0933685594969812,-0.780448546830429,0.068,0.114,1,"UQCC5"
0.00805943603246354,-0.778834915304554,0.136,0.242,1,"NAXE"
0.0162390436675335,-0.778447848582286,0.097,0.182,1,"EXOC6B"
0.168397170604802,-0.77740181804492,0.074,0.111,1,"JOSD2"
0.105883856339982,-0.774993537920906,0.068,0.114,1,"GAS7"
0.053479516423329,-0.773682543415181,0.062,0.118,1,"LRRC40"
0.00200560960707221,-0.773165725111311,0.33,0.451,1,"VPS13C"
0.00392380154281371,-0.772609367470842,0.097,0.202,1,"RSRC1"
0.150989762917669,-0.772122371305185,0.062,0.101,1,"RELT"
0.0619244223252997,0.771883031066065,0.21,0.152,1,"ADSL"
0.324087372580682,0.771082495899341,0.188,0.162,1,"EIF1AY"
0.0785248078001615,-0.770153832556419,0.074,0.128,1,"UBLCP1"
0.0464432849599283,-0.769897055634875,0.108,0.175,1,"ACOT7"
0.10698761525744,0.769623569563228,0.148,0.101,1,"ABHD13"
0.221433203733226,0.769326902720356,0.21,0.175,1,"RPTOR"
0.00115532332194048,-0.768520038532921,0.188,0.333,1,"KLRG1"
0.603689840815837,0.766059703499407,0.125,0.114,1,"KIAA0513"
0.0384701297957361,-0.765544408705531,0.062,0.125,1,"ZNF398"
0.0119067399285718,-0.764352299219542,0.153,0.253,1,"NUP54"
0.0856828858599797,-0.764333180198933,0.091,0.145,1,"ARHGAP35"
0.0139032995173888,-0.764060043314207,0.188,0.283,1,"TSPAN2"
0.0807303137622446,-0.763852149609309,0.085,0.138,1,"ARFRP1"
0.141647055976718,0.763607715691512,0.119,0.081,1,"POLR3K"
0.150584415314429,-0.76303317817114,0.062,0.101,1,"LEPROT"
0.155718197341707,0.762734934449889,0.102,0.067,1,"TTC9C"
0.0647555677378989,-0.762554167581603,0.091,0.148,1,"NCALD"
0.0600201207804412,-0.762435561059989,0.051,0.101,1,"FBXL15"
0.00803325024293394,0.762056684930766,0.642,0.593,1,"ISG20"
0.0069028937797233,0.762009801365979,0.267,0.168,1,"SNHG1"
0.0140398290080131,-0.760939360097801,0.102,0.189,1,"TRAPPC2L"
0.00337487841526088,-0.760872368074885,0.119,0.222,1,"TOX"
0.105473237893008,-0.760712125429233,0.057,0.101,1,"RNF121"
0.269364851486161,0.760410738742824,0.142,0.114,1,"AKR7A2"
0.0516644575875964,-0.760199835993022,0.062,0.118,1,"TOGARAM1"
0.169195606222544,0.760143800962471,0.148,0.108,1,"ECE1"
0.00438096116882732,-0.759348199329326,0.17,0.293,1,"TXNRD1"
0.0453344852787815,-0.759050958064017,0.074,0.135,1,"USP32"
0.00142854783718185,-0.758188946817512,0.227,0.374,1,"ZBTB7A"
0.00315463288266907,-0.757946497859551,0.17,0.293,1,"NEK1"
0.0798997241878587,-0.756996350195415,0.119,0.175,1,"N4BP2L1"
0.0966010922927265,-0.756825564330906,0.08,0.128,1,"RIMOC1"
0.0395750694087079,-0.756387176496418,0.108,0.178,1,"TRGC2"
7.40667781238996e-05,-0.754655554788204,0.347,0.535,1,"AKT3"
0.0475272077211217,0.754395793097278,0.142,0.084,1,"HEATR1"
0.0557642283357895,-0.754253822035891,0.102,0.165,1,"SNAP29"
0.140231085269729,0.753663478748834,0.131,0.091,1,"GLA"
0.011857972331984,-0.753129938960377,0.062,0.145,1,"MAP2K7"
0.061086097241137,-0.752612245417475,0.097,0.158,1,"SUSD6"
0.0166456327797809,-0.75244461909175,0.125,0.212,1,"SHPRH"
0.00426665603119942,-0.75209503363548,0.284,0.414,1,"GIMAP4"
0.0333308735579535,-0.751080588818479,0.153,0.232,1,"TMC8"
0.0189321072448042,-0.750695801115059,0.119,0.205,1,"ATXN7L1"
0.0759143892070027,0.750524044532915,0.261,0.209,1,"PERP"
0.0718840450427777,-0.750080143307088,0.062,0.114,1,"FBXO38"
0.422497628593787,0.749360120930661,0.119,0.101,1,"GPAT4"
0.0224651664143845,-0.748895896108457,0.21,0.303,1,"ARID1A"
0.00269169204544559,-0.748745763219274,0.182,0.316,1,"NDUFB7"
0.0201484439633136,-0.74856078466676,0.08,0.155,1,"DCK"
0.0736081254975479,-0.747353640551186,0.074,0.128,1,"UCKL1"
0.126564947905425,-0.747222466584255,0.068,0.111,1,"GALK2"
0.000261801726965314,-0.745761543972502,0.307,0.481,1,"MXRA7"
0.10773293068935,-0.745760597638629,0.125,0.178,1,"R3HDM1"
0.141515329548722,-0.745066086032383,0.068,0.108,1,"TULP3"
0.00478473260197837,-0.744180851109047,0.091,0.192,1,"RAB4A"
0.0123964112570753,-0.743823972560685,0.188,0.286,1,"PRKCB"
0.0198067161702142,0.742920840766429,0.216,0.138,1,"MT1F"
0.0490607984255919,-0.74281691797016,0.091,0.155,1,"RXRB"
0.0047905557704173,-0.742682714579532,0.125,0.239,1,"ZNF335"
0.0778652208067235,-0.742106714400311,0.085,0.138,1,"ARHGAP10"
0.0580697067446519,0.742023794451107,0.199,0.138,1,"SOAT1"
0.704767093691764,0.741655461847848,0.597,0.704,1,"OASL"
0.0141528383040511,-0.741602229540994,0.136,0.236,1,"PRORP"
0.0033803498482196,-0.740411255233085,0.131,0.249,1,"TMEM167A"
0.261806417103469,0.739965110238127,0.131,0.101,1,"NR2C1"
0.0193857813220386,-0.739048784828061,0.045,0.111,1,"ING5"
0.0926961536732511,-0.738170052197499,0.085,0.138,1,"CPB2-AS1"
0.00227442009937272,0.738127816201514,0.273,0.158,1,"ABCG1"
0.00487469984749819,-0.737978114294918,0.193,0.316,1,"OGFR"
0.0287413368637309,-0.736704843426601,0.062,0.128,1,"EDEM2"
0.0374665682619316,-0.736579251737354,0.091,0.162,1,"ENSG00000290192"
0.0675430656122584,-0.736449887094707,0.125,0.189,1,"ACSL1"
0.253658500618044,0.736349732271193,0.102,0.074,1,"BCL2L13"
0.00195790059753377,-0.73622411526478,0.114,0.236,1,"MED14"
0.0144120297292664,-0.735993041739061,0.108,0.195,1,"VMA21"
0.100255203672677,-0.734954573822737,0.08,0.128,1,"KRBOX5"
0.0519707145716298,-0.734047029053523,0.051,0.104,1,"ST8SIA1"
0.0189712078255372,-0.733956883446743,0.182,0.276,1,"NR1D2"
0.0271999177513307,-0.733871216615697,0.119,0.202,1,"FLOT1"
0.0514541553864384,-0.73157574153713,0.097,0.162,1,"PHF23"
0.10331836435525,-0.731297586923384,0.057,0.101,1,"ANKRD54"
0.171022089207918,0.730710956568504,0.131,0.094,1,"NHEJ1"
0.0311963119721121,-0.730545462322513,0.159,0.239,1,"VAMP5"
0.0689414152004663,-0.730244815594691,0.068,0.121,1,"BORCS8"
0.0329100752970023,-0.729531185103832,0.068,0.135,1,"ACAA2"
0.00550455320202514,-0.728704047190447,0.119,0.226,1,"POGZ"
0.165179254659158,0.727467364397399,0.114,0.077,1,"TEN1"
0.00433965888400008,-0.72742494351914,0.256,0.38,1,"TRPM7"
0.182185963998965,0.726418668751118,0.119,0.084,1,"TBC1D25"
0.0488386801530579,0.725718511358661,0.108,0.057,1,"FBXO8"
0.00247475197279861,-0.72492734599287,0.182,0.32,1,"TENT2"
0.0217807200093095,-0.724780311839757,0.108,0.195,1,"IFNAR1"
0.0691248290085937,-0.724669640423094,0.102,0.165,1,"UBASH3A"
0.283424389031472,0.723595755152996,0.188,0.158,1,"BSDC1"
0.00124121279752617,-0.723255950765856,0.21,0.354,1,"DCTN3"
0.106763383766495,-0.722815203875437,0.068,0.114,1,"CFAP210"
0.00816660802746828,-0.722601023856239,0.216,0.327,1,"CCDC107"
0.165590025186807,0.722551763133287,0.125,0.088,1,"TAX1BP3"
0.496542960116865,0.721798709285374,0.119,0.101,1,"PNMA1"
0.0763417945757923,-0.720655233942717,0.091,0.148,1,"SLC2A1"
0.0194783339446826,-0.720422759740905,0.142,0.236,1,"ATXN2"
0.0329360891546406,0.720189798926205,0.312,0.246,1,"NANS"
0.000158366847143699,-0.719782378343343,0.256,0.448,1,"PIK3CD"
0.197611823483679,0.718152061119207,0.182,0.141,1,"PKIA"
0.0374763615596644,-0.716840178243709,0.068,0.131,1,"C2CD5"
0.0254633043254794,-0.716327441885107,0.091,0.165,1,"PEX14"
0.00753212049983162,-0.715135120391685,0.131,0.236,1,"DIDO1"
0.015997888032159,-0.715123042199164,0.193,0.293,1,"ASMTL"
0.058935530932971,-0.714942727689336,0.097,0.158,1,"ENSG00000290569"
6.14724863636787e-05,-0.714438031238171,0.375,0.589,1,"PRF1"
0.00678524016208414,-0.714217317930214,0.239,0.36,1,"TMEM14B"
0.000804296236289612,-0.713757357487269,0.205,0.37,1,"ATP8A1"
0.12928269266118,-0.713551762027939,0.08,0.125,1,"RBM28"
0.0254891464496851,-0.713480626760846,0.08,0.152,1,"GXYLT1"
0.101140793789382,-0.712907571917589,0.102,0.155,1,"SLC25A39"
0.00493888898818941,-0.70948060915624,0.131,0.249,1,"ST6GAL1"
0.0485848384106135,0.708588202774153,0.352,0.293,1,"ZHX2"
0.0632970967997918,0.708535249646014,0.295,0.232,1,"RSBN1"
0.0122990443497885,0.708396841795721,0.278,0.185,1,"ECPAS"
0.00473189561974926,-0.707648050658038,0.119,0.232,1,"XYLT1"
0.0615211967072237,-0.70525909793876,0.08,0.138,1,"RAD54L2"
0.00770304787740194,-0.704924490783863,0.142,0.253,1,"PIH1D1"
0.0291391629185109,-0.704842510269162,0.119,0.202,1,"DDRGK1"
0.162796502723365,0.703909781786862,0.205,0.162,1,"PELI1"
0.0849046032613326,-0.7039052458608,0.062,0.111,1,"NBPF19"
0.00657153128844642,-0.703419171165462,0.097,0.195,1,"DDX23"
0.110787785094633,-0.702743565799808,0.091,0.141,1,"GALNT1"
0.0228705138243085,-0.702570630041539,0.091,0.172,1,"HIKESHI"
0.15274842325311,0.702526591406872,0.153,0.111,1,"TPD52L2"
0.00317010120352818,-0.702400001201534,0.205,0.333,1,"TAP2"
0.164454027798232,0.702092028525935,0.193,0.155,1,"SPTLC2"
0.00541369636584305,-0.701731201320561,0.091,0.192,1,"IFI27L2"
0.032345535759966,-0.701167028820527,0.091,0.165,1,"TAF1"
0.168533686478245,0.700932375824157,0.136,0.098,1,"WDR55"
0.103104196734438,-0.700864416168176,0.062,0.108,1,"PPIL3"
0.0702341487218072,-0.699699104735523,0.057,0.108,1,"PLCD1"
0.0535608059701141,-0.699614752411482,0.074,0.135,1,"SLC16A7"
0.0422858342111959,-0.698951749553033,0.114,0.189,1,"UBAP2"
0.000926982044321825,0.698613691146708,0.534,0.438,1,"XBP1"
8.66390880911344e-05,-0.698541458031891,0.199,0.391,1,"NDUFS7"
0.0595905986013256,-0.698104575018039,0.091,0.155,1,"FKBP3"
0.0259038685699923,-0.697408600338186,0.097,0.172,1,"LINC01145"
0.00428410233131859,-0.696809179857682,0.222,0.357,1,"CCM2"
0.0727301822686882,-0.696595789158774,0.085,0.141,1,"ALMS1"
8.14301655670184e-05,0.695928992207381,0.665,0.549,1,"TUBB4B"
0.0041214732761843,-0.695732133773158,0.153,0.273,1,"ACO2"
0.0365063950277464,-0.695571598705373,0.091,0.158,1,"DCAF13"
0.0137142695312621,-0.695402323146089,0.159,0.259,1,"UVRAG"
0.0397028779858767,-0.695226827554102,0.165,0.249,1,"EIF4E3"
0.129855143317444,-0.695027143792089,0.074,0.118,1,"LY75"
0.00357405525520325,-0.69499574431981,0.199,0.327,1,"RALBP1"
0.505211946221519,0.694736255926278,0.108,0.094,1,"VPS39"
0.00216544787361595,-0.694135532770934,0.188,0.323,1,"DDHD1"
0.437797063230274,0.693950962055518,0.102,0.084,1,"ZNF10"
0.127493020289666,-0.693064261613356,0.062,0.104,1,"LIN37"
0.000630419243887864,-0.692780939505947,0.267,0.444,1,"SLFN12L"
0.00186182678932802,-0.692744984016087,0.358,0.495,1,"KANSL1"
0.0209928211826554,-0.691688499788915,0.136,0.229,1,"IDH3G"
0.00147255949996731,-0.691533324916749,0.443,0.576,1,"BCL3"
0.0248411748605071,-0.691103713488557,0.108,0.189,1,"ZNG1E"
0.130258635300603,-0.688380418754978,0.085,0.131,1,"TYW1B"
0.023435638770096,-0.688218177475596,0.165,0.253,1,"SECISBP2"
0.217359164548082,0.687475731615948,0.102,0.071,1,"CASP7"
0.0245322860941168,-0.687364815111887,0.074,0.148,1,"GGA1"
0.0187392491211898,-0.686728542487976,0.222,0.316,1,"GBP5"
0.2677403115708,0.686210671876975,0.119,0.091,1,"RNPEP"
0.0393325848442821,0.686054534504319,0.142,0.081,1,"TRGV10"
0.104556117504488,-0.685705108171767,0.074,0.121,1,"ZNF580"
0.0439019746491949,-0.685464083935832,0.051,0.108,1,"SLX9"
0.124561738444849,0.685355555630184,0.341,0.293,1,"USP36"
0.424057646830928,0.684774245977932,0.159,0.141,1,"TBC1D10A"
0.0520300880930625,-0.6846329255732,0.159,0.232,1,"KIF21B"
0.00268489212843948,-0.68334232562717,0.131,0.253,1,"PLEKHF1"
0.139463403810305,0.682652740844991,0.142,0.098,1,"HS2ST1"
0.0236777815753517,-0.682571692153317,0.148,0.242,1,"ADH5"
0.101456972409159,0.682341114516911,0.227,0.172,1,"PEA15"
0.0288661496135974,-0.681678110656053,0.119,0.202,1,"BTD"
0.047339778550514,-0.681417077627755,0.136,0.212,1,"C1orf52"
0.0611939820910077,0.68133265405774,0.176,0.114,1,"GNB5"
0.00579463371156458,-0.681072132511673,0.318,0.448,1,"GLCCI1"
0.126900983596907,0.680104620580722,0.131,0.088,1,"ZFYVE27"
0.00140816905180294,-0.680103018788839,0.205,0.343,1,"ERLEC1"
0.0190493165208459,-0.679824164481144,0.091,0.175,1,"MTG1"
0.0881751099227181,-0.679741075015866,0.074,0.125,1,"FKBP15"
0.000828659895143822,-0.67930259301052,0.307,0.471,1,"RSF1"
0.0467200538264716,-0.679179122215383,0.074,0.135,1,"TRAPPC12"
0.0571547946400016,-0.678988770024197,0.068,0.125,1,"DENND4B"
0.152210794969587,-0.678159833623603,0.062,0.101,1,"TRAPPC13"
0.000430960832134111,-0.677893661513828,0.375,0.539,1,"C1orf21"
0.0309217091788797,-0.676939585867395,0.131,0.212,1,"NCOR2"
0.104073084614824,0.676800484412194,0.227,0.182,1,"AP3M2"
0.0792909915085413,-0.676653150616995,0.244,0.31,1,"SKI"
0.108887699655191,-0.676304810494354,0.091,0.141,1,"COMMD8"
0.00176674510721151,-0.675177938256853,0.131,0.256,1,"FKBP11"
0.161881303745517,-0.675042868038117,0.102,0.145,1,"MYCBP"
0.0958101811502591,-0.67485234219823,0.108,0.162,1,"IARS2"
0.00484559547800595,-0.674500924737031,0.131,0.242,1,"MEF2A"
0.00206308292847565,-0.674116684692485,0.244,0.394,1,"DPYD"
0.0680139647922723,-0.673680629525393,0.085,0.145,1,"JAK3"
0.0136561851699958,-0.67336967801641,0.119,0.215,1,"HDAC3"
0.0123306979719404,-0.672984665726431,0.267,0.38,1,"MFSD10"
0.0594101566036404,-0.672810027773681,0.091,0.152,1,"KIZ"
0.0127360689202687,-0.6722879545951,0.159,0.263,1,"VPS26A"
0.102488298375863,0.671700474154669,0.17,0.121,1,"SIK1"
0.0683196079585928,0.67116714589985,0.159,0.104,1,"PPIF"
0.0240600011704927,-0.67034506430109,0.08,0.155,1,"PRKAG2"
0.0522602592439266,-0.669987929033899,0.091,0.158,1,"ENC1"
0.0589121406438021,-0.669430124630453,0.165,0.236,1,"AHCTF1"
0.0174089140779686,0.669158937806737,0.46,0.367,1,"GPR183"
0.132246282652139,-0.667818748130881,0.08,0.125,1,"RAP1GAP2"
0.456493702794675,0.667708167934022,0.165,0.152,1,"ENSG00000266049"
0.02548073196134,-0.667515336341388,0.114,0.195,1,"BLOC1S4"
0.0268754922564714,-0.667433572071052,0.051,0.114,1,"BMPR1A"
0.158043525662393,-0.666899181446207,0.08,0.121,1,"DDB2"
0.0016820055249888,-0.665799764412081,0.193,0.337,1,"APOBEC3C"
0.0931040345211827,0.66556692434079,0.392,0.35,1,"TRAT1"
0.0183251621095455,-0.664745278561684,0.142,0.232,1,"CLNS1A"
0.101790775886111,-0.664525116613806,0.108,0.165,1,"KMT5B"
0.120015348585258,0.664523524548325,0.193,0.145,1,"PRCC"
0.155503621568236,-0.664277948137267,0.062,0.101,1,"USF1"
0.0866157897210436,-0.663348166438242,0.097,0.152,1,"ATP6V1C1"
0.237663158819949,-0.66285624640837,0.097,0.131,1,"DYRK1B"
0.00818615783474877,-0.662795194028074,0.205,0.327,1,"UBE2F"
0.00999536088913137,-0.662703564854764,0.182,0.296,1,"DNAJC7"
7.89973666078714e-05,-0.662074549659284,0.312,0.519,1,"ARL6IP4"
0.256771392931493,0.662025782602611,0.108,0.077,1,"HPS5"
0.559832010485145,0.661690645088681,0.244,0.236,1,"TNFRSF4"
0.15387511997243,-0.659432157769762,0.068,0.108,1,"ASCC1"
0.0475716377541512,-0.659363277251055,0.057,0.114,1,"DYNLT2B"
0.0402972804083033,-0.658027706739402,0.068,0.128,1,"GLRX2"
0.00742445037539928,-0.656903703785453,0.182,0.3,1,"CLIC3"
0.118253420612791,-0.656834035420939,0.062,0.104,1,"PHF8"
0.00270464845453277,-0.656762836919144,0.199,0.34,1,"DAZAP1"
0.0355298713893481,-0.65663506783964,0.097,0.168,1,"KMT2D"
0.0129644454515865,-0.656478020814966,0.125,0.222,1,"MADD"
0.00314880770083459,-0.656150078280124,0.25,0.401,1,"TNFRSF25"
0.0663793051676448,-0.655678175928163,0.074,0.131,1,"RNASEH1"
0.217949664189645,-0.655229962587211,0.114,0.148,1,"CCDC57"
0.0377166370530167,-0.655226690512288,0.131,0.205,1,"KIFAP3"
0.0139422278166648,-0.655204241358395,0.057,0.131,1,"PLCL1"
0.0569272292671888,-0.655173026806728,0.119,0.189,1,"STOML2"
0.0870304825325914,-0.654737551171595,0.057,0.104,1,"MAN2B2"
0.0687769846092073,0.654633866378195,0.136,0.084,1,"FXR2"
0.0206930074658423,-0.654512500994883,0.25,0.357,1,"INPP5D"
0.00479543382835444,-0.653929290524988,0.256,0.387,1,"COG5"
0.00031943464312147,-0.653910044927806,0.045,0.155,1,"CCL4L2"
0.000850220501196115,-0.653664392739504,0.165,0.316,1,"SIPA1"
0.00439539546723292,-0.653493584764743,0.057,0.141,1,"FRY"
0.0190795148253588,-0.653437177038768,0.108,0.195,1,"USP48"
0.0471357953780982,0.653356940281542,0.119,0.067,1,"SYNJ2"
0.00142201631677727,-0.653221204167516,0.324,0.488,1,"SNHG5"
0.114285483832887,0.65319042601012,0.159,0.111,1,"GGA3"
0.218045229490583,0.653144957285125,0.432,0.411,1,"H1-4"
0.0201513915836408,-0.652712906980701,0.261,0.374,1,"ARID1B"
0.0294602641005206,0.652218862824351,0.176,0.108,1,"FAAH2"
0.355911903642965,0.652041520632114,0.102,0.081,1,"PGM2"
0.0178127734876444,-0.652027961500283,0.159,0.256,1,"KLF10"
0.135450072159683,0.651906039514781,0.193,0.141,1,"PELP1"
6.28495800044711e-05,-0.651156974948378,0.369,0.586,1,"SNX3"
0.012614797614116,-0.649313392660406,0.091,0.178,1,"XIAP"
0.0020392199840016,-0.648961388907059,0.358,0.508,1,"BIRC6"
0.128615045777627,-0.648857577497034,0.068,0.111,1,"OSBPL11"
0.174755313318516,-0.648743251587322,0.097,0.138,1,"HEXB"
0.00632460180085833,-0.64866686051346,0.25,0.374,1,"RNF38"
0.339211929709522,0.648406456756274,0.136,0.111,1,"DNAJB12"
0.0132137917588303,-0.648273431064399,0.085,0.172,1,"BAD"
0.153109015353591,-0.648061285844737,0.08,0.121,1,"KANSL3"
0.0559895916117113,-0.647972550145119,0.153,0.222,1,"KBTBD2"
0.0667593817701034,-0.64795602900708,0.074,0.131,1,"ZFP90"
0.0465390630584768,-0.647864985319835,0.114,0.185,1,"PFDN4"
0.00337264220784903,-0.647803668877023,0.239,0.374,1,"GATAD2B"
0.013591165798381,-0.647647118467724,0.148,0.249,1,"PCNX2"
0.512256785026305,0.647592754622957,0.102,0.088,1,"H2AC25"
0.0435634434374512,0.647342731982322,0.227,0.158,1,"OFD1"
0.066038445337619,-0.64698878595492,0.074,0.128,1,"ZBTB4"
0.176367834014667,0.646934483603335,0.227,0.189,1,"ATF6B"
0.0145933008851159,-0.646213107191187,0.091,0.178,1,"PDE8A"
0.0801776764070464,0.645673322295613,0.307,0.256,1,"GARS1"
0.069427440543677,0.645423355237618,0.244,0.182,1,"NXF1"
0.0359663381021215,-0.644749612703124,0.08,0.148,1,"VPS41"
0.0174757349505217,-0.644591594670728,0.188,0.29,1,"NRDC"
0.0113529742459757,-0.643044397903456,0.119,0.219,1,"GLTP"
0.0422454178537917,-0.643021221883062,0.085,0.152,1,"SRFBP1"
0.277883844785066,0.64285137375163,0.222,0.192,1,"IFRD1"
0.105941865089632,0.642526947064751,0.182,0.131,1,"VEZT"
0.0242915561535911,-0.641961502811936,0.159,0.253,1,"MBD2"
0.0484666209423747,-0.641448350947614,0.097,0.162,1,"SHMT2"
0.00953477568149611,-0.641255946058509,0.239,0.35,1,"PFKFB3"
0.0466878548748946,-0.64119860006942,0.131,0.205,1,"EXOC5"
0.394868232281511,0.640988848814176,0.153,0.131,1,"MRPS30"
0.0269015589995653,-0.640742336662062,0.136,0.226,1,"SDAD1"
0.064814918925931,-0.639961071623873,0.193,0.266,1,"GTF3C1"
0.0255622788294555,-0.639771793561915,0.108,0.185,1,"LACTB"
0.321882298573722,0.639720703318297,0.188,0.158,1,"TRIM24"
0.00072208046797229,-0.639637314839053,0.426,0.566,1,"THEMIS"
0.413476440574508,0.638743028995129,0.136,0.114,1,"HSPBP1"
0.0902180972002654,-0.638494100041002,0.295,0.354,1,"ENSG00000235979"
0.0523747046506412,-0.63728881794755,0.119,0.192,1,"CLSTN1"
0.104839556932352,-0.636763153144176,0.08,0.128,1,"ENSG00000290832"
0.0153567267012033,-0.636751753309618,0.159,0.263,1,"RAB29"
0.0232257323007224,-0.636529642583625,0.193,0.286,1,"HOPX"
0.0128154779580123,-0.636178883868324,0.045,0.114,1,"IRF2BP1"
0.0817468555184739,-0.635850042338634,0.097,0.155,1,"PXK"
0.186542837336839,-0.635162734692595,0.068,0.104,1,"SEL1L3"
0.0897671783021992,-0.635140649674107,0.074,0.125,1,"STAT2"
0.0226091846672003,-0.634901910578209,0.108,0.192,1,"ADCY7"
0.000504326101218188,-0.634802280000799,0.25,0.411,1,"MAP2K2"
0.02015087292822,-0.633136838603092,0.142,0.232,1,"GFUS"
0.0852968559836743,-0.632786720938787,0.068,0.118,1,"FHOD1"
0.435953511317002,0.632321390086801,0.108,0.091,1,"COG1"
0.104630063161219,-0.631817750880338,0.119,0.172,1,"FCHSD2"
0.10078100270477,0.631811551719955,0.153,0.104,1,"CEP83"
8.35775346734853e-05,0.630034464154354,0.727,0.616,1,"TUBA4A"
0.298198094359654,0.629810784375076,0.114,0.088,1,"SDCCAG8"
0.000666801985595242,-0.629802111780973,0.284,0.461,1,"CCNDBP1"
0.000670939594365518,0.629789080478893,0.744,0.69,1,"TRBC2"
0.112771296159967,0.629416249140112,0.165,0.242,1,"FOS"
0.00731781789230809,-0.629055416842631,0.239,0.367,1,"TRIM22"
0.227006040503036,-0.628892269299631,0.068,0.101,1,"PIAS4"
0.0828871021956915,-0.627219288826288,0.119,0.178,1,"SEC22A"
0.286022394732028,0.626281584741734,0.108,0.081,1,"SLC26A11"
0.0853161946053709,-0.626121726931741,0.108,0.165,1,"ZNF654"
0.0371736237469121,-0.625585168421191,0.102,0.175,1,"GET4"
0.104041809915314,0.625568606115978,0.182,0.125,1,"ZDHHC5"
0.0417867415355093,-0.624984699669394,0.125,0.202,1,"PTRHD1"
0.0154845672880108,-0.624565093842299,0.131,0.226,1,"GOLGA8A"
0.353717517018705,0.624074007592529,0.108,0.084,1,"KLF16"
0.107056430044873,-0.623631209628276,0.108,0.162,1,"ATE1"
0.206252479477968,-0.623326150141721,0.108,0.148,1,"CAAP1"
0.473501477752906,0.62324741098688,0.159,0.145,1,"COA3"
0.192167272767435,0.622918149495521,0.17,0.131,1,"HPCAL1"
0.0609131626201913,-0.622689051669375,0.233,0.306,1,"ATOSA"
0.0870443427872293,0.62236939766203,0.199,0.145,1,"HCFC1R1"
0.131221715839813,-0.621655320733598,0.085,0.131,1,"KATNA1"
0.00735757692294346,-0.621338168267557,0.17,0.286,1,"KDM4C"
0.0470955125245542,-0.620950174893218,0.125,0.199,1,"CCDC115"
0.454188663026808,0.620902394759313,0.119,0.101,1,"TBC1D22B"
0.0168609833181466,-0.620544262008856,0.165,0.266,1,"HSD17B11"
0.214772384308993,-0.620218440854938,0.068,0.101,1,"TEFM"
0.0620341162513522,-0.619838122728431,0.062,0.118,1,"AKAP13-AS1"
0.00456268864334708,-0.619522511728405,0.216,0.347,1,"RBM5"
0.0648146577711057,-0.619458119955941,0.097,0.158,1,"AAGAB"
0.0601692831115024,0.618966976314573,0.25,0.185,1,"SNHG12"
0.0817915358999217,-0.618903340996551,0.08,0.131,1,"C15orf61"
0.0609919987901468,-0.618691337651133,0.142,0.209,1,"FTO"
0.00250745638703531,-0.618468038474462,0.409,0.559,1,"PRMT2"
0.0279577506798785,-0.618253346241017,0.068,0.138,1,"NXPH4"
0.04547229194548,-0.617903611234048,0.108,0.178,1,"TANC2"
0.0547341357453605,-0.61763087340954,0.125,0.195,1,"VPS26B"
0.11015527033645,-0.617317142734737,0.074,0.121,1,"SETDB1"
0.0462158576443145,-0.617218578492752,0.102,0.172,1,"NUP210"
0.112321629981293,-0.617021921927959,0.102,0.155,1,"VRK2"
0.0422623327874287,-0.616428912472512,0.159,0.236,1,"MTFP1"
0.107945081998711,-0.615968799725464,0.068,0.114,1,"PLEKHF2"
0.170759916450966,0.615217316420011,0.165,0.121,1,"KLHL18"
0.164252785450324,-0.615082502012196,0.085,0.128,1,"BCKDHA"
0.0744861932048294,-0.614510729150708,0.136,0.205,1,"NAA38"
0.154048703631932,-0.614338708758378,0.08,0.121,1,"ENSG00000291117"
0.00050957580748943,0.614156171151045,0.705,0.64,1,"CREM"
0.184178245161522,0.61399560135691,0.17,0.131,1,"MAP1S"
0.0162303641998592,0.613744376498724,0.432,0.33,1,"TRBC1"
0.0127365987332282,-0.613589190997453,0.176,0.276,1,"FNDC3B"
0.0833144103821694,0.613575809219395,0.25,0.185,1,"MPZL3"
0.176694247527266,0.613538331652856,0.159,0.114,1,"TRBV5-1"
0.349433236428326,0.61318711528833,0.108,0.084,1,"TSFM"
0.199864465836123,-0.612965414786148,0.074,0.111,1,"PARN"
0.118698041075304,0.612618074658954,0.188,0.138,1,"NUP133"
0.00036443984552273,-0.612046281116212,0.443,0.616,1,"PPP1R16B"
0.300631188318762,-0.611896423738056,0.091,0.125,1,"SLAMF7"
0.301927480527514,0.611557664524822,0.256,0.226,1,"H1-3"
0.574720435161552,0.610536828399195,0.108,0.098,1,"BRD3"
0.0429873199684566,0.609898101368752,0.284,0.212,1,"RIC8A"
0.0373598815950548,0.609781665512256,0.273,0.199,1,"TMEM50B"
0.0137122122477907,-0.609777498453496,0.193,0.296,1,"EPRS1"
0.0426350545949819,-0.608448558552496,0.17,0.256,1,"COMMD3"
0.088262136772423,-0.608267604771812,0.131,0.192,1,"COA8"
0.302454395031816,0.608191032714566,0.153,0.121,1,"SLC30A1"
0.247648525053398,0.607969565731991,0.125,0.094,1,"DROSHA"
0.171692599876428,0.60780440945074,0.29,0.249,1,"TSPYL2"
0.186057742528909,0.607758907517495,0.17,0.131,1,"NPC2"
0.138330965163783,-0.607554105181512,0.08,0.125,1,"MRPS28"
0.083411036746627,0.607238193179618,0.295,0.236,1,"TIPARP"
0.0815034022377715,-0.607143005425929,0.153,0.215,1,"TSTD1"
0.0181971786173752,-0.607111756519039,0.244,0.37,1,"TAOK3"
0.184226570786668,0.606894640769939,0.114,0.077,1,"TOMM34"
0.144904349281699,0.606893660056045,0.114,0.074,1,"TJAP1"
0.460526943813509,0.606799328921975,0.182,0.165,1,"RPS6KC1"
0.753179390657715,0.60675020164217,0.261,0.269,1,"NEDD9"
0.267869123176185,-0.606564910236224,0.085,0.114,1,"PANK3"
0.214547254341825,0.605726388812582,0.21,0.178,1,"ZC3H12D"
0.255628448490857,0.605613756798138,0.114,0.084,1,"DESI1"
0.0108184013393676,-0.605447134687088,0.324,0.438,1,"SMDT1"
0.619461272835104,0.604886525161525,0.136,0.128,1,"AGO4"
0.000449015308667165,-0.60455270052116,0.33,0.505,1,"MYO1F"
0.4422504287825,0.604425059527975,0.142,0.121,1,"DAAM1"
0.0606292831820716,0.604378056059532,0.273,0.212,1,"BAG3"
0.124677065614388,-0.60387675528481,0.091,0.138,1,"POFUT2"
0.170021047870404,-0.603839876185478,0.091,0.131,1,"PDE12"
0.131376190106994,-0.603780061182642,0.074,0.118,1,"TSEN15"
0.0541106862882346,-0.603450252057851,0.188,0.266,1,"UBXN7"
0.0145063763246744,-0.602904969270046,0.119,0.209,1,"YIPF4"
0.298829032494202,-0.602664026850201,0.097,0.128,1,"MYBL1"
0.226756378796691,-0.602237817440529,0.097,0.131,1,"BLVRA"
0.15959385528226,-0.602228917966502,0.125,0.172,1,"TRIP4"
0.0643871793060247,-0.602219316382762,0.068,0.125,1,"PNKD"
0.140410532564554,-0.601463057579057,0.114,0.162,1,"XPO6"
0.0356970670283265,-0.601367542501715,0.08,0.148,1,"CYBC1"
0.0260088581857513,-0.601056015869022,0.08,0.155,1,"PI4KB"
0.113785217554374,-0.60058081916713,0.102,0.155,1,"G2E3"
0.0874323930612136,-0.600568886099314,0.062,0.111,1,"HACD4"
0.0591492196121043,-0.60047423786027,0.148,0.222,1,"SMG7"
0.219785230874828,0.600272615831583,0.114,0.081,1,"MFN1"
0.0906554734424348,-0.600056556275003,0.091,0.145,1,"VAMP4"
0.00559458279788134,-0.598504318700576,0.125,0.239,1,"OPA1"
0.00542175236250855,-0.598473651522943,0.188,0.313,1,"UBAP1"
0.0621488094981128,-0.59794450454705,0.136,0.205,1,"MOGS"
0.0330088088682524,-0.596821368139138,0.256,0.36,1,"TBL1XR1"
0.347261214310654,-0.596779185432894,0.08,0.104,1,"GALNT7"
0.309318090955297,0.59673889874756,0.131,0.101,1,"GALNT2"
0.0569122873407447,-0.596323438934807,0.091,0.155,1,"VPS13D"
0.123533992302256,-0.596163468926482,0.136,0.192,1,"MLLT6"
0.0895054322833845,-0.595964015199635,0.091,0.145,1,"GNPAT"
0.0769249961675074,-0.595163723450962,0.125,0.189,1,"MTF2"
0.0289340081639208,-0.594143214476842,0.062,0.128,1,"SH3GLB2"
0.322684969065119,0.59355233209149,0.136,0.111,1,"GUSB"
0.156659721804858,0.593399163734432,0.125,0.088,1,"FTSJ3"
0.0555315340939963,-0.593341037832442,0.085,0.145,1,"TRIM23"
0.109164659699214,0.593279744978042,0.148,0.101,1,"SLC25A4"
0.0133241719257848,-0.593265456107614,0.318,0.421,1,"EPS15"
0.00569153671533606,-0.593226187359444,0.205,0.32,1,"MARS1"
0.387747120999243,0.592178174773493,0.216,0.195,1,"IMP4"
0.385628195016951,0.591030481992743,0.153,0.131,1,"SRPRB"
0.0196503124451904,-0.590919398392041,0.08,0.162,1,"ERAP2"
0.00504074458945529,-0.590797587835917,0.119,0.232,1,"TFDP2"
0.161067238773407,0.590681599620988,0.205,0.158,1,"SEC22B"
0.0342892845031629,-0.590114953607329,0.114,0.195,1,"WASHC2A"
0.0747274579356429,-0.589901119252528,0.176,0.242,1,"HYCC2"
0.0793304470947334,0.589742178375841,0.216,0.155,1,"SRSF6"
0.119178415342441,-0.58968314168247,0.119,0.172,1,"ARMC10"
0.0168058519665252,0.589214397118676,0.591,0.512,1,"ZC3HAV1"
0.108478012994508,-0.589010523861088,0.125,0.182,1,"PTBP2"
0.145402404596971,-0.588742490681019,0.074,0.114,1,"DCTD"
0.00584672476320411,-0.588573260093292,0.114,0.226,1,"PDK3"
0.0146325823208375,-0.588002109998149,0.199,0.306,1,"UHMK1"
0.0513713086817933,-0.587973513598342,0.153,0.229,1,"PFDN1"
0.000442721572265003,-0.587585471056785,0.307,0.481,1,"CDK13"
0.0230811767051375,-0.587196514615041,0.222,0.333,1,"MAF"
0.263430638850596,0.587167798687729,0.131,0.101,1,"DNAJB2"
0.175820936878617,-0.587072326200498,0.108,0.152,1,"TOR1A"
0.0944418882750785,0.587038715558643,0.159,0.108,1,"CDK16"
0.0238319742661752,-0.586724541823923,0.119,0.205,1,"TRIM38"
0.0354531086420019,-0.586653396590383,0.153,0.239,1,"HTATSF1"
0.0524024185089045,-0.586455423789615,0.142,0.212,1,"THAP12"
0.38274203102438,-0.586388394856143,0.159,0.195,1,"CD83"
0.0503372925193611,-0.585724557852352,0.148,0.222,1,"EPC2"
0.16731363386258,-0.585086066637948,0.074,0.114,1,"NOL10"
0.0995344331942606,0.5850588949808,0.244,0.189,1,"PRXL2C"
0.0702071532008898,0.585010639586664,0.398,0.343,1,"CNN2"
0.109862486936431,-0.584828960932234,0.074,0.121,1,"NUP88"
0.0735165380444511,-0.584712152295634,0.142,0.212,1,"RCSD1"
0.158229207349224,0.584266962337918,0.125,0.084,1,"SNED1"
0.0886606317842522,0.584152105000492,0.205,0.148,1,"TARDBP"
0.215828709616867,0.583764861732794,0.267,0.229,1,"PBDC1"
0.165769843205478,-0.583557156411434,0.068,0.108,1,"ACAT2"
0.0294506783567934,-0.583325960510785,0.131,0.215,1,"SGMS1"
0.134789023618532,-0.583137403654095,0.216,0.283,1,"NFKBIZ"
0.136495472135171,-0.582786298547375,0.114,0.165,1,"ASCC2"
0.338198612006474,-0.582461190710492,0.08,0.108,1,"LINC02328"
0.299457291800759,0.582258608985961,0.114,0.088,1,"XPO7"
0.0693804564339046,-0.581793385841066,0.068,0.125,1,"PEX11B"
0.0222652179101316,0.581360035722284,0.415,0.354,1,"GPCPD1"
0.0260698307235397,-0.581318269342571,0.102,0.182,1,"ZBP1"
0.110210847385825,-0.581015431986798,0.057,0.101,1,"RBM15"
0.150028263877811,0.580622971323323,0.148,0.104,1,"ALG2"
0.156524089759081,-0.580559573240795,0.108,0.155,1,"LARP7"
0.0115079837169496,-0.580504958092805,0.17,0.279,1,"SEL1L"
0.299457291800759,-0.580448725823783,0.08,0.108,1,"C6orf47"
0.0343509702110034,-0.580307116119637,0.17,0.256,1,"POLD4"
0.000991871862010097,-0.57922308999328,0.307,0.475,1,"PDS5A"
0.0662009783361676,-0.579207776675711,0.114,0.178,1,"MARCHF9"
0.382219107603258,0.579143006496244,0.102,0.081,1,"PRDM4"
0.186211007862215,-0.578947829948741,0.074,0.111,1,"REXO1"
0.316149401852893,-0.578760803648736,0.08,0.108,1,"DENND6A"
0.119809331915968,-0.578624496902964,0.091,0.141,1,"NPEPPSP1"
0.00307717657560692,-0.578592561028392,0.176,0.303,1,"FBXW5"
0.118651127149413,-0.577992146387733,0.091,0.141,1,"NDUFAF6"
0.1503545010088,0.577958816669443,0.216,0.175,1,"MIDEAS"
0.00362259109374355,-0.577806810286101,0.324,0.465,1,"MAP2K3"
0.132568818475156,-0.577153689134198,0.074,0.118,1,"ATXN1L"
0.0830992774554861,-0.576202030248157,0.085,0.141,1,"TAF6"
0.163109820200689,-0.575779921048652,0.062,0.101,1,"MSH3"
0.0941688700317897,-0.573789154982294,0.074,0.125,1,"TMEM203"
0.102028766749466,-0.573052540678331,0.108,0.162,1,"HTT"
0.0227638240229342,-0.572869606741919,0.284,0.394,1,"REST"
0.0204632688523999,-0.572626543549997,0.08,0.158,1,"PRPSAP1"
0.0518663857480956,-0.572492641639307,0.097,0.165,1,"PDE6D"
0.0193826361795913,-0.572265069182874,0.29,0.391,1,"PIK3R5"
0.0308591198661474,-0.571889623289432,0.222,0.316,1,"MRPL10"
0.00047200396342861,0.571853132181758,0.722,0.636,1,"SELENOK"
0.277805603530969,0.571753732022008,0.102,0.074,1,"ZBTB17"
0.00252819328362321,-0.571749545172387,0.403,0.559,1,"NHERF1"
0.00121473728908245,-0.571654829733484,0.301,0.468,1,"PTBP3"
0.00229186179912835,-0.571454881819903,0.33,0.488,1,"BPTF"
0.124624587036437,-0.571035948689492,0.074,0.121,1,"COMMD9"
0.151949364011862,0.5710267613339,0.227,0.185,1,"NBEAL1"
0.0635851970840858,-0.570667541482347,0.074,0.131,1,"AHCYL2"
0.0459135485551175,-0.570308552024367,0.312,0.391,1,"ARIH2"
0.634635077235145,0.570255308337781,0.188,0.185,1,"SH3BP5"
0.128288285067192,-0.569790415432574,0.108,0.162,1,"DENND10"
0.0958678439626507,-0.56978046696805,0.136,0.192,1,"ENSG00000236449"
0.0933483150789003,-0.5692743185572,0.131,0.192,1,"XPOT"
0.0406971982902611,0.568543220941248,0.466,0.421,1,"MARCKSL1"
0.434851138073604,0.568483208140787,0.125,0.104,1,"ABHD5"
0.00614862983581102,-0.567958299884465,0.489,0.62,1,"RNF213"
0.525681929084258,0.567694317082232,0.102,0.088,1,"CBX5"
0.27511552556365,0.567312584578688,0.176,0.145,1,"BCL6"
0.111786480865673,-0.567228094052417,0.062,0.108,1,"AMMECR1"
0.0404941311490299,-0.567217540873151,0.057,0.118,1,"LINC01943"
0.725955778908676,0.567052874849753,0.114,0.108,1,"IPO8"
0.129544331859146,0.566916832905286,0.46,0.394,1,"BACH2"
0.00473839941330364,-0.566826991859203,0.278,0.421,1,"MRPL54"
0.203203143599965,-0.566775826721885,0.114,0.155,1,"CHP1"
0.111881910236884,-0.566516379237953,0.148,0.205,1,"PHACTR4"
0.237804842886323,0.56617573568972,0.182,0.145,1,"ERCC1"
0.113543303518355,-0.566164686800576,0.114,0.168,1,"CPT1A"
0.0519672789152123,-0.566154044767539,0.114,0.185,1,"NCOA6"
0.0292427894490721,-0.56586847447821,0.165,0.249,1,"TSC22D4"
0.0160556474274688,-0.564658778933184,0.159,0.263,1,"PHAX"
0.128741874501548,-0.564657591602254,0.102,0.152,1,"SMS"
0.0210799338610433,-0.5642396933726,0.153,0.246,1,"DUT"
0.00327174686683757,-0.563934577118096,0.199,0.33,1,"BRWD1"
0.141579148527946,-0.563789137341016,0.148,0.202,1,"NSRP1"
0.0408010716020132,0.563658736295274,0.398,0.34,1,"MORF4L2"
0.165525481640299,-0.563553090493548,0.165,0.219,1,"WHRN"
0.00704746595549898,-0.56332693757001,0.239,0.38,1,"PSMB7"
0.0424625423195324,-0.563232340194321,0.307,0.394,1,"SPN"
0.056428148604811,-0.56322203442337,0.08,0.141,1,"CTC1"
0.120725635661917,-0.563089288934698,0.097,0.148,1,"EXT2"
0.137758751450286,-0.562834334304037,0.119,0.172,1,"CDK2AP1"
0.110171371845835,-0.562311788324291,0.182,0.242,1,"RAB3GAP1"
0.0283593065899686,-0.562160014678602,0.062,0.128,1,"PELO"
0.0591816710904412,0.562032311570238,0.489,0.448,1,"PLK3"
0.0173288335427356,-0.561971185828596,0.148,0.246,1,"CTDSP2"
0.0796561010781365,-0.561749043888262,0.062,0.114,1,"MRPL46"
0.00061086949910893,-0.561643868809761,0.364,0.549,1,"DOCK8"
0.0134676702150985,-0.561501118000035,0.256,0.367,1,"GGNBP2"
0.0229736432902686,-0.56144771623259,0.216,0.32,1,"CDK11A"
0.188880012890699,0.561338813221358,0.193,0.152,1,"RAB5B"
0.0939409840191471,-0.561233206676676,0.136,0.199,1,"MFSD14B"
0.610567901864087,0.560213732919196,0.102,0.091,1,"CREB3L2"
0.0309608545062607,-0.560164018952169,0.114,0.195,1,"MAP3K4"
0.355152957319164,0.559967996506391,0.108,0.084,1,"SLC25A33"
0.0022108168179839,-0.559205058454233,0.318,0.481,1,"LYAR"
0.00808826651062654,-0.55902493507769,0.153,0.263,1,"LDB1"
0.0301966048061313,-0.558814102674317,0.153,0.239,1,"RRAGA"
0.588040563284866,0.558796913488883,0.341,0.343,1,"SP140"
0.203113956262084,-0.558650402432931,0.068,0.104,1,"ENSG00000235978"
0.0009184062431913,-0.558334139047097,0.244,0.418,1,"TRIP12"
0.264303535268926,0.558209847242331,0.114,0.084,1,"SPART"
0.347991522999696,0.558178095484638,0.136,0.111,1,"OSBPL3"
0.049572588369128,-0.558090819263651,0.148,0.222,1,"MYD88"
0.0148859609206924,0.557952582757887,0.267,0.168,1,"SNRPA"
0.0708932550530704,-0.557938668585693,0.193,0.276,1,"PRKACB"
0.0384941594506364,-0.557301344489945,0.097,0.168,1,"PLCG1"
0.0146918600125159,-0.556902651704988,0.21,0.33,1,"CHD6"
0.377094678671114,-0.556586509226535,0.125,0.152,1,"CDC16"
0.113820293096545,-0.556218017979463,0.193,0.256,1,"MRPS18C"
0.0446047746272232,-0.556150546100779,0.102,0.175,1,"KIAA2013"
0.298100218089715,0.555875944802241,0.159,0.131,1,"MPLKIP"
0.284880809179144,0.555599846971442,0.142,0.111,1,"DDX60"
0.174983877890131,-0.555592061726539,0.091,0.135,1,"UBXN2A"
0.568908763858058,0.555327621870861,0.119,0.104,1,"CCDC85C"
0.48842862016528,0.555291017385898,0.256,0.242,1,"TSG101"
0.295758394716882,-0.555290317729735,0.102,0.131,1,"MRPL13"
0.0633189232241799,-0.555121529382893,0.102,0.168,1,"APBA3"
0.0592864720851586,-0.555100924619814,0.108,0.175,1,"SLC1A4"
0.391352961186433,0.555096813047978,0.125,0.104,1,"TCTN3"
0.0279877484153259,-0.554673438765223,0.142,0.229,1,"RPRD2"
0.160015554101171,-0.554426926311591,0.074,0.114,1,"SLC35A4"
0.0670949533610097,-0.554169580070899,0.114,0.182,1,"UBE2V2"
0.46769698832482,0.554152944491551,0.142,0.125,1,"SMIM10L1"
0.825316810048689,0.554126069858712,0.142,0.145,1,"TEDC1"
0.108407748321163,-0.55403837742635,0.074,0.121,1,"STX18"
0.00137066001554657,-0.554003789700029,0.466,0.636,1,"CD58"
0.302134663894421,0.553821552794666,0.205,0.178,1,"GDE1"
0.00358111820111196,-0.553713428422879,0.295,0.448,1,"KIF5B"
0.277562608875829,0.553289932902458,0.176,0.148,1,"GPX1"
0.229456530641979,-0.553198284895352,0.068,0.101,1,"CD151"
0.010449685207557,-0.553081929570361,0.188,0.306,1,"SASH3"
0.033903718192235,-0.553065858087479,0.074,0.138,1,"ZFAND1"
0.113133135957885,-0.552855330391099,0.057,0.101,1,"MRPL48"
0.0252790120757463,-0.552685029299136,0.17,0.266,1,"ARAF"
0.122043036384316,-0.552112103362088,0.062,0.108,1,"PSMG3"
0.628162982198177,0.551995561945311,0.165,0.152,1,"ITPRIP"
0.0153528380233722,-0.551760772716152,0.142,0.246,1,"HSD17B10"
0.0332600598703562,-0.551126428300868,0.256,0.35,1,"TWF2"
0.22679776937428,0.550550623748897,0.125,0.091,1,"DDX19B"
0.221731962965959,-0.550169383300494,0.091,0.128,1,"LARS1"
0.0417117353139197,-0.550099126474627,0.148,0.232,1,"TMEM219"
0.16192661167739,0.550001269559704,0.256,0.212,1,"FASLG"
0.0738963786664937,-0.549694282445828,0.136,0.205,1,"LSM6"
0.000723819200197569,-0.549581475753445,0.25,0.418,1,"DUSP10"
0.0400616587054001,0.549544177507951,0.324,0.256,1,"RASGRP2"
0.00970266843295756,-0.549320949872752,0.472,0.596,1,"TGFBR3"
0.483053493576186,-0.549270492153772,0.102,0.121,1,"ZBTB25"
0.0356266257743255,-0.549157948035438,0.165,0.249,1,"FERMT3"
0.252733276919205,0.548827291491364,0.131,0.101,1,"KDM4B"
0.124861483553236,-0.548177495608579,0.08,0.128,1,"CZIB"
0.0550022182565721,-0.547470819417265,0.051,0.104,1,"ING3"
0.0102330306315309,-0.547343035455642,0.136,0.242,1,"KIDINS220"
0.0839761329093185,0.546972668630296,0.239,0.178,1,"SNX9"
0.0186657174442798,-0.546735192098499,0.114,0.209,1,"MCRS1"
0.00343784512959809,-0.546465117983514,0.375,0.512,1,"PIAS1"
0.229337847197989,-0.546275932998342,0.108,0.148,1,"SLC25A24"
0.162857473381436,-0.545714054939778,0.131,0.178,1,"MTA2"
0.496583868599233,0.545667586575649,0.119,0.104,1,"CDK10"
0.345525102659068,0.545119399311421,0.131,0.108,1,"KDM5D"
0.662428503177241,0.544824050659045,0.102,0.094,1,"TAFAZZIN"
0.0522336772354849,-0.544813979471426,0.17,0.249,1,"WDR70"
0.266100882402253,0.544671382009281,0.136,0.104,1,"LEO1"
0.0925597111242047,0.544618180356501,0.159,0.108,1,"EXOG"
0.000513560359124184,-0.544431844444476,0.528,0.687,1,"JUN"
0.214711638382569,0.544418087088963,0.17,0.131,1,"ATF1"
0.11036639424642,-0.544152138680583,0.097,0.148,1,"UCHL5"
0.0640475245948559,-0.543544282955375,0.222,0.306,1,"EMC6"
0.046791728660223,-0.543544173682871,0.176,0.253,1,"STK40"
0.197929654545795,-0.5434236105943,0.17,0.219,1,"DCAF5"
0.0577981732041173,-0.543204959006131,0.051,0.104,1,"GOLPH3L"
0.013719089668047,-0.543143300788934,0.301,0.421,1,"ELK3"
0.271555947637697,0.542921422867671,0.438,0.391,1,"H1-10"
0.0302271643674367,-0.542563892076333,0.131,0.215,1,"SNX14"
0.074511487894309,-0.542487691288297,0.193,0.269,1,"UBR1"
0.290904368817482,0.542312815575553,0.188,0.158,1,"ZFYVE16"
0.247427669345042,0.542052080298159,0.131,0.098,1,"EID2"
0.180727662562571,-0.541411611267612,0.108,0.152,1,"MGA"
0.0411816803064238,-0.541013380502024,0.142,0.226,1,"GOLT1B"
0.129608001795865,-0.541002243773773,0.153,0.209,1,"BCR"
0.0380480776112294,-0.540888339305604,0.176,0.266,1,"RSU1"
0.0957574353206681,-0.540673855810252,0.068,0.118,1,"MCM3"
0.00327864506326244,-0.540449666070998,0.335,0.492,1,"USP34"
0.0414007668681107,-0.53975311737675,0.142,0.229,1,"DNLZ"
0.135939562961483,-0.539664730931828,0.08,0.125,1,"RCC2"
0.00294933475223601,-0.537842222380011,0.392,0.535,1,"DHRS7"
0.0177867914752132,-0.537617753060031,0.227,0.33,1,"ZBTB38"
0.20310947420289,-0.537608073176236,0.091,0.131,1,"N4BP3"
0.479660650153203,0.537492680349848,0.136,0.118,1,"SLC36A4"
0.191702329682433,0.537211164379105,0.108,0.074,1,"TAGAP-AS1"
0.405425138168146,0.537161717833175,0.188,0.168,1,"KIF3A"
0.105485406690474,-0.537092925556908,0.062,0.108,1,"ATP13A2"
0.0820015379888767,-0.536016799574765,0.102,0.162,1,"LSM2"
0.000206231702212402,-0.535948305003729,0.511,0.71,1,"HLA-F"
0.235351782013438,-0.535796351284867,0.074,0.108,1,"DFFA"
7.05417930394244e-05,0.535479884476809,0.949,0.943,1,"PABPC1"
0.927900855659463,0.534798989747995,0.108,0.108,1,"IFRD2"
0.0303841986208291,-0.534407590958072,0.153,0.239,1,"KLHDC2"
0.404447371690189,0.533875025381019,0.205,0.182,1,"ANK3"
0.217035702991378,-0.533609282897637,0.08,0.114,1,"SLC66A2"
0.135274374365517,0.533555299363722,0.199,0.152,1,"SART1"
0.0469881789505473,-0.533269817794024,0.097,0.165,1,"GALNT3"
0.0311547059224285,-0.532608362849305,0.119,0.202,1,"NOC2L"
0.00285149761297107,-0.532574431501112,0.148,0.273,1,"PHF21A"
0.066445003991984,-0.532337050588289,0.193,0.269,1,"GRK5"
0.00359648792729978,-0.532231652341084,0.29,0.428,1,"TACC1"
0.0508919349174344,-0.532063584960443,0.176,0.259,1,"FNTA"
0.0375440069715182,-0.531934545599287,0.108,0.185,1,"LSG1"
0.164404342163355,-0.531749116315067,0.062,0.101,1,"ZNF75D"
0.171898567397536,-0.531516972414753,0.085,0.128,1,"PPP4R1"
0.357349728143802,-0.531257766275897,0.199,0.232,1,"YY1AP1"
0.172336385279516,-0.530975802873394,0.08,0.121,1,"DCUN1D1"
0.0259207553736285,-0.530767060957701,0.102,0.182,1,"UBE2E1"
0.465090203427162,0.530621342833057,0.136,0.118,1,"C11orf68"
0.141071781334775,-0.530586445353074,0.153,0.212,1,"ZGPAT"
0.0149839880373985,0.530552162282224,0.46,0.387,1,"DNTTIP2"
0.130593412816072,0.530501304160255,0.136,0.091,1,"MAST4"
0.837421895421138,0.53003518831446,0.159,0.162,1,"GCHFR"
0.094102851378514,-0.529885081238665,0.119,0.182,1,"SUCLG2"
0.511720953768259,0.529710143844628,0.205,0.195,1,"TRIM26"
0.049150768208598,-0.528985024071743,0.148,0.226,1,"ATAD2B"
0.0707281399228192,-0.528716348589694,0.08,0.138,1,"CRTC3"
0.0118679705805523,-0.528441437781048,0.193,0.31,1,"NAA20"
0.413919736168754,0.528431025043593,0.119,0.098,1,"PABIR3"
0.341875888767647,0.528398897599753,0.199,0.172,1,"ZNRD2"
0.0129046917352537,-0.528318432354483,0.352,0.458,1,"CASP8"
0.122743589399285,-0.527833788678531,0.091,0.141,1,"MRPL49"
0.312516061871649,0.527777016936448,0.142,0.114,1,"EFL1"
0.0488102244296016,-0.527734452596743,0.153,0.229,1,"STX12"
0.104253192476619,-0.527598770994643,0.136,0.199,1,"ENSG00000286145"
0.539284730275783,0.527545840223639,0.102,0.088,1,"H3C4"
0.0341110681106305,-0.527283679802482,0.131,0.212,1,"TMEM14C"
0.0456729296684974,-0.526527130383861,0.398,0.468,1,"CMIP"
0.148222001862255,-0.526246348151727,0.08,0.125,1,"FBH1"
0.0214523123056003,-0.526157751368193,0.131,0.226,1,"MLX"
0.142780252396053,0.526079170110834,0.159,0.114,1,"PGRMC2"
0.0893898675044806,-0.525736767932387,0.131,0.195,1,"SBDSP1"
0.16728574995097,-0.525573418187164,0.125,0.172,1,"CCDC69"
0.000424584872277081,0.525520675928084,0.631,0.512,1,"TMEM123"
0.226535368644305,-0.525450887484826,0.091,0.128,1,"TRIM56"
0.0818967834477998,-0.524966879910398,0.295,0.37,1,"MGAT1"
0.354074236744449,0.524834588607177,0.188,0.162,1,"RCN2"
0.393727022025915,-0.524834112607416,0.091,0.114,1,"ACTL6A"
0.394868232281511,0.524824932435278,0.153,0.131,1,"IL6ST"
0.0674842811937911,-0.524790610041328,0.068,0.125,1,"PTPN9"
0.289971250132052,-0.524707218170918,0.119,0.152,1,"CLEC16A"
0.103830663410123,-0.52465510897429,0.085,0.135,1,"EXOC8"
0.0102360740789987,0.52433197560071,0.489,0.407,1,"TMBIM1"
0.0767204305618789,-0.524195949730963,0.176,0.249,1,"ARID4A"
0.083655844923163,-0.523641639170537,0.108,0.168,1,"EEF1E1"
0.12229088694809,-0.523393844274313,0.068,0.114,1,"MAPKAPK5-AS1"
0.054121645518636,-0.523189946194371,0.159,0.242,1,"PPP2R3C"
0.00706519288731221,0.522990774554696,0.494,0.418,1,"NDUFA2"
0.167608266554637,-0.522978138208723,0.091,0.135,1,"CMC1"
0.126112539604226,-0.522914712513636,0.193,0.253,1,"NDUFA10"
0.430633345770755,-0.522859843111007,0.153,0.178,1,"CPEB2"
0.0129698855121263,-0.522756993934554,0.301,0.407,1,"MARCHF7"
0.0895602866832903,0.522556238496622,0.375,0.343,1,"CRYBG1"
0.138161303585451,-0.522337466965046,0.068,0.111,1,"POGLUT1"
0.215093368748842,0.522209723508458,0.256,0.209,1,"SERTAD1"
0.213747858268282,0.522192376764028,0.17,0.135,1,"BTG1-DT"
0.666496418488712,0.522088344762076,0.108,0.098,1,"PSME3IP1"
0.0889073458232674,-0.521892588058041,0.085,0.138,1,"FAM199X"
0.00834280582360794,0.521880854866262,0.739,0.71,1,"GAS5"
0.0360860992015677,-0.52171376891238,0.085,0.162,1,"TMX2"
0.211183344956161,0.521516260296894,0.21,0.172,1,"LRRC59"
0.000309667084952488,-0.521281531242087,0.42,0.613,1,"PAXX"
0.431158955114881,0.521274930299889,0.222,0.205,1,"UBA1"
0.100151801280181,-0.521241480052324,0.057,0.101,1,"ENSG00000259589"
0.0323974305637046,-0.521030951972183,0.369,0.478,1,"ZBTB20"
0.0379866581786367,-0.520585636621931,0.21,0.303,1,"NCKAP1L"
0.100502683974504,-0.520582589249649,0.136,0.199,1,"KLHDC4"
0.0484471594066819,-0.520409469304743,0.119,0.192,1,"UIMC1"
0.126915836317644,-0.520342281132737,0.114,0.165,1,"TXLNGY"
0.00262997642202525,0.520298639939427,0.699,0.609,1,"PRDX1"
0.0629036176533709,-0.52027003108132,0.085,0.148,1,"FASTK"
0.0338868657390791,-0.520056495006816,0.25,0.347,1,"ZFAND6"
0.016861115241802,-0.519988429122406,0.25,0.36,1,"TXNL1"
0.153765200927029,-0.519877284303309,0.114,0.162,1,"PSMD3"
0.0038586441461639,-0.51981578835152,0.324,0.492,1,"SYNE1"
0.0374754584696053,-0.519639135304711,0.153,0.239,1,"SYT11"
0.188123976541272,-0.519574875389938,0.102,0.141,1,"NAF1"
0.113975411563854,-0.519510196549564,0.108,0.162,1,"TTC21B"
0.13573153453738,-0.519482273048469,0.097,0.145,1,"STAU2"
0.0544294970734372,0.51938879014689,0.347,0.276,1,"C21orf91"
0.24161362146519,0.519243712960969,0.114,0.084,1,"IFT20"
0.0787490000650283,-0.518816440369846,0.21,0.279,1,"MRTFA"
0.189478043540718,-0.518746831888847,0.091,0.131,1,"PPP1R8"
0.122316914049661,-0.518714414875955,0.153,0.219,1,"INO80"
0.139020230925878,-0.518567290912334,0.08,0.125,1,"MRPS11"
0.241575367507836,-0.517782706839866,0.091,0.125,1,"ASB6"
0.2713881898835,0.517529002763662,0.114,0.084,1,"NAA25"
0.259626444902291,0.517449663119129,0.17,0.135,1,"UTP18"
0.58075377423503,0.516986880878582,0.114,0.101,1,"IFIT5"
0.00919635963817161,-0.516958507651139,0.131,0.239,1,"SIRT7"
0.376005920854005,0.516802150659554,0.108,0.084,1,"SACS"
0.131583683001987,-0.516498194602557,0.102,0.152,1,"KIF20B"
0.243542465536102,-0.515758339699915,0.074,0.108,1,"GPANK1"
0.007357118264651,-0.515610390352073,0.239,0.364,1,"LMBRD1"
0.969516717921753,0.515324169957256,0.205,0.222,1,"VSIR"
0.304681696751007,-0.515046367081489,0.097,0.128,1,"DIS3L2"
0.0409581710559501,-0.514569753969892,0.165,0.253,1,"MIA2"
0.634713201562587,0.514149814597705,0.17,0.165,1,"SLC7A6"
0.00388447391765953,-0.51387755360626,0.358,0.498,1,"TRAPPC10"
0.289906594707515,-0.513706246549394,0.097,0.128,1,"GALNT6"
0.0104765108934066,-0.513598548046017,0.358,0.485,1,"KDM2A"
0.0392417916287356,-0.513437817280988,0.074,0.141,1,"ADAM19"
0.413951738224486,0.512648644278204,0.176,0.152,1,"SDE2"
0.180131949132751,-0.512498944018034,0.068,0.108,1,"CTNNA1"
0.187206049981644,-0.512467034801743,0.159,0.209,1,"BABAM1"
0.0194118839931763,-0.512006368880108,0.227,0.33,1,"DENND4C"
0.0782192315059689,0.511797860127956,0.227,0.165,1,"PAGR1"
0.151183103724592,-0.51178141084896,0.108,0.158,1,"SEC24C"
0.0199286678954049,-0.511768114061393,0.205,0.31,1,"PTPN7"
0.351519002994642,-0.511467034636541,0.085,0.111,1,"ANKFY1"
0.000924363218563837,-0.511443934833002,0.273,0.458,1,"SAMD3"
0.16608022077242,-0.510960774664616,0.074,0.114,1,"MBD6"
0.0853225829182401,-0.510722501072317,0.097,0.155,1,"RAVER1"
0.0114140834499955,-0.510657616032562,0.33,0.448,1,"GRAP2"
0.00812178986005907,-0.510088225080647,0.335,0.458,1,"ZNF292"
0.0426793875860389,-0.509970317189022,0.199,0.29,1,"LARP4B"
0.499889907969306,0.509932670344678,0.102,0.088,1,"ENSG00000284977"
0.000759863641522536,-0.509614304035706,0.744,0.832,1,"LSP1"
0.294192991916393,-0.509414744507475,0.091,0.121,1,"NBPF12"
0.341739576260347,0.509289371673298,0.119,0.094,1,"CHST7"
0.0121986997937965,-0.508949701255301,0.443,0.579,1,"ARAP2"
0.131985065113007,-0.508818832317546,0.097,0.145,1,"SKIC2"
0.270113502008237,-0.508770208248741,0.074,0.104,1,"YIF1B"
0.173232920318216,-0.508603060014083,0.062,0.101,1,"CMTR1"
0.136960566326794,-0.508448823753845,0.08,0.125,1,"RNFT1"
0.370093285191147,0.508406733381403,0.165,0.138,1,"SIRT1"
0.336990117280527,-0.508400348524602,0.074,0.101,1,"SRBD1"
0.043397862181344,-0.508393173501219,0.205,0.293,1,"PDCD5"
0.0189372050147126,-0.508028570755873,0.182,0.283,1,"CCDC186"
0.257635855041344,0.507948959621895,0.148,0.114,1,"NOC4L"
0.0058044813211373,-0.50791111187662,0.205,0.333,1,"RRP7A"
0.348722405776035,0.507906890857242,0.108,0.084,1,"FEM1B"
0.395707323669286,0.507033848675059,0.114,0.091,1,"PCGF1"
0.0302874279081815,-0.506855212463106,0.216,0.316,1,"PRPF6"
0.257888912428866,0.506689371319788,0.148,0.114,1,"ISOC1"
0.00104234154193665,-0.506641053927363,0.722,0.852,1,"MT-ND6"
0.10318457303573,-0.506467310810982,0.119,0.178,1,"SNRNP35"
0.0468683579585807,-0.506070019195135,0.136,0.215,1,"RABL6"
0.039107582598918,-0.505839932489377,0.153,0.242,1,"DLD"
0.254838840959455,-0.505627154589803,0.097,0.131,1,"YTHDF1"
0.324087404421516,0.505546438544451,0.188,0.162,1,"MRPL50"
0.0714448191283231,-0.505466400774503,0.119,0.189,1,"PARP15"
0.224908869531165,-0.505383068843188,0.097,0.135,1,"ZHX1"
0.11954056302875,0.505131037264335,0.227,0.175,1,"CCDC97"
0.0394716724968595,-0.504503648873576,0.148,0.236,1,"ADIPOR2"
0.0136997479505262,0.503970155899835,0.938,0.902,1,"ENSG00000278996"
0.365881025278265,-0.503903563477308,0.091,0.118,1,"AKAP8"
0.8477609774547,0.503854516568192,0.125,0.128,1,"WDR6"
0.0568082913539203,-0.503639564381014,0.222,0.303,1,"METAP2"
0.0856511900287316,-0.503503433807583,0.108,0.172,1,"ACSS1"
0.0898231998718789,-0.503456439403148,0.182,0.256,1,"SLMAP"
0.00185855337371486,-0.503382152609711,0.335,0.488,1,"CD47"
0.416397116565521,0.503305803570334,0.125,0.104,1,"DSE"
0.222559031912416,-0.503273234521199,0.125,0.168,1,"TBK1"
0.00820598013617125,0.503066624248174,0.364,0.249,1,"C14orf119"
0.463988435077955,-0.502923944309994,0.091,0.111,1,"MOSMO"
0.0751089477360559,-0.502488539886002,0.131,0.199,1,"TDP2"
0.285465423598503,0.502143686615449,0.131,0.101,1,"TMEM115"
0.0618178551675554,-0.501852056647366,0.119,0.189,1,"POLK"
0.615282581108375,0.50172064544276,0.136,0.128,1,"NSUN2"
0.00157561895539748,-0.501506715918138,0.398,0.559,1,"NDUFB9"
0.0909920157880274,-0.501449638864333,0.136,0.199,1,"SLC15A4"
0.177053634208527,-0.500749357255116,0.142,0.192,1,"GOLM2"
0.12590181436873,-0.500183804369888,0.193,0.259,1,"CHORDC1"
0.386818850998711,0.500152724568468,0.114,0.091,1,"WDR13"
0.0666987387003518,-0.500139471957265,0.068,0.125,1,"RFXANK"
0.39914115135211,-0.500069670934087,0.08,0.101,1,"SMPD2"
0.295937304799551,0.49972498096877,0.114,0.084,1,"DNAJC10"
0.0672404504197895,-0.499475134249617,0.108,0.175,1,"EIF4EBP1"
0.072598945163794,-0.49942600414919,0.108,0.175,1,"AKT1"
0.48226749751289,0.499287538852248,0.125,0.108,1,"RBMX2"
0.156856769144832,-0.499168853165938,0.148,0.205,1,"SUPT20H"
0.192828889013831,0.49901677932497,0.25,0.209,1,"SATB1"
0.00605183237062175,-0.498776345785802,0.318,0.458,1,"ITSN2"
0.091817174609354,-0.498555923151767,0.068,0.118,1,"FAM98A"
0.122034573497622,-0.498447807413483,0.125,0.182,1,"MAP3K3"
0.0416660090774232,-0.498135889153469,0.244,0.34,1,"CYC1"
0.00424292570259461,-0.49794308625718,0.54,0.684,1,"SP100"
0.00926440563445256,-0.497766884036063,0.324,0.465,1,"IKZF3"
0.701137923031006,0.497722181465894,0.119,0.111,1,"LMNB2"
0.0247704747045952,-0.49751612675714,0.051,0.118,1,"DOK1"
0.061698189226743,-0.497448948245566,0.165,0.242,1,"CEP85L"
0.163790525784838,0.49725823289477,0.29,0.253,1,"XAB2"
0.323669128312953,0.496809915221331,0.125,0.098,1,"C6orf120"
0.0588411086461031,-0.49678241035867,0.312,0.391,1,"ARID2"
0.102663839724486,-0.496757389716424,0.074,0.125,1,"ECI2"
0.26207484780487,-0.496219251113464,0.102,0.138,1,"STX6"
0.0336073782108791,-0.496134201151249,0.233,0.333,1,"LINC01619"
0.0510473743610255,-0.496031877100201,0.108,0.182,1,"NIPSNAP2"
0.0277176340114422,-0.496008412070169,0.273,0.384,1,"TBC1D10C"
0.07118995938831,-0.495938984993912,0.119,0.189,1,"GOPC"
0.173405944911778,0.495830878395426,0.239,0.192,1,"TNFSF14"
0.106234932179817,0.495769953019531,0.438,0.387,1,"TGIF1"
0.139390922440812,0.495502013379259,0.426,0.384,1,"SOCS1"
0.0751210853252057,-0.495455018856516,0.102,0.165,1,"MRPL11"
0.125865733818482,-0.495063060523533,0.074,0.118,1,"SUN1"
0.100088785727583,-0.494576543234115,0.131,0.192,1,"SHARPIN"
0.265936616772379,-0.494451847547865,0.074,0.104,1,"GFOD2"
0.141692153852263,-0.49435843273835,0.074,0.118,1,"FARS2"
0.0717841648903997,-0.494333329280656,0.108,0.172,1,"ERG28"
0.0511254909568763,-0.494026623771168,0.142,0.222,1,"IMMT"
0.0356738595989027,-0.493791678845238,0.222,0.323,1,"SLC6A6"
0.0746160020264993,-0.493497987636229,0.114,0.178,1,"DMXL1"
0.0482558029974808,-0.493360234404813,0.176,0.259,1,"EXOC2"
0.095193168971777,-0.49272903092632,0.142,0.205,1,"EXOSC1"
0.0185156775800423,-0.492052164213804,0.045,0.111,1,"MYO6"
0.065489867529425,-0.491924523613886,0.142,0.212,1,"SLAIN2"
0.017636834216473,-0.491677358383748,0.335,0.438,1,"PUF60"
0.0689461113607959,-0.491284150949905,0.074,0.128,1,"PSMD5"
0.348779504841186,-0.490854253925794,0.085,0.111,1,"MIB1"
0.404248313994592,0.490633240897706,0.199,0.178,1,"ENSG00000291066"
0.0950294086790194,-0.490620054217669,0.176,0.246,1,"PTEN"
0.0679273625273824,-0.49007485724295,0.148,0.219,1,"AFTPH"
0.385387139037666,0.490061224821893,0.307,0.283,1,"HSPA1B"
0.323133014773323,-0.489934912574901,0.074,0.101,1,"GNAQ"
0.125896164729583,-0.489435806278847,0.102,0.155,1,"PLAAT3"
0.214999625262388,-0.489334251747329,0.068,0.104,1,"MLKL"
0.298003266842149,0.489326690276165,0.176,0.145,1,"TMEM71"
0.0794756206476631,-0.489082570898871,0.125,0.189,1,"ELK4"
0.40040694874439,-0.488908579404676,0.159,0.185,1,"HLA-DQB1"
0.0336730441464343,0.48880988972911,0.33,0.236,1,"ARFGAP3"
0.0718784640553932,-0.488659453344125,0.188,0.266,1,"UBA3"
0.119603593133305,-0.48827218902932,0.142,0.202,1,"KPNA3"
0.0385135824884508,-0.488157600592488,0.136,0.219,1,"ULK4"
0.450626625331343,0.488056099727269,0.176,0.158,1,"CDKN2AIP"
0.205029252172102,-0.487704866981577,0.119,0.162,1,"APPBP2"
0.0208625395541855,-0.487298183351983,0.085,0.168,1,"ABTB1"
0.0103164962401414,-0.487221971010182,0.324,0.451,1,"CLASP1"
0.18771034693178,-0.487191589398477,0.097,0.138,1,"LYRM2"
0.276184475250152,0.487187301427438,0.153,0.121,1,"RRAS2"
0.307752768151836,-0.486741514496081,0.102,0.135,1,"FPGS"
0.251466839768632,-0.486506265266294,0.148,0.189,1,"KLHL20"
0.363130133343386,0.486460160028978,0.193,0.168,1,"PUM3"
0.4576850750839,0.486306409001156,0.17,0.152,1,"RRM1"
0.0749183319843613,-0.486195593216924,0.08,0.138,1,"STX10"
0.00114197156032878,-0.486101263915073,0.347,0.529,1,"RASAL3"
0.0306584063500946,0.486081644744694,0.381,0.293,1,"TOMM22"
0.103937464868239,0.485793294914038,0.295,0.246,1,"LMBR1"
0.534357303236433,0.485671270401136,0.125,0.111,1,"PPIE"
0.346053608413492,-0.485641513898155,0.085,0.111,1,"MFSD8"
0.0614083555250442,-0.485535274594281,0.068,0.125,1,"MFSD1"
0.094884902413366,-0.48552800317137,0.352,0.434,1,"HLA-DRB1"
0.00803118735753332,0.485399307117345,0.489,0.414,1,"SOD2"
0.526583293741312,0.485120832610107,0.102,0.088,1,"SNAPC3"
0.198805342961618,-0.485117368581824,0.148,0.192,1,"TSPOAP1-AS1"
0.329000535107614,-0.485080198177313,0.108,0.138,1,"RSPRY1"
0.00181538682106032,-0.485072383976772,0.335,0.502,1,"CACYBP"
0.255481744302584,0.484775181126003,0.193,0.155,1,"FBRSL1"
0.344300174032251,0.48468944092886,0.222,0.199,1,"PHB1"
0.124624165163739,-0.484661401481223,0.131,0.189,1,"SMIM7"
0.193927223887911,0.484540507340085,0.165,0.125,1,"SUGP1"
0.119558059992012,-0.484464625558793,0.125,0.182,1,"ZNF106"
0.339601193770655,-0.484000445515529,0.08,0.104,1,"ENPP4"
0.00204627542803229,-0.483982772279184,0.301,0.488,1,"DPP7"
0.439759935678006,0.483796381368002,0.233,0.215,1,"ZNF394"
0.252227519582229,0.483538125257871,0.244,0.212,1,"WIPI2"
0.0389639375582519,-0.483486885763297,0.273,0.38,1,"SNRPD1"
0.0811583751480593,-0.483278540342649,0.165,0.236,1,"ANKIB1"
0.0298308193522141,-0.483235330951115,0.25,0.347,1,"PURA"
0.0324955566636214,-0.483210182143696,0.131,0.215,1,"SIN3A"
0.221198525216473,0.483037296681957,0.233,0.195,1,"CHCHD10"
0.114379107118163,-0.482711884480719,0.188,0.249,1,"LPP"
0.0159413863202431,-0.482374695806448,0.278,0.407,1,"FBXO7"
0.204158386526537,0.482350930129529,0.301,0.263,1,"ATF4"
0.112595238778401,0.481512837913747,0.375,0.327,1,"KCTD20"
0.122438778791393,-0.481375145859735,0.159,0.215,1,"SMC1A"
0.0440269651771691,-0.481071291728318,0.25,0.34,1,"ATXN2L"
0.0867799733365352,0.480598335408358,0.261,0.199,1,"PRKCA"
0.530320381595217,-0.480270927863782,0.091,0.108,1,"UNC119"
0.0180829507446913,-0.47991830605403,0.335,0.451,1,"OGA"
0.115621600749086,0.479755711819597,0.284,0.222,1,"CD59"
0.253531794847759,-0.479497065081714,0.068,0.101,1,"YJU2"
0.0701847293988785,-0.479488653768715,0.239,0.32,1,"YWHAH"
0.0222263034353441,-0.479450364652886,0.42,0.532,1,"ARPC5L"
0.124441029606276,-0.479241811818839,0.136,0.192,1,"FMR1"
0.0740608026029156,-0.478673783864571,0.199,0.276,1,"POLR2G"
0.65926942335311,0.478613563819137,0.108,0.098,1,"CALU"
0.0887138285511834,-0.478499226888636,0.102,0.162,1,"RIOK1"
0.0856828858599797,-0.477976019279418,0.091,0.145,1,"RFX2"
0.0427425931568695,-0.477950458133542,0.261,0.357,1,"MIDN"
0.126490208922613,-0.477423750168441,0.29,0.35,1,"MOB4"
0.0687478555365925,-0.477194096397723,0.199,0.279,1,"FAM172A"
0.29537425215133,-0.476956140989242,0.091,0.121,1,"C5orf15"
0.0112593193099921,-0.476920104483064,0.176,0.293,1,"ODF2L"
0.0714092043744185,-0.476888305314944,0.068,0.121,1,"RWDD3"
0.310318249489636,-0.476573883084516,0.085,0.114,1,"OXLD1"
0.329553013888033,0.47609299396403,0.29,0.263,1,"PLEC"
0.141332394540567,-0.476006615452071,0.074,0.118,1,"ZNRF1"
0.123820922458124,-0.475919765697773,0.148,0.209,1,"GLRX"
0.215816927479082,-0.475183686017922,0.068,0.101,1,"ZNF92"
0.241141195483109,-0.475152124584473,0.068,0.101,1,"NAGPA"
0.307532555586133,0.475014030680623,0.182,0.152,1,"MGAT2"
0.000307026562527083,-0.475007570167437,0.574,0.734,1,"APOBEC3G"
0.0386095534961402,-0.474741123926671,0.369,0.475,1,"LMAN2"
0.274097152264551,0.474507748255227,0.545,0.532,1,"TUBA1A"
0.0815745814247849,-0.474479757739356,0.278,0.357,1,"RBM6"
0.189588298870402,0.474106802930445,0.307,0.276,1,"TOP2B"
0.25463185035106,-0.473857799666932,0.136,0.175,1,"EIF2AK2"
0.174425681885983,-0.473697992500572,0.21,0.259,1,"GSK3A"
0.0361893484786486,-0.472926832934809,0.153,0.239,1,"PDS5B"
0.074566220510644,-0.472551403970769,0.205,0.286,1,"PHF5A"
0.218257535637724,-0.472247699133216,0.074,0.111,1,"RPL26L1"
0.0263564501946638,-0.472137046288903,0.227,0.337,1,"BBX"
0.705926740386294,0.47203821185719,0.131,0.125,1,"RNF25"
0.0434821512065579,-0.471573300215535,0.097,0.168,1,"SMG1P5"
0.332089477601671,0.471241592929966,0.114,0.088,1,"KIAA1586"
0.0280624891967225,-0.471069925963119,0.148,0.239,1,"CABIN1"
0.055155738887992,-0.47074840194806,0.216,0.306,1,"SSBP3"
0.0896470101295105,-0.470642848499943,0.074,0.128,1,"C7orf50"
0.115126986190833,-0.470327315116797,0.062,0.108,1,"ASH2L"
0.241517545308594,-0.47030185251689,0.131,0.168,1,"SLC52A2"
0.00858745384653816,-0.470266999747799,0.256,0.387,1,"ANKRD17"
0.126568738671562,-0.470159954190745,0.108,0.162,1,"HPS1"
0.356078807280372,0.469987247808493,0.159,0.131,1,"NFATC1"
0.165562735704683,-0.46984110609872,0.102,0.148,1,"CWF19L1"
0.106669458926434,-0.469350223878665,0.114,0.172,1,"SLC16A1"
0.447158651535555,0.469311136371323,0.227,0.219,1,"PEF1"
0.0270197176045393,0.46908706691242,0.625,0.589,1,"STAT3"
0.175599753537035,-0.46905021333006,0.125,0.175,1,"NDUFB5"
0.0897930162512414,-0.46872787424653,0.091,0.148,1,"LPAR6"
0.198748566888718,0.468698470649904,0.188,0.148,1,"PATL1"
0.183440222879303,0.468637764638032,0.352,0.31,1,"PHF20"
0.000667081607627705,-0.46857346762212,0.557,0.737,1,"EIF5A"
0.089363390486991,-0.468327279935315,0.188,0.259,1,"PPP2R5E"
0.451623655977861,0.467777770410309,0.188,0.168,1,"NAA16"
0.0432334442697739,-0.467713021423584,0.216,0.306,1,"UQCRC1"
0.580307148423212,0.467442405759794,0.114,0.101,1,"RRP1"
0.519347022178711,0.467425693900114,0.142,0.125,1,"ZCCHC10"
0.744756730069985,0.466892655672443,0.102,0.094,1,"INTS14"
0.125093339177918,-0.466817754169187,0.08,0.125,1,"TDRD3"
0.210301134824332,-0.466704679205107,0.085,0.125,1,"GLB1"
0.130754251253686,-0.466534055429093,0.097,0.145,1,"MCM9"
0.48545386934868,0.466467468902061,0.165,0.145,1,"C1orf122"
0.344169229896205,0.466273912830406,0.335,0.313,1,"GTF3C6"
0.328125400085702,-0.466235171013902,0.119,0.152,1,"KLHDC10"
0.0787644806629042,-0.466155820272325,0.136,0.199,1,"DPM1"
0.310983861050237,-0.46592912142218,0.074,0.101,1,"YARS2"
0.16497378028295,0.465807909016507,0.301,0.249,1,"RAB9A"
0.0718209718978425,-0.465668283864791,0.125,0.192,1,"YTHDF3"
0.347736749613657,0.465614941875887,0.205,0.178,1,"NCS1"
0.0265504074438414,-0.465611895092623,0.545,0.613,1,"ANKRD44"
0.511018738423612,0.465355673974054,0.131,0.114,1,"CENATAC"
0.00915076487234897,-0.465305833432957,0.398,0.539,1,"DEK"
0.259261377480851,0.465277819844192,0.188,0.148,1,"SOCS3"
0.38472525381287,0.464721843013486,0.148,0.121,1,"UTP11"
0.19814420235355,0.46469734737223,0.278,0.239,1,"AFF1"
0.0522641342662829,-0.46464427741954,0.21,0.296,1,"SMC3"
0.129497500557079,0.464460056929544,0.347,0.3,1,"TMED4"
0.119671308869193,0.464309283820482,0.409,0.37,1,"VPS37B"
0.0379182146573081,-0.464306738601896,0.222,0.323,1,"ITPR1"
0.167888765390669,-0.464002636270074,0.068,0.108,1,"ANAPC13"
0.0549966012171127,-0.463744521947652,0.239,0.323,1,"ST8SIA4"
0.736035137122655,0.463662935267342,0.108,0.104,1,"TPRA1"
0.248603942762385,-0.463442994314798,0.119,0.158,1,"LMO4"
0.00466652938293951,-0.463386659489536,0.58,0.69,1,"TRMT112"
0.264392210258443,0.462880121600478,0.17,0.138,1,"INO80E"
0.0185701258097099,-0.462737739657882,0.193,0.293,1,"EMC3"
0.201337113587952,0.462466325352295,0.108,0.074,1,"H2BC18"
0.1955154123692,0.462122517294297,0.227,0.185,1,"CHMP3"
0.171026527250732,0.46125518472871,0.29,0.246,1,"GNL3"
0.381645077192819,0.460978301274051,0.256,0.229,1,"CDC5L"
0.19884459884189,0.460783356041261,0.216,0.175,1,"SUMF2"
0.119374068809506,0.460782539797471,0.227,0.172,1,"TIMM23"
0.0733494156440267,-0.460738669524381,0.057,0.108,1,"MCTS1"
0.196506322605156,-0.46070696785779,0.068,0.104,1,"CLP1"
0.691832970147213,0.460444283772952,0.148,0.141,1,"LTBP4"
0.0642926315148327,-0.460303189976709,0.307,0.391,1,"PPP1R14B"
0.245585245102891,-0.460272499301574,0.108,0.145,1,"GSDMD"
0.171429649044683,-0.460091554163437,0.097,0.141,1,"SPAST"
0.310024593453375,0.459919778694262,0.148,0.118,1,"BRAP"
0.210607176107774,0.459844189097239,0.159,0.121,1,"PAPOLG"
0.0848993746448116,0.458778844629689,0.489,0.438,1,"SLC38A2"
0.0983214114460504,0.458671321402414,0.199,0.145,1,"SLC5A3"
0.0635951631909624,-0.458662492708787,0.131,0.202,1,"DESI2"
0.150686098326558,-0.458258115632636,0.097,0.145,1,"ECI1"
0.225107011554931,-0.458032588507132,0.119,0.158,1,"TMEM35B"
0.275571962856819,0.457714611924636,0.239,0.202,1,"CRLF3"
0.105912052607942,-0.457345456062254,0.085,0.138,1,"ESS2"
0.151808328862943,-0.456780358554259,0.074,0.114,1,"SAMD9L"
0.0363245676291159,-0.456711585489724,0.159,0.246,1,"PCF11"
0.0343065705900637,-0.456608222800734,0.284,0.387,1,"ITPR2"
0.266439986644894,0.456573617899734,0.244,0.209,1,"UBA6"
0.342638384006369,-0.456470914895549,0.074,0.101,1,"NPHP3"
0.169162697653373,-0.456349547324054,0.097,0.141,1,"STAG3L5P"
0.0152267696121641,-0.456032773674718,0.153,0.256,1,"THEM4"
0.981816713679676,0.456008262117541,0.097,0.101,1,"THADA"
0.0362499335736672,-0.455786431598307,0.381,0.478,1,"PPP3CC"
0.114506447499106,-0.45541609689243,0.08,0.128,1,"TMEM87B"
0.174741985527374,-0.455314216184767,0.119,0.165,1,"TMEM33"
0.0196248123091279,-0.454589813532638,0.352,0.485,1,"AUP1"
0.0233885039652562,-0.454476636383003,0.261,0.374,1,"RAD23B"
0.109039938502815,-0.454383660205031,0.097,0.148,1,"MED26"
0.808629824799748,0.454289642171887,0.142,0.141,1,"ZFAND2A"
0.0681062196420159,-0.453946732602482,0.085,0.145,1,"ITFG2"
0.124034237635858,-0.45391214331454,0.222,0.286,1,"RHBDF2"
0.0247820395366344,-0.453899780267459,0.199,0.3,1,"FAM50A"
0.0635207773219069,-0.453565608014143,0.136,0.212,1,"EXOSC8"
0.148730726683039,-0.452899000550716,0.108,0.158,1,"RARS1"
0.00390060198491298,-0.452522494805924,0.409,0.556,1,"CYRIB"
0.0349747893183889,-0.452491120620234,0.176,0.266,1,"EIF4E2"
0.0856560844290666,-0.452484144839606,0.131,0.195,1,"PDAP1"
0.0213665363737502,-0.452375114569547,0.205,0.31,1,"NDUFB1"
0.148948658921755,-0.45223002676478,0.08,0.125,1,"ENSG00000291203"
0.47028683381158,-0.452100565339598,0.102,0.125,1,"STX17"
0.10516079636036,-0.45175004175365,0.239,0.313,1,"UBE2M"
0.0145624437136641,-0.451587826373297,0.42,0.529,1,"GMFG"
0.0272612720857679,-0.451332197141907,0.21,0.31,1,"EXOC4"
0.179601448580749,-0.451327033712624,0.085,0.128,1,"MRPL19"
0.046058808857796,-0.451259162892121,0.165,0.259,1,"TBC1D5"
0.0244196698596963,-0.45095889134821,0.176,0.276,1,"UBE2Z"
0.277208806333904,-0.450937454911974,0.08,0.111,1,"GGT1"
0.029735810106647,0.450715532203707,0.591,0.549,1,"GLS"
0.0953423811962679,-0.450603355184986,0.159,0.222,1,"MIS18BP1"
0.0607351838121298,0.450529618138565,0.477,0.448,1,"EIF4A3"
0.0454513332986233,-0.450420340378375,0.136,0.219,1,"TMEM183A"
0.128829017837958,0.450400073535129,0.267,0.212,1,"ACD"
0.161816896799946,0.45036567733742,0.284,0.232,1,"RAB5A"
0.968832849911997,0.4502718082803,0.114,0.121,1,"TFCP2"
0.379555246056645,-0.450268554578657,0.114,0.141,1,"LSM12"
0.617970870369954,0.450218989426205,0.108,0.094,1,"TATDN1"
0.12624730682547,-0.449890487124192,0.074,0.121,1,"SYMPK"
0.156271464572122,-0.44984316587252,0.074,0.118,1,"CRELD2"
0.0482037082606425,-0.449788395527936,0.239,0.337,1,"RSBN1L"
0.0247741888563904,-0.449625769340985,0.403,0.498,1,"ANXA11"
8.31997540359646e-05,-0.44945706333182,0.847,0.933,1,"PPDPF"
0.092460515590662,-0.449422130697867,0.244,0.316,1,"C4orf48"
0.00397420132753492,-0.449351575844006,0.443,0.606,1,"SH3KBP1"
0.0096530334751006,0.448803511565789,0.494,0.407,1,"CYSTM1"
0.0533061426821679,-0.448776284050165,0.347,0.434,1,"PPIG"
0.0953408158477572,-0.448607083467126,0.136,0.202,1,"RALGAPB"
0.00997697803144776,-0.448539090061508,0.381,0.508,1,"SLC7A5"
0.0707355220775227,-0.448466744205658,0.114,0.178,1,"REV1"
0.288396416859082,-0.448246032726297,0.131,0.165,1,"OOEP"
0.115227458292011,-0.447781838681314,0.074,0.121,1,"GART"
0.267536553077505,-0.447736011277193,0.142,0.182,1,"MX1"
0.0244546408198457,0.447542482314898,0.426,0.343,1,"ATP6AP2"
0.0285410472676694,-0.447083844819662,0.278,0.397,1,"PCNX1"
0.331907323108169,-0.447069343072924,0.136,0.168,1,"IKBKG"
0.86896449894983,0.447031641994562,0.165,0.168,1,"DHX38"
0.0566086029981408,-0.447022142222275,0.278,0.374,1,"GATA3"
0.0270209250819494,-0.446955025495912,0.131,0.222,1,"ACSL4"
0.00219177038453653,0.446915902347165,0.699,0.626,1,"NDUFB11"
0.282820307328171,0.446835331145266,0.182,0.152,1,"SEC22C"
0.0588346757066593,-0.446734957031895,0.119,0.192,1,"TAF1B"
0.0941595678903378,-0.446655957546683,0.188,0.259,1,"RASA1"
0.151663884575113,-0.446263926212477,0.085,0.131,1,"SENP2"
0.0904523502535632,-0.446239337228487,0.455,0.522,1,"DNAJC1"
0.0657244780167148,-0.446105995574075,0.267,0.354,1,"SMARCA2"
0.143041442269329,-0.445773410862016,0.085,0.131,1,"PRR7"
0.497398442695029,0.445715724745184,0.165,0.148,1,"PTPN11"
0.120725604612747,-0.445692818419868,0.097,0.148,1,"NUDCD2"
0.364681879699368,0.445550896173579,0.318,0.283,1,"EEIG1"
0.0493135840029877,-0.445274197788378,0.21,0.3,1,"MRPS24"
0.216539224317241,0.445130773131725,0.131,0.094,1,"GRWD1"
0.195183701294986,-0.444351893788094,0.097,0.138,1,"EML2"
0.0564081818306987,-0.444211415519664,0.273,0.364,1,"CPD"
0.0265157928627135,-0.444122233670688,0.216,0.32,1,"CKLF"
0.461725564118134,-0.443576623620397,0.114,0.135,1,"ATG2B"
0.286975791215793,0.443526013485494,0.261,0.232,1,"MRPL21"
0.326052106676084,-0.443506012215416,0.08,0.108,1,"CCP110"
0.307491833342563,0.443439220711488,0.216,0.185,1,"SIAH2"
0.278051076165528,-0.443430893711266,0.119,0.155,1,"CAMK2N1"
0.115478583255132,-0.442837661335056,0.222,0.293,1,"CWC25"
0.108717169796312,-0.442555409247378,0.182,0.253,1,"SHFL"
0.0448101440628652,-0.44218815107957,0.307,0.404,1,"UBE2Q2"
0.000976587543871152,-0.442098752620642,0.625,0.788,1,"SYNE2"
0.200602280657297,0.441967494564543,0.261,0.219,1,"PPTC7"
0.425565690678274,0.441895211112344,0.125,0.104,1,"UBE2Q1"
0.366124097538495,-0.441893034486126,0.085,0.111,1,"FUT8"
0.335496198616461,-0.441799496987281,0.091,0.121,1,"TRAPPC11"
0.532637167275997,0.441777512151548,0.188,0.178,1,"FKBP4"
0.437239126087935,-0.441709796307031,0.08,0.101,1,"NSMCE4A"
0.306884610110982,0.441687454035093,0.142,0.111,1,"SLFN11"
0.0822279184433043,-0.441570843823786,0.085,0.141,1,"PIP5K1A"
0.0157228506744469,-0.441547614167558,0.352,0.485,1,"KMT2C"
0.0593380155109331,-0.441480290353149,0.142,0.222,1,"KATNBL1"
0.0983742147911649,-0.441420860325138,0.182,0.256,1,"PSMC1"
0.0715110806254032,-0.441415734755256,0.08,0.138,1,"SQLE"
0.172817125952351,0.441197844842623,0.358,0.316,1,"PDCD6IP"
0.0729401107877096,-0.44020540725492,0.153,0.226,1,"FBXL17"
0.0569815559040039,-0.439955444308622,0.227,0.313,1,"CCDC59"
0.0425121817580925,-0.439580338262754,0.153,0.239,1,"PROK2"
0.0939327987002733,-0.439236510981804,0.165,0.236,1,"ZNF33A"
0.136808079050338,-0.439000634845325,0.085,0.135,1,"MCU"
0.184369859567893,0.438914008381616,0.398,0.374,1,"DDX18"
0.473134312311757,0.438822695324485,0.193,0.178,1,"CRTC2"
0.0380352919350002,-0.438303705611849,0.335,0.448,1,"MAP7D1"
0.0811004700239021,-0.438271918419106,0.312,0.394,1,"WAS"
0.710576322056772,0.438196937347923,0.108,0.101,1,"MTHFD1L"
0.226275658838171,-0.438009993088945,0.176,0.226,1,"CTDSPL2"
0.0733440858844524,-0.43765435953441,0.256,0.34,1,"INTS6"
0.135499624656662,0.437194112666218,0.631,0.626,1,"CD48"
0.000476868015205185,0.437133896978629,0.926,0.936,1,"APOO"
0.146517042547808,-0.437002950607151,0.125,0.178,1,"PDLIM5"
0.167015717360405,-0.436976705732872,0.102,0.148,1,"NUP160"
0.0740787813830461,0.436862595648972,0.472,0.407,1,"OGDH"
0.00337532278810399,-0.436659547055757,0.506,0.667,1,"HCST"
0.0116206350573425,-0.436281527374606,0.341,0.458,1,"NDUFB10"
0.440401372395717,0.436045578583083,0.188,0.172,1,"COMMD2"
0.0726179121909587,-0.435602208396727,0.307,0.397,1,"NDUFA3"
0.063476027972294,-0.434995564670949,0.051,0.101,1,"LINC02964"
0.145366319468908,-0.434909906563434,0.114,0.165,1,"ZBTB2"
0.138925820176744,0.434769926977882,0.284,0.232,1,"PHLDA1"
0.393711306233265,0.434743186616733,0.153,0.128,1,"DCAF11"
0.214278357163773,-0.434685180455034,0.097,0.135,1,"JAK2"
0.0233629420667749,-0.434613392635922,0.347,0.461,1,"PPP3CA"
0.0243874038970208,-0.434311764076782,0.301,0.411,1,"PPP4R3A"
0.010791268399053,-0.434302327228047,0.392,0.525,1,"YY1"
0.227019760923999,-0.434243629602897,0.091,0.128,1,"BAK1"
0.0242851104565545,0.434049786885188,0.523,0.455,1,"G3BP2"
0.45212722003643,0.433847097707842,0.182,0.162,1,"AMBRA1"
0.0614261153461259,-0.433465577201172,0.335,0.428,1,"U2SURP"
0.172335428433523,-0.43346041008139,0.153,0.202,1,"GAK"
0.647688074485063,0.433081660474731,0.142,0.135,1,"TAPT1"
0.30898868807261,0.432795946360979,0.108,0.081,1,"INTS13"
0.387985284812083,-0.43260853666044,0.119,0.145,1,"DHX40"
0.29380720927962,-0.432367723620826,0.159,0.195,1,"ZCCHC2"
0.361652542760058,0.432183686892111,0.273,0.249,1,"VPS35"
6.02531679724996e-05,0.432122459967678,0.92,0.929,1,"RPS20"
0.0862021175741896,-0.431899261611168,0.352,0.451,1,"AKAP9"
0.65771810807968,0.431868148721187,0.131,0.148,1,"NMB"
0.496667243657821,0.43183796869756,0.165,0.145,1,"RNF6"
0.391128180131403,0.43162734312469,0.142,0.118,1,"UBE2G2"
0.000419597088384532,-0.431534404672294,0.625,0.774,1,"ZEB2"
0.122175988375219,-0.431402682902809,0.102,0.155,1,"NUCB2"
0.121190761281413,-0.431336533837827,0.119,0.175,1,"ACLY"
0.345527412765145,0.431098317697964,0.244,0.219,1,"MIR23AHG"
0.0160468166874841,-0.431025932097111,0.125,0.222,1,"LMNB1"
0.301841340452886,0.430935204848655,0.182,0.148,1,"ICAM2"
0.21094396832951,-0.430673430269584,0.108,0.148,1,"C5orf24"
0.572418088537126,0.430414554008671,0.136,0.121,1,"C2orf49"
0.553986184691204,0.430252037162208,0.102,0.088,1,"PMS1"
0.0514175453870837,-0.430238016467486,0.216,0.296,1,"CSGALNACT1"
0.939686475228777,0.430215006494427,0.102,0.104,1,"ATIC"
0.242360786481852,0.430213289661744,0.182,0.148,1,"SEC16A"
0.558399872304563,0.4301883770884,0.205,0.192,1,"MED19"
0.0831343034141565,-0.430163395713419,0.153,0.226,1,"GAB3"
0.103000975367097,-0.430104101270205,0.148,0.205,1,"TXNDC9"
0.385210385431176,0.429647139300711,0.136,0.111,1,"ZNF524"
0.0167433685878574,-0.429615909967585,0.443,0.566,1,"ZSWIM6"
0.304976269553294,-0.429369346690384,0.097,0.128,1,"EFTUD2"
0.0676662762694987,-0.429369077429167,0.08,0.138,1,"SOCS4"
0.261817078530043,-0.429302481254659,0.102,0.138,1,"GRAMD1A"
0.0105435365932151,0.429120862349755,0.472,0.367,1,"TRIM28"
0.0772737886377205,-0.42903135606783,0.33,0.411,1,"RNF115"
0.317271969034756,-0.428515267208618,0.085,0.114,1,"CNEP1R1"
0.13355598787584,-0.428221729603846,0.108,0.162,1,"IRAK4"
0.0977979919792204,-0.42811203396425,0.108,0.165,1,"USP42"
0.0147686623775942,-0.427944553453525,0.159,0.269,1,"UBN1"
0.281182005100369,-0.427814254401813,0.136,0.175,1,"GLO1"
0.161587009572639,0.427696514932435,0.153,0.108,1,"NOL8"
0.000217971643800009,-0.427547894870611,0.625,0.768,1,"NKG7"
0.0504514631616053,-0.427397420637378,0.199,0.293,1,"CCAR1"
0.822644909951997,0.427380213980092,0.114,0.128,1,"EDRF1"
0.0298539700532731,-0.427053430168688,0.17,0.266,1,"TASOR2"
0.085580007259726,-0.426947112856464,0.222,0.3,1,"RNF216"
0.00012524598306973,-0.42692562821238,0.801,0.896,1,"JAK1"
0.571282899365109,0.426760310846421,0.131,0.118,1,"AXIN1"
0.00907667349706371,-0.426606715291014,0.244,0.367,1,"ADD3"
0.0209701580902892,-0.426450086608159,0.386,0.522,1,"NCOR1"
0.255025927316261,0.426439956478766,0.119,0.088,1,"MARCHF3"
0.542424295068094,0.425766529412923,0.182,0.165,1,"NCBP2AS2"
0.269919171338092,-0.425733532951112,0.136,0.175,1,"TNFSF10"
0.0696992467384212,-0.425727556867766,0.381,0.461,1,"COPB1"
0.449737954562541,-0.425710291969699,0.125,0.152,1,"NOP2"
0.0485153946234354,-0.425702522055773,0.381,0.475,1,"TXNL4A"
0.0390034201086891,-0.425529606690699,0.182,0.269,1,"MRPL38"
0.174898901353499,-0.425360098950219,0.125,0.175,1,"CD300A"
0.397192918259415,0.425249323445638,0.176,0.155,1,"ABCF2"
0.117644883562188,-0.425132943415373,0.091,0.141,1,"MRPL1"
0.0327759934824948,-0.425104245143464,0.051,0.111,1,"CPEB3"
0.170765667119382,-0.425006938000359,0.119,0.168,1,"CAMKMT"
0.187588535726089,0.424435711942996,0.438,0.404,1,"SNHG8"
0.0237326451204508,-0.424012088570535,0.386,0.498,1,"ROCK1"
0.768560863581533,0.423990249875698,0.392,0.431,1,"UBE2S"
0.040533925248701,-0.423949061688832,0.085,0.155,1,"SAP30"
0.0470933730363573,-0.423867157305824,0.25,0.35,1,"PCMT1"
0.301614664594293,-0.423772273468658,0.085,0.114,1,"FAM76B"
0.434600698097773,-0.423600317297789,0.119,0.141,1,"TXNDC11"
0.352283686429042,0.423270999567822,0.176,0.152,1,"SUDS3"
0.0373224028639346,-0.423057034567753,0.216,0.306,1,"EPHA4"
0.140846187577034,-0.422893504845094,0.227,0.286,1,"LAMTOR1"
0.271526727267409,-0.422695384982078,0.153,0.192,1,"NCOA7"
0.00298748350533202,-0.422653852442622,0.46,0.609,1,"RESF1"
0.15880179973528,-0.422569425031622,0.176,0.236,1,"STMP1"
0.0652891731614254,-0.422407103712151,0.545,0.65,1,"CCNH"
0.00481370746009737,-0.422177586426798,0.472,0.636,1,"PPP1CA"
0.239246847220342,0.422113229023322,0.324,0.279,1,"SPTBN1"
0.0962049910583191,-0.421992026887722,0.17,0.242,1,"JMY"
0.014928862262495,-0.421635857602098,0.409,0.525,1,"CAMK1D"
0.149622724698714,-0.421544188341264,0.273,0.333,1,"PPP3R1"
0.0185867510069754,-0.421514506076686,0.108,0.195,1,"EOMES"
0.0887292499950706,-0.421498779097475,0.08,0.135,1,"ABR"
0.0301343554815168,-0.421358586896077,0.341,0.455,1,"ACAP2"
0.0149669420322671,-0.421132941624215,0.386,0.519,1,"PDE7A"
0.367281242500554,0.421034919970033,0.25,0.229,1,"ENO2"
0.356028372343654,0.420827644590484,0.125,0.098,1,"YEATS2"
0.00672458704919656,-0.420464325099707,0.426,0.562,1,"PPP1R12A"
0.597869348274091,0.420259165341862,0.136,0.128,1,"BBIP1"
0.119933231957576,-0.419951693359773,0.227,0.296,1,"TMEM87A"
0.0251088668416517,-0.419944128074422,0.386,0.515,1,"COPS9"
0.231768736694851,0.419411236978501,0.182,0.145,1,"COQ4"
0.0108233545234425,-0.41934482904852,0.324,0.465,1,"LRBA"
0.00414955814866827,-0.419217232484832,0.614,0.744,1,"P2RY8"
0.141482072768559,-0.419202294003074,0.176,0.236,1,"GOSR1"
0.112755898377006,0.418774540897265,0.148,0.098,1,"MAP4K1"
0.000309062549221237,0.418762754927558,0.955,0.886,1,"EZR"
0.423297173242557,0.41874677808674,0.119,0.098,1,"GPR107"
0.057410228310779,-0.418746387814857,0.432,0.522,1,"LIME1"
0.368690300792304,0.418653380782085,0.278,0.256,1,"EIF2A"
0.0948836908388251,-0.418554468909121,0.085,0.138,1,"SLC35A1"
0.216813653202644,0.418482672652637,0.17,0.131,1,"NABP1"
0.866644671320053,0.418140378779824,0.125,0.125,1,"FBXL6"
0.472271215908257,0.418078271427367,0.33,0.337,1,"R3HDM4"
0.285654399344002,-0.417695223779341,0.097,0.128,1,"FYCO1"
0.281959076642115,0.417300469053408,0.42,0.391,1,"YIPF5"
0.0559800419925061,-0.416942556300583,0.182,0.259,1,"NDUFS8"
0.000602118056336927,-0.41689649720895,0.625,0.791,1,"LCP1"
0.0556677671834113,-0.41683700445478,0.097,0.165,1,"INIP"
0.881231056569698,0.416379058874123,0.097,0.104,1,"ITPRIPL1"
0.154778712132528,-0.416341454340808,0.188,0.246,1,"SVIL"
0.191342167401406,0.416220008240762,0.443,0.441,1,"MZT2A"
0.025133652249365,-0.416120057446552,0.506,0.626,1,"GSTK1"
0.0602793076748437,-0.415709870588839,0.153,0.229,1,"RCOR1"
0.00122241055856697,-0.415649393002082,0.432,0.653,1,"ITGA4"
0.119672519289279,-0.415435351953987,0.176,0.239,1,"AMZ2"
0.206758385627054,-0.415244978925134,0.125,0.172,1,"STT3A"
0.619489349705425,0.415004581243269,0.199,0.192,1,"TRIM8"
0.450139401812117,0.414848152101433,0.205,0.185,1,"GCH1"
0.037104701342605,-0.41464471084005,0.131,0.209,1,"SART3"
0.895921088779593,0.414629386989514,0.097,0.104,1,"MYO1D"
0.143915627287444,-0.414599398715368,0.119,0.172,1,"SCYL2"
0.161762020701321,-0.414481267524392,0.085,0.128,1,"DUSP12"
0.10066580404195,-0.414459798526669,0.091,0.145,1,"NDUFS4"
0.118049361882266,-0.414309386510992,0.119,0.178,1,"KRIT1"
0.0128499906097054,-0.414126232918949,0.216,0.337,1,"SETX"
0.0324051891092782,-0.414082580638521,0.312,0.411,1,"CCND2"
0.269170103058963,-0.41393004351826,0.091,0.125,1,"DYNC1I2"
0.538160452740536,0.413858202090169,0.182,0.168,1,"STRIP1"
0.121333820108425,-0.413378140635561,0.239,0.31,1,"GON4L"
0.27667891342741,0.413325874168717,0.301,0.273,1,"RLF"
0.459280844383897,0.413250681949986,0.244,0.232,1,"NELFE"
0.15309918556187,-0.413086034435707,0.114,0.168,1,"FLOT2"
0.00285663391795186,0.412940339876879,0.733,0.667,1,"PDCD4"
0.494792667053579,0.41293807807062,0.222,0.209,1,"PRKCQ-AS1"
0.759401366509674,-0.412719658747534,0.108,0.114,1,"TRBV20-1"
0.373695827691183,0.412458174297279,0.227,0.202,1,"PRPF19"
0.122684967509185,0.412418716869487,0.33,0.279,1,"TCF7"
0.0462585869936378,-0.412299712783064,0.33,0.441,1,"PCBP2"
0.236103845263395,-0.412260902661582,0.188,0.229,1,"AIMP1"
0.714157106667158,0.412214900580496,0.142,0.135,1,"NDUFS1"
0.059484969027026,-0.41212896785502,0.102,0.172,1,"HPRT1"
0.0496504863570251,-0.412045690279397,0.307,0.404,1,"RAPGEF2"
0.675621605890147,0.411819535106305,0.119,0.111,1,"APOL3"
0.0301848197610621,-0.411765692829007,0.352,0.468,1,"SRSF4"
0.288041409126372,0.411727404818707,0.182,0.148,1,"GFM1"
6.03421902563311e-05,-0.411681081054423,0.852,0.943,1,"CD99"
0.0331670093350556,-0.41168045728658,0.148,0.236,1,"TMEM181"
0.183106311577013,-0.411264949850501,0.097,0.141,1,"ZNF652"
0.105639818241115,-0.411095019321869,0.216,0.283,1,"ITFG1"
0.141151136698203,0.411068082633819,0.386,0.357,1,"BRI3"
0.408305453761506,-0.410971777637374,0.108,0.135,1,"GDAP2"
0.319049313108465,-0.41031809581011,0.074,0.101,1,"EIPR1"
0.643116896521515,0.410176624326434,0.267,0.256,1,"STMN1"
0.198667060171187,-0.410175053290946,0.159,0.209,1,"HAGH"
0.0344836432899393,-0.40995490633262,0.159,0.249,1,"PSMD12"
0.45891285006279,0.409728589643364,0.188,0.168,1,"JPX"
0.344836224981758,-0.409591261732019,0.097,0.125,1,"CIAPIN1"
0.059924333392219,-0.409405114757261,0.119,0.192,1,"RELL1"
0.169708703161907,-0.409005428048676,0.125,0.175,1,"SNX25"
0.209714510324753,-0.40891250774154,0.25,0.293,1,"HECTD1"
0.45914762210554,0.408881669492338,0.125,0.104,1,"TSHZ2"
0.0399055905124759,-0.408587323178361,0.324,0.428,1,"ZFAND3"
0.389327451772963,-0.408551004844539,0.097,0.125,1,"STIMATE"
0.102715543532866,0.408332609777812,0.438,0.404,1,"C1QBP"
0.0255512136073681,-0.408296620004725,0.216,0.323,1,"PRDX2"
0.235095437501093,-0.408160707341918,0.108,0.148,1,"FOXO3"
0.267016137009135,-0.40811100435744,0.119,0.155,1,"PDE4DIP"
0.192731854730641,0.407808446075062,0.256,0.212,1,"MTCH2"
0.293451350031324,0.40758224591621,0.159,0.125,1,"DHX16"
0.54634915796925,0.407324180225397,0.125,0.111,1,"JADE1"
0.431578407400683,0.407195288120706,0.21,0.192,1,"TCP11L2"
0.00137265826774256,-0.406770075108939,0.744,0.882,1,"RAP1B"
0.153331184143385,-0.406693022338287,0.125,0.178,1,"PRKD3"
0.44157514518115,-0.406489782518054,0.324,0.354,1,"AHR"
0.218989286278582,0.406461191628728,0.364,0.337,1,"ZNFX1"
0.000982581150432173,-0.406205083384234,0.386,0.569,1,"PIP4K2A"
0.0644680345758584,-0.406203412500035,0.301,0.394,1,"ATF7IP"
0.0351094714648582,-0.405991704014865,0.239,0.34,1,"RAB11B"
0.0948066038452584,-0.405319963390856,0.273,0.354,1,"PNN"
0.00460466640651799,0.405231728049191,0.824,0.761,1,"MCL1"
0.191785394419273,-0.40521326963736,0.176,0.226,1,"PREP"
0.170798574324515,0.405149092320252,0.301,0.259,1,"BTG3"
0.341850927733677,-0.404987688997154,0.125,0.158,1,"ZNF600"
0.244679017155525,-0.404908824023062,0.114,0.152,1,"POLR1C"
0.322729037168667,0.404853478101381,0.114,0.088,1,"ZNF484"
0.372331882774951,-0.404612737049193,0.097,0.121,1,"ORMDL3"
0.182244291999201,-0.404602229981724,0.136,0.192,1,"NT5C2"
0.0732414514833998,-0.404538428460503,0.085,0.145,1,"CSRP1"
0.364558557226921,0.404319585972587,0.125,0.101,1,"ATG2A"
0.164837564681442,-0.404073574484551,0.062,0.101,1,"KMT5A"
0.426115128382192,0.403939980516773,0.125,0.101,1,"SLC25A28"
0.313812846076415,-0.403846857107658,0.114,0.148,1,"IKZF5"
0.439811273463375,0.403495540635649,0.227,0.209,1,"HCG18"
0.119210150627132,-0.403321841868987,0.119,0.175,1,"PLRG1"
0.567193779274879,-0.403246972072218,0.148,0.172,1,"PRKCE"
0.418266877884061,-0.403128837368449,0.119,0.145,1,"EBLN3P"
0.0559910669145024,-0.403087774443458,0.199,0.29,1,"CCDC167"
0.128576609534195,-0.402943271005221,0.136,0.195,1,"LLPH"
0.0715762969769163,-0.402811434214545,0.239,0.327,1,"RBM42"
0.00373928441362717,-0.402751177848483,0.511,0.663,1,"IQGAP1"
0.0083459934426509,-0.402394844892741,0.324,0.461,1,"BIN2"
0.00995085716203388,-0.402246816285759,0.284,0.414,1,"CHST12"
0.00243512719718505,-0.40221207725048,0.051,0.141,1,"CCL3"
0.542358295979746,0.402064022983248,0.131,0.114,1,"B3GNT2"
0.0619102485932186,-0.401635005541101,0.21,0.296,1,"PLCL2"
0.772188741002553,0.40144803060801,0.159,0.158,1,"MGAT4B"
0.0157252699397359,-0.401387894042287,0.386,0.498,1,"KRT10"
0.232835131056456,0.401345420883348,0.216,0.182,1,"TRAK2"
0.0544369056988498,-0.401336105851115,0.21,0.303,1,"DHX15"
0.407292603931885,0.401302620043585,0.159,0.135,1,"MALSU1"
0.402924734421422,0.400779976753872,0.131,0.108,1,"EIF5A2"
0.228004453775188,0.400733014948686,0.301,0.259,1,"GFPT1"
0.139271404485814,0.400511936932478,0.426,0.401,1,"CSRNP1"
0.439961842405347,0.400471511363982,0.102,0.081,1,"GBP3"
0.727405669389943,0.40032543684934,0.148,0.145,1,"HMBOX1"
0.279763718131648,0.399975537067796,0.205,0.168,1,"VPS26C"
0.248300796791899,-0.399244889464808,0.216,0.263,1,"SNRPA1"
0.291734003737496,0.399070360987448,0.233,0.199,1,"SIK2"
0.0294396526144125,0.398724966359167,0.682,0.67,1,"FAM107B"
0.0605629813466461,-0.398702509424847,0.239,0.316,1,"LINC00861"
0.0123928974184712,-0.398649821698975,0.239,0.367,1,"DEF6"
0.0232747238230868,-0.398338490742682,0.33,0.465,1,"LCK"
0.41763121907293,0.398286063029348,0.386,0.38,1,"HADHA"
0.0366574481694739,-0.398141272750366,0.33,0.431,1,"PSMB10"
0.167356340868838,0.39810893108394,0.347,0.306,1,"SRP54"
0.014038224763061,-0.398084384107453,0.21,0.337,1,"CHD3"
0.115548008113603,-0.397939441806321,0.312,0.387,1,"KDM2B"
0.233582544922971,-0.397934952293348,0.068,0.101,1,"GPATCH4"
0.162379681095076,-0.397881482434241,0.188,0.246,1,"XPO1"
0.165968080474577,-0.397667744360309,0.091,0.138,1,"LETMD1"
0.00710395543341865,0.397638699358432,0.665,0.593,1,"ARID5A"
0.00967022276781737,-0.397285880292901,0.58,0.673,1,"ARID4B"
0.0413846725558704,-0.396811583265868,0.182,0.273,1,"GLIPR2"
0.283676484125854,0.396788803764871,0.25,0.219,1,"STX11"
0.157512655566726,-0.396749183805056,0.119,0.172,1,"HEXIM1"
0.0950582788430422,-0.396563086871409,0.102,0.162,1,"MRPL2"
0.0503535187444068,-0.396410429137914,0.097,0.165,1,"FAM136A"
0.019513071774086,-0.396227841562915,0.369,0.488,1,"STK10"
0.182817944860235,-0.395978200546411,0.091,0.131,1,"KLHL6"
0.22241508585224,-0.395966407855464,0.136,0.182,1,"KLC1"
0.00218830372267658,-0.395916668693203,0.534,0.68,1,"GZMH"
0.0177632920150101,-0.395909277084361,0.472,0.596,1,"KRTCAP2"
0.359538571037567,0.395863115449815,0.102,0.077,1,"RPUSD3"
0.517092376144889,0.395594791396661,0.125,0.108,1,"XRRA1"
0.0860535026163841,-0.395474097890071,0.102,0.165,1,"TERF2"
0.205323531250592,-0.395070321285679,0.108,0.152,1,"PHTF1"
0.0759218734653584,-0.394807072030716,0.347,0.431,1,"ZAP70"
0.3145653665055,0.394571304798495,0.284,0.253,1,"HSPA4"
0.128194071342352,-0.394333336774142,0.097,0.148,1,"ZCRB1"
0.474432389437312,-0.394326985293954,0.222,0.246,1,"SP140L"
0.00859295284224204,-0.394317246256296,0.46,0.606,1,"CTSW"
0.0900744694087053,0.393637901910561,0.273,0.209,1,"MTHFD2"
0.0831222435815429,-0.393616432331831,0.131,0.199,1,"ADI1"
0.332464228027343,-0.393391430012428,0.108,0.141,1,"POGK"
0.00377808085605368,-0.393095262891632,0.625,0.758,1,"RAC2"
0.20136233815271,-0.393077824372575,0.142,0.189,1,"VIRMA"
0.17665956267846,0.393054796141597,0.67,0.657,1,"ATP1B3"
0.415557203735234,-0.393052247497019,0.08,0.101,1,"CCDC88B"
0.330811950177677,-0.392927978843405,0.148,0.182,1,"TTC7A"
0.0823905428928956,-0.392810308622775,0.216,0.303,1,"ZFAND5"
0.040262661127976,-0.392663674304181,0.165,0.249,1,"SYTL1"
0.710030147043692,0.392577993285234,0.136,0.131,1,"ZRSR2"
0.397314049931,0.392279331249244,0.347,0.333,1,"FGFR1OP2"
0.278888207097905,-0.392158907085176,0.108,0.145,1,"EZH1"
0.174549057504847,-0.392150167637986,0.125,0.172,1,"CBL"
0.272066442000929,-0.392135525101326,0.256,0.3,1,"BAZ1B"
0.2018065701421,-0.391928415053739,0.119,0.162,1,"MTIF3"
0.158554411097337,-0.391688056013371,0.108,0.158,1,"STMN3"
0.0459059020355049,-0.391495305436122,0.239,0.343,1,"LAMTOR4"
0.71130013063167,0.391403978168736,0.131,0.125,1,"ATP1B1"
0.274079034714681,0.391390314696017,0.386,0.367,1,"PTBP1"
0.202009930622666,-0.391164344314844,0.074,0.111,1,"ACAT1"
0.0380984141389674,-0.391160122492754,0.062,0.125,1,"ENSG00000289904"
0.0557413887573021,-0.391140774076971,0.267,0.357,1,"IRF9"
0.0480375721543624,-0.39112246960764,0.176,0.266,1,"TMEM131"
0.589922581060991,0.390970592803269,0.108,0.094,1,"ZNF460"
0.166146018424432,-0.39096490990369,0.142,0.195,1,"EHMT1"
0.148787657901394,-0.390660407472174,0.176,0.242,1,"IFFO2"
0.165083363209306,-0.390500050601158,0.17,0.222,1,"RAB35"
0.0270609699929909,-0.390258080635954,0.193,0.293,1,"NDUFS2"
0.0642642887960047,-0.390091657815233,0.295,0.387,1,"RGS1"
0.114725979415187,-0.389990699583411,0.312,0.407,1,"CD46"
0.0234171272469594,-0.389897507803505,0.227,0.343,1,"ZNF24"
0.0161604552967358,-0.389770371364402,0.46,0.566,1,"PARP8"
0.00829234120339082,-0.389598233537462,0.67,0.744,1,"RABGAP1L"
0.623216895676317,0.389575144038445,0.21,0.209,1,"FAM118A"
0.282445709736039,0.38956535996404,0.239,0.202,1,"RNF5"
0.287247805577635,0.389491432932099,0.17,0.135,1,"STAM"
0.759293197138154,0.389444958172803,0.136,0.131,1,"GTPBP8"
0.548263015305374,-0.389393060116494,0.114,0.128,1,"SMPD4"
0.0815122802082561,-0.389266168889069,0.489,0.559,1,"NIPBL"
0.330035940740359,0.389263656653564,0.568,0.586,1,"KLF2"
0.109408906078741,-0.389247698566211,0.148,0.215,1,"DDX42"
0.214594881159147,-0.388710290640306,0.102,0.145,1,"IPO9"
0.121159031259445,-0.388626599088451,0.176,0.236,1,"SREK1"
0.0517013938598256,-0.388607906349334,0.159,0.239,1,"ATRAID"
0.000226936132353048,-0.388589491511673,0.75,0.862,1,"ARPC3"
0.392010136032284,-0.388393436767172,0.108,0.135,1,"PFKL"
0.0965188404602323,-0.388169180429116,0.136,0.205,1,"PGAP6"
0.10682454183011,-0.388095225004351,0.125,0.185,1,"CCDC82"
0.124289738942511,-0.387893517634235,0.188,0.249,1,"SORL1"
0.140148959362391,-0.387814202928747,0.307,0.384,1,"MRPL51"
0.210341827759273,0.387778790062038,0.33,0.293,1,"H1-2"
0.642904546711772,0.387149937885209,0.153,0.145,1,"DEDD"
0.298138159518276,0.38706898197424,0.364,0.34,1,"RGS10"
0.219617594224904,-0.38695219443819,0.125,0.168,1,"STX8"
0.655655842687992,0.386811864988748,0.125,0.114,1,"EYA3"
0.228881609866048,-0.386609102956254,0.108,0.148,1,"NSD2"
0.061675601408409,-0.386591192468422,0.193,0.283,1,"STK39"
0.179936414173423,-0.386324103048235,0.097,0.141,1,"CLCN3"
0.468013084246477,-0.386187694490289,0.091,0.111,1,"MRPL28"
0.164579263866658,-0.385857675588557,0.125,0.172,1,"VPS8"
0.2482921423534,-0.385785155679932,0.068,0.101,1,"NFE2L1"
0.140878411914598,-0.385763164904275,0.08,0.128,1,"ITPR3"
0.216597908586716,-0.384644931494799,0.08,0.118,1,"TEPSIN"
0.494379510671864,0.384627517238654,0.318,0.303,1,"NCOA3"
0.186708415694983,-0.384578934421338,0.085,0.128,1,"CCDC137"
0.162751163838451,0.384233749349378,0.233,0.189,1,"PRPS1"
0.0660369678127804,-0.38411027678015,0.182,0.269,1,"KIF13B"
0.214140305257301,-0.383860421110938,0.097,0.138,1,"SNAPIN"
0.0710773305365722,-0.383715934682388,0.182,0.266,1,"OTUD5"
0.110927738620386,-0.383657968630341,0.233,0.31,1,"SRP72"
0.706676132496835,0.383435912939425,0.102,0.094,1,"SNAP47"
0.814800610658246,0.383139191529009,0.159,0.158,1,"POLR2H"
0.161519512979995,-0.382958385283322,0.205,0.266,1,"RBM23"
0.0018793075121649,-0.38237832605059,0.739,0.889,1,"CORO1A"
0.378685568067503,0.382292237727664,0.227,0.199,1,"RIGI"
0.207238959509757,-0.382254552995369,0.097,0.138,1,"KLHL5"
0.00414197087514097,-0.382000720446232,0.653,0.744,1,"ABHD17A"
0.0851969580444699,-0.38192462243157,0.284,0.374,1,"CUL3"
0.0128487018214244,-0.381855467898161,0.335,0.458,1,"OSTF1"
0.300682309976759,0.381794806099377,0.301,0.266,1,"SIPA1L1"
0.938209991325412,0.381712085485816,0.108,0.114,1,"SLC39A10"
0.000127491146038661,-0.381594087830526,0.903,0.936,1,"MT-ATP6"
0.239192123929539,-0.381332426197315,0.205,0.249,1,"GBF1"
0.00144513058807144,-0.38127460163548,0.506,0.68,1,"HCLS1"
0.596064478093592,0.381056687705649,0.284,0.286,1,"PPIL4"
0.173029163985691,-0.381021864615035,0.148,0.199,1,"AKAP10"
0.246899998223246,-0.38070811985872,0.136,0.178,1,"IREB2"
0.298969892900214,0.380404080551728,0.324,0.303,1,"DDX3Y"
0.0601536221755931,-0.380311591911091,0.381,0.468,1,"UBR2"
0.0147257009128495,-0.380085879446399,0.131,0.232,1,"RFX1"
0.0646791067173705,-0.380070103119202,0.188,0.273,1,"BST2"
0.000164843585530291,0.379958448179528,0.966,0.953,1,"EEF2"
0.67392971938012,0.379753292153616,0.114,0.104,1,"POLR2D"
0.00799743148960655,-0.37975037371036,0.347,0.492,1,"SEM1"
0.00459335028838889,-0.379612365603465,0.58,0.714,1,"SCAF11"
0.501805573380263,0.379600878716033,0.159,0.138,1,"USPL1"
0.204952293467408,-0.379539583816974,0.25,0.316,1,"HUWE1"
0.372514639758074,-0.37950936497249,0.216,0.249,1,"DENND1B"
0.0868605202422077,-0.379475556267062,0.318,0.421,1,"SSBP4"
0.284215175156813,0.379157507523291,0.409,0.404,1,"RTN4"
0.282582505722852,0.379084871041475,0.199,0.168,1,"SLC35E1"
0.0669754375453862,-0.378759935261157,0.136,0.212,1,"CWC22"
0.317877367604692,-0.378613055774564,0.125,0.162,1,"CLPX"
0.216694612783678,-0.378343809293382,0.148,0.195,1,"CHMP5"
0.674700624699116,0.377963082020649,0.369,0.377,1,"CEMIP2"
0.42459689055991,0.3778487909869,0.233,0.212,1,"TLK2"
0.765899269018385,0.377482787925919,0.159,0.155,1,"ME2"
0.301821797316767,-0.377473087775599,0.165,0.215,1,"ENSG00000282885"
0.221101710502894,-0.377207109590302,0.142,0.189,1,"BMI1"
0.39971619871384,0.377125988285334,0.239,0.219,1,"EMC10"
0.525626640158087,-0.376662472605438,0.097,0.114,1,"CLSTN3"
0.258852567474311,-0.376482378112092,0.142,0.182,1,"UPF3B"
0.126568709408128,-0.376402524095974,0.108,0.162,1,"WDR47"
0.0456396908408082,-0.37635608073779,0.165,0.256,1,"LRP10"
0.118535239396777,-0.376325135890135,0.148,0.205,1,"CDIPT"
0.0694144976647607,-0.376320171410894,0.216,0.303,1,"MYO1G"
0.527199230969609,0.376226089238096,0.114,0.098,1,"DGKA"
0.308370839852504,-0.376122608042981,0.08,0.108,1,"NOL12"
0.0495032259820385,-0.375993664735179,0.267,0.37,1,"RNPEPL1"
0.336388700281412,0.375789507348552,0.216,0.185,1,"ASB3"
0.00141784594674543,-0.375766213095188,0.676,0.808,1,"ARL6IP5"
0.040109050765271,-0.37570483111322,0.227,0.323,1,"YIPF3"
0.644800464156325,0.375548350378987,0.114,0.101,1,"CTSA"
0.090074033579817,0.37532064588195,0.483,0.424,1,"GABARAPL1"
0.00479995224046396,-0.375281287774738,0.42,0.572,1,"PRKCQ"
0.187419550375942,-0.37523644032669,0.199,0.256,1,"BCL7C"
8.17977140386591e-05,-0.37513686239725,0.716,0.875,1,"LIMD2"
0.00877193831495711,-0.374995652219941,0.364,0.529,1,"ATP5ME"
0.367998996083117,0.374924675336166,0.301,0.279,1,"HAX1"
0.717918120028096,0.374911720928237,0.125,0.118,1,"BET1L"
0.314247449828808,0.374580064410965,0.347,0.313,1,"MAPK8"
0.0423112954021254,-0.374407198046529,0.312,0.411,1,"IRF1-AS1"
0.26769902410595,-0.374316854983565,0.398,0.434,1,"MPHOSPH8"
0.0328657407113853,-0.37420147435519,0.159,0.249,1,"TSSC4"
0.180464387140884,-0.374113650845481,0.074,0.114,1,"PARP9"
0.158281190213497,-0.374101184525796,0.142,0.199,1,"DDX56"
0.441905010478915,-0.373508503859569,0.131,0.158,1,"WEE1"
0.112430412636327,-0.37325708909533,0.188,0.259,1,"GPR137B"
0.0396538775306134,-0.373063686407319,0.188,0.279,1,"NLRP1"
0.426394315266892,-0.372986175482461,0.136,0.165,1,"ACYP2"
0.149854942898321,-0.372943116542185,0.398,0.465,1,"TXNIP"
0.961216921578914,0.372912459114426,0.324,0.35,1,"TUBA1C"
0.0417801798071402,-0.372831200485711,0.188,0.276,1,"CDC40"
0.134311269130489,0.372679785851905,0.403,0.367,1,"GPR132"
0.359065899240235,0.372382431042141,0.17,0.145,1,"GNL2"
0.193126581763376,-0.372355622371343,0.176,0.226,1,"FBXL20"
0.150726510657422,-0.372115960285913,0.091,0.138,1,"ENSG00000273319"
0.103000595431423,-0.371913009758377,0.205,0.279,1,"COX16"
0.487731790776276,0.371681482042314,0.114,0.094,1,"AKAP11"
0.65605848795967,0.371650492290914,0.148,0.138,1,"SPECC1L"
0.0393448055209079,-0.371627256238965,0.188,0.279,1,"RIF1"
0.159125920457401,0.371600938369525,0.335,0.286,1,"SND1"
0.114026502589396,-0.371383397398632,0.165,0.229,1,"PPWD1"
0.124564095146364,-0.371207899155652,0.222,0.29,1,"FAM120B"
0.507483853299091,-0.371054338973296,0.148,0.165,1,"TMX3"
0.239586350245315,-0.370997557898609,0.165,0.209,1,"ZNF506"
0.179492095438949,-0.370793355650557,0.125,0.175,1,"POLR3GL"
0.0329462612720962,-0.370629200808461,0.267,0.374,1,"MPC2"
0.0756114440975759,0.370540217702116,0.466,0.394,1,"ZNF267"
0.127600568396599,-0.370499283327886,0.153,0.212,1,"ATP6AP1"
0.276355771389508,0.37030193499091,0.432,0.394,1,"CDKN1A"
0.130952510885445,-0.370300567573458,0.114,0.168,1,"VPS37A"
0.198343043256124,-0.370293436110166,0.08,0.118,1,"PGGT1B"
0.174460814658093,-0.370175081046526,0.159,0.209,1,"UBE2J1"
0.395562829222296,0.369973175908778,0.415,0.434,1,"PPP1CB"
0.266557685943417,-0.369919347980622,0.142,0.185,1,"FAM174C"
0.203553166916675,-0.369716750911015,0.119,0.165,1,"THAP4"
0.0385923406368861,-0.369545033809324,0.176,0.276,1,"MED13"
0.0686589520001806,-0.369027346742211,0.375,0.478,1,"TMED10"
0.602166925285905,0.369008427186275,0.239,0.229,1,"NUCB1"
0.0225512234786856,-0.368537148012649,0.449,0.579,1,"LSM14A"
0.493499528911265,0.368525519336794,0.165,0.145,1,"RRP1B"
0.355763570067262,0.368403892256155,0.136,0.108,1,"HUS1"
0.0909160827654791,-0.367962748340571,0.244,0.333,1,"XPC"
0.293229982845769,-0.367904597362827,0.227,0.269,1,"APOL6"
0.871417174521153,0.367872229260724,0.159,0.165,1,"L3MBTL3"
0.174563050240814,-0.367820241014526,0.119,0.165,1,"GRIPAP1"
0.345374880977529,-0.367787828249098,0.216,0.249,1,"ATG12"
0.992331011178385,0.367417052901483,0.108,0.111,1,"ENSG00000290560"
0.129301372134063,0.36710033764645,0.358,0.29,1,"LRRFIP2"
0.286925340341098,-0.367067524996533,0.199,0.242,1,"CDK12"
0.916560493959229,0.367044150176775,0.216,0.226,1,"OSBP"
0.696390282577549,0.367008283611303,0.182,0.175,1,"SINHCAF"
0.202026383562353,-0.367002106050025,0.153,0.209,1,"INTS6L"
0.239755451417209,-0.366724088636115,0.199,0.253,1,"PITPNA"
0.0679205701884934,-0.366471768405671,0.17,0.253,1,"ZMYND11"
0.0480327336672931,0.366420900203811,0.494,0.438,1,"SUMO1"
0.135921001532775,-0.366157945305091,0.148,0.212,1,"TIA1"
0.00264934497929772,-0.366123849958302,0.733,0.808,1,"RORA"
0.732935060981288,0.366054058150926,0.131,0.125,1,"VCPIP1"
0.0686075555415569,-0.365964789175656,0.256,0.35,1,"NUB1"
0.169632641090308,-0.365705051602781,0.159,0.215,1,"GLRX3"
0.0852714482591337,-0.365465553229867,0.148,0.222,1,"PCYT1A"
0.0866382935455227,0.365395542199596,0.602,0.609,1,"S1PR4"
0.000814639046687985,0.364885243129984,0.864,0.825,1,"ATP6V0C"
0.481121611753772,0.364423360986869,0.119,0.101,1,"BOD1"
0.240071651443337,-0.364421670415519,0.097,0.135,1,"JKAMP"
0.46822028138371,0.363942889025791,0.142,0.121,1,"KDM1A"
0.0452649837292296,-0.363845741193553,0.119,0.195,1,"LAGE3"
0.0975393381920275,-0.363845531844122,0.165,0.236,1,"AKR1B1"
0.149670500655795,-0.363168999425062,0.108,0.155,1,"EXOSC9"
0.54481803106611,0.362751358861054,0.119,0.104,1,"ZNF598"
0.128042107579034,-0.361913878410027,0.08,0.128,1,"APBB1"
0.282086503040029,0.361789848810174,0.42,0.401,1,"TOMM5"
0.0707427703002468,-0.361780687069199,0.568,0.677,1,"ABLIM1"
0.0895138237538149,0.361547002444317,0.489,0.448,1,"HNRNPLL"
0.201139473586965,-0.361505940158195,0.068,0.104,1,"TESK1"
0.424960752999121,0.361409984612915,0.267,0.249,1,"PRELID3B"
0.48780136456452,0.361264814498112,0.426,0.421,1,"NDUFA12"
0.235924293214212,-0.361260055866297,0.125,0.168,1,"ZC3H8"
0.276110882270288,-0.360848768574175,0.136,0.175,1,"NAA35"
0.224257333458634,-0.360747389629442,0.136,0.182,1,"MTREX"
0.0405768988935375,-0.360687243105779,0.216,0.31,1,"SYNRG"
0.628156707734442,0.360577132061031,0.131,0.118,1,"UXS1"
0.585599800218284,-0.360478990613921,0.131,0.148,1,"HOOK2"
0.108454527253177,-0.360361367155063,0.057,0.101,1,"GBA1"
0.738780057090613,0.360242898403944,0.142,0.158,1,"ETV3"
0.495933154750796,0.360110826894871,0.108,0.091,1,"CMAS"
0.644939577985958,0.360009526865599,0.125,0.114,1,"ZDHHC3"
0.081469931933619,-0.359841633815947,0.176,0.253,1,"F2R"
0.00454399165958862,0.35975512359078,0.761,0.697,1,"HSPA5"
0.298494003926493,-0.359742061618729,0.108,0.141,1,"PVRIG"
0.0349559910057497,-0.359471735811972,0.278,0.394,1,"GADD45GIP1"
0.214734947863922,-0.358965462251337,0.074,0.111,1,"ARFIP1"
0.563325316219463,0.358823514511619,0.216,0.205,1,"GRPEL1"
0.287410502242255,-0.358814766511157,0.08,0.111,1,"SLC23A2"
0.758349055654125,-0.358684001538963,0.148,0.162,1,"MIR155HG"
0.042166673723316,-0.358321364647203,0.415,0.519,1,"IFI16"
0.253232954727073,-0.358104985693207,0.091,0.128,1,"RYK"
0.0335372670632645,-0.357765886017209,0.227,0.333,1,"SMARCC1"
0.123337122258785,-0.357691398454543,0.091,0.141,1,"WDR36"
0.204136085223167,-0.357618092168735,0.125,0.168,1,"SNAP23"
0.210180904588447,-0.357540083206024,0.108,0.152,1,"PRKRA"
0.0549881087151385,0.35752476902362,0.432,0.35,1,"HIF1A"
0.386818900953804,0.357519810830388,0.114,0.091,1,"GABPA"
0.128239461026418,-0.357281386498167,0.176,0.246,1,"TMEM109"
0.0130742453758874,-0.357261688070032,0.403,0.545,1,"PSMA2"
0.296117547514918,-0.357150919608571,0.074,0.104,1,"SLC66A3"
0.139154455232127,-0.357126917860945,0.119,0.175,1,"LRIG1"
0.0321203479811551,-0.356956448830874,0.352,0.468,1,"RBMS1"
0.0746859157259634,-0.356913492218996,0.267,0.357,1,"PAN3"
0.2039580883646,-0.356298816696448,0.097,0.138,1,"MAP3K7"
0.456967964227017,0.356197555465773,0.256,0.239,1,"KLHL24"
0.0727085273129809,-0.355835622990955,0.182,0.263,1,"SMARCC2"
0.000415070549391976,-0.35565396948874,0.665,0.835,1,"KMT2E"
0.052891959511451,-0.355426315570976,0.267,0.36,1,"SMARCE1"
0.132761362556844,-0.355385954083194,0.312,0.38,1,"EAPP"
0.866911029082394,-0.355171694743002,0.097,0.101,1,"HDAC8"
0.30320593176918,-0.355167318621432,0.085,0.118,1,"GOT1"
0.171753977704593,-0.355040714676435,0.068,0.108,1,"CEP250"
0.210996242661029,-0.355030428672088,0.153,0.205,1,"GTF2E2"
0.341145604383314,-0.354838931500625,0.119,0.152,1,"SIMC1"
0.140179190899724,-0.354693231335939,0.131,0.189,1,"THYN1"
0.205833376800931,0.35453056948091,0.222,0.178,1,"HYOU1"
0.179028670145626,-0.354493565883345,0.142,0.195,1,"ASB8"
0.188852042111008,-0.354472191313729,0.335,0.397,1,"NUP98"
0.145546670217198,0.353961587526225,0.295,0.253,1,"SNHG15"
0.0232076755829352,-0.353946284459509,0.108,0.202,1,"MRPL3"
0.0444069050577386,-0.353657640906996,0.517,0.586,1,"CDC42SE1"
0.208588701502981,-0.353607612641347,0.108,0.148,1,"LARP4"
0.408712162546259,0.353585005883909,0.153,0.128,1,"DTX3L"
0.139712060641983,-0.353551108994929,0.08,0.125,1,"FUBP3"
0.227391798802598,-0.353496527032737,0.091,0.131,1,"CEP290"
0.0274607040194203,-0.35342074953649,0.409,0.535,1,"DSTN"
0.463760453326268,-0.353398800293277,0.08,0.101,1,"MYO9A"
0.242740775095579,-0.353266187497268,0.119,0.162,1,"CCS"
0.361913084116845,-0.353217947626215,0.085,0.111,1,"GOSR2"
0.26346361257206,-0.353100889740358,0.08,0.114,1,"ITPK1"
0.0623463091815121,-0.353083386157184,0.562,0.616,1,"ATP2B4"
0.176643635388802,-0.353051565112947,0.108,0.155,1,"TSNAX"
0.171143110555077,-0.352767147187372,0.256,0.313,1,"SETD5"
0.0153489782593917,-0.352325787613743,0.233,0.36,1,"WHAMM"
0.0683193055613897,-0.352296238764241,0.307,0.404,1,"GNAI3"
0.0224361215171967,-0.351765610431007,0.523,0.623,1,"CAPZA1"
0.101191355672991,-0.351613908677976,0.114,0.172,1,"NIPAL3"
0.0583720764981942,-0.351121626072452,0.068,0.128,1,"LENG1"
0.112942725007645,-0.351098220834959,0.188,0.253,1,"LCOR"
0.889991765227876,0.350984855173651,0.108,0.108,1,"CNIH2"
0.604252836256438,0.350926078163983,0.29,0.293,1,"PSMD13"
0.516684858758756,0.350621058017101,0.125,0.108,1,"UTP6"
0.000194526210522819,0.350581901786759,1,1,1,"FTH1"
0.324327080887987,-0.350497645366539,0.085,0.114,1,"TBC1D9B"
0.0156982216382678,-0.350306035383895,0.278,0.418,1,"PDCD6"
0.354664024686911,-0.350081089730443,0.119,0.148,1,"COQ10A"
0.947742093906779,0.34992545647584,0.165,0.172,1,"BMS1"
0.987926246100772,0.349776537514718,0.102,0.104,1,"KLHL9"
0.363824472191318,-0.349711384914221,0.097,0.125,1,"RPAP3"
0.383158085739635,-0.349599885966399,0.119,0.148,1,"RUFY1"
0.075292948083236,-0.349516341835527,0.364,0.455,1,"MOB1A"
0.133457214017059,-0.349475142572794,0.091,0.141,1,"DGCR2"
0.362464520430548,-0.349429042809564,0.091,0.118,1,"EDEM1"
0.0394757203255193,-0.349427308582475,0.29,0.384,1,"PSMC5"
0.00149655026288053,-0.349147259394695,0.744,0.862,1,"RNASEK"
0.499902834027779,-0.349120672900449,0.176,0.195,1,"EP400"
0.41491925487626,0.348910502897619,0.261,0.249,1,"CNPY2"
0.705753964366371,0.348893966240506,0.244,0.239,1,"NUDT3"
0.0255443270334677,-0.348616739796444,0.352,0.475,1,"PCM1"
0.521456402374816,-0.348395063160091,0.119,0.141,1,"AP1G2"
0.0529216832011305,-0.348033403467355,0.33,0.418,1,"TMEM248"
0.0374219344173423,-0.347931588399336,0.165,0.259,1,"MXI1"
0.480266718382543,0.347769996653093,0.114,0.094,1,"TNRC18"
0.146003799098057,-0.347747177272644,0.278,0.36,1,"OCIAD1"
0.0640986737828384,-0.347736313685762,0.25,0.343,1,"TNRC6A"
0.0869730446376262,-0.347712593685173,0.784,0.852,1,"LMNA"
0.0684355164805579,-0.347386599346755,0.176,0.246,1,"PSENEN"
0.240768083417995,-0.347366906178231,0.136,0.178,1,"ZNF407"
0.226584670924917,-0.347311969941353,0.165,0.212,1,"LAMTOR2"
0.295010065031509,0.347156872885709,0.244,0.209,1,"WDR74"
0.141437075615598,0.346860470434609,0.79,0.778,1,"TSC22D3"
0.518208042378144,-0.346859941028512,0.091,0.108,1,"ATP13A1"
0.140950645738307,-0.346758399638736,0.182,0.239,1,"LINC01871"
0.0799066682392956,-0.34673687530649,0.176,0.256,1,"MRPL43"
0.180579109134693,-0.346455924406365,0.227,0.286,1,"MARK3"
0.0512651507290045,-0.346435351799699,0.284,0.391,1,"ANKH"
0.131354105196359,-0.346394168836897,0.301,0.38,1,"RANBP9"
0.445949854737859,0.346293531658456,0.216,0.195,1,"LUZP1"
0.348133844685569,-0.346158104863177,0.108,0.138,1,"GTPBP10"
0.740743182044601,0.346008663615748,0.352,0.354,1,"HERPUD1"
0.179936414173423,-0.345901850436158,0.097,0.141,1,"RGS19"
0.284301325383634,-0.345881656131256,0.17,0.209,1,"CD226"
0.040768262306712,-0.34555781850652,0.29,0.397,1,"SPPL2A"
0.307322299060042,-0.345525197634825,0.21,0.263,1,"AGTPBP1"
0.0162075873819246,0.345483229897463,0.477,0.38,1,"PBX4"
0.713027974264886,0.345133623298542,0.108,0.101,1,"ZNF44"
0.291180486987224,-0.345098125098283,0.148,0.189,1,"CFAP36"
0.00401303430391356,-0.344922654604647,0.665,0.801,1,"PSME1"
0.0677498555923843,-0.344921791818661,0.193,0.279,1,"ARHGAP25"
0.53420032011211,0.344860275026402,0.21,0.195,1,"RLIM"
0.111261981692034,-0.344648130459087,0.182,0.249,1,"GLUL"
0.434495989481403,-0.344513990676932,0.142,0.168,1,"FIBP"
0.0187675427702557,-0.344500944476552,0.335,0.471,1,"FRYL"
0.393224395591082,-0.344364231980015,0.08,0.104,1,"TRIM69"
0.146065595912582,-0.343692952138537,0.119,0.172,1,"CCDC90B"
0.452250572816168,0.343658813767216,0.142,0.121,1,"GCN1"
0.0821377276155579,-0.343606415789914,0.267,0.357,1,"BLOC1S1"
0.0197367369793871,-0.343563525474475,0.443,0.572,1,"CLTB"
0.110061624712186,-0.343400837674002,0.227,0.303,1,"CTCF"
0.317687497254924,-0.343280167024851,0.176,0.212,1,"WDR48"
0.305571711185808,-0.342761330439379,0.193,0.232,1,"ENSG00000291136"
0.325673411507954,0.342723958763233,0.153,0.121,1,"SFXN3"
0.453821829169592,0.342688865318379,0.608,0.599,1,"DNAJA1"
0.365180936387854,-0.342241414272134,0.193,0.229,1,"DCP2"
0.0256546922271664,-0.342206223123313,0.375,0.495,1,"NEDD8"
0.314501851264942,0.342049994092115,0.312,0.279,1,"RBM27"
0.511392280982629,0.342002966508899,0.119,0.101,1,"TMEM135"
0.428754034659716,0.341799996462223,0.21,0.189,1,"UBE2D1"
0.122892153979698,-0.341688844323022,0.256,0.33,1,"ACP1"
0.306895567152417,-0.341524871205602,0.131,0.168,1,"TVP23B"
0.031758634730271,-0.341441874044716,0.562,0.65,1,"CELF2"
0.106637442115802,-0.341208214828429,0.068,0.118,1,"PGM2L1"
0.429496353403175,0.34115243953782,0.182,0.158,1,"WDR20"
0.0637610403903085,-0.340729246398603,0.136,0.209,1,"TARS1"
0.342664793554712,-0.340595322968228,0.159,0.195,1,"PDZD8"
0.57075638705648,0.34054429938546,0.102,0.088,1,"CNDP2"
0.115787274410129,-0.340520585867577,0.284,0.37,1,"JAZF1"
0.854831759284676,0.340484366639303,0.119,0.118,1,"STX2"
0.208625821880928,-0.340435497629149,0.199,0.259,1,"SPAG7"
0.00112535933252763,-0.340389858982006,0.807,0.906,1,"ITM2B"
0.226573465754171,-0.340057115063049,0.068,0.104,1,"PTPN23"
0.2379441079033,-0.339952865482331,0.102,0.141,1,"NT5DC1"
0.519068441703425,0.339849554510794,0.114,0.094,1,"TP53RK"
0.33276242910787,-0.339756456337168,0.108,0.141,1,"TRAPPC6B"
0.0401161560324647,-0.339703799430134,0.091,0.162,1,"ZMIZ1"
0.467560510596447,-0.339597676926793,0.08,0.101,1,"SVBP"
0.0723948023167838,-0.339150287769432,0.261,0.36,1,"ADAM10"
0.265453530409662,-0.338820941039481,0.08,0.114,1,"ZDHHC13"
0.67128901385008,0.338498833486133,0.102,0.094,1,"LSM14B"
0.544656851306262,0.338359702880686,0.142,0.125,1,"TOPORS"
0.0893321853932775,-0.338164433812911,0.233,0.31,1,"PWP1"
0.173255522738928,-0.338123602982947,0.08,0.125,1,"ZDHHC2"
0.916678294147768,0.33799412990292,0.119,0.121,1,"EPG5"
0.196563937478056,-0.337962137155962,0.136,0.185,1,"TIMM13"
0.037603466606038,-0.337623821438708,0.148,0.232,1,"ENSG00000274265"
0.0550736456607461,-0.337538083512184,0.273,0.377,1,"SHOC2"
0.523673592026918,0.33743315848254,0.233,0.215,1,"IWS1"
0.431616589198377,0.337407718797728,0.267,0.253,1,"STIP1"
0.0714263380151768,0.33712196618792,0.545,0.515,1,"CHD2"
0.0487314508486594,-0.336943698618881,0.278,0.38,1,"PPP6R3"
0.0929902515983083,-0.336692392551278,0.153,0.229,1,"PIK3C3"
0.204696107692016,-0.336636411892177,0.108,0.152,1,"CHCHD5"
0.0382349517019375,-0.336491767269325,0.284,0.397,1,"ITGA5"
0.0850750272217831,-0.336467703043969,0.057,0.104,1,"CHIC1"
0.0908842538656673,-0.336250025467426,0.33,0.424,1,"DR1"
0.150732682483669,-0.336099364864795,0.244,0.31,1,"NGRN"
0.0936520385555629,-0.335901152237778,0.176,0.253,1,"KCNA3"
0.821140718281867,0.3358220361967,0.256,0.269,1,"KRR1"
0.014773393004236,-0.335601035285764,0.335,0.481,1,"VAMP8"
0.246676202443584,-0.335445557498631,0.153,0.199,1,"MED30"
0.231155280241488,-0.33528075801524,0.205,0.253,1,"E2F4"
0.137138206354608,-0.33520712721447,0.085,0.135,1,"PLD3"
0.0801284571487455,-0.335090363733106,0.21,0.293,1,"USP9Y"
0.785364977098966,0.334743847150385,0.114,0.108,1,"SPRING1"
0.924886968210063,0.334574406339348,0.131,0.135,1,"MRPL42"
0.196882514384653,-0.334169219423609,0.102,0.148,1,"SMG6"
0.134653259329517,-0.334016086819658,0.136,0.195,1,"SELENOO"
0.581595701734199,0.333626543632331,0.102,0.088,1,"ENSG00000283103"
0.354920998529901,0.333394933438396,0.142,0.114,1,"TAF11"
5.99086363369634e-05,0.333351651511844,0.994,0.949,1,"EEF1G"
0.198139456480258,-0.333349274149279,0.136,0.189,1,"NCBP2"
0.298485141618839,-0.333282317654555,0.08,0.111,1,"GPR68"
0.0115772337726866,-0.333280632599668,0.335,0.481,1,"TCEA1"
0.133268885298961,-0.333224723052521,0.142,0.202,1,"DECR1"
0.127284925103095,-0.3328913862591,0.188,0.256,1,"CALCOCO2"
0.424809027038448,-0.332855283903652,0.091,0.114,1,"POLH"
0.330709809341466,-0.332853585862474,0.097,0.128,1,"KHDC4"
0.201955425783308,0.332799362299248,0.176,0.131,1,"SCLT1"
0.502407320925362,0.332533081162025,0.295,0.283,1,"B4GALT1"
0.18003842900331,-0.332435707275883,0.108,0.158,1,"NOTCH2NLA"
0.0505407466567406,-0.332193558441954,0.54,0.67,1,"HIGD2A"
0.102439479744106,-0.332144370210536,0.062,0.111,1,"MAGOHB"
0.36873774671233,0.332062348699974,0.295,0.273,1,"SMU1"
0.515473451874988,0.332000128058754,0.284,0.273,1,"ZNHIT3"
0.836328421804712,0.331963343171819,0.182,0.189,1,"DYNLL2"
0.329273248093883,0.331908281710001,0.375,0.377,1,"ZNF706"
0.132225628227795,-0.331892114723801,0.074,0.121,1,"STARD10"
0.195034650376229,-0.331887524445292,0.119,0.168,1,"CUL2"
0.454466521608896,0.33183210932739,0.392,0.401,1,"JOSD1"
0.44815392593379,-0.33171550606364,0.102,0.128,1,"HEATR5B"
0.572530638464876,0.331677403801532,0.295,0.286,1,"PAF1"
0.726464364680915,0.331570225218099,0.489,0.525,1,"TNIK"
0.644876234706864,0.331504804677594,0.273,0.273,1,"NECAP2"
0.0990045031639717,-0.331404125858473,0.205,0.276,1,"SMC5"
0.169962320726943,-0.331337531347303,0.347,0.414,1,"LSM7"
0.495763361753342,-0.331247459303741,0.119,0.141,1,"INTS4"
0.030232638075187,-0.331232800747022,0.449,0.569,1,"YPEL3"
0.0208063063745608,0.331221513758144,0.778,0.724,1,"YPEL5"
0.206037178663399,-0.331198082580279,0.392,0.458,1,"POLR1D"
0.630639776340137,-0.331116785482866,0.125,0.138,1,"VPS53"
0.209834954092336,-0.33107262958149,0.085,0.125,1,"ZNF581"
0.171017552505544,-0.330809908244022,0.312,0.367,1,"MFSD11"
0.432669051372041,-0.330761241213645,0.489,0.515,1,"KMT2A"
0.140219778522267,-0.330693103269863,0.108,0.162,1,"PEX13"
0.477782196583815,0.33064495322642,0.193,0.175,1,"RIC1"
0.409269022606348,0.330609104609627,0.114,0.091,1,"DDX60L"
0.0141104961331827,-0.330488429506425,0.545,0.69,1,"BHLHE40"
0.0760886329955487,-0.330463039929526,0.205,0.279,1,"NUP58"
0.15285592223145,-0.330355622288739,0.102,0.152,1,"CHFR"
0.00582583119050438,-0.33015565009749,0.477,0.636,1,"GIMAP7"
0.0728705995126731,-0.330135848935035,0.102,0.168,1,"RPP30"
0.0310098597048044,-0.330104134304832,0.267,0.38,1,"OTULIN"
0.463236499341054,0.330064064541728,0.403,0.397,1,"SPAG9"
0.154310959824434,-0.329790618948158,0.108,0.162,1,"MGRN1"
0.780775158492402,-0.329400847241117,0.108,0.114,1,"MCM3AP"
0.245239731477863,-0.329329069039159,0.125,0.165,1,"CYB561D2"
0.143898811368485,-0.329283963215833,0.102,0.155,1,"DDX52"
0.390629835206499,-0.328683755177138,0.136,0.165,1,"ATP2A2"
0.159074606595251,-0.328601720472929,0.153,0.215,1,"WDR45"
0.651902270053084,0.328475349658849,0.227,0.219,1,"AASDHPPT"
0.319423571859948,0.3284132643345,0.239,0.205,1,"PAIP1"
0.126553295419804,-0.32822437914306,0.165,0.226,1,"ETFA"
0.0536385831673195,0.328189619218366,0.557,0.495,1,"HSPD1"
0.252030157931187,-0.328114188970997,0.193,0.242,1,"MYO5A"
0.823459197879403,0.327833934812048,0.227,0.232,1,"ERVK3-1"
0.360463967951795,0.327716622206024,0.301,0.283,1,"SMIM12"
0.288803679006894,-0.32760811080215,0.142,0.178,1,"COA1"
0.150586662999678,-0.327389971763224,0.205,0.269,1,"GSK3B"
0.247315360742175,-0.327314430932744,0.159,0.205,1,"BLMH"
0.103782855317157,-0.327221452687171,0.182,0.253,1,"UPF3A"
0.230567630949658,-0.327174969762122,0.097,0.138,1,"PARVG"
0.395911624481236,0.327139557670626,0.307,0.283,1,"PSMC3"
0.149894580568149,-0.326823314826033,0.125,0.178,1,"C19orf25"
0.263833157107254,0.326519140379359,0.25,0.219,1,"RNF220"
0.850458595628283,0.326498057700221,0.125,0.125,1,"ANAPC1"
0.0181292761288027,-0.326318829264015,0.5,0.63,1,"CAP1"
0.650126766921041,0.326296123268065,0.142,0.131,1,"SEPHS2"
0.0154713497515842,-0.326204338663507,0.358,0.485,1,"C4orf3"
0.254894400588893,0.326151153680471,0.324,0.29,1,"TMEM165"
0.0380280986705099,-0.326131863245674,0.233,0.343,1,"AKAP17A"
0.531461051792078,0.325781987743493,0.125,0.108,1,"POC1B"
0.243267165303226,-0.325779470529932,0.148,0.192,1,"PNKP"
0.128487617301792,-0.325750047184665,0.182,0.249,1,"WWOX"
0.0878504649159444,0.325436444838166,0.494,0.418,1,"DDX21"
0.782756378123089,0.325415640555327,0.159,0.155,1,"CKAP5"
0.339101163201406,-0.325395776279116,0.074,0.101,1,"ZNF564"
0.0406408170253861,-0.325287116534268,0.21,0.31,1,"RAB8A"
0.355478827011619,-0.325285806330079,0.091,0.121,1,"C2CD3"
0.173541574265528,-0.325259208152936,0.131,0.182,1,"PEPD"
0.0054448970723029,-0.32510368088287,0.528,0.663,1,"GNAI2"
0.415411818016787,-0.325042686312151,0.091,0.114,1,"ZMIZ2"
0.141647012408524,-0.325003068844394,0.068,0.111,1,"TBC1D14"
0.190485027819199,-0.324904902696534,0.102,0.145,1,"CRIPT"
0.338017380040617,-0.324658200490414,0.256,0.296,1,"TCP1"
0.0828046662185617,-0.324642147306502,0.176,0.249,1,"RHOC"
0.878590626542973,0.324244564371693,0.136,0.135,1,"ASAH1"
0.186036756223368,-0.324229502385469,0.068,0.108,1,"EBAG9"
0.282265176748023,0.323976890276747,0.943,0.973,1,"ANXA1"
0.00869159034209205,-0.323920584347662,0.483,0.64,1,"LCP2"
0.582138355186673,0.323851594517927,0.119,0.108,1,"CNOT3"
0.424729517609823,0.323674863621928,0.199,0.175,1,"TMEM127"
0.0275336312920021,0.323459411986663,0.761,0.731,1,"SERP1"
0.194071501572143,-0.323449949208329,0.119,0.168,1,"CDK4"
0.133900577207333,-0.32339905184412,0.284,0.354,1,"MKLN1"
0.176925510836664,0.323171832320537,0.216,0.168,1,"PPFIA1"
0.22198484321925,0.323158406131479,0.523,0.505,1,"HNRNPM"
0.380574112504913,0.322803790805939,0.403,0.391,1,"ISCA1"
0.0548562855475011,-0.322725017860928,0.159,0.242,1,"RFX7"
0.307104351099172,-0.322452523817284,0.074,0.104,1,"HDAC7"
0.72900209409015,0.322429750157013,0.165,0.162,1,"TAF9"
0.33257790396556,-0.322283134955327,0.097,0.128,1,"GRK6"
0.556485521323806,0.322278758162332,0.142,0.128,1,"SCYL1"
0.327836406417933,-0.322082298943974,0.091,0.121,1,"EBNA1BP2"
0.257695539169404,-0.322067515872339,0.188,0.229,1,"CDC34"
0.373091838723639,-0.321631641462514,0.119,0.148,1,"ZDHHC12"
0.344577661516759,-0.321553038680114,0.136,0.172,1,"MNAT1"
0.0111815007814757,-0.321330193037789,0.784,0.886,1,"IFITM1"
0.558548390636861,0.321294167658009,0.136,0.118,1,"NUP93"
0.217145102273867,-0.321266851686234,0.085,0.125,1,"WASHC5"
0.307759607245385,0.321218227363635,0.312,0.296,1,"USP25"
0.19427296935656,0.3211412590996,0.438,0.418,1,"C1orf43"
0.353613124244358,0.320841215380038,0.278,0.253,1,"ZNF331"
0.20759141040911,-0.320706698592271,0.182,0.239,1,"NBDY"
0.968484720852951,0.320646356861822,0.176,0.182,1,"BCL2L11"
0.282635888297505,0.320619518986281,0.233,0.192,1,"RANGAP1"
0.0499576160955865,-0.32061025366132,0.261,0.357,1,"UBR4"
0.148953783341805,-0.32059415620317,0.455,0.525,1,"NDUFA11"
0.237963734238977,0.320415870405672,0.42,0.387,1,"HMGA1"
0.295800050444806,0.320392941573166,0.193,0.155,1,"MTERF4"
0.292642634387386,0.32027328040039,0.142,0.108,1,"RNF41"
0.554747245341287,0.320049356961798,0.273,0.256,1,"MFSD14A"
0.19830448390898,-0.320038661582714,0.312,0.377,1,"MED13L"
0.272096718008447,-0.319696534722242,0.108,0.145,1,"SFI1"
0.823513360277381,0.318890964026515,0.114,0.111,1,"AP1B1"
0.102717773529295,-0.318842416313484,0.136,0.205,1,"SPTLC1"
0.967917719521182,0.318697354196072,0.097,0.101,1,"VPS54"
0.00740231420354482,-0.318554600139414,0.597,0.751,1,"MORF4L1"
0.289236761689781,-0.318512279767058,0.08,0.111,1,"LCLAT1"
0.597344646699411,0.318479709463761,0.108,0.094,1,"SLC35A3"
0.0141681378459465,-0.318464121854446,0.369,0.488,1,"KLF13"
0.280558566988892,-0.318436906416588,0.102,0.138,1,"C1orf50"
0.318568600178904,0.318412579524476,0.131,0.168,1,"CD40LG"
0.00299386695708299,-0.318386473117324,0.483,0.663,1,"ATP5MK"
0.330184343071362,0.318147348310425,0.375,0.357,1,"RAB14"
0.567682228273908,-0.317972738896608,0.085,0.101,1,"PIAS2"
0.888087580749365,0.317783836301179,0.25,0.263,1,"NUTM2B-AS1"
0.228845410195811,0.317753301410334,0.432,0.397,1,"DHX9"
0.222777339645085,-0.317748180189284,0.08,0.118,1,"ENSG00000272742"
0.155378447119312,0.317737536601841,0.364,0.333,1,"PPP6C"
0.173155832169851,-0.317468007516115,0.125,0.175,1,"GPS1"
0.380701119414504,-0.317185267165621,0.227,0.253,1,"PPP6R1"
0.234320668077262,-0.317172155866419,0.114,0.155,1,"DGAT1"
0.77867719937142,0.317168667875779,0.131,0.125,1,"DDX10"
0.627129234961894,0.317006194011149,0.148,0.135,1,"AMPD2"
0.050570312010057,-0.316965855859208,0.153,0.246,1,"MARCHF6"
0.572985610360419,0.316854144298563,0.386,0.387,1,"LRRC8C"
0.696376679235158,0.315960156963627,0.159,0.152,1,"ATP6V1A"
0.222474322586336,-0.315751401258449,0.386,0.444,1,"TBC1D22A"
0.467887343611719,0.315744900026867,0.17,0.148,1,"NELFA"
0.130313042256773,-0.315717054662569,0.534,0.596,1,"STK38"
0.0920950066499325,-0.315627853480616,0.25,0.323,1,"SYNGR2"
0.130977934358536,-0.315402809252864,0.159,0.226,1,"CLPTM1"
0.0130217615096482,-0.315220551234967,0.562,0.727,1,"CAPZB"
0.213016145436017,-0.315220544763049,0.097,0.138,1,"NDUFAF2"
0.217340727188092,-0.315041735100437,0.295,0.357,1,"TMEM9B"
0.626457481407004,0.314923402664462,0.142,0.128,1,"DPP8"
0.39626205393537,-0.314747330675221,0.08,0.104,1,"ARHGAP12"
0.541916797187281,0.314650176996717,0.114,0.098,1,"YIPF6"
0.24380335127955,-0.314530240294974,0.108,0.148,1,"YRDC"
0.258036473810773,0.314414435723308,0.506,0.508,1,"PRKAR1A"
0.409844708378554,0.314368554402828,0.267,0.249,1,"CHMP2A"
0.38399531099582,-0.313713563652558,0.176,0.209,1,"TIMM8B"
0.52106660044611,0.313579153064955,0.17,0.155,1,"ATG13"
0.325296947710344,-0.313496529312419,0.085,0.114,1,"LMBR1L"
0.000317547564069017,-0.313365507868904,0.847,0.929,1,"TMA7"
0.916381375580534,0.313279916814021,0.17,0.182,1,"SPOP"
0.831155796477854,0.313106380801897,0.108,0.104,1,"CHD7"
0.714673489693606,0.313084048708436,0.148,0.138,1,"MRPS16"
0.459533193476732,-0.313032144113823,0.097,0.121,1,"AP5M1"
0.0665988292876421,-0.312992133166452,0.153,0.236,1,"PSEN1"
0.167888765390669,-0.312969768518223,0.068,0.108,1,"MRPS9"
0.120905699280303,0.312754663864356,0.33,0.269,1,"RAB22A"
0.216049031460112,0.312594782381371,0.46,0.451,1,"ATP5MJ"
0.124308886102675,-0.312493326770204,0.324,0.407,1,"CEP350"
0.0406678937156665,-0.312226884742763,0.352,0.478,1,"SRRT"
0.328774322270417,-0.311880156275034,0.102,0.135,1,"GMCL1"
0.0010112274952846,0.311875576641725,0.892,0.879,1,"RPL23"
0.346493897637731,-0.311856617124291,0.159,0.199,1,"MIAT"
0.675731479119396,0.311836556494587,0.119,0.138,1,"H2AC20"
0.624510253226309,-0.311806499901768,0.108,0.121,1,"UST"
0.420308917655032,0.311665063156218,0.273,0.249,1,"DAXX"
0.386531974332695,-0.311614834199113,0.261,0.293,1,"CSK"
0.194220360957048,-0.311602555004314,0.216,0.283,1,"CREB1"
0.0807786070115438,-0.311486812301576,0.386,0.481,1,"TMED9"
0.308115111250454,0.311206026380947,0.159,0.125,1,"ODF2"
0.451654015454908,-0.311069224862054,0.119,0.145,1,"TAF12"
0.0313232379699775,-0.311020787452156,0.369,0.492,1,"SEPTIN9"
0.355627861605683,0.310964143610348,0.403,0.407,1,"G3BP1"
0.0691647410841079,-0.310878202610634,0.222,0.306,1,"FAM133B"
0.0434350904924744,-0.310873886665842,0.256,0.36,1,"IGF2R"
0.210543076897756,-0.310443267087002,0.08,0.118,1,"E2F3"
0.144642316120005,-0.310419926367505,0.102,0.158,1,"CSNK1E"
0.13823781618113,-0.310275989770788,0.318,0.397,1,"TTC17"
0.00377596628282716,0.310110316365203,0.875,0.838,1,"RPS4Y1"
0.628977153575933,0.310107722476585,0.114,0.101,1,"QSOX1"
0.207746919761911,0.309659568040389,0.403,0.367,1,"PCNP"
0.193542777935461,-0.309658079169988,0.284,0.343,1,"NUTM2A-AS1"
0.173723325167344,0.309458823307614,0.375,0.33,1,"IPO7"
0.281361076280741,0.308887717711505,0.42,0.404,1,"GPRIN3"
0.078382634210731,-0.308704751119595,0.199,0.283,1,"EIF4EBP2"
0.0237389484671282,-0.308583945708694,0.443,0.572,1,"EWSR1"
0.766466130691863,0.308573463709316,0.295,0.303,1,"ARL2BP"
0.122121774390611,-0.308431202464763,0.102,0.158,1,"TPRKB"
0.439657289281063,0.308391320497604,0.523,0.566,1,"NDFIP1"
0.389371972515942,-0.308363824698323,0.148,0.178,1,"PRPF18"
0.601495613160584,-0.308333790764691,0.085,0.101,1,"WDPCP"
0.414240529386419,0.308308557775397,0.244,0.219,1,"TGS1"
0.263755866821213,0.308295993944426,0.432,0.407,1,"EIF1AX"
0.290620021794063,0.308265811958023,0.233,0.199,1,"HSF1"
0.0592959537527604,-0.308049503209181,0.216,0.303,1,"TSEN54"
9.5185656302189e-05,0.307919726615542,0.96,0.963,1,"RPS11"
0.0737848496981952,-0.30783280603432,0.267,0.347,1,"SOS2"
0.465371019908236,-0.307789096701022,0.131,0.155,1,"GTPBP6"
0.722311887024093,-0.307494754544146,0.114,0.121,1,"POLR3C"
0.150124623377248,-0.307402154196918,0.114,0.165,1,"GPR108"
0.00169489362916673,-0.307276752294195,0.733,0.852,1,"PTPRCAP"
0.153720976857994,-0.307254471637448,0.176,0.239,1,"TCIRG1"
0.274081146337837,-0.307220189756816,0.131,0.168,1,"MED6"
0.84324161626525,0.307219161263397,0.17,0.172,1,"AP1S2"
0.0531574439327005,-0.307082792965742,0.472,0.572,1,"APMAP"
0.959903229044378,-0.306870115941779,0.102,0.098,1,"FAM241A"
0.730606113343454,0.306515512230822,0.233,0.236,1,"CAPN7"
0.134462179825359,-0.306429506881187,0.193,0.259,1,"MRPS36"
0.169707689062497,-0.306396909019178,0.199,0.259,1,"RPA2"
0.790689590144964,-0.306317224952023,0.256,0.266,1,"TRAF1"
0.154369607469282,-0.306229408257679,0.29,0.357,1,"DGUOK"
0.84730777040152,0.306208726727208,0.136,0.135,1,"UNC50"
0.307146123515636,0.305837072717027,0.568,0.579,1,"SLFN5"
0.0170162001877185,-0.305510013462606,0.239,0.367,1,"GTF2A2"
0.084691547079168,-0.305508895892836,0.773,0.801,1,"CLEC2D"
0.177056422071132,-0.305447488268698,0.176,0.236,1,"LSM4"
0.0768310716209754,-0.304987870746522,0.301,0.401,1,"PDIA6"
0.164693768490944,-0.304964551849936,0.261,0.327,1,"MON2"
0.763008148951299,0.304948216735716,0.153,0.172,1,"BTN2A1"
0.498617543544292,0.304527394574555,0.176,0.155,1,"VPS72"
0.140551080980227,-0.304448369036816,0.131,0.185,1,"C1orf174"
0.198729766695248,-0.304066605556166,0.097,0.141,1,"SNX13"
0.21242082160912,-0.303952863512068,0.233,0.296,1,"ALG13"
0.00297663074510754,-0.303802530922458,0.761,0.886,1,"TRIR"
0.913605613065591,0.303771840843145,0.483,0.556,1,"ATP1A1"
0.340264368390694,-0.30370281917863,0.244,0.283,1,"POLR2B"
0.876438082547501,0.303683117335903,0.148,0.148,1,"PHF14"
0.230937491099029,-0.30341881016482,0.188,0.239,1,"ANAPC11"
0.0402739435955964,-0.303307968355831,0.642,0.751,1,"SRRM2"
0.581647432899119,0.30329870108567,0.114,0.101,1,"RSL1D1-DT"
0.121252285273228,-0.303161306162695,0.278,0.35,1,"VTI1A"
0.0813967541618465,0.302913638171064,0.438,0.37,1,"NEU1"
0.304001862422581,-0.302760052719751,0.176,0.215,1,"MOB3A"
0.0694987606350531,0.302611580604618,0.5,0.458,1,"PRPF40A"
0.519873739051145,0.302597370079342,0.267,0.249,1,"ANP32A"
0.488546226247211,-0.302528073632035,0.131,0.155,1,"MLLT10"
0.106226223713796,-0.302398279255256,0.176,0.242,1,"BLTP3B"
0.0416759468666282,-0.302363737157106,0.295,0.404,1,"STUB1"
0.458532280307363,0.30200220205165,0.33,0.32,1,"TAF7"
0.221282972429298,-0.301995323362977,0.08,0.118,1,"ZNF141"
0.442307104831402,0.301620764913214,0.125,0.101,1,"ELP5"
0.441440943560251,0.301609743119114,0.21,0.189,1,"SLC2A4RG"
0.550889775198099,0.301404937460763,0.182,0.165,1,"FAM120AOS"
0.0187734415278617,-0.301045967464424,0.739,0.855,1,"STK4"
0.642763607953153,-0.30098613594631,0.108,0.121,1,"TCOF1"
0.379999615581662,-0.300917854644574,0.148,0.178,1,"ELP2"
0.452399549843875,0.300907175259676,0.17,0.152,1,"MMGT1"
0.291817433661136,-0.300664751760004,0.091,0.125,1,"SLC38A9"
0.166534313243758,-0.300610979033467,0.29,0.364,1,"NDUFV1"
0.747725671217922,0.300604942810953,0.273,0.279,1,"PIK3CG"
0.0578057550325445,-0.300507033033871,0.352,0.451,1,"HLA-DPA1"
0.172799335213521,0.300409422529401,0.114,0.074,1,"TAMALIN"
0.506282634005419,-0.300394243972589,0.108,0.128,1,"BOLA2"
0.524657491798397,-0.30033775059598,0.159,0.185,1,"TFAM"
0.350325331296643,-0.300132909794909,0.114,0.145,1,"AK2"
0.0887245414833391,-0.300103828283644,0.324,0.414,1,"SPATA13"
0.251613156903236,-0.300090612020842,0.102,0.141,1,"ZBTB24"
0.153108449439744,-0.300019218846136,0.085,0.131,1,"AFDN"
0.0896261063990696,-0.299990931064457,0.261,0.36,1,"ARHGAP30"
0.46324189566242,-0.299900355199752,0.193,0.219,1,"ZFP91"
0.0960663427508359,0.299634523218605,0.398,0.333,1,"LAPTM4A"
0.516838227393404,0.299391782406396,0.102,0.084,1,"CWC27"
0.201400663277601,-0.299214187393916,0.176,0.232,1,"NIPA2"
0.000217147446460416,-0.298673779916994,0.989,1,1,"MT-CYB"
0.401169671628115,-0.298584797959673,0.119,0.148,1,"CNOT10"
0.394174305563926,-0.29852073659773,0.216,0.256,1,"NSD1"
0.0726769151276797,0.298498998192091,0.568,0.512,1,"PSMA1"
0.592735471622906,0.298473706386952,0.182,0.172,1,"FKBP5"
0.414121785463277,0.29843670107359,0.216,0.195,1,"ITGB1BP1"
0.322450050992705,-0.298403649811493,0.074,0.101,1,"AP3M1"
0.0888274795163318,-0.298392551314174,0.364,0.458,1,"STAG2"
0.352319325460771,-0.298376679929273,0.125,0.162,1,"TRAF6"
0.0958643697232484,0.298354658042467,0.182,0.125,1,"TNFSF8"
0.296810041865994,-0.29824909394323,0.102,0.138,1,"AHCYL1"
0.61015862549839,0.298227296964914,0.33,0.33,1,"MTCH1"
0.352447179447537,-0.297847237878177,0.239,0.276,1,"TBCC"
0.221194561515075,-0.297634946517061,0.091,0.131,1,"ARHGAP1"
0.160312066823157,-0.29761385458201,0.119,0.172,1,"ISG20L2"
0.206498433548427,0.297558942913592,0.278,0.226,1,"ABCC1"
0.744226543534667,0.297314499469412,0.222,0.222,1,"SPTY2D1"
0.0305853566015203,-0.297304299438596,0.341,0.461,1,"RBMX"
0.232372798028144,-0.297203351078232,0.261,0.32,1,"ERC1"
0.096047893045961,-0.297081411455451,0.278,0.367,1,"RAB1B"
0.17185899391849,-0.296878879788693,0.239,0.306,1,"EIF2S1"
0.279051611254021,-0.296808623165944,0.199,0.246,1,"FAM193A"
0.526409651762024,0.296798902242088,0.136,0.118,1,"SCAF1"
0.21132222722472,-0.296700213659736,0.278,0.33,1,"CCNK"
0.0785676261580971,-0.296602757724513,0.477,0.579,1,"WDR83OS"
0.646032723565161,0.296570201847993,0.199,0.189,1,"IRF7"
0.020423389157571,-0.296494260067622,0.381,0.505,1,"HP1BP3"
0.300966203712664,-0.296459194847337,0.205,0.253,1,"MBD4"
0.297347419291372,-0.296416500114655,0.301,0.36,1,"FDX1"
0.00580547549780577,-0.296339550662821,0.494,0.653,1,"APBB1IP"
0.216034577049838,-0.296207838186029,0.267,0.327,1,"PSMA4"
0.175894970495721,-0.296109779661473,0.102,0.152,1,"MYG1"
0.206419187642906,-0.295865117651403,0.176,0.229,1,"INTS11"
0.247355606977724,-0.295701746257225,0.205,0.249,1,"LAMTOR3"
0.0863382162496246,-0.295574177305277,0.159,0.236,1,"PPCS"
0.0247894296806541,0.295571355265618,0.858,0.808,1,"SNHG29"
0.029860527732354,-0.295388713255113,0.33,0.451,1,"CAPN2"
0.296982438472326,-0.295085430313513,0.131,0.172,1,"MVD"
0.027077580977498,-0.295003303666047,0.568,0.707,1,"NIBAN1"
0.290368149609017,0.294933193172325,0.29,0.266,1,"LMAN1"
0.119443746428356,-0.294565272582662,0.097,0.148,1,"MCUR1"
0.042620765697914,-0.294095641633683,0.597,0.65,1,"PAK2"
0.0947059153740346,-0.293874662317076,0.239,0.33,1,"STAT1"
0.623432401070999,0.293864669009926,0.114,0.101,1,"PLEKHM2"
0.258428958023209,0.293842148252363,0.256,0.215,1,"SNRNP40"
0.163212038458579,-0.293585561195333,0.21,0.269,1,"TLE3"
0.341929059330706,-0.293526507210413,0.074,0.101,1,"NME4"
0.164079747945963,-0.293467644056826,0.114,0.165,1,"CHERP"
0.0351926086438252,-0.293453312562771,0.636,0.781,1,"ARPC1B"
0.119697911460694,-0.29296001741736,0.614,0.717,1,"RUNX3"
0.208787020168558,-0.29274794440854,0.159,0.209,1,"ERICH1"
0.564205971133511,0.292706579114197,0.102,0.088,1,"LRWD1"
0.0269913324158799,-0.292637365947756,0.358,0.492,1,"AP2M1"
0.344519427394176,-0.292624837071785,0.205,0.249,1,"POLE4"
0.0198640477611389,-0.292570871135151,0.182,0.29,1,"USP8"
0.277590019995561,-0.292439315435142,0.29,0.333,1,"ACADVL"
0.715504831015938,-0.292071281180473,0.131,0.145,1,"PPP1R13B"
0.0184339979524366,-0.291992271989961,0.756,0.872,1,"IDS"
0.545539014587703,0.291880305430451,0.443,0.438,1,"PPP1R15A"
0.215795590546166,0.291879300318375,0.545,0.515,1,"SNHG16"
0.757060925006412,-0.291621902817333,0.136,0.145,1,"SLC7A1"
0.165150006154709,-0.291353995146442,0.358,0.431,1,"PSMD7"
0.497327418905775,0.291339977604852,0.335,0.32,1,"IL4R"
0.129190897252893,-0.291338413604615,0.301,0.377,1,"CRBN"
0.277005700706225,-0.291257894597178,0.131,0.168,1,"POP4"
0.116840612863833,-0.291012992092548,0.074,0.125,1,"SENP1"
0.160658688396973,-0.290969555690295,0.125,0.175,1,"TRNAU1AP"
0.0650749118988591,-0.290940804900123,0.364,0.481,1,"UBE2L3"
0.569734265575035,0.290930714044242,0.108,0.094,1,"EIF2B4"
0.000425211291636815,-0.290791461044349,0.943,0.98,1,"MT-ND1"
0.374893504413261,-0.290645020249013,0.182,0.219,1,"TAOK1"
0.366806743473265,-0.290630489398472,0.136,0.172,1,"NFX1"
0.423309325308549,0.290477371618282,0.278,0.256,1,"GSTO1"
0.741771486029136,0.290406407079052,0.125,0.141,1,"EXOC3"
0.532734858796857,-0.290330671458778,0.125,0.145,1,"ACBD5"
0.0956034727670514,-0.290286928335414,0.398,0.502,1,"FKBP8"
0.325601099389358,-0.290266808634944,0.131,0.168,1,"MRPL36"
0.218315727756741,-0.290102577194542,0.08,0.118,1,"IRAK1"
0.456691406867741,-0.289965873111338,0.142,0.168,1,"ZZZ3"
0.167835942292734,-0.28996230985559,0.216,0.283,1,"ETNK1"
0.0585116822971007,-0.289747962307268,0.483,0.586,1,"N4BP2L2"
0.638654218727396,0.289338075924847,0.239,0.229,1,"GNL1"
0.0848818400390878,-0.289268150198655,0.426,0.532,1,"IL10RA"
0.201931636387722,-0.289011684707492,0.267,0.33,1,"HGSNAT"
0.308578156400663,-0.288819718096883,0.091,0.121,1,"MRPL30"
0.397397567712191,-0.288580260369549,0.108,0.135,1,"IRF2BPL"
0.0783286513227321,-0.288569740891169,0.506,0.603,1,"DDX6"
0.632729602249375,0.288567244175956,0.205,0.195,1,"H2AX"
0.185465719599025,-0.288354197869687,0.091,0.135,1,"CHMP7"
0.474546475257462,0.28822165062772,0.176,0.155,1,"ENSG00000291075"
0.613345674017388,0.288073590136635,0.261,0.259,1,"TRIM33"
0.566756142580038,-0.288011730540659,0.085,0.101,1,"NECTIN3"
0.930879900685987,0.287815502929252,0.233,0.246,1,"M6PR"
0.175966948295731,-0.287761398354819,0.193,0.256,1,"DDX50"
0.368448542592297,0.287674951764406,0.261,0.229,1,"BCL2"
0.152462723950204,0.28766070293274,0.449,0.401,1,"BRD4"
0.324203528224644,0.287543275365161,0.352,0.327,1,"PPA1"
0.0734934893223194,-0.287532912624346,0.483,0.582,1,"SEC61G"
0.435232953498072,-0.287363801590725,0.085,0.108,1,"IMPA1"
0.487114944606983,0.287226617977433,0.142,0.121,1,"RWDD4"
0.380715630038541,0.287214078216746,0.21,0.182,1,"TOLLIP"
0.717918096084478,0.28709568749814,0.125,0.118,1,"P4HA1"
0.367163198176197,-0.286983795063161,0.097,0.125,1,"HLA-DMA"
0.217915179024727,0.286807253022072,0.472,0.471,1,"LAMP1"
0.0536065986833364,-0.286797380507202,0.244,0.354,1,"CTNNB1"
0.0526930854894306,-0.286674970057581,0.199,0.29,1,"PRRC2B"
0.150083830499777,0.286554967818351,0.364,0.316,1,"PLEKHB2"
0.238204691969166,-0.286246439931596,0.324,0.364,1,"COP1"
0.35746107532019,-0.286212099634633,0.142,0.178,1,"NCBP1"
0.113310981141316,-0.286135254839749,0.239,0.323,1,"UBE2L6"
0.561217309765107,-0.285996594506517,0.091,0.108,1,"DHRSX"
0.999501227242294,0.285982225794441,0.114,0.118,1,"CLIP4"
0.837082668817151,0.285884080966148,0.25,0.279,1,"ACTR1A"
0.256676994442891,0.285853913048988,0.653,0.687,1,"ARF6"
0.429730449904678,-0.285766727708541,0.085,0.108,1,"ZMYND19"
0.563772484558794,0.285656703129028,0.216,0.202,1,"CIAO2A"
0.471488041486269,-0.285605186277874,0.21,0.236,1,"DUS1L"
0.0806832238714293,-0.285530181490336,0.295,0.38,1,"TBCB"
0.391223394941481,-0.285490832242746,0.188,0.226,1,"FAM89B"
0.24050414464509,0.285121774904237,0.205,0.162,1,"B4GALT5"
0.247785998517941,0.284961069735976,0.369,0.327,1,"MT1X"
0.00764713125656852,0.284763507472047,0.92,0.936,1,"RPL7"
0.463848189486856,0.284739931068847,0.17,0.148,1,"LTA4H"
0.173718365375159,-0.284695129587059,0.21,0.269,1,"SUZ12"
0.00667198206853423,0.284655768605708,0.972,0.966,1,"YWHAZ"
0.0938938743343297,-0.284636633838676,0.17,0.249,1,"COPS6"
0.000917441509735733,-0.28448927729788,0.807,0.926,1,"CYBA"
0.178381723997766,-0.284486217600251,0.131,0.182,1,"S100PBP"
0.280645357774231,-0.284436839146182,0.148,0.185,1,"MSI2"
0.27763002866218,-0.28429862913762,0.085,0.118,1,"STK25"
0.272793777155695,-0.284237379141763,0.199,0.246,1,"TBL1X"
0.360740432807694,-0.284089205768209,0.205,0.242,1,"TOB1"
0.555859428823106,-0.283896805986538,0.091,0.108,1,"CRLS1"
0.0943555248407203,-0.28386054498674,0.67,0.751,1,"STAT4"
0.127133241371821,-0.283835961749753,0.415,0.498,1,"TECR"
0.199088791823069,-0.28369173041968,0.153,0.205,1,"DHX29"
0.479572085111775,0.283599852352361,0.318,0.32,1,"EIF4E"
0.19065853173042,0.283597687276071,0.438,0.401,1,"SMAP2"
0.524867497924506,0.283574451743848,0.125,0.108,1,"DNPH1"
0.388587322622182,-0.283378463271712,0.102,0.131,1,"MRPS23"
0.782070903745712,0.283364939369519,0.165,0.162,1,"TMEM41B"
0.100596652040935,-0.283252087880662,0.318,0.424,1,"XRN2"
0.123844070856757,-0.283144710634739,0.17,0.236,1,"CUL5"
0.826309005603814,0.283055722886146,0.222,0.229,1,"ABHD14B"
0.136147892380987,-0.283027086305422,0.125,0.185,1,"VGLL4"
0.321485129473107,0.282991418627678,0.119,0.091,1,"PVT1"
0.299321301589417,-0.282693144072572,0.074,0.104,1,"ABAT"
0.0798645839828063,-0.282541824161341,0.108,0.172,1,"NAAA"
0.144886577458774,-0.282537231501498,0.324,0.394,1,"EMC4"
0.270166596059758,-0.282494369994931,0.159,0.202,1,"ENSG00000284707"
0.273858179560726,-0.282374775223209,0.102,0.138,1,"CGRRF1"
0.434131529012654,-0.282222075023626,0.114,0.138,1,"UTP3"
0.0743961096770233,-0.282017951935758,0.199,0.293,1,"DNAJB11"
0.040616987308427,-0.281911078439986,0.665,0.785,1,"HNRNPDL"
0.0919498847737973,-0.281867381646962,0.273,0.364,1,"LINC00869"
0.839965583782346,0.281684195345133,0.352,0.37,1,"ICOS"
0.468521381339176,0.281669834558358,0.386,0.37,1,"SYAP1"
0.0998900539506829,-0.281657864990698,0.227,0.313,1,"ATG5"
0.111087572837709,-0.281654627400437,0.494,0.596,1,"ATP5F1D"
0.314068384735822,-0.281551689787292,0.199,0.239,1,"GTDC1"
0.155669845684564,-0.281469643155444,0.358,0.428,1,"YARS1"
0.152744161196205,-0.281437621977217,0.182,0.246,1,"ZNF410"
0.255216203340371,0.281399860412112,0.472,0.431,1,"CCT4"
0.506106214263338,-0.281389324868967,0.364,0.384,1,"DENND4A"
0.0632652908540718,-0.281253477458001,0.244,0.357,1,"SIGIRR"
0.365383635535182,-0.2811326269237,0.222,0.259,1,"TRMT10C"
0.00997065592271071,0.281125634306651,0.602,0.529,1,"RHOH"
0.0631149929100291,-0.280777996058503,0.636,0.744,1,"COX6C"
0.111545390676064,-0.280606938642369,0.244,0.32,1,"POLR2F"
0.506416878917886,0.280397842978724,0.119,0.101,1,"BORCS7"
0.350832853817832,-0.280335986277068,0.085,0.111,1,"RNF40"
0.395325537067586,-0.280189807581654,0.119,0.148,1,"HELB"
0.129006467024543,0.280046984046095,0.46,0.407,1,"NOP58"
0.0893220442329612,-0.279870501781348,0.165,0.236,1,"ZBTB8OS"
0.729744928612818,0.279858971620269,0.284,0.273,1,"BATF"
0.121868262503444,-0.27969865020959,0.233,0.316,1,"NPC1"
0.141242522320281,-0.279640804337554,0.125,0.182,1,"ZNG1A"
0.729284944403489,0.279211144661565,0.153,0.148,1,"RASGEF1B"
0.664696396276892,0.278995642638122,0.278,0.279,1,"APEX1"
0.498403462590121,-0.278991150147436,0.102,0.125,1,"APOBEC3D"
0.722538959248473,0.278840377327531,0.108,0.121,1,"IFIT3"
0.527588398556702,-0.278779640192756,0.188,0.205,1,"PABPC4"
0.0442728436345421,0.278527975315309,0.602,0.529,1,"TAGAP"
0.248133223360251,-0.278368098927373,0.398,0.455,1,"TAB2"
0.391320825024548,0.278323501513035,0.403,0.387,1,"PHC3"
0.0233739391686346,-0.277875677783701,0.688,0.801,1,"SEPTIN7"
0.174103322595332,-0.277861679373678,0.193,0.263,1,"TUSC2"
0.525386293871075,0.277810660874913,0.341,0.347,1,"MKNK2"
0.131006190553074,-0.27771147578396,0.136,0.199,1,"CDC27"
0.754699491237848,0.277693608160424,0.193,0.189,1,"ZPR1"
0.592737709711725,0.277566451131604,0.415,0.418,1,"SSBP1"
0.217090732563679,-0.277527645172553,0.125,0.172,1,"DAPK2"
0.280828921723376,-0.277518587203422,0.102,0.138,1,"FADD"
0.222522842637897,-0.277510915693176,0.341,0.428,1,"UBALD2"
0.164676031139167,-0.277406828725244,0.472,0.529,1,"TNRC6B"
0.165097743868675,-0.277364745355906,0.29,0.357,1,"SEC31A"
0.158717714121328,-0.277293377483524,0.392,0.488,1,"CHST11"
0.335402011699516,-0.276864431113686,0.142,0.178,1,"ERO1A"
0.0686224811844083,-0.276765921967834,0.21,0.29,1,"GBP4"
0.144648562410836,-0.276538520271253,0.205,0.266,1,"SLC10A3"
0.692140265200641,0.276497771162945,0.102,0.094,1,"TMOD2"
0.872831399772212,0.27627976168218,0.307,0.337,1,"SNRK"
0.0708416388133713,-0.276064821006123,0.233,0.333,1,"CREBBP"
0.646585847762909,0.276053166981616,0.188,0.175,1,"ATF6"
0.250416762443421,0.276042071674218,0.403,0.374,1,"FBL"
0.320514549048837,0.275944414094214,0.46,0.438,1,"NASP"
0.312248940358944,0.275920032111055,0.324,0.29,1,"STT3B"
0.24848793038292,0.275784197729658,0.443,0.424,1,"RAD23A"
0.0720819267951482,-0.275681022606641,0.284,0.377,1,"ADAM8"
0.11473206589036,-0.275637992128515,0.205,0.283,1,"MRPL33"
0.44509921918992,-0.275546257259713,0.114,0.141,1,"AQR"
0.438197769210297,-0.275531820744627,0.301,0.34,1,"MDFIC"
0.216033843495053,-0.275434835809146,0.068,0.104,1,"SCOC"
0.345762692606976,-0.275334035719198,0.08,0.108,1,"RNF130"
0.916096664328196,0.274960104884187,0.102,0.111,1,"TBP"
0.13314139481091,0.274894414974007,0.364,0.316,1,"RAB6A"
0.344231626449221,0.274860682069046,0.222,0.189,1,"MHENCR"
0.125449761285278,-0.274812335796744,0.375,0.468,1,"POLR2K"
0.163280417515369,-0.274772202836229,0.216,0.283,1,"COMMD1"
0.253151318234616,-0.274715779323461,0.131,0.175,1,"ELP4"
0.774782129084796,0.274602968095243,0.216,0.209,1,"ENSG00000268027"
0.238100695840444,-0.274358071771132,0.136,0.182,1,"OIP5-AS1"
0.143394024585392,-0.274352487297283,0.517,0.599,1,"RAB7A"
0.336334495599834,-0.27433813436516,0.097,0.128,1,"MED11"
0.0786673051652858,-0.27403210776943,0.46,0.559,1,"ZNF207"
0.336763294782569,0.273780490186042,0.358,0.33,1,"LYSMD2"
0.078594220870206,-0.27359184485767,0.256,0.35,1,"UBE2E3"
0.238634555801698,-0.273580038541193,0.085,0.125,1,"RCOR3"
0.099594424960639,-0.27354855215208,0.085,0.141,1,"MICU1"
0.131725968029772,-0.273466270038372,0.153,0.215,1,"BABAM2"
0.182541576609467,0.273441760663806,0.119,0.081,1,"TBC1D4"
0.359975508001228,0.273436025964639,0.273,0.242,1,"CLINT1"
0.24459480756781,-0.273372808065576,0.318,0.394,1,"YME1L1"
0.962035470717093,0.273231108596594,0.102,0.108,1,"APOBEC3F"
0.327915595802988,-0.273143057608478,0.216,0.259,1,"PKN1"
0.482038658050145,0.273032141586395,0.29,0.279,1,"NUDT21"
0.222314423522013,-0.273010441720151,0.068,0.104,1,"FOXK2"
0.922388428995738,0.27290148361757,0.153,0.165,1,"CPNE3"
0.480503230015715,0.272854271993876,0.403,0.418,1,"SF3B4"
0.00268552960333013,-0.272601780737514,0.943,0.98,1,"MT-ND5"
0.434680464405006,0.272522173040515,0.358,0.337,1,"NOP56"
0.415083813647261,-0.272496588496703,0.125,0.155,1,"NAE1"
0.0834249904954827,-0.272489955048196,0.068,0.121,1,"DCPS"
0.131287077343722,-0.272162794060667,0.477,0.556,1,"PSMA5"
0.0790809376913675,-0.272145497187555,0.335,0.431,1,"NDUFAB1"
0.3202666056692,-0.271982303631795,0.324,0.377,1,"YAF2"
0.85629577153405,0.271977046693154,0.114,0.111,1,"MAPKAPK5"
0.0978933873381831,-0.271948555326225,0.182,0.256,1,"CHMP2B"
0.865323771480106,0.271916448193786,0.244,0.246,1,"DGKZ"
0.192693576102138,-0.271914130613178,0.25,0.31,1,"UBR5"
0.320049013182334,0.271770616923686,0.409,0.36,1,"BEST1"
0.482164680676953,-0.27174799037561,0.131,0.155,1,"METTL16"
0.700937066104446,0.271590286898318,0.097,0.111,1,"SCFD2"
0.193043705038523,-0.271578547176695,0.403,0.475,1,"LAMTOR5"
0.96758868453512,0.27145873554379,0.114,0.118,1,"UBQLN2"
0.329070470269736,-0.271447996801197,0.222,0.266,1,"TSC22D2"
0.595751640772138,-0.271418528707883,0.136,0.152,1,"MFSD5"
0.995878724824374,0.271349804711713,0.136,0.145,1,"DALRD3"
0.604738412445543,-0.271296263213195,0.108,0.121,1,"PLPBP"
0.291236692803511,0.271050373091729,0.403,0.354,1,"MAP4K5"
0.27262385025043,-0.270960721726391,0.159,0.202,1,"RFFL"
0.254359681319935,-0.270879358905257,0.119,0.162,1,"CENPT"
0.433334752947753,-0.270866524462608,0.415,0.461,1,"KDM6B"
0.504709078536782,-0.270588440714254,0.108,0.128,1,"KDM3B"
0.24838199266054,-0.270580632880355,0.25,0.313,1,"DOCK11"
0.17934616127971,-0.270567648651799,0.188,0.253,1,"RTCB"
0.0447006043866054,-0.270215234986105,0.455,0.579,1,"PSMA6"
0.0491020662229077,-0.270081467788113,0.125,0.209,1,"TENT4B"
0.857911460073632,-0.26988643671088,0.114,0.104,1,"INTS12"
0.0899729393637901,-0.269875353931031,0.347,0.455,1,"DYNLRB1"
0.473110417392299,0.269704601513074,0.432,0.418,1,"OSTC"
0.216752699393207,0.269664861117064,0.551,0.512,1,"PDE4D"
0.973735300769246,0.269615130747895,0.136,0.141,1,"ENSG00000288915"
0.197426446498844,-0.269613975947035,0.08,0.118,1,"BMP2K"
0.0531852148947039,-0.269497202408595,0.386,0.515,1,"TLN1"
0.285056293376059,-0.269267980615572,0.205,0.253,1,"MAP3K5"
0.204227831499733,-0.269247163194369,0.205,0.266,1,"LGALS3"
0.468772817299792,0.269196741336747,0.29,0.279,1,"ZEB1"
0.860877631202635,0.269053177465792,0.159,0.162,1,"SIKE1"
0.986197223370778,0.268892962690524,0.261,0.279,1,"ARHGAP4"
0.651311116925409,0.268837111759797,0.182,0.172,1,"USP3-AS1"
0.428690170632663,-0.268829341446966,0.125,0.152,1,"RUBCN"
0.923629507500721,0.26866394913859,0.182,0.189,1,"RPS6KA5"
0.870849219039249,0.26849256163562,0.284,0.303,1,"AKIRIN2"
0.195653563219292,0.268380668704328,0.619,0.562,1,"SPTAN1"
0.618653652488147,0.268347318165786,0.131,0.118,1,"TMEM106B"
0.289137117832309,0.268334414642047,0.312,0.276,1,"ABI3"
0.0109402560618577,-0.268266062329805,0.727,0.869,1,"FLNA"
0.840892868840963,0.268219135994001,0.182,0.182,1,"ATP13A3"
0.661934257801674,0.268121701106072,0.182,0.172,1,"DHX8"
0.615611335892891,-0.26800384017343,0.091,0.104,1,"BRWD3"
0.358353851007631,-0.267876399854768,0.199,0.232,1,"DOCK2"
0.296619844041737,-0.267847335159888,0.08,0.111,1,"RPGR"
0.265044608567957,-0.267567710671551,0.199,0.249,1,"NDUFA9"
0.246077725997754,-0.26750459843096,0.278,0.337,1,"CUL4A"
0.741627114690054,0.267393888942245,0.216,0.212,1,"TFIP11"
0.00891050146517248,0.267293900177567,0.938,0.899,1,"NPM1"
0.0726189497040091,-0.267292527200144,0.182,0.269,1,"ENSG00000291107"
0.183668128553395,-0.267125022664418,0.483,0.559,1,"ATP5MF"
0.3202524719754,-0.267026833008823,0.097,0.128,1,"R3HCC1"
0.0812802001200948,-0.266846904756064,0.449,0.562,1,"REEP5"
0.111248280963386,-0.266750473721772,0.227,0.303,1,"MRPS7"
0.359049215952787,-0.266732435227509,0.085,0.114,1,"RNF19B"
0.445992296219726,-0.266714224633548,0.159,0.189,1,"CSNK1G3"
0.247810552206965,0.266684774440876,0.426,0.404,1,"SEPTIN6"
0.624043833594805,0.266642043821773,0.125,0.152,1,"TRIM13"
0.144427976331876,-0.266585644302543,0.562,0.663,1,"U2AF1"
0.312847819289503,-0.266516955797205,0.165,0.212,1,"BICRAL"
0.108027313597101,-0.266439593388281,0.438,0.545,1,"NOP10"
0.565955872508801,0.266409959287238,0.239,0.226,1,"KAT2B"
0.430511415132857,-0.266329411882291,0.176,0.209,1,"CHTOP"
0.498540740139606,-0.266317522615264,0.159,0.182,1,"COMMD10"
0.397118429177459,-0.266264675879383,0.119,0.152,1,"NDUFAF4"
0.769921468336475,0.266170912293283,0.131,0.125,1,"SLC12A2"
0.114758804540691,-0.26602821230369,0.114,0.175,1,"HEXA"
0.224666164563887,-0.265975911804824,0.375,0.448,1,"CTSC"
0.0352498915149541,-0.265961947095609,0.443,0.579,1,"BBLN"
0.0358972076022393,-0.265872522047217,0.301,0.424,1,"UTRN"
0.11022089788537,-0.265747054885547,0.114,0.175,1,"SP2"
0.123321059311269,-0.265688559041946,0.148,0.209,1,"C6orf89"
0.187975719500335,0.265649239599564,0.642,0.653,1,"EIF3E"
0.169833455335889,-0.265551239544456,0.233,0.3,1,"TALDO1"
0.335171283110584,-0.265503744675737,0.472,0.502,1,"RWDD1"
0.0514836546501742,-0.265493041268458,0.341,0.434,1,"MECP2"
0.939386882708485,0.265478709431014,0.25,0.276,1,"DDB1"
0.138645537752,-0.265466272581144,0.273,0.347,1,"S1PR5"
0.62322963289992,-0.265261865227379,0.341,0.35,1,"LDLRAD4"
0.441627818504225,-0.265199495121666,0.148,0.175,1,"RNF13"
0.740012100537355,0.265140254532628,0.17,0.158,1,"NMI"
0.38326326628918,-0.265099326099727,0.091,0.118,1,"EIF2B1"
0.839609285160968,0.265017932956107,0.182,0.185,1,"GYG1"
0.884999573675036,0.26500015466986,0.21,0.219,1,"EGLN2"
0.268966470737401,-0.264980522686163,0.148,0.192,1,"KLHDC3"
0.341140446729864,-0.26477435942453,0.21,0.249,1,"NBEAL2"
0.0729202249029118,-0.264574384712646,0.318,0.431,1,"ARL8B"
0.959753284362854,0.264545054606206,0.119,0.121,1,"RP9"
0.227272527186414,-0.264401428423688,0.227,0.283,1,"ENSG00000234961"
0.17852134761068,0.264263124916015,0.5,0.468,1,"PNP"
0.182684797074408,-0.26413136686302,0.114,0.165,1,"KAT7"
0.400078986689316,-0.264037944028491,0.08,0.104,1,"GSS"
0.418585789317016,0.264021272415806,0.21,0.189,1,"HTATIP2"
0.659750274881808,0.263896000409038,0.108,0.098,1,"ELP3"
0.279894399953065,-0.263867678917767,0.205,0.259,1,"ITPKB"
0.631520966905908,0.263842791017719,0.267,0.256,1,"SSR1"
0.121807154545974,-0.263725440513786,0.205,0.283,1,"NFATC3"
0.408378029430453,-0.263621448344021,0.392,0.428,1,"BNIP2"
0.777196776664924,0.263490505824576,0.21,0.205,1,"DYNLT3"
0.889586980502285,-0.263320153423209,0.102,0.104,1,"FBXO28"
0.207284285903822,-0.263241942608532,0.085,0.125,1,"NUP205"
0.773471208647412,0.263179024502948,0.153,0.148,1,"UBE2W"
0.204953271164828,-0.263172101515509,0.222,0.276,1,"SLC20A1"
0.071626716047456,-0.262501544761451,0.341,0.441,1,"MRPL20"
0.415147368400967,-0.2623950199641,0.17,0.205,1,"EXOC6"
0.237031263728909,-0.262312361639759,0.136,0.182,1,"TNPO3"
0.32771008756626,-0.26230808519405,0.222,0.279,1,"MAP3K8"
0.416980855745807,-0.262229791048616,0.114,0.141,1,"PACSIN2"
0.396547065386217,-0.26221999425546,0.102,0.128,1,"ATF7IP2"
0.474378975463353,-0.261695435263138,0.136,0.162,1,"NARS1"
0.213940097311911,-0.261684335809173,0.295,0.364,1,"IL27RA"
0.0127389870692204,-0.261501370678369,0.631,0.781,1,"FMNL1"
0.368185673051453,0.261495844221875,0.415,0.418,1,"SERINC3"
0.963329834074828,0.261376532350326,0.239,0.263,1,"RBM14"
0.461138597276335,-0.261358439550785,0.17,0.205,1,"TMX1"
0.115727921802365,-0.261310930741932,0.256,0.34,1,"POLR2J"
0.375697241489222,-0.261251298102354,0.222,0.256,1,"ATF2"
0.170475890623369,-0.261177547952357,0.136,0.185,1,"DGCR6L"
0.143584787106177,-0.261149713691065,0.29,0.374,1,"SAFB2"
0.393929507028188,-0.261105314223675,0.165,0.199,1,"PTS"
0.325537815810622,-0.26102089953529,0.108,0.145,1,"OXNAD1"
0.208974509472999,-0.260928722668153,0.233,0.3,1,"DEGS1"
0.343348648673975,-0.260688141160955,0.074,0.101,1,"POP5"
0.524242193015754,-0.260622121605826,0.165,0.189,1,"KIF22"
0.219307186629492,-0.26029283618784,0.188,0.246,1,"CD2BP2"
0.435807033716744,0.260100014267014,0.358,0.347,1,"RALA"
0.396178011619864,0.260066171837707,0.261,0.236,1,"ITM2C"
0.964482061488645,0.25994955750849,0.205,0.212,1,"IL16"
0.0973230831041659,-0.259885353913341,0.438,0.545,1,"ID2"
0.288030896943977,-0.259848282235883,0.432,0.485,1,"TNFAIP8"
0.0522887960707005,-0.259839276126838,0.261,0.37,1,"CD63"
0.4802932588616,-0.259784532509427,0.188,0.215,1,"GTPBP1"
0.148132772175377,-0.259773485516512,0.347,0.418,1,"SEC11A"
0.27869727365429,-0.259698386237483,0.102,0.141,1,"CXorf38"
0.391902285868364,0.259500960987416,0.449,0.431,1,"ODC1"
0.29182811501471,-0.259325107818714,0.165,0.209,1,"CDC25B"
0.306626548519004,-0.259185582321427,0.136,0.172,1,"ZNF791"
0.328709537114535,0.259166692475154,0.375,0.34,1,"SSNA1"
0.0589684127273187,-0.259091125576441,0.284,0.391,1,"HNRNPUL2"
0.309613708609486,-0.259002800371752,0.114,0.148,1,"RNF24"
0.312268365755308,0.258932785703062,0.432,0.404,1,"WSB1"
0.0180154778004638,-0.258873681873781,0.915,0.966,1,"MT-ND2"
0.404375748003344,-0.258515605277018,0.142,0.172,1,"RHOT2"
0.770987373996265,0.258432279924789,0.227,0.229,1,"LEMD3"
0.0184615933826725,-0.258249692250687,0.659,0.771,1,"GABARAP"
0.779479446682502,0.258172150012436,0.153,0.148,1,"NCOA5"
0.282925937895742,-0.258092534832234,0.665,0.714,1,"JUNB"
0.339137357324725,-0.258052749166545,0.131,0.165,1,"RETREG2"
0.349507894032433,-0.257979389023689,0.278,0.33,1,"UBE3A"
0.516804797795988,0.25796925703838,0.42,0.481,1,"SLA"
0.615789296159296,0.257822309339753,0.295,0.29,1,"PRRC2A"
0.701275872944287,-0.257726738336812,0.148,0.162,1,"ENSG00000253980"
0.650324262580854,-0.257530471912204,0.17,0.185,1,"GMIP"
0.129067587720915,-0.25736743301638,0.085,0.135,1,"CD84"
0.136147892380987,-0.257364231428159,0.125,0.185,1,"MGMT"
0.378164750105931,0.257054568235206,0.352,0.323,1,"WDR82"
0.0637887457914822,-0.256859939822417,0.602,0.697,1,"GNG5"
0.0106958873250016,-0.256736517572596,0.597,0.751,1,"WIPF1"
0.480869262886955,0.256688282872598,0.716,0.771,1,"ARL6IP1"
0.386975423484105,-0.256666015904424,0.119,0.148,1,"VAPB"
0.238870489393656,-0.256596401375904,0.131,0.178,1,"DEDD2"
0.480337812327371,-0.256493896812136,0.102,0.125,1,"AVEN"
0.139243875459141,-0.256477881011895,0.244,0.32,1,"C18orf32"
0.231808475327355,0.256444890624009,0.21,0.165,1,"ZNF326"
0.245559496557873,-0.256435983264925,0.295,0.35,1,"RC3H1"
0.286372997227581,-0.256326524119426,0.097,0.131,1,"PES1"
0.762152276685617,0.256313449425637,0.108,0.101,1,"C6orf136"
0.666224447255106,0.256175871281001,0.102,0.091,1,"SNAPC5"
0.924154632253194,0.256155540921846,0.153,0.155,1,"ZNF830"
0.0373020409172076,-0.256036091061504,0.136,0.226,1,"UBE3C"
0.0417207958194973,-0.256023270369741,0.562,0.71,1,"SELPLG"
0.512786081294057,-0.255776429520383,0.085,0.104,1,"WARS2"
0.364827855788628,0.255414555220329,0.795,0.815,1,"KLF6"
0.95644948104795,0.255131994273596,0.102,0.104,1,"HDAC5"
0.496247516830516,0.255121962475752,0.261,0.239,1,"TSR3"
0.182351071190819,-0.254962689110878,0.267,0.333,1,"COPS8"
0.896971804842347,0.254954612265244,0.102,0.101,1,"SLC12A6"
0.000970062508859664,-0.254804929497662,0.989,0.99,1,"SH3BGRL3"
0.105407571564995,-0.254579219788781,0.102,0.158,1,"TRRAP"
0.000129567672881282,-0.254574525192377,1,1,1,"TMSB10"
0.0966569049722535,0.254180184038711,0.358,0.296,1,"MAP2K1"
0.0923353367434147,-0.254153527312463,0.312,0.404,1,"RNF168"
0.198682747791437,-0.254120407997374,0.369,0.448,1,"ZC3H15"
0.760651520189899,0.254101387784861,0.125,0.118,1,"ARL1"
0.237391822830431,-0.254040090995113,0.312,0.37,1,"LUC7L3"
0.0602388628880012,-0.253932224748388,0.193,0.279,1,"ARHGEF7"
0.41335109357241,-0.25344198352283,0.159,0.195,1,"MZT1"
0.322029647728547,-0.253234972526758,0.216,0.256,1,"RNF34"
0.0255576917684986,-0.253158249959067,0.165,0.269,1,"STOM"
0.690334685723789,0.253075867305173,0.114,0.101,1,"TSTD2"
0.282401313607135,-0.252950130190484,0.193,0.239,1,"HECA"
0.989402918711947,0.25289618006976,0.239,0.256,1,"EPB41L4A-AS1"
0.123312262705587,0.252890805999411,0.369,0.303,1,"ZFC3H1"
0.0251609046264872,-0.252751871665569,0.352,0.485,1,"EID1"
0.0861597049358604,-0.252716568903845,0.642,0.724,1,"NDUFA13"
0.263180237327026,-0.252318461052135,0.08,0.114,1,"POLRMT"
0.956628148941434,0.252241509255578,0.114,0.118,1,"IL17RA"
0.528565084370032,-0.252225902206675,0.131,0.152,1,"RPA1"
0.148654371118098,0.252174564974021,0.5,0.448,1,"SUPT4H1"
0.354224459726304,-0.252158456007539,0.097,0.128,1,"FRS2"
0.142670439031972,-0.252142438886594,0.165,0.229,1,"FLI1"
0.0593856908261244,-0.251975493530424,0.335,0.434,1,"CXCR3"
0.146704376284819,-0.251856212147861,0.148,0.209,1,"CUX1"
0.00295084014786588,-0.251629242578423,0.21,0.36,1,"ANKRD28"
0.718661426872361,0.251580693187799,0.25,0.253,1,"OSER1"
0.0162775234274423,-0.251527715417936,0.432,0.586,1,"GCC2"
0.0923975285957668,-0.251507304935923,0.528,0.653,1,"XRCC5"
0.809303928354368,0.251297343450556,0.131,0.125,1,"RANBP3"
0.498383857034308,-0.251146035713294,0.312,0.343,1,"PLEKHO1"
0.352728055778489,0.251129897577646,0.222,0.185,1,"UBE2O"
0.352031038308937,-0.251092711205277,0.08,0.108,1,"HELQ"
0.696471177878035,0.251051441838801,0.239,0.242,1,"SAR1B"
0.17233540178806,-0.251025035958167,0.148,0.205,1,"CDS2"
0.505410897910984,0.250754925636087,0.188,0.172,1,"BOLA3"
0.470116565432981,0.250608297772561,0.25,0.229,1,"HERC4"
0.176589372385806,-0.250607933043979,0.227,0.296,1,"ARL8A"
0.000739265704167293,0.250607355818459,0.983,0.98,1,"RPL9"
0.429698815318902,-0.250334995850249,0.375,0.407,1,"MED4"
0.206164625024154,-0.250049749399235,0.17,0.226,1,"FHIP2A"
0.996851599489189,0.249901742388511,0.199,0.209,1,"NOTCH2"
0.43054142006422,-0.24970889945775,0.102,0.128,1,"TMEM161B"
0.113603012552055,-0.249645195444503,0.324,0.414,1,"PPHLN1"
0.0342489452697884,-0.249569270104742,0.5,0.646,1,"GNB2"
0.192605068433592,-0.249432719514652,0.511,0.559,1,"VDAC1"
0.376521611736577,-0.249373493297578,0.119,0.152,1,"LCMT1"
0.0517536539998472,-0.249259663817106,0.472,0.593,1,"ARHGAP15"
0.144804915838713,-0.249123009039779,0.244,0.323,1,"ECH1"
0.0826181109597592,-0.249108092227018,0.29,0.384,1,"MICOS10"
0.492131054205661,-0.249042109336688,0.097,0.118,1,"DAPK3"
0.321776563917662,-0.248799220033421,0.097,0.128,1,"MRGBP"
0.0755681108777138,-0.248060451380286,0.585,0.677,1,"NFATC2"
0.462635035866183,-0.24803780342627,0.102,0.125,1,"IBTK"
0.320639833792596,-0.24803011374002,0.091,0.125,1,"PINK1"
0.211646182138214,-0.248017518990855,0.142,0.189,1,"RPS6KB2"
0.744000557981857,-0.247738571824103,0.136,0.145,1,"PATL2"
0.471524862128795,-0.247576932753838,0.114,0.138,1,"DOP1A"
0.797539902279252,0.247443293742072,0.227,0.229,1,"SNX2"
0.0213539235522096,-0.247379603353866,0.545,0.673,1,"FOXP1"
0.41869188450676,-0.2472440946071,0.108,0.135,1,"IL12RB1"
0.107322375978214,-0.247175440531847,0.193,0.273,1,"ISY1"
0.326775304222066,0.247122440102181,0.193,0.162,1,"SC5D"
0.750102372457636,0.247071406622065,0.284,0.323,1,"PANK2"
0.727844804743826,0.247009935086478,0.261,0.3,1,"PHACTR2"
0.63826491574502,-0.246916427890977,0.097,0.111,1,"KHNYN"
0.671803617223318,0.246914601802903,0.318,0.313,1,"RBBP4"
0.533521610323589,0.246700630391302,0.256,0.239,1,"RELCH"
0.543746662015448,0.246698162339887,0.188,0.165,1,"EXOSC3"
0.306909939975737,-0.246462078987661,0.239,0.29,1,"GCLM"
0.407638302814275,-0.246461796756911,0.085,0.111,1,"ZNF281"
0.187162694846778,-0.246385863985533,0.506,0.562,1,"UFC1"
0.0341723290126086,-0.246351019047581,0.324,0.444,1,"PRDX5"
0.801666830837838,0.246331292075945,0.233,0.239,1,"CNST"
0.386824486214669,-0.24626369326304,0.261,0.306,1,"MMP24OS"
0.505865971652894,0.24612422578748,0.21,0.185,1,"QARS1"
0.267935596699117,-0.246120015210667,0.324,0.387,1,"ABI1"
0.000421981786223383,0.245937453964093,1,0.997,1,"RPL10A"
0.164955023249201,-0.24591009995653,0.545,0.626,1,"SRSF5"
0.457883515969903,-0.245837796084778,0.08,0.101,1,"AIMP2"
0.0546413600314325,0.245794919581276,0.784,0.811,1,"SSR2"
0.498890601450498,0.245783019658182,0.216,0.199,1,"NME3"
0.497971050244707,-0.245709264700613,0.091,0.111,1,"CHUK"
0.589686616543886,0.245555581331698,0.131,0.118,1,"GFER"
0.4075454892349,0.245059341562469,0.33,0.31,1,"RAB1A"
0.355124365545255,-0.245010624565971,0.131,0.165,1,"TIGAR"
0.200692993589877,-0.244993373074641,0.188,0.249,1,"VPS36"
0.182708919973066,-0.244854606323403,0.239,0.306,1,"ATP6V1D"
0.484980742261891,0.244837124505962,0.125,0.104,1,"WRAP73"
0.568297966340191,0.244833415487858,0.199,0.189,1,"JADE2"
0.0738677620988289,-0.244749727647568,0.33,0.428,1,"ATP6V0B"
0.791283050194281,0.244672807651935,0.114,0.108,1,"TTC39B"
0.437016948187554,-0.244535048974451,0.091,0.114,1,"RHOT1"
0.312449079916308,-0.244504553264963,0.125,0.162,1,"ANKRD36C"
0.480351327247021,-0.244470019604465,0.08,0.101,1,"SYNJ1"
0.331839630244378,0.24440789450589,0.557,0.556,1,"SYF2"
0.408305494092017,0.244254551995883,0.142,0.114,1,"RUVBL1"
0.627126556335537,0.244207288515363,0.114,0.101,1,"FOXP4"
0.329054444167305,-0.244186575154145,0.148,0.185,1,"BTBD10"
0.00998496283748077,-0.244162304200549,0.983,0.98,1,"CRIP1"
0.413006128734338,0.24410608302067,0.131,0.104,1,"GSKIP"
0.316306969844235,-0.244041237160969,0.102,0.138,1,"MPPE1"
0.892596127569107,0.243926763436038,0.21,0.212,1,"ESYT1"
0.714520186977459,-0.243884683629832,0.244,0.263,1,"POLE3"
0.575162375302833,-0.243789982717321,0.119,0.135,1,"SH2B3"
0.171538663906769,-0.243763063031154,0.136,0.192,1,"SERINC5"
0.412076051423877,-0.243547229515183,0.131,0.158,1,"PIP4P1"
0.339015555481442,-0.243523444606091,0.227,0.276,1,"SPIDR"
0.128541393206077,-0.243430625122021,0.369,0.444,1,"NDUFC2"
0.171915105388884,-0.243321321599452,0.29,0.37,1,"RB1"
0.20085927362277,-0.243112929003363,0.244,0.306,1,"ZNF451"
0.25459482128993,0.243109949527119,0.466,0.451,1,"RAB11A"
0.319771120010594,-0.243093021620408,0.432,0.468,1,"PLEKHA2"
0.28746976356555,0.242954048262006,0.46,0.455,1,"CIAO2B"
0.747304562744,0.242904838257092,0.216,0.209,1,"PTTG1IP"
0.69965352005182,0.242535457749562,0.159,0.152,1,"TWF1"
0.911699973311139,0.242503435977249,0.102,0.101,1,"MRPS33"
0.118338402303998,-0.242472246909429,0.267,0.337,1,"POLR1H"
0.222406906730002,-0.24241399323156,0.114,0.158,1,"TMEM126A"
0.648921733287816,0.242311256015445,0.102,0.091,1,"GOT2"
0.267491784860484,-0.242103439200385,0.17,0.222,1,"NUP214"
0.843991500403471,0.242033380429662,0.119,0.131,1,"CREBL2"
0.71766796552831,0.241870927555637,0.33,0.34,1,"MAT2A"
0.172352274888406,0.241864961702943,0.449,0.394,1,"PNRC2"
0.208302003023283,-0.241787591841457,0.074,0.111,1,"CDK19"
0.01574752191215,-0.241525984345847,0.938,0.953,1,"SERF2"
0.302053137701331,0.241472790958519,0.432,0.407,1,"NDUFS6"
0.340738873408965,-0.241404442253446,0.119,0.155,1,"YTHDC2"
0.0842608560495743,-0.241318426154634,0.102,0.162,1,"MEX3C"
0.560984044847851,-0.241220715949389,0.131,0.148,1,"HDAC4"
0.601489981868503,-0.240960033362296,0.182,0.202,1,"ZZEF1"
0.559797001877108,-0.240948532251466,0.153,0.172,1,"RASSF1"
0.537911612269825,-0.240862388005038,0.153,0.175,1,"TERF1"
0.244250494988014,-0.240746531892115,0.239,0.293,1,"RNF111"
0.284352387765847,0.24058887391799,0.653,0.64,1,"LPXN"
0.0961559634896313,-0.240532169595745,0.318,0.414,1,"PRKX"
0.358050648859313,-0.240501612830209,0.165,0.202,1,"MED31"
0.476946335283435,0.240432334887092,0.148,0.125,1,"PSMD10"
0.856778729907685,0.240414036135682,0.119,0.118,1,"TEX264"
0.340775446526767,-0.240056898204397,0.125,0.162,1,"NPLOC4"
0.259490094761857,-0.239822266632161,0.136,0.178,1,"PARL"
0.517785970554498,-0.239779087482451,0.091,0.111,1,"ARID3B"
0.356984656245754,-0.239770760768248,0.085,0.114,1,"SNIP1"
0.95501835550022,0.23975304901818,0.233,0.249,1,"DENR"
0.568935891242598,-0.239701698638325,0.142,0.165,1,"CSNK1G1"
0.516376269839177,-0.239692194740107,0.415,0.451,1,"TMEM43"
0.000424204636928033,0.239547665245441,0.994,0.997,1,"RPSA"
0.340738320095812,-0.239418325246606,0.085,0.114,1,"GOLGA3"
0.390019007014313,-0.239306041196806,0.136,0.165,1,"TIMM50"
0.854739459403613,0.239058413873666,0.148,0.145,1,"GPR89B"
0.96966399355295,0.239032632036115,0.159,0.172,1,"SRSF8"
0.499260573088505,0.238994860984514,0.199,0.178,1,"TBPL1"
0.31111219079403,-0.238756919448752,0.188,0.229,1,"ASCC3"
0.920659812117033,0.238645631924314,0.159,0.162,1,"REPS1"
0.073537264624036,-0.238518196326027,0.364,0.481,1,"ITGAL"
0.100752357077878,-0.238178631284841,0.358,0.438,1,"UQCRQ"
0.138616239400368,-0.23814614735471,0.369,0.448,1,"PA2G4"
0.0293602653352032,-0.238046053974421,0.523,0.636,1,"TAF10"
0.585521946787558,0.237996432025935,0.188,0.172,1,"ACAA1"
0.171167021914324,-0.237844079998442,0.182,0.236,1,"SNX5"
0.0504496568372943,-0.237607063824662,0.409,0.519,1,"PSME2"
0.507568987908267,-0.237566332676773,0.085,0.104,1,"LRRC37A3"
0.83906506759891,0.237353309133474,0.136,0.135,1,"GPAA1"
0.441346307048781,-0.237298551719043,0.381,0.434,1,"ATP6V0D1"
0.00993465238739727,-0.237289692109075,0.892,0.96,1,"ARPC2"
0.83680674965145,0.237228411913853,0.222,0.219,1,"KPNA5"
0.00168111944033017,-0.237215372246951,0.972,0.983,1,"HLA-E"
0.0944551469941863,-0.237168964612887,0.301,0.391,1,"GYPC"
0.277035256721861,-0.237143945135641,0.119,0.155,1,"SAMD4B"
0.935214757288269,0.236983537317252,0.131,0.131,1,"WDFY1"
0.393857799729255,-0.236713459958062,0.114,0.145,1,"HIVEP1"
0.350947671254332,-0.236577297926311,0.153,0.189,1,"NAA15"
0.253416902719325,-0.236509240183367,0.159,0.209,1,"FBXL3"
0.0949368706186215,-0.236331528803895,0.784,0.855,1,"CD74"
0.00821337829128102,0.236150714211478,0.909,0.906,1,"HSP90AB1"
0.000187404992619744,0.236070441258691,1,1,1,"RPS3A"
0.201296161496838,-0.23604430949145,0.199,0.263,1,"BMAL1"
0.0834279531815734,0.235810247043701,0.79,0.781,1,"SNHG6"
0.516398476329373,0.235751416169043,0.21,0.189,1,"VBP1"
0.120407781609203,-0.235721965457023,0.153,0.222,1,"PPM1A"
0.258209938593114,-0.235704984920909,0.074,0.108,1,"XKR6"
0.613574061476888,-0.235635342273974,0.114,0.131,1,"DPM3"
0.494007616523086,-0.235257441769108,0.159,0.185,1,"BTBD1"
0.361478723441909,-0.234994715796181,0.153,0.192,1,"USP1"
0.296290981226112,0.234947828304436,0.631,0.646,1,"RNF149"
0.243424557284672,-0.234851557707831,0.199,0.256,1,"TINF2"
0.135473035440557,-0.234847087170128,0.301,0.38,1,"NDUFB6"
0.449602103871311,-0.234806683755088,0.136,0.165,1,"HACD3"
0.125240274228608,-0.234787567127808,0.466,0.542,1,"TES"
0.790463742777895,0.234755132150813,0.176,0.199,1,"OTULINL"
0.120083145027352,-0.234458238631233,0.358,0.428,1,"GRK2"
0.973903129242166,0.234411546613798,0.136,0.145,1,"GMFB"
0.160068515020575,0.234402660706395,0.54,0.485,1,"TUBB"
0.289496680318592,-0.234346802761332,0.091,0.125,1,"NADSYN1"
0.409329359589424,-0.234287040651145,0.08,0.104,1,"ENSG00000287555"
0.0651199588348404,-0.234210803540761,0.335,0.438,1,"KDM7A"
0.0164744158402142,-0.234106005365453,0.295,0.441,1,"AGPAT4"
0.612314657106025,0.233992495943145,0.108,0.094,1,"MAP2K5"
0.990051052539226,0.233855603497829,0.142,0.148,1,"FAM120A"
0.299329891638949,-0.233682649654892,0.318,0.364,1,"MED10"
0.903978499091394,0.233642269886648,0.125,0.125,1,"ARNT"
0.606648012256774,0.233594706294259,0.102,0.121,1,"DYNC2I1"
0.197117011898156,-0.233563593565071,0.29,0.354,1,"PHIP"
0.312441146857428,0.233544929375403,0.688,0.754,1,"SLC2A3"
0.455143027530557,0.233507795354197,0.102,0.081,1,"LONP1"
0.415799920997375,-0.233229099735242,0.091,0.118,1,"NELFB"
0.0746624196292723,-0.233082466141223,0.443,0.549,1,"PREX1"
0.255941030606428,-0.232951480072836,0.097,0.135,1,"POLR3E"
0.876567396744527,0.232692400225247,0.153,0.152,1,"CLIC5"
0.186007322824982,-0.232629187538981,0.449,0.522,1,"RAB5IF"
0.324724632630256,-0.232580826708828,0.199,0.239,1,"FGD3"
0.371439091171238,-0.232312371664367,0.256,0.303,1,"VOPP1"
0.359040218873339,-0.232172458013652,0.17,0.212,1,"CASC3"
0.480940320821509,0.231974213486248,0.307,0.3,1,"USP33"
0.000133843930926258,0.231734365110173,1,0.997,1,"RPL17"
0.256445213103683,-0.231541890067755,0.085,0.125,1,"ENOPH1"
0.0807710831290404,-0.231424092462271,0.261,0.347,1,"HMGN4"
0.0935283734798753,-0.231416259298864,0.648,0.697,1,"PBXIP1"
0.385665235052286,-0.231376330084372,0.148,0.182,1,"BLOC1S6"
0.162153468172163,-0.231047077655735,0.398,0.475,1,"ELMO1"
0.273293613390443,-0.231045047646501,0.511,0.552,1,"KHDRBS1"
0.974446026415802,0.231023830430749,0.244,0.269,1,"GTF2F1"
0.0299217767415782,-0.230885188232664,0.784,0.869,1,"TLE5"
0.458884479666795,0.230881958688252,0.148,0.125,1,"STRN3"
0.28957237351576,-0.23087582262782,0.102,0.138,1,"TMEM120B"
0.35884154688181,0.230792266049953,0.398,0.374,1,"MAPRE1"
0.226131996269986,-0.230730318995729,0.17,0.222,1,"CCNT1"
0.595581034784916,-0.230690678111013,0.239,0.263,1,"GATAD2A"
0.565830739530894,-0.230621018292649,0.085,0.101,1,"ENTR1"
0.0175464232359478,-0.230411873065349,0.347,0.512,1,"TUT4"
0.721782083724173,0.230392792853263,0.33,0.337,1,"NEK7"
0.265458412818149,0.230290814965044,0.398,0.377,1,"CCT8"
0.334620486975968,0.23025395183039,0.119,0.091,1,"GOLGA1"
0.460084545510151,-0.230185535603203,0.085,0.108,1,"WWC3"
0.391135402765417,-0.23010756960515,0.125,0.158,1,"DDX49"
0.349095738940136,-0.230085262175112,0.125,0.158,1,"PPIP5K2"
0.337190055408329,-0.229972728080861,0.239,0.269,1,"SF3B3"
0.609772027380273,0.229927208322304,0.392,0.414,1,"SURF4"
0.303380798614642,-0.229910970780201,0.205,0.253,1,"DARS1"
0.294994853365697,0.229815101359225,0.318,0.29,1,"RABEP1"
0.290558284870572,0.229739034001387,0.46,0.451,1,"NAP1L4"
0.401735773961928,-0.229638567859366,0.142,0.175,1,"RPAP2"
0.623867875130765,0.229612777681011,0.227,0.266,1,"SACM1L"
0.103979542491021,-0.229603291992073,0.244,0.323,1,"ITGB7"
0.203027040383448,-0.229542848535934,0.142,0.199,1,"ABCE1"
0.602515766235502,0.229117965633691,0.182,0.175,1,"USP11"
0.2974990858169,0.229056083833204,0.54,0.512,1,"NSD3"
0.780383425535895,0.229029876785999,0.199,0.195,1,"ACTR10"
0.434159975632824,-0.228948172414772,0.136,0.165,1,"PRR14"
0.193743087992694,-0.228920094544009,0.102,0.145,1,"CDK5RAP2"
0.00123862917574329,-0.228913278426731,0.955,0.997,1,"PFN1"
0.836989000938087,0.228900400262487,0.148,0.145,1,"PLEKHG2"
0.379397584996568,0.228847768048984,0.176,0.152,1,"HOXB2"
0.869468124319816,0.22857178976254,0.205,0.226,1,"HMCES"
0.943349507014022,0.228547064791467,0.21,0.226,1,"NFKBIB"
0.418451084160259,-0.228481530590256,0.25,0.286,1,"CIAO1"
0.28191162224323,-0.228373276130451,0.136,0.175,1,"C22orf39"
0.715460334177634,0.228234337526407,0.233,0.215,1,"SFXN1"
0.508374063518517,-0.228232364571539,0.136,0.162,1,"ZNF277"
0.104811859523741,-0.228191141485966,0.324,0.424,1,"CCNY"
0.0767471079351194,-0.228061400232564,0.233,0.323,1,"RTF2"
0.499954968873626,-0.228030083438759,0.227,0.253,1,"TMEM30A"
0.918514371737916,0.227876035303463,0.165,0.168,1,"GTF2A1"
0.799243493644791,0.227779076094286,0.301,0.333,1,"ZNF148"
0.252527141282588,-0.22774446498155,0.102,0.145,1,"SRGAP2"
0.0420442892763726,-0.227724916080657,0.631,0.694,1,"CCSER2"
0.586713915367874,0.227619598094937,0.148,0.131,1,"MAGT1"
0.0351657898670179,0.2276151942277,0.807,0.808,1,"CYTIP"
0.76660133325148,0.227499292428234,0.114,0.128,1,"FBXL14"
0.689250509069271,0.227486829971113,0.29,0.296,1,"MEF2D"
0.901643982448508,0.227401402829274,0.244,0.249,1,"GALM"
0.0857783568554846,-0.227078233166511,0.438,0.545,1,"WAC"
0.695286177333279,0.227044723077738,0.273,0.273,1,"EIF3B"
0.436708782964222,-0.22699726251681,0.284,0.323,1,"FXR1"
0.449367515323137,0.226886162666763,0.142,0.118,1,"ARMC1"
0.578760511872822,-0.226841257444023,0.102,0.121,1,"RNASEH2C"
0.468522760575576,0.226802544653333,0.614,0.62,1,"PIK3R1"
0.301846730558858,-0.226735067783337,0.119,0.155,1,"TMEM11"
0.182587837180471,-0.226566238125969,0.364,0.434,1,"EMB"
0.528202686897336,-0.22642984249291,0.125,0.148,1,"ADRB2"
0.481704328322823,-0.226415714707507,0.176,0.205,1,"SNX20"
0.261428404664938,-0.226336515095465,0.477,0.529,1,"TNIP1"
0.39390397544587,-0.226210815296721,0.159,0.192,1,"PCSK7"
0.836242695174889,0.226123854073307,0.108,0.118,1,"BET1"
0.751745965537533,0.226016887306218,0.239,0.242,1,"ZNF131"
0.190897032823355,-0.225965605092229,0.188,0.256,1,"U2AF2"
0.667335564764121,0.225892942341508,0.17,0.202,1,"SMIM29"
0.201114522242451,-0.225743251983213,0.205,0.266,1,"CDCA4"
0.491642284419028,0.225688882965719,0.347,0.327,1,"UBE2R2"
0.854362295422181,0.22559796130005,0.46,0.492,1,"ACTN4"
0.208950949949922,-0.225591326578508,0.324,0.387,1,"KPNA4"
0.0143805813362389,0.225567039078324,0.983,0.97,1,"SARAF"
0.764602433425745,0.225556897877439,0.159,0.152,1,"ECHDC1"
0.326454456032842,-0.225501515930314,0.386,0.431,1,"HNRNPH3"
0.873821849934224,0.225420327178418,0.267,0.276,1,"BORCS5"
0.178092933468488,-0.225299658183106,0.455,0.532,1,"SDF4"
0.75787478069639,0.225266761028412,0.182,0.178,1,"CCDC93"
0.834335826137201,-0.225087539364951,0.102,0.094,1,"IMMP2L"
0.986725788762319,0.225053931791461,0.199,0.215,1,"TMUB1"
0.278684312646216,0.224989335236179,0.642,0.667,1,"PITPNC1"
0.744756730069985,0.224923072619073,0.102,0.094,1,"MON1B"
0.403739049239655,0.224903811062032,0.239,0.209,1,"STARD7"
0.55220647541301,-0.224901432748318,0.142,0.162,1,"SMC6"
0.905383885558956,0.224876573404938,0.102,0.101,1,"PURB"
0.0125124088446501,0.224875942352761,0.983,0.997,1,"RPL22"
0.350846076110967,0.224863718729138,0.335,0.313,1,"TMCO1"
0.684078153377175,0.224222874094435,0.216,0.212,1,"RAB3GAP2"
0.162743082683695,-0.223974054493607,0.136,0.192,1,"MBD5"
0.306884610110982,-0.22388465046017,0.102,0.135,1,"ARL3"
7.33732378601099e-05,-0.223770952541683,1,0.997,1,"RPS10"
0.0427955075811601,-0.223647039811056,0.574,0.69,1,"ATP5MC3"
0.315194539340114,-0.223616730817452,0.205,0.253,1,"AGFG1"
0.300138512615174,-0.22354851657276,0.312,0.364,1,"TRPC4AP"
0.133992479894595,-0.223522464556102,0.182,0.253,1,"PEX16"
0.308213714600875,-0.223504451879009,0.097,0.131,1,"CANT1"
0.219301615770254,-0.22344812677294,0.08,0.118,1,"PGP"
0.239137851868166,-0.223382591952153,0.159,0.209,1,"RAB4B"
0.983870736838263,0.223297231730141,0.136,0.141,1,"MRPL58"
0.113667001333868,-0.223172669678906,0.108,0.168,1,"KIAA1143"
0.378448231484896,-0.223078890958732,0.222,0.269,1,"AZIN1"
0.30463647360327,-0.222907290011402,0.182,0.229,1,"LINC00623"
0.348185453357746,0.222821529231042,0.438,0.414,1,"ARIH1"
0.443254616362806,-0.222691698019241,0.193,0.226,1,"HEBP2"
0.214761678144633,-0.222671270090766,0.153,0.205,1,"DDX54"
0.56666459408243,0.222624509658747,0.307,0.296,1,"PJA2"
0.189973496648284,-0.222609782182111,0.102,0.148,1,"RBBP5"
0.75784052817066,0.222514226874675,0.125,0.118,1,"TOMM40"
0.2627494026394,-0.222404963244744,0.347,0.394,1,"STIM2"
0.925847899283447,0.222098761458229,0.188,0.195,1,"WDR7"
0.0355005088348941,-0.221994302222056,0.375,0.512,1,"SRP9"
0.312671054547828,-0.221639242326834,0.136,0.175,1,"RING1"
0.901810263811086,0.221637751042769,0.148,0.148,1,"ABTB3"
0.363616969330631,-0.221550112890593,0.074,0.101,1,"TRUB2"
0.0397738489726579,-0.221172327750084,0.295,0.414,1,"GLG1"
0.0846434142677905,-0.221070174307034,0.551,0.643,1,"ARPC5"
0.063905674679273,-0.221049646329121,0.75,0.848,1,"MSN"
0.769787701163385,0.22104607487787,0.25,0.246,1,"HDLBP"
0.00106423750354794,0.221039916919233,0.994,0.993,1,"RPL21"
0.452969650257042,-0.221004817550617,0.114,0.138,1,"NUP42"
0.141906392399896,-0.220984270724442,0.295,0.391,1,"TBRG1"
0.490296519415255,0.220685666492858,0.233,0.215,1,"BANF1"
0.888754726560079,0.220621479128715,0.136,0.135,1,"HPS6"
0.444660245761871,0.220614836538188,0.29,0.273,1,"IMPDH2"
0.102520890131008,-0.220398697562423,0.193,0.283,1,"AATF"
0.160936781072204,-0.220359220403646,0.284,0.364,1,"CAPRIN1"
0.135472989690224,-0.219986264705131,0.301,0.38,1,"DYM"
0.338633062625807,-0.219957421805643,0.46,0.512,1,"RALGDS"
0.368754220621996,-0.219772230748981,0.205,0.242,1,"GPR174"
0.00558497784540017,-0.219771444530578,0.994,1,1,"HLA-C"
0.616125118576139,0.219744227061617,0.091,0.108,1,"TBC1D22A-DT"
0.332011983105319,-0.219570332115824,0.136,0.178,1,"NOL11"
0.0640204987804937,0.219462831222553,0.801,0.832,1,"RAN"
0.479574608114767,-0.219424742396387,0.148,0.175,1,"PPP1R15B"
0.348516337368427,-0.219374371927727,0.091,0.121,1,"FAF2"
0.00977993913972745,-0.219311164377083,0.716,0.865,1,"ANKRD12"
0.310722678858831,-0.219253948343506,0.193,0.239,1,"PRKCI"
0.439725367457441,-0.219142108537097,0.097,0.121,1,"ZMYM6"
0.684360575424152,0.219084121391729,0.193,0.182,1,"MGAT5"
0.496600106653493,-0.218916210873979,0.125,0.148,1,"COIL"
0.334652717432244,-0.218754544283438,0.21,0.259,1,"MPC1"
0.71432707615898,-0.218738164469408,0.472,0.498,1,"REL"
0.868655131432607,0.218466505281074,0.222,0.242,1,"NAA10"
0.934205613554987,0.218459509172216,0.114,0.114,1,"SFMBT1"
0.206855806932501,-0.218328050479577,0.256,0.32,1,"BCAS2"
0.0924089658248551,-0.21829839666121,0.347,0.461,1,"BTBD9"
0.439383670458716,0.218277671760066,0.25,0.222,1,"BECN1"
0.110131359746401,-0.218240274307568,0.199,0.283,1,"PRMT1"
0.73890650260222,0.218207363639183,0.489,0.515,1,"RAB8B"
0.767171882534136,0.218146623461574,0.108,0.101,1,"MAP3K14"
0.353100335086234,-0.217900364172672,0.131,0.165,1,"NIN"
0.360738286124169,-0.217786493572826,0.21,0.256,1,"PRKAR2A"
0.603400540853929,-0.217485692608962,0.085,0.101,1,"CSTF2T"
0.956260288494906,0.217480950835893,0.17,0.182,1,"TMEM70"
0.365866939188974,-0.217350331019473,0.295,0.333,1,"NCOA1"
0.717288011372421,0.2172830142761,0.17,0.165,1,"PSMB8-AS1"
0.296784383393433,-0.217271109554332,0.5,0.566,1,"FOXN3"
0.705712488686819,0.217264095955581,0.301,0.31,1,"POLR2I"
0.242631427804069,-0.217154269737452,0.125,0.172,1,"LYSMD3"
0.765343485184241,0.217050068799444,0.125,0.118,1,"PDPK1"
0.298037035351589,-0.217041844527853,0.074,0.104,1,"ANKRD27"
0.28048834775076,-0.216980956005104,0.222,0.276,1,"PSMC2"
0.455849848896542,-0.216979661459458,0.358,0.384,1,"ACIN1"
0.541901979438565,-0.21680554778192,0.119,0.138,1,"HTRA2"
0.0727453462793929,-0.216740665254679,0.318,0.411,1,"CENPC"
0.267580960589564,-0.216687550473054,0.136,0.178,1,"CACUL1"
0.988034070901554,0.216534164720725,0.165,0.168,1,"TIMM17B"
0.0540251563278476,-0.216329511273996,0.659,0.774,1,"COX6B1"
0.249185842919308,0.216114766489667,0.455,0.411,1,"PIM3"
0.187570790967158,-0.216111052382853,0.403,0.492,1,"PET100"
0.471250980786378,-0.21605878297084,0.301,0.347,1,"FIP1L1"
0.912255614350623,0.215913520964925,0.216,0.232,1,"MRPS5"
0.432920452035281,0.215862658222843,0.528,0.532,1,"USP3"
0.459270683023575,-0.215228790584514,0.085,0.108,1,"SGK3"
0.67033288671874,0.215154133708437,0.131,0.118,1,"TRMT6"
0.878898909978994,0.215139332995864,0.125,0.131,1,"STYX"
0.716356100049842,0.21503740637606,0.278,0.286,1,"GORASP2"
0.170472341230051,-0.214984267687457,0.75,0.848,1,"SQSTM1"
0.762527260692985,0.214962830454615,0.125,0.118,1,"HIF1AN"
6.92079356046393e-05,0.214955249614352,1,1,1,"RPL3"
0.305271112335758,-0.214920491141436,0.142,0.182,1,"BRMS1"
0.264557544596283,-0.214920216576904,0.176,0.226,1,"HADHB"
0.314363181457645,-0.214877491601392,0.085,0.118,1,"HDGFL2"
0.149612486539503,-0.214815947512317,0.403,0.505,1,"MTDH"
0.582001206466357,0.21480920390341,0.125,0.148,1,"MRPS25"
0.90491343472319,0.214683826545689,0.108,0.114,1,"ANKRD49"
0.96669540224989,0.214540824693404,0.148,0.155,1,"WRNIP1"
0.361211466775094,-0.214492336720618,0.08,0.108,1,"IGFBP3"
0.329322538972391,-0.214286735459387,0.364,0.404,1,"ILK"
0.142287980526896,-0.214098622990158,0.119,0.175,1,"TIMM23B"
0.826767378451929,0.213930344698162,0.33,0.34,1,"LINC01138"
0.507815298610657,0.213716117752288,0.477,0.485,1,"RPN1"
0.0110122426950541,-0.213669613324718,0.909,0.993,1,"S100A10"
0.482135825679045,-0.213553934254693,0.188,0.215,1,"TNFRSF1A"
0.748909255815908,0.213484004803306,0.29,0.303,1,"FAM204A"
0.486653288018248,-0.213469487836923,0.108,0.131,1,"UTP23"
0.00229430840184906,0.213383462721833,1,1,1,"UBA52"
0.0951227248376306,-0.213168387459595,0.347,0.441,1,"TPR"
0.822044543483945,0.21315821003163,0.114,0.108,1,"ACSF3"
0.279494911431961,-0.213077479479041,0.227,0.283,1,"HDAC1"
0.279294955867648,-0.212950688411827,0.222,0.279,1,"NUMA1"
0.950193758825968,0.212939170715659,0.17,0.178,1,"PYCR2"
0.27711551873006,-0.212860266342145,0.176,0.229,1,"MIEN1"
0.745102355201813,-0.212661333669907,0.102,0.111,1,"METTL14"
0.110778165375236,-0.212565119808052,0.352,0.458,1,"ZNF644"
0.333708366652403,-0.21255219295964,0.528,0.596,1,"GPS2"
0.044955018686066,-0.212382868770093,0.46,0.569,1,"TAPBP"
0.747865161919873,0.212340689771345,0.153,0.172,1,"ENSG00000291149"
0.549197291815964,-0.21208049800235,0.091,0.108,1,"ARHGEF6"
0.203004009875116,-0.212080036607644,0.261,0.316,1,"MGST3"
0.712105169568595,0.211990370122504,0.148,0.138,1,"ZMPSTE24"
0.517059611330572,0.211920212783163,0.358,0.35,1,"VIM-AS1"
0.583169105579789,0.21190303135653,0.364,0.357,1,"APLP2"
0.0692336799535511,-0.211593835364851,0.506,0.613,1,"UQCR11"
0.859740265704748,0.211591542812345,0.108,0.104,1,"RAB39B"
0.22564248793754,-0.211502366462091,0.295,0.357,1,"PSIP1"
0.926732717898165,0.211391840610465,0.261,0.266,1,"ZC3H18"
0.28944543102424,-0.211373717063202,0.125,0.158,1,"PRPF39"
0.108279643196591,-0.211241069337803,0.25,0.32,1,"TRANK1"
0.472778160058184,0.211168734316228,0.42,0.407,1,"TM9SF3"
0.593325758901737,-0.211084778277971,0.153,0.175,1,"ATL3"
0.920462532730487,0.211062439211586,0.119,0.118,1,"PIN4"
0.307808632609805,-0.210648735932178,0.091,0.125,1,"NSUN5"
0.767514319013877,0.210431345991003,0.193,0.195,1,"MRPS26"
0.677496112635992,0.21002629568126,0.165,0.189,1,"IARS1"
0.340751550794238,-0.209928059039469,0.097,0.128,1,"MRPL12"
0.653413516610886,-0.209786993655023,0.278,0.293,1,"SRSF1"
0.838838824750283,0.209646414555896,0.125,0.121,1,"MRPL39"
0.207374383378886,-0.20963456850886,0.102,0.148,1,"CDK5RAP1"
0.491779209497366,0.209600116689479,0.381,0.38,1,"ARPP19"
0.985868860179986,0.209380327598294,0.119,0.125,1,"RERE"
0.346358553967505,0.209378796156013,0.199,0.162,1,"ADA"
0.503495455314246,-0.209225984923642,0.449,0.485,1,"DDX39A"
0.238014229917197,-0.209218911243607,0.097,0.138,1,"TGFBR1"
0.427257458665251,-0.209176437699455,0.153,0.185,1,"GPATCH2L"
0.15105884590324,-0.209171628231666,0.477,0.579,1,"UBE2I"
0.782273575860239,0.209064817471145,0.136,0.131,1,"TMEM199"
0.515703824888524,0.208812743721714,0.688,0.744,1,"C12orf57"
0.00899129032120167,-0.208775509640722,0.773,0.879,1,"SAMSN1"
0.622082767542125,0.208678340109363,0.176,0.165,1,"TPGS1"
0.0988197248116591,-0.208565423402123,0.261,0.357,1,"TOX4"
0.300482224792483,-0.208487644795205,0.091,0.128,1,"ANKMY1"
0.418266877884061,0.208467577021717,0.153,0.125,1,"BLTP2"
0.158877638014149,-0.208199888836513,0.176,0.249,1,"USP4"
0.748508094089079,0.20804107119974,0.227,0.226,1,"TMEM131L"
0.787356702373146,0.207918225489326,0.142,0.138,1,"C1orf131"
0.488359161557828,-0.207737867842146,0.21,0.239,1,"CNTRL"
0.760325749213781,0.207639755870422,0.347,0.36,1,"TLE4"
0.226348671584633,-0.207559816316998,0.085,0.128,1,"PRR5"
0.561545683940811,0.207534033703937,0.216,0.199,1,"SH2D1A"
0.00135826517196595,0.207523673151829,1,0.993,1,"RPL15"
0.430127768802623,-0.207445071848948,0.165,0.195,1,"CCNG1"
0.337932785240464,-0.207197874343256,0.119,0.152,1,"CYB5A"
0.131946235172202,-0.207140680508155,0.636,0.697,1,"ARHGEF1"
0.520884166616169,0.20712713251911,0.25,0.229,1,"JARID2"
0.783317032267093,0.207003785383816,0.205,0.199,1,"COPS4"
0.0102705690886149,-0.206966959312071,0.5,0.653,1,"BCL11B"
0.748607947719259,0.206959085794267,0.159,0.152,1,"PREPL"
0.128992938048454,-0.206760404898164,0.256,0.343,1,"FAM13B"
0.226916279723273,-0.206739996472947,0.477,0.556,1,"GPBP1"
0.205570884730903,-0.206334077820013,0.267,0.33,1,"NCK1"
0.315295178698084,-0.206312268865719,0.25,0.3,1,"ATXN7"
0.0651484927047931,-0.206204850400498,0.517,0.63,1,"ANXA5"
0.412451366058203,0.205975451407419,0.369,0.337,1,"TM9SF2"
0.439872257921939,-0.205791669193258,0.426,0.455,1,"ATP5F1C"
0.834689628398365,0.205762132279558,0.261,0.286,1,"PPP2R2A"
0.0438665048602155,-0.205658201205361,0.83,0.943,1,"EMP3"
0.348781935761841,-0.20554906349903,0.216,0.263,1,"CHD8"
0.759140875379016,0.205308118490507,0.102,0.094,1,"VPS11"
0.123359931441688,0.205126184871887,0.892,0.869,1,"CHCHD2"
0.253905345413603,-0.205035852135718,0.426,0.481,1,"SRSF9"
0.263027689233665,-0.204938972954214,0.193,0.253,1,"NXT1"
0.439104065214878,-0.204925798596291,0.153,0.189,1,"NAA60"
0.201080577849352,-0.204844072498434,0.125,0.175,1,"TRADD"
0.885424267354198,0.20477691276129,0.097,0.104,1,"KIF3B"
0.216803819755498,-0.204750665523557,0.216,0.273,1,"SPPL3"
0.918853559005926,0.204637052363703,0.153,0.152,1,"NAPG"
0.143104031435095,-0.204607653079056,0.256,0.347,1,"NCOA2"
0.11137074618847,-0.204536556518087,0.511,0.616,1,"ACTR2"
0.128401037787018,-0.204515345954952,0.062,0.108,1,"ACTR8"
0.749676094262111,0.204484583923361,0.165,0.155,1,"AGGF1"
0.134731634160538,-0.203975949896034,0.807,0.845,1,"CD37"
0.751818133890798,0.203949138895363,0.097,0.111,1,"AVL9"
0.950250806043115,0.20380183854407,0.199,0.212,1,"BFAR"
0.310644541714734,-0.203678318063071,0.222,0.276,1,"DPY30"
0.508681488058552,0.203639721033365,0.244,0.226,1,"BTF3L4"
0.360855569226115,-0.203617410770208,0.08,0.108,1,"LRRC58"
0.918631526983494,0.203609292404355,0.142,0.141,1,"CEP95"
0.389455509170259,-0.203148274551218,0.125,0.155,1,"CRKL"
0.902194882842411,0.203127968279755,0.216,0.219,1,"SUCO"
0.121818643643732,-0.203063764920228,0.574,0.643,1,"ARHGDIA"
0.815070041547157,0.203063151982813,0.347,0.357,1,"MRPS21"
0.396982283731196,-0.202905926775074,0.642,0.69,1,"IER2"
0.884084531925383,0.202745784987113,0.17,0.172,1,"TMEM147"
0.158763413005739,-0.202644909336879,0.273,0.354,1,"SNRPE"
0.470006528469792,-0.202635044893321,0.091,0.114,1,"CEP104"
0.720272277630408,0.202565131235183,0.29,0.323,1,"NSMCE1"
0.830151899257638,-0.202510553032531,0.097,0.101,1,"SLC25A12"
0.958971186019976,0.202444413437244,0.153,0.162,1,"TM9SF1"
0.120776575985518,-0.202437714720135,0.415,0.512,1,"DDOST"
0.89708451151247,0.202370318620344,0.136,0.135,1,"LTN1"
0.116017478693366,-0.20232941834715,0.307,0.391,1,"LBR"
0.378312389568102,0.202199557772712,0.659,0.7,1,"SET"
0.250122951429987,-0.202195831662639,0.102,0.141,1,"SLC35B1"
0.0993692137923188,-0.202173961857173,0.5,0.606,1,"PAFAH1B1"
0.441667289889621,-0.202090333575794,0.267,0.303,1,"MESD"
0.630986024497322,-0.202027804910615,0.176,0.192,1,"BTN3A3"
0.542494253134323,-0.201963460204767,0.148,0.168,1,"ABHD16A"
0.990709918674497,0.201899416737894,0.29,0.3,1,"PDCL3"
0.748039108727538,-0.201885629224336,0.102,0.111,1,"MIR22HG"
0.977552199606297,0.201767417398339,0.244,0.263,1,"EP300"
0.0231509985256079,-0.201411841741881,0.472,0.633,1,"DRAP1"
0.273400173669647,-0.201244843379856,0.068,0.101,1,"HPF1"
0.537031883199828,-0.201089001447669,0.227,0.266,1,"CERS2"
0.243123326248797,-0.201084550796593,0.347,0.407,1,"SMIM26"
0.198763176047069,-0.201043261563005,0.125,0.175,1,"SDF2L1"
0.400044150387896,-0.200993830762389,0.386,0.431,1,"YWHAE"
0.893762778116976,0.200953700599386,0.244,0.269,1,"ETV6"
0.220762401378591,-0.20076246838589,0.29,0.347,1,"PBRM1"
0.108290170045068,0.20055725935055,0.727,0.704,1,"UBE2B"
0.825328284913449,0.200518349519869,0.205,0.236,1,"FAM32A"
0.391782443485657,-0.200506198943846,0.227,0.273,1,"AP3S1"
0.487002135906878,-0.200352426177957,0.483,0.549,1,"CBLB"
0.999212897957371,0.200115561039776,0.199,0.209,1,"LRPPRC"
0.417149908644732,-0.199996754616466,0.216,0.246,1,"ZDHHC20"
0.739060695695197,0.199990762239716,0.318,0.32,1,"SF3A3"
0.958980744941582,0.199952401941082,0.25,0.266,1,"RNF114"
0.380543189777862,-0.199874081217392,0.256,0.296,1,"CNPY3"
0.309442863461147,-0.199856633852729,0.443,0.498,1,"COX5A"
0.397882496444432,-0.199725506133877,0.25,0.29,1,"DNAJC21"
0.00228634962044601,0.199715240162264,1,0.997,1,"RPL36A"
0.712218231190915,-0.19956329429198,0.091,0.101,1,"SMYD2"
0.0570774104323113,-0.199366646413852,0.295,0.391,1,"ARHGAP45"
0.945378876720599,0.199200720601528,0.108,0.108,1,"SNX4"
0.168263502055875,-0.199177802472573,0.318,0.411,1,"VPS4B"
0.249086084178942,-0.199119425629889,0.494,0.566,1,"MAP3K2"
0.229546417024131,-0.19900502537328,0.324,0.387,1,"ANXA7"
0.137263533060418,-0.198950153065518,0.438,0.525,1,"ATP5F1A"
0.350581367149146,-0.198876349008929,0.318,0.377,1,"CMTM6"
0.000511918345266084,0.198806840953186,0.994,1,1,"RPL29"
0.0916305569964005,-0.198699110218063,0.642,0.771,1,"SNRPB"
0.00398691431119446,-0.198688333606049,0.636,0.774,1,"CST7"
0.570316600811386,-0.198605514693436,0.182,0.202,1,"MRPL16"
0.206450339498799,0.198448578260705,0.341,0.29,1,"OXSR1"
0.308982610591681,-0.198401638696898,0.267,0.33,1,"BLOC1S2"
0.279499675404618,-0.198382641052114,0.119,0.162,1,"MDM2"
0.80754615578232,0.19831508180796,0.188,0.182,1,"VPS4A"
0.291851436766932,-0.198307373868444,0.114,0.152,1,"NKAPD1"
0.335341494356476,-0.198282109005624,0.222,0.263,1,"RAF1"
0.765601098020828,0.19827047045908,0.403,0.428,1,"DLEU2"
0.487195859370553,0.19811944788979,0.534,0.539,1,"PRELID1"
0.787854440194482,0.198104912065599,0.295,0.296,1,"TOR1AIP1"
0.174475823053755,-0.197872363202529,0.25,0.33,1,"TGOLN2"
0.566600135879266,-0.197868500433855,0.091,0.108,1,"ZSCAN16-AS1"
0.23195525152658,0.197647693449822,0.631,0.623,1,"UXT"
0.367894079866487,-0.197646184823971,0.199,0.239,1,"DCTN4"
0.620611852125215,-0.197634398606247,0.102,0.118,1,"KEAP1"
0.469556866971182,0.197500865244136,0.307,0.29,1,"ABT1"
0.248095342189625,-0.197497898791005,0.102,0.145,1,"ZSWIM8"
0.529183561548883,0.197422206635699,0.136,0.118,1,"DDX1"
0.135274290558668,0.19738197898217,0.506,0.455,1,"WDR1"
0.429806702724009,0.197356150571712,0.256,0.226,1,"CARD8"
0.284556112592698,-0.19732159942881,0.159,0.205,1,"LPIN1"
0.222656220724103,-0.197262382696129,0.239,0.3,1,"MAF1"
0.872114595395625,0.19719421081168,0.199,0.195,1,"DICER1"
0.973595387885049,0.197169673155164,0.125,0.128,1,"SCO2"
0.216895642163253,-0.197137406734463,0.307,0.367,1,"AP2S1"
0.128271587992446,-0.197107564789126,0.29,0.377,1,"COX14"
0.199444357977688,-0.196957131521703,0.545,0.613,1,"IQGAP2"
0.475103898258593,-0.196926651426588,0.097,0.121,1,"RAB11FIP3"
0.443117488838087,0.196892473587789,0.131,0.104,1,"D2HGDH"
0.640717710479858,-0.196870249420153,0.17,0.189,1,"NOTCH2NLC"
0.122622756296993,-0.196713118898503,0.585,0.657,1,"BIRC3"
0.231719118454052,-0.196687967374874,0.159,0.209,1,"RAB28"
0.0150761568867333,0.196659213369833,0.989,0.99,1,"H3-3B"
0.585140491140358,0.196447162342349,0.159,0.141,1,"TDP1"
0.538310590244381,-0.196325316187253,0.131,0.152,1,"USP39"
0.0914188180335848,-0.196309265576756,0.29,0.394,1,"ERP44"
0.804607866526344,0.19629306090424,0.097,0.108,1,"HMGCR"
0.941804058843062,0.196154383138105,0.165,0.172,1,"CCDC28A"
0.000521292251911848,0.196120419338315,1,1,1,"RPLP2"
0.565705376338475,0.196073711366263,0.114,0.098,1,"PMM2"
0.0922858940377803,0.196068115544277,0.989,0.99,1,"EIF1"
0.580971749693996,-0.19600281247955,0.097,0.114,1,"SKIC3"
0.622731023530296,-0.195980905557691,0.29,0.31,1,"SUGT1"
0.303305396007636,-0.195979971853734,0.608,0.663,1,"GADD45B"
0.698883517806621,0.195974696167215,0.307,0.29,1,"COPS2"
0.867957003549264,0.195890713562232,0.17,0.168,1,"PRKRIP1"
0.685260698636552,-0.195830610767573,0.335,0.357,1,"RNMT"
0.192083431982934,-0.195821598664936,0.068,0.108,1,"DDX41"
0.380199156151582,-0.195813101096935,0.33,0.38,1,"SKAP1"
0.948052468380776,0.19572059950505,0.159,0.168,1,"YJU2B"
0.628040124084198,0.195670677191131,0.205,0.189,1,"DCAF15"
0.952878022105927,0.19566460068819,0.108,0.114,1,"HIP1R"
0.93623093406964,-0.19553240093109,0.125,0.121,1,"AP3D1"
0.397590509449997,0.1952508382139,0.278,0.249,1,"SHISA5"
0.129524408103603,-0.195228125976082,0.364,0.438,1,"DDX46"
0.463825281802254,-0.195218579224602,0.182,0.209,1,"DYNC1LI2"
0.641748927102698,0.195146971318674,0.227,0.215,1,"SRA1"
0.924402554279554,0.195007749934744,0.119,0.118,1,"MAFG"
0.91097673119184,0.194952067987623,0.153,0.155,1,"RMND5A"
0.451497432986436,-0.194944955501946,0.108,0.135,1,"MTX1"
0.484257451252379,0.194711047531334,0.227,0.202,1,"MTMR14"
0.384666394692043,0.194522101796209,0.608,0.593,1,"NDUFV2"
0.313714875028708,-0.194460694307257,0.21,0.259,1,"PMF1"
0.811576158552469,0.194327987993583,0.148,0.168,1,"BRIX1"
0.0662532613782137,-0.194220001518286,0.642,0.744,1,"CLIC1"
0.235187799503939,-0.194099948551819,0.091,0.131,1,"LAIR2"
0.455719816110528,0.19406168171602,0.131,0.162,1,"TRNT1"
0.865259902811461,0.193991284373318,0.176,0.192,1,"ZNF384"
0.21202522892979,-0.193974310958179,0.381,0.461,1,"RNF125"
0.595352698333357,0.193958815922747,0.25,0.236,1,"TXNDC12"
0.817577135456013,0.193926261785351,0.341,0.354,1,"NSMCE3"
0.452003175591375,0.193810038817215,0.125,0.162,1,"FOXK1"
0.249627588904731,-0.193788316941654,0.102,0.141,1,"EXOSC6"
0.428920658295633,-0.19374882449958,0.33,0.387,1,"SP3"
0.128783005039434,-0.19364962949063,0.29,0.374,1,"CCPG1"
0.830674621067937,0.193645914038147,0.102,0.098,1,"INSIG2"
0.160140102679497,-0.193565825095073,0.591,0.687,1,"UBE2D2"
0.939289643196902,0.193552502911517,0.136,0.138,1,"PPP6R2"
0.101978214444472,-0.193415167194284,0.665,0.771,1,"PCED1B-AS1"
0.191149499270472,-0.193352962128532,0.267,0.333,1,"UBL3"
0.015981900603468,-0.193317362898186,0.966,0.987,1,"PTPRC"
0.587833548797463,0.193086561897509,0.125,0.111,1,"CSE1L"
0.641168886684561,0.193001241873367,0.261,0.256,1,"EFR3A"
0.992657439241426,0.192870085358295,0.159,0.165,1,"TMEM39A"
0.664685285410718,0.19282649429701,0.148,0.175,1,"ILRUN"
0.801414177081228,0.192722585757255,0.199,0.219,1,"GIGYF2"
0.808666125630155,0.19263239046424,0.222,0.226,1,"MAP2K4"
0.296584832743561,-0.192485188967188,0.097,0.131,1,"PDCL"
0.209527945391343,-0.192481300012096,0.074,0.114,1,"KLHL36"
0.467563212411493,-0.19247911640038,0.29,0.327,1,"DAP3"
0.426480292164921,-0.19232149882408,0.21,0.242,1,"CHMP4B"
0.180162419302098,0.192294493734489,0.142,0.101,1,"H2AJ"
0.118321643947879,-0.192283368633085,0.312,0.404,1,"CSNK1D"
0.0883646378117452,0.191860905968376,0.847,0.862,1,"SNRPD2"
0.680321985238129,0.191856491545861,0.307,0.296,1,"NINJ1"
0.229427390812852,-0.191771979707221,0.131,0.175,1,"TRAPPC8"
0.00163972928038153,0.191679121372029,1,1,1,"RPS23"
0.222050097017976,-0.191604811699378,0.068,0.104,1,"MPDU1"
0.24540135332584,-0.191519488009456,0.722,0.788,1,"PRRC2C"
0.687967970077393,0.191487522519089,0.341,0.354,1,"RAB27A"
0.94726972621395,0.191459521553616,0.131,0.138,1,"CCDC32"
0.453934602668764,-0.19144681586606,0.233,0.273,1,"FRG1"
0.601884199124483,-0.191350666757772,0.131,0.148,1,"RNF138"
0.222068555411149,-0.19128273331065,0.273,0.343,1,"SAFB"
0.390061522377308,-0.191187782307768,0.278,0.32,1,"TKT"
0.738004925954295,0.191123691226983,0.091,0.104,1,"ZNF688"
0.504321800250715,-0.191089896135592,0.307,0.34,1,"AP2B1"
0.735669569332282,0.190916433239195,0.136,0.125,1,"NNT"
0.442308418886606,-0.190906748248109,0.25,0.286,1,"IP6K1"
0.926968380378108,0.190851672613713,0.188,0.199,1,"DPF2"
0.960254017443122,0.190823881644904,0.165,0.175,1,"MBD1"
0.32821247616092,-0.190816143099761,0.125,0.158,1,"UGP2"
0.5833053115167,0.190582894832621,0.341,0.397,1,"TBC1D2B"
0.813347020434889,0.190556196680201,0.148,0.141,1,"BPNT2"
0.946350814935996,-0.189834436022023,0.125,0.125,1,"ZMYM4"
0.168480241198853,-0.189788050499584,0.119,0.175,1,"ATOX1"
0.755214349421752,0.189786668808715,0.233,0.229,1,"LSM10"
0.360354369988529,-0.189664505673699,0.216,0.256,1,"CNIH4"
0.0802744500518408,-0.189661048214443,0.42,0.512,1,"ATP2B1"
0.0876336403958833,-0.189515399744399,0.466,0.589,1,"C11orf58"
0.564823481830349,0.189513356232231,0.21,0.189,1,"MAEA"
0.966853974301161,-0.189346210719748,0.136,0.135,1,"FADS3"
0.27732191312043,-0.189232762257002,0.625,0.684,1,"RBM8A"
0.998842125662199,0.189217959087486,0.21,0.219,1,"POLR2C"
0.742054554961227,0.189145963050379,0.091,0.104,1,"LAMP2"
0.343228783714732,0.189122115272543,0.608,0.663,1,"HNRNPUL1"
0.167512868370347,-0.189098053703029,0.483,0.579,1,"BSG"
0.275142534493922,-0.189093320046547,0.239,0.303,1,"PMPCB"
0.667943085169132,-0.188951073909197,0.125,0.138,1,"GBE1"
0.533040779985827,-0.188837235988335,0.085,0.104,1,"TMEM140"
0.676454777172943,0.188822101492371,0.301,0.296,1,"MICOS13"
0.212804966346655,-0.188774993441437,0.301,0.38,1,"CCT2"
0.401853581414063,-0.188738337003,0.108,0.138,1,"OGFOD1"
0.377053180117304,0.188658160847245,0.705,0.697,1,"CD53"
0.909061176328597,0.188565923556979,0.312,0.32,1,"CDC14A"
0.284576212169949,-0.188557632452372,0.415,0.485,1,"PSMC4"
9.81449676817565e-05,0.188247474700366,1,1,1,"RPS3"
0.000341931606275519,0.188214672842571,1,1,1,"RPL37"
0.708113116650665,0.188123926334393,0.25,0.286,1,"COX20"
0.442605384102873,-0.188114212807624,0.114,0.138,1,"CUEDC2"
0.605029303271235,0.187957806573235,0.244,0.229,1,"BCCIP"
0.152155576282026,-0.18789296522801,0.267,0.343,1,"PUM1"
0.276524349955129,-0.18783518294726,0.108,0.145,1,"HAUS2"
0.535130587906649,0.187794263090748,0.131,0.111,1,"CREB3"
0.88450031141728,0.187772632529907,0.585,0.626,1,"SMCHD1"
0.688850418592772,0.187761784745915,0.108,0.098,1,"EIF1AD"
0.332272818496236,0.187747213831773,0.33,0.296,1,"PITHD1"
0.306818014324388,-0.187728979847727,0.29,0.34,1,"TNKS2"
0.600395415009116,0.187712116934313,0.227,0.215,1,"ARF3"
0.151430148177142,-0.187636841762283,0.42,0.492,1,"TAP1"
0.332336239071946,-0.187628161913094,0.398,0.458,1,"XRN1"
0.674430940001912,0.187370562081014,0.148,0.172,1,"ARRDC1"
0.795743006375471,0.187260390246729,0.21,0.209,1,"TSN"
0.18747333287091,-0.187247319746961,0.358,0.441,1,"CCT6A"
0.498978614230111,-0.187242486133451,0.108,0.131,1,"PEX3"
0.0763123958706139,-0.187194722085527,0.165,0.249,1,"THUMPD1"
0.49004311296336,-0.187146228483358,0.188,0.219,1,"HAUS3"
0.716396521217244,0.186972484601163,0.222,0.212,1,"BTN3A1"
0.373863458383597,-0.186851618582411,0.102,0.131,1,"DRG2"
0.789833198600459,0.186850876497643,0.159,0.158,1,"KIAA1191"
0.531381664682592,0.186800698828963,0.102,0.084,1,"HYCC1"
0.249733532796565,-0.186596752759658,0.261,0.316,1,"CISD2"
0.64412611152065,-0.186512715751361,0.136,0.152,1,"NFU1"
0.254884053280519,-0.186393064193748,0.188,0.242,1,"SBNO1"
0.415110156008809,-0.18630280203471,0.102,0.128,1,"METAP1"
0.219648146330816,0.186210465555223,0.631,0.586,1,"JMJD1C"
0.408382518260882,-0.186170232206834,0.119,0.148,1,"CUTC"
0.687925344248071,0.186145660126256,0.477,0.478,1,"ZYX"
0.0760164626721187,-0.186131033059627,0.79,0.865,1,"YWHAQ"
0.422188269869842,-0.185990176363942,0.108,0.135,1,"GK5"
0.161981078554516,-0.185951854348403,0.244,0.316,1,"NLRC5"
0.126050030406403,-0.185936566347828,0.489,0.589,1,"ZBTB1"
0.0110392320252544,0.185915409939912,0.903,0.872,1,"RGCC"
0.280515162020264,0.185774925913465,0.659,0.67,1,"SF1"
0.869012528690714,0.185770640570877,0.131,0.128,1,"TSPAN3"
0.125921453278979,-0.185650439904103,0.074,0.121,1,"NUDT22"
0.415242348749415,-0.185554283382634,0.591,0.64,1,"RELB"
0.230875562062444,-0.185434000180921,0.358,0.434,1,"ANAPC16"
0.161145961334646,-0.185268739450559,0.347,0.448,1,"PCED1B"
0.804486912251422,-0.185229120366107,0.114,0.104,1,"ENOSF1"
0.360618759959109,-0.185093299507265,0.17,0.212,1,"LGALS8"
0.482829881958546,0.185047444234501,0.386,0.374,1,"RBM17"
0.0618164020639463,0.184881642286318,0.898,0.875,1,"ACTG1"
0.455421540777467,0.18469235537765,0.455,0.438,1,"NFKB2"
0.650083680912414,-0.184692095700653,0.193,0.209,1,"CTSS"
0.991886903169394,0.184627954501943,0.341,0.364,1,"RNF10"
0.534652969090342,0.184498231228211,0.534,0.559,1,"C19orf53"
0.30552112105102,-0.184469282061017,0.176,0.219,1,"ARFGAP2"
0.393041098872248,-0.184071719852101,0.25,0.296,1,"PPP1R11"
0.26976582674885,-0.183886460368232,0.102,0.145,1,"PSMA3-AS1"
0.234600235243734,-0.183608264713751,0.17,0.222,1,"FAR1"
0.0265705155308744,-0.183470531145677,0.625,0.768,1,"ANXA2"
0.365794403379147,-0.183462097502623,0.21,0.253,1,"SMC4"
0.309957269086728,-0.183446887862516,0.614,0.7,1,"RABAC1"
0.60584287818618,0.183331301766541,0.176,0.209,1,"IDH3B"
0.88942969501287,0.183241359118784,0.449,0.495,1,"RALY"
0.494565941224073,-0.18308305480308,0.205,0.236,1,"MRPS15"
0.295429302164649,-0.183054266501333,0.193,0.242,1,"TRAPPC3"
0.484123821383432,-0.18293889225605,0.244,0.286,1,"UPF2"
0.912006375262691,0.182928639297721,0.443,0.465,1,"LBH"
0.343540706089866,-0.182838474392669,0.307,0.35,1,"MRFAP1L1"
0.85206670741463,0.182721876655661,0.205,0.199,1,"ICE1"
0.172812534364438,-0.182448701202708,0.199,0.266,1,"CFAP298"
0.177343415579238,-0.182236374222515,0.216,0.286,1,"MRPL22"
0.0136219097254729,-0.182212256901102,0.983,0.99,1,"FTL"
0.598209939301568,-0.182074008588221,0.159,0.182,1,"SDHAP1"
0.197237247408893,0.182025928914266,0.625,0.63,1,"MT2A"
0.758686581390668,0.182001954902679,0.318,0.323,1,"EIF1B"
0.199888176192608,-0.181860594632945,0.261,0.343,1,"UBTF"
0.708685827520624,0.181774596926497,0.148,0.138,1,"E4F1"
0.524651892181513,0.181765478118289,0.148,0.128,1,"GAB2"
0.0944816886345736,-0.181728114986208,0.705,0.811,1,"LITAF"
0.510296806879225,-0.181520453342706,0.114,0.135,1,"GMPR2"
0.0452851361430766,0.181440028038386,0.858,0.825,1,"RPS17"
0.546360539322642,-0.181329759612238,0.227,0.259,1,"ARRDC3"
0.647698372498786,0.181309293975478,0.125,0.111,1,"GKAP1"
0.595908865305534,0.181284952476001,0.483,0.522,1,"POLR2A"
0.761576642562712,-0.181200981231267,0.318,0.337,1,"DOK2"
0.481365873046994,-0.18115456480784,0.483,0.529,1,"PSAP"
0.115822281347535,-0.181123369986764,0.483,0.599,1,"SEC62"
0.669090999498109,-0.18100513817977,0.216,0.236,1,"CNOT8"
0.0597129120304291,-0.180838614830111,0.301,0.411,1,"MGAT4A"
0.453751476798899,-0.180826358007123,0.386,0.444,1,"BUD31"
0.241084564399527,-0.180794156657393,0.295,0.357,1,"CDC73"
0.406993153846533,-0.180603167087811,0.239,0.286,1,"SYPL1"
0.406713887627872,-0.18041657891061,0.148,0.178,1,"NOB1"
0.852226708128157,0.180283674198513,0.125,0.121,1,"GAR1"
0.960649018193007,0.180163028953621,0.273,0.293,1,"RPS19BP1"
0.498777652296794,-0.180054485629902,0.398,0.418,1,"RPS27L"
0.178986751207821,-0.180015366302622,0.591,0.673,1,"ATP6V0E1"
0.878797385281253,0.179955164217233,0.875,0.909,1,"ZFP36L2"
0.0638067035684908,0.179910647752267,0.915,0.946,1,"OAZ1"
0.0301647879127674,-0.17982232201223,0.886,0.949,1,"MYL12B"
0.459160449504044,-0.179799845420479,0.136,0.168,1,"PPP3CB"
0.0890323513883767,-0.179731047644665,0.585,0.697,1,"TCF25"
0.629830750499297,0.179713221955686,0.307,0.354,1,"AMD1"
0.218356747211533,-0.179700752887526,0.54,0.63,1,"HMGN1"
0.598301547902574,-0.17962032106146,0.176,0.199,1,"MED27"
0.350154386071288,-0.179569587676786,0.347,0.414,1,"AURKAIP1"
0.26695039748482,0.179496414381843,0.636,0.65,1,"RNF19A"
0.980062399264617,0.179383516172821,0.108,0.111,1,"MSL1"
0.824546328377301,-0.179348280190171,0.119,0.125,1,"TOB2"
0.70623427536257,-0.179339728674124,0.136,0.152,1,"SLC20A2"
0.455064902648424,-0.179296287334491,0.114,0.141,1,"ATG14"
0.0250317570369667,0.179071336735663,0.989,0.973,1,"PFDN5"
0.213881351405175,-0.179059603149672,0.273,0.343,1,"MED15"
0.604483399015735,-0.178948780716806,0.159,0.178,1,"CCNC"
0.051848825173526,-0.178870059005434,0.148,0.232,1,"RASSF3"
0.813386530999005,0.178678605112716,0.17,0.168,1,"BPGM"
0.204421902248478,-0.178581684307401,0.511,0.636,1,"COPE"
0.771929600247746,0.178566191160854,0.199,0.195,1,"UAP1"
0.764613757918977,0.178447854660514,0.301,0.296,1,"RAPGEF6"
0.883843890914934,0.178313073041237,0.125,0.125,1,"GANAB"
0.00543754577364291,0.178249729001442,1,1,1,"RPS16"
0.336351024649065,-0.178164518008595,0.256,0.31,1,"TBX21"
0.47854318329514,0.177889664465177,0.17,0.205,1,"NUMB"
0.514467954621165,0.177719656091809,0.358,0.34,1,"CCT5"
0.674772368436647,0.177691149169728,0.71,0.768,1,"NEAT1"
0.465149790629805,-0.177669701087786,0.159,0.192,1,"INTS10"
0.577468440930871,0.177598078457694,0.335,0.32,1,"NDRG1"
0.939986897920749,0.177481354659891,0.131,0.128,1,"KIF1B"
0.134408697794013,-0.177455277265953,0.511,0.589,1,"RBX1"
0.285652094959279,-0.177433458219793,0.455,0.515,1,"PPM1G"
0.264596159247073,-0.177359218611815,0.074,0.108,1,"DCAF1"
0.133099286058664,-0.177260682066283,0.557,0.633,1,"S1PR1"
0.524657518544485,0.17723537233519,0.153,0.189,1,"MRPS18B"
0.0539727740276552,-0.177051735114477,0.21,0.313,1,"PLIN2"
0.964205134440755,0.176929002046664,0.153,0.162,1,"MTR"
0.428112713096905,-0.176848883645323,0.182,0.222,1,"GRSF1"
0.539214520416528,-0.176727536612226,0.125,0.148,1,"TMCC1"
0.776827967132113,0.176705233711,0.25,0.286,1,"CALM3"
0.318598331766595,-0.176641721053094,0.142,0.182,1,"PLCB1"
0.437357015867844,-0.176638129579018,0.114,0.141,1,"ANKS1A"
0.394518917920431,-0.176362775501976,0.341,0.401,1,"SLCO3A1"
0.598093530210068,0.176090668110421,0.148,0.175,1,"ST6GALNAC6"
0.672114215225102,0.176028414253901,0.131,0.118,1,"COA4"
0.748197043847255,-0.175862998548678,0.335,0.343,1,"SPEN"
0.597926499762951,0.175613759478196,0.222,0.253,1,"THUMPD3-AS1"
0.467833599755301,-0.175563866661926,0.125,0.152,1,"ARHGEF18"
0.249108613431015,-0.175453194938321,0.244,0.303,1,"HOOK3"
0.12225526419917,0.175167345823954,0.847,0.845,1,"PCBP1"
0.461859735543404,-0.175142906215024,0.318,0.377,1,"TUT7"
0.195807663562863,-0.175043812747524,0.119,0.168,1,"USE1"
0.903409009093924,0.174730555691384,0.199,0.215,1,"CFAP97"
0.624827659932222,-0.174720665708874,0.182,0.202,1,"CLIP1"
0.0203656619869221,0.174595573324154,0.994,1,1,"RACK1"
0.924348503138549,0.174521414025933,0.102,0.101,1,"SH3GL1"
0.415422156357968,-0.174516054957714,0.159,0.195,1,"PDHA1"
0.249888517871699,0.174401397927566,0.489,0.465,1,"SNRPD3"
0.274808542042955,-0.174359639297313,0.159,0.212,1,"TSR2"
0.892942440797545,0.174294050424094,0.119,0.118,1,"MIF4GD"
0.583890905464566,0.174201978531418,0.131,0.114,1,"GATD3"
0.761614660075645,-0.17414197263107,0.273,0.29,1,"NAMPT"
0.219939364172182,-0.174128174092379,0.102,0.145,1,"TOR1AIP2"
0.463221116601251,-0.174083468338655,0.091,0.114,1,"PWWP2A"
0.0900015489000431,-0.17389744531876,0.307,0.424,1,"TNRC6C"
0.394111534812539,-0.173852955464182,0.409,0.478,1,"HNRNPAB"
0.64760986131786,-0.173841734931119,0.097,0.111,1,"TIMM29"
0.814098972671003,0.173834435815199,0.17,0.165,1,"AQP3"
0.369568730615631,-0.17377119151619,0.347,0.404,1,"GTF3A"
0.437653273905072,-0.173766856834776,0.119,0.148,1,"PRPF3"
0.597068296512403,0.173640105029147,0.256,0.239,1,"R3HDM2"
0.193952743967881,0.173067123756486,0.966,0.973,1,"JUND"
0.42662199534556,0.173062280461575,0.142,0.118,1,"MTFR1"
0.87633248006461,0.173018922611579,0.193,0.195,1,"CPSF7"
0.997334718897914,0.172934978982226,0.477,0.522,1,"EVI2B"
0.267681263615426,0.172922292445605,0.705,0.724,1,"SFPQ"
0.979587521943389,0.172805939148869,0.75,0.761,1,"PLAAT4"
0.770393525175299,-0.172791574715283,0.131,0.141,1,"LINC00649"
0.33827885924384,-0.172442074330595,0.193,0.232,1,"AKAP8L"
0.412334549021319,-0.172316314124916,0.256,0.293,1,"USP24"
0.283825351932735,0.172036080594384,0.557,0.542,1,"IVNS1ABP"
0.771662270809954,-0.171968822201321,0.284,0.293,1,"BAG1"
0.0246739375188798,-0.17194848469792,0.989,0.993,1,"MT-CO2"
0.433446218487749,-0.171925856029052,0.159,0.199,1,"PPAN"
0.446616095801683,-0.171836550839685,0.159,0.189,1,"FGD5-AS1"
0.275106670062371,-0.171806249737785,0.29,0.343,1,"CRIP2"
0.307815851530844,-0.17166408024791,0.193,0.236,1,"COPG1"
0.789182136701674,-0.171662365096461,0.29,0.3,1,"UTY"
0.810850090321078,0.171660975563967,0.341,0.347,1,"ANAPC5"
0.941549049621768,0.171582395661291,0.17,0.175,1,"PLAA"
0.724636399836444,0.171547169146176,0.398,0.411,1,"SAP30BP"
0.861807389356778,-0.171437621770939,0.307,0.323,1,"CHMP1B"
0.507331473050881,-0.171428676464216,0.284,0.316,1,"MRPL34"
0.556326278586267,0.171269159143223,0.432,0.441,1,"MAP4K4"
0.856668141061765,0.171236868457995,0.108,0.104,1,"APEH"
0.439460830690102,-0.171206062244154,0.114,0.141,1,"METTL17"
0.20266686398036,-0.17102794689995,0.506,0.562,1,"RAP1A"
0.240220581624727,-0.170967339052275,0.08,0.118,1,"ENSG00000272256"
0.894401339649716,0.170927232778509,0.301,0.303,1,"TIMP1"
0.442697567938058,0.170713821464833,0.119,0.152,1,"MED16"
0.258650938464992,-0.170630124013287,0.256,0.316,1,"IMP3"
0.356438254659867,-0.170562182623865,0.136,0.172,1,"SLC16A3"
0.302990961158313,-0.170492235847218,0.261,0.306,1,"SOS1"
0.177014494332502,-0.170440517251537,0.295,0.367,1,"METTL9"
0.21586495139364,-0.170389518366461,0.08,0.118,1,"PRPF4"
0.261636760730096,-0.170249979937585,0.625,0.71,1,"RSRP1"
0.342642006976407,0.170243735841973,0.364,0.337,1,"FBXO34"
0.21936720219257,-0.17017779087253,0.125,0.172,1,"UBALD1"
0.672581680136073,-0.170088389161751,0.199,0.219,1,"DCAF8"
0.942445938191864,0.169965570647921,0.222,0.229,1,"NDUFAF3"
0.937005109797846,0.169716839402749,0.21,0.222,1,"GRAMD1B"
0.73061220138951,0.169557467126642,0.392,0.394,1,"SNRPN"
0.22228253253539,-0.169512875172491,0.261,0.33,1,"HELZ"
0.684430698377122,0.169502663252438,0.983,0.997,1,"GAPDH"
0.43575352862408,-0.169458256279123,0.256,0.303,1,"PSMD11"
0.112702201225966,0.169299524387944,0.869,0.832,1,"RHOA"
0.480985785528711,-0.169277711399325,0.233,0.276,1,"BCL7B"
0.361557535354439,-0.169246049252198,0.148,0.185,1,"TMED7"
0.348475502962368,0.169100185539749,0.494,0.512,1,"TNFRSF1B"
0.764895540692485,0.169006908973283,0.307,0.347,1,"ZFR"
0.269290171372994,-0.168953743158395,0.312,0.38,1,"BOD1L1"
0.431893026558028,-0.168934376546476,0.182,0.215,1,"OTUD4"
0.595385554722716,-0.168859343230249,0.148,0.172,1,"ST3GAL5"
0.0485087732134565,0.168574786237549,0.824,0.727,1,"IL7R"
0.000217445518140147,0.168464183190017,1,1,1,"RPL30"
0.219699593958318,-0.168298219490812,0.25,0.323,1,"SNW1"
0.162569422683794,-0.168217274967222,0.318,0.407,1,"ROMO1"
0.314051430568903,-0.167991657179278,0.5,0.579,1,"ERH"
0.833706635647483,0.167967137737158,0.267,0.273,1,"PRKAA1"
0.849544080992661,0.167709556433304,0.159,0.175,1,"ELF4"
0.130113094343182,0.167667566830975,0.659,0.626,1,"NME2"
0.302826608202415,-0.167576689276023,0.125,0.165,1,"MEGF9"
0.38059814102099,0.167560999292763,0.341,0.316,1,"PSMB2"
0.667843115255319,-0.167558241112092,0.54,0.566,1,"POMP"
0.751126412183359,0.167391640234241,0.159,0.152,1,"B4GALT3"
0.432758119587618,-0.167377550082929,0.301,0.343,1,"EIF4G1"
0.546698199469551,0.167375245037682,0.216,0.195,1,"SCAF8"
0.29558122660223,-0.167323203282628,0.205,0.263,1,"HBS1L"
0.598775453347549,0.167101693472957,0.148,0.131,1,"HMGXB4"
0.984947490230657,0.166873417470127,0.222,0.236,1,"IP6K2"
0.964054723595412,0.166603397440618,0.131,0.138,1,"NT5C"
0.0988365717260772,-0.166489412605716,0.119,0.178,1,"DKC1"
0.0423883177314217,0.166458599282448,0.989,0.99,1,"RPL27"
0.480222347277354,0.166316985497739,0.25,0.232,1,"OXCT1"
0.46389511574492,0.166256576152942,0.608,0.609,1,"CSDE1"
0.633228861212673,-0.166220651705745,0.369,0.397,1,"KPNB1"
0.0140360498853139,0.166113632275698,0.955,0.892,1,"GNAS"
0.353162953787827,-0.166092252914648,0.125,0.165,1,"NUS1"
0.243353963264727,-0.166090084603692,0.455,0.539,1,"KLF3"
0.394776929047383,-0.166065733128844,0.148,0.182,1,"RBM10"
0.677631767613439,0.165864171315249,0.489,0.512,1,"WTAP"
0.18739808385951,-0.165750536445424,0.801,0.889,1,"GNG2"
0.463003899344122,0.16567933643988,0.182,0.155,1,"PLAUR"
0.541229717824516,-0.165670997166062,0.136,0.158,1,"TPGS2"
0.38569397563285,0.165620414064489,0.233,0.209,1,"ITGAV"
0.805252139929469,0.16561642681702,0.136,0.152,1,"PPIH"
0.182777418754172,-0.165444347478702,0.352,0.431,1,"RASA2"
0.491947022572834,-0.165419433713256,0.199,0.229,1,"ZNHIT1"
0.767308146216856,0.165412949334196,0.222,0.215,1,"STRN"
0.610889858564889,0.165352025238481,0.256,0.239,1,"TIPRL"
0.463324329269338,0.165252226425808,0.193,0.168,1,"EIF2AK1"
0.580000741285377,0.165107808966643,0.227,0.209,1,"ORMDL2"
0.77707272144473,0.165101054371001,0.233,0.266,1,"MLEC"
0.597473671280586,0.165042095246233,0.153,0.182,1,"NMRK1"
0.597964160384412,-0.165009424523612,0.125,0.141,1,"YWHAG"
0.582211308532358,0.164969703850784,0.648,0.687,1,"SIK3"
0.00821383002484487,0.164805699125151,0.994,0.99,1,"EEF1D"
0.00635635068808062,-0.164803172486539,0.403,0.559,1,"CCL4"
0.47478539982114,-0.16474953361495,0.08,0.101,1,"KBTBD4"
0.326646389079921,-0.164612679291405,0.381,0.434,1,"CDK2AP2"
0.377061885947512,-0.164581689768209,0.295,0.347,1,"RNF126"
0.447672159893957,-0.164547595860897,0.119,0.148,1,"TLNRD1"
0.808659600047411,0.164362816038845,0.312,0.327,1,"KDELR2"
0.289518441704743,-0.164321443994201,0.415,0.478,1,"CHIC2"
0.935372416816503,0.164251142529275,0.335,0.364,1,"KPNA1"
0.245656944530717,-0.164249459741363,0.102,0.145,1,"STARD3NL"
0.686812216133655,-0.164129531345617,0.188,0.202,1,"TIMM10"
0.611852334728913,-0.164117403310135,0.125,0.141,1,"SLC25A38"
0.64681804169075,0.164038794642348,0.091,0.108,1,"C3orf38"
0.60551327058568,0.164023809811775,0.114,0.098,1,"SRF"
0.595116311106647,-0.164014884749563,0.222,0.249,1,"ACBD3"
0.325717897400026,-0.163986889939064,0.335,0.401,1,"SNRPB2"
0.108079355216971,-0.163886477263466,0.239,0.323,1,"GNPTAB"
0.601495734379318,0.163686439965198,0.352,0.357,1,"SEC13"
0.898928964831386,-0.163596796959621,0.318,0.32,1,"MYLIP"
0.0919757739309069,-0.163528381755992,0.778,0.835,1,"SON"
0.13126032518448,-0.163514350966745,0.574,0.684,1,"XRCC6"
0.564602460947005,-0.163505734543905,0.108,0.128,1,"NEK9"
0.175112873376881,-0.163433417932956,0.375,0.471,1,"VPS28"
0.444632991657316,-0.16328053195867,0.131,0.162,1,"DRG1"
0.220152112257407,-0.163267465941173,0.136,0.189,1,"NUBP2"
0.279210248681376,-0.163257916748344,0.426,0.502,1,"ADSS2"
0.638609887125939,-0.163186646675439,0.119,0.135,1,"DTX2"
0.385605279636233,-0.163179747260083,0.182,0.219,1,"ATR"
0.00205179055616075,0.16315724004289,0.994,1,1,"RPL6"
0.689138380472996,0.16302414935619,0.108,0.125,1,"TMEM184B"
0.870587441880597,-0.16298728667469,0.284,0.293,1,"PCMTD1"
0.419371160221214,-0.162862761737805,0.131,0.162,1,"DCAF10"
0.870668233905867,0.162794209470268,0.142,0.152,1,"SPG21"
0.136343189372353,-0.162544161834438,0.165,0.236,1,"ARL4A"
0.267899818474574,0.162527336338514,0.261,0.219,1,"HSPB1"
0.350314854660265,-0.162521707349278,0.136,0.175,1,"NECAP1"
0.850045578455513,0.162417337406186,0.489,0.535,1,"APRT"
0.195408880557694,-0.162317614661119,0.33,0.418,1,"DOCK10"
0.513664892686155,-0.162294625894215,0.148,0.175,1,"MED21"
0.691627852764927,-0.162268744119143,0.102,0.114,1,"MYNN"
0.814160558391219,0.162227986537473,0.369,0.37,1,"GGA2"
0.411580723017187,-0.162211781980478,0.159,0.195,1,"LIX1L"
0.0458924162822417,-0.161958552233769,0.733,0.838,1,"EML4"
0.533680025880778,0.161780746567004,0.244,0.219,1,"ASXL2"
0.999242051904249,0.161722052700511,0.222,0.229,1,"HCP5"
0.567106099182258,0.161542126000054,0.523,0.505,1,"PTPRJ"
0.469214572154742,-0.16149532878059,0.284,0.323,1,"RNASET2"
0.129069135434342,0.161460997747259,0.665,0.646,1,"SLC25A5"
0.411035596365208,-0.161218306724121,0.131,0.162,1,"TOPBP1"
0.000389398682722703,0.161178213622757,1,1,1,"RPS15A"
0.00433596078295784,0.161092408129071,1,1,1,"RPS25"
0.440722087302732,0.160862047282299,0.71,0.731,1,"ENO1"
0.428667998593171,-0.16073724201195,0.472,0.535,1,"RUNX1"
0.867443927327444,-0.160652275986963,0.46,0.458,1,"LY6E"
0.365498769682299,-0.160624199577932,0.08,0.108,1,"PHF19"
0.121091586468445,-0.16051890113849,0.239,0.327,1,"PPP2R2D"
0.217126664591904,-0.160484538801658,0.398,0.481,1,"EIF2S2"
0.128182573854619,0.160295377873072,0.994,0.997,1,"PPIA"
0.215953852192317,-0.16023318561319,0.085,0.125,1,"EI24"
0.56709919021076,0.16018010244528,0.494,0.512,1,"ARF5"
0.00270760961213156,0.159948220444953,1,1,1,"RPL18"
0.718211602272232,-0.159820178187675,0.256,0.276,1,"CMTM3"
0.746990842620362,0.159799115776466,0.193,0.189,1,"WDR43"
0.521245036451215,-0.15951343807203,0.097,0.118,1,"PDPR"
0.991715944108855,0.15948255556225,0.119,0.125,1,"MARF1"
0.906702886455329,0.159466899079082,0.398,0.407,1,"TTC39C"
0.928238135894524,0.159459175558682,0.545,0.599,1,"ARID5B"
0.634911898398457,0.159275237573554,0.114,0.135,1,"NIP7"
0.761301177596134,0.159263629015176,0.341,0.387,1,"PSMD2"
0.212072183171161,-0.159239470888435,0.244,0.31,1,"DNAJC2"
0.781546588372656,0.159231835270776,0.352,0.36,1,"HBP1"
0.887110171986361,0.159102220540737,0.244,0.249,1,"AGO3"
0.968038215057204,0.158906740073466,0.131,0.135,1,"ZFAND2B"
0.32797232222703,-0.158860714827778,0.244,0.3,1,"WAPL"
0.755891591944459,0.158627808182517,0.261,0.3,1,"RBM22"
0.987378064005258,0.158431058113824,0.182,0.192,1,"ARL6IP6"
0.317617982799518,-0.158430990050241,0.432,0.512,1,"NOL7"
0.12526514329181,-0.158379233944667,0.46,0.576,1,"SELENOF"
0.796313479818483,0.158320052368844,0.591,0.626,1,"PRKCH"
0.268078013490239,-0.158226361356804,0.148,0.185,1,"RBM18"
0.00822229748742582,0.158218677371685,1,1,1,"RPL19"
0.465181630600767,-0.158154849891807,0.29,0.33,1,"RB1CC1"
0.604515339433158,0.157803621379876,0.165,0.192,1,"GPR171"
0.949756970565442,-0.157765315587214,0.574,0.576,1,"CD69"
0.323692508494895,-0.15774158235248,0.386,0.444,1,"CAPZA2"
0.754626454423387,0.157624750641394,0.244,0.242,1,"NOLC1"
0.507557433679853,0.157602539878325,0.506,0.515,1,"TAF1D"
0.256499371734339,-0.157483925905808,0.199,0.253,1,"AP1M1"
0.307872459315168,-0.157406618851162,0.188,0.232,1,"GPHN"
0.667595419699013,-0.157366271011771,0.188,0.205,1,"COPZ1"
0.683865114957025,-0.157360819750263,0.17,0.189,1,"EEA1"
0.3218235645397,-0.15732888935925,0.438,0.498,1,"LYST"
0.424378718343882,-0.157328134701622,0.176,0.209,1,"INPP5K"
0.161433573066233,-0.157241744549361,0.426,0.525,1,"NDUFB8"
0.659422885186806,-0.157202847413809,0.125,0.141,1,"HERC3"
0.182617791008709,-0.157128512240995,0.216,0.286,1,"EIF4G3"
0.209375174627117,-0.157118658662288,0.068,0.104,1,"ATP7A"
0.984161939835605,0.156979422197484,0.398,0.424,1,"GIMAP5"
0.494962197398542,-0.156975827106291,0.097,0.118,1,"HEG1"
0.397139670988972,0.15693914546726,0.108,0.138,1,"HLA-DRA"
0.486525668669218,-0.156881327606913,0.415,0.448,1,"PPP2R1A"
0.501472318340619,-0.156835480812017,0.193,0.222,1,"CARD11"
0.290310394429276,0.156667789253001,0.523,0.502,1,"EIF3M"
0.394125720520025,-0.156291837057021,0.159,0.195,1,"DLG1"
0.873118178095279,0.156161328883643,0.256,0.266,1,"LPCAT1"
0.655958098667505,0.156032389677234,0.153,0.141,1,"NBPF26"
0.666950627115073,-0.155929153037424,0.142,0.158,1,"ZKSCAN1"
0.601974443998219,0.155912601865067,0.33,0.323,1,"IER3IP1"
0.504770880485081,-0.155858621772829,0.102,0.125,1,"PKP4"
0.482114347952351,-0.155653988152412,0.312,0.36,1,"FBXO11"
0.321718377624074,-0.155530908892113,0.074,0.104,1,"MRPL45"
0.346258601345685,-0.155441005693203,0.318,0.367,1,"RNH1"
0.847538630136061,0.155415327217011,0.119,0.118,1,"ESR2"
0.916678294147768,-0.155276680561428,0.119,0.121,1,"ARAP1"
0.816190552240992,0.155236154750148,0.517,0.549,1,"TMEM258"
0.664528856028554,0.154992440518042,0.176,0.168,1,"IFT25"
0.626005700455179,0.154991021391181,0.466,0.441,1,"HMGB2"
0.701963752232961,-0.154635833856351,0.21,0.226,1,"SMARCD1"
0.418624664608115,0.154599296992606,0.449,0.428,1,"RPL22L1"
0.639531672210768,0.154591360908537,0.165,0.152,1,"RAP2C"
0.48424726578902,-0.154542868780259,0.125,0.148,1,"CCR4"
0.842430515469357,0.154454891683936,0.182,0.199,1,"ECD"
0.626187188829761,0.154104613093136,0.205,0.185,1,"CDK5RAP3"
0.862774871664162,0.154067055687307,0.165,0.165,1,"ATXN3"
0.766642204532791,0.154005351966373,0.386,0.384,1,"VASP"
0.908088890266367,0.153984660996111,0.199,0.212,1,"MCOLN2"
0.618390316096328,0.153967278686613,0.188,0.168,1,"R3HCC1L"
0.146902884346868,-0.153761438071381,0.864,0.933,1,"S100A11"
0.0489769145736185,0.153658816753558,1,1,1,"NACA"
0.120814203330375,-0.153641737188956,0.278,0.364,1,"MDH1"
0.406926821431411,0.153594249737105,0.358,0.34,1,"PPP1CC"
0.254411099666336,-0.153556776695789,0.233,0.306,1,"GOLGA7"
0.567300903203442,0.153508725368734,0.625,0.653,1,"SRSF3"
0.000291179888925575,0.153481492728955,1,1,1,"RPS27"
0.675100892592652,0.153430195808458,0.517,0.525,1,"TGFBR2"
1,0.153293877216295,0.182,0.189,1,"NMT1"
0.410551879658968,-0.153265198343242,0.233,0.276,1,"REXO2"
0.28056193151271,-0.153137400577761,0.25,0.316,1,"FBXW11"
0.564269251383977,0.153078515998584,0.136,0.118,1,"YES1"
0.295427640198274,-0.153056208258602,0.29,0.357,1,"SNX1"
0.564569784662803,0.152915582701892,0.097,0.118,1,"GTF2H5"
0.187067016084002,-0.152852552035552,0.324,0.424,1,"BRAF"
0.669208471938186,0.152804992159529,0.295,0.337,1,"SBDS"
0.408085851831866,-0.152767147492328,0.222,0.259,1,"HARS1"
0.39305890185765,-0.152694994988542,0.21,0.246,1,"PDCD7"
0.329422718659993,-0.152658786928918,0.091,0.121,1,"PPM1D"
0.943957991919434,0.152622193393864,0.222,0.229,1,"TTC33"
0.29685046854421,-0.152543989383096,0.415,0.478,1,"VDAC2"
0.585401730406208,-0.152519727946502,0.239,0.266,1,"CCDC47"
0.142242863458917,-0.152431260190524,0.159,0.226,1,"GNPTG"
0.696978212309447,0.152269342240671,0.176,0.162,1,"SLC30A9"
0.155873704945271,-0.151976466782197,0.875,0.939,1,"LINC-PINT"
0.890222948580814,0.151973784064686,0.142,0.152,1,"ATG16L1"
0.972045600724098,0.151848138898265,0.335,0.364,1,"TPM4"
0.115558958978614,-0.151469229795414,0.301,0.38,1,"TSPO"
0.0722939609831448,-0.151460158844484,0.858,0.916,1,"HNRNPA1"
0.533187006935456,-0.151392510969121,0.466,0.498,1,"GRB2"
0.891941119713927,0.15139017630339,0.176,0.192,1,"DNAAF2"
0.7207482564914,0.151283443652934,0.182,0.172,1,"CTU2"
0.829349234711708,0.15120506882466,0.295,0.3,1,"DIPK1A"
0.401867818286688,-0.151187929263538,0.091,0.118,1,"ABL1"
0.384348733830509,0.150949150465327,0.722,0.771,1,"ZFAS1"
0.343319073885482,-0.150776055862073,0.307,0.364,1,"NDUFC1"
0.123168555334832,0.150702343491973,0.506,0.468,1,"SERPINB9"
0.774645352937012,0.150665847724241,0.091,0.101,1,"TUBA1B-AS1"
0.555320526207699,-0.150631933992535,0.381,0.424,1,"DDX39B"
0.776080767419445,0.150623641242038,0.511,0.542,1,"ENSA"
0.892072987127372,0.150422144541745,0.17,0.185,1,"UBAP2L"
0.421074613009518,-0.150350873628121,0.159,0.195,1,"THAP11"
0.111991706882941,-0.150252591010061,0.222,0.3,1,"SDHB"
0.59569246377814,0.150231033773352,0.568,0.609,1,"POLR2L"
0.368552928946529,-0.150188310942359,0.136,0.172,1,"EGLN1"
0.751997017285334,-0.150177279672257,0.284,0.3,1,"RNF145"
0.611884478813281,0.150031134492195,0.261,0.303,1,"RPAIN"
0.251952414949434,0.149809875832541,0.5,0.478,1,"GNA13"
0.792070007474244,-0.149730746501865,0.097,0.104,1,"CNOT6"
0.592214529815163,-0.149720228122966,0.153,0.175,1,"IAH1"
0.427699165780038,-0.149671086229264,0.188,0.215,1,"NSF"
0.960254017443122,0.149640276576649,0.165,0.175,1,"ZNF622"
0.373374910938199,-0.149630752637936,0.097,0.128,1,"EIF2B5"
0.448996642552324,0.149621981134443,0.136,0.175,1,"SNHG25"
0.599078690744209,0.149569012874282,0.25,0.229,1,"SCNM1"
0.417039774504781,-0.149491502585863,0.227,0.263,1,"BRD9"
0.787924163981816,0.149474479825,0.119,0.131,1,"TYW1"
0.400190256569452,-0.14943437239644,0.443,0.515,1,"SLTM"
0.425750854101962,-0.149434327207473,0.136,0.165,1,"TET2"
0.551216038959052,0.149342174558013,0.205,0.182,1,"ZC3H7A"
0.219555115276673,0.149122228389689,0.812,0.825,1,"EIF3K"
0.731331798100141,0.14909893106878,0.256,0.249,1,"ALKBH5"
0.398176811128237,-0.14906267649347,0.165,0.205,1,"SVIP"
0.54002170042247,0.149046669868039,0.148,0.128,1,"CSPP1"
0.452768437573452,-0.148876121692648,0.153,0.178,1,"CXXC1"
1,0.148822725869982,0.102,0.104,1,"ATP6V0A2"
0.294878378935526,-0.14869673049657,0.489,0.566,1,"SETD2"
0.0838768009054757,-0.148663871506889,0.602,0.721,1,"HNRNPF"
0.11128090341266,-0.148407787607935,0.153,0.226,1,"ATG4B"
0.579255375286163,-0.148325483449012,0.091,0.108,1,"ABRAXAS2"
0.953002692609172,0.148310263708178,0.284,0.296,1,"SMAD2"
0.440665929553033,-0.148249155735144,0.193,0.232,1,"DIP2B"
0.469759897474306,-0.148246805229526,0.506,0.539,1,"CYLD"
0.390434169641321,-0.147971125088769,0.142,0.178,1,"MBTPS1"
0.633262747936031,0.14795425249699,0.25,0.239,1,"ATP6V1H"
0.669377499038273,0.147768082757247,0.091,0.104,1,"ERAL1"
0.796664971620114,-0.147634806439663,0.176,0.185,1,"TMEM238"
0.0664557019882606,-0.147627411972215,0.619,0.764,1,"EIF3G"
0.597673660488684,0.147580392769569,0.193,0.175,1,"GTPBP4"
0.712946577665021,0.147509102271562,0.102,0.118,1,"TMEM222"
0.147711459474815,0.147485645284604,0.932,0.902,1,"HSPA8"
0.0679838537439196,-0.147456470062832,0.807,0.916,1,"SRP14"
0.275733963393952,-0.147444837674654,0.523,0.599,1,"GNB1"
0.803300700281627,0.147433202284074,0.091,0.101,1,"SLC25A51"
0.281405945708202,-0.147422888959887,0.398,0.471,1,"MIER1"
0.478700835527694,-0.147402528629162,0.136,0.158,1,"MFAP1"
0.51925276291208,-0.14737138752739,0.102,0.125,1,"DDHD2"
0.532151799776969,-0.147346288285829,0.085,0.104,1,"PLEKHA7"
0.737754075251237,0.147220022223875,0.477,0.481,1,"CSNK1A1"
0.864067030904184,0.147177743877014,0.33,0.337,1,"NR1H2"
0.145084396555611,-0.147150287024843,0.392,0.485,1,"UBE2V1"
0.401592217492699,0.14713810896268,0.131,0.104,1,"CCDC6"
0.905820278699595,0.147042651674663,0.256,0.266,1,"RRP36"
0.297799223910423,-0.14699102600777,0.182,0.229,1,"TNKS"
0.223437166838382,0.146690381260485,0.091,0.135,1,"ABHD18"
0.193235313170684,-0.146683493122289,0.199,0.266,1,"ATXN10"
0.578245556685315,-0.146674526371337,0.148,0.172,1,"FBXO42"
0.593122714948698,0.14631506030878,0.205,0.195,1,"TP53BP2"
0.743462501324979,0.146294109706757,0.199,0.222,1,"ORAI2"
0.60092695490154,0.146237986591931,0.091,0.111,1,"SMPD1"
0.698169722931393,0.146228587954652,0.216,0.242,1,"FNDC3A"
0.452677662689477,-0.146051612431623,0.364,0.407,1,"PSME4"
0.943034847720662,0.145898087116874,0.159,0.165,1,"AKR1A1"
0.317449185318379,-0.145576147375834,0.614,0.7,1,"CAST"
0.447219629884918,-0.145449193088147,0.148,0.178,1,"WDR46"
0.760056675456104,0.145273785367255,0.29,0.29,1,"MAGED2"
0.821014307813312,0.14520449399306,0.216,0.236,1,"FBXO21"
0.942827732964342,0.145182948545212,0.102,0.101,1,"SNHG14"
0.922672471634434,0.145138492354635,0.403,0.448,1,"USP47"
0.412610279472748,-0.145132041257053,0.841,0.919,1,"MBNL1"
0.719293781695314,0.14480317834158,0.102,0.094,1,"RAD51B"
0.363095742377789,-0.144784840666394,0.159,0.199,1,"ELOVL1"
0.479323507787331,-0.144724980945093,0.239,0.279,1,"FUBP1"
0.0445936604631684,-0.144721191793198,0.96,0.993,1,"CFL1"
0.514528659157877,-0.144636463328202,0.131,0.158,1,"RAE1"
0.167579004794525,-0.144599370863255,0.415,0.492,1,"PNISR"
0.0834855572512173,-0.144538684899283,0.062,0.114,1,"ISCA2"
0.118227581596127,-0.144471191908238,0.409,0.508,1,"FLT3LG"
0.453150479109335,0.144305236126396,0.188,0.162,1,"SRP68"
0.487919162775103,-0.144298079488849,0.193,0.222,1,"DLST"
0.820812241210926,-0.144264015276964,0.142,0.131,1,"ST3GAL1"
0.622438771219143,0.144174345639616,0.25,0.239,1,"UHRF2"
0.296267185422378,-0.144082771525043,0.33,0.391,1,"GSTP1"
0.882473479056054,0.143915019011722,0.318,0.327,1,"STAU1"
0.456302420089785,-0.143799675275374,0.159,0.192,1,"RNPC3"
0.268307294602362,-0.143710040242563,0.142,0.189,1,"UMAD1"
0.601060888487177,0.143657792851,0.188,0.172,1,"GFI1"
0.159550776714268,-0.143564923173254,0.199,0.273,1,"SLK"
0.342743928064075,-0.143479341279023,0.438,0.502,1,"PFDN2"
0.425841143367437,0.143195672463341,0.182,0.232,1,"SNHG7"
0.939511508338141,0.143147313321019,0.125,0.131,1,"GOLGA2"
0.118985065247395,0.14307990019596,0.915,0.912,1,"YBX1"
0.340111416025963,-0.143059598200028,0.085,0.118,1,"PPIL2"
0.922879883628465,0.142859157615211,0.33,0.34,1,"OAT"
0.445778547723515,0.142579904023654,0.472,0.471,1,"UBE2A"
0.689521907046139,0.142557076217174,0.17,0.158,1,"ALG5"
0.203292706017816,0.142346022666233,0.682,0.663,1,"UBXN1"
0.883484569508365,0.142262380635422,0.33,0.354,1,"HSPA1A"
0.732898091216849,0.142120820650131,0.381,0.397,1,"TNFRSF14"
0.165222951263948,0.14191908696192,0.653,0.613,1,"EMD"
0.360499994705978,-0.141886253494591,0.08,0.108,1,"PUS7L"
0.943859818283916,0.141712056435246,0.148,0.148,1,"FBXO9"
0.261840745105625,0.141308092207734,0.392,0.35,1,"CUTA"
0.774314522859309,0.141054323162271,0.159,0.155,1,"EBP"
0.36560794790366,0.14095563665977,0.602,0.593,1,"CDKN1B"
0.306112257592901,-0.140877087565419,0.176,0.215,1,"PPM1K"
0.723551072473038,0.140877067519759,0.335,0.337,1,"ELL2"
0.507450673896394,0.140866824821823,0.193,0.172,1,"CCDC174"
0.840064969185656,0.140832904995808,0.46,0.481,1,"WNK1"
0.789739451614935,0.140829916708615,0.239,0.239,1,"PDCD2"
0.48991525368907,-0.140817904738322,0.085,0.108,1,"URGCP"
0.686074580912474,0.140772659364595,0.205,0.192,1,"ATP6V1E1"
0.218915653430475,-0.140724064883583,0.21,0.269,1,"SNX17"
0.0602658185328765,-0.140703175466337,0.932,0.949,1,"LDHA"
0.192830409391713,-0.140694354313353,0.784,0.875,1,"ATP5F1B"
0.686469812085227,0.140638623319404,0.182,0.172,1,"UBE2J2"
0.780698130125979,-0.140567719074214,0.273,0.29,1,"ASXL1"
0.636426212572255,-0.140565350028873,0.199,0.215,1,"ZCCHC7"
0.859296438462195,0.140560423359915,0.182,0.178,1,"EXOC1"
0.312855796501249,-0.140552655654986,0.108,0.145,1,"SMARCD2"
0.781783332573307,0.140481628448943,0.097,0.108,1,"TXLNA"
0.104551126793772,0.140433718555548,0.83,0.761,1,"HNRNPC"
0.579583022380581,0.140364166278816,0.932,0.963,1,"PNRC1"
0.861791273393319,0.140246152199098,0.261,0.263,1,"CHCHD3"
0.383934591811135,-0.140165274144686,0.233,0.283,1,"CASP4"
0.0436527293694263,-0.140098496253034,0.278,0.38,1,"TC2N"
0.632129070103328,-0.139994530639059,0.159,0.178,1,"PREB"
0.165706325660669,-0.139942101539688,0.477,0.549,1,"GZMM"
0.29502266781586,-0.139779570013943,0.523,0.599,1,"CFLAR"
0.577037722469636,-0.139631580789339,0.102,0.121,1,"CLK2"
0.447266961938803,-0.139629506366373,0.222,0.259,1,"COPS5"
0.120078101591095,-0.139610131659823,0.67,0.741,1,"HNRNPA3"
0.434982579169588,-0.139596722546929,0.256,0.303,1,"CUL1"
0.130332733701736,-0.139511061913995,0.182,0.253,1,"DDIT3"
0.0110914452187321,0.139462874806751,1,1,1,"RPL8"
0.75442214573581,-0.139396675741102,0.409,0.434,1,"HIVEP2"
0.797698518151415,-0.139390074971089,0.142,0.152,1,"SPG11"
0.578487325784602,0.139360297014473,0.244,0.229,1,"NORAD"
0.877371304965641,-0.139344889437522,0.392,0.384,1,"ATRX"
0.686340038127634,-0.139328924215947,0.108,0.121,1,"ARL13B"
0.357665224592696,-0.139312030227658,0.17,0.215,1,"PDHB"
0.474477311903093,0.139133269704156,0.449,0.549,1,"CDC42EP3"
0.502492559342176,-0.139126590339422,0.483,0.539,1,"JPT1"
0.454386248176904,0.139027045865389,0.142,0.175,1,"LENG8"
0.0180578535598112,0.139016638492389,1,1,1,"FAU"
0.00100180550200999,-0.138942010616079,1,1,1,"B2M"
0.809320147354787,0.138928261724023,0.312,0.313,1,"BAX"
0.225059858448345,0.138490229483355,0.722,0.694,1,"EIF3H"
0.846485588631192,0.138330784627005,0.131,0.141,1,"EMC8"
0.933891461088468,0.138255365527442,0.153,0.152,1,"MAPK6"
0.673942645378722,0.138040768630898,0.341,0.34,1,"P2RY10"
0.934895973271446,0.138025377626874,0.148,0.148,1,"AK3"
0.844695045602624,0.138014818366451,0.097,0.104,1,"ANGEL2"
0.425006573976801,-0.138002364903245,0.131,0.165,1,"LYPLA1"
0.191221033301898,-0.137991540611101,0.108,0.155,1,"POLDIP2"
0.0486089083061466,-0.137866845414171,0.807,0.855,1,"CD3E"
0.36483775057435,-0.137619796495458,0.267,0.333,1,"TIAL1"
0.458333693125092,-0.137614470011786,0.165,0.195,1,"ARL15"
0.26798039164404,-0.137592500115721,0.693,0.771,1,"ATP6V1G1"
0.952188477559545,0.137540594406362,0.301,0.313,1,"CDK6"
0.982816439471625,-0.13737611247624,0.165,0.165,1,"C1GALT1"
0.283426973147876,-0.13734189424762,0.466,0.529,1,"SF3B5"
0.58720316610097,-0.137150459757577,0.119,0.138,1,"PYROXD1"
0.548126615579995,-0.137095449076586,0.102,0.121,1,"WDR54"
0.169645278055323,0.137032670317093,0.869,0.899,1,"HINT1"
0.585699334940583,-0.136843699847482,0.273,0.313,1,"STX5"
0.576178090643128,-0.136790938080833,0.153,0.178,1,"PML"
0.826836269212442,0.136766307681236,0.688,0.724,1,"CD6"
0.96043741133585,0.136717198643332,0.097,0.101,1,"CEP164"
0.677637907841936,0.136707768395596,0.091,0.108,1,"KAT8"
0.414001869710478,-0.136568644554875,0.08,0.104,1,"RREB1"
0.169668498553926,-0.136239713411096,0.79,0.875,1,"OST4"
0.558707863759208,0.136185923435267,0.205,0.182,1,"PAXBP1"
0.333979262587606,-0.136130563036441,0.449,0.539,1,"MAGOH"
0.208628631514501,-0.136060388891947,0.284,0.357,1,"COX17"
0.627487589865584,0.136059779174482,0.188,0.172,1,"TRIM4"
0.442033594234781,-0.135725508914924,0.091,0.114,1,"BCL2L1"
0.714898200333584,-0.135720310172599,0.182,0.195,1,"BTAF1"
0.292141447151468,-0.135628456914664,0.193,0.242,1,"PRKDC"
0.918548681960196,0.135583746603213,0.102,0.101,1,"CHPT1"
0.275729066750305,-0.135544884520307,0.278,0.34,1,"OXA1L"
0.173640302565508,-0.135410435866249,0.523,0.633,1,"COX7B"
0.162492592384375,0.135377712463624,0.983,0.99,1,"TAGLN2"
0.586429241666594,-0.135327790088597,0.108,0.128,1,"CTDP1"
0.910511478003582,0.135301134885472,0.165,0.175,1,"KANSL2"
0.516830935150727,-0.135112628872145,0.455,0.515,1,"UBXN4"
0.10966659791134,-0.135051757460318,0.341,0.444,1,"CGGBP1"
0.966936619278727,0.134780157559097,0.102,0.104,1,"ZNF609"
0.997954882440173,0.134681145301698,0.182,0.189,1,"GPN1"
0.641250489100072,0.134595466752631,0.233,0.215,1,"LIMS1"
0.575383851756241,-0.134491999187584,0.142,0.162,1,"RCE1"
0.978804365315377,0.134471492394665,0.153,0.155,1,"ZNF664"
0.544647930481457,-0.134328968102008,0.324,0.367,1,"SCAMP2"
0.570527525843454,-0.134209716182948,0.222,0.253,1,"MKRN1"
0.115180540413788,-0.134075432714535,0.142,0.212,1,"STING1"
0.671448368347733,0.134051876054072,0.176,0.165,1,"MRPL44"
0.569613394817702,-0.134018661007078,0.295,0.333,1,"PSMD1"
0.361934906647572,-0.133961445678825,0.477,0.545,1,"RFTN1"
0.236023911224664,-0.133919960140446,0.182,0.242,1,"TCERG1"
0.662187021912053,0.133874052978975,0.54,0.572,1,"STAT5B"
0.449035713731927,-0.133832375551625,0.227,0.266,1,"PRKCSH"
0.660314015763751,-0.133699222047098,0.193,0.212,1,"CYB5B"
0.696778664166501,0.133608836531136,0.239,0.229,1,"COPS3"
0.540015686117458,-0.133276727061486,0.148,0.172,1,"TBC1D1"
0.266330309146943,0.133225098097365,0.676,0.653,1,"EIF4G2"
0.221477494958365,0.133211710448929,0.841,0.835,1,"SLC25A6"
0.638054975806817,-0.133186422267155,0.142,0.158,1,"SAT2"
0.024938778820198,-0.133166228459509,0.841,0.936,1,"HMGB1"
0.743732622035842,-0.133147176563793,0.091,0.101,1,"MID1IP1"
0.459548438036161,-0.132869700262933,0.301,0.337,1,"URI1"
0.547014353839054,-0.132817899260067,0.199,0.226,1,"PLSCR3"
0.121761474572094,-0.132706556965099,0.102,0.162,1,"NRAS"
0.307561003609828,-0.132632772337219,0.511,0.586,1,"NSA2"
0.413119536926142,0.132592896948086,0.994,1,1,"BTG1"
0.765671435447142,0.132553351906612,0.5,0.508,1,"BRD2"
0.602318238583544,0.132502330924306,0.222,0.205,1,"CCNL2"
0.691786814023958,0.132471205651075,0.108,0.098,1,"DEXI"
0.97627949267798,0.132446014369477,0.21,0.212,1,"XPO4"
0.831237465598935,-0.132359878211573,0.142,0.148,1,"MYSM1"
0.282993779664466,0.132320046423312,0.75,0.791,1,"CDC42SE2"
0.200966290516109,-0.132313796171162,0.199,0.266,1,"TTC14"
0.719897253677418,-0.132274917561219,0.426,0.461,1,"PRPF4B"
0.449444998307242,0.132254130393293,0.085,0.111,1,"CAT"
0.841122342554955,0.132052165203747,0.216,0.239,1,"ILKAP"
0.0677417602899751,-0.131964152585351,0.864,0.943,1,"TNFAIP3"
0.353225354749589,-0.131907333265191,0.205,0.249,1,"SDHC"
0.666178666015147,0.131813416900885,0.227,0.259,1,"RFC1"
0.226207747283879,-0.131772127769246,0.29,0.367,1,"EHD1"
0.601263390398275,0.131351511265811,0.131,0.155,1,"RRAGC"
0.422544710336383,0.131208784125284,0.125,0.158,1,"RMDN3"
0.147175405144531,-0.131183147382319,0.136,0.195,1,"MAP3K1"
0.0699517684728803,-0.131104140988895,0.966,0.98,1,"ATP5F1E"
0.814446072536445,-0.131098807697344,0.131,0.138,1,"AMFR"
0.808281367881875,0.131012190090921,0.29,0.313,1,"CELF1"
0.584475208409989,-0.130914653107704,0.085,0.101,1,"LRCH4"
0.733807781847403,0.130863641243053,0.108,0.121,1,"SEC24D"
0.740817864549204,0.130722735476229,0.239,0.269,1,"CYP20A1"
0.37273778740307,0.130709843457292,0.54,0.539,1,"CLDND1"
0.865243329671324,-0.130588745712319,0.131,0.135,1,"SAP30L"
0.877486334376951,0.130492731083556,0.386,0.401,1,"DDT"
0.664965889195052,0.130453361804789,0.426,0.424,1,"AGO2"
0.555640490203519,-0.130442500469427,0.284,0.327,1,"FBXL5"
0.787668256821436,0.13023600420544,0.114,0.128,1,"METTL5"
0.744733754309991,0.13023588471157,0.301,0.293,1,"WBP2"
0.298644008296075,-0.130180755447033,0.449,0.519,1,"PSMB3"
0.688946667192616,-0.130045739135235,0.131,0.145,1,"C8orf76"
0.843359842440272,0.130029094247273,0.256,0.276,1,"TXNDC17"
0.747382456291452,-0.130020195130119,0.131,0.141,1,"WWP2"
0.36935063114765,-0.129974756154739,0.159,0.195,1,"WDR37"
0.344931012308017,-0.129782190824858,0.688,0.781,1,"MBP"
0.552959673743853,-0.129708854108241,0.097,0.114,1,"RAB2B"
0.827696210164523,0.129482097468295,0.307,0.313,1,"HNRNPH1"
0.0333939662930248,-0.129404257519943,0.324,0.455,1,"JMJD6"
0.609099995433036,-0.129284785658706,0.25,0.293,1,"UBE2H"
0.273654809503368,-0.129269141651881,0.102,0.141,1,"TRIM14"
0.324406609575445,-0.129187912870963,0.295,0.36,1,"CBX3"
0.411076208048397,0.129067853101762,0.114,0.145,1,"CCDC25"
0.775918726938748,0.129062824085557,0.205,0.232,1,"CLPP"
0.828572073981229,0.128979656990498,0.165,0.162,1,"SLC30A5"
0.590066123610303,-0.128896757994086,0.119,0.138,1,"ATP5MC1"
0.0277077471360927,-0.128740140099593,0.812,0.899,1,"UQCRB"
0.771150293730398,-0.128656426572519,0.114,0.121,1,"FAM193B"
0.864075461331113,0.128620814079305,0.29,0.296,1,"YTHDF2"
0.659254867527828,0.128602193021618,0.636,0.653,1,"FUS"
0.713388934178982,0.128449614382478,0.131,0.148,1,"DPH1"
0.902603891270791,0.12841873821424,0.534,0.556,1,"RSRC2"
0.398890390920628,-0.128324474717907,0.193,0.236,1,"RAP1GDS1"
0.216921881056674,-0.128214372063703,0.074,0.114,1,"DIABLO"
0.811490413138096,0.128190055962283,0.273,0.3,1,"ANKRD13D"
0.415246874314808,-0.128156928417875,0.33,0.37,1,"TRAPPC1"
0.420263223615951,-0.128091937869665,0.307,0.357,1,"CDC123"
0.547207584894123,-0.127875442708923,0.534,0.586,1,"UQCR10"
0.149146308867556,-0.127863433584055,0.352,0.431,1,"KDM5A"
0.847436294131612,0.127837509868405,0.188,0.189,1,"ENSG00000291100"
0.953098220141898,0.127797297421374,0.46,0.498,1,"ICAM3"
0.83957217337041,-0.127763489621564,0.097,0.101,1,"CYB5R1"
0.363376215558154,-0.127726299010395,0.17,0.205,1,"TMEM230"
0.354136325118605,-0.127716192259159,0.08,0.108,1,"EIF2B2"
0.345268711261044,-0.127702972710358,0.312,0.374,1,"ANXA6"
0.423270195637817,-0.127665617670226,0.352,0.418,1,"PRPF8"
0.538837355945804,-0.127648733025816,0.085,0.104,1,"CRYZL1"
0.251554910936319,-0.127594801327644,0.557,0.64,1,"AKNA"
0.696922524679297,0.12746235505394,0.182,0.172,1,"MITD1"
0.870941901145819,0.127382154401736,0.33,0.35,1,"RTN3"
0.798624054035838,0.127129274925647,0.375,0.37,1,"ARPC4"
0.952668636306776,0.127051503419849,0.688,0.69,1,"ETS1"
0.744957959383968,-0.126886078888163,0.21,0.222,1,"DNM1L"
0.859243273675474,0.126885527699093,0.131,0.138,1,"GEMIN7"
0.469595128969655,-0.126867015365032,0.256,0.29,1,"NUP153"
0.255644144171667,-0.126704389247616,0.403,0.495,1,"TMED2"
0.812081446609027,0.12669370214469,0.267,0.269,1,"RAB21"
0.781728235856847,-0.126587406899345,0.176,0.189,1,"TMEM170A"
0.661440172179519,0.126344913413325,0.233,0.222,1,"TMC6"
0.7716159213218,-0.126252811998719,0.176,0.185,1,"FLII"
0.0141880194595672,-0.126188276744587,0.972,0.997,1,"RPL36AL"
0.208198959283374,-0.126132146037152,0.631,0.721,1,"COX7A2"
0.541057948127056,-0.126076975430506,0.261,0.29,1,"NARF"
0.909250567535761,0.125866132170659,0.17,0.172,1,"ZNF592"
0.510407037085934,0.125857985364006,0.33,0.313,1,"CNOT4"
0.438982205154401,-0.12565608800739,0.131,0.162,1,"ITPA"
0.186549185684312,-0.125455335101682,0.125,0.175,1,"MRPS31"
0.720893408741922,0.125194046783673,0.153,0.175,1,"TMEM134"
0.776794089184272,0.124968837389306,0.438,0.478,1,"EIF4H"
0.36683171048555,-0.124704898922653,0.307,0.35,1,"SELENOH"
0.765915047124321,0.124638687450293,0.148,0.165,1,"NRF1"
0.531249367249568,-0.12459021304502,0.29,0.316,1,"KDM6A"
0.739950614398539,0.124294262524888,0.426,0.451,1,"CAMK4"
0.282278343308971,-0.124271367698222,0.989,1,1,"ACTB"
0.0445917315525826,-0.124254202831415,0.364,0.508,1,"RNF166"
0.737597547597318,-0.12424042143906,0.091,0.101,1,"GPR89A"
0.552679853302618,0.123987832795688,0.727,0.754,1,"HNRNPU"
0.801612277127662,0.123974945235481,0.227,0.226,1,"MT1E"
0.983887510526518,0.123877667035914,0.426,0.465,1,"RBM38"
0.706160525498643,0.123868411686206,0.205,0.195,1,"ADPRS"
0.90030918648199,0.123809355662564,0.205,0.212,1,"DYNC1LI1"
0.921905198057612,-0.123795773832002,0.102,0.104,1,"DMWD"
0.701439250676442,0.123624420149028,0.517,0.572,1,"HMGN2"
0.141788629097065,0.123585164718204,0.477,0.586,1,"CYTOR"
0.521351582786277,-0.123494113306698,0.278,0.306,1,"CRY1"
0.0982220389290761,0.123340758791236,0.994,1,1,"RPL24"
0.649905518563887,0.123309901953726,0.085,0.101,1,"HSPA2-AS1"
0.811982672357933,-0.123271355632809,0.205,0.215,1,"YLPM1"
0.643389851018378,-0.123096716158047,0.165,0.182,1,"RBCK1"
0.697060387318201,-0.123063094436314,0.227,0.239,1,"SQOR"
0.738821488018521,0.122964882884901,0.278,0.31,1,"CREBZF"
0.416158538618754,-0.1229056156841,0.244,0.29,1,"DNMT1"
0.0148747243301751,0.122802773113212,1,1,1,"RPL39"
0.747093327801699,0.122732240244516,0.216,0.205,1,"NTMT1"
0.352036458954838,-0.122664543816177,0.216,0.269,1,"SCP2"
0.277357249537183,-0.122553653050187,0.312,0.374,1,"PDCD10"
0.551463186542218,-0.122466044087685,0.222,0.253,1,"RIPK1"
0.327421951319643,-0.1224359663006,0.108,0.141,1,"SLC4A1AP"
0.32297762111096,-0.122405277436858,0.284,0.34,1,"PRDM2"
0.994841941135148,0.122380033339481,0.199,0.202,1,"PIK3CA"
0.948638842685317,0.122369975800807,0.261,0.286,1,"UBAC2"
0.970893057907993,0.122338892610441,0.648,0.687,1,"FAM177A1"
0.420026978196749,0.122173744517611,0.273,0.34,1,"SLAMF1"
0.522354965812051,-0.122129344915442,0.114,0.135,1,"HIF1A-AS3"
0.684245508708786,0.122074806359605,0.472,0.471,1,"ARHGAP26"
0.609588181295138,0.122047221889576,0.557,0.589,1,"PRR13"
0.561399360907424,-0.122024011793797,0.222,0.249,1,"GPBP1L1"
0.848559706908654,0.121808528200378,0.176,0.172,1,"CDC42EP3-AS1"
0.594616495904515,-0.121807184783686,0.278,0.306,1,"USP16"
0.637780867421379,0.121726160197076,0.091,0.108,1,"RPIA"
0.377966564580762,-0.121608476696877,0.085,0.114,1,"IFI35"
0.84492415522179,0.121591848481854,0.307,0.34,1,"SIVA1"
0.311098975898645,-0.121412185006093,0.324,0.387,1,"PSMD9"
0.250370849818716,-0.121374800115327,0.102,0.141,1,"ATG101"
0.385599445681714,0.121333122321358,0.335,0.401,1,"SERPINB1"
0.596220443412898,0.121309575849431,0.188,0.226,1,"TRPS1"
0.476530234810458,-0.121292714416492,0.085,0.108,1,"LINC01004"
0.692677424247057,0.121215994523058,0.119,0.108,1,"HMGCS1"
0.771833220766733,0.121086761619368,0.239,0.232,1,"RC3H2"
0.944587616950213,0.121055652792974,0.153,0.162,1,"WIPF2"
0.249625528458611,-0.120933470860007,0.097,0.138,1,"ZNF574"
0.75556550924374,0.120877055224741,0.108,0.121,1,"NOP16"
0.974089497529667,0.120837791660375,0.148,0.152,1,"EPS15L1"
0.535250884995612,0.120809658197224,0.267,0.323,1,"ATP5IF1"
0.581502394337811,0.120696434263081,0.693,0.7,1,"SLC38A1"
0.677263183808061,-0.120687843345687,0.165,0.178,1,"HDAC2"
0.920853007426367,0.120585305029444,0.523,0.562,1,"SPCS2"
0.968432235882367,0.120576118159286,0.466,0.475,1,"ARF4"
0.13849558810203,-0.120566935686435,0.233,0.323,1,"UBQLN1"
0.277225727314933,-0.120487357531569,0.733,0.808,1,"YWHAB"
0.244616431564763,-0.120452134153483,0.131,0.175,1,"ZDHHC6"
0.293522575200058,-0.120390349891696,0.239,0.293,1,"ZBTB43"
0.299389753903255,-0.120312098814262,0.341,0.407,1,"SSR3"
0.755077188540976,0.120242855240822,0.165,0.155,1,"RIT1"
0.471355620482227,0.12012217391524,0.523,0.502,1,"CSNK1G2"
0.598104371288923,-0.120050257326198,0.381,0.404,1,"OCIAD2"
0.213306445090516,-0.119891398855093,0.244,0.306,1,"MEA1"
0.60735052143097,0.119848758799884,0.142,0.121,1,"SEC23A"
0.846073167921323,0.119770863884698,0.222,0.239,1,"SEC61A1"
0.97545277732516,0.119345890830579,0.119,0.121,1,"TTLL5"
0.362428459983126,-0.119278277324139,0.267,0.323,1,"NDUFS3"
0.144431579491382,-0.11916180749289,0.42,0.519,1,"TANK"
0.212443341807662,-0.119073089075983,0.205,0.273,1,"ASAP1"
0.4670618279348,-0.118939066784155,0.216,0.259,1,"SENP7"
0.597776696627579,-0.118905749691793,0.108,0.121,1,"MED8"
0.852232865620848,0.118887406307904,0.534,0.566,1,"CSTB"
0.256375605953076,-0.118825594364731,0.136,0.185,1,"SFT2D1"
0.872853704060998,0.118695941184934,0.182,0.195,1,"BROX"
0.782550206118153,0.118608341284613,0.477,0.485,1,"RSL1D1"
0.68197956743646,-0.118607336552786,0.188,0.209,1,"SENP5"
0.434960533946809,-0.118566661037538,0.199,0.236,1,"FDFT1"
0.475285695596384,-0.118387092376669,0.085,0.108,1,"QTRT2"
0.843129852031576,-0.118334942138425,0.227,0.236,1,"KDM3A"
0.866753875654671,0.118303613516752,0.489,0.532,1,"N4BP1"
0.1710341346398,-0.118057952491105,0.33,0.421,1,"SARNP"
0.846459095854814,0.11777606243381,0.176,0.189,1,"CYB5R4"
0.797417467513776,-0.117578087098628,0.182,0.192,1,"EDEM3"
0.854628316810787,0.117434662572663,0.244,0.239,1,"LSM1"
0.392829911574522,-0.11732587037292,0.466,0.552,1,"CNOT6L"
0.879674141065207,0.117247140065879,0.369,0.377,1,"IDI1"
0.608217697471581,0.117180819934645,0.17,0.202,1,"ERGIC2"
0.812080280880889,0.117155214834251,0.21,0.202,1,"NUDT4"
0.486895764800846,0.117153399776016,0.608,0.636,1,"USP15"
0.407567444164206,0.117152409276476,0.722,0.744,1,"PTGES3"
0.875131843429541,-0.117104651948738,0.102,0.108,1,"ACOT9"
0.373309720508858,-0.117082872258069,0.108,0.141,1,"OSGEP"
0.616767198598379,-0.117062321101882,0.284,0.31,1,"OLA1"
0.214179207371911,-0.1170483500283,0.125,0.175,1,"DPP9"
0.755127425227966,0.117019819317562,0.25,0.29,1,"NUFIP2"
0.3924070226102,-0.116767327207876,0.392,0.441,1,"SEPTIN1"
0.0295678280991928,0.116728531096377,1,1,1,"RPS24"
0.816115311610603,0.116701014141863,0.119,0.114,1,"GIMAP2"
0.58014564324649,-0.116648722805063,0.165,0.185,1,"TADA3"
0.0608234669522238,-0.11644435026181,0.523,0.697,1,"SH2D2A"
0.479437646968744,0.116398832369426,0.511,0.495,1,"CCNL1"
0.565054408531043,-0.116324086316987,0.295,0.333,1,"ZRANB2"
0.944031480206467,0.116282504644649,0.284,0.296,1,"ARCN1"
0.908425627506855,-0.116268818670707,0.159,0.155,1,"EIF2AK3"
0.166166087262805,-0.116217415886795,0.148,0.209,1,"DMTF1"
0.620729717335456,-0.116127651921257,0.307,0.337,1,"PSMD6"
0.529622367336011,0.115995898750699,0.119,0.145,1,"PHTF2"
0.177395944621443,-0.115935662876123,0.812,0.875,1,"ATP5MC2"
0.722974374469279,0.115930349003641,0.227,0.219,1,"FBXO33"
0.921579106583039,0.115929992813049,0.364,0.374,1,"ADK"
0.592416979581841,0.11578353698207,0.188,0.222,1,"TMEM245"
0.367304207391009,-0.115622561819483,0.256,0.306,1,"TRG-AS1"
0.865918569880129,0.115529411096583,0.369,0.394,1,"CLTC"
0.177425863831498,-0.115457147270645,0.108,0.158,1,"ATF7"
0.194330180084022,-0.115429931137184,0.432,0.532,1,"ITGB2"
0.411747258589047,-0.115267585170412,0.114,0.145,1,"CBX6"
0.66998384408283,0.115017964554642,0.114,0.131,1,"SLAMF6"
0.910511466275043,0.115006124322881,0.165,0.175,1,"CCNQ"
0.376400255891891,-0.114931538502202,0.352,0.401,1,"DNAJA2"
0.323716502834179,-0.114767042953841,0.347,0.407,1,"MRPL41"
0.218140578431415,-0.114731122389942,0.426,0.515,1,"DDX3X"
0.729494669950615,-0.114512557253884,0.17,0.182,1,"DBF4"
0.789764198306038,0.114431242891285,0.358,0.364,1,"TSPAN14"
0.934580173702265,-0.114233716899797,0.318,0.327,1,"CCND3"
0.724107940129535,0.114165754791859,0.222,0.246,1,"PGLS"
0.62356333285198,-0.11410274387692,0.085,0.101,1,"EXOC7"
0.910191598612753,0.114087306791841,0.193,0.192,1,"PGD"
0.655204709129725,0.114075517643277,0.233,0.263,1,"PKN2"
0.918858344941045,0.114055946836527,0.381,0.401,1,"DYNLT1"
0.524223263365976,0.11395313822807,0.278,0.33,1,"DNAJC3"
0.507363675368124,0.113935795541363,0.278,0.327,1,"ARRDC2"
0.160500064565058,-0.11385126318187,0.58,0.69,1,"ELF1"
0.150964997563035,0.113809749301337,0.739,0.677,1,"RBM3"
0.347149475178424,-0.113750295661729,0.08,0.108,1,"ECHS1"
0.856718181426682,0.11356323061404,0.233,0.256,1,"TMEM179B"
0.595454640986073,-0.113480817359149,0.278,0.316,1,"FOXJ3"
0.581603431934001,-0.113423120227283,0.165,0.189,1,"USO1"
0.673059113238198,0.113417173162221,0.136,0.155,1,"WDR18"
0.342358377167692,-0.113357435912062,0.097,0.131,1,"HACL1"
0.180373719283877,-0.113334184317194,0.483,0.566,1,"DIAPH1"
0.69995456559892,-0.113306232341215,0.114,0.128,1,"IQSEC1"
0.398021024551834,-0.113292990948977,0.097,0.128,1,"NUP107"
0.73419797413616,0.113257686264546,0.472,0.465,1,"ARRB2"
0.436270162751177,-0.113242720662614,0.29,0.34,1,"RTF1"
0.41007147396136,-0.113206256887551,0.188,0.226,1,"MRPL18"
0.877669299622828,0.113177554529274,0.205,0.219,1,"RABGEF1"
0.177086895496919,0.113162577514657,0.21,0.286,1,"LAP3"
0.729648988146915,-0.113133725969707,0.205,0.215,1,"MALT1"
0.838000492250821,0.113120460180245,0.102,0.098,1,"DAP"
0.139127389267327,-0.11311837461862,0.375,0.485,1,"MACF1"
0.376432733125243,0.113085746079483,0.67,0.707,1,"CD81"
0.63063456625879,0.112931884904109,0.102,0.121,1,"VPS35L"
0.753993814709588,0.112878295925072,0.091,0.101,1,"TMEM223"
0.848563561784757,0.11286921443567,0.153,0.152,1,"POLG"
0.918760750223044,0.112673306047558,0.125,0.121,1,"SELENOI"
0.126900983596907,0.112587275600259,0.074,0.121,1,"GMDS-DT"
0.435078312998985,-0.112580496220558,0.619,0.67,1,"SRSF11"
0.686455238315161,-0.112578936413006,0.256,0.276,1,"SP110"
0.210239098797895,-0.112432648244796,0.352,0.444,1,"ENSG00000290823"
0.813788789587857,-0.11235216472471,0.25,0.259,1,"GLRX5"
0.235594135479459,-0.112343905110185,0.415,0.525,1,"TMOD3"
0.577649738450725,-0.112298130051783,0.233,0.256,1,"USP10"
0.752805827401762,0.112179628997963,0.165,0.182,1,"MTRFR"
0.82078209139361,0.112169427629986,0.392,0.428,1,"VMP1"
0.347687817376667,-0.111990640115071,0.256,0.313,1,"RBM33"
0.924956727283497,0.111975652152688,0.494,0.515,1,"CLTA"
0.84197301854011,0.111939182638372,0.426,0.475,1,"UQCRFS1"
0.977425151707609,0.111932162992676,0.438,0.488,1,"PCGF5"
0.151864813533092,-0.11189409536933,0.153,0.215,1,"GTF2I"
0.826041487270455,0.111846914004444,0.153,0.168,1,"ZNF831"
0.69514747544316,0.111814008074966,0.17,0.155,1,"IPO5"
0.577481641741335,-0.111601542848858,0.318,0.36,1,"RHEB"
0.92420910709821,-0.111538773473321,0.176,0.182,1,"USP20"
0.970863874939408,0.111446547862262,0.108,0.111,1,"FBXW2"
0.63625766941294,0.111222800134425,0.176,0.202,1,"C6orf62"
0.297427809383879,-0.11121679555496,0.119,0.158,1,"RNF139"
0.577701169452727,0.11118324546068,1,1,1,"ENSG00000280441"
0.797150040819927,0.111158984237258,0.131,0.145,1,"HIPK2"
0.209689686422302,0.111090757457414,0.989,0.987,1,"RPL31"
0.801612261528435,0.111085345336529,0.131,0.145,1,"MRPS2"
0.710811526076583,0.110771185137753,0.358,0.414,1,"PICALM"
0.831526662179835,0.110750063383085,0.153,0.168,1,"VKORC1L1"
0.610363179959747,0.110672183195353,0.108,0.128,1,"SLC39A7"
0.881783027921816,0.110641059322027,0.284,0.3,1,"DUSP11"
0.404507925786557,-0.110553305789062,0.443,0.492,1,"GDI2"
0.652216964636261,-0.110367253087918,0.136,0.155,1,"ZDHHC7"
0.945617788439912,0.110296357324686,0.54,0.586,1,"IRF2BP2"
0.566124488915282,-0.110160518909624,0.222,0.253,1,"ZC3H13"
0.399241106542516,-0.110149436510032,0.17,0.212,1,"MAD1L1"
0.386698028689352,-0.110148718363869,0.557,0.626,1,"SNRPG"
0.475598256920411,-0.109902049970213,0.824,0.899,1,"NCL"
0.666216996779075,-0.109797723359178,0.125,0.141,1,"GTF2F2"
0.579527956449843,-0.109678557583595,0.466,0.495,1,"RAB5C"
0.531586430740894,-0.109657792620095,0.153,0.182,1,"MAPK14"
0.699025480499778,0.109483279903696,0.182,0.205,1,"NBR1"
0.520957817479036,-0.109440315129173,0.284,0.32,1,"ORMDL1"
0.47414394877572,-0.109404926076461,0.216,0.249,1,"CTBP1"
0.308015968023395,-0.109388491078882,0.176,0.226,1,"PPP1R35"
0.312204572349627,-0.109237690804996,0.222,0.283,1,"FBRS"
0.871755479366243,0.109226269362089,0.182,0.182,1,"NF1"
0.211371721505146,-0.109222367031495,0.182,0.242,1,"WDFY2"
0.616997696737378,-0.109212262693574,0.193,0.222,1,"CDKAL1"
0.934480562191486,-0.109205518662721,0.21,0.209,1,"ZMYM2"
0.546464975126549,-0.109097732084486,0.085,0.104,1,"TIMM22"
0.832710878538254,0.109032994498686,0.938,0.963,1,"LAPTM5"
0.962574850770815,0.108997033702687,0.426,0.461,1,"ELOVL5"
0.706657202778352,0.10871320485964,0.284,0.273,1,"STXBP3"
0.671820339692351,0.108563936220939,0.312,0.303,1,"RPA3"
0.427490384955606,-0.108357095899253,0.261,0.316,1,"MMADHC"
0.529819364515492,-0.108197492425248,0.142,0.168,1,"SBNO2"
0.944327109671683,-0.108048907672218,0.244,0.249,1,"SLU7"
0.315230182996128,-0.107998188494768,0.267,0.32,1,"DERL1"
0.122173698797371,-0.107946458665122,0.426,0.519,1,"HLA-DPB1"
0.293061984692766,-0.107910840304637,0.744,0.805,1,"COX6A1"
0.309471959087452,0.107908680112373,0.71,0.737,1,"ALDOA"
0.720492516761689,0.107847729186706,0.153,0.175,1,"STIM1"
0.572884187710646,0.107770447843853,0.085,0.104,1,"NCAPH2"
0.859123528723947,0.10768720408891,0.227,0.229,1,"LASP1"
0.973162176988177,-0.107681676320407,0.261,0.266,1,"AHSA1"
0.992587592074299,0.107625624978966,0.261,0.283,1,"MLF2"
0.762987889269758,-0.107353423502059,0.159,0.172,1,"GMPS"
0.706586704801201,-0.107131718340393,0.148,0.162,1,"ARMCX3"
0.676740246609451,0.107063859870418,0.318,0.313,1,"SYNCRIP"
0.553262633022236,-0.106964244212818,0.188,0.215,1,"SLC25A32"
0.554781201154767,0.106865775092406,0.636,0.687,1,"CDC37"
0.503643015684133,-0.106864759225388,0.108,0.131,1,"PISD"
0.914066311658448,0.10685704873348,0.193,0.205,1,"PDIA4"
0.509328003686334,-0.106762135575354,0.193,0.226,1,"DANCR"
0.900573859360231,0.106756232901453,0.188,0.195,1,"OSBPL9"
0.804327435615928,0.106658412343999,0.614,0.677,1,"BZW1"
0.470359552736594,-0.106603572280718,0.364,0.414,1,"CTDNEP1"
0.216118193898256,-0.106590295253943,0.199,0.263,1,"SNF8"
0.605842814526128,0.1065578729957,0.182,0.205,1,"MAN1A2"
0.240829443474198,-0.106535660129582,0.131,0.178,1,"IFNG"
0.746440288808792,-0.10635915847193,0.17,0.182,1,"STK26"
0.664116153226348,-0.106288685802094,0.438,0.475,1,"BRK1"
0.920535526681338,0.106012726591167,0.114,0.111,1,"PHC2"
0.259443364568273,-0.105745681072554,0.068,0.101,1,"SCAPER"
0.676309006374991,0.105417456861767,0.205,0.189,1,"FOSB"
0.857792241554254,-0.105368303652279,0.108,0.114,1,"ADA2"
0.812608702449475,-0.105335247752066,0.097,0.104,1,"SMIM15"
0.94138497466759,0.105298873667728,0.188,0.199,1,"GID8"
0.582377627690416,-0.105226531795873,0.136,0.158,1,"RUVBL2"
0.544682683471411,-0.105190668213568,0.119,0.141,1,"MED17"
0.417747695293303,-0.10511062445059,0.199,0.239,1,"PPM1B"
0.412607315070032,0.105073372390728,0.244,0.29,1,"GDI1"
0.732813541399392,0.105069197378933,0.222,0.253,1,"MED28"
0.657827812746968,0.105030759753698,0.091,0.108,1,"CEBPZOS"
0.778225968346979,0.105023546883428,0.381,0.391,1,"KRAS"
0.3058233806425,-0.104859068681262,0.557,0.63,1,"SF3B2"
0.492608490781276,-0.104844591941719,0.324,0.374,1,"BDP1"
0.906440499981139,0.104788564079986,0.176,0.178,1,"ADPGK"
0.430834880834079,-0.104736171310368,0.108,0.138,1,"ZCCHC17"
0.191042028473047,-0.104673833681553,0.216,0.279,1,"TMEM160"
0.614464185613857,0.104576074443003,0.114,0.135,1,"NEDD1"
0.0926480114194446,0.104498542163224,0.585,0.498,1,"SDCBP"
0.777582558513286,0.104335143429789,0.114,0.125,1,"TMEM138"
0.00331581849857613,0.104282761656094,1,1,1,"RPS19"
0.582300069982849,0.104280882688275,0.54,0.579,1,"H2AZ1"
0.734749483172736,0.10425210875373,0.108,0.121,1,"ZNF766"
0.872817784856265,-0.10418017283055,0.125,0.128,1,"PHKG2"
0.715545624610075,-0.104147230574364,0.256,0.276,1,"AAMP"
0.509574403502384,-0.104059273622424,0.102,0.125,1,"YIF1A"
0.625564555992781,0.104020149523882,0.097,0.114,1,"MX2"
0.319137922982518,-0.103842625715643,0.125,0.165,1,"CDK8"
0.945197094135918,-0.10381945056775,0.506,0.522,1,"EIF5"
0.266924694153678,-0.103788244121218,0.381,0.438,1,"LFNG"
0.254719876029196,-0.103722203621679,0.466,0.552,1,"SELENOT"
0.940700360239396,0.103525365678496,0.415,0.468,1,"WASF2"
0.299538899798075,-0.103522433912108,0.131,0.172,1,"KRCC1"
0.168069659760988,-0.103442342308178,0.295,0.391,1,"RAB10"
0.755357919397373,0.103362097746621,0.199,0.189,1,"USP12"
0.640484331182468,0.103214319551938,0.136,0.155,1,"UNC45A"
0.614872969127969,-0.103201414824369,0.142,0.162,1,"SLC25A36"
0.566600135879266,-0.103182283506696,0.091,0.108,1,"CBX1"
0.267314395497863,-0.103073845439153,0.369,0.424,1,"UBE2K"
0.721381657357048,0.103025558515832,0.335,0.337,1,"PSMF1"
0.505011546264652,-0.102750013669317,0.119,0.145,1,"COMMD5"
0.415377605586295,-0.102572358086978,0.131,0.165,1,"HSPA13"
0.644390972849369,0.102539234459618,0.676,0.694,1,"HSP90B1"
0.505828357747167,-0.102517011736598,0.534,0.576,1,"OPTN"
0.391660110735814,-0.102498249043823,0.085,0.111,1,"MDN1"
0.92090953681404,0.102488172739425,0.142,0.141,1,"NTAN1"
0.244073275808376,0.102486595375871,0.903,0.899,1,"FYN"
0.294791431171401,-0.102383555817601,0.119,0.158,1,"ZXDC"
0.50506268632879,-0.102230620290971,0.438,0.478,1,"NAA50"
0.928103433228374,0.102079038857293,0.307,0.33,1,"SIRT2"
0.808268039578645,0.102057143654022,0.188,0.178,1,"AP5Z1"
0.52214016815599,0.101882938617972,0.472,0.458,1,"MAZ"
0.506008628118409,-0.101760212059386,0.29,0.327,1,"LUC7L"
0.0788195491180132,0.101726637260552,1,1,1,"RPL23A"
0.465683323863986,0.101474032407798,0.318,0.384,1,"MANF"
0.472558909587601,-0.10141913758511,0.619,0.687,1,"COX5B"
0.867621755361557,0.101276861537805,0.312,0.33,1,"DCTN2"
0.874927142283401,0.100981897635019,0.222,0.242,1,"ATP9B"
0.298854394918408,-0.100920519337809,0.091,0.125,1,"GIGYF1"
0.738553887940528,0.100774876114469,0.545,0.556,1,"RTRAF"
0.868517278929421,-0.100753412819651,0.341,0.364,1,"AIP"
0.287543779114864,-0.100746840704586,0.722,0.845,1,"TPM3"
0.581535676485167,0.10071681988964,0.136,0.162,1,"PRR14L"
0.774676440961078,-0.100451264764949,0.199,0.215,1,"CWF19L2"
0.364053906665012,-0.100390390626225,0.17,0.212,1,"CDK9"
0.326927075674748,-0.10037868151165,0.545,0.603,1,"PDE3B"
0.375206258093605,-0.100161789400005,0.358,0.407,1,"PRR5L"
0.775733436463817,-0.100078541859185,0.131,0.141,1,"SAMM50"
0.960647889373296,0.100063890065108,0.108,0.111,1,"INO80B"
0.964112968183409,0.100041476507572,0.165,0.168,1,"MARK2"
