"p_val","avg_log2FC","pct.1","pct.2","p_val_adj","gene"
0,-1.5710203006069,0.947,1,0,"RPS26"
2.75404671611548e-308,-3.1072652722363,0.125,0.453,5.17815863564032e-304,"ENSG00000289901"
1.345058563387e-307,-0.41633749846472,1,1,2.52897911088024e-303,"RPS10"
9.34367793926662e-305,-0.563187592837751,0.997,0.999,1.75679832614091e-300,"MT-CO3"
1.26431681629097e-238,-0.416085352927738,0.998,1,2.37716847799029e-234,"MT-CO1"
6.96077844089611e-165,-3.84850749763024,0.017,0.184,1.30876556245729e-160,"HLA-G"
2.01154058974413e-109,-0.459488260330747,0.922,0.969,3.78209861683691e-105,"MT-ND4"
6.1736443084817e-109,-0.529209228855508,0.724,0.882,1.16076860288073e-104,"CTSW"
3.79114141099882e-100,-0.346389656610033,0.994,0.998,7.12810408095998e-96,"MT-ATP8"
4.83158614338508e-99,-1.97750062839225,0.06,0.203,9.08434826679263e-95,"ANK2"
9.77916745031403e-91,-0.705235514106347,0.629,0.768,1.83867906400804e-86,"IFITM2"
1.61762155785258e-86,-0.420390208523756,0.894,0.95,3.04145205307442e-82,"MT-ATP6"
5.46013571232545e-85,-0.324911263648601,0.983,0.992,1.02661471663143e-80,"MT-ND4L"
1.70564417409937e-73,-0.794402187587376,0.318,0.491,3.20695217614163e-69,"CMC1"
1.86221823504389e-72,-0.889022171887934,0.121,0.265,3.50134272552953e-68,"CCL4L2"
1.98798572666746e-71,-0.36001246296471,0.951,0.971,3.73781076328016e-67,"MT-ND1"
5.93778969803863e-68,1.47943934983243,0.207,0.088,1.11642321902522e-63,"HLA-DRB5"
3.5313492574505e-66,2.39441395584902,0.12,0.032,6.63964287385843e-62,"TYROBP"
3.75508235028118e-61,0.593536976381933,0.673,0.555,7.06030583499867e-57,"SLA2"
4.79228143662902e-59,-0.257691305451593,0.995,0.997,9.01044755714989e-55,"MT-CYB"
5.18128724636078e-59,-0.151508454784295,1,1,9.74185628060754e-55,"HLA-B"
1.80724906264897e-58,-0.165208094159837,1,1,3.3979896875926e-54,"RPS28"
1.63350187840137e-57,-0.833703368224388,0.21,0.354,3.07131023177026e-53,"ALOX5AP"
9.81500464887727e-54,-0.156072218735988,1,1,1.8454171740819e-49,"RPL39"
2.31708207812021e-53,0.532972157994392,0.759,0.696,4.35657772328162e-49,"CD8B"
3.49717513774178e-51,-0.655105089463135,0.446,0.582,6.5753886939821e-47,"ITM2A"
2.42171253899603e-50,-0.199321456924181,0.998,0.999,4.55330391582033e-46,"RPS29"
2.58165321862895e-50,2.23418856042195,0.104,0.031,4.85402438166615e-46,"TRGV5"
1.92553016062223e-48,0.434810620890212,0.796,0.708,3.62038180800192e-44,"CD7"
1.49565194527457e-47,-0.421170441095128,0.8,0.886,2.81212478750526e-43,"LMNA"
1.87867205287974e-47,-0.319218581184471,0.923,0.959,3.53227919382449e-43,"MT-ND2"
4.53961948808716e-46,-0.151311650879631,1,1,8.53539256150149e-42,"RPS21"
1.94529775125126e-45,-0.254788294690998,0.966,0.977,3.65754883190261e-41,"MT-ND5"
2.24212941440775e-43,-1.6876357355572,0.037,0.109,4.21565172496945e-39,"ARL17B"
9.0454743228669e-43,-1.40085697350995,0.05,0.128,1.70073008218543e-38,"TRBV7-2"
3.53965310320057e-41,-0.400833710465871,0.727,0.818,6.6552557646377e-37,"CD2"
2.22221477646971e-39,-0.474073295505822,0.692,0.77,4.17820822271836e-35,"ATP1B3"
1.12357215706689e-37,-0.437430301423709,0.569,0.69,2.11254036971717e-33,"HLA-DRB1"
2.7949112475634e-36,-0.603165520257409,0.252,0.371,5.2549921276687e-32,"KLRG1"
4.66095409350294e-36,0.336974369699288,0.812,0.732,8.76352588660423e-32,"PIK3R1"
5.77658539576412e-36,-0.372308824416415,0.535,0.657,1.08611358611157e-31,"GNLY"
2.72395641364908e-35,0.447702433349508,0.643,0.551,5.12158284894299e-31,"PDE3B"
8.37022517140693e-35,0.933371583303507,0.221,0.131,1.57376973672793e-30,"TRGV2"
9.16200315625198e-35,-0.794110096606534,0.163,0.264,1.7226398334385e-30,"AHR"
2.01038787719594e-34,0.214539888123516,0.979,0.962,3.77993128670381e-30,"OAZ1"
5.18646698355124e-34,1.53362770899398,0.106,0.043,9.75159522247304e-30,"GOLIM4"
2.89337608250548e-33,-0.421467559352319,0.461,0.586,5.4401257103268e-29,"CYTOR"
3.80103301036735e-33,0.417318608695338,0.707,0.636,7.1467022660927e-29,"PRF1"
5.11238434099135e-33,-0.247868026583011,0.975,0.981,9.61230503793193e-29,"JUND"
2.1553833817997e-30,1.45654042324698,0.121,0.058,4.0525518344598e-26,"CD38"
3.6485572129868e-29,0.489850356646824,0.508,0.427,6.86001727185779e-25,"GRK2"
5.31582894044402e-29,-0.610402804203808,0.168,0.262,9.99482157382285e-25,"GZMK"
9.10098804305509e-29,0.643336842679165,0.229,0.142,1.71116777185522e-24,"CD300A"
1.29227535376234e-28,-0.148273094377033,0.997,0.998,2.42973612014395e-24,"MT-CO2"
1.592995325981e-28,0.833661502730482,0.259,0.178,2.99514981190948e-24,"RPTOR"
6.95071821573336e-28,0.435934943903044,0.547,0.465,1.30687403892219e-23,"MAZ"
2.03515855423323e-27,-0.104877938783135,1,1,3.82650511366932e-23,"RPL37"
2.63955976774991e-27,0.640280975674035,0.389,0.304,4.96290027532337e-23,"CLIC3"
7.56324592002628e-27,-0.126671198064852,1,1,1.42204149788334e-22,"RPL36"
1.31931005892438e-26,-0.132913712218916,0.995,0.995,2.48056677278961e-22,"RBFOX2"
2.22759703278423e-26,-0.457938614408924,0.263,0.368,4.1883279410409e-22,"TC2N"
2.26961825159109e-26,-0.107084595969847,0.999,1,4.26733623664157e-22,"RPL35A"
4.83157135717232e-26,-0.773448195477108,0.078,0.146,9.08432046575539e-22,"TRGV9"
5.35396755259827e-26,-0.84823847590775,0.09,0.16,1.00665297923953e-21,"SSBP2"
1.25112090821153e-25,0.539592550407943,0.434,0.347,2.35235753161932e-21,"TXNIP"
1.57359934849688e-25,-0.951372317438833,0.073,0.138,2.95868149504383e-21,"ENSG00000274767"
2.99682945520369e-24,-0.10085953386463,1,1,5.63463874167398e-20,"RPS15"
6.19926526916128e-24,-0.252466900771881,0.804,0.866,1.1655858559077e-19,"IFITM1"
9.46506894155617e-24,0.852867789207358,0.193,0.124,1.77962226239139e-19,"CLSTN3"
1.53777042240943e-23,0.295997805216976,0.777,0.744,2.8913159482142e-19,"SH2D2A"
2.57444107222015e-23,0.874559474385575,0.308,0.236,4.84046410398832e-19,"ENSG00000235979"
3.18231395651471e-23,-0.479861250096879,0.327,0.421,5.98338670103896e-19,"HNRNPLL"
4.23088680912921e-23,1.03293835126818,0.12,0.064,7.95491337852473e-19,"SLC12A7"
4.54815794212849e-23,0.482348444739807,0.348,0.264,8.55144656278998e-19,"SMDT1"
5.39518681436034e-23,-1.17284387066289,0.06,0.116,1.01440302483603e-18,"THBS1"
1.20602018780032e-22,-0.457914091864644,0.624,0.696,2.26755915710216e-18,"NFKBIA"
2.4879626166364e-22,-0.367604793914093,0.342,0.445,4.67786731179976e-18,"AKT3"
2.81617351349355e-22,-0.195702286512153,0.885,0.925,5.29496944007057e-18,"PPDPF"
7.06842293010548e-22,-0.111869765022086,0.998,0.998,1.32900487931843e-17,"RPL37A"
9.59321933338598e-22,0.207994797568024,0.95,0.951,1.80371709906323e-17,"CST7"
1.51833310255302e-21,-0.545913398149775,0.222,0.308,2.85476989942019e-17,"NR4A3"
1.56796669437851e-21,0.170613492632141,0.966,0.955,2.94809097877047e-17,"H3-3A"
1.91370761106961e-21,-0.381711551162995,0.406,0.5,3.59815305033309e-17,"KDM6B"
3.19487525592081e-21,0.846394233408007,0.201,0.137,6.00700445618231e-17,"APOBEC3F"
3.79201747744331e-21,0.202469241778493,0.907,0.887,7.12975126108891e-17,"HNRNPA2B1"
3.84614760257805e-21,0.461425681206546,0.363,0.284,7.23152672236725e-17,"KLRC4"
5.03841304303796e-21,-0.273913784532085,0.63,0.715,9.47322420351997e-17,"RORA"
5.69609502571095e-21,-0.155987746264696,0.994,0.996,1.07097978673417e-16,"EIF1"
7.90362090616249e-21,0.527359286562123,0.299,0.224,1.48603880277667e-16,"PLEC"
9.86169803859928e-21,-0.2901666756664,0.736,0.792,1.85419646521744e-16,"NEAT1"
1.73572638049827e-20,-0.535301035410793,0.176,0.257,3.26351274061285e-16,"PARD6G"
2.16172797144988e-20,-0.636319710678452,0.163,0.239,4.06448093192006e-16,"ENSG00000282885"
2.72699010817859e-20,-0.286805073629713,0.48,0.576,5.12728680139739e-16,"SLC7A5"
3.22412899061378e-20,-0.190503072692203,0.805,0.875,6.06200732815204e-16,"IL32"
3.71450095642442e-20,-0.150973219170382,0.955,0.981,6.98400469826918e-16,"S100A10"
1.08431209028943e-19,-0.283685346980296,0.707,0.77,2.0387235921622e-15,"SIK3"
1.50592774329111e-19,0.135919724219386,0.985,0.985,2.83144534293594e-15,"PPIA"
2.08233275825836e-19,-0.282552249251408,0.625,0.692,3.91520205207737e-15,"NFKB1"
2.26973955819579e-19,-0.300325705049991,0.918,0.935,4.26756431731973e-15,"ZFP36"
3.23838374353959e-19,0.499271421950009,0.355,0.285,6.08880911460313e-15,"TBCD"
8.4481971088075e-19,-0.182458632588959,0.939,0.957,1.58843002039799e-14,"SRSF2"
1.39212593851929e-18,-0.395037476771573,0.262,0.342,2.61747518960396e-14,"GPR183"
1.42926757087033e-18,1.12545664795244,0.11,0.062,2.6873088867504e-14,"TRAV19"
1.64391715251093e-18,0.347994702709985,0.487,0.421,3.09089303015106e-14,"OSTF1"
1.82315510610503e-18,-0.659285476478128,0.124,0.188,3.42789623049868e-14,"ANTXR2"
2.21430894326871e-18,0.329462650353669,0.553,0.484,4.16334367513383e-14,"EVL"
2.30001257271834e-18,-0.458657401856071,0.261,0.342,4.32448363922503e-14,"LINC02446"
3.74298949855716e-18,-0.148942541320042,0.942,0.96,7.03756885518718e-14,"ATP5F1E"
5.51809792617504e-18,0.563138889039144,0.26,0.193,1.03751277207943e-13,"SPON2"
6.95735847292885e-18,-0.318616798099643,0.423,0.515,1.30812254008008e-13,"CD5"
8.14012496387467e-18,0.744402988291804,0.149,0.094,1.53050629570771e-13,"TRGV4"
1.52849629620584e-17,-0.351071898127503,0.441,0.526,2.87387873612621e-13,"ATP8A1"
1.55033396900328e-17,-0.217078297923659,0.736,0.795,2.91493792851996e-13,"FNBP1"
2.28771647405546e-17,0.487753482196067,0.293,0.224,4.30136451451908e-13,"TRGC2"
2.53884864240842e-17,0.283869403998062,0.593,0.532,4.77354321745632e-13,"GIMAP7"
3.48105212978055e-17,-0.305658963101267,0.653,0.716,6.5450742144134e-13,"ZFP36L1"
3.57960136220927e-17,-0.524601591063628,0.193,0.263,6.73036648122587e-13,"ITGAV"
5.81768059074521e-17,0.639756350440666,0.24,0.18,1.09384030467191e-12,"GPX1"
6.39906686587251e-17,-0.177984888061616,0.785,0.856,1.20315255212135e-12,"S100A11"
1.17505533495252e-16,0.133699725921347,0.982,0.979,2.20933904077772e-12,"RPL27A"
1.99659332802162e-16,-0.507646723419004,0.28,0.355,3.75399477534625e-12,"HLA-DQB1"
2.03034577030492e-16,0.171826086508963,0.949,0.947,3.8174561173273e-12,"CYBA"
2.41378386469395e-16,-0.241084488345067,0.792,0.827,4.53839642239756e-12,"YPEL5"
2.54521888952175e-16,0.297668396843267,0.595,0.544,4.7855205560788e-12,"NHERF1"
4.62369669057671e-16,0.355545631421531,0.615,0.566,8.69347451762234e-12,"COTL1"
6.92671715938778e-16,0.516191188876254,0.26,0.197,1.30236136030809e-11,"ENO2"
1.43810198579432e-15,-0.445902874312296,0.118,0.175,2.70391935369048e-11,"XCL2"
1.45188261501096e-15,0.35135290284974,0.454,0.391,2.72982969274361e-11,"PTPN4"
1.64663170160112e-15,0.373053161516565,0.453,0.386,3.09599692535042e-11,"CAMK4"
1.65676598219302e-15,-0.202251484504082,0.974,0.976,3.11505139971931e-11,"VIM"
2.47779862550059e-15,0.246062442327369,0.772,0.753,4.6587569756662e-11,"CD247"
2.81017055863798e-15,0.907807200280089,0.101,0.06,5.28368268435113e-11,"RPSA2"
3.23794459973537e-15,-0.258638638786351,0.496,0.58,6.08798343642243e-11,"RELB"
4.07585224941743e-15,-0.422193734929947,0.193,0.262,7.66341739935466e-11,"TRAF1"
5.34295696142261e-15,0.251305399816458,0.673,0.636,1.00458276788668e-10,"PSMB9"
6.11619813271472e-15,0.317550143823856,0.542,0.493,1.14996757291302e-10,"DOCK8"
6.37026868717984e-15,-0.487484817791752,0.295,0.364,1.19773791856355e-10,"ZNF331"
1.64331367778242e-14,0.424282675703414,0.477,0.429,3.08975837696652e-10,"DSTN"
1.72151777716337e-14,-0.114236715236641,0.983,0.992,3.23679772462256e-10,"CCL5"
2.03108507393122e-14,0.345718818245124,0.446,0.393,3.81884615600548e-10,"SEPTIN2"
2.89971601062934e-14,0.612867849678154,0.184,0.132,5.45204604318529e-10,"ENSG00000291149"
3.1389280626976e-14,0.277352810836687,0.694,0.646,5.90181254348403e-10,"GZMB"
4.07560359642167e-14,-0.315459064511028,0.391,0.467,7.66294988199202e-10,"DUSP10"
4.17685758576582e-14,0.249291820998576,0.698,0.662,7.8533276327569e-10,"SYTL3"
5.27212478621552e-14,-0.276792526220994,0.45,0.525,9.91264902304242e-10,"YBX3"
6.50191101696451e-14,-0.671631557278077,0.081,0.128,1.22248930940967e-09,"LINC00944"
6.72802487872077e-14,-0.474271688909216,0.141,0.201,1.26500323769708e-09,"SNHG17"
7.33716276029746e-14,0.503193451851922,0.236,0.18,1.37953334219113e-09,"IL16"
8.02942655651136e-14,0.239583359282886,0.645,0.601,1.50969278115527e-09,"NME2"
9.10927406367638e-14,-0.113055439501244,0.973,0.982,1.71272570945243e-09,"RPL36AL"
1.01483933425453e-13,-0.525853921879981,0.115,0.168,1.90810091626537e-09,"CFAP210"
1.17070182379516e-13,-0.246327041509129,0.622,0.68,2.20115356909965e-09,"PDE4B"
1.333059576428e-13,0.184650414296168,0.786,0.761,2.50641861559993e-09,"CD81"
1.81386195468557e-13,-0.546526736671192,0.104,0.154,3.4104232471998e-09,"JAML"
1.85787273644874e-13,0.554402845957347,0.214,0.161,3.49317231907092e-09,"GALNT2"
2.34973459479873e-13,0.305017667073401,0.737,0.722,4.41797098514058e-09,"TRBC2"
3.4045939716726e-13,-0.290217062787678,0.312,0.387,6.40131758553882e-09,"SNHG5"
3.91584548405858e-13,-0.22994084782,0.619,0.69,7.36257267912694e-09,"HLA-F"
4.32796111602838e-13,0.57496393587003,0.221,0.168,8.13743249035656e-09,"PRSS23"
4.48894123532134e-13,-0.168155418626161,0.947,0.965,8.44010731065118e-09,"TALAM1"
5.0769620620207e-13,-0.576962442539677,0.086,0.133,9.54570406901131e-09,"ENSG00000290569"
5.97586707146439e-13,-0.42302684256092,0.274,0.342,1.12358252677673e-08,"CHMP1B"
6.08783596562315e-13,0.268042625117349,0.757,0.742,1.14463491825647e-08,"PLAAT4"
6.1562595421063e-13,-0.530147164392825,0.12,0.172,1.15749991910683e-08,"CAMK2N1"
7.42669392309056e-13,0.40715239506716,0.354,0.29,1.39636699141949e-08,"HSPA1A"
7.85567742431231e-13,-0.464113031243172,0.224,0.285,1.4770244693192e-08,"ENSG00000234961"
8.44601092255327e-13,-0.36847286700937,0.335,0.404,1.58801897365847e-08,"PLEK"
8.66534004372884e-13,0.279366323867788,0.491,0.444,1.6292572350219e-08,"G3BP1"
9.02923282541431e-13,-0.262651714411025,0.381,0.456,1.6976763558344e-08,"GZMA"
9.03942910460168e-13,-0.294930454197834,0.572,0.632,1.69959346024721e-08,"REL"
1.40197673652749e-12,-0.232802940042386,0.437,0.516,2.63599666001898e-08,"KANSL1"
1.44720051549495e-12,0.286009000385598,0.284,0.22,2.7210264092336e-08,"NINJ1"
1.52982731574753e-12,-0.166929582107219,0.909,0.93,2.87638131906851e-08,"CD74"
1.61592270529392e-12,0.180962045330875,0.794,0.768,3.03825787049362e-08,"CDC42"
1.74431369667195e-12,-0.173304246150746,0.782,0.83,3.2796586124826e-08,"MCL1"
2.1496506033213e-12,-0.142894771303392,0.831,0.879,4.04177306436471e-08,"UQCRB"
2.34763706616683e-12,0.632637025952794,0.109,0.069,4.41402721180688e-08,"TMCC3"
2.37920955254778e-12,0.252453859055016,0.626,0.587,4.47338980070034e-08,"PDE4D"
3.40929402852722e-12,0.222294440637768,0.6,0.558,6.41015463243687e-08,"COPE"
5.57315098355848e-12,-0.596863342826265,0.086,0.13,1.04786384792866e-07,"HOOK2"
6.27621226914998e-12,-0.406390587853076,0.441,0.503,1.18005343084558e-07,"NR4A2"
7.48901075201494e-12,-0.368504134919151,0.204,0.268,1.40808380159385e-07,"PAG1"
8.46441861972058e-12,0.647995139701897,0.143,0.101,1.59147998887986e-07,"ELP5"
9.93781743950748e-12,-0.100957181777991,0.988,0.992,1.8685084349762e-07,"RPL38"
1.06869872223895e-11,-0.347783918122085,0.212,0.275,2.00936733755367e-07,"PAM"
1.12031301710463e-11,0.5997914150395,0.166,0.122,2.10641253476013e-07,"CEP78"
1.34069101176472e-11,0.12993908819252,0.948,0.95,2.52076724032003e-07,"ARPC2"
1.42552432061343e-11,-0.292812177998102,0.452,0.522,2.68027082761736e-07,"CAMK1D"
1.52669928957687e-11,-0.40244419349971,0.075,0.116,2.87050000426242e-07,"ZC3H12B"
1.63787732116746e-11,0.371616648592594,0.337,0.288,3.07953693925906e-07,"UBE2L6"
1.6980176909721e-11,0.337447490250775,0.408,0.359,3.19261286256574e-07,"IL2RB"
1.90203224154698e-11,0.264871148093066,0.48,0.438,3.57620102055664e-07,"SIRT2"
1.93236309076434e-11,0.343407359243942,0.394,0.347,3.63322908325512e-07,"PSMB10"
2.14044894231706e-11,0.462538871361735,0.256,0.208,4.02447210134453e-07,"BTN3A3"
2.20143578370439e-11,0.707991864416927,0.127,0.087,4.13913956052099e-07,"LYN"
2.33950539329149e-11,0.452192895197338,0.221,0.173,4.39873804046667e-07,"BCR"
2.42300629288946e-11,-0.541637899354124,0.095,0.138,4.55573643189075e-07,"KDSR"
2.66687693843193e-11,0.481306060511514,0.201,0.154,5.01426201963971e-07,"ST6GAL1"
2.72500608039113e-11,-0.163991225256217,0.752,0.809,5.1235564323514e-07,"CD37"
2.73199021800302e-11,0.349387943964483,0.32,0.267,5.13668800788927e-07,"ITGB7"
3.76388636808829e-11,0.180091818125796,0.604,0.545,7.07685914927961e-07,"FGFBP2"
3.84377341649089e-11,0.240468685610698,0.609,0.57,7.22706277768617e-07,"SLA"
4.16915248887476e-11,0.2955020374277,0.501,0.456,7.83884050958233e-07,"CHST12"
4.48536958784536e-11,0.189530359204717,0.705,0.688,8.43339189906684e-07,"HNRNPF"
5.03834860904459e-11,0.647428270085894,0.147,0.107,9.47310305472564e-07,"ITM2C"
5.17577450795755e-11,-0.14265329629736,0.844,0.884,9.73149122986178e-07,"LITAF"
5.24778684552917e-11,-0.430676410544538,0.168,0.223,9.86688882696394e-07,"ENSG00000290537"
6.5529768505434e-11,0.155597517808632,0.844,0.822,1.23209070743917e-06,"METRNL"
6.55668864269847e-11,0.455647871265188,0.252,0.206,1.23278859860017e-06,"ARRDC2"
6.56285557715222e-11,0.170244258952191,0.782,0.763,1.23394810561616e-06,"CCSER2"
7.02297556303628e-11,-0.312848674488575,0.247,0.309,1.32045986536208e-06,"CDC14A"
7.02656097787043e-11,0.189707435221672,0.861,0.849,1.3211339950592e-06,"PGK1"
7.44768930789098e-11,-0.219633747207049,0.718,0.76,1.40031454366966e-06,"HSPA5"
7.68391836753423e-11,0.285436624104367,0.426,0.38,1.44473033146379e-06,"SDHA"
7.7954388409059e-11,-0.324319910899345,0.372,0.438,1.46569841086713e-06,"PIM3"
9.87268542701569e-11,0.656201770394804,0.121,0.083,1.85626231398749e-06,"EFNA5"
1.05131621002491e-10,0.258350685281105,0.522,0.489,1.97668473808884e-06,"PRELID1"
1.09929715892998e-10,0.226942275033892,0.583,0.548,2.06689851822015e-06,"UBXN4"
1.1327916933176e-10,0.203877054154329,0.656,0.622,2.12987494177575e-06,"S1PR4"
1.52545899256111e-10,0.304161346887402,0.409,0.361,2.8681679978134e-06,"GTF3C1"
1.63035176562316e-10,-0.202630517993375,0.86,0.885,3.06538738972467e-06,"ZFP36L2"
1.68899413730913e-10,0.159955146758697,0.782,0.765,3.17564677696863e-06,"DAZAP2"
2.15015736635184e-10,0.174168534771739,0.689,0.655,4.04272588021472e-06,"GNG5"
2.36078951126429e-10,0.154342940636,0.708,0.669,4.43875643907911e-06,"MZT2B"
2.87551228134637e-10,0.198706939090619,0.54,0.496,5.40653819138744e-06,"ERH"
3.00333530385269e-10,-0.163507042391458,0.707,0.75,5.64687103830382e-06,"MYL12A"
4.10289397375922e-10,0.499769008774154,0.201,0.156,7.71426124946209e-06,"MT1F"
4.35759981649082e-10,-0.12307893550831,1,1,8.19315917496605e-06,"ENSG00000280441"
4.9119479766459e-10,-0.29505582150894,0.334,0.401,9.23544458568962e-06,"ENSG00000291073"
5.43669800654957e-10,0.199462457950044,0.663,0.633,1.02220795919145e-05,"ARHGAP9"
5.44747422009158e-10,0.511709191898181,0.238,0.194,1.02423410286162e-05,"ABCG1"
6.35490108454174e-10,0.240895842777326,0.494,0.449,1.19484850191554e-05,"SRPK2"
6.62688725277677e-10,-0.309830106534993,0.217,0.277,1.24598734126709e-05,"TP53BP2"
7.32922626757212e-10,-0.197372821704536,0.632,0.69,1.37804112282891e-05,"EMD"
8.85250571163961e-10,-0.450709872773688,0.16,0.208,1.66444812390248e-05,"TNFSF9"
9.29419214125643e-10,-0.563519012435202,0.088,0.127,1.74749400639903e-05,"NOCT"
9.85907981049641e-10,0.231132951572043,0.514,0.475,1.85370418596953e-05,"KIF2A"
1.07681179204692e-09,0.28083963830622,0.503,0.467,2.02462153140661e-05,"ABI3"
1.14214846572016e-09,-0.233331277074116,0.333,0.401,2.14746754524705e-05,"PBX4"
1.46072718394757e-09,-0.108557197160114,0.989,0.991,2.74645925125822e-05,"FTL"
1.46613291636672e-09,0.20311135316888,0.675,0.656,2.7566231093527e-05,"SUN2"
1.47338315869649e-09,-0.187365934223951,0.52,0.584,2.77025501498113e-05,"ID2"
1.51151547856696e-09,0.141623462500807,0.841,0.822,2.8419514028016e-05,"PSMA7"
1.55004409856189e-09,-0.325773092738817,0.299,0.356,2.91439291411607e-05,"ELL2"
1.68119780893428e-09,-0.227947827342256,0.528,0.593,3.16098812035824e-05,"ITGB1"
1.71076438899278e-09,-0.283565793843985,0.247,0.304,3.21657920418423e-05,"RORA-AS1"
1.77582931958267e-09,0.161103957153921,0.748,0.732,3.33891428667934e-05,"SELPLG"
1.86963526825327e-09,0.402750068344837,0.236,0.187,3.51528823136981e-05,"TRGV10"
1.93670305101526e-09,0.188084644696933,0.639,0.612,3.6413890765189e-05,"TAX1BP1"
2.01020200590276e-09,0.280788756487315,0.707,0.722,3.77958181149838e-05,"GZMH"
2.48642428741333e-09,0.511334282485529,0.157,0.117,4.67497494519454e-05,"CD226"
2.58673815130371e-09,-0.207528413010506,0.461,0.534,4.86358507208124e-05,"RAB8B"
2.70969338278882e-09,0.191739238990394,0.759,0.731,5.09476549831954e-05,"PDCD4"
2.72454725836104e-09,0.185979372167245,0.643,0.62,5.12269375517043e-05,"NDUFB11"
2.90639352329414e-09,0.353461685756661,0.265,0.221,5.46460110249765e-05,"ASF1A"
3.155011245134e-09,-0.198187949940014,0.689,0.733,5.93205214310095e-05,"TMEM50A"
3.44202856178208e-09,0.207989284432925,0.576,0.545,6.47170210186267e-05,"RNF213"
3.52486164919915e-09,-0.480052618711571,0.092,0.13,6.62744487282425e-05,"REEP4"
3.62037009603314e-09,-0.329877334032869,0.243,0.298,6.80701985456151e-05,"MAP3K8"
5.32671848008374e-09,0.521353796199862,0.162,0.123,0.000100152960862534,"CARD19"
5.42469389917672e-09,-0.304765868430524,0.26,0.317,0.000101995094692321,"CUTA"
5.61122941670133e-09,0.21933547266707,0.52,0.484,0.000105502335492818,"IL10RA"
5.74217045489826e-09,0.132618794494384,0.945,0.938,0.000107964288892997,"GNAS"
6.29567149530418e-09,-0.118769331854973,0.958,0.97,0.000118371215454709,"MT-ND3"
6.95547765922503e-09,0.5272354516279,0.133,0.097,0.000130776890948749,"PDGFD"
6.99713916357617e-09,0.557948561931879,0.148,0.113,0.000131560210553559,"IFI35"
9.26310730090121e-09,0.354313985639888,0.316,0.272,0.000174164943471544,"BATF"
9.32586906624955e-09,0.376324859816709,0.247,0.205,0.000175344990183624,"SLC15A4"
9.72929467059867e-09,-0.220904232796732,0.298,0.358,0.000182930198396596,"TRAT1"
9.83686969455326e-09,-0.421025830809074,0.107,0.147,0.00018495282399699,"GOLGA8A"
1.00195857883419e-08,-0.447748644546416,0.19,0.236,0.000188388251992404,"FOSB"
1.00576345308611e-08,-0.257090520244001,0.33,0.387,0.00018910364444925,"BICDL1"
1.01003896914119e-08,0.27291086915171,0.363,0.319,0.000189907526977926,"MDH1"
1.03522534146558e-08,-0.243746176430752,0.296,0.354,0.000194643068702358,"VAV3"
1.07390951572493e-08,0.213973626880885,0.787,0.802,0.000201916467146602,"LSP1"
1.11334857002355e-08,0.15168234004425,0.778,0.761,0.000209331798135829,"PDIA3"
1.12525628672427e-08,-0.472497080303013,0.091,0.128,0.000211570687029897,"ITPR3"
1.14851319369922e-08,0.205220991880227,0.538,0.508,0.000215943450679328,"UBE2I"
1.21264052008277e-08,-0.287810914831069,0.247,0.304,0.000228000670585963,"RILPL2"
1.45279908953439e-08,0.239456313780029,0.529,0.494,0.000273155284814256,"YPEL3"
1.58640389191085e-08,0.234311851885638,0.422,0.377,0.000298275659757078,"DCXR"
1.67230692844632e-08,0.170513925637859,0.642,0.621,0.000314427148686478,"ACTR2"
1.7193718348637e-08,0.259503322600335,0.36,0.316,0.000323276292391072,"BRD1"
1.8978076736768e-08,0.162515342088959,0.776,0.76,0.000356825798804712,"TPI1"
2.06919344351035e-08,0.459658610137101,0.167,0.13,0.000389049751248815,"ACSL5"
2.09060148405918e-08,0.313519830606918,0.406,0.364,0.000393074891032806,"GIMAP4"
2.49479478556643e-08,0.259454345625234,0.458,0.418,0.0004690713155822,"PYHIN1"
2.55508795857783e-08,0.236503510708858,0.347,0.297,0.000480407637971803,"HSPA1B"
2.57109729383791e-08,0.148155037854671,0.781,0.762,0.000483417713187403,"RNF19A"
2.73217694022555e-08,0.262604837184309,0.352,0.311,0.000513703908301207,"UBE2Q2"
2.7764116949179e-08,-0.165068038746155,0.436,0.489,0.000522020926878464,"UBE2S"
3.10806442030281e-08,-0.155108417729649,0.679,0.737,0.000584378272305334,"RSRP1"
3.22493337596431e-08,0.232334637255021,0.526,0.491,0.000606351973348809,"IFI16"
3.31426430264257e-08,0.181072673437172,0.645,0.604,0.000623147974182856,"SLFN5"
3.83686179090136e-08,0.222080091259204,0.527,0.493,0.000721406753925274,"LBR"
3.85029973022594e-08,0.235701230457305,0.468,0.423,0.000723933355277082,"NCOA1"
3.94022897201785e-08,-0.198741057665762,0.272,0.333,0.000740841851318796,"NUTM2A-AS1"
4.48142361731409e-08,0.298823101367913,0.34,0.301,0.000842597268527395,"UBTF"
4.91638075633841e-08,0.20800718419189,0.511,0.481,0.000924377909806748,"PSMA5"
5.0504085430348e-08,0.283119692962675,0.272,0.229,0.000949577814261403,"CDK11A"
5.0923701677152e-08,0.151698442576303,0.717,0.693,0.000957467438933811,"HNRNPA3"
5.28477491541251e-08,0.22908659239147,0.493,0.465,0.00099364337959586,"CCT3"
5.37822649667682e-08,0.667506470428992,0.102,0.072,0.00101121414590517,"CDKN2A"
5.40431160556003e-08,0.158985631538431,0.496,0.448,0.0010161186680774,"PRKX"
5.66509190591171e-08,-0.380098976756145,0.185,0.23,0.00106515058014952,"ITPRIP"
5.95026826739289e-08,0.383106731576541,0.225,0.186,0.00111876943963521,"DDI2"
5.98630598894344e-08,-0.236528612092163,0.293,0.351,0.00112554525204115,"LINC01138"
6.04326505368503e-08,0.156190883995641,0.925,0.921,0.00113625469539386,"HSP90AB1"
6.12105211799453e-08,-0.412836627953249,0.114,0.152,0.00115088021922533,"HLA-DMA"
6.24102687256436e-08,-0.200758991975916,0.432,0.495,0.00117343787257955,"ESYT2"
6.3161111376942e-08,0.27140118782818,0.373,0.334,0.00118755521610926,"ADAM10"
6.83126408703942e-08,0.401611211989744,0.224,0.186,0.00128441427364515,"NCS1"
7.0988347421634e-08,0.443685737834414,0.181,0.145,0.00133472290822156,"PELP1"
7.71427184420683e-08,-0.286840460667995,0.22,0.27,0.00145043739214777,"ENSG00000274265"
7.82309370737329e-08,0.257859010188951,0.415,0.373,0.00147089807886033,"GIMAP5"
7.84150332541662e-08,0.457848105710458,0.196,0.16,0.00147435945524483,"PERP"
8.08524126962662e-08,0.533972388186579,0.157,0.122,0.0015201870635152,"KLRC2"
8.28958619290798e-08,0.229969980046432,0.681,0.667,0.00155860799599056,"DYNLL1"
8.45725108538299e-08,0.153148186714152,0.808,0.8,0.00159013234907371,"MIF"
8.54543358049499e-08,0.167574346079955,0.691,0.673,0.00160671242180467,"ATP6V0E1"
8.66426244595626e-08,0.160667013957953,0.596,0.569,0.0016290546250887,"PPP1CA"
9.42753828177211e-08,0.521747675367126,0.138,0.105,0.00177256574773879,"PLEKHA5"
1.03662903482444e-07,0.332319066671678,0.286,0.247,0.00194906991127691,"HDLBP"
1.0581098789428e-07,0.153969580024747,0.697,0.672,0.00198945819438825,"SET"
1.08364658025294e-07,0.268658557885601,0.423,0.392,0.00203747230019157,"ATP5PD"
1.11724425306672e-07,0.213523353128396,0.442,0.407,0.00210064264461606,"EIF3I"
1.17133424551594e-07,-0.254117575934233,0.218,0.267,0.00220234264841908,"TNFSF14"
1.45908032921965e-07,0.390000220623675,0.238,0.204,0.00274336283499879,"FAM118A"
1.56680438585317e-07,0.253982070693573,0.399,0.363,0.00294590560628114,"MRPL41"
1.62683829230829e-07,-0.274737924656183,0.586,0.629,0.00305878135719805,"BHLHE40"
1.6375881884489e-07,-0.117297137952728,0.684,0.748,0.00307899331192162,"LEPROTL1"
1.691365884986e-07,0.110150384502257,0.972,0.975,0.00318010613695068,"SARAF"
1.75280960797444e-07,-0.394370823283061,0.104,0.14,0.00329563262491354,"OXNAD1"
1.84988157234279e-07,0.137014610672742,0.805,0.797,0.00347814733231891,"YWHAB"
1.9110487646896e-07,-0.344413295796608,0.118,0.156,0.0035931538873694,"ENSG00000270240"
1.94516383198457e-07,0.434626669581362,0.155,0.121,0.00365729703689739,"GSDMD"
1.97793587695282e-07,0.241388707120422,0.447,0.416,0.0037189150358467,"TRABD"
1.98770836759573e-07,-0.221056639202656,0.87,0.878,0.00373728927275349,"DUSP2"
2.09027612562579e-07,0.389699995232485,0.25,0.214,0.00393013717140162,"PRKCQ-AS1"
2.21580576226743e-07,0.137341817211865,0.802,0.793,0.00416615799421523,"PRKCH"
2.22019673107127e-07,-0.430899154760611,0.549,0.587,0.0041744138937602,"CD69"
2.54925699399887e-07,-0.124297005067881,0.207,0.256,0.00479311300011667,"IFNG"
2.55199577017997e-07,0.33785860301476,0.24,0.201,0.00479826244709239,"TMBIM4"
2.56071314980223e-07,0.274148258071643,0.402,0.37,0.00481465286425815,"SIPA1"
2.6889259460766e-07,0.397588432876623,0.232,0.195,0.00505571856381322,"GCHFR"
2.76032229483444e-07,0.195244315688485,0.501,0.47,0.00518995797874772,"HNRNPR"
2.81751637523969e-07,0.416574870969058,0.24,0.205,0.00529749428872567,"ENSG00000287263"
2.9385962432162e-07,0.217089006444973,0.517,0.489,0.00552514865649509,"PPM1G"
3.02097812511165e-07,-0.203627716564198,0.457,0.514,0.00568004307083493,"NSA2"
3.1717483597474e-07,0.207325613436946,0.511,0.478,0.00596352126599706,"DNAJC8"
3.19478133586544e-07,-0.224133494975572,0.335,0.391,0.00600682786769419,"MZT2A"
3.21566037100802e-07,-0.341413317935938,0.119,0.157,0.00604608462956929,"ENSG00000269968"
3.38574971530739e-07,0.332314002639634,0.204,0.168,0.00636588661472096,"PCID2"
3.57820271798323e-07,0.183433411468162,0.554,0.525,0.00672773675035208,"CYRIB"
3.65022581524163e-07,-0.296868424728241,0.114,0.15,0.00686315457781732,"CD83"
3.8564777184856e-07,-0.181765861384484,0.536,0.586,0.00725094940629663,"RANBP2"
4.16804820756895e-07,-0.118095758074931,0.81,0.847,0.00783676423987114,"SNRPD2"
4.3457303393918e-07,-0.25964904577818,0.318,0.37,0.00817084218412447,"PIK3R5"
4.39037658555289e-07,-0.203701695825921,0.261,0.315,0.00825478605615654,"RBL2"
4.54827617427811e-07,0.384157699079041,0.226,0.191,0.00855166886287771,"GRK5"
5.24825721538213e-07,-0.374388143797742,0.101,0.135,0.00986777321636147,"PRR7"
5.46798978287344e-07,-0.337613959412537,0.104,0.139,0.0102809143897586,"RASSF2"
5.63971943882675e-07,-0.493010088230544,0.111,0.144,0.0106038004888821,"GADD45A"
5.67662700686511e-07,-0.188446559831011,0.413,0.47,0.0106731940983078,"ELOVL5"
5.73749462731371e-07,-0.311006800784178,0.158,0.199,0.0107876373982752,"ENSG00000286145"
5.76384593317124e-07,-0.137094011508877,0.625,0.686,0.0108371831235486,"ANXA5"
6.10404727513589e-07,0.186815251222218,0.446,0.407,0.0114768296867105,"EIF1AX"
6.15116752185657e-07,-0.369941659465664,0.14,0.178,0.0115654251745947,"FKBP11"
6.2051026797667e-07,-0.438867811088297,0.086,0.116,0.0116668340584974,"SRGAP2C"
6.31345677297472e-07,-0.417204743779248,0.16,0.199,0.0118705614245471,"ANKRD28"
6.54712209840121e-07,0.300732583804118,0.34,0.306,0.0123098989694139,"BACH1"
6.85994028886e-07,0.589166226192259,0.104,0.077,0.0128980597311146,"CLIC5"
6.88065847464756e-07,0.275675864385851,0.297,0.263,0.0129370140640323,"TPP2"
7.03095563668986e-07,0.396539042824808,0.276,0.24,0.0132196027881043,"PHACTR2"
7.19231597344891e-07,0.259261650100086,0.325,0.287,0.0135229924932786,"TRANK1"
7.23464197851261e-07,-0.33538740254315,0.13,0.167,0.0136025738479994,"ACSL1"
7.83905951190255e-07,0.445107616963351,0.157,0.125,0.0147389996942792,"SLAMF6"
7.95613455428923e-07,0.202034670587522,0.452,0.423,0.0149591241889746,"UBE2L3"
8.02708049455759e-07,-0.126956054477454,0.658,0.708,0.0150925167458672,"CD6"
8.11984372920737e-07,0.127146764626466,0.794,0.78,0.0152669301796557,"MBP"
8.6194265505889e-07,-0.366405039451614,0.108,0.142,0.0162062458004173,"PLEKHG2"
8.83371976868393e-07,0.329201508982143,0.215,0.181,0.0166091599090795,"NPTN"
9.13641703554952e-07,0.110419902838377,0.853,0.846,0.0171782913102402,"RPL23"
9.39772422093952e-07,0.355713520589825,0.232,0.198,0.0176696010802105,"GLIPR2"
1.01264727968316e-06,0.212248875975115,0.507,0.483,0.0190397941526028,"DRAP1"
1.04341703068296e-06,0.271421111561026,0.309,0.274,0.0196183270109009,"SYNGR2"
1.07870319807778e-06,0.293297777818036,0.352,0.317,0.0202817775302583,"MLLT3"
1.10734012005115e-06,-0.295356941274539,0.296,0.343,0.0208202089372016,"IFRD1"
1.12809016646966e-06,0.206606457440904,0.472,0.441,0.0212103513099625,"MAT2B"
1.19373850781916e-06,0.157385289956672,0.522,0.5,0.0224446714240158,"SNRPD3"
1.19406474377698e-06,-0.293833999538354,0.14,0.178,0.0224508053124947,"TMEM238"
1.20702792184509e-06,-0.484785362328177,0.075,0.104,0.0226945389865313,"DCTN6-DT"
1.21808895165596e-06,0.308644868888873,0.27,0.235,0.0229025084690353,"CTBP1"
1.32182959316814e-06,0.303226425334305,0.247,0.211,0.0248530400107474,"PLEKHF1"
1.32264975499733e-06,0.462084925488613,0.307,0.272,0.0248684606934597,"ISG15"
1.3565070641858e-06,-0.239559484140816,0.802,0.812,0.0255050458208214,"TUBA4A"
1.40571786860935e-06,0.175860801208483,0.585,0.559,0.026430307365593,"RESF1"
1.41881899373127e-06,-0.120740046079332,0.797,0.837,0.0266766347201354,"RNASEK"
1.48690245379829e-06,0.179644144702232,0.609,0.593,0.0279567399363155,"CMIP"
1.51705323349886e-06,0.195156098915945,0.519,0.495,0.0285236348962456,"HNRNPD"
1.53339816954323e-06,-0.417846763646319,0.098,0.13,0.0288309523837518,"ENSG00000228655"
1.59486478213125e-06,0.323087086880152,0.257,0.223,0.0299866476336317,"CCDC167"
1.82444505160479e-06,0.136792509134634,0.68,0.671,0.0343032158602732,"COX5B"
1.83496603582235e-06,-0.403579269217364,0.085,0.114,0.0345010314055319,"CYB5A"
1.88404174925026e-06,0.176256827835003,0.674,0.666,0.0354237529694034,"PCED1B-AS1"
1.97063485944743e-06,0.42913814538939,0.125,0.096,0.0370518766273307,"NABP1"
2.02739817197874e-06,-0.353305331977431,0.103,0.135,0.0381191404295442,"PPM1L"
2.0530562976005e-06,0.284970510845468,0.279,0.243,0.0386015645074846,"RNF5"
2.07049487994199e-06,0.231817044915433,0.363,0.331,0.0389294447326694,"MORC3"
2.11025646325161e-06,0.382417599943389,0.124,0.094,0.0396770420220567,"LINC02384"
2.19003488505646e-06,-0.297820808846566,0.093,0.124,0.0411770359088316,"ENSG00000288528"
2.2453556899403e-06,0.199652524722664,0.435,0.405,0.0422171776822575,"CCT7"
2.25515591997917e-06,0.444110519746581,0.16,0.13,0.0424014416074483,"BOLA2"
2.2740608370142e-06,0.213603935623855,0.417,0.384,0.042756891857541,"TRG-AS1"
2.33913643800196e-06,0.463453899754958,0.14,0.112,0.0439804433073129,"USF1"
2.36360196508253e-06,0.244913539599426,0.334,0.302,0.0444404441474817,"KDELR2"
2.51801216800303e-06,0.18533577037461,0.404,0.369,0.047343664782793,"PHC3"
2.60283814474201e-06,0.218324700446372,0.454,0.419,0.0489385627974393,"PRR5L"
2.64229030541131e-06,0.176661131496617,0.483,0.458,0.0496803423223434,"COX5A"
2.66727599119546e-06,-0.402600140969483,0.109,0.141,0.050150123186457,"PHLDB2"
2.75873828720162e-06,0.349766617500108,0.207,0.173,0.0518697972759649,"SLC1A4"
2.78129477212682e-06,0.113916632458557,0.871,0.865,0.0522939043055285,"ATP5F1B"
2.87117313011298e-06,-0.296894011349784,0.133,0.168,0.0539837971923843,"TANK-AS1"
2.88727721123493e-06,0.166527552689488,0.62,0.599,0.0542865861256391,"PTPRJ"
3.14078719716495e-06,-0.370983868242082,0.117,0.15,0.0590530808810955,"PGAP1"
3.23877386090855e-06,-0.216797016125063,0.275,0.32,0.0608954261328026,"LRRC8C"
3.24323605532312e-06,0.304304962368184,0.199,0.167,0.0609793243121853,"TBC1D1"
3.27071483030982e-06,-0.102782053216788,0.881,0.899,0.0614959802394853,"COX7C"
3.48546064707334e-06,0.341821502182392,0.207,0.176,0.0655336310862729,"VPS4A"
3.53949695834745e-06,0.231818387270806,0.344,0.311,0.0665496218108488,"MLF2"
3.57449645944234e-06,0.470332454921943,0.139,0.11,0.0672076824304348,"TRGV3"
3.65959517391428e-06,0.1046533287639,0.877,0.862,0.0688077084599362,"APOBEC3G"
3.67678819270305e-06,0.173504255841693,0.553,0.539,0.0691309715992028,"RALY"
3.75407646672455e-06,0.432685433608573,0.126,0.098,0.0705841457273551,"RUVBL1"
3.78268710210843e-06,-0.368430802355019,0.08,0.107,0.0711220828938427,"NECTIN3"
3.79030808932489e-06,0.169926669794298,0.503,0.472,0.0712653726954866,"TAF15"
3.80301450047221e-06,-0.187624920364822,0.144,0.182,0.0715042786378785,"SATB1"
3.88692922857454e-06,-0.20077980559563,0.391,0.444,0.0730820433556584,"HIVEP2"
3.89757038609208e-06,-0.432767341020551,0.074,0.1,0.0732821183993032,"NBPF19"
3.94344495036944e-06,-0.247460077725815,0.237,0.283,0.0741446519568462,"ENC1"
3.99718550300715e-06,-0.280145729479383,0.128,0.163,0.0751550818275405,"ENSG00000290832"
4.19773877874165e-06,0.108497954184607,0.957,0.969,0.0789258845179006,"CD8A"
4.40774941844996e-06,-0.129047591927038,0.9,0.909,0.0828745045656962,"LINC-PINT"
4.48676105783388e-06,0.277392757991844,0.364,0.339,0.0843600814093926,"TSEN54"
4.53165633295276e-06,0.149005703787379,0.583,0.563,0.0852042023721779,"PLEKHA2"
4.71804024259508e-06,-0.183377218252423,0.193,0.234,0.0887085926412727,"MPZL3"
4.85217374213958e-06,0.152072801934222,0.595,0.576,0.0912305706997083,"PSMB8"
5.06119491152595e-06,-0.19876098530297,0.354,0.401,0.0951605867265109,"KCTD20"
5.21289786240457e-06,-0.208932927323813,0.363,0.412,0.0980129056089308,"SNHG8"
5.432985948475e-06,0.227377721611116,0.439,0.415,0.102151001803227,"IRF1-AS1"
5.46360566691833e-06,0.365343696888085,0.167,0.137,0.102726713749398,"TDP1"
5.58860886439552e-06,-0.17387000545224,0.388,0.438,0.105077023868365,"ELMO1"
6.38800871748077e-06,-0.124268172051275,0.779,0.805,0.120107339906073,"SNHG29"
6.39290602791387e-06,0.19552054867866,0.477,0.446,0.120199419136837,"TBC1D22A"
6.56574877424359e-06,0.17460483942987,0.448,0.419,0.123449208453328,"MYO1F"
6.70592144264771e-06,0.248379158912318,0.374,0.343,0.126084734964662,"LFNG"
6.96389464881107e-06,0.235919256164445,0.489,0.471,0.130935147186946,"TTC39C"
7.20148312799297e-06,0.128202054335922,0.608,0.584,0.135402285772524,"PAFAH1B1"
7.25590446405313e-06,0.304229398292834,0.21,0.178,0.136425515733127,"CSNK2A2"
7.2842191158927e-06,0.209020242391019,0.685,0.68,0.136957887817015,"AOAH"
7.41830974097675e-06,0.143513313639724,0.561,0.543,0.139479059749845,"PPP4C"
7.53270504474091e-06,-0.291385184072835,0.101,0.132,0.141629920251219,"HOXB2"
7.62632327935598e-06,0.183997062793035,0.564,0.55,0.143390130298451,"SLFN12L"
7.62699259046407e-06,0.207969189390285,0.406,0.377,0.143402714685905,"ENSG00000290823"
7.6660517820081e-06,0.203595728679998,0.428,0.398,0.144137105605316,"VPS13C"
7.66655122839847e-06,-0.387538950361329,0.095,0.123,0.144146496196348,"KMT2E-AS1"
7.736138954763e-06,-0.252737860907029,0.198,0.238,0.145454884627454,"HSD17B11"
7.87352365183289e-06,0.271768054998684,0.258,0.227,0.148037991701762,"TRAPPC4"
7.87468048166957e-06,-0.303012705536877,0.101,0.131,0.148059742416351,"H2AJ"
8.12456689520866e-06,0.507982409530831,0.102,0.078,0.152758106763713,"CRACR2A"
8.25952174666944e-06,0.437879654988203,0.172,0.144,0.155295527880879,"HDAC4"
8.38089536710995e-06,-0.127964895670577,0.55,0.61,0.157577594692401,"THEMIS"
8.41110542904339e-06,0.248281042381514,0.307,0.276,0.158145604276874,"ZNF276"
8.70082123692917e-06,0.252357279292618,0.293,0.259,0.163592840896742,"SASH3"
9.009517490738e-06,-0.350754659325256,0.125,0.157,0.169396947860856,"ENSG00000272256"
9.42196943930435e-06,0.163149637115512,0.507,0.487,0.1771518693978,"CIAO2B"
9.81496911671963e-06,-0.320020220832149,0.647,0.674,0.184541049332563,"JUNB"
9.9041672499095e-06,-0.149678089647627,0.57,0.624,0.186218152632798,"C12orf75"
9.93763812057126e-06,0.322079034837387,0.205,0.174,0.186847471942981,"NMRK1"
9.96912423348593e-06,0.139020817809425,0.702,0.689,0.187439473838002,"KLRK1"
1.04509927533595e-05,0.305046629182309,0.265,0.234,0.196499565748666,"GIMAP1"
1.05434001498043e-05,0.159606547201907,0.604,0.591,0.198237009616621,"ACTR3"
1.08102723141044e-05,0.194074584535286,0.516,0.497,0.20325474004979,"CSTB"
1.10659636525354e-05,-0.355804460199986,0.076,0.102,0.208062248594971,"PAK1"
1.11165470109676e-05,0.302203241721354,0.241,0.212,0.209013316900212,"PIN1"
1.1513506681997e-05,0.11681392998644,0.684,0.67,0.216476952634908,"SF3B2"
1.18253055369937e-05,-0.168638922049103,0.396,0.45,0.222339394706556,"BRAF"
1.25782434914386e-05,0.389820168801529,0.137,0.11,0.236496134126028,"MGAT4B"
1.29934420365306e-05,0.307925072661769,0.266,0.234,0.244302697170848,"UBE2F"
1.30766693546362e-05,-0.200392407252744,0.245,0.286,0.24586753720587,"PVRIG"
1.34405801645039e-05,0.206648935561846,0.521,0.493,0.252709788253002,"UCP2"
1.35925720732753e-05,0.140211928147668,0.595,0.571,0.255567540121722,"ARPC5"
1.38903023983718e-05,0.359996428084508,0.156,0.128,0.261165465694187,"FBXO9"
1.42940097546886e-05,0.219161710931728,0.34,0.311,0.268755971407655,"NDUFS3"
1.49520644935437e-05,0.153054853334909,0.465,0.441,0.281128716607609,"TRIM28"
1.54509990777066e-05,0.230384459474731,0.302,0.269,0.290509684659039,"CSK"
1.57093712619592e-05,0.452111054052428,0.109,0.085,0.295367598467356,"HIPK2"
1.58191553742409e-05,0.351814079806269,0.172,0.144,0.297431759346477,"TMX3"
1.62346207136205e-05,0.415013212111833,0.153,0.127,0.305243338657493,"SEPHS2"
1.63682135014257e-05,-0.113390636590631,0.799,0.827,0.307755150253805,"KLF6"
1.64841571766428e-05,0.306221814261726,0.262,0.23,0.309935123235238,"PTMS"
1.70199019330551e-05,-0.23495733711236,0.178,0.216,0.320008196145302,"ENSG00000291214"
1.71161779186584e-05,-0.139385758287685,0.449,0.5,0.321818377226616,"HSPH1"
1.72337060254122e-05,0.364932711710189,0.204,0.175,0.3240281406898,"HNRNPH2"
1.81014606035477e-05,-0.237150304676441,0.164,0.2,0.340343662267905,"MAD1L1"
1.87492199797625e-05,-0.143742816101112,0.199,0.238,0.352522834059494,"MIR23AHG"
1.90976529168318e-05,0.222296899167376,0.447,0.43,0.359074070142272,"C4orf3"
1.98493394411562e-05,-0.186251130015721,0.352,0.4,0.373207280172618,"MFSD11"
1.98851027837928e-05,0.180877132306178,0.647,0.631,0.373879702540872,"AUTS2"
1.99098331102799e-05,-0.101049517517542,0.871,0.889,0.374344682139482,"JAK1"
2.06749099263431e-05,0.141569281563974,0.52,0.495,0.388729656435102,"XRN1"
2.18218984975919e-05,0.28024006660459,0.27,0.24,0.410295335551722,"IDH2"
2.2291195585586e-05,0.103569622153365,0.795,0.789,0.419119059400189,"TMBIM6"
2.26235764202477e-05,0.40204549642893,0.159,0.133,0.425368483853498,"PIK3AP1"
2.41704751009687e-05,0.25606923481212,0.279,0.251,0.454453272848414,"ACO2"
2.56884456652438e-05,0.239613632672334,0.265,0.234,0.482994155397913,"POLR2G"
2.61860712742134e-05,-0.350573406793858,0.092,0.119,0.492350512097761,"STARD10"
2.7566867004604e-05,-0.290949561817771,0.113,0.141,0.518312233420565,"TNFRSF9"
2.76236606735118e-05,-0.148901036995367,0.178,0.215,0.519380067983368,"CRTAM"
2.83377706337557e-05,-0.232904547390406,0.132,0.165,0.532806763455875,"CHST7"
2.83962080420477e-05,0.265375750018694,0.231,0.2,0.533905503606582,"TNFRSF1A"
2.96682383019444e-05,0.284733993361586,0.268,0.238,0.557822216553159,"NSF"
2.98699170745165e-05,-0.140925227887601,0.54,0.587,0.56161418083506,"MAP3K2"
3.08297729457137e-05,0.414504675563072,0.127,0.102,0.579661390925308,"ACSF3"
3.13376473245696e-05,0.319714459721962,0.218,0.19,0.589210444996559,"GFUS"
3.14172595831586e-05,-0.160923167861303,0.383,0.431,0.590707314682547,"ZHX2"
3.22412458876572e-05,-0.213730048362084,0.158,0.191,0.606199905179731,"CADM1"
3.22969709264504e-05,0.143141231294957,0.568,0.55,0.607247647359121,"CSNK1G2"
3.30651864278527e-05,-0.377474235069078,0.217,0.253,0.621691635216487,"RGS1"
3.32771755834255e-05,0.410609849846036,0.102,0.079,0.625677455319566,"IPCEF1"
3.46227990986044e-05,0.245735391449983,0.304,0.278,0.65097786865196,"PPP6R1"
3.50394264665069e-05,-0.22208269469598,0.54,0.58,0.658811296423263,"GADD45B"
3.53914480466508e-05,-0.336522144103463,0.11,0.138,0.665430006173127,"ANKRD36B"
3.60369341611887e-05,-0.127623199871684,0.319,0.366,0.67756643609867,"PPP1R14B"
3.63175028719014e-05,0.282227468165323,0.242,0.213,0.68284168899749,"ESYT1"
3.68628457986165e-05,-0.218838180578114,0.185,0.222,0.693095226705587,"FBXO33"
3.73603572739601e-05,-0.201920463323133,0.145,0.179,0.702449437464998,"PATL2"
3.80832246543718e-05,0.267326789120989,0.208,0.176,0.716040789951498,"FCGR3A"
3.89543057934479e-05,0.296686893563177,0.246,0.218,0.732418857528408,"ANKRD13D"
3.9341368850899e-05,0.209468100199368,0.318,0.286,0.739696417134602,"TMEM179B"
4.15021971066526e-05,0.127708068888054,0.732,0.73,0.780324309999282,"PTGES3"
4.21870415157774e-05,0.277221728031797,0.228,0.198,0.793200754579646,"MAN1A1"
4.23545704777566e-05,0.180498911862595,0.438,0.412,0.79635063412278,"RASGRP1"
4.27140935567604e-05,0.482475869891182,0.105,0.083,0.80311038705421,"SNAP47"
4.29208044047151e-05,0.312703207690915,0.191,0.163,0.806996964417453,"NLRC3"
4.38528456798271e-05,0.394448052449422,0.133,0.108,0.824521204472109,"TRIM21"
4.38563003589935e-05,-0.275470117493782,0.124,0.154,0.824586159349795,"TMEM256"
4.39090647625684e-05,0.392454878668038,0.124,0.1,0.825578235665811,"PFKL"
4.39358806566262e-05,0.106608215132902,0.712,0.698,0.826082428105885,"UBE2B"
4.46415308571812e-05,-0.194830691736645,0.199,0.238,0.839350063176722,"CCDC107"
4.46447589294827e-05,0.308207456886232,0.264,0.24,0.839410757392133,"ASXL2"
4.78436544100189e-05,0.138607502257069,0.594,0.574,0.899556390217175,"C11orf58"
4.99442915113267e-05,0.146891317576282,0.585,0.575,0.939052568995965,"GNB2"
4.9972974075442e-05,-0.277848603825098,0.099,0.127,0.939591858566461,"ZNF33B"
5.0309685774501e-05,-0.125591644004106,0.692,0.727,0.945922711932167,"NIBAN1"
5.18477180530514e-05,0.148028627563057,0.541,0.523,0.974840794833472,"SELENOT"
5.19478408850813e-05,-0.243022245821711,0.109,0.137,0.976723304321299,"PROK2"
5.22332510239106e-05,0.205689980982198,0.382,0.354,0.982089585751567,"GBP2"
5.24177122682608e-05,0.413057718279909,0.13,0.106,0.98555782606784,"HPS3"
5.24601110960424e-05,0.346057734257525,0.152,0.126,0.986355008827789,"STXBP5"
0.00153353064491741,0.643512766535376,0.111,0.093,1,"TNF"
7.76026484851287e-05,-0.621896326144619,0.216,0.247,1,"H2AC6"
0.00989146658081666,0.528662489948423,0.14,0.126,1,"TRGV7"
0.681163084301136,0.506849673427887,0.13,0.131,1,"KLRB1"
0.000115835196724586,0.473658096552355,0.147,0.123,1,"PLCG2"
0.000251786976591887,0.470121862991019,0.137,0.116,1,"AIM2"
0.000116625697217158,0.458824997754706,0.104,0.083,1,"LY9"
0.231503497855891,0.448385447815624,0.143,0.138,1,"HERC5"
0.000192402759921652,0.444390560469208,0.113,0.091,1,"DDX60"
0.0001735736202249,0.440646072200703,0.119,0.098,1,"SRGAP2"
9.18818365680651e-05,0.425820204524891,0.115,0.093,1,"TADA2B"
0.000451583173786302,0.424599516819995,0.109,0.089,1,"HLTF"
8.82876994264543e-05,0.420992363360681,0.115,0.093,1,"GOLGA8B"
0.00030814298480095,0.410937670468246,0.114,0.093,1,"USP28"
0.00042681803950456,0.410399486502245,0.106,0.087,1,"PGM1"
0.000149719105911485,0.40095199102523,0.121,0.099,1,"ABCB1"
0.00190553573840889,0.397770513495508,0.111,0.094,1,"FUT11"
0.000133778847210865,0.391436810552604,0.159,0.136,1,"DENND2D"
0.0101975692488217,0.38940852989171,0.12,0.105,1,"ZNF683"
0.000386501607715175,0.387289387733265,0.111,0.091,1,"AARSD1"
0.000151938814011261,-0.384769765082375,0.086,0.109,1,"PHLPP1"
0.000721317951968103,0.381511567688179,0.114,0.095,1,"GNGT2"
0.000290807598615319,0.381313893586474,0.131,0.109,1,"MCM3AP"
0.00117707531370199,0.379310135104764,0.111,0.093,1,"SRFBP1"
0.000264078957693441,0.372455145089055,0.118,0.097,1,"RAD9A"
0.00109195958102465,0.365501762725925,0.151,0.131,1,"IL12RB1"
0.000349072745385328,0.365126147735402,0.142,0.12,1,"HIBCH"
0.000607130268361815,0.362337024583888,0.148,0.127,1,"BRD8"
0.00011306488937873,0.360552470428439,0.16,0.136,1,"GBP3"
0.000739766523007272,0.357448339351416,0.124,0.104,1,"LMO4"
0.00221310229484401,0.355203997033366,0.102,0.085,1,"HIBADH"
0.000654383484978401,0.35467427719387,0.135,0.116,1,"PPIE"
0.00376956391059918,0.353944722242083,0.114,0.098,1,"KBTBD4"
0.000358912545744321,0.35316497348219,0.159,0.137,1,"AXIN1"
0.00303484471215172,0.352154207435035,0.112,0.096,1,"DHRSX"
6.64530327382995e-05,0.34961711366893,0.152,0.127,1,"MFSD12"
8.43111485148868e-05,0.349556567710957,0.154,0.13,1,"FBXL14"
0.000972709975572617,0.347895587311706,0.103,0.085,1,"ALDH16A1"
0.000444976220665273,0.347432705457275,0.114,0.093,1,"RGS19"
8.83422084537888e-05,0.344800493565104,0.165,0.142,1,"AKT1"
8.24609280939195e-05,0.344268432881977,0.256,0.229,1,"NEDD9"
0.00052714561488833,0.343563416032544,0.111,0.092,1,"EIF2B2"
0.000361066396258112,-0.342028166330925,0.215,0.244,1,"PER1"
0.000466471637792583,0.34172832837835,0.155,0.134,1,"CD82"
0.000419025061734463,0.338633078860896,0.121,0.101,1,"UBR7"
0.000594373220048018,0.338160364211113,0.132,0.112,1,"GKAP1"
0.00055074143093314,0.337809283813681,0.124,0.104,1,"GBP1"
0.00201367143909895,0.337340266215851,0.108,0.091,1,"ZNF766"
0.00085453830435471,0.335546006573673,0.144,0.124,1,"FCMR"
0.00255109960995519,0.335178657087619,0.108,0.092,1,"FRMPD3"
0.000123494510612787,0.334984532420765,0.201,0.178,1,"BCL6"
0.0148952686428773,0.332930020427239,0.127,0.114,1,"NDUFAF6"
0.00081899297948491,0.329186077714555,0.14,0.12,1,"HEATR5B"
0.00454044885961379,0.328783174657,0.103,0.087,1,"BOP1"
0.00412373926234513,0.328725736035026,0.116,0.1,1,"ERGIC1"
0.0112185494162498,0.328281806587575,0.101,0.087,1,"KIAA0586"
0.00729528147247662,0.326602641637999,0.122,0.106,1,"RPAP3"
0.000128689354641581,0.326560513156979,0.192,0.167,1,"CDC25B"
0.00456553518590557,0.325606348301339,0.118,0.102,1,"NUDT22"
7.51336892884139e-05,-0.32440563147061,0.328,0.361,1,"H1-2"
0.000150936156363341,0.324183406926364,0.153,0.129,1,"PYCR2"
0.0021532689019274,0.323622071776168,0.159,0.14,1,"AFF1"
0.000207021543243694,0.322619784426477,0.161,0.138,1,"COMMD7"
7.25593323055361e-05,0.319936515244171,0.181,0.155,1,"FKBP5"
0.0116646827155611,0.318995073763107,0.128,0.114,1,"GART"
0.000295847916107911,0.318542996637256,0.118,0.097,1,"CDHR3"
0.00134929824786653,0.317351558173794,0.149,0.13,1,"PLCG1"
0.0013424302055464,0.31706477020055,0.137,0.118,1,"TBC1D10B"
0.000109839098022289,-0.316717302838212,0.154,0.182,1,"HOPX"
0.00313496244208589,0.315649837383349,0.102,0.086,1,"ECHS1"
0.00290486129523425,0.314208267738342,0.109,0.093,1,"INTS14"
0.00109568305802356,0.314104919458145,0.117,0.098,1,"POLR3K"
0.00665165513717532,0.313854551897564,0.105,0.09,1,"OSBPL2"
0.00063624057862657,0.312079762557785,0.146,0.125,1,"CCP110"
0.000207436299970091,0.311925641945611,0.195,0.172,1,"FBXW2"
0.00250137511211503,0.311894747671045,0.163,0.144,1,"PPID"
0.00118983864859629,0.31189214470156,0.196,0.176,1,"CPNE3"
7.88704447578983e-05,0.311714222846426,0.225,0.196,1,"FKBP4"
0.00478307300596974,0.311009757947862,0.123,0.107,1,"FAM210A"
0.00105528589279799,0.310415980825438,0.147,0.127,1,"PRPSAP1"
0.00215415837877719,0.309773669976366,0.12,0.102,1,"CARNMT1"
0.000442011223428695,0.309728650658282,0.169,0.147,1,"GXYLT1"
0.0115275317994341,0.308752434196983,0.111,0.098,1,"NPRL2"
0.00824053162142768,0.307272026739555,0.105,0.091,1,"ARID3B"
0.00171621591164224,0.306288847827785,0.142,0.124,1,"NIPSNAP2"
0.00147213243332234,0.305933110139856,0.125,0.106,1,"METTL17"
7.32198378241217e-05,0.305767737387643,0.17,0.143,1,"PLAC8"
0.0123952435632585,0.305634123834507,0.113,0.1,1,"NSMCE4A"
0.000172644442516711,0.30475763203673,0.161,0.137,1,"MTG1"
0.00106836240536693,0.304752791165247,0.163,0.142,1,"MX2"
0.0249983738509054,0.304482214491073,0.106,0.094,1,"BCL2L13"
0.00165447494823323,0.304389588324927,0.108,0.09,1,"CDK10"
0.00919235776803145,0.30235374151405,0.111,0.096,1,"EPG5"
0.000185975407542729,0.302333363212965,0.176,0.152,1,"INO80E"
0.00456946558054662,0.301992977828913,0.137,0.121,1,"UCHL3"
0.00138288910264517,0.301467636303633,0.106,0.088,1,"DAPK3"
0.0402511239484526,0.300929611819977,0.106,0.095,1,"ZNF420"
0.00581632466808509,0.300126782385264,0.177,0.162,1,"SFT2D1"
0.0084722382560291,0.2994535839314,0.115,0.101,1,"CISH"
0.0153692696123633,0.298400298207098,0.105,0.092,1,"MRGBP"
0.000292736295449322,0.297246326803885,0.221,0.197,1,"CERK"
0.00120854951866456,0.296959839473206,0.13,0.111,1,"RPIA"
0.022075967840376,0.296816337708747,0.113,0.101,1,"ZHX1"
0.00150738398421008,0.296528703871608,0.169,0.149,1,"MTIF3"
0.00635162661379203,0.296412158093086,0.12,0.105,1,"TBL3"
0.00256991804433307,0.296305103433616,0.149,0.131,1,"TG"
0.0128388172428274,0.295294822214315,0.119,0.105,1,"FKBP3"
0.0178345147262193,0.294792255117185,0.126,0.113,1,"TBCK"
5.8515437126467e-05,0.293845610659085,0.324,0.295,1,"GYG1"
0.000618266043743412,0.293204559677794,0.224,0.202,1,"LPGAT1"
0.000221648014901212,0.293202237653859,0.171,0.147,1,"PRDX3"
0.0050716544957582,0.292979787111442,0.123,0.107,1,"TRAPPC11"
0.000260416232518863,0.292498685378549,0.162,0.138,1,"MCM9"
0.000114331389787036,0.292411892950534,0.261,0.238,1,"NUMA1"
0.00244485818845116,0.291070990570525,0.122,0.105,1,"CCDC18-AS1"
0.0014732241279086,0.290801759848247,0.165,0.146,1,"THOC3"
0.00264386985946112,0.290750001818867,0.141,0.123,1,"VPS33A"
0.00107586120549027,0.289887607159355,0.125,0.105,1,"ARFIP1"
0.0108235647890799,0.289335347873349,0.134,0.119,1,"CBX1"
0.0202548193288504,0.289092597393942,0.121,0.108,1,"JKAMP"
0.0241884497667239,0.288596670655568,0.102,0.089,1,"RUFY2"
0.00166094739138988,0.288336204720589,0.259,0.24,1,"MTSS1"
0.000503601282572132,0.287814981550917,0.224,0.201,1,"MNAT1"
0.000106514167285796,-0.287682098276037,0.104,0.13,1,"ZBTB25"
0.00167576856545577,0.287307677620388,0.229,0.209,1,"ENSG00000268027"
0.00276096697397122,0.287074696002229,0.147,0.129,1,"MIB2"
0.00130252078664988,0.28688700072852,0.136,0.115,1,"TTC38"
0.0360707526289278,0.286445061756879,0.118,0.107,1,"RNF14"
0.00884706000327306,0.286139685640091,0.12,0.105,1,"HIP1R"
0.000157584530754378,0.286101667602023,0.201,0.175,1,"SMS"
0.00820436226553714,0.285811871022326,0.126,0.111,1,"ENOSF1"
0.184188676949049,0.285425718500731,0.102,0.094,1,"IFIT2"
0.021500667526658,0.285167026070694,0.119,0.107,1,"MPHOSPH6"
0.0128922046468918,0.284812566344977,0.12,0.106,1,"GIT1"
0.00565038079981945,0.284780291093892,0.134,0.117,1,"IGFLR1"
0.0054989932672215,0.284658956779958,0.119,0.103,1,"FAM78A"
0.000147844801587051,0.284015857924657,0.215,0.189,1,"DUSP16"
0.00963900264993598,0.283943236438401,0.131,0.117,1,"PLEKHM2"
0.00360565891567661,0.28353340575555,0.125,0.107,1,"SCO2"
0.000428361265290231,-0.283502475864741,0.079,0.1,1,"FAM53C"
0.0110594925921136,0.283424945069541,0.111,0.097,1,"YIF1A"
0.00103357516176276,0.282754876544944,0.176,0.155,1,"PFDN6"
0.00521466198437949,0.282719763980908,0.123,0.107,1,"CHUK"
0.00247481939626481,0.28244912390448,0.137,0.119,1,"CDK16"
0.0485810069099754,0.282139669344591,0.12,0.11,1,"MFSD8"
0.00433635007556092,0.281422019967344,0.163,0.146,1,"KLHL2"
0.000374108578281817,0.281099931292002,0.195,0.171,1,"NBN"
0.000315072893604805,0.280397826307484,0.202,0.178,1,"RETREG2"
0.0174311341895562,0.280291616731826,0.146,0.134,1,"HDDC2"
0.0139341471298215,0.280071727403866,0.128,0.113,1,"PEX2"
0.00266725030328516,0.279701945050984,0.159,0.14,1,"WAKMAR2"
0.0421828918948785,0.279382570550855,0.109,0.099,1,"ENOPH1"
0.0233159753814408,0.279349277543356,0.14,0.127,1,"CD84"
0.000429597182965522,0.27924755572141,0.193,0.169,1,"TRAPPC2L"
0.00526939150140196,0.278561589509567,0.107,0.091,1,"SMARCAD1"
0.0102458089145227,0.278486279859759,0.121,0.106,1,"CNDP2"
0.0102667710353087,0.278140159854035,0.104,0.089,1,"HIRA"
0.0205994880311215,0.277799971185724,0.138,0.126,1,"EIF2B5"
0.0779975616649387,0.27755277368142,0.107,0.098,1,"GGPS1"
0.00638599370801666,0.277305861268641,0.15,0.133,1,"MAP1S"
0.00176410158850286,0.277102717556153,0.139,0.12,1,"TBP"
0.00225320493122722,-0.27671490776675,0.092,0.111,1,"ZNF580"
0.00375201523812443,0.276596484415593,0.147,0.129,1,"ACOT7"
0.000202130127868489,0.276504954425833,0.271,0.247,1,"C21orf91"
0.00481485371162265,0.275878973288611,0.154,0.138,1,"PHC2"
0.0106206816230328,0.275779800089808,0.103,0.088,1,"WWC3"
0.00070044996769305,0.27561077592193,0.171,0.149,1,"IPO5"
0.00587637228494077,0.275398256557824,0.141,0.124,1,"MAPKAP1"
0.0034700596812698,0.274844638473412,0.124,0.107,1,"LIMK1"
0.000114685207475932,0.274322464220722,0.216,0.189,1,"DECR1"
0.000213199787064655,0.274295541280964,0.221,0.194,1,"PRKCA"
0.00531573290713473,0.274217601183864,0.13,0.113,1,"PDE8A"
0.000803247137140833,0.274174395180782,0.214,0.192,1,"JADE2"
0.00022281005207033,-0.273999445402756,0.089,0.113,1,"H2AC25"
0.00480671205590214,0.27393242799446,0.217,0.201,1,"SBF1"
0.00151648451949939,0.273870705349399,0.164,0.144,1,"BLTP2"
0.000636220164449431,0.273227377950312,0.226,0.205,1,"CARD16"
0.0090815332510887,0.273019761769223,0.105,0.09,1,"MCUR1"
0.0109439552541136,0.272750523674433,0.101,0.087,1,"GATD3"
0.0009013220574397,0.272664573501448,0.17,0.148,1,"IRF3"
0.000701087083892703,0.272509520377727,0.321,0.3,1,"MT1X"
0.00154660171622049,0.272392240826096,0.163,0.143,1,"TRIM8"
0.000294445630602521,-0.272383127366384,0.107,0.132,1,"SC5D"
0.000598155129221066,0.272138060014186,0.162,0.139,1,"ADI1"
0.000673728765002385,0.271199255363255,0.251,0.231,1,"MRPS7"
0.0190793926762093,0.271006576599925,0.105,0.092,1,"ACTR8"
0.00027882320490696,0.270926022490638,0.203,0.179,1,"LAMTOR2"
0.00036206561074689,0.270426759885118,0.212,0.189,1,"MRPL18"
0.0347797285846139,-0.270412883516352,0.119,0.133,1,"ST8SIA1"
0.00570075875575862,0.270243985382726,0.121,0.105,1,"EXOC8"
0.00315773162668534,0.270167509853033,0.145,0.128,1,"POGK"
0.000976139496132965,-0.269883157783995,0.086,0.107,1,"NFATC1"
0.000134656827316401,0.269448959609686,0.184,0.159,1,"NAA16"
0.00699684038781101,0.269355932285336,0.147,0.13,1,"LSM2"
0.00256921344958361,0.268922531237754,0.154,0.136,1,"DDX10"
0.0713714940044574,0.268817734071286,0.139,0.13,1,"NOL8"
0.0123402565493533,0.268002343411059,0.109,0.095,1,"OAS2"
0.013101483799755,0.26789090317624,0.118,0.104,1,"FGR"
0.00106182988817226,0.267769695676196,0.252,0.232,1,"LPIN2"
0.00252412292761716,0.267311733369628,0.15,0.131,1,"XYLT1"
0.00164421522320316,0.266535683028705,0.234,0.213,1,"MIS18BP1"
0.000507869789659827,0.266263948761092,0.172,0.149,1,"IRAK4"
0.0115127544127057,0.266262130258894,0.183,0.169,1,"GALNT3"
0.000514463604378838,0.265876069940159,0.212,0.189,1,"OTULINL"
8.12455997658117e-05,0.265834640993407,0.315,0.288,1,"EEIG1"
0.0275325690623043,0.264613684420923,0.107,0.095,1,"ARFIP2"
0.0335691257831396,0.264267479058325,0.101,0.09,1,"IPO11"
0.00400748963264129,0.263450890992162,0.137,0.119,1,"VPS8"
0.0112563228562327,0.263281341815747,0.118,0.103,1,"INSIG2"
0.00164394502875291,-0.263115671508405,0.082,0.102,1,"PIGB"
0.0216474441025324,0.262998307267345,0.111,0.098,1,"MYBL1"
0.00773218632696301,0.262267134446602,0.161,0.145,1,"EGLN1"
0.000143696819327092,0.262209735285428,0.24,0.212,1,"MPC1"
0.000367921522020629,0.262032073319139,0.207,0.184,1,"ELP2"
0.0130506107154009,0.261938864175409,0.14,0.125,1,"ARL16"
0.00736482874582392,0.261578852015896,0.191,0.175,1,"ECHDC1"
0.00349525597571085,0.26117296281323,0.142,0.124,1,"YDJC"
0.00274012858966566,0.260776863045565,0.178,0.158,1,"LLGL2"
0.00871126022704791,0.259972421763279,0.153,0.137,1,"SAP30"
6.75420229580287e-05,0.25970747737539,0.22,0.191,1,"GRAMD1B"
0.000754227773114979,0.259573488025826,0.187,0.165,1,"WDR46"
0.00230634743524927,0.259465867099347,0.145,0.127,1,"TMEM250"
0.0147111401349907,0.259378614819761,0.113,0.099,1,"MMS19"
0.000197674598043603,0.259222910166125,0.211,0.186,1,"NCBP2"
0.00239485404434219,0.258584337420978,0.173,0.154,1,"CUL2"
0.00370710435746121,0.258575209242829,0.229,0.212,1,"METTL23"
0.00859704240218981,0.258485197834547,0.128,0.113,1,"ZBTB17"
0.00217630138590447,0.258408213612874,0.161,0.142,1,"PEX3"
0.0556208837364076,0.258069630848539,0.116,0.106,1,"MCCC2"
0.0156696036994339,0.257823565936681,0.103,0.09,1,"AHDC1"
0.0124447053530794,0.257445237690149,0.112,0.098,1,"RRP1"
0.0210784734573964,0.25733252811311,0.103,0.091,1,"ZNF280D"
0.00685530544229344,0.256985985525771,0.153,0.137,1,"ENTPD4"
6.25196895764856e-05,0.256683197350751,0.244,0.217,1,"RNF220"
0.00823308688610623,0.256478821477634,0.159,0.143,1,"GANAB"
0.000624743766768851,0.256418855458307,0.229,0.207,1,"ARAF"
0.0476407016001212,0.255329563973782,0.125,0.114,1,"PIK3CB"
0.013553992507787,0.254932318822262,0.148,0.134,1,"LEO1"
0.000150680138013522,-0.254671034275365,0.128,0.156,1,"MAPK6"
0.000166972064872084,0.254531841168231,0.212,0.187,1,"YIPF4"
5.69845766091259e-05,0.254286887435521,0.234,0.206,1,"RPA2"
0.0183247094303942,0.254248490820092,0.126,0.113,1,"R3HCC1"
0.0451811593888927,0.253810361534072,0.115,0.104,1,"IL6ST"
0.0299893866859279,0.253664539231469,0.147,0.135,1,"CTNNAL1"
0.0184774365041381,0.253277986484978,0.143,0.129,1,"PI4KB"
0.000350590264531582,0.252813242665737,0.472,0.464,1,"TRBC1"
0.0380413326199984,0.252377342395499,0.138,0.126,1,"LZIC"
0.0212713838246126,0.252125154082087,0.109,0.096,1,"ENSG00000290560"
0.000489213634016932,0.251963441000611,0.205,0.181,1,"CTDSPL2"
0.0435113519791842,0.251036055678552,0.152,0.141,1,"NNT"
0.0075842395855515,0.250811607674367,0.164,0.149,1,"RBM10"
0.0023289667042645,0.250604184384692,0.165,0.145,1,"MFNG"
0.0323578688546035,0.250562048711996,0.126,0.113,1,"SFXN3"
6.21892459336791e-05,0.250499691597019,0.256,0.229,1,"FBXW5"
0.0102314734794392,0.250462114847624,0.132,0.117,1,"PINK1"
0.000159006513632272,0.250396747139255,0.23,0.203,1,"LRP10"
0.048121903854352,0.250280869862272,0.122,0.111,1,"GTF3C5"
5.60409855890328e-05,0.249955049053294,0.349,0.325,1,"PDCD6IP"
0.000110951825858356,-0.249911051758399,0.15,0.18,1,"WWOX"
0.0173281018972297,0.24980932557725,0.106,0.092,1,"MTG2"
0.0483431484288573,0.249340425391567,0.104,0.094,1,"MRPL46"
0.000903026021292836,-0.24918799926465,0.17,0.196,1,"ENSG00000276241"
0.0134306263950445,0.248893744329151,0.142,0.128,1,"SMIM15"
0.00742263000186346,0.248807150219261,0.168,0.151,1,"RIGI"
0.0520690459293373,0.248630387070727,0.109,0.099,1,"DELE1"
0.000348870730156279,-0.248170712919374,0.079,0.101,1,"GSTM3"
0.317530611906902,0.248072216386789,0.641,0.653,1,"MT2A"
0.000545730972697015,0.247863732765928,0.402,0.383,1,"CACYBP"
0.0454414395408065,0.247657232570736,0.162,0.151,1,"FCRL6"
0.00498092335105431,0.247150675589146,0.176,0.159,1,"ADCY7"
0.0275837897130117,0.247147545587014,0.145,0.134,1,"THAP7"
0.0186419966572151,0.247139001508635,0.116,0.103,1,"UNC13D"
0.0137562968313662,0.24706409747843,0.16,0.146,1,"LARP4"
0.00105237618442314,-0.246706684341287,0.12,0.142,1,"SH3BP5"
0.00746978422350135,0.246478846034901,0.122,0.106,1,"TSPAN5"
0.000123007579089087,0.246446407257494,0.281,0.255,1,"TMEM14B"
0.0061162020058261,0.246251758344957,0.196,0.179,1,"TSEN34"
0.0304272450776337,0.246214124144819,0.102,0.091,1,"YARS2"
0.000814964331946398,0.246163269264308,0.232,0.21,1,"IRF2"
0.00414572615726966,0.245833823045487,0.163,0.145,1,"MYCBP"
0.0140726051931271,0.245305830996827,0.132,0.118,1,"STX7"
0.000144036639986308,-0.245267528069987,0.175,0.207,1,"NFKBIZ"
0.00525718172148025,0.245178352284116,0.148,0.131,1,"ENSG00000290928"
0.00019176579893973,-0.24508616261471,0.254,0.291,1,"TRPS1"
0.00538828234911824,0.244847325764438,0.166,0.15,1,"MAP1LC3A"
0.0382240287723697,0.244214195256256,0.152,0.141,1,"ABR"
0.00279901297475275,0.243645830526077,0.292,0.273,1,"STAT1"
0.0164335468829791,0.243603742406479,0.178,0.163,1,"NMI"
0.0016998192351572,0.24318142585894,0.224,0.205,1,"TMX1"
0.0438915978227278,0.243042125160454,0.105,0.094,1,"CRELD2"
0.0410335355324845,0.242587335537984,0.116,0.105,1,"ERCC6L2"
0.000128546959777738,0.242516415374576,0.294,0.268,1,"HDAC1"
0.0338937724577209,0.242508295292191,0.126,0.114,1,"HARS2"
0.0339287638004691,0.242224133057503,0.134,0.122,1,"HACL1"
0.0637378157387036,0.242116499305229,0.148,0.139,1,"MARF1"
0.00226837795511651,0.242024350639914,0.244,0.225,1,"FGD3"
0.015877764609747,0.241914394155192,0.153,0.138,1,"ACBD5"
0.0622472223877268,0.241888636651097,0.122,0.111,1,"ZNF12"
0.0228185049552452,0.241840951117042,0.171,0.159,1,"SUPT20H"
0.0138088605819566,0.241829411806169,0.148,0.135,1,"BCL10"
0.000444786320174621,0.241115248532437,0.275,0.251,1,"SNX17"
0.039827143713251,0.240796769692473,0.152,0.14,1,"EPSTI1"
0.00149168972567698,0.240625482936822,0.18,0.16,1,"CYTH2"
0.0258022225844101,0.240085659108612,0.201,0.189,1,"PEX14"
0.0810112271931234,0.239322113361905,0.125,0.116,1,"PHF10"
0.0335912131383832,0.239215361009151,0.134,0.122,1,"EOLA2"
0.050887362160622,0.23920809296535,0.106,0.095,1,"MCM3"
0.0315127004285826,0.239140252024976,0.131,0.118,1,"SLC25A24"
6.58100788554052e-05,0.238987013416955,0.264,0.235,1,"PARP1"
0.0252143726600033,0.238974730634137,0.113,0.1,1,"POMZP3"
0.0324423432323973,0.238794703299466,0.13,0.118,1,"ENSG00000291117"
0.0225300602024045,0.238735626886904,0.147,0.133,1,"MEGF9"
0.101477079706654,0.23839413624952,0.109,0.101,1,"FRMD8"
0.00549470740811482,0.238203462128434,0.171,0.154,1,"SMARCD2"
0.0123266128573584,0.237802618066355,0.135,0.119,1,"PYROXD1"
0.0406997248512348,0.237659720752279,0.149,0.138,1,"CFAP97"
0.00544354635952019,-0.237600859964991,0.121,0.141,1,"PLCB1"
0.0242693725680967,0.237127701648832,0.128,0.115,1,"AP5M1"
0.00661734301034149,0.237125627663887,0.173,0.157,1,"KAT5"
0.000403542977076515,0.236497937636724,0.224,0.199,1,"EXOC2"
0.000853408520853705,0.236425465430887,0.326,0.307,1,"LAG3"
0.00207160490230315,0.236311598845669,0.227,0.208,1,"RFX7"
0.00185655378474987,0.236146155938885,0.2,0.179,1,"APC"
0.0172441647135871,0.236001171977577,0.135,0.122,1,"E4F1"
0.000280508249925448,0.235864864775581,0.31,0.288,1,"AHSA1"
0.00435065777995767,0.235773664600049,0.179,0.161,1,"TRIM24"
0.083221569312309,0.235769712102565,0.123,0.114,1,"SEC23IP"
0.0485246943481418,0.235682778690478,0.152,0.141,1,"FIBP"
0.000419484256042298,-0.235639453561804,0.122,0.147,1,"ALMS1"
0.0317690546087512,0.235607936627158,0.148,0.136,1,"DYRK1B"
0.000300943856810095,0.235590440999939,0.269,0.245,1,"KDM4C"
0.00877730793863776,0.235414734335631,0.143,0.126,1,"CYBC1"
0.0984418435314838,0.235107909620244,0.118,0.109,1,"TSEN15"
0.0165076882803542,0.234767300691285,0.151,0.136,1,"PRKRA"
0.000150495443160389,-0.234165137826714,0.149,0.18,1,"GLA"
0.0232090233601694,0.233918267426426,0.147,0.134,1,"ZNF708"
0.0728877406302207,0.233581817908672,0.103,0.093,1,"BRD3"
0.0356752933315133,0.233442186604562,0.158,0.146,1,"COMMD3"
0.000413054390637345,0.233327134646559,0.347,0.322,1,"TIGIT"
0.00238966078888981,0.233090275526676,0.266,0.249,1,"MVP"
0.000814674788880624,-0.233023773527397,0.211,0.24,1,"ENSG00000290922"
0.0135876745864469,0.232691419217055,0.114,0.1,1,"TRIM14"
0.000846437643889323,0.232669726792152,0.281,0.261,1,"RPA3"
0.000356354362698586,-0.232500889217379,0.111,0.136,1,"ZNF609"
0.00592334232445223,0.23248306024645,0.194,0.176,1,"UMAD1"
0.0145075567739144,0.232308778100958,0.155,0.141,1,"VGLL4"
0.000166706401462234,0.23226566447087,0.304,0.282,1,"PSMA4"
0.00779797043076027,0.232256462916958,0.212,0.195,1,"MIA2"
0.00889268622270395,0.232176600503388,0.165,0.149,1,"GRIPAP1"
0.000395492461445457,0.232003452395187,0.27,0.248,1,"SUZ12"
0.00552884827479607,0.231691016528832,0.224,0.207,1,"UFL1"
0.0201882987555647,0.231640026278126,0.111,0.098,1,"NAB1"
0.0299984225157046,0.231630902322215,0.124,0.112,1,"BRWD3"
0.0166678553798536,0.231619123763668,0.207,0.192,1,"CARS1"
0.021659315009736,0.231575458724506,0.15,0.137,1,"C1orf35"
0.0207018356246488,0.231416209092616,0.121,0.108,1,"ARNT"
0.0577056026570526,0.231389347190083,0.106,0.096,1,"FLAD1"
0.0196174724732144,0.230945578800242,0.169,0.155,1,"ANXA2R"
0.00777503161968708,0.230891233500579,0.179,0.162,1,"FBRSL1"
0.0728001402055333,0.230876363504904,0.134,0.124,1,"USP32"
8.30456535537539e-05,-0.230412410838762,0.158,0.191,1,"EBP"
0.00811121492688221,0.230214783582898,0.246,0.229,1,"LMNB1"
0.0114170558299919,0.229918353911248,0.212,0.195,1,"TBC1D5"
0.0285281925414623,0.229875724696877,0.134,0.122,1,"MRPL55"
0.0113688607599566,0.229423393829318,0.19,0.175,1,"FLOT1"
0.0221556599554253,0.229402532400936,0.178,0.166,1,"ABCF2"
0.000782451285028567,0.228615191926936,0.237,0.214,1,"ZCCHC7"
0.038494466588346,0.228564351803102,0.135,0.123,1,"ECI2"
0.0038302440195085,0.228456758931798,0.23,0.211,1,"NDUFS2"
0.0265451108131237,0.228020508127026,0.171,0.158,1,"SNAP23"
0.0155352814861501,0.227971190784108,0.116,0.102,1,"TP53I13"
0.000231849623365857,0.227738535211251,0.27,0.247,1,"TMEM50B"
0.0304429653980564,0.227664231032656,0.181,0.169,1,"ATE1"
0.000214956882802225,0.227637628700916,0.389,0.367,1,"LY6E"
0.127841192627439,0.227571048893934,0.113,0.105,1,"FEM1B"
0.072845186449609,0.227462959469377,0.101,0.091,1,"GPR89A"
0.00760384564532835,0.22736535136367,0.205,0.19,1,"SNRNP40"
0.131782138526207,0.227204500053995,0.198,0.19,1,"RHOB"
0.00600854540552954,0.2270774831345,0.135,0.118,1,"MRPS23"
0.000146927213762539,0.22672655028788,0.255,0.229,1,"SDHC"
0.000447393902117988,0.226618740079482,0.353,0.332,1,"PTK2B"
0.0202315920534535,0.226484714542258,0.129,0.115,1,"HELQ"
0.016838702870694,0.226037748264428,0.158,0.143,1,"ELOA"
0.00413246428453257,-0.225957068903722,0.084,0.102,1,"NDFIP2"
0.0229342190943554,0.225947619520036,0.133,0.121,1,"POLR2J3"
0.00419494592691184,0.225928818735339,0.178,0.16,1,"RPA1"
0.000130086329071019,0.225894883459966,0.295,0.27,1,"OGFR"
0.00428707041562518,0.225862692176352,0.25,0.234,1,"RNF11"
0.000100315478039534,0.22568542354725,0.301,0.272,1,"DGKZ"
0.106392204291185,0.225603049704281,0.118,0.11,1,"NISCH"
0.000238112224126887,0.225443942035543,0.207,0.179,1,"CSGALNACT1"
0.0032767482040264,0.224807965199231,0.229,0.21,1,"GIGYF2"
0.000147885434231102,0.224544987174977,0.241,0.214,1,"DAXX"
0.00149734030435238,0.223869239954822,0.21,0.189,1,"RABL6"
0.0328132649660396,-0.22386062947415,0.616,0.623,1,"JUN"
0.0599639706079463,0.223704822571282,0.123,0.112,1,"THADA"
0.15098580012632,0.223619907117754,0.151,0.145,1,"UBE2V2"
0.00393595511802808,0.222696256257396,0.215,0.198,1,"NUDT4"
0.0805732213935845,0.222512374909569,0.124,0.115,1,"TRIM11"
0.0508631968592751,0.222476300906161,0.12,0.109,1,"LINS1"
0.00173976929546821,0.222467023014901,0.274,0.255,1,"UAP1"
0.0976398012957242,0.222431626627046,0.105,0.096,1,"TOR2A"
0.0996487847277927,0.222067853633563,0.166,0.158,1,"BMI1"
0.0680321923267781,0.222048212314907,0.126,0.116,1,"PWP2"
0.000422848482481873,0.222000561239176,0.23,0.206,1,"RPS6KB2"
0.00016273600337026,0.221972775199997,0.401,0.382,1,"GLG1"
6.07097210745821e-05,0.221463347220476,0.391,0.37,1,"SDF4"
0.000471412508217217,0.221458248550364,0.334,0.316,1,"BIN1"
0.00153454484321078,0.221138101194333,0.229,0.209,1,"MPHOSPH10"
0.00273288892358938,0.22112993446132,0.245,0.228,1,"ATP6V1E1"
0.0555667875913795,0.220960193234348,0.14,0.13,1,"MYG1"
0.00643745484275551,0.220704970399491,0.2,0.182,1,"PCYT1A"
0.0340025276618845,0.220636809458504,0.101,0.089,1,"APEX2"
0.0402992206861194,0.220565678797633,0.139,0.128,1,"EYA3"
0.00353917433949199,0.220380890357993,0.345,0.331,1,"USP11"
0.0132705884043675,0.220274552311255,0.12,0.105,1,"AP3M1"
0.0237438139248736,0.220213103806575,0.148,0.135,1,"GOSR2"
0.0137764406766734,0.22002953935506,0.187,0.173,1,"MCRS1"
0.0026684579173434,0.22000337289891,0.26,0.241,1,"IWS1"
0.000345347590347093,-0.219875439181426,0.131,0.158,1,"TSTD1"
0.0607050694082838,0.219873739348071,0.126,0.116,1,"HACD2"
0.0135231088292774,0.219557063148608,0.132,0.117,1,"C7orf50"
0.14966745991614,0.219533566775585,0.111,0.104,1,"UFSP2"
0.0929418050109242,0.219517926858934,0.118,0.11,1,"IKBKB"
0.0250274044469087,0.219395724609763,0.113,0.101,1,"COG6"
0.163278779795968,0.219265936193173,0.112,0.105,1,"MIB1"
0.0889535767703005,0.219210755506202,0.126,0.117,1,"BBIP1"
6.46014997743366e-05,0.219151090575106,0.354,0.33,1,"SDHD"
0.14834975023902,0.21895253392545,0.103,0.096,1,"ZNF44"
0.0617054321401758,0.218887113752878,0.11,0.1,1,"STAG3L4"
0.0319600378379034,0.218715713094882,0.103,0.092,1,"ABHD2"
0.0111218657851,0.218598027232809,0.164,0.148,1,"ATOX1"
0.0282851727290647,0.21839286749432,0.198,0.187,1,"MRPL4"
0.0120332057667587,0.218256301129967,0.138,0.123,1,"RPRD1B"
0.055238275651402,0.218194601508536,0.123,0.111,1,"TFDP1"
0.154980198168963,0.218070221274457,0.119,0.113,1,"UTP18"
0.0163706998900534,0.217854118405384,0.121,0.107,1,"TRIM27"
0.00149086588822649,-0.217785187511167,0.12,0.143,1,"EML2"
0.000427729734622299,-0.217768338807611,0.241,0.27,1,"PMAIP1"
0.0018392944369033,0.217615204900512,0.28,0.263,1,"HSPA4"
0.0167549653748409,0.217552333953914,0.164,0.15,1,"SNX13"
0.00248757256164689,0.217127927556073,0.203,0.182,1,"ATRAID"
0.00878833557737047,-0.216943739651006,0.255,0.281,1,"ST8SIA4"
0.000661083212967613,-0.216939701057183,0.086,0.107,1,"ADA2"
0.0591974237584247,0.216860369934075,0.105,0.095,1,"ZNF224"
0.102651983729991,0.216478354697919,0.102,0.093,1,"RNF20"
0.00287205542078885,-0.216325107294566,0.135,0.157,1,"SVIP"
0.000832464446341721,0.216302075958311,0.33,0.314,1,"EFR3A"
0.00236002542203606,0.216196152920874,0.312,0.296,1,"SLC20A1"
0.00947529235391938,-0.215862644818251,0.086,0.101,1,"LDLR"
0.000111572914001054,0.215854051275052,0.312,0.285,1,"PPP1R18"
0.00406206494505684,0.215649261953655,0.241,0.223,1,"CDK5RAP3"
0.00593713939944385,0.215342618202514,0.258,0.24,1,"GBP4"
0.165551848365544,0.21504977095383,0.103,0.096,1,"AKR7A2"
0.00320281782607316,0.214985483468597,0.284,0.267,1,"SNHG7"
0.0576363568863578,0.214962150611008,0.114,0.105,1,"ACADM"
0.0070904286887417,0.214940865531615,0.153,0.136,1,"EZH1"
0.275059920847638,0.214904061356877,0.124,0.12,1,"COA6"
0.00042225934553302,-0.214518534959409,0.145,0.172,1,"SLF1"
0.00588691232257156,0.214416479727317,0.194,0.176,1,"COPG1"
0.0382383077425517,0.214108709457581,0.171,0.16,1,"ZNF91"
0.0839590441460531,0.214102439337216,0.126,0.116,1,"MED16"
0.00126608460277761,-0.213902976935167,0.128,0.153,1,"IPO4"
0.0141400506539088,0.213894898437005,0.172,0.157,1,"SMIM29"
0.0648223482127639,0.213591033406207,0.177,0.167,1,"RRAS2"
0.000737587959249446,0.21343767272429,0.207,0.184,1,"MRPL16"
0.0839244117795703,0.213326585227493,0.144,0.135,1,"GFM1"
0.0176445294199124,0.213314753823065,0.18,0.166,1,"PRR5"
0.000768036595674622,-0.212914424933725,0.127,0.153,1,"SMARCA4"
0.000322415164810457,-0.212758053719165,0.173,0.205,1,"NRF1"
0.0802519704090714,0.212498009167953,0.125,0.116,1,"CEP290"
0.0226520987289379,0.212287481480038,0.145,0.133,1,"KLHL7"
0.00719373377474115,0.212278145674457,0.233,0.219,1,"UBA1"
0.0156680484041208,0.211850421941912,0.191,0.177,1,"MLX"
0.00447716195764592,-0.211744841756742,0.082,0.1,1,"PILRB"
0.00588873549055453,0.211558640080609,0.172,0.155,1,"NOB1"
0.0191620025286133,0.211370487027063,0.168,0.155,1,"SHPRH"
0.000302153254839445,-0.211084580964204,0.238,0.273,1,"RHOC"
0.0108077751155879,0.211011778474205,0.184,0.168,1,"DDX54"
0.0404785469570273,0.210953657493361,0.257,0.248,1,"FAS"
0.106944455056669,0.210919209467805,0.157,0.148,1,"JPX"
0.0396251437109275,0.210889151047769,0.102,0.09,1,"WASL"
0.155773902652348,0.210687115262157,0.1,0.093,1,"RHOT1"
0.0794976513466153,0.210546012131439,0.124,0.115,1,"WDR55"
0.0125547499662838,0.210420268002607,0.161,0.146,1,"VRK2"
0.072495379313289,0.210416423800534,0.134,0.125,1,"TMEM135"
0.0430352506495726,0.210130048008626,0.148,0.137,1,"H2AC20"
0.0282382389054458,0.210120558753435,0.14,0.127,1,"PSD4"
0.00236168323733792,0.210005712211097,0.287,0.269,1,"GFPT1"
0.0029262886843833,0.209960774212211,0.255,0.237,1,"E2F4"
0.000943962476226854,-0.209942874779523,0.159,0.186,1,"USP12"
0.0783797318324019,0.209830103895964,0.144,0.134,1,"PRR14L"
0.0929227611431351,0.209582688171302,0.101,0.092,1,"CNEP1R1"
0.00131599077422783,0.209502244027727,0.248,0.227,1,"VPS29"
7.81504738420273e-05,0.209292492016309,0.401,0.381,1,"FAM53B"
0.0106052455892045,0.209156399727646,0.177,0.161,1,"NIP7"
0.0514111049277649,0.209039546785101,0.206,0.195,1,"PPCS"
0.0347838395603455,-0.208899889564195,0.098,0.111,1,"CLN3"
0.0681952554290906,0.208847846516395,0.126,0.116,1,"CSRP1"
0.0121482278341317,0.208826493906975,0.251,0.238,1,"PAXBP1"
0.0129646024852389,0.208705925380695,0.224,0.209,1,"PDS5B"
0.0094389414253489,0.208494155206588,0.317,0.304,1,"IRAG2"
0.0128820164384244,0.208371865444987,0.131,0.116,1,"ENSG00000258657"
0.000464836850837591,-0.208313918537052,0.335,0.37,1,"DENND4A"
0.00852207400355265,0.208060405701023,0.23,0.217,1,"ARFGAP2"
0.000516542510181175,0.207949128086483,0.375,0.354,1,"PMEPA1"
0.149049863187813,0.207920600236605,0.102,0.095,1,"MRPL15"
0.168516873235363,0.207560378191052,0.134,0.127,1,"GFOD1"
0.034894436423374,0.2074467539598,0.133,0.121,1,"CDK2AP1"
0.0408007069399623,0.207088348652338,0.152,0.14,1,"RCC2"
0.0169230259124444,0.206993563883836,0.184,0.17,1,"FLII"
0.0283905665786902,0.206750277497903,0.151,0.137,1,"KIAA0319L"
0.000604756356340266,0.206631461689739,0.321,0.3,1,"TSPAN14"
0.00630596697253838,0.206413660548013,0.117,0.101,1,"XAF1"
0.000410928710376026,-0.206409610550699,0.127,0.154,1,"PFKP"
0.0119008292654618,0.206388676309294,0.299,0.287,1,"MYO1G"
0.0701493690841137,0.206245311196116,0.118,0.109,1,"DCK"
0.0893914165542985,0.206140686413317,0.167,0.157,1,"PCNX2"
0.0879121466628572,0.206104604670845,0.119,0.11,1,"LARS1"
0.00531608849263512,0.205773938292811,0.174,0.155,1,"MXI1"
0.100429514755968,0.20557332403551,0.107,0.099,1,"SETD3"
0.0600418940269694,0.205556420298612,0.167,0.155,1,"IARS1"
0.168604887158508,0.20552394106847,0.11,0.104,1,"ELP3"
9.09142234016565e-05,0.205513664642096,0.335,0.31,1,"LASP1"
0.0223160806514866,0.205184626497471,0.263,0.253,1,"PWP1"
0.113818104624847,0.20513200852595,0.111,0.102,1,"DDX41"
0.00860774879875678,0.205127341667603,0.261,0.248,1,"PIGT"
0.00214041951315544,0.205073982392245,0.345,0.329,1,"TRIM22"
0.00682971460978073,0.204940728521291,0.188,0.17,1,"SEC23B"
0.0289853333952203,0.204887733073655,0.129,0.117,1,"TRAPPC12"
0.000577281236518298,0.204871063069676,0.284,0.261,1,"COPS6"
0.052999626634839,0.204592959386544,0.142,0.131,1,"RETREG3"
0.0211818722609728,0.204492286590892,0.212,0.197,1,"PLEKHA1"
0.0144011359772469,0.204475257616447,0.178,0.163,1,"ACLY"
0.0656239190190326,0.204086331281045,0.146,0.135,1,"FAM76B"
0.0103078025580373,0.203944798043959,0.167,0.15,1,"COMMD10"
0.0136123407276738,0.203855130782181,0.189,0.174,1,"TMEM131L"
0.0117294276516882,0.203776901822978,0.145,0.129,1,"SNAPIN"
0.020322430648886,0.203659643506909,0.152,0.138,1,"PRKAG1"
5.46356243095012e-05,0.203439739405236,0.318,0.289,1,"C14orf119"
0.0735155509686601,0.203431070395538,0.12,0.11,1,"CLK2"
0.0726739413015852,0.203347665647251,0.15,0.141,1,"ZFYVE27"
0.0558431465006958,0.203202541734674,0.137,0.127,1,"SUSD6"
0.00501184608532863,0.2031113153919,0.207,0.189,1,"MRPS34"
0.00429580692049481,-0.203068936665727,0.112,0.132,1,"USP3-AS1"
0.00101521509968157,0.20303540290785,0.299,0.277,1,"USP25"
0.0619759498407098,0.202960684321315,0.137,0.126,1,"TXLNGY"
0.000958812929315891,-0.202852613233262,0.334,0.369,1,"STARD7"
0.0151016217382578,0.202792005181357,0.172,0.156,1,"TMEM71"
0.0433428380758089,0.202760066421204,0.132,0.121,1,"PIN4"
0.108640218167072,0.202703260467802,0.125,0.117,1,"GGA3"
0.0100022417240406,0.202525718989779,0.229,0.213,1,"SEC14L1"
0.0319528744892833,0.202433624970735,0.187,0.174,1,"ZFYVE16"
0.00720562485704144,0.202421811891604,0.279,0.266,1,"EVI2A"
0.000572173536668121,0.202358535587656,0.263,0.238,1,"SPIDR"
0.00167545881288915,-0.202328820184518,0.123,0.147,1,"C5orf24"
0.0309684463874869,0.202317010066166,0.205,0.191,1,"SORL1"
0.000194641349410741,0.202207848703969,0.343,0.316,1,"PTPRA"
0.207042049345314,0.201703233158226,0.111,0.105,1,"ABRAXAS2"
0.0347133802765014,0.201471831893721,0.167,0.155,1,"CTPS1"
0.0989215494513585,0.201447466187621,0.102,0.094,1,"INTS9"
0.00628372180605363,0.201285956539077,0.157,0.139,1,"CAPN1"
0.144883626741707,0.201211841481637,0.116,0.109,1,"POLR1A"
0.033429787068682,0.201097468894957,0.158,0.146,1,"KDM5C"
0.0279266662902701,0.201014207869639,0.19,0.178,1,"TBK1"
0.0757974994118284,0.200987082355153,0.161,0.152,1,"PRPF39"
0.117555014346154,0.200640001597091,0.141,0.133,1,"SNAP29"
0.170548742273775,0.200637393397976,0.173,0.167,1,"MVB12B"
0.0123717949152273,0.20054236735699,0.185,0.17,1,"SMIM7"
0.00857134136660085,0.200514221321756,0.229,0.212,1,"EIF4E3"
0.000310852664467538,-0.200397384065991,0.219,0.254,1,"MIDEAS"
0.0108602762341902,0.20036305709241,0.216,0.2,1,"ATAD2B"
0.157216933620123,0.200328949758405,0.133,0.126,1,"C5orf15"
0.0785366469596402,0.200125633464051,0.108,0.098,1,"MAGOHB"
0.001024531287664,0.200103888956918,0.328,0.311,1,"SMU1"
0.00181662523595214,0.200083858453736,0.302,0.283,1,"PTPN7"
0.0067723666481392,0.200046795430824,0.252,0.237,1,"ATP2A3"
0.0273171213496175,0.199972602962261,0.172,0.159,1,"SLC52A2"
7.48951209072209e-05,-0.199798596773129,0.173,0.209,1,"NOTCH2NLC"
0.00168653876647301,-0.199734563287365,0.134,0.158,1,"CHD9"
0.00138822287043915,-0.199668746356894,0.097,0.118,1,"ENSG00000241490"
0.00335628237360778,0.19963922031738,0.221,0.202,1,"HSD17B10"
0.0589791978472117,0.199559253834859,0.141,0.131,1,"HEG1"
0.0609754537122771,0.19922771705769,0.154,0.144,1,"RPP38"
0.184225776117257,0.199220329331234,0.128,0.121,1,"DYNC2I1"
0.126919777084794,0.199145515398949,0.175,0.169,1,"CHCHD10"
0.0339139855849251,0.199093728076485,0.138,0.125,1,"NOC4L"
0.000115932681598273,0.199035491904216,0.384,0.359,1,"CCT5"
0.000149022534277437,0.198991439716041,0.457,0.439,1,"CD55"
0.000157449034749718,0.198821365995636,0.364,0.337,1,"FASLG"
0.241906638043408,0.198747520145423,0.105,0.1,1,"PIAS2"
0.00467813252560337,0.198661372219696,0.223,0.204,1,"NF1"
0.100389969282244,0.198546041466467,0.109,0.1,1,"ATP6V0A2"
0.0634182877983385,0.198525250772523,0.116,0.106,1,"BORCS6"
0.0353657443684374,0.19845231180974,0.129,0.118,1,"METTL5"
0.102727547522714,0.198379865204788,0.133,0.123,1,"HCFC1R1"
0.00713237727629092,0.198256934664662,0.256,0.242,1,"UHRF2"
0.0670885263499035,0.198206904895765,0.153,0.143,1,"NSL1"
0.176270415783837,0.198161191011839,0.117,0.11,1,"ING4"
8.7096909810978e-05,-0.198120139561307,0.198,0.235,1,"RFX1"
0.0795831902911394,0.198018182218606,0.183,0.174,1,"SPOP"
0.0984402780896309,0.197997241619984,0.132,0.124,1,"REV1"
0.138469491024384,0.197986066386737,0.139,0.132,1,"MRPL17"
0.068056574124076,0.197933586336482,0.133,0.122,1,"ERAP2"
0.108501930687984,0.197908355872239,0.199,0.193,1,"EEA1"
0.000455149827621987,0.197549971554288,0.365,0.346,1,"ATP5IF1"
0.0191473320248916,0.197505660373608,0.182,0.169,1,"QARS1"
0.0761257207367929,0.197182242315346,0.132,0.123,1,"WRAP73"
0.0134526512729817,0.196859426751948,0.207,0.191,1,"SUMO3"
0.0017709032726019,0.196847824842066,0.302,0.282,1,"NRDC"
0.0653900288886636,0.196732831642949,0.178,0.168,1,"DBNL"
0.0109836679420031,0.196501427551175,0.19,0.174,1,"TIMM17B"
9.13520539262327e-05,-0.196464190228751,0.452,0.494,1,"CYLD"
0.0671119933221953,0.196361063206705,0.164,0.153,1,"SLC4A1AP"
7.54861043358116e-05,0.196320711119275,0.447,0.423,1,"MGAT1"
0.0055673588617322,-0.196317290478041,0.111,0.131,1,"MSMO1"
0.0161745878519888,0.196111179284456,0.185,0.171,1,"FMR1"
0.000970268952174745,0.196096908924005,0.277,0.255,1,"IRF7"
0.215560212743895,0.195964102547435,0.133,0.127,1,"NCAPD3"
0.00725340514479741,0.195698215194755,0.194,0.175,1,"MED25"
0.00983290182360463,0.195421393632436,0.205,0.188,1,"ZNF611"
0.0272280640010478,0.195297037535519,0.152,0.138,1,"ZMIZ1"
0.0021215757946107,0.195208415262959,0.278,0.257,1,"WIPI2"
0.377866487277633,0.195207266583719,0.103,0.1,1,"PSME3IP1"
6.11359222161909e-05,0.195060692539544,0.362,0.333,1,"APOBEC3C"
0.066024861778162,0.194885347520244,0.122,0.112,1,"SKIC2"
0.00636354572802032,0.194874875226122,0.267,0.252,1,"BANF1"
0.0831469647146161,0.194785199317633,0.149,0.139,1,"TSNAX"
0.128073420152645,0.194706040040419,0.111,0.104,1,"MIF4GD"
0.000160285143646589,0.1945520696297,0.399,0.382,1,"CCT2"
0.000573949662372519,0.19443007639129,0.344,0.325,1,"SMAP1"
0.00993725969788551,0.19438809081038,0.266,0.25,1,"PDCL3"
0.101193567458466,0.194307777534696,0.131,0.122,1,"NUP107"
0.195383725812681,0.194140628898118,0.104,0.097,1,"NACC1"
0.0434016334650222,0.194064585004144,0.175,0.163,1,"UBLCP1"
0.0468246276588128,0.194029320959594,0.166,0.155,1,"LTN1"
0.0392470383136012,0.193862523539156,0.159,0.147,1,"GPATCH2L"
0.111431170222629,0.193623237716898,0.109,0.1,1,"SLC23A2"
0.0477382164760069,0.193573371034331,0.216,0.206,1,"PDHB"
0.121641051778307,0.193479370682907,0.163,0.155,1,"RNASEH2B"
0.0145404710145438,0.193456981174784,0.258,0.246,1,"BAZ2A"
0.00590926602983281,0.193337860342135,0.227,0.209,1,"DLST"
0.0596959420919105,0.193303443266382,0.194,0.185,1,"TASOR"
0.0750443266504497,0.193272003232204,0.113,0.103,1,"FASTKD1"
0.181686677599312,0.193198638021824,0.141,0.135,1,"C18orf25"
0.0267825762771455,0.193064521232136,0.152,0.137,1,"SMC6"
0.353902667612545,0.19300640960347,0.123,0.119,1,"KDM4B"
0.0920027749371449,0.192874515324338,0.209,0.203,1,"VBP1"
0.00289649272960388,0.192865381284603,0.319,0.295,1,"DUSP4"
0.0433884995997141,0.192749376486602,0.161,0.148,1,"MAP3K4"
0.000236329853179144,0.192741671952322,0.38,0.354,1,"SOCS1"
0.156593757457215,0.192647215646748,0.135,0.128,1,"GNB5"
0.0207819720053699,0.192579193977663,0.167,0.152,1,"RDH11"
0.027157270322364,0.192398184717443,0.192,0.177,1,"TSPAN2"
0.0747140057913438,0.19235734259309,0.124,0.114,1,"SKIC8"
0.0176280060440534,-0.192312756281258,0.086,0.1,1,"AKAP13-AS1"
0.0746845097059476,0.192128363130739,0.16,0.151,1,"ZNF791"
0.00373970888055286,0.1919711512447,0.243,0.224,1,"ADIPOR2"
0.012490445728096,0.191968161150253,0.242,0.226,1,"STXBP2"
0.172838056705733,0.19189625611215,0.109,0.102,1,"TCHP"
0.301869862839943,0.19182609002883,0.105,0.1,1,"NAAA"
0.00409492854994384,0.191734087702848,0.282,0.263,1,"DEF6"
0.00380039379858843,0.191703844775794,0.195,0.175,1,"LSG1"
0.176602886681091,0.191548052221834,0.103,0.096,1,"ENSG00000267364"
0.00173322311694973,-0.191470762496132,0.089,0.109,1,"TRIM39"
0.00187650186089048,0.191416428146911,0.247,0.227,1,"NDUFB3"
0.305207469022299,0.191384380692749,0.12,0.116,1,"SLC35A3"
0.000903744368839638,0.191255577518913,0.293,0.274,1,"CDC123"
0.14252813633463,0.19124634052605,0.107,0.099,1,"C5orf22"
0.00239252123723486,-0.191186006772917,0.196,0.223,1,"NBDY"
0.0572683657908569,0.191113737812578,0.17,0.158,1,"PLEKHJ1"
0.00120209364215731,-0.191110152210468,0.097,0.119,1,"ZC3H12D"
0.0150411719509196,0.191074337230732,0.2,0.185,1,"KLHDC3"
0.0175195024594695,0.191069966138993,0.252,0.239,1,"SUCLG1"
0.040441126323528,0.191054515301117,0.23,0.219,1,"SNX2"
0.0288058415126834,0.191049951635317,0.169,0.155,1,"KRIT1"
0.00126527130433139,-0.19096671919933,0.377,0.408,1,"CDK6"
0.00591802998662859,-0.190566707084551,0.127,0.147,1,"MAP3K14"
0.00530371716964225,0.190516186657308,0.294,0.277,1,"MDFIC"
9.9972838038636e-05,-0.190429456747363,0.376,0.422,1,"PPP1R15A"
0.00898723730252598,0.190412892538888,0.197,0.179,1,"BTBD6"
0.000434656023359614,0.190343950036382,0.403,0.387,1,"NDUFA12"
0.0152786191950476,0.190223777363946,0.19,0.175,1,"UGP2"
0.0408508740851716,0.190155342532851,0.25,0.242,1,"BMAL1"
0.016759419253961,0.190060342997047,0.214,0.198,1,"MAP3K5"
0.0957316073471077,0.190019932073075,0.188,0.18,1,"NFU1"
0.019290058239966,0.189864428758613,0.167,0.151,1,"PHF14"
0.00363430489237124,0.189816676334276,0.271,0.253,1,"TSG101"
8.34593576636599e-05,0.189649890577609,0.333,0.304,1,"CAPRIN1"
0.00101665260381701,0.189563265668955,0.344,0.328,1,"BAX"
0.216220165937328,0.189544771756377,0.131,0.125,1,"DTNBP1"
0.0389189112057864,0.189515419175364,0.121,0.109,1,"ZNF511"
0.342576074518192,0.189424965490304,0.101,0.097,1,"COG2"
0.00238066936224228,0.189054698448959,0.348,0.333,1,"MAP2K1"
0.119796942094508,0.188991420678475,0.139,0.131,1,"PTTG1"
0.0116578943794819,0.188981470555541,0.232,0.215,1,"MRPS5"
0.0248310415393652,0.188915425678923,0.189,0.175,1,"CDIPT"
0.0370150875869926,0.188772116058361,0.21,0.199,1,"GLMN"
0.178269154686212,0.188607506811246,0.105,0.099,1,"C2CD5"
0.054109525865274,0.1885655054461,0.112,0.101,1,"DIS3L2"
0.124628234019339,0.18837680747496,0.105,0.097,1,"SSX2IP"
0.000294623870505864,0.188368646874439,0.334,0.31,1,"MEF2D"
0.0115299030166198,-0.188327562885746,0.103,0.12,1,"NAF1"
0.00251943065019624,0.188325938087,0.323,0.308,1,"UFM1"
0.00355690940127196,0.188258748506557,0.321,0.306,1,"STIP1"
0.0984496236869667,0.188107186240233,0.134,0.125,1,"VAPB"
0.00427760712409824,-0.188096455821819,0.126,0.147,1,"FILIP1L"
0.000795230635701381,0.188034252340018,0.28,0.255,1,"CCND3"
0.23838805217872,0.187954399846754,0.121,0.115,1,"ZMYM4"
0.159313379900413,0.187928399279445,0.13,0.122,1,"CAAP1"
0.000631722001393434,-0.187708719031716,0.165,0.193,1,"PGLS"
0.000447996945112999,0.187579146716474,0.359,0.341,1,"POLR2E"
0.00634592692696245,-0.187551527567268,0.164,0.187,1,"ARMCX3"
0.449847709641169,0.187372482353577,0.125,0.123,1,"XPO7"
0.241467934958326,0.18730206938421,0.111,0.105,1,"CGAS"
0.176235561080712,0.18727899646278,0.138,0.132,1,"DESI1"
0.0132645562213234,-0.18723623986365,0.111,0.128,1,"GIPR"
0.161054853578475,0.187075953659679,0.139,0.131,1,"JAK2"
0.01041117786384,0.187049303118806,0.41,0.399,1,"TSPYL2"
0.0917547061027588,0.186974762229958,0.145,0.135,1,"SYNJ1"
0.128380286182162,0.186910319445313,0.113,0.106,1,"RPUSD3"
0.108099088451554,0.186877614826839,0.111,0.103,1,"AUH"
0.0643472304179838,0.18686472037029,0.159,0.148,1,"ARRDC1"
0.00169739254630044,0.186789704295694,0.25,0.23,1,"VPS36"
0.0213594486751691,0.18674251140011,0.167,0.153,1,"ZBTB2"
0.0952647264359341,0.186736533231333,0.163,0.154,1,"SQOR"
0.000191020425610511,0.186629597206385,0.32,0.293,1,"SLCO3A1"
0.224823336156245,0.18662075045846,0.167,0.163,1,"SEC22B"
0.000817020361029436,0.186569591569537,0.352,0.33,1,"TLK1"
0.00343240736905374,0.186453610513132,0.245,0.227,1,"AASDHPPT"
0.0761863135370996,0.186435939563004,0.161,0.152,1,"NOL11"
0.00222380629442962,0.186353411544396,0.284,0.264,1,"SMARCC2"
0.00055253329404821,0.186268570508518,0.402,0.387,1,"B4GALT1"
0.012857710163263,0.18616646345265,0.259,0.245,1,"CBFB"
0.0288006923087118,0.186057298618541,0.171,0.157,1,"KIAA2013"
0.00036503269783007,0.186046472069086,0.381,0.359,1,"SRM"
0.118399919610598,0.186017677823408,0.117,0.108,1,"TEX30"
0.010085929921619,0.18594756235048,0.261,0.246,1,"DENR"
0.0385545428961548,0.185821654758191,0.158,0.144,1,"PACSIN2"
0.0285452768152304,0.185368068419413,0.198,0.184,1,"CUX1"
0.00766882351486953,0.185017034927501,0.243,0.226,1,"TMEM30A"
0.00775056392492525,0.184946891674137,0.265,0.247,1,"CYP20A1"
0.242025096986937,0.184926604740969,0.102,0.097,1,"EMC2"
0.200963525911441,0.184919758962085,0.12,0.113,1,"ABTB3"
0.000742667267863502,0.1848374690631,0.299,0.278,1,"CBX3"
0.17406630248196,0.184559316876056,0.117,0.11,1,"SUCLG2"
0.0251700005490053,0.184364799176746,0.292,0.276,1,"H1-3"
0.000241179624449456,0.184309429703436,0.381,0.356,1,"TBX21"
0.0050083400796713,-0.184301398111892,0.183,0.207,1,"ENSG00000288915"
0.107241570825773,0.18400333368259,0.144,0.135,1,"SLC25A1"
0.00372826915146466,0.183930171021979,0.271,0.253,1,"AAMP"
0.00296313794738264,-0.183882226841706,0.14,0.163,1,"PARVG"
0.000319874775619536,-0.183858761038153,0.27,0.306,1,"ZNF267"
0.316801037561793,0.183773612207433,0.103,0.098,1,"SEL1L3"
0.285360839060676,0.183765186386694,0.124,0.119,1,"GRK6"
0.0405956522807535,0.183634073782765,0.273,0.265,1,"ARHGEF7"
0.121505010101062,0.183567558407908,0.108,0.1,1,"ITPK1"
0.00879168450059675,0.183468736532221,0.223,0.207,1,"DPF2"
0.200058295704634,0.183372964565683,0.134,0.127,1,"BICD1"
0.0838477136372921,0.183303268276151,0.181,0.173,1,"ADH5"
0.0240060506876755,0.183281863642889,0.226,0.214,1,"SMARCD1"
0.0485849119198702,0.183074172566607,0.166,0.154,1,"TULP4"
0.135165806307434,0.182979228683868,0.14,0.132,1,"VPS39"
0.0248187503454254,0.182887074520277,0.243,0.233,1,"CIAO2A"
0.214684363464539,0.182754738156119,0.134,0.128,1,"SLC39A6"
0.0816437356036117,0.18264797350977,0.177,0.168,1,"MTR"
0.0540366312115059,0.182631649434615,0.155,0.145,1,"POLR1C"
0.171894705513337,0.182405918949741,0.133,0.127,1,"MALSU1"
0.00683013675258564,-0.182391322398096,0.171,0.194,1,"GSE1"
0.0743341432191932,0.182336986743651,0.126,0.116,1,"NCSTN"
0.0668580158935471,0.182272592729348,0.233,0.225,1,"SCAF8"
0.0588373734554181,0.182168878131078,0.154,0.144,1,"LIX1L"
0.101445900696698,0.182132739755212,0.14,0.131,1,"FARSA"
0.0962849419989492,0.182022071260014,0.135,0.126,1,"VKORC1L1"
0.0412184959609426,0.182014406536209,0.142,0.131,1,"C1orf50"
0.0454711670016541,0.18183163619194,0.188,0.176,1,"DGKD"
0.0239927784285718,0.181813673436045,0.258,0.247,1,"KDELR1"
0.0962089571905767,0.181575916111958,0.11,0.101,1,"UQCC2"
0.1164793534833,0.181399670677447,0.124,0.116,1,"AGO4"
0.0818176852032229,0.181361929866048,0.164,0.154,1,"MOGS"
0.149828341067015,0.181325826795247,0.128,0.12,1,"ZFPM1"
0.209670059529123,0.181186080543601,0.116,0.11,1,"DCTN5"
0.0889430918898234,0.181133656941356,0.148,0.139,1,"SAE1"
0.158076586516917,0.180995799109303,0.162,0.154,1,"DEDD2"
0.0504629502964915,0.180744230322556,0.203,0.191,1,"GFI1"
0.00725988017507045,0.180663005145939,0.261,0.244,1,"NSFL1C"
0.0641212888015313,0.180623836635515,0.129,0.118,1,"PHKG2"
0.000673592997702844,0.180506791843643,0.28,0.254,1,"ERCC5"
0.0742955880477941,0.18050313778889,0.199,0.188,1,"SFXN1"
0.100775010653001,0.180135829566878,0.132,0.123,1,"RNFT1"
0.0144073914503528,0.180076807120599,0.197,0.18,1,"SPTLC2"
0.0314748796190734,-0.179999343581735,0.177,0.192,1,"FOS"
0.213736145181503,0.179980480496681,0.15,0.145,1,"BMS1"
0.0393706462432063,0.179974333850728,0.206,0.194,1,"PTRHD1"
0.0806010241647797,0.179927306514953,0.127,0.117,1,"MED11"
0.014670314528993,0.17978059625489,0.281,0.267,1,"VTI1B"
0.135065993812586,0.179760879406657,0.123,0.114,1,"DGCR2"
0.00662177533928778,0.179739175222628,0.291,0.274,1,"RECQL"
0.374330071094258,0.179590477867341,0.11,0.106,1,"GABPA"
8.25031019516242e-05,-0.179551554300846,0.323,0.363,1,"VIM-AS1"
0.3961827299084,0.1795079896466,0.16,0.156,1,"MYO6"
0.0642412875647822,0.179323949024022,0.214,0.207,1,"LYPLA2"
0.0942061391228517,0.179297217550199,0.161,0.151,1,"ANO6"
0.258361938891857,0.17906918344507,0.137,0.131,1,"PARP12"
0.00395158675314341,0.179033572541069,0.294,0.279,1,"MEA1"
0.00537966101016825,0.178967152275771,0.304,0.288,1,"NCKAP1L"
0.000208042466100043,-0.178950605529879,0.084,0.108,1,"A1BG"
0.0455031183497102,0.178634344947466,0.17,0.158,1,"DHX16"
0.0229855227019792,0.178615723537937,0.306,0.298,1,"NIN"
0.0110825664641148,0.178587449679094,0.21,0.196,1,"ELOVL1"
0.00949883583135736,0.178586183582667,0.249,0.234,1,"CDC5L"
0.0780141007275359,0.178430929390686,0.207,0.198,1,"FAM104A"
0.0201646638833094,0.178401347632565,0.186,0.172,1,"SLC2A4RG"
0.0628269733620348,0.178365971702907,0.11,0.1,1,"SNAPC5"
0.0814158649731333,0.178280437555626,0.163,0.153,1,"GLO1"
0.000503258519879116,-0.178196764581876,0.13,0.157,1,"MANBA"
0.0790047056875995,0.178107330444066,0.137,0.127,1,"ANGEL2"
0.00149835215926857,0.177915181244806,0.215,0.192,1,"AIMP1"
0.267374538933653,0.177886654946493,0.137,0.132,1,"MGRN1"
6.84516919602146e-05,0.177830668284474,0.483,0.46,1,"PCM1"
0.191060182539153,0.17781619653731,0.107,0.1,1,"STX17"
0.206001900571499,0.177736982619672,0.121,0.115,1,"MPG"
0.22752235850571,0.177698115141089,0.133,0.128,1,"WDR6"
0.21704637454222,0.177696194278401,0.178,0.174,1,"NSUN2"
0.154317205632598,0.177611564004684,0.136,0.128,1,"ABHD12"
0.0583976432597975,0.177507439645809,0.151,0.14,1,"RIT1"
0.00348299174275003,0.177418462919854,0.268,0.248,1,"OTUD5"
0.264226785675261,0.177371110115685,0.131,0.126,1,"ROCK2"
0.00304303330961598,0.177293790314637,0.324,0.309,1,"RER1"
0.000220128119423329,0.176974922220517,0.331,0.306,1,"IST1"
0.189306936410959,0.176958390176109,0.153,0.147,1,"MRPL13"
0.0648064389374503,0.176939489972315,0.141,0.13,1,"WDR36"
0.00266551191064635,0.176888923257315,0.257,0.238,1,"ABCC1"
0.0416859093517631,0.176851990141858,0.189,0.178,1,"EED"
0.000650559679576378,0.176718145538837,0.385,0.364,1,"TMBIM1"
0.264362366939473,0.176717170039363,0.101,0.096,1,"APIP"
0.0502255879583544,0.176688415186777,0.168,0.157,1,"B4GALT3"
0.000255168121064391,-0.176642688989126,0.648,0.678,1,"SLC2A3"
0.0485558222929066,0.176589621655517,0.212,0.201,1,"STMP1"
0.00418336230780583,-0.176498808289108,0.09,0.109,1,"ACOT2"
0.169962203787612,0.176339771467784,0.124,0.117,1,"ABCB7"
0.000197429077146199,0.176332826775454,0.37,0.35,1,"C1QBP"
0.25071159496222,0.176117325207402,0.113,0.107,1,"ISCA2"
0.00856152844735717,0.176102978950433,0.291,0.277,1,"RNF216"
0.133897342820599,0.1760914915567,0.303,0.3,1,"TNFAIP8"
0.0500480855280483,0.175972388795722,0.143,0.131,1,"EMG1"
0.000370788207639738,-0.175903964660405,0.228,0.263,1,"NR1D2"
0.00109173003934954,0.175891357242695,0.291,0.269,1,"DCTN2"
0.0578848115697622,0.175886041724685,0.149,0.138,1,"ESF1"
0.0376955860075887,0.175647690244703,0.176,0.164,1,"SCAMP1"
0.265620292947524,0.175593201649027,0.136,0.131,1,"NDE1"
0.232007607832527,0.175437595814823,0.116,0.11,1,"PCNA"
0.0558544211605622,0.175418948185142,0.166,0.155,1,"DNTTIP1"
0.0221159949533805,0.175398395790272,0.252,0.239,1,"TMEM131"
0.103431508580938,0.175306712562111,0.142,0.133,1,"C8orf76"
0.2612694014378,0.175228653714698,0.14,0.135,1,"FTSJ3"
0.0194159596792745,0.175202213465154,0.208,0.194,1,"YJU2B"
0.0452185685710789,0.175102848374816,0.2,0.188,1,"PRPF19"
0.00628511091184148,0.175085590265305,0.401,0.393,1,"FBL"
0.0887602624903388,0.174989500328431,0.142,0.133,1,"KXD1"
0.226500515336009,0.174945394427882,0.11,0.104,1,"RBMX2"
0.00367625612466237,0.174916771267826,0.356,0.341,1,"PSMA3"
0.185792386746637,0.174756704389299,0.148,0.142,1,"TPGS2"
0.0619614719763583,0.174556911545712,0.15,0.139,1,"ABHD18"
9.96518397047219e-05,0.174400707346017,0.697,0.7,1,"SPOCK2"
0.137098851086391,0.174375498012052,0.128,0.12,1,"CTC1"
0.815311923211923,0.174317142776527,0.11,0.111,1,"BTG1-DT"
0.192528067121861,0.174183273167817,0.12,0.114,1,"TRIM56"
0.00283955882320512,0.174105000365792,0.42,0.403,1,"KDM7A"
0.0105832628361609,0.174071010176392,0.274,0.258,1,"MESD"
0.217282949695847,0.174026711025396,0.11,0.104,1,"CNOT11"
0.00486886676223376,-0.173897958377482,0.091,0.109,1,"BRF1"
0.00639882740807054,-0.17389100077307,0.152,0.174,1,"SFI1"
0.160721171673171,0.173816676146718,0.454,0.454,1,"DDIT4"
0.0102970494986324,0.173801942614868,0.247,0.233,1,"KPNA5"
0.00206807477002482,0.173635134445146,0.308,0.289,1,"NDUFV1"
0.389101994905357,0.173617537899693,0.103,0.099,1,"IFIT5"
0.08115487225529,0.173610095829465,0.16,0.151,1,"MTERF4"
0.0145287693168285,0.173567986787834,0.394,0.388,1,"YIPF5"
0.0393423977359343,0.173493684457051,0.136,0.124,1,"MRPS18A"
0.0206854675240048,0.173473586204698,0.184,0.17,1,"VPS53"
0.0410731467561848,0.173404866742131,0.205,0.193,1,"ARHGAP17"
0.0137275849646692,0.173387667426492,0.255,0.239,1,"MRPL38"
0.0155060369969524,0.173367058199713,0.199,0.183,1,"AP5Z1"
0.000135190041517977,0.173346306399783,0.504,0.487,1,"CTSC"
0.102769214088101,0.173333854483517,0.12,0.111,1,"RBM28"
0.0795454275031947,0.173285677802891,0.178,0.169,1,"RAB4B"
0.083678110209641,0.173214315804189,0.128,0.118,1,"CIAPIN1"
0.00521637352368282,0.173211664761674,0.271,0.256,1,"HAX1"
0.0607250182137296,0.17320737798233,0.159,0.148,1,"HAGH"
0.00777428795505532,0.173176761591277,0.197,0.178,1,"ZNF600"
0.229326487261006,0.172953884187727,0.126,0.121,1,"PDPK1"
0.0638844829445278,0.172815300628777,0.17,0.16,1,"ODF2"
0.0686137646239233,0.172797943927689,0.115,0.104,1,"MRPS11"
0.0166731606439707,0.172754937333007,0.287,0.277,1,"GORASP2"
0.0193264473324838,0.172708263543633,0.275,0.261,1,"EPRS1"
0.000119244569998627,-0.1725101392269,0.247,0.285,1,"TIPARP"
0.00515696960695975,-0.172220837812312,0.09,0.109,1,"DUSP18"
0.00106718049973826,0.172206084174485,0.423,0.408,1,"PPP1CB"
0.00138604543961336,-0.172160573821005,0.133,0.157,1,"LINC00623"
0.00888406227342656,0.171999971827518,0.199,0.181,1,"VPS26B"
0.153201530263745,0.171939445592179,0.104,0.096,1,"MAST2"
0.113494370178847,0.171855374940997,0.133,0.125,1,"HSPBP1"
0.000148016633628066,-0.171827641024897,0.288,0.328,1,"MACO1"
0.0496199611160836,0.171825117536587,0.265,0.257,1,"UBN1"
0.172087465618974,0.171803660663088,0.13,0.123,1,"BMT2"
0.234341363647608,0.17172193806978,0.131,0.125,1,"LAMP2"
0.0438241100889523,0.171706116425994,0.226,0.214,1,"SYTL1"
0.386572806348975,0.171648554771731,0.104,0.1,1,"LTB"
0.0222029910839157,0.17159751301453,0.269,0.256,1,"CCM2"
0.00105038520054435,-0.17155240243098,0.239,0.274,1,"PKN1"
0.272090160719609,0.171533718649325,0.143,0.139,1,"ZBTB4"
0.0408919878318667,0.171374739445163,0.201,0.191,1,"EXOSC6"
0.0509726233344295,0.171358514502272,0.198,0.187,1,"SDAD1"
0.36071391833977,0.171306229584765,0.129,0.126,1,"LMTK2"
0.0158831999177784,0.171278847000689,0.181,0.165,1,"ACBD6"
0.314429613809256,0.171223907838205,0.103,0.098,1,"GPATCH4"
0.0203945124343758,0.171154769747215,0.261,0.248,1,"CDC40"
0.0610257482831748,0.171080767228631,0.215,0.206,1,"GLOD4"
0.197214312416263,0.171074283194146,0.137,0.13,1,"EFL1"
0.00603006160227088,0.171065097448423,0.339,0.327,1,"TTC17"
0.168237879656452,0.171035759542857,0.153,0.146,1,"PLAAT3"
0.192855979371888,0.171020841653241,0.112,0.105,1,"FKBP15"
0.401586342977209,0.171011653537312,0.148,0.146,1,"RUFY1"
0.00921514795911209,-0.170971898482067,0.094,0.111,1,"CRY2"
0.0011110231053576,0.170936717398969,0.237,0.213,1,"CTDSP1"
0.00113529062777847,-0.170894792182176,0.284,0.32,1,"NARF"
0.0195672777105825,0.170570905784487,0.898,0.901,1,"ENSG00000278996"
0.000893140741116898,-0.170485282859645,0.211,0.244,1,"WDR37"
0.020567608440884,0.1704621320151,0.215,0.201,1,"SRSF6"
0.0297467897857992,0.170437969861466,0.166,0.152,1,"TAF12"
0.319716697545915,0.170218915767542,0.139,0.135,1,"MDM2"
0.162533413090554,0.17017207952547,0.109,0.102,1,"FARS2"
0.127836563231871,0.170143742799001,0.204,0.197,1,"PTPN11"
0.049585633559812,0.170137530549185,0.217,0.207,1,"LDB1"
0.000271363801488796,0.170000207106453,0.343,0.315,1,"CREBZF"
0.118771160908569,0.169967157627108,0.138,0.128,1,"FBXL6"
0.0271017420635636,0.169877930863089,0.342,0.335,1,"DGUOK"
0.0195426098448867,0.169702020849422,0.273,0.258,1,"ANKH"
0.0969771539953866,0.16968448165149,0.189,0.18,1,"ZGPAT"
0.00169541007032273,-0.169674985904465,0.201,0.231,1,"PDZD8"
0.11965250633539,0.169553351708632,0.119,0.11,1,"CHN2"
0.0153251860896909,0.169546086702888,0.269,0.255,1,"M6PR"
0.0995672582111996,0.169440368438132,0.128,0.119,1,"SPAST"
0.149197178263839,0.169253096886882,0.12,0.112,1,"SNX27"
0.000470657937977223,0.169121917463518,0.435,0.417,1,"DDT"
0.110695701351044,0.168971102840515,0.12,0.111,1,"SLC7A6OS"
0.0986942824712957,0.168931390444061,0.186,0.177,1,"LRRC41"
0.0802392914300848,0.168905048954885,0.226,0.215,1,"PPM1K"
6.76242336510144e-05,0.168886472881028,0.517,0.498,1,"VPS37B"
0.00905122532399854,-0.168839937295955,0.095,0.112,1,"MSC"
0.252060750611091,0.168789338529118,0.126,0.121,1,"CENATAC"
0.000165082405474289,0.168741906304122,0.391,0.368,1,"RIOK3"
0.0151431889654025,0.168582985530259,0.223,0.206,1,"GIT2"
0.000203615466105496,0.1685485239911,0.438,0.415,1,"MRPS6"
0.0256970301900124,0.168532694109833,0.477,0.478,1,"LBH"
0.0013375512975252,0.168300593805361,0.418,0.407,1,"NUP98"
0.012199873196117,0.168291955095579,0.226,0.211,1,"XPO4"
0.308197773228495,0.168283896140038,0.139,0.134,1,"KDM5B"
0.00304692336796223,-0.168267571598785,0.224,0.254,1,"NDUFA10"
0.0130218286255633,0.168250837816511,0.243,0.228,1,"PRPF31"
0.0412782420524577,0.168243653896152,0.199,0.187,1,"DNPEP"
0.00734912695857565,0.168167535035541,0.292,0.275,1,"ATG12"
0.00105521626092492,-0.168154559949593,0.157,0.186,1,"TSPOAP1-AS1"
0.027602515868726,0.168122161415548,0.226,0.214,1,"CHMP1A"
0.0324586887438264,0.167772568500713,0.202,0.19,1,"VPS26C"
0.225830287889461,0.167659842637569,0.107,0.1,1,"STAU2"
0.00139787480428911,0.167451688125129,0.328,0.306,1,"GNPTAB"
0.163380227360286,0.167416176861512,0.14,0.134,1,"IARS2"
0.000566357936323843,0.167387616690681,0.364,0.34,1,"ARHGAP30"
0.167969021566264,0.167345731479604,0.114,0.107,1,"APTX"
0.272998381844999,0.167301430763782,0.129,0.125,1,"ZNF330"
0.020456208010397,0.167300909243462,0.286,0.272,1,"SMAD4"
0.000678821990048443,-0.167265212747902,0.293,0.328,1,"USP36"
0.0235820072639991,0.167079207254476,0.285,0.273,1,"NDUFAF3"
0.000122894955698067,0.167009841537627,0.402,0.377,1,"NDUFS6"
0.0624240844727441,0.166937599652687,0.16,0.15,1,"LSM14B"
0.00464279107508363,0.166756972141486,0.253,0.234,1,"IMMT"
0.10181753016051,0.166737884017589,0.226,0.22,1,"CDC26"
0.00584786840813148,0.166675838888841,0.333,0.313,1,"PHIP"
0.00206123675868998,-0.166675201206308,0.383,0.417,1,"S1PR5"
0.0667545487696024,0.166628548942768,0.138,0.128,1,"SLC35B1"
0.0141598740888585,0.166378335300602,0.227,0.212,1,"ZNHIT1"
0.0415443613996714,0.166236352358013,0.227,0.218,1,"KLHDC4"
0.000931596119895089,0.166131765669303,0.447,0.433,1,"MGAT4A"
0.0290001097464424,0.166078161639965,0.206,0.195,1,"GTF2E2"
0.228199620622929,0.166000845749059,0.135,0.13,1,"RNF25"
0.00272934301585346,-0.165945751827117,0.132,0.154,1,"RASGEF1B"
0.00933655343387777,0.165937830430349,0.223,0.206,1,"TMEM109"
0.123866118868467,0.165900684212609,0.181,0.174,1,"PIK3C2A"
0.118853468772799,0.165802645929514,0.17,0.162,1,"PREPL"
0.112111616452769,0.165553299977957,0.27,0.263,1,"ANAPC11"
0.0284518284788616,0.165494812207818,0.238,0.225,1,"ETFA"
0.0615865992662704,0.165403176587892,0.117,0.106,1,"MINDY3"
0.00295639892503009,0.165395675095713,0.247,0.227,1,"CNOT7"
0.0281707786793568,-0.165277150382187,0.161,0.179,1,"ARAP1"
0.10500879191969,0.165122464175654,0.287,0.281,1,"CHD8"
0.245995643361689,0.164948312485758,0.163,0.159,1,"MTA2"
0.000944878671107614,0.164842453046382,0.442,0.415,1,"TXN"
0.00381097991572858,0.164753968484052,0.338,0.321,1,"TBC1D10C"
0.00629941070612591,-0.164738058217109,0.174,0.199,1,"TRNAU1AP"
0.262683595398047,0.164710303005957,0.135,0.129,1,"PPP4R1"
0.0358937581914951,0.164532301548257,0.18,0.168,1,"CEP120"
0.0186087660564268,0.164385907378086,0.182,0.167,1,"NAGK"
0.00646446731222449,0.16434428424204,0.249,0.231,1,"RNF34"
0.00639577729816667,0.164198855783802,0.339,0.323,1,"COPB2"
7.5653830154287e-05,-0.164082547045673,0.323,0.368,1,"SEC11C"
0.0817335400661299,0.164067014660162,0.313,0.311,1,"FLT3LG"
0.00186014731770715,0.163928318255466,0.399,0.386,1,"SEPTIN6"
0.0753036632992907,0.163860849601907,0.204,0.194,1,"ETV6"
0.00292032482701875,0.163855562679222,0.271,0.249,1,"SRA1"
0.0033087588967896,0.163780854337961,0.395,0.383,1,"NRBP1"
0.0201976966001086,0.163713560310252,0.266,0.255,1,"HMOX2"
0.186006948224837,0.163702249836118,0.155,0.148,1,"BRIX1"
0.000202839371386259,0.163663471051134,0.367,0.341,1,"RANBP1"
0.0510730073847477,-0.163613698205074,0.088,0.101,1,"TAB3"
0.17399150217111,0.163612331349951,0.181,0.175,1,"NUBP2"
0.213881602821241,0.163570665005224,0.115,0.108,1,"WDR13"
0.0523289395610234,0.163559558635826,0.202,0.191,1,"ZBTB11"
0.000368164855879239,0.16352391332445,0.412,0.391,1,"PRPF8"
0.066512595247105,0.163481343781673,0.12,0.109,1,"LIN54"
0.03284192753505,0.1634050173239,0.266,0.257,1,"ECH1"
0.000505270635034307,0.163369289430753,0.404,0.383,1,"U2SURP"
0.307660632986452,0.163249532738772,0.1,0.095,1,"TMEM214"
0.00624587156202532,0.163200664869086,0.345,0.329,1,"TXNL1"
0.182977952191578,0.1631850930485,0.188,0.182,1,"NDUFA8"
0.0133935505277737,0.163130097950899,0.266,0.251,1,"RELCH"
0.403903748801013,0.163124947263256,0.16,0.158,1,"LCMT1"
0.270181057404201,0.163088936783514,0.102,0.096,1,"RAB24"
0.189266783443013,0.163079327050998,0.118,0.111,1,"ING3"
0.0517719468917206,0.163053268501546,0.185,0.175,1,"SRP68"
0.00555789377949432,0.163021596408877,0.374,0.362,1,"MAPKAPK2"
0.00490522180365776,0.162869661499104,0.325,0.309,1,"SETX"
0.00336989037010362,-0.162861104816189,0.247,0.276,1,"CREB1"
0.000113781011766264,0.162718900533094,0.487,0.468,1,"TUT4"
0.0169055520792464,-0.162643837356149,0.142,0.161,1,"GBE1"
0.509556138890346,0.162475065049282,0.133,0.131,1,"HUS1"
0.0830450165578376,0.162239844081791,0.135,0.125,1,"COA3"
0.0590336299868481,0.162238281939636,0.193,0.181,1,"RNPC3"
0.0403777824870035,0.162237324520935,0.255,0.245,1,"NSMCE1"
0.193606314129769,0.162219073229794,0.216,0.213,1,"SECISBP2"
0.00215086105163154,-0.162161095193997,0.191,0.221,1,"NBEAL1"
0.112311998842897,0.162061866657249,0.117,0.107,1,"PPP1R8"
0.0415684135052596,0.162050467957066,0.189,0.176,1,"TXNDC9"
0.0137232673843194,-0.161972536573296,0.14,0.159,1,"GTF2IRD2B"
0.233192770393643,0.16189778122746,0.161,0.156,1,"GPS1"
0.27312323305559,0.161846537198455,0.138,0.133,1,"AAGAB"
0.177364068314844,0.161779923109559,0.104,0.097,1,"MARCHF8"
5.56688208250103e-05,-0.161676546986736,0.233,0.272,1,"WHRN"
0.279877962273553,0.161524486721253,0.174,0.17,1,"CTNNBL1"
0.00576893955469969,0.161374559919338,0.327,0.311,1,"IMP3"
0.0714927321663372,0.16116991694758,0.226,0.217,1,"CHKB"
0.0104896496190706,0.161113643281534,0.248,0.23,1,"TSC22D4"
0.00165080284687934,0.160973114200263,0.329,0.309,1,"TPST2"
0.184771617083866,0.160863156209244,0.152,0.146,1,"SKIC3"
0.000740634135899008,0.160640652861242,0.453,0.437,1,"CEP350"
0.00514224495812757,0.160469289490039,0.3,0.281,1,"SACM1L"
0.0047960049946015,0.160327815091209,0.224,0.207,1,"TARDBP"
0.137853867008521,0.160212714101671,0.159,0.151,1,"TRNT1"
0.0720023563753326,0.16012794081496,0.159,0.149,1,"MLLT10"
0.0167632517024975,0.16011046238664,0.315,0.304,1,"LAMTOR4"
0.0841899312654164,0.160056700426668,0.24,0.232,1,"UBE2Z"
0.324479059340846,0.159990673432136,0.129,0.125,1,"KLHDC10"
0.00718533651646658,-0.159983435140257,0.121,0.14,1,"CGRRF1"
0.0195926536873383,-0.159943511664426,0.102,0.117,1,"HEXB"
9.14895049631419e-05,-0.159930609501431,0.296,0.338,1,"IER5L"
0.0173956122803267,0.159867080210057,0.209,0.195,1,"GLYR1"
0.0952269836352193,0.159861212560525,0.223,0.216,1,"PGD"
0.0176434642238051,0.159802161179866,0.29,0.278,1,"ILKAP"
0.127309377750872,0.159770817044192,0.162,0.154,1,"RNASEH2C"
0.00128352009315766,-0.159632773579427,0.31,0.346,1,"GCLM"
0.0489778526823342,0.159592536321304,0.179,0.166,1,"MX1"
0.084543954826049,0.159576812262588,0.159,0.149,1,"AK2"
0.0110742891926717,-0.159550087974783,0.131,0.151,1,"CEP104"
0.00331125604637949,-0.159500102505806,0.507,0.537,1,"CLDND1"
0.402848177811574,0.159448152807119,0.112,0.108,1,"ASH2L"
0.278488543036875,0.159437108866606,0.222,0.218,1,"PLIN2"
0.000179087218718314,0.159287148825808,0.43,0.408,1,"BRD7"
0.341128850057254,0.159275668489951,0.13,0.126,1,"FOXP4"
0.130251751829535,0.159250806246632,0.174,0.166,1,"YTHDF1"
0.106897803661632,0.159217809085849,0.123,0.114,1,"NOL10"
0.192853808758955,0.159203322621617,0.178,0.171,1,"N4BP2L1"
0.0301815198198502,0.159179219823482,0.205,0.192,1,"DICER1"
0.154280966890614,0.159159865588622,0.174,0.166,1,"FTO"
0.0017997207194849,-0.159116624685606,0.205,0.234,1,"POLE4"
0.0466671414600423,0.159003741105997,0.152,0.14,1,"EXT2"
0.00338633734337714,-0.158936012907985,0.318,0.352,1,"PHF20"
0.215004763643833,0.158882569269714,0.11,0.103,1,"CASP8AP2"
0.000106930077074363,-0.158784411696635,0.286,0.324,1,"HLA-DRA"
0.113795809788751,0.158664258615298,0.246,0.24,1,"CEBPB"
0.0108051491856043,-0.158644865680833,0.687,0.708,1,"KLF2"
0.0153786432703577,0.158599983924657,0.251,0.235,1,"MBD4"
0.264576476265841,0.158574646492068,0.184,0.18,1,"TMEM39A"
0.00411361293505252,-0.158500523075099,0.127,0.149,1,"MOSMO"
0.0038009622286685,0.158482047660889,0.334,0.319,1,"RAB11B"
0.047889529617626,0.158479347696246,0.17,0.157,1,"VPS72"
0.450398206316717,0.158470536327129,0.104,0.101,1,"UBA5"
0.141542828907781,0.158445604934237,0.167,0.159,1,"NOP2"
0.284071992808082,0.158392290548865,0.105,0.1,1,"MAD2L2"
0.000650645973212488,0.158384965739927,0.411,0.393,1,"DYNLRB1"
0.178314921504224,0.158352654203983,0.101,0.094,1,"TMEM140"
0.844751135823888,0.15821892959734,0.1,0.101,1,"LINC01934"
0.00265802828169207,0.158143133058112,0.309,0.29,1,"ZMYND11"
0.245063128854221,0.158132607611353,0.101,0.096,1,"MTRF1L"
0.000691359286860746,0.158001165256166,0.401,0.38,1,"ARPC4"
0.248787966578618,0.15797368832968,0.125,0.119,1,"PHF23"
0.155698735399277,0.157910844302918,0.147,0.139,1,"CDK5RAP2"
0.00818587606002667,0.157849694024898,0.319,0.305,1,"NUB1"
0.396228310436579,0.157712366701382,0.102,0.098,1,"THAP1"
0.00668281808668361,-0.15769836779435,0.218,0.244,1,"SNX5"
0.488467858951426,0.157579049308377,0.126,0.124,1,"NOL9"
0.200623679078436,0.157546898518794,0.114,0.107,1,"ABCD4"
0.00452890928310104,-0.157475786179737,0.124,0.145,1,"ARL14EP"
0.0128288465668966,0.157450851428701,0.313,0.298,1,"USP33"
0.134519667188374,0.157415290706996,0.214,0.209,1,"CLSTN1"
0.335703150689657,0.157289238909632,0.132,0.128,1,"XRRA1"
0.124965350025992,0.157271794347433,0.159,0.151,1,"SRSF8"
0.0298845390568544,0.157189164859889,0.197,0.183,1,"IFNAR1"
0.208856951424573,0.157177415656486,0.157,0.15,1,"GTF2F2"
0.19274148644891,0.157154586862067,0.128,0.121,1,"NBPF12"
0.000259913711028853,0.157128528078889,0.495,0.482,1,"PSMA1"
0.000286377733227518,0.157068976409718,0.358,0.334,1,"MIA3"
0.234740840068812,0.15706186622075,0.181,0.177,1,"CRIPT"
0.0463110731307533,0.156927919839114,0.19,0.179,1,"RCE1"
0.036723043050079,0.156867630766856,0.174,0.161,1,"EIF2AK2"
0.116506225987351,0.156804930816203,0.177,0.169,1,"SLC30A9"
0.222253328603938,0.15658408726485,0.119,0.113,1,"TAF6"
0.156975589427732,0.156517062623278,0.157,0.152,1,"USP20"
0.139514900206577,0.156501149077941,0.171,0.164,1,"ZDHHC18"
0.282619261003835,0.156429616942743,0.119,0.114,1,"EML3"
0.00103987351876632,-0.156393063185142,0.286,0.32,1,"LINC01871"
0.549970597813583,0.156276645783793,0.108,0.106,1,"GPN3"
0.00663941475892948,0.15627513660448,0.308,0.292,1,"FBXW11"
0.106772940093282,0.15624067042105,0.158,0.148,1,"SLC16A3"
0.159033109618286,0.156208834186868,0.208,0.203,1,"SSRP1"
0.307601136422398,0.15620139604209,0.144,0.139,1,"SCYL1"
0.120865414058251,0.156117347107023,0.121,0.113,1,"ZNF160"
0.00844327881160009,-0.156100625312749,0.086,0.102,1,"UBE2Q1"
0.0252694118043899,0.156077651340152,0.236,0.223,1,"C1orf52"
0.646846661401896,0.156049466651726,0.122,0.121,1,"ZNF675"
0.00747497851865609,0.156013821485188,0.294,0.277,1,"RRP36"
0.0748002350129762,0.15597777028962,0.192,0.181,1,"STX12"
0.314408012200117,0.155972281000433,0.161,0.158,1,"MTRFR"
0.0662166300795047,0.155892429891133,0.258,0.249,1,"FAM204A"
0.2997335008218,0.155830416226211,0.149,0.145,1,"PDE6D"
0.0640293068197212,0.155820043043229,0.165,0.153,1,"SPECC1L"
0.000117262622830588,0.15577846447485,0.499,0.481,1,"PSME2"
0.251737706807136,0.155718055947578,0.112,0.107,1,"EBLN3P"
0.104625940093167,0.155635763587147,0.192,0.185,1,"ERAP1"
0.213841125121162,0.155631660726054,0.114,0.108,1,"MAD2L1BP"
0.0247118075105135,0.155494409053249,0.297,0.286,1,"METTL26"
0.000816931108925389,-0.155488334369784,0.237,0.271,1,"SERTAD1"
0.00289828088622284,0.155443700823205,0.285,0.267,1,"GOLGA7"
0.193795324710093,0.155279119499306,0.178,0.173,1,"BTF3L4"
0.153109820981462,0.155184146134224,0.132,0.125,1,"KIZ"
0.020913310377701,0.155122193115545,0.243,0.229,1,"CDK12"
0.00557330895677205,0.155119659581457,0.271,0.252,1,"ASCC3"
0.401470710546427,0.155103629411626,0.132,0.129,1,"WDTC1"
0.00914560221593459,-0.155073878765503,0.136,0.156,1,"TTC21B"
0.132891334778352,0.155008004398022,0.15,0.142,1,"TMEM222"
0.00818143309955264,-0.154983467176708,0.133,0.152,1,"BCL2A1"
0.375203427662179,0.154950245497299,0.141,0.137,1,"EXOSC8"
0.221844622739402,0.154923350382461,0.158,0.152,1,"ANKRD13A"
0.0232945329820025,0.154704174174278,0.295,0.285,1,"ST3GAL5"
0.0013573659088482,0.154662084789407,0.337,0.317,1,"TIAL1"
0.00999734446653952,0.15465706571101,0.327,0.313,1,"OS9"
0.00653699844769839,-0.1546420630137,0.184,0.209,1,"SIK1"
0.0117455718082867,0.154527625576169,0.311,0.297,1,"CAPNS1"
0.30392874862081,0.154455670600762,0.139,0.135,1,"DALRD3"
0.163973176445279,0.15439415676825,0.219,0.215,1,"STK26"
0.308173294613867,0.154250408301145,0.157,0.154,1,"TOR1A"
0.162179553638865,0.154244817917208,0.203,0.198,1,"ST3GAL1"
0.000246711935935917,-0.154213885842293,0.513,0.556,1,"S1PR1"
0.135124525141544,0.154184276617303,0.204,0.198,1,"LMF2"
0.0885553657677511,0.15406097029691,0.21,0.202,1,"FDPS"
0.187461413480834,0.154047458673743,0.115,0.108,1,"AVEN"
0.000918341016210154,0.153980770326206,0.48,0.466,1,"PRPF4B"
0.20903208561008,0.153932238788038,0.146,0.14,1,"KIAA1143"
0.00174448204231452,0.153819273584285,0.344,0.326,1,"SSNA1"
0.00648850601578361,0.153662557861773,0.369,0.357,1,"SP140"
0.0384663549166893,0.15360791013442,0.182,0.169,1,"VCPIP1"
0.00492811586148774,-0.153486728655795,0.119,0.141,1,"SLC9A8"
0.0224688836373751,0.153456832240882,0.178,0.163,1,"MFAP1"
0.2228095527087,0.153420562087819,0.131,0.125,1,"TEX264"
0.544864505176476,0.153290309354208,0.106,0.104,1,"CWF19L1"
0.103365081970618,0.153289630639165,0.173,0.164,1,"ASB8"
0.00065690363887372,0.153273682400044,0.464,0.448,1,"SNX6"
0.00136990424368171,0.153191993301477,0.41,0.395,1,"CCT6A"
0.127408975765447,0.153092844004276,0.167,0.159,1,"SFMBT2"
0.0225714954653779,-0.153080298750444,0.104,0.12,1,"DPM3"
0.269468650226306,0.15296234531023,0.188,0.185,1,"UBE2D1"
0.260862863655454,0.152845978845481,0.133,0.127,1,"LENG1"
6.69972062720944e-05,-0.152547309741053,0.526,0.573,1,"HERPUD2"
0.0163826842345835,-0.152544843414088,0.17,0.19,1,"LIMS1"
8.45055178714405e-05,0.15246232837949,0.42,0.394,1,"AAK1"
0.155517885388426,0.152276840957641,0.151,0.144,1,"GTPBP8"
0.0210670369190732,0.15221134897308,0.256,0.242,1,"AGFG1"
0.314694047605314,0.15220228642493,0.135,0.131,1,"EIF2B4"
0.242450852284424,0.152200263535103,0.115,0.109,1,"ZFY"
0.0632821026900721,0.152075022392881,0.208,0.198,1,"NCOA7"
0.275191427978196,0.152046864639614,0.119,0.114,1,"GIGYF1"
7.8572668263916e-05,0.152013760976097,0.484,0.459,1,"UPP1"
0.000371313225624766,0.151922176929976,0.44,0.419,1,"SSBP4"
0.379821030976446,0.151734435955765,0.103,0.099,1,"CNOT3"
0.569005846279677,0.151698320349974,0.12,0.118,1,"GOLGA2"
0.183415980036258,0.151656380523007,0.15,0.143,1,"ZNF407"
0.0579497934797275,0.151646955157108,0.244,0.235,1,"ARHGAP4"
0.000479934594865184,0.151635695189645,0.427,0.406,1,"CASP8"
0.718709329518728,0.151630766122646,0.188,0.189,1,"ZFAND2A"
0.0146447798289661,0.151628815926208,0.421,0.411,1,"LCK"
0.00664783381800093,0.151562349964189,0.253,0.236,1,"CYB5B"
0.220378604133451,0.15144575430684,0.106,0.099,1,"ATP11C"
0.192838024433469,0.151134856776613,0.204,0.199,1,"DDA1"
0.161221715559255,0.151011635875292,0.145,0.137,1,"ZMPSTE24"
0.0513864851599665,0.150996661368726,0.227,0.216,1,"MRPL21"
0.000988439179044914,-0.150913632405541,0.273,0.308,1,"MBNL2"
0.200863932465478,0.150828792981662,0.142,0.135,1,"FAM110A"
0.0640142590386607,0.150783717904134,0.185,0.174,1,"CRCP"
0.0544668180730848,0.150660965987875,0.191,0.179,1,"BLMH"
0.370121031441135,0.150606554003494,0.118,0.114,1,"PLPP5"
0.0931112326458746,0.150530227630389,0.138,0.127,1,"AGGF1"
0.0206499368735453,0.150483357185388,0.349,0.342,1,"GPI"
0.0173107849470457,0.150297173735454,0.331,0.321,1,"PPP1R10"
6.82254385198432e-05,-0.15024000742043,0.425,0.475,1,"ICAM3"
0.0740159184750417,0.15023530667377,0.152,0.141,1,"TERF2"
0.125340293538859,0.15020166967362,0.252,0.247,1,"HOOK3"
0.00579989083667236,0.150180855999757,0.364,0.352,1,"PSMB2"
0.243651913021946,0.150083389640667,0.109,0.103,1,"SMYD2"
8.77622936026622e-05,-0.150062281444792,0.337,0.38,1,"CHD4"
0.000940837566265543,0.150038173435522,0.417,0.394,1,"SEM1"
0.0182770294831421,-0.149971733132505,0.339,0.362,1,"HGSNAT"
0.371586082291392,0.149958425772909,0.101,0.097,1,"TMEM35B"
0.0511821521353282,0.149936479536568,0.22,0.21,1,"NAA10"
0.212301499598648,0.149795222117357,0.214,0.208,1,"DDX27"
8.74242760465135e-05,0.149700518771181,0.542,0.535,1,"PSMB3"
0.0341912031298853,-0.149653024131762,0.105,0.119,1,"CORO1C"
0.141908227816692,0.149595200864716,0.103,0.095,1,"RCAN3"
0.257449776183811,0.149465235840285,0.101,0.096,1,"APEH"
0.00095208682841626,0.149451963868343,0.441,0.422,1,"FNBP4"
0.0589106530947067,0.149433750284569,0.202,0.191,1,"RASGRP2"
0.000843833190081144,0.149330441205027,0.343,0.321,1,"URI1"
0.00488342212705194,0.149313690038457,0.421,0.405,1,"DDX46"
0.00851558557873355,0.149302674142739,0.364,0.354,1,"NOSIP"
0.236698999225148,0.149290249324679,0.289,0.289,1,"EPHA4"
0.33971503852655,0.149246448835165,0.158,0.155,1,"ZDHHC5"
0.14315675514799,0.149246009926084,0.142,0.133,1,"CUTC"
0.0750480668251334,0.149154748255649,0.162,0.152,1,"ITPA"
0.259703782597185,0.149032876834484,0.199,0.195,1,"MSL3"
0.18040503954751,0.149003990331432,0.181,0.175,1,"MBTPS1"
0.311775236702175,0.148890738497273,0.12,0.115,1,"DTX2"
0.0897127949134361,0.148839834559625,0.188,0.179,1,"TIMM23"
0.00851131893273788,0.148810120027135,0.3,0.286,1,"CASP4"
0.148843086453825,0.148767818510356,0.146,0.138,1,"GOPC"
0.191914833559149,0.148756722237895,0.189,0.183,1,"LRCH1"
0.0688633231935615,0.148684945824485,0.267,0.259,1,"RBM26"
0.107664945928092,0.148672511192333,0.129,0.12,1,"DCPS"
0.138308033640485,0.148629138510838,0.176,0.168,1,"NECAP1"
0.000554152066227361,-0.14858797348234,0.179,0.211,1,"DANCR"
0.000732782583843113,-0.148398267452988,0.18,0.212,1,"DLD"
0.277795347685924,0.148394737508288,0.114,0.109,1,"ZUP1"
0.477762208737519,0.148241111980158,0.166,0.165,1,"CLIP4"
0.102356628062654,0.14822211931031,0.189,0.18,1,"STX4"
0.4377799644342,0.148221145031413,0.191,0.189,1,"TERF1"
0.0185855741371171,0.148207787940425,0.213,0.198,1,"TCIRG1"
0.00012853093994755,0.148196518258278,0.496,0.481,1,"NDUFV2"
0.094941202669789,0.148091065362266,0.316,0.313,1,"BRWD1"
0.204080820712497,0.148078358064584,0.238,0.236,1,"PRKCSH"
0.00304118516890584,0.148060210995466,0.456,0.442,1,"PCED1B"
0.0008364355746219,0.148040195393648,0.447,0.434,1,"CCNDBP1"
0.158488276988088,0.14799575495741,0.195,0.189,1,"CDKN2AIP"
0.206556927943438,0.147995558061403,0.1,0.093,1,"BORCS8"
0.268679628300033,0.147953287570378,0.107,0.102,1,"ARL1"
0.109507919634069,-0.147886916218366,0.124,0.136,1,"TEDC1"
0.0654658077705322,0.147879321229928,0.154,0.143,1,"CCDC32"
0.00554725108359044,-0.14785219289279,0.22,0.247,1,"LINC00513"
0.0349730704863272,0.147710263291703,0.309,0.301,1,"FBXL5"
0.230923062929973,0.147701723221785,0.179,0.174,1,"SPTLC1"
0.00971020788267719,0.14767252535975,0.38,0.369,1,"LNPEP"
0.150364482154259,0.147641763069187,0.102,0.094,1,"PHF2"
0.198951585988443,0.147524590932097,0.138,0.131,1,"THYN1"
0.0522861345027835,0.147488874728151,0.251,0.242,1,"KAT6B"
0.00908897457397443,0.147482400177958,0.325,0.312,1,"UBA2"
0.14261281763716,0.147462733712755,0.142,0.134,1,"NIPAL3"
0.412705790716029,0.147452804469107,0.131,0.128,1,"DAP"
0.00176377089535843,-0.147426077449133,0.27,0.304,1,"RIC8A"
0.0373612542931289,0.147425604144293,0.252,0.241,1,"ITFG1"
0.121245883407243,0.147409810318269,0.24,0.233,1,"FHIP2A"
0.185784018853669,0.147292694523687,0.167,0.16,1,"GALNT1"
0.0808987226673569,0.147292531719695,0.227,0.219,1,"PIK3C3"
0.0234878115009311,0.14727552497156,0.281,0.269,1,"TMEM160"
0.0036497327183825,0.147175055433483,0.369,0.355,1,"ILF3"
0.0842311349012079,0.147066963313491,0.183,0.173,1,"ABCE1"
0.193532288117652,0.147062296001667,0.158,0.152,1,"TAPT1"
0.364246187475725,0.147011978950444,0.151,0.147,1,"CYB561D2"
0.276720455326538,0.147001275886702,0.131,0.126,1,"ERO1A"
0.396031368613766,0.146975271849834,0.107,0.104,1,"FYCO1"
0.00148700573055254,-0.14678723097483,0.241,0.276,1,"HCG18"
0.00384979943680669,0.14674889118439,0.409,0.398,1,"ALYREF"
0.0358168605390707,0.146726296373076,0.304,0.293,1,"RNF4"
0.000962556865003801,0.14659166275524,0.426,0.41,1,"DDX39B"
0.0356190142879407,0.146565402267855,0.343,0.334,1,"FYTTD1"
0.0340222905343627,-0.146543173166174,0.093,0.107,1,"TMUB2"
0.00258423854428967,-0.146504487525345,0.334,0.371,1,"KPNA2"
0.238464332706815,0.146493797818373,0.131,0.125,1,"MRPL37"
0.000685634660781225,-0.146475706171111,0.321,0.362,1,"RHBDD2"
0.145019875176253,0.146443750011871,0.26,0.253,1,"UVRAG"
0.135531303309144,0.146386070179278,0.121,0.112,1,"CEP192"
0.201105134108387,0.146372349073159,0.156,0.149,1,"RNF40"
0.361577349709968,0.146346463915981,0.102,0.098,1,"ANKRA2"
0.0022760869856379,-0.146228687751881,0.218,0.25,1,"NUP58"
0.285481211815067,0.14618660469587,0.132,0.127,1,"POLDIP2"
0.00038160089940245,0.146022575741959,0.472,0.453,1,"DEK"
0.0262656229980014,0.146021220255104,0.385,0.38,1,"RPS6KA3"
0.030776698308601,-0.145986446106375,0.117,0.132,1,"PPIF"
0.0299222730613761,-0.145984287608775,0.099,0.113,1,"CCDC57"
0.000655721044333006,-0.145921903086079,0.322,0.363,1,"LINC00869"
0.413350335837906,0.145864511352049,0.158,0.155,1,"NUP160"
0.000779180112232449,-0.145834415916637,0.426,0.463,1,"TANK"
0.64532500864983,0.145776962265568,0.106,0.105,1,"RPRD1A"
8.54439010960478e-05,0.145738075413453,0.474,0.452,1,"CLTA"
0.471594095164938,0.145737593360827,0.103,0.101,1,"MON1B"
0.00095313797902957,0.145545504568918,0.478,0.466,1,"KLF13"
0.0132226641388196,0.145452618225815,0.312,0.3,1,"PITPNB"
0.00682522223665849,0.145435950501034,0.443,0.431,1,"SEPTIN9"
0.0149465905000545,-0.145339323468871,0.102,0.119,1,"MFN1"
0.70478867645301,0.14531650163892,0.114,0.115,1,"UBASH3A"
0.147373103234842,0.145195003301464,0.188,0.18,1,"PARP4"
0.374677250518378,0.14519264114854,0.1,0.096,1,"TIMMDC1"
0.00720520349391866,0.145116380651281,0.355,0.338,1,"IFNAR2"
0.444795094472884,0.145025779935911,0.127,0.124,1,"MYNN"
0.418774281790164,0.145019530283581,0.181,0.18,1,"RNF187"
0.257639426418634,0.144968020008381,0.145,0.14,1,"KARS1"
0.0140454364102267,0.144954488753096,0.306,0.295,1,"SDHB"
0.202578771295693,0.144878069949225,0.22,0.215,1,"TGS1"
0.0412489108739309,0.144822879025066,0.803,0.797,1,"OASL"
0.493971404784376,0.144715904399673,0.103,0.1,1,"TXLNA"
0.10174112178696,0.144669160824842,0.193,0.184,1,"BRMS1"
0.0777837922171376,0.144595272548477,0.346,0.34,1,"NCBP3"
0.00203097971285208,0.144578839261861,0.357,0.337,1,"CHMP4A"
0.176968203716084,0.144544206688084,0.229,0.225,1,"GPR65"
0.03939482254073,0.144513979583877,0.261,0.249,1,"NIFK"
0.000405684868057401,0.144489564529526,0.452,0.432,1,"RPN1"
0.138528025864164,0.144129122305136,0.198,0.191,1,"DLG1"
0.483207983602658,0.144107460864418,0.103,0.101,1,"PRKCD"
0.00508240297353884,0.144053744823726,0.361,0.342,1,"BBX"
0.0815747714550319,0.143981053200388,0.172,0.161,1,"ERGIC2"
0.259165409421554,0.143973596422693,0.281,0.281,1,"ITGAE"
0.0890222297503467,-0.143827979080488,0.119,0.131,1,"KHDC4"
0.0123303689235579,0.143804705266571,0.337,0.321,1,"ARHGAP25"
0.181268507885708,0.143785985704838,0.173,0.166,1,"DDX23"
0.128853469155202,0.143779299927351,0.189,0.181,1,"FBXO42"
0.280500497547965,0.143733180471983,0.116,0.111,1,"TPRA1"
0.257734501489617,0.143517489641211,0.12,0.115,1,"IDH3A"
0.0477801763764184,0.143503988996591,0.246,0.233,1,"FRG1"
0.000110232109171837,-0.143473144479474,0.362,0.407,1,"CSRNP1"
0.271105681665164,0.143470969176633,0.186,0.182,1,"FBXO21"
0.523371152161298,0.143435907347415,0.122,0.12,1,"MDN1"
0.00666657895747181,-0.143425965075742,0.146,0.169,1,"SURF1"
0.38657470048014,0.143311888425394,0.103,0.1,1,"SHC1"
0.373125344878707,0.143278933714186,0.154,0.15,1,"WASHC2A"
0.0522667294419464,0.143270861287324,0.166,0.153,1,"CKAP5"
0.0505314599460171,0.143201315282996,0.254,0.245,1,"TTC14"
0.00408831903040345,0.143200889084146,0.399,0.382,1,"TLE4"
0.0109163738645253,-0.143180409968001,0.16,0.181,1,"IKZF5"
0.253513539460659,0.143092293360309,0.169,0.164,1,"PIP4P1"
0.000180030625400014,0.142984234807555,0.533,0.518,1,"TMEM43"
0.475878099505781,0.142925334511811,0.126,0.124,1,"POLR2D"
0.0227849168173301,0.142839766087455,0.237,0.222,1,"RIF1"
0.123166862258317,0.142804897017711,0.314,0.311,1,"STMN1"
0.089049301178855,0.142798631788277,0.286,0.277,1,"DTHD1"
0.186438768434048,0.142769636105854,0.11,0.103,1,"TOMM40"
0.0139356784021099,0.142746895684501,0.362,0.353,1,"ANAPC16"
0.0508172295187956,0.142695658790159,0.24,0.229,1,"ELL"
0.0242112175091854,0.14267135418664,0.306,0.296,1,"POLR2F"
0.00822084889587275,0.142649883459076,0.309,0.293,1,"RBBP4"
0.121611557679309,0.142642703187128,0.19,0.182,1,"LAX1"
0.000400000766039525,0.142640832938924,0.468,0.453,1,"FRYL"
0.223593037311489,0.142587787436245,0.211,0.208,1,"TIA1"
0.299479814540038,0.142567489022116,0.13,0.125,1,"MRPL11"
0.121637529843865,0.142525118328291,0.201,0.194,1,"TSN"
0.250310652054398,0.142458680076459,0.125,0.12,1,"MRPL58"
0.0048029019986778,0.142428229494972,0.382,0.366,1,"HNRNPUL2"
0.027166204072539,0.142377189892349,0.25,0.236,1,"FNDC3A"
0.0810521928537249,0.142370643488844,0.295,0.287,1,"PRRC2B"
0.0830605779275996,0.142235299571245,0.286,0.282,1,"NUTF2"
0.157947961139143,-0.142061035476403,0.1,0.109,1,"PIM2"
0.0602406335396292,0.142029259791518,0.206,0.197,1,"ZNF622"
0.233630804398401,0.141986744566919,0.137,0.131,1,"COA4"
0.408693500864708,0.141889761523265,0.175,0.173,1,"NOP14"
0.373861696805572,0.141886929751039,0.143,0.14,1,"SENP2"
0.103627694149684,0.141886693577729,0.161,0.151,1,"VPS37A"
0.442695915340188,0.141850993711686,0.143,0.141,1,"TUBGCP2"
0.200423536881319,0.141841052606859,0.235,0.23,1,"TRIM26"
0.32442014796844,0.141739034310854,0.106,0.101,1,"GMDS-DT"
0.000203558776706613,-0.141719668119221,0.31,0.351,1,"SH2D1A"
0.116947885008792,0.141632035870857,0.261,0.257,1,"MKRN1"
0.11763508000618,0.14157979007986,0.253,0.246,1,"PRXL2C"
0.269991225211904,0.141575692422306,0.117,0.112,1,"DCAF1"
0.0517189953166707,0.141570594596189,0.324,0.318,1,"FAF1"
0.112841381291461,0.141564127957473,0.27,0.264,1,"HMCES"
0.00274134543731516,0.14154387233338,0.447,0.438,1,"MAP2K2"
0.00592938535464746,0.14153356238731,0.437,0.427,1,"MAX"
0.186267399050299,0.141527015894256,0.117,0.11,1,"WDR54"
0.0265496705794442,-0.141518864203883,0.132,0.148,1,"MINK1"
0.000101866662510515,0.141391945190402,0.528,0.509,1,"ADSS2"
0.0189679247080897,0.141305989558091,0.311,0.299,1,"HELZ"
0.0187225780348907,-0.141182799504417,0.171,0.193,1,"DNLZ"
0.398433247190165,0.141146572389618,0.217,0.217,1,"ANKRD36"
0.0440236451115498,0.141130863026883,0.183,0.17,1,"RARS2"
0.0181441455341767,0.141108588854359,0.419,0.414,1,"CDK13"
0.166201268515619,0.141075491040821,0.169,0.162,1,"PCNT"
0.143215038030969,-0.141051048805453,0.12,0.131,1,"MIR155HG"
0.00211257487599194,-0.140924672557916,0.348,0.385,1,"YWHAE"
0.0619477020495647,0.140896516962542,0.248,0.238,1,"DDX50"
0.349269139528813,0.140889067207214,0.107,0.103,1,"SIAH1"
0.139908806004553,0.140809400546635,0.236,0.231,1,"ELAVL1"
0.00764711036066929,0.140752960974234,0.319,0.302,1,"SNRPC"
0.0358753115577848,0.140725129411839,0.273,0.263,1,"EFCAB14"
0.173055076917243,0.140725034077388,0.204,0.199,1,"TCP11L2"
0.312825084795748,0.140651827244496,0.185,0.182,1,"GNL2"
0.126262339539606,0.140644872911451,0.167,0.159,1,"SUMF2"
0.388915996403352,0.140641367065744,0.129,0.125,1,"COIL"
0.0145232407470719,0.140630272124188,0.291,0.277,1,"VDAC3"
0.239108597210335,0.140576922629462,0.174,0.17,1,"PTDSS1"
0.00223654758716659,0.140564843997439,0.358,0.337,1,"ZNF148"
0.25547296466197,0.140483563074164,0.189,0.186,1,"RAB11FIP3"
0.0764145567081614,0.140447270396273,0.277,0.269,1,"ATP9B"
0.0908455308604989,0.140417733891644,0.266,0.261,1,"CTSS"
0.491788507704741,0.140386025359399,0.116,0.114,1,"TSTD2"
0.186645473243163,0.140270109192715,0.114,0.107,1,"PIAS4"
0.0532158673217222,0.14026721059638,0.223,0.212,1,"KIAA2026"
0.007672455601794,0.14019784612881,0.395,0.383,1,"TBRG1"
0.321272888552596,0.140180241903159,0.13,0.125,1,"AKT2"
0.232121979822055,0.140151786848675,0.135,0.129,1,"POGLUT1"
0.00210975430422819,0.140150820365605,0.456,0.445,1,"AUP1"
0.0353464989028359,0.140114834859554,0.319,0.306,1,"ARID2"
0.0631118770776158,-0.140109412547704,0.149,0.163,1,"MHENCR"
0.296867422039472,0.13994054517662,0.204,0.2,1,"SNX14"
0.188162718236087,0.139873027549739,0.151,0.144,1,"SPG21"
0.0338291099739001,0.139840260538818,0.33,0.32,1,"CHURC1"
0.00111352585255743,0.139778474161487,0.451,0.437,1,"PCGF5"
0.00502964923456109,0.139705248464815,0.358,0.343,1,"PSMF1"
0.380101254087644,0.139688873042244,0.174,0.172,1,"ZDHHC6"
0.264863700086578,0.139635070305865,0.144,0.139,1,"IFI27L2"
0.463994983230987,0.13955324026063,0.125,0.123,1,"PITPNM1"
0.21444432136299,0.139514171831883,0.209,0.204,1,"USP1"
0.758683365647995,0.139402764523169,0.109,0.109,1,"ZDHHC2"
0.270997868877466,0.139380638640364,0.136,0.131,1,"ATL3"
0.0344328860298651,0.139377197256769,0.336,0.33,1,"OCIAD2"
0.064462727674098,0.139369069973123,0.173,0.161,1,"PRKD3"
0.170574719350012,0.139189158493801,0.211,0.204,1,"ZNF721"
0.00173449010916491,0.139175992288391,0.426,0.41,1,"RPS27L"
0.38237854427853,0.139175690936109,0.164,0.161,1,"SETD1B"
0.283735362744611,0.139062073674111,0.186,0.184,1,"CEBPG"
0.00284336457954452,-0.138960493508025,0.284,0.315,1,"RAB9A"
0.0213051921670155,0.138903109432428,0.293,0.279,1,"SF3A3"
0.23167021371684,0.138887764522796,0.184,0.179,1,"CNST"
0.0280807857690577,0.138872185624398,0.212,0.2,1,"ZBTB44"
0.111379418816412,0.138856105932628,0.215,0.206,1,"CDK9"
0.0653881558225325,0.13877997059487,0.204,0.192,1,"DPY30"
0.094663100410776,0.138736068649083,0.201,0.192,1,"RBM18"
0.18746702541292,0.138583438959771,0.147,0.14,1,"DOP1A"
0.283355367126407,0.138517645105949,0.187,0.185,1,"ZNF384"
0.0103258804679843,0.13835921460445,0.361,0.349,1,"ARHGAP45"
0.0672582470335891,0.138144444250506,0.331,0.328,1,"SUPT16H"
0.0107925063066648,0.138044296830381,0.289,0.273,1,"SS18"
0.164394559452259,0.138002356953759,0.185,0.179,1,"FBXL3"
0.200260336608457,0.13799125025177,0.115,0.108,1,"GCDH"
0.218088291381458,0.137965813862786,0.21,0.205,1,"POLG"
0.0987107536636269,0.137904475641036,0.235,0.226,1,"ENSG00000291066"
0.283954403286188,0.137903419418577,0.163,0.158,1,"TMEM33"
0.012652105398801,0.137873711247391,0.422,0.415,1,"DNAJA2"
0.145777778792251,0.137810912512817,0.175,0.167,1,"RBM48"
0.337195638854619,0.137734660126926,0.129,0.125,1,"PELO"
0.0842077526717404,0.137697159531927,0.308,0.303,1,"HM13"
0.0102353251976595,0.137655150067006,0.579,0.577,1,"PRDX1"
0.0651048889657714,0.137626317584188,0.122,0.111,1,"MPPE1"
0.444931250160374,0.137563141429743,0.128,0.125,1,"TSC22D1"
0.0480696712291024,0.137468993950426,0.416,0.415,1,"FGFR1OP2"
0.119989641610626,0.137455294631509,0.205,0.198,1,"PPWD1"
0.485142763587114,0.137440747406108,0.151,0.148,1,"DCUN1D5"
0.0791279914753313,-0.137414489579559,0.117,0.13,1,"MAP2K7"
0.000497615820319337,0.137394868052298,0.468,0.447,1,"BAZ1A"
0.0803749184197242,0.137394741212043,0.246,0.237,1,"USP10"
0.00025723071745005,0.13734424073028,0.516,0.495,1,"ZYX"
0.305118702343476,0.137324742111816,0.192,0.206,1,"HSPB1"
0.354621902202068,0.137276121313286,0.102,0.098,1,"NUP62"
0.00170524937858874,-0.137270047089518,0.117,0.14,1,"CNIH2"
0.240790096693357,0.137209308354092,0.146,0.14,1,"UCHL5"
0.173562277406317,0.13714548273229,0.147,0.14,1,"DCAF11"
0.105460910325378,0.137092017553234,0.159,0.15,1,"PEAK1"
0.0427973745352646,0.137063528191048,0.256,0.245,1,"SHFL"
0.0358350834888496,0.137024731092766,0.239,0.225,1,"PSMC1"
0.0160720904453064,0.137022033011771,0.363,0.354,1,"RABEP1"
0.354972819521779,0.137018207084241,0.132,0.129,1,"CDK4"
0.0667159538850625,0.136990975543202,0.445,0.451,1,"TUBB"
0.00446694951861403,-0.136965750957865,0.191,0.217,1,"CHMP3"
0.0529227400946907,0.136898923782558,0.61,0.608,1,"ISG20"
0.918757453371198,0.136883486688413,0.15,0.152,1,"CKS2"
0.00377418927939,-0.136858615319818,0.388,0.423,1,"RAB18"
0.117671417643628,0.136838429474558,0.258,0.253,1,"AEBP2"
0.244610959615293,0.136789301232965,0.221,0.217,1,"PEX16"
0.0572736208515057,0.136701885861429,0.21,0.199,1,"ENSG00000291107"
0.258403119359437,0.136618544002154,0.108,0.102,1,"DNAJC10"
0.0217748835805417,-0.136538692507151,0.128,0.146,1,"HMGCS1"
0.0808800571452978,0.136384161291207,0.245,0.237,1,"PRKDC"
0.00914700703277435,0.136380923670652,0.39,0.377,1,"MAP7D1"
0.105622156777919,-0.136344709004456,0.101,0.111,1,"WDPCP"
0.029528810345695,-0.13631598267498,0.124,0.14,1,"MMGT1"
0.285698235300906,0.136273178246385,0.184,0.181,1,"STOML2"
0.279321942580294,0.136179436788659,0.148,0.143,1,"BPGM"
0.156384950804375,0.136177172685069,0.298,0.295,1,"SAMHD1"
0.261180396631174,0.13606271021455,0.167,0.162,1,"KEAP1"
0.0633484593978131,0.135866545235201,0.291,0.283,1,"TMED5"
0.0175169221952384,-0.13583428004601,0.128,0.146,1,"BBS9"
0.0470620025018535,0.135788569969846,0.273,0.261,1,"U2AF2"
0.108577386997742,0.135774580837923,0.193,0.184,1,"GTF2I"
0.0481845622232806,-0.13566016007534,0.101,0.115,1,"SERTAD2"
0.0798225116200049,0.135632636331485,0.265,0.256,1,"RFC1"
0.316259872224585,0.135458484949269,0.146,0.141,1,"GMPS"
0.0189423134196109,0.135458465801784,0.329,0.315,1,"OXSR1"
0.00953485233590671,0.135456862835389,0.372,0.363,1,"SNRNP200"
0.305348144590227,0.135229589280791,0.116,0.111,1,"COMT"
0.000720901716347533,0.135219118503259,0.439,0.421,1,"NEDD8"
0.0180881858419551,-0.135100750440841,0.206,0.23,1,"IFI6"
0.016734137903995,-0.135060750131885,0.146,0.165,1,"GLRX"
0.147219875733355,0.134940814205459,0.149,0.141,1,"HMBOX1"
0.000551166735776832,-0.134939758221478,0.202,0.235,1,"MAML2"
0.185236170724054,0.134914866215527,0.171,0.165,1,"LSM12"
0.064080243324835,0.134712320643885,0.291,0.285,1,"UQCRC1"
0.0291575198547844,0.134711992132084,0.312,0.303,1,"GET3"
0.0832628207366718,-0.134709147588491,0.285,0.306,1,"IER5"
0.00784837002866871,0.134643276836947,0.428,0.421,1,"RAD23A"
0.060043673099187,0.134493895782851,0.245,0.236,1,"AP1M1"
0.0753660803660001,0.134262322588176,0.224,0.212,1,"ADGRG1"
0.00760563226337556,-0.134185431646963,0.295,0.327,1,"POLR1H"
0.450977463102927,0.134176993119071,0.134,0.131,1,"SBNO2"
0.107262821246788,0.134156426124295,0.256,0.25,1,"CSNK2A1"
0.286003264815685,0.134126801022852,0.224,0.223,1,"POLR2C"
0.126274520609335,0.134098962690512,0.219,0.214,1,"SLAIN2"
0.289039457602516,0.134055310717605,0.169,0.164,1,"USP39"
0.200196014730145,0.134011488586762,0.171,0.164,1,"DPH1"
0.046764923413061,0.133992755444303,0.286,0.275,1,"ATXN2L"
0.121066913550718,0.133952853831844,0.225,0.216,1,"OSBPL9"
0.168378440263409,0.133940703808779,0.131,0.124,1,"EEF1E1"
0.332965245296279,0.133851885768075,0.159,0.156,1,"SRPRB"
0.00103044504438612,0.133793264199907,0.364,0.344,1,"SERPINB1"
0.118698456741719,0.133782044861792,0.304,0.299,1,"ADD1"
0.570544207605535,0.133745059365447,0.121,0.119,1,"PPME1"
0.213803359528469,0.133498955736657,0.108,0.101,1,"SLC38A10"
0.19986836664122,0.133493393974172,0.243,0.241,1,"TFIP11"
0.00354964146565122,0.133483691187404,0.461,0.453,1,"ZAP70"
0.129101473701487,0.133411611390726,0.229,0.222,1,"ESCO1"
0.323459794986341,0.133312779953267,0.245,0.245,1,"DNMT1"
0.177948747292563,0.13331221264262,0.284,0.283,1,"SYNRG"
0.042335124678999,-0.133188538160255,0.089,0.103,1,"NAA30"
0.00535560212082208,0.133087644901683,0.487,0.47,1,"PIM1"
0.0490637777989034,0.132997340004999,0.215,0.204,1,"MARCHF5"
0.00371471622458725,-0.132948550769957,0.266,0.298,1,"MGST3"
0.346756109903542,0.132879510017985,0.144,0.14,1,"SP2"
0.492308838184886,0.132835428968266,0.173,0.172,1,"MZT1"
0.427642677960422,0.132791398251562,0.138,0.135,1,"PRPF4"
0.00421716148423811,0.132771289545203,0.353,0.338,1,"ATP6AP2"
0.0150402660400181,-0.132722974598354,0.161,0.181,1,"ZNG1E"
0.0112638933031886,0.132713163989535,0.474,0.471,1,"UBR2"
0.00203604827838288,-0.132708896028677,0.271,0.305,1,"FKBP2"
0.0737633414878092,0.132679251976489,0.22,0.21,1,"NBR1"
0.244989421611385,0.132378012491998,0.141,0.135,1,"SMPD4"
0.00148976548153405,-0.132337480770239,0.411,0.454,1,"DDX39A"
0.163695981897047,0.132248621655164,0.156,0.15,1,"MED8"
0.314537331123923,0.132241742896988,0.302,0.308,1,"ATG3"
0.135526519386404,0.132166532416021,0.179,0.171,1,"VRK3"
0.422216710119524,0.132135641291492,0.112,0.108,1,"NELFB"
0.0296990475923925,0.132111984907238,0.256,0.245,1,"TSSC4"
0.0106136693576532,0.131999052210814,0.406,0.396,1,"RPN2"
0.0267105758628163,-0.131938652856288,0.174,0.194,1,"FNDC3B"
0.00386815385221802,0.131917643673524,0.329,0.31,1,"TMEM165"
0.000793242984721311,0.13190060495262,0.568,0.564,1,"SRSF10"
0.162186336717718,0.131857051999589,0.128,0.12,1,"TADA3"
0.0201291650105354,-0.13185046978735,0.099,0.115,1,"NKD1"
0.0591020298282592,0.131808664220372,0.427,0.428,1,"XBP1"
0.000162168300079256,0.131737164740639,0.609,0.599,1,"PRR13"
0.417364920604628,0.131698435221568,0.202,0.202,1,"CARD8"
0.0382875412451003,0.131645686407727,0.243,0.231,1,"GRSF1"
0.82586045665209,0.131571188855333,0.115,0.116,1,"DMAP1"
0.00357112610750625,0.13153255410045,0.437,0.422,1,"CHST11"
0.172546444261568,0.131486378512332,0.306,0.31,1,"PSMD1"
0.294309847802067,0.131484355414712,0.101,0.096,1,"DOK1"
0.00970829265364861,0.131452196376675,0.308,0.289,1,"SCFD1"
0.0314454161279261,-0.131432119898468,0.122,0.138,1,"RUNX2"
0.0146955358191368,0.131318300693277,0.301,0.288,1,"SKI"
0.0649478154178509,0.131281712113067,0.261,0.252,1,"AKAP8L"
0.119199584354972,0.131245251627508,0.116,0.106,1,"CASP1"
0.0755556909368777,0.131180458961024,0.177,0.166,1,"APPBP2"
0.501972709936766,0.131084975901842,0.107,0.105,1,"ZNF593"
0.00886364565150841,-0.131068707732576,0.207,0.232,1,"NDUFB1"
0.0322366643684614,-0.131042380230676,0.108,0.124,1,"ZNF581"
0.0161483620537366,0.130993156605424,0.293,0.276,1,"RMND5A"
0.462153358987086,0.130967731923318,0.173,0.172,1,"MRPS35"
0.195358588236249,0.130919248010559,0.226,0.222,1,"BFAR"
0.251014767001914,0.130879610035115,0.142,0.135,1,"PXK"
0.317353925000642,0.130779114851918,0.1,0.095,1,"RAD1"
0.000188179112966525,-0.130748932874871,0.579,0.624,1,"TENT5C"
0.327193103818812,0.130746593293968,0.119,0.115,1,"TBRG4"
0.168772559300583,0.130721989012456,0.136,0.128,1,"FLOT2"
0.00550372821393504,0.130717123100112,0.396,0.381,1,"DPP7"
0.226849809997561,0.130462874845815,0.186,0.181,1,"DHX29"
0.0117652245276642,-0.130312303328296,0.356,0.385,1,"RB1"
0.245730085081736,0.13030196072708,0.217,0.213,1,"ADPGK"
0.177371980322445,0.130280154466046,0.158,0.151,1,"ZDHHC3"
0.00358897922799964,-0.1302722422489,0.258,0.29,1,"RNF145"
0.269795007040145,0.130251992348883,0.185,0.181,1,"IQCB1"
0.000533426692891096,-0.130210562332804,0.38,0.423,1,"IDI1"
0.192017948020784,0.130036465694288,0.147,0.16,1,"ICOS"
0.317455265260597,0.129960945656575,0.158,0.155,1,"DCAF13"
0.735415232633425,0.129921746377123,0.112,0.112,1,"TMEM161B"
0.264011288884377,0.129903611516202,0.132,0.126,1,"TRIM13"
0.0377363011479447,0.129901024589378,0.217,0.204,1,"SMG7"
0.00143903021261549,0.129820725638668,0.489,0.481,1,"RAB27A"
0.090271288774088,0.129759180453065,0.239,0.228,1,"ERICH1"
0.214049116795387,0.12966331211155,0.287,0.286,1,"CCAR1"
0.0729666371487059,0.129654139219094,0.193,0.183,1,"PARL"
0.00498798017073812,-0.129616179878677,0.52,0.553,1,"GLCCI1"
0.00855428179789914,-0.129606908035795,0.195,0.22,1,"MBD2"
0.0410653066626945,-0.129598748168699,0.179,0.196,1,"NSMAF"
0.0103676369351275,0.12952749202539,0.434,0.424,1,"CGGBP1"
0.684543193975813,0.129525558178458,0.152,0.153,1,"NAA15"
0.16722885025317,0.129471620127703,0.149,0.142,1,"TTLL5"
0.0656179503536553,-0.129403528316836,0.166,0.183,1,"RAB4A"
0.0226757293452658,-0.129375514159241,0.142,0.16,1,"URM1"
0.194100456256455,0.129259543748301,0.23,0.224,1,"ODF2L"
0.01886351776857,-0.129255659002881,0.164,0.185,1,"ZDHHC7"
0.00652705695394932,-0.129195822891335,0.226,0.256,1,"NCK2"
6.04040149249341e-05,-0.129157835844977,0.362,0.411,1,"NFKB2"
0.116934049576253,0.129152298922838,0.3,0.298,1,"ZRANB2"
0.437378178682762,0.128926937836244,0.122,0.118,1,"CASP7"
0.339515899992013,0.128728820428198,0.205,0.202,1,"TMEM245"
0.0183839408261083,0.128727346305899,0.364,0.352,1,"PHF20L1"
0.297071364629707,0.128712632243529,0.187,0.184,1,"RMC1"
0.0362734419129949,-0.128699261820865,0.096,0.11,1,"RXRA"
0.147770131631718,0.128670248302643,0.271,0.268,1,"MPC2"
0.00897482845432012,0.128638482478558,0.327,0.313,1,"RNPEPL1"
0.419425004439413,0.128617481297642,0.109,0.106,1,"VAMP4"
0.0433968658136831,0.128547398834169,0.372,0.369,1,"SNRNP70"
0.142052687528688,0.128527832901769,0.251,0.248,1,"SNRPA1"
0.146969860837106,0.128363167635342,0.289,0.288,1,"SDHAF2"
0.0611173455180589,0.12834358766767,0.372,0.371,1,"HNRNPH1"
0.00305797708959504,0.128337818882566,0.394,0.378,1,"EIF6"
0.00502295518461186,-0.128330277376249,0.352,0.388,1,"GPSM3"
0.28549865002093,0.128257604853854,0.143,0.138,1,"DDX49"
0.247790821453641,0.128253785304339,0.143,0.137,1,"DUSP12"
0.272695027673655,0.128147528084509,0.207,0.204,1,"G6PD"
0.0368891575852514,0.128129087090459,0.328,0.32,1,"TBCB"
0.43319164131157,0.128073449633054,0.184,0.183,1,"FAM162A"
0.0484242686783966,0.128019022350975,0.214,0.202,1,"TMPO"
0.0418560305119989,-0.127999310715093,0.167,0.185,1,"CPB2-AS1"
0.00769971122868871,0.12798136578558,0.442,0.435,1,"ATP6V0B"
0.0385535241609399,0.127902665320819,0.305,0.293,1,"CCDC186"
0.178965073339583,0.127843455804206,0.122,0.114,1,"PPP1R12B"
0.11532234797439,0.127817742855019,0.263,0.259,1,"KRR1"
0.472587890938252,0.12780593560709,0.128,0.125,1,"GOLGA5"
0.0242726327906321,-0.127729328864265,0.201,0.223,1,"DCAF15"
0.0888173673218561,0.127705774870322,0.262,0.255,1,"CNPY3"
0.148287824042559,0.127679330777634,0.189,0.182,1,"DDX56"
0.0974287077353165,0.127642456331771,0.258,0.25,1,"LMAN1"
0.279949044100616,0.127571225412744,0.111,0.105,1,"SLC38A9"
0.309727789005833,0.127544536541567,0.191,0.187,1,"ADA"
0.516348716805901,0.127482945377021,0.116,0.114,1,"PEDS1"
0.118141952670199,0.127464512600273,0.187,0.178,1,"ZBP1"
0.154232844793413,0.127457993330798,0.186,0.179,1,"HAPSTR1"
0.0259058685260518,-0.127449483407296,0.093,0.107,1,"ZNF14"
0.468548376604065,0.127426984938325,0.128,0.125,1,"MRPL39"
0.355570465296658,0.127394180672456,0.11,0.105,1,"ESS2"
0.000607336705235791,0.127316374561283,0.455,0.441,1,"PPP2R1A"
0.0493849620704774,0.12731193375815,0.27,0.262,1,"PXN"
0.000552585125366685,0.127196515963349,0.578,0.569,1,"HMGN2"
0.323616011053849,0.127166739472466,0.182,0.178,1,"SGF29"
0.00501560487902369,-0.127141928886104,0.507,0.544,1,"JMJD6"
0.108590489690567,0.127091862310253,0.297,0.291,1,"ADD3"
0.00464070155142764,0.127063111061819,0.457,0.444,1,"ATF7IP"
0.190253284424524,0.127041736308452,0.235,0.23,1,"PREP"
0.157416385922298,0.126969236973971,0.184,0.178,1,"CCDC115"
0.114973423815125,0.126967915575463,0.233,0.226,1,"CISD2"
0.013509863257259,-0.126849625085917,0.216,0.242,1,"NXT1"
0.00080760052677487,0.126814436923538,0.525,0.515,1,"YY1"
0.888123331303635,0.126814094736498,0.147,0.15,1,"TMCC1"
0.0171474852778442,0.126779205108223,0.389,0.379,1,"ATP5PF"
0.00399100983474309,0.126744472300862,0.434,0.421,1,"ZMAT2"
0.268287371033724,0.126741862011252,0.158,0.153,1,"STT3A"
0.330806572382708,0.126662540836957,0.198,0.194,1,"NFATC2IP"
0.154014149390821,0.126649366734905,0.235,0.228,1,"CCDC174"
0.184190537352544,0.126641613328733,0.332,0.332,1,"GALNT11"
0.0401713334689603,-0.126419726115361,0.131,0.147,1,"GINM1"
0.00650540183748749,-0.12632932886982,0.142,0.164,1,"B3GLCT"
0.0756954038382849,0.126326219313091,0.309,0.302,1,"TLE3"
0.0664754150085384,0.126304273003695,0.195,0.184,1,"ILRUN"
0.000106736079124511,-0.126220846675165,0.655,0.699,1,"HCST"
0.0212271566158493,0.126196965609305,0.329,0.315,1,"TCP1"
0.0366960838835588,0.126071901163968,0.329,0.319,1,"SIVA1"
0.0148235867814654,-0.126054250681338,0.137,0.157,1,"SLC25A39"
0.258033549762766,0.12603390926309,0.114,0.109,1,"SCAP"
0.0219386852481913,0.125995925937461,0.49,0.479,1,"SNHG16"
0.332107574038383,0.125986467840814,0.129,0.125,1,"STX18"
0.312874283857247,0.125878025797418,0.225,0.223,1,"RBM23"
0.0511517790110352,0.125794824378112,0.3,0.293,1,"PSMD11"
0.0184675181606796,-0.125757629037435,0.135,0.154,1,"DHX40"
0.316547525245749,0.125750097433679,0.16,0.155,1,"ATF1"
0.0308830060259216,0.125732228817606,0.376,0.366,1,"RAP2B"
0.421050731209758,0.125669603317958,0.133,0.13,1,"DDX1"
0.448082226992073,0.125616607116683,0.109,0.106,1,"CCDC88B"
0.00351030230568639,0.125564988177967,0.687,0.694,1,"FUS"
0.00533277613001602,-0.125540885077895,0.161,0.187,1,"RNASET2"
0.0300378193397298,-0.125422340721512,0.191,0.211,1,"SYT11"
0.20907350223772,0.125365632039746,0.292,0.288,1,"SCML4"
0.0625359475233194,0.125227701325372,0.288,0.278,1,"ARCN1"
0.571929675483389,0.125212410575525,0.101,0.098,1,"GMPR2"
0.183941366140162,0.125190753259136,0.14,0.133,1,"DGCR6L"
0.0812684387014461,0.125108204227079,0.314,0.31,1,"PSIP1"
0.457238940595314,0.12509209037979,0.27,0.273,1,"RAB29"
0.221901743891896,0.1247453723692,0.293,0.293,1,"SAFB"
0.00346979723498043,-0.124673981549134,0.281,0.315,1,"TSPYL1"
0.520086706044862,0.124549221002987,0.173,0.172,1,"NHP2"
0.519029171694901,0.124515172709281,0.16,0.16,1,"CCAR2"
0.421525892028943,0.124508499243984,0.112,0.109,1,"SLC25A11"
7.12608145719299e-05,0.124450877183379,0.658,0.647,1,"ARPC1B"
0.00704373453934097,0.124142950168457,0.493,0.49,1,"CANX"
0.272208074567694,0.124110640558634,0.153,0.148,1,"COMMD5"
0.00904054187379057,-0.124104073933665,0.378,0.409,1,"MECP2"
0.262404997962479,0.124098023014688,0.222,0.218,1,"FERMT3"
0.178302604023984,0.124083309007935,0.116,0.109,1,"C18orf21"
0.0135611513885258,0.124036957386418,0.367,0.358,1,"CD46"
0.018377689558578,-0.124000888659902,0.466,0.495,1,"DDX3X"
0.372652936631666,0.123994076923466,0.172,0.17,1,"RNF113A"
0.175210758614721,0.12398108234162,0.189,0.181,1,"NUDT5"
0.00874962243213697,-0.123957026375697,0.793,0.808,1,"TSC22D3"
0.161262329070945,0.123899589485201,0.161,0.154,1,"SEC22A"
0.0901124805576725,-0.123849633099733,0.149,0.163,1,"FOXK2"
0.0469902643833405,0.123813005516964,0.462,0.464,1,"PACS1"
0.337360535191334,0.123803557119951,0.219,0.217,1,"RPAP2"
0.276945759099175,0.123792655840174,0.211,0.206,1,"SBDSP1"
0.422540558416861,0.123785059556758,0.13,0.127,1,"SMG5"
0.00140306997120181,0.123754605788074,0.53,0.522,1,"ARGLU1"
0.50135178686752,0.123753331311859,0.158,0.156,1,"IFT25"
0.00263254988126013,0.12368722404627,0.474,0.463,1,"WASF2"
0.00333918518537181,0.123638179832004,0.388,0.37,1,"SEC11A"
7.95430763883521e-05,-0.123585899868438,0.557,0.611,1,"EIF3E"
0.00477191097250198,0.123525039242805,0.521,0.518,1,"TECR"
0.0148149457012668,0.123522730340492,0.392,0.381,1,"RNF38"
0.000268362292593301,0.123506762271604,0.584,0.57,1,"HIGD2A"
0.000763251310451288,0.123487811165949,0.594,0.582,1,"CELF2"
0.124583455562594,0.123456059040118,0.205,0.197,1,"LSM5"
0.252176980833755,0.123426442033797,0.128,0.122,1,"TCOF1"
0.0394801239876667,-0.123388978275039,0.162,0.18,1,"ORAI2"
0.563816564785352,0.123290845903743,0.125,0.123,1,"RIOK2"
0.0188620914008914,0.12328105638786,0.376,0.368,1,"ZFR"
0.325264481415219,0.123265027949429,0.14,0.136,1,"NT5C"
0.399134799661091,0.123234966717497,0.114,0.11,1,"SLC16A7"
0.300089893711075,0.123206360808845,0.192,0.188,1,"PPT1"
0.0607868409635271,-0.123200864624848,0.122,0.136,1,"NUCB2"
0.188943808223822,0.123182732307676,0.214,0.208,1,"TRIM38"
0.437776544131532,0.123156291602336,0.175,0.174,1,"ACAA1"
0.0184509011436553,0.123106548773952,0.339,0.331,1,"GTF2A2"
0.0114060785691471,-0.123079009076565,0.165,0.187,1,"ATP2A2"
0.0229605083630749,-0.12293346342093,0.213,0.237,1,"DYNLL2"
0.0845181293841782,-0.122903135336298,0.099,0.11,1,"KHNYN"
0.458003380617972,0.12286797809606,0.147,0.145,1,"RIOK1"
0.279255575824134,0.122802869508372,0.137,0.131,1,"VPS41"
0.0840459759576845,0.122750466116864,0.375,0.372,1,"ANKRD17"
0.205153779079624,0.122699288812082,0.201,0.196,1,"CHTOP"
0.190633320681152,0.122639380936798,0.257,0.253,1,"INPP4A"
0.545497782005428,0.122628297424358,0.14,0.139,1,"TP53RK"
0.013135924758864,0.12262462337442,0.422,0.411,1,"KIF21A"
0.443155311957418,0.122592802836499,0.244,0.245,1,"R3HDM2"
0.171720307268183,0.122585434637513,0.168,0.159,1,"HPS1"
0.0500694472523135,0.122550166829146,0.25,0.238,1,"BCCIP"
0.137264456918974,0.122542324540154,0.242,0.236,1,"CDKAL1"
0.00473097107757103,0.122508481864585,0.363,0.346,1,"AKIRIN2"
0.295556315681272,0.122493234580468,0.162,0.158,1,"HEXA"
0.0593571202388343,0.122380447428807,0.304,0.292,1,"ANP32A"
0.249535083619945,0.12232831714779,0.144,0.138,1,"PPIP5K2"
0.854605552986736,0.122300698381725,0.125,0.126,1,"ECE1"
0.631564612423396,0.122247327251716,0.112,0.111,1,"C12orf29"
0.0266096233850611,0.122182810089401,0.414,0.408,1,"PRDX5"
0.342005576932703,0.122126374082686,0.141,0.137,1,"ZER1"
0.00205746745063666,0.122068239967017,0.412,0.39,1,"SCAMP2"
0.338521364822209,0.121968542141182,0.234,0.233,1,"EHMT1"
0.0106263969318712,0.121949704239087,0.46,0.457,1,"SMAP2"
0.288639043210363,0.121874517675827,0.166,0.162,1,"LAGE3"
0.333683839970739,0.121873251886032,0.2,0.198,1,"CYB5R4"
0.530769437385995,0.121831912345406,0.123,0.121,1,"ATG7"
0.396742159347001,0.121747877767028,0.124,0.12,1,"MRPS14"
0.499811083239586,0.121712010607028,0.118,0.114,1,"C1orf131"
0.189496515312702,0.121574462695794,0.174,0.167,1,"CHMP5"
0.0797436059623077,0.121557957792149,0.27,0.262,1,"PCMTD1"
0.165091056696279,0.121521319407134,0.176,0.169,1,"MTHFS"
0.0380337918158463,-0.121498784563939,0.176,0.194,1,"PSTPIP1"
0.346511658692017,0.121484639786795,0.105,0.101,1,"BET1"
0.340744743590779,0.121424880965325,0.178,0.174,1,"TM2D3"
0.258812488299371,0.121399556265147,0.238,0.237,1,"SCNM1"
0.000282334573243752,0.121351072279721,0.62,0.605,1,"CD58"
0.211661484457789,0.121299016196213,0.248,0.243,1,"NDUFS8"
0.722988619030718,0.121088594014932,0.104,0.103,1,"TYW3"
0.696299075756143,0.120907479567037,0.117,0.116,1,"GALNT7"
0.105303549467804,0.120846840650562,0.411,0.412,1,"MED15"
0.00583695678563374,-0.120827400015452,0.37,0.408,1,"ARL6IP4"
0.411133499222935,0.120824481894512,0.19,0.189,1,"ZNF431"
0.064437507053409,0.120782954244602,0.334,0.327,1,"RNF10"
0.0228365719612997,0.120769282979647,0.303,0.291,1,"SRI"
0.000139352478820734,0.120737467459274,0.594,0.581,1,"HMGN1"
0.476564863297174,0.120634775227005,0.14,0.137,1,"NDUFB5"
0.000402678470513095,0.120632393857205,0.534,0.519,1,"SRPRA"
0.00934916238287926,0.1206305143072,0.391,0.376,1,"NDUFB10"
0.000104033971786347,0.120502648558329,0.575,0.553,1,"PRKAR1A"
0.231174632100092,0.120422926917161,0.18,0.174,1,"CXXC1"
0.283390483004228,0.120403053532621,0.191,0.188,1,"MOB2"
0.952478088892062,0.120355000494632,0.099,0.101,1,"GALK2"
0.385356520870859,0.120311792653443,0.109,0.105,1,"SRF"
0.301192606104828,0.12019502606796,0.154,0.148,1,"GTF2H1"
0.519499059755233,0.120173623017449,0.246,0.247,1,"TMEM243"
0.0384452334277363,0.120151665929739,0.883,0.91,1,"ANXA1"
0.145852761146155,0.120132065327639,0.226,0.221,1,"GOLT1B"
0.0585715364729763,0.120078631592074,0.288,0.278,1,"UBE2M"
0.000127104101372818,0.120018288620642,0.616,0.599,1,"XRCC5"
0.385499957788099,0.119685626311798,0.127,0.123,1,"MAPKAPK5"
0.293569052672752,0.119672019652904,0.187,0.183,1,"ENSG00000284707"
0.231895837670713,0.119632874193671,0.282,0.28,1,"RAB8A"
0.11886880114958,0.119599851280637,0.349,0.35,1,"ZFAND6"
0.318215406509073,0.119571067200213,0.161,0.156,1,"CSPP1"
0.324047395794181,0.119557434033541,0.137,0.132,1,"PEPD"
0.27963856803869,0.119549669736317,0.165,0.16,1,"PFDN4"
0.102147172167235,0.119480637115112,0.312,0.308,1,"NDUFS7"
0.408425989741607,0.119394700124539,0.165,0.163,1,"MRPL44"
0.001066167264858,-0.119391735604261,0.733,0.758,1,"PITPNC1"
0.0572052054586915,0.119209659309285,0.269,0.258,1,"SOS1"
0.0657463311408334,-0.119156017883805,0.278,0.299,1,"CMSS1"
0.343933875139382,0.119116638388038,0.126,0.122,1,"HMGCR"
0.601132068171508,0.119113807416332,0.158,0.157,1,"UBE2G2"
0.00532643105049278,0.11908721551695,0.428,0.412,1,"PEBP1"
0.0122715848619038,-0.119031298050595,0.14,0.16,1,"MRPS16"
0.737433750646458,0.119000450362648,0.165,0.167,1,"DIS3"
0.080961921746657,-0.118962980799356,0.173,0.189,1,"NOTCH2"
0.388001653085809,0.118946698435777,0.131,0.127,1,"PLD3"
0.100547049181571,0.118926615257926,0.2,0.192,1,"WDR18"
0.210725150164829,0.118899063613802,0.176,0.17,1,"S100PBP"
0.00116009141749035,-0.118803451522543,0.347,0.385,1,"MYO9B"
0.0151634560477888,0.118802412562655,0.391,0.377,1,"ARIH2"
0.562893982498227,0.118617609078102,0.108,0.105,1,"SPOPL"
0.714857715361137,0.118598021894381,0.122,0.122,1,"SLC35D1"
0.0084068374804795,0.118594580137789,0.486,0.481,1,"RASAL3"
0.49789789264999,0.118591999011708,0.136,0.134,1,"ITFG2"
0.127400248392302,-0.118575941131648,0.092,0.102,1,"PMS1"
0.00111083098436421,0.118514684288755,0.405,0.388,1,"PSMD2"
0.0639455873404886,0.118497382708188,0.297,0.287,1,"SAMD9"
0.101167517613354,0.11844290847159,0.229,0.22,1,"CRLF3"
0.222275387826014,0.118348727290353,0.196,0.189,1,"VSIR"
0.000859992296381781,0.118250622185321,0.55,0.536,1,"TAP1"
0.0899968082422899,-0.118212905566844,0.138,0.152,1,"RPF1"
0.0013950321285395,0.118185237385671,0.54,0.525,1,"RBM38"
0.17535183840294,0.118062331027148,0.11,0.103,1,"APOBEC3D"
0.542394215438119,0.118058379184324,0.139,0.137,1,"ABL1"
0.00188313440437965,0.118051482873355,0.545,0.541,1,"RNPS1"
0.249200803114441,0.118032778084457,0.162,0.156,1,"STRN3"
0.37540850625294,0.11786036879667,0.186,0.181,1,"BCL2L11"
0.00482447510465936,0.117759001410653,0.493,0.483,1,"P4HB"
0.00813903632759323,0.117742499890921,0.458,0.454,1,"SRP9"
0.365078618006877,0.117712720013037,0.128,0.124,1,"STK25"
0.256438273411356,0.117585755984407,0.227,0.223,1,"EPB41L4A-AS1"
0.00370119218255226,0.117584992165558,0.468,0.454,1,"NASP"
0.00380128292570929,0.117498792699734,0.497,0.486,1,"MOB1A"
0.389099077518852,0.117491691190917,0.151,0.148,1,"ENSG00000266049"
0.533637520511916,0.11743864608033,0.155,0.154,1,"TNRC18"
0.00114963075115581,-0.117392075710667,0.26,0.297,1,"SAR1A"
0.223118292264722,0.117378915683566,0.173,0.166,1,"DIMT1"
0.0809433238022934,-0.117349995281534,0.1,0.112,1,"PRKCH-AS1"
0.0347817192907486,-0.117318849907909,0.098,0.113,1,"USF2"
0.316679161226432,0.117269353817153,0.191,0.187,1,"EXOSC3"
0.197472611019749,0.117267125965362,0.271,0.265,1,"MMADHC"
0.415596793534611,0.117263708898456,0.137,0.134,1,"TMEM199"
0.657280363519235,0.11720291316778,0.151,0.151,1,"GTPBP6"
0.0525203862419203,0.117173546414593,0.264,0.254,1,"NUDT3"
0.00326998698093131,-0.117135965280668,0.353,0.387,1,"SELENOS"
0.216876670434577,0.117124346123548,0.168,0.161,1,"RASSF1"
0.173336687814242,0.117105503628061,0.238,0.232,1,"USP4"
0.000453713785483597,0.116882688832049,0.609,0.595,1,"COX8A"
0.00809311200276513,0.116868207915317,0.372,0.356,1,"TWF2"
0.459256192189051,0.116848871678864,0.148,0.145,1,"CLCN3"
0.0668509714141943,0.116844184412728,0.303,0.293,1,"ZC3H13"
0.134746841982469,0.116841119891168,0.174,0.164,1,"FAM174C"
0.00246382698759879,0.116768450373955,0.534,0.522,1,"IKZF1"
0.0171292888621338,-0.116740726859386,0.264,0.291,1,"KCNA3"
0.325976299478533,0.116739664850959,0.268,0.266,1,"RRBP1"
0.320155576375405,0.116720224616422,0.132,0.127,1,"CTSA"
0.737720939637545,0.116693618257237,0.143,0.145,1,"MFSD14CP"
0.221848103513132,0.116689499349786,0.181,0.174,1,"TDP2"
0.000600751625643015,0.116665738615097,0.477,0.465,1,"PAPOLA"
0.197534180715926,0.116584031869857,0.255,0.249,1,"HERC4"
0.000734501275655885,0.116559106737551,0.673,0.67,1,"TCF25"
0.000119269945033976,0.116527846892972,0.703,0.696,1,"RBM8A"
0.0590858178927373,0.116440451634418,0.35,0.344,1,"SEPTIN1"
0.430223784247116,0.116317443240193,0.12,0.117,1,"TRIAP1"
0.663212849405364,0.11630624537742,0.144,0.145,1,"ATP2C1"
0.696448182927696,0.116228284902384,0.126,0.125,1,"TASP1"
0.0504334207330929,0.116134219799553,0.35,0.34,1,"PPP1CC"
0.00382881387506559,0.116087641928226,0.412,0.398,1,"PSMD7"
0.0331408563628407,0.116031645342995,0.394,0.386,1,"NDUFA2"
0.158422574811736,0.11601663998145,0.279,0.276,1,"PLEKHO1"
0.000546274598228144,0.115841933062776,0.62,0.618,1,"PSMB1"
0.133741983598166,0.115824644980858,0.308,0.303,1,"CNTRL"
0.360621598884254,0.115821483242979,0.103,0.098,1,"MIR29B2CHG"
0.470604354896222,0.115773577593145,0.182,0.181,1,"SLC25A4"
0.050308712152826,0.11573139596473,0.271,0.26,1,"XAB2"
0.609345777268393,0.115716395880866,0.107,0.105,1,"NT5DC1"
0.130492765181489,0.11570912329296,0.376,0.378,1,"GADD45GIP1"
0.0376136090911645,-0.115687774205435,0.189,0.21,1,"KMT2D"
0.00907567283893479,0.115665635117974,0.479,0.476,1,"CD164"
0.00112896153260156,-0.115659895752252,0.433,0.479,1,"FYB1"
0.0679462159805612,0.115585795757954,0.332,0.324,1,"SP110"
0.832815932571369,0.115504039692714,0.109,0.109,1,"TRIM59"
0.160397498612719,0.115480924287378,0.182,0.175,1,"PPP1R21"
0.0244979155133914,0.115478763313669,0.323,0.313,1,"PITHD1"
0.000291061148583534,0.115374570041632,0.572,0.555,1,"EWSR1"
0.249050593044667,0.115294504900694,0.137,0.131,1,"PSMA3-AS1"
0.00456316341707269,0.115227983389897,0.466,0.451,1,"NAP1L4"
0.246940955826926,0.115152826669836,0.225,0.221,1,"MYD88"
0.504594912015775,0.115125725550259,0.12,0.117,1,"HS2ST1"
0.00315416865309132,-0.115069199617184,0.165,0.192,1,"CASK"
0.00479390135925884,-0.115012381527712,0.378,0.414,1,"SPAG9"
0.0508625446246974,0.114956612754611,0.374,0.367,1,"XRN2"
0.0181341184609129,0.114952916184064,0.512,0.512,1,"SH3GLB1"
0.0106948956146583,0.114847468806727,0.405,0.388,1,"ARHGEF3"
0.000136940641144827,0.114803339390193,0.633,0.612,1,"SMCHD1"
0.566975827664756,0.114728277625983,0.142,0.138,1,"DLEU1"
0.00457499118449591,-0.114718212812296,0.267,0.3,1,"METAP2"
0.00742034345494034,0.11470890213846,0.466,0.448,1,"DHX36"
0.548344349138385,0.114637766769528,0.161,0.161,1,"ELK4"
0.00165613896390745,0.114412855365532,0.475,0.453,1,"TNIK"
0.578734268164384,0.114350081746962,0.118,0.117,1,"CSNK1E"
0.0552309424741142,-0.114314005906492,0.091,0.103,1,"TULP3"
0.00185211475857282,-0.114294291489405,0.449,0.485,1,"KDM2A"
0.0543690058098334,0.114290538112169,0.315,0.306,1,"LMBRD1"
0.251279907338736,0.114266777951363,0.212,0.207,1,"PEF1"
0.120710377990778,-0.114201008022092,0.103,0.114,1,"NEK9"
0.01030941851222,0.114192354604696,0.495,0.484,1,"ARRB2"
0.0353208433566374,0.114185379318705,0.345,0.334,1,"NR1H2"
0.000403303005862212,-0.114148908972262,0.295,0.337,1,"TAF7"
0.0443986969035212,0.114141751353923,0.34,0.331,1,"DOCK10"
0.377563853444396,0.114139344078032,0.187,0.183,1,"STARD3NL"
0.0871158805858151,0.114121804007981,0.258,0.251,1,"SIRT7"
0.0325681141899331,-0.114113963989732,0.368,0.395,1,"MIDN"
0.0857089016817547,0.114109013916437,0.419,0.419,1,"VPS4B"
0.00194599565152409,-0.113972025115618,0.475,0.515,1,"ARHGAP15"
0.00255610239713995,0.113880652468314,0.557,0.545,1,"DDX17"
0.0289498353069501,0.113814285431331,0.32,0.311,1,"IRF9"
0.259731588930742,0.113782363877967,0.221,0.217,1,"EMSY"
0.486677661595741,0.113722462166079,0.158,0.156,1,"POLR2H"
0.0104329789500341,0.113697477472071,0.394,0.381,1,"CCNY"
0.046173779053749,-0.113623192041893,0.241,0.261,1,"NAMPT"
0.020345114767922,-0.113594215491079,0.222,0.246,1,"MTFP1"
0.159086256444598,0.113559178485272,0.234,0.227,1,"ACD"
0.119781943577696,0.113557408493308,0.208,0.199,1,"COPZ1"
0.00033332693232503,0.113520062731429,0.664,0.651,1,"C1orf21"
0.63451190920175,0.113487706100687,0.127,0.126,1,"ABHD5"
0.261332686523307,0.113446335042215,0.124,0.118,1,"TMEM115"
0.261702224777187,0.113400358500509,0.117,0.111,1,"ENPP4"
0.0101964482317102,-0.11339550300578,0.181,0.205,1,"SNRPA"
0.0200114910789736,0.11320468072967,0.389,0.381,1,"PSMB4"
0.000988525346277925,0.113185673080109,0.572,0.568,1,"RASA3"
0.000224468020640041,0.113072240848462,0.822,0.827,1,"MSN"
0.122953531786272,0.112928394527753,0.294,0.29,1,"MRFAP1L1"
0.00899930106505685,-0.112863473649525,0.144,0.167,1,"NAA38"
0.487673284498069,0.112778315264976,0.131,0.128,1,"CLEC16A"
0.0394106009857972,-0.112776043151245,0.087,0.1,1,"PTPN23"
0.0025342302571517,-0.112771417133108,0.427,0.466,1,"RIPOR2"
0.0243421802373461,0.112723024769703,0.394,0.385,1,"SENP6"
0.0101862082086006,0.112710044332108,0.4,0.39,1,"TMEM259"
0.0046395763399403,-0.112578330455596,0.514,0.548,1,"ZSWIM6"
0.316369790955621,0.112567042970638,0.121,0.116,1,"TRIM23"
0.338807379993449,0.112528706943051,0.18,0.177,1,"PAPOLG"
0.303800046643237,0.112511760464037,0.176,0.172,1,"STARD3"
0.0405871144391025,-0.112475606318958,0.102,0.116,1,"TRDMT1"
0.0467011041744103,0.11242043574825,0.485,0.484,1,"PPP1R2"
0.281555770028531,0.112400815384696,0.182,0.177,1,"ZCCHC2"
0.395497243740899,0.112320746783141,0.169,0.167,1,"NKAP"
0.0952833848197697,0.112315697673657,0.259,0.251,1,"KDM3A"
0.219026680878675,0.112295960798044,0.184,0.177,1,"MAEA"
0.425470066819186,0.11227627192436,0.115,0.111,1,"PARP10"
0.0923080239745281,0.112136893456039,0.37,0.365,1,"CCDC88C"
0.579082999121023,0.112117809237133,0.146,0.145,1,"PRKAG2"
0.0610604911154253,0.112062699055254,0.365,0.363,1,"AP2S1"
0.456110889502234,0.112055840439484,0.177,0.175,1,"WDR44"
0.0121312747455495,0.111988683125155,0.477,0.471,1,"ARF5"
0.0172314784422221,0.111898509436568,0.45,0.449,1,"SRSF4"
0.216226056249665,0.111869070201305,0.169,0.162,1,"SMG6"
0.000553706271892736,0.11186548940536,0.515,0.501,1,"TRAPPC10"
0.0983787817852901,0.111865174761182,0.279,0.273,1,"GSK3B"
0.386106680617552,0.111833945920959,0.24,0.241,1,"CMTM7"
0.176727914881509,0.111777043923194,0.152,0.144,1,"KRCC1"
0.211658204583035,0.111763851334058,0.286,0.285,1,"VKORC1"
0.129684382759926,0.111689597013932,0.282,0.276,1,"MED13"
0.543155180995719,0.111665852693118,0.139,0.138,1,"TAF2"
0.000455784585991434,-0.111602117398965,0.335,0.38,1,"SKAP1"
0.0291974452692968,-0.111555341059444,0.117,0.134,1,"ORMDL3"
0.009056435660115,0.111545579694998,0.552,0.548,1,"IQGAP2"
0.622944443264692,0.111388841953622,0.122,0.119,1,"POLR3C"
0.00106149433086062,-0.111282216931533,0.329,0.367,1,"TAB2"
0.0600341446942719,-0.111249969433208,0.16,0.176,1,"SUPT3H"
0.049007808331913,-0.111148404658231,0.206,0.227,1,"DNAJB9"
0.464046542724256,0.111092786868096,0.16,0.157,1,"PLRG1"
0.000117974713714413,0.111083744168256,0.656,0.648,1,"XRCC6"
0.0062810236333117,-0.111003101213955,0.17,0.197,1,"UBAP2"
0.116468781125996,0.110912591298579,0.249,0.242,1,"VTA1"
0.0067455416522048,0.110859157166063,0.478,0.462,1,"NOP58"
0.263484990854659,0.110760934549614,0.121,0.115,1,"IMPA1"
0.086811234107014,0.110705439642691,0.416,0.411,1,"MKNK2"
0.525344297371979,0.110602263280278,0.199,0.199,1,"STRIP1"
0.171505446379426,0.110489511856184,0.298,0.295,1,"ATM"
0.436865245523507,0.11046245405464,0.17,0.168,1,"UBAP2L"
0.000182414828141169,0.110414046698247,0.67,0.659,1,"SF1"
0.199300019705885,0.110318520568615,0.19,0.184,1,"IDH3G"
0.210758363306912,0.110309759276853,0.256,0.254,1,"MRPS15"
0.685410199741225,0.110288764426306,0.111,0.109,1,"ZNF236"
0.302819164847019,0.110215537906813,0.238,0.236,1,"DNAJC15"
0.94621842028721,0.110208231427352,0.145,0.147,1,"TRAPPC8"
0.520143412249933,0.110150732253999,0.145,0.143,1,"CDK5RAP1"
0.275668349097494,0.110149409104719,0.165,0.16,1,"ABHD16A"
0.269511027767364,0.110127177819344,0.209,0.207,1,"DMTF1"
0.664496286767873,0.110125107136001,0.113,0.113,1,"EIF5A2"
0.00302890317982915,-0.110121287411424,0.459,0.5,1,"CYCS"
0.519397659356914,0.110110542676378,0.127,0.125,1,"ASB6"
0.0484969596182958,0.110099241860917,0.376,0.367,1,"GPRIN3"
0.491677400505146,0.110074848021041,0.26,0.263,1,"TINF2"
0.249536834244121,0.110003694983512,0.182,0.177,1,"SNRNP27"
0.000843828297343486,-0.109985100864204,0.313,0.352,1,"ANXA6"
0.382022836422614,0.109870433778915,0.201,0.2,1,"FAM120AOS"
0.0150897787171831,-0.109773421641649,0.158,0.18,1,"SLC39A8"
0.148348669209525,0.109761405955014,0.358,0.359,1,"MAT2A"
0.84069763522327,0.109756480004678,0.138,0.14,1,"RAD54L2"
0.267973749943005,0.109715929921711,0.248,0.244,1,"CAPN7"
0.0321863651242799,-0.109576219754015,0.254,0.276,1,"SHKBP1"
0.0668299717764809,-0.109563242602543,0.102,0.115,1,"POLB"
0.196284595951792,0.109430162902227,0.34,0.342,1,"ZNF217"
0.381361115195449,0.109395913088817,0.243,0.243,1,"NENF"
0.287101217688458,0.109284430471517,0.269,0.267,1,"STXBP3"
0.244114269911284,0.109281832371975,0.17,0.164,1,"THOC7"
0.000100486148228,0.109271855154638,0.656,0.642,1,"COX7A2"
0.0747853047916118,0.109260657088597,0.335,0.328,1,"TNFRSF14"
0.48835823188059,0.109252411021928,0.174,0.172,1,"ETHE1"
0.136193181421534,-0.109241475523171,0.273,0.287,1,"PRDM1"
0.00876138163116542,0.109240436084048,0.397,0.386,1,"ANXA7"
0.0221552280286773,-0.109232506621518,0.165,0.186,1,"SPG7"
0.198547946795461,0.10920389979652,0.199,0.193,1,"ZNRD2"
0.278094545743074,0.109116428030578,0.216,0.211,1,"DHX30"
0.0420572366030591,0.109035052139108,0.998,0.998,1,"FTH1"
0.0219307343924382,0.109027006330557,0.34,0.327,1,"PQBP1"
0.110102601013264,0.108899403907721,0.204,0.195,1,"EIF2AK1"
0.185268018805149,0.108867052307413,0.198,0.191,1,"PPP1R7"
0.68870305307615,0.108861028866232,0.107,0.106,1,"INTS12"
0.257714967158484,0.108774554875465,0.201,0.197,1,"TWF1"
0.248155696053037,0.108649419664829,0.164,0.159,1,"TAF1"
0.400975583564785,0.108618989822674,0.209,0.206,1,"ZNF326"
0.613537287233109,0.108560949064839,0.146,0.145,1,"HMGXB3"
0.0105097716136297,0.108439757884123,0.507,0.504,1,"ITGB2"
0.523511040365083,0.108403434245784,0.139,0.138,1,"CRTC3"
0.409073390222307,0.108387879315051,0.137,0.132,1,"LDLRAD4"
0.00795492291999859,-0.108361690283687,0.348,0.381,1,"DYRK1A"
0.0181634533488889,-0.1082896969616,0.099,0.115,1,"NELL2"
0.223046018466365,0.108269483958591,0.281,0.281,1,"BUD23"
0.112759377849916,-0.108259900747847,0.285,0.302,1,"MIR4435-2HG"
0.0424276929806059,-0.108230534905071,0.113,0.129,1,"SELENOM"
0.00191600820445952,0.108184591753021,0.522,0.516,1,"NDUFB8"
0.0600660417343683,0.108163233359225,0.293,0.285,1,"IMPDH2"
0.00893352007506295,0.108124158262321,0.376,0.363,1,"MRPL20"
0.00072270974951178,0.108093294825025,0.687,0.68,1,"PTPN22"
0.0619498348270588,0.108060576722614,0.248,0.237,1,"RPL7L1"
0.0840542421060328,-0.108049192698413,0.116,0.129,1,"RABEP2"
0.133157697742689,0.107904525222455,0.229,0.221,1,"CHMP2A"
0.187428170915144,0.107876669842901,0.184,0.177,1,"TET2"
0.142500254657166,0.107826961189482,0.18,0.171,1,"SYS1"
0.00572495165389784,-0.107693300496633,0.685,0.706,1,"H4C3"
0.00429933432813623,-0.107659229508188,0.195,0.222,1,"LSM4"
0.351266260175594,0.10765458155356,0.204,0.201,1,"SMC1A"
0.335534072514458,0.107649881574148,0.273,0.273,1,"AKAP17A"
0.210486458862434,0.107518833636649,0.183,0.176,1,"GDE1"
0.0656130028569404,-0.107512505855461,0.763,0.765,1,"SQSTM1"
0.55369290695779,0.107510431602286,0.126,0.124,1,"STAM"
0.00172457480760723,0.107484746011544,0.528,0.51,1,"TMOD3"
0.283886123339213,0.107415956540777,0.243,0.241,1,"PHB1"
0.280027655300398,0.107385905507073,0.365,0.37,1,"STK24"
0.345735218272619,0.107378666219843,0.137,0.132,1,"DNAJB2"
0.00132294452305456,-0.107360699933603,0.417,0.457,1,"PPP3CC"
0.217333370234608,0.107323124522473,0.193,0.187,1,"SINHCAF"
0.546039995298817,0.107316627195825,0.101,0.098,1,"XPO5"
0.10218009139656,0.107309100937178,0.286,0.281,1,"ALKBH5"
0.521707322952003,0.107283666136027,0.119,0.116,1,"RAVER1"
0.210603275308896,-0.107266095501792,0.154,0.164,1,"MCU"
0.0495388775244167,0.10721707211123,0.28,0.268,1,"ZDHHC20"
0.0144148940830027,0.107214256176113,0.616,0.623,1,"ISCU"
0.301642159512672,0.107189301165201,0.194,0.19,1,"PPM1A"
0.0234160455484942,-0.107156767960955,0.416,0.45,1,"PNP"
0.0573917770824571,0.107012885576339,0.297,0.286,1,"POLR2B"
0.248406364560505,0.106991566367093,0.322,0.322,1,"RSBN1L"
0.992674115990624,0.106821609529087,0.144,0.147,1,"MRPS18B"
0.155786421068525,0.106729249904004,0.207,0.2,1,"ENSG00000291136"
0.018408807712085,-0.106676148970722,0.149,0.168,1,"TNFSF10"
0.00786756448852019,-0.106645502082506,0.368,0.4,1,"C17orf49"
0.283405494607164,0.106637867222639,0.14,0.134,1,"PHRF1"
0.16842979648575,0.106623532809791,0.187,0.18,1,"DNAAF2"
0.546360734297605,0.106603370284342,0.129,0.127,1,"KDM1A"
0.45762557812756,0.106343163748954,0.143,0.141,1,"CREB3"
0.229274931191623,0.106309516906187,0.182,0.175,1,"MED17"
0.841773029290897,0.10625400777107,0.102,0.103,1,"KIAA1586"
0.139512598531243,0.106143461759207,0.179,0.17,1,"BRD9"
0.00122043315476537,0.106108082727358,0.605,0.6,1,"ANKRD44"
0.664284275979769,0.106099154597389,0.109,0.108,1,"RBM15"
0.0493566660181857,-0.106036892617374,0.334,0.361,1,"PTPRE"
0.39380551911777,0.106017586029537,0.114,0.11,1,"FUT8"
0.00201341161626701,0.105977730852803,0.606,0.599,1,"OPTN"
0.00367348467652629,0.105959979281429,0.512,0.511,1,"RAB5C"
0.181592713029595,-0.105956111213705,0.155,0.167,1,"ZNF831"
0.335914956739258,0.105951380775642,0.155,0.151,1,"RCSD1"
0.420842149546355,0.105908985173153,0.231,0.23,1,"THAP11"
0.0344649343650468,0.105878586453534,0.338,0.327,1,"BNIP3L"
0.058768802511003,0.10584947701138,0.378,0.375,1,"VAMP8"
0.00558056051181185,-0.105729685717916,0.268,0.301,1,"FIS1"
0.122260103716077,-0.105655062012769,0.111,0.122,1,"ZBTB21"
0.00239849269221992,0.105642284431663,0.594,0.583,1,"DIAPH1"
0.341998048492464,0.105639416021985,0.158,0.154,1,"TYW1"
0.0740505772963364,-0.105628471311531,0.151,0.166,1,"RBM7"
0.792463310783378,0.105561039652428,0.109,0.109,1,"ATP6V1C1"
0.0450538974711191,-0.105522555976922,0.175,0.195,1,"SLC16A1"
0.0633121214036939,-0.105466181366083,0.299,0.321,1,"RFX3"
0.0123455310559009,-0.105439372370676,0.252,0.281,1,"ALG13"
0.00115302034664801,0.105385944734103,0.635,0.629,1,"CFLAR"
0.109049094702384,0.105382363634554,0.213,0.202,1,"RASSF3"
0.00195199682493907,-0.105381630040172,0.322,0.362,1,"COX14"
0.401195044320389,0.105378972032871,0.206,0.204,1,"GAB3"
0.457150750894634,0.105315001504502,0.104,0.1,1,"HCFC1"
0.880847421359935,0.10529051417822,0.127,0.128,1,"GOLGA3"
0.483958726251882,0.105182562345041,0.16,0.157,1,"ACSS1"
0.0417180288316998,0.105127910385903,0.444,0.447,1,"PSMC4"
0.809247468007455,0.105086753082938,0.111,0.112,1,"SLC30A1"
0.0920128791779085,0.105085561787321,0.278,0.272,1,"RRP7A"
0.0665823009385825,0.105050540070089,0.37,0.366,1,"TOMM5"
0.247042963341648,0.105046436700057,0.254,0.251,1,"NGLY1"
0.257252740795257,-0.10503799486038,0.229,0.241,1,"KLHL20"
0.184715712464573,0.10497277967471,0.22,0.215,1,"AP1G1"
0.125451038356316,0.104967221347437,0.216,0.207,1,"PEA15"
0.125130432887937,0.104954637077901,0.457,0.459,1,"SRRT"
0.434399291520105,0.104932676504282,0.139,0.134,1,"RARS1"
0.0655205895131111,0.10493021794647,0.315,0.307,1,"YTHDF2"
0.291594225628196,0.104894705908514,0.143,0.137,1,"ANKRD49"
0.022868997811235,-0.104884022991709,0.124,0.142,1,"GGA1"
0.00172779665121083,0.104867855801983,0.701,0.696,1,"RABGAP1L"
0.164008478220769,0.104848387073346,0.234,0.229,1,"DNAJC5"
0.176717007644869,-0.104818413584692,0.099,0.109,1,"FEM1C"
0.0060720628302821,0.10477741854723,0.485,0.477,1,"ILF2"
0.0313255118421615,-0.104741483010998,0.158,0.175,1,"PTPN12"
0.0581676868085696,0.104727186010399,0.296,0.288,1,"DUSP11"
0.436984873934335,0.104698954177761,0.185,0.183,1,"PCSK7"
0.0548008201815721,0.104670412399945,0.446,0.443,1,"CCT4"
0.975258247913942,0.104546136870681,0.113,0.116,1,"POFUT2"
0.00851708149708485,-0.104456736964207,0.208,0.234,1,"ARL5A"
0.00739409994094335,0.104434482191405,0.443,0.432,1,"SF3B4"
0.072629476624621,0.104422899135984,0.341,0.333,1,"PSMG2"
0.200832288906832,0.104394156771738,0.105,0.098,1,"MCTS1"
0.93375899098356,0.104383019514959,0.102,0.103,1,"TIMM29"
0.00668769193836096,0.104368842604891,0.427,0.415,1,"MEAF6"
0.0596724744868187,-0.104306506954099,0.161,0.178,1,"ENSG00000290192"
0.112397060891044,0.104298596081342,0.332,0.329,1,"RBM42"
0.418963445802632,0.104265438161557,0.169,0.165,1,"UBE4B"
0.432075970713391,0.104224426490717,0.18,0.178,1,"ABCF3"
0.11922028227246,-0.1042068499839,0.11,0.121,1,"FN3KRP"
0.0245152983619582,-0.104189682080697,0.299,0.331,1,"SIGIRR"
0.272386109224623,0.104150117556658,0.204,0.2,1,"IDH3B"
0.194958005072919,0.104124791732281,0.4,0.397,1,"DLEU2"
0.543035789250616,0.104095349872904,0.171,0.17,1,"HPRT1"
0.099150769127635,0.104035935892844,0.278,0.27,1,"RABIF"
0.00629779243761358,-0.104035257172825,0.237,0.267,1,"UPF2"
0.700706760984714,0.103981283706398,0.108,0.107,1,"HIF1AN"
0.455598215813114,0.103972034853871,0.137,0.134,1,"PEX13"
0.0470054362708821,0.103957278537424,0.277,0.267,1,"SLC10A3"
0.067499895040921,0.103928337730851,0.525,0.539,1,"NDUFB2"
0.117348180665828,-0.103917198190825,0.146,0.158,1,"TAF1B"
0.214594832799899,0.103881754109647,0.266,0.262,1,"GATAD2A"
0.459652928683425,0.103792763742586,0.109,0.106,1,"ANKRD52"
0.0181825829214587,0.103773965300931,0.471,0.462,1,"BPTF"
0.052760334235334,0.103769743340264,0.378,0.373,1,"ADAM8"
0.00135938342223642,0.103766326059104,0.561,0.556,1,"THRAP3"
0.0759558606104955,0.103755910993681,0.217,0.207,1,"PRPS1"
0.00114599705391208,-0.103748022482456,0.388,0.432,1,"CMC2"
0.0135585088979873,0.103747348723372,0.408,0.398,1,"TMED9"
0.657343338098823,0.10373554007713,0.12,0.12,1,"TXNDC11"
0.0308698517541415,-0.103658854370893,0.15,0.17,1,"MAML1"
0.564037284946919,0.103646833064525,0.145,0.144,1,"ADSL"
0.0162740077170037,0.103592997713242,0.468,0.456,1,"TPR"
0.0108337091792324,0.103566211568709,0.549,0.544,1,"REEP5"
0.370798356471906,0.103512445829114,0.119,0.114,1,"TMEM134"
0.275586728672085,0.103480700239338,0.332,0.334,1,"CMTM6"
0.936534485398601,0.103467562074162,0.149,0.154,1,"ESD"
0.22236510241075,0.103465472813374,0.258,0.253,1,"STOM"
0.0162446455617437,0.103436208800138,0.429,0.421,1,"PTBP1"
0.532818353577738,0.103425985205093,0.105,0.103,1,"METAP1"
0.177274992730886,0.103381948088824,0.272,0.27,1,"PRMT1"
0.0150989979793772,0.103327929809798,0.389,0.375,1,"FBXW7"
0.0891743892407115,-0.103299138341669,0.249,0.269,1,"JMY"
0.158276261064152,0.103147631554129,0.253,0.247,1,"TIMM17A"
0.0286192340908302,0.103128212964559,0.398,0.391,1,"SARNP"
0.110982181632793,-0.103005866692333,0.263,0.282,1,"ZMYM2"
0.00578980243454239,-0.102969892788252,0.282,0.314,1,"CDKN1A"
0.00245259551520855,0.102965162955436,0.525,0.505,1,"CEMIP2"
0.00015925581257906,0.102960723318953,0.791,0.785,1,"HNRNPK"
0.0631452376279021,-0.10284407049471,0.145,0.16,1,"BTD"
0.453569098758151,0.102835657265697,0.293,0.294,1,"SUGT1"
0.328090290472541,0.102752104003897,0.296,0.297,1,"PSPC1"
0.182467682853777,0.102741633875705,0.143,0.136,1,"HPCAL1"
0.368995658707143,0.102709809406606,0.112,0.108,1,"NUP93"
0.335316818803083,0.102640996302209,0.249,0.248,1,"COPS3"
0.0369158661675128,-0.102628259617472,0.126,0.143,1,"BAD"
0.545942609046184,0.102616908899404,0.12,0.117,1,"GUSB"
0.996740728029646,0.102588286472213,0.12,0.122,1,"CHMP7"
0.26380390845885,0.102577680073274,0.169,0.164,1,"EXOG"
0.171141882514243,0.102499749485314,0.252,0.247,1,"CEP57"
0.519010719028264,0.102493125261588,0.171,0.17,1,"CLIP1"
0.00636972204731595,0.102431009198343,0.497,0.494,1,"MTPN"
0.96303950296095,0.102426241678318,0.138,0.141,1,"MRPS25"
0.519343092309274,0.102353762223377,0.137,0.134,1,"CUEDC2"
0.402307039583761,0.102350752737883,0.225,0.223,1,"PIH1D1"
0.0255465213075898,0.102270862977299,0.342,0.326,1,"PSMD4"
0.0606889507698129,-0.102243859987009,0.166,0.181,1,"ARHGAP31"
0.121074925100035,0.10224204248976,0.342,0.339,1,"SMURF2"
0.271055917531487,0.102182544338338,0.318,0.32,1,"RALBP1"
0.535687741189544,0.10216490497376,0.174,0.172,1,"RAB5B"
0.0640136535180707,0.102155182041267,0.434,0.434,1,"RSL1D1"
0.586575335056631,0.102082222057038,0.112,0.111,1,"STX6"
0.963305892214894,0.102001423926159,0.284,0.29,1,"INSIG1"
0.299315870696379,0.101923975479724,0.2,0.196,1,"MARK2"
0.0444594731449159,-0.101911615151085,0.124,0.14,1,"ENSG00000261573"
0.562337283999732,0.101865081091521,0.173,0.172,1,"TMEM263"
0.0171704854072054,-0.101716931336603,0.253,0.282,1,"POM121"
0.440212133886559,0.101705130460377,0.169,0.166,1,"HEBP2"
0.548479578640779,0.101684644615709,0.138,0.136,1,"BTRC"
0.388909520346924,0.101679826772807,0.13,0.126,1,"UCKL1"
0.556552942331652,0.101594946204933,0.152,0.151,1,"UTP23"
0.375479802822683,0.101585887398012,0.23,0.23,1,"FBXL20"
0.0899303767112278,-0.101539968829893,0.139,0.153,1,"MAP4K1"
0.198521620277371,0.101528858926265,0.229,0.222,1,"PHYKPL"
0.0196895803423311,-0.101475369822204,0.508,0.542,1,"FOXP1"
0.96453029853231,0.10140689589236,0.435,0.452,1,"CNN2"
0.332313271233116,0.101405086841061,0.161,0.157,1,"IFT52"
0.161553909140999,0.101377519928019,0.316,0.314,1,"GON4L"
0.0126253392212189,-0.101355312567645,0.149,0.17,1,"DIAPH2"
0.458779009931061,0.101308049090935,0.148,0.144,1,"TMEM126B"
0.178082014732932,0.101207180271233,0.258,0.252,1,"MRPL43"
0.0539554914659408,0.101178508822785,0.37,0.359,1,"IGF2R"
0.106804115548866,-0.101165872813993,0.139,0.153,1,"USPL1"
0.527040716534724,0.101142239676384,0.121,0.119,1,"INTS7"
0.115562360384324,-0.10113492459449,0.163,0.178,1,"GABPB1"
0.0463587099619449,0.101104542373709,0.365,0.358,1,"SYTL2"
0.544918899526092,0.101069261793127,0.257,0.259,1,"FTX"
0.434714503755339,0.101038706413476,0.177,0.174,1,"MBD1"
0.060757360348238,0.100978992237651,0.332,0.325,1,"F2R"
0.175148848006967,0.100974072753939,0.373,0.376,1,"UBE2R2"
0.308905633498429,0.100913031928944,0.157,0.151,1,"DDX52"
0.00108207945042444,0.100898285475482,0.656,0.648,1,"RBM3"
0.00558064150429878,0.100842521379837,0.53,0.522,1,"HNRNPM"
0.606497968791493,0.100819128210104,0.165,0.164,1,"ARL6IP6"
0.121005073318131,-0.100763345834496,0.117,0.129,1,"HSPA2-AS1"
0.431179794917723,0.100730389631527,0.195,0.192,1,"IREB2"
0.539633905405105,0.100662491169012,0.107,0.104,1,"RXRB"
0.135187020438762,0.100650115286177,0.301,0.295,1,"PSMB7"
0.948979105740114,0.100637405961686,0.198,0.202,1,"HMGN3"
0.792642552079399,0.100590824694055,0.122,0.122,1,"MAU2"
0.346255664832798,0.100457093088782,0.113,0.108,1,"CERS5"
0.106239508377741,-0.100439264588257,0.177,0.192,1,"RSRC1"
0.276004472591702,0.100438834956509,0.227,0.225,1,"EGLN2"
0.304023468360268,0.100400294446237,0.154,0.148,1,"CBX4"
0.776770727631677,0.100362678937537,0.145,0.146,1,"PGP"
0.288969100041678,0.100338712615499,0.142,0.136,1,"MRPS2"
0.016653555210325,-0.100180719586207,0.201,0.223,1,"RAB3GAP1"
0.317281545512721,0.100169028251537,0.184,0.18,1,"CALCOCO1"
0.295169813194232,0.100034923860254,0.163,0.157,1,"DEDD"
0.00616715298324776,-0.100004636035087,0.683,0.707,1,"KLRD1"
