"p_val","avg_log2FC","pct.1","pct.2","p_val_adj","gene"
2.0140931231636e-31,0.82096815561611,0.85,0.658,3.78689789017219e-27,"GNLY"
2.4776078665984e-28,0.557208261161932,0.977,0.965,4.65839831077831e-24,"RPS26"
9.4943174063172e-22,0.502979057272231,0.923,0.799,1.78512155873576e-17,"GZMB"
6.56178906959037e-16,0.580104341988015,0.756,0.598,1.23374758086438e-11,"LGALS1"
9.87622230495443e-15,-0.814301162753293,0.248,0.404,1.85692731777753e-10,"TCF7"
2.01031117260654e-14,-1.22972855925555,0.098,0.207,3.77978706673481e-10,"GPR183"
1.04760794331686e-13,0.353140922868081,0.924,0.787,1.96971245502436e-09,"GZMH"
1.52095830691403e-13,-0.916124715914636,0.228,0.371,2.85970580865976e-09,"TIGIT"
3.21921970446146e-13,0.46384735098977,0.848,0.723,6.05277688832845e-09,"S100A4"
1.60500441648606e-12,0.397359324147391,0.919,0.865,3.01772930387709e-08,"S100A6"
3.93994263345214e-12,0.434097306108316,0.823,0.699,7.40788013941671e-08,"FGFBP2"
8.44451665076268e-12,0.378223447819601,0.867,0.787,1.5877380206764e-07,"LSP1"
2.71784814547805e-11,0.403053561877,0.88,0.818,5.11009808312784e-07,"CD52"
4.38552211259036e-11,0.235253075894161,0.997,0.98,8.2456586760924e-07,"SH3BGRL3"
9.10943957792812e-11,-0.535638423042602,0.719,0.795,1.71275682944204e-06,"TUBA4A"
2.00557268778072e-10,-0.714377119539982,0.341,0.467,3.77087776756532e-06,"KDM6B"
2.72959838346638e-10,0.979255004545569,0.324,0.189,5.13219088059348e-06,"CSGALNACT1"
2.91832210097872e-10,0.341676892970748,0.832,0.717,5.48702921426018e-06,"PRF1"
1.18583639129873e-09,0.501309215865484,0.687,0.6,2.22960958291987e-05,"ITGB1"
2.67774523690395e-09,0.245556935326487,0.93,0.875,5.0346965944268e-05,"EFHD2"
2.89794840312999e-09,0.283696366041036,0.631,0.475,5.448722587565e-05,"HLA-DRB1"
4.67476243227623e-09,-0.976975246544905,0.196,0.299,8.78948832516576e-05,"IL7R"
5.27324229924254e-09,0.591813441085733,0.476,0.342,9.91475017103582e-05,"SYTL2"
7.92724885375228e-09,0.296410877408886,0.91,0.836,0.00014904813294825,"APOBEC3G"
1.3814531615722e-08,-0.13661996663071,1,1,0.000259740823438805,"RPL13"
3.19043506940102e-08,-0.167144263289748,0.999,1,0.000599865601748779,"RPS13"
3.37075937933353e-08,0.302749420703838,0.897,0.83,0.00063377017850229,"IL32"
4.68986542623206e-08,-0.140072402611496,1,1,0.000881788497440152,"RPL12"
4.95626376688567e-08,-1.1692914083121,0.058,0.121,0.000931876713449843,"TNFRSF9"
6.52538779719756e-08,1.11896627139374,0.172,0.078,0.00122690341362909,"EFNA5"
8.35871740693985e-08,0.35503827213407,0.675,0.549,0.00157160604685283,"RASA3"
9.70954697956027e-08,0.446292465124622,0.652,0.557,0.00182558902309692,"SAMD3"
1.67146112110303e-07,-0.145962525089635,0.999,1,0.00314268119989791,"RPLP2"
2.09822838454103e-07,-1.44157129640431,0.073,0.137,0.00394508900861405,"CCR7"
2.11446969682777e-07,0.616464337349586,0.384,0.264,0.00397562592397557,"ARHGAP30"
2.82140858862135e-07,0.169659186199109,1,0.984,0.00530481242832587,"NKG7"
3.16334876689395e-07,-0.385617364192487,0.74,0.826,0.005947728351514,"MCL1"
3.52664784495367e-07,-0.596587214592705,0.348,0.447,0.00663080327808189,"YBX3"
3.8030021470542e-07,-0.948733757643809,0.068,0.131,0.00715040463689131,"PDCD1"
3.81830600474161e-07,0.309860214801697,0.789,0.697,0.00717917895011518,"CLIC1"
3.98918692299197e-07,1.45864102785948,0.124,0.049,0.0075004692526095,"HLA-G"
5.13702157733729e-07,-0.118901449663133,1,1,0.00965862796970957,"RPS12"
5.37945279517827e-07,0.208147850667791,0.991,0.984,0.0101144471454942,"CRIP1"
6.87310274797936e-07,-0.122186080130829,1,1,0.0129228077867508,"RPL34"
7.35255631623299e-07,-0.130227226300631,1,1,0.0138242763857813,"RPLP1"
9.2116990991057e-07,-0.121097568335661,1,1,0.0173198366461385,"RPL11"
9.42241557513511e-07,-0.325079647945935,0.64,0.709,0.017716025764369,"SAT1"
1.08754276576623e-06,-0.471782605069861,0.894,0.895,0.0204479790819367,"ZFP36"
1.21219360504857e-06,0.520116872533817,0.405,0.291,0.0227916641621233,"MTSS1"
1.36120869028876e-06,1.23485383389284,0.101,0.035,0.0255934457948093,"ENSG00000290036"
1.39012191544758e-06,-0.823919697007033,0.193,0.277,0.0261370722542454,"BICDL1"
1.65950027157786e-06,1.19598682613936,0.21,0.125,0.0312019241062069,"ZNF683"
1.8396650436413e-06,0.266067242105925,0.842,0.768,0.0345893821505437,"YWHAQ"
1.93208296049123e-06,0.570365058174815,0.247,0.146,0.0363270238231562,"CX3CR1"
1.94085352194586e-06,0.735323521631604,0.215,0.123,0.036491927919626,"HOPX"
2.10184037395627e-06,-0.388524521984306,0.807,0.855,0.0395188027111258,"DUSP2"
2.46650254648144e-06,-1.48634586198467,0.056,0.107,0.046375180878944,"GZMK"
2.58972047529085e-06,0.235719718650219,0.854,0.785,0.0486919243764186,"CORO1A"
2.61486271754745e-06,-0.313336805213764,0.937,0.949,0.0491646488153272,"PABPC1"
2.73800544088558e-06,-0.427600277122382,0.615,0.68,0.0514799782995306,"TUBA1B"
3.41650146811199e-06,-0.281954602990725,0.679,0.748,0.0642370606034416,"ZFAS1"
5.21805620534741e-06,0.51660490558071,0.347,0.244,0.098109892772942,"ADGRG1"
5.47829817534284e-06,1.13922928849081,0.105,0.041,0.103002962292796,"TRAV29DV5"
5.72143880907093e-06,-0.532873109536206,0.237,0.332,0.107574492488152,"BACH2"
6.00198392003738e-06,1.201311814648,0.115,0.049,0.112849301664543,"IL5RA"
6.31903327896453e-06,0.13560320969342,0.999,0.998,0.118810463711091,"MT-CO1"
6.79471588962056e-06,0.490059744195938,0.345,0.244,0.127754248156646,"FCGR3A"
8.05827375860049e-06,0.667820407861848,0.252,0.162,0.151511663209206,"ADRB2"
9.55421992842847e-06,-0.563744835348005,0.246,0.326,0.179638443094312,"PLK3"
1.13237967329876e-05,-0.399537879541503,0.513,0.58,0.212910026173634,"FAM107B"
1.18016617586006e-05,0.919274335848024,0.156,0.082,0.221894844385208,"GPR141"
1.21750005187623e-05,0.666933246977562,0.298,0.207,0.228914359753769,"LINC02446"
1.22390682457842e-05,0.36746166128259,0.557,0.455,0.230118961157235,"GRAP2"
1.26919890293512e-05,0.104240485213261,1,1,0.238634777729861,"RPS10"
1.35291655090377e-05,-0.618946980927928,0.099,0.164,0.254375369900928,"GADD45A"
1.55254450355528e-05,0.321532674101184,0.77,0.684,0.291909417558464,"CD2"
1.88327697363689e-05,0.397227521402337,0.496,0.391,0.354093736583208,"GZMA"
1.94252836215895e-05,0.268415380506315,0.558,0.447,0.365234182653127,"ABI3"
1.96798507501801e-05,0.579887216996106,0.265,0.17,0.370020553804885,"ENSG00000290922"
1.97633868093445e-05,0.401398039566205,0.374,0.277,0.371591198789295,"CRBN"
2.11032060092695e-05,0.270554121642596,0.732,0.652,0.396782479386285,"SUN2"
2.15132503656695e-05,-0.107988035673649,0.999,1,0.404492133375319,"RPS6"
2.21503299660524e-05,0.441607402668256,0.422,0.328,0.416470504021717,"CD63"
2.23446355108438e-05,-0.534593481337952,0.214,0.295,0.420123836874885,"HNRNPLL"
2.57044797439253e-05,1.46720871115371,0.126,0.062,0.483295628145283,"CCL3"
3.05635451860717e-05,-0.126846322413001,0.996,0.998,0.57465577658852,"RPL13A"
3.0931271555473e-05,-0.509286069848153,0.305,0.385,0.581569767786002,"TSPYL2"
3.17942111285047e-05,0.230073577017179,0.803,0.684,0.597794757638145,"KLRD1"
3.81018082665869e-05,-0.306115919162321,0.505,0.578,0.716390199028367,"RASSF5"
3.96707001270646e-05,0.722217675429876,0.244,0.164,0.745888503789069,"FCRL6"
4.48167103977216e-05,0.188294551073414,0.926,0.912,0.842643788897962,"LAPTM5"
4.68648360932744e-05,-0.582797724339593,0.126,0.191,0.881152648225746,"FOS"
4.92326101375499e-05,0.365742787416489,0.515,0.426,0.925671535806213,"CLASP1"
5.18046671090569e-05,0.151505061252324,0.996,0.98,0.974031350984487,"CCL5"
0.000306133024152002,1.51358359215637,0.129,0.078,1,"TYROBP"
0.000917366808186729,0.918101166888124,0.117,0.068,1,"DOCK5"
0.000190629328184379,0.882394350026131,0.113,0.059,1,"ST7"
8.80046553119242e-05,-0.849688964096755,0.109,0.166,1,"CRTAM"
0.0785748894417654,-0.842149703220681,0.159,0.188,1,"HERC5"
0.00027795948225397,-0.828012923195106,0.063,0.105,1,"SLAMF1"
0.0530849358448966,-0.823543141954325,0.277,0.311,1,"ISG15"
0.00255274475485121,0.818734768521607,0.1,0.059,1,"HSH2D"
0.0972768148751843,-0.809328896248994,0.082,0.102,1,"PGAP1"
0.000414318967433251,0.807990065498482,0.119,0.066,1,"GOLIM4"
0.000289356108765853,0.785631599318797,0.142,0.084,1,"TM4SF19"
0.00713614259924372,0.782462781329202,0.131,0.09,1,"TIMP1"
0.00067118969695188,-0.776520554134868,0.06,0.1,1,"NR4A1"
0.000598477065677641,-0.76421501855692,0.068,0.109,1,"RBKS"
0.00628764657512597,0.753464254090121,0.103,0.064,1,"SNAP47"
5.79853925599084e-05,-0.737956803802748,0.214,0.283,1,"ZNF331"
0.0022326287985738,-0.735030580494525,0.072,0.109,1,"DCTN6-DT"
0.00267785846322671,0.7317340515088,0.104,0.061,1,"ARL1"
0.000300551891667337,-0.7294622634212,0.101,0.152,1,"IKZF2"
0.00272501937266762,0.720099726883392,0.107,0.064,1,"MTG2"
0.00145143715375309,0.709521954555319,0.128,0.08,1,"ANK2"
0.0249531849826944,-0.701175468006482,0.195,0.229,1,"CMSS1"
0.00838743756779907,0.687229865447952,0.129,0.09,1,"COA6"
0.000110922476039721,-0.683608995981065,0.146,0.207,1,"TNFSF9"
0.000356667489850749,-0.68290412201627,0.096,0.145,1,"H2AJ"
7.12830654935254e-05,-0.679602287838622,0.142,0.205,1,"SIK1"
0.00467006836375422,0.678363810061974,0.104,0.064,1,"INTS12"
0.000196741423142077,-0.669606852397904,0.116,0.172,1,"HPCAL1"
0.000365371734195643,-0.662987488940551,0.106,0.158,1,"STAM"
0.0138232756949217,-0.657263697784351,0.07,0.1,1,"EPB41L5"
0.0051157528724995,0.656503251821551,0.116,0.074,1,"ENSG00000284634"
0.00151229691453642,0.656404322689099,0.108,0.062,1,"ATP10A"
0.0520419510651059,-0.652621678411971,0.082,0.105,1,"GOLGA8B"
0.000312295218817694,-0.639984225889989,0.14,0.195,1,"SMS"
0.00421673000814715,0.638999928695531,0.173,0.125,1,"TRGV7"
0.0138824402588333,0.637949172758149,0.119,0.084,1,"RAVER1"
0.00173740315422952,0.635404444961646,0.245,0.182,1,"CCL4L2"
0.00272845599666192,-0.633331523553339,0.089,0.129,1,"CDHR3"
0.0317424183080536,-0.632644473739358,0.097,0.127,1,"HOOK2"
0.000646466671522665,-0.632639729365607,0.13,0.184,1,"ORAI2"
0.00287240727142828,0.63191453097509,0.164,0.115,1,"POLR3GL"
0.000362658611439075,0.63011706110752,0.151,0.092,1,"TNFSF10"
0.0313787292134328,-0.618518726237172,0.085,0.111,1,"LRIG1"
0.00731380332796335,0.61675852991002,0.125,0.084,1,"ABCB1"
0.339028104188713,-0.605850959659046,0.089,0.1,1,"FILIP1L"
0.0235648923743647,0.604717248832028,0.133,0.1,1,"XAF1"
0.00143097443545665,0.599865513310526,0.161,0.105,1,"RNF44"
0.000280067742884773,0.599213919751527,0.208,0.139,1,"CENPF"
0.00170584325649959,-0.597566635837987,0.095,0.139,1,"ITM2C"
0.000734616545852739,0.595768111802575,0.193,0.131,1,"ADCY7"
0.00031294197744142,0.594159940567102,0.157,0.094,1,"LILRB1"
0.141200618654457,-0.590273355695621,0.099,0.119,1,"TTC39B"
0.64013684860173,-0.589751716433507,0.143,0.131,1,"IFIT2"
0.00644335912196122,-0.589056339448381,0.082,0.117,1,"NBL1"
0.000336311927673689,-0.587477372683012,0.271,0.328,1,"ELL2"
0.000467959250041617,0.585107229596185,0.177,0.115,1,"GLRX"
0.0126307224507788,-0.585058714394731,0.071,0.102,1,"AGK"
0.0223761048166013,0.581777540212723,0.35,0.307,1,"HSPA1A"
0.000472359719881594,0.581625539462849,0.187,0.123,1,"CLNS1A"
0.00635235881983774,0.581310478294588,0.11,0.07,1,"RNF146"
0.00936786862154371,0.580549290892207,0.141,0.1,1,"GCNT1"
0.0144772756882997,-0.57903522651207,0.077,0.107,1,"WRN"
0.0253445819281177,-0.578530929638623,0.134,0.17,1,"CD83"
0.00121886456421203,0.576769765818437,0.168,0.111,1,"LINC00649"
0.000723880950344181,0.574484869455579,0.196,0.133,1,"LINC02384"
0.022392322964392,0.573669698905216,0.161,0.125,1,"CSPP1"
0.00134355093429015,-0.568635061578962,0.221,0.275,1,"PAM"
0.00214070934439863,0.567853185037137,0.183,0.127,1,"TM2D3"
0.0175908366619691,-0.567780177173006,0.078,0.107,1,"BNIP3"
0.0076688402773203,0.567088409552091,0.149,0.105,1,"CYTH4"
0.0336333784243564,0.561488187770208,0.117,0.086,1,"ING4"
0.00646573197148857,-0.561479168601801,0.079,0.113,1,"PPRC1"
0.0117660084970053,0.560292162763725,0.137,0.098,1,"ADGRG5"
0.0076174822904451,0.557802383174775,0.14,0.098,1,"GOLM1"
0.0136088871921495,-0.557330076504301,0.093,0.125,1,"MTRR"
0.000277051589228625,0.556082321923372,0.228,0.158,1,"DECR1"
0.00531718535652565,0.555580632739568,0.165,0.117,1,"COA8"
0.0225632689880445,0.553698058649422,0.105,0.072,1,"AMPD2"
0.00696170069358832,-0.553696773465478,0.087,0.123,1,"DDX20"
0.00761540844205101,0.55244184430691,0.113,0.074,1,"EBNA1BP2"
0.0125174622505818,-0.549921328787721,0.129,0.166,1,"TUBB2A"
0.000265725415125221,-0.548767390305403,0.084,0.131,1,"XCL2"
0.0176744069120281,-0.546419598776273,0.087,0.119,1,"JAML"
0.0105953954289732,0.5461717325096,0.12,0.08,1,"ENSG00000274767"
0.0305505112666702,0.541900537671499,0.12,0.088,1,"ZNF107"
0.00617926845497501,0.540634122060015,0.24,0.188,1,"ZNF600"
0.0747795829544758,0.540319454768725,0.222,0.191,1,"ENSG00000289901"
0.00391676865327615,-0.539874146288207,0.119,0.162,1,"SLC66A2"
0.0194750960957594,-0.539540667522603,0.107,0.141,1,"SNHG25"
0.00169034408847459,-0.539141973544949,0.097,0.141,1,"BCL2A1"
0.0924691373442898,-0.536579541424835,0.197,0.227,1,"RGS1"
0.0020047976689595,-0.535905240420073,0.119,0.166,1,"LARS1"
0.00966023518453842,-0.535818619708007,0.124,0.162,1,"SVIP"
0.00962821224134019,0.535679107122346,0.146,0.104,1,"TANC2"
0.0329121215131061,0.534509325031362,0.124,0.092,1,"TSEN15"
0.0240751379106651,0.532479055693691,0.102,0.07,1,"ARID3B"
0.0136495094069845,-0.532244494328987,0.235,0.279,1,"H2AC6"
0.0289993352200561,0.531388090334818,0.1,0.07,1,"FCHSD1"
0.020729338591336,0.530347821853212,0.113,0.08,1,"ARMH3"
0.000590174119966107,-0.530240871157333,0.187,0.248,1,"PRPS1"
0.00564431127357116,-0.528691081345369,0.196,0.244,1,"FABP5"
0.000355163799506979,-0.527027958389929,0.288,0.352,1,"ENSG00000235979"
0.10909839259708,-0.526125299631916,0.109,0.131,1,"CHPT1"
0.011293197632427,-0.526052447656075,0.086,0.119,1,"ENSG00000291203"
0.0155446243179753,0.522719666561187,0.118,0.082,1,"MRPL2"
0.0556886735608644,0.521105137781017,0.124,0.096,1,"TICAM1"
0.0230450126493838,-0.520070783593543,0.082,0.111,1,"CASD1"
0.000141618676689406,-0.519626334235023,0.331,0.404,1,"PIM3"
0.00470811927408355,0.518563545020234,0.202,0.15,1,"ST6GAL1"
0.016303066520104,-0.518120679878546,0.077,0.107,1,"RPSA2"
0.0196835511863016,-0.516936606146582,0.175,0.211,1,"RIGI"
0.0166322247696236,0.515784169104627,0.105,0.07,1,"ENDOG"
0.0135271567804877,-0.515694876815588,0.08,0.111,1,"OOEP"
0.0323410102555093,-0.511831523369775,0.13,0.162,1,"GFOD1"
0.0232048019638817,0.510081860959698,0.111,0.078,1,"CDK10"
0.0188100257575662,0.508558001871812,0.155,0.117,1,"DESI2"
0.0103210326250698,0.5084791049531,0.101,0.064,1,"ENSG00000290548"
0.0292129110394547,0.508448543528422,0.122,0.09,1,"CALHM2"
0.0115772408953366,0.507725835156355,0.104,0.068,1,"RPRD1A"
0.0194049674789452,0.506300635747811,0.108,0.074,1,"ELP3"
0.016372543573757,0.506005039560612,0.167,0.127,1,"GAS7"
0.000177676838964225,0.505699253783811,0.286,0.207,1,"KCNAB2"
0.00847750030004081,0.50564198597393,0.208,0.158,1,"PARP4"
0.00500760630933098,0.504000340302392,0.145,0.098,1,"PRKRA"
0.012743275670852,0.503997615006881,0.149,0.109,1,"INTS4"
0.0163378965616018,0.502655366706703,0.163,0.123,1,"ZNF592"
0.000217141094942443,0.502498235672576,0.227,0.154,1,"TRGV10"
0.00750114245001078,0.501338014646763,0.193,0.148,1,"BTBD10"
0.000392965404777231,-0.500674410495115,0.487,0.533,1,"TUBB4B"
0.0147954093057361,0.499148962230428,0.14,0.102,1,"NBPF12"
0.00601669223144715,0.497230441806824,0.137,0.092,1,"RNFT1"
0.0366382274591562,0.496998547476645,0.128,0.096,1,"ARHGAP1"
0.214736522328418,-0.495261562041896,0.091,0.105,1,"PRKCH-AS1"
0.000408590909339591,0.495100279770725,0.207,0.137,1,"GFI1"
0.000135088196881565,-0.494314821621434,0.509,0.58,1,"CD69"
0.0143015384948895,0.491272954037658,0.143,0.104,1,"EXOC6B"
0.0506715871176609,0.490881525895842,0.112,0.084,1,"HCFC1"
0.0450521201087008,0.484291065007879,0.11,0.082,1,"TYK2"
0.116576032175882,-0.483049876417606,0.08,0.1,1,"BRF1"
0.0129643658476312,-0.48273948630152,0.076,0.107,1,"RAB30"
0.0795963450653305,-0.482045945372497,0.086,0.107,1,"IPCEF1"
0.0105163003294621,0.481644504900635,0.229,0.18,1,"BCAS3"
0.00406514393481731,0.48128873837782,0.229,0.176,1,"PTPN12"
0.00523914982127894,-0.480417246500526,0.107,0.148,1,"GPR107"
0.0168612939908959,0.479333915462327,0.115,0.08,1,"ABHD2"
0.00993755285686502,-0.478078398996673,0.117,0.156,1,"DGCR2"
0.111847467372752,-0.477312803067108,0.109,0.133,1,"IFIH1"
0.00126640891858955,0.476845137281795,0.276,0.211,1,"SCP2"
0.00472694872708189,0.475506084057548,0.153,0.105,1,"HOXB2"
0.0456997500719094,-0.475229614269681,0.191,0.225,1,"FOSB"
0.059774344585891,-0.475201868960187,0.076,0.1,1,"EBPL"
0.00362869055923897,0.474501592194812,0.146,0.098,1,"CASP1"
0.00149223827465478,-0.472193176251708,0.237,0.295,1,"PMAIP1"
0.0461917175219457,-0.470108523648881,0.126,0.154,1,"MPZL3"
0.0229585314578288,0.469857487367277,0.128,0.094,1,"SSBP2"
0.0599553965688018,-0.469559377311595,0.175,0.205,1,"PHACTR2"
0.0808278878750888,0.467436601690741,0.117,0.092,1,"RBL1"
0.0116766865970872,0.466729449891145,0.255,0.207,1,"ALOX5AP"
0.0847048524183178,-0.466265359390227,0.086,0.107,1,"CEP43"
0.082616902755385,0.465911669895291,0.104,0.08,1,"BRD3"
0.0328851608273378,0.465748142377591,0.129,0.096,1,"STAU2"
0.000320214975275604,0.4651155418899,0.314,0.238,1,"PRSS23"
0.0715188277971772,0.464636918630956,0.105,0.08,1,"FBXL15"
0.0123490956738238,-0.463932920015731,0.086,0.119,1,"KLRC3"
0.1210136069781,0.463617392357767,0.103,0.082,1,"WDR89"
0.0282700090744354,0.463035407040794,0.106,0.074,1,"MPHOSPH6"
0.0121865656706795,0.462213913368367,0.169,0.125,1,"LINC00944"
0.0715307625024865,0.461969744630787,0.107,0.082,1,"SLF2"
0.0383103055908668,0.461925579287746,0.134,0.102,1,"DCPS"
0.0535557218587327,-0.461908932146639,0.093,0.119,1,"HACD4"
0.0471866356832655,-0.461801863878782,0.144,0.172,1,"FCMR"
0.0136597820273533,0.4606130014521,0.108,0.072,1,"KIAA1671"
0.0104824918633954,-0.459517618306876,0.082,0.115,1,"MLF1"
0.000239102550347931,0.458617772995308,0.245,0.168,1,"CHKB"
0.000660100507076138,0.457872537630327,0.326,0.262,1,"UBE2L6"
0.00712518295201556,0.457287427553417,0.177,0.131,1,"RNASEH2B"
0.0111356341822585,0.456439805369509,0.161,0.115,1,"MCM9"
0.000114606179898313,-0.455436102603922,0.283,0.355,1,"PPIL4"
0.0160792046746647,0.454011083280746,0.148,0.109,1,"TM9SF4"
0.00109344777982884,0.45306872545349,0.252,0.186,1,"PIN1"
0.0233160802525235,0.452033955284772,0.124,0.088,1,"EIF2B1"
0.00960303414673406,-0.451263152500955,0.22,0.264,1,"HCG18"
0.0307794700486058,0.450158920259433,0.155,0.121,1,"FAM3C"
0.0324914805734795,0.44975591947017,0.12,0.088,1,"POLR2J3"
0.000284871427320459,-0.449115606824219,0.252,0.32,1,"FUBP1"
0.0123792922438746,-0.448691992750985,0.162,0.203,1,"GNL2"
0.0595247428439375,0.448504696277721,0.129,0.1,1,"CISH"
0.0796685571391848,0.448005926547834,0.209,0.178,1,"HSPB1"
0.0131946069502277,0.447581290609468,0.217,0.172,1,"NIPA2"
0.000129346997000303,0.445110485069241,0.527,0.453,1,"DSTN"
0.0434506378804413,0.445082433244486,0.105,0.076,1,"APEH"
0.119861071850545,-0.4441706272015,0.101,0.121,1,"CDADC1"
0.00611354764409131,0.44389539456086,0.194,0.143,1,"RAB4B"
0.0362639607374445,0.443886859050009,0.1,0.07,1,"NOL4L"
0.00639636672971071,0.441628576784178,0.257,0.205,1,"GRK5"
0.128789544849957,-0.441380457447446,0.092,0.111,1,"LINC01004"
0.00273367256340527,-0.439254581681268,0.555,0.588,1,"ISG20"
0.0032752053077236,0.437545437403678,0.219,0.16,1,"EXOC2"
0.0668123894133827,-0.4358927023298,0.077,0.1,1,"DGKE"
0.0353039774238795,0.4350982325083,0.11,0.078,1,"DOK1"
0.00184834836810539,-0.43299294245692,0.341,0.395,1,"DDX3Y"
0.0137495958814804,-0.432908131499738,0.093,0.127,1,"GPR89A"
0.0136827440223488,-0.432849879386275,0.171,0.211,1,"THOC1"
0.0629364744319258,0.431960086638748,0.119,0.092,1,"WBP1"
0.00352315110742098,0.431452229127066,0.22,0.164,1,"BTBD1"
0.109095081745574,0.431148213396753,0.1,0.078,1,"PRR12"
0.073683642417068,0.430821262504481,0.103,0.078,1,"CWF19L1"
0.00564694717389855,0.430081279750636,0.17,0.121,1,"MTHFS"
0.00528751199626464,0.429788790214292,0.183,0.131,1,"CARD19"
0.00849337646521593,-0.428955609497116,0.152,0.195,1,"NOL11"
0.0329928045287386,-0.42801759805177,0.106,0.137,1,"NAF1"
0.04089868363338,-0.42797029653918,0.084,0.111,1,"KDSR"
0.00895516442157901,0.427797960540809,0.249,0.197,1,"ANKRD28"
0.0775203816496865,0.427451190202209,0.126,0.1,1,"C1orf131"
0.0539420237702416,0.427450446156257,0.127,0.098,1,"C2CD3"
0.00299808351654871,0.426843945956226,0.369,0.301,1,"RANBP1"
0.00915904502763283,0.425564768976012,0.2,0.154,1,"KATNBL1"
0.0233793336951143,0.425397808830625,0.112,0.078,1,"COG6"
0.0389513262329611,0.424833465979439,0.141,0.109,1,"CREB3"
0.00640738764512335,0.424607358118969,0.185,0.135,1,"C6orf89"
0.0001420733644187,-0.423610814898941,0.276,0.346,1,"STAT1"
0.00218824521304495,0.422920121001359,0.284,0.221,1,"SHKBP1"
0.0040593507323886,0.422744273057621,0.171,0.119,1,"MVB12B"
0.00296623511595725,0.421853167794679,0.218,0.16,1,"ARL15"
0.0170752151725231,-0.421513780785817,0.217,0.256,1,"NXF1"
0.00252897359147081,-0.421476733164063,0.639,0.666,1,"JUNB"
0.00170578220955119,-0.42110085993118,0.415,0.469,1,"ODC1"
0.0296805102791476,0.420896315529457,0.14,0.105,1,"TXLNGY"
0.000350170616828766,-0.420181578236422,0.417,0.48,1,"SNHG16"
0.031733768028218,0.419793853269429,0.151,0.115,1,"IQSEC1"
0.0546681843295591,0.419541357591697,0.135,0.105,1,"RUVBL2"
0.0238041668051676,0.419105113536625,0.14,0.104,1,"ENPP4"
0.0476820584673885,0.418587586516317,0.151,0.121,1,"PXK"
0.0245728090594516,0.417046382817492,0.147,0.109,1,"CCNQ"
0.0629533106814713,0.416603587505733,0.117,0.09,1,"NSD2"
0.0890003122439121,-0.416460302835552,0.089,0.111,1,"BOD1"
0.0852115306110264,0.415944107554708,0.111,0.086,1,"H2AC25"
0.0704467361049099,0.415562133558973,0.112,0.086,1,"HSPBP1"
0.0121132377259992,-0.414749012754773,0.185,0.23,1,"KLF10"
0.00724704649041773,-0.413722555792675,0.149,0.191,1,"CTDP1"
0.000430978182754116,0.413548543921599,0.417,0.344,1,"CD5"
0.0143794079271974,0.413033358071653,0.211,0.164,1,"GOLT1B"
0.0143946236262278,0.412732726355807,0.18,0.137,1,"PLAA"
0.040944312180111,0.41129061676766,0.115,0.084,1,"METAP1"
0.0970452610385107,0.411219751236768,0.104,0.08,1,"LY75"
0.0221713699374245,0.411029430694985,0.16,0.123,1,"VPS41"
0.0129241481215965,0.41045657402658,0.16,0.117,1,"BOLA2"
0.030508836362248,-0.409643176333588,0.095,0.125,1,"RGPD2"
0.062706604902375,-0.408663094966447,0.095,0.121,1,"KHNYN"
0.0182363765997855,-0.407591376121027,0.153,0.191,1,"CMTM7"
0.0170172736330039,0.407389967630192,0.183,0.141,1,"DAPK2"
0.00804416336573953,-0.406558357425752,0.248,0.301,1,"SH2D1A"
0.000106170081105149,-0.406409895243219,0.49,0.547,1,"CHD2"
0.097514467601283,-0.406287984896534,0.096,0.119,1,"RPGR"
0.0339327461040147,0.406237616193172,0.173,0.137,1,"NCALD"
0.00818523796378111,-0.405717280403317,0.231,0.277,1,"JMY"
7.89934784823687e-05,-0.405629676907881,0.534,0.604,1,"REL"
0.0118718693977731,-0.405115635577471,0.28,0.322,1,"UBAP1"
0.0466814897815111,0.405037801107409,0.113,0.084,1,"PES1"
0.00961326013800108,0.403821264520681,0.26,0.209,1,"CARD16"
0.0719853079254065,0.403709351603793,0.104,0.078,1,"CD244"
0.00128993452400225,0.403586972085193,0.353,0.283,1,"PPP1R18"
0.000326468275932824,0.403547367763722,0.302,0.223,1,"UQCRC1"
0.308610645196332,-0.403353253421948,0.092,0.104,1,"WEE1"
0.139270432185244,-0.402924761822751,0.121,0.143,1,"ICOS"
0.0622419068676595,-0.402917009098055,0.11,0.137,1,"MDN1"
0.0895692755510473,-0.40283135858605,0.078,0.1,1,"GTF3C4"
0.0567554978044932,0.402747716691797,0.112,0.084,1,"P4HTM"
0.0193856389889256,0.402725424975735,0.146,0.107,1,"HEG1"
0.0111375705388772,-0.40241997565087,0.164,0.205,1,"BCL2"
0.0163477670590379,0.401550348544263,0.234,0.188,1,"EXOSC10"
0.0729823915573114,-0.400371325944693,0.133,0.16,1,"RIOK1"
0.0966044994627916,-0.400216460844562,0.12,0.143,1,"CCDC25"
0.014107180081965,-0.39952226576976,0.154,0.195,1,"GLA"
0.00269860843564581,0.399068551120237,0.284,0.219,1,"UPF3A"
0.00656040182903939,0.398486975342159,0.25,0.195,1,"CDKAL1"
0.115807409889354,0.398433664913487,0.115,0.092,1,"MCUR1"
0.00299202987372495,0.39796522746989,0.284,0.223,1,"VEZF1"
0.0830425930911866,0.397517122361037,0.11,0.086,1,"RBM15"
0.0215931512526183,0.397263341900757,0.161,0.123,1,"SLF1"
0.260978357273429,-0.396538147630729,0.086,0.1,1,"PDSS2"
0.0370149500726908,-0.396292751023895,0.149,0.182,1,"RBM7"
0.0471362444034581,0.395509136284394,0.178,0.146,1,"FBXO3"
0.0519777195323481,-0.395301705836997,0.138,0.168,1,"UTP11"
0.0417483682392275,0.394452846394703,0.127,0.094,1,"DENND1C"
0.0579950246199561,-0.394302353361257,0.112,0.139,1,"IFIT5"
0.175422699145706,-0.393466666348287,0.084,0.102,1,"NFATC1"
0.0758255455322882,-0.393373850501922,0.119,0.145,1,"SPTSSA"
0.0659187801760373,0.392988492129553,0.1,0.074,1,"RFX5"
0.0870188511091255,-0.39255400602986,0.097,0.121,1,"VPS16"
0.102709749260553,0.392389128787061,0.112,0.088,1,"ZNF827"
0.157265172760294,0.391899902368322,0.112,0.092,1,"POLR1A"
0.154098072464124,-0.391016364791054,0.087,0.105,1,"MAP3K11"
0.0766934371625578,-0.390938836318049,0.105,0.131,1,"TBC1D22A-DT"
0.0625719232904325,-0.390830037845607,0.152,0.18,1,"TULP4"
0.00185562905570694,0.390218819710173,0.13,0.08,1,"PDGFD"
0.00182200705750094,0.390091503915679,0.243,0.178,1,"GK5"
0.00668033104393201,0.389913325337879,0.159,0.111,1,"ST8SIA6"
0.0613704798016631,0.389865624645011,0.1,0.074,1,"MRPL15"
0.0442484890540609,0.389561931000996,0.165,0.133,1,"MLLT10"
0.093617384293274,0.389543939055326,0.131,0.105,1,"EIF2B4"
0.0844046646935715,0.389192439025984,0.141,0.113,1,"ZNF37A"
0.016399468599632,0.388896412195504,0.214,0.168,1,"PRR5"
0.0487191048951793,0.388724659858217,0.136,0.105,1,"VKORC1L1"
0.0117768572145765,-0.388579027127051,0.128,0.166,1,"CDK5RAP1"
0.0829995430733236,-0.388455714671179,0.101,0.125,1,"POLR3E"
0.0194403826078494,-0.388163834423155,0.196,0.232,1,"TWF1"
0.205289698509044,0.388146144190207,0.107,0.09,1,"ENOPH1"
0.0274013946574669,-0.387786280075213,0.098,0.129,1,"ANKRD54"
0.0339693957409498,0.38776277346553,0.165,0.129,1,"MRPS30"
0.0462021072395104,-0.387557745742137,0.165,0.197,1,"KLRB1"
0.075261674801213,-0.387161665019212,0.121,0.146,1,"MAU2"
0.0704530585919742,0.386921302971801,0.112,0.086,1,"ANAPC4"
0.0332653001915547,-0.385468706475889,0.135,0.168,1,"ZBTB4"
0.228700806705742,-0.3853891085815,0.094,0.109,1,"XKR6"
0.0638271447287206,0.385317366114305,0.185,0.152,1,"WWOX"
0.0417684487569666,0.385096656072179,0.103,0.074,1,"VPS54"
0.0256970955928343,0.384818505987912,0.184,0.145,1,"NAA38"
0.0562888058004925,-0.384089680245838,0.215,0.244,1,"PER1"
0.0116102526858354,0.38379470183737,0.237,0.189,1,"NDUFS2"
0.0440897225027979,0.38369286308174,0.19,0.156,1,"LARP7"
0.00363444404036733,0.383452775688624,0.284,0.221,1,"ARID1A"
0.000158094883404463,-0.383236124818257,0.419,0.504,1,"NR4A2"
0.0811685350951354,0.383111886835015,0.141,0.113,1,"PLEKHA5"
0.000138094260098573,0.383046006332873,0.47,0.381,1,"BIN2"
0.129433663287884,-0.383010802307412,0.081,0.1,1,"CCDC127"
0.0173804104447473,0.38294865597061,0.237,0.191,1,"CBFB"
0.133332651067706,0.382825560867773,0.133,0.111,1,"WASHC3"
0.0659777276273361,-0.382753642245395,0.113,0.139,1,"CCDC18-AS1"
0.101417789039413,0.382659025118754,0.223,0.197,1,"RAB3GAP1"
0.0557569959053478,0.382314883884588,0.185,0.15,1,"TXN2"
0.0634563795562334,-0.382236244645648,0.089,0.113,1,"PLPP5"
0.0179955130538891,-0.38187064696781,0.141,0.18,1,"KXD1"
0.0677453511449736,-0.38130919089375,0.181,0.213,1,"ENSG00000290537"
0.0560864860304642,0.38083439279786,0.15,0.119,1,"LEO1"
0.00130469650031649,0.380117800787652,0.336,0.258,1,"TPST2"
0.0795975722755944,-0.380066968084076,0.166,0.195,1,"RRAS2"
0.00618059338771904,-0.37987015535229,0.488,0.533,1,"RHOH"
0.00024182875198762,-0.379555397930732,0.47,0.523,1,"CLDND1"
0.000164542914841512,0.379496775781037,0.249,0.164,1,"GAB3"
0.098561338167943,0.379272107259646,0.129,0.104,1,"TFDP1"
0.00310267280722863,0.378517753751161,0.257,0.195,1,"FTX"
0.0378945687961009,0.378441997586995,0.113,0.082,1,"LINS1"
0.282129979437014,-0.377587698929334,0.088,0.102,1,"NOCT"
0.0224915083456103,0.377459999522085,0.229,0.186,1,"PARD6G"
0.046451271087755,-0.376789723744405,0.205,0.236,1,"WHRN"
0.0424944767903487,-0.37655590779807,0.102,0.131,1,"UTP4"
0.0631458913392092,-0.376526823796409,0.108,0.135,1,"OXNAD1"
0.0434218599502219,0.375777724428733,0.121,0.092,1,"IMPA1"
0.0860844817768147,0.375391309530714,0.104,0.08,1,"RUFY2"
0.0358380529405742,0.373678330891486,0.147,0.113,1,"PPM1D"
0.0296559399167482,-0.37361822658025,0.44,0.469,1,"UBE2S"
0.0417252942301665,0.373581307550997,0.124,0.092,1,"PELO"
0.0787355587131397,0.373194979011271,0.116,0.09,1,"PWP2"
0.16464258469707,0.373095861114829,0.101,0.082,1,"RALGAPA2"
0.103370524488635,0.372682771667082,0.109,0.086,1,"ANKRA2"
0.020146113440574,0.372392207439914,0.183,0.141,1,"OSTM1"
0.052578391527166,-0.372367291889678,0.14,0.17,1,"ABCG1"
0.0511467404441034,0.372286534209171,0.124,0.094,1,"FRMPD3"
0.183314047629221,-0.372157991323682,0.145,0.166,1,"TRAT1"
0.12732272209995,-0.372149795993192,0.245,0.268,1,"ASMTL"
0.00537598209699482,0.37214306189994,0.429,0.371,1,"DOK2"
0.0720823209801452,0.371712900200119,0.125,0.098,1,"CARNMT1"
0.077641477636066,-0.371331446443436,0.082,0.105,1,"GRAMD1A"
0.211579021372284,-0.370900455371999,0.091,0.107,1,"PHLPP2"
0.000132469458495295,0.370408938420664,0.472,0.383,1,"MGAT1"
0.0152466338591773,0.368984321204312,0.176,0.131,1,"SHMT2"
0.112790011263009,-0.368792902252021,0.1,0.123,1,"SH2B3"
0.0841882570266236,-0.368342395295618,0.104,0.129,1,"SELENOM"
0.00692180099808031,0.368294886370467,0.308,0.254,1,"MRPL51"
0.027861314711715,0.368188783712872,0.171,0.131,1,"PDLIM5"
0.00599337276365173,-0.367708453612947,0.252,0.301,1,"GALNT11"
0.0781114937684009,0.367409675882576,0.108,0.084,1,"GPN3"
0.130918736869355,-0.367282416686212,0.087,0.107,1,"CCNYL1"
0.0318285464516811,-0.366585932382486,0.088,0.117,1,"NOM1"
0.102481696655777,0.366494611291998,0.128,0.104,1,"DDX1"
0.0689729471892681,-0.366478497599889,0.14,0.166,1,"FBXL14"
0.168216815220549,0.366116931114901,0.117,0.098,1,"FUT11"
0.0408938216812572,0.365900019962875,0.124,0.092,1,"SLC12A7"
0.0688652192448493,0.365850911836433,0.144,0.113,1,"GPR108"
0.00834129472228242,0.365729022826103,0.168,0.121,1,"LYN"
0.0140848235724119,-0.365549875367527,0.159,0.199,1,"TRMO"
0.1010175731461,0.365407816592267,0.148,0.121,1,"HSPA13"
0.138894709855029,0.364884331815197,0.142,0.119,1,"ENSG00000269968"
0.0810317044983363,-0.364409247696835,0.159,0.184,1,"UBE2G2"
0.0575308253113908,0.363938703696486,0.181,0.146,1,"RASSF1"
0.134338091163453,-0.363869071852012,0.094,0.115,1,"PDE4DIP"
0.43774712847152,-0.363457908383069,0.094,0.104,1,"ENSG00000272256"
0.0810372088006635,-0.36304857300898,0.078,0.1,1,"RCC1L"
0.0264674198653398,-0.363020848364679,0.113,0.146,1,"CD82"
0.000580254747633973,-0.362925798048442,0.323,0.385,1,"CSRNP1"
0.15318959123562,-0.362530225664634,0.089,0.107,1,"BRMS1L"
0.00313970085193425,-0.361081010465934,0.245,0.303,1,"SNHG15"
0.0435231270598469,0.360703047541312,0.137,0.105,1,"STK25"
0.00446831031666409,0.360468328737383,0.26,0.197,1,"STK39"
0.0163279771608076,0.360434305956816,0.212,0.166,1,"SEC14L1"
0.00278347530886099,0.360411014440681,0.206,0.15,1,"TSPAN2"
0.0388791407175085,-0.360051884005397,0.246,0.279,1,"CMC1"
0.000935168516824657,-0.359938157237609,0.555,0.602,1,"PDE4B"
0.0754162489652879,-0.359325138595058,0.212,0.24,1,"B3GNT2"
0.096329160998799,-0.359243642744859,0.109,0.133,1,"DMWD"
0.437589266306745,0.359145996802962,0.109,0.1,1,"BTG1-DT"
0.0911495578976492,0.359140088932103,0.121,0.096,1,"NT5DC1"
0.0503651820596971,-0.358666387650552,0.101,0.129,1,"IL6ST"
0.241681136235897,-0.358649671344135,0.085,0.1,1,"ACTR1B"
0.168637940816199,0.358402910194024,0.113,0.094,1,"ZNF593"
0.0486809353395805,0.357461526832819,0.12,0.09,1,"FAM199X"
0.0610851704185504,-0.357251314758845,0.157,0.188,1,"SIRT1"
0.0609997764019796,0.357211211581822,0.162,0.133,1,"LPIN1"
0.0133916855139981,-0.357101532005375,0.14,0.184,1,"SYPL1"
0.0123309365340104,0.356959308392787,0.242,0.193,1,"MIS18BP1"
0.230249849260353,-0.356876598843773,0.108,0.123,1,"ATXN1L"
0.0206898244572323,0.356838217295156,0.198,0.154,1,"YJU2B"
0.0219608634755806,0.356790703079174,0.12,0.084,1,"TMEM120B"
0.00664798440030906,0.356369540318552,0.281,0.221,1,"DTHD1"
0.00763062056711181,0.356360046846992,0.215,0.164,1,"HAT1"
0.0668652295916214,-0.35602791938285,0.224,0.254,1,"H2AX"
0.0872258612035773,-0.355063793688315,0.104,0.129,1,"SRF"
0.0212182149257323,0.35419844778721,0.189,0.146,1,"FAM120A"
0.00373448536951043,0.353625448673918,0.337,0.273,1,"CSK"
0.139841516411751,0.352714830130961,0.153,0.131,1,"TMEM222"
0.100592830912817,0.352504090818383,0.12,0.096,1,"FKBP15"
0.0103755973919652,0.352501138401682,0.134,0.092,1,"USP28"
0.00764762064970426,-0.352476192924107,0.245,0.295,1,"ITGAE"
0.0255120851021851,0.351803833404977,0.252,0.211,1,"MRPL52"
0.230896590666707,-0.35135390062657,0.15,0.168,1,"TRIM24"
0.0378687465904513,0.350742202719261,0.244,0.205,1,"IFNG"
0.0726970336850721,0.34946426046084,0.123,0.096,1,"PNKD"
0.119824399566414,0.349212805673951,0.116,0.094,1,"THADA"
0.0558192827298761,0.349185133722378,0.142,0.111,1,"ABTB1"
0.156185107596196,0.348739955188528,0.102,0.082,1,"NOL12"
0.0371548129929745,0.347744961257952,0.185,0.148,1,"TSEN34"
0.00196751217339033,-0.347590718394273,0.226,0.285,1,"TBL1X"
0.0946893773562114,0.347297818018974,0.153,0.125,1,"MIGA1"
0.122375755740811,-0.347086391379281,0.133,0.154,1,"ZNF831"
0.0130215240961376,0.346972597517373,0.199,0.15,1,"PROK2"
0.0439328917118591,0.346674720959135,0.185,0.15,1,"HPS1"
0.0534544853772854,0.346557708515527,0.171,0.139,1,"ATF1"
0.0484554549126341,0.346369815256342,0.158,0.123,1,"TAF12"
0.0525777662187393,0.346325664254389,0.123,0.094,1,"LYRM2"
0.018655996349625,-0.346257117515051,0.14,0.178,1,"UBE2E1"
0.0393693814064258,0.345884266597446,0.143,0.109,1,"CPT1A"
0.0136271611032623,0.343747042859568,0.193,0.146,1,"ENSG00000258657"
0.0142257894081681,-0.342796002714337,0.173,0.215,1,"NFKBIZ"
0.0030307543430235,0.342609838490796,0.404,0.344,1,"ATP5PD"
0.012264870428357,-0.341605627874955,0.155,0.197,1,"USP12"
0.0685103275613088,0.340949207947645,0.129,0.1,1,"ENSG00000290560"
0.163527216105308,0.340304766316867,0.11,0.09,1,"HDAC5"
0.0653344916548268,-0.340256349824387,0.194,0.223,1,"NR4A3"
0.123670790327241,0.339875945065069,0.167,0.141,1,"TSPAN3"
0.209155363380182,-0.339735542276316,0.237,0.256,1,"SIPA1L1"
0.0409294573375547,0.338747486600577,0.138,0.105,1,"VMA21"
0.103099592441349,0.33853825595033,0.121,0.098,1,"TRIM56"
0.216569955540623,-0.338253376941616,0.106,0.123,1,"GRINA"
0.0541037864230721,-0.338037566415575,0.166,0.195,1,"VPS13D"
0.231692207158159,-0.337693120259947,0.096,0.111,1,"CCNB1IP1"
0.0442098779954391,0.337487868860991,0.134,0.102,1,"DCAF12"
0.107116666688239,0.337441541652165,0.112,0.09,1,"YEATS2"
0.0750424149921659,0.337196073312268,0.11,0.084,1,"GIT1"
0.0537657681361103,0.337174517007087,0.155,0.123,1,"BLCAP"
0.119760204150204,0.336884932073124,0.122,0.1,1,"KIAA0319L"
0.20336485231363,-0.336434899659054,0.126,0.145,1,"PELI1"
0.166203990068502,-0.33536706790736,0.15,0.17,1,"MX1"
0.220827445300057,-0.335274549218904,0.196,0.213,1,"MIDEAS"
0.203064406556957,-0.33519843374614,0.292,0.309,1,"MCOLN2"
0.101958717507548,0.335173187716641,0.124,0.1,1,"TASP1"
0.0426451036002061,0.335075933741184,0.123,0.092,1,"MRPS11"
0.0135886775322701,-0.334798376485085,0.23,0.277,1,"GTPBP1"
0.0129847774902697,0.334436918923342,0.204,0.156,1,"SART3"
0.11011176549352,-0.334301313617174,0.112,0.135,1,"ARMCX6"
0.00351039428513905,0.334149161679581,0.371,0.305,1,"GADD45GIP1"
0.0491120937429367,-0.333832655964395,0.12,0.15,1,"ERO1A"
0.107914368463178,0.333539575455289,0.145,0.119,1,"ELOA"
0.00539061380967692,0.333479211684815,0.258,0.197,1,"POM121"
0.0394454437375211,-0.332927349759552,0.133,0.166,1,"SRPRB"
0.000133605588048088,-0.332597312663459,0.498,0.57,1,"RANBP2"
0.0713632181686149,0.332477793145453,0.102,0.076,1,"SFMBT1"
0.0412868365758036,-0.332160003417157,0.168,0.203,1,"FTO"
0.0640077230517069,-0.332054296550349,0.145,0.176,1,"SNX4"
0.205134060823012,-0.33205254120427,0.158,0.176,1,"YTHDC2"
0.170430968145876,-0.331959986279628,0.117,0.137,1,"MRPS9"
0.0763448727049027,0.33175132213082,0.111,0.084,1,"CDK19"
0.420403805383335,-0.331627230080178,0.142,0.15,1,"DYNLT3"
0.00489040169435282,0.331231343532245,0.264,0.209,1,"MRPS24"
0.0137031092387633,0.331186413709122,0.225,0.176,1,"CDC25B"
0.140919897436919,-0.33108231082395,0.099,0.119,1,"PLSCR1"
0.0184675046942217,0.330903284991009,0.225,0.18,1,"CHMP1A"
0.000394740892153742,0.330578921455662,0.592,0.516,1,"CHST12"
0.0441673388346982,0.330509223800838,0.113,0.082,1,"STX16"
0.0132907906351072,-0.330387607607449,0.393,0.432,1,"STAT5A"
0.013611422238954,-0.329186519030093,0.192,0.238,1,"CACUL1"
0.00247009729417196,0.328961132830602,0.234,0.17,1,"ZBTB8OS"
0.00428607105636508,-0.328703534928317,0.419,0.465,1,"WSB1"
0.0162847104596673,0.328633916651417,0.203,0.156,1,"PGLS"
0.00199799062511222,0.328544970253692,0.386,0.312,1,"GPRIN3"
0.142058307890343,0.328522958694103,0.101,0.08,1,"INTS9"
0.212769553991534,0.328014552533597,0.107,0.09,1,"DNAJC10"
0.101650976798601,-0.327869507518137,0.081,0.102,1,"ENSG00000290921"
0.0168085853573804,0.327350741707534,0.235,0.189,1,"CLPP"
0.0770229324785804,-0.327221576679803,0.098,0.123,1,"ZBTB24"
0.00715094359002903,0.326917534932901,0.281,0.223,1,"HMOX2"
0.161800484373834,-0.326669265067062,0.085,0.104,1,"GFM2"
0.128652660185088,-0.326325524918889,0.134,0.156,1,"CIAPIN1"
0.0311142383908338,-0.326067665881569,0.191,0.227,1,"CBLL1"
0.0513587824215765,0.325992720028778,0.152,0.119,1,"COL6A2"
0.126751049638928,0.325398394342601,0.128,0.104,1,"CROCCP2"
0.435699222303933,-0.32536539972014,0.126,0.135,1,"NPC2"
0.0204593195032179,-0.325131316701048,0.222,0.262,1,"TIPARP"
0.013091221327288,0.324987042708389,0.223,0.172,1,"PHAX"
0.0882714031111381,-0.324375698735302,0.131,0.156,1,"CDK4"
0.0336576990288635,0.324316652531618,0.201,0.158,1,"STX4"
0.0268978537762358,0.324204799007846,0.241,0.197,1,"SETBP1"
0.0119598939349804,-0.323955077848308,0.138,0.18,1,"LARP1"
0.04635405723702,0.323856562506591,0.166,0.131,1,"TVP23B"
0.0932897631590136,-0.323505430192309,0.103,0.127,1,"TOR1B"
0.732688540550063,-0.323454579302382,0.462,0.459,1,"ZC3HAV1"
0.136124689855676,0.323128708421408,0.122,0.1,1,"COMT"
0.0362969209931349,0.323049093049632,0.302,0.256,1,"ENSG00000276241"
0.0010396903473166,0.323004083863917,0.43,0.357,1,"AKT3"
0.00857534790999187,0.322965394415336,0.386,0.326,1,"ANXA6"
0.0042961519825304,0.322883245920478,0.374,0.312,1,"UBTF"
0.303130929707419,-0.322554120826584,0.095,0.107,1,"POLR1E"
0.042517487352825,-0.322318715565601,0.262,0.295,1,"DNAJC2"
0.0716460425103489,0.322163679943117,0.169,0.137,1,"SAP30"
0.006228976162152,0.322142092171392,0.186,0.135,1,"ZNG1B"
0.121264871474147,0.321884303280428,0.11,0.088,1,"TIMM29"
0.436026862456414,-0.321801192797146,0.116,0.125,1,"IPO4"
0.00085903409454476,0.321791477385972,0.383,0.305,1,"PSMD9"
0.0269923810341378,0.321714603238847,0.264,0.217,1,"STXBP3"
0.0109444169641546,0.321538156924862,0.248,0.193,1,"KIDINS220"
0.0397960546232751,0.321502985609761,0.265,0.225,1,"PCMTD1"
0.141095639986412,-0.321378642909828,0.133,0.154,1,"GIMAP2"
0.0169137257294715,0.321118761615466,0.209,0.16,1,"LYPLA2"
0.236427953682788,-0.320937684785619,0.088,0.104,1,"PYGB"
0.000696124970463839,0.320576807111958,0.374,0.293,1,"LASP1"
0.270322629611237,0.32014618822648,0.122,0.105,1,"ANKFY1"
0.0182268198321132,0.319919754145592,0.263,0.215,1,"PSENEN"
0.0371942433319568,0.319741786021211,0.18,0.141,1,"SHPRH"
0.1035163891045,0.319479523731394,0.118,0.094,1,"ENSG00000228655"
0.00187794700088194,0.319268037614688,0.39,0.316,1,"SDF4"
0.06486796280425,0.319078437842299,0.124,0.096,1,"ECI1"
0.0696507700455813,0.318889159288388,0.146,0.115,1,"AP3M2"
0.0772188353693929,0.318810373557085,0.172,0.141,1,"MOGS"
0.00244603554071821,0.318743589745571,0.335,0.264,1,"LINC00861"
0.128337473078703,0.31821745309957,0.118,0.096,1,"EDC4"
0.0226655695238534,0.317996776612059,0.213,0.166,1,"BABAM1"
0.0656041050195716,-0.31782161042089,0.152,0.182,1,"FKBP5"
0.064709086460312,-0.317563521311722,0.179,0.209,1,"TRAF1"
0.017390981431183,0.317000473452787,0.168,0.125,1,"ZMIZ1"
0.0837177008943202,0.316440047458809,0.169,0.139,1,"SEC23B"
0.00525047522230754,0.316425367284897,0.398,0.34,1,"ITGA5"
0.0453224763063267,-0.316382218259877,0.081,0.107,1,"TMEM117"
0.0299989844023419,-0.31622995888834,0.302,0.34,1,"LINC01138"
0.279809027613229,-0.315894991260777,0.102,0.115,1,"NCAPH2"
0.0599282422934058,-0.315762960088083,0.18,0.209,1,"RPS6KB1"
0.243725694264142,0.315695222339455,0.101,0.086,1,"PMS1"
0.193128211037913,-0.315633536404319,0.098,0.115,1,"STYX"
0.0217186504408344,0.315566929782784,0.279,0.234,1,"CERT1"
0.136812984402991,0.315353757054142,0.145,0.123,1,"HCFC1R1"
0.0504122925553877,0.315123533998798,0.12,0.09,1,"ELAC2"
0.146231830419988,-0.315085849669617,0.13,0.15,1,"PYCR2"
0.0844341930104701,0.314781217663847,0.164,0.137,1,"GMPS"
0.0446428122334365,0.314645992475018,0.135,0.102,1,"NCAPD3"
0.261206805742624,-0.314478751068278,0.113,0.129,1,"ADAP1"
0.256767289910808,-0.314121683696761,0.101,0.115,1,"USB1"
0.023998417782829,-0.313920281484887,0.128,0.166,1,"ENSG00000290832"
0.0151586531558312,0.31391039599822,0.35,0.295,1,"PPP1CC"
0.000280747380635923,-0.313859405609939,0.621,0.66,1,"LEPROTL1"
0.186363163968778,-0.313849746059219,0.213,0.23,1,"IL16"
0.000139529885508249,0.313819577043167,0.413,0.311,1,"FASLG"
0.153639364408785,-0.313600671157258,0.1,0.119,1,"RRP12"
0.0399749480891567,0.313305337171542,0.15,0.115,1,"ZFYVE27"
0.0828502646625077,0.313175386631475,0.154,0.125,1,"ATL3"
0.0303901637783354,-0.313120886155511,0.111,0.145,1,"GBP1"
0.000327288323385751,0.3131171894934,0.595,0.521,1,"MXRA7"
0.0390061152046133,0.312767673231583,0.265,0.223,1,"PPP2R2B"
0.0463291341165095,0.31272751903502,0.179,0.143,1,"SNAP23"
0.028749053409783,0.312376345194561,0.23,0.189,1,"LDB1"
0.0490877797302592,0.311767860495734,0.108,0.078,1,"EIF2B2"
0.0518851228797848,-0.311765212237495,0.259,0.293,1,"INSIG1"
0.0108394834005576,-0.311648194062201,0.308,0.348,1,"SOD2"
0.000645196520215368,0.310747553794483,0.544,0.471,1,"PRMT2"
0.102978075696289,-0.310727261125963,0.116,0.141,1,"CNIH2"
0.0582169317752097,0.310685834482011,0.139,0.107,1,"HIBCH"
0.194060236582577,-0.31058877615802,0.126,0.143,1,"SBNO2"
0.000687182365125357,0.310568542977452,0.536,0.461,1,"LIME1"
0.0459450835533532,-0.310482984746429,0.153,0.188,1,"FOXK2"
0.157733154634236,0.310117525783771,0.113,0.092,1,"GIMAP6"
0.000363271215492188,-0.309898323777987,0.576,0.633,1,"LYST"
0.0487862592976177,0.309438123463811,0.299,0.26,1,"RBL2"
0.190449118987517,0.309412514262049,0.181,0.158,1,"WWP2"
0.0146250961747061,0.309218154402265,0.202,0.154,1,"APC"
0.268388419227226,-0.309169619541277,0.089,0.104,1,"FEZ1"
0.178553498734986,0.308923485217069,0.127,0.105,1,"MPPE1"
0.116051153959564,-0.308740219693804,0.234,0.256,1,"EPHA4"
0.0342965419547324,0.308584398523315,0.176,0.139,1,"SLC39A10"
0.00950099078700851,-0.308426546367894,0.25,0.297,1,"PPTC7"
0.0244425814841837,-0.308203247225323,0.338,0.381,1,"YWHAE"
0.139769551682483,-0.308103833376144,0.096,0.117,1,"YIPF6"
0.119735547989684,0.308074587129647,0.123,0.098,1,"AUH"
0.0919676103149247,0.308020010574731,0.149,0.119,1,"CCDC32"
0.0820192657627763,-0.307727885973884,0.203,0.23,1,"ECD"
0.039010099869289,-0.307551419672065,0.157,0.191,1,"CLPX"
0.293305621908144,0.307512470883777,0.104,0.09,1,"RUVBL1"
0.0069118405672517,0.307187671953147,0.349,0.287,1,"PTK2B"
0.100738060618038,0.306971203374258,0.179,0.15,1,"NIP7"
0.0524106254846944,-0.306856181100976,0.142,0.172,1,"NOP2"
0.132550192556759,-0.306679495942378,0.169,0.191,1,"BANP"
0.211197072572706,-0.306570961511324,0.18,0.199,1,"RRP1B"
0.199166362528302,0.306243515166725,0.124,0.104,1,"MARK4"
0.116269613503783,-0.306230928910245,0.109,0.131,1,"EXOC7"
0.162505055558521,0.306107991577899,0.149,0.127,1,"YWHAG"
0.0226855163170434,0.305731589472086,0.325,0.279,1,"DGKZ"
0.108354114932103,0.305676857143979,0.168,0.143,1,"MAP3K3"
0.0700882296743366,0.305562901446625,0.166,0.135,1,"IFI27L2"
0.171434014215165,-0.304977067082271,0.107,0.127,1,"RAB24"
0.235474103457599,0.304661679540897,0.128,0.111,1,"FASTK"
0.05944662198656,0.304454404978783,0.159,0.125,1,"DHX16"
0.0091132177496192,-0.304369744645339,0.512,0.547,1,"CCNL1"
0.104227316246698,0.304223800596265,0.175,0.148,1,"MTA2"
0.378645579649713,-0.304164254312377,0.104,0.115,1,"DCTN5"
0.369600831206951,0.30389199246426,0.111,0.1,1,"TYW3"
0.010024534234157,0.303876713938789,0.263,0.207,1,"NGRN"
0.0628096348106805,-0.303671396064426,0.153,0.184,1,"ZC3H7A"
0.0858880821617344,0.303264675380888,0.205,0.176,1,"ENSG00000291075"
6.49410432528973e-05,0.303180743719145,0.583,0.482,1,"HLA-DPA1"
0.00123505897144282,-0.302999004768053,0.342,0.41,1,"HIVEP2"
0.0103085655937693,-0.302921718047319,0.252,0.297,1,"ZNF267"
0.210359880799251,0.302656554547567,0.13,0.111,1,"RYBP"
0.611380251314172,-0.302346304153494,0.107,0.113,1,"DHRSX"
0.155801736262251,0.302317600526766,0.162,0.139,1,"ERG28"
0.00890614171311582,-0.302066168283175,0.434,0.482,1,"ARID5B"
0.0435085550179051,0.30147905496021,0.213,0.174,1,"ATXN2"
0.0147331746938675,-0.301408363408042,0.131,0.172,1,"BET1L"
0.0597074829417947,0.301380443642625,0.194,0.158,1,"ZBTB11"
0.114326851456754,-0.301358948819098,0.296,0.32,1,"CHMP1B"
0.170163482563271,0.301088690282401,0.112,0.092,1,"PRKD2"
0.158830601072821,0.300974864821714,0.103,0.082,1,"MTF1"
0.165940640454875,-0.300951713296066,0.182,0.201,1,"ITPKB"
0.00229907057017288,0.300919497847499,0.533,0.447,1,"ITGAL"
0.0130808550280805,-0.300855761428359,0.206,0.254,1,"FOXN2"
0.00267387585750926,0.300732354029387,0.329,0.254,1,"EFR3A"
0.235531855439542,0.300682770009435,0.103,0.086,1,"RPS6KA1"
0.51616100752121,-0.300656213813202,0.101,0.109,1,"ABTB3"
0.103754839880953,0.300601109996056,0.153,0.127,1,"DPP9"
0.0198113900697646,0.300447306188048,0.185,0.143,1,"PSTPIP1"
0.0645456798845995,-0.30032970378852,0.199,0.234,1,"G6PD"
0.0280776882740138,-0.300247594460762,0.335,0.373,1,"PMEPA1"
0.0571386270836827,-0.300196296532204,0.161,0.193,1,"EZH1"
0.371858572404555,0.300040146104265,0.108,0.098,1,"RUNX2"
0.0473043399383839,-0.299737501983513,0.097,0.125,1,"FAM193B"
0.12623539746083,0.298935917090662,0.141,0.117,1,"ZNF639"
0.0811545417807618,0.298909367044253,0.163,0.133,1,"SUMF2"
0.000140145210064437,0.298566527897491,0.439,0.346,1,"GIMAP4"
0.196804341863315,0.29854007591943,0.115,0.096,1,"ISOC1"
0.155009331074928,0.298467780183127,0.134,0.111,1,"LAMP2"
0.225557638492694,-0.298352738395486,0.088,0.104,1,"DUSP14"
0.0876354384056228,-0.297926963054051,0.228,0.258,1,"SNHG12"
0.0306789144862094,0.29768602975226,0.239,0.193,1,"CABIN1"
0.00315948021568478,-0.297559620381412,0.266,0.326,1,"GFPT1"
0.0712331647411422,0.297549817404544,0.146,0.117,1,"ITFG2"
0.056148531007356,-0.297514921708686,0.125,0.154,1,"PHLDB2"
0.210879762151822,-0.297504013298243,0.126,0.145,1,"MOSMO"
0.00202561524021584,0.297471870499752,0.351,0.285,1,"KLRG1"
0.0966888631254167,-0.297108834420583,0.108,0.131,1,"SQLE"
0.117547026451878,-0.296881360643252,0.115,0.139,1,"SATB1"
0.145660742558966,-0.29636490907573,0.119,0.141,1,"TTC7A"
0.0968517673219511,0.296353302257625,0.132,0.105,1,"BORCS6"
0.084300667994295,0.296201798349892,0.212,0.182,1,"LCORL"
0.130434412791259,-0.296005321211646,0.116,0.139,1,"POLR2D"
0.302775649032077,-0.295949813076411,0.102,0.115,1,"KMT2E-AS1"
0.00336739584922428,0.295944542816015,0.341,0.27,1,"SASH3"
0.0149194934062269,0.295664517032232,0.214,0.166,1,"TFG"
0.14755628772984,0.295511627884611,0.139,0.115,1,"CLEC16A"
0.182838598999976,-0.295441180057145,0.128,0.148,1,"TXLNG"
0.0645232314940805,0.29502007281211,0.194,0.158,1,"DNLZ"
0.00868524753532466,0.294857652546936,0.19,0.141,1,"NUDT5"
0.226026286254789,0.294813753532034,0.126,0.107,1,"COIL"
0.273392156053874,-0.29478661581293,0.255,0.275,1,"TUBA1C"
0.0771289479135126,0.294649713091856,0.167,0.135,1,"STXBP5"
0.0222499130384073,0.294600509298536,0.208,0.162,1,"PDZD8"
0.314510409352765,0.29458481876524,0.103,0.09,1,"ZFAND1"
0.209827531093468,0.29448338174979,0.137,0.117,1,"C2orf49"
0.0194800928709808,0.293897535821926,0.213,0.17,1,"SMC1A"
0.321526383343773,0.293563858119002,0.104,0.092,1,"GGPS1"
0.010859682389513,0.293555936926237,0.326,0.27,1,"MAP4"
0.0337739098351432,-0.293531218544959,0.186,0.227,1,"MED25"
0.396145215633804,-0.293516650549552,0.241,0.252,1,"GBP4"
0.360901107623045,-0.293476923019097,0.12,0.135,1,"LDLRAD4"
0.0377879039941403,0.293450102892209,0.208,0.168,1,"MFF"
0.00879655993405704,0.293152229118128,0.353,0.293,1,"CAPNS1"
0.523386471552158,-0.293114310042073,0.115,0.123,1,"DDX60"
0.00503149760342615,-0.293068383777799,0.281,0.334,1,"YWHAH"
0.0597734101503618,0.292769969178879,0.281,0.244,1,"USP8"
0.0446290546888395,0.292628700558473,0.258,0.217,1,"CCDC167"
0.906559149649109,-0.292161631639869,0.12,0.119,1,"N4BP3"
0.049097589183651,0.291887471498168,0.123,0.092,1,"SGCD"
0.103941695528889,-0.291792734776019,0.082,0.104,1,"INPP4B"
0.0145372770358274,-0.291698079415018,0.281,0.328,1,"CNPY3"
0.0300328036039114,0.291692711167186,0.221,0.178,1,"MRPS26"
0.0129237602446801,0.291668644144797,0.258,0.209,1,"HDLBP"
0.025093081606487,0.291317464493918,0.279,0.23,1,"SEPTIN11"
0.125691931244619,0.290976579391798,0.111,0.088,1,"EMC2"
0.215845659036203,-0.29093107123704,0.141,0.16,1,"SLC16A3"
0.00621460764255739,0.290884693826967,0.434,0.375,1,"JAZF1"
0.266172048582139,0.29087884165184,0.12,0.104,1,"FOXK1"
0.000535037964149247,0.290818721776528,0.413,0.336,1,"SKAP1"
0.104308950004929,0.290761778738264,0.133,0.107,1,"ZNF281"
0.0673807731721953,0.290708078474195,0.195,0.162,1,"PIKFYVE"
0.0426122341819766,-0.290618655018747,0.11,0.141,1,"ACSF3"
0.0237725735985754,0.290280720284206,0.201,0.16,1,"ENSG00000291214"
0.259280469899451,-0.290236620617155,0.098,0.113,1,"CRADD"
0.196413275049491,0.289808517295364,0.112,0.094,1,"EXOC3"
0.0301470971827587,0.289747916339589,0.318,0.273,1,"PANK2"
0.0910913787327182,-0.289620284358508,0.251,0.277,1,"OSER1"
0.0173191738353275,0.288653883376517,0.231,0.184,1,"ESYT1"
0.00978676852602712,-0.288610785973486,0.283,0.334,1,"MFSD14A"
0.0236098456191294,0.287887991297379,0.219,0.172,1,"SMC4"
0.000498656916147247,0.287712238410289,0.489,0.412,1,"DHRS7"
0.0619391096369169,0.287629113101392,0.227,0.188,1,"RASSF3"
0.195015977281676,0.287518161981137,0.1,0.082,1,"WDR75"
0.182532425647547,-0.287455198311021,0.087,0.104,1,"ENSG00000233912"
0.12638690883769,0.287403242863978,0.161,0.137,1,"GPR89B"
0.114180154532799,-0.287083616021911,0.168,0.193,1,"ZCCHC2"
0.0427554740750868,-0.287069252072719,0.223,0.26,1,"NUP58"
0.116149595819155,-0.286636638125414,0.086,0.107,1,"CHD7"
0.0510009174871575,-0.286538791925113,0.237,0.273,1,"ANKRD13D"
0.0623476244621203,0.286442027429503,0.148,0.115,1,"TSNAX"
0.0195370712094579,0.285873588449055,0.339,0.287,1,"PSMD6"
0.154846472245908,-0.285387413587535,0.107,0.129,1,"ERF"
0.0303067483690452,0.285346335103514,0.261,0.217,1,"POLR2G"
0.000201383887041501,0.28527386298959,0.623,0.531,1,"CD58"
0.0409139731745819,-0.285272174612914,0.145,0.18,1,"RRAGC"
0.296111660827253,-0.285192543422632,0.165,0.182,1,"HYOU1"
0.0403949538429373,0.284888157666301,0.236,0.195,1,"RPL7L1"
0.0401410397161731,0.284729383097315,0.343,0.299,1,"CTSD"
0.115395424272944,-0.284668803263871,0.217,0.244,1,"NCS1"
0.0855230304469832,-0.284553957265414,0.168,0.195,1,"ACSS1"
0.0396736728915469,-0.28445220510561,0.206,0.238,1,"VBP1"
0.174620880022774,-0.284437131752394,0.181,0.201,1,"ZNF506"
0.105770880516963,0.284403017592429,0.127,0.102,1,"MRPL39"
0.0209711054134811,0.284282558685475,0.274,0.221,1,"STRN"
0.0914502880742162,0.284255760470435,0.124,0.098,1,"NDUFV3"
0.0262614660625163,0.284150128329183,0.294,0.25,1,"SDHB"
0.130435207779622,-0.28404070136873,0.132,0.154,1,"GET4"
0.178406226612327,0.284026370401862,0.113,0.094,1,"LINC00342"
0.00619663255653257,0.283835243310551,0.278,0.215,1,"BLTP1"
0.00704318809855228,0.283820969352566,0.407,0.348,1,"NDUFA12"
0.0184252441405696,0.283807393513,0.28,0.227,1,"ANAPC11"
0.000142502782400778,-0.283136915474222,0.455,0.527,1,"COTL1"
0.084350182565239,0.283081449239099,0.166,0.137,1,"THOC7"
0.0712334380065743,0.282734688159734,0.138,0.107,1,"TMEM135"
0.511750153989358,-0.282241223487306,0.154,0.162,1,"XYLT1"
0.00240147826548972,0.282208959698573,0.456,0.396,1,"TXNIP"
0.403328398455871,0.282050178295699,0.111,0.1,1,"ADA2"
0.0385423385530532,-0.281961508620236,0.196,0.234,1,"DIDO1"
0.0839063142903992,0.281740549395025,0.127,0.098,1,"ZNF511"
0.0146181019027407,0.281570811342634,0.244,0.195,1,"KLHDC4"
0.000178771579480022,-0.281540841403794,0.611,0.68,1,"NFKB1"
0.103889995551222,0.281538884845223,0.104,0.08,1,"CCDC85C"
0.317886070965305,0.281394305638273,0.101,0.088,1,"CRACR2A"
0.140473116189199,0.281365849292455,0.137,0.113,1,"BMT2"
0.098115710952169,-0.281357639616924,0.125,0.15,1,"XRRA1"
0.0579393588388529,0.281010682525927,0.16,0.127,1,"FAM110A"
0.194606418374005,0.281005040140308,0.112,0.092,1,"TAPBPL"
0.117064281021546,0.280932211330751,0.116,0.092,1,"AKAP8"
0.0619102184937943,0.280883387841588,0.329,0.287,1,"PRRC2B"
0.0232275348413781,0.280790243472869,0.245,0.195,1,"STXBP2"
0.08159786849883,0.280780178240362,0.136,0.107,1,"GOSR2"
0.0978121531194439,-0.280740254385055,0.104,0.127,1,"HELB"
0.0230422401737778,0.280590466527139,0.199,0.154,1,"DRG1"
0.0443319921162982,-0.280519373245135,0.132,0.164,1,"THAP7"
0.144959447688053,0.279905921775338,0.133,0.109,1,"CHCHD1"
0.0173835361231298,0.279496087744628,0.256,0.203,1,"RASA1"
0.00146720279871585,-0.279092416637976,0.677,0.723,1,"CREM"
0.190622378314485,0.279090135620088,0.146,0.125,1,"DUSP12"
0.430237925361555,-0.278900334083514,0.093,0.102,1,"ANKRD27"
0.0295661116557733,0.27887954290333,0.248,0.205,1,"REXO2"
0.0774890656623972,0.278708326975757,0.177,0.145,1,"CAMKMT"
0.11078386345122,0.27831096009961,0.176,0.146,1,"NRF1"
0.0484871562785674,0.27814850208732,0.173,0.139,1,"KIF20B"
0.0628281270565838,0.278125834770121,0.217,0.182,1,"MCTP2"
0.00214163463421646,-0.277896747444707,0.691,0.717,1,"ATP1B3"
0.0727137045836922,-0.277884315200412,0.136,0.166,1,"TPD52L2"
0.00114907999083089,0.277853526847421,0.396,0.311,1,"LINC01871"
0.00130273277327051,-0.27780380990368,0.316,0.387,1,"PIK3IP1"
0.0481144019191377,0.277761666534833,0.211,0.176,1,"FAM104A"
0.20587365135476,-0.277577139714731,0.143,0.164,1,"PGRMC2"
0.187752538586092,0.276681251646111,0.182,0.158,1,"CLSTN3"
0.0537673169036662,0.276128476453293,0.234,0.193,1,"KLHDC2"
0.162241072286263,0.276058845017497,0.146,0.123,1,"BLTP2"
0.0241077764202002,-0.276057326298985,0.171,0.209,1,"NAA60"
0.163235684766008,0.276039308528556,0.116,0.096,1,"NELFB"
0.0980065352469924,0.275925578226014,0.191,0.162,1,"SLC2A1"
0.726944718159482,-0.275605359529722,0.117,0.121,1,"ABHD17B"
0.381644259507198,-0.275511631063784,0.106,0.117,1,"MFN1"
0.0170933462772451,-0.275495096331964,0.185,0.229,1,"VSIR"
0.198601313621477,0.275453156942829,0.164,0.145,1,"AXIN1"
0.161380179727866,-0.275336947860459,0.195,0.215,1,"DLD"
0.0546732445610092,-0.275054539849112,0.418,0.449,1,"DDIT4"
0.00218347802923479,0.274943175113165,0.466,0.387,1,"CCNDBP1"
0.368563641908168,-0.274911830943676,0.115,0.127,1,"UTP3"
0.0156647337537297,0.274499989515374,0.244,0.195,1,"FDPS"
0.357573070055126,-0.274468917460905,0.1,0.111,1,"OSBPL2"
0.0585896034104504,0.27380639399062,0.207,0.172,1,"TMEM71"
0.0751747437297195,0.27364025233084,0.269,0.234,1,"TOB1"
0.00850131255796315,0.273563488742513,0.235,0.182,1,"NSMCE2"
0.141679437290221,0.273364434626454,0.199,0.172,1,"SEC63"
0.110613757754227,0.272754878616093,0.122,0.098,1,"AP3M1"
0.00323802121055862,0.272674785440353,0.325,0.256,1,"SMC3"
0.0796356288078401,-0.272564034907575,0.177,0.207,1,"ACSL4"
0.0533490389316924,0.272113815472662,0.217,0.18,1,"MBD2"
0.0787411178840636,-0.2717963714749,0.156,0.184,1,"CEP95"
0.286076605540825,-0.271593067327498,0.157,0.172,1,"YES1"
0.00421457266771705,0.271531681001621,0.406,0.342,1,"SEC11A"
0.330923297103829,-0.271493482754007,0.114,0.127,1,"ZUP1"
0.241960995970979,-0.271459803225446,0.094,0.109,1,"RUSC1"
0.251690726361243,-0.271421033683365,0.191,0.211,1,"KLRC2"
0.264839444990908,-0.270990096616026,0.153,0.168,1,"HAPSTR1"
0.0582101237333358,0.270975192155904,0.143,0.111,1,"POP7"
0.410203289090176,-0.270935372194202,0.099,0.109,1,"TADA2B"
0.302234473359593,0.270588283211183,0.124,0.109,1,"RPRD1B"
0.0442041420070163,0.270326388291192,0.233,0.191,1,"ZBTB44"
0.278323789497905,-0.270252419519564,0.214,0.23,1,"GMDS"
0.0556836465733118,0.270231030373178,0.204,0.166,1,"CALCOCO1"
0.199805219408096,-0.270160351937794,0.127,0.146,1,"MRPL42"
0.00872863384667435,0.270079201001006,0.341,0.279,1,"EIF4G3"
0.0611973540948625,0.270054180647761,0.217,0.178,1,"WDR70"
0.157742596359063,-0.270026326092526,0.083,0.102,1,"TRMT6"
0.171659912219564,0.26989317295221,0.205,0.182,1,"TIMM13"
0.00516880642346399,0.269631157205469,0.411,0.352,1,"BCL9L"
0.0727656687898691,0.269578181290786,0.205,0.17,1,"CDC42EP3-AS1"
0.275428431230961,0.269526611999223,0.198,0.182,1,"RSRC1"
0.0435775384309818,0.269308238049395,0.205,0.168,1,"OPA1"
0.140362005866505,0.269285462142314,0.186,0.16,1,"FBXL3"
0.348567246906454,-0.269269071189761,0.105,0.117,1,"CFAP210"
0.167034934456923,0.26917546990995,0.152,0.131,1,"DCUN1D5"
0.147437250812706,-0.269123331864223,0.111,0.131,1,"DDHD2"
0.0636871219523444,-0.269044668904839,0.247,0.281,1,"PLEKHO1"
0.0101113127300963,0.268980337065639,0.343,0.285,1,"SECISBP2L"
0.205996438130373,-0.268936885519607,0.109,0.127,1,"PLEKHM2"
0.150134026117806,0.268828820059469,0.198,0.172,1,"LAX1"
0.108397648884865,0.26855188626331,0.204,0.174,1,"EMC10"
0.377475083508402,0.268448699012981,0.176,0.162,1,"SLC1A5"
0.019987766381288,0.268302320959823,0.282,0.232,1,"C4orf48"
0.287786980742021,-0.268289729520552,0.112,0.127,1,"PNO1"
0.119605810081366,-0.268166432555516,0.101,0.123,1,"ODR4"
0.00302026962662101,0.268076025336216,0.56,0.486,1,"DOCK8"
0.0101911990913148,0.268021902780947,0.241,0.186,1,"ZBP1"
0.022372343632004,0.268010870812676,0.405,0.361,1,"CCT2"
0.20408045148544,-0.268009099686001,0.151,0.17,1,"SMIM10L1"
0.0637004253230789,0.267663970750182,0.317,0.271,1,"IER5L"
0.0506684510917898,0.267582762366661,0.285,0.244,1,"RABIF"
0.149159954154497,-0.267454726941216,0.2,0.223,1,"C6orf62"
0.0494316453192093,0.267388480469511,0.241,0.199,1,"CCDC107"
0.283265481330324,-0.267339754443531,0.117,0.131,1,"NOL10"
0.0615468692463682,0.267296014023024,0.341,0.309,1,"RBM42"
0.0212603537786505,0.26727170318283,0.413,0.367,1,"BRD7"
0.00138491350300067,-0.267197657291138,0.744,0.762,1,"YPEL5"
0.10451655535829,-0.267068365457401,0.271,0.295,1,"TPP2"
0.163594941736535,0.267050641337521,0.152,0.131,1,"TOR1A"
0.173524412309396,0.26704604154269,0.147,0.125,1,"GOPC"
0.0361410872166313,0.266911614450727,0.191,0.148,1,"SNRNP40"
0.26537769302429,0.26684766905552,0.124,0.107,1,"HEXB"
0.0905329628788538,0.266627330191982,0.19,0.158,1,"KPNA6"
0.0573478542774681,-0.266540540397975,0.243,0.275,1,"FAM120B"
0.118493085610548,-0.266371045422062,0.15,0.174,1,"SLFN11"
0.163937827814457,0.266315735594437,0.141,0.117,1,"XPO7"
0.114910666327169,0.266041973804025,0.219,0.188,1,"FKBP4"
0.0045248460398169,0.265919125045014,0.363,0.289,1,"PIK3CG"
0.15578574900445,0.265916694293069,0.14,0.115,1,"GNPAT"
0.0440993855199854,-0.265727641828087,0.119,0.15,1,"KIAA0513"
0.00101875517873133,0.265687977677931,0.411,0.314,1,"RAPGEF1"
0.237961110446654,-0.265619549372467,0.104,0.121,1,"PDPR"
0.0416229588147547,0.265463774814894,0.21,0.17,1,"MRPL16"
0.00592223290391044,-0.265376353695068,0.582,0.609,1,"CD48"
0.0423563690788453,-0.265368436181788,0.37,0.406,1,"MYLIP"
0.0290719452185339,0.265165507970814,0.346,0.299,1,"SAMHD1"
0.254131522302367,-0.264724006810017,0.134,0.15,1,"COA4"
0.210940283086062,0.264240249498613,0.127,0.107,1,"RPAP3"
0.248664531394108,-0.263860867669675,0.138,0.154,1,"ZEB1"
0.132441944880605,0.263784538655444,0.134,0.109,1,"NOC4L"
0.049511731800359,0.263364678919198,0.126,0.094,1,"PHF10"
0.248110762006038,-0.263331479130028,0.109,0.125,1,"ZHX1"
0.000355842827802604,0.263271222665619,0.65,0.564,1,"ANXA5"
0.115469561542178,-0.263211943511164,0.11,0.133,1,"CHST7"
0.043435824730303,-0.26311332093396,0.144,0.178,1,"RASGEF1B"
0.402792080451748,-0.263077795335819,0.297,0.314,1,"DUSP1"
0.772449277468047,-0.2630159990923,0.109,0.111,1,"ASH2L"
0.22438060016033,-0.262964876042469,0.146,0.164,1,"RBBP5"
0.257011359050675,-0.262945100023127,0.149,0.166,1,"SLC4A1AP"
0.226303887955727,-0.262720542374893,0.095,0.111,1,"UFSP2"
0.0308924569603926,0.262498543924365,0.285,0.236,1,"PDXDC1"
0.146008524693984,0.26240736393201,0.226,0.201,1,"TCIRG1"
0.0361062251547426,0.262309154711016,0.354,0.314,1,"SP110"
0.0152282472142839,0.262090560347689,0.226,0.174,1,"PHYKPL"
0.319518030305864,-0.262087609062872,0.112,0.125,1,"ZNF12"
0.0982841799997782,-0.262082422948958,0.291,0.32,1,"KLRC4"
0.329745608658609,0.261770005760546,0.173,0.158,1,"APPL2"
0.0335240156524607,0.261685353122712,0.254,0.211,1,"ZNHIT1"
0.00171791995161762,0.261673113493009,0.491,0.408,1,"IRF1-AS1"
0.152285267414345,-0.261635352617627,0.32,0.342,1,"CAPRIN1"
0.0264036362906072,-0.26136053927126,0.238,0.281,1,"GCH1"
0.00321004992139982,-0.261300905747811,0.482,0.537,1,"TOP1"
0.219340985470458,0.260906269535888,0.137,0.115,1,"FBXO38"
0.108112818147538,-0.260830897668502,0.082,0.104,1,"FAM53C"
0.0076418726341217,0.260777536801848,0.416,0.355,1,"MED13L"
0.0990854810262791,0.260775817150326,0.245,0.219,1,"ZNF335"
0.0592700621694728,0.260616325511922,0.18,0.146,1,"STX12"
0.0451857325537885,0.260478891770616,0.42,0.373,1,"TRABD"
0.309308581867879,0.260464398578724,0.164,0.148,1,"HK1"
0.301794788572824,-0.260426365854175,0.148,0.164,1,"DYRK1B"
0.124022608040278,-0.259933642682845,0.185,0.213,1,"MAML2"
0.0896626243072485,-0.259907201832714,0.199,0.229,1,"PABPC4"
6.77917155112194e-05,0.259852883680696,0.74,0.686,1,"RAC2"
0.0931401713746775,0.25975898343412,0.271,0.236,1,"AMZ2"
0.0724439549723731,0.259662697103299,0.108,0.082,1,"OSBPL11"
0.194713570410132,0.259324564651637,0.151,0.129,1,"NUP133"
0.403860655746125,-0.25925422536083,0.116,0.129,1,"ELP5"
0.163567867781144,-0.259158263467227,0.099,0.117,1,"SLC23A2"
0.184917593035876,-0.259112778128259,0.209,0.229,1,"PRKCA"
0.275628279568014,-0.259081580683543,0.161,0.178,1,"PFKFB3"
0.00547158832858873,0.258965754973244,0.635,0.574,1,"ABLIM1"
0.402683082677123,-0.258920288979499,0.089,0.1,1,"ANAPC13"
0.33296181607519,-0.258903480759625,0.106,0.119,1,"PSME3IP1"
0.0314844095303794,0.258766898020531,0.27,0.221,1,"MVP"
0.231968778193893,0.258667541338697,0.104,0.088,1,"ACTR8"
0.186993451530485,0.258616655603185,0.109,0.09,1,"C2CD5"
0.0777464370414839,0.258586521945367,0.268,0.234,1,"RHOC"
0.563745190100762,-0.258551030118054,0.105,0.111,1,"NSMCE4A"
0.0394428120105363,0.258486808299204,0.202,0.164,1,"TSR2"
0.67314759714902,-0.258285060743326,0.112,0.115,1,"SLC25A46"
0.444303421149192,-0.258173980023884,0.095,0.105,1,"CCDC57"
0.0629205515405871,0.258148078933832,0.299,0.26,1,"RPP21"
0.493476397301614,-0.258142408503911,0.145,0.154,1,"SFI1"
0.123579790646996,0.25796445104922,0.153,0.127,1,"COMMD8"
0.349166733544471,-0.257899902344817,0.115,0.127,1,"SH3GL1"
0.371036341991661,0.257810202197186,0.1,0.088,1,"PPIL3"
0.057308161186736,0.257621406276832,0.159,0.127,1,"ANKRD13A"
0.400098523232153,0.257416924311453,0.105,0.094,1,"SMARCAD1"
0.378746249755108,-0.257394831212647,0.154,0.168,1,"NAA35"
0.00531137304449077,0.256773339534419,0.373,0.309,1,"OCIAD1"
0.0135424507734452,0.256651709455417,0.27,0.215,1,"PPP2R5E"
0.00902684419397564,-0.256649597977026,0.29,0.34,1,"JARID2"
0.303446246572673,0.256527065160662,0.139,0.123,1,"JAK2"
0.133400833168501,0.256456927304952,0.164,0.137,1,"CCAR2"
0.210473063817662,0.256381694048335,0.111,0.094,1,"ZBTB21"
0.0845482435885925,-0.25634310086204,0.149,0.176,1,"SLC30A5"
0.0818896779377972,0.256307759033509,0.165,0.133,1,"NSL1"
0.0213257990830735,0.255952183888886,0.232,0.188,1,"RNF169"
0.253231181696606,0.25589553307857,0.152,0.133,1,"SKIC3"
0.816006874569226,-0.255841116298963,0.115,0.115,1,"TAF6"
0.0360087346340046,0.25580529306038,0.376,0.336,1,"TSEN54"
0.198828685566555,0.25567764929579,0.106,0.088,1,"DFFA"
0.14963936450782,0.255470084258573,0.175,0.148,1,"NHP2"
0.057991959844246,-0.255249389176728,0.303,0.332,1,"RAB1A"
0.0486587432047635,-0.255160253172315,0.207,0.24,1,"UBR3"
0.06161566331478,0.254947745620544,0.189,0.154,1,"PRKCI"
0.366766090989726,-0.254910746824838,0.114,0.125,1,"PPA2"
0.203875647449949,0.254893821731983,0.109,0.09,1,"JMJD8"
0.186571757218586,0.254450632038198,0.212,0.188,1,"CCDC28A"
0.0400558830539041,0.254212978069494,0.276,0.23,1,"PKN1"
0.238807854474397,-0.253989704287126,0.113,0.129,1,"ZNF493"
0.0937236241435992,0.253940468176391,0.17,0.141,1,"IL12RB1"
0.000446833787833311,0.253882417528065,0.545,0.453,1,"MYO1F"
0.188423187375859,-0.253606239687671,0.117,0.137,1,"CLK2"
0.313172492857217,0.253583189271907,0.108,0.094,1,"ZNF398"
0.130292955552973,0.25356524910923,0.121,0.1,1,"TRIAP1"
0.124238831995022,0.253409690450563,0.193,0.164,1,"HIVEP3"
0.16672589303691,0.253375108875766,0.149,0.125,1,"TMEM256"
0.0390139136618966,-0.253285583080486,0.367,0.406,1,"CD55"
0.134437591146582,0.253257444630866,0.156,0.127,1,"YKT6"
0.324251646034776,0.253255431310353,0.138,0.123,1,"FAM78A"
0.180518760975278,-0.253195245374453,0.133,0.154,1,"TRIM13"
0.248234631087689,0.253070264061931,0.127,0.109,1,"ZDHHC12"
0.171319601986771,0.253055439305967,0.15,0.125,1,"MED8"
0.237227006424695,-0.253050110986443,0.179,0.195,1,"IRAK4"
0.156975583967913,0.252987876445545,0.123,0.102,1,"ZMYM4"
0.0346489401622217,0.252737481306739,0.283,0.238,1,"RNF216"
0.0154631848662698,0.252361061068238,0.411,0.359,1,"ZBTB38"
0.0165500922308763,0.251992407020798,0.34,0.289,1,"TSPAN14"
0.112599228496549,0.251976011701647,0.151,0.123,1,"TMEM126A"
0.0531874880935489,0.251860795073032,0.175,0.137,1,"SMARCD2"
0.549951657068791,-0.251696037858708,0.173,0.182,1,"DCP1B"
0.24318049568429,0.251652260749609,0.103,0.086,1,"IRF2BP1"
0.0276275141389774,-0.251309449132571,0.268,0.307,1,"IFRD1"
0.213537455890207,-0.251200361398353,0.141,0.158,1,"CBX6"
0.312076672232243,-0.251063292082812,0.155,0.17,1,"TAF9"
0.54754888008362,-0.250989846556247,0.107,0.113,1,"EI24"
0.00978397391866137,-0.250437851722057,0.308,0.357,1,"SRP54"
0.0285994958948014,-0.250313855820757,0.289,0.33,1,"HCP5"
0.0496851552797557,0.250278074398766,0.216,0.176,1,"BTN2A1"
0.111953745353246,-0.250129667287916,0.084,0.105,1,"ENSG00000288528"
0.142072744755416,-0.250081702470966,0.227,0.248,1,"APPL1"
0.319523992497809,0.249962859696677,0.108,0.094,1,"APTX"
0.000279105742472964,0.249930186215341,0.584,0.492,1,"DBI"
0.132105550103563,0.249903311851597,0.19,0.164,1,"PPFIA1"
0.177071273827636,-0.249863084049887,0.111,0.129,1,"SKIC2"
0.336749274466114,0.249782579848584,0.116,0.102,1,"IBTK"
0.310263045546013,0.249631931070616,0.155,0.139,1,"HDDC2"
0.00136522938060878,-0.249631315229362,0.84,0.857,1,"SRSF7"
0.121354855469706,-0.249416154269696,0.124,0.146,1,"JAK3"
0.0115109277601649,0.249305306965512,0.299,0.24,1,"PPP6R1"
0.120206498273041,0.249240781530935,0.115,0.092,1,"SUGP1"
0.0612689007487797,-0.248819249538753,0.302,0.332,1,"IPO7"
0.00935249606932202,0.248789681395754,0.471,0.416,1,"DUSP10"
0.235341728257695,0.248778055860784,0.122,0.104,1,"PEDS1"
0.104369826054068,0.248573039571515,0.316,0.283,1,"SUPT5H"
0.031895847118789,0.248364158403409,0.248,0.201,1,"KIF22"
0.000370829255226015,0.248298723719663,0.611,0.527,1,"HIGD2A"
0.338858394130657,-0.248212280944182,0.12,0.133,1,"C5orf15"
0.0646083892521804,-0.248083761406248,0.319,0.342,1,"ANP32E"
0.108959900750974,0.247844156229042,0.28,0.244,1,"GIMAP1"
0.0672894024161378,-0.247698383332236,0.21,0.242,1,"IFFO2"
0.0258103288580675,0.247581305881266,0.288,0.236,1,"RPTOR"
0.617618769275719,-0.247502837151732,0.106,0.111,1,"STAT2"
0.0654743572389551,0.247449940245443,0.177,0.143,1,"DCTN1"
0.273679186821772,-0.24719377063075,0.128,0.145,1,"PDE4A"
0.110329065237459,0.247032775915417,0.165,0.137,1,"GXYLT1"
0.00750331057369322,-0.246979905661445,0.457,0.508,1,"MARCKSL1"
0.000436108466407532,0.246938466052324,0.715,0.635,1,"C12orf75"
0.287515936492668,0.246623103686259,0.138,0.121,1,"PDE8A"
0.41769751919443,0.246556977200211,0.148,0.137,1,"BAG5"
0.0286698928306684,0.246525686509689,0.392,0.334,1,"RAP2B"
0.423181511371426,-0.246521353952122,0.118,0.129,1,"OAS2"
0.0170166231451188,0.246458176873814,0.227,0.178,1,"SMARCB1"
0.130980393817259,-0.246421444586308,0.11,0.133,1,"PARN"
0.100318753553621,0.246394400528507,0.134,0.105,1,"MRPS18A"
0.0655675389949615,-0.246352152094178,0.317,0.346,1,"NUFIP2"
0.386493572554831,-0.246220012209312,0.275,0.283,1,"C21orf91"
0.149789271221491,0.246102214169748,0.172,0.148,1,"ENSG00000231128"
0.613250523775474,-0.245845768844681,0.094,0.1,1,"PGGHG"
0.322468925434905,-0.245516750839117,0.111,0.123,1,"TBL3"
0.0734255978939987,0.245340620869733,0.114,0.086,1,"ZNF100"
0.111976777447757,0.24526677080616,0.239,0.207,1,"RSU1"
0.0947086586698301,0.245190036705776,0.114,0.088,1,"PIGH"
0.110085432591075,0.244719167104272,0.112,0.088,1,"DELE1"
0.24623079652596,-0.244670991384817,0.135,0.152,1,"RNF2"
0.123312577519417,0.244665138122519,0.357,0.332,1,"ZNF148"
0.433985076953354,-0.244507949693881,0.111,0.121,1,"DTNB"
0.0525370194151783,-0.24445863752391,0.295,0.332,1,"MLLT3"
0.0872342132780893,-0.244377712401299,0.26,0.293,1,"LMBR1"
0.501383220765386,-0.244103968689125,0.155,0.16,1,"RNASEH2C"
0.00298933353633985,0.244015163698829,0.53,0.455,1,"CDK2AP2"
0.25731772650587,0.243871380048826,0.124,0.107,1,"TOM1L2"
0.0983857994358988,-0.243739790569196,0.182,0.211,1,"ERN1"
0.258844758927626,-0.243726729367224,0.089,0.104,1,"SUMF1"
0.480957942553021,-0.243638832852586,0.144,0.152,1,"FBXL6"
0.383368561322056,-0.243594043651488,0.129,0.143,1,"CD84"
0.158021920080406,0.24357471076535,0.136,0.113,1,"DNAJB12"
0.0135376510459333,-0.243573669026822,0.485,0.527,1,"CYCS"
0.0192470852812984,0.243478363454393,0.238,0.186,1,"ELAVL1"
0.363901654019776,-0.243262999083202,0.092,0.104,1,"PURB"
0.0216857247384291,0.243204445981945,0.292,0.232,1,"UAP1"
0.329266611857673,-0.242628041322239,0.217,0.23,1,"FAM32A"
0.0750339258702543,-0.242549995133691,0.178,0.209,1,"DDX42"
0.293881552309028,0.242520732488404,0.12,0.104,1,"ARNT"
0.156497755637513,0.242397278713509,0.224,0.199,1,"RBCK1"
0.178023078731405,-0.242307490519753,0.093,0.111,1,"ENSG00000290569"
0.111550680836773,0.242293580346505,0.158,0.131,1,"PRPF3"
0.0361950149966702,-0.242259779432601,0.299,0.336,1,"PPP1R10"
0.0856835427100609,0.24198567046957,0.185,0.152,1,"WDR46"
0.269755456978619,0.241784353691016,0.126,0.107,1,"REEP4"
0.0712256164403175,-0.241741783979744,0.099,0.125,1,"LRCH4"
0.212210128551877,-0.241452182547293,0.171,0.191,1,"UBAP2"
0.0330702964514632,0.241290192749086,0.456,0.398,1,"TBX21"
0.00619489435676494,0.241277384649177,0.455,0.4,1,"CCDC12"
0.0647811261795087,0.241173941582526,0.155,0.123,1,"RAP2A"
0.258178887496061,0.240988085300381,0.17,0.15,1,"COMMD2"
0.0762360027968918,-0.240912777566632,0.168,0.197,1,"DNAAF2"
0.20416479153911,0.240876976838621,0.22,0.195,1,"COPS5"
0.232665128800326,-0.240718306925698,0.206,0.223,1,"NSMAF"
0.201051503467545,-0.240696716122206,0.26,0.281,1,"BUD23"
0.311105492075836,0.24053884345979,0.113,0.098,1,"CAT"
0.124387817776955,0.240533339571759,0.193,0.164,1,"LSM5"
0.0191806687119301,0.240503632564678,0.407,0.352,1,"PTBP3"
0.0313055497576952,0.240082966465294,0.424,0.381,1,"SEM1"
0.35234829294046,0.239912172771242,0.119,0.105,1,"ATG2B"
0.550988639174775,-0.239758577226086,0.105,0.113,1,"ATMIN"
0.242930130328758,0.239582835938965,0.178,0.158,1,"ZNF830"
0.000219669486051394,0.239397171701624,0.651,0.568,1,"ATP5MC3"
0.125742253858626,0.23923127699787,0.126,0.102,1,"GOLGA2"
0.172757238633997,-0.239142264637709,0.107,0.127,1,"POLR1F"
0.122670972147534,0.239033234988878,0.113,0.09,1,"DPM2"
0.313309043622915,-0.238994917159143,0.135,0.148,1,"DRG2"
0.173497601673343,0.238782394657527,0.163,0.139,1,"CENPT"
0.143228145887668,0.238525682972369,0.34,0.312,1,"TPM4"
0.0360611108036175,-0.238508979693902,0.317,0.363,1,"GPR132"
0.137308205627608,0.238433889760912,0.15,0.125,1,"IFT52"
0.200599268728048,-0.238403887301838,0.145,0.164,1,"NBAS"
0.00701539291566519,0.23838093901641,0.335,0.266,1,"TIAL1"
0.218120716777159,-0.238277189044192,0.139,0.158,1,"NDUFB5"
9.08673542929629e-05,-0.238049956871534,0.877,0.887,1,"ENSG00000278996"
0.043829071275637,0.237708709588178,0.287,0.246,1,"ZDHHC20"
0.163364307597397,0.237464320558909,0.183,0.16,1,"EED"
0.0640156512674831,-0.237374207129831,0.153,0.186,1,"PRKAG2"
0.276911063034125,-0.237352230622198,0.159,0.178,1,"NUP160"
0.023500486918845,-0.237292231489628,0.326,0.371,1,"RBBP7"
0.211890985397346,-0.237234075950527,0.12,0.139,1,"HS2ST1"
0.185444739746476,-0.237180504734219,0.117,0.137,1,"TMEM134"
0.406888382780036,-0.237179489901597,0.117,0.127,1,"ATXN7L3B"
0.411104872756804,-0.237151128938804,0.142,0.154,1,"RARS1"
0.0723032198674917,0.236981256388979,0.342,0.305,1,"DPYD"
0.0270581934422174,0.236908219116048,0.233,0.188,1,"RASGRP2"
0.240021659265546,-0.236832879114968,0.13,0.146,1,"TRIM11"
0.221228054529945,-0.236428531579195,0.1,0.117,1,"SCAMP4"
0.0915771311366321,0.236364778995765,0.158,0.127,1,"USP37"
0.328201665838649,0.236240070605741,0.118,0.104,1,"APOBEC3D"
0.194611384177167,-0.236121022811952,0.242,0.264,1,"ERC1"
0.0487323314489281,-0.235737328568327,0.338,0.371,1,"ISCA1"
0.111777600591615,0.235718379081852,0.158,0.133,1,"ARFGEF2"
0.159469152651548,0.235657707366111,0.14,0.117,1,"ZSWIM8"
0.185394405094206,0.235267234498293,0.145,0.125,1,"JAGN1"
0.0980303780504047,0.235180680798618,0.136,0.107,1,"ZMPSTE24"
0.157012394575725,-0.2348345036626,0.117,0.139,1,"CTNNAL1"
0.071082215771321,0.234524911139482,0.186,0.152,1,"MFSD14B"
0.018231596117002,0.234504927706847,0.241,0.191,1,"ENSG00000288915"
0.000663016960114337,-0.234374588820905,0.78,0.82,1,"ARL6IP1"
0.0583702216905307,-0.234307624094548,0.381,0.416,1,"RBMX"
0.381064823484158,-0.233992298496261,0.146,0.158,1,"CCNG1"
0.202778873853098,-0.233859001981151,0.141,0.162,1,"TOPORS"
0.134427282286199,-0.233794619169967,0.154,0.178,1,"EXOSC8"
0.585927178398385,-0.233705743825444,0.116,0.125,1,"ATP6V1C1"
0.0695728322918999,0.233482071271353,0.301,0.264,1,"UBE2H"
0.164339958734463,0.233415813268512,0.158,0.135,1,"ALDH9A1"
0.179856537445965,0.233351408970366,0.175,0.15,1,"DIAPH2"
0.531878448759994,-0.233314330792421,0.108,0.115,1,"UTP18"
0.290631665742235,0.233195942981532,0.124,0.107,1,"LTBP4"
0.275825920769488,0.233191614594897,0.128,0.111,1,"USP32"
0.0153206953265517,-0.233164233334332,0.142,0.186,1,"JPX"
0.0852989019856654,0.23301297096377,0.165,0.133,1,"SENP7"
0.00927746287057292,0.232782564494114,0.378,0.311,1,"STUB1"
0.0178482076497517,0.23275352566453,0.386,0.328,1,"PSMD2"
0.0282181259006846,-0.232591993920982,0.274,0.314,1,"IRAG2"
0.238419197673663,0.232555753458589,0.169,0.148,1,"PPT1"
0.0944856561356534,0.232515992829009,0.242,0.207,1,"MNAT1"
0.18927305358961,-0.232349285517774,0.159,0.18,1,"FAM136A"
0.00473663363580938,0.232331153541745,0.517,0.438,1,"ANXA11"
0.310436365203554,0.232313247161282,0.13,0.115,1,"UCHL3"
0.119796720956989,0.232294227467263,0.145,0.119,1,"SEPHS2"
0.225873562239187,0.232058167808404,0.1,0.084,1,"SERPINB6"
0.225984372360139,-0.232037327298273,0.267,0.289,1,"PAF1"
0.212808438702409,-0.23203083350841,0.12,0.139,1,"ATG9A"
0.153517022667685,0.232027643959239,0.2,0.174,1,"MED31"
0.0374271428159883,-0.231938550524528,0.342,0.379,1,"ATP6AP2"
0.224302250444833,-0.231933414087362,0.181,0.199,1,"TSPOAP1-AS1"
0.0323079304950646,0.231901654488504,0.375,0.326,1,"TBCB"
0.173684274106415,0.231870454381934,0.225,0.197,1,"MAP2K4"
0.0638920035884106,-0.231815263440823,0.631,0.658,1,"SLC2A3"
0.265559789239615,0.231733272972152,0.143,0.125,1,"C3orf38"
0.120865498352053,0.231489188021968,0.279,0.248,1,"FAM50A"
0.230213509994174,0.231465299814988,0.123,0.105,1,"HPS6"
0.0629261715123285,0.231318567814472,0.132,0.1,1,"TEDC1"
0.365493152593368,-0.231174028548779,0.155,0.168,1,"ABCE1"
0.251659173451761,0.231150569615507,0.16,0.141,1,"COMMD10"
0.22244767091241,0.230932775081077,0.223,0.199,1,"LPP"
0.186473696193106,0.230705895681854,0.105,0.086,1,"ABRAXAS2"
0.00879445578409924,0.230344667172497,0.404,0.344,1,"GNPTAB"
0.0255577872801757,0.230205228905861,0.332,0.281,1,"RNPEPL1"
0.0998259879090583,0.230180762546144,0.17,0.143,1,"PFDN4"
0.570673198252215,-0.230058137456838,0.098,0.105,1,"ARL13B"
0.454019519000552,-0.230015683215957,0.129,0.141,1,"MSL1"
0.193350740670535,0.229940504794147,0.107,0.088,1,"GATD3"
0.0724904944179033,-0.229686491604699,0.338,0.371,1,"DYNLT1"
0.028584183227134,0.229669108712728,0.373,0.32,1,"NDUFB6"
0.285619835899627,0.229368832101616,0.141,0.125,1,"DALRD3"
0.135076321214397,-0.22916369075455,0.263,0.285,1,"STX5"
0.115052995176537,0.229051143776343,0.206,0.176,1,"SBF1"
0.138351715302028,0.228923955657927,0.199,0.172,1,"EIF4EBP1"
0.0222204142282057,0.228697545452328,0.408,0.361,1,"SERINC3"
0.158693609557764,0.228660641240725,0.251,0.227,1,"GLIPR2"
0.107689972887494,0.228542932004615,0.266,0.229,1,"SMAD7"
0.00977631319990236,-0.228525862631681,0.368,0.422,1,"NFKB2"
0.0916523330674575,0.228461714419711,0.179,0.146,1,"FAM120AOS"
0.0120525377157075,-0.228392583851511,0.706,0.717,1,"PIK3R1"
0.00825594928749994,0.228250285964269,0.424,0.363,1,"POLR1D"
0.128221285005132,0.228173022325853,0.174,0.146,1,"SNX20"
0.115403088752557,-0.22802168282349,0.149,0.174,1,"INTS6L"
0.34453260348195,-0.228021313511282,0.117,0.131,1,"FRS2"
0.097418316456239,0.227933954836331,0.144,0.115,1,"ENSG00000291188"
0.0828368120140072,0.227900482872364,0.375,0.334,1,"MRPL54"
0.248016271628368,0.227883404095714,0.181,0.16,1,"AK3"
0.430235092793994,-0.227810612727744,0.458,0.455,1,"TRBC1"
0.0665613347566517,-0.227688780559898,0.351,0.375,1,"ELOVL5"
0.684286644702247,-0.227624956295676,0.132,0.137,1,"TBC1D10A"
0.0112138822253861,0.227580952969116,0.331,0.268,1,"LPCAT1"
0.33187515417986,-0.227473446265722,0.096,0.111,1,"ECE1"
0.0263250118223886,0.227419430699395,0.27,0.221,1,"SLU7"
0.0572646442948224,-0.227396217752512,0.188,0.221,1,"IL4R"
0.0443821526349992,-0.227145783840461,0.22,0.258,1,"WASHC4"
0.362597361730671,-0.227142183636015,0.199,0.211,1,"TGIF2"
0.211130750192074,0.227108970413759,0.133,0.113,1,"SLC35A1"
0.218176652905341,0.227077821686058,0.133,0.113,1,"GOLGA8A"
0.397368820317774,-0.227071249403805,0.098,0.109,1,"DCAF16"
0.191823059268826,-0.227003006355948,0.24,0.266,1,"RC3H2"
0.184270771572225,0.226937358760429,0.28,0.254,1,"THOC2"
0.77050618166013,-0.226590798379956,0.103,0.105,1,"SHLD1"
0.144148376516647,-0.226546705768941,0.246,0.27,1,"PRKCSH"
0.99698598174859,-0.226443966164232,0.129,0.127,1,"ANTXR2"
0.132804419257156,0.226422179358284,0.214,0.184,1,"NBEAL2"
0.0305082431737016,-0.226417093411788,0.697,0.705,1,"NFKBIA"
0.731027889979625,-0.226290419544261,0.14,0.143,1,"CASZ1"
0.0672360930893354,0.226236402162881,0.426,0.387,1,"GABARAPL2"
0.40784300244579,0.226201030510696,0.146,0.135,1,"C6orf136"
0.062105258318869,0.225987211793465,0.189,0.154,1,"MCRS1"
0.0370127113195293,0.225769035342088,0.174,0.135,1,"MRPS35"
0.0223926319559765,0.225729532861413,0.49,0.453,1,"CCT3"
0.150530240007818,-0.225619223854262,0.109,0.131,1,"KLHL18"
0.107256831789765,-0.225593867110412,0.335,0.359,1,"SEPTIN6"
0.00291509464218655,0.225497768204927,0.583,0.494,1,"HERC1"
0.432818794899893,-0.225452205447116,0.127,0.139,1,"SLC39A8"
0.0609045047732833,-0.22527210435186,0.365,0.398,1,"EIF1B"
0.000144208506369004,0.225250785992252,0.701,0.613,1,"GNG5"
0.0229749316303034,0.224900614243897,0.282,0.234,1,"RRP36"
0.00278832996073436,0.224654916584532,0.403,0.328,1,"SCAMP2"
0.0977118223940057,0.224374669427748,0.267,0.229,1,"SPIDR"
0.0595979300248064,0.224245377444945,0.348,0.307,1,"TFDP2"
0.124875747626412,-0.224243527171019,0.17,0.195,1,"TRIM44"
0.300606278689348,-0.224201828925832,0.093,0.107,1,"DNAJC4"
0.106818031637284,0.224196355752493,0.205,0.174,1,"PNKP"
0.166214092013033,0.224132252417698,0.196,0.172,1,"MCMBP"
0.00164970815423163,-0.22409634311225,0.971,0.977,1,"JUND"
0.457590781318515,0.223961972643941,0.164,0.152,1,"BPGM"
0.00526278879984729,0.223937653890375,0.69,0.648,1,"PTPN22"
0.240152842427026,-0.223936938322044,0.158,0.176,1,"TIGAR"
0.157305052401306,0.223824465205637,0.149,0.125,1,"GTF2F2"
0.0653653458376536,-0.22375825329687,0.337,0.375,1,"DENND4A"
0.000416570742189149,0.22368555554382,0.636,0.545,1,"PDE7A"
0.317568883178981,-0.223576228631836,0.178,0.193,1,"RETREG2"
0.388283210514131,-0.223536454093968,0.135,0.148,1,"POLR1C"
0.148679776046491,0.223456212049205,0.103,0.082,1,"IRF2BPL"
0.138278095330773,0.22325706738241,0.161,0.135,1,"SNHG17"
0.0604690343869555,-0.223160059951129,0.075,0.1,1,"SGK3"
0.285435619239337,0.222742593530325,0.195,0.178,1,"PFDN1"
0.177850646651634,0.2226159635527,0.267,0.24,1,"CHCHD3"
0.00408005120366965,0.222584983676297,0.429,0.352,1,"SH3BGRL"
0.607191995563389,-0.2224986134569,0.147,0.152,1,"MAF"
0.122715089196377,-0.222482759528948,0.192,0.219,1,"KLRK1-AS1"
0.271252717255281,-0.222394081115177,0.108,0.123,1,"ZNF460"
0.163593416420518,0.222214145585379,0.25,0.225,1,"EIF2S1"
0.302258935860362,-0.222172994277786,0.124,0.139,1,"MRPS14"
0.0738296457269338,-0.222157955651398,0.157,0.189,1,"KIAA1191"
0.136097798676785,0.222157110710826,0.112,0.09,1,"SNX27"
0.350587282764279,0.22210338572764,0.105,0.092,1,"PI4K2A"
0.193004233102536,0.222088479461049,0.159,0.139,1,"B4GALT3"
0.261728004071531,-0.22190551014216,0.119,0.135,1,"SPAST"
0.482282962346793,-0.221767907319544,0.145,0.154,1,"HDAC4"
0.101520407065183,-0.221746550252338,0.233,0.262,1,"ALG13"
0.0835816542391978,0.221614571102588,0.258,0.225,1,"CEP57"
0.274681972436736,0.221513505938088,0.232,0.213,1,"LRP10"
0.0977804147358905,0.221448369924602,0.214,0.178,1,"SFT2D2"
0.0607137357880531,0.221398151039087,0.183,0.148,1,"IRF3"
0.0318482988784914,-0.221350211789813,0.286,0.33,1,"MT1X"
0.015263856779845,0.221283571652048,0.39,0.332,1,"GATAD2B"
0.286660196915547,-0.221268325988169,0.125,0.141,1,"PRORP"
0.00164631114860807,0.221184901289438,0.557,0.48,1,"CYRIB"
0.489522176027604,-0.221108616586426,0.092,0.1,1,"GOLGA1"
0.000135785410684728,0.220922998181674,0.612,0.498,1,"ID2"
0.197212780993425,0.220834528189611,0.117,0.098,1,"MXD1"
0.0681266000290826,0.22065323391596,0.121,0.092,1,"MIR155HG"
0.0398764622888916,0.220633752807299,0.292,0.242,1,"CERS2"
0.233226206277732,0.220628413251325,0.157,0.137,1,"WDR18"
0.261077466447902,-0.220614519819467,0.099,0.115,1,"MARCHF8"
0.0484803496213662,-0.220480859350153,0.267,0.303,1,"ZMYM2"
0.154543896574233,0.220305673092168,0.261,0.234,1,"IP6K2"
0.0767449848739923,0.220232349995669,0.312,0.273,1,"SSR3"
0.448768060834217,-0.220214296221029,0.101,0.111,1,"ZNF420"
0.0171319380313441,0.220142066487599,0.506,0.443,1,"BIRC6"
0.0472325925461874,0.220065861223479,0.218,0.18,1,"UBA3"
0.107848512041567,-0.219756032030424,0.4,0.42,1,"PRPF8"
0.159422104519309,0.219622234489472,0.113,0.092,1,"DIS3L2"
0.0433036860176297,-0.219577962280229,0.329,0.369,1,"KCTD20"
0.0730046375539908,-0.21936622249378,0.398,0.428,1,"TTC39C"
0.286555088958447,-0.219362248297756,0.272,0.287,1,"EFCAB14"
0.465924903797303,0.219280544495802,0.113,0.104,1,"TBRG4"
0.0724450008760509,0.21921244248889,0.244,0.207,1,"MTCH2"
0.270931041555624,-0.219184299364962,0.181,0.197,1,"GPX1"
0.440673478579709,-0.219135944404677,0.135,0.146,1,"EDRF1"
0.10434009438347,-0.219117075596373,0.199,0.23,1,"METTL23"
0.355906512896155,-0.219012162588728,0.098,0.111,1,"PTPN9"
0.0587577443029552,-0.218940723328613,0.179,0.213,1,"UGP2"
0.390027819445901,-0.218871033207296,0.107,0.117,1,"ANKZF1"
0.280696084351409,0.218623806737212,0.14,0.123,1,"SLC25A24"
0.268421569285703,-0.21860839383,0.142,0.16,1,"PIK3AP1"
0.12565579699443,0.218496074272286,0.19,0.16,1,"KAT7"
0.940363823587982,-0.218391907482976,0.176,0.174,1,"NANS"
0.199266994225807,-0.218290506868102,0.13,0.15,1,"WDR6"
0.0457417015500537,0.218288085511521,0.322,0.273,1,"NGDN"
0.0606947469217938,0.218270935351276,0.389,0.348,1,"CD47"
0.100051317102842,0.218197466910344,0.162,0.133,1,"LTA4H"
0.0573783689741102,0.218115446531396,0.367,0.326,1,"IGBP1"
0.169178131680896,0.218073546929759,0.319,0.291,1,"RORA-AS1"
0.335661582966378,-0.217992237356634,0.213,0.223,1,"RAB3GAP2"
0.0731828450166205,0.217758723207127,0.293,0.254,1,"TMEM14B"
0.244713829536683,0.217733525363156,0.118,0.1,1,"SKIC8"
0.234183463513074,-0.217537121936426,0.266,0.291,1,"NIN"
0.149697894726747,0.217531013849337,0.205,0.178,1,"IMP4"
0.336980798122648,-0.217394967509558,0.173,0.188,1,"NME3"
0.0666496355316308,0.217324537318225,0.449,0.41,1,"RNF115"
0.0790187291003481,0.217298825240672,0.249,0.213,1,"AKR1B1"
0.0245648015122235,0.217243779620408,0.557,0.518,1,"CYTH1"
0.24933062647867,0.216598463439607,0.131,0.111,1,"PAFAH1B2"
0.809191966159523,-0.216559797055754,0.097,0.1,1,"TIMMDC1"
0.243096712692613,0.216471753037478,0.125,0.107,1,"AVEN"
0.159449067930783,0.216364061539916,0.172,0.146,1,"TOPBP1"
0.000555620092247343,0.216298570062814,0.826,0.773,1,"CTSW"
0.0553403916845052,0.216296586518233,0.347,0.309,1,"SUPT6H"
0.310099937095031,-0.216270052468489,0.179,0.193,1,"DUSP8"
0.407697064043576,-0.216010693287879,0.128,0.141,1,"PPIE"
0.0179727022484084,0.215791264802046,0.589,0.533,1,"BSG"
0.558732898524113,-0.21568039700543,0.169,0.176,1,"FKBP11"
0.0257399498156569,0.215640844079369,0.345,0.295,1,"HSPA1B"
0.132732413659318,0.215635181382245,0.189,0.162,1,"SCYL2"
0.156151339452407,0.215625397531928,0.103,0.082,1,"GMPR2"
0.315508253222089,0.215478621047248,0.136,0.121,1,"ROCK2"
0.500580295532285,-0.2154460256954,0.101,0.109,1,"SLC25A33"
0.043671595113722,0.215365473145851,0.287,0.246,1,"BCL7B"
0.137103860935163,-0.215356574535867,0.279,0.307,1,"UBQLN1"
0.0282944510658095,0.215328120119036,0.287,0.234,1,"SMARCC2"
0.0114441759358806,0.215247947991214,0.322,0.26,1,"GON4L"
0.341962898482359,-0.215213022530648,0.089,0.102,1,"UBAC1"
0.0765994839832468,0.215045575341407,0.295,0.254,1,"DCTN2"
0.368414716017558,0.214968927676366,0.137,0.123,1,"FPGS"
0.0834987501995492,0.214960253571485,0.368,0.332,1,"FAM117A"
0.256557657058453,0.214948357848867,0.111,0.094,1,"TOR2A"
0.454264754809509,-0.214720672389952,0.135,0.145,1,"MAPK6"
0.3710379536896,-0.214613292981238,0.256,0.266,1,"KDELR1"
0.0309416696902212,0.214555864316464,0.378,0.318,1,"DCTN3"
0.140423942930066,-0.214530230677054,0.155,0.18,1,"AHR"
0.115769987718785,-0.214485555768924,0.231,0.262,1,"SLC30A7"
0.456993386508448,-0.214459785592289,0.114,0.125,1,"SNHG3"
0.0106523583140632,-0.214114784196182,0.692,0.707,1,"GABARAPL1"
0.220087258635765,-0.214002553191745,0.146,0.162,1,"ETV3"
0.123024957871072,-0.213960881729156,0.139,0.164,1,"NDUFAF8"
0.528207023209401,-0.213817671251845,0.129,0.137,1,"KDM4A"
0.107199666677887,0.21379545658335,0.172,0.145,1,"CKAP5"
0.24239649553527,-0.213752547101105,0.184,0.201,1,"NOTCH2NLC"
0.104241599118888,0.213737146627022,0.126,0.1,1,"STX18"
0.108995310751958,0.213711705307604,0.24,0.207,1,"UBA6"
0.0664822014252616,0.213665405929736,0.261,0.219,1,"ACO2"
0.217077416488744,-0.213615827161615,0.124,0.143,1,"MAP3K7"
0.00167616394647611,0.213608354682678,0.79,0.768,1,"MYL12A"
0.183253278581505,-0.213557570396482,0.544,0.543,1,"PRDX1"
0.18741653570415,0.213537994265756,0.147,0.123,1,"PRKAG1"
0.0582530424017866,0.21342710772851,0.374,0.336,1,"MRPL10"
0.227717011314464,-0.21340139035724,0.146,0.164,1,"ATG101"
0.00396009852840244,0.213178707865211,0.642,0.58,1,"ACTR2"
0.160082786034425,0.212958033442828,0.14,0.115,1,"PINK1"
0.0651764132266387,-0.212947350184086,0.245,0.283,1,"THUMPD1"
0.0771623741074672,0.212732768607901,0.288,0.25,1,"NEMF"
0.011725807604977,0.212281898168728,0.292,0.229,1,"ST3GAL5"
0.11671063314124,0.212217427969802,0.194,0.162,1,"PIGX"
0.160372868173778,0.212217280789687,0.12,0.098,1,"ARHGEF18"
0.138538429534501,0.212208298524551,0.188,0.162,1,"ERO1B"
0.0592388572736254,0.212190970767375,0.299,0.254,1,"CAND1"
0.160332695621371,-0.212147571591992,0.171,0.195,1,"SYS1"
0.00276780246959422,0.212100668005631,0.719,0.664,1,"ARHGEF1"
0.0994997525336787,0.211933672574085,0.105,0.08,1,"TRIM14"
0.59742597946756,-0.211932067725531,0.136,0.143,1,"BMS1"
0.0945183052448669,-0.21189304362726,0.309,0.334,1,"SLC6A6"
0.199491362824112,0.211690908156378,0.162,0.139,1,"LRRC41"
0.375317884275245,-0.211589870256268,0.089,0.102,1,"SCOC"
0.219406333455734,0.211325675938614,0.122,0.104,1,"ALG2"
0.0927609754283798,-0.211287016357481,0.273,0.307,1,"TOMM22"
0.268591891399345,0.211169676800753,0.181,0.16,1,"NUBP2"
0.109505173650672,0.211138991705651,0.292,0.262,1,"BAG1"
0.0317295679867637,0.210966672205001,0.342,0.291,1,"TM9SF2"
0.0178181957115006,0.210929060312607,0.526,0.455,1,"SLTM"
0.105502559955707,0.210811046247618,0.141,0.113,1,"UTP6"
0.248863735622667,-0.210683641589408,0.128,0.146,1,"CTSA"
0.292983856177772,0.210523579083052,0.233,0.213,1,"CCDC174"
0.577421247513879,-0.210380829661478,0.223,0.229,1,"ABCC1"
0.302655358256882,-0.210344149433192,0.098,0.111,1,"ABCD3"
0.0620984687753425,0.210337554895204,0.212,0.174,1,"SIDT1"
0.285703973261805,-0.210307403898332,0.089,0.104,1,"CEP135"
0.376862973640239,0.210078029497702,0.144,0.129,1,"MDM2"
0.143471664570937,0.210032820122497,0.124,0.1,1,"SYMPK"
0.176435376485564,0.209904072518095,0.221,0.193,1,"CUL5"
0.23719013156965,-0.209859988649687,0.141,0.16,1,"MED29"
0.496550469408435,-0.209706637933663,0.1,0.109,1,"UBA5"
0.209285023582813,-0.209676537085373,0.193,0.215,1,"ULK4"
0.193134693227556,0.209530364860099,0.155,0.133,1,"UCHL5"
0.214879482141694,0.209480066135496,0.118,0.098,1,"MFSD8"
0.272899817653127,-0.209162520323791,0.128,0.145,1,"GIPR"
0.110765101070643,0.209013248379492,0.289,0.262,1,"VKORC1"
0.406790867254036,0.208846457448134,0.115,0.104,1,"AREL1"
0.59782016264439,-0.208300032232604,0.229,0.23,1,"ENSG00000268027"
0.211138940860279,-0.20817289344273,0.152,0.174,1,"ENSG00000290928"
0.0424941923621998,0.208120706257078,0.321,0.273,1,"TMCO1"
0.0275370348044248,-0.207948749873028,0.12,0.156,1,"TBCK"
0.231833719201836,0.207923945398725,0.175,0.152,1,"NFYC"
0.204632965215624,0.207902185899415,0.21,0.188,1,"MTMR14"
0.272538790149675,-0.207873496186781,0.227,0.248,1,"RNF34"
0.132915691405064,0.207794878940765,0.133,0.107,1,"IFT57"
0.0907717209102461,0.207722074030119,0.224,0.191,1,"OSBPL9"
0.671382551345256,-0.207698304638399,0.137,0.141,1,"ANAPC10"
0.129241457321236,0.207638816010559,0.5,0.469,1,"OSTF1"
0.190031410146729,-0.207589422045763,0.089,0.107,1,"DENND11"
0.112906661965147,0.207563892895677,0.13,0.104,1,"UBQLN2"
0.00313061062405948,0.207264206198962,0.576,0.502,1,"RAD21"
0.0630090038649026,-0.207262443500795,0.169,0.203,1,"ARHGAP31"
0.0043618029787973,0.207242916648345,0.699,0.645,1,"HLA-DPB1"
0.403394853122928,-0.207171839678582,0.153,0.168,1,"UBXN2A"
0.144189660460466,0.207083729743395,0.238,0.209,1,"RAP1GDS1"
0.303412401829091,-0.206910862862842,0.131,0.146,1,"POGLUT1"
0.0723265721159746,0.206875939871942,0.358,0.322,1,"TSPO"
0.38907694955249,0.206872640539482,0.1,0.088,1,"COA5"
0.352252044109464,-0.206779539491343,0.112,0.125,1,"RNF19B"
0.0384505490060529,0.206765619590697,0.338,0.293,1,"UTY"
0.375815255779951,0.206727696687427,0.143,0.131,1,"ZDHHC5"
0.192876981350999,0.206668955405348,0.157,0.135,1,"SLC12A2"
0.532794979346151,-0.206639834620787,0.247,0.254,1,"SMAD3"
0.00102279093536358,0.206540090178076,0.631,0.541,1,"PPP1CA"
0.0892947916972482,0.206490026179671,0.26,0.225,1,"PTEN"
0.0320276191620614,0.206455943926239,0.333,0.287,1,"TRPM7"
0.156909620398774,-0.206378773412236,0.402,0.426,1,"MKNK2"
0.038054391922047,0.206370152486023,0.31,0.27,1,"VPS51"
0.0419492638569671,0.20630566545245,0.282,0.236,1,"MAGED2"
0.547423811023427,-0.206300290590163,0.217,0.225,1,"TENT4B"
0.178424146430782,-0.206283008818613,0.291,0.318,1,"SAMD9"
0.00190616265254109,0.206106184071974,0.607,0.523,1,"ITGB2"
0.168141287697421,0.20604040886472,0.206,0.18,1,"TBK1"
0.0921071702070366,0.206036339950933,0.257,0.221,1,"KCMF1"
0.379714547721303,0.206029957653153,0.1,0.088,1,"CZIB"
0.398609139047488,-0.206003752712017,0.222,0.238,1,"SPTBN1"
0.178805970568299,0.205936828528442,0.144,0.121,1,"FGD5-AS1"
0.0214906450585286,0.205813149923127,0.474,0.418,1,"ACAP2"
0.435824135117316,-0.205720239078887,0.118,0.129,1,"RGS19"
0.422906499157398,-0.205640257243309,0.144,0.156,1,"ASTE1"
0.231660225021424,0.20563988154758,0.179,0.156,1,"SNRNP27"
0.250098298972161,-0.205593114422601,0.118,0.137,1,"NBPF26"
0.155918843811098,-0.205575512601047,0.095,0.115,1,"GNS"
0.193540268014269,0.20554204216555,0.146,0.123,1,"TPGS2"
0.0420022630289412,0.205530429913205,0.523,0.486,1,"ADSS2"
0.48909658117272,-0.205435600429359,0.181,0.191,1,"MSI2"
0.0030503906735318,0.205430258506324,0.483,0.408,1,"TBC1D2B"
0.195278193295159,0.205328628212289,0.189,0.166,1,"ASB3"
0.0151256513750567,0.205187631273268,0.3,0.236,1,"DENND4C"
0.0703026387239062,-0.205052190002016,0.349,0.387,1,"WBP11"
0.20909232314735,-0.204987394006763,0.272,0.291,1,"USP36"
0.090168012292222,0.204957518044744,0.362,0.32,1,"PRKACB"
0.0444655754737901,0.204951359964018,0.346,0.297,1,"UBL3"
0.280687885880452,0.204900744793817,0.181,0.162,1,"GMIP"
0.0765914610130049,0.204830700115224,0.341,0.297,1,"RBM6"
0.467432593933344,-0.204806371733227,0.123,0.133,1,"ACAA2"
0.191653727773995,0.204780022392816,0.147,0.125,1,"PSD4"
0.152203173956623,0.204734960106148,0.353,0.318,1,"FAM13B"
0.161297084788013,-0.204396439417798,0.124,0.146,1,"RNF139"
0.0152072325992073,0.20433861627587,0.501,0.441,1,"SSBP4"
0.04858016791458,0.204299269468471,0.226,0.184,1,"MRPL21"
0.198261581577812,-0.204293811956439,0.179,0.201,1,"PARL"
0.524570087195835,-0.204292933589196,0.101,0.109,1,"SERTAD2"
0.000697082062154135,-0.204283225028434,0.997,0.992,1,"H3-3B"
0.379847129523348,-0.20397249316101,0.349,0.357,1,"BBX"
0.235311914202217,-0.203818970109753,0.115,0.133,1,"H3C4"
0.205755384622049,0.20358884879437,0.162,0.139,1,"PTAR1"
0.37278954950055,-0.20348018011508,0.093,0.105,1,"FBH1"
0.303767970411048,-0.203434533590178,0.452,0.453,1,"DDX3X"
0.0868270774587997,0.203166420869153,0.199,0.166,1,"C1GALT1"
0.0547387671046788,0.203135509830519,0.291,0.252,1,"SLC4A7"
0.418637722940568,-0.202991243826212,0.116,0.127,1,"CTC1"
0.349242978580426,-0.202985638589687,0.121,0.135,1,"EOLA2"
0.0206604519322397,-0.2026890663543,0.47,0.52,1,"LBH"
0.182129635899447,0.202328396135285,0.147,0.125,1,"CUEDC2"
0.0577926166186366,0.202291287851849,0.371,0.326,1,"CYC1"
0.0691465998736171,0.202205489677885,0.122,0.092,1,"SFXN3"
0.126859127313594,0.202148963382717,0.15,0.121,1,"PTPMT1"
0.191738962896793,-0.20200632932364,0.203,0.225,1,"UBE2O"
0.198303529994356,0.202003857454268,0.162,0.141,1,"MTR"
0.160158936316208,0.201880669790302,0.13,0.107,1,"ZNF609"
0.224859711406963,-0.201871167485996,0.125,0.145,1,"AKR1A1"
0.347361951981588,-0.201773572764252,0.106,0.119,1,"CASP8AP2"
0.246015869244876,-0.201647439253841,0.312,0.326,1,"SETX"
0.315652638675993,-0.201604519850664,0.115,0.129,1,"RBMX2"
0.17832577931584,0.201592533833777,0.27,0.244,1,"DNAJB11"
0.257014366940136,0.201586481127927,0.126,0.107,1,"AP5M1"
0.200908345238972,0.201497873705928,0.173,0.148,1,"SART1"
0.152273388070789,0.201455747392045,0.136,0.111,1,"TBC1D25"
0.052020508868089,0.20143581158139,0.426,0.383,1,"EIF2S2"
0.310742305588256,0.201176650709655,0.438,0.408,1,"TXN"
0.168287782163874,0.20104492701142,0.363,0.33,1,"CHD4"
0.0371140751931988,0.200957174914376,0.293,0.244,1,"PLEKHF1"
0.00479292113577543,-0.200936129431971,0.998,0.998,1,"FTH1"
0.24130561623553,0.200784938170623,0.169,0.148,1,"EDEM3"
0.765926249263004,0.200756325697868,0.137,0.133,1,"HAVCR2"
0.237101681867178,-0.200715514036559,0.107,0.123,1,"PHLPP1"
0.216076908770388,0.200616387312917,0.131,0.113,1,"H2AC20"
0.301089723442136,-0.200615668442757,0.146,0.162,1,"TERF2"
0.270023196368317,0.200515885385859,0.111,0.094,1,"SOCS4"
0.172348250540421,-0.200232252938672,0.176,0.197,1,"MRPS22"
0.17598375493316,-0.200225177848754,0.437,0.451,1,"RNF125"
0.184676422562583,0.200141097765434,0.102,0.082,1,"DLGAP1-AS1"
0.333246621568203,0.200097489667011,0.124,0.109,1,"GKAP1"
0.107158604192324,-0.20008790529252,0.196,0.225,1,"KIAA0232"
0.270028799394892,0.200053748560431,0.154,0.137,1,"TMEM126B"
0.220194042747359,0.199841355301746,0.206,0.18,1,"EEA1"
0.368337001162537,-0.199828513881991,0.088,0.1,1,"ENSG00000256152"
0.131997759781926,-0.199684682745347,0.307,0.334,1,"MAP2K1"
0.133477124071319,-0.19964714453652,0.174,0.201,1,"PPP6R2"
0.274741291489701,0.199599334452094,0.127,0.109,1,"TRAPPC12"
0.342026780067489,0.199416124945267,0.172,0.154,1,"DPM1"
0.246009545526093,0.199413828025789,0.122,0.105,1,"KDM1A"
0.15479519230029,-0.1993377949675,0.169,0.193,1,"ORMDL2"
0.0986595928786254,0.19922172635984,0.172,0.141,1,"ZCCHC17"
0.212921907258061,-0.199193095851225,0.16,0.18,1,"CHCHD10"
0.132813484583401,0.199135193686997,0.209,0.182,1,"MYO6"
0.154507152476767,0.198980562960594,0.128,0.105,1,"LMO4"
0.204556556048556,0.1988989048333,0.138,0.117,1,"NIPSNAP2"
0.336258186117197,-0.198739828349867,0.142,0.156,1,"DUSP16"
0.211095899741879,0.198562254163716,0.176,0.152,1,"NR2C2"
0.00519771931171489,-0.198533776659841,0.659,0.695,1,"CIRBP"
0.371944250335876,-0.198498588289516,0.158,0.172,1,"TMEM41B"
0.343225984510754,-0.198418026443584,0.115,0.129,1,"NUDCD2"
0.178426421677069,0.198325688603711,0.114,0.094,1,"AHDC1"
6.71746009722671e-05,-0.198266194264942,0.96,0.949,1,"MT-ND3"
0.62692301831604,-0.198231822965584,0.118,0.125,1,"ARHGAP35"
0.552540399633273,-0.198188491318705,0.157,0.168,1,"TP53BP1"
0.100804337386452,0.198162031587899,0.209,0.174,1,"YIPF4"
0.0395200220664888,-0.198042519262252,0.189,0.229,1,"DNAJB9"
0.209015378620306,0.197993757229797,0.109,0.09,1,"SPRTN"
0.210435141341472,0.197860874160734,0.102,0.084,1,"SLC35C2"
0.23582269763131,-0.197778738924443,0.124,0.143,1,"PITPNM1"
0.26931118326754,0.197691704451656,0.163,0.145,1,"TMEM11"
0.394678592951194,-0.197662822171074,0.218,0.229,1,"SEC61A1"
0.0828865819564242,-0.197615801038149,0.386,0.424,1,"DNAJA2"
0.425582735726223,-0.197596169133597,0.186,0.195,1,"TRAPPC2L"
0.169039815274032,0.197486301435888,0.219,0.191,1,"KPNA3"
0.179212284946038,-0.197472964301974,0.229,0.254,1,"SNX2"
0.230506081286149,-0.197423794925958,0.148,0.166,1,"EPSTI1"
0.43924215033143,-0.197319373023818,0.205,0.215,1,"HECTD4"
0.200315446390496,-0.197153425683064,0.27,0.291,1,"XPO1"
0.530805546945593,0.197101577343212,0.204,0.195,1,"NFATC2IP"
0.597647108670231,-0.196928163803586,0.126,0.133,1,"HMGCS1"
0.177791946187777,0.19689428776585,0.321,0.291,1,"SKI"
0.0995881664908505,0.196742564020745,0.154,0.125,1,"CLIP4"
0.0484229532741576,0.196710755493836,0.315,0.268,1,"DERL1"
0.134177883351354,0.196629078556027,0.17,0.145,1,"DENND3"
0.309665075173555,0.196445863577166,0.127,0.111,1,"ANXA4"
0.0300065468095296,0.196369156334824,0.275,0.227,1,"TSG101"
0.0771077579604507,0.196289849225411,0.259,0.223,1,"KBTBD2"
0.200555896166329,0.196040961813557,0.302,0.279,1,"ATOSA"
0.00126424974180139,-0.196001631988282,0.942,0.943,1,"EZR"
0.0131851446787775,0.195835313290699,0.617,0.559,1,"GIMAP7"
0.00324091726134794,0.195770757944305,0.648,0.58,1,"RAC1"
0.535407370017694,-0.195748045849865,0.141,0.15,1,"CHFR"
0.270465480157721,0.195693321249937,0.193,0.172,1,"MAD1L1"
0.774638266503171,-0.195441433219872,0.169,0.16,1,"TRGV3"
0.613384451836136,-0.195373042581631,0.094,0.1,1,"GSS"
0.426456595338503,0.195356675813733,0.153,0.143,1,"LARP4"
0.513263868319778,-0.195343059883124,0.122,0.131,1,"STX6"
0.00827685588227536,0.195328528479685,0.525,0.43,1,"ZYX"
0.0269176934574102,0.195316705478486,0.265,0.219,1,"FBXW5"
0.410049310191615,-0.195311356653413,0.226,0.238,1,"KAT2B"
0.231124853837663,0.195309687185651,0.282,0.26,1,"SS18"
0.47319167047901,-0.195260975779187,0.091,0.1,1,"SCMH1"
0.243547433692189,-0.19522263377846,0.089,0.105,1,"PCYT2"
0.0241017228824465,-0.19500473800665,0.613,0.645,1,"GPX4"
0.663303480631106,0.194975001084413,0.141,0.137,1,"GMFB"
0.059842459992807,0.194920180916686,0.474,0.434,1,"ARHGEF3"
0.421577867460244,-0.194820990659864,0.108,0.119,1,"TXLNA"
0.444563119030377,-0.194816920439173,0.147,0.158,1,"BBS9"
0.908581964826637,-0.194811482634802,0.103,0.104,1,"ENSG00000241490"
0.000775616537827161,-0.194656715808478,0.995,0.986,1,"EIF1"
0.14317160521542,-0.194562763100222,0.121,0.145,1,"MRPS31"
0.201924420309367,0.19455151786949,0.242,0.213,1,"CNOT7"
0.218324339057093,0.194371063560071,0.146,0.125,1,"TUBGCP2"
0.188711174245559,-0.194320756688833,0.213,0.234,1,"MVD"
0.0483089651377255,0.194302833309123,0.206,0.164,1,"MARCHF5"
0.242079227779539,-0.194298592444901,0.288,0.311,1,"HDAC1"
0.0402531353231032,0.19423585448375,0.275,0.23,1,"EIF4E2"
0.279248878437583,0.194103721755711,0.122,0.105,1,"STMN3"
0.830321876841758,-0.193902891188116,0.108,0.109,1,"NMD3"
0.0240078884384128,0.193690733339984,0.546,0.492,1,"PPP4C"
0.478072979624107,0.193560206550208,0.213,0.203,1,"HTATSF1"
0.822829685044735,0.193555570482521,0.117,0.115,1,"SVIL"
0.088554661783773,0.193507001894083,0.203,0.168,1,"CRTC2"
0.0944216901991105,0.193339200030499,0.199,0.164,1,"SPOP"
0.161004701748182,0.193300382643517,0.357,0.324,1,"KPNA1"
0.00228334498251798,-0.193055458893358,0.915,0.924,1,"GNAS"
0.345301118967665,0.192993268565892,0.103,0.09,1,"TSPOAP1"
0.177115418029967,0.192875754312774,0.187,0.162,1,"ZBTB2"
0.544118621601634,-0.192803817003502,0.157,0.164,1,"ABCF2"
0.104859461618731,0.192783459105581,0.243,0.211,1,"THUMPD3-AS1"
0.570425044197728,0.192629496518708,0.155,0.146,1,"ENSG00000253980"
0.300669974129344,-0.192392254042463,0.451,0.469,1,"ARF4"
0.362552454735888,-0.19238363299796,0.2,0.211,1,"MOB2"
0.0613817867423066,0.192332037034831,0.346,0.309,1,"MBNL2"
0.0819333508858273,0.192167853038871,0.3,0.264,1,"AATF"
0.121615975240908,-0.192053129811245,0.444,0.465,1,"TNIP1"
0.250625757890717,0.192001398281882,0.1,0.084,1,"ZSWIM7"
0.216429642595099,0.191895340208192,0.124,0.104,1,"UBN2"
0.106901383180717,0.191817901374293,0.217,0.182,1,"RIF1"
0.267330886881733,0.191709110892174,0.134,0.117,1,"PARP12"
0.00961356322936096,0.191543619122423,0.646,0.582,1,"CELF2"
0.274654033911425,0.191537115454424,0.155,0.135,1,"XPA"
0.0429390503000669,-0.191472643003309,0.493,0.52,1,"IL21R"
0.130035963808297,0.19143825137264,0.238,0.207,1,"CLK3"
0.0562953343819306,0.191409441054123,0.196,0.158,1,"MLX"
0.0839177534147605,0.191347672325531,0.383,0.348,1,"SSBP1"
0.230919531318281,0.191347208958358,0.211,0.188,1,"TXNDC12"
0.125160207839068,0.191306564333728,0.242,0.205,1,"SCLT1"
0.0928271390986596,-0.191303773611536,0.336,0.371,1,"HNRNPH1"
0.0843828905693967,0.191078332821993,0.321,0.279,1,"TCP1"
0.059471094905905,0.191014240265527,0.239,0.197,1,"ENSG00000287263"
0.173545049659842,0.19096191716842,0.212,0.186,1,"C16orf54"
0.0470115079772977,0.190800976473976,0.32,0.271,1,"ARL2BP"
0.167700187550183,-0.190750706831874,0.227,0.254,1,"WDR48"
0.151416463945787,0.190739187450431,0.157,0.133,1,"SLC25A39"
0.342368452948215,-0.190711989518732,0.154,0.17,1,"SEC22B"
0.299628340853663,-0.190642674049388,0.476,0.477,1,"SURF4"
0.00222218245415717,0.190640728218683,0.8,0.754,1,"AHNAK"
0.0809279124709906,0.190616304873669,0.259,0.221,1,"C1D"
0.936710336567004,-0.190503421234776,0.101,0.098,1,"RNF130"
0.819808368164718,-0.190391890656526,0.14,0.143,1,"CASK"
0.389908493397579,0.190365985717539,0.108,0.096,1,"PGM1"
0.552766719579542,-0.190330402040888,0.1,0.107,1,"RAB39B"
0.152646110243472,0.190301418168837,0.21,0.182,1,"LLGL2"
0.105094645383272,0.190300067847559,0.165,0.135,1,"PTCD3"
0.198979649225613,-0.190265190252839,0.205,0.225,1,"NORAD"
0.168405606538017,-0.190092825335169,0.138,0.16,1,"SAMM50"
0.00290390733175162,0.189978086045626,0.628,0.57,1,"POLR2L"
0.362140174473031,0.189824990736217,0.108,0.096,1,"MBTD1"
0.0336766740511593,0.189760179917639,0.454,0.398,1,"RNF166"
0.996787086683519,-0.18954816565564,0.188,0.184,1,"RCSD1"
0.389340503253377,-0.189544949044534,0.107,0.119,1,"POFUT2"
0.261953154808515,0.189423905943213,0.105,0.088,1,"EXOSC7"
0.40518029741239,-0.189293410561114,0.198,0.211,1,"PVRIG"
0.0418314325692937,0.189263796956602,0.429,0.383,1,"TMX4"
0.535446648132745,0.18922796260007,0.139,0.131,1,"SYNJ1"
0.404290849131878,-0.189198922691351,0.117,0.129,1,"TAX1BP3"
0.359028307673549,0.189145827721091,0.138,0.125,1,"KLHL7"
0.168065053486246,-0.189068537331734,0.085,0.104,1,"HIF1A-AS3"
0.334040358564501,0.189056773449031,0.103,0.09,1,"MAST2"
0.155211591474754,0.188996371066321,0.295,0.268,1,"GSK3B"
0.0345405982299706,0.18895792377138,0.35,0.297,1,"UBE2Q2"
0.255328230328501,0.188694815317582,0.158,0.137,1,"FLOT2"
0.149690688262801,0.188694646688373,0.192,0.166,1,"ZFAND2A"
0.0175840535480913,0.18858509075952,0.45,0.393,1,"UQCRQ"
0.130941498181899,-0.188348089302384,0.194,0.219,1,"RNPC3"
0.315858851975803,-0.188313594419709,0.188,0.205,1,"TBC1D15"
0.00190711871824894,0.188269950949998,0.735,0.654,1,"HCST"
0.33208991669197,-0.188165436026357,0.156,0.172,1,"ORC2"
0.297185517939129,0.188106818602982,0.175,0.156,1,"VPS72"
0.122774320420933,0.188082490460145,0.219,0.188,1,"CDCA4"
0.121269385311432,-0.188060094104246,0.197,0.225,1,"GAPVD1"
0.0976428227212384,0.18805301558494,0.461,0.436,1,"CDC42EP3"
0.129417228535129,0.187890745259376,0.135,0.107,1,"C22orf39"
0.621010560444368,-0.187830316601734,0.175,0.182,1,"WDR20"
0.314430323220363,-0.187825407891002,0.133,0.148,1,"SFMBT2"
0.217057960923186,0.187767410066847,0.123,0.102,1,"MINDY3"
0.000364236854602287,0.187752122473548,0.809,0.779,1,"CD247"
0.00489736831048369,-0.187743895153533,0.553,0.598,1,"RHOG"
0.438930308123879,0.187553436774817,0.135,0.123,1,"DCAF6"
0.368706400965547,0.187482215179575,0.223,0.207,1,"UFL1"
0.269345120321151,0.187473001241805,0.1,0.084,1,"CTNNA1"
0.402149131987114,-0.187455469009353,0.259,0.266,1,"KIF13B"
0.242066371204547,-0.18741840267205,0.176,0.197,1,"KMT5B"
0.300758127228442,0.187389292953912,0.201,0.182,1,"PTPN11"
0.0700266989556836,-0.187341978186129,0.349,0.395,1,"PUM1"
0.0114193042210568,0.187171632068153,0.481,0.412,1,"TBC1D22A"
0.00569111116688798,0.187098035942443,0.553,0.486,1,"SETD2"
0.0754103424722212,0.187077580528683,0.264,0.229,1,"NSF"
0.235218966027938,0.187033881153557,0.134,0.117,1,"ADSL"
0.0549974725811872,0.18702363735149,0.463,0.428,1,"GTF3C1"
0.108623901832163,-0.186986681191919,0.414,0.436,1,"BTBD9"
0.431244546567045,0.186937917326756,0.133,0.121,1,"RABEP2"
0.27714391374387,-0.186885531420862,0.15,0.168,1,"PPIP5K2"
0.0252248665660892,-0.186853473574745,0.501,0.549,1,"CEMIP2"
0.517529579843247,0.186744736141116,0.114,0.105,1,"TTF1"
0.582028104379788,-0.186725150105807,0.124,0.133,1,"DYNC2I1"
0.187737139450392,0.186656745425213,0.147,0.125,1,"SAE1"
0.636199655741607,0.186448147866698,0.115,0.107,1,"GMDS-DT"
0.537243074789465,0.186372094970342,0.204,0.195,1,"RFX1"
0.0449250852002014,0.186309366643563,0.355,0.309,1,"NCOA2"
0.0671954667936046,0.186219875312667,0.26,0.219,1,"CTDSP1"
0.227190917538321,-0.186153510497371,0.176,0.195,1,"HTT"
0.00905408973507907,0.186040274054769,0.707,0.654,1,"IFITM2"
0.300756495052139,0.185942625223444,0.104,0.09,1,"RNF121"
0.531355047470801,-0.185941179996962,0.142,0.15,1,"C5orf24"
0.135233496869706,0.185935997584411,0.139,0.113,1,"AGAP2"
0.344276992719929,-0.185889536485401,0.259,0.275,1,"KCNA3"
0.159525321942429,0.185781772605943,0.141,0.117,1,"DYNC1I2"
0.00682632827463923,0.185752297889011,0.559,0.48,1,"YY1"
0.213760270673162,0.185720555858413,0.248,0.223,1,"KIAA2026"
0.166401952642299,0.18568289844254,0.208,0.18,1,"ATXN10"
0.251539773395379,-0.18553952689742,0.122,0.139,1,"SCO2"
0.282435645915935,0.185458867364736,0.494,0.484,1,"TRG-AS1"
0.0239305139897218,0.185276123598307,0.586,0.533,1,"EVL"
0.0331942294995,0.185094498783159,0.445,0.396,1,"RSF1"
0.340968386897853,0.18508432708969,0.125,0.111,1,"INO80B"
0.246687504265321,0.185001231002401,0.176,0.154,1,"DDX54"
0.0562363116762979,0.184995865939508,0.344,0.297,1,"EOMES"
0.119936229168675,-0.184951108735292,0.321,0.35,1,"MICOS10"
0.255097391976082,0.184782445832957,0.15,0.131,1,"CDK5RAP2"
0.211696965810466,-0.184612395149996,0.132,0.152,1,"TG"
0.224129761278923,0.184413966749934,0.386,0.373,1,"HNRNPUL2"
0.159068778704502,0.184391008707485,0.209,0.18,1,"CCDC92"
0.50889001318625,-0.184377923779698,0.12,0.129,1,"HRAS"
0.235623320130977,0.184163638243557,0.137,0.117,1,"ANGEL2"
0.0315412622253724,0.184084931484579,0.44,0.391,1,"LCK"
0.0879208889393695,0.184048671635132,0.364,0.33,1,"ZFAND6"
0.10979215669372,-0.183977282473427,0.351,0.383,1,"ILF3"
0.413724506090078,0.183956541087039,0.109,0.098,1,"ZBTB49"
0.00972366722564642,0.183914318535177,0.434,0.369,1,"CDK13"
0.242735983362568,0.183789796984051,0.234,0.211,1,"TBC1D5"
0.0507730979390099,0.183755972708469,0.227,0.188,1,"PCID2"
0.161648503150287,-0.183735557170494,0.429,0.461,1,"NOP58"
0.232409365984151,0.183723421964237,0.159,0.139,1,"CNOT6"
0.583850472690867,-0.183698297705906,0.112,0.119,1,"ZBTB25"
0.443731133036533,-0.183588795162165,0.134,0.146,1,"CDK2AP1"
0.354057779717468,0.183408983848571,0.19,0.176,1,"SURF2"
0.139992529540703,0.183366720655884,0.181,0.152,1,"UMAD1"
0.118160462276098,0.183332703595674,0.239,0.205,1,"DNAJC15"
0.168717390277139,0.183296268685218,0.202,0.174,1,"NAXE"
0.546277233986622,0.18325164710847,0.116,0.107,1,"GTF3C5"
0.014114338857689,0.18318153183373,0.499,0.445,1,"PLEK"
0.171961964456015,0.183176442493981,0.196,0.17,1,"CHMP2B"
0.423855270486418,-0.183033752823706,0.097,0.107,1,"RFWD3"
0.634039835209017,-0.182891127326732,0.144,0.15,1,"KIN"
0.508186166303874,0.182868221287676,0.137,0.127,1,"CSE1L"
0.154963237904593,-0.182867064143967,0.172,0.195,1,"NBEAL1"
0.273496228569917,0.182784532647436,0.125,0.107,1,"IKBKB"
0.352261699084873,-0.182707107126623,0.112,0.125,1,"BUD13"
0.30587428505044,-0.182686970794263,0.161,0.178,1,"MED19"
0.0482602607762347,0.18265684257837,0.313,0.271,1,"POLR1H"
0.210406043990255,-0.182655353173202,0.164,0.186,1,"LPCAT3"
0.0329544243501066,-0.182648302535741,0.58,0.613,1,"RAB7A"
0.50279516088449,-0.182591899558344,0.197,0.207,1,"GLTP"
0.0743384557421535,0.182566849614875,0.339,0.301,1,"RBM5"
0.0661529534173461,-0.182529200184914,0.162,0.193,1,"ITGAV"
0.143839753274338,0.18242296660284,0.318,0.283,1,"ATXN7"
0.412972354604616,0.182253548543418,0.114,0.102,1,"INSIG2"
0.101640295690503,0.182080568851793,0.23,0.195,1,"WDR45"
0.390906377153052,-0.182046222370226,0.155,0.168,1,"COMMD3"
0.174696404525725,0.182041098205595,0.198,0.172,1,"SGF29"
0.108105800363647,0.181831519815654,0.275,0.242,1,"NSD1"
0.163559645256352,-0.181732309329865,0.263,0.287,1,"GPBP1L1"
0.165790288949448,-0.181709426180952,0.273,0.299,1,"RAPGEF6"
0.431263331153432,-0.181683305109439,0.148,0.162,1,"OSBPL3"
0.379423386597062,0.181520373397713,0.14,0.125,1,"NDE1"
0.0419504562746964,0.181426083431263,0.553,0.502,1,"GLCCI1"
0.711811672661091,0.181361795992551,0.105,0.102,1,"POLB"
0.0498349910520367,-0.181361583181106,0.255,0.293,1,"ZNHIT3"
0.536834672053058,-0.181352156657519,0.137,0.145,1,"WDR45B"
0.124595105257216,0.181267052350699,0.424,0.389,1,"TMED9"
0.0285715022760953,0.181109192839355,0.461,0.402,1,"LY6E"
0.56090220882322,-0.181087621337749,0.133,0.141,1,"NUDT16L1"
0.000202036225137854,0.181048076716228,0.858,0.795,1,"S100A11"
0.145803600621434,0.181015325123758,0.311,0.275,1,"LINC00869"
0.344358502614653,0.180902437362182,0.101,0.088,1,"SNAPC3"
0.336662231148579,0.180868109014041,0.238,0.223,1,"E2F4"
0.874087036049088,-0.180854630574714,0.099,0.1,1,"TRDMT1"
0.358097243646665,-0.180852715035924,0.271,0.287,1,"ALKBH5"
0.281203078702591,-0.180814360715216,0.273,0.297,1,"TRAF3"
0.606315951519303,0.180789027382301,0.126,0.119,1,"ECI2"
0.089706706448555,0.180778034327544,0.241,0.205,1,"PHB1"
0.194048443664271,-0.180708113359365,0.374,0.389,1,"TMBIM1"
0.541318224614755,-0.180501462376421,0.156,0.162,1,"IARS1"
0.0143851803068662,0.180480289602481,0.419,0.359,1,"MED15"
0.131310323815149,0.180449260512359,0.284,0.252,1,"CCAR1"
0.436079815110189,-0.180347182977022,0.132,0.145,1,"CSTPP1"
0.150579155610436,0.180214445991832,0.114,0.092,1,"TMEM161B"
0.138355649350758,0.179900006225595,0.145,0.119,1,"DKC1"
0.284672126640311,0.179787672316949,0.167,0.146,1,"IKZF5"
0.736155032205873,-0.17974854093972,0.111,0.113,1,"ZFY"
0.0176440301357455,-0.179585188958079,0.58,0.617,1,"CDV3"
0.0743031735997693,0.179579853719372,0.419,0.383,1,"ACIN1"
0.324802950839819,-0.179515123365525,0.311,0.328,1,"NCOA4"
0.596073291023399,0.179498852067362,0.104,0.098,1,"MIR29B2CHG"
0.146155155923834,-0.179462982864659,0.255,0.279,1,"SMC5"
0.0485571350744418,0.179415766243543,0.598,0.562,1,"HMGN2"
0.362265336618812,-0.179389331959053,0.265,0.281,1,"PRKAA1"
0.192471271264388,0.179369953567587,0.205,0.18,1,"PTS"
0.23380001874493,0.178915452170059,0.221,0.199,1,"SLAIN2"
0.041600858247842,0.178899534751792,0.484,0.441,1,"ESYT2"
0.280478578258274,-0.178889383478177,0.11,0.127,1,"IRAK1"
0.634812250819264,-0.178850316628851,0.112,0.117,1,"SLC35D1"
0.525560162677481,-0.17879275557378,0.101,0.109,1,"LDLR"
0.406559141400362,-0.17877353155979,0.109,0.121,1,"MRPL49"
0.167468711424999,-0.178676552690426,0.312,0.334,1,"FKBP1A"
0.300423453059774,0.178644780673008,0.125,0.109,1,"RIOK2"
0.114326949205561,0.178597537940643,0.424,0.389,1,"SAP30BP"
0.140757245048491,-0.178494267175394,0.249,0.283,1,"AKAP17A"
0.168617347042753,0.178483260806385,0.141,0.117,1,"CRTC3"
0.425272409810609,-0.178437078816335,0.113,0.125,1,"NR2C1"
0.342158848192335,-0.178289363574235,0.209,0.225,1,"SECISBP2"
0.315633225339907,0.178154508711028,0.145,0.127,1,"AP1B1"
0.397175930778719,-0.1781115531443,0.142,0.154,1,"POLH"
0.908482310491402,-0.178058959504528,0.113,0.109,1,"JADE1"
0.175366734031815,0.177827409927169,0.116,0.096,1,"SLC38A10"
0.186921104997987,0.177821062164528,0.129,0.107,1,"KATNA1"
0.681986302370427,0.177785317841341,0.167,0.164,1,"MHENCR"
0.140932524781342,0.177745626412549,0.122,0.098,1,"RBM28"
0.442739123941216,0.17770816126111,0.105,0.094,1,"GLRX2"
0.328074370236737,0.17769151028267,0.241,0.223,1,"PPP2R3C"
0.569394674035659,-0.177646929677076,0.244,0.254,1,"VPS35"
0.386898193562393,-0.177629040618917,0.184,0.193,1,"SSH1"
0.000337102300497876,0.177559430890509,0.912,0.883,1,"EMP3"
0.619485400541405,-0.177284446688406,0.093,0.1,1,"EPM2AIP1"
0.15529246523151,0.177083737923249,0.133,0.109,1,"PARP10"
0.313245043134811,0.177020341382,0.11,0.096,1,"ESS2"
0.466533445342719,0.176963471810696,0.112,0.1,1,"TMEM65"
0.163332259931662,-0.17695438613565,0.522,0.533,1,"FOXP1"
0.135226848152118,0.176843706032222,0.213,0.18,1,"MED14"
0.304396737363706,-0.176719920637417,0.347,0.369,1,"SNHG5"
0.161008012568733,-0.176640010686533,0.359,0.381,1,"PPP3R1"
0.50073152999618,-0.176622923380814,0.11,0.119,1,"LPAR6"
0.0927827828454182,0.176611812757548,0.303,0.262,1,"RBIS"
0.0103434578931221,0.17658755804609,0.574,0.508,1,"AGPAT4"
0.130800479712139,0.176480369800234,0.222,0.189,1,"ZNF611"
0.553275616511146,0.176452531013785,0.362,0.361,1,"MAPK8"
0.486264734253459,-0.176365353684651,0.135,0.145,1,"NDUFAF6"
0.520106228789646,-0.176351851106376,0.108,0.115,1,"RXRA"
0.150725874873337,0.176264467223712,0.307,0.271,1,"CARD11"
0.00998264962471304,-0.176260334872302,0.694,0.727,1,"ARF6"
0.403346496017827,-0.176219334488065,0.095,0.105,1,"NSUN5"
0.148004456668583,0.176094118795686,0.239,0.211,1,"ATP6AP1"
0.307399582400211,0.176072684741928,0.193,0.174,1,"MFSD6"
0.518618101452797,0.17606077501401,0.12,0.111,1,"PRRC1"
0.401228047350134,0.176038644704287,0.145,0.131,1,"VPS8"
0.276840016212935,-0.175929911185577,0.106,0.121,1,"ADARB1"
0.307657564827084,-0.17590010945308,0.476,0.488,1,"SRRT"
0.126974409429019,-0.175894231084115,0.352,0.373,1,"GGNBP2"
0.0788643147514272,0.175767092196683,0.289,0.246,1,"SMAD4"
0.208633017338764,0.17575929502477,0.207,0.182,1,"TRPS1"
0.121352365206676,0.175702106747435,0.347,0.316,1,"RICTOR"
0.446186304176628,0.175674145814126,0.251,0.24,1,"SENP5"
0.230210770747288,0.175397219401876,0.263,0.236,1,"ASCC3"
0.103384995307476,0.175364784879105,0.204,0.172,1,"PEF1"
0.338712965524696,-0.175313147363117,0.105,0.119,1,"LRWD1"
0.875892473893526,-0.175257351539046,0.116,0.115,1,"RAD9A"
0.297624769750772,-0.175238424422209,0.136,0.152,1,"GINM1"
0.229006837012862,0.175220643961666,0.298,0.273,1,"RAB29"
0.00265487449770809,0.175186828419228,0.593,0.508,1,"THEMIS"
0.104657278424655,0.175137141411937,0.37,0.326,1,"SNRNP70"
0.139592875708005,-0.175124055636065,0.7,0.729,1,"SELENOK"
0.205076466219843,0.174823806498892,0.149,0.127,1,"USP38"
0.499165964864964,0.1747882742647,0.141,0.131,1,"BAD"
0.179106270339961,0.174715340908931,0.356,0.32,1,"GPI"
0.0807228021242755,0.174660931849298,0.32,0.275,1,"UFM1"
0.512319051483058,-0.174486069564626,0.227,0.238,1,"PRKCQ-AS1"
0.0416269113789668,0.174450741689769,0.352,0.301,1,"BIN1"
0.316204761180175,-0.174390194752189,0.163,0.18,1,"LIMS1"
0.345397239686996,-0.174265271052915,0.257,0.27,1,"EIF4EBP2"
0.230495662055275,0.17420609280498,0.123,0.104,1,"C18orf21"
0.369538500725078,-0.174200979344203,0.217,0.232,1,"GNL3"
0.0519444531188177,0.174131939435543,0.431,0.389,1,"ABI1"
0.295465121462051,-0.173938561687166,0.119,0.135,1,"KDM4B"
0.158533507298095,0.173938229409208,0.249,0.219,1,"MRPL22"
0.215821831727807,0.173933813829685,0.105,0.086,1,"ZNF236"
0.0719818069559824,-0.173929633832965,0.779,0.77,1,"RGCC"
0.344479899344758,0.173897629948309,0.152,0.137,1,"C19orf25"
0.260406209781083,0.173880018823789,0.109,0.092,1,"TNFSF12"
0.167203388685935,0.173878837120031,0.267,0.234,1,"RNF5"
0.147133490717909,0.173845352235651,0.164,0.139,1,"SUPT20H"
0.403870148930305,0.173618212618804,0.13,0.117,1,"CCP110"
0.368407201286608,0.173465627621142,0.128,0.113,1,"U2AF1L4"
0.341062262781476,-0.173390076223354,0.124,0.139,1,"CRK"
0.239785423628804,0.173389492961711,0.108,0.09,1,"ZNF580"
0.232110623412296,0.173320465632687,0.102,0.084,1,"DDX19A"
0.15502211772487,0.173242163502129,0.247,0.219,1,"NGLY1"
0.512781416878944,-0.173168185617343,0.191,0.201,1,"ERAP1"
0.346981138180473,0.173160755772355,0.223,0.207,1,"NXT1"
0.528565747274704,-0.17305095693168,0.113,0.121,1,"LETM1"
0.457339733289826,0.173019698724866,0.127,0.115,1,"FAF2"
0.203098988496683,-0.17298522392161,0.391,0.412,1,"POLR2K"
0.0679930394585202,-0.172955841292433,0.329,0.369,1,"CORO7"
0.272482640522624,0.172821211294695,0.115,0.098,1,"INTS7"
0.299670976048587,-0.172583363078287,0.268,0.283,1,"GPR174"
0.205453880341241,0.172373957842356,0.483,0.453,1,"KANSL1"
0.781339252907676,-0.172362482282477,0.293,0.287,1,"GCLM"
0.0928284657915848,0.172359931916311,0.562,0.529,1,"VAMP2"
0.00642178634056526,0.172272083929831,0.747,0.672,1,"RORA"
0.343205524103527,0.172254703077604,0.119,0.104,1,"MTX1"
0.173795389584362,0.172232205523258,0.121,0.1,1,"ZMYM6"
0.241171000601658,0.172221499895494,0.234,0.209,1,"GIT2"
0.00538391220480343,0.172167126594028,0.666,0.617,1,"GNAI2"
0.384671763814855,0.172165893928266,0.124,0.111,1,"VAPB"
0.184812241750205,0.172026777882264,0.393,0.363,1,"MYO9B"
0.475180463759766,0.171918132481944,0.213,0.201,1,"RPAP2"
0.0152554965132673,0.171889408272249,0.61,0.553,1,"VCP"
0.19247360503187,0.171849174705568,0.241,0.213,1,"ZFAND5"
0.285661770160158,-0.17183744251028,0.342,0.357,1,"PSMD4"
0.383620109267846,-0.171727651291809,0.339,0.355,1,"HMGA1"
0.262521960845798,-0.171604415201726,0.28,0.297,1,"IL27RA"
0.28165187877843,0.171596247141544,0.249,0.23,1,"SRA1"
0.288754617112303,-0.171562222564019,0.236,0.254,1,"MED28"
0.163136798385696,0.171490366144551,0.148,0.121,1,"MRPS2"
0.55196767416817,-0.17143395254073,0.145,0.152,1,"RIT1"
0.287037706739572,0.171369426070789,0.124,0.107,1,"UNC13D"
0.0200264203122421,0.171349612125613,0.27,0.217,1,"TRAF3IP3"
0.337101864158387,-0.171210846928968,0.138,0.152,1,"ALG5"
0.376844050141342,0.171165082202573,0.317,0.303,1,"GTF3C6"
0.122557816175582,-0.171158165742654,0.393,0.424,1,"DLEU2"
0.443933189064997,0.170930979558562,0.128,0.115,1,"MRPL58"
0.0773168745009162,-0.170898893670953,0.349,0.383,1,"PPP1CB"
0.584345006386384,0.170818778110883,0.136,0.129,1,"GRHPR"
0.0735083048674923,0.170744254309543,0.182,0.146,1,"KIF3A"
0.0239441931201055,0.170658303346948,0.619,0.584,1,"CAP1"
0.343593242841572,-0.170603402120649,0.178,0.193,1,"RFFL"
0.324793748402037,-0.170592940289217,0.507,0.506,1,"HMGB2"
0.177013749702354,0.170569400777282,0.142,0.119,1,"HTATIP2"
0.00150710969897206,0.170540620214208,0.816,0.766,1,"TLE5"
0.446061015922773,-0.170294342247172,0.091,0.102,1,"KLHL36"
0.433898617518912,0.17027873551714,0.118,0.107,1,"GPKOW"
0.441052166929818,-0.17024804209733,0.124,0.135,1,"BRWD3"
0.195658739564202,-0.17022440978699,0.244,0.271,1,"MAP3K8"
0.585054458023228,0.170213653903184,0.16,0.152,1,"IPO5"
0.177310312993424,0.170176511591995,0.256,0.227,1,"SPAG7"
0.558195522511528,0.170156693129923,0.173,0.166,1,"NDUFS1"
0.0843748181073888,-0.17012602216733,0.679,0.668,1,"SERP1"
0.227967595579548,-0.170035006763193,0.161,0.182,1,"GPATCH2L"
0.793535929841719,-0.169963192575318,0.12,0.121,1,"CDK16"
0.138225181308411,-0.169791171129345,0.394,0.412,1,"TRA2B"
0.246525317541043,0.169730605631003,0.265,0.24,1,"DCP2"
0.106067910268713,0.169717450611098,0.206,0.174,1,"CYB5R4"
0.00451286508798121,0.169713615485647,0.791,0.746,1,"MT-ND6"
0.0774646065715379,0.169692811907246,0.295,0.254,1,"RAB9A"
0.225191624078363,-0.169659571406776,0.302,0.32,1,"SOS2"
0.0157096105964225,0.169615696701471,0.595,0.529,1,"DIAPH1"
0.112717428125845,-0.169597442028,0.4,0.43,1,"SMAP2"
0.381976800395092,0.169567135461522,0.123,0.109,1,"PGGT1B"
0.371810954405452,0.169564803732646,0.1,0.088,1,"TTC9C"
0.087550398873747,0.169527032134667,0.243,0.205,1,"MSL2"
0.340171754374597,-0.169416401158263,0.18,0.195,1,"WRNIP1"
0.583498885006688,-0.169398488100135,0.12,0.127,1,"POLR3C"
0.00974069001505664,0.169379429031007,0.305,0.246,1,"TOX"
0.737513091337454,-0.169369588875193,0.142,0.145,1,"PARVG"
0.017159736198919,0.169321772620878,0.513,0.449,1,"XRN1"
0.0183277953872905,-0.169278392735985,0.71,0.734,1,"P2RY8"
0.238566526197438,0.169271540231614,0.276,0.256,1,"SEC24B"
0.66386358022011,-0.169225168602843,0.24,0.244,1,"EVI2A"
0.19728074981726,0.169220190086632,0.117,0.096,1,"MAP3K1"
0.179376732173134,0.169095079394072,0.219,0.193,1,"SMARCD1"
0.0474353394963342,0.16896174819498,0.491,0.445,1,"BBLN"
0.182628315340221,0.168901331662588,0.342,0.318,1,"SMIM26"
0.123093960903716,0.168864822691226,0.383,0.348,1,"PTPRE"
0.319877713879194,-0.168830535981622,0.095,0.109,1,"GALK2"
0.278768849773176,0.168825636274862,0.2,0.18,1,"TTC38"
0.0951578942093825,0.168809983770013,0.522,0.488,1,"KRTCAP2"
0.555757392215237,-0.168797161688922,0.098,0.105,1,"SRFBP1"
0.0957400220131002,-0.168757820860128,0.294,0.33,1,"ITPR2"
0.206694293591443,0.168621736648263,0.118,0.098,1,"DTX2"
0.371039543390208,-0.168494706907827,0.132,0.145,1,"CCDC137"
0.293153835194449,-0.168384195447939,0.288,0.309,1,"CDK11B"
0.0708458557450318,0.168361810119898,0.418,0.377,1,"ATP2B1"
0.100012023377555,0.168312039147149,0.288,0.252,1,"MRPS36"
0.286542812078129,-0.168292931462945,0.091,0.105,1,"ERGIC1"
0.412968754079422,-0.168211728220024,0.125,0.137,1,"BTRC"
0.175228618078508,-0.168161776989528,0.531,0.547,1,"ARHGAP26"
0.481126887738442,-0.168138228096232,0.104,0.113,1,"IDH3A"
0.572032309524656,-0.168060348105817,0.144,0.152,1,"GEMIN7"
0.371274450364031,0.168052776318862,0.171,0.154,1,"APPBP2"
0.446681073878512,-0.167941724018581,0.125,0.137,1,"CEBPZOS"
0.289164382500438,0.167913311759706,0.126,0.109,1,"MPRIP"
0.237910442639482,0.167858556868295,0.138,0.119,1,"TRRAP"
0.119397047926504,0.1678278452318,0.55,0.533,1,"ERP29"
0.628902583740315,-0.16782520359815,0.126,0.133,1,"TCOF1"
0.035943674030062,0.167696822027064,0.361,0.311,1,"SMARCE1"
0.511174369009021,-0.167645347437971,0.2,0.209,1,"DPY30"
0.393323368645923,0.16764028317708,0.1,0.088,1,"KDM5D"
0.498182460650235,-0.167550735976049,0.227,0.236,1,"RABGEF1"
0.361788401136915,-0.167540362978686,0.157,0.17,1,"RRN3"
0.42281782239662,0.167471665637175,0.11,0.098,1,"BCL2L1"
0.299475506694491,0.167463530018516,0.164,0.146,1,"LIX1L"
0.0961293876459785,0.167454592548643,0.347,0.305,1,"NDUFS3"
0.21069397470845,0.167291045978624,0.159,0.135,1,"NT5C"
0.18134275238056,0.167130562498646,0.245,0.215,1,"TIPRL"
0.1680927104969,-0.167028775783871,0.152,0.176,1,"AK2"
0.362446428387741,0.167014100844745,0.103,0.09,1,"ARHGEF6"
0.30575077412575,0.167010408528814,0.206,0.186,1,"MRPL18"
0.393309059650339,-0.166947845160628,0.323,0.336,1,"IMP3"
0.632050372366213,-0.166942673642607,0.173,0.178,1,"MTMR3"
0.594192484661064,-0.166901626147497,0.1,0.09,1,"MTOR"
0.117578438606613,0.166790449122196,0.19,0.158,1,"NMRK1"
0.223999228757501,0.166725790708163,0.392,0.363,1,"DPP7"
0.0559561572057819,0.16671100656831,0.357,0.311,1,"SIPA1"
0.26771116555871,-0.166672204587274,0.317,0.332,1,"TAB2"
0.300378791671896,0.166524839425559,0.175,0.156,1,"TM9SF1"
0.280872149898629,-0.166466859760642,0.21,0.229,1,"CARD8"
0.792538358967999,-0.166446891218109,0.243,0.244,1,"COX16"
0.249078909013807,0.166385243719906,0.505,0.488,1,"ARHGAP15"
0.559755743017304,-0.166360466352258,0.208,0.213,1,"CEP85L"
0.0812983646550603,0.16619393848006,0.35,0.309,1,"MAF1"
0.410006205607713,-0.166193626506957,0.208,0.217,1,"AHCTF1"
0.649541184241561,-0.166114064850562,0.168,0.174,1,"ADAM17"
0.168821387579408,0.166071827818667,0.168,0.143,1,"VPS37A"
0.0373591549515676,-0.165967668687665,0.407,0.453,1,"DYNLRB1"
0.0419190245963864,0.165849203096454,0.419,0.363,1,"ADAM8"
0.000494784589690425,-0.16581714317424,0.951,0.971,1,"MT-ND1"
0.36309017613461,0.165781706342141,0.19,0.174,1,"CRKL"
0.474891585973183,-0.16572302186035,0.113,0.123,1,"DCK"
0.986337041876834,-0.165618145728565,0.152,0.148,1,"CUTC"
0.0255980803324485,-0.165589782721808,0.697,0.715,1,"PITPNC1"
0.166928131514667,0.165519629273213,0.172,0.146,1,"ADI1"
0.188652147535817,0.165473128967234,0.252,0.225,1,"SUCLG1"
0.279993670289925,-0.165419302669031,0.174,0.191,1,"MCU"
0.183856457687305,-0.165418560399456,0.239,0.264,1,"NENF"
0.103362130455367,0.165303451476232,0.357,0.328,1,"RAD23B"
0.31610035362034,0.165299852681648,0.216,0.197,1,"PCYT1A"
0.198227444103524,0.165269689309221,0.261,0.236,1,"MRTFA"
0.172205435699161,0.16526480872902,0.519,0.498,1,"TOMM20"
0.251091432278717,-0.165242382343894,0.206,0.227,1,"PHF12"
0.320779533871447,-0.165187596624023,0.348,0.361,1,"NDUFC1"
0.00539291579197315,-0.165085621369789,0.964,0.967,1,"CXCR4"
0.0392784407022521,-0.165069757329036,0.492,0.543,1,"VPS37B"
0.0418382763008285,0.164974553221802,0.623,0.582,1,"GNB2"
0.399731466220559,0.164951364414156,0.129,0.115,1,"ZC3H14"
0.112676077090921,0.164865377076413,0.296,0.26,1,"NRDC"
0.18036713031986,0.164851128317464,0.267,0.236,1,"INPP4A"
0.697764459586221,-0.164839532131772,0.153,0.158,1,"TOM1"
0.262766477022245,-0.164813286282901,0.146,0.164,1,"RRP8"
0.249050715027195,-0.164752558644066,0.402,0.41,1,"PEBP1"
0.792376539419363,-0.164677129938407,0.162,0.162,1,"SIKE1"
0.656091736389073,-0.164665885695546,0.104,0.109,1,"ZMYND8"
0.252935989197485,-0.164623718402411,0.095,0.111,1,"PRANCR"
0.89880984881087,-0.164594213090143,0.116,0.113,1,"ENSG00000267364"
0.181221828735786,0.16454062927916,0.137,0.115,1,"NUS1"
0.226065362144621,0.164535791989923,0.321,0.297,1,"DOCK10"
0.0181055578208941,0.164383238426812,0.531,0.477,1,"PRNP"
0.210783048276065,0.164379311442609,0.278,0.248,1,"MED13"
0.771263176686824,-0.164312793130477,0.112,0.107,1,"PPIL2"
0.0812167636347942,0.164279767237477,0.301,0.262,1,"DOCK11"
0.131896974178669,-0.164227082096929,0.424,0.451,1,"PCGF5"
0.0675508673389819,-0.164137963904667,0.773,0.783,1,"CYTIP"
0.00168566687959175,-0.164072082277233,0.725,0.777,1,"SNHG6"
0.273551481496597,0.164039504286994,0.205,0.184,1,"CHTOP"
0.142371314369618,0.163915493522515,0.355,0.316,1,"PNN"
0.218916819185991,0.163807425827392,0.119,0.1,1,"PANK3"
0.493964938900483,-0.163765227339836,0.132,0.141,1,"SEC23A"
0.0745698334178298,-0.163733658087759,0.525,0.555,1,"BIRC2"
0.402079000210423,0.163574232237033,0.114,0.102,1,"KIF3B"
0.582160705009861,-0.163569200005209,0.103,0.109,1,"SETD3"
0.108394560417144,0.16354718869874,0.316,0.275,1,"AHI1"
0.0756534765582828,-0.16354534123091,0.423,0.457,1,"CXCR3"
0.195024384339453,-0.163534765771799,0.188,0.211,1,"PRKRIP1"
0.332641154726096,0.163309459388147,0.231,0.215,1,"TMX1"
0.129464035104872,0.163298389682475,0.313,0.271,1,"SHISA5"
0.0777517472316108,0.163197071737531,0.428,0.381,1,"BTN3A2"
0.166259385909566,-0.163177099572293,0.261,0.285,1,"WIPI2"
0.36060243766746,-0.163115334653065,0.268,0.281,1,"MRPS18C"
0.0803431472729995,0.162976982887651,0.369,0.326,1,"CCT8"
0.432444282570473,-0.162898058025636,0.232,0.244,1,"UBE4A"
0.453195665634852,-0.162801840623842,0.208,0.217,1,"ITPRIP"
0.409623580098619,0.162727804459111,0.166,0.152,1,"CYP51A1"
0.18798709027671,-0.162717164928791,0.246,0.27,1,"TMEM50B"
0.3725041772749,0.162655458784734,0.115,0.102,1,"CASP7"
0.392236146981045,-0.162633166898128,0.321,0.328,1,"RNF10"
0.752570433636431,-0.162488834750399,0.124,0.127,1,"DESI1"
0.105334173454411,0.162485412337022,0.268,0.232,1,"EIF2S3"
0.114326942759081,0.16242078850577,0.478,0.445,1,"SRP9"
0.147623474095958,0.162269947622993,0.202,0.174,1,"RBM18"
0.509027102410147,-0.162186544076194,0.106,0.115,1,"SCAP"
0.574977993416087,-0.162072077791754,0.319,0.332,1,"OS9"
0.244584478686596,0.161983049512611,0.17,0.148,1,"NFX1"
0.133463615154253,-0.161878058668525,0.382,0.414,1,"TMEM259"
0.284644903280227,0.161839884989188,0.173,0.154,1,"MCM6"
0.00454274813316031,0.161799371622341,0.638,0.568,1,"CCL4"
0.0718692952458242,0.161764120401687,0.554,0.52,1,"KAT6A"
0.141437067207099,-0.161724960763411,0.415,0.438,1,"MAX"
0.46379996776331,-0.161564987133576,0.092,0.102,1,"TMEM106B"
0.732452235590647,-0.161560553249699,0.204,0.207,1,"GALNT3"
0.750937826241402,-0.161552152134238,0.134,0.139,1,"ZNF83"
0.374770143127239,-0.161397939035826,0.229,0.242,1,"UBXN7"
0.00508049960148813,0.161379416451355,0.643,0.598,1,"TGFBR3"
0.234566666514725,0.161339485809465,0.332,0.309,1,"ARID2"
0.151899017265308,0.161320689301629,0.276,0.25,1,"RNF111"
0.344300127662925,0.161281028834766,0.133,0.117,1,"TMCC3"
0.406786108554082,-0.161244327299995,0.345,0.35,1,"RABEP1"
0.000268235279594933,-0.161225870921503,0.96,0.967,1,"RPL4"
0.822662501500777,-0.161183780338775,0.133,0.135,1,"BLZF1"
0.173974644301007,-0.161074225043302,0.514,0.521,1,"IVNS1ABP"
0.628924376744333,-0.160944272118224,0.119,0.125,1,"EIF5A2"
0.0227015875907634,0.16093746611211,0.886,0.867,1,"PTPRCAP"
0.442694181047083,0.160871371329931,0.118,0.105,1,"TCF20"
0.305251613661118,-0.160870312818782,0.167,0.184,1,"UBAP2L"
0.121638410001459,-0.160869776172899,0.401,0.414,1,"MRFAP1"
0.531442885128048,-0.160866166361357,0.116,0.125,1,"MSMO1"
0.792736675139001,-0.160848755301002,0.107,0.109,1,"TRAK1"
0.380213097692226,0.160801427583099,0.169,0.154,1,"MRPS10"
0.369077639880205,-0.16078175623535,0.102,0.115,1,"TOMM40"
0.603846208125267,-0.16070674676902,0.115,0.121,1,"PARP9"
0.0714132162357332,0.160624132607418,0.382,0.336,1,"GOLPH3"
0.00902273538219855,0.160556021483874,0.616,0.555,1,"ARPC5"
0.00210309378337171,0.160548865895735,0.653,0.566,1,"NHERF1"
0.21349752426459,0.160291063455335,0.193,0.17,1,"EXOC5"
0.00211743731108207,0.160263583362177,0.682,0.605,1,"AUTS2"
0.299284417361963,0.160261987625411,0.206,0.186,1,"MIEN1"
0.679727778437191,-0.16024649158677,0.101,0.105,1,"TRIM59"
0.319967133416826,-0.160228073957591,0.386,0.404,1,"ARPP19"
0.293196436136851,-0.16018934548022,0.401,0.414,1,"BRAF"
0.644350543700518,-0.160187341654891,0.17,0.176,1,"TIMM8B"
0.020379993919371,0.160114126703176,0.783,0.762,1,"SELPLG"
0.570546173785875,-0.160092399674742,0.372,0.373,1,"GTF2B"
0.252348495901259,0.1600628899772,0.336,0.311,1,"MLF2"
0.570807504996645,0.159935641943112,0.111,0.104,1,"CREBL2"
0.0453128303066399,0.159930999895535,0.421,0.373,1,"MGAT4A"
0.535292974154983,0.159858850322874,0.11,0.102,1,"CDYL"
0.567621675754376,-0.159844928728695,0.259,0.268,1,"LINC01619"
0.549181610823648,-0.159837999883283,0.127,0.135,1,"EIF2B5"
0.252401431540243,0.159779269327171,0.358,0.336,1,"BNIP3L"
0.0254909225288759,0.159705186277687,0.573,0.504,1,"PLEKHA2"
0.794784705543275,-0.159692225103985,0.2,0.189,1,"BCL2L11"
0.206001141659276,0.159603409519955,0.357,0.332,1,"PPHLN1"
0.129608877891378,0.159574892131506,0.269,0.236,1,"CTBP1"
0.403311688678194,0.159429052305166,0.115,0.104,1,"LRRC40"
0.611321865584587,-0.159420396977636,0.117,0.123,1,"HIP1R"
0.171563399539396,0.159361983763962,0.147,0.123,1,"EML2"
0.758459190555282,-0.159305811668358,0.203,0.205,1,"TAOK1"
0.497736537052054,-0.159283969923339,0.108,0.117,1,"STIMATE"
0.0897376402425047,0.159190739024634,0.341,0.295,1,"PRDM1"
0.0280698230243434,-0.159082163710621,0.731,0.732,1,"RNF19A"
0.427218349574424,0.158949171954901,0.141,0.127,1,"PEPD"
0.48706141392691,0.158923305961059,0.255,0.236,1,"DDIT3"
0.207706030915583,0.158909957417477,0.204,0.18,1,"PCBP1-AS1"
0.766895435967543,-0.15887629932927,0.22,0.219,1,"RALGAPB"
0.442941612104749,0.158871938835193,0.163,0.15,1,"GTF2A1"
0.462562181777236,0.158862659920389,0.108,0.098,1,"CGAS"
0.36123249362121,-0.158819959879145,0.275,0.287,1,"CPSF6"
0.117516173859002,0.158722653409382,0.288,0.252,1,"SDF2"
0.0853514416822458,0.158491427972635,0.262,0.221,1,"MICOS13"
0.371207632693557,-0.158481131000747,0.17,0.184,1,"TDP2"
0.505673484542599,0.158416670253539,0.215,0.203,1,"NUCB1"
0.331333239983575,0.158377013320594,0.1,0.086,1,"LINC01934"
0.0385869169427435,0.158285978831382,0.523,0.48,1,"ASH1L"
0.634656113132989,-0.158204747784424,0.101,0.107,1,"LCLAT1"
0.320652008176961,0.158179754209423,0.191,0.172,1,"FMR1"
0.584709165721076,0.158119146043407,0.348,0.336,1,"COP1"
0.196706272946698,-0.158109968110944,0.448,0.457,1,"MACF1"
0.178060652534961,-0.158097231359535,0.475,0.484,1,"SEPTIN9"
0.0271424286409909,-0.158035129813413,0.598,0.633,1,"SMCHD1"
0.0808586458662314,0.157991732370628,0.616,0.602,1,"PRKCQ"
0.41466404086104,-0.157961398546132,0.242,0.256,1,"CLASP2"
0.86517985153902,-0.157782714937259,0.259,0.246,1,"RGS10"
0.271466995500963,-0.157768600701405,0.281,0.301,1,"ILKAP"
0.609665654399589,-0.157760925201174,0.234,0.238,1,"TXNDC17"
0.104268700491936,0.157718426709416,0.101,0.078,1,"TSPAN5"
0.0306952572274623,-0.157600860716182,0.685,0.695,1,"CHASERR"
0.599351531014203,-0.157600142929794,0.113,0.121,1,"DAP"
0.0717576802882063,-0.157541160004942,0.374,0.412,1,"RELA"
0.417181641083111,0.157471413963911,0.131,0.117,1,"SRGAP2"
0.234836893256532,0.157450416274676,0.167,0.145,1,"RCC2"
0.646340904787101,-0.157429784437666,0.12,0.127,1,"HMGCR"
0.180984530585546,-0.157417364641729,0.18,0.203,1,"BTD"
0.286167965304886,0.15738805913575,0.19,0.17,1,"ADA"
0.155524140285312,0.157378583219907,0.301,0.266,1,"PXN"
0.572546881703632,-0.157277848516515,0.212,0.221,1,"POLR2C"
0.0105835055397467,-0.157205830003802,0.828,0.857,1,"ATP6V0C"
0.164216380325553,0.157118341674884,0.144,0.119,1,"CYBC1"
0.0199399609607431,0.157111601634906,0.542,0.473,1,"STK10"
0.360317925998138,0.157109826096832,0.105,0.092,1,"NACC1"
0.127913872282409,-0.156998486217353,0.277,0.305,1,"CCDC59"
0.531544481459178,0.156987448502294,0.13,0.121,1,"MGRN1"
0.575519482858593,-0.15694078290593,0.149,0.156,1,"TAPT1"
0.0503072832068843,-0.156922705959102,0.229,0.27,1,"MLEC"
0.181116281046446,0.15675256793779,0.111,0.09,1,"OSBPL5"
0.158596389744147,-0.15669172342927,0.334,0.359,1,"ZFC3H1"
0.165874466519963,0.156624572397184,0.299,0.268,1,"VTI1B"
0.53471742772359,-0.156550121531799,0.185,0.193,1,"RCN2"
0.384294795715015,-0.156534493484692,0.239,0.254,1,"TSC22D2"
0.410157331094583,-0.156524814641688,0.203,0.219,1,"TGS1"
0.0276900968417854,0.156523307433562,0.431,0.371,1,"LNPEP"
0.369474999530464,0.156451304868495,0.134,0.119,1,"SLC35B1"
0.3218859562017,0.156446661070012,0.12,0.104,1,"BBIP1"
0.0561731199309507,0.156386686334666,0.426,0.375,1,"MAP7D1"
0.197512198455837,0.1563838916166,0.262,0.234,1,"PHF5A"
0.336549497840892,0.156363134118859,0.138,0.121,1,"RRM1"
0.941987659468997,-0.156291828601697,0.139,0.139,1,"DLEU1"
0.144168369498858,0.156127361024763,0.494,0.457,1,"TMEM258"
0.259941291699539,0.156102130689196,0.196,0.174,1,"MEF2A"
0.635855680852984,-0.156086762247505,0.186,0.191,1,"NSRP1"
0.522336025212203,-0.156075057829469,0.27,0.271,1,"ZC3H18"
0.469616977257217,-0.156017343159142,0.185,0.197,1,"ATE1"
0.47709617658253,0.155906819842127,0.111,0.1,1,"ZNF266"
0.306593770420109,-0.15573903205276,0.213,0.227,1,"TP53BP2"
0.425232058544773,0.155660310431561,0.159,0.148,1,"SQOR"
0.657514799691791,-0.155659942932343,0.173,0.176,1,"NMI"
0.360039142788045,0.155646573492999,0.153,0.139,1,"SURF1"
0.850770003176546,-0.155468150212459,0.101,0.098,1,"ENOSF1"
0.990962603796398,-0.155390531877197,0.123,0.121,1,"MICU1"
0.111505006966538,-0.15536119244867,0.421,0.451,1,"LFNG"
0.640278863024866,-0.155352291880311,0.105,0.111,1,"PLEKHF2"
0.327898007990014,0.155347231208309,0.257,0.234,1,"MARS1"
0.377347705763955,0.155341736678835,0.219,0.201,1,"SLC1A4"
0.265103504452929,0.155296255809263,0.462,0.432,1,"FRYL"
0.261342960528726,-0.155281257358908,0.185,0.207,1,"IFNAR1"
0.38482717569481,0.155265524449602,0.211,0.193,1,"ATR"
0.259535350990653,0.155203681798959,0.127,0.109,1,"ITPK1"
0.332380822107201,0.155162108441386,0.152,0.135,1,"MAP4K1"
0.0305271934886039,-0.155155773935384,0.7,0.729,1,"PDCD4"
0.321560991725587,0.155087475221628,0.198,0.178,1,"UBE3C"
0.409276684901514,0.155049881180559,0.202,0.186,1,"TERF1"
0.622279267118742,-0.154930010556036,0.231,0.232,1,"PIK3C3"
0.332421132820592,0.154891439159322,0.2,0.184,1,"BLMH"
0.7048873662911,-0.154888225991387,0.223,0.223,1,"PARP15"
0.512630197129424,-0.154819452540095,0.147,0.158,1,"PI4KB"
0.10417032264845,0.154597290287637,0.191,0.158,1,"FCHSD2"
0.276346268271769,-0.15453613654591,0.115,0.131,1,"SPOPL"
0.61989104362401,-0.154518169014112,0.141,0.145,1,"FAM168B"
0.226774291512582,-0.154515694047531,0.236,0.258,1,"NDEL1"
0.721318841285995,-0.15451022422727,0.155,0.158,1,"KMT2B"
0.240699005268161,0.154353265526201,0.121,0.102,1,"NPRL2"
0.0648821616908056,0.154260292659207,0.44,0.389,1,"KRT10"
0.588881917947237,-0.154215581061805,0.197,0.209,1,"MIR23AHG"
0.310276976998517,0.154197993586328,0.121,0.105,1,"SSX2IP"
0.52284753925315,-0.154042960871919,0.196,0.201,1,"SNRPA"
0.145741634442623,0.154029806133717,0.149,0.121,1,"PDE6D"
0.218621171287617,0.153944112747773,0.192,0.168,1,"BTBD6"
0.994455583427664,-0.153860739969548,0.145,0.143,1,"TTC21B"
0.191820021253984,0.153805140350503,0.129,0.107,1,"C15orf61"
0.700957127096683,-0.15379286213107,0.132,0.137,1,"ALMS1"
0.428027315672114,0.153612472661324,0.168,0.156,1,"ZCCHC10"
0.364275199405481,0.153592205126691,0.363,0.344,1,"MDH2"
0.233559924105989,0.15353548528682,0.389,0.367,1,"SMARCA2"
0.609913322768523,-0.153498370388127,0.273,0.273,1,"LAMTOR1"
0.113663744599393,0.153339143370943,0.163,0.133,1,"CKS2"
0.198167342646605,0.153079605579876,0.455,0.428,1,"EVI2B"
0.110012493966349,-0.153014341284186,0.423,0.455,1,"LAMP1"
0.0839713680925443,0.152884811845644,0.384,0.344,1,"SELENOW"
0.232113809557296,-0.152851006643157,0.183,0.205,1,"ZMYM5"
0.294051048451966,0.152823697996443,0.168,0.148,1,"GPS1"
0.158246724494759,0.152806968445887,0.354,0.314,1,"PPP6C"
0.0653673140616899,-0.152804791540741,0.575,0.605,1,"USP15"
0.708415506022386,-0.152767857764562,0.201,0.205,1,"RTCB"
0.445010944471406,-0.152620138209817,0.206,0.217,1,"CERK"
0.115827675465436,0.152557130098813,0.425,0.393,1,"NDUFB10"
0.152053442610829,-0.152473899857152,0.255,0.281,1,"LRCH3"
0.80083376993476,-0.152431053805717,0.099,0.102,1,"AARSD1"
0.48938174964262,0.15234984459845,0.17,0.16,1,"MAP3K4"
0.104459736207306,0.15224286111285,0.27,0.234,1,"LPIN2"
0.456589902108979,0.152162011743582,0.276,0.266,1,"BMAL1"
0.647570853029026,-0.152111218831252,0.247,0.256,1,"NINJ1"
0.203741615978365,0.152028547493519,0.155,0.131,1,"CAPN1"
0.310233480720541,-0.151962841786995,0.318,0.332,1,"PSMD13"
0.171111747318315,0.151926296828758,0.234,0.203,1,"RNF220"
0.347614291782042,-0.151917093810155,0.266,0.283,1,"TMEM208"
0.338227287818013,-0.151888065561286,0.346,0.359,1,"GYPC"
0.0805401583817377,0.151838413703032,0.327,0.285,1,"GTF2A2"
0.280815613792728,0.151772033091998,0.373,0.352,1,"ATP5IF1"
0.0644795316815191,0.151751720918282,0.423,0.385,1,"PPP3CA"
0.00445343367941125,0.15153273736171,0.854,0.838,1,"CD3E"
0.567954277093088,0.151333195427036,0.1,0.092,1,"CD151"
0.579448427873588,-0.151317625918696,0.247,0.25,1,"MPP7"
0.246361851459326,-0.151275417436472,0.44,0.457,1,"TNIK"
0.0478374949234594,0.151154578032764,0.584,0.543,1,"POMP"
0.043697987439413,-0.151127554798971,0.472,0.521,1,"IRF2BP2"
0.67048187445245,-0.151007253778286,0.203,0.207,1,"ETV6"
0.221164245606146,0.151005999921878,0.433,0.406,1,"ATP5ME"
0.0247638522016998,0.150972350085093,0.652,0.59,1,"SERINC1"
0.206383245598007,0.150956392228735,0.325,0.297,1,"PSMC5"
0.159726582201768,0.150842388736891,0.258,0.227,1,"CKAP2"
0.311771977900107,0.150834277748857,0.391,0.375,1,"SPATA13"
0.00966908705346456,0.150792002752167,0.496,0.432,1,"NDUFA11"
0.166091220516788,0.150655400303838,0.317,0.291,1,"MYDGF"
0.254838171477096,0.150509753079502,0.21,0.188,1,"RABGAP1"
0.500166133046307,-0.150482571962453,0.433,0.434,1,"MPHOSPH8"
0.150314970929791,-0.15047924059308,0.393,0.418,1,"TMEM123"
0.768319527987866,-0.150472529304273,0.116,0.119,1,"CENATAC"
0.268690591710641,0.150462754122349,0.358,0.328,1,"RAB11B"
0.0991521774956729,-0.150437315997337,0.468,0.496,1,"PCM1"
0.102767912840972,0.150415959733415,0.127,0.1,1,"SIMC1"
0.282271054951479,0.150403779900991,0.171,0.15,1,"BPNT2"
0.173315515794195,-0.1503886299302,0.213,0.238,1,"EEIG1"
0.396649203007599,-0.15038838610066,0.307,0.312,1,"TKT"
0.0509473846995543,-0.150346231886676,0.446,0.482,1,"TAF1D"
0.291545763200632,0.150345684362557,0.317,0.297,1,"SMARCC1"
0.0444953176685773,0.150267613577074,0.586,0.539,1,"STK38"
0.271020636087159,0.150228811217205,0.216,0.193,1,"GIGYF2"
0.572229763321513,0.150121015291272,0.179,0.168,1,"ASB8"
0.0546155680316645,0.150008871783435,0.621,0.58,1,"CMIP"
0.158160444525116,0.149968797902543,0.312,0.275,1,"CASP4"
0.444021504968115,-0.149959617067611,0.269,0.273,1,"LRRC8C"
0.284877533635668,0.149918673750202,0.132,0.113,1,"MYBL1"
0.360880505364684,0.149726199615816,0.15,0.135,1,"RELL1"
0.0906055331997328,0.149654204589859,0.407,0.371,1,"PSMD7"
0.876799238464398,0.149628824317048,0.123,0.121,1,"NDUFAF2"
0.376191977329504,0.149614938019191,0.184,0.17,1,"KIF21B"
0.437577184151496,0.149566251340597,0.144,0.131,1,"KDM5C"
0.167053003070241,0.149534395878136,0.453,0.412,1,"AP2M1"
0.377125776433452,-0.149533617983856,0.255,0.268,1,"CYB5R3"
0.231508603815923,0.149349737047216,0.176,0.154,1,"FAM162A"
0.273341609551477,0.149332320621281,0.184,0.162,1,"TXNDC9"
0.0329636432350813,-0.14933037258883,0.649,0.676,1,"MATR3"
0.496274209623123,0.149226267370219,0.129,0.119,1,"NXPH4"
0.340293202556853,-0.149160928624702,0.339,0.352,1,"YIPF5"
0.297605533688485,-0.149120736881361,0.369,0.377,1,"TRIP12"
0.319095519087123,-0.149089581231757,0.27,0.287,1,"FBRS"
0.284235453711066,-0.148917966395874,0.34,0.354,1,"HIF1A"
0.365182437985219,0.148857062236309,0.149,0.133,1,"MEX3C"
0.421813084756432,0.148567001963352,0.161,0.148,1,"WDFY1"
0.709759785498729,-0.148561965347698,0.114,0.119,1,"MAPK9"
0.137232298140864,0.148409532404597,0.396,0.357,1,"HERPUD1"
0.088964115158699,0.148396113187716,0.307,0.26,1,"ATG12"
0.607553584994586,-0.148265228356313,0.225,0.23,1,"GSK3A"
0.699328227236184,-0.148172875449496,0.108,0.111,1,"NOP16"
0.0175069562502196,0.148083709074134,0.671,0.59,1,"ANXA2"
0.132122645471385,0.148048814301461,0.312,0.281,1,"PSMB7"
0.400464423951304,0.148016092377155,0.107,0.096,1,"STX10"
0.253835109459727,-0.147890429123084,0.339,0.361,1,"NOP56"
0.539325798470995,-0.14788301619612,0.18,0.189,1,"HEXA"
0.254452809347985,0.147694964723443,0.12,0.102,1,"MRPL1"
0.0968863192718257,0.14760376363122,0.449,0.398,1,"SPN"
0.0170201312959406,-0.14757613146223,0.77,0.805,1,"DDX24"
0.162727516340776,0.147496321274334,0.25,0.223,1,"RNF145"
0.152342584849294,0.147415408109662,0.29,0.26,1,"UBE2F"
0.850851010717457,-0.147396039793472,0.136,0.137,1,"MINK1"
0.300370600573207,0.147344927082511,0.185,0.164,1,"NCOA6"
0.351482029543449,0.147273380161244,0.166,0.148,1,"DEDD"
0.675492079409505,0.147206265167527,0.126,0.119,1,"EPG5"
0.156995991637762,0.147179292095357,0.464,0.439,1,"BRK1"
0.347447652971878,0.147060221079218,0.153,0.137,1,"PREB"
0.00736226475676236,0.147055252072138,0.688,0.617,1,"OSBPL8"
0.4444764893988,-0.147052377999793,0.397,0.402,1,"CYSTM1"
0.0831545121212943,0.147019998098273,0.321,0.281,1,"LAG3"
0.295489488249927,0.146940481702265,0.101,0.086,1,"CTU1"
0.625208387963432,0.146928479287493,0.149,0.143,1,"MRPL13"
0.24561754106963,0.146800372195627,0.177,0.156,1,"TIMM23"
0.214177592127941,0.146614740995853,0.232,0.203,1,"FAS"
0.609915973778938,-0.146473854897202,0.21,0.215,1,"NUP210"
0.330019665308078,0.146468110365496,0.113,0.098,1,"RPUSD3"
0.448785630441723,-0.146440015745968,0.166,0.174,1,"FBRSL1"
0.474728546507499,-0.14636018587996,0.169,0.18,1,"CNST"
0.489469178359512,-0.146320772819372,0.108,0.117,1,"SRGAP2C"
0.812822207495929,0.14621005902909,0.11,0.107,1,"GGA3"
0.131839795622513,-0.146151109630641,0.113,0.137,1,"CDR2"
0.341260527336972,0.14608682763165,0.124,0.109,1,"PIP5K1A"
0.22420359357047,-0.146041465846927,0.482,0.482,1,"G3BP2"
0.59033067170109,0.146016055024528,0.14,0.133,1,"ABHD18"
0.202884575941982,0.145999552591594,0.329,0.299,1,"DNAJC3"
0.235470873215517,0.145988163685102,0.199,0.178,1,"THAP12"
0.336322593205599,-0.145971802189481,0.104,0.117,1,"NUP62"
0.192505926251086,0.145948659662823,0.183,0.158,1,"RGS3"
0.780005051443987,-0.145945460846635,0.161,0.164,1,"PLEKHJ1"
0.432366673505259,-0.14592342866493,0.099,0.111,1,"ZNF787"
0.377040205213671,-0.145891404454412,0.38,0.385,1,"KDM7A"
0.262347394121752,0.145869671112235,0.114,0.096,1,"CSRP1"
0.355031698510687,0.145859355520239,0.245,0.225,1,"AGFG1"
0.0473004307901622,0.14584259670148,0.328,0.273,1,"FIP1L1"
0.346355739437883,0.145804819444173,0.238,0.217,1,"MAN1A1"
0.399957717535776,0.145734600627767,0.172,0.156,1,"PAPOLG"
0.228406670984841,0.145714452728387,0.253,0.229,1,"IMMT"
0.545799780211414,0.145668119424813,0.108,0.1,1,"DNASE2"
0.00622961386957691,0.145566476295175,0.709,0.668,1,"RABAC1"
0.522103338647391,0.145363346157754,0.393,0.383,1,"B4GALT1"
0.118115587488552,0.145355484669746,0.338,0.299,1,"ERP44"
0.368425512037156,-0.14532880254874,0.19,0.207,1,"NTMT1"
0.276844332353935,-0.145323795151225,0.205,0.223,1,"HAUS3"
0.473119197965397,-0.145283541935492,0.198,0.205,1,"ARHGAP17"
0.381546438845968,0.145108059394445,0.168,0.152,1,"NUP50"
0.328688068950843,-0.145041303345785,0.373,0.389,1,"PNP"
0.538658531687227,-0.144920451041643,0.179,0.189,1,"ENSG00000291149"
0.196082484230524,0.144916338654345,0.185,0.162,1,"QARS1"
0.000560221296804112,0.144736667786689,0.973,0.949,1,"MT-ND5"
0.255548095428812,-0.144691130132811,0.244,0.264,1,"SNRPA1"
0.175904718462869,0.144645025848736,0.288,0.258,1,"PRMT1"
0.0876346552862436,-0.144644176233643,0.268,0.307,1,"ZBTB43"
0.353120870420652,0.144355610014954,0.142,0.127,1,"HPS3"
0.403615877006632,-0.144290467832232,0.326,0.332,1,"H1-2"
0.530153427383142,0.144232925316724,0.164,0.152,1,"POLR2H"
0.346578316495423,-0.144198585986138,0.457,0.469,1,"CHD1"
0.276412585447116,0.144177702924288,0.285,0.264,1,"SUGT1"
0.253954862293051,0.144158901155327,0.327,0.305,1,"AP3B1"
0.245002674235274,0.144121666378965,0.215,0.189,1,"PEX16"
0.0183378714143629,0.144086837503547,0.448,0.385,1,"CGGBP1"
0.275087941101598,0.144070999861764,0.136,0.117,1,"NME7"
0.45241738959427,0.144051802301812,0.161,0.148,1,"TMEM33"
0.290576840534202,0.144018200321236,0.21,0.189,1,"FAM193A"
0.404646646000056,-0.143999503127568,0.166,0.182,1,"RYK"
0.328942275803517,0.143989381030973,0.272,0.256,1,"NUP153"
0.572221795411453,-0.143943738586674,0.166,0.174,1,"ZDHHC6"
0.170510742753623,0.143939702213408,0.147,0.123,1,"SPG21"
0.419665981460716,-0.143770140308428,0.248,0.27,1,"HAX1"
0.44410611742323,0.143748896723115,0.166,0.154,1,"DUT"
0.165725181800002,0.143713921319618,0.291,0.256,1,"CIAO1"
0.326988833540716,-0.143693136118817,0.158,0.172,1,"UBALD1"
0.195581779667006,0.143677022468943,0.193,0.168,1,"PLAAT3"
0.612052442110801,-0.143618976081745,0.212,0.219,1,"SNHG1"
0.557320591336712,-0.1433543591932,0.322,0.324,1,"LMBRD1"
0.31994846633751,-0.143067014364207,0.257,0.277,1,"COPS2"
0.05323847530467,0.143036284089315,0.587,0.539,1,"YPEL3"
0.333719615279909,-0.142729583867297,0.228,0.242,1,"RGS2"
0.483694649233695,0.14272142021236,0.132,0.121,1,"ASB6"
0.388844441769179,0.142691391328119,0.245,0.229,1,"HSD17B11"
0.432856643052249,-0.142681200385216,0.289,0.303,1,"SMYD3"
0.249049677397146,-0.142677326161246,0.626,0.65,1,"JUN"
0.282119194442556,0.142673161180672,0.171,0.15,1,"ZNF91"
0.604473604044267,0.142661967641816,0.103,0.096,1,"E2F3"
0.0391311983681596,-0.142586780814927,0.839,0.801,1,"OASL"
0.671678216855922,-0.142551618462647,0.118,0.123,1,"NCSTN"
0.225632730628399,0.142535659197205,0.253,0.225,1,"INO80D"
0.689468724174046,-0.142535643582483,0.114,0.119,1,"ZNF574"
0.184709436797276,0.142532251227822,0.172,0.146,1,"IPO9"
0.342247784575398,0.142483904389375,0.402,0.377,1,"TBC1D10C"
0.226171088088089,-0.142467180808407,0.338,0.365,1,"MAT2A"
0.394544588855032,0.142397391997989,0.185,0.17,1,"DDRGK1"
0.490368250056537,0.14237816841272,0.16,0.148,1,"LSM6"
0.128401463133737,0.142250234932673,0.47,0.436,1,"MAP2K2"
0.261266183723476,0.14214270171906,0.297,0.271,1,"PSMC6"
0.00124871550311756,-0.142129895741873,0.996,0.988,1,"SRGN"
0.168878778742792,0.14207318314965,0.191,0.164,1,"ARPC1A"
0.108161792248287,0.142071651281636,0.191,0.16,1,"WDFY2"
0.196379884208906,0.142013670863725,0.243,0.215,1,"MPC1"
0.230334255164058,0.142007633359607,0.197,0.172,1,"ZNF384"
0.375350686811189,0.141999955982588,0.179,0.162,1,"DCAF10"
0.409025430285834,0.141986790666905,0.121,0.109,1,"CXorf38"
0.333041698554203,0.141980664733472,0.183,0.166,1,"SYVN1"
0.875959865665336,-0.141853670407483,0.27,0.264,1,"RSBN1"
0.263661825977173,0.14182267551197,0.126,0.107,1,"BRAT1"
5.79331939090557e-05,-0.141808434475199,0.995,0.996,1,"RPS5"
0.158495088263608,0.141786850901156,0.387,0.357,1,"ATP5PF"
0.464111578620669,-0.141660949748382,0.248,0.262,1,"SNF8"
0.268776453511058,-0.141631151508548,0.399,0.412,1,"NEU1"
0.363069176256994,0.141628551809874,0.475,0.455,1,"KLF3"
0.729545135638722,0.141620115018506,0.173,0.168,1,"TARS3"
0.358838183006683,0.141597829709115,0.112,0.098,1,"GRK6"
0.270076184724778,0.141563214314667,0.159,0.139,1,"UBL7"
0.557940498463056,-0.141552008960683,0.111,0.119,1,"GCN1"
0.388943240826046,0.141544896019948,0.171,0.154,1,"CCNC"
0.00184475705286077,0.141485852742911,0.903,0.855,1,"PPDPF"
0.227174621615698,0.1413618593269,0.23,0.205,1,"GPR65"
0.00703924749575717,-0.141361448077463,0.892,0.914,1,"RPS20"
0.850859662698681,-0.141360594341507,0.188,0.188,1,"TMEM147"
0.421981927847498,-0.141358053149071,0.302,0.311,1,"CCDC85B"
0.0912452184334448,0.141307027898844,0.333,0.289,1,"NT5C3A"
0.208472106157969,0.141295315781141,0.223,0.193,1,"CCNT2"
0.442920781445145,0.141277698683283,0.176,0.162,1,"TMED7"
0.602065710453349,-0.141258533534921,0.214,0.217,1,"CNIH4"
0.482086945575811,0.141223790925253,0.122,0.111,1,"KLHDC10"
0.456364037609684,0.141151677752032,0.151,0.137,1,"GSDMD"
0.134900114563924,0.14099296694349,0.256,0.223,1,"DENND1B"
0.135144389610709,0.140673402113751,0.239,0.205,1,"GID8"
0.355795244776624,-0.140659959154791,0.177,0.193,1,"DTD1"
0.452694764671021,-0.140477043002742,0.171,0.186,1,"ARAP1"
0.512288609565788,-0.140475262626987,0.369,0.371,1,"RNF7"
0.275305882707261,0.140469994330839,0.145,0.127,1,"ANKRD13C"
0.442710330535831,0.140437727411103,0.113,0.102,1,"MIB1"
0.444992334800966,-0.140371853944911,0.291,0.299,1,"IP6K1"
0.177223328474771,0.140361870133215,0.259,0.223,1,"ASXL2"
0.341510362137883,0.140361111153747,0.157,0.141,1,"MRPS18B"
0.391858566089881,-0.140181866591322,0.215,0.229,1,"SNHG32"
0.908563174346379,-0.140147793204362,0.308,0.305,1,"IER5"
0.50171455605327,0.140143254536691,0.139,0.129,1,"ABHD12"
0.482840608755367,-0.140075035348239,0.18,0.188,1,"TBC1D1"
0.12882581950915,0.140051918118187,0.198,0.166,1,"FLOT1"
0.0816431710175793,0.140024176850613,0.416,0.373,1,"CYFIP2"
0.757774686853769,-0.139949388150373,0.117,0.121,1,"TSTD2"
0.306388480712263,-0.1398565945775,0.481,0.49,1,"MCUB"
0.128786816594195,0.139791387400117,0.232,0.201,1,"ENSG00000236449"
0.276966514485903,-0.139680631398125,0.226,0.25,1,"BTAF1"
0.465820513038781,-0.139543727172853,0.146,0.158,1,"PELP1"
0.606206659223267,0.139460283628268,0.134,0.125,1,"KIZ"
0.340393631159322,0.13945155673556,0.27,0.254,1,"CHD3"
0.601629103914059,0.139418647323821,0.129,0.121,1,"HDAC8"
0.11772874941406,-0.13938130148803,0.6,0.609,1,"TAF10"
0.677618919582262,-0.139342093178888,0.118,0.123,1,"SCAPER"
0.546310695940935,0.13933713949549,0.129,0.121,1,"PHF23"
0.0808989740867192,-0.139231660091622,0.369,0.406,1,"FBL"
0.483465975589934,0.139181782821485,0.217,0.207,1,"ADPGK"
0.144559638473604,0.139120329223634,0.14,0.113,1,"VPS33A"
0.588745075998459,0.139116165990818,0.105,0.098,1,"PRDM4"
0.445881417518123,-0.139097349276921,0.139,0.15,1,"OSGEP"
0.352375700473741,-0.139094209132874,0.439,0.443,1,"USP3"
0.193812125377225,0.139070423114511,0.131,0.109,1,"C1orf50"
0.507814062973701,-0.139005754325059,0.144,0.154,1,"MRPL50"
0.143785371118316,0.138974279263437,0.507,0.477,1,"ROCK1"
0.440978309599668,0.138939555510063,0.203,0.189,1,"CTDSP2"
0.398947193182608,-0.138926187905405,0.141,0.154,1,"FBXO28"
0.211693346744164,0.138886252272233,0.135,0.115,1,"PYROXD1"
0.136821029991081,0.138880516605428,0.273,0.238,1,"DERL2"
0.0583200018732102,-0.138831913074804,0.397,0.438,1,"EIF1AX"
0.245286565189079,-0.138808674474354,0.181,0.201,1,"ST3GAL1"
0.308336833993478,0.13880353704789,0.261,0.24,1,"NDUFS8"
0.4417258226257,0.138605260602279,0.174,0.16,1,"PHF14"
0.320282948241188,-0.138587044691744,0.338,0.35,1,"TTC17"
0.40328081857375,0.138508850922176,0.372,0.35,1,"CMPK1"
0.119631407447729,0.138281929250646,0.247,0.211,1,"VTA1"
0.0015079062300301,0.138211798411128,0.823,0.773,1,"PSMA7"
0.835298621752308,-0.138130972058357,0.196,0.195,1,"LMF2"
0.348757032704724,0.138119324709848,0.197,0.18,1,"NBN"
0.737942757989762,-0.138118638759203,0.116,0.121,1,"BICD1"
0.8471780752837,0.13809643938171,0.219,0.217,1,"CDC14A"
0.37295885436345,0.138031810929103,0.137,0.121,1,"SNIP1"
0.184312528801026,-0.13797033018755,0.551,0.553,1,"SERPINB9"
0.0977888231289824,-0.137915304700196,0.483,0.512,1,"CD164"
0.157094234283762,0.137884353238105,0.276,0.24,1,"AGTPBP1"
0.192154700500303,-0.137835069161181,0.364,0.387,1,"NUP98"
0.0760815418347334,0.137820785660392,0.559,0.52,1,"NDUFB2"
0.30991039316967,-0.137797011015535,0.415,0.414,1,"CSNK1D"
0.206726441147376,0.137589370752329,0.211,0.184,1,"JADE2"
0.459191973190069,-0.137430586645545,0.175,0.188,1,"ABCF3"
0.643634561789276,0.137366393115631,0.1,0.094,1,"C16orf87"
0.358213855698863,0.137337802645522,0.139,0.123,1,"LZIC"
0.000870039105902541,0.137280455677942,0.277,0.203,1,"HLA-DRA"
0.179515853947596,0.137271877101028,0.187,0.164,1,"LRCH1"
0.161018058648371,0.137145841374376,0.247,0.213,1,"FNDC3A"
0.460326478268673,-0.137095015909356,0.097,0.107,1,"NVL"
0.151587032842592,0.137091576250978,0.343,0.305,1,"RSBN1L"
0.0669536871811843,0.137032378719115,0.232,0.191,1,"SLAMF7"
0.199316909425082,0.136897173656554,0.208,0.184,1,"HSF1"
0.629669277063404,0.136809648096279,0.137,0.129,1,"DHPS"
0.308534882420253,0.136732181879816,0.185,0.164,1,"ACAA1"
0.20188164387393,0.136702696926837,0.317,0.281,1,"RBBP4"
0.843630368004342,-0.136690258998239,0.239,0.24,1,"MT1E"
0.00830960872350027,-0.136674417301578,0.972,0.973,1,"EEF1B2"
0.277410935315547,0.136567280593389,0.162,0.143,1,"NRBF2"
0.148720816900892,0.136437762527375,0.345,0.305,1,"CREBRF"
0.352570545357759,-0.136421580255127,0.485,0.484,1,"TUBA1A"
0.0788212827766412,0.136414113921173,0.278,0.246,1,"M6PR"
0.017726015631008,0.136400771956205,0.275,0.219,1,"GLUL"
0.0408609398353859,-0.136152752740863,0.652,0.682,1,"SP100"
0.386769007953081,0.136145192150999,0.326,0.312,1,"CMTM6"
0.139306499970719,0.136096570664698,0.383,0.342,1,"TWF2"
0.547920254183241,-0.136004686196179,0.12,0.129,1,"MAD2L2"
0.566698029875816,0.135997381291222,0.126,0.117,1,"PPIF"
0.117648068354133,0.135918422717658,0.334,0.293,1,"APOL6"
0.000191382430613747,-0.135902073518951,0.967,0.973,1,"EEF2"
0.0596821479522253,0.13589553740242,0.281,0.234,1,"HGS"
0.375704951475017,0.1357400410082,0.173,0.156,1,"MCRIP1"
0.233588625711045,0.13544927170584,0.257,0.23,1,"PTMS"
0.395201528924488,-0.135425987191536,0.136,0.148,1,"MAP1LC3A"
0.0459159017710351,0.135401801297537,0.286,0.242,1,"BANF1"
0.193178123450918,0.135391195619992,0.326,0.297,1,"SNX1"
0.224125709700499,0.135318089668451,0.242,0.217,1,"DAXX"
0.081280111234918,-0.135266176497726,0.739,0.762,1,"SRRM2"
0.192770576371788,0.13525343945795,0.441,0.41,1,"GMFG"
0.506031801936338,0.135228986329691,0.229,0.219,1,"NDUFA9"
0.617450597079846,0.135153213580345,0.287,0.281,1,"VDAC3"
0.598486385267482,-0.135114380192066,0.213,0.219,1,"CDC26"
0.634553782453078,0.13509643430162,0.194,0.184,1,"CPNE3"
0.83652566099574,-0.135011705953085,0.101,0.104,1,"VCL"
0.118069917241731,-0.134998135576156,0.585,0.611,1,"ISCU"
0.374558000731265,0.134969241126581,0.194,0.176,1,"FBXO33"
0.346855078930393,-0.13493956703157,0.243,0.258,1,"CDKN1A"
0.299231047515762,0.134798797576699,0.126,0.109,1,"CHCHD5"
0.303959513291516,0.134746273884955,0.153,0.135,1,"XPOT"
0.753269956995272,-0.134678972649535,0.272,0.271,1,"TAF3"
0.430409942867287,-0.134590631664018,0.192,0.209,1,"RNF216P1"
0.411686666525245,0.1345497899146,0.36,0.338,1,"PTPN1"
0.207524462941119,-0.134548001401264,0.333,0.355,1,"AP2B1"
0.304732261413316,0.134367186369622,0.132,0.115,1,"WSB2"
0.4118444130373,0.134335232323926,0.112,0.1,1,"RNF14"
0.969427302681835,-0.134250695514633,0.164,0.162,1,"LUZP1"
0.127886223557959,0.134243248257001,0.337,0.299,1,"CWC15"
0.296493145149557,-0.134202846336773,0.087,0.102,1,"TMEM184B"
0.161390689241124,-0.134187088118712,0.45,0.471,1,"CYLD"
0.554786944780711,-0.134178372716727,0.147,0.156,1,"MED26"
0.822392731934757,-0.134163817123145,0.14,0.141,1,"PLSCR3"
0.101963205945458,0.134149599934713,0.463,0.424,1,"SNX6"
0.347267181878413,-0.134141173193873,0.547,0.537,1,"MAP2K3"
0.542758547498179,-0.134139344749414,0.277,0.285,1,"STOM"
0.233675302993451,0.134118995894193,0.21,0.186,1,"PHACTR4"
0.157295846575084,-0.134018219318208,0.456,0.479,1,"CANX"
0.210463754611141,0.133990950327069,0.182,0.158,1,"IAH1"
0.430605072844996,-0.133940458352963,0.203,0.217,1,"TMC8"
0.344561231712987,-0.133902793018293,0.278,0.297,1,"SZRD1"
0.384829513522271,-0.133560781421792,0.149,0.162,1,"MRPL32"
0.467578871617335,-0.133459870999684,0.248,0.26,1,"GARS1"
0.580931296210014,-0.133374081654157,0.285,0.293,1,"OGDH"
0.929081997898542,-0.133345053765658,0.12,0.119,1,"ING3"
0.420873893450344,0.133262908214573,0.141,0.127,1,"HMGXB3"
0.168710438620582,0.13326050989739,0.215,0.186,1,"ITGB1BP1"
0.250553547342071,0.13309973119546,0.105,0.088,1,"ATRN"
0.325496015506245,-0.132932833678668,0.249,0.268,1,"ACTR10"
0.602652907182303,-0.132875566174247,0.173,0.182,1,"TMEM131L"
0.121248445258112,0.1328135106107,0.498,0.461,1,"SRSF9"
0.261677202162996,0.132724526023038,0.145,0.127,1,"CPEB2"
0.217856308150714,0.132707298147404,0.617,0.594,1,"PBXIP1"
0.592862242804418,-0.132645910215301,0.108,0.115,1,"ZNF280D"
0.186435868675372,-0.132554746822743,0.35,0.371,1,"SNHG8"
0.202642368545357,-0.132540365045859,0.153,0.172,1,"TANK-AS1"
0.317835963661569,0.132456288954907,0.109,0.094,1,"SKA2"
0.50789189547111,-0.132410278504381,0.309,0.322,1,"SIVA1"
0.0295993825180218,-0.132335118147468,0.489,0.541,1,"N4BP1"
0.291806902036373,0.132159311301559,0.198,0.178,1,"NUMB"
0.614733033044242,0.132058442512227,0.136,0.127,1,"AGGF1"
0.58990521667803,-0.132014476581911,0.206,0.211,1,"NUP54"
0.527001498318046,0.132000959785416,0.127,0.117,1,"AKT2"
0.613000591187374,0.131965355230034,0.101,0.094,1,"NCR1"
0.238712973761686,0.131908321080448,0.245,0.221,1,"CDK5RAP3"
0.438142832622772,0.131827219066763,0.329,0.312,1,"YIPF3"
0.379057721164322,0.131714772859918,0.249,0.232,1,"TMEM131"
0.205985585335072,0.131670873250708,0.204,0.178,1,"CARS1"
0.423678380785998,0.131591805441207,0.11,0.098,1,"ZNF224"
0.63092788977644,-0.131555254290016,0.106,0.113,1,"HIF1AN"
0.174198531273557,0.131537524305745,0.245,0.219,1,"CAMTA1"
0.956021249478473,-0.131487808220115,0.104,0.102,1,"GMEB1"
0.597166684286173,-0.131482567564827,0.263,0.268,1,"STX11"
0.245615663103611,0.131425419209839,0.41,0.389,1,"LSM8"
0.244791306051074,0.13141345654444,0.202,0.176,1,"HNRNPH2"
0.218029317844368,0.131404861089638,0.13,0.109,1,"NUP42"
0.0347417645181964,0.131359647240041,0.391,0.338,1,"PHC3"
0.0766694184049267,0.131352307123936,0.396,0.355,1,"DCXR"
0.996527419300886,-0.131215479247717,0.144,0.143,1,"MTRFR"
0.98246207024407,-0.131083345237062,0.125,0.123,1,"UGGT1"
0.145196800757226,0.131077730365626,0.391,0.354,1,"STIM2"
0.000240687695259534,-0.131020561938003,0.988,0.99,1,"RPL9"
0.176004571035755,0.130800796095943,0.597,0.57,1,"MXD4"
0.93139390056349,-0.130780967506492,0.116,0.115,1,"NISCH"
0.583975918927443,0.130606696174434,0.101,0.094,1,"DDX19B"
0.324614878857532,0.130592267378239,0.268,0.252,1,"MMP24OS"
0.384383961007956,0.130589248236724,0.151,0.137,1,"RBM15B"
0.420147068117203,-0.130554862022999,0.126,0.141,1,"MAP2K7"
0.498468145570045,0.130548806769934,0.105,0.096,1,"KBTBD4"
0.0452448780473089,-0.130542296658731,0.898,0.898,1,"APOO"
0.224239351569991,0.130506802515759,0.247,0.217,1,"CHRAC1"
0.0229328980199957,-0.130463931314722,0.796,0.82,1,"SQSTM1"
0.54318995102662,-0.130329720842097,0.122,0.131,1,"TRAPPC2"
0.0660231820172081,-0.130299153582206,0.709,0.734,1,"ATP6V1G1"
0.0326664346806944,0.130289938850614,0.477,0.416,1,"CHST11"
0.359832255370046,0.130170270847439,0.127,0.111,1,"ATG7"
0.365149893713502,-0.130156881621105,0.17,0.186,1,"NECAP1"
0.554828582496107,-0.129920213067184,0.15,0.158,1,"ACSL5"
0.997473983212457,-0.129907457682071,0.118,0.115,1,"MCM3AP"
0.143339748988114,0.12989780793582,0.138,0.111,1,"UNC45A"
0.328219953125098,0.129747532494141,0.338,0.311,1,"ACADVL"
0.473780420958687,0.129690876421871,0.143,0.133,1,"LSM14B"
0.421331693517763,0.129673969110909,0.131,0.117,1,"E4F1"
0.627556901480906,0.129605775132285,0.179,0.172,1,"RAB5B"
0.0297854051292923,0.129584257941057,0.466,0.402,1,"ATP6V0B"
0.383521534266414,0.129580598685734,0.145,0.131,1,"RNF41"
0.251861879475701,-0.12956928203827,0.155,0.176,1,"ENSG00000270240"
0.409279096217741,-0.129444354121986,0.207,0.221,1,"DYNC1LI2"
0.297514827949421,0.129421983094686,0.241,0.221,1,"C11orf98"
0.741280310124758,-0.129365056480452,0.1,0.104,1,"GRWD1"
0.512829566937198,-0.129292657488896,0.208,0.217,1,"GTPBP4"
0.0646457918554672,0.129275859593244,0.541,0.502,1,"SPCS1"
0.238534534017333,0.129252681785397,0.289,0.26,1,"CD2BP2"
0.172994047995196,0.129232718860004,0.236,0.209,1,"CDKN2D"
0.0439966638885741,0.129170911128153,0.672,0.619,1,"CAST"
0.571032778650848,-0.129164248009688,0.158,0.166,1,"GMCL1"
0.413151769367459,0.129148018001741,0.311,0.295,1,"ASAP1"
0.341414455601451,-0.129093317646693,0.521,0.531,1,"RBM38"
0.301965837130808,0.129036154763336,0.125,0.107,1,"SCAF1"
0.000673955955106241,0.128819054059916,0.972,0.947,1,"CST7"
0.0981252433267619,0.128785653486799,0.247,0.211,1,"HOOK3"
0.469999233577794,-0.128770888575237,0.131,0.145,1,"DCTN6"
0.048158233785208,0.128750993208342,0.535,0.5,1,"TMEM43"
0.573040477588783,0.128730767419955,0.15,0.143,1,"ACTR6"
0.354918330332597,0.128676240143136,0.113,0.1,1,"NUP93"
0.554715002553352,-0.128540861434064,0.53,0.535,1,"HSPE1"
0.311670872427774,0.128526073647465,0.288,0.264,1,"IDH2"
0.810099899754914,-0.128525837542578,0.394,0.398,1,"XBP1"
0.386049689583047,0.12851778661,0.169,0.154,1,"ERGIC2"
0.180198241732672,0.128515501707583,0.387,0.346,1,"C1orf43"
0.2784022696399,0.128413067562823,0.375,0.357,1,"RB1"
0.946883837710195,-0.128406721285105,0.226,0.219,1,"BORCS5"
0.436425274478744,0.128406620497046,0.151,0.137,1,"GTPBP8"
0.245187979143828,0.128359000357376,0.415,0.396,1,"STRAP"
0.548765706136175,0.128341155190141,0.128,0.117,1,"SLC16A7"
0.763218291171985,-0.128314948397837,0.328,0.332,1,"ZNF217"
0.598844864807906,-0.128294834765882,0.124,0.131,1,"TIMM22"
0.458400698913074,0.128246774691162,0.196,0.178,1,"CSNK1G1"
0.541413042956698,0.128184331609865,0.112,0.104,1,"ANKMY1"
0.0069087571366637,0.128168963897016,0.876,0.83,1,"ABHD17A"
0.543082477668734,-0.128156486854538,0.112,0.121,1,"FOXP4"
0.0816211160050319,0.12810230350068,0.557,0.512,1,"PPP1R12A"
0.104722760318596,0.128021699918221,0.239,0.203,1,"CWF19L2"
0.593412302357001,-0.127924550334473,0.13,0.139,1,"SEC24A"
0.959509448451875,-0.127871336087131,0.155,0.154,1,"APOBEC3F"
0.488148232231313,0.127795871786996,0.197,0.186,1,"PPM1A"
0.969327088920513,-0.127737447553945,0.234,0.229,1,"DNAJC9"
0.204742508449892,0.127690229150524,0.591,0.58,1,"SH3KBP1"
0.362606501165166,-0.127680627672403,0.226,0.242,1,"TXNRD1"
0.0495691256821517,0.127656809859334,0.542,0.492,1,"REEP5"
0.0993642186727527,0.127655335181925,0.635,0.609,1,"PTPRJ"
0.332403547653316,-0.127645675041627,0.11,0.125,1,"GABPB1-IT1"
0.155368851561873,0.127611404749976,0.476,0.445,1,"TAF15"
0.410873531978983,0.127544058831242,0.117,0.104,1,"DNAJC13"
0.122795923553548,0.127515485642078,0.494,0.459,1,"EIF3M"
0.0989788765063004,-0.127457047671823,0.565,0.58,1,"KHDRBS1"
0.313543625121261,-0.127456730775241,0.15,0.168,1,"APBA3"
0.500710693021046,-0.127411835335636,0.35,0.359,1,"PRKCB"
0.460028078914621,0.12733971603203,0.18,0.166,1,"LONP2"
0.662192186023475,0.127302698804528,0.175,0.17,1,"PRDX3"
0.346142215613484,-0.127301673737281,0.636,0.629,1,"PDE3B"
0.16214337734517,0.127140307086977,0.281,0.254,1,"ABRACL"
0.502814124275191,0.127116095248085,0.104,0.094,1,"C12orf29"
0.275356228819779,-0.127113720554353,0.664,0.658,1,"FUS"
0.427062346934531,-0.127076383406826,0.359,0.373,1,"VAV3"
0.136788974322106,0.127009294478671,0.258,0.221,1,"PSMC2"
0.104260134985385,0.126838872598858,0.275,0.238,1,"MYO5A"
0.773755308013478,0.126775079162772,0.117,0.113,1,"VAMP4"
0.0821983046620398,0.126650145045686,0.409,0.369,1,"EID1"
0.168812087030462,0.126635797791223,0.258,0.229,1,"EIF4E3"
0.405686260456021,0.126567240539054,0.158,0.145,1,"ABR"
0.231279797080646,0.126558157381836,0.176,0.15,1,"THAP4"
0.020086331609677,0.126552858176012,0.846,0.803,1,"ATP5MC2"
0.170610497736997,0.126495908913464,0.182,0.156,1,"SLC2A4RG"
0.212500316392186,0.126423777760031,0.157,0.133,1,"ZDHHC3"
0.85796695886908,-0.126411411762571,0.109,0.111,1,"BAG4"
0.724457844108209,0.1263523012201,0.114,0.109,1,"MGMT"
0.340336560753781,0.126304398926548,0.107,0.092,1,"CALU"
0.373615412376774,-0.126295409986594,0.168,0.184,1,"ARRDC1"
0.174544136334839,0.126244289894429,0.297,0.268,1,"POLR2F"
0.204717807663982,-0.126184529905095,0.651,0.67,1,"H4C3"
0.251767561605319,0.126173053792247,0.177,0.154,1,"KIAA2013"
0.256142106580212,-0.126159661294424,0.191,0.211,1,"GALNT2"
0.0674708187331789,-0.126042955843948,0.618,0.652,1,"XRCC6"
0.391560078581881,0.125915544868598,0.139,0.125,1,"SH3BP5"
0.223585440753585,0.125804160629188,0.443,0.416,1,"PSMC4"
0.387750356420355,-0.125762601414367,0.5,0.512,1,"CYTOR"
0.777350074262315,-0.125760144473389,0.124,0.127,1,"PRPF4"
0.302920203572251,0.125697027594864,0.167,0.146,1,"VGLL4"
0.293570216834558,-0.125694787092574,0.269,0.291,1,"ISY1"
0.268311255411553,0.125654902311435,0.226,0.205,1,"WDR37"
0.34364124401573,0.125575388176545,0.274,0.258,1,"UVRAG"
0.0237277732859395,0.125471778568061,0.65,0.598,1,"ATP2B4"
0.57382456473944,-0.125358896864894,0.472,0.479,1,"TUBB"
0.00886779422790458,0.125352595900747,0.886,0.852,1,"SUB1"
0.495720260839862,0.125349922545807,0.112,0.102,1,"ANKRD52"
0.622901671759698,-0.125296485647746,0.118,0.125,1,"R3HCC1"
0.359871680819701,0.125284943047601,0.28,0.262,1,"SF3A3"
0.0311896799878625,-0.125250776714771,0.905,0.908,1,"YBX1"
0.160232888826563,0.125237151651544,0.265,0.232,1,"SRP72"
0.806237480290211,0.125108326718834,0.133,0.129,1,"ALAS1"
0.398717566993383,-0.125084616523116,0.175,0.191,1,"CAMK2D"
0.137708544311413,0.125060289218263,0.528,0.498,1,"UFC1"
0.626774760955402,0.124918186647847,0.326,0.318,1,"BRWD1"
0.207971080619039,-0.124778381513896,0.443,0.471,1,"ST13"
0.575419724653395,0.124777496342544,0.112,0.104,1,"KAT8"
0.43187422170511,0.1247517543386,0.286,0.266,1,"NUDT21"
0.999825887984215,-0.12471164741713,0.269,0.26,1,"HMGN3"
0.219848076361576,0.124680871165119,0.151,0.129,1,"RPF1"
0.401026846943657,-0.124674507672296,0.205,0.221,1,"UIMC1"
0.14081840699449,0.124624726450689,0.205,0.176,1,"NLRC3"
0.263713582628485,0.12454215671739,0.294,0.27,1,"SACM1L"
0.203048238430841,-0.124461628256674,0.128,0.15,1,"KDM5B"
0.497526689420252,0.124419084266862,0.202,0.189,1,"PSEN1"
0.568896602274889,-0.124417649282681,0.215,0.223,1,"DMTF1"
0.804719147725633,-0.12436669113666,0.111,0.105,1,"ZNF675"
0.841483128627379,-0.124304925282403,0.101,0.104,1,"STK38L"
0.131591254087863,0.124128262877598,0.64,0.604,1,"CD6"
0.335401074441145,-0.124119312154125,0.287,0.307,1,"SDHAF2"
0.422796885652005,-0.124057711176036,0.218,0.23,1,"MRPS34"
0.595083072964605,-0.124009900155301,0.19,0.195,1,"RAB28"
0.239890367513433,0.123971424582629,0.338,0.312,1,"WAPL"
0.157346616639053,0.123952548254676,0.386,0.352,1,"RBM17"
0.163310720217095,-0.123920958299603,0.613,0.619,1,"EMD"
0.881889236555394,-0.12387367749037,0.31,0.301,1,"STARD7"
0.0518079300148558,-0.123867367208705,0.408,0.447,1,"SLC38A2"
0.485112303532479,0.123777773683875,0.171,0.156,1,"DAAM1"
0.388558621286872,-0.123774927508389,0.29,0.305,1,"ATXN2L"
0.220625753276866,0.123751094722998,0.466,0.447,1,"PPP3CC"
0.440646010899626,0.123734770498452,0.144,0.131,1,"PRPF18"
0.675111085530827,-0.123721438727305,0.2,0.207,1,"TRMT10C"
0.633057457742707,0.123720479850596,0.133,0.125,1,"GPAA1"
0.279025423095587,0.123687126504088,0.213,0.188,1,"VPS13A"
0.427836627577644,0.123571674115356,0.266,0.248,1,"CTSS"
0.460731528790324,0.123508976612684,0.238,0.225,1,"PRPF38A"
0.435505507599831,0.123495685254098,0.161,0.146,1,"EPS15L1"
0.935421944658517,-0.123478318029735,0.17,0.168,1,"NAPG"
0.345385962886807,0.123460536272706,0.25,0.232,1,"TIMM17A"
0.390248523857481,0.123442126110513,0.168,0.152,1,"ABHD16A"
0.318770397206759,-0.123440565671623,0.274,0.287,1,"ACAP1"
0.0147819443958992,0.123424809014667,0.51,0.441,1,"RASAL3"
0.292560924536151,0.123411437739659,0.257,0.232,1,"SF3B3"
0.233462424888877,0.123411231767762,0.414,0.387,1,"ZBTB20"
0.533826283132126,0.123385412696509,0.13,0.121,1,"MKRN2"
0.116459549557006,-0.123302343901541,0.531,0.555,1,"HSPD1"
0.30594052051806,0.123247551975957,0.297,0.273,1,"SOS1"
0.360306908574817,-0.12310979172923,0.831,0.846,1,"LMNA"
0.145288476492584,0.123063397544795,0.185,0.158,1,"PRKD3"
0.340612036643824,-0.122989902542937,0.143,0.158,1,"CHP1"
0.377027504625855,0.122930237763718,0.244,0.225,1,"UBE2Z"
0.380770807688464,0.122846774535647,0.196,0.18,1,"SBDSP1"
0.301636256238794,-0.122831519348799,0.137,0.152,1,"DOP1A"
0.733862745668187,-0.122817864693856,0.207,0.211,1,"SYT11"
0.756943404022928,-0.12280963820004,0.214,0.217,1,"DCAF15"
0.028978793621008,-0.122805898211753,0.878,0.881,1,"CHCHD2"
0.230070988046223,0.122804970991689,0.294,0.264,1,"CDC123"
0.200326376015967,-0.122752328930171,0.656,0.658,1,"FAM177A1"
0.488510718543841,0.122708566358721,0.155,0.145,1,"NCBP1"
0.476872584702517,0.122701779539484,0.115,0.104,1,"TMEM140"
0.0129932011522633,0.122503944094664,0.804,0.766,1,"WIPF1"
0.214587323271731,0.122503287034464,0.186,0.162,1,"POP4"
0.673537610743938,-0.12248867530409,0.277,0.281,1,"NUTF2"
0.0510698254198972,-0.122443916642285,0.685,0.707,1,"SPOCK2"
0.0812064142067941,-0.122443593118893,0.698,0.709,1,"MORF4L1"
0.405999508210686,0.122434319741322,0.213,0.195,1,"SNX14"
0.140732907918901,0.122344115960335,0.263,0.234,1,"FAM204A"
0.751515066394505,-0.122302257833764,0.213,0.215,1,"DCAF8"
0.515317432479473,-0.122243802617547,0.242,0.254,1,"CUL1"
0.375204716985051,0.122243617875274,0.481,0.459,1,"HNRNPAB"
0.363599343130755,-0.122179834520708,0.343,0.359,1,"MIA3"
0.565206091479851,-0.122175588426537,0.294,0.301,1,"RBM33"
0.41239336420421,-0.122053329883814,0.134,0.146,1,"TMEM199"
0.51529406618046,-0.121994870875478,0.166,0.178,1,"NCBP2AS2"
0.0816811095988791,-0.121896749897555,0.419,0.457,1,"DDX21"
0.835741416853138,-0.121875436959898,0.558,0.549,1,"DRAP1"
0.425433840396273,0.121804237113453,0.157,0.145,1,"UNC50"
0.303448378807063,-0.121760895603032,0.52,0.523,1,"CSNK1G2"
0.399499475182137,-0.121755854299337,0.446,0.451,1,"EIF4H"
0.190630389700519,-0.121723130756953,0.446,0.467,1,"DHX36"
0.438718867666339,0.121721956491162,0.115,0.104,1,"FEM1B"
0.339664623884971,-0.121685684108463,0.195,0.213,1,"SFXN1"
0.732190269253557,-0.121555592912602,0.1,0.094,1,"ZNF32"
0.971831494953362,-0.121489288551653,0.158,0.154,1,"CHERP"
0.701840607414293,-0.121450415461595,0.146,0.152,1,"ERCC1"
0.407753620834557,0.12141778711911,0.162,0.146,1,"PHTF1"
0.34818057973281,0.121370560998996,0.144,0.129,1,"RUFY1"
0.309542210098379,0.121299304715395,0.308,0.277,1,"MDFIC"
0.344477950237824,0.121218796124157,0.345,0.328,1,"LAMTOR4"
0.695844277485814,0.121183420039206,0.241,0.23,1,"BMPR2"
0.17325161345351,0.12118101664581,0.354,0.326,1,"EIF3J"
0.081861411543078,0.121159350610386,0.506,0.475,1,"RASA2"
0.0649624961744445,0.121143877220729,0.483,0.43,1,"ARF5"
0.619856135978101,0.121129510591938,0.195,0.189,1,"GRPEL1"
0.505317159414879,0.120963386559742,0.236,0.225,1,"PAXBP1"
0.660762973840602,-0.120946442695127,0.107,0.111,1,"CDIP1"
0.568983355289422,-0.12094325270882,0.143,0.129,1,"DDX49"
0.307617797317084,0.120932587895832,0.171,0.152,1,"ZNF106"
0.328222674430793,0.120907569477419,0.159,0.145,1,"JAKMIP2"
0.165995993367221,0.120860136482067,0.21,0.182,1,"GTF2I"
0.0084499641518413,0.120805958772148,0.867,0.828,1,"FLNA"
0.784928940800293,0.120713111445907,0.161,0.156,1,"BTF3L4"
0.636698520683949,-0.1206731347975,0.169,0.178,1,"ZNG1E"
0.472230835771235,0.120661832257154,0.104,0.094,1,"COG7"
0.442121238458102,-0.120656131389774,0.241,0.254,1,"PSMC1"
0.032588942786047,-0.120593243852557,0.711,0.754,1,"NFATC2"
0.81118412871517,-0.120349059515808,0.272,0.273,1,"REV3L"
0.536815893951763,-0.120267831552073,0.179,0.188,1,"DIP2B"
0.184725927247216,0.120177770600411,0.252,0.221,1,"ECH1"
0.447668065946272,0.120158502189629,0.16,0.146,1,"CUL2"
0.137140749394383,-0.120104032077899,0.726,0.748,1,"HSPA5"
0.757326811508922,0.120098598304588,0.183,0.18,1,"FBXW2"
0.437158892815317,0.120042954437918,0.138,0.125,1,"GTF2H1"
0.423152822174219,0.120034358270501,0.2,0.184,1,"ZNF721"
0.430212562391773,0.119973815639556,0.147,0.135,1,"TMEM167B"
0.675208084643636,-0.119726508179897,0.256,0.26,1,"GATAD2A"
0.297034956479584,-0.119724809431654,0.394,0.416,1,"GNA13"
0.655858816298032,-0.119699312963152,0.277,0.281,1,"PRRC2A"
0.285850741582484,0.11968342983144,0.277,0.248,1,"POLR2I"
0.7596386126472,0.119666869446191,0.11,0.105,1,"TAGAP-AS1"
0.00119829171784243,0.119625252602451,0.964,0.953,1,"ARPC2"
0.114147686169542,-0.119523940925094,0.351,0.389,1,"MARCHF7"
0.400968104027021,-0.119518467302257,0.24,0.254,1,"NSMCE1"
0.154004238823542,0.119510336554503,0.166,0.139,1,"SLC7A1"
0.21225586612485,-0.119459542831248,0.524,0.535,1,"UPP1"
0.115680913277133,0.119457002035324,0.43,0.379,1,"PET100"
0.658323895642734,-0.119408913242623,0.141,0.146,1,"BRAP"
0.285069218980348,0.119384329091125,0.193,0.174,1,"SMIM7"
0.490854964470507,0.119366302441151,0.236,0.221,1,"SORL1"
0.759974169963093,-0.119334602389609,0.418,0.412,1,"AGO2"
0.645226011077165,-0.11926987172124,0.622,0.604,1,"OPTN"
0.322878130427142,-0.11921036176931,0.318,0.328,1,"NCK1"
0.0180483748531763,0.119156859767486,0.648,0.602,1,"NME2"
0.194135292512464,0.119026547398814,0.225,0.199,1,"CLSTN1"
0.261571313929814,0.118994138151563,0.49,0.467,1,"HNRNPR"
0.199502215536022,0.118975707702106,0.41,0.373,1,"LUC7L2"
0.729601714718227,-0.118901664010372,0.445,0.434,1,"CAPN2"
0.272808705505659,0.11860730102849,0.167,0.146,1,"ATF7"
0.15519599875289,-0.11852050809478,0.226,0.256,1,"TSR3"
0.50603554394533,-0.118516093850965,0.153,0.164,1,"MFSD14CP"
0.0924522642671372,0.118508160927395,0.248,0.209,1,"DOCK2"
0.00323495376651043,0.118490054279151,0.949,0.926,1,"SERF2"
0.453632206347995,0.118421382771183,0.249,0.232,1,"VPS26A"
0.718739278142063,-0.118372486083829,0.166,0.17,1,"TDG"
0.255142635503522,-0.118326131652838,0.2,0.221,1,"DPH3"
0.693186925344089,-0.118245797975934,0.097,0.102,1,"YIF1A"
0.265628346437603,0.118241251078639,0.259,0.232,1,"DDHD1"
0.801576032384907,-0.118178032170178,0.105,0.102,1,"CNOT3"
0.669975440083117,-0.118128916836014,0.151,0.156,1,"STAT6"
0.598886653285448,0.118071279441335,0.175,0.164,1,"NFU1"
0.697676364346263,0.118029385763743,0.19,0.184,1,"EBP"
0.0404414823854001,0.118009544796704,0.452,0.398,1,"CCDC88C"
0.986382387306937,-0.117953065494225,0.11,0.109,1,"UQCC2"
0.36352196924255,0.117945939896474,0.153,0.137,1,"TMX3"
0.477604841351013,0.117928903241103,0.117,0.105,1,"DCUN1D1"
0.184095538693666,0.117921721188894,0.13,0.107,1,"PPP4R1"
0.0122862659425228,0.117920995802454,0.34,0.275,1,"MIR4435-2HG"
0.498217703215518,-0.117856596490443,0.137,0.148,1,"ATXN3"
0.609818364674133,0.117791092190304,0.181,0.172,1,"CEBPG"
0.607039338361909,-0.117770790693069,0.145,0.152,1,"AGPS"
0.491708983164886,0.117667210240122,0.112,0.102,1,"FUT8"
0.460846605381695,0.117641880567834,0.12,0.107,1,"TP53I13"
0.295879309555663,0.117636138227076,0.221,0.197,1,"ELOVL1"
0.335109229315518,0.117610759651233,0.106,0.092,1,"TDRD3"
0.631727182999445,-0.117587436606084,0.107,0.113,1,"SPAG1"
0.751260053141052,-0.117528678560051,0.124,0.127,1,"GNB5"
0.634575316683752,-0.117414973673283,0.157,0.164,1,"SINHCAF"
0.25134192804292,0.117350895259294,0.418,0.387,1,"GIMAP5"
0.503716131466909,-0.117299617869755,0.662,0.678,1,"ZFP36L1"
0.50414025166158,-0.117129344273579,0.164,0.176,1,"SLC25A36"
0.422244215871654,0.117124227794177,0.189,0.174,1,"KANSL2"
0.00543386314876142,0.117115444803066,0.94,0.887,1,"ANXA1"
0.603696837379657,0.116971699552375,0.294,0.281,1,"ATG3"
0.424487731571697,0.116966992765005,0.116,0.104,1,"TPRA1"
0.529062023969659,-0.116937472007676,0.135,0.145,1,"C11orf68"
0.159339126750689,0.116886890798062,0.125,0.102,1,"DENND6A"
0.550852569361316,-0.116877310461744,0.182,0.189,1,"NCK2"
0.846782018873126,-0.116875751451681,0.141,0.145,1,"ACSL1"
0.0586424401357571,0.116867562362713,0.702,0.652,1,"CD3G"
0.456296576021517,0.116817495736046,0.117,0.104,1,"PIAS4"
0.101311118400303,-0.116746205566201,0.602,0.623,1,"EIF5"
0.907801979192144,-0.116648559709154,0.12,0.121,1,"TMEM115"
0.265222841712956,0.116572827789336,0.145,0.127,1,"TYW1"
0.606845297931882,-0.116474829714779,0.149,0.154,1,"POLR2M"
0.964324535687928,-0.116402251563053,0.259,0.252,1,"RALA"
0.742109628724691,-0.116303538909496,0.112,0.117,1,"KLHL21"
0.460736305450503,-0.116279002009215,0.198,0.211,1,"CCDC93"
0.536556806724445,-0.116247080084543,0.705,0.688,1,"CD7"
0.996316833337885,-0.116242941727831,0.234,0.227,1,"PHF11"
0.726738091559576,0.116234459693732,0.156,0.15,1,"TAF1B"
0.447761678931654,0.116188788851939,0.122,0.109,1,"C7orf50"
0.752311570107716,-0.115966618610956,0.153,0.154,1,"CDK8"
0.357874338889165,0.11583061538933,0.189,0.172,1,"DANCR"
0.554767384401431,-0.115728351450151,0.696,0.678,1,"PPP1R16B"
0.584755814009401,-0.115654064735019,0.139,0.146,1,"USP42"
0.745727057585982,-0.115640215545052,0.125,0.131,1,"ELMO2"
0.651672410846005,-0.115639343426525,0.141,0.148,1,"SLC25A1"
0.728664827237406,-0.11563394427634,0.127,0.119,1,"PPP1R12B"
0.147004386598048,-0.115599838602681,0.486,0.516,1,"RFTN1"
0.107064577811885,-0.115587418844049,0.526,0.57,1,"RELB"
0.710096733592969,0.115499235796449,0.12,0.115,1,"HACD2"
0.859346309100678,-0.115452797861766,0.272,0.268,1,"DCAF5"
0.386001765769515,-0.115392795260332,0.174,0.188,1,"TMEM230"
0.0564327673919776,-0.115392211074134,0.715,0.754,1,"GUK1"
0.386772344400165,-0.115369701191606,0.153,0.166,1,"LMBR1L"
0.489315593509821,-0.115350536936914,0.155,0.166,1,"ELP4"
0.354470969016885,-0.115340593361377,0.338,0.346,1,"HBP1"
0.511650934042787,-0.115272192644108,0.197,0.207,1,"GLYR1"
0.412327363129317,-0.11521932350802,0.091,0.102,1,"KCTD10"
0.305187884523872,0.115153298506762,0.433,0.404,1,"VPS13C"
0.305415779012521,0.115113951087372,0.247,0.223,1,"CIAO2A"
0.293272932327621,0.114943124809247,0.265,0.246,1,"MTHFD2"
0.617171817315424,-0.114914906139718,0.191,0.197,1,"KMT2D"
0.414378992234756,0.114909638694483,0.195,0.178,1,"GTF2E2"
0.365487170903751,0.114870219342733,0.199,0.184,1,"ENSG00000291100"
0.0685109198466435,-0.114835876779609,0.665,0.684,1,"STAT3"
0.780269544956619,-0.114784190566606,0.217,0.221,1,"PRELID3B"
0.625812861973821,-0.11472460797935,0.142,0.148,1,"CHCHD7"
0.0173284253524463,0.114705281900933,0.747,0.701,1,"C1orf21"
0.230947574948238,0.114685004712843,0.572,0.545,1,"NDUFA1"
0.551343676734133,0.114471637834161,0.152,0.145,1,"PLRG1"
0.335222896014174,0.114461413901024,0.279,0.258,1,"SUZ12"
0.763884795812452,-0.114422704247438,0.231,0.232,1,"KPNA5"
0.849481870149301,-0.114310982383481,0.328,0.316,1,"PHF20"
0.449007779721797,0.114280793003765,0.109,0.098,1,"EXOC8"
0.094569688437096,0.114220915001207,0.558,0.504,1,"CTSC"
0.969158038073392,-0.114218978411524,0.437,0.436,1,"SMARCA5"
0.560988502978262,-0.114213122437929,0.267,0.277,1,"PJA2"
0.222078953082342,0.114187556874983,0.183,0.16,1,"COPG1"
0.41759245402141,0.11413496497828,0.167,0.154,1,"IFT25"
0.191452075016291,-0.114132311645363,0.306,0.33,1,"BLOC1S2"
0.247921958301756,0.114091951081649,0.205,0.18,1,"CFDP1"
0.641233837027526,-0.114080806008549,0.675,0.672,1,"MT2A"
0.232505947554613,0.114059173446063,0.3,0.277,1,"UHMK1"
0.118753254874687,0.113971987296108,0.25,0.219,1,"PDCL3"
0.328096893729465,0.113958667998845,0.262,0.236,1,"UBAC2"
0.492855679879638,0.113910084417323,0.13,0.119,1,"MRPL28"
0.18442720139351,0.113805634434839,0.383,0.35,1,"MED4"
0.480328308770262,-0.113778935159975,0.311,0.316,1,"HELZ"
0.255736451433991,-0.113606983319429,0.252,0.275,1,"RPA3"
0.600701405905433,0.113523391639465,0.152,0.145,1,"VCPKMT"
0.408325551057519,0.113462241025845,0.183,0.168,1,"TMEM245"
0.0123406376474564,0.113441252141813,0.757,0.709,1,"SH2D2A"
0.627018765397867,-0.113438372216538,0.136,0.141,1,"PHRF1"
0.0147605215352597,0.113433679640043,0.458,0.395,1,"PCED1B"
0.304624070780945,0.113375146782186,0.141,0.123,1,"TAF2"
0.238641702765057,0.113278585185095,0.387,0.357,1,"LRPAP1"
0.750482672139913,-0.113233766066767,0.148,0.152,1,"WDTC1"
0.595397241043582,0.11323128347589,0.211,0.203,1,"EXOSC1"
0.291898675509778,0.113198616960444,0.106,0.09,1,"PIM2"
0.461214087225902,-0.113168572759778,0.486,0.5,1,"VDAC1"
0.39931971753505,0.113093538842534,0.132,0.117,1,"ORMDL3"
0.258810170908792,-0.113074619591052,0.327,0.354,1,"PRDM2"
0.244974380611093,0.113038617403208,0.147,0.127,1,"VHL"
0.474149356379994,0.11299792307627,0.158,0.145,1,"LTN1"
0.0491267187026782,0.112945405369705,0.699,0.65,1,"SYTL3"
0.703552001363857,-0.112815317364869,0.201,0.203,1,"TARDBP"
0.340375276505119,0.112783103196277,0.148,0.131,1,"NNT"
0.536662689248506,-0.112761186419238,0.322,0.33,1,"CNPPD1"
0.984792911688019,-0.112726648963817,0.138,0.137,1,"TSC22D1"
0.389317793529247,-0.11268859665097,0.386,0.395,1,"NRBP1"
0.699485176863696,-0.112640019820193,0.241,0.248,1,"MAN1A2"
0.378847827599,0.112635733860993,0.215,0.195,1,"CLPTM1L"
0.323782246916857,-0.112634932871853,0.407,0.428,1,"CENPC"
0.269896922540427,0.112616073680659,0.106,0.09,1,"ISCA2"
0.280322645114712,0.112548698843954,0.246,0.219,1,"ETFA"
0.184977333026204,0.112489396633055,0.327,0.289,1,"ARRDC3"
0.325026535755335,0.112463601549381,0.408,0.387,1,"ATP11B"
0.0377956499628584,0.112363073810782,0.641,0.596,1,"HCLS1"
0.532503782882707,0.112277800285302,0.342,0.322,1,"NCOA3"
0.582335201702223,0.112277238084144,0.339,0.328,1,"NCBP3"
0.428000526381704,0.112256947725667,0.209,0.195,1,"PCF11"
0.455800107374894,0.112098841205189,0.293,0.275,1,"RECQL"
0.0467392750194335,0.112066726327237,0.611,0.57,1,"RESF1"
0.667355006122289,0.112032874896392,0.143,0.137,1,"TOR1AIP2"
0.0717203695306931,0.111912776803473,0.511,0.463,1,"MTDH"
0.390976009507469,-0.111882919543706,0.221,0.234,1,"CDC27"
0.108451263413682,0.111855432784024,0.259,0.219,1,"MACROH2A1"
0.461003435316297,0.111790701193783,0.272,0.254,1,"TNPO1"
0.282618523893772,-0.111633882981456,0.42,0.438,1,"RPN1"
0.237836147789924,0.111628069670318,0.306,0.277,1,"CNTRL"
0.147331312277538,0.111542907214743,0.688,0.639,1,"DYNLL1"
0.476844846403725,0.111528471887418,0.156,0.145,1,"GTF2IRD2B"
0.53311690553615,-0.111434672838141,0.211,0.219,1,"UBE2J1"
0.685601120392256,0.111410129365123,0.2,0.191,1,"IREB2"
0.439962120597682,0.111335694014021,0.2,0.184,1,"KLHDC3"
0.233145868116995,0.111329137701852,0.54,0.512,1,"S1PR1"
0.105175198226838,-0.111321139943834,0.923,0.916,1,"TOMM7"
0.957099250258034,-0.111298636512912,0.203,0.201,1,"KIFAP3"
0.31527568822223,0.11125128357101,0.204,0.184,1,"ATRAID"
0.489039192290593,-0.111238193469501,0.118,0.129,1,"RDH14"
0.276692932524304,0.111169324934324,0.512,0.48,1,"RAB8B"
0.775297675475689,-0.111100912327348,0.096,0.1,1,"NKD1"
0.387995045937419,-0.111070446582872,0.197,0.213,1,"TMEM170A"
0.168402300869859,0.1110431666724,0.281,0.25,1,"OGFR"
0.513987453582,-0.110892014595501,0.094,0.104,1,"NHLRC2"
0.468265386120992,-0.110862401406877,0.122,0.133,1,"OBI1"
0.823901840955534,-0.110798407761978,0.129,0.123,1,"TFCP2"
0.333931914878391,0.110797683154052,0.137,0.121,1,"WRAP73"
0.560162846234468,-0.110692716125571,0.43,0.43,1,"VAPA"
0.670180691377519,-0.11063844790558,0.166,0.174,1,"MLLT6"
0.285902548090469,0.11062954124212,0.36,0.336,1,"MRPL20"
0.51592566783563,0.110614510678479,0.232,0.223,1,"PIH1D1"
0.37319103834831,0.110600099773662,0.298,0.273,1,"IER3IP1"
0.366545107598037,0.110579514567665,0.117,0.104,1,"VPS35L"
0.34397317933089,-0.110533934994324,0.959,0.945,1,"TALAM1"
0.100068844123155,-0.110516443413972,0.567,0.592,1,"TENT5C"
0.500338831702288,0.110499664932463,0.268,0.252,1,"FUNDC2"
0.510018558373495,0.110454711986702,0.149,0.137,1,"PRR14"
0.488380876213112,0.110431196969963,0.123,0.111,1,"PSMD5"
0.197757556117097,0.110348866018261,0.409,0.377,1,"LSM7"
0.0637507218817925,0.110298380706516,0.544,0.5,1,"SPSB3"
0.601779730528047,-0.110273998611392,0.332,0.334,1,"NEK7"
0.474253242723406,0.110208899096024,0.135,0.123,1,"BAK1"
0.219779230389246,0.110207306593549,0.34,0.303,1,"BLOC1S1"
0.480193313868941,-0.110207215992756,0.321,0.332,1,"RPS19BP1"
0.19616739834331,0.110181363456704,0.558,0.512,1,"RALGDS"
0.244207945549895,0.110171233973947,0.186,0.16,1,"RNF113A"
0.203885797905026,0.110030723694016,0.388,0.359,1,"LAPTM4A"
0.319908150881695,0.110020825185257,0.426,0.389,1,"VPS4B"
0.27311701008145,0.109852862831884,0.363,0.334,1,"BCAP31"
0.346210081466188,0.109813664756695,0.355,0.33,1,"ANXA7"
0.578002978152064,0.109752304189705,0.217,0.205,1,"DHX30"
0.249819988385562,-0.109733279677167,0.462,0.492,1,"ILF2"
0.000569245425149764,-0.109711342035585,0.997,0.992,1,"RPLP0"
0.976406212208317,-0.109630006154239,0.178,0.174,1,"MAPK14"
0.654301362458525,-0.109530246218329,0.269,0.275,1,"PARP14"
0.263761420946781,0.109448984115929,0.349,0.32,1,"TGOLN2"
0.604260250183518,0.109430455573129,0.103,0.096,1,"SPRING1"
0.960066431569672,0.109357656990806,0.256,0.262,1,"DUSP5"
0.715678525359258,-0.109354023122245,0.101,0.105,1,"LMNB2"
0.789392204857309,-0.109288057939979,0.142,0.145,1,"RUBCN"
0.00195787392347075,-0.10928444737268,0.991,0.994,1,"RPL21"
0.415408808736579,-0.109251179781665,0.249,0.262,1,"SGMS1"
0.288655367554048,0.109172947200684,0.152,0.131,1,"STX8"
0.137716159505122,0.109171787970806,0.463,0.416,1,"ERBIN"
0.714747666733883,-0.109161387734781,0.568,0.553,1,"GADD45B"
0.254903044782516,0.109049366990552,0.307,0.279,1,"UBE2G1"
0.500676021212002,0.109013527141956,0.166,0.156,1,"KAT5"
0.274577662848921,0.109001811679459,0.285,0.258,1,"BCL7C"
0.722055056475541,-0.108950171253977,0.107,0.1,1,"SLC35F5"
0.402825959481047,-0.108850817470699,0.215,0.229,1,"VPS26B"
0.440953334043783,0.108788103060921,0.148,0.133,1,"MRPS16"
0.305629121746457,-0.10877343839071,0.597,0.621,1,"TAGAP"
0.148934573856685,0.10875549139515,0.354,0.32,1,"WDR33"
0.0533358994317228,-0.108731611178386,0.68,0.723,1,"SIK3"
0.348228361276754,0.108698294332388,0.192,0.176,1,"PEA15"
0.136986695837926,-0.108685465790515,0.262,0.295,1,"YY1AP1"
0.084118985136032,0.108681012455765,0.387,0.348,1,"NKTR"
0.756493036829282,0.108511576237961,0.105,0.102,1,"REXO1"
0.425514158984554,0.108499677551451,0.206,0.191,1,"DYNLL2"
0.932018039502639,-0.108485635925208,0.135,0.135,1,"NPEPPSP1"
0.859537037260632,-0.108469163801205,0.144,0.141,1,"DENND2D"
0.761589012707757,-0.108454683317475,0.188,0.193,1,"MED23"
0.0168141698640108,0.108444903378246,0.884,0.842,1,"TMA7"
0.77520084885808,-0.108444123384873,0.205,0.209,1,"ZFP91"
0.306572624489943,0.108432537519108,0.259,0.232,1,"TNFRSF1A"
0.591907450383905,-0.108385759509308,0.174,0.182,1,"SLC30A9"
0.30608770270029,-0.108290665398978,0.4,0.414,1,"ARL6IP4"
0.284508838796944,0.108276153477638,0.268,0.24,1,"RELCH"
0.0473790905977735,-0.108196258495455,0.919,0.932,1,"TNFAIP3"
0.0280214896967919,0.10819259434449,0.91,0.885,1,"CD99"
0.0850751693006261,-0.108178994911681,0.992,0.994,1,"BTG1"
0.692201777091337,-0.108111308230585,0.186,0.189,1,"L3MBTL3"
0.78749000447161,-0.108015234371384,0.241,0.238,1,"NAMPT"
0.310864029422332,-0.10799496820146,0.49,0.484,1,"NSA2"
0.219384712768841,-0.107975256311586,0.299,0.324,1,"SYNRG"
0.189749232373286,0.10797025266241,0.554,0.52,1,"RUNX1"
0.41953668780976,-0.107949861693825,0.388,0.396,1,"CRYBG1"
0.457640941936211,-0.107944370221696,0.34,0.352,1,"GPCPD1"
0.257438914464583,0.107917791797422,0.242,0.219,1,"LMNB1"
0.0807789942037134,-0.107902449745905,0.7,0.727,1,"SF3B1"
0.370417239979085,-0.107848748134954,0.16,0.178,1,"HDAC2"
0.441459672517429,-0.107771346083976,0.092,0.104,1,"DDX59"
0.637085951500541,-0.107722123990936,0.178,0.184,1,"HLA-DRB5"
0.53861237395913,0.107680484315863,0.223,0.213,1,"ARFGAP2"
0.408079114003959,0.107617240080558,0.363,0.346,1,"NUCKS1"
0.618244873891405,-0.107561559894689,0.111,0.117,1,"POMZP3"
0.609014794052938,-0.107467644825709,0.123,0.129,1,"RSPRY1"
0.14615912385534,0.107413155052576,0.49,0.453,1,"KLF13"
0.253974474993882,0.107411806165677,0.375,0.35,1,"UBE2K"
0.44411056527692,0.107348556458658,0.167,0.152,1,"AKT1"
0.105612991415844,-0.10713811620411,0.432,0.467,1,"BAZ1A"
0.0534048274099312,0.107130719027803,0.827,0.789,1,"OST4"
0.461079108239346,-0.107063441798184,0.381,0.391,1,"RIOK3"
0.270585353716724,0.107014756441071,0.295,0.271,1,"KDM6A"
0.411000085797865,0.107010357501111,0.138,0.123,1,"BRD8"
0.0736972778485117,0.107001635733584,0.779,0.74,1,"ORAI1"
0.899551859650669,-0.10697250143389,0.333,0.326,1,"ADK"
0.986345106077259,-0.106962225952685,0.106,0.105,1,"EAF1"
0.370416467700705,-0.106874544178629,0.089,0.102,1,"CYREN"
0.492246393745719,-0.106866008219322,0.304,0.32,1,"WHAMM"
0.695817251765115,-0.106806256308404,0.148,0.152,1,"RANBP3"
0.288434340423943,0.106803553386851,0.352,0.328,1,"TRIM22"
0.663774594082201,0.106788654262864,0.125,0.117,1,"TLNRD1"
0.540694056523873,-0.106776716326346,0.119,0.129,1,"MED11"
0.329215925356846,0.106766734718299,0.111,0.096,1,"NUP88"
0.304589094898941,0.106717812004044,0.314,0.287,1,"NDUFB7"
0.236374731298482,0.106684184149073,0.576,0.543,1,"PSAP"
0.816600214365359,-0.106623206938622,0.137,0.141,1,"MYG1"
0.268375821600165,0.106541634961433,0.416,0.379,1,"ATP5F1C"
0.0189828299175918,-0.106447054886643,0.964,0.975,1,"SARAF"
0.565005002792201,0.10644551567351,0.158,0.148,1,"DCAF13"
0.423429151786735,-0.106444080560583,0.304,0.316,1,"POLR2J"
0.315310798284427,-0.106431381056676,0.254,0.271,1,"RAB5A"
0.364513034135858,0.106423956210151,0.191,0.174,1,"CDIPT"
0.160271497145603,0.106416319145334,0.338,0.297,1,"VPS13B"
0.719126280589499,-0.106394803528901,0.158,0.164,1,"WASHC2A"
0.849198693539531,-0.106378376811862,0.333,0.326,1,"SMG1"
0.723310056684932,-0.106373784451987,0.329,0.332,1,"QKI"
0.256358965645149,-0.106366602406439,0.667,0.662,1,"CBLB"
0.893210361457832,-0.106334514120155,0.1,0.102,1,"PIAS2"
0.809497751338524,0.106254113059595,0.146,0.143,1,"TMCC1"
0.390359114378746,0.106192400219536,0.148,0.133,1,"WAKMAR2"
0.3899650098077,-0.106146758024144,0.205,0.217,1,"SREBF2"
0.243410183035434,0.106137383205402,0.213,0.189,1,"CHMP2A"
0.906009729268923,-0.106087488250669,0.173,0.172,1,"PPP1R21"
0.19090098843162,0.105916835637962,0.118,0.098,1,"CD38"
0.398021360317688,0.105902570678328,0.21,0.191,1,"BAG6"
0.190940728991419,-0.105900294569273,0.339,0.369,1,"SEPTIN1"
0.201250084549633,-0.105768277754089,0.378,0.404,1,"TMED2"
0.0341616294851203,0.105715288668309,0.712,0.676,1,"NDUFA13"
0.49334531006902,0.105667405560153,0.143,0.129,1,"TADA3"
0.30251342110766,0.105651607937876,0.178,0.156,1,"ENSG00000290192"
0.360274950381221,0.105616151134652,0.569,0.561,1,"IKZF1"
0.487395313906939,-0.105595957199968,0.107,0.117,1,"WDPCP"
0.157535377729073,0.105521477118858,0.31,0.275,1,"FBXL5"
0.4150803396422,-0.105485089896508,0.187,0.168,1,"TRGV4"
0.314836089416487,-0.105392261291928,0.291,0.311,1,"ZNRF2"
0.393232573993952,0.105262343518958,0.186,0.168,1,"ADH5"
0.0725277658834451,0.105232535561104,0.498,0.449,1,"CHIC2"
0.314350908994536,-0.105197003216773,0.098,0.113,1,"MBIP"
0.112263223580068,0.105098718908449,0.462,0.42,1,"FYB1"
0.419636285206883,0.105098000671408,0.141,0.127,1,"TRAPPC8"
0.250325225596182,-0.105069649731518,0.493,0.484,1,"PPM1G"
0.404646850975294,-0.104999214085729,0.158,0.172,1,"ARMCX3"
0.972821738891704,-0.104994054752161,0.29,0.279,1,"COPS8"
0.913019114226981,-0.104973401318537,0.173,0.172,1,"DTX3L"
0.96540999603835,-0.104969484800568,0.106,0.105,1,"AP2A2"
0.375275103633753,0.104871497650161,0.338,0.318,1,"PCNX1"
0.362574846085616,-0.104862834512341,0.346,0.365,1,"PHF20L1"
0.233832589448768,0.104855003715577,0.285,0.256,1,"RLF"
0.720313057436266,-0.104846470379442,0.253,0.26,1,"RIC8A"
0.332915321982529,-0.104845633509964,0.556,0.561,1,"BIRC3"
0.152105320144224,0.104638420354267,0.197,0.17,1,"ZNF146"
0.0300283913730531,0.104599110417279,0.438,0.383,1,"ZNF292"
0.293359331213354,0.104529420533232,0.351,0.316,1,"FYTTD1"
0.346294012036176,0.104471277658465,0.292,0.27,1,"DUSP11"
0.324815525875426,0.104467690367166,0.29,0.268,1,"CCDC186"
0.923577332743093,0.104463887141044,0.235,0.238,1,"NDUFA10"
0.26951782594949,-0.104450895546252,0.237,0.262,1,"NDUFAF3"
0.625312042841317,-0.104434327096582,0.347,0.357,1,"RBMS1"
0.472396347345861,-0.104410658583509,0.299,0.311,1,"ATM"
0.548751229281165,-0.104345105918179,0.128,0.137,1,"ENSG00000291117"
0.461952606288109,-0.104293114224872,0.207,0.219,1,"ZNF394"
0.52522192025898,-0.104212851276814,0.143,0.152,1,"ME2"
0.357391359680285,0.104144502915869,0.161,0.145,1,"SLC35E1"
0.513362286786344,-0.104079391200976,0.243,0.252,1,"HYCC2"
0.154730475807268,0.104073307369206,0.551,0.504,1,"PSMB3"
0.469222132893334,0.104063023178093,0.119,0.107,1,"POLR3K"
0.316381440004337,-0.104048056946748,0.255,0.275,1,"SNRPE"
0.33799879162154,0.103961018158841,0.339,0.32,1,"SETD5"
0.515909088106673,0.103943877706475,0.181,0.166,1,"ZNF654"
0.799924709289497,-0.103937812987297,0.193,0.195,1,"SDHAP1"
0.624116202157926,-0.103905810869913,0.251,0.258,1,"RAF1"
0.341227583918823,-0.103854088869492,0.091,0.105,1,"BOP1"
0.947885303229321,-0.103810939009606,0.254,0.252,1,"TCERG1"
0.323510734757285,0.103766599287981,0.18,0.158,1,"SPTLC1"
0.310427892995365,0.10376463625666,0.171,0.154,1,"BID"
0.00010058582875192,-0.103693098939422,1,1,1,"RPS25"
0.74149415998533,-0.103671747632877,0.15,0.156,1,"TRAPPC9"
0.301016900046272,0.10362015320619,0.229,0.211,1,"LAMTOR3"
0.420691700506122,-0.10353960789633,0.232,0.25,1,"ATG4B"
0.262211868393766,0.103532442767801,0.164,0.145,1,"SETD1B"
0.260266250082724,-0.103466024844829,0.68,0.684,1,"COX6B1"
0.0237777999667322,-0.103429757112464,0.879,0.908,1,"HNRNPA1"
0.717042454103978,-0.103333287975504,0.171,0.178,1,"ENSG00000286145"
0.302252576901224,0.103323582763157,0.28,0.26,1,"AP3S1"
0.375175406533264,0.103319029481073,0.11,0.098,1,"RGS14"
0.373372339494565,0.103309706408939,0.321,0.301,1,"STMN1"
0.407871982346043,-0.103264976152628,0.207,0.223,1,"TARS1"
0.41652898388267,-0.103264397289852,0.396,0.404,1,"TRA2A"
0.030342981383722,0.10313036044447,0.619,0.559,1,"SKIL"
0.49035689229701,0.103130098175561,0.176,0.164,1,"ZXDC"
0.55963103742857,0.10308109129904,0.235,0.225,1,"ARL5A"
0.751813589182627,0.102954146314107,0.189,0.184,1,"ANKRD36"
0.565437733124204,0.10291142454786,0.115,0.105,1,"SLC38A9"
0.504253157177244,-0.102869734194204,0.327,0.338,1,"SNRPB2"
0.449823782054137,-0.102771669953332,0.18,0.195,1,"TIMM10"
0.078440101943975,0.102668933095567,0.556,0.508,1,"CAPZA1"
0.914858228514184,-0.102637137397767,0.274,0.266,1,"UBN1"
0.408762540016959,0.102603435036969,0.203,0.188,1,"HECA"
0.542921190848089,0.102492469625446,0.219,0.207,1,"SMG7"
0.415146452305837,0.102466784369637,0.104,0.092,1,"TTC13"
0.484076298598446,0.102465921301107,0.114,0.104,1,"FAM168A"
0.644398541914721,0.102463387989676,0.164,0.158,1,"GRIPAP1"
0.672377114484884,-0.102406233914266,0.349,0.352,1,"BAX"
0.517378379180664,0.102403938561583,0.148,0.137,1,"STX7"
0.296633292007842,0.102340165846307,0.177,0.156,1,"PCNT"
0.14989104885324,0.102286011791992,0.315,0.279,1,"UBR5"
0.335853565239631,0.102138411850562,0.131,0.113,1,"GUSB"
0.487162224682543,0.102113793015388,0.112,0.102,1,"LACTB"
0.643234069924876,-0.102006635901597,0.243,0.254,1,"HMCES"
0.0788472038702243,0.101826194384073,0.828,0.791,1,"LCP1"
0.590898949198583,-0.101824258515917,0.169,0.176,1,"HIGD1A"
0.485215484671736,0.101816353436682,0.102,0.092,1,"POP5"
0.483689520711081,0.101808661965898,0.229,0.215,1,"FLI1"
0.618695952627702,0.101695936575104,0.142,0.133,1,"SP2"
0.769426912634568,-0.101694239291957,0.284,0.289,1,"ANKLE2"
0.519088024682423,0.101692375487274,0.101,0.092,1,"BET1"
0.152039724087733,0.101685196080107,0.467,0.424,1,"TCEA1"
0.670782938862368,-0.101674755983959,0.121,0.127,1,"CFAP20"
0.657835642425928,-0.101640698037313,0.261,0.268,1,"MRPL33"
0.301825212452939,0.101640505381956,0.137,0.119,1,"SNHG14"
0.574654404049428,0.101554388282466,0.11,0.102,1,"DYNLT2B"
0.0641338093297544,0.101551159807817,0.682,0.631,1,"SET"
0.237757416436234,0.101512770736171,0.345,0.318,1,"CUL4A"
0.99382007105207,-0.10148164391604,0.179,0.176,1,"GDE1"
0.796148443479982,0.101416430693336,0.19,0.186,1,"NEPRO"
0.524773065847773,0.101414823879311,0.273,0.264,1,"WDR26"
0.569076289476503,-0.101247344932774,0.193,0.201,1,"ZNF33A"
0.403078671639987,0.101246641457912,0.323,0.309,1,"FOXJ3"
0.15381416592709,0.101187532266519,0.265,0.234,1,"DNMT1"
0.753673570066901,-0.101163513306931,0.129,0.133,1,"SAP30L"
0.360410748934073,-0.101083103802737,0.094,0.107,1,"MEMO1"
0.151543586335608,0.101055179951181,0.31,0.27,1,"MRPS21"
0.361445468716314,0.101006769040238,0.245,0.225,1,"COMMD1"
0.785656362548808,0.100960597664491,0.192,0.186,1,"DNPEP"
0.930999380670317,-0.10089471937987,0.165,0.166,1,"MFAP1"
0.400821375520453,0.100829080746014,0.29,0.27,1,"SSBP3"
0.665330200964279,0.100766160330256,0.387,0.373,1,"CACYBP"
0.463638914731436,0.100689028629276,0.114,0.102,1,"RAB11FIP4"
0.463016455034613,0.10068116217255,0.109,0.098,1,"HEATR1"
0.657010336286943,0.10060452709953,0.119,0.111,1,"CHUK"
0.6082043546223,-0.10058129905798,0.319,0.318,1,"PSMC3"
0.530773640824198,0.100577709922797,0.204,0.193,1,"PDAP1"
0.695809485734353,0.100490706346637,0.208,0.197,1,"LINC00513"
0.717580287282203,-0.100490648490444,0.16,0.166,1,"MED21"
0.537866975192968,-0.100485873633183,0.537,0.535,1,"NSD3"
0.482631264711504,-0.10041806242836,0.365,0.377,1,"SS18L2"
0.219892354353009,0.100394036189931,0.132,0.111,1,"ARL16"
0.707729217721765,0.100378621882476,0.19,0.184,1,"CCDC66"
0.258437125697899,0.100297364348136,0.11,0.092,1,"ENSG00000290993"
0.728536207614091,-0.100175854138107,0.108,0.113,1,"TAFAZZIN"
0.694770582268985,-0.100126263225502,0.136,0.143,1,"SCYL1"
0.13691257608666,-0.10012396983181,0.328,0.359,1,"TGIF1"
0.000300749913231051,-0.100120235163299,1,1,1,"RPS8"
0.0762744426483809,-0.100111137786623,0.495,0.531,1,"CCND2"
0.73025939547194,0.100049994549905,0.108,0.104,1,"MAP2K5"
0.160201337469573,0.100036602272619,0.862,0.84,1,"RAP1B"
0.324261780839807,0.10002080813571,0.442,0.408,1,"DDX18"
0.507591493807614,0.100015046604147,0.204,0.191,1,"FAM118A"
