"p_val","avg_log2FC","pct.1","pct.2","p_val_adj","gene"
4.81591594847255e-17,-1.60770931601772,0.336,0.68,9.05488516631809e-13,"GPR183"
7.87421816740885e-16,-1.32674139488542,0.968,0.975,1.48051049983621e-11,"RPS26"
1.03315251954938e-13,0.751147702217053,0.993,0.955,1.94253336725675e-09,"NKG7"
1.00770110604548e-12,0.415669310060031,1,1,1.89467961958671e-08,"HLA-C"
3.96260788134454e-11,0.982279649589862,0.809,0.63,7.450495338504e-07,"TRBC2"
1.25777135413765e-10,0.270117841751888,1,1,2.36486170004962e-06,"HLA-B"
2.35631929266801e-10,-4.44322007076912,0.007,0.155,4.43035153407439e-06,"TRBV6-4"
1.68525807830068e-09,1.1371401554682,0.509,0.225,3.16862223882094e-05,"TRBV20-1"
2.83998923765761e-09,-1.27737889434104,0.173,0.43,5.33974776464384e-05,"JAML"
2.17984125798577e-08,1.80278555420614,0.498,0.295,0.000409853753326484,"GZMB"
7.71908936307231e-08,0.844102905204443,0.671,0.465,0.00145134318204486,"KLRD1"
1.42721816329161e-07,-0.416151050492516,0.996,0.995,0.00268345559062089,"MT-ND4L"
2.13458150215808e-07,1.34484766904293,0.403,0.195,0.00401344014035762,"GZMH"
2.16061595433879e-07,1.13211089246442,0.456,0.25,0.0040623901173478,"HLA-DPB1"
2.21500980910936e-07,0.794970631018017,0.717,0.55,0.00416466144308743,"PRF1"
4.82562714866127e-07,3.13216652349044,0.141,0.01,0.00907314416491291,"TRAV17"
1.25457119291637e-06,-1.18230557358275,0.163,0.355,0.0235884475692136,"CFAP210"
1.56701836666371e-06,-1.04950320117996,0.339,0.54,0.029463079330011,"FOS"
2.10076781926013e-06,-0.231637595501692,1,1,0.0394986365377289,"RPS10"
2.41968274936282e-06,0.519326530599987,0.855,0.7,0.0454948750535197,"AKNA"
3.16747650192674e-06,0.560955427252801,0.883,0.775,0.0595548931892266,"APOBEC3G"
3.35145041241503e-06,0.593330875817272,0.742,0.555,0.0630139706542274,"OASL"
3.82278703779354e-06,-0.402061353383444,0.947,0.995,0.0718760418845941,"MT-ND4"
1.35578940685128e-05,-0.731831605892242,0.406,0.605,0.254915524276178,"CCR7"
1.61092543263861e-05,0.182849389672064,1,1,0.302886199844712,"MALAT1"
1.82229665899764e-05,1.45833123851178,0.163,0.04,0.342628217824737,"TRAV2"
1.90597513792333e-05,-0.550068192926107,0.958,0.98,0.358361445432345,"ZFP36"
1.96145430690814e-05,-0.565322002634969,0.396,0.615,0.368792638784868,"MPZL3"
2.43159730915191e-05,-0.777389612029032,0.509,0.71,0.457188926066742,"LTB"
2.63300289288203e-05,-0.332839365399682,0.993,0.975,0.495057203919679,"PABPC1"
2.71271648825191e-05,-2.81694540607595,0.028,0.125,0.510044954121124,"IRS2"
3.6159061884574e-05,-1.17767469764456,0.102,0.245,0.679862681553761,"ME1"
3.95466277509499e-05,0.951218922781261,0.481,0.315,0.74355569497336,"ARID5B"
4.11791044728711e-05,-0.415473202423164,0.735,0.85,0.774249522298923,"KLRB1"
5.20251279516782e-05,-0.956429473587888,0.067,0.195,0.978176455747454,"ZC3H12B"
5.21982452129745e-05,0.148578312591786,1,1,0.981431406494347,"B2M"
0.000990628611310081,-2.65336078317775,0.032,0.105,1,"ENSG00000289341"
0.000401932873657316,2.47157438842641,0.102,0.02,1,"HLA-DQA1"
0.000184640943992949,-2.21614350165553,0.021,0.1,1,"ANK2"
0.000168353854713998,-2.07662127881356,0.035,0.125,1,"HLA-G"
0.000119295812031035,2.04427760345638,0.148,0.04,1,"FGFBP2"
9.89616222203948e-05,-1.86413579566817,0.035,0.13,1,"BIK"
0.00145248158466904,1.85660109478553,0.141,0.055,1,"TPRG1"
0.0472926568378718,1.738948676875,0.237,0.17,1,"IFNG"
0.00062628870257335,1.73481531649303,0.177,0.075,1,"TRGV8"
0.00375974973474695,-1.67197559453898,0.035,0.1,1,"ZNF473"
0.000803262073552992,-1.64695271854028,0.046,0.13,1,"KHSRP"
0.00136063539260233,-1.62824116040087,0.074,0.165,1,"S100B"
0.00353833916708677,-1.6209939830678,0.035,0.1,1,"FAAH2"
0.000286792852155729,-1.6117610207982,0.042,0.135,1,"IKZF2"
0.002418348573915,-1.59973024666563,0.039,0.11,1,"TBCCD1"
0.00216770888970581,-1.59475115205497,0.032,0.1,1,"MAN2A2"
0.000119591435280123,-1.59467196174586,0.039,0.135,1,"TRBV6-1"
0.0179392048405624,1.58811753477222,0.102,0.045,1,"NOP14-AS1"
0.00219059326402324,-1.56280584972445,0.035,0.105,1,"MAPRE3"
0.000522008948401793,-1.50416716841284,0.074,0.175,1,"LSR"
0.00199471722065818,1.47420444427324,0.127,0.045,1,"HIBCH"
0.0015774932457066,1.47263075921314,0.124,0.04,1,"SYNM"
0.0420229932313799,1.47182973672078,0.106,0.055,1,"DTHD1"
0.00513766215532228,1.462332779117,0.141,0.065,1,"FMNL3"
0.000802529109956394,-1.45319526415234,0.035,0.115,1,"TMEM67"
0.000451756118930443,-1.44742356995268,0.11,0.22,1,"PTPRM"
0.00336036541966054,1.44724448272402,0.208,0.115,1,"KLRC1"
0.0302484571152782,1.42717514986065,0.11,0.055,1,"TNFRSF9"
0.00706758046342877,-1.42410047778249,0.042,0.105,1,"STAG3L4"
0.00254830722340512,-1.40637723415063,0.046,0.12,1,"TRAPPC6A"
0.00590446439807435,1.40635000519902,0.124,0.05,1,"PLEKHO2"
0.00674403359079111,1.37224222596843,0.141,0.065,1,"LINC02446"
0.000922882826849516,-1.36923458000176,0.071,0.165,1,"SAP30L"
0.00393290325546028,1.36347469551224,0.145,0.065,1,"CYRIA"
0.000692598240957744,-1.35908327236696,0.117,0.24,1,"ENSG00000289901"
0.00806249106204976,1.35139098391337,0.113,0.045,1,"LLGL2"
0.00965572411035961,1.3400433977881,0.117,0.05,1,"CMTR1"
0.00130147072530387,-1.33723041369429,0.067,0.16,1,"LTK"
6.83132649888818e-05,1.33434933516255,0.276,0.13,1,"CD300A"
0.00019694740490487,1.33346832403507,0.237,0.115,1,"RBM18"
0.000689369298952731,-1.32601277173231,0.064,0.16,1,"KLHL9"
0.00823246843914321,-1.3254806656842,0.074,0.15,1,"FAM43A"
0.0742971934453396,1.29396619188162,0.102,0.06,1,"BLOC1S5"
0.0208663180282803,-1.29112936707542,0.049,0.105,1,"CD27"
0.0233613955439455,1.28648437660711,0.124,0.065,1,"ARHGAP35"
0.0132181701770141,1.27549710318658,0.127,0.06,1,"PER2"
0.000816976327964518,1.2740260820603,0.24,0.125,1,"COL6A2"
0.0155544712345515,1.26750571271443,0.131,0.065,1,"TP53I11"
0.000522839046161452,1.25069274881115,0.216,0.1,1,"SPART"
0.058380215938229,-1.24633779826275,0.074,0.125,1,"CSKMT"
0.0265871473022806,1.23543362467344,0.117,0.06,1,"RGP1"
0.00771069219433142,-1.23262480148904,0.049,0.115,1,"DGKA"
0.00463333991355734,1.23159238275777,0.325,0.24,1,"CLIC3"
0.00471628776105566,1.21759987918699,0.134,0.055,1,"CADM1"
0.000521939727018793,-1.21675425854138,0.071,0.175,1,"TRGV2"
0.0129687243132164,1.21179990665214,0.12,0.055,1,"VPS50"
0.000105925462456106,1.21102448852731,0.364,0.22,1,"CHST12"
0.0139983375610599,-1.21077800205063,0.046,0.105,1,"RIPOR1"
0.00359528351754581,-1.20839736742998,0.053,0.13,1,"TSPYL4"
0.0516274621873131,1.20810511233017,0.131,0.08,1,"CUEDC2"
0.00724333592449833,-1.20803073607178,0.064,0.135,1,"PYGO2"
0.00291741937298402,-1.20722525261324,0.081,0.17,1,"IMMP2L"
0.0111159214906276,-1.20583299440759,0.071,0.14,1,"ENSG00000253736"
0.0227417442717922,1.19385489318716,0.113,0.055,1,"MARK4"
0.0493377974522252,1.18953998454541,0.102,0.055,1,"CAT"
0.00509933834557235,1.18790629456487,0.173,0.085,1,"TRGV9"
6.81498812070524e-05,1.18664107300397,0.325,0.175,1,"PRR5L"
0.00930568830570445,-1.17646283648984,0.049,0.115,1,"LRRC23"
0.13053638124502,-1.17481611274794,0.064,0.1,1,"ENSG00000290039"
0.0229824830280732,1.17402883022905,0.113,0.055,1,"RIOX1"
0.00851852067983234,-1.17166623632593,0.06,0.13,1,"LATS2"
0.00127762600780661,-1.16143140377583,0.057,0.145,1,"TAMALIN"
0.035153816597787,-1.15825289629776,0.049,0.1,1,"PVT1"
0.0521225720138222,1.1539665738234,0.102,0.055,1,"SERPINB6"
0.0132131640260439,1.15381102317414,0.134,0.065,1,"CARNMT1"
0.0130773067701103,1.1531406264357,0.145,0.075,1,"NACC1"
0.0161257564944451,1.14686553085512,0.106,0.045,1,"DDX60"
0.0779221928324216,1.14681897046158,0.102,0.06,1,"ZBP1"
0.00101671721861786,-1.1432562071327,0.074,0.175,1,"ZNF14"
0.0752787946279215,1.14108457176602,0.11,0.065,1,"NMT2"
0.0125713973269773,-1.14033780074254,0.071,0.14,1,"ENSG00000291066"
0.030974828547074,1.13296335768229,0.102,0.05,1,"ANKRD40"
0.00770254933864154,-1.13188320765166,0.067,0.14,1,"ZNF598"
0.00905279827594475,-1.12719165726088,0.046,0.11,1,"STRADA"
0.0307901066314943,1.12527914620583,0.117,0.06,1,"NCAM1"
0.0407792835306723,1.12497123580604,0.124,0.07,1,"BRAT1"
0.0274007388207888,1.12248637164933,0.145,0.085,1,"ZFYVE1"
0.00149632109047081,-1.12041749886645,0.035,0.11,1,"SLC45A4"
0.013075537593028,-1.11965925991148,0.053,0.115,1,"CFAP20"
0.035153816597787,-1.11878859314449,0.049,0.1,1,"GIHCG"
0.0313500193674507,-1.1131315514406,0.064,0.12,1,"GOLGA2"
0.00134964818982484,-1.10846189963558,0.057,0.145,1,"FOSL2-AS1"
0.00649839386174345,-1.10393503830189,0.06,0.135,1,"DCTN6-DT"
0.0215663616824685,-1.09797766460202,0.046,0.1,1,"KIF9"
0.014377921822621,-1.09704753483073,0.053,0.115,1,"CRIM1"
0.0774014944930709,1.08190508747662,0.12,0.075,1,"GFER"
0.0068516564429558,-1.08089627596116,0.039,0.1,1,"ENSG00000266947"
0.00340327649932751,-1.07840084215493,0.067,0.15,1,"IFT20"
0.0204499332830784,1.07831935187558,0.127,0.065,1,"ACADM"
0.014651149820805,-1.07551872575013,0.046,0.105,1,"ZNF354B"
0.0204941141406639,1.0742472889709,0.152,0.085,1,"TRIM21"
0.0287504963163155,1.07247538274652,0.431,0.36,1,"TNF"
0.00816652012017891,-1.06821549387817,0.049,0.115,1,"SMARCD3"
0.0718490853307716,1.06604303087619,0.12,0.075,1,"SLC25A28"
0.0092886856170726,-1.06511503476208,0.085,0.165,1,"LZTFL1"
8.4972850756145e-05,1.06374547922976,0.322,0.165,1,"ZNF611"
0.0338687566629577,-1.05957802255698,0.092,0.155,1,"TRGV3"
0.0141737678466036,-1.05599227114406,0.046,0.105,1,"HINFP"
0.0196476685881251,1.05242531643249,0.117,0.055,1,"YEATS2"
0.00806217264424147,-1.04699818768869,0.078,0.155,1,"TMEM134"
0.0282908636326499,-1.04561936177578,0.064,0.12,1,"OXSM"
0.00274647428119281,-1.04225925575338,0.078,0.17,1,"GRHPR"
0.0282509178858576,-1.04171696789542,0.067,0.125,1,"RIMOC1"
0.0501200615661276,1.03715729029915,0.12,0.07,1,"PWP2"
0.113507836691574,1.03662375903086,0.124,0.085,1,"OSBPL2"
0.0335046014614867,-1.03657798847551,0.049,0.1,1,"KIF27"
0.0151268541585678,-1.03077216715623,0.042,0.1,1,"MAP1A"
0.0366563164667652,1.02940784916686,0.163,0.1,1,"DESI1"
0.00202917731547424,-1.02546465343509,0.049,0.13,1,"CUBN"
0.0389326645657576,-1.02298677313839,0.057,0.11,1,"ENSG00000287070"
0.00199996511472204,1.01905414619087,0.265,0.16,1,"ARF3"
0.125102711643484,1.01821689282703,0.102,0.065,1,"TESC"
0.0634934512820413,1.01685715394308,0.127,0.08,1,"ATG9A"
0.0139466741677628,-1.01653167397769,0.057,0.12,1,"ZMYND19"
0.00662808858805772,1.01477153845534,0.131,0.055,1,"GAS7"
0.00203692070567225,1.01143436218959,0.113,0.035,1,"HSPA6"
0.137630283366061,1.00990744699753,0.12,0.085,1,"PDPR"
0.0433794251085473,1.00913370530232,0.141,0.085,1,"FEM1B"
0.0199630003395868,1.00807188488707,0.117,0.055,1,"WAC-AS1"
0.0333790455124669,1.0070885693795,0.12,0.065,1,"DAPK3"
0.0441405083632411,1.00647517007871,0.106,0.055,1,"RIC8B"
0.15904660162913,1.00621788591383,0.124,0.09,1,"CCDC127"
0.0157892852743801,1.00511912292463,0.12,0.055,1,"AARSD1"
0.0457358230676828,-1.00359040179961,0.057,0.105,1,"H2BC4"
0.0281147645055356,1.00112827569355,0.134,0.075,1,"TRIM23"
0.00558886205365766,-1.00020800956101,0.071,0.15,1,"SUGP1"
0.0783852768411605,0.999508667040618,0.102,0.06,1,"SLC35D2"
0.00219641938916654,-0.997427233934012,0.244,0.375,1,"TRBC1"
0.102975247397996,0.991016337182486,0.106,0.065,1,"ACYP2"
0.0719977862703516,0.990875863636921,0.127,0.08,1,"MICU1"
0.0873760250061705,-0.989454822831143,0.085,0.13,1,"ENSG00000289603"
0.000110735282896681,0.988981612726517,0.385,0.225,1,"SYNE1"
0.0115817539994942,-0.980772350538193,0.088,0.165,1,"WRAP73"
0.000932960174463272,0.97934958965208,0.194,0.085,1,"TRBV4-2"
0.00155993391971064,0.977628959613137,0.29,0.18,1,"CTBP1"
0.0466926050863591,0.977269425377087,0.127,0.075,1,"LIMK1"
0.0807344049032729,0.973433400423064,0.102,0.06,1,"B3GALT4"
0.146905134289736,0.972573131440197,0.12,0.085,1,"PPP5C"
0.0095046242028224,-0.972198077472259,0.039,0.1,1,"ECHDC2"
0.0653958551240534,0.970708104735497,0.131,0.08,1,"SFMBT1"
0.041203463868013,0.970553649090488,0.131,0.075,1,"RNF8"
0.0396044072164716,0.968788933319533,0.148,0.09,1,"MCM9"
0.00952083952679594,-0.961598235905558,0.067,0.14,1,"SDC4"
0.0011590893398962,-0.961419763425985,0.134,0.255,1,"HEXIM1"
0.0107183155842868,-0.958702540597864,0.053,0.12,1,"ZNF764"
0.0219002802360289,-0.957552839815038,0.074,0.14,1,"CCDC88B"
0.000407854094617207,-0.955122869832015,0.173,0.315,1,"FBXO33"
0.0577214003988583,0.954957495231649,0.102,0.055,1,"SCAPER"
0.0470484219613073,-0.950919799927099,0.071,0.125,1,"IL23A"
0.0217397813885129,0.949754216748044,0.216,0.14,1,"GFI1"
0.024942895466273,0.948635277781286,0.191,0.12,1,"CSNK1G1"
0.0238923340034301,-0.940547738084438,0.049,0.105,1,"LONRF3"
0.00864681918896615,0.940054981335885,0.148,0.07,1,"KIZ"
0.0918364916414893,0.939882886526102,0.134,0.09,1,"TBC1D19"
0.0756400791723939,0.93885433856615,0.102,0.06,1,"MPPE1"
0.124320021081348,0.938751224516535,0.141,0.1,1,"GALNT2"
0.0375263712686554,-0.937225203658684,0.177,0.26,1,"ATF3"
0.0448703426179302,-0.934842476484789,0.074,0.13,1,"ITPK1"
0.0478105578025427,0.93474052729314,0.166,0.11,1,"PPP4R1"
0.00872215388901245,-0.934305904344859,0.06,0.13,1,"NCF1"
0.071144229251259,0.931388350068176,0.106,0.06,1,"C8orf76"
0.0118937892378111,-0.930239531375261,0.092,0.17,1,"A1BG"
0.015727175097678,-0.92972294328344,0.088,0.16,1,"LDLRAD4"
0.0163568290931395,0.920677125106582,0.184,0.11,1,"ATAD2B"
0.00264182734083945,0.920209967468775,0.3,0.195,1,"ITGAL"
0.0175089732614534,-0.918327945268633,0.071,0.14,1,"RAP2A"
0.000469204799584882,-0.917945839871181,0.152,0.28,1,"ENSG00000290048"
0.00979555556801692,0.917311939683539,0.322,0.23,1,"C1orf21"
0.0206651031436642,0.915650151164724,0.166,0.095,1,"DCAF12"
0.000719219798030586,0.913879458527486,0.134,0.04,1,"TRBV6-5"
0.0188821535355527,0.912801805199414,0.131,0.065,1,"GMPR2"
0.0315029722342111,0.911976830139856,0.145,0.085,1,"DENND2D"
0.0443690210669441,0.906224661548943,0.141,0.085,1,"AREL1"
0.00215684540764038,-0.904332560752868,0.18,0.305,1,"ITM2C"
0.125102711643484,0.904057099468022,0.102,0.065,1,"LAIR1"
0.0313552702311262,0.903352721772893,0.17,0.105,1,"FOXK2"
0.0297396732303476,-0.902620325273986,0.071,0.13,1,"OBI1"
0.078504937935952,-0.901501737839157,0.057,0.1,1,"DLGAP1-AS1"
0.0261333911932751,0.900125381712569,0.12,0.06,1,"ERCC6L2"
0.0625970558400911,0.897560163630629,0.12,0.07,1,"RSL1D1-DT"
0.0260604202371234,-0.896096693737849,0.071,0.135,1,"ENSG00000281383"
0.0334806584097022,0.896036489265166,0.127,0.07,1,"PCNT"
0.0698700536630657,-0.895443997949442,0.378,0.49,1,"DNAJB1"
0.0418683292302447,0.894163851982498,0.12,0.065,1,"TRPV2"
0.135807145286859,0.894065248033722,0.124,0.085,1,"DGCR2"
0.00558886205365766,-0.88946242308644,0.071,0.15,1,"UBAC1"
0.0161532416830183,-0.889212425684391,0.074,0.145,1,"KMT5C"
0.000209950480637137,-0.888456455174142,0.226,0.375,1,"SIK1"
0.0236783762538267,-0.887081573419603,0.095,0.165,1,"TRIM39"
0.000272287686706249,-0.886517628849373,0.198,0.355,1,"CD28"
0.0449096821405828,0.885237510028331,0.113,0.06,1,"TMEM62"
0.0347137017450284,-0.884947091852143,0.057,0.11,1,"RBM4B"
0.0521991972333963,0.884436259401725,0.177,0.12,1,"TMEM126B"
0.0871513948849604,0.881515875308071,0.18,0.13,1,"CARD19"
0.0935415323136689,0.87947541092444,0.124,0.08,1,"NCAPH2"
0.00834870420686662,0.878786494656199,0.237,0.15,1,"CARS1"
0.329181699842082,0.878527968948692,0.371,0.38,1,"GNLY"
0.117798385971959,-0.878271293671207,0.067,0.105,1,"SLCO4A1"
0.00852101235368493,-0.876537572756006,0.152,0.245,1,"SDHAP1"
0.0801312436362526,0.876135726962134,0.127,0.08,1,"DDAH2"
0.0578011315660727,0.872133366836215,0.219,0.16,1,"RFFL"
0.00410197017841617,0.87173337039459,0.304,0.205,1,"GNA15"
0.0910476501588578,-0.869337932302238,0.078,0.125,1,"RUVBL1"
0.106864464450572,0.864822550569121,0.11,0.07,1,"RNASEH2B"
0.110225882664482,-0.853139442025794,0.078,0.12,1,"FADS3"
0.221689853036735,-0.852979084634732,0.071,0.1,1,"LINC01003"
0.101510934184546,0.852622468697938,0.134,0.09,1,"ATG2B"
0.00265636556588725,0.852218266650923,0.399,0.28,1,"LGALS1"
0.0706590967655203,0.851737166025637,0.117,0.07,1,"RBM34"
0.0975164913613958,0.850915664284457,0.166,0.12,1,"EXOG"
0.0350930946306689,0.849715256023645,0.18,0.115,1,"NBN"
0.0748448640986493,-0.849389999392822,0.071,0.12,1,"ENSG00000290924"
0.0438929379604413,0.849324339893069,0.148,0.09,1,"KLRK1-AS1"
0.14473764611832,0.847968832160239,0.124,0.085,1,"ARNT"
0.142325561831878,0.846550073644624,0.134,0.095,1,"GPKOW"
0.000148463417578825,-0.845677231058346,0.403,0.56,1,"AQP3"
7.47129662028703e-05,-0.841852029918893,0.141,0.3,1,"PRR7"
0.00323383632033029,-0.841464913561604,0.11,0.21,1,"PAK1"
0.0568173291509382,-0.841323394323822,0.053,0.1,1,"CETN2"
0.0847207451405262,-0.840099916320894,0.099,0.15,1,"LST1"
0.0388014639864268,-0.839353025689563,0.049,0.1,1,"PCED1A"
0.0657531821224232,0.838508501892232,0.131,0.08,1,"TSEN34"
0.00369527230622261,-0.837368582331085,0.12,0.225,1,"ANKRD28"
0.0370551000401731,-0.835502999449501,0.074,0.135,1,"TAF5L"
0.120610466970693,0.834339533230402,0.131,0.09,1,"TOR1B"
0.0201712900109021,0.834043696173243,0.251,0.175,1,"ZNF430"
0.00247950144335181,-0.833748802580317,0.074,0.17,1,"CLOCK"
0.00264980690395795,0.831260175483221,0.307,0.2,1,"LPCAT1"
0.00856509676228819,0.830425781424871,0.177,0.095,1,"RCC2"
0.133816361353592,0.829261552159474,0.145,0.105,1,"CCP110"
0.0484189209486237,-0.829083036114571,0.085,0.145,1,"TMEM154"
0.110381273103509,0.828475050449486,0.141,0.095,1,"HERC5"
0.00663042988825851,0.826882859854838,0.431,0.345,1,"THEMIS"
0.0592831520601309,0.826843824601605,0.127,0.075,1,"CANT1"
0.0450087286001254,0.822125076775102,0.163,0.105,1,"HPS6"
0.0155771075031747,0.82129416500513,0.223,0.145,1,"SDR39U1"
0.000237002065203524,-0.818765614695826,0.148,0.295,1,"PLXNC1"
0.0165268853299648,-0.817804421585631,0.067,0.135,1,"ZNF264"
0.00177848737301938,-0.816758561086533,0.099,0.205,1,"ENSG00000290569"
0.00384842051019275,-0.81448829120117,0.424,0.525,1,"KLF2"
0.145416655723983,0.814431817807923,0.124,0.085,1,"ENSG00000266049"
0.0591362611987315,-0.809794687098133,0.067,0.12,1,"ARL5B"
0.0944053832576391,-0.80953217002319,0.113,0.165,1,"THBS1"
0.0157711542516363,0.809239276273088,0.187,0.11,1,"SIMC1"
0.0252310018745102,0.808850158847582,0.226,0.155,1,"STRIP1"
0.0789220671311037,0.807523194454719,0.124,0.075,1,"TYW3"
0.203894843452332,0.805826501087353,0.106,0.075,1,"HDDC2"
0.101161967539703,0.803622733085002,0.24,0.2,1,"GNPTAB"
0.0455615611096459,-0.80336919309772,0.074,0.13,1,"SERINC5"
0.020353665944552,0.8032882865444,0.283,0.205,1,"UPF2"
0.0237426925859961,-0.80213241490356,0.06,0.12,1,"THAP9-AS1"
0.0790262056946675,0.800568068399962,0.145,0.095,1,"CLASRP"
0.0609969958818169,-0.799816192800962,0.078,0.13,1,"CENPM"
0.0065305774785472,-0.799767559324972,0.117,0.215,1,"GALC"
0.0682968358996848,0.799454680638214,0.173,0.12,1,"NOL11"
0.0137142197636752,-0.799098565801138,0.124,0.21,1,"SLC30A9"
0.0810164900143402,0.798713460080596,0.134,0.085,1,"GLRX2"
0.0176052696995164,0.798028569928047,0.286,0.215,1,"BTN3A2"
0.0463473897927391,0.797329240907762,0.106,0.055,1,"STRADB"
0.104692001562331,-0.796745208571273,0.078,0.12,1,"RAB2B"
0.104867458887846,0.796444363974548,0.131,0.085,1,"CD40LG"
0.00270834849988045,-0.793073021057454,0.148,0.26,1,"SC5D"
0.043216850552792,0.792401063283707,0.247,0.185,1,"ANXA6"
0.117004363836917,0.790908063001445,0.127,0.085,1,"KIAA1586"
0.0553544672510971,0.788101519733876,0.141,0.085,1,"SGTA"
0.161612995893281,-0.785824585935052,0.081,0.12,1,"RANBP10"
0.142093080844338,-0.785254862242501,0.064,0.1,1,"PRANCR"
0.0539176469552427,-0.782051162430222,0.057,0.105,1,"ENSG00000291181"
0.152742019982698,0.782034233668284,0.113,0.075,1,"GPR89A"
0.131418563054645,0.77877892334066,0.134,0.095,1,"BTD"
0.0453988542318451,0.777636587816287,0.177,0.115,1,"MKNK1"
0.0255012886776277,0.776437626845784,0.223,0.15,1,"DNAJC15"
0.00246084647378758,-0.776424726189856,0.138,0.255,1,"CTSA"
0.133867405070046,0.775936372379434,0.155,0.115,1,"SKIC2"
0.0570276420521288,-0.775840553390478,0.057,0.105,1,"CEP295"
0.030721824776826,-0.773648277086882,0.095,0.165,1,"TRAK1"
0.0382386775658075,-0.772698396005424,0.06,0.115,1,"TRAF3IP1"
0.0835595930460692,0.771686465494057,0.148,0.1,1,"CNEP1R1"
0.0220276876150754,-0.770004694016424,0.053,0.11,1,"ENSG00000272449"
0.190055888722023,0.769749931874549,0.127,0.095,1,"AKT2"
0.219784873146132,0.769738213066121,0.12,0.09,1,"SP2"
0.0513178738936378,-0.769520433136649,0.067,0.12,1,"GABPB1-AS1"
0.0848083710241732,0.768563377784154,0.145,0.095,1,"MAPKAPK5"
0.0857579230790323,-0.766854734978085,0.078,0.125,1,"RAI1"
0.114179404072778,0.766398743809197,0.106,0.065,1,"TEX264"
0.00150676067946834,-0.766309203876976,0.279,0.415,1,"IL4I1"
0.0382690061192317,0.765888737649482,0.304,0.235,1,"PLIN2"
0.0392259362448599,-0.764745839880149,0.049,0.1,1,"EIPR1"
0.0261719633590834,0.764341762546526,0.279,0.21,1,"PIK3AP1"
0.119857285655178,0.763521313986854,0.141,0.1,1,"AP2A2"
0.0623564908812986,0.762323712279778,0.127,0.075,1,"POLR3GL"
0.147276530347068,0.760875313502273,0.113,0.075,1,"DOK1"
0.2080977920336,0.758356456630944,0.127,0.095,1,"POLK"
0.0412593084293078,-0.758289543383896,0.049,0.1,1,"ENSG00000235586"
0.0167497750009644,0.757482471272222,0.329,0.255,1,"ENSG00000290922"
0.042312447651923,0.755528773634232,0.173,0.11,1,"UBE4B"
0.0686183621486667,0.755455951337473,0.198,0.145,1,"TNFRSF12A"
0.0461805576178709,-0.754485326923172,0.071,0.125,1,"ENSG00000289614"
0.0902649471944239,0.751456490844219,0.17,0.125,1,"DENND3"
0.037215430536743,0.750708965488305,0.276,0.21,1,"LAP3"
0.130897433611224,-0.750530770302656,0.064,0.1,1,"MEGF9"
0.036716353169453,-0.750414917242762,0.06,0.115,1,"MRPL19"
0.0853277193025667,0.749667476357459,0.138,0.09,1,"HSD17B12"
0.130694587030375,0.749570240902392,0.152,0.11,1,"GDAP2"
0.0536382664547701,-0.749029249709098,0.053,0.1,1,"ENSG00000286264"
0.0092173391486481,0.747516991422962,0.329,0.235,1,"CHURC1"
0.0065869341710524,-0.745542305232511,0.233,0.345,1,"MBD2"
0.136347624466539,0.744890240391686,0.141,0.1,1,"PRCP"
0.209081443535269,0.744336602021794,0.106,0.075,1,"ANGEL2"
0.0229468516973276,0.743116431899864,0.159,0.09,1,"INPP5K"
0.220232352647144,0.74284686766333,0.141,0.11,1,"AXIN1"
0.111801998657986,0.741189979086868,0.124,0.08,1,"BCL2L13"
0.0695935966271989,0.740846816078997,0.173,0.12,1,"BMS1"
0.115214348545112,0.740380276421379,0.117,0.075,1,"STIM1"
0.0536996176016091,-0.740251509753808,0.092,0.15,1,"GSDMD"
0.0524485974032165,-0.740020516214292,0.067,0.12,1,"RRP15"
0.00069770035985953,-0.739934733311847,0.41,0.555,1,"ATP2B1"
0.274438822094292,0.739542798665283,0.325,0.315,1,"CD8B"
0.127827331515094,0.737910229477153,0.184,0.14,1,"FTSJ3"
0.00330716982142921,-0.736724965148603,0.205,0.32,1,"ANTXR2"
0.0899296521686834,0.734643987981862,0.138,0.09,1,"RNF103"
0.0968782870958311,-0.73283115184546,0.067,0.11,1,"ITFG2"
0.175539099298817,0.732201211944389,0.113,0.08,1,"UTP25"
0.0140534804464525,-0.731604584476243,0.155,0.245,1,"EDEM3"
0.0671985196770156,0.731189347634307,0.131,0.08,1,"FBXO31"
0.133765800627784,0.730646709242978,0.131,0.09,1,"CHMP7"
0.0327371635867552,0.729011938148699,0.18,0.11,1,"RNPC3"
0.0043542095946839,-0.728957292381105,0.237,0.355,1,"CAMK2N1"
0.145488278371723,-0.72888936507351,0.081,0.12,1,"TMEM14C"
0.212928548004277,0.728485699490535,0.12,0.09,1,"NUP42"
0.0649693940596341,-0.726952687895599,0.078,0.13,1,"HCFC2"
0.00552462712516405,0.726533822656399,0.42,0.325,1,"RHBDF2"
0.274532298345147,-0.726403777708485,0.081,0.11,1,"NR4A1"
0.0259216059029302,0.725786733720362,0.159,0.09,1,"MFHAS1"
0.0339695909553489,0.724777146709739,0.155,0.09,1,"WDR36"
0.118574892570807,0.724586409761382,0.191,0.145,1,"COMMD10"
0.170561272444002,0.724453391727903,0.11,0.075,1,"CHCHD5"
0.0340096748037672,0.723260969032881,0.251,0.18,1,"ACBD3"
0.0649546759362949,0.722200329665614,0.247,0.195,1,"ARMC8"
0.0569950108975896,-0.721779909425155,0.155,0.225,1,"WDR47"
0.0128452217198407,-0.720892035160551,0.124,0.21,1,"RAB11FIP3"
0.211568039033759,0.719743464750973,0.138,0.105,1,"HEATR5B"
0.0181982398783125,0.71969937674963,0.325,0.25,1,"RNF168"
0.189390862909742,0.719474915727243,0.102,0.07,1,"RPUSD3"
0.420007352989437,0.719239854416716,0.12,0.105,1,"PIEZO1"
0.0609740216875393,0.719117043951673,0.184,0.125,1,"RNF139"
0.0235354757746843,-0.718295343923258,0.12,0.2,1,"PLEKHM1"
0.00276862201353516,0.71811946427317,0.452,0.34,1,"UTRN"
0.163098594920588,0.717884532457905,0.216,0.175,1,"VAV3"
0.385931273789049,0.717510686631039,0.134,0.115,1,"USF3"
0.0186512955203463,-0.714009239505241,0.081,0.15,1,"TRGV10"
0.0932378311788842,0.713909187523113,0.131,0.085,1,"DCAF16"
0.110102233197807,-0.713490666036943,0.064,0.105,1,"ENSG00000255026"
0.201920478595739,0.713140978433974,0.187,0.155,1,"CHST7"
0.231942829618801,0.712297923783602,0.155,0.125,1,"PPIP5K2"
0.139006231740847,0.711821628957051,0.187,0.145,1,"TRAF6"
0.127354891235018,0.711798022904824,0.131,0.09,1,"THYN1"
0.056151405427552,0.711183640371391,0.187,0.13,1,"NDUFS2"
0.15798111795063,0.71078792938497,0.113,0.075,1,"TXLNA"
0.0581277819756705,0.710543961787811,0.177,0.115,1,"MADD"
0.159416559469233,-0.71046598071,0.078,0.115,1,"CASTOR3P"
0.0564682207573374,-0.709918116919829,0.057,0.105,1,"ZBTB40"
0.202832543391087,0.709560227730327,0.138,0.105,1,"NIPSNAP2"
0.0255962030922444,-0.709269433912337,0.078,0.145,1,"TCTN3"
0.0944252193521755,-0.708652329345026,0.067,0.11,1,"PACC1"
0.0269302307101294,0.707951225450172,0.12,0.06,1,"GMEB1"
0.317777834357356,0.707512101494716,0.12,0.095,1,"P2RY14"
0.0173894199981253,-0.707342464536297,0.095,0.175,1,"ABR"
0.0477973528996495,-0.706400685756349,0.152,0.22,1,"LYSMD3"
0.101940922643139,0.705683281973916,0.113,0.07,1,"CERS5"
0.147718415343448,-0.705036280404382,0.085,0.125,1,"TMEM87B"
0.0267651188017701,0.704721964318783,0.244,0.17,1,"RBM7"
0.00632375889979363,0.704301114210889,0.3,0.215,1,"NSFL1C"
0.121996829083411,0.703760763928804,0.141,0.095,1,"ANKRD37"
0.0158598437518589,0.702165865342399,0.265,0.185,1,"PARP1"
0.0532689928961097,-0.700968526015609,0.067,0.12,1,"SH3GLB2"
0.14799459172599,0.700373705710626,0.152,0.11,1,"DGKD"
0.10036152740007,0.700054969246122,0.18,0.135,1,"BSDC1"
0.12647345953236,-0.699612895299131,0.074,0.115,1,"MRPL12"
0.499638986905082,0.69957568326458,0.088,0.11,1,"LTA"
0.018437065431487,0.699499483331735,0.254,0.175,1,"SLC15A4"
0.0788245934704932,-0.698970551058617,0.071,0.12,1,"ENSG00000284428"
0.0258175292183037,-0.698567542795689,0.134,0.215,1,"CCDC32"
0.000898923800684112,-0.698256941212989,0.307,0.445,1,"TRAV1-2"
0.210991045339089,0.697892165590611,0.106,0.075,1,"ARHGAP1"
0.0187240771043623,-0.69757630536898,0.074,0.145,1,"MOK"
0.134963938381665,0.696924665982734,0.173,0.13,1,"TBC1D1"
0.00624850132002459,-0.696640692752681,0.106,0.195,1,"CMC1"
0.0343040466760045,0.696483236647733,0.339,0.27,1,"SAMD3"
0.0956539245803992,0.696322387431428,0.141,0.095,1,"ZDHHC7"
0.0796119639841325,0.695383618955956,0.155,0.105,1,"LRRC40"
0.13619568970254,0.695333556169386,0.141,0.1,1,"C1orf35"
0.162610916694261,0.694907602098954,0.191,0.15,1,"CKAP2"
0.0410198791621167,0.694717066420016,0.173,0.11,1,"ACTR6"
0.0396039882845155,-0.694186088175186,0.095,0.16,1,"NUP62"
0.039722688249978,0.693485794005778,0.134,0.075,1,"CLSTN3"
0.318952008357724,-0.693257362172738,0.113,0.145,1,"IER3"
0.00919125330637818,-0.693158567446181,0.17,0.28,1,"DNLZ"
0.000391473230299574,0.692658649236454,0.481,0.33,1,"CCL4"
0.0260559027824879,-0.691036751682115,0.085,0.15,1,"CFAP68"
0.112461284335606,-0.689929619617222,0.064,0.105,1,"DYNC2H1"
0.0279772729831876,0.688057408453632,0.339,0.265,1,"NCOA1"
0.0105659597109134,-0.687866630379603,0.071,0.145,1,"NETO2"
0.028271337565151,-0.686435381830168,0.163,0.245,1,"MFSD12"
0.169550609238408,0.685109921419155,0.138,0.1,1,"CALU"
0.0274845369648037,0.685013630742757,0.251,0.185,1,"STRN"
0.0750191846141243,0.683937753969562,0.187,0.135,1,"DGAT1"
0.0723969641507676,0.683916511358786,0.141,0.09,1,"PGRMC1"
0.144305590572496,0.683910222515345,0.17,0.13,1,"TAPT1"
0.176749011595488,0.68337006632112,0.187,0.15,1,"SCLT1"
0.10418283010548,0.683208206559928,0.117,0.075,1,"LONP1"
0.0914907397647617,-0.682838827039516,0.099,0.15,1,"APPL2"
0.0674027931881085,0.682346107067141,0.216,0.155,1,"NUMA1"
0.0770790442848746,0.68167842907003,0.141,0.09,1,"LIX1L"
0.067125276221619,-0.681005985838492,0.081,0.135,1,"DNAJC10"
0.0111766501484928,-0.68078882401523,0.12,0.21,1,"MTX1"
0.159629797778271,-0.680330218261953,0.145,0.19,1,"HOOK2"
0.13295382400498,0.679441845065587,0.102,0.065,1,"STX7"
0.0319679210602182,-0.678899202464999,0.081,0.145,1,"NEK9"
0.142864833419156,-0.678770673532081,0.064,0.1,1,"STX17-DT"
0.251203076422646,0.678662120575736,0.145,0.115,1,"CKAP5"
0.236659756719749,0.678661767020172,0.145,0.115,1,"ZNF106"
0.0173417940201656,-0.678556985408534,0.173,0.26,1,"SHLD2"
0.0277564998854406,-0.678537672082498,0.177,0.27,1,"ARL14EP"
0.0654142299478746,-0.678291512223617,0.102,0.16,1,"STX18"
0.0579710288209937,-0.677310303800728,0.092,0.15,1,"STX6"
0.11423121110862,-0.676292605210968,0.06,0.1,1,"SURF6"
0.0981210179366262,0.675129706130871,0.152,0.105,1,"KMT2B"
0.0513422826652189,0.675115799335822,0.155,0.095,1,"YIF1A"
0.0411526624410564,0.674926899364398,0.226,0.16,1,"MRPL16"
0.245240774668332,0.674169788121344,0.124,0.095,1,"EXOSC9"
0.0484094959193266,0.673935803518434,0.212,0.15,1,"NOP2"
0.141281545494495,0.673687605501785,0.208,0.17,1,"NSUN2"
0.271496135087282,0.673627045493005,0.113,0.085,1,"DYRK2"
0.0586036799620212,-0.672798520768698,0.092,0.15,1,"BNIP3"
0.082103903155447,0.672245241668869,0.24,0.185,1,"ZNF394"
0.0140561253473906,-0.672156619054409,0.081,0.16,1,"LENG1"
0.0592420544158969,0.671280437792539,0.138,0.085,1,"PARP9"
0.0148234402259714,0.670564392211368,0.272,0.18,1,"CHMP2A"
0.209184406635726,0.669761708828137,0.113,0.08,1,"BORCS8"
0.0553535485748547,0.669756528310773,0.24,0.185,1,"DAXX"
0.0832518395247414,0.669148841850179,0.237,0.185,1,"LAX1"
0.0173894199981253,-0.668842662372017,0.095,0.175,1,"ATG16L1"
0.0223648416889754,0.668613070222698,0.226,0.15,1,"NRBF2"
0.0982545486656882,-0.667015813466754,0.071,0.115,1,"NME1"
0.00721326996507905,0.666064920950924,0.311,0.205,1,"TNFRSF18"
0.0148317043182184,0.665998474393106,0.357,0.28,1,"HLA-DPA1"
0.0745504276932556,0.665523828287885,0.205,0.15,1,"SDF2L1"
0.0749540580487064,0.664757419620403,0.244,0.19,1,"ABI3"
0.0235405564802264,-0.663832818879072,0.078,0.145,1,"TMEM91"
0.011007847991402,-0.662990000104585,0.378,0.475,1,"NR4A2"
0.0577816518673461,-0.662520288409969,0.053,0.1,1,"INTS9"
0.00463595897419548,-0.662497096872512,0.191,0.31,1,"APPL1"
0.0168520649625482,-0.662278406791126,0.205,0.3,1,"ULK4"
0.0531944159098563,-0.659670125820267,0.064,0.115,1,"GNL3L"
0.0654534256116388,-0.659482079386955,0.074,0.125,1,"ADA2"
0.00321661750901451,-0.658448322774524,0.59,0.7,1,"DUSP1"
0.0447241897761719,-0.658406021657214,0.078,0.135,1,"FASTK"
0.0800518660613411,-0.657965197210702,0.067,0.115,1,"MIRLET7A1HG"
0.231356222142657,0.657019937048292,0.219,0.19,1,"GBP4"
0.353426619981486,0.656953469971438,0.106,0.085,1,"AP3M1"
0.236270266891205,0.655686780044617,0.226,0.2,1,"N4BP3"
0.122973531080355,0.654690330595204,0.187,0.14,1,"FKBP5"
0.108810663404021,0.654523353674766,0.173,0.125,1,"LYN"
0.0525423032797076,-0.652370998283819,0.152,0.22,1,"CTSD"
0.0706464566181671,-0.652054303925483,0.085,0.14,1,"MRGBP"
0.0289298931636232,0.651859411207295,0.226,0.155,1,"KIF3B"
0.0238918904456791,0.650960950255603,0.286,0.21,1,"PTPRA"
0.0885584703296061,-0.650899754765869,0.095,0.145,1,"PPRC1"
0.0305076043461018,-0.65065063030881,0.12,0.195,1,"STRBP"
0.000726753667984297,-0.650642629166537,0.35,0.505,1,"MIR23AHG"
0.0620513222529421,0.65002792770313,0.166,0.11,1,"MAP3K3"
0.071538527267544,0.650009621641085,0.276,0.22,1,"C11orf98"
0.151637939399333,0.647960071595687,0.124,0.085,1,"THUMPD3"
0.0199061846380554,0.646815646869205,0.201,0.12,1,"DHX8"
0.243779618359862,0.645717382641231,0.12,0.09,1,"ZBED5"
0.188593754583126,-0.645064784761828,0.067,0.1,1,"ITPRID2"
0.367984819217376,0.644989254141059,0.163,0.14,1,"XPA"
0.226636088445151,0.644404362610627,0.131,0.1,1,"SCAF1"
0.0324882239488305,-0.64434493639854,0.092,0.16,1,"HMGCR"
0.317648310645871,0.64392932067512,0.194,0.175,1,"RELL1"
0.0244196798385929,0.643848316357408,0.23,0.155,1,"STX12"
0.0628795331549518,-0.643709788119296,0.057,0.105,1,"NIPA1"
0.0817384297100783,-0.643590537388627,0.088,0.14,1,"TXLNGY"
0.197583558213252,0.6425194027781,0.17,0.135,1,"IL18R1"
0.0732320318505648,0.64243694312364,0.148,0.095,1,"ACSL5"
0.35233732498674,0.641532003551952,0.11,0.085,1,"SCO2"
0.0864022310468557,-0.640321420667439,0.11,0.165,1,"TFE3"
0.102800426537132,-0.640225905140012,0.067,0.11,1,"TRPT1"
0.0485957260363579,-0.639700926285119,0.198,0.27,1,"MYBL1"
0.0285360437844612,-0.639505348159992,0.102,0.175,1,"ODF2"
0.0592256809765052,-0.639010505468036,0.198,0.27,1,"RCAN3"
0.229808548479356,0.638129440997061,0.134,0.105,1,"SMG5"
0.149863073990961,0.637886210325735,0.131,0.09,1,"KLHL2"
0.163344427563768,-0.637432717925509,0.078,0.115,1,"TRAP1"
0.106853667820892,0.637039045806755,0.163,0.115,1,"PLEKHA5"
0.0777677063332763,-0.636164128871283,0.057,0.1,1,"SLC26A11"
0.0474082264348043,0.63562722181768,0.208,0.15,1,"EXOC5"
0.0186310264640326,-0.635307127368669,0.092,0.165,1,"TGFBR1"
0.429382427940458,0.635166680994227,0.106,0.085,1,"TNFSF9"
0.237105031738763,0.634620447939001,0.145,0.115,1,"ARL1"
0.0913798583525187,0.63348395847131,0.194,0.14,1,"VIRMA"
0.00958498302955827,0.632640879485516,0.272,0.17,1,"HLA-DRB1"
0.0848995537973845,-0.631861206587771,0.095,0.15,1,"SBF2"
0.370154996836409,0.629875068765017,0.117,0.095,1,"GIPR"
0.144028488690171,-0.629532502580726,0.064,0.1,1,"MOSPD1"
0.0888527940301655,-0.629204323971145,0.078,0.125,1,"ASB1"
0.203895652074353,0.628516933804052,0.198,0.165,1,"GAPVD1"
0.0582483901894574,-0.628441725755812,0.099,0.16,1,"RUFY1"
0.000892956234751429,-0.628097956066159,0.194,0.335,1,"TKT"
0.0303110940067888,0.628006507895603,0.254,0.18,1,"PPP2R3C"
0.4505113575205,-0.627682116702205,0.152,0.17,1,"DSE"
0.230664536895296,0.62734373263641,0.117,0.085,1,"LINS1"
0.38142661258555,0.627024967653532,0.12,0.1,1,"STK25"
0.000179122398883387,0.626267035214956,0.473,0.335,1,"AOAH"
0.283706287364619,0.626211399465791,0.102,0.075,1,"ELP3"
0.0852410523629654,0.625899949738612,0.163,0.11,1,"PCID2"
0.102987858689441,-0.625455874021382,0.085,0.13,1,"IRF2BP1"
0.353768033281824,0.624424745639385,0.102,0.08,1,"ZNF567"
0.206128010492868,0.623233293394074,0.163,0.13,1,"RPP38"
0.197500694439739,0.622964075039946,0.145,0.11,1,"BUD13"
0.160067654004869,0.62283521481521,0.106,0.07,1,"RREB1"
0.235152071394166,0.622528398060287,0.141,0.11,1,"ACLY"
0.046841236832783,-0.622324457495526,0.141,0.215,1,"TBC1D22A-DT"
0.116113083720984,0.620730917957924,0.24,0.195,1,"USP22"
0.220513994670004,0.620106408746516,0.148,0.115,1,"FBXO38"
0.0668949185628881,0.619774537536608,0.23,0.165,1,"MIR4435-2HG"
0.12648698958062,0.619726529862892,0.155,0.11,1,"TIMM22"
0.33547337562092,0.619524000977702,0.152,0.13,1,"R3HCC1L"
0.0440886605204575,0.619510076740933,0.208,0.14,1,"TTPAL"
0.249296568699553,0.619453018272177,0.12,0.09,1,"MCM3AP"
0.0772891458517158,-0.619391649120024,0.067,0.115,1,"MDP1"
0.0572986288513975,0.619276134470723,0.382,0.335,1,"MDFIC"
0.0472145504080106,0.619214887428169,0.276,0.21,1,"CYTH3"
0.00702166973206895,-0.617985563341234,0.208,0.325,1,"ARID4A"
0.538667735364981,0.617943222921842,0.173,0.16,1,"GFPT2"
0.023880482325813,0.617824841564843,0.29,0.22,1,"MKRN1"
0.177002584423122,0.617807607668061,0.12,0.085,1,"TPRA1"
0.058705492682669,0.616753181704943,0.124,0.07,1,"WDR6"
0.269532787669326,0.615491836061379,0.159,0.13,1,"SH3BP5"
0.250862447543233,0.615384451755066,0.113,0.085,1,"PIGG"
0.0771797429625331,0.615350501308647,0.364,0.33,1,"APOBEC3C"
0.0510835996812236,-0.615272866930763,0.095,0.155,1,"CRK"
0.000115347525815322,0.614940037912146,0.594,0.45,1,"PSMB9"
0.104690394082059,0.61482463200544,0.138,0.09,1,"DVL3"
0.119751761800688,-0.61385079234405,0.095,0.14,1,"KRCC1"
0.0327959151666429,-0.613494709527703,0.205,0.295,1,"NUTM2B-AS1"
0.526024614157607,0.613207202028318,0.254,0.245,1,"FAM241A"
0.0798215454576956,0.613048091826553,0.187,0.135,1,"SNX13"
0.0597931287451725,-0.611862169365907,0.113,0.175,1,"SLC25A39"
0.0578205402246204,-0.611551378304462,0.184,0.255,1,"TULP4"
0.218187861585263,0.610231129590219,0.138,0.105,1,"PKNOX1"
0.32587279085014,0.609835861324908,0.148,0.125,1,"PRR14L"
0.0466792619043326,-0.609657775135845,0.113,0.18,1,"LACTB"
0.457287031724203,0.609070506136445,0.131,0.115,1,"HIVEP3"
0.229254595679051,0.607727083348159,0.106,0.075,1,"CCDC43"
0.208907833619132,0.607443616131023,0.265,0.235,1,"PSIP1"
0.0440042086142209,-0.607027366395615,0.049,0.1,1,"ARMC9"
0.210761297495671,0.606086966884239,0.134,0.1,1,"IKBIP"
0.00473701070236932,0.606079357468745,0.357,0.245,1,"ZNF655"
0.0159279541814683,-0.605918687940977,0.099,0.18,1,"NAA35"
0.00589503876248749,0.605577105248939,0.58,0.515,1,"ARF4"
0.0654980659134355,-0.605347851421938,0.099,0.16,1,"USP3-AS1"
0.117037338354529,0.605180538101409,0.134,0.09,1,"ZSWIM8"
0.0817991026245854,0.604590815119888,0.141,0.09,1,"C12orf29"
0.0266574508522389,-0.604302189720776,0.106,0.18,1,"RSPRY1"
0.199981549185546,0.603872026525638,0.131,0.095,1,"ZHX1"
0.0623701341309237,-0.60357189665299,0.088,0.145,1,"JKAMP"
0.0151728887915479,-0.603271255047419,0.102,0.185,1,"OIP5-AS1"
0.0920186667949032,-0.603092838029416,0.106,0.16,1,"RRP1"
0.142712584968535,-0.602778370952037,0.067,0.105,1,"PCSK1N"
0.244643717595792,0.601994852056381,0.276,0.25,1,"TBX21"
0.497491516810177,0.601615067832106,0.113,0.1,1,"TAX1BP3"
0.0494118430347805,-0.601163068918032,0.088,0.15,1,"ZFP90"
0.148364780083231,0.600427697220155,0.134,0.095,1,"ATP2C1"
0.128793770814743,-0.600354479795588,0.074,0.115,1,"AGO4"
0.00402313126338548,-0.600344029156403,0.254,0.385,1,"B3GNT2"
0.276587100053959,0.600329400492104,0.148,0.12,1,"BOLA2"
0.0381173810102508,0.598026428056292,0.346,0.285,1,"SEPTIN9"
0.143605250245708,-0.59701336404927,0.102,0.145,1,"TOR3A"
0.184672584602285,0.596604896355998,0.134,0.1,1,"SFI1"
0.163195560296493,0.596563915396731,0.124,0.085,1,"CCDC85C"
0.0424610000111404,0.596369426155217,0.283,0.22,1,"ITPR2"
0.110884228746609,-0.596357518203989,0.064,0.105,1,"HACD4"
0.0798648121847194,0.594640528525186,0.159,0.105,1,"PPME1"
0.536200805483111,0.594485247328063,0.127,0.12,1,"EDEM2"
0.0091106266385761,-0.594469542703481,0.371,0.52,1,"INTS6"
0.191680326166458,0.594409362282987,0.163,0.125,1,"TMEM222"
0.00182513464202604,-0.594042444088126,0.251,0.41,1,"PANK2"
0.164479800055941,0.593207957000745,0.117,0.08,1,"NUP93"
0.130632616242609,0.593100139367671,0.12,0.08,1,"PGM1"
0.0602832432144598,0.592315472318268,0.237,0.175,1,"PIK3C3"
0.0876197086349452,0.592278619477874,0.279,0.22,1,"MED13"
0.299243580477947,0.592106730847683,0.194,0.17,1,"XIAP"
0.00423996277418111,0.591869064468074,0.442,0.32,1,"CD82"
0.0554557020572604,0.591867076847529,0.212,0.15,1,"TPST2"
0.273495798336751,0.591740211189502,0.117,0.09,1,"ZNF266"
0.504557868224358,0.591527625950875,0.163,0.145,1,"MIR155HG"
0.0114401547674659,-0.591117199277052,0.261,0.38,1,"BORCS5"
0.0843034096259187,0.591101333831182,0.208,0.155,1,"METTL23"
0.255537385448623,0.590952702100147,0.102,0.075,1,"WIZ"
0.0328813890938219,-0.59075356897511,0.099,0.17,1,"C15orf61"
0.108998607638966,0.590363982278628,0.216,0.165,1,"PAXBP1"
0.0394772207374634,-0.590223143520774,0.071,0.13,1,"XKR6"
0.000514440394678461,0.590192988229289,0.703,0.58,1,"PLAAT4"
0.214231737331294,0.590036822418267,0.127,0.095,1,"CTPS1"
0.0292033045349314,-0.589259664353094,0.11,0.185,1,"C7orf50"
0.153255190683525,0.589156963021854,0.163,0.125,1,"AMBRA1"
0.0630218686082204,-0.58829190981828,0.12,0.185,1,"URM1"
0.300375033451348,0.586137558764089,0.12,0.095,1,"TMCO3"
0.0034373406107378,-0.585669743600596,0.435,0.55,1,"DUSP16"
0.0176054303171878,-0.585374763777038,0.095,0.175,1,"METAP1"
0.119976868117753,0.585341921763821,0.17,0.125,1,"PLSCR1"
0.363771130869649,0.584775450995943,0.131,0.11,1,"ING3"
0.331607669490799,0.58449030676363,0.134,0.11,1,"DAAM1"
0.472479576504049,0.584271671573491,0.113,0.095,1,"UBASH3A"
0.0579039678896077,0.5841431153482,0.223,0.16,1,"UFL1"
0.081183471855416,-0.584079522226532,0.081,0.13,1,"SLC37A1"
0.0914058788852231,-0.582909717969625,0.131,0.19,1,"WWOX"
0.154573299509904,0.582713149372932,0.184,0.14,1,"FBXL14"
0.0397210301565903,-0.58270327346472,0.088,0.155,1,"ATP6V1C1"
0.666761091951712,0.582203872326767,0.113,0.105,1,"NRIP3"
0.0608898884044436,0.581495298325446,0.23,0.16,1,"PPFIA1"
0.612841816308874,0.580657344252144,0.138,0.13,1,"ENSG00000269968"
0.172729104425205,0.580451914295923,0.152,0.115,1,"ENSG00000291117"
0.00535098632983108,0.580259520701644,0.293,0.19,1,"MCOLN2"
0.0591550603299334,0.580109197309394,0.286,0.225,1,"FBXL5"
0.131514199688598,-0.57968393527323,0.078,0.12,1,"TADA3"
0.811850832673828,0.579308220936803,0.11,0.105,1,"ENSG00000287979"
0.0295823000282577,-0.578944482577441,0.113,0.19,1,"TMEM256"
0.242874506903615,0.578905694735233,0.141,0.11,1,"GMPPB"
0.0781633727603062,0.578846510619123,0.141,0.09,1,"TRIP4"
0.0217272461032168,-0.578556448958059,0.138,0.23,1,"BRD9"
0.170666594245133,-0.578399710587045,0.081,0.12,1,"SLC9A1"
0.12183851966465,-0.578259364482323,0.106,0.155,1,"EDC4"
0.049956167784301,0.577338361800536,0.24,0.17,1,"USP24"
0.154619100739114,0.577313481439933,0.173,0.13,1,"CLCN3"
0.0894357604229048,-0.576997315688388,0.057,0.1,1,"DDX47"
0.0436247321096098,0.576903331118195,0.378,0.32,1,"CCNDBP1"
0.106308527817828,0.576833400744455,0.24,0.195,1,"VEGFB"
0.255586508819661,-0.576087729362712,0.071,0.1,1,"UBIAD1"
0.24223997666359,-0.575713279044263,0.074,0.105,1,"ASH2L"
0.461563321200662,0.575407234154727,0.106,0.09,1,"RP2"
0.0300637491114082,0.575057630387581,0.304,0.225,1,"UBE2Z"
0.000198123204176828,0.574750093643301,0.64,0.54,1,"LFNG"
0.149171000919556,0.574746906152021,0.191,0.145,1,"NDUFAF8"
0.0284009416949844,0.573709049072069,0.318,0.255,1,"HYOU1"
0.0359565316134833,-0.573288160289992,0.095,0.16,1,"TMEM35B"
0.0379088149474044,-0.573063944686677,0.24,0.335,1,"CREB1"
0.114009150050523,0.571907264238694,0.134,0.09,1,"SELENOM"
0.00199637408977681,0.570667525218082,0.597,0.515,1,"RSRC2"
0.138807896102166,0.570636169191948,0.166,0.12,1,"PLEKHF1"
0.373097003507413,0.570570219855107,0.223,0.205,1,"ZBTB38"
0.27053371467524,0.569875119623131,0.127,0.1,1,"GPR108"
0.000594642734429028,-0.56941491137034,0.576,0.7,1,"TUBA1A"
0.224490148562139,0.569322094906445,0.173,0.14,1,"RPS6KA5"
0.199578520449965,0.568670910228749,0.141,0.105,1,"RNFT1"
0.38946665095049,-0.568642845548263,0.099,0.125,1,"PI4KAP1"
0.115506197266444,-0.568625243444486,0.067,0.11,1,"ZNF142"
0.00303829843299115,-0.568596706097763,0.435,0.56,1,"LINC01138"
0.100414776439139,-0.568553663327831,0.152,0.205,1,"PCF11"
0.0654751935566179,-0.568514330483298,0.117,0.18,1,"RAB4A"
0.20305885402156,0.567955973585554,0.124,0.09,1,"SLC36A4"
0.271895813717426,-0.56777180760451,0.117,0.15,1,"YIPF6"
0.612697707072963,0.567345973923133,0.113,0.105,1,"TM2D1"
0.180252783264486,-0.567254110939668,0.127,0.17,1,"ACSL1"
0.0281878126704346,-0.567147574129794,0.138,0.22,1,"RCN2"
0.214065550765942,-0.567054449931361,0.088,0.125,1,"JAM3"
0.350041957389665,0.566969363234074,0.113,0.09,1,"TBP"
0.00380219059187028,-0.566537186415512,0.155,0.27,1,"ENSG00000283674"
0.242058848617498,0.566105953940314,0.117,0.085,1,"ENSG00000261573"
0.0675684446959326,-0.565737355962226,0.12,0.185,1,"NOC4L"
0.353768033281824,0.565475299575246,0.102,0.08,1,"PARN"
0.15538665153788,-0.565474780993271,0.067,0.105,1,"FSIP1"
0.205323782442996,-0.565388232684858,0.071,0.105,1,"NTN4"
0.199861129844698,-0.565042750690514,0.085,0.12,1,"SLC35F5"
0.146107525218351,0.564474843723782,0.226,0.185,1,"RNF220"
0.00954212372705736,-0.564376220575127,0.216,0.33,1,"DAZAP1"
0.154026896954538,0.563853600561784,0.152,0.11,1,"ZNF330"
0.182837874358978,0.563544381783374,0.141,0.105,1,"EXOC8"
0.300001422503606,0.563222548566739,0.148,0.125,1,"AP1G2"
0.13575618579128,0.562808048257477,0.177,0.13,1,"ARL16"
0.172408791595845,0.562591971469489,0.159,0.12,1,"ACSS1"
0.0925812073125517,0.562181676670621,0.272,0.225,1,"NCK1"
0.0736103092510527,-0.561959025453904,0.205,0.275,1,"PDE4A"
0.406222241461745,0.561756688569596,0.11,0.09,1,"APOL2"
0.411517895529099,0.561644955147178,0.127,0.11,1,"EOLA2"
0.102205185905031,0.561378583466408,0.244,0.195,1,"CCDC93"
0.352462738401681,0.561061322332148,0.163,0.14,1,"CLPX"
0.199026939011565,-0.560400062715518,0.071,0.105,1,"ZBED4"
0.138577560103991,0.560176651145517,0.286,0.25,1,"ATG3"
0.249712140748717,0.56016734335362,0.163,0.13,1,"CAMK2D"
0.165633256868435,-0.559695629705591,0.085,0.125,1,"NFIL3"
0.126135209550974,-0.559519172922364,0.12,0.17,1,"NOL9"
0.0924990019495283,0.558684881879164,0.184,0.13,1,"ENSG00000286145"
0.0891708552925064,-0.558403262724018,0.064,0.11,1,"NDUFAF5"
0.0248976896223505,-0.558215733467044,0.187,0.28,1,"ABCF2"
0.112851662540904,-0.558095089870338,0.244,0.32,1,"IRF7"
0.0791805596165168,0.558026012593166,0.392,0.35,1,"DLEU2"
0.000369157578311895,-0.556942481540649,0.226,0.395,1,"ITM2A"
0.177362669179353,-0.556415050425889,0.173,0.225,1,"BICRAL"
0.0661074012756172,0.556024759173381,0.127,0.075,1,"COG1"
0.10146287628336,0.555949725314376,0.251,0.195,1,"KAT2B"
0.0255471390447247,-0.555944050033194,0.124,0.2,1,"SESN1"
0.18650232163519,-0.55574732091388,0.124,0.17,1,"TSPOAP1-AS1"
0.0117546291409519,-0.555373801125679,0.272,0.38,1,"ELMO1"
0.171492442367336,-0.554598529727869,0.085,0.125,1,"MGMT"
0.0701479463870597,-0.55441177435375,0.177,0.255,1,"ITPKB"
0.390866169440472,0.554376988270955,0.117,0.095,1,"TVP23C"
0.378563841440883,0.553954445287089,0.184,0.165,1,"ACSL4"
0.128795233882974,-0.553865143526193,0.092,0.14,1,"BAG4"
0.104538806133499,0.553538953541111,0.208,0.165,1,"IAH1"
0.313577834783629,-0.55353692724377,0.131,0.16,1,"CKS2"
0.169794789445074,-0.55216087720306,0.106,0.15,1,"KIF5C"
0.0438763447503931,-0.552034089756806,0.12,0.19,1,"ENSG00000291075"
0.0951370145887696,-0.55196091910099,0.106,0.16,1,"PDPK1"
0.531640942487552,0.551709507805184,0.124,0.11,1,"TET3"
0.0552330258077867,0.551659924906876,0.261,0.195,1,"RPA2"
0.0885528328350308,0.551455211408861,0.205,0.15,1,"ARHGEF2"
0.545254391195227,0.551056693137052,0.117,0.105,1,"GALNT7"
0.354105717961271,0.550845516702786,0.163,0.14,1,"SCAMP1"
0.365569642920342,-0.55015124637062,0.12,0.15,1,"GRK6"
0.348344326860084,0.549844474354338,0.102,0.08,1,"NUP88"
0.102665544736135,0.549636138009488,0.12,0.075,1,"GFOD2"
0.244961457967251,0.549495934417105,0.166,0.135,1,"SBNO2"
0.384660280714557,0.5494331078217,0.155,0.135,1,"SPG21"
0.146715946488841,0.549168331675885,0.166,0.125,1,"AHCYL2"
0.179677085109194,-0.549132329914523,0.081,0.12,1,"TATDN2"
0.113234070909851,0.548453394581229,0.29,0.245,1,"STAT1"
0.17064455451785,0.548398688557381,0.194,0.155,1,"NIN"
0.190542902774772,-0.547423639843566,0.071,0.105,1,"INTS15"
0.168176206199574,-0.547252868267774,0.102,0.145,1,"AHCYL1"
0.218023159863733,0.547174491726678,0.279,0.265,1,"HOOK3"
0.187120347106062,0.546893209009718,0.152,0.115,1,"JPX"
0.177029908763702,0.546744875395819,0.212,0.175,1,"RNF169"
0.0160329927917893,0.546701964928326,0.463,0.41,1,"NRBP1"
0.0724200356385884,-0.546345384871713,0.272,0.335,1,"SYPL1"
0.0104663129422977,-0.545776121430669,0.141,0.24,1,"CSNK1E"
0.54520287127023,0.545684579302977,0.117,0.14,1,"TNFSF8"
0.161998936454481,-0.545467771708746,0.081,0.12,1,"GOLGA3"
0.363145484596485,-0.545124108735763,0.078,0.1,1,"SESN2"
0.390345131034551,0.544492263846522,0.134,0.115,1,"THAP7"
0.525291581247846,-0.544473635089934,0.134,0.155,1,"S100PBP"
0.112064832192021,-0.544418604696153,0.067,0.11,1,"PRKAB1"
0.172302325010237,0.544390496400045,0.145,0.105,1,"SENP1"
0.0163315949815838,0.544342031740887,0.357,0.27,1,"PSMD4"
0.017314547302023,-0.543581435412539,0.11,0.195,1,"MAST4"
0.0560359216583631,0.543150816809638,0.346,0.295,1,"OS9"
0.266886252551523,0.542839924379554,0.219,0.18,1,"SLC5A3"
0.0880251366068873,-0.542282087280031,0.124,0.18,1,"MRPL50"
0.117702720303422,-0.541936849716887,0.131,0.185,1,"PYCR2"
0.197443677263998,0.541935534783959,0.17,0.13,1,"RNF40"
0.185113105477099,0.541787694609522,0.166,0.125,1,"MED23"
0.278663343163006,0.541777424404348,0.134,0.105,1,"APBB1"
0.227850591037054,-0.541200186788996,0.11,0.15,1,"ZC3H8"
0.0406405314841454,0.541003848221101,0.396,0.33,1,"PRPF8"
0.116669907231303,0.54088816269893,0.12,0.075,1,"IRF3"
0.079602513793667,0.540396357415423,0.311,0.26,1,"PSMB10"
0.282006679457849,0.540249377380295,0.166,0.14,1,"RABL6"
0.419677691435948,0.54004904699909,0.106,0.085,1,"GNA12"
0.00528555306927093,-0.539544249317979,0.42,0.58,1,"SLAMF1"
0.00182093052531629,0.53888398024787,0.502,0.39,1,"PUF60"
0.53953166188555,0.538662456449001,0.24,0.24,1,"SKI"
0.0551016801749762,0.53854118716647,0.396,0.34,1,"EVI2B"
0.226427528925742,0.538539891605722,0.127,0.095,1,"PMVK"
0.306405905211545,-0.538413980924436,0.141,0.175,1,"CMTM7"
0.0448573889471511,-0.537939962681381,0.24,0.335,1,"ABCB1"
0.0901759889215246,-0.537927872948684,0.11,0.165,1,"GFM1"
0.494072909065694,0.5378546693788,0.134,0.12,1,"SEPHS2"
0.384064559369775,0.537626569835684,0.12,0.1,1,"NBPF8"
0.432105671693693,0.537428326122849,0.102,0.085,1,"HACD2"
0.275294779005882,0.537332471601601,0.152,0.12,1,"NBAS"
0.0156981221673012,-0.537125411151442,0.244,0.36,1,"TXNDC17"
0.103071658667116,-0.536145715826688,0.099,0.15,1,"GKAP1"
0.000380552531993879,0.53612317958737,0.551,0.385,1,"STAT5A"
0.157909430786599,0.535142569896995,0.141,0.1,1,"IRAK4"
0.492258860720937,0.534810706519767,0.131,0.115,1,"LYRM2"
0.17036536156429,0.53455789070833,0.159,0.12,1,"EIF2AK3"
0.099863389890981,0.534486000062527,0.152,0.1,1,"CDK5RAP2"
0.0604002663203918,0.534122461410036,0.29,0.225,1,"PDCD2"
0.00439949984669058,0.534078023537395,0.534,0.465,1,"PPP1CA"
0.25926522196024,-0.534002821701202,0.163,0.205,1,"ENSG00000272256"
0.192319916434998,0.53306787780293,0.251,0.21,1,"GPBP1L1"
0.22415508009725,0.532804200236289,0.124,0.09,1,"GPR68"
0.252209704134095,0.532356376333418,0.134,0.105,1,"MAPK9"
0.041617556892286,-0.532253697416259,0.177,0.26,1,"SPTLC1"
0.00817704617605463,-0.531334309293976,0.251,0.38,1,"ARL4A"
0.0218575835177412,0.531255869386923,0.456,0.385,1,"AGPAT4"
0.257618511542737,-0.531248254161192,0.071,0.1,1,"ORC3"
0.114555093440552,-0.530995391276861,0.095,0.145,1,"ENSG00000272742"
0.00744507020923115,-0.530844494142652,0.269,0.405,1,"CCR6"
0.0306467810573228,-0.530813226063166,0.131,0.21,1,"PAGR1"
0.140583306147641,-0.530785543294227,0.131,0.18,1,"TERF1"
0.18385277289579,0.53070421362063,0.269,0.23,1,"FABP5"
0.157784463445394,-0.530106517093049,0.099,0.14,1,"CHPT1"
0.498816482634676,0.529954670508529,0.106,0.09,1,"EYA3"
0.149971953965751,0.529622678704089,0.12,0.08,1,"IFIT5"
0.137927337798323,0.529616737456214,0.159,0.115,1,"WDR46"
0.447501640104379,-0.529359908640282,0.177,0.2,1,"RFX7"
0.0755671062522073,0.529337458257825,0.272,0.22,1,"FAM120AOS"
0.340736232713697,-0.529076323955322,0.254,0.215,1,"CCL20"
0.41046894129985,-0.528703077793812,0.088,0.11,1,"NAB1"
0.0631023939582698,-0.528662369338143,0.106,0.17,1,"MAFG"
0.315883064873059,-0.527992480091886,0.074,0.1,1,"JPT2"
0.34922794433056,0.527627332670691,0.138,0.115,1,"RPA1"
0.112520782889767,-0.527501305362351,0.148,0.205,1,"FOXP4"
0.281571460735805,-0.527386855509508,0.106,0.14,1,"PRR5"
0.044403675039285,-0.527212116928065,0.265,0.35,1,"KCNA3"
0.151820529372642,-0.527152680635024,0.318,0.37,1,"SLC4A10"
0.0689978306479346,-0.527099478840732,0.113,0.175,1,"H2AJ"
0.0331848132271966,-0.526900250790521,0.216,0.315,1,"CAMTA1"
0.0686636573956226,-0.526888807984753,0.102,0.16,1,"PRKAG2"
0.19872121463638,-0.526784392837533,0.152,0.195,1,"ERO1B"
0.168021828145253,0.526698293635543,0.166,0.125,1,"MOGS"
0.116971213877047,-0.526375481420856,0.064,0.105,1,"CBX5"
0.0150063041772223,0.526178836085269,0.413,0.33,1,"SERPINB1"
0.117664958050552,0.525929890893272,0.442,0.425,1,"GRAMD1B"
0.148341291327245,-0.525396876943921,0.095,0.14,1,"UGCG"
0.0514813357315265,-0.524154505079363,0.208,0.29,1,"LRRC8C"
0.0456976648940969,0.523928931336507,0.283,0.215,1,"STK26"
0.120339870843129,0.5235288354786,0.131,0.085,1,"BRWD3"
0.255624679045547,0.523444173097793,0.148,0.12,1,"CSE1L"
0.405643592391666,0.523233670386415,0.124,0.105,1,"POP4"
0.132233432566855,-0.522915201636294,0.085,0.13,1,"INTS14"
0.180928791109582,-0.522857356254486,0.113,0.155,1,"D2HGDH"
0.071714015645478,-0.522341789779137,0.138,0.2,1,"SEC22A"
0.0796209879630816,0.521925945347786,0.113,0.065,1,"ACOX1"
0.0388722181978468,0.521808635164377,0.261,0.185,1,"RECQL"
0.056282265575808,0.521508491150076,0.329,0.27,1,"FAM53B"
0.503684637326133,-0.521303406862319,0.092,0.11,1,"FLNB"
0.243242188282169,0.520545613599021,0.138,0.11,1,"FGFR1"
0.0327151788387299,0.520022417939264,0.35,0.275,1,"TRG-AS1"
0.367026167140934,0.519661615602462,0.148,0.125,1,"CTNNBL1"
0.441122186531532,-0.519475841183396,0.088,0.11,1,"SLC44A2"
0.00985262873521187,-0.519396002738481,0.166,0.27,1,"IPO4"
0.00600028896793008,-0.518924532037449,0.36,0.5,1,"FOSB"
0.154910053024952,0.518684005208143,0.177,0.135,1,"ATG101"
0.0854398479567248,0.518057966572139,0.163,0.11,1,"SMIM7"
0.164717816733208,-0.517407535997964,0.092,0.135,1,"POLB"
0.0175131867082945,-0.517279375603217,0.339,0.455,1,"KIF5B"
0.175802385846901,0.516567437767792,0.223,0.19,1,"NABP1"
0.0310618948593845,0.516421690669843,0.428,0.365,1,"RTN4"
0.32531857411736,-0.515620405410846,0.113,0.14,1,"ARFGEF2"
0.154152864168971,-0.515416326250602,0.095,0.14,1,"NDUFS4"
0.181428872013226,-0.514834670460547,0.099,0.14,1,"PI4KB"
0.391720099811044,0.514684871699526,0.141,0.12,1,"ROCK2"
0.175537731312159,0.514535939275315,0.251,0.22,1,"POGZ"
0.082640403086834,0.514455241807454,0.283,0.225,1,"BAZ1B"
0.0100363660820242,-0.514417477089519,0.184,0.3,1,"MSL2"
0.258991329360031,-0.51436209914391,0.074,0.105,1,"ENSG00000290921"
0.00105056200749763,-0.513978772679058,0.314,0.48,1,"TRAT1"
0.433186323281434,-0.513931420216111,0.113,0.14,1,"ANXA2R"
0.046994847563106,-0.513311108131583,0.099,0.165,1,"AZI2"
0.0642805383161021,-0.51263821528714,0.163,0.23,1,"CWC22"
0.00522260266726729,0.512528069926309,0.544,0.47,1,"SPSB3"
0.205886796991975,0.512405749453744,0.134,0.1,1,"HMGXB3"
0.0522406696567943,0.512359703515419,0.187,0.125,1,"TBC1D15"
0.133711562418413,0.511970513686707,0.148,0.105,1,"ENSG00000287555"
0.0143660917248076,0.511676886713019,0.495,0.415,1,"XRN1"
0.115392245423191,-0.511181388477514,0.113,0.165,1,"UBALD1"
0.160813871176288,-0.511036310943015,0.071,0.11,1,"DHPS"
0.0627376853926602,-0.511031829230287,0.134,0.205,1,"ZNF91"
0.19890643105573,-0.510321669940451,0.102,0.14,1,"AVEN"
0.0424221770931382,-0.510254214711911,0.11,0.18,1,"FAM110A"
0.00446145494395276,-0.510240686387633,0.435,0.56,1,"RBMS1"
0.195852489099093,0.510176761803839,0.148,0.11,1,"KRIT1"
0.0621178617514749,0.510087955358931,0.279,0.22,1,"COPS3"
0.576632566568912,0.509921965853476,0.117,0.105,1,"NUP133"
0.00253299762794911,-0.509700154529544,0.608,0.715,1,"CDKN1B"
0.242474113854181,-0.509438894351894,0.078,0.11,1,"ALDH18A1"
0.15162215511939,-0.509353758772815,0.138,0.19,1,"ADCY7"
0.594856876020888,0.509008297208457,0.106,0.095,1,"TMEM161B"
0.213824429860223,0.508399197434249,0.279,0.25,1,"ATP2A3"
0.234091225694456,0.508375090289531,0.117,0.085,1,"NMD3"
0.0154533866696429,-0.508223136649483,0.184,0.285,1,"SLC39A8"
0.0405301615422362,-0.508160776591596,0.088,0.155,1,"GTPBP10"
0.0184706565727174,-0.508024783921046,0.265,0.385,1,"SNHG15"
0.0664240023585586,-0.50796539390306,0.138,0.205,1,"RAD54L2"
0.0638396426992198,-0.507506714690323,0.071,0.125,1,"MAP9"
0.0950468067136083,0.507341474658268,0.24,0.185,1,"BRMS1"
0.630793602227308,0.506831821797039,0.113,0.105,1,"HAGH"
0.137683652697781,0.506692674911161,0.177,0.13,1,"CDK8"
0.174704893846559,0.506437926652982,0.205,0.165,1,"YIPF4"
0.151078807140256,-0.50634730259072,0.092,0.135,1,"EDRF1"
0.163932287228443,0.506262415707522,0.226,0.185,1,"SRP68"
0.00164696130815411,0.506231784827672,0.742,0.695,1,"RNF19A"
0.248615156546094,0.506124700461791,0.163,0.13,1,"TUBGCP2"
0.389653777438552,-0.506075637822379,0.092,0.115,1,"SCFD2"
0.110953289203616,-0.5046374239666,0.247,0.31,1,"TANC2"
0.196957644857856,-0.504458885198292,0.081,0.12,1,"DDB2"
0.0864363097754857,-0.50426671100774,0.106,0.165,1,"ZSCAN16-AS1"
0.195881944950158,0.504221540124822,0.212,0.17,1,"EMSY"
0.0807931744241103,-0.504159694252176,0.198,0.265,1,"NBDY"
0.477172159867765,0.504053970292307,0.148,0.13,1,"SNHG14"
0.225816975068527,-0.503901985772874,0.081,0.115,1,"SYNGAP1"
0.212005269426574,0.503853592813307,0.102,0.07,1,"GSS"
0.215925091176648,0.503831151864685,0.148,0.115,1,"ZNF460"
0.123891617752361,-0.503674091097292,0.11,0.16,1,"NOTCH2NLA"
0.521044645859773,0.503660591179627,0.148,0.135,1,"LINC03009"
0.153065589482972,0.503635238057217,0.297,0.255,1,"BIN1"
0.702577760307857,0.503516149488533,0.102,0.095,1,"TMEM117"
0.132243375760364,0.503364711341721,0.261,0.21,1,"UBE2G1"
0.259573367534313,0.502153770654555,0.272,0.25,1,"NCOA7"
0.125848514112254,0.501885088414396,0.201,0.15,1,"DPP4"
0.0348345613562715,-0.501573582251149,0.495,0.59,1,"UBE2S"
0.0151422847932687,0.501546981489203,0.537,0.485,1,"ITGB1"
0.336654341075682,0.501473068984265,0.113,0.09,1,"U2AF1L4"
0.41540381868207,0.50119747124002,0.205,0.19,1,"VAMP5"
0.397226770829529,-0.500636467528114,0.085,0.105,1,"XPNPEP1"
0.0205447719992711,-0.50060940051554,0.177,0.27,1,"SLC7A6"
0.0681609869465225,-0.500515561307524,0.113,0.175,1,"MAML1"
0.295007179080393,0.50038937095454,0.113,0.085,1,"HLA-DRA"
0.0523089779933045,-0.500169167002115,0.198,0.27,1,"MAF"
0.0506804315291736,-0.500107467123297,0.113,0.18,1,"DCAF1"
0.0214619108756808,-0.499683651802127,0.205,0.315,1,"RNASET2"
0.448048817774476,0.499327670503519,0.184,0.175,1,"ATE1"
0.17763290897849,-0.499119704199162,0.113,0.155,1,"BORCS7"
0.433081315688472,-0.498982664988731,0.286,0.325,1,"CDC42EP3-AS1"
0.000978598984400762,0.498482545628391,0.583,0.445,1,"CXCR3"
0.308496438837573,-0.498157660143244,0.092,0.12,1,"XPO5"
0.202832244686212,0.497597106536288,0.173,0.135,1,"ATP13A3"
0.407547688161262,-0.497575074878525,0.088,0.11,1,"ENSG00000288915"
0.0435114875572995,-0.49657222092311,0.159,0.24,1,"ABCE1"
0.00157180686513459,0.496382730552492,0.756,0.735,1,"SNU13"
0.134804594859457,0.496241639612343,0.24,0.2,1,"VEZT"
0.0707941057090755,-0.496117223268307,0.088,0.145,1,"ITPRIPL1"
0.124000920621059,-0.495882714308221,0.064,0.105,1,"DHRS4"
0.115725163884724,0.495545713691098,0.297,0.25,1,"PXN"
0.144855679260503,0.495268682576405,0.279,0.245,1,"TXNDC15"
0.157613592778299,-0.495186032648931,0.067,0.105,1,"DNAJC17"
0.135579137396176,0.494912502699762,0.293,0.255,1,"LAMTOR4"
0.0503054663639743,-0.494647370842396,0.322,0.41,1,"MRPL10"
0.0848103297455066,0.494524281983439,0.233,0.175,1,"ATP6V1H"
0.112107988385217,-0.494115754591702,0.117,0.17,1,"RARS1"
0.0758778450335721,-0.493892877121037,0.155,0.225,1,"LPCAT3"
0.228000414231513,0.493694090632949,0.131,0.1,1,"TMEM64"
0.0190813304763097,0.49365256575759,0.24,0.15,1,"DESI2"
0.67631797691437,0.493542712566652,0.106,0.1,1,"ZNF350"
0.200799319466687,0.493378397587256,0.198,0.16,1,"LMNB1"
0.0848211023459276,-0.493165313702619,0.11,0.17,1,"LINC01004"
0.225079614703586,0.493106688298355,0.261,0.23,1,"PGD"
0.00486764736983825,-0.492771572415078,0.237,0.38,1,"COTL1"
0.385262256842763,0.492577009877988,0.102,0.08,1,"ARMH3"
0.251463450389366,0.491671780271628,0.717,0.78,1,"MT2A"
0.107266537841777,0.491536144060846,0.237,0.185,1,"ATG4B"
0.16698681532862,-0.491302191439145,0.085,0.125,1,"GSTM3"
0.610484148704111,0.491156113598358,0.124,0.115,1,"SMURF1"
0.396183257658468,0.491001490514723,0.247,0.235,1,"REV3L"
0.00774461302694791,0.490763244218808,0.664,0.66,1,"MBP"
0.11650013729241,-0.490762866892692,0.071,0.115,1,"SIT1"
0.0759688149020758,-0.490398064699124,0.074,0.125,1,"CASD1"
0.127038338861822,0.489837829300921,0.145,0.1,1,"KIF1B"
0.0957419682156567,0.489119680387644,0.201,0.14,1,"NFX1"
0.224941178119839,0.488979352361055,0.233,0.195,1,"UBTF"
0.0938672400503491,0.488060428079403,0.343,0.3,1,"TOP2B"
0.0527864346640486,0.487638727731897,0.261,0.195,1,"PRPF31"
0.0727388783149601,0.487506596251061,0.283,0.23,1,"NCBP2"
0.271853682638815,-0.487298294159148,0.071,0.1,1,"ENDOG"
0.05290210958734,-0.486967835240622,0.177,0.255,1,"WIPF2"
0.0468791628136079,0.486418054667984,0.505,0.455,1,"WHRN"
0.0539992230175541,-0.486414310138258,0.219,0.305,1,"PREP"
0.206356743314087,0.486335590868703,0.212,0.175,1,"DBNL"
0.0175834931514558,0.486277966328303,0.534,0.465,1,"IL2RB"
0.720588228087262,0.486011725321023,0.159,0.155,1,"SPON2"
0.0107461355883222,0.485830435383962,0.392,0.3,1,"MAP2K2"
0.277567005394744,0.485829988836198,0.148,0.12,1,"ZNF484"
0.301165726170431,0.485710559092297,0.113,0.085,1,"FEN1"
0.0527022566681506,0.485600583981155,0.406,0.345,1,"MAP7D1"
0.0732648237202709,0.485106820553063,0.329,0.285,1,"ZNF148"
0.787787872681273,0.485001307969879,0.145,0.15,1,"ZDHHC2"
0.00880735332971338,0.484870680616244,0.548,0.475,1,"REEP5"
0.459717821387463,0.484869329110145,0.24,0.23,1,"EPC2"
0.329716338694461,0.48484902001031,0.117,0.09,1,"KLHL6"
0.137915473418234,0.484650735473062,0.138,0.095,1,"CD226"
0.0965029432025137,0.483914698016389,0.343,0.295,1,"ZNF638"
0.170378653876232,0.483884928834527,0.177,0.135,1,"MFSD6"
0.138667621498843,-0.483590233795457,0.099,0.145,1,"KHNYN"
0.193823213013574,0.483483985391423,0.184,0.14,1,"PARP15"
0.0892950471585887,-0.483083292193363,0.06,0.105,1,"STEAP1B"
0.0231034647257155,-0.482709991056173,0.283,0.38,1,"CNPY2"
0.562906946240377,0.48166821088535,0.102,0.09,1,"RFK"
0.0038741951315686,0.481338989271695,0.689,0.615,1,"ARL6IP5"
0.233486098678494,0.481139646067541,0.187,0.155,1,"MRPS18A"
0.110051273308023,0.481121727620412,0.24,0.19,1,"DDX42"
0.0849029064852531,0.48081820668995,0.3,0.235,1,"NR1D2"
0.374655564950321,-0.480749755711931,0.198,0.225,1,"MAP3K5"
0.373968128964156,0.480617270473543,0.17,0.145,1,"TBC1D5"
0.105269671750182,0.480462134726354,0.24,0.185,1,"ECD"
0.153408944587363,-0.480292730211357,0.138,0.19,1,"CDIPT"
0.0965716478138727,0.479829744501573,0.329,0.3,1,"OXA1L"
0.268087673943121,0.479586946523957,0.131,0.1,1,"YRDC"
0.159690974063415,0.479465511876978,0.233,0.195,1,"VBP1"
0.13324449268622,-0.479357736818522,0.088,0.135,1,"GAR1"
0.283774255980497,-0.479006400505759,0.244,0.285,1,"CHMP1B"
0.335162590301742,0.478834654430045,0.155,0.13,1,"ANKRD13A"
0.156409754062229,-0.478814916208002,0.117,0.165,1,"BRD8"
0.402284606289281,0.478801930749596,0.127,0.105,1,"PEX2"
0.0402107947931679,-0.478587542115976,0.311,0.4,1,"MFSD11"
0.048650779079943,-0.478307141628083,0.163,0.235,1,"ETV3"
0.252758325042254,-0.47829822518073,0.074,0.105,1,"KLHL42"
0.120958642645816,-0.478231617597945,0.191,0.25,1,"REX1BD"
0.433091794692802,-0.477900844191649,0.138,0.16,1,"NDFIP2"
0.229176770932327,0.477312507436015,0.244,0.215,1,"ZMIZ1"
0.0336801193392453,-0.477183100047776,0.163,0.245,1,"SECISBP2"
0.0835701605184528,-0.477169421449744,0.106,0.165,1,"SFMBT2"
0.447614255240691,0.4770802836192,0.113,0.095,1,"SNX27"
0.257061752259912,0.477008312601044,0.244,0.22,1,"LRRC41"
0.208205443493478,0.476645095015051,0.216,0.18,1,"HECTD4"
0.13461007994348,0.476591039510693,0.247,0.205,1,"INPP4A"
0.221216296393242,-0.476415059002676,0.085,0.12,1,"RAB39B"
0.603765869471301,0.476387257779515,0.117,0.105,1,"IFI35"
0.160390354085955,0.476349823061629,0.163,0.12,1,"BTN3A3"
0.184582261897683,0.476103957500999,0.166,0.125,1,"PHF21A"
0.0636144322494556,-0.475930314134525,0.155,0.23,1,"CHCHD10"
0.0349362138997755,-0.475921431026788,0.155,0.24,1,"GNPTG"
0.315959879082755,0.475656963903657,0.17,0.145,1,"LTN1"
0.127535375617687,0.475217379605386,0.219,0.17,1,"YKT6"
0.353449996718567,0.475141114230374,0.127,0.105,1,"TESK1"
0.0390201879257188,-0.474159513892334,0.208,0.3,1,"LSM5"
0.00154786030871805,-0.473948979146099,0.495,0.635,1,"PPP1R15A"
0.14751161443502,-0.473579183106119,0.078,0.12,1,"NFE2L1"
0.375170044923877,0.473396537324699,0.141,0.12,1,"RPIA"
0.590753742185439,0.473177223213172,0.117,0.105,1,"DNAJC13"
0.0319113782108559,-0.472856422504346,0.36,0.485,1,"DEGS1"
0.0208230989987946,0.472342025420778,0.357,0.27,1,"GIMAP5"
0.0615300181884657,-0.471209905108128,0.223,0.31,1,"PABPC4"
0.0966388394876149,0.470981801303993,0.226,0.175,1,"SIRT7"
0.609625132062271,0.470607268948236,0.11,0.1,1,"ALDH16A1"
0.0449178710900194,-0.47057726711077,0.166,0.245,1,"ALKBH7"
0.0977570189391766,-0.470518569301702,0.099,0.155,1,"NFYC"
0.245728171517794,0.470124655636897,0.254,0.22,1,"RRAS2"
0.246895845443625,-0.469402920994916,0.081,0.115,1,"MPDU1"
0.104699881601126,-0.468987786576648,0.198,0.27,1,"GMIP"
0.456034368708403,0.46867946123961,0.152,0.135,1,"MRPS18B"
0.0648689357889941,-0.468450244467676,0.131,0.2,1,"TSPAN3"
0.344278789965353,-0.468295465014795,0.131,0.16,1,"FOXK1"
0.0776396999435955,-0.468281672938573,0.173,0.245,1,"WDR74"
0.0267049678063174,0.468245506915372,0.608,0.55,1,"LBH"
0.588421521783403,0.468236827269626,0.163,0.155,1,"MFAP1"
0.194682619810411,0.467949614502263,0.138,0.1,1,"COG6"
0.338937706478669,0.467824631688985,0.187,0.165,1,"PHTF1"
0.0560430383581435,-0.466638733443502,0.141,0.215,1,"ADH5"
0.0430390208466399,-0.466327762235313,0.127,0.2,1,"INTS10"
0.311274412519614,0.466234693669053,0.219,0.195,1,"DDX56"
0.28793107751771,0.466017907039764,0.155,0.125,1,"TNFSF10"
0.00636114685916691,-0.465827214997732,0.261,0.39,1,"ACIN1"
0.424949018741485,0.4657388264628,0.113,0.095,1,"FLAD1"
0.0492553951524988,0.465609665889627,0.286,0.22,1,"DLST"
0.0192413227191514,0.465167555893659,0.385,0.295,1,"PSMC3"
0.0708570796081677,-0.464896927813907,0.216,0.295,1,"CAND1"
0.0566894475116496,-0.464738149121224,0.166,0.245,1,"DPY19L1"
0.0207621815117109,0.464529308131572,0.721,0.65,1,"PRDX1"
0.00473692757135403,-0.464458562084667,0.272,0.405,1,"EIF2S3"
0.324884662541224,-0.463974131020434,0.074,0.1,1,"RSAD1"
0.13500180714903,-0.463871599056971,0.102,0.15,1,"RGS19"
0.401914320084455,0.463821828822071,0.184,0.16,1,"HNRNPH2"
0.154653077155597,-0.463332175418488,0.11,0.16,1,"SNAI3"
0.271769866252226,-0.463281814262949,0.445,0.485,1,"RGS2"
0.382168814016099,0.463138942476093,0.106,0.085,1,"RTL8C"
0.362406478168412,0.462296709403334,0.127,0.105,1,"FBXO46"
0.115367395210212,-0.462143157941973,0.092,0.14,1,"GPX7"
0.519583596809883,0.462103341291165,0.134,0.12,1,"SNTA1"
0.109573654668276,-0.462097035798574,0.212,0.275,1,"FIS1"
0.202717589344118,-0.461936460600477,0.092,0.13,1,"C6orf120"
0.383498462433576,-0.461914902905441,0.078,0.1,1,"ERMP1"
0.000246229319767424,-0.461808109187319,0.919,0.93,1,"LMNA"
0.112591973903354,0.461150055534573,0.286,0.235,1,"NXT1"
0.386128871190411,0.461032242381255,0.117,0.095,1,"FAM76B"
0.184517963894788,-0.460949230236905,0.078,0.115,1,"COX10"
0.0822709183864245,0.460924038377889,0.237,0.18,1,"BTBD1"
0.0786752840309205,-0.460438992706825,0.173,0.245,1,"ARPC1A"
0.0392358183708653,0.460193009078229,0.505,0.47,1,"PSMB8"
0.448678447548538,0.460119608987859,0.191,0.175,1,"NBR1"
0.0182471823102535,-0.459655485005493,0.166,0.265,1,"CCNG1"
0.0461812287734967,0.45964631590343,0.445,0.395,1,"MAP4K4"
0.220278394849355,-0.45962405366826,0.194,0.245,1,"AHI1"
0.0878724241389908,0.459559448167185,0.265,0.205,1,"HTATSF1"
0.208357736014428,-0.459490472457876,0.102,0.14,1,"DPM3"
0.167207157092801,0.459348135793518,0.283,0.24,1,"CRBN"
0.167695190128703,-0.459078674143831,0.11,0.155,1,"ZC3H14"
0.0645532974564391,-0.458855747336268,0.085,0.14,1,"CEP290"
0.0204028594212416,-0.458762049892234,0.198,0.295,1,"HBS1L"
0.0501066097522851,0.458556730952472,0.254,0.185,1,"MRPL38"
0.291119479310575,0.458398179922342,0.24,0.215,1,"FAM32A"
0.188319705594585,0.458350198672306,0.343,0.305,1,"PSME4"
0.0740891150854386,-0.458300557171611,0.099,0.15,1,"LINC00910"
0.216185209902878,-0.458203404081943,0.127,0.17,1,"DENND5A"
0.264772720713927,0.458201675303388,0.152,0.12,1,"HUS1"
0.502723791305439,0.458008620708515,0.145,0.13,1,"RPTOR"
0.113261348006122,-0.457747178567744,0.071,0.115,1,"TPT1-AS1"
0.0595309475731063,0.45771562386967,0.378,0.325,1,"SRPK2"
0.251057922576956,-0.45738136100051,0.092,0.125,1,"CFAP410"
0.339662741176063,0.457038604509469,0.117,0.09,1,"PEX11B"
0.0231959143616622,-0.456772817101203,0.095,0.17,1,"FCMR"
0.172469583705231,-0.456634575983669,0.088,0.13,1,"ZNF296"
0.533449124257282,0.456484240780969,0.194,0.19,1,"LAMTOR3"
0.125859765914895,0.456231515302185,0.445,0.425,1,"CNOT6L"
0.221193948099639,-0.456035841440652,0.17,0.215,1,"SCYL2"
0.0917381132276362,-0.455893614601327,0.148,0.215,1,"HK1"
0.0822107337696182,0.455444432938646,0.336,0.285,1,"NDUFB10"
0.219207785395984,-0.455385723991336,0.163,0.21,1,"CABIN1"
0.27711731619668,0.455238232199282,0.134,0.105,1,"ZDHHC12"
0.0145181473573095,0.45509121533951,0.523,0.485,1,"CLTB"
0.316826270289355,0.45508837039561,0.163,0.135,1,"TAF1"
0.265414333282607,0.454912394124764,0.219,0.19,1,"ZNRF2"
0.0535092977564866,-0.454751932638862,0.099,0.16,1,"NAA38"
0.547376499096616,0.454600500941016,0.102,0.09,1,"SP4"
0.194760115377596,-0.454514787907092,0.106,0.15,1,"ALMS1"
0.000584956289331044,0.454314873472754,0.746,0.62,1,"ZEB2"
0.255492742524217,0.45383295672533,0.11,0.08,1,"LETM1"
0.11574969375289,-0.453309189498075,0.148,0.205,1,"ZDBF2"
0.0340124619485942,-0.453164930843226,0.152,0.235,1,"HDAC2"
0.535738570016769,0.452793494858853,0.163,0.15,1,"MAP3K1"
0.0636694183318825,-0.452553516765947,0.314,0.405,1,"H1-10"
0.339516418862701,0.452502842175483,0.12,0.095,1,"DHCR7"
0.415565739637454,0.452193334032011,0.11,0.09,1,"HEATR1"
0.707712652386372,0.451763838159796,0.106,0.1,1,"LAS1L"
0.119502871633267,0.451646120531011,0.357,0.32,1,"ASAP1"
0.543148219105668,0.451370442536959,0.205,0.205,1,"LRPPRC"
0.0788246574339724,-0.451300223278489,0.071,0.12,1,"KATNIP"
0.543679858184482,0.45118180817461,0.131,0.12,1,"POLR2D"
0.00551249223314801,-0.451033769846664,0.636,0.72,1,"ETS1"
0.0191208246341149,0.450993677807821,0.47,0.37,1,"LAMP1"
0.238869246368744,0.450377022754306,0.159,0.125,1,"BOLA3"
0.788321929369374,-0.450351098057074,0.261,0.27,1,"TIMP1"
0.127704338364642,-0.449900005571551,0.124,0.175,1,"MRPL36"
0.177639155830015,-0.449864690296104,0.067,0.105,1,"UBR7"
0.334395242906653,-0.449783978575621,0.703,0.725,1,"GADD45B"
0.00028958093620841,-0.449725389273888,0.608,0.79,1,"RSRP1"
0.569876961458849,0.44951722714179,0.102,0.09,1,"QSOX1"
0.287723457092881,0.448903890761977,0.198,0.17,1,"KLHDC2"
0.0229866362774138,0.448853629124326,0.435,0.36,1,"CCT8"
0.090462603610217,-0.448741860844053,0.201,0.275,1,"PCNX4"
0.146497319142802,-0.448648293583938,0.095,0.14,1,"PRMT9"
0.0742129057130203,0.448121700463627,0.251,0.18,1,"GIMAP4"
0.050853595121898,0.44805209880295,0.322,0.25,1,"HCP5"
0.118530113724679,-0.447448960554308,0.099,0.15,1,"HELQ"
0.248697621439043,0.447061446034173,0.124,0.095,1,"TESPA1"
0.183469390478041,0.447060603914292,0.24,0.205,1,"MED31"
0.24103151768571,-0.446964662511738,0.131,0.165,1,"KATNA1"
0.343429910185649,-0.446420099328331,0.102,0.13,1,"COQ4"
0.222127059861418,0.446187527639589,0.117,0.08,1,"PURB"
0.144061068507755,-0.446099931081699,0.088,0.135,1,"ELAC2"
0.660603058543039,0.44562780717693,0.166,0.165,1,"MCRIP1"
0.268618987356919,-0.445578989719879,0.145,0.19,1,"OXNAD1"
0.0235133880109718,0.445453961512343,0.565,0.515,1,"SLA"
0.0830447408004337,0.444800206909232,0.314,0.25,1,"ZNHIT3"
0.240874893316726,-0.444581701231812,0.078,0.11,1,"GEMIN8"
0.246369697737593,0.44431882446035,0.127,0.095,1,"PALS2"
0.478477078079095,0.443994739759868,0.134,0.115,1,"MRPS14"
0.352239388437381,0.443860369246026,0.155,0.13,1,"PFDN4"
0.0538702043496852,-0.443553240582451,0.163,0.235,1,"GAB2"
0.567717239790407,0.443006458266256,0.113,0.1,1,"SYNJ1"
0.302876764556201,-0.442706913534555,0.085,0.115,1,"PILRB"
0.0912892672696565,-0.442706479736679,0.117,0.18,1,"KDM4B"
0.399058927726108,0.442448569452399,0.102,0.08,1,"GGPS1"
0.265691315531754,-0.442153022496519,0.092,0.125,1,"CCNYL1"
0.481913802304382,0.44157922678218,0.117,0.1,1,"RAB3IP"
0.0242991406794155,-0.441563957514434,0.269,0.385,1,"SEC14L1"
0.462030831424755,-0.441392479370942,0.127,0.15,1,"NOL4L"
0.521149546606808,0.44132902178251,0.11,0.095,1,"REXO4"
0.258991329360031,-0.441302038477232,0.074,0.105,1,"ERFL"
0.146615912669146,0.440846284870044,0.127,0.085,1,"MRPL55"
0.0311705188722941,-0.440736857199909,0.138,0.225,1,"GPATCH2"
0.471520212503348,-0.4406627592535,0.11,0.13,1,"NDUFV3"
0.0175059909636458,-0.440430039266544,0.198,0.3,1,"INTS11"
0.326696859122526,0.44033335438999,0.166,0.14,1,"ENTPD4"
0.539166465044199,0.440181369257903,0.159,0.145,1,"LSM12"
0.457991570886375,-0.440140212912228,0.127,0.15,1,"ERGIC1"
0.289409979859013,0.439887578939858,0.173,0.145,1,"LAGE3"
0.264791324988055,-0.439561915082189,0.237,0.285,1,"PPP1R15B"
0.165457873872118,0.439199924332928,0.198,0.155,1,"ZDHHC5"
0.0386574948705223,-0.438961960035336,0.286,0.405,1,"PPP6R3"
0.0378101597829906,0.438716584912168,0.431,0.37,1,"ADAM8"
0.486460827012085,0.438711505859899,0.194,0.185,1,"MLX"
0.234300137314852,-0.438497494533141,0.71,0.71,1,"JUNB"
0.0857504363905187,0.438167315918701,0.237,0.175,1,"PDIA4"
0.475152805691282,0.438162045123016,0.141,0.125,1,"AKAP13-AS1"
0.250672620929186,0.438126245896225,0.364,0.345,1,"ZFYVE28"
0.709843471079649,0.438082112992138,0.194,0.195,1,"EIF2AK2"
0.0492929250081235,-0.438002861354809,0.208,0.305,1,"RAMAC"
0.0682773030205533,0.437840599841239,0.442,0.395,1,"GPR132"
0.52824970323835,0.437781020869925,0.127,0.115,1,"CWF19L1"
0.0300552248713262,0.437474618541929,0.488,0.41,1,"CLASP1"
0.340930057745502,0.437457582469516,0.191,0.17,1,"BTN2A1"
0.265454693994221,0.437402030784161,0.194,0.165,1,"MFSD5"
0.206021785152632,-0.43724621654794,0.134,0.18,1,"OTUD6B-AS1"
0.104938833859534,0.437115616524192,0.367,0.33,1,"OCIAD1"
0.280752179097678,0.437041232029053,0.205,0.175,1,"HSPA13"
0.0282633805202447,-0.437022268716561,0.155,0.25,1,"STAT6"
0.40911727261988,0.436746374078205,0.117,0.095,1,"NADSYN1"
0.00673177140793514,-0.436723786976623,0.661,0.74,1,"TUBB4B"
0.384604684682407,0.436721085728225,0.127,0.105,1,"CASP7"
0.0578170845279601,-0.436713004170264,0.438,0.535,1,"PPP1R2"
0.182354716411901,0.436676165267167,0.201,0.165,1,"CASC3"
0.286794086774977,-0.436311152204604,0.078,0.105,1,"MAST2"
0.270647244476629,-0.436228026261847,0.071,0.1,1,"FEZ2"
0.198077888770805,-0.436182674070601,0.085,0.12,1,"FAM53C"
0.189486004752666,-0.436130177346805,0.134,0.18,1,"ANKRD49"
0.588311083430579,-0.436028103348319,0.095,0.11,1,"WASL"
0.266021662014866,0.435893217417434,0.117,0.085,1,"CSTF2T"
0.0175526048019339,0.435798928347862,0.735,0.715,1,"IRF1"
0.165562598516685,-0.435705370380954,0.205,0.265,1,"EMC10"
0.172605578789882,0.435669317602581,0.23,0.195,1,"SLC25A26"
0.170349793024808,-0.435320495159561,0.092,0.135,1,"SMIM13"
0.124987162863388,-0.435215229859421,0.198,0.27,1,"RSU1"
0.10626370903715,-0.435211712003936,0.092,0.145,1,"FBXL6"
0.335977211729153,-0.435117110175545,0.371,0.41,1,"CITED2"
0.173839292847518,0.435091946716554,0.216,0.17,1,"SNX2"
0.0273174784534786,0.434866068090301,0.318,0.23,1,"BBX"
0.246201527824167,-0.434512041642089,0.145,0.185,1,"MARCHF9"
0.164892485008318,-0.434318112550868,0.145,0.195,1,"PXK"
0.0953545903123848,0.434223469442957,0.375,0.33,1,"YAF2"
0.217219725759036,0.43417688619026,0.307,0.28,1,"FURIN"
0.101949442053406,-0.433967117917517,0.141,0.205,1,"USP38"
0.330050006111873,0.433574222801355,0.265,0.24,1,"CALCOCO2"
0.0999840571399568,-0.432757284608645,0.088,0.14,1,"TRAPPC6B"
0.225596781531231,0.432640105609982,0.17,0.13,1,"UPF3A"
0.00472110464635257,0.432365810588043,0.703,0.66,1,"AUTS2"
0.605839794275799,-0.432202604933366,0.095,0.11,1,"WASHC5"
0.277098545977427,0.432125365243574,0.12,0.09,1,"UBQLN4"
0.037877235400393,-0.431971420370885,0.113,0.19,1,"GSE1"
0.603795455554384,0.43179390329968,0.131,0.12,1,"LZIC"
0.608930849491072,0.431111776524806,0.138,0.13,1,"HTRA2"
0.435997012950257,0.430184738090256,0.166,0.15,1,"MGRN1"
0.200218187043986,0.430079816193668,0.254,0.22,1,"PDCD7"
0.0340270101486183,-0.430061449388217,0.219,0.325,1,"UBA6"
0.485009529700436,-0.429933353640187,0.085,0.105,1,"C16orf87"
0.504560016598298,0.429904651756427,0.102,0.085,1,"TOX"
0.132610136474468,0.429470971514349,0.279,0.235,1,"TARDBP"
0.155031507665741,0.429281929455213,0.364,0.345,1,"AP3S1"
0.0069814457186106,0.427979965115107,0.629,0.59,1,"COX5B"
0.280805064489498,0.427960725930518,0.124,0.095,1,"ODR4"
0.183361848564989,0.427848066532893,0.265,0.225,1,"PSMC2"
0.356381625268224,0.427760454254318,0.396,0.38,1,"LAG3"
0.00309385196330066,-0.427636448223645,0.505,0.68,1,"ODC1"
0.59923913245695,0.427358374129826,0.106,0.095,1,"WDR5"
0.10663611713956,0.427084015341624,0.24,0.19,1,"REEP3"
0.08606132261029,-0.426669028388976,0.216,0.29,1,"POR"
0.252298327937104,0.426529997754126,0.177,0.145,1,"FBXW2"
0.395001397263245,0.426312240686565,0.166,0.145,1,"PNMA1"
0.55572295618976,0.426131770402818,0.12,0.105,1,"ATP1B1"
0.0492894061653061,-0.425787817397501,0.18,0.27,1,"TMEM109"
0.217257138317823,-0.425638438485042,0.113,0.155,1,"SMPD2"
0.217428805936824,0.425034177871443,0.244,0.2,1,"MRPL34"
0.18395369001217,-0.424988030747214,0.152,0.2,1,"ZNF431"
0.301789637468001,0.424938107909161,0.187,0.155,1,"GBE1"
0.246630612303857,-0.424733813234029,0.074,0.105,1,"CROCC"
0.291588380291949,0.424096330585642,0.396,0.4,1,"RASA3"
0.30752084719705,-0.424044229597584,0.17,0.205,1,"PIK3C2A"
0.103139612894653,-0.423945291731894,0.148,0.21,1,"PIH1D1"
0.145741164221444,-0.423839291108582,0.166,0.22,1,"ATAD1"
0.224057252259905,-0.423724379470592,0.286,0.35,1,"H1-2"
0.14653403311886,-0.423645610908474,0.293,0.345,1,"TXNIP"
0.234963287582539,0.423164910149704,0.173,0.14,1,"TIMM10B"
0.283669320841814,-0.423010460910634,0.085,0.115,1,"NPDC1"
0.162808536551809,0.422970544674409,0.35,0.305,1,"GLG1"
0.118959748920052,-0.42245636864695,0.272,0.33,1,"PHF20"
0.304418010273206,0.422182656420697,0.314,0.3,1,"SMNDC1"
0.24332547977713,0.422129471391091,0.23,0.2,1,"CCNT1"
0.0723459724701984,0.421872295066082,0.452,0.385,1,"MGAT1"
0.0340743453032868,0.4218430670777,0.562,0.51,1,"ZYX"
0.493888403775663,0.421753362334669,0.11,0.095,1,"TBC1D25"
0.0194018741181636,0.421321472431306,0.336,0.235,1,"GCHFR"
0.233486032337688,-0.421269593052942,0.085,0.12,1,"NUDCD3"
0.236157802880495,0.421245559662312,0.258,0.225,1,"ENO2"
0.0785521421781822,0.421165127823569,0.304,0.235,1,"NDUFS3"
0.0200351817218313,0.421155028077777,0.406,0.32,1,"DNAJB9"
0.508626296283504,0.421072492830312,0.11,0.095,1,"IDH2"
0.0449779422219584,0.420962285767469,0.551,0.535,1,"RHOF"
0.119190012113641,0.420889322627785,0.269,0.22,1,"NUMB"
0.27894660485051,0.420818946933894,0.18,0.15,1,"FOXO3"
0.207184488511152,-0.420773393533918,0.078,0.115,1,"HINT3"
0.106836921863572,-0.420526218981721,0.226,0.3,1,"HEBP2"
0.242222060455736,0.420354205086283,0.272,0.235,1,"CTCF"
0.558140204073722,0.420298915866008,0.12,0.105,1,"EIF2B5"
0.338426231071974,0.419998988443375,0.166,0.135,1,"NOP14"
0.000407854594223145,0.419836602298424,0.809,0.715,1,"CBLB"
0.465136515827619,0.419530952176303,0.29,0.285,1,"CPSF6"
0.150926622848445,0.419436075560572,0.216,0.17,1,"PLRG1"
0.456796186582279,0.419130510546028,0.131,0.11,1,"NDE1"
0.210412125938159,0.418905045886168,0.286,0.25,1,"TBCB"
0.0858198654930369,0.418652621436213,0.484,0.425,1,"GSTP1"
0.174501328413143,-0.418490159051396,0.152,0.2,1,"ZCCHC8"
0.0772391766711317,-0.418286362882351,0.17,0.245,1,"POM121C"
0.0602860153810324,0.417534485481851,0.216,0.15,1,"DOCK11"
0.1285993861147,0.417423217138044,0.269,0.215,1,"POLR2C"
0.335741946635054,-0.417301918180227,0.095,0.125,1,"ZNF787"
0.082423608801881,0.417206399987337,0.251,0.185,1,"LPGAT1"
0.0117285656740329,-0.417199783294143,0.339,0.47,1,"DNM2"
0.258342074510865,0.417163452729439,0.148,0.115,1,"MLLT10"
0.466749735763846,0.416979548364545,0.283,0.275,1,"HAX1"
0.45554192072119,0.416820148536576,0.145,0.13,1,"PRPF18"
0.410634340621856,0.416791644071726,0.138,0.115,1,"ST6GAL1"
0.0913177359592727,-0.416784059227411,0.201,0.275,1,"P2RY10"
0.208034562631475,0.416585931030982,0.216,0.18,1,"VPS36"
0.383327300025549,-0.416287733628901,0.131,0.16,1,"YES1"
0.816625057500428,0.415739178051534,0.145,0.145,1,"MVB12B"
0.35001203672509,0.415359075078154,0.212,0.18,1,"ANO6"
0.147382289642951,0.41492998847868,0.187,0.14,1,"CRIPT"
0.425875303471574,0.414838228066486,0.155,0.135,1,"BIN3"
0.094456212533719,0.414537275501688,0.141,0.09,1,"RAB24"
0.160408824179105,-0.414412625787698,0.148,0.205,1,"TOPBP1"
0.0645064102288702,-0.414365631011191,0.293,0.385,1,"NUTF2"
0.00795365408058509,0.414165350714176,0.735,0.69,1,"ARF6"
0.218268679930313,-0.414066622679182,0.11,0.15,1,"POLH"
0.329957069604913,-0.41378033132576,0.074,0.1,1,"NHSL2"
0.19121284999095,-0.413684218232309,0.081,0.12,1,"HIP1R"
0.158983923264781,-0.413544215382795,0.064,0.1,1,"AGPAT5"
0.329658405091596,-0.413542896316217,0.106,0.14,1,"ANKRD52"
0.0314346277385463,-0.412534900448007,0.092,0.165,1,"RPAP3"
0.387253030141458,0.412414752882161,0.148,0.125,1,"PAFAH1B2"
0.0148905365815899,0.412391097406335,0.41,0.325,1,"RNF145"
0.144781767613685,0.412185774412582,0.184,0.135,1,"MRPL18"
0.170235239663733,0.411978505415305,0.367,0.335,1,"UBE2E3"
0.261350676672448,0.41190778328751,0.177,0.145,1,"IDH3B"
0.401733320507858,0.411892085717197,0.141,0.12,1,"PIP5K1A"
0.342615199378548,0.411880481545958,0.131,0.105,1,"ENSG00000231128"
0.197778343505612,0.411862790328026,0.399,0.4,1,"ACAP2"
0.023246690407534,0.411694195942881,0.389,0.305,1,"PDCD6IP"
0.168109546287175,-0.411660203935604,0.102,0.15,1,"FBXO9"
0.578118670550926,0.411649427800822,0.17,0.16,1,"LARP7"
0.44149163672071,-0.411627708684038,0.106,0.13,1,"PIGC"
0.608119849182851,0.41148698992176,0.145,0.135,1,"TSFM"
0.064186575616046,-0.411370913529942,0.212,0.295,1,"AKAP8L"
0.0455745830244781,-0.411072102248224,0.127,0.2,1,"NDUFAF4"
0.305372444268974,0.411056588591859,0.17,0.14,1,"SEC24A"
0.111017504824906,-0.410822054923439,0.127,0.185,1,"EBNA1BP2"
0.285150063100082,0.4108033125442,0.18,0.145,1,"GIMAP1"
0.472038708854855,-0.410658005935528,0.371,0.395,1,"SOD2"
0.540467450012112,0.410505776468643,0.187,0.175,1,"GIGYF2"
0.181926378855538,-0.410470372151575,0.078,0.115,1,"SERPINB8"
0.110963910938479,-0.410444564761065,0.198,0.26,1,"SCNM1"
0.287043725015218,-0.410216962460024,0.148,0.185,1,"CCS"
0.286879691389942,0.410047820428463,0.339,0.315,1,"ATF7IP"
0.276443755914714,0.410003480879561,0.173,0.145,1,"SURF1"
0.116863790652841,0.409660780066331,0.36,0.33,1,"MIA3"
0.147025657546968,0.409219961993828,0.297,0.255,1,"CAPNS1"
0.242869706815105,0.409198206705345,0.237,0.205,1,"MVP"
0.204830838968826,-0.408801290051758,0.078,0.115,1,"ATP13A2"
0.413621141231482,0.408617389417845,0.145,0.125,1,"SLC20A2"
0.366537897838424,-0.408562872330597,0.17,0.205,1,"FAM118A"
0.652849556813419,0.408528613398637,0.11,0.1,1,"CNOT11"
0.0606345259676141,-0.408142341563855,0.223,0.32,1,"ABCC1"
0.607567608650883,0.408014060804184,0.117,0.105,1,"DLGAP4"
0.102309072803715,-0.407841702701284,0.134,0.195,1,"DIS3"
0.000481434569605808,0.407824428266691,0.735,0.635,1,"SYTL3"
0.248908570964858,0.4077447511132,0.17,0.135,1,"ACBD5"
0.361267016740021,0.407318356143821,0.17,0.145,1,"B4GALT3"
0.12471250818578,0.407104469755287,0.223,0.165,1,"DECR1"
0.0297868820294827,-0.406777290449374,0.131,0.215,1,"ARL6IP6"
0.172953926958221,-0.406440996851884,0.163,0.22,1,"NAPG"
0.137950736811438,-0.406373080582949,0.078,0.12,1,"FARP2"
0.0584093454659449,0.406077279969587,0.509,0.455,1,"WAC"
0.261284061591197,-0.405838403279279,0.074,0.105,1,"KIF9-AS1"
0.0290940105812191,-0.405689640560242,0.378,0.455,1,"ABRACL"
0.590141799505244,0.405481237022379,0.102,0.09,1,"PHLPP2"
0.359357543176887,0.405450498249579,0.134,0.11,1,"INVS"
0.177327339492989,0.405162540659416,0.353,0.315,1,"TMED4"
0.14335085558186,0.405030389044162,0.177,0.135,1,"CAPN1"
0.208358120960739,0.404982673976706,0.155,0.12,1,"KMT2E-AS1"
0.146064059294976,-0.40486231734819,0.078,0.12,1,"RNASEH1"
0.390466917314845,0.404650679160939,0.113,0.09,1,"ZNF529"
0.0168246732788862,0.404562922201788,0.629,0.59,1,"PAFAH1B1"
0.410689022152634,-0.404517572385094,0.095,0.12,1,"GCDH"
0.248287049374382,0.404446377909665,0.12,0.09,1,"CASZ1"
0.0122349451486672,-0.404434723130978,0.466,0.59,1,"SNHG8"
0.475886812523837,-0.404330712556564,0.159,0.185,1,"CYP51A1"
0.169289212047997,-0.404298074449646,0.145,0.195,1,"TTC1"
0.342465296348077,0.404090215805404,0.17,0.145,1,"RSRC1"
0.0815202734840657,-0.40398796711866,0.117,0.18,1,"ZNF791"
0.0243653079479701,-0.403818664595119,0.141,0.235,1,"NME7"
0.30697737257279,0.403577869016072,0.184,0.15,1,"ZFAND2A"
0.0481551854884907,0.40345528345101,0.519,0.47,1,"PSMA6"
0.656295492193444,-0.403438572413632,0.099,0.11,1,"ATRN"
0.0922976435540887,0.403431176472956,0.346,0.28,1,"ZBTB20"
0.472397595742742,0.403394996852455,0.141,0.125,1,"LSM2"
0.330728843679092,0.403345188009004,0.254,0.23,1,"VTA1"
0.051409792991364,0.403239733675071,0.314,0.245,1,"CLIC5"
0.263221671883224,0.403193445078996,0.286,0.26,1,"CNTRL"
0.444671420646369,-0.403081830723226,0.127,0.15,1,"TASP1"
0.23362959240224,-0.403080614860854,0.081,0.115,1,"MFN1"
0.248122350171527,0.402823367876927,0.311,0.29,1,"CCNK"
0.362844875046002,0.402314424831803,0.254,0.24,1,"VTI1B"
0.0457667491838805,-0.401629252796548,0.322,0.42,1,"ZFR"
0.584345769502277,-0.401529210570494,0.11,0.125,1,"ADAM12"
0.104074394771812,-0.401371065750958,0.088,0.14,1,"DNAJC4"
0.26671877178557,0.401093998784978,0.138,0.105,1,"PRDM4"
0.135762547053488,-0.400897125026144,0.138,0.195,1,"CDR2"
0.483987147723869,-0.400761956355539,0.141,0.165,1,"TMEM126A"
0.126321712896801,-0.400738179324622,0.071,0.115,1,"TIMM29"
0.229784551734955,0.400486322937606,0.438,0.42,1,"C12orf75"
0.579612999298361,0.400403587136023,0.152,0.14,1,"CUL2"
0.227804295850122,-0.400297157920101,0.138,0.18,1,"MRPL11"
0.128337868160149,0.399827682246872,0.233,0.18,1,"YTHDF3"
0.502343447613187,-0.399802742441654,0.106,0.125,1,"GOPC"
0.220917490361837,0.399776364487208,0.124,0.09,1,"SOCS4"
0.0967541717449337,0.399743868649435,0.304,0.26,1,"UBE2H"
0.152418463712558,0.399722789542774,0.187,0.14,1,"MBTPS1"
0.21609104170191,0.399498417230817,0.339,0.31,1,"PLEC"
0.337597184957056,0.399411390240268,0.177,0.15,1,"ZFYVE16"
0.326088918806721,-0.399302409589782,0.145,0.18,1,"GSKIP"
0.122228214851494,0.399097793779304,0.417,0.375,1,"TGFBR3"
0.294716032429419,-0.398990063523273,0.088,0.12,1,"PTRH2"
0.00937093709323039,0.398814131413523,0.537,0.455,1,"NOL7"
0.772733185672484,0.398594225313195,0.166,0.165,1,"AKR1B1"
0.347736006449151,-0.398526927170659,0.088,0.115,1,"ZNF250"
0.302063421345078,0.398425184584145,0.177,0.15,1,"ATG13"
0.391218871987379,0.398348479628631,0.124,0.1,1,"POMZP3"
0.387590001129509,0.398318069778012,0.219,0.2,1,"RASSF3"
0.259478106126555,0.398093474232716,0.293,0.255,1,"TMEM263"
0.108054458324366,-0.3978522207542,0.12,0.18,1,"RNF113A"
0.265188773821838,-0.397851214019035,0.385,0.435,1,"NOSIP"
0.290275241808291,0.397848767255256,0.237,0.21,1,"NOTCH2"
0.164607765397921,-0.397794195794113,0.166,0.22,1,"ENSG00000288755"
0.416484235411159,-0.397786670673109,0.106,0.13,1,"STRN3"
0.0215215837807732,0.397652627644891,0.608,0.56,1,"SRSF10"
0.2705578073468,0.397566998705023,0.265,0.235,1,"NRDC"
0.543337109507267,0.397330259025296,0.11,0.095,1,"RBM15"
0.325792518308942,0.397098368760888,0.18,0.155,1,"NELFA"
0.0417803699003289,-0.39681755661594,0.201,0.29,1,"RNF216P1"
0.731613193386895,0.39676198246425,0.163,0.16,1,"IRAK2"
0.363442096855088,0.396614575056944,0.191,0.165,1,"SHARPIN"
0.127241352729147,-0.396424110390764,0.11,0.16,1,"FBXO28"
0.129322264363778,-0.396392533936127,0.247,0.32,1,"IKZF3"
0.256443547590305,0.396167743593691,0.12,0.09,1,"FAM76A"
0.92674636750299,0.396157439787813,0.191,0.2,1,"MYO1G"
0.31875109722707,0.396056992809103,0.23,0.2,1,"TAF9"
0.0436602637974972,0.395415434312319,0.473,0.405,1,"DHX36"
0.47525552131192,0.395329072253657,0.18,0.165,1,"RRP1B"
0.609833490769425,0.395193962537594,0.201,0.2,1,"CARD8"
0.403246338622051,0.395001220971531,0.163,0.14,1,"BAG5"
0.327728700271223,0.394868734528776,0.519,0.555,1,"ZBTB1"
0.00070910930918976,0.394603874736523,0.915,0.88,1,"CST7"
0.270865521422709,0.394453267203503,0.11,0.08,1,"PNPT1"
0.0851681170912013,0.39438905587406,0.371,0.315,1,"GNL1"
0.0464743781538178,-0.393627678694943,0.35,0.445,1,"NFKBIZ"
0.0642981846355232,0.393407287999661,0.488,0.45,1,"HMGA1"
0.296930313155513,0.393258404736364,0.152,0.12,1,"CDIP1"
0.401805536535791,0.392872571842962,0.261,0.25,1,"PARP14"
0.354635148896207,0.392607123831222,0.127,0.1,1,"IFT25"
0.189572998159258,0.392581426444713,0.194,0.15,1,"USP42"
0.161941031490574,-0.392312832226698,0.064,0.1,1,"SMIM14"
0.425269990641713,-0.392304630667836,0.177,0.215,1,"ARAP1"
0.188456425333388,-0.392282732280934,0.078,0.115,1,"ERAP2"
0.236646535770386,-0.392222351015274,0.078,0.11,1,"TIMMDC1"
0.216851945817473,0.392189356207717,0.261,0.23,1,"SNRPA1"
0.449949635633431,0.39195194415557,0.23,0.22,1,"GSK3B"
0.186162603388722,-0.391911652138498,0.064,0.1,1,"CRYZL1"
0.129001737162397,-0.391670301637095,0.071,0.115,1,"N4BP2"
0.578772355470629,0.390934680893329,0.466,0.505,1,"SUN2"
0.176423405334524,0.390695854631989,0.265,0.225,1,"RAB35"
0.135392320051318,0.390645753717772,0.251,0.195,1,"PBDC1"
0.308178852393489,0.390396263128933,0.201,0.175,1,"TRNAU1AP"
0.427504957021091,0.390280074587446,0.152,0.13,1,"LINC01145"
0.0905482642781617,-0.390088292045161,0.074,0.12,1,"ING5"
0.0578739145007383,0.390074912045667,0.392,0.325,1,"PCED1B"
0.89398098955257,-0.390062773843299,0.102,0.1,1,"CRADD"
0.012993546728013,0.390046434474527,0.604,0.51,1,"SYTL2"
0.554369492737579,0.389921900467805,0.247,0.24,1,"VPS13B"
0.29039245927811,-0.389881599110632,0.071,0.1,1,"TRMT1"
0.345542367555162,-0.389768416106674,0.092,0.12,1,"TAF13"
0.117642224893285,0.389326728441601,0.389,0.34,1,"RABEP1"
0.242388321650701,0.389326162967013,0.208,0.17,1,"WDR44"
0.434565807847885,0.389273335409472,0.286,0.275,1,"CARD11"
0.256456120364886,-0.389256610296973,0.113,0.15,1,"MRNIP"
0.00817708476976192,0.389211439513672,0.59,0.5,1,"PRMT2"
0.00123826617225574,-0.389211127541303,0.735,0.85,1,"SLC2A3"
0.747970918817203,0.388928127943074,0.12,0.115,1,"RAB4B"
0.211563284168604,0.38873206636504,0.187,0.145,1,"RPSA2"
0.391291441294204,0.3885926194187,0.159,0.135,1,"INO80E"
0.456870161107755,-0.388577245626604,0.102,0.125,1,"SPRYD3"
0.0177078412768403,0.388550972994387,0.495,0.405,1,"ZNF644"
0.279436832078199,0.388271229345432,0.177,0.145,1,"RDH11"
0.253430361738453,0.388118520323459,0.208,0.175,1,"BAZ2A"
0.0370760318418983,0.387921957208297,0.516,0.48,1,"TMED9"
0.0632058469364377,-0.387838154617009,0.17,0.245,1,"FBXO21"
0.265992938719111,-0.387764301577399,0.272,0.325,1,"ATM"
0.196957644857856,-0.387758472939788,0.081,0.12,1,"ACVR1"
0.0533453893594663,-0.38706737848885,0.145,0.22,1,"SCML4"
0.0954245997465141,-0.386655867685342,0.226,0.295,1,"SHISA5"
0.382719244431744,0.386576563596813,0.187,0.165,1,"SEC22B"
0.699037419556044,0.386563916635342,0.131,0.125,1,"DFFA"
0.223022812947935,-0.386553981173387,0.11,0.15,1,"GGA1"
0.199285875217366,-0.386248579829415,0.134,0.18,1,"MRPS16"
0.381253541310378,0.38622672726094,0.152,0.13,1,"DTD1"
0.175406718076051,0.386180336095236,0.254,0.21,1,"PCIF1"
0.219214737562767,0.38556261626646,0.173,0.135,1,"ELMO2"
0.169639478879352,-0.385485538375063,0.371,0.43,1,"SOCS1"
0.113657442434164,-0.385320188926996,0.18,0.245,1,"C6orf62"
0.310157600421578,0.385259876433206,0.23,0.205,1,"CDKN2AIP"
0.380966708731196,0.38514507259055,0.102,0.08,1,"LRRC37A3"
0.543073289304417,0.384984811704054,0.131,0.115,1,"SUCLG2"
0.900199720728064,0.384947589149995,0.092,0.1,1,"FBXO32"
0.277829696401802,-0.384380129838143,0.279,0.315,1,"STOM"
0.165648077346595,-0.383897528377361,0.152,0.205,1,"RAB28"
0.089094580162894,0.383853417988562,0.431,0.39,1,"DNAJC3"
0.418606846952209,0.383741801029675,0.117,0.095,1,"NUP205"
0.525831002737149,0.383612914907642,0.177,0.165,1,"ACSF3"
0.0873250967415739,0.383438296981491,0.3,0.245,1,"CERS2"
0.285863754242511,0.383236347948098,0.29,0.26,1,"SNRPE"
0.193781807773169,0.383106844528101,0.226,0.19,1,"CS"
0.427493924039218,-0.383093564836955,0.106,0.13,1,"FLOT2"
0.274287898953021,-0.383060953849479,0.113,0.15,1,"MTHFD1L"
0.241188280904031,0.382906635030054,0.177,0.14,1,"TMX3"
0.272448794050982,-0.382667945174783,0.12,0.16,1,"AGPAT3"
0.585163960400982,0.382428678270369,0.12,0.11,1,"DELE1"
0.105746435290091,-0.381978673590432,0.152,0.22,1,"SOAT1"
0.272181773807982,0.381941155003032,0.293,0.265,1,"IGF2R"
0.0190360190015401,0.38177931453878,0.565,0.495,1,"IK"
0.0168378330636248,0.381630249062432,0.565,0.52,1,"ATP5PB"
0.0232740498573177,-0.381495262153737,0.721,0.775,1,"KDM6B"
0.20693527143328,-0.381326867597504,0.145,0.195,1,"FAM168B"
0.209388527739946,-0.381111063181352,0.138,0.185,1,"ADI1"
0.179659237247243,-0.381002804241692,0.092,0.135,1,"ZNF688"
0.25339472521343,0.3809607811303,0.159,0.125,1,"FBXL17"
0.225853987723742,-0.380899730551735,0.092,0.13,1,"LARP1B"
0.378673669349768,-0.380895424828863,0.088,0.115,1,"ENSG00000257732"
0.119304741179108,0.380558084459885,0.329,0.28,1,"CBX3"
0.317647084809801,0.380554101445563,0.177,0.15,1,"GPAA1"
0.185508365314782,-0.380434019245646,0.088,0.13,1,"EXOSC7"
0.0239099356917663,0.380412710348913,0.551,0.505,1,"RAB2A"
0.185406600715539,0.380126581991899,0.286,0.25,1,"ZMYND11"
0.224959164683848,-0.380016137047598,0.117,0.16,1,"EAF1"
0.364196938467424,-0.379842879681695,0.191,0.225,1,"SIPA1L2"
0.147262497735144,-0.379729418157948,0.184,0.25,1,"C16orf54"
0.103071638084349,-0.379618922584898,0.311,0.39,1,"PIK3IP1"
0.0362534102756608,0.379431553587619,0.477,0.43,1,"DHX9"
0.0435601934005289,-0.379211279488051,0.3,0.41,1,"CASP4"
0.081005116762348,-0.378828616632131,0.357,0.465,1,"SEPTIN1"
0.282125274082435,0.378769071429013,0.205,0.17,1,"ZNF326"
0.0722688802204702,0.378686089091858,0.505,0.47,1,"RABGAP1L"
0.0561159089646917,0.37854629433113,0.406,0.35,1,"CASP8"
0.470276721384577,0.378275391568632,0.198,0.18,1,"G6PD"
0.0815722683970658,-0.378244237314724,0.071,0.12,1,"PITRM1"
0.677215125971685,0.377875141015581,0.102,0.095,1,"TRIM11"
0.39030197805142,0.377396665144311,0.163,0.14,1,"RBBP5"
0.19317802442404,-0.377182782004174,0.23,0.285,1,"NPEPPS"
0.231609418820116,-0.377177628751917,0.629,0.7,1,"ATP1B3"
0.0211254762436741,0.37711797054107,0.505,0.43,1,"HM13"
0.302574913223165,-0.376992513304965,0.085,0.115,1,"TMUB2"
0.388415884029078,0.376542764888806,0.11,0.085,1,"MTG2"
0.0705443361201669,0.376431137725182,0.36,0.305,1,"NPC1"
0.146428843851498,0.376359772477192,0.435,0.41,1,"SND1"
0.216961936932539,-0.376284343895156,0.117,0.16,1,"KMT2D"
0.369294940082689,0.376035260459995,0.127,0.105,1,"TOMM34"
0.0128612137400394,0.375874115900024,0.604,0.535,1,"ANKRD44"
0.488779003505839,0.375728061717368,0.148,0.13,1,"SYT11"
0.138008614631551,-0.375639809247227,0.148,0.205,1,"ZFAND2B"
0.619267106474532,0.375467736586247,0.145,0.135,1,"UBE2E1"
0.109497016185045,-0.375433193009898,0.29,0.385,1,"CUL4A"
0.0535548771202774,-0.375328703421825,0.198,0.285,1,"PRKCQ-AS1"
0.401965969855588,0.37514663309362,0.113,0.09,1,"GTF3C4"
0.409076915052631,0.37512822490979,0.166,0.145,1,"MTFR1"
0.336641782899903,0.37493419930459,0.187,0.16,1,"ZNF83"
0.00333953811956745,-0.374809024705577,0.866,0.885,1,"KLF6"
0.0840484361925868,-0.374721090996405,0.095,0.15,1,"SGF29"
0.297050553121364,0.374706142860768,0.113,0.085,1,"ISCA2"
0.156192261821378,-0.374067855805279,0.173,0.235,1,"HSPBP1"
0.201618704846218,-0.373753218039594,0.23,0.285,1,"KIAA0319L"
0.401931975145017,0.373748136354223,0.148,0.125,1,"AGPS"
0.155894660384181,-0.373698445327155,0.095,0.14,1,"PRKD2"
0.727386871879293,0.373657820180802,0.117,0.11,1,"E4F1"
0.494984850432042,0.373314232557733,0.148,0.13,1,"CENATAC"
0.972032609362327,0.373014561162741,0.127,0.135,1,"MRPS34"
0.526337546134972,-0.372933036266106,0.106,0.125,1,"C22orf39"
0.168787809867364,-0.372871828157397,0.184,0.235,1,"ECH1"
0.162956347401283,0.372828994704133,0.219,0.175,1,"PATL1"
0.494753324670204,0.372803285717886,0.124,0.105,1,"ENSG00000290192"
0.24132399226622,-0.372519617910573,0.148,0.195,1,"CFAP36"
0.366226572062913,-0.372291411888272,0.095,0.125,1,"TMEM245"
0.358374227760585,-0.372183113164833,0.078,0.105,1,"CXCL16"
0.0148871411379885,-0.372053566098635,0.247,0.37,1,"WDR82"
0.273063797762531,-0.371678523107133,0.071,0.1,1,"GATC"
0.597761205112332,0.371560109611317,0.163,0.155,1,"FMR1"
0.248580005578976,0.37155721046955,0.261,0.23,1,"HAPSTR1"
0.300087556121633,-0.37148332414438,0.081,0.11,1,"ENSG00000289863"
0.4984653381377,0.371438711110096,0.251,0.24,1,"WASHC4"
0.128112068525072,-0.371269754228455,0.134,0.195,1,"HRAS"
0.0106156282144207,0.371211467402237,0.449,0.365,1,"TMBIM1"
0.896312803056421,0.371096371311104,0.187,0.2,1,"ARFGAP2"
0.0471123456064102,-0.370830220062747,0.18,0.265,1,"CYB5A"
0.11825175080881,0.370757659279065,0.219,0.165,1,"GLOD4"
0.153019517496241,0.370728327222898,0.463,0.46,1,"TGFBR2"
0.0896092120292518,0.37044016661747,0.343,0.27,1,"ADAM10"
0.136939167210123,-0.37043241395347,0.191,0.255,1,"RRAGC"
0.267168029522248,0.370257060245056,0.237,0.2,1,"MAN1A2"
0.60165847170849,0.370175228999462,0.117,0.105,1,"HELB"
0.174110582046864,-0.3700755877852,0.208,0.265,1,"EP300"
0.162732346289502,-0.370031100631404,0.155,0.21,1,"MED8"
0.508356525876675,0.369961013855863,0.145,0.13,1,"SMIM29"
0.0818165740982413,-0.369887430529666,0.06,0.105,1,"PEX26"
0.124195583085163,0.369710774977944,0.339,0.285,1,"NR1H2"
0.0329265145672491,-0.369597171724339,0.318,0.435,1,"FBRS"
0.188786544614909,-0.369379581516812,0.184,0.235,1,"ERGIC2"
0.384034759294064,-0.369348722732745,0.081,0.105,1,"COX11"
0.158402381754809,-0.369221731322849,0.071,0.11,1,"KIAA0586"
0.310080783780498,-0.369139499686324,0.152,0.19,1,"ZNF770"
0.10686373773781,-0.368946040477158,0.184,0.255,1,"UGP2"
0.0445648134378704,0.368659650750758,0.385,0.335,1,"ARCN1"
0.349840130019549,0.368633931416465,0.177,0.15,1,"UCHL3"
0.537364507784026,0.368470444444571,0.35,0.36,1,"NCBP3"
0.937288289842011,0.368331230464876,0.11,0.11,1,"KMT5A"
0.114805226602344,-0.367945208673283,0.124,0.18,1,"OGFOD1"
0.180758216060809,-0.367830795260307,0.233,0.29,1,"DARS1"
0.982696579055294,0.367780835577207,0.117,0.125,1,"TAF2"
0.0208627756092184,0.367775297789284,0.442,0.345,1,"LRPAP1"
0.664439121393445,-0.36739895259373,0.088,0.1,1,"TRIM69"
0.226967318972076,-0.367137530327498,0.11,0.15,1,"SKIC3"
0.856835943214184,0.366846287483115,0.099,0.1,1,"SHC1"
0.0107796723494809,0.366740837948225,0.484,0.405,1,"NDUFAB1"
0.162824604996539,0.366616927522787,0.124,0.085,1,"B3GNTL1"
0.253334740300407,0.366527948613498,0.163,0.125,1,"AAGAB"
0.104281311482865,-0.366368319467659,0.216,0.285,1,"CDC26"
0.0552447473472931,-0.366284543786884,0.219,0.315,1,"PPTC7"
0.304013240832818,-0.365580853036836,0.127,0.165,1,"SRF"
0.156255041450469,0.365548597320071,0.304,0.255,1,"PTPN7"
0.0681133813158099,0.365488480058245,0.406,0.35,1,"MATK"
0.37540975579913,0.365329019119993,0.318,0.305,1,"ANKH"
0.23811085519528,0.365274580706923,0.212,0.175,1,"KIDINS220"
0.502030529425773,0.365225201072627,0.113,0.095,1,"URGCP"
0.145406387265788,0.365143945671861,0.261,0.2,1,"PWP1"
0.557171659006091,0.365114276752686,0.134,0.12,1,"DPP9"
0.080363803634732,-0.36484482745609,0.074,0.125,1,"USB1"
0.0563214887636,0.364710809350558,0.622,0.585,1,"ISCU"
0.123939590837632,-0.364446108628981,0.177,0.245,1,"DCAF15"
0.0614651501676137,-0.364391197866468,0.212,0.295,1,"USP10"
0.325221097467904,0.364390171025308,0.159,0.13,1,"RALGAPA2"
0.739671273795229,0.364010231828431,0.145,0.14,1,"MTA2"
0.235667205236582,-0.363998629135933,0.208,0.255,1,"CIAO1"
0.296194801264034,-0.363830979934409,0.194,0.24,1,"KPNA5"
0.0908317049545351,-0.363794522773623,0.223,0.305,1,"PHF5A"
0.274199964192507,0.363664619806087,0.364,0.34,1,"SLC16A3"
0.357594693161333,0.3634933343637,0.212,0.19,1,"MAGT1"
0.0359290061629276,-0.363108557785759,0.657,0.75,1,"G3BP2"
0.288844294265191,0.362842055144932,0.187,0.155,1,"FBXO42"
0.278249831047294,-0.362638764519963,0.131,0.17,1,"POLR2M"
0.0534109688929497,0.362601127906288,0.396,0.32,1,"GRAP2"
0.211576017713757,-0.362565334129542,0.092,0.13,1,"ZNF33B"
0.0239849908728952,-0.362552363947694,0.283,0.4,1,"TAB2"
0.231535219657938,0.362314122208201,0.265,0.23,1,"ZNF276"
0.371779534773064,0.361837142260377,0.265,0.245,1,"LPIN2"
0.0303944743389452,-0.361750860642473,0.261,0.38,1,"CLINT1"
0.354321061844772,-0.361603837574526,0.088,0.115,1,"MCCC2"
0.20637081211647,-0.361595511168053,0.095,0.135,1,"BICD2"
0.162419722458444,0.361391347058831,0.339,0.305,1,"CREBZF"
0.156895338089573,-0.361213445542069,0.131,0.185,1,"C18orf25"
0.26962655429798,-0.361205888196106,0.159,0.2,1,"TIMM17B"
0.273628307538348,0.360970084064962,0.117,0.085,1,"MSL1"
0.0283947166655513,-0.360652859119628,0.166,0.255,1,"FOXN2"
0.249154723431498,0.360548224174467,0.106,0.075,1,"CCL3"
0.0516911990340981,0.36053142235228,0.413,0.34,1,"SUPT5H"
0.279853102563757,0.360443366133683,0.102,0.075,1,"SERTAD2"
0.201328436903885,0.360388110743294,0.481,0.47,1,"SEC11C"
0.213791740006424,-0.360188052905063,0.148,0.2,1,"TIMM13"
0.469025623914103,0.3601803918845,0.177,0.16,1,"KDM1A"
0.0574043275623054,0.360072018002989,0.618,0.565,1,"PTPN22"
0.483962985019897,0.359528413049816,0.283,0.285,1,"NDUFS7"
0.331239760906144,0.35947459064317,0.134,0.105,1,"PIGA"
0.440674949146648,0.359473328473452,0.148,0.13,1,"DNAJB12"
0.273224096110519,-0.359416730145405,0.092,0.125,1,"PPP2R1B"
0.82133039798082,0.359389041805045,0.106,0.105,1,"NBPF19"
0.287833357373173,-0.359196936948526,0.283,0.33,1,"TLE3"
0.0194122588658361,0.359149322401503,0.703,0.67,1,"CFLAR"
0.0491254055438757,-0.35902300478826,0.286,0.365,1,"COPS2"
0.110670309879109,0.358958629598185,0.293,0.245,1,"OSBP"
0.287141708916468,-0.358891105954595,0.163,0.205,1,"TMX1"
0.160419699804907,0.358692942645252,0.332,0.29,1,"LMAN1"
0.0139345293897431,-0.358514542082255,0.3,0.44,1,"CMPK1"
0.295899026136377,0.358479289228139,0.155,0.125,1,"PLCG1"
0.175247064534016,0.358106051759859,0.187,0.145,1,"DUSP8"
0.00653432637043536,0.357758899980617,0.968,0.93,1,"ENSG00000278996"
0.381508510861831,0.357030614833237,0.155,0.13,1,"HCFC1R1"
0.000771086139151616,-0.356835424489432,0.615,0.77,1,"LEPROTL1"
0.070926889083695,-0.356788097147641,0.481,0.575,1,"HIVEP2"
0.256926357503712,0.356549432144074,0.307,0.285,1,"MRPL51"
0.330065937093385,0.356412303571177,0.212,0.18,1,"GOLM2"
0.0899122393140292,-0.356395894983386,0.124,0.185,1,"TMEM219"
0.373435493358073,0.356379410612706,0.191,0.165,1,"CCDC6"
0.209819560235985,-0.356256991930109,0.431,0.495,1,"PPP1R14B"
0.25413604280614,0.356116117199082,0.148,0.115,1,"MEX3C"
0.543017090735733,0.356105761568799,0.138,0.125,1,"PWWP2A"
0.081570415169589,-0.355649448391344,0.106,0.165,1,"RDH14"
0.222253765136592,0.355211068948096,0.286,0.26,1,"ACTR10"
0.401414790539757,0.355091753308828,0.24,0.22,1,"IL12RB2"
0.240807023772378,0.355022283113651,0.392,0.35,1,"GIMAP7"
0.0888463782119384,0.354976493364809,0.364,0.3,1,"KPNA2"
0.581481072525067,0.35491920375203,0.184,0.175,1,"PRR14"
0.223106224264139,-0.354613147424335,0.141,0.185,1,"ZNF639"
0.408005403564522,0.354123638888051,0.124,0.1,1,"MTRF1L"
0.114929655556601,-0.354077782118093,0.159,0.22,1,"ADAM17"
0.0804022262190214,0.35396295182308,0.286,0.215,1,"RABIF"
0.0550535090940596,0.353827779281358,0.601,0.575,1,"ILF2"
0.212382851580735,0.353479870520738,0.191,0.15,1,"DEDD"
0.803663754050312,0.353289500754999,0.113,0.11,1,"TIFA"
0.239289002290474,-0.353169191571046,0.081,0.115,1,"ARL13B"
0.56638593702792,0.3526327231337,0.134,0.12,1,"SLC25A51"
0.170619524531562,-0.352586871429847,0.067,0.105,1,"MAGED1"
0.362012616611839,0.352489058086979,0.141,0.115,1,"SLC35B1"
0.0217010529416049,0.352463097062711,0.717,0.735,1,"TTC39C"
0.0243711856196591,-0.352449779007758,0.42,0.53,1,"UBE2V1"
0.085241052852232,-0.352271414444297,0.466,0.55,1,"PIM3"
0.0264392003603181,-0.352121431323192,0.17,0.265,1,"ATP5IF1"
0.205596061117487,-0.351971855593864,0.11,0.155,1,"MAP2K7"
0.172822628042251,0.351939019626294,0.484,0.495,1,"BUB3"
0.463733095823854,-0.351836417558828,0.11,0.135,1,"INO80B"
0.0131366245807547,-0.35158389027494,0.385,0.505,1,"CUTA"
0.0657801972284866,0.351534668697498,0.608,0.565,1,"CMIP"
0.160405622273455,0.351114391248813,0.314,0.275,1,"LCOR"
0.105750424607,-0.350946478123023,0.23,0.31,1,"WHAMM"
0.419525977896318,0.350709351154964,0.166,0.145,1,"GOLGA8A"
0.0465154335531618,-0.350619807407577,0.219,0.325,1,"UFD1"
0.347450358381132,0.350502328538268,0.194,0.165,1,"ZNF22"
0.114045369328567,0.350332844979378,0.307,0.255,1,"TIMM17A"
0.290392226543078,0.350322846971596,0.18,0.15,1,"GCN1"
0.175631527564835,-0.350206294054371,0.336,0.415,1,"BCAS2"
0.546374098242377,0.350134473688964,0.117,0.1,1,"BCL2L11"
0.135064364711239,0.35006446283815,0.311,0.26,1,"SCFD1"
0.121115267582554,0.349890695450093,0.406,0.345,1,"CD3G"
0.205041681940686,-0.349733156285778,0.099,0.14,1,"ENSG00000228655"
0.303438044668809,-0.34972791147908,0.138,0.175,1,"ELF4"
0.232132640466899,-0.349659741177416,0.134,0.18,1,"CCAR2"
0.349162559195188,0.349504965907895,0.17,0.14,1,"GEMIN7"
0.546005410153402,0.349377410891751,0.23,0.225,1,"RGS3"
0.400171323779977,-0.349317471034276,0.081,0.105,1,"H2BC18"
0.41181225388744,-0.349243236272074,0.155,0.19,1,"NKAPD1"
0.502191679063788,0.349075502147767,0.17,0.155,1,"PML"
0.766656090668813,0.348789175588349,0.145,0.145,1,"LPAR2"
0.0566589002101076,-0.348764207931853,0.06,0.11,1,"EAF2"
0.0908647548373542,-0.348627719488398,0.424,0.505,1,"MKNK2"
0.314361966174179,-0.34859205655618,0.127,0.165,1,"AP1B1"
0.0973044965490808,0.348313008175611,0.35,0.285,1,"FXR1"
0.47055498761358,-0.348285947748409,0.11,0.135,1,"RBM28"
0.171050611041919,0.347682833455355,0.311,0.265,1,"COQ10B"
0.220185182608613,-0.347605774623312,0.134,0.18,1,"PTAR1"
0.469336276621033,0.347561240575913,0.177,0.16,1,"DPH1"
0.0877946564619801,0.347239876010637,0.378,0.32,1,"GOLGA7"
0.107298090167944,0.347194193036793,0.152,0.1,1,"SIDT1"
0.726634889116379,0.347192419567603,0.194,0.19,1,"ISG20L2"
0.575725085897442,-0.347037039397927,0.166,0.185,1,"CLIP1"
0.0967361043116382,-0.346985191641142,0.36,0.46,1,"RASAL3"
0.0349709067907627,0.346967647640269,0.562,0.475,1,"DNAJC8"
0.403102352547235,0.346709308494373,0.237,0.22,1,"NFATC3"
0.183912436288616,-0.346604196755072,0.212,0.27,1,"CHMP1A"
0.301617005245301,0.346489238255808,0.261,0.23,1,"GTDC1"
0.919448026691042,0.346459667995663,0.102,0.11,1,"SAMD9L"
0.182852378980518,-0.346325748443832,0.216,0.27,1,"EIF4G3"
0.054564428716938,-0.346257031585543,0.371,0.47,1,"CDC14A"
0.0163431723293914,0.346229387430294,0.707,0.64,1,"LSP1"
0.548237155971688,0.345897880612926,0.148,0.135,1,"PRKCD"
0.187446475951973,-0.345730645402278,0.113,0.16,1,"TMCC1"
0.288501193871772,-0.345273280553589,0.071,0.1,1,"PRMT3"
0.0258741260425882,0.345206122095098,0.555,0.475,1,"PDE7A"
0.122173178337283,-0.345205746260602,0.237,0.31,1,"RILPL2"
0.444286941756068,0.344947802235382,0.293,0.285,1,"ZRANB2"
0.135289743515237,-0.344650540954924,0.099,0.15,1,"ZUP1"
0.146844775676096,-0.344309928003842,0.106,0.155,1,"CEP120"
0.197852514444433,-0.344250970001826,0.081,0.12,1,"P4HTM"
0.109921945170817,-0.344127788537619,0.145,0.21,1,"ZC3H7A"
0.263487748137654,0.344081908167692,0.198,0.17,1,"NDUFA9"
0.141432060166095,-0.343950850825478,0.092,0.14,1,"TYW1B"
0.366985321117556,0.343875050307023,0.145,0.12,1,"TEDC1"
0.207156845354637,-0.343598570413101,0.152,0.195,1,"IGFBP4"
0.418708627343604,0.343519348747286,0.244,0.225,1,"TSPAN2"
0.3734504992125,-0.343414382300774,0.155,0.19,1,"ENSG00000284707"
0.521149546606808,0.343085537454447,0.11,0.095,1,"DHDDS"
0.27686047688052,0.343021132214519,0.371,0.35,1,"RIOK3"
0.403246338622051,0.342777740209285,0.163,0.14,1,"LCORL"
0.0413619370252667,-0.342596849187444,0.42,0.515,1,"PRPF40A"
0.217628859163972,-0.342533549223681,0.498,0.55,1,"MAPRE2"
0.0715521547632373,-0.342482046606029,0.134,0.205,1,"CDK16"
0.274866779956574,-0.342230949413129,0.307,0.36,1,"ZNFX1"
0.152216419228785,-0.34202291024533,0.099,0.145,1,"TJAP1"
0.210235292289826,0.342016604738732,0.375,0.35,1,"ZBTB43"
0.0505036196107775,0.342008840421879,0.449,0.375,1,"SRP19"
0.275502770993492,0.341787500433215,0.219,0.18,1,"CTDSPL2"
0.115166314660965,-0.34173177297012,0.173,0.24,1,"SCAF4"
0.321787287272088,0.341642088878174,0.24,0.21,1,"RETREG2"
0.240882567981615,-0.341501363249788,0.113,0.155,1,"NSL1"
0.0480834788992074,-0.34132738831305,0.134,0.21,1,"PDE4DIP"
0.600944961109692,0.340617583817137,0.18,0.17,1,"TMEM127"
0.365808427786903,-0.340593469108366,0.138,0.17,1,"ZXDC"
0.273197727331792,0.340404883798177,0.148,0.115,1,"TMEM115"
0.143764936222162,0.340385609134233,0.375,0.345,1,"PPP4R2"
0.0911085496621762,0.340144367776911,0.47,0.425,1,"SELENOS"
0.637999118610912,0.340107541744167,0.163,0.155,1,"ANKS1A"
0.246804111166138,-0.33995470444041,0.23,0.285,1,"ITPRIP"
0.0666388992628384,0.339947155208979,0.541,0.485,1,"FASLG"
0.632445257553657,0.339943145864229,0.163,0.155,1,"NCOA5"
0.612989495219235,-0.339883176454296,0.092,0.105,1,"B3GAT3"
0.465935641619402,-0.339865299097589,0.138,0.16,1,"TBC1D31"
0.131971314879819,-0.339857983776017,0.219,0.28,1,"PAG1"
0.610107998143275,0.339783717114304,0.117,0.105,1,"VPS33A"
0.678215660148744,0.339684215556736,0.12,0.11,1,"ANKFY1"
0.612316799788884,0.339659430844811,0.184,0.175,1,"PIP4P1"
0.456540359963886,0.339623105439871,0.148,0.125,1,"EPS15L1"
0.421145595018376,-0.339538607055634,0.127,0.16,1,"SMARCD2"
0.136419758689321,0.339320799960338,0.332,0.285,1,"PEA15"
0.0304823267752341,-0.339185393464029,0.636,0.705,1,"CEBPD"
0.128779046903837,-0.339081582543089,0.134,0.19,1,"TM9SF4"
0.0827141689431776,-0.338803075198578,0.261,0.355,1,"SUPT6H"
0.355881502995891,-0.338742181754233,0.092,0.12,1,"PGP"
0.350721146758219,0.338710613470467,0.208,0.18,1,"CUL5"
0.358155215763622,0.338657998998994,0.208,0.18,1,"PEX16"
0.488922223386314,0.33857540864459,0.102,0.085,1,"GRN"
0.0743624863037594,0.338564615476655,0.449,0.395,1,"NDUFA3"
0.582342000936617,0.338448192789736,0.18,0.17,1,"PPCS"
0.225045815412001,-0.338445797870494,0.124,0.165,1,"TRAPPC9"
0.166290002560051,-0.338341652753888,0.141,0.195,1,"FCHSD2"
0.350953011367495,-0.338231856484841,0.134,0.165,1,"PPT1"
0.174270968178274,-0.338087914670159,0.258,0.325,1,"SUPT3H"
0.200158006318695,0.337965244988152,0.293,0.25,1,"ACO2"
0.683480223586287,0.337445772865575,0.208,0.2,1,"NPTN"
0.467240095066779,0.337435324141012,0.11,0.09,1,"TRAPPC11"
0.247020966434579,0.337420469792535,0.219,0.19,1,"IQCB1"
0.354301714672898,-0.337330983567262,0.074,0.1,1,"ANAPC1"
0.402058217401383,0.337316517302028,0.216,0.195,1,"PRKAA1"
0.148067122327408,0.337258553651159,0.35,0.3,1,"RNF115"
0.296401877090956,0.337144710320914,0.155,0.125,1,"TPD52"
0.489541876343705,0.337015901607167,0.297,0.28,1,"BAG1"
0.69151231461868,0.336989918800208,0.201,0.2,1,"KANSL2"
0.18486609006277,-0.336888374738222,0.23,0.29,1,"PIM2"
0.0298942918900079,-0.336704688314736,0.615,0.685,1,"ATXN1"
0.0232196089319347,-0.336512105022449,0.318,0.455,1,"ANKRD17"
0.0815109359099707,-0.336436412266085,0.057,0.1,1,"HOTAIRM1"
0.34500976754302,-0.336309657666815,0.113,0.14,1,"OSGEP"
0.0935675134016706,0.336266271600392,0.42,0.365,1,"BPTF"
0.451921625272737,0.336252554708337,0.244,0.235,1,"RABGGTB"
0.263082201409584,0.336138271785812,0.279,0.245,1,"RNF11"
0.259291377188683,0.336107381296451,0.41,0.395,1,"SELENOW"
0.230177929074221,-0.336104215257693,0.088,0.125,1,"C8orf33"
0.654991098289556,0.336073093752912,0.187,0.18,1,"UBXN2A"
0.155627104357433,-0.336043075545946,0.099,0.145,1,"DIABLO"
0.472720712383854,0.335976816228527,0.127,0.11,1,"INTS4"
0.00576874094965768,0.335900164761658,0.802,0.75,1,"SNRPB"
0.0399834188297111,-0.335598710567348,0.102,0.175,1,"SNX4"
0.243104022308437,-0.335230198392485,0.166,0.21,1,"MAN2B1"
0.255534186102639,0.335161829087633,0.131,0.1,1,"FAF2"
0.160478123588775,0.335047595764888,0.233,0.19,1,"RALGAPB"
0.32694265493811,0.334974616517204,0.163,0.135,1,"LSM14B"
0.0360000875231676,0.334828088856251,0.717,0.725,1,"PTGES3"
0.00969352603264655,0.334753357601556,0.763,0.745,1,"CLEC2B"
0.0925300819157893,0.334522767987738,0.343,0.285,1,"STX5"
0.184507237278931,-0.334406429654061,0.124,0.175,1,"HDAC4"
0.0621780029707078,-0.334103561778223,0.251,0.335,1,"ACP1"
0.0585190614923247,0.333806443765858,0.449,0.375,1,"PPIG"
0.022422903582884,0.333793779000734,0.608,0.515,1,"GTF3C1"
0.262046651739596,0.333777994064689,0.216,0.185,1,"VHL"
0.247415746731096,0.333674666434708,0.286,0.26,1,"MEF2D"
0.441323751861284,0.333568117010077,0.208,0.19,1,"ATP2A2"
0.513460084968621,0.333186088108019,0.254,0.24,1,"WDR48"
0.425811870070748,0.332960712582148,0.177,0.155,1,"RUVBL2"
0.43748811258958,-0.332935418121893,0.155,0.18,1,"TIGAR"
0.102842886512047,0.332673415865922,0.307,0.245,1,"STXBP3"
0.576772686314401,0.33252998296879,0.159,0.145,1,"PFDN1"
0.992400878548484,0.332310544475126,0.113,0.12,1,"CAMKMT"
0.470451915034336,0.332241829321006,0.286,0.275,1,"TAF3"
0.784565621854213,0.33209201531776,0.134,0.135,1,"SLF1"
0.572323033485936,0.332074168771647,0.201,0.195,1,"CLPTM1L"
0.264459369083783,-0.331984666768613,0.074,0.105,1,"INO80C"
0.246661386658619,0.331695598077368,0.247,0.205,1,"COG3"
0.0337603965424054,0.331671060556715,0.664,0.595,1,"ID2"
0.0823937177247693,0.331647910633816,0.353,0.28,1,"SSNA1"
0.650906446368018,0.33131225881403,0.155,0.15,1,"PEX14"
0.489726615073715,-0.331216022074317,0.099,0.12,1,"SATB1-AS1"
0.114574362652651,0.330840198281155,0.481,0.43,1,"PMAIP1"
0.0694425588755079,-0.330785909353156,0.707,0.74,1,"SNHG16"
0.0504368247715538,-0.330719863661869,0.216,0.31,1,"PRKCI"
0.388053726738082,0.330645849729925,0.113,0.09,1,"ZNF580"
0.0439535687034364,0.330604543881812,0.548,0.52,1,"DIAPH1"
0.0712017104350887,-0.330397270058429,0.184,0.265,1,"SHKBP1"
0.321865795652341,-0.330024388534432,0.074,0.1,1,"CEPT1"
0.142643839329748,0.330012851382892,0.304,0.25,1,"XAB2"
0.206670131914193,-0.329755270545608,0.297,0.36,1,"SUPT16H"
0.465893558009833,0.329675222947729,0.152,0.135,1,"MALSU1"
0.342405361598491,0.329651022693452,0.141,0.115,1,"TP53RK"
0.373496898915347,0.329462478735026,0.148,0.125,1,"ZNF708"
0.148355791222613,0.329425132992336,0.265,0.215,1,"EIF4EBP2"
0.238349001304451,-0.329284634634583,0.092,0.13,1,"DTX2"
0.558140204073722,-0.329134961795285,0.106,0.125,1,"MEI1"
0.582172596400001,0.328964848293037,0.102,0.09,1,"ATG14"
0.487217057242756,0.328908376093582,0.17,0.15,1,"NMI"
0.346425903818591,-0.328716975541629,0.152,0.185,1,"ZFPM1"
0.158721132643543,-0.328491795351602,0.177,0.235,1,"EP400"
0.371289134066314,0.328471969095073,0.194,0.175,1,"OSBPL9"
0.317115878660051,0.328318243337496,0.41,0.405,1,"STIM2"
0.00732760470212189,0.328210560331029,0.703,0.67,1,"SURF4"
0.510278050873787,0.327785454767813,0.187,0.17,1,"TRIM38"
0.137456492686582,0.327584445230865,0.339,0.29,1,"RAB1B"
0.281124454449949,0.327536504743709,0.276,0.25,1,"KDELR1"
0.340099847181245,0.327517254455148,0.17,0.14,1,"ATF7IP2"
0.23183556039895,-0.327459361221957,0.152,0.195,1,"OPA1"
0.45566945240263,0.327440127463492,0.127,0.105,1,"MAP3K11"
0.427826339250625,0.327384168855781,0.212,0.195,1,"CD2BP2"
0.200583257491949,0.327248057548105,0.329,0.295,1,"RPA3"
0.0895694681229065,-0.327232663351626,0.155,0.22,1,"PLEKHG2"
0.394267881975778,0.327168421901403,0.134,0.11,1,"TMEM250"
0.159376113543197,0.327149104615899,0.166,0.12,1,"IGFLR1"
0.059910731423896,0.32712243803094,0.452,0.37,1,"TNRC6C"
0.6061686746548,0.327053184063124,0.177,0.17,1,"LINC00861"
0.916596566789221,-0.326695894823981,0.184,0.18,1,"RGS1"
0.442275295158703,0.326657609055867,0.194,0.175,1,"OTULINL"
0.637493023425161,0.326535236976064,0.152,0.14,1,"GK5"
0.309831708483804,-0.32649388635417,0.24,0.3,1,"NGDN"
0.142237673477718,-0.326442238013008,0.212,0.27,1,"TP53BP1"
0.805536087109489,0.326152343202381,0.113,0.11,1,"CALCOCO1"
0.0633615155258968,0.326084329525554,0.424,0.355,1,"NDUFS6"
0.248584958017985,-0.32584178955581,0.23,0.28,1,"POLR2B"
0.54175125283783,0.325662484727837,0.148,0.13,1,"MTRFR"
0.141307896969122,-0.325574096276372,0.117,0.17,1,"TULP3"
0.395379488425039,0.325464842938704,0.307,0.295,1,"MARCHF6"
0.133391903541861,0.325448375881697,0.42,0.38,1,"SLCO3A1"
0.946602314034103,0.325004177771184,0.102,0.105,1,"HIF1AN"
0.121675252702847,-0.324782732106714,0.12,0.175,1,"IL6ST"
0.194538965859452,0.324699622464222,0.219,0.18,1,"SASH3"
0.260867807423666,0.324686114074816,0.163,0.13,1,"SMIM15"
0.195357973450072,0.324563461574217,0.194,0.15,1,"MOB3A"
0.269714674768865,0.324339359507567,0.138,0.105,1,"ST3GAL1"
0.155048254795454,0.32411725412729,0.382,0.335,1,"RAPGEF1"
0.217585766044131,-0.323923776275204,0.141,0.19,1,"NIP7"
0.265650431117579,-0.323772635185021,0.078,0.11,1,"TMEM234"
0.474176425098797,0.323640424697742,0.187,0.17,1,"PDLIM5"
0.269785112604758,0.323421161457897,0.392,0.37,1,"ITGA5"
0.243496941648468,0.323244018467494,0.279,0.24,1,"ELF2"
0.313825500560551,0.323029840802015,0.17,0.14,1,"CWC27"
0.0599895397319301,0.322893188100421,0.463,0.395,1,"SLA2"
0.0463439903497975,-0.322588761118089,0.318,0.445,1,"PPP6C"
0.468810285377859,0.322562069813174,0.212,0.195,1,"AP1G1"
0.799640811772722,0.32256173933111,0.12,0.12,1,"TMEM199"
0.0810753175591562,-0.322534012646293,0.198,0.275,1,"IPO5"
0.356385683126168,0.322479990195432,0.311,0.3,1,"SPEN"
0.33311590494996,-0.32247308264604,0.173,0.215,1,"CPB2-AS1"
0.254670584787182,-0.322255778059044,0.081,0.115,1,"USF2"
0.311669764819569,-0.322202693526722,0.131,0.17,1,"TMPO"
0.182463636714553,-0.322117042308351,0.502,0.56,1,"RANBP2"
0.00672934588718438,0.321909036995401,0.777,0.685,1,"GABARAPL1"
0.622024965792235,0.321822853652496,0.117,0.105,1,"ZMYM4"
0.231476379222485,-0.321803155252746,0.399,0.465,1,"KIF2A"
0.254886773367015,-0.321773646163488,0.088,0.125,1,"MAIP1"
0.0423807803198999,-0.321728699520768,0.23,0.33,1,"ELAVL1"
0.420866239196797,0.32169400950833,0.205,0.185,1,"CNST"
0.135261937609407,0.321374849062191,0.488,0.475,1,"EIF1B"
0.0836514432182782,-0.320748870911194,0.134,0.2,1,"MTLN"
0.063261536378312,-0.320739810764908,0.205,0.29,1,"TWF1"
0.580769302513073,0.320603878144897,0.117,0.105,1,"TRRAP"
0.956584779556281,0.320339529491386,0.11,0.115,1,"MAP3K13"
0.0859622179764259,-0.320205646604847,0.329,0.405,1,"CUL3"
0.010403995693555,0.320170490405926,0.756,0.68,1,"FMNL1"
0.788342012980771,0.320036943583151,0.117,0.115,1,"ENSG00000284977"
0.66173406566648,0.320032468536904,0.258,0.255,1,"PCMTD1"
0.255572425695997,0.319996583649259,0.523,0.51,1,"CCT3"
0.0617257199452759,-0.31976402679491,0.576,0.67,1,"EIF3L"
0.221503078366257,0.319719215902573,0.449,0.44,1,"BDP1"
0.350644531863046,-0.319319195844164,0.099,0.13,1,"MAPKAPK5-AS1"
0.366520849027322,-0.31929861074141,0.102,0.13,1,"LCLAT1"
0.47194676746511,0.319263809442016,0.102,0.085,1,"MTERF3"
0.338718787448855,-0.319104123848394,0.187,0.225,1,"TXNRD1"
0.388859122927494,-0.31900301549541,0.216,0.25,1,"RFX1"
0.229416044218198,-0.318937659613379,0.279,0.34,1,"PER1"
0.849952293636706,0.31884909090855,0.198,0.205,1,"RORC"
0.387198394586769,0.318822408570307,0.272,0.255,1,"CHD7"
0.130161314820331,0.318609890265398,0.318,0.255,1,"PDCD6"
0.321057059937794,0.318540416307729,0.35,0.325,1,"FOXJ3"
0.000954396353771696,-0.318529033028969,0.979,0.985,1,"JUND"
0.436149516788754,0.31852654366836,0.18,0.155,1,"ERCC5"
0.00391697960498158,-0.318389606487222,0.894,0.955,1,"SRSF2"
0.937636521397577,0.3182638144206,0.102,0.105,1,"ENSG00000288528"
0.0393558644545993,0.3182327889889,0.456,0.37,1,"ERBIN"
0.0131888314288452,-0.318136765200038,0.996,1,1,"ACTB"
0.435456734107982,-0.318008233334573,0.159,0.19,1,"NAXE"
0.589008135591442,0.317856815433351,0.159,0.15,1,"HDAC3"
0.293736649555868,0.317816458465892,0.36,0.335,1,"ORMDL1"
0.244351109565234,-0.317807163937767,0.102,0.14,1,"TSHZ1"
0.00864872594632601,0.317720286387132,0.647,0.54,1,"RHOH"
0.101504065971267,-0.317586942454461,0.226,0.31,1,"CCNL2"
0.550050387766795,0.317473771582084,0.148,0.135,1,"RARG"
0.566180032658136,0.317329350384978,0.258,0.25,1,"ARHGEF3"
0.954873320621765,0.316965382168273,0.106,0.11,1,"METTL5"
0.40978356474152,0.316909171855677,0.258,0.245,1,"UHMK1"
0.146624273209904,0.316870374563835,0.36,0.315,1,"FNIP1"
0.193709686691977,-0.316821630838382,0.12,0.17,1,"RASGRP2"
0.94556691839288,-0.316616659824841,0.11,0.105,1,"TRGV7"
0.56057084529198,0.31653077709288,0.353,0.34,1,"NCS1"
0.282280128223184,-0.316358208032816,0.099,0.135,1,"WDR19"
0.320895801424041,-0.316287660675113,0.099,0.13,1,"TMEM135"
0.479836316454656,0.316187538551725,0.223,0.205,1,"EVI2A"
0.00867254680471128,0.316065079847826,0.618,0.565,1,"PSMB6"
0.154128521697507,0.316026515635629,0.555,0.52,1,"OPTN"
0.880971207442944,0.315913076394086,0.269,0.295,1,"PAM"
0.571667235595895,0.315868378557764,0.148,0.135,1,"MINDY2"
0.515700419772112,0.315813578283447,0.399,0.415,1,"RTF1"
0.373168290325921,0.315766857536779,0.102,0.08,1,"CDK10"
0.0834836772724818,-0.31572322071743,0.269,0.365,1,"MLF2"
0.267837885675005,0.315646445136479,0.279,0.245,1,"MORC3"
0.403056476541678,-0.315643409626686,0.131,0.155,1,"EPG5"
0.224361722905283,-0.315605531920573,0.148,0.19,1,"NFATC2IP"
0.0733419813417985,0.31558174317016,0.572,0.52,1,"ARPC5"
0.400113489067092,0.315373617690397,0.141,0.115,1,"CYBC1"
0.31399080254968,0.315288800827384,0.191,0.16,1,"PSMD3"
0.960264139504,0.315273093605557,0.106,0.11,1,"ZFAND1"
0.541454089824254,0.31495131725476,0.237,0.23,1,"DYNC1LI2"
0.0896864130917787,-0.314660980279196,0.445,0.55,1,"SLC38A2"
0.276041288399831,-0.314532399299133,0.113,0.15,1,"DUSP18"
0.784009722414795,0.314491205802333,0.127,0.125,1,"NCALD"
0.286082060863558,-0.314383473410941,0.11,0.145,1,"USP32"
0.436712520658432,-0.314191274368985,0.141,0.17,1,"EXOC1"
0.29219577181121,-0.314100910203059,0.095,0.13,1,"INTS12"
0.00192210416073147,-0.314099244080694,0.806,0.885,1,"TSC22D3"
0.379012376012817,0.314042583746053,0.138,0.115,1,"UBP1"
0.24680524128094,-0.314013945430204,0.145,0.19,1,"GOSR2"
0.418416060682281,-0.314000249299739,0.078,0.1,1,"DENND1A"
0.308173458443497,-0.313908650312165,0.187,0.23,1,"CACUL1"
0.704090913763191,0.313821256124224,0.117,0.11,1,"MED12"
0.604880989826024,-0.313766744530241,0.092,0.105,1,"LTBP4"
0.264999538142562,0.313656162536738,0.265,0.23,1,"TTC33"
0.193370213638564,-0.31339382612634,0.505,0.585,1,"UCP2"
0.0416355654096267,0.313384093316402,0.392,0.325,1,"CCDC186"
0.170335032450508,-0.313360989998449,0.155,0.21,1,"USP7"
0.551166666806467,0.313275449181412,0.173,0.16,1,"ENSG00000291149"
0.0969960294723831,-0.313269270709101,0.445,0.555,1,"TRIM28"
0.541327735446058,0.312917111945852,0.12,0.105,1,"AP5M1"
0.219904269685157,-0.312876057848499,0.184,0.24,1,"MRPS36"
0.218706648807672,0.31284357408468,0.307,0.27,1,"EIF3B"
0.691992105271024,0.312800716488682,0.166,0.16,1,"ZFY"
0.0506005375027429,-0.312737971584474,0.166,0.255,1,"CDCA4"
0.681531390228848,0.312644945858525,0.194,0.195,1,"ADSL"
0.172198642174915,-0.312562436645592,0.155,0.21,1,"AKR1A1"
0.507386105786413,-0.312547719545433,0.742,0.795,1,"CD69"
0.215878979488866,0.312401824031203,0.438,0.42,1,"SDHA"
0.06936449282314,0.312331639505317,0.541,0.525,1,"PSAP"
0.546887057399633,0.312158684436443,0.396,0.415,1,"CCND2"
0.293510248830115,0.311904596325434,0.272,0.24,1,"RRP36"
0.401941001338243,-0.311767634923348,0.163,0.2,1,"SNHG17"
0.354016579631467,0.311671800744408,0.102,0.135,1,"GADD45G"
0.298859636426797,0.311615195851787,0.102,0.075,1,"NUP37"
0.0547526297123166,-0.311465949919792,0.615,0.705,1,"CD55"
0.468664240854968,0.311378187559749,0.12,0.1,1,"CEP95"
0.998376965651845,0.311120494338642,0.163,0.175,1,"IL12RB1"
0.184496350504563,-0.31109334839223,0.283,0.35,1,"MYCBP2"
0.0489539783353452,0.310801373009242,0.505,0.47,1,"PERP"
0.144460783086333,-0.310712258209803,0.205,0.26,1,"CDKN2D"
0.653747339251526,0.310595346173975,0.166,0.16,1,"INSIG2"
0.166591048876583,0.31053260578201,0.477,0.435,1,"SLBP"
0.1037180047699,0.310493604394231,0.339,0.28,1,"SMURF2"
0.295962535550749,0.310414965702509,0.201,0.175,1,"ZCCHC7"
0.506120602609496,0.310357792544214,0.148,0.13,1,"NPC2"
0.0366998464046485,0.310327222757412,0.587,0.53,1,"WDR83OS"
0.0929890443013837,-0.310194723863161,0.124,0.185,1,"NCBP2AS2"
0.617288081102994,-0.31001008964589,0.148,0.17,1,"MSI2"
0.643695889206791,-0.309928962404661,0.117,0.13,1,"TRAF3IP3"
0.834106271846254,0.30985176416055,0.212,0.22,1,"NSD1"
0.200462573985477,0.309767139587084,0.445,0.42,1,"STK38"
0.302201828059367,0.309666188012366,0.336,0.32,1,"PRKAR2A"
0.727358896927958,0.309589743500787,0.106,0.1,1,"RBM12"
0.0527325668947726,0.309575302999456,0.583,0.55,1,"RUNX1"
0.131356020523183,-0.309440642765629,0.064,0.105,1,"MRPL46"
0.985039359654159,0.309353578655843,0.11,0.115,1,"EZH2"
0.237194451587654,-0.309068818394582,0.131,0.175,1,"FHIP2A"
0.281837113019836,-0.308972574643415,0.12,0.155,1,"SH2D3A"
0.41536586802988,0.308926024082001,0.265,0.25,1,"MLLT6"
0.54670513001179,0.308912860743598,0.254,0.25,1,"BTAF1"
0.632531243587428,0.308774915860496,0.18,0.17,1,"CYB5R4"
0.201205308618208,-0.308616876548523,0.095,0.135,1,"SPHK1"
0.688107627272689,0.308511708693417,0.131,0.125,1,"ECI2"
0.713590476355845,0.308324360784222,0.254,0.255,1,"RIF1"
0.160138408972082,-0.308312852412377,0.212,0.28,1,"MED25"
0.324317590093894,0.30823564190445,0.212,0.185,1,"ZPR1"
0.452583799438285,0.308002200345774,0.131,0.11,1,"PSMG3"
0.813975242601293,0.307761726362616,0.113,0.11,1,"FUBP3"
0.560595413041328,0.307759177198763,0.113,0.095,1,"LETMD1"
0.690961938032061,0.307203321400743,0.145,0.14,1,"CSRP1"
0.619953141183275,-0.307124665935015,0.124,0.14,1,"HIKESHI"
0.22923753064503,-0.3071043524669,0.131,0.175,1,"SNIP1"
0.172759006247955,0.30706825030291,0.24,0.2,1,"BATF"
0.103633146782794,-0.306845756311545,0.152,0.22,1,"SNHG25"
0.135064364711239,0.306678207567369,0.311,0.26,1,"CREBBP"
0.222571301236063,-0.306583490918315,0.092,0.13,1,"TAFAZZIN"
0.471497381631165,-0.306501312295373,0.145,0.175,1,"EML2"
0.274801084008393,0.306434706759464,0.194,0.16,1,"KIAA2026"
0.130909778850887,-0.306380530077319,0.163,0.225,1,"CFDP1"
0.0473747363585426,-0.3063474687175,0.078,0.14,1,"ZNHIT6"
0.406579271326611,-0.306283090410302,0.092,0.115,1,"THEM4"
0.255533589700636,0.306082443455135,0.42,0.41,1,"TCEA1"
0.799334359519712,0.30594078642059,0.332,0.37,1,"MRPL57"
0.283146013971048,0.305745221444353,0.134,0.1,1,"CASP1"
0.155248670951731,-0.305706795421881,0.346,0.425,1,"PSMD6"
0.340870784887053,0.305705115369229,0.336,0.315,1,"CNOT1"
0.00168290676978456,-0.305702038214293,1,1,1,"MT-ATP8"
0.799718477833926,0.305698936799493,0.148,0.15,1,"UBE2V2"
0.336569339048548,-0.305594292905973,0.367,0.41,1,"VASP"
0.238163450018918,0.305552192903235,0.413,0.4,1,"CEP350"
0.683938535016857,0.305518203060955,0.155,0.15,1,"GPR174"
0.436965656745901,-0.305405628093757,0.23,0.265,1,"ANKIB1"
0.0964517277339442,0.30539121638104,0.389,0.34,1,"CD47"
0.106977948503248,0.305386530911928,0.413,0.365,1,"SNRNP70"
0.174442896612436,0.305355437199938,0.53,0.52,1,"MAP2K3"
0.184150878754782,0.305313737611994,0.364,0.34,1,"CD46"
0.0160213149429847,0.305147051423178,0.675,0.64,1,"UBXN1"
0.216708532627802,0.305072085860186,0.269,0.23,1,"ZNRF1"
0.667739181980577,0.30482611688216,0.18,0.175,1,"GLRX3"
0.149609003943035,-0.304804704419375,0.286,0.365,1,"RASSF2"
0.10103693153548,0.304697057690808,0.131,0.085,1,"EDEM1"
0.310738852643071,0.304638703830719,0.226,0.195,1,"MFSD14B"
0.93564515605817,-0.304549141405488,0.106,0.1,1,"MMS19"
0.817978265061095,0.304530396875252,0.131,0.13,1,"OOEP"
0.10217127738261,-0.304505236432709,0.092,0.145,1,"MCTS1"
0.856476636264081,0.304474994932013,0.113,0.11,1,"RPGR"
0.330296674707775,0.3043907369174,0.272,0.24,1,"HSBP1"
0.144355775517735,0.30436643618451,0.498,0.49,1,"ATP5F1A"
0.959846833067864,0.304241363269751,0.163,0.175,1,"PTS"
0.0888990599542985,-0.304233554786245,0.187,0.265,1,"USP9Y"
0.85800376605307,0.30419830848664,0.145,0.145,1,"KMT5B"
0.0817289548566743,0.30415984138249,0.516,0.485,1,"ZNF207"
0.00647986420478751,-0.304108043283888,0.816,0.89,1,"ARL4C"
0.509062937591916,0.304095540567846,0.145,0.13,1,"BCL10"
0.252535730158255,0.30407893519959,0.237,0.2,1,"MRPS35"
0.276543646980159,-0.304020082719244,0.113,0.15,1,"GOT2"
0.0416883834069667,-0.30388686919432,0.159,0.25,1,"CREBRF"
0.0920572668067584,-0.303846537057439,0.208,0.285,1,"ANAPC11"
0.179216885633012,-0.303594933167437,0.247,0.32,1,"NECAP2"
0.320262194239778,-0.303588990618966,0.438,0.51,1,"HSPE1"
0.491346992829529,0.303542904183889,0.244,0.23,1,"CPSF7"
0.363950741770947,-0.303218300381286,0.127,0.16,1,"B3GLCT"
0.261720783215269,0.303176501434931,0.36,0.33,1,"NDUFAF3"
0.308780298536409,-0.303114761323701,0.184,0.225,1,"POLG"
0.137147211015002,-0.302981935083304,0.24,0.3,1,"DPH3"
0.223031702917984,-0.302893560637693,0.099,0.14,1,"SPTSSA"
0.00406562287425215,0.302893310664832,0.94,0.905,1,"EFHD2"
0.485276552524577,0.302670018314291,0.17,0.15,1,"SUPT20H"
0.141490433326185,-0.302584956332448,0.106,0.155,1,"ARID3B"
0.0655835942662194,-0.302560797784053,0.367,0.48,1,"APH1A"
0.445635798325606,0.302557000315325,0.318,0.31,1,"MESD"
0.511644734410301,-0.302545789241668,0.269,0.29,1,"CISD2"
0.485820126482717,-0.302377967023724,0.11,0.13,1,"NAE1"
0.340141093252678,-0.30231088465164,0.124,0.155,1,"FPGS"
0.442418401121287,0.302116444059424,0.138,0.115,1,"GOT1"
0.149544672138475,-0.301911938019359,0.357,0.43,1,"TNIP2"
0.427767427870298,-0.301841784684288,0.127,0.155,1,"IDH3G"
0.960562137177306,0.301803884783409,0.102,0.105,1,"OAS2"
0.663893496056315,0.301679199666317,0.106,0.095,1,"TAF11"
0.465295516927412,-0.301345607925745,0.138,0.165,1,"IFT22"
0.220920886150192,-0.301133510424804,0.071,0.105,1,"MAN1B1"
0.0936144317643067,-0.301091431471614,0.124,0.185,1,"DYNC2I1"
0.122028601862351,-0.301067123269401,0.403,0.49,1,"COPB1"
0.187019149190293,-0.301008687513168,0.117,0.16,1,"SLC25A24"
0.543942632623762,0.300750007124663,0.117,0.1,1,"BPGM"
0.293300131730492,0.300565345422822,0.216,0.185,1,"EIF2AK1"
0.0986334632177457,-0.300548983982126,0.24,0.325,1,"MAP3K4"
0.00508019279233955,-0.300473217988949,0.678,0.785,1,"CAST"
0.131112107955904,-0.300466049061526,0.286,0.36,1,"AHR"
0.131425317019999,-0.300378378815589,0.65,0.715,1,"GLS"
0.255624973163674,-0.300378267247911,0.23,0.275,1,"TSR3"
0.0570594727526982,-0.300326155893846,0.251,0.35,1,"MPC2"
0.186796182366084,-0.300282120312431,0.148,0.2,1,"NAA15"
0.173228660744332,0.300223314841,0.314,0.27,1,"RBM27"
0.555672204545169,0.300074507705544,0.208,0.195,1,"CCNT2"
0.153093187134807,-0.299996672512021,0.177,0.24,1,"FAM162A"
0.351010878532469,-0.299818763599628,0.092,0.12,1,"RBKS"
0.565489624685936,-0.299668580200848,0.11,0.13,1,"NT5C2"
0.185257544216957,-0.299500047886958,0.276,0.34,1,"HUWE1"
0.170690218393112,-0.299453473632201,0.17,0.23,1,"ABHD5"
0.043495958211903,0.299448246443879,0.611,0.585,1,"UQCR10"
0.20351583682162,0.299426250656133,0.424,0.415,1,"TRAPPC10"
0.316954293139994,0.299367679687868,0.226,0.195,1,"UBAP2"
0.352171627834776,-0.299256709621309,0.074,0.1,1,"CYB5R1"
0.167766983910493,-0.299253867786234,0.095,0.14,1,"EXOC6B"
0.253905127588235,0.299207374753323,0.452,0.44,1,"POLR2K"
0.0655314854880856,-0.299167556108176,0.177,0.26,1,"APOL3"
0.0637426985773566,-0.2990846711318,0.371,0.48,1,"PHB2"
0.0910254720566035,0.299055424832981,0.484,0.46,1,"UQCRQ"
0.429891778370719,0.298892506122286,0.12,0.1,1,"SNRNP48"
0.524060523131445,-0.298777583284723,0.081,0.1,1,"ELP1"
0.534876095765173,0.298669732894444,0.166,0.15,1,"COMMD2"
0.213111305954229,-0.298663780389079,0.131,0.175,1,"PFDN6"
0.603108299185201,-0.29864953849776,0.325,0.345,1,"GALNT10"
0.196276787386297,-0.298580710154516,0.318,0.375,1,"CMC2"
0.00721345107122058,-0.298559436671472,0.894,0.955,1,"SQSTM1"
0.321623913494357,-0.298357213777012,0.148,0.19,1,"SEC22C"
0.19257690304056,0.298332621277602,0.392,0.355,1,"PSMA3"
0.293799823886205,-0.298182306578124,0.304,0.355,1,"COX14"
0.465156399387928,-0.298172240282606,0.131,0.16,1,"TTLL5"
0.189179474282663,0.29813832611986,0.382,0.35,1,"FBXO34"
0.363278703486034,0.297991899434259,0.247,0.22,1,"C1D"
0.167164990845247,-0.29796219407993,0.191,0.25,1,"ENSG00000291136"
0.284120593230177,-0.297448242357565,0.071,0.1,1,"ENSG00000254420"
0.257915365912924,-0.297436953216853,0.127,0.17,1,"BET1L"
0.083174190997132,-0.297350933052745,0.223,0.31,1,"BTG3"
0.90016940794352,0.297256401507315,0.318,0.355,1,"MARCHF7"
0.831288331807054,0.297054729259414,0.505,0.56,1,"SAMSN1"
0.633918986450655,0.29681074945428,0.159,0.15,1,"PARP12"
0.486464390050808,0.296671287751645,0.187,0.17,1,"HAT1"
0.105112382222168,0.296581562575702,0.502,0.445,1,"TXN"
0.281946376401021,0.29648959482135,0.216,0.18,1,"COPG1"
0.0492704940391083,0.296274928237642,0.721,0.645,1,"CNN2"
0.129590046371195,-0.295996931083657,0.187,0.26,1,"GAK"
0.0323760354609696,-0.29555701257106,0.3,0.435,1,"METTL9"
0.0111532558238709,0.295358480341011,0.799,0.745,1,"SH2D2A"
0.209360893089831,0.295235974593435,0.442,0.43,1,"ARPP19"
0.466425437897218,0.295081890820387,0.198,0.18,1,"DDA1"
0.764122298841177,0.294974222095154,0.12,0.14,1,"ZC3H4"
0.368036506716487,-0.294847913047372,0.106,0.135,1,"MRPL27"
0.935564915211736,0.294700907309748,0.099,0.105,1,"DTNBP1"
0.19415099611144,-0.29469176469465,0.17,0.225,1,"CBLL1"
0.188217708756016,0.294507615832966,0.283,0.235,1,"CYP20A1"
0.433786069353653,0.294465052671108,0.208,0.19,1,"TBC1D10C"
0.131809835859062,-0.294412832628148,0.269,0.355,1,"USP36"
0.0655566137295472,0.294253669273534,0.47,0.41,1,"RAB14"
0.152876560225492,-0.294195843459561,0.35,0.455,1,"GTF3C6"
0.946722226840759,0.294146773956359,0.117,0.125,1,"PGAP6"
0.23266606081417,-0.294091524026361,0.124,0.165,1,"SNAPIN"
0.551271794823165,-0.29398634044258,0.088,0.105,1,"ENSG00000235978"
0.428862696034699,-0.293917970422656,0.276,0.315,1,"AATF"
0.5601610166706,0.293891309729471,0.244,0.235,1,"IWS1"
0.209822294616783,-0.293848226340833,0.152,0.205,1,"TBC1D23"
0.234517380366152,-0.293789939862741,0.247,0.31,1,"CLK4"
0.0218096979343466,0.293693525834211,0.548,0.44,1,"ADSS2"
0.0189270730142657,-0.293507305606008,0.919,0.95,1,"MBNL1"
0.328360576043172,-0.293059507983433,0.205,0.24,1,"LSM10"
0.554750164069323,-0.292983975610329,0.088,0.105,1,"NELFB"
0.251449907609507,0.292838618442097,0.265,0.23,1,"DUS1L"
0.455737533931852,0.292596376222605,0.216,0.195,1,"NLRP1"
0.154582519016869,0.292521154254053,0.403,0.37,1,"RAB22A"
0.625549891373981,0.292450658138391,0.184,0.175,1,"RNASEH2C"
0.255989956792847,-0.292310426399106,0.226,0.28,1,"DYNLL2"
0.0954312967668654,-0.292188950285767,0.258,0.35,1,"CDC123"
0.33383013284133,0.291469419084543,0.339,0.32,1,"CPNE1"
0.47926424765226,0.291247321041405,0.223,0.205,1,"SEC63"
0.640815777337029,-0.291200248379256,0.099,0.115,1,"ENSG00000291203"
0.637514340637865,0.291195479068787,0.106,0.095,1,"PGGT1B"
0.217412175100274,-0.291140577010211,0.11,0.15,1,"MRPS31"
0.201634439233456,0.291005375881998,0.293,0.245,1,"REXO2"
0.343324994604676,0.290994586684109,0.382,0.375,1,"DDB1"
0.337995252699163,-0.29083903202934,0.145,0.18,1,"PRORP"
0.199333418625482,-0.290782947942157,0.276,0.355,1,"SMG1"
0.134543674841231,-0.290636516609375,0.929,0.92,1,"ACTG1"
0.144523242276836,0.29041712970206,0.459,0.41,1,"FEZ1"
0.813125290282851,0.290362828458185,0.23,0.24,1,"DCP2"
0.725646008607896,0.290182578591524,0.138,0.13,1,"ASXL2"
0.347524843881959,0.290104740338421,0.163,0.135,1,"WARS2"
0.794859187822941,0.28992380120566,0.216,0.225,1,"ZZEF1"
0.133326909241851,0.289877775370282,0.403,0.365,1,"BCAP31"
0.163297707412271,0.289849044707222,0.375,0.32,1,"TMCO1"
0.0320579914979291,0.289799638378395,0.749,0.755,1,"CD247"
0.374514463310287,0.289602124883418,0.131,0.105,1,"SPRING1"
0.0452977153606789,-0.289339728472244,0.155,0.24,1,"LRCH1"
0.391167410821516,-0.289274357218646,0.124,0.15,1,"MPLKIP"
0.202375623119777,0.289221068839213,0.276,0.235,1,"MICOS10"
0.425030551412364,0.289097016099533,0.565,0.595,1,"ZC3H12A"
0.478247233439932,0.288822232730266,0.438,0.45,1,"PAXX"
0.557559558015748,-0.288602748061305,0.092,0.11,1,"STX1A"
0.403278923153836,0.28854316430914,0.346,0.34,1,"DNAJC21"
0.231980094487833,0.288405728647703,0.322,0.29,1,"CWC15"
0.6549595038761,0.288270254286378,0.138,0.13,1,"MCUR1"
0.0014888063995592,-0.288164469424775,0.201,0.36,1,"CRIP2"
0.886829311209963,0.288117805849723,0.148,0.155,1,"SFT2D1"
0.360061691774439,0.288022675045331,0.216,0.185,1,"ZBTB44"
0.223147665140827,0.287822956259268,0.389,0.365,1,"SENP6"
0.271510402762373,-0.287424482746115,0.201,0.25,1,"TRAC"
0.144781605923508,-0.287103613722422,0.3,0.4,1,"TMEM208"
0.229624439588894,-0.286941932941829,0.11,0.15,1,"TMOD2"
0.111716529501174,-0.286925916320591,0.173,0.24,1,"LATS1"
0.454004100749465,0.28690800209198,0.138,0.115,1,"ARHGAP25"
0.270078422428682,-0.286891821100513,0.406,0.455,1,"DUSP10"
0.959297720469722,0.286853180246714,0.124,0.13,1,"PI4K2A"
0.63861814190569,0.286793312517401,0.113,0.105,1,"VKORC1L1"
0.186155434298951,0.286301727299393,0.141,0.1,1,"MCM7"
0.216438242859956,-0.286260487113296,0.155,0.205,1,"MED19"
0.198255051290996,0.286239379804159,0.449,0.435,1,"FBXO7"
0.513051926649362,-0.286234435377331,0.095,0.115,1,"IL17RA"
0.432341654464516,0.286135504378239,0.177,0.155,1,"SNX14"
0.28754371595316,0.286022113981783,0.208,0.175,1,"MNAT1"
0.52986856197492,0.285875774446338,0.12,0.105,1,"CORO1C"
0.498768217715203,0.285717835634446,0.102,0.085,1,"PBX3"
0.256457139926933,0.285327921831558,0.332,0.3,1,"RNF114"
0.787218247480282,0.285289516388241,0.403,0.435,1,"EVL"
0.607567608650883,0.285266106159378,0.117,0.105,1,"TEPSIN"
0.101244974259377,0.285166630444071,0.618,0.56,1,"LCP2"
0.0682863400156542,0.285131147064626,0.601,0.57,1,"CSNK2B"
0.302318193564265,0.285030385201083,0.406,0.395,1,"CGGBP1"
0.487250202682339,0.284615479604118,0.117,0.1,1,"ENSG00000290927"
0.873777912269259,0.284540572238279,0.127,0.13,1,"TSNAX"
0.139892621876593,-0.284498855971078,0.124,0.175,1,"SH3GL1"
0.359630492585058,-0.284414759802592,0.145,0.18,1,"GTF2E2"
0.288502016261906,-0.284288774391523,0.12,0.16,1,"MDM4"
0.0818576872261496,-0.284197035204232,0.127,0.195,1,"PRPF39"
0.660357929642002,0.28415418151597,0.24,0.245,1,"STMP1"
0.0618443867891628,-0.284067142579748,0.318,0.435,1,"ATF4"
0.21333738863039,-0.283604223478753,0.102,0.145,1,"ARFIP1"
0.147041981458552,-0.283556428204983,0.286,0.375,1,"BRD7"
0.31597407495031,-0.28330433398193,0.41,0.47,1,"SMAP2"
0.252474184383977,-0.283123142783549,0.258,0.315,1,"CHCHD3"
0.18164323279872,0.283056831060377,0.42,0.38,1,"ATP5MJ"
0.0818508982473468,0.283036858386511,0.562,0.5,1,"CAP1"
0.0942347487139117,-0.283019954837973,0.247,0.325,1,"TBPL1"
0.207331024383193,0.283005860205077,0.389,0.375,1,"ARHGAP45"
0.294895038309319,-0.282996825924554,0.127,0.165,1,"CDC25B"
0.255426119141554,-0.282975791704483,0.173,0.225,1,"SAMD4B"
0.553771111616953,0.282735154151117,0.279,0.275,1,"APOL6"
0.436641139356487,0.282262339583068,0.131,0.11,1,"XYLT1"
0.153089274476551,0.282071661127091,0.435,0.405,1,"PDIA6"
0.85420601901381,0.282058003058246,0.141,0.155,1,"MRPS10"
0.481763242606745,-0.282015194033445,0.11,0.13,1,"CEP83"
0.895057905329667,0.281849372878477,0.092,0.1,1,"LRRC8A"
0.848354538067672,0.281764404488939,0.148,0.15,1,"TTC21B"
0.146682888915415,-0.281734972548614,0.36,0.445,1,"FNBP4"
0.270275258517664,-0.281652336456548,0.134,0.175,1,"FIBP"
0.476008652110304,-0.281628971522429,0.17,0.195,1,"BABAM2"
0.0895449479645611,0.281394653994397,0.569,0.535,1,"SMCHD1"
0.523175702964887,0.281290834896027,0.163,0.145,1,"STK39"
0.332657446387596,-0.281195748710645,0.152,0.19,1,"BLTP2"
0.733745812913749,-0.28089325478265,0.159,0.17,1,"ALDH9A1"
0.0496881896644091,0.280887159417125,0.297,0.225,1,"HSPA1A"
0.45151042957688,0.280861827108044,0.24,0.225,1,"DNAJC5"
0.177670489933672,-0.280794797295326,0.17,0.23,1,"SLC30A5"
0.371686072210252,0.280727939080212,0.184,0.16,1,"PPM1K"
0.183088727207842,-0.280417425507967,0.131,0.18,1,"ZMPSTE24"
0.204607280190503,-0.280336108382288,0.177,0.24,1,"NRAS"
0.584088662619592,0.280318696097187,0.117,0.105,1,"GPR137B"
0.394312184816933,-0.27995895489879,0.106,0.13,1,"SLC25A33"
0.250897801726581,0.27995670301483,0.148,0.115,1,"PHLDB2"
0.70868025769405,0.279657125075744,0.201,0.2,1,"SCAF8"
0.872395464843966,0.279211075157064,0.191,0.195,1,"NLRC3"
0.719813786511288,0.279202207421404,0.219,0.22,1,"MICU2"
0.0884065407180716,0.279177675793221,0.463,0.405,1,"MAP4K5"
0.198894680635769,-0.279070717746968,0.191,0.25,1,"CUX1"
0.998664565848231,0.278898663976146,0.131,0.14,1,"BET1"
0.119023803231171,-0.278862410401507,0.24,0.315,1,"KLHL28"
0.56459939305759,0.278684982324219,0.106,0.095,1,"DCTD"
0.410048237485641,-0.278634203453892,0.102,0.13,1,"TFDP1"
0.229461933571127,-0.278620520829368,0.216,0.27,1,"DNM1L"
0.188880605403853,-0.27860114033526,0.237,0.305,1,"TMEM131L"
0.224391063606643,-0.278501252840509,0.099,0.14,1,"LIN7C"
0.178087235945715,-0.278398100739346,0.322,0.4,1,"HELZ"
0.348770119177791,-0.278281713520212,0.113,0.145,1,"KXD1"
0.481607016232639,0.27827183543351,0.102,0.085,1,"ZNF44"
0.998552112044052,0.278202412904057,0.11,0.115,1,"SLC30A1"
0.277298925108762,0.278149768018256,0.336,0.31,1,"MXD1"
0.517102962529641,-0.278003656307107,0.081,0.1,1,"CHSY1"
0.632899053318565,-0.277773384231599,0.163,0.18,1,"NCOR2"
0.519344791719404,0.277722679644189,0.311,0.305,1,"TSC22D2"
0.444877702805581,0.277601948420398,0.173,0.2,1,"MT1E"
0.603738168156875,0.27759820918187,0.159,0.145,1,"NUP160"
0.279169592401529,-0.277580370309078,0.071,0.1,1,"BAZ2B"
0.260746708368926,-0.277570724121973,0.184,0.235,1,"NEPRO"
0.12872131418303,-0.277461864357636,0.413,0.495,1,"HNRNPL"
0.171158723324569,-0.277440025613053,0.145,0.2,1,"PRCC"
0.828387451281889,-0.277425716201039,0.117,0.12,1,"EZH1"
0.56619645531317,-0.277332319770133,0.127,0.15,1,"MLXIP"
0.63358066151366,-0.277257379001298,0.102,0.115,1,"PRRC1"
0.197287974739822,-0.277141416749913,0.265,0.34,1,"TUSC2"
0.819299792340335,0.277015077972751,0.339,0.375,1,"SARNP"
0.00551100964471745,0.276695789888665,0.633,0.52,1,"EWSR1"
0.319334915123533,-0.276497829731692,0.18,0.225,1,"LMF2"
0.335469356123705,0.276440545223075,0.276,0.25,1,"ATOX1"
0.156459839616418,0.276295245707874,0.555,0.515,1,"POLR2A"
0.738835724549885,0.276282301044351,0.102,0.095,1,"SEC23IP"
0.60680050085825,0.276190487444709,0.173,0.16,1,"RYK"
0.37378778589091,-0.276062998676382,0.452,0.51,1,"CCNY"
0.0449284094374817,-0.275886173349358,0.703,0.765,1,"BACH2"
0.277307911900427,0.275738084862782,0.237,0.2,1,"ZNF664"
0.235514459727503,-0.275607828215108,0.247,0.31,1,"LRCH3"
0.601834488466625,0.275581966678628,0.138,0.125,1,"NDUFB5"
0.215371186397584,0.275409716120081,0.385,0.355,1,"BLOC1S2"
0.473552595586138,-0.27532655854112,0.177,0.2,1,"TOR1A"
0.0811050744185103,-0.275026897033759,0.166,0.24,1,"MYC"
0.0731973446674538,0.274930341939584,0.194,0.13,1,"DLEU1"
0.121267617310345,-0.274919249952522,0.428,0.505,1,"GPCPD1"
0.439021644662461,-0.274777675638557,0.159,0.19,1,"MBD5"
0.767671385883705,0.274717192602264,0.138,0.135,1,"CNOT6"
0.351302949452503,0.274435401211415,0.198,0.17,1,"TDG"
0.000533927503407519,-0.274167389617828,1,1,1,"MT-CO3"
0.40116365587079,-0.274126303933255,0.088,0.115,1,"TOM1L2"
0.673084776094089,0.273985415073496,0.145,0.135,1,"TPGS2"
0.212103619275949,0.273708792938509,0.392,0.36,1,"KPNA4"
0.136951340095886,-0.273519404373452,0.163,0.225,1,"RABGAP1"
0.467779513856485,-0.273514692079878,0.113,0.135,1,"JAK3"
0.265859322272171,0.273436827340953,0.424,0.415,1,"SETD5"
0.830896714558041,0.273389889071211,0.095,0.105,1,"ZER1"
0.469398003463823,0.273319483630836,0.527,0.53,1,"HNRNPLL"
0.674841261801131,0.273213076563666,0.159,0.15,1,"USP48"
0.0527213573721601,-0.273040697783308,0.527,0.665,1,"TC2N"
0.174793390033033,0.272892287235817,0.417,0.385,1,"CCT5"
0.177138075975404,-0.272817071134293,0.251,0.325,1,"EMC6"
0.235009813288367,-0.272594543956384,0.099,0.14,1,"ANKRD54"
0.458948823987168,0.272392572457495,0.233,0.215,1,"SUZ12"
0.941561156022508,0.272274802634547,0.12,0.125,1,"BBS9"
0.288387555991437,0.272163707474367,0.18,0.145,1,"ECHDC1"
0.209313917370288,-0.272139956819346,0.247,0.315,1,"DNMT1"
0.610324825835596,-0.272105597323988,0.12,0.14,1,"ZNF12"
0.407902383482036,0.272056569396182,0.318,0.295,1,"RAB5A"
0.174226648558487,0.271996696504833,0.477,0.43,1,"MYDGF"
0.248456711701247,-0.271931921050533,0.247,0.3,1,"NEK1"
0.409832186305553,-0.271821123876942,0.124,0.155,1,"CHFR"
0.968312854517308,0.271755364976365,0.201,0.215,1,"ERO1A"
0.844953134158366,0.27158495760445,0.29,0.31,1,"PPP1R18"
0.382992006020311,-0.271462833185912,0.106,0.135,1,"CHUK"
0.249509301392019,-0.27138261693097,0.435,0.49,1,"DYNC1H1"
0.435967291741851,-0.27131548538671,0.11,0.135,1,"NOP16"
0.613433399786748,0.271010260869475,0.184,0.17,1,"ZKSCAN1"
0.894608889881888,0.270970765598789,0.12,0.12,1,"C19orf25"
0.533445533020799,0.270845868848253,0.311,0.31,1,"RAB9A"
0.970585572988896,0.27064737147962,0.177,0.19,1,"GLMN"
0.388907690618912,-0.270478758589114,0.226,0.27,1,"CLPP"
0.162626062349026,0.270463112982387,0.661,0.67,1,"PCED1B-AS1"
0.362462205967233,-0.270430787849224,0.23,0.28,1,"BANF1"
0.578784187594664,-0.27037272503586,0.12,0.14,1,"CLEC16A"
0.102163856573972,-0.270135950102299,0.138,0.2,1,"HMGCS1"
0.241575980384672,-0.270104966212304,0.177,0.23,1,"STAM"
0.605503056879476,0.269878724950165,0.155,0.14,1,"SAE1"
0.381847787611637,-0.269863608156445,0.148,0.18,1,"BAK1"
0.179343001608195,-0.269822040150107,0.226,0.295,1,"OFD1"
0.477963667373071,0.269817901010059,0.272,0.255,1,"USP11"
0.205582634331982,-0.269803381393247,0.187,0.24,1,"ATP6V1B2"
0.0739637251052822,-0.269713404022964,0.24,0.34,1,"RBM22"
0.0282145962671511,0.269481538254943,0.82,0.81,1,"CALR"
0.135050688835888,0.269250290341237,0.396,0.355,1,"SEC11A"
0.251242391989253,-0.269139219104386,0.155,0.2,1,"HIGD1A"
0.894299058025649,-0.268769105178894,0.18,0.18,1,"MX1"
0.349902671771354,-0.268720191678202,0.731,0.78,1,"ZFP36L1"
0.204520231577406,0.268692551202513,0.403,0.365,1,"SAFB2"
0.198583561473907,-0.268612091822915,0.148,0.195,1,"BZW2"
0.337714525670985,0.268485828244541,0.371,0.345,1,"HSPH1"
0.225134031641253,-0.26843161220892,0.251,0.31,1,"BCL2"
0.191356624032078,-0.268415010519489,0.212,0.27,1,"FAM3C"
0.353715546409967,0.268414976855225,0.258,0.235,1,"DIP2B"
0.597227921628301,-0.268159781485402,0.085,0.1,1,"SLC25A12"
0.548271967434331,0.268061619703954,0.201,0.19,1,"PSTPIP1"
0.433407151793842,0.267622909357604,0.155,0.135,1,"TMEM214"
0.724178379685928,0.267280461314562,0.208,0.21,1,"BMI1"
0.112930074737992,-0.267196412895702,0.088,0.14,1,"LRIF1"
0.121453924578066,-0.267035138441271,0.148,0.205,1,"PGLS"
0.421711212449966,-0.26685565927977,0.138,0.17,1,"SSBP2"
0.208383594535537,-0.266700833570383,0.3,0.365,1,"MACO1"
0.709858655613717,0.266477995247437,0.113,0.105,1,"MOAP1"
0.327044588209589,0.266475076748786,0.322,0.29,1,"COX16"
0.444611155978351,0.266393217953768,0.166,0.15,1,"SEC24D"
0.323217687428209,-0.266232225416497,0.177,0.22,1,"PSEN1"
0.196241041078697,-0.266188647953167,0.113,0.16,1,"UST"
0.563094872458711,0.266179443754788,0.124,0.11,1,"RPP30"
0.232696695966662,-0.266047679899247,0.095,0.135,1,"UBA5"
0.167448861235806,-0.266024898163198,0.371,0.45,1,"ARL6IP4"
0.909195444063823,0.265907124302297,0.11,0.11,1,"GNB5"
0.227586772728024,0.26581189295139,0.604,0.62,1,"RPL22L1"
0.718053431121907,0.265736248643559,0.148,0.145,1,"UTP6"
0.154091894203187,0.265686114031184,0.647,0.59,1,"ARAP2"
0.742963461164143,0.265558059207261,0.191,0.19,1,"STX4"
0.276521392579586,-0.265422512306343,0.177,0.225,1,"HSD17B10"
0.219861975190864,-0.265413214421207,0.131,0.175,1,"BANP"
0.35534422860725,0.265306882532185,0.537,0.54,1,"ADAR"
0.492146338488588,-0.265194508240025,0.163,0.19,1,"THAP4"
0.124249592423786,0.264965538059913,0.484,0.435,1,"TAP1"
0.408560297361331,0.264639787800332,0.35,0.34,1,"STUB1"
0.551213120838677,0.264499119578884,0.318,0.31,1,"TRIM22"
0.22955411845263,0.264447228358734,0.36,0.335,1,"CTSC"
0.289321046534925,0.264404655739178,0.269,0.235,1,"NDUFV1"
0.0442755635000408,-0.264400465277096,0.212,0.31,1,"M6PR"
0.916935371405887,0.264361769325576,0.11,0.11,1,"HPS3"
0.466144813607923,0.264218164721538,0.163,0.145,1,"CYB561"
0.723642285279331,0.264208615069706,0.131,0.125,1,"DCUN1D1"
0.333512593771967,0.26412616139946,0.216,0.185,1,"SLC1A5"
0.307467203811186,-0.264106062332026,0.11,0.145,1,"ZNF609"
0.337974069337093,0.264097814537779,0.173,0.145,1,"CHCHD1"
0.0597369363876284,0.264005657911294,0.64,0.57,1,"UPP1"
0.344620764448819,-0.263897325596446,0.127,0.16,1,"LSG1"
0.188325597519977,-0.263820598850006,0.155,0.21,1,"NMT1"
0.560070087783138,0.263278360172045,0.11,0.095,1,"L3MBTL3"
0.844274385447814,0.262984839813751,0.102,0.1,1,"DCPS"
0.276429619345225,-0.262935438642822,0.152,0.195,1,"PPP6R2"
0.201066371034266,0.26280718628865,0.551,0.54,1,"PRR13"
0.537859779147558,-0.262522911535748,0.11,0.13,1,"TAGAP-AS1"
0.13750691689006,-0.262494819681422,0.424,0.515,1,"ISCA1"
0.531325549422805,0.262398938043861,0.311,0.31,1,"PPP3R1"
0.550597447158587,0.262384283037138,0.187,0.175,1,"HMBOX1"
0.251589274600758,-0.262180436419521,0.117,0.16,1,"IQSEC1"
0.901909703146562,0.262115621156036,0.261,0.275,1,"UVRAG"
0.501611254197704,0.262069587714439,0.205,0.19,1,"MARCHF3"
0.622024965792235,0.261912309625997,0.117,0.105,1,"RPF1"
0.190533888110051,-0.261899274014047,0.131,0.18,1,"PPP3CB"
0.0286883511752968,0.261875817894257,0.717,0.7,1,"HNRNPA3"
0.00555080543115976,0.261782578700514,0.466,0.375,1,"CYTOR"
0.244634540697757,-0.261736955490718,0.11,0.15,1,"RIN3"
0.192827993324577,-0.261650121776954,0.629,0.68,1,"TLE5"
0.750447633362795,0.261437822453981,0.223,0.225,1,"NEMF"
0.972834510418749,0.261376775015315,0.141,0.15,1,"POLR2H"
0.570550884287053,-0.261166490999242,0.194,0.22,1,"PTPN11"
0.250852181519773,0.260973856127976,0.208,0.175,1,"ENSG00000236449"
0.371508880433744,0.260914297523322,0.261,0.24,1,"CCDC92"
0.128756610000492,0.260712445013864,0.371,0.315,1,"FMNL1-DT"
0.876262309822739,0.260664933471854,0.18,0.2,1,"XPR1"
0.112759509343296,-0.260619397349751,0.615,0.67,1,"EIF5"
0.266059092382933,0.260447628713731,0.187,0.15,1,"ENSG00000291107"
0.703166080718063,0.260376313362377,0.138,0.13,1,"ZNF37A"
0.163034946048329,-0.260313991062675,0.293,0.375,1,"RBBP6"
0.706417305618718,0.260219790993883,0.23,0.225,1,"TMEM131"
0.635348568874988,-0.26021903341571,0.113,0.13,1,"DDX20"
0.766679418562736,0.259973011211064,0.187,0.185,1,"SLC16A1"
0.377906175483055,-0.259843338654595,0.41,0.47,1,"MPHOSPH8"
0.631974000971409,-0.259648217942093,0.219,0.24,1,"CNPY3"
0.131302084426344,0.259550392098817,0.3,0.255,1,"SPN"
0.300790130192358,-0.259360720366553,0.152,0.195,1,"SUSD6"
0.428401304821616,0.259274405345678,0.47,0.475,1,"RIPOR2"
0.14663663517061,-0.258664789901095,0.191,0.255,1,"TMUB1"
0.0857589782235948,0.258360050198121,0.516,0.455,1,"DSTN"
0.392430914747416,0.258151595061671,0.332,0.32,1,"CCDC167"
0.572781652345559,0.258027657664054,0.11,0.095,1,"KCTD10"
0.681416591232427,0.258017285958978,0.134,0.125,1,"KDM3B"
0.208300709730556,-0.257846481431813,0.212,0.265,1,"MRPL21"
0.538625224059651,0.257670964527577,0.127,0.11,1,"ASB8"
0.933706102566193,0.257664193131869,0.3,0.335,1,"NUCKS1"
0.188100275805334,-0.257661849214282,0.145,0.195,1,"CCDC82"
0.778210156376658,0.257561126227287,0.198,0.225,1,"MAML2"
0.353419201843549,-0.257512725196386,0.155,0.19,1,"TRAPPC2L"
0.68282095758325,0.25738958026778,0.092,0.11,1,"TMEM223"
0.70143115743609,0.257189869807197,0.258,0.26,1,"E2F4"
0.145581000983454,-0.257089378387769,0.286,0.365,1,"NXF1"
0.997292928847749,0.257040888172576,0.127,0.135,1,"POP7"
0.249554595724444,0.256890531787617,0.428,0.4,1,"PTPN1"
0.326744240952207,-0.25681491109791,0.297,0.355,1,"IST1"
0.961732216667306,0.256807356490036,0.131,0.14,1,"ATXN7L1"
0.413801510861101,0.256760045928828,0.187,0.16,1,"SLC7A1"
0.0270362530701782,0.256675600943955,0.597,0.565,1,"PSMA2"
0.973080592644262,0.256520994115395,0.12,0.125,1,"WDR86-AS1"
0.143839713423742,-0.256420599034378,0.106,0.16,1,"GRIPAP1"
0.482889140070551,-0.25635871134549,0.095,0.115,1,"GXYLT1"
0.387052497002371,0.256357926288004,0.219,0.195,1,"ZDHHC18"
0.265975813722217,0.256310672144056,0.339,0.31,1,"EIF4E"
0.514636852113881,0.256304969562038,0.141,0.125,1,"STX2"
0.283008702779118,-0.2562108122479,0.435,0.525,1,"MAPKAPK2"
0.477187265914968,0.255914055999566,0.452,0.46,1,"CDK2AP2"
0.299239850000252,0.255760099042857,0.166,0.135,1,"NBPF26"
0.256320613465831,-0.255751365339439,0.12,0.16,1,"PPIH"
0.878406208693898,0.255690527216375,0.152,0.165,1,"YTHDC2"
0.495363459463371,-0.255449627865156,0.117,0.14,1,"TRIAP1"
0.233783281564163,-0.255303097403826,0.41,0.47,1,"B4GALT1"
0.109054750293813,-0.254910897381651,0.141,0.21,1,"HIVEP1"
0.188750285126529,-0.254905417451193,0.23,0.295,1,"RASA1"
0.0017943675093957,-0.25485121731109,0.88,0.96,1,"IL7R"
0.438953600274525,-0.2547204973696,0.078,0.1,1,"SLC9B2"
0.620364114848805,0.254696528425964,0.261,0.29,1,"CD83"
0.110286367244056,0.25466556346822,0.417,0.36,1,"DDX18"
0.470415716216702,0.254573993732434,0.148,0.13,1,"MCTP2"
0.598591787761718,-0.254295105342225,0.495,0.515,1,"NEU1"
0.525543825166004,0.254231269759221,0.127,0.11,1,"MRPL37"
0.907745135961084,0.254211122190243,0.11,0.11,1,"PABIR3"
0.887472948023315,0.254173205865481,0.124,0.125,1,"DCUN1D5"
0.116535398513121,0.253801785748877,0.456,0.4,1,"NEDD8"
0.940540189078622,0.253800041735732,0.127,0.13,1,"MPHOSPH6"
0.220156532056275,-0.253749674981822,0.36,0.45,1,"GMFG"
0.32468423137331,-0.253686752705428,0.24,0.29,1,"ATP6V1D"
0.741214996024655,0.253474903099323,0.134,0.13,1,"EED"
0.371573739689616,-0.253371946243386,0.279,0.325,1,"SS18"
0.00206350506246686,0.253344596485383,0.975,0.975,1,"OAZ1"
0.23942703309957,-0.253262917318239,0.258,0.32,1,"FNTA"
0.0870257775726145,-0.253155666902608,0.208,0.3,1,"SAMHD1"
0.268548343833894,-0.252972367285427,0.099,0.135,1,"COMT"
0.569491718188947,-0.252897298454746,0.11,0.13,1,"ESS2"
0.153114135170045,-0.252846743927988,0.587,0.66,1,"C12orf57"
0.398325685160602,0.252118492463076,0.191,0.165,1,"PARL"
0.2612060470358,-0.251928299094451,0.166,0.215,1,"RBM48"
0.419440405087947,-0.25188937179731,0.166,0.195,1,"CHKB"
0.378756284519409,0.251809024817088,0.163,0.14,1,"LMBR1L"
0.00117837080593886,0.251711289891433,1,0.965,1,"HLA-E"
0.688617345578751,0.251644964950225,0.17,0.165,1,"SLC25A4"
0.313994820433093,-0.251501075847113,0.293,0.37,1,"NDUFA5"
0.595770784967237,0.251470661753921,0.187,0.175,1,"CTDSP1"
0.706765270968183,0.251418231859948,0.117,0.11,1,"TOGARAM1"
0.266768405752724,0.251294869611193,0.385,0.36,1,"SCAMP2"
0.908131929061575,0.251235342228847,0.155,0.16,1,"GANAB"
0.574405410740469,0.251171065704078,0.113,0.1,1,"FBXW4"
0.168521159654085,0.250959755116617,0.527,0.525,1,"SETD2"
0.262630669677874,0.250952968170477,0.145,0.11,1,"PTPN9"
0.0125851490814006,0.25079288463602,0.876,0.86,1,"HNRNPC"
0.211551114989675,-0.250735734190491,0.237,0.295,1,"NDUFA10"
0.0453535962628786,0.250565480807266,0.905,0.875,1,"GNG2"
0.394430020076905,-0.250536908513598,0.134,0.165,1,"FAM120A"
0.33685924478361,-0.250461772726896,0.371,0.42,1,"KMT2C"
0.215501429288227,-0.250421366353537,0.102,0.145,1,"GPR137"
0.620691291851679,0.250225764128467,0.102,0.09,1,"TAF1C"
0.607216291193295,0.250181177189021,0.261,0.255,1,"CCAR1"
0.781178814147296,0.25002224535158,0.184,0.18,1,"EIF4EBP1"
0.199003688200321,-0.249850713797569,0.332,0.41,1,"MAPK8"
0.706242071915781,0.249789178272457,0.124,0.115,1,"HARS2"
0.631000979206242,0.24943916590706,0.177,0.165,1,"TERF2"
0.0927734729635051,0.249052671990527,0.378,0.325,1,"SYNGR2"
0.623393813063979,0.249041532732283,0.127,0.115,1,"ZNF281"
0.533981925645315,0.248999996184275,0.3,0.285,1,"ANP32A"
0.0140339703851684,0.248922545510977,0.908,0.91,1,"PPIB"
0.468293221098076,-0.248557679652015,0.102,0.125,1,"SUN1"
0.0868965021109254,0.248273791598602,0.636,0.62,1,"ANXA5"
0.00132287783810042,-0.248272787801964,0.989,0.985,1,"MT-ND1"
0.48766463326633,0.248240465373485,0.251,0.245,1,"PMF1"
0.662329803795085,0.247974840987853,0.332,0.335,1,"ERLEC1"
0.0266945805714827,0.247861692365177,0.53,0.44,1,"ITGA4"
0.408751563522754,-0.247715088710152,0.198,0.235,1,"EXOSC6"
0.577077438758127,0.247483669235062,0.219,0.205,1,"KLHL20"
0.827505663693768,0.247324261058076,0.127,0.125,1,"GPAT4"
0.818190190945308,0.247283896999546,0.272,0.295,1,"VDAC3"
0.183129340295326,0.247039014347426,0.527,0.5,1,"EIF3I"
0.65172784609347,0.247013368131752,0.442,0.475,1,"RBX1"
0.599196091394359,-0.246955391305675,0.258,0.285,1,"SNHG1"
0.745389032731708,0.246913871010054,0.155,0.15,1,"EOMES"
0.0708238095218385,0.246659609323325,0.678,0.66,1,"STAT3"
0.765860140520935,0.246649433554718,0.131,0.125,1,"MCPH1"
0.394267881975778,-0.24661969433428,0.113,0.14,1,"CSTPP1"
0.695397591058006,0.246570855915064,0.23,0.225,1,"SLAMF7"
0.502003062188879,0.246531239723968,0.237,0.215,1,"DENND1B"
0.556378603287884,0.246527895455132,0.233,0.225,1,"IFT57"
0.161912915432001,-0.2462991927353,0.237,0.31,1,"USP16"
0.957839282468885,0.246081524423519,0.166,0.18,1,"FGD3"
0.586985501148896,-0.245972745657925,0.141,0.16,1,"MLLT3"
0.363929792670594,0.245958272482617,0.233,0.205,1,"DNAJC7"
0.880178033803993,0.245796069723654,0.124,0.125,1,"HAUS2"
0.927270895486495,0.245794359693411,0.194,0.21,1,"KLC1"
0.36301722868186,-0.245732070904397,0.251,0.3,1,"AP3B1"
0.0814096006804494,0.245706411823807,0.746,0.74,1,"HNRNPU"
0.19486947508136,0.245400884808072,0.569,0.54,1,"PCGF5"
0.301725420078753,0.245260517275177,0.382,0.37,1,"ARPC4"
0.645544714853659,0.245165423324729,0.24,0.235,1,"GRPEL1"
0.501246081767845,0.245078370580738,0.102,0.085,1,"CKAP4"
0.5141412435887,0.245072745168963,0.251,0.24,1,"UQCRC1"
0.995656355203589,0.244963389429761,0.11,0.115,1,"ZNF675"
0.674580016160564,-0.244804057504435,0.177,0.19,1,"AP5Z1"
0.0291814620451283,-0.244428791811016,0.237,0.335,1,"GADD45A"
0.219886584596215,-0.244277405527842,0.307,0.375,1,"PBRM1"
0.134768710784926,0.244268817046185,0.431,0.4,1,"ABI1"
0.1694682367386,0.244234235771779,0.562,0.575,1,"SH3GLB1"
0.4592268641124,-0.244029326745793,0.244,0.275,1,"ACSL3"
0.0455433573810084,-0.24389233967461,0.608,0.69,1,"NAP1L1"
0.167868419608028,-0.243852065414736,0.141,0.195,1,"MIS18BP1"
0.160185892635974,0.243836078786092,0.396,0.33,1,"TRABD"
0.601986286796882,0.243641431663531,0.18,0.17,1,"BID"
0.162839772387581,0.24363894163245,0.509,0.475,1,"PSMA5"
0.641126626942607,0.243622447478125,0.106,0.095,1,"WDR59"
0.553056330779164,0.243556181475803,0.233,0.215,1,"SPATS2L"
0.309139378981166,0.243184473940454,0.329,0.31,1,"PSMD1"
0.232752374856853,-0.243099349409641,0.11,0.15,1,"ZZZ3"
0.442854499944993,0.243090094510338,0.216,0.195,1,"PRKCB"
0.471495037147247,-0.243089830618406,0.307,0.345,1,"ERVK3-1"
0.149000497506084,-0.24282280076248,0.145,0.205,1,"TOB2"
0.150795554433654,-0.242612088130945,0.3,0.38,1,"RALBP1"
0.763292065315477,0.242542785052276,0.177,0.175,1,"ZNF600"
0.446751902239339,-0.242422323646585,0.201,0.24,1,"AASDHPPT"
0.845521493475116,0.242409740224476,0.244,0.26,1,"STT3A"
0.748107510160643,-0.242393481456893,0.159,0.17,1,"FBXL20"
0.641769094814697,-0.242263702109259,0.141,0.16,1,"FADD"
0.802900002361246,0.242199116180971,0.124,0.12,1,"E2F3"
0.505699683983491,0.242009553768273,0.201,0.18,1,"RPS6KB2"
0.806193123245749,0.241986073369412,0.208,0.21,1,"ZNG1B"
0.2249869062603,0.241651466781658,0.442,0.415,1,"SOS2"
0.622133636707603,0.241583515410197,0.166,0.15,1,"ABHD3"
0.265858278309227,0.241523954117061,0.346,0.32,1,"SDHB"
0.648837878180501,-0.241504760269173,0.11,0.125,1,"DCAF11"
0.0751572654922673,0.241118339253696,0.781,0.715,1,"ENO1"
0.595662340159054,0.241080678640673,0.159,0.145,1,"TIMM50"
0.190927740751615,-0.241067261952466,0.064,0.1,1,"ZNF160"
0.656432721789649,0.240918637085512,0.11,0.1,1,"EBLN3P"
0.968411695032004,-0.240805071105361,0.113,0.115,1,"SLC41A2"
0.312935078034112,0.240648464739813,0.3,0.27,1,"MAF1"
0.764927404861837,-0.240592876553403,0.212,0.225,1,"DICER1"
0.642922182376774,0.24053289399665,0.159,0.15,1,"ZNF428"
0.586076500343958,-0.240398927705522,0.325,0.365,1,"SNHG12"
0.671195633844976,0.24036680020803,0.127,0.12,1,"PACSIN2"
0.529815855121474,0.240356603231992,0.254,0.25,1,"TM2D3"
0.128231378866066,-0.240196353578582,0.099,0.15,1,"PRDX4"
0.732504620151407,0.239999609700756,0.3,0.32,1,"MMP24OS"
0.128787779065511,-0.239843754094127,0.435,0.53,1,"FLT3LG"
0.34603488297634,0.239841756806259,0.919,0.945,1,"CD74"
0.0337809452181832,0.239557264061183,0.767,0.73,1,"PIK3R1"
0.911015965259086,0.239473355796313,0.141,0.155,1,"CRACR2A"
0.228327899534227,0.239438382356254,0.42,0.41,1,"RPS27L"
0.729047239609239,0.23939451583772,0.173,0.17,1,"FBXO3"
0.681122360489872,-0.239094546886279,0.152,0.165,1,"MRPL3"
0.611065245750899,0.238836924972742,0.124,0.11,1,"SPG11"
0.110632565788222,0.238694103541318,0.534,0.48,1,"ATP5MF"
0.241525479130578,-0.238623603727132,0.138,0.185,1,"GNPAT"
0.0491013874900413,0.238607619402674,0.417,0.35,1,"MKLN1"
0.652280148466656,0.238510077562399,0.509,0.565,1,"CXCR6"
0.081908187357614,0.238235386853514,0.495,0.435,1,"MAPK1"
0.175166551936257,-0.238106706061257,0.329,0.41,1,"FBXO11"
0.670537131761731,0.238100741170358,0.191,0.185,1,"FLI1"
0.339033544175576,-0.238095618940186,0.307,0.36,1,"RALA"
0.880734604485318,-0.238013917337553,0.226,0.23,1,"TIMM8B"
0.698735442076832,0.237822880497978,0.201,0.195,1,"MED17"
0.863771353396028,0.237766709977739,0.265,0.285,1,"TALDO1"
0.722152015251049,-0.2376133733439,0.152,0.165,1,"BAIAP2"
0.409970390953443,0.237577737429787,0.466,0.475,1,"NAA50"
0.819985456660516,0.237575914323437,0.145,0.145,1,"DDRGK1"
0.568286264693236,0.237508339560349,0.336,0.34,1,"SNX1"
0.140799932016404,0.237469743563588,0.47,0.44,1,"AP2M1"
0.293525016120006,-0.23689690183621,0.148,0.19,1,"MED30"
0.572218398229079,0.236672829193316,0.208,0.195,1,"NDUFB1"
0.56024547150172,0.236573582006867,0.293,0.295,1,"DIP2A"
0.322346273314031,-0.236332563264934,0.198,0.235,1,"ENSG00000282885"
0.433786044352351,0.23633027033058,0.212,0.185,1,"DNAJC19"
0.152304570898289,-0.236224564062565,0.35,0.445,1,"PSMD9"
0.387241248998212,0.236211370524839,0.152,0.125,1,"GMPS"
0.656530388981151,0.236145014849654,0.113,0.1,1,"TRAPPC12"
0.572046418072197,0.235993442200961,0.307,0.315,1,"SSR1"
0.0177944965476315,0.235983349430999,0.954,0.955,1,"EIF4A1"
0.101875833582089,-0.235867452698828,0.247,0.325,1,"COX20"
0.172348611821278,-0.235834045293737,0.152,0.21,1,"CPEB2"
0.460546560414314,-0.23561002879556,0.127,0.155,1,"MAPK14"
0.392557595789223,-0.235561067127049,0.18,0.22,1,"NAA10"
0.366096999945765,-0.235526186039484,0.12,0.155,1,"SIAH1"
0.197629345220764,-0.235105113736042,0.269,0.34,1,"SKAP1"
0.642873104888964,0.235103194666658,0.36,0.38,1,"TOX4"
0.669392358668569,0.234713132422348,0.166,0.16,1,"ORC4"
0.0743890196062253,-0.234598794645057,0.276,0.37,1,"FAM133B"
0.216210878682137,0.234549894791502,0.527,0.505,1,"HIGD2A"
0.431454621197943,0.234175464686969,0.343,0.33,1,"MAP2K1"
0.149697015430767,-0.234069453919922,0.625,0.685,1,"CSDE1"
0.307937254645478,-0.23401762777051,0.325,0.38,1,"AKAP17A"
0.432676778497465,-0.233937701834132,0.148,0.18,1,"HSD17B11"
0.178791663980626,0.233660868430882,0.654,0.665,1,"PREX1"
0.866243395497436,0.233508406412307,0.254,0.27,1,"IMMT"
0.000389368825886943,-0.23346281909419,0.996,1,1,"MT-CYB"
0.224657776942995,-0.233461197035156,0.431,0.49,1,"TSPYL2"
0.321196078525022,-0.233445975487726,0.279,0.32,1,"EIF2S1"
0.897518915691954,0.233224508026542,0.12,0.13,1,"VAPB"
0.0749378970313178,-0.233101206442763,0.261,0.36,1,"PRKCA"
0.322314501570711,-0.233073689491366,0.131,0.165,1,"CCDC115"
0.555290738952014,0.232910594790495,0.29,0.28,1,"SMC3"
0.72535656481299,0.232824275891737,0.113,0.105,1,"MCF2L2"
0.673400252697737,0.232821417217176,0.173,0.165,1,"NFU1"
0.741503375640447,0.232815376784632,0.106,0.1,1,"FAM91A1"
0.899451343422316,-0.232699645027111,0.18,0.185,1,"TRAF4"
0.0685638972981354,-0.232456135959069,0.279,0.39,1,"RBM5"
0.266117193998224,-0.232439245377504,0.117,0.155,1,"WDR45B"
0.46854385765509,-0.232278640845251,0.261,0.295,1,"LAMTOR1"
0.0520617985258892,-0.232271487283032,0.943,0.97,1,"MT-ATP6"
0.291444535727184,0.23222052461226,0.258,0.22,1,"XPC"
0.263113911941125,0.232213455586166,0.36,0.32,1,"IFFO2"
0.382830320476265,-0.232188495176474,0.088,0.115,1,"IPO11"
0.346833669721915,0.232047977616643,0.42,0.395,1,"KANSL1"
0.79777849225687,0.232040828452459,0.155,0.155,1,"PRDX3"
0.980948383864609,0.231994993941507,0.219,0.24,1,"SENP5"
0.888988202778243,0.231968548074417,0.102,0.1,1,"MID1IP1"
0.0675429499224264,-0.23195877140344,0.636,0.775,1,"EIF3G"
0.191436630497582,-0.231927514144537,0.827,0.885,1,"NFKBIA"
0.472497583764149,0.231833970156456,0.555,0.555,1,"ZC3HAV1"
0.826735833779723,0.23179884144643,0.177,0.175,1,"SMG7"
0.733430711261602,0.231753349444886,0.155,0.15,1,"PI4KA"
0.367357939974882,-0.231656231894242,0.12,0.15,1,"ZRSR2"
0.333492552642552,0.231618427662272,0.297,0.265,1,"RBM42"
0.438840248012409,-0.231596010292464,0.272,0.305,1,"DHX15"
0.282533090050443,0.231389842759378,0.587,0.585,1,"RTRAF"
0.619076194470024,0.231325647682659,0.131,0.12,1,"MTA1"
0.953163055182387,0.231258743577691,0.141,0.145,1,"IMPA1"
0.161241621517565,-0.231227093960526,0.357,0.445,1,"IER5"
0.564875417531991,-0.231085956581541,0.223,0.26,1,"CTSS"
0.339289816983027,0.23098306329903,0.502,0.51,1,"PSMD8"
0.889222335686228,0.230929326041372,0.219,0.23,1,"TGS1"
0.724226804507222,0.23077883565648,0.191,0.22,1,"SYTL1"
0.242416390808781,-0.230560870568288,0.081,0.115,1,"NELL2"
0.0593081908434689,0.230541020190442,0.664,0.62,1,"ATP6V0E1"
0.592938298312209,0.230465068137041,0.403,0.41,1,"USP34"
0.772409343264543,0.230306618977402,0.212,0.215,1,"GLYR1"
0.152406333022265,0.230197323599758,0.64,0.615,1,"TRAM1"
0.856139320255045,0.230128826009972,0.092,0.1,1,"NHEJ1"
0.325167554987227,0.230122090247182,0.318,0.29,1,"SP3"
0.992838168857764,0.230063668352881,0.148,0.16,1,"MIEN1"
0.567975089081452,0.23002952486154,0.148,0.135,1,"TDP2"
0.42278746370216,-0.229977179246303,0.18,0.215,1,"SNRNP40"
0.453718098291772,-0.229542800570048,0.279,0.32,1,"NANS"
0.551907674049466,-0.229538475076421,0.177,0.2,1,"CYTH2"
0.228263940174596,-0.229417368617217,0.11,0.155,1,"TRIM56"
0.328659935378256,0.229007686922693,0.378,0.35,1,"TNKS2"
0.198431751825019,0.229005864655465,0.343,0.3,1,"ADIPOR1"
0.0782566562820745,-0.228960186659291,0.721,0.78,1,"H2AZ2"
0.195439971963781,-0.228952451313165,0.293,0.365,1,"MRTFA"
0.855048241502024,-0.228932726059867,0.11,0.105,1,"SLC37A3"
0.279428902420412,-0.228878270373547,0.127,0.17,1,"ZFX"
0.775195432581262,0.228818256229984,0.279,0.295,1,"OTUD5"
0.460170338076882,0.228759011298985,0.12,0.1,1,"POFUT2"
0.942516382827033,0.228607639100178,0.145,0.155,1,"MTIF3"
0.437864434103578,-0.228573542273828,0.244,0.28,1,"KIAA0232"
0.308908525827669,-0.228540755002614,0.088,0.12,1,"TAB3"
0.53607883621886,-0.228478764882559,0.279,0.305,1,"LINC00513"
0.457996735359643,-0.228419955936922,0.134,0.16,1,"EIF1AD"
0.387842396103471,-0.228373337304873,0.106,0.135,1,"MTG1"
0.158301910216186,0.228324220581433,0.544,0.53,1,"ADRM1"
0.158090372801008,0.228301724629187,0.481,0.45,1,"MTPN"
0.514008858570128,-0.228171135959072,0.099,0.12,1,"TRAPPC2"
0.554218458562759,0.228069747373342,0.339,0.34,1,"ERC1"
0.151292701311234,-0.228048308546694,0.226,0.3,1,"NSMCE3"
0.0243925237835661,-0.228043217545333,0.848,0.86,1,"YWHAQ"
0.336263569432,0.227903360512748,0.247,0.225,1,"TMEM30A"
0.487738085911068,0.227831631340483,0.247,0.23,1,"CDK5RAP3"
0.178530177064862,-0.227586647443047,0.148,0.205,1,"GLIPR2"
0.318040841293056,0.22751516418738,0.463,0.445,1,"EEIG1"
0.879991801097743,0.227302674907283,0.145,0.15,1,"ATF7"
0.925081530795855,0.227131382817798,0.18,0.195,1,"SCYL1"
0.519524774861457,-0.227076012691856,0.095,0.115,1,"GTPBP8"
0.32372173903043,-0.227071482277429,0.293,0.35,1,"PSMC5"
0.546342284541608,0.22687342932835,0.329,0.32,1,"MRPL14"
0.484944989642773,-0.226797693864508,0.127,0.15,1,"UBE2W"
0.715397425343094,0.226768849026628,0.187,0.18,1,"PLEKHM2"
0.219185902327313,0.226742826027041,0.371,0.345,1,"KIF21A"
0.497330670925323,0.22671410110817,0.3,0.29,1,"SZRD1"
0.329722719248075,0.226668606874035,0.558,0.59,1,"TOP1"
0.966389888798185,0.226646645827456,0.269,0.3,1,"ACTR1A"
0.0655878044941281,-0.226631681115447,0.876,0.905,1,"YPEL5"
0.537080461870952,0.226603278874346,0.124,0.11,1,"GTF3C5"
0.978358095941635,0.226551011891801,0.219,0.235,1,"ETNK1"
0.228544295515052,0.226287194575794,0.41,0.395,1,"ILF3"
0.274772322489855,-0.226286592569214,0.304,0.36,1,"PSMC6"
0.856476636264081,-0.225941399010689,0.11,0.115,1,"BEX4"
0.28990392496492,0.225624732426351,0.438,0.43,1,"TRIP12"
0.54645195369547,-0.225510772481097,0.449,0.505,1,"MIR142HG"
0.601870550060865,0.225459419858043,0.152,0.14,1,"SMS"
0.568315915924579,-0.225456927366007,0.092,0.11,1,"BOD1"
0.447680927114033,-0.225423115783371,0.364,0.41,1,"UBAP1"
0.147119981406376,0.225232266988483,0.452,0.425,1,"SNRPN"
0.415361139984924,-0.225188150897525,0.42,0.455,1,"OCIAD2"
0.46794217186215,-0.225121991366009,0.085,0.105,1,"TM2D2"
0.329772555408246,-0.225112647446049,0.594,0.615,1,"TOMM20"
0.372845028117438,0.225103463120791,0.184,0.155,1,"BLMH"
0.365753747028237,0.2250784599966,0.173,0.145,1,"RTCA"
0.290657289517131,-0.225030370792298,0.102,0.14,1,"PIAS4"
0.104332925886713,0.22489774641678,0.572,0.565,1,"UBE2I"
0.0601136253217665,0.2248179312348,0.834,0.835,1,"PDIA3"
0.210020712175619,0.224798313436549,0.141,0.105,1,"CDYL"
0.528214364544766,0.224615984815264,0.208,0.195,1,"CSNK2A2"
0.926053221077744,0.224560089941917,0.127,0.13,1,"SRSF8"
0.150447661799085,0.224542172087421,0.41,0.365,1,"GPATCH8"
0.460813638113809,-0.224513835930025,0.322,0.38,1,"RTCB"
0.0946980344367364,-0.224433139335337,0.205,0.28,1,"CA2"
0.132496301990598,-0.224384951629177,0.371,0.475,1,"CTR9"
0.83367005622141,-0.224316514988712,0.693,0.685,1,"CELF2"
0.973365788006899,0.224255785393679,0.251,0.255,1,"RNF167"
0.952011410902573,0.224149349377461,0.102,0.11,1,"SPNS1"
0.459351502461981,0.224148130884729,0.254,0.235,1,"ADPGK"
0.726567327838859,0.22403108278495,0.163,0.16,1,"PSMB5"
0.133317842120418,-0.224003840541193,0.159,0.225,1,"MRPS22"
0.555480117731023,0.223985056010689,0.198,0.185,1,"PRKRIP1"
0.342177889475974,0.223961659902298,0.297,0.275,1,"LUC7L3"
0.626221260260702,0.223871880450985,0.138,0.13,1,"TXNDC11"
0.755053509033095,-0.223777373425674,0.3,0.325,1,"CEMIP2"
0.259754236502269,-0.223420666034425,0.36,0.435,1,"PSMF1"
0.474302127920925,0.223314444051564,0.237,0.215,1,"MCMBP"
0.684465304104188,0.223220056586618,0.11,0.1,1,"SSX2IP"
0.855771231601346,0.223156368911573,0.159,0.16,1,"EFL1"
0.220207167873186,0.223100956185154,0.604,0.615,1,"P4HB"
0.856761100002883,0.222832257568913,0.124,0.135,1,"BCAS3"
0.239045920301904,0.222748902578794,0.463,0.445,1,"TM9SF2"
0.633267762663713,-0.2227187805706,0.551,0.535,1,"WSB1"
0.585510489199213,0.222633654820325,0.152,0.14,1,"ANKRD36C"
0.201693821913585,0.222584585776065,0.279,0.235,1,"THUMPD3-AS1"
0.710945791397862,0.222486856163824,0.17,0.16,1,"ATR"
0.45081635307171,-0.222441066365093,0.117,0.14,1,"SPIN1"
0.0577816039860418,0.22234260679187,0.7,0.705,1,"ARHGDIA"
0.922403585121244,0.222269704606704,0.102,0.11,1,"ICE2"
0.557198196029655,-0.222250022065832,0.141,0.16,1,"BRIX1"
0.52031513278535,0.222060006691015,0.279,0.275,1,"RIC8A"
0.519766279292508,-0.222026662653174,0.166,0.19,1,"PAIP1"
0.529094063461399,0.221978062014008,0.311,0.305,1,"SECISBP2L"
0.732001839381875,0.221899206469298,0.163,0.16,1,"RNF187"
0.0588079654588962,-0.221849845076846,0.827,0.865,1,"RPS17"
0.323819363674137,-0.221847991959037,0.431,0.47,1,"ENSG00000234961"
0.298105824839628,0.221747334971626,0.198,0.165,1,"SYS1"
0.381833762864415,0.22173673973455,0.148,0.125,1,"SLC25A11"
0.0566414245834985,-0.221683804949093,0.495,0.61,1,"MAPK1IP1L"
0.44256595687742,-0.221559179091838,0.078,0.1,1,"ASCC1"
0.205591258370367,-0.221557565146834,0.198,0.255,1,"UBE4A"
0.0320996230727805,0.221478572568316,0.869,0.83,1,"SSR4"
0.993768033942685,0.221297272977602,0.131,0.14,1,"UCHL5"
0.573449694430042,0.22128417556344,0.279,0.27,1,"RAB8A"
0.0308791735168068,0.221274846005612,0.915,0.885,1,"KMT2E"
0.574758338091381,0.221243728253202,0.473,0.5,1,"EHD1"
0.0108995176272515,0.220950527524406,0.781,0.72,1,"CD81"
0.847050195482528,-0.220939007090353,0.134,0.14,1,"VAMP3"
0.0217177167156892,0.220909793517345,0.933,0.94,1,"CHCHD2"
0.581128374068977,0.220876890621838,0.297,0.285,1,"CDK6"
0.871849671005396,0.220735723540228,0.187,0.195,1,"SRCAP"
0.257643208995659,0.220714771402024,0.318,0.285,1,"SMARCA2"
0.778766942661029,0.220669005099251,0.184,0.185,1,"NDUFB3"
0.430404428986626,0.220636175843062,0.41,0.405,1,"LAPTM4A"
0.442346271159946,-0.220524296035492,0.124,0.15,1,"ZBTB17"
0.40758460901258,0.220431297026757,0.495,0.475,1,"MXD4"
0.484317278801742,-0.220304148262494,0.223,0.25,1,"ENSG00000287263"
0.125848034032759,-0.220286547686112,0.17,0.235,1,"TMEM71"
0.456016503507873,-0.220121096373724,0.163,0.195,1,"PLAUR"
0.158163443492656,-0.220013768479656,0.12,0.175,1,"KLHL5"
0.862221497666033,-0.219784367846312,0.131,0.135,1,"SNRNP27"
0.442968489796669,-0.219714630299221,0.078,0.1,1,"RGL4"
0.800413467613554,0.219642924349657,0.131,0.125,1,"MX2"
0.852275737882204,0.219598129799481,0.254,0.26,1,"ASCC3"
0.27640243849848,-0.219454432150452,0.343,0.405,1,"STT3B"
0.641544142076941,0.219385594093553,0.212,0.205,1,"TMEM230"
0.836541485614488,-0.219359867715183,0.198,0.21,1,"NUDT4"
0.528228345564803,0.21933443777205,0.23,0.22,1,"TENT4B"
0.667110473676958,-0.219187327805954,0.265,0.29,1,"SP140"
0.434619140861236,-0.21915112224807,0.216,0.25,1,"NCKAP1L"
0.995365837791991,-0.219116099730295,0.152,0.155,1,"EEA1"
0.858521564514087,-0.219082504995895,0.095,0.1,1,"TUBA1B-AS1"
0.212373097930699,-0.218941650449954,0.155,0.21,1,"MOB2"
0.471266564041423,0.218931434098414,0.12,0.1,1,"SELENOI"
0.351680035884022,-0.218817437869023,0.131,0.165,1,"NCOA6"
0.323793528557257,-0.218812380822591,0.17,0.22,1,"MFF"
0.803339209830748,0.218757041507841,0.795,0.835,1,"NFKB1"
0.853005004214753,-0.21870552631557,0.378,0.385,1,"HIPK1"
0.117636353700752,-0.218482265124314,0.516,0.635,1,"ZSWIM6"
0.432988301147932,0.218421447081085,0.304,0.285,1,"FAM13B"
0.849220604834765,0.218340907799889,0.102,0.1,1,"WDPCP"
0.460878155858549,0.218170440287516,0.396,0.385,1,"LUC7L2"
0.99588227096803,0.218161501882588,0.124,0.13,1,"OSBPL3"
0.143159311529836,-0.218150716146593,0.537,0.615,1,"CLDND1"
0.989946009403897,0.21812268578022,0.152,0.16,1,"JAGN1"
0.281853803486022,-0.218095933299799,0.272,0.325,1,"PRELID3B"
0.348781500312975,-0.218060744063936,0.187,0.23,1,"RAB3GAP2"
0.966088747359005,0.217801330566167,0.226,0.24,1,"CDC5L"
0.344641049459904,-0.217564969439666,0.276,0.32,1,"CMTM3"
0.732787472337458,0.217490792736237,0.198,0.19,1,"NDUFA8"
0.131633814825003,0.217425459756405,0.269,0.21,1,"MAGED2"
0.850851644635029,0.21735081832687,0.216,0.22,1,"TNKS"
0.430050503471202,0.217233850124702,0.141,0.12,1,"USPL1"
0.780114772937498,0.217078799674374,0.194,0.195,1,"PLEKHA3"
0.460439493195097,-0.216944032892553,0.088,0.11,1,"TCP11L1"
0.0817059601202938,0.216818688488453,0.633,0.57,1,"HSPD1"
0.288146765669341,0.216803041190302,0.318,0.295,1,"GON4L"
0.200744346140922,-0.216795628004761,0.11,0.155,1,"FAM222B"
0.266642661704931,-0.216694794286547,0.233,0.29,1,"HECTD1"
0.564559633781435,0.216452253502992,0.456,0.475,1,"BEST1"
0.448232247391249,0.216400051296152,0.155,0.13,1,"GTF2F2"
0.0635736995568112,0.216276648428955,0.781,0.74,1,"RAC2"
0.323775031748252,0.21572261649448,0.714,0.73,1,"ISG20"
0.754280778217607,0.215635467388869,0.152,0.145,1,"USP39"
0.733430711261602,0.215598969302495,0.155,0.15,1,"ITPR3"
0.466972936853701,-0.215481933985237,0.106,0.13,1,"JADE1"
0.713914528658917,-0.215373868818622,0.11,0.12,1,"ZBTB2"
0.188754559202191,0.21533020385253,0.456,0.42,1,"PRKCQ"
0.07039559172393,-0.215324723142696,0.23,0.325,1,"GBF1"
0.0402974705308524,0.215190769352826,0.873,0.9,1,"MSN"
0.185464131367822,0.215156077476782,0.721,0.68,1,"ATP2B4"
0.580216893709437,0.215098677065638,0.17,0.16,1,"PLPP5"
0.474565242273248,0.215085182367022,0.219,0.195,1,"IFNAR1"
0.657114318218789,0.215071003716286,0.293,0.305,1,"SRP72"
0.118402906885243,0.215057027928504,0.442,0.4,1,"RAB11A"
0.631197160863917,0.215027724002952,0.205,0.195,1,"TIMM10"
0.954066762578403,0.214984778432891,0.113,0.115,1,"SLC39A9"
0.117992879110517,0.214788069329436,0.855,0.86,1,"EML4"
0.360289263998723,0.214743110412224,0.445,0.455,1,"UBE2K"
0.221955556579928,-0.214716573198694,0.071,0.105,1,"EPM2AIP1"
0.178606375785724,-0.214705157831065,0.134,0.19,1,"OSTM1"
0.469487528888985,0.214645378974009,0.145,0.125,1,"MRPS12"
0.809455142065146,0.214615929058076,0.23,0.23,1,"SPPL3"
0.222995788548673,-0.214596222404932,0.261,0.325,1,"EGLN2"
0.140633238613103,-0.214587606247946,0.18,0.25,1,"ARMCX3"
0.132281479098812,-0.21457461750935,0.392,0.475,1,"VAMP8"
0.947649186907294,-0.214568179379331,0.099,0.1,1,"SHLD1"
0.48051904078628,0.214383974161331,0.258,0.245,1,"RAB29"
0.477241841614175,-0.214376570515769,0.106,0.13,1,"MINK1"
0.100473624334286,-0.214321890093783,0.357,0.45,1,"PPP1R10"
0.615475878501056,-0.214276409447462,0.283,0.3,1,"SSBP4"
0.653125402920874,-0.213915327170165,0.11,0.125,1,"RWDD4"
0.158992397032186,-0.213874381206046,0.636,0.725,1,"ELOVL5"
0.252817272164982,-0.213798060673014,0.205,0.26,1,"KDM5B"
0.358091717149713,-0.213733604226661,0.272,0.33,1,"URI1"
0.489815794466013,-0.213621829376269,0.155,0.185,1,"SLC25A38"
0.0385181726678902,0.213604334313857,0.908,0.89,1,"MYL12B"
0.439300492283029,0.213568661499636,0.177,0.15,1,"EXOSC3"
0.373856900108737,0.213506400062723,0.527,0.525,1,"PSMB3"
0.983805730468116,0.213447331035423,0.106,0.11,1,"GIMAP2"
0.723884517764471,0.213396924992146,0.134,0.13,1,"BOP1"
0.0566573379735667,-0.213338706445089,0.657,0.76,1,"SPTAN1"
0.31800574536846,0.213230930918412,0.307,0.28,1,"COPS6"
0.131167127837148,0.212978830207047,0.505,0.49,1,"HNRNPR"
0.715815929472965,0.212962590520597,0.212,0.21,1,"HDAC1"
0.753314827845418,-0.212703980883977,0.095,0.105,1,"HOXB2"
0.11501670400874,-0.212546810693629,0.77,0.8,1,"MZT2B"
0.543647074813766,0.212538582806396,0.184,0.165,1,"CRKL"
0.205164425147224,-0.21250082529739,0.184,0.24,1,"RNF19B"
0.372514559887091,0.212446793279103,0.244,0.21,1,"HLA-DQB1"
0.132237560701409,-0.212442671268908,0.198,0.27,1,"SGMS1"
0.454482184501948,-0.212351587881817,0.18,0.215,1,"PYHIN1"
0.443195353431057,0.212349996242533,0.392,0.375,1,"PPP3CA"
0.782137988370056,0.212344011750324,0.166,0.165,1,"SNAP23"
0.27662071217148,-0.212311907706756,0.078,0.11,1,"ABCD3"
0.190158759235471,-0.212096492108983,0.258,0.33,1,"DYM"
0.936098450657088,-0.212089271711219,0.519,0.535,1,"ZNF331"
0.700455155220003,0.212060047361069,0.145,0.135,1,"PFKP"
0.452028841559593,-0.211985361206131,0.12,0.15,1,"NUDCD2"
0.335861573420048,-0.211943385846915,0.099,0.13,1,"VPS26B"
0.728840400197199,0.211790605374513,0.198,0.195,1,"RARS2"
0.668485181346665,-0.211768154556289,0.095,0.11,1,"PPIL2"
0.417670380955341,-0.211703654378366,0.223,0.26,1,"JMY"
0.958311291884738,0.211653448285211,0.148,0.16,1,"BRAP"
0.152949678601404,0.211463201257182,0.643,0.625,1,"WDR1"
0.434548620286969,0.211395633599101,0.304,0.28,1,"FUBP1"
0.93389300802921,0.211376700618985,0.187,0.19,1,"LRIG1"
0.321248165619919,0.21120204356606,0.304,0.28,1,"PDXDC1"
0.565181402001452,0.211147539699653,0.173,0.16,1,"DCAF6"
0.0383543559915129,0.211104683409063,0.53,0.47,1,"SRSF9"
0.829882897437049,0.210992638618033,0.18,0.185,1,"SUMF2"
0.0831938295256637,0.210969889346106,0.463,0.395,1,"IKZF1"
0.600818208937303,0.210743347140503,0.141,0.13,1,"PRPF4"
0.735630710137328,0.210668445361573,0.233,0.235,1,"NDUFS8"
0.000883754653400289,-0.2104378087253,1,1,1,"RPL4"
0.701312020548561,-0.210379448006561,0.131,0.145,1,"IKBKG"
0.897166983368779,0.210362554973912,0.516,0.555,1,"CAMK1D"
0.617007202355173,0.210305551781085,0.36,0.375,1,"ATG5"
0.960899915529111,0.210218708471602,0.117,0.12,1,"ZNF100"
0.00225232507022879,0.210095639014886,0.989,0.995,1,"PTPRC"
0.68338252088966,0.210076122701127,0.17,0.165,1,"OSBPL7"
0.334731858472804,0.210038040204064,0.23,0.205,1,"VPS26A"
0.132619377073844,-0.2100309682147,0.452,0.565,1,"TNFRSF25"
0.580574652080225,-0.209842696221717,0.134,0.155,1,"TRDMT1"
0.950547926899643,0.209833669389928,0.117,0.12,1,"RBMX2"
0.425716330327094,-0.209804037981943,0.187,0.225,1,"DRG1"
0.108690586860275,0.209800409836933,0.481,0.44,1,"SF3B4"
0.546380676154543,0.209795721707176,0.463,0.49,1,"CRYBG1"
0.509292914955346,-0.209792577157668,0.201,0.225,1,"POLE4"
0.466592507138055,-0.209694240302952,0.127,0.155,1,"EXOC7"
0.822364145087968,0.209672480669754,0.233,0.24,1,"RBM14"
0.231565128017682,-0.209669317522,0.781,0.82,1,"ZFAS1"
0.318792891174067,-0.209619150236184,0.389,0.445,1,"FAM117A"
0.271722072362997,-0.209489639575467,0.208,0.265,1,"NFKBIB"
0.988290938586771,0.208984461205802,0.212,0.225,1,"AIMP1"
0.122977156424084,0.208959257481525,0.519,0.465,1,"RPN2"
0.369606339311685,0.208760079108783,0.456,0.45,1,"MAT2B"
0.485767117478079,-0.20872366435355,0.163,0.195,1,"FAM89B"
0.606381355030278,0.208640229765325,0.265,0.265,1,"TENT2"
0.311035414590614,-0.208602299906794,0.396,0.465,1,"DENND4A"
0.903495102891279,0.208567725113624,0.145,0.155,1,"PTCD3"
0.323960550236566,0.208442255914736,0.332,0.3,1,"TLK1"
0.120218155903908,-0.208350373065128,0.435,0.535,1,"KAT6A"
0.505820507309397,-0.208330388840212,0.095,0.115,1,"PFKL"
0.415745955044841,-0.208267845111959,0.141,0.175,1,"PLSCR3"
0.862270768947499,0.208205463013851,0.138,0.135,1,"COIL"
0.251420288062231,0.20803509882671,0.406,0.38,1,"UBE2Q2"
0.344195016589534,0.20800274097791,0.703,0.745,1,"ATP5MC2"
0.596226228909708,0.207958719798616,0.283,0.28,1,"PPP2R5E"
0.283888964262786,-0.207943944903821,0.187,0.235,1,"ANKRD36"
0.625478291486856,0.207887560577553,0.198,0.185,1,"SNX5"
0.161543362315949,0.20770283955158,0.473,0.435,1,"WASF2"
0.50069067599514,0.207611972719475,0.283,0.275,1,"PRPF38A"
0.326708053868552,0.207610221044365,0.187,0.16,1,"FLOT1"
0.38803529532586,0.207609160418686,0.318,0.295,1,"TBL1X"
0.14395713465904,-0.207601701586021,0.647,0.695,1,"SET"
0.464070240678384,-0.207564487117634,0.155,0.19,1,"FTO"
0.71759920847899,0.20756444135826,0.329,0.335,1,"GGNBP2"
0.651827419350756,0.207536034478719,0.311,0.31,1,"B4GALT5"
0.329486986920468,0.207342580721343,0.555,0.54,1,"NDUFB2"
0.395291617598677,-0.20732264051103,0.145,0.175,1,"LCMT1"
0.365482481178206,-0.20730507143023,0.456,0.5,1,"SSR3"
0.218129150028058,-0.207274354880688,0.216,0.28,1,"FAM204A"
0.428985310762068,-0.207182451214893,0.081,0.105,1,"ZDHHC17"
0.930813530214861,0.207109941944315,0.254,0.265,1,"PRKD3"
0.820642276084354,-0.20699273598584,0.258,0.265,1,"ALKBH5"
0.298233887525103,0.206975657340755,0.572,0.575,1,"NIPBL"
0.108105261758204,-0.206929531592284,0.901,0.9,1,"MCL1"
0.0621407059045657,-0.206854368801746,0.597,0.74,1,"ANKRD12"
0.195226305790824,-0.206849684174656,0.205,0.275,1,"LIMS1"
0.215682642404405,-0.206736053373558,0.435,0.515,1,"ITGAE"
0.487474953948527,-0.206578372714798,0.085,0.105,1,"PAPSS1"
0.254999357345005,0.206220126321641,0.145,0.11,1,"ZMYM6"
0.391795060055767,-0.206142115117079,0.187,0.225,1,"PTTG1IP"
0.140852394952648,-0.206086740436301,0.367,0.43,1,"POLR1D"
0.222605163534734,0.206051633191885,0.261,0.215,1,"SNX17"
0.661222110559077,-0.206046332796952,0.085,0.1,1,"KCTD17"
0.46740299544212,-0.206006793452255,0.431,0.455,1,"YWHAE"
0.770474151049924,-0.205804250948369,0.092,0.1,1,"POGLUT1"
0.164087713398561,-0.205758719541709,0.237,0.315,1,"CERT1"
0.757133064654746,0.205725547701001,0.166,0.165,1,"TRIM13"
0.0957132636548934,0.205680824549155,0.721,0.685,1,"EIF4A2"
0.233668972561164,-0.205592536145071,0.3,0.38,1,"UQCRC2"
0.807593178002122,0.205510914539809,0.194,0.215,1,"SMARCB1"
0.212021596039455,0.205475587984859,0.279,0.235,1,"NENF"
0.407508746893044,-0.205373110743439,0.173,0.205,1,"SSRP1"
0.961169618808338,0.2053668245717,0.29,0.31,1,"GGA2"
0.693900912658846,0.205328373822028,0.134,0.125,1,"PLAAT3"
0.714936150099925,0.205165927432968,0.223,0.225,1,"CHCHD7"
0.0526233401915448,0.205046564711212,0.47,0.395,1,"ZFAND3"
0.550827015965102,-0.205019088776054,0.159,0.18,1,"SLC2A1"
0.638650396411465,0.204969114387305,0.336,0.34,1,"SNRPD1"
0.793386322705711,0.204879064787657,0.113,0.11,1,"CD151"
0.0663808792300938,0.204827233401868,0.82,0.835,1,"CD3E"
0.477031408343955,-0.204797363229368,0.318,0.35,1,"TNFRSF1A"
0.554518969628144,0.204782806664641,0.389,0.4,1,"ATP6V0D1"
0.232504405561777,-0.204782721807883,0.12,0.165,1,"ISOC1"
0.312845929909685,-0.204749568458862,0.117,0.155,1,"SAMD8"
0.467879507142892,-0.204734989697964,0.134,0.16,1,"ZNF277"
0.48389736398543,0.204626813449737,0.329,0.325,1,"ABT1"
0.19197634856675,0.204619148870542,0.442,0.4,1,"APBB1IP"
0.662668268688596,0.204467569865102,0.198,0.19,1,"ZNF384"
0.524114862897437,-0.20431128499643,0.201,0.24,1,"STOML2"
0.731708985798482,-0.203796880026608,0.371,0.385,1,"ARL2BP"
0.295528034109527,-0.203737508837573,0.424,0.485,1,"GZMA"
0.615296995972224,0.203620529871413,0.113,0.1,1,"PHF2"
0.115784733789747,0.203592695500839,0.898,0.9,1,"SRP14"
0.780984288433117,-0.203576294081312,0.265,0.275,1,"SMARCC1"
0.7675991612948,0.203475064711508,0.131,0.125,1,"UTP23"
0.4334476415227,0.203461949823631,0.498,0.515,1,"OTUB1"
0.651905449728261,0.203321959277263,0.177,0.165,1,"SLC35E1"
0.883959325826814,0.203266787606162,0.166,0.17,1,"RBCK1"
0.208613914334856,0.203072691449784,0.276,0.23,1,"AAMP"
0.13324002726906,0.203035952638778,0.597,0.605,1,"IL21R"
0.466764912296091,0.203022615588332,0.244,0.225,1,"FKBP4"
0.0670670268496234,0.203018748139066,0.689,0.675,1,"COX7A2"
0.75381091975059,0.203004473709052,0.325,0.345,1,"MGST3"
0.601394202505839,-0.202959215610661,0.099,0.115,1,"MFSD8"
0.471866914075754,0.20284049545587,0.208,0.185,1,"SFSWAP"
0.543171421686342,0.202820099612663,0.187,0.17,1,"CHMP3"
0.0889050493175984,0.202721174737845,0.767,0.705,1,"YWHAB"
0.889953274857002,0.202660884173754,0.127,0.13,1,"GINM1"
0.558585813959271,0.202629213490236,0.3,0.285,1,"RNF216"
0.421075275245371,-0.20252488205627,0.117,0.145,1,"ELP4"
0.850958856914045,0.202523180577392,0.131,0.145,1,"AP3D1"
0.420201077186105,0.202371202359837,0.194,0.17,1,"NSF"
0.80341363762482,0.202136222921658,0.166,0.165,1,"IARS1"
0.0572234881903819,-0.202096474196075,0.389,0.49,1,"SSH2"
0.435150340261283,0.202011752613922,0.35,0.34,1,"GALM"
0.479644024110348,0.201976775707148,0.177,0.155,1,"SLC4A7"
0.209483222027654,-0.201967396840507,0.449,0.535,1,"SUMO1"
0.309346537721737,-0.201879885812763,0.247,0.295,1,"USP9X"
0.770076529857711,0.201836605659351,0.11,0.125,1,"BAP1"
0.180358018288877,-0.201762452968599,0.117,0.165,1,"SRFBP1"
0.963361953100725,-0.201706702378569,0.148,0.15,1,"COQ10A"
0.724824165821503,0.201700479377409,0.166,0.19,1,"RPS6KC1"
0.0305691918271762,-0.20154428092341,0.784,0.87,1,"SLC25A6"
0.744958938872739,0.201289570493249,0.201,0.195,1,"BLOC1S4"
0.570338380728493,0.201180345705159,0.307,0.305,1,"SDHAF2"
0.169964754656765,-0.201158869072596,0.279,0.365,1,"SNHG32"
0.211104017055007,-0.201072996127887,0.141,0.19,1,"ATXN7L3B"
0.428646967433173,-0.200988399416067,0.187,0.23,1,"DCTN4"
0.222250831625032,0.200758053437184,0.597,0.57,1,"CDC42SE1"
0.579715859360369,0.200648438928744,0.258,0.25,1,"CDK11A"
0.144326784713051,-0.200557295463785,0.24,0.32,1,"PRKCSH"
0.40315039025479,-0.200546576342848,0.177,0.21,1,"ADRB2"
0.715188261448424,0.200506633568676,0.12,0.11,1,"C5orf22"
0.868302270527714,0.200390658320335,0.117,0.13,1,"KLHDC10"
0.404691943968965,-0.200321198898424,0.233,0.275,1,"TCERG1"
0.416514157666451,-0.200278704734682,0.138,0.17,1,"VMA21"
0.749264649245461,-0.200145710309263,0.17,0.185,1,"SEC23A"
0.489875435979735,-0.200142525219342,0.449,0.485,1,"LGALS3"
0.567217173019818,0.200066418195759,0.265,0.255,1,"PDCL3"
0.418974871606513,-0.200041320990303,0.12,0.15,1,"CEP104"
0.243450596569176,-0.199965433446427,0.226,0.285,1,"RANGAP1"
0.115552162444445,-0.19992446584464,0.396,0.495,1,"TOMM22"
0.13088116363616,0.199873590503769,0.707,0.695,1,"RBPJ"
0.812586688872384,0.199866427230374,0.163,0.16,1,"CASP3"
0.258411908885657,0.199822937022457,0.894,0.89,1,"S100A6"
0.035411287004211,-0.199590652534625,0.329,0.465,1,"ELK3"
0.912311598057964,0.199578222906217,0.184,0.205,1,"PPWD1"
0.961645498211146,0.19938092480754,0.191,0.195,1,"MXI1"
0.194710047975256,0.199358355563614,0.318,0.275,1,"PRRC2A"
0.275362153379845,0.199353877356675,0.484,0.49,1,"ZHX2"
0.402546513289788,0.199151810322779,0.375,0.345,1,"MOB4"
0.523079370843555,-0.199113353175026,0.198,0.23,1,"CCDC124"
0.879850592547344,0.199060055953398,0.148,0.15,1,"LSM6"
0.91579798859201,0.199030000723357,0.18,0.195,1,"RELCH"
0.417242372770265,0.198997071529397,0.216,0.19,1,"PDHB"
0.335370774189805,-0.198979295374168,0.078,0.105,1,"ELOVL4"
0.807713572705033,0.198874338499694,0.24,0.24,1,"RAB3GAP1"
0.681760367396424,0.198804688468423,0.159,0.15,1,"PPID"
0.868232286706355,0.198731715977405,0.329,0.355,1,"LSM8"
0.724496018776759,-0.198629307692495,0.124,0.135,1,"PTRHD1"
0.591333312701704,0.198319433864344,0.124,0.11,1,"BAD"
0.509947366936857,0.198098000256297,0.385,0.375,1,"CEBPZ"
0.0984926471696236,0.198091719809656,0.89,0.88,1,"IL2RG"
0.197250117428905,0.198076692429291,0.276,0.235,1,"GLUL"
0.314553644699463,0.19764122456011,0.371,0.355,1,"GORASP2"
0.0474204055711106,-0.197636944395868,0.152,0.235,1,"MIA2"
0.690879202188089,0.197591535596999,0.113,0.105,1,"ARHGAP10"
0.516236643128485,-0.197555368806534,0.081,0.1,1,"MTMR9"
0.287892756170348,-0.197545509040305,0.251,0.305,1,"TMEM9B"
0.480976071726246,0.197537568039044,0.371,0.36,1,"SSB"
0.557365963892661,-0.197421335712065,0.088,0.105,1,"LNX2"
0.381317008654149,0.197280929801671,0.428,0.425,1,"PHF3"
0.668205487994007,-0.197272877482797,0.343,0.355,1,"GPSM3"
0.741850746715207,-0.197213493766666,0.11,0.12,1,"ABCD4"
0.393382997424189,0.197159804347821,0.343,0.31,1,"BUD23"
0.0713962824903811,-0.196958993158756,0.841,0.85,1,"COMMD6"
0.439127049452579,-0.196702624778049,0.095,0.12,1,"RUFY2"
0.237490158812094,0.196663684920909,0.714,0.675,1,"SRSF11"
0.210739917722992,-0.196657001687647,0.11,0.155,1,"SMC6"
0.816013264734557,0.19664265210087,0.095,0.105,1,"GPANK1"
0.0754206646441851,0.196384334596716,0.788,0.735,1,"DAZAP2"
0.178173025456701,-0.19626591495387,0.399,0.475,1,"SNHG5"
0.933467839359081,-0.196243644237826,0.152,0.16,1,"TANK-AS1"
0.409610398535836,-0.196239966892636,0.205,0.245,1,"NOTCH2NLC"
0.476415823307246,0.196103135611117,0.329,0.315,1,"PIK3CD"
0.157354050991818,-0.196077128451462,0.099,0.145,1,"TAPBPL"
0.516767803575979,0.19600271873822,0.117,0.1,1,"ENSG00000273319"
0.73063821408149,0.195999293107802,0.258,0.26,1,"ASMTL"
0.124180404656891,-0.195842103474487,0.329,0.42,1,"FKBP8"
0.884787703155048,0.195757520533,0.092,0.1,1,"ZNF121"
0.123783810767249,-0.195691996068232,0.205,0.28,1,"PSME3"
0.717345597006712,0.195345649466884,0.332,0.35,1,"RTF2"
0.592400782937055,0.195246585507615,0.417,0.405,1,"HNRNPH3"
0.513759884636561,0.195177145728943,0.127,0.11,1,"CAMSAP1"
0.461467691740223,-0.195029663992069,0.604,0.665,1,"ARHGAP9"
0.702110509113656,0.195017114174862,0.191,0.18,1,"PPIF"
0.830781089513521,0.194766070645774,0.117,0.115,1,"APIP"
0.669192725678177,-0.194753441728231,0.311,0.335,1,"GET3"
0.112653266158709,-0.194743602735766,0.399,0.5,1,"ARHGAP15"
0.24981243990962,0.194686078631622,0.693,0.68,1,"GYG1"
0.373689113403966,-0.194519607500566,0.145,0.18,1,"SUPT7L"
0.240816178773154,-0.194460024565503,0.378,0.425,1,"PLCB1"
0.971607836872609,0.194450697442208,0.396,0.435,1,"TIPARP"
0.508374095630431,0.194239975647379,0.113,0.095,1,"SMIM19"
0.500083562459159,0.194197019484645,0.392,0.395,1,"LRBA"
0.953298553647123,0.194173236925602,0.145,0.15,1,"EXT2"
0.594742692350576,-0.19416774385369,0.17,0.19,1,"MRPL28"
0.954570998153242,0.194158613343985,0.219,0.235,1,"CRCP"
0.774066869599014,0.194070510265522,0.254,0.255,1,"SACM1L"
0.122117665781052,-0.194022250185204,0.396,0.505,1,"CHD4"
0.560301731501733,0.19400116545867,0.159,0.145,1,"NUP210"
0.924380527618998,0.193973752051955,0.131,0.135,1,"SLC39A7"
0.664326414926694,0.193964262303538,0.12,0.11,1,"MRPL58"
0.142932818644557,0.19392994552551,0.668,0.625,1,"BIRC3"
0.634866408934793,-0.193733589205802,0.18,0.2,1,"WDR37"
0.372340428743799,-0.193670509166447,0.611,0.68,1,"ARHGEF1"
0.000704863175565561,-0.193665088115441,0.996,1,1,"RPL12"
0.859036392784354,0.193651791045159,0.17,0.17,1,"LONP2"
0.712081702153583,0.193628236426665,0.127,0.12,1,"IRAK1"
0.228350253042434,0.193599445316605,0.763,0.78,1,"CD96"
0.171101774389502,0.193531916223162,0.541,0.49,1,"PRPF4B"
0.832325096962444,0.193438897129776,0.194,0.2,1,"GABPB1"
0.145224249286555,-0.193361042031927,0.565,0.68,1,"GLIPR1"
0.452981114665259,-0.193015897019836,0.286,0.33,1,"SNRPC"
0.0520799301115648,-0.193001975921228,0.88,0.885,1,"ATP5MG"
0.443950028990335,0.192971574317336,0.375,0.36,1,"IL10RA"
0.316964990191963,0.192969403101801,0.615,0.59,1,"RAC1"
0.290548366938562,0.192950037654408,0.261,0.22,1,"DDIT3"
0.622880031859877,0.192934684926238,0.117,0.105,1,"SETD1B"
0.248287049374382,-0.192810122802133,0.092,0.13,1,"HERC3"
0.131458980305367,-0.192667481859746,0.406,0.51,1,"PNRC2"
0.000335911426008676,-0.192654671274325,1,0.995,1,"RPS5"
0.351059741312661,-0.19249278553364,0.078,0.105,1,"C15orf40"
0.679913139903373,0.192355502824122,0.11,0.1,1,"TRPS1"
0.811010067826353,0.192338569041015,0.124,0.12,1,"MTERF4"
0.960039461578543,0.192282541130722,0.159,0.165,1,"ASF1A"
0.193246156683114,-0.192255183373724,0.131,0.18,1,"C2orf49"
0.409831423003525,-0.192123197763378,0.307,0.36,1,"RNF38"
0.202608952461277,0.191674646202693,0.682,0.695,1,"HNRNPF"
0.299356244780458,-0.191641276154139,0.322,0.38,1,"PPP4R3A"
0.490231655281091,0.191612932415844,0.244,0.23,1,"NTMT1"
0.459185380664123,0.19139463987451,0.442,0.44,1,"MORF4L2"
0.943964529837718,0.191268343335451,0.117,0.12,1,"STK38L"
0.548914869839942,0.191258561671072,0.247,0.23,1,"BLOC1S1"
0.429381235434455,0.191119896023348,0.173,0.15,1,"SFXN1"
0.80653982291935,0.191116993847998,0.265,0.305,1,"PKN2"
0.559676037180552,0.191072557299961,0.216,0.2,1,"DCAF5"
0.076217054610037,0.19106684107297,0.314,0.235,1,"BCL2A1"
0.363359268573135,0.19100563635311,0.58,0.6,1,"RAB8B"
0.889804451923285,0.190966377791075,0.293,0.32,1,"NAA20"
0.945215424304294,0.190939651377268,0.304,0.33,1,"TIAL1"
0.420944247009389,0.19066726058582,0.392,0.385,1,"RHEB"
0.386910747298342,-0.190632709635578,0.184,0.22,1,"MED14"
0.556161523520714,0.190559075632886,0.332,0.33,1,"DUSP11"
0.969374709672567,0.190529384854548,0.117,0.12,1,"CCR5"
0.361364516041598,0.190489041528156,0.551,0.555,1,"NINJ1"
0.630186875923375,0.190477307942581,0.24,0.23,1,"NPAT"
0.491313278855136,-0.190447546248383,0.314,0.365,1,"ANKLE2"
0.408500713827721,0.190446764665223,0.177,0.15,1,"EXOSC1"
0.417448103848367,0.190389929503128,0.445,0.435,1,"OTULIN"
0.685025647730161,0.190310913744782,0.226,0.22,1,"TSC22D4"
0.359587399241346,0.190251517171683,0.304,0.27,1,"PDXK"
0.17219677748884,-0.190147036705591,0.477,0.555,1,"DDOST"
0.770801297988581,0.19009903788257,0.124,0.115,1,"PPP2R2B"
0.101267979347161,-0.189988032528398,0.481,0.62,1,"TMED2"
0.109722557076129,-0.189965151020627,0.403,0.5,1,"OGDH"
0.0149221387743607,0.189905661011095,0.809,0.79,1,"WIPF1"
0.709483338097635,-0.189848345635857,0.219,0.235,1,"FYB1"
0.370145433497521,-0.18971242135959,0.131,0.165,1,"ATG16L2"
0.851290385842864,0.189685571205203,0.152,0.17,1,"RNF41"
0.336993316518374,-0.189561270430003,0.226,0.28,1,"KDSR"
0.0463312763320037,-0.189466321022804,0.915,0.925,1,"DDX5"
0.251749943475376,-0.189408450978682,0.435,0.54,1,"HERPUD1"
0.256124162918621,-0.189343450329789,0.23,0.285,1,"MFSD14A"
0.608315332595633,-0.189327384692153,0.085,0.1,1,"SPOUT1"
0.769747979996556,0.189224713134082,0.272,0.285,1,"SLMAP"
0.730252582064602,0.189176993522587,0.155,0.15,1,"IPO9"
0.903217461715553,-0.189116014382692,0.124,0.12,1,"ATL3"
0.623304237946827,-0.189050578845085,0.198,0.18,1,"SMYD3"
0.438393425345596,-0.189043743239224,0.095,0.12,1,"DNPH1"
0.570642188564302,-0.188937569361931,0.23,0.26,1,"GOLT1B"
0.55629066124748,0.188844377982281,0.184,0.165,1,"RNF13"
0.239293716492896,0.188624070018047,0.756,0.72,1,"SYNE2"
0.658116642761481,0.188491693827327,0.201,0.19,1,"DAPK2"
0.187632849183189,0.188410383059605,0.488,0.45,1,"UBE2L3"
0.239917420909667,0.188404217888272,0.473,0.45,1,"CCT6A"
0.277294978066079,-0.18822713463504,0.233,0.285,1,"MRPS24"
0.943712001378013,0.188118973518447,0.127,0.13,1,"STYX"
0.45352296710583,0.187964170361056,0.42,0.395,1,"KDM7A"
0.185033891068512,-0.187959268844876,0.095,0.14,1,"ERCC3"
0.661936813120555,0.18795027601374,0.131,0.155,1,"RNF25"
0.406111822951976,0.187942616849422,0.491,0.5,1,"USP3"
0.439012076920598,0.187901578079612,0.332,0.32,1,"GADD45GIP1"
0.496296879699582,0.18770402260385,0.102,0.085,1,"ATG2A"
0.436696173425943,-0.187665173030187,0.512,0.555,1,"KMT2A"
0.721642637230754,0.187588756564413,0.152,0.145,1,"TP53I13"
0.0161358610603894,0.187508172889634,0.989,0.985,1,"GAPDH"
0.466486792725825,-0.187477994262137,0.131,0.16,1,"RNF14"
0.141818384375264,-0.187453522194729,0.572,0.655,1,"PPP2CA"
0.531737630497082,-0.187197267144994,0.092,0.11,1,"HACL1"
0.0433051398571495,0.187120122488081,0.859,0.815,1,"RAP1B"
0.765742611496874,0.187103237007915,0.23,0.24,1,"PIGT"
0.659410253866426,0.186984057959997,0.293,0.285,1,"AGTPBP1"
0.959303139421333,0.186975626293734,0.272,0.29,1,"PDCD5"
0.595353624172372,0.186932659489465,0.297,0.29,1,"CKLF"
0.44965173312347,-0.186902720789238,0.152,0.185,1,"ZCCHC10"
0.17386253229509,-0.186889106245494,0.64,0.71,1,"BRD2"
0.148415160564545,0.186874535051239,0.403,0.35,1,"PITHD1"
0.581239376975329,-0.1868234499073,0.343,0.365,1,"PNN"
0.328684716535704,-0.186671717778257,0.148,0.185,1,"APPBP2"
0.942616614414058,0.186625671373157,0.102,0.105,1,"RAB33B"
0.406720765720916,0.186582407135491,0.473,0.48,1,"HMGN2"
0.646220814398166,-0.186523716039562,0.534,0.605,1,"GNA13"
0.482876900502155,0.186511645213709,0.452,0.44,1,"U2SURP"
0.405678583843874,0.186294357532393,0.389,0.39,1,"ATP6AP2"
0.461226614142537,-0.186085771672014,0.746,0.755,1,"PLP2"
0.57722745448417,0.186080626819088,0.134,0.12,1,"LTBP3"
0.723201420107762,0.186067918514189,0.314,0.33,1,"CWC25"
0.346796580132602,-0.186062328818308,0.18,0.22,1,"MTMR6"
0.729884883782791,0.186018008164148,0.205,0.2,1,"RCE1"
0.267304874735736,-0.186016880115609,0.205,0.26,1,"CCDC174"
0.569076027715673,0.18595954011147,0.184,0.165,1,"UBQLN2"
0.510808326989369,-0.18592183171359,0.085,0.105,1,"EXOSC8"
0.451499232282507,0.185889577378486,0.258,0.235,1,"RPL7L1"
0.992179239297533,0.185820967251049,0.258,0.275,1,"LNPEP"
0.431147082044245,0.185789896878121,0.456,0.45,1,"DHRS7"
0.737002097312744,0.185708831173724,0.251,0.285,1,"GLRX"
0.29677112342198,0.185702343875473,0.576,0.575,1,"SELPLG"
0.952058708062572,0.185515050871656,0.113,0.12,1,"ENSG00000290832"
0.524701349259482,-0.185503880366332,0.184,0.215,1,"PTEN"
0.512948236618861,0.185401751241371,0.166,0.145,1,"RANBP3"
0.247134432794658,-0.185351100766877,0.088,0.125,1,"KBTBD4"
0.232419522196393,-0.185271011944601,0.806,0.87,1,"SFPQ"
0.270301689961175,0.185258332796675,0.244,0.21,1,"PTDSS1"
0.812722554772031,0.185221593677885,0.117,0.115,1,"SYMPK"
0.459543146334367,-0.185177223676971,0.127,0.155,1,"IFRD2"
0.41126764472006,-0.184908420233906,0.208,0.245,1,"ZNF830"
0.592252793949673,0.18490616915995,0.251,0.24,1,"EFCAB14"
0.54902131407465,0.184864550105371,0.237,0.225,1,"TIA1"
0.959953784885606,0.184574391141773,0.134,0.135,1,"LARP4"
0.229633044859315,-0.184560857061344,0.095,0.135,1,"PATJ"
0.0757107835621722,0.184539845552565,0.746,0.72,1,"XBP1"
0.267427891089867,-0.184477194774316,0.11,0.15,1,"TICAM1"
0.318957595796306,0.184407883598569,0.357,0.315,1,"DUSP4"
0.436006936249984,-0.184210912508643,0.484,0.56,1,"IRF2BP2"
0.390185701183978,-0.184134716277529,0.473,0.515,1,"VIM-AS1"
0.944534202842515,0.18410236241751,0.24,0.255,1,"DYNC1LI1"
0.520778068900346,0.184028585002934,0.449,0.45,1,"PTBP1"
0.46934689937425,-0.184026379256186,0.184,0.21,1,"WDR70"
0.770252799272111,0.184021734906417,0.145,0.14,1,"AKT1"
0.389399503231042,0.183914488422258,0.325,0.31,1,"UBR1"
0.135468460912779,0.183760712376472,0.516,0.475,1,"CSNK1A1"
0.870148140001174,0.183690831134502,0.187,0.19,1,"YLPM1"
0.756916937308283,0.183678228383017,0.357,0.37,1,"RNMT"
0.649238233636273,-0.183527948971099,0.456,0.475,1,"TUBB"
0.891124005219619,0.183481058428793,0.124,0.125,1,"TOMM40"
0.512638841261934,-0.183460532688589,0.145,0.17,1,"MRPL4"
0.907146502083353,0.183435345423016,0.244,0.265,1,"ACAP1"
0.426446387183689,-0.183403367029367,0.47,0.535,1,"RAB27A"
0.210571707453092,0.183318262052925,0.544,0.52,1,"VDAC2"
0.48384941036974,0.183192187674736,0.325,0.32,1,"GLRX5"
0.39528473905204,-0.183176686179485,0.339,0.39,1,"GTF2F1"
0.224074977677232,-0.18305023951725,0.318,0.39,1,"SLC10A3"
0.183598930360967,0.18304596492618,0.611,0.585,1,"ALOX5AP"
0.476616751840973,-0.183043011559276,0.187,0.225,1,"HERC4"
0.257417698624562,-0.18303261842731,0.11,0.15,1,"SLC7A6OS"
0.221622989677058,0.182766046445225,0.537,0.51,1,"RSL24D1"
0.256218228639299,0.182719861840287,0.212,0.175,1,"SBF1"
0.168386707658615,-0.182647594591719,0.099,0.145,1,"BMT2"
0.507238267801602,-0.182642280967302,0.18,0.21,1,"PEAK1"
0.443015126540311,0.18262188228003,0.216,0.19,1,"PPAN"
0.594603582669828,-0.18215720191727,0.163,0.185,1,"TRADD"
0.967491089397064,0.1821481317983,0.117,0.12,1,"H2BC12"
0.284681314366273,-0.182120456828088,0.272,0.335,1,"ECPAS"
0.70885757172892,0.182054831471246,0.124,0.115,1,"ASL"
0.877319335931805,0.181998268524344,0.166,0.165,1,"MRPL17"
0.424816919006429,-0.181943001195825,0.35,0.42,1,"PCNX1"
0.318526423420638,-0.181913341196612,0.279,0.34,1,"EFR3A"
0.341467825311032,0.181911098463384,0.47,0.485,1,"C1QBP"
0.315610467846554,-0.181856503411578,0.201,0.25,1,"CLPTM1"
0.505290975624344,-0.181850335619846,0.17,0.2,1,"TMBIM4"
0.311221717825557,-0.181704105611099,0.141,0.185,1,"DNTTIP1"
0.546061336221143,-0.181652001617046,0.403,0.45,1,"NDUFA2"
0.553767875327638,-0.181462540318733,0.47,0.495,1,"KCTD20"
0.57522067909752,0.181437298467227,0.127,0.11,1,"WASHC2C"
0.144030925751191,0.181386929695962,0.459,0.425,1,"ATP6V0B"
0.288377707085223,0.181372386378683,0.269,0.24,1,"CHD6"
0.148062990162203,0.181212565180665,0.576,0.555,1,"PPP4C"
0.489536656710905,-0.180981265880263,0.254,0.285,1,"WDR18"
0.0737493649058577,-0.180961329374865,0.58,0.685,1,"TCF7"
0.712683936848589,-0.180950167345035,0.237,0.255,1,"TRAPPC3"
0.188920013972756,0.180929049189039,0.625,0.6,1,"RASSF5"
0.170263937809339,-0.180904196048513,0.184,0.25,1,"LSM4"
0.174755524527143,-0.180740787614393,0.385,0.465,1,"TUT7"
0.627514580244732,0.180702062734344,0.127,0.115,1,"MAPK6"
0.321130806364603,0.180697672383394,0.12,0.09,1,"GALK2"
0.320377646712799,-0.180612634471749,0.148,0.19,1,"CXXC5"
0.628013716429316,0.180570407982189,0.187,0.18,1,"SNX25"
0.4205227586533,-0.180546479006176,0.081,0.105,1,"CIZ1"
0.346290820811701,-0.180442533668952,0.099,0.13,1,"ALG3"
0.78960880760822,0.180380636885232,0.159,0.155,1,"RRN3"
0.26658225147501,0.180348035101438,0.36,0.335,1,"PQBP1"
0.637953489013674,0.180257606256826,0.237,0.23,1,"EXOSC10"
0.662611786897183,-0.180128323353686,0.092,0.105,1,"RAB11FIP4"
0.894568493301332,0.180050382017027,0.187,0.185,1,"PAPOLG"
0.861930330469995,-0.17975180901491,0.322,0.345,1,"OXSR1"
0.472752803692442,0.179711570771834,0.353,0.335,1,"CAMLG"
0.238375290273631,0.179695682403019,0.498,0.47,1,"PA2G4"
0.491268040541653,-0.179508963768742,0.166,0.195,1,"TSTD1"
0.309866356979002,-0.179393642150505,0.095,0.13,1,"TBC1D9B"
0.966498345598632,0.179210876735222,0.113,0.115,1,"ATXN1L"
0.748383579002477,0.179200723087712,0.212,0.24,1,"APEX1"
0.775947078715692,0.179185563276985,0.212,0.215,1,"CTDSP2"
0.352747057787597,-0.179144455803242,0.258,0.305,1,"MRPS7"
0.75036874394441,-0.179027001917989,0.42,0.435,1,"MT1X"
0.159030197787461,-0.178933674854924,0.205,0.27,1,"CSK"
0.773572844815865,0.178780150894681,0.159,0.155,1,"ANK3"
0.750937571804763,-0.178731414868085,0.11,0.12,1,"ANKRD36B"
0.638304194170038,0.178703051840318,0.265,0.265,1,"DCP1A"
0.909129494314624,0.178662902324827,0.177,0.18,1,"POGK"
0.0893201593384206,0.178662053877323,0.908,0.905,1,"NCL"
0.0411860768294196,-0.178651266069032,0.138,0.215,1,"SGK1"
0.449290401356637,0.178645268095769,0.615,0.575,1,"LAT"
0.692990825845677,0.178593540494662,0.279,0.27,1,"DIPK1A"
0.0568011559909167,0.1785740695987,0.823,0.84,1,"ARF1"
0.200888355673713,0.178525384701495,0.484,0.445,1,"STK10"
0.443970743800223,-0.178510571227686,0.473,0.52,1,"ANP32B"
0.513676959009261,-0.178265832970795,0.399,0.435,1,"RTN3"
0.428566919688571,0.178194496509116,0.53,0.57,1,"LSM14A"
0.654013502092134,0.178169572093831,0.155,0.145,1,"CDC37L1"
0.92722413696497,0.178130904648048,0.11,0.115,1,"SHPRH"
0.986400146126125,0.178060549099168,0.159,0.165,1,"SPAG1"
0.961886768744128,0.177993968015445,0.11,0.115,1,"PEX3"
0.24064251908214,-0.177880953662979,0.18,0.235,1,"ASB3"
0.714245364569298,0.177871792983321,0.357,0.36,1,"RAD23B"
0.499055038487173,0.177643096063277,0.367,0.36,1,"WAPL"
0.711976593068793,0.177625075415034,0.233,0.23,1,"CHORDC1"
0.682099170985759,-0.177466009856027,0.131,0.145,1,"SAMM50"
0.75451311521477,0.177416698755284,0.251,0.25,1,"RAB11B"
0.694177642298244,-0.177369179245658,0.18,0.195,1,"GOSR1"
0.38240016437508,0.177161496246806,0.406,0.42,1,"IDI1"
0.53094901475014,0.177106937973135,0.286,0.27,1,"YBX3"
0.505386102989915,-0.177100618425945,0.177,0.2,1,"BPNT2"
0.302543890953042,-0.177099261210719,0.163,0.21,1,"TOR1AIP2"
0.707804943850225,-0.177012231261612,0.346,0.365,1,"HGSNAT"
0.878019833610399,0.176983533595666,0.102,0.1,1,"UBE2Q2P2"
0.557674667079919,0.176963181433912,0.314,0.315,1,"WBP2"
0.789404033139116,0.176959518267275,0.201,0.205,1,"CREB3"
0.905911282068483,0.176954894266345,0.251,0.27,1,"COG5"
0.191843915323858,-0.176908451097811,0.375,0.445,1,"MAT2A"
0.913385867517828,-0.176792819920953,0.141,0.145,1,"BABAM1"
0.000207529030369728,-0.176785911726772,1,0.995,1,"RPL8"
0.359662823901052,0.176723018155189,0.357,0.335,1,"FYCO1"
0.96618273127064,-0.176708225781044,0.371,0.37,1,"GATA3"
0.634044098763883,0.176681140337438,0.138,0.16,1,"PCNX2"
0.603570258025496,-0.176607803508834,0.177,0.195,1,"ABL1"
0.928209228205258,0.176417376121489,0.226,0.245,1,"LASP1"
0.832086782267699,-0.176252052173177,0.216,0.225,1,"KPNA3"
0.543880798195179,0.176178214585932,0.163,0.145,1,"DGCR6L"
0.428051452315119,0.175996023980018,0.307,0.275,1,"BCL7C"
0.505118040014316,0.175942070038819,0.187,0.165,1,"DIDO1"
0.263646035582332,-0.175799483336932,0.304,0.37,1,"IL27RA"
0.393999635858123,-0.175765883237613,0.117,0.145,1,"SACS"
0.699384964047473,0.175726910292819,0.265,0.255,1,"BCOR"
0.628545647155579,-0.175717777440499,0.35,0.375,1,"GCLM"
0.0858119619821878,0.17564478216845,0.735,0.715,1,"SOD1"
0.365796319124414,-0.175571226355494,0.219,0.275,1,"CBX6"
0.460889579091501,0.175568203355474,0.657,0.64,1,"PKM"
0.360394269604971,-0.17544069192085,0.113,0.145,1,"ITGA6"
0.418782167280015,-0.175314300394765,0.198,0.235,1,"ERAP1"
0.126372351282647,0.175218079635241,0.498,0.44,1,"GPRIN3"
0.182565998829885,0.175210101470531,0.753,0.745,1,"STK4"
0.652933809427755,0.174959997336845,0.251,0.295,1,"TUBB2A"
0.611563413489028,-0.174848289472724,0.187,0.21,1,"ITGB1BP1"
0.492219602233496,-0.174745501905746,0.124,0.15,1,"IDH3A"
0.524933580127936,-0.174681543739047,0.081,0.1,1,"TRAPPC14"
0.759138007401102,-0.174593405848041,0.117,0.13,1,"TMEM184B"
0.407383184758786,0.174504746368777,0.159,0.13,1,"PELO"
0.392952139483032,-0.174457926339135,0.194,0.24,1,"GNL2"
0.831367535095581,0.174370404790116,0.187,0.19,1,"CCDC66"
0.684498396680681,0.174336046495491,0.244,0.225,1,"DPY30"
0.690097320923846,0.174081456538168,0.406,0.415,1,"CD63"
0.525824900021295,0.174073076448854,0.378,0.375,1,"RNF10"
0.706473047037307,0.173992322800021,0.11,0.1,1,"ECI1"
0.933128268230974,0.173892959229585,0.166,0.17,1,"USP20"
0.442531386458239,0.173865428735631,0.314,0.29,1,"NORAD"
0.446107981193049,-0.173843200960851,0.187,0.22,1,"MED27"
0.885129327665938,0.173595262866711,0.141,0.14,1,"UGGT1"
0.166569002434905,-0.173517860691896,0.099,0.145,1,"FKBP3"
0.610360686614031,0.173461106561986,0.329,0.325,1,"CHMP4B"
0.531753423765699,-0.173458053407946,0.145,0.17,1,"VCPIP1"
0.495616326692356,0.173440655439848,0.201,0.185,1,"FEM1C"
0.420020700453995,-0.173262822336045,0.272,0.32,1,"PSENEN"
0.581738179097931,0.173171008043733,0.237,0.23,1,"HARS1"
0.420127769206333,-0.173164873448812,0.145,0.175,1,"TCF20"
0.226798214196567,-0.173135206392677,0.092,0.13,1,"HS2ST1"
0.960692740968065,0.173093712907026,0.247,0.265,1,"TASOR2"
0.23468816716773,-0.173085223883806,0.216,0.28,1,"CDK12"
0.75996253296628,0.172950825627925,0.127,0.12,1,"ZNF398"
0.605864849106694,-0.172949534064242,0.102,0.12,1,"C1orf50"
0.945585316620939,0.172942673859828,0.336,0.36,1,"DGUOK"
0.577540601765542,0.172879907742273,0.583,0.605,1,"CLK1"
0.42968711757599,-0.172798880568538,0.184,0.22,1,"MPRIP"
0.117952262581431,0.17279580412489,0.951,0.935,1,"SPOCK2"
0.502151255563796,-0.172740011975505,0.23,0.265,1,"FRG1"
0.625491177858419,-0.172693973083924,0.41,0.425,1,"YARS1"
0.281965092164608,0.172443648307782,0.604,0.575,1,"TNIP1"
0.490984551691549,0.172405099811531,0.396,0.395,1,"ATP11B"
0.725653511794282,0.172380845626532,0.187,0.18,1,"CXXC1"
0.58644445256605,0.172319305912976,0.23,0.215,1,"CIAO2A"
0.924679492091636,0.172139158329788,0.148,0.15,1,"KLHL21"
0.163227322493075,-0.172104364817788,0.226,0.305,1,"TNPO1"
0.0687029913405642,0.17203369716396,0.519,0.44,1,"ZC3H15"
0.0196737412791822,0.172032467871549,0.71,0.62,1,"SERPINB9"
0.609421096538493,0.171998660735588,0.23,0.22,1,"CNOT7"
0.502076723222323,0.171973236150386,0.265,0.265,1,"ERCC1"
0.720444668376338,0.171909285513617,0.261,0.26,1,"RNF5"
0.753670434883931,-0.171848601325289,0.11,0.12,1,"SPOPL"
0.688998047870948,0.171814570288914,0.307,0.3,1,"SENP7"
0.105997493420858,-0.17172895817321,0.399,0.515,1,"PCBP2"
0.0670109451587701,-0.171706671699848,0.159,0.245,1,"BLTP1"
0.990830239778655,0.171692917525918,0.11,0.115,1,"NCSTN"
0.216305125260977,0.171652676621565,0.551,0.515,1,"HNRNPM"
0.244586806499193,-0.171600485710861,0.325,0.38,1,"GLCCI1"
0.364740820986425,-0.171461633972219,0.223,0.265,1,"CDC34"
0.788028468183296,0.171459407082149,0.565,0.625,1,"CSTB"
0.438370068102012,0.171411196670434,0.138,0.115,1,"ARL15"
0.28255032910762,-0.171223992371998,0.074,0.105,1,"SLC16A7"
0.547225679679033,-0.171197355258933,0.131,0.15,1,"DUSP12"
0.339582080545456,-0.170827735701444,0.085,0.115,1,"VPS8"
0.38120818352086,-0.170712913537645,0.265,0.325,1,"DCTN3"
0.959099069165417,0.170658186364148,0.261,0.28,1,"NGRN"
0.956287050525809,0.170562643775646,0.184,0.195,1,"SMARCD1"
0.474565265553841,0.170531039140704,0.219,0.195,1,"PLEK"
0.742690506555299,0.170490257918551,0.261,0.26,1,"SUCO"
0.234798074717733,-0.170399220480713,0.456,0.52,1,"GDI2"
0.402736144337113,-0.170312518137285,0.177,0.215,1,"RAP2C"
0.489768000482966,0.170100558397092,0.138,0.115,1,"CDK2AP1"
0.45161901058887,-0.17009861144276,0.17,0.2,1,"MGAT5"
0.841824528111131,0.170050937784306,0.124,0.12,1,"RERE"
0.58067244023277,0.169925343341449,0.212,0.2,1,"MTREX"
0.711944506860965,0.169786181126561,0.208,0.2,1,"AFF1"
0.309228257533249,0.169765040985521,0.636,0.6,1,"SLFN5"
0.346917982727965,0.169763651168047,0.148,0.12,1,"MYSM1"
0.000367467332644426,-0.169705391318768,1,1,1,"RPS13"
0.302024219260252,-0.169654611088859,0.11,0.145,1,"C3orf38"
0.620653141770445,0.169641150607531,0.375,0.375,1,"GPI"
0.171583229005574,0.169595787079788,0.816,0.78,1,"PRNP"
0.980054037975524,0.16944471969724,0.247,0.27,1,"CHD9"
0.371536761009766,-0.169430001848949,0.134,0.17,1,"SLC66A2"
0.120025519361819,-0.169408159176554,0.148,0.215,1,"KLHL18"
0.661735628578523,0.169158322869249,0.138,0.125,1,"TBC1D10B"
0.290981078234161,-0.169156744223401,0.509,0.62,1,"DNAJC1"
0.107730302854657,-0.16915366199485,0.477,0.585,1,"FBL"
0.48393057977613,0.169106976669301,0.484,0.515,1,"AUP1"
0.661735628578523,0.169007584408933,0.138,0.125,1,"DOP1A"
0.526893230937398,0.168969713943553,0.191,0.17,1,"TOMM70"
0.528415040472712,0.168952690539746,0.396,0.39,1,"SEPTIN6"
0.743644647228831,-0.168906221849032,0.314,0.33,1,"KCMF1"
0.729701224572596,0.168794956294575,0.269,0.265,1,"ATG12"
0.350205396006536,-0.168642865610006,0.449,0.505,1,"SEPTIN2"
0.279725727511953,-0.168546994973605,0.219,0.275,1,"CSNK2A1"
0.804661877758095,0.168498211449048,0.488,0.55,1,"OSTC"
0.774308045648203,0.168428864645851,0.223,0.255,1,"GSK3A"
0.590856709154855,0.168292959026551,0.163,0.19,1,"IRAG2"
0.792217719497859,0.168215761155861,0.113,0.125,1,"DDX41"
0.525933225397651,0.168094526654122,0.322,0.315,1,"HCG18"
0.707897618039736,-0.168061038514928,0.187,0.215,1,"H2AC6"
0.677451968064266,-0.167807866112967,0.357,0.39,1,"UBAC2"
0.420928022327117,-0.167713187053633,0.314,0.375,1,"SDHD"
0.674758253014438,0.167574265755054,0.138,0.16,1,"NCBP1"
0.0946221604530167,0.167553293127494,0.604,0.54,1,"PRDX6"
0.151240029104448,-0.167535188483567,0.3,0.405,1,"PRMT1"
0.119048919004663,0.167475677004014,0.636,0.63,1,"USP15"
0.354629853819806,-0.167321186355661,0.134,0.17,1,"MFSD14CP"
0.264042685881044,-0.167216521150862,0.155,0.205,1,"AP1S2"
0.274008507321741,0.167203636446397,0.763,0.805,1,"ORAI1"
0.408795036312953,-0.167147883659317,0.18,0.215,1,"PDK3"
0.354471302136992,-0.167142529944601,0.336,0.395,1,"BRI3"
0.000338048008246808,-0.167123812619584,1,1,1,"RPS8"
0.767380424656237,0.167119663487028,0.117,0.11,1,"MICA"
0.833184396845904,-0.166880844470208,0.141,0.155,1,"DCAF10"
0.335333939434872,-0.166869192334486,0.212,0.265,1,"VPS26C"
0.556528696869824,0.166866756498337,0.23,0.215,1,"AIDA"
0.821195191048221,-0.166823511068081,0.138,0.145,1,"LRRC47"
0.112556677198115,0.166805648371991,0.809,0.815,1,"SLC7A5"
0.873336768480428,0.166738567463288,0.346,0.36,1,"SPIDR"
0.392576591199796,0.16656161669903,0.378,0.35,1,"IL4R"
0.904925070708209,0.166419336508855,0.155,0.165,1,"WDR13"
0.517782965271833,-0.166380820394486,0.11,0.13,1,"UTP18"
0.638615375972834,0.166332554951383,0.131,0.12,1,"PHKG2"
0.225003270455957,-0.166250843033569,0.901,0.915,1,"ANXA1"
0.250249089795257,-0.166183578866898,0.269,0.33,1,"HGS"
0.906370620321255,0.165914361743684,0.127,0.135,1,"ABCB7"
0.755916710181404,-0.16589909685765,0.392,0.425,1,"TRAF1"
0.393791095527901,0.165858837338992,0.417,0.4,1,"YY1"
0.54016385452672,-0.165791450641681,0.41,0.435,1,"EMC4"
0.898301501947717,0.165741950432909,0.102,0.11,1,"LY75"
0.382011257367581,-0.165686511815267,0.382,0.435,1,"YTHDC1"
0.499156916631356,-0.165551987136114,0.092,0.115,1,"GPN3"
0.500531376724481,-0.165524299585208,0.318,0.36,1,"IFRD1"
0.0546782441635765,0.165375286237114,0.905,0.885,1,"HNRNPA2B1"
0.772910163952619,0.165185143498854,0.141,0.135,1,"PHC2"
0.307240392067544,-0.165071810218129,0.572,0.655,1,"HERPUD2"
0.854006639577329,0.164963868355318,0.191,0.19,1,"CSNK1G3"
0.460790423438643,-0.164924976532558,0.113,0.14,1,"PLXND1"
0.464282482810854,-0.164828269359263,0.269,0.31,1,"RSBN1"
0.196492724570239,0.164818258589795,0.852,0.84,1,"NR3C1"
0.183925738323881,-0.164701648554652,0.477,0.565,1,"UBE2A"
0.649148655025355,0.16466125666612,0.413,0.425,1,"CAPZA2"
0.425032797411787,-0.164585629264304,0.251,0.29,1,"MACROH2A1"
0.76652596466788,0.164526062299515,0.23,0.225,1,"IFI6"
0.263237712946842,-0.16441961548895,0.343,0.43,1,"ZNF706"
0.371928274527106,-0.1641112545443,0.678,0.715,1,"NDUFA4"
0.320419217982066,-0.164069197975036,0.113,0.15,1,"TBC1D10A"
0.326312723061889,0.164042418117058,0.466,0.455,1,"BTBD9"
0.710727508149859,0.163988405905434,0.403,0.42,1,"UBR2"
0.302530056801103,0.163927505182666,0.339,0.31,1,"NKTR"
0.903577503125901,-0.16383671266988,0.163,0.17,1,"ME2"
0.758826303055,0.163810289899593,0.216,0.215,1,"NUP214"
0.194963286032711,-0.163804707090027,0.378,0.455,1,"HDLBP"
0.812861841807087,-0.16380137036605,0.343,0.35,1,"TBL1XR1"
0.30211916671167,-0.163723449650611,0.187,0.235,1,"MYO1D"
0.297510891334264,0.163627794136996,0.739,0.755,1,"NIBAN1"
0.723474177695777,0.163601405584404,0.452,0.455,1,"LBR"
0.935968018226722,0.163565040519993,0.134,0.135,1,"HTT"
0.234571167748139,-0.163517039805634,0.406,0.495,1,"OGT"
0.162695969094298,0.163508198590746,0.65,0.64,1,"HMGN1"
0.663034598616328,0.163473831953757,0.293,0.295,1,"VTI1A"
0.928498387370834,0.163285838382193,0.138,0.15,1,"HMGXB4"
0.537351448336807,0.163244664649481,0.237,0.215,1,"ARL8A"
0.305264600830147,-0.163142319306209,0.512,0.59,1,"NDFIP1"
0.449246878808391,0.163060875647998,0.148,0.125,1,"PPP1R13B"
0.470127672113575,0.163019456550194,0.657,0.65,1,"SEC61G"
0.33313530543566,-0.162998291724367,0.216,0.265,1,"USP1"
0.20726651596146,0.162939780287181,0.784,0.715,1,"H4C3"
0.642499354033807,0.162867571742207,0.177,0.165,1,"HOPX"
0.799287545082437,-0.162858062945959,0.187,0.205,1,"TSN"
0.9272146553477,0.162807814374421,0.145,0.145,1,"HEXA"
0.398817296136407,-0.162804512659442,0.173,0.215,1,"DPF2"
0.972669753834286,0.162687542174218,0.131,0.135,1,"MRPL15"
0.896863717547974,0.162650928565998,0.254,0.285,1,"ORMDL2"
0.515667907458837,-0.16260123435389,0.399,0.44,1,"RBM17"
0.996786772031911,0.162596766551726,0.304,0.325,1,"RNF166"
0.300368943218618,0.162596113008672,0.777,0.765,1,"SAP18"
0.753875027880544,0.162548705727396,0.152,0.145,1,"SLC35D1"
0.43849713411596,-0.162533921178928,0.47,0.53,1,"GPR65"
0.89194052566571,0.162346128162564,0.159,0.165,1,"DCTN6"
0.275243029542011,-0.162302144280676,0.265,0.32,1,"IGBP1"
0.116409636212537,0.162300521067656,0.929,0.9,1,"EMP3"
0.464133345434977,-0.162283760840488,0.159,0.19,1,"MTR"
0.55069742431141,-0.162230167040576,0.163,0.19,1,"SPECC1L"
0.77892937053377,0.16221456286294,0.53,0.59,1,"YIPF5"
0.855108918097209,0.16209202236549,0.272,0.31,1,"DCAF7"
0.651660885215975,0.161992010008024,0.212,0.2,1,"IRF2"
0.883824259606897,0.161940142769879,0.12,0.13,1,"EIF2B2"
0.433642668685696,-0.161906152516666,0.17,0.21,1,"DPM1"
0.990541899028294,0.16179729915122,0.177,0.185,1,"ACBD6"
0.24277120413271,-0.161795969395713,0.127,0.17,1,"PHRF1"
0.722718640289204,0.161742003588932,0.198,0.19,1,"BAG6"
0.566355407846912,-0.161690421466138,0.36,0.405,1,"FRYL"
0.643278823226693,0.161629744374151,0.127,0.115,1,"CIAPIN1"
0.707198036141544,-0.161627886922917,0.173,0.195,1,"POLR1C"
0.99118700310226,0.161571546563288,0.325,0.345,1,"TNRC6A"
0.658567260641305,-0.161564569312119,0.24,0.26,1,"UBE2D1"
0.45889208003507,0.161494240571675,0.375,0.36,1,"PTPN4"
0.0509827862427625,-0.161408550342551,0.527,0.665,1,"DDX3X"
0.45170604095908,-0.161406254178037,0.212,0.255,1,"DOCK2"
0.473961490849277,0.161206718396999,0.519,0.525,1,"DDX21"
0.520043832617668,-0.161057008193062,0.226,0.265,1,"LSM1"
0.065667191833108,0.160961484510428,0.827,0.785,1,"SLC3A2"
0.524933580127936,-0.160819197515227,0.081,0.1,1,"ZNF737"
0.212538560315346,0.160801717147492,0.424,0.375,1,"EPS15"
0.137123922384851,-0.16070306760104,0.244,0.325,1,"NR4A3"
0.777156936838432,0.160642578519424,0.152,0.17,1,"KPNA6"
0.468608973635147,-0.160619671835433,0.145,0.175,1,"RHOT2"
0.0836752179963318,-0.160586363631588,0.435,0.53,1,"ELL2"
0.162919457305087,-0.160566819265193,0.837,0.88,1,"GAS5"
0.621516264846162,-0.160386912479222,0.633,0.67,1,"JUN"
0.523175702964887,0.160331312518619,0.163,0.145,1,"NARS1"
0.508766583518567,0.160312798492404,0.332,0.32,1,"RGS10"
0.858268034632655,0.160285311661467,0.117,0.115,1,"MRPS23"
0.953359244958214,0.160270299083935,0.382,0.415,1,"NDUFC2"
0.860670074253234,0.160209459795833,0.251,0.26,1,"DCTN2"
0.153411662307443,-0.160132900084848,0.078,0.12,1,"RBL1"
0.304690598676741,-0.160102470419582,0.311,0.37,1,"CCPG1"
0.858217305543084,0.160063292628433,0.159,0.16,1,"NECAP1"
0.0783328703578559,0.160006343097351,0.88,0.825,1,"PSMA7"
0.783584456912246,0.159996886776118,0.159,0.155,1,"PPM1D"
0.613538578145487,-0.159983239420597,0.339,0.37,1,"PPHLN1"
0.635333927296798,0.159974647911779,0.113,0.1,1,"XPO7"
0.518255534920423,-0.159939050692905,0.364,0.405,1,"PHF20L1"
0.695893291226309,0.159835852558259,0.304,0.305,1,"DPYD"
0.566902124552276,-0.159804105594193,0.173,0.2,1,"UBN2"
0.347372155918841,0.159691286439129,0.286,0.26,1,"C1orf52"
0.404030230332817,-0.159499689664703,0.088,0.115,1,"TRAF5"
0.343497624614271,-0.15945031453778,0.498,0.59,1,"PPP1CB"
0.26598445369581,0.159274151102238,0.551,0.525,1,"SYF2"
0.286241265786017,0.159243134748126,0.597,0.605,1,"ARHGAP26"
0.651324177586348,-0.159236159715168,0.198,0.22,1,"PPP1R35"
0.207663144053198,-0.159033584196343,0.12,0.165,1,"MANBA"
0.293984856560065,0.159000652373543,0.498,0.485,1,"PIAS1"
0.994679366576266,0.158978381649584,0.23,0.245,1,"FAM50A"
0.750559710011112,0.158727177056372,0.092,0.105,1,"SLC30A6"
0.0585593451232059,-0.158644241050364,0.919,0.96,1,"SERF2"
0.889662997700985,0.158624340185286,0.163,0.165,1,"CBFA2T2"
0.967506315535799,-0.15859250547625,0.746,0.73,1,"CD52"
0.453046170047808,-0.15852387631377,0.092,0.115,1,"MRPS17"
0.820365408389451,0.158501523640441,0.106,0.105,1,"RFX5"
0.487731807865609,0.158472619468131,0.201,0.18,1,"CRELD2"
0.598441841804866,0.158450732173642,0.293,0.285,1,"C14orf119"
0.0558537050312338,0.158368844917959,0.799,0.775,1,"SELENOK"
0.567951627902303,0.158115810725183,0.332,0.32,1,"ANAPC5"
0.6386894927534,0.158083899777687,0.166,0.155,1,"MRPL13"
0.11895305697085,0.158041224043321,0.792,0.79,1,"TRIR"
0.550498747470517,-0.157917844168554,0.304,0.34,1,"ITK"
0.316835101415353,-0.157795153603541,0.35,0.405,1,"TMX4"
0.952155131554113,0.157790048689388,0.113,0.115,1,"MYNN"
0.588386934704989,0.157726827696312,0.131,0.115,1,"ITPA"
0.682102769551328,0.157638541917765,0.208,0.2,1,"GALNT3"
0.877558471568694,0.157536974336738,0.184,0.2,1,"PLEKHA1"
0.572282073539332,-0.157485136274837,0.442,0.5,1,"TAF15"
0.405251858775719,-0.157425116578772,0.254,0.295,1,"SEPTIN11"
0.189701712304019,-0.15736970437759,0.972,0.99,1,"VIM"
0.542387471275561,-0.157272783408921,0.159,0.185,1,"TFAM"
0.778594171769204,0.157123150009269,0.113,0.125,1,"C2CD3"
0.426376296393336,0.157084921688263,0.304,0.28,1,"SURF2"
0.30373682212,0.156920910212972,0.703,0.66,1,"SF3B1"
0.663242740609108,0.156835763626169,0.152,0.175,1,"VCPKMT"
0.141204523958149,-0.156819149477732,0.929,0.91,1,"LINC-PINT"
0.713528748755952,-0.156795490218385,0.117,0.13,1,"PITPNM1"
0.469054006278025,-0.156761240019479,0.173,0.205,1,"XPOT"
0.570080895277123,0.156652015846169,0.516,0.52,1,"BCLAF1"
0.513179023772157,0.156548205625189,0.258,0.235,1,"SF3B3"
0.294682854446298,-0.156486345827475,0.809,0.83,1,"SLC38A1"
0.897473946656493,0.156427914942599,0.223,0.225,1,"FAM120B"
0.361667844427817,-0.156372001506183,0.233,0.285,1,"TRAPPC5"
0.987432094286437,0.156339647074955,0.244,0.25,1,"LMBRD1"
0.550760485240821,0.156227843427205,0.131,0.115,1,"YDJC"
0.348732237855099,-0.156185164638906,0.276,0.325,1,"PAN3"
0.386707339089605,-0.156029870622285,0.339,0.4,1,"PCMT1"
0.5222264745982,-0.155957374731247,0.138,0.16,1,"NSRP1"
0.991866593051519,-0.155698703083214,0.512,0.52,1,"DBI"
0.425910885364448,-0.155648997527531,0.102,0.13,1,"PANK3"
0.440013463396458,0.155603886429382,0.223,0.195,1,"ELOA"
0.582006229888374,0.155555974434731,0.261,0.25,1,"USP4"
0.699164789033803,0.155467374649938,0.445,0.46,1,"S1PR1"
0.430986851287642,0.155352002249087,0.078,0.1,1,"ENSG00000276216"
0.988096336947986,-0.155269673502039,0.855,0.83,1,"S100A4"
0.933299963875327,0.155206923485961,0.134,0.14,1,"RCSD1"
0.66324499406237,0.155184817316027,0.47,0.495,1,"NASP"
0.551573478535853,-0.155051884065585,0.145,0.17,1,"RAE1"
0.783890950879898,-0.155002948457049,0.134,0.145,1,"ALAS1"
0.401625924853681,-0.154950894063961,0.117,0.145,1,"POLR3C"
0.922378668166973,0.154947174358581,0.219,0.225,1,"R3HDM2"
0.522218087383621,0.154942289390251,0.466,0.475,1,"AKAP9"
0.765248567770042,0.154887937927168,0.092,0.105,1,"RPUSD1"
0.679959650277109,-0.154875880604721,0.11,0.125,1,"CCDC57"
0.791818236714046,0.15483640841056,0.163,0.16,1,"ASCC2"
0.740881865508114,0.154833200918623,0.11,0.1,1,"WRN"
0.497325075917624,-0.154678242963625,0.325,0.37,1,"CHST11"
0.0927847259819548,0.154654224940346,0.809,0.795,1,"RUNX3"
0.143571731679079,-0.154609412304133,0.205,0.28,1,"BCL6"
0.586447793842194,0.15443307293524,0.293,0.285,1,"ARID2"
0.591799460346206,-0.154379984552846,0.134,0.155,1,"ORC2"
0.513858729058128,-0.154255556642016,0.095,0.115,1,"MRPL30"
0.955529987496418,0.154242778997148,0.396,0.425,1,"GTF3A"
0.561573259171101,-0.154099045000671,0.431,0.475,1,"SRSF4"
0.330528796186992,0.154053786962658,0.597,0.595,1,"ARID5A"
0.28401305785694,-0.154034100805633,0.463,0.53,1,"NOP10"
0.430165126988392,-0.154027590326755,0.134,0.17,1,"FDPS"
0.497661695820529,0.15399181762881,0.152,0.13,1,"FAM174C"
0.355013548329381,-0.153981844318566,0.074,0.1,1,"SLC12A6"
0.832507664002272,0.153971309021539,0.307,0.315,1,"ZBTB7A"
0.181816633321512,0.153896895417222,0.23,0.185,1,"ADD3"
0.4323954831778,-0.153614311973778,0.159,0.195,1,"ZNRD2"
0.517175023286739,0.15359054299675,0.42,0.415,1,"CCT2"
0.0620345888933272,0.153580431342411,0.88,0.88,1,"ATP5F1B"
0.575675288056007,0.153546973937355,0.173,0.155,1,"RXRA"
0.694433934688252,0.153390667233269,0.261,0.255,1,"STMN1"
0.732731445193872,0.153344683083307,0.428,0.44,1,"LSM7"
0.615074403636554,-0.153222267518656,0.498,0.505,1,"RALY"
0.442676517288685,0.153028196334902,0.42,0.39,1,"VPS4B"
0.592788517504758,-0.153014164678311,0.742,0.755,1,"PDCD4"
0.490249921711362,0.153010060933647,0.124,0.105,1,"SNRNP35"
0.929004036787388,0.152972773877906,0.12,0.12,1,"WDR75"
0.221023373501304,0.152824795496453,0.954,0.96,1,"TALAM1"
0.0627067817962221,0.152725202311273,0.894,0.92,1,"HMGB1"
0.371752416877086,0.152719191787949,0.523,0.505,1,"COPA"
0.16022507569807,0.152548716190415,0.71,0.69,1,"GZMM"
0.99276917984128,0.15251810145131,0.17,0.175,1,"SLC12A2"
0.262394664959018,0.152421361157665,0.392,0.375,1,"RANBP1"
0.153586117237045,-0.152376347955204,0.364,0.45,1,"ERGIC3"
0.470688542877189,0.152370052690761,0.42,0.42,1,"GTF2B"
0.486456743283296,0.152354703907756,0.297,0.285,1,"EID1"
0.397818897371068,0.152220082049111,0.244,0.21,1,"SEC23B"
0.430608407531499,0.15216948308471,0.519,0.515,1,"ASH1L"
0.789816933156715,0.152023963610765,0.396,0.41,1,"GATAD2A"
0.569313256862538,0.151984180770394,0.237,0.215,1,"MAP1S"
0.344518454201988,-0.151928221993262,0.59,0.67,1,"ARID4B"
0.98147852513232,-0.151850617384041,0.117,0.115,1,"F11R"
0.334807289496699,-0.151784110520021,0.173,0.215,1,"ZDHHC6"
0.305261704429103,-0.15172181530941,0.41,0.465,1,"DDT"
0.886338204071998,0.151683591905954,0.194,0.205,1,"PTOV1"
0.404162745054937,-0.151653825909948,0.392,0.46,1,"VPS13C"
0.910058394792172,0.151602577492294,0.163,0.17,1,"PREB"
0.679197289681482,0.151591307184544,0.187,0.18,1,"RBM15B"
0.332797170537591,-0.151531243969931,0.102,0.135,1,"GIGYF1"
0.236334764531028,-0.15150886657605,0.216,0.275,1,"SMC5"
0.38329235167244,-0.151358815921991,0.71,0.73,1,"PAK2"
0.59801839838215,0.151217841729164,0.269,0.27,1,"TINF2"
0.515289279832371,-0.151093473545411,0.106,0.13,1,"PLEKHA7"
0.475478689532396,-0.151065978078189,0.364,0.42,1,"DYRK1A"
0.848034586494237,0.150997855670356,0.159,0.16,1,"WDR43"
0.41154799167211,-0.150979350880324,0.159,0.195,1,"BTN3A1"
0.0992389247195164,-0.150798023542932,0.809,0.855,1,"CD8A"
0.686727780681217,0.150619970307342,0.445,0.47,1,"YME1L1"
0.562148958979104,0.150541500616722,0.163,0.145,1,"MKRN2"
0.531554466176029,0.150469182736016,0.201,0.18,1,"LINC00299"
0.16382416772912,0.150069963174371,0.873,0.85,1,"RHOA"
0.739238639081344,-0.150053121453054,0.201,0.22,1,"CHD3"
0.541282837203865,0.149952891065076,0.212,0.195,1,"ZFP91"
0.731338143568719,0.149931236085932,0.131,0.125,1,"PSMA3-AS1"
0.688061220317627,0.149925098255258,0.29,0.29,1,"HSF1"
0.318727304067144,-0.149907646091809,0.106,0.14,1,"EVA1C"
0.388596835602673,0.149860147617537,0.622,0.635,1,"DDX17"
0.716008913796343,-0.149773608838763,0.258,0.28,1,"CRTC2"
0.260210636983651,-0.149773525127693,0.216,0.275,1,"THOC2"
0.130146356876457,-0.149641986815451,0.141,0.2,1,"PLAC8"
0.682302249621302,-0.149537784196389,0.124,0.11,1,"ICAM1"
0.461450478380587,-0.149498333503896,0.198,0.23,1,"PHYKPL"
0.410984823599645,0.149457187110817,0.375,0.36,1,"LUC7L"
0.692847240054767,0.149446031328611,0.261,0.255,1,"SLU7"
0.551085429920468,-0.149330736797557,0.35,0.385,1,"MRPL20"
0.578261633129351,-0.149326300139535,0.127,0.15,1,"TRAPPC8"
0.000547885039261549,-0.149196158846562,1,1,1,"RPLP2"
0.215518741556729,-0.149189678871156,0.491,0.565,1,"SNX9"
0.859264357732646,0.149130099698168,0.53,0.54,1,"TMEM258"
0.680067036779577,-0.149000881649103,0.131,0.145,1,"GALNT6"
0.568130116090384,0.148955487090161,0.187,0.175,1,"PCYT1A"
0.772854368835115,0.148919387901162,0.095,0.11,1,"ATL2"
0.801792546896402,0.148902345519643,0.113,0.11,1,"SSH1"
0.587565815170348,-0.148670522764029,0.18,0.205,1,"LARP1"
0.734092358907007,0.148663091717358,0.445,0.475,1,"CCT7"
0.198766760768502,0.148426438041852,0.809,0.79,1,"CDC42SE2"
0.292507451525127,-0.148420322207209,0.742,0.805,1,"CHASERR"
0.556021579134196,-0.14841670653624,0.17,0.195,1,"IL16"
0.381099005490039,-0.148269028706356,0.329,0.38,1,"RC3H1"
0.777089981953744,0.148195574551254,0.166,0.16,1,"NR2C2"
0.661936813120555,-0.148136088901803,0.134,0.15,1,"PIGV"
6.48043047145122e-05,-0.147903117826448,1,1,1,"RPL28"
0.368838732831344,-0.147878161558189,0.219,0.265,1,"SMAD7"
0.648605397316582,0.147850318500536,0.219,0.21,1,"SP110"
0.564321988346266,-0.147829633629618,0.332,0.365,1,"PHC3"
0.431631532570525,-0.147765714089751,0.707,0.755,1,"ABHD17A"
0.390587520352719,0.147728360223832,0.29,0.255,1,"RICTOR"
0.87912690721351,0.147677130201263,0.177,0.175,1,"CARD16"
0.818918434184414,-0.147675029506241,0.11,0.1,1,"USP53"
0.572037049430729,-0.147669185745065,0.134,0.155,1,"CSPP1"
0.559692868060382,0.147637674205465,0.265,0.255,1,"SF3A3"
0.00231270224733646,-0.147593944075882,1,0.995,1,"RPL29"
0.478908359284656,-0.147577777899246,0.141,0.17,1,"TRIM8"
0.58480946655571,-0.147242552347964,0.117,0.135,1,"COMMD3"
0.315512116264602,-0.147022695383841,0.261,0.315,1,"POLR2J"
0.45522617608172,-0.146975886854185,0.516,0.565,1,"TBCA"
0.71925599112699,0.146669882222241,0.148,0.14,1,"EID2"
0.66110148563439,0.146616627820295,0.163,0.19,1,"GIT2"
0.678444449184057,0.146491761451907,0.131,0.12,1,"BTG1-DT"
0.925145325520611,0.146360129793134,0.463,0.52,1,"APRT"
0.716831293187661,-0.146318911320975,0.145,0.16,1,"UMAD1"
0.791569354466085,0.146133591353206,0.488,0.525,1,"RNF213"
0.849260334392584,0.145996433471191,0.17,0.19,1,"KCNAB2"
0.639623691310923,-0.14598373850666,0.177,0.2,1,"STAG3L5P"
0.848481510488522,0.145927674160657,0.269,0.275,1,"ATP8A1"
0.840739274096368,0.145873997100053,0.148,0.145,1,"ESF1"
0.600382475250205,0.145705631992323,0.29,0.28,1,"PSMA4"
0.473610858799436,-0.145580411363156,0.212,0.245,1,"FBXW11"
0.786510034989638,0.145552853955677,0.11,0.125,1,"MAP4K1"
0.594040397250041,0.145531532571879,0.212,0.195,1,"PNKP"
0.343883579065113,0.145402923258969,0.42,0.4,1,"SEC13"
0.375295946531294,-0.145373808637109,0.473,0.535,1,"MXRA7"
0.130903368221152,-0.145360455431289,0.406,0.51,1,"NHERF1"
0.703012486343924,0.145284218360634,0.187,0.18,1,"NAA16"
0.939207988766656,0.145189433707093,0.353,0.4,1,"LUZP1"
0.219708774612228,-0.145168886921314,0.074,0.11,1,"PINX1"
0.824464412170211,0.145157932294434,0.424,0.445,1,"STAG2"
0.000642137323240457,-0.145125596642447,1,1,1,"RPL13"
0.744299735438893,0.145099744343168,0.088,0.1,1,"ASAH1"
0.9632596688339,0.145062852156241,0.194,0.205,1,"NXPH4"
0.12303626375587,0.145060689599938,0.823,0.79,1,"METRNL"
0.585561388453385,-0.145045613864428,0.148,0.175,1,"GTF2I"
0.938553830315021,0.144982892170689,0.304,0.32,1,"NBEAL2"
0.141786887116371,0.144933156041368,0.742,0.735,1,"NDUFA13"
0.101909832471496,-0.144789610461012,0.689,0.78,1,"EIF5A"
0.53162720225252,-0.144763166338182,0.41,0.465,1,"PCM1"
0.630098409500427,-0.144732339476165,0.802,0.785,1,"LITAF"
0.881083066884465,-0.144669880147228,0.102,0.105,1,"GBP1"
0.4167708358655,0.144638734685219,0.495,0.485,1,"HIF1A"
0.291820273400864,-0.144547269719501,0.413,0.47,1,"PFKFB3"
0.733469563281044,0.144183019009688,0.265,0.265,1,"PHF11"
0.734377594841201,0.144174942758097,0.343,0.35,1,"PSMD13"
0.318452036275039,0.144166375365654,0.364,0.32,1,"DDX46"
0.777371073286511,0.144116628054929,0.608,0.605,1,"OSBPL8"
0.427577113828979,-0.144095508357867,0.314,0.365,1,"AP2S1"
0.341317055884968,0.144083942905846,0.7,0.73,1,"NME2"
0.620421065706139,0.144064910441252,0.184,0.17,1,"KDM5C"
0.685766600785345,-0.143978576672595,0.208,0.225,1,"SINHCAF"
0.0829095945859837,0.143867916702477,0.993,0.995,1,"SH3BGRL3"
0.433733993415046,-0.143866006218513,0.163,0.195,1,"NUS1"
0.418280201942614,0.143791270435029,0.102,0.13,1,"RASGRF2"
0.617624274359435,-0.143715435127575,0.085,0.1,1,"DEAF1"
0.919966496179091,0.143602626759385,0.219,0.24,1,"ATP9B"
0.446592979934762,-0.143595571639884,0.152,0.185,1,"TOPORS"
0.920290895823985,0.14355870727661,0.141,0.145,1,"DDX49"
0.621541583684671,-0.143520330343311,0.12,0.14,1,"EML3"
0.459451135343073,-0.143497405894002,0.155,0.19,1,"MTMR1"
0.707936549119619,0.143260754004596,0.325,0.33,1,"DYNLT3"
0.767188785433817,0.143225124708086,0.134,0.15,1,"GTF2IRD2B"
0.203363252405018,-0.143132960318384,0.456,0.56,1,"SNRPF"
0.817498703301625,0.143115169037521,0.095,0.105,1,"SPRTN"
0.464567300180394,-0.143015069576594,0.982,0.98,1,"TNFAIP3"
0.979525580965526,0.142907229827632,0.134,0.135,1,"NOL8"
0.89803766308263,0.142906558777677,0.184,0.19,1,"DIMT1"
0.971197378845062,0.142768887753241,0.166,0.17,1,"RRP12"
0.870528420987562,0.14272760335679,0.237,0.245,1,"JARID2"
0.413590640817059,-0.142671980293646,0.332,0.395,1,"WDR33"
0.051302232152309,-0.142627036768074,0.194,0.285,1,"CMSS1"
0.930639185656526,0.142585405327722,0.187,0.2,1,"PLAA"
0.57193368952428,-0.142495653520961,0.106,0.125,1,"RPRD1A"
0.543499056592051,-0.142489386911436,0.17,0.195,1,"MED6"
0.678103468237981,0.142463453056606,0.124,0.145,1,"KIN"
0.313348711929614,0.142448169860931,0.837,0.835,1,"HSPA5"
0.821438437956194,0.142304651842744,0.145,0.14,1,"PDCD1"
0.92322392276622,0.142238258382802,0.265,0.28,1,"NUCB1"
0.745222774212796,-0.142192945918218,0.424,0.46,1,"ZEB1"
0.477443026344438,0.142177682859309,0.17,0.145,1,"GALNT1"
0.781442258831707,0.142004462647876,0.265,0.265,1,"RHOC"
0.781087620406617,-0.141795141012272,0.244,0.26,1,"TPRG1L"
0.861959884759884,0.141761614920296,0.293,0.295,1,"IL18RAP"
0.537490270535133,-0.14159491290211,0.382,0.42,1,"DAD1"
0.61937573077539,0.141507364865879,0.322,0.32,1,"GCH1"
0.745658690860751,0.141399930964946,0.325,0.335,1,"SYNCRIP"
0.877262660675817,-0.141350000224359,0.406,0.415,1,"FOXO1"
0.569487810028493,0.141107455649375,0.12,0.105,1,"FAM199X"
0.0542718348780862,-0.141050339715854,1,1,1,"MT-CO1"
0.315453392834434,-0.140994376983776,0.484,0.58,1,"CHD1"
0.419092458756576,0.14078425032769,0.322,0.31,1,"SIPA1"
0.611394563062882,-0.140733972792045,0.166,0.19,1,"RIC1"
0.272782172855996,-0.140648845646517,0.304,0.375,1,"WDFY2"
0.196112499113407,0.14061547557318,0.145,0.195,1,"ENSG00000227240"
0.246476008698784,-0.140541090920241,0.187,0.245,1,"RPAP2"
0.411875087461534,-0.140533977932594,0.187,0.23,1,"CCNC"
0.731476222281757,0.14053287206289,0.134,0.13,1,"SFXN3"
0.632681080546943,-0.140513216288633,0.24,0.265,1,"SRPRB"
0.83390751256468,-0.140480096236584,0.099,0.105,1,"WASHC2A"
0.216856724138989,-0.140407925319076,0.424,0.505,1,"PDE3B"
0.947157355247251,0.140405431573952,0.237,0.255,1,"STARD10"
0.720230761220575,0.140405367627155,0.124,0.115,1,"HIF1A-AS3"
0.625014943831139,-0.140299949195964,0.233,0.265,1,"RLIM"
0.582980375432618,-0.140276541872039,0.371,0.395,1,"NCR3"
0.294308506828552,0.140273151851338,0.731,0.73,1,"TRMT112"
0.815924129399198,0.140239601026328,0.138,0.135,1,"EIF2B4"
0.371810706599526,-0.140187634397581,0.17,0.21,1,"EMC8"
0.988920416303118,0.140144677394217,0.191,0.2,1,"EIF4E3"
0.704642537671465,0.140079609604453,0.329,0.335,1,"AAK1"
0.615883208752178,-0.140059713606751,0.473,0.495,1,"RAB5IF"
0.507114085081138,-0.140047132631343,0.152,0.18,1,"NELFCD"
0.495844703479841,0.140037376296412,0.226,0.205,1,"TMEM160"
0.944211637895657,0.139991402546594,0.279,0.3,1,"IRF9"
0.227846794761093,-0.139964036248092,0.424,0.5,1,"ARRB2"
0.991605268469783,0.139930122664498,0.17,0.18,1,"CLNS1A"
0.641976615695468,-0.139816949907009,0.117,0.135,1,"MFNG"
0.6978612245161,-0.139691698186754,0.12,0.135,1,"SCAP"
0.210723838203859,-0.139685723578612,0.965,0.975,1,"LAPTM5"
0.749035832344025,0.139629812521135,0.205,0.23,1,"CEP85L"
0.619025940563928,-0.139379757562797,0.085,0.1,1,"MRPS28"
0.995418491772288,0.139362874076651,0.233,0.25,1,"EIF4E2"
0.824989704536147,0.13925163975924,0.208,0.21,1,"TSPAN14"
0.543029048085987,0.139158593635298,0.18,0.165,1,"NOB1"
0.304528454911773,-0.139083150049042,0.18,0.23,1,"THAP12"
0.265480228731196,0.139006119531663,0.618,0.615,1,"CANX"
0.434163440605107,-0.139000558682338,0.078,0.1,1,"ARHGEF6"
0.638416609720042,0.138972777900554,0.106,0.095,1,"UNC13D"
0.606174455472476,0.138966581755855,0.389,0.395,1,"MECP2"
0.302414203084737,-0.138917542624743,0.134,0.175,1,"KIF22"
0.827209874636483,-0.138724701375077,0.24,0.23,1,"CDC40"
0.440060542977834,-0.138720901417132,0.127,0.155,1,"ZBTB25"
0.95127708615131,-0.138702413398323,0.297,0.295,1,"TNFRSF14"
0.429024180205888,0.138692566442059,0.809,0.86,1,"SEPTIN7"
0.678251981445833,0.138677203081755,0.233,0.23,1,"TMX2"
0.457363633968518,0.138595815387475,0.081,0.105,1,"IL15"
0.803738437540774,-0.138542227183768,0.23,0.245,1,"WDR26"
0.718588236279191,0.13834167872276,0.212,0.21,1,"XPO1"
0.883149570298934,0.138328362083896,0.187,0.19,1,"WRNIP1"
0.868396272598261,0.138313277002314,0.092,0.1,1,"CEBPZOS"
0.253685660829456,0.138202350621877,0.731,0.74,1,"SERBP1"
0.838425967866231,-0.138124965832047,0.279,0.29,1,"NDUFB6"
0.316179914344964,-0.138081716265428,0.152,0.19,1,"TMEM181"
0.795109327356764,0.138063553361138,0.272,0.275,1,"EPRS1"
0.983990592776117,0.138057267172911,0.18,0.19,1,"DYNC1I2"
0.571754447607317,0.138010435073957,0.293,0.285,1,"MRPS15"
0.788306091964236,0.137990708736083,0.17,0.165,1,"HPS1"
0.616593585545358,0.137961391520364,0.71,0.73,1,"MATR3"
0.515357730184181,0.137821703924574,0.159,0.14,1,"EMG1"
0.613763925739766,0.137682559821623,0.254,0.24,1,"SIAH2"
0.643122031305131,-0.137614417324742,0.092,0.105,1,"PSMD10"
0.996653207632654,-0.137606557771642,0.371,0.375,1,"BAZ1A"
0.544581002187536,0.13757711824116,0.191,0.175,1,"SMC4"
0.412641913108691,0.13746665657808,0.17,0.14,1,"IFT52"
0.699400944155004,0.137334618169204,0.148,0.135,1,"CREB3L2"
0.962306084637551,-0.137270421843252,0.127,0.13,1,"MIB2"
0.465166872292315,0.13723450815554,0.237,0.215,1,"ARL3"
0.773865924185256,0.137029479536551,0.138,0.13,1,"WDR35"
0.981559865216306,0.136942197247555,0.357,0.415,1,"PPA1"
0.96931593210111,-0.136627534473229,0.106,0.105,1,"CCSAP"
0.592596193441924,0.136601350680262,0.417,0.42,1,"UBALD2"
0.936166141613471,0.136513351613043,0.297,0.325,1,"JAZF1"
0.130021669545459,0.136474352155673,0.604,0.545,1,"CD58"
0.195177575526751,-0.136379584471866,0.095,0.14,1,"NKD1"
0.967663006632015,0.136256977066129,0.297,0.32,1,"RNF4"
0.541661940383847,-0.136172007559808,0.081,0.1,1,"POLD2"
0.554415554339342,0.136111802662184,0.827,0.835,1,"SNHG6"
0.635623583794961,0.135987742648113,0.572,0.58,1,"CLEC2D"
0.384262293178592,-0.135952585860007,0.491,0.585,1,"YWHAH"
0.705164215537991,0.135913663707121,0.191,0.185,1,"SUMO3"
0.639792440517819,-0.135779225529964,0.276,0.31,1,"LMBR1"
0.0754157689646367,0.135660683961174,0.792,0.735,1,"ATP6V1G1"
0.815782788906196,0.135636333081264,0.47,0.505,1,"SRP9"
0.430366016258601,-0.135604105636536,0.127,0.16,1,"MAP3K14"
0.640358610833751,0.135579535557829,0.088,0.105,1,"CCDC9"
0.937474137074955,0.135461085320028,0.145,0.15,1,"ZGPAT"
0.268353131075148,-0.135459483247811,0.12,0.16,1,"DCTN5"
0.637300230951361,0.135456936025668,0.587,0.59,1,"NDUFA1"
0.949600729831893,-0.135403861739519,0.194,0.195,1,"MIAT"
0.00421188523391946,-0.135337434808856,1,1,1,"RPL15"
0.697317210476541,0.135297558953936,0.286,0.285,1,"KDM4C"
0.430888015275619,-0.135263038758333,0.134,0.165,1,"ACOT7"
0.672699771329609,0.13524189799783,0.283,0.275,1,"FKBP11"
0.433964146921052,-0.135223180621841,0.173,0.21,1,"POLDIP3"
0.799372281938894,0.135179038091112,0.491,0.525,1,"NSA2"
0.494641616463496,0.13517745098534,0.29,0.27,1,"TMEM179B"
0.912375430164631,-0.135043582234756,0.095,0.1,1,"TSC1"
0.709843471079649,0.13495417932902,0.198,0.19,1,"ZNF506"
0.655059422294986,-0.134855194747413,0.184,0.205,1,"DTX3L"
0.49461582303145,-0.134816460273724,0.177,0.205,1,"COMMD7"
0.980397985393638,-0.134711755516059,0.148,0.15,1,"SMARCA4"
0.60360296977527,-0.134710207172349,0.286,0.325,1,"BAX"
0.247910728873764,0.134658837397681,0.445,0.405,1,"CMTM6"
0.935337461277702,-0.134622645916844,0.145,0.15,1,"SLC25A1"
0.528137823884069,-0.134608393898933,0.276,0.315,1,"CCDC59"
0.817621252622851,0.134408623700898,0.131,0.125,1,"IPO8"
0.911273700047117,0.134308769709167,0.226,0.24,1,"MRPL9"
0.668198753711741,0.134268897775238,0.223,0.215,1,"MRPS5"
0.226361653855767,-0.134071187422808,0.166,0.215,1,"FNDC3A"
0.793811650517681,-0.133910716845441,0.148,0.16,1,"STARD3"
0.924403182064181,0.133904133738389,0.177,0.19,1,"FAM193A"
0.703791919850084,0.133821859244591,0.184,0.21,1,"SDAD1"
0.0788876849196406,-0.133801717862936,0.534,0.65,1,"GZMK"
0.906029160274756,0.13366323110119,0.177,0.185,1,"LPP"
0.294026554574743,0.133652975124837,0.615,0.625,1,"GPS2"
0.105899823679741,0.133543277851659,1,1,1,"BTG1"
0.742801548452128,0.1333545396669,0.399,0.405,1,"RASGRP1"
0.678906610762033,0.133286582901465,0.357,0.355,1,"DERL1"
0.650591196700463,-0.133125820227132,0.124,0.14,1,"ZBTB24"
0.718838375514975,-0.133110572737838,0.127,0.14,1,"UTP11"
0.115285896698312,-0.1330939327716,0.247,0.34,1,"TSPO"
0.433542331236907,-0.132998802565356,0.576,0.64,1,"PPP1R16B"
0.335085482571476,0.132964633046342,0.177,0.145,1,"MRPS30"
0.319844646383681,-0.132858279851473,0.088,0.12,1,"EIF5A2"
0.64168278506674,0.132804291093795,0.145,0.13,1,"NT5C"
0.410596341575982,0.132731162354278,0.389,0.375,1,"SIVA1"
0.667919910284521,0.132647844308111,0.106,0.125,1,"DENND11"
0.374022862179851,0.132617360380307,0.809,0.81,1,"NDUFS5"
0.311778300618223,0.132575596991871,0.806,0.83,1,"MIF"
0.649694458465538,0.132563404348754,0.12,0.11,1,"LMO4"
0.749557853547649,-0.132536054165383,0.099,0.11,1,"WDR54"
0.80825016256561,0.132528060494863,0.219,0.225,1,"DDI2"
0.300680212480663,0.132504074591117,0.413,0.4,1,"RAB10"
0.409829369680822,-0.132480959656804,0.293,0.345,1,"SLK"
0.973181249352092,-0.132461374866787,0.184,0.19,1,"ITFG1"
0.212049714076327,-0.1323101233824,0.894,0.9,1,"HINT1"
0.832941810726788,0.132152552693781,0.516,0.535,1,"PAPOLA"
0.343332589330316,-0.132046465391091,0.675,0.72,1,"TMEM50A"
0.296444501832702,-0.131875761764514,0.258,0.32,1,"MAEA"
0.157640938840958,-0.131828220981102,1,1,1,"MT-CO2"
0.42931840621649,-0.131799772608668,0.389,0.435,1,"CORO7"
0.605385290748751,0.13172083909969,0.71,0.76,1,"CDK17"
0.287834358546782,-0.131704516640646,0.756,0.85,1,"CCNI"
0.195214923602013,-0.131702869332281,0.166,0.225,1,"NAGK"
0.0652368779979262,0.131667458397979,0.965,0.96,1,"RPS11"
0.713851669936385,0.131597757540346,0.396,0.42,1,"RASA2"
0.699838625909553,0.131556378864384,0.261,0.255,1,"RNF111"
0.522502937021732,-0.131470239361478,0.375,0.44,1,"CDC73"
0.719196154469353,-0.13136841580344,0.134,0.15,1,"UTP3"
0.852940891483957,0.131356835054715,0.707,0.74,1,"GPX4"
0.617478753357649,-0.131266785137955,0.11,0.125,1,"TADA2B"
0.769790045532827,-0.131222453506254,0.117,0.13,1,"REXO1"
0.560462153663896,-0.131202511225482,0.251,0.285,1,"NIFK"
0.354385853143578,-0.131018882451024,0.247,0.305,1,"MRPS18C"
0.630320053622437,-0.13099864786465,0.269,0.325,1,"MYO5A"
0.886962849579459,0.130952964203819,0.113,0.11,1,"PEDS1"
0.449733905860773,-0.130800034039425,0.216,0.255,1,"MARCHF5"
0.93178598372716,0.1307451468211,0.191,0.195,1,"ZBTB8OS"
0.774762522365452,0.13074047802921,0.148,0.165,1,"SLC39A6"
0.247367265626455,-0.130687285575702,0.318,0.385,1,"DOCK8"
0.008103377027585,0.130506003338855,1,1,1,"HLA-A"
0.910275480923084,0.130315352836584,0.159,0.16,1,"MMGT1"
0.740120064147723,0.130297870786181,0.141,0.16,1,"NSMAF"
0.97054109617002,0.130242228754368,0.102,0.105,1,"SPATA33"
0.53403573692975,0.130226788716376,0.488,0.475,1,"RESF1"
0.916996256213423,0.130159887916989,0.201,0.215,1,"MPHOSPH10"
0.73116815065195,0.129889700838876,0.254,0.245,1,"U2AF2"
0.500451069930595,-0.129877814249908,0.477,0.525,1,"LDHB"
0.484875700082199,0.129832783721883,0.134,0.165,1,"JMJD8"
0.490832388545058,0.129814383513651,0.788,0.755,1,"SRRM2"
0.388646392195876,0.129745728173938,0.35,0.325,1,"TAF7"
0.135814541260689,0.129682148410489,0.958,0.945,1,"NPM1"
0.99814964439127,0.129559278281186,0.346,0.37,1,"BOD1L1"
0.627562094010052,0.12953809363438,0.519,0.555,1,"THRAP3"
0.386545799490143,-0.129531506799846,0.661,0.705,1,"RELB"
0.679501736612271,-0.129523036219915,0.092,0.105,1,"ZCRB1"
0.165764145383139,-0.129153317721192,0.247,0.32,1,"DDHD1"
0.453874598427449,-0.129031155568804,0.099,0.125,1,"DDX19A"
0.131645952606561,0.128906227254973,0.894,0.89,1,"MYH9"
0.462236106276762,0.128903374449713,0.491,0.515,1,"SF3B6"
0.933197610438666,0.12876704933397,0.12,0.12,1,"NEO1"
0.603032633732259,0.128626911859275,0.406,0.4,1,"PPP3CC"
0.810963199845528,0.128619305943515,0.304,0.345,1,"PLEKHO1"
0.00399295429625807,-0.128460519204878,1,1,1,"RPL32"
0.154315862599231,-0.128458630014828,0.201,0.275,1,"ARHGAP4"
0.0291984528791758,-0.128448029300945,0.996,1,1,"EIF1"
0.164718241959285,-0.128429104902789,0.198,0.265,1,"PHACTR4"
0.848296564747414,0.128211995529758,0.11,0.105,1,"ANAPC10"
0.998527693421088,0.128159509830449,0.106,0.11,1,"USF1"
0.450660622139887,-0.128135878414166,0.244,0.28,1,"ZNF131"
0.867226453083659,-0.128125087146018,0.145,0.155,1,"G2E3"
0.473385280993535,-0.127970494249247,0.336,0.385,1,"SMAP1"
0.413285470082664,0.12794856497706,0.307,0.28,1,"PITPNA"
0.355411681180994,-0.127931066834884,0.42,0.47,1,"EEIG2"
0.906876826212845,0.127882602454045,0.127,0.125,1,"UCKL1"
0.613520464585563,-0.127841928386088,0.12,0.14,1,"SIN3A"
0.0170034605952588,-0.127829569594181,0.989,0.995,1,"RPL22"
0.180597347121229,0.127744101912723,0.929,0.91,1,"RORA"
0.779662338335454,0.127735803368181,0.141,0.135,1,"MCFD2"
0.960238643441922,0.127629825475186,0.155,0.165,1,"APC"
0.348478544620906,-0.127576844190383,0.435,0.515,1,"IFNGR1"
0.325288688748708,-0.127539638199373,0.191,0.24,1,"PHAX"
0.66548020646968,0.127444643053501,0.336,0.33,1,"BLTP3B"
0.689121523847253,-0.127401415720488,0.678,0.71,1,"IFITM2"
0.43978376592661,-0.127198080642624,0.318,0.365,1,"NOLC1"
0.575671782812469,-0.127159712599898,0.237,0.27,1,"GFUS"
0.387899887879618,0.127155295252395,0.184,0.23,1,"UBXN7"
0.920600016976682,0.126976875110404,0.138,0.14,1,"WWP2"
0.197990182910883,-0.126975458731542,0.996,1,1,"MT-ND3"
0.815391892728338,0.126966081690922,0.297,0.305,1,"HMCES"
0.716316764840903,0.126964660930577,0.276,0.27,1,"C18orf32"
0.735344333054889,0.126872848309098,0.364,0.38,1,"KRAS"
0.815224751163723,-0.126691772165962,0.155,0.165,1,"FAM136A"
0.540133897155653,-0.126684234020599,0.226,0.25,1,"KLF10"
1,0.126649703611741,0.244,0.255,1,"TTC17"
0.254437457010766,-0.126594668418318,0.067,0.1,1,"TCEA2"
0.840232744499908,0.126573302175628,0.191,0.2,1,"C1orf174"
0.848716326664176,0.126550136964559,0.17,0.17,1,"VPS13D"
0.517267320548987,-0.126532834165921,0.205,0.235,1,"ACAA2"
0.459656130392696,-0.126497938420058,0.477,0.535,1,"SF3B5"
0.771269563766462,0.12640645467166,0.184,0.185,1,"TIMM23"
0.484285296997776,-0.126378892092341,0.113,0.14,1,"NEDD1"
0.323059702913138,-0.126322862150079,0.152,0.195,1,"NUBP2"
0.241672396661791,0.12622860307793,0.979,0.985,1,"CD44"
0.923609932299888,-0.126205800242064,0.134,0.14,1,"SNHG3"
0.628060163384369,-0.126111896706153,0.276,0.305,1,"RAP2B"
0.0053790554905804,-0.125993208029054,1,1,1,"RPL37"
0.298994179515166,-0.125936392071262,0.134,0.18,1,"VPS37A"
0.257441801719779,0.125845116015779,0.442,0.42,1,"RNF181"
0.71037165130558,-0.125829488858255,0.191,0.21,1,"DLG1"
0.647740867599519,-0.125775234497711,0.092,0.105,1,"MEMO1"
0.890773561975636,-0.125716729504077,0.159,0.155,1,"ADARB1"
0.374157184707672,0.125704034722184,0.629,0.6,1,"ATP5MC3"
0.160191380988532,0.125635507847261,0.841,0.835,1,"COX6A1"
0.957412753530357,0.125625588500717,0.113,0.115,1,"SH2B3"
0.396817250401916,-0.125591702232605,0.212,0.255,1,"ELOF1"
0.65841555474104,0.125578193990912,0.102,0.09,1,"HYCC1"
0.823796099299309,0.125562090114036,0.194,0.195,1,"KATNBL1"
0.385053145917465,0.125508059020481,0.657,0.64,1,"ATP5MK"
0.795015940870332,0.125459246339775,0.117,0.11,1,"EEF1AKMT2"
0.822665073700025,-0.125382613866438,0.191,0.205,1,"ZNF146"
0.942140779181073,-0.12529254384068,0.11,0.11,1,"ENOPH1"
0.507320355778576,0.125104130609074,0.353,0.335,1,"PPIL4"
0.483134347982123,-0.12509145915518,0.452,0.5,1,"SNX3"
0.908382933204452,0.125065309094002,0.244,0.25,1,"EPB41L4A-AS1"
0.396365527806091,-0.125040128025967,0.092,0.12,1,"SPAST"
0.623839599369781,-0.125023888553749,0.293,0.32,1,"TWF2"
0.505690046956127,0.124967884895849,0.678,0.69,1,"XRCC5"
0.622308101900221,0.124938601553677,0.343,0.35,1,"COX17"
0.805731549764783,-0.124644218820487,0.41,0.43,1,"HP1BP3"
0.739036828803706,-0.124585361921171,0.113,0.125,1,"POLR1A"
0.949248720713155,0.12447390361699,0.124,0.13,1,"TET2"
0.415710396129643,-0.124441042804699,0.83,0.87,1,"FXYD5"
0.443323157715296,0.124424133772224,0.385,0.37,1,"RUNX2"
0.901392350333722,0.124423258536235,0.375,0.39,1,"ARIH2"
0.57658859970412,0.12438423572274,0.251,0.3,1,"SELENOH"
0.776758867115659,0.124271808523385,0.152,0.17,1,"ATF1"
0.732468554404479,0.12420443044579,0.452,0.47,1,"NDUFB9"
0.27304509146158,-0.124089650539846,0.41,0.485,1,"KDM2A"
0.884538868451547,0.124052080457127,0.163,0.18,1,"C5orf24"
0.589937371532684,0.123880302656849,0.247,0.235,1,"ZDHHC20"
0.670623596519437,-0.123842444918418,0.272,0.3,1,"RBL2"
0.642710205226174,-0.123791393751796,0.336,0.375,1,"HNRNPUL2"
0.434088460187519,-0.12368082985278,0.138,0.17,1,"TRIM14"
0.878898478563587,0.123609236311937,0.223,0.23,1,"RC3H2"
0.932774061075958,-0.123606520110044,0.145,0.15,1,"HLTF"
0.856476636264081,-0.123561224662961,0.11,0.115,1,"CYB561D2"
0.821809737778121,0.123333727906032,0.127,0.14,1,"NDUFAF2"
0.977335530959728,0.123218565812691,0.159,0.165,1,"TDP1"
0.699411657442535,0.123095849378879,0.272,0.265,1,"ECE1"
0.54380298473773,0.12305818666288,0.375,0.37,1,"GTF2A2"
0.438770675162416,0.122879950932681,0.113,0.09,1,"PTGER2"
0.329658405091596,-0.122727188480857,0.106,0.14,1,"ZNF195"
0.774707370866178,-0.122709194142653,0.102,0.095,1,"H3C4"
0.335367286241813,-0.12270028844409,0.17,0.215,1,"SNRPA"
0.676838508562964,0.122681318486493,0.396,0.415,1,"SIRT2"
0.812362367234432,0.122434009320783,0.251,0.285,1,"SYNJ2"
0.139912785117482,0.122285642117087,0.912,0.91,1,"CALM2"
0.814202756005019,0.122219329974625,0.675,0.7,1,"CD2"
0.933197453702352,0.122211843275952,0.092,0.1,1,"DUSP22"
0.366733712758654,-0.122203730008243,0.124,0.16,1,"TPP1"
0.283123804413888,0.12215772359027,0.12,0.09,1,"IL23R"
0.982196208277188,-0.121925389527819,0.247,0.245,1,"BST2"
0.840829470471039,0.121864710370639,0.314,0.335,1,"TRAF3"
0.602770608880334,0.121836002253066,0.131,0.155,1,"TYW1"
0.645924464510021,0.121818109829708,0.565,0.595,1,"TNFRSF1B"
0.401129994850793,-0.121809956212437,0.205,0.245,1,"DOK2"
0.810709827396694,0.121700502950466,0.251,0.285,1,"TPP2"
0.516226393846568,0.121632377077673,0.24,0.235,1,"SLC20A1"
0.770723532739632,-0.121413290525582,0.205,0.215,1,"NHP2"
0.192073379318577,-0.121382305829621,0.527,0.615,1,"VPS37B"
0.343945050862007,-0.121372747747161,0.152,0.19,1,"TMEM65"
0.468054937419238,0.12134332299774,0.53,0.54,1,"CIAO2B"
0.61489952827304,-0.12134185924338,0.272,0.31,1,"TRIM33"
0.852919240200907,0.121302739283013,0.159,0.16,1,"XRRA1"
0.646507360358213,-0.121270658717252,0.261,0.285,1,"ARHGAP31"
0.358793295987998,-0.121269293087089,0.085,0.115,1,"HSPA2-AS1"
0.293553916040386,-0.121253342713432,0.555,0.635,1,"GHITM"
0.850197213912135,-0.121212214068944,0.127,0.135,1,"ENOSF1"
0.259048815392161,-0.12114682944479,0.664,0.715,1,"EIF3E"
0.464752667167526,0.121140345819106,0.569,0.605,1,"UQCR11"
0.557454826649117,0.121123494920685,0.678,0.715,1,"REL"
0.427884639448691,0.12111722552125,0.495,0.495,1,"PLEKHA2"
0.414250950363845,0.121103388299144,0.445,0.425,1,"VMP1"
0.370406825836351,0.12085201354336,0.346,0.32,1,"NUFIP2"
0.41279899178996,-0.120821832585586,0.325,0.37,1,"SRM"
0.692274300476213,0.120747951994033,0.18,0.21,1,"MRPL32"
0.471735761032346,0.120581191895827,0.406,0.39,1,"VPS28"
0.245297174942335,-0.120560374074725,0.385,0.455,1,"KPNA1"
0.712132265778382,0.120524198255036,0.36,0.36,1,"KDM2B"
0.150713731919851,-0.120499595466235,0.283,0.36,1,"ZFAND5"
0.363099428659137,-0.120429669181255,0.237,0.29,1,"TMEM41B"
0.47503323044691,0.120410980039052,0.611,0.64,1,"SPCS2"
0.437210846055236,0.120380761706739,0.565,0.575,1,"RNPS1"
0.32715573749852,-0.120270366800034,0.269,0.325,1,"COPS8"
0.438316425462007,0.120145882604401,0.339,0.305,1,"MARK3"
0.816727182509614,0.120123590671001,0.208,0.24,1,"KIAA1191"
0.862348586731214,-0.120028519598684,0.205,0.21,1,"EPN1"
0.413358892740918,-0.120010206486599,0.148,0.185,1,"ZNF33A"
0.639854913411482,0.119877419681093,0.166,0.15,1,"DCTN1"
0.518405158516559,-0.119730417462378,0.198,0.24,1,"SLFN11"
0.4802226474087,0.119698142733138,0.64,0.63,1,"PTP4A2"
0.807629458818121,0.119560543691505,0.106,0.1,1,"TYMP"
0.901513584394224,0.119537360002188,0.155,0.16,1,"PMM2"
0.928764665211829,0.119520764096734,0.286,0.31,1,"RRP7A"
0.62290087366135,0.119497337512836,0.611,0.65,1,"SRPRA"
0.65390180303602,0.119490503334675,0.367,0.36,1,"MED13L"
0.168909890435042,0.119317443697747,0.682,0.63,1,"S1PR4"
0.358076685332043,0.119237116444258,0.445,0.43,1,"CPD"
0.497950806049742,-0.119182084095402,0.237,0.275,1,"HYCC2"
0.351951014111876,0.119066615805543,0.883,0.83,1,"TPM3"
0.00169626822434169,-0.11906148218917,1,1,1,"RPL18A"
0.168166499534558,-0.119029158805376,0.834,0.85,1,"AKAP13"
0.748567059331597,0.118986580756274,0.442,0.46,1,"PDS5A"
0.839140751440772,0.118978561792702,0.127,0.125,1,"TRIM27"
0.480385986030251,0.118894951987294,0.438,0.425,1,"CHIC2"
0.427499731714214,-0.118825284223458,0.212,0.245,1,"FTX"
0.739680494045303,0.118714066656994,0.191,0.185,1,"THOC7"
0.788931195673912,-0.118602564363992,0.159,0.17,1,"DCP1B"
0.517509524195535,0.118565074575936,0.534,0.56,1,"CAPZA1"
0.571069662656419,0.118496446331058,0.152,0.135,1,"GPS1"
0.680102076920678,0.118456805271757,0.353,0.35,1,"CENPC"
0.21912121375053,0.118440986866585,0.852,0.795,1,"ANXA2"
0.391962306820357,0.118387577244129,0.608,0.59,1,"GNB2"
0.769081222917207,-0.118305140345451,0.254,0.24,1,"MAN1A1"
0.654019417299448,-0.118298030519954,0.134,0.15,1,"BCAP29"
0.684599878071782,-0.118032699405499,0.141,0.155,1,"DCAF13"
0.50380102093955,-0.118013999123376,0.251,0.29,1,"PHB1"
0.239421887943463,0.117921214985263,0.527,0.495,1,"RAB18"
0.954104745389408,0.117915556623751,0.152,0.155,1,"POLDIP2"
0.977232409815006,0.11785535908899,0.208,0.225,1,"COPZ1"
0.285000208020672,-0.117852967298094,0.36,0.43,1,"RNF125"
0.370305236183096,-0.11783921922428,0.509,0.6,1,"MTDH"
0.149899479229007,0.117759550160793,0.965,0.965,1,"GNAS"
0.904479283771403,0.117744244656931,0.102,0.1,1,"PSME3IP1"
0.648276081441574,0.117645638642248,0.141,0.13,1,"MRPS25"
0.501357346320307,0.117643552847316,0.205,0.185,1,"APOBEC3F"
0.347216809760975,-0.117506265847891,0.806,0.79,1,"SIK3"
0.856604431507206,0.117361947403747,0.258,0.275,1,"CBFB"
0.0478232785069908,-0.117160875727424,0.986,0.985,1,"EEF1G"
0.00363935468684796,-0.117087666768808,1,1,1,"TPT1"
0.730632556997397,-0.11698666765797,0.191,0.205,1,"EFTUD2"
0.258326037048851,-0.116948267624733,0.353,0.445,1,"C1orf43"
0.71805713853454,-0.116929428138886,0.102,0.115,1,"NVL"
0.826428208302893,0.116828433470965,0.191,0.195,1,"SART3"
0.997759380071619,0.116814772927041,0.131,0.135,1,"RNF24"
0.774075548881356,-0.116676534589082,0.12,0.13,1,"TCOF1"
0.586687460405439,0.116626085741857,0.311,0.295,1,"UBE2L6"
0.942446578638204,0.116583181971352,0.124,0.125,1,"ZNF766"
0.660381498969702,0.116480574407796,0.251,0.285,1,"PHIP"
0.513753064010482,-0.116437190732235,0.106,0.13,1,"UNC119"
0.396703508604863,-0.116381035064219,0.184,0.225,1,"CRLF3"
0.225839771242375,-0.116376541107994,0.244,0.315,1,"RBM6"
0.980595640535097,0.116267513448408,0.272,0.285,1,"MTFP1"
0.878767942950693,-0.116265088295181,0.219,0.225,1,"NUP54"
0.489119879662774,0.116219426542148,0.329,0.3,1,"RBBP7"
0.682166789201001,-0.11597225655549,0.106,0.12,1,"ARHGAP5"
0.481226567206183,0.115728722509731,0.382,0.37,1,"LINC00869"
0.63058748873254,0.115661941450859,0.163,0.15,1,"ATP11C"
0.544441100058522,-0.115476173821591,0.117,0.14,1,"ENSG00000290928"
0.907627615894388,-0.115375593464313,0.23,0.245,1,"NBEAL1"
0.0787484023679136,0.115347661533342,0.654,0.605,1,"DYNLL1"
0.71250013564949,0.115163598165507,0.636,0.665,1,"SEC62"
0.688845559354279,-0.115139738727383,0.102,0.115,1,"GARRE1"
0.431196434810779,0.115102487882119,0.837,0.88,1,"PDE4B"
0.798315342577806,-0.11505969450137,0.134,0.145,1,"IL15RA"
0.426159999900905,0.115008574717008,0.76,0.76,1,"CLIC1"
0.895813641970686,0.114930430729454,0.198,0.21,1,"BTBD6"
0.371804792762623,-0.114882893316046,0.191,0.23,1,"SNHG7"
0.971612720548158,0.114854777740227,0.191,0.195,1,"DBF4"
0.755889407367287,-0.114796636411056,0.226,0.245,1,"BECN1"
0.613040686383485,-0.114741300268734,0.424,0.47,1,"CLTA"
0.986044313552597,-0.114590640144545,0.523,0.535,1,"NDUFB8"
0.715337696172132,-0.114542324715634,0.428,0.455,1,"SATB1"
0.362408362085164,-0.114509684446647,0.219,0.27,1,"CWF19L2"
0.673394387873538,0.11446322984618,0.152,0.175,1,"MAD1L1"
0.824932020093259,0.114421411049844,0.12,0.13,1,"PHKB"
0.161940980225423,-0.114392757475721,0.064,0.1,1,"EGR1"
0.790652915185727,0.114386057607061,0.389,0.4,1,"ZAP70"
0.9859395196582,0.114330763959332,0.208,0.215,1,"CDS2"
0.133078849543589,-0.114228997368861,0.982,0.995,1,"SARAF"
0.481793544381571,0.114192151299373,0.466,0.475,1,"CCDC12"
0.845757615956449,0.114159555354042,0.099,0.105,1,"MICAL2"
0.469512225698633,0.114124530143575,0.488,0.5,1,"SDCBP"
0.943365877327847,0.114116302557204,0.124,0.125,1,"SETD3"
0.621699764979771,-0.114108570182972,0.901,0.865,1,"MYADM"
0.681266549633083,0.114025091327917,0.385,0.375,1,"UBR4"
0.681615258261389,-0.114001617767565,0.293,0.325,1,"VPS51"
0.484705188874452,0.113992579025877,0.41,0.4,1,"PFDN2"
0.699072355490939,0.11370099369358,0.159,0.185,1,"SEC16A"
0.28789581519307,-0.113644508596538,0.078,0.11,1,"DNAAF5"
0.415124097319561,-0.113606149763348,0.424,0.49,1,"HERC1"
0.37760701969319,-0.113571204143837,0.145,0.18,1,"DALRD3"
0.830261601320642,-0.113420548291874,0.258,0.275,1,"GPX1"
0.548810936999618,0.113247162231115,0.117,0.1,1,"PRKAR1B"
0.389573882113004,0.113232059199004,0.194,0.165,1,"MTMR14"
0.632617554084022,-0.113143944482229,0.141,0.16,1,"SNX20"
0.862873209221352,-0.113140255988327,0.392,0.41,1,"NOP56"
0.683021195451068,-0.113120516155498,0.389,0.365,1,"ENSG00000235979"
0.657144277467179,-0.113106745272052,0.184,0.205,1,"MYD88"
0.732570344624471,0.113072780807297,0.163,0.155,1,"CEP43"
0.376525281937656,-0.113020163476832,0.17,0.21,1,"HADHB"
0.843780097681101,-0.112843593533851,0.099,0.105,1,"WASH2P"
0.764535105068124,0.112837100468333,0.922,0.95,1,"S100A10"
0.281773515296509,-0.112807304171311,0.247,0.315,1,"OXCT1"
0.59128806790702,0.112771769153642,0.166,0.15,1,"PES1"
0.0120934616248709,-0.112701257893788,0.996,1,1,"RPL39"
0.233073968377317,-0.112640239529614,0.265,0.33,1,"PRXL2C"
0.98342058783028,0.112628318236386,0.131,0.135,1,"DNAJB2"
0.848676371033666,0.112610210271498,0.141,0.15,1,"UBLCP1"
0.766353103785188,0.112535215098134,0.134,0.15,1,"QARS1"
0.492497708231993,0.112463589411461,0.367,0.36,1,"SNRNP200"
0.598208906758153,-0.112425539339446,0.088,0.105,1,"TMEM203"
0.239260328136263,-0.112404209594161,0.099,0.14,1,"SKIC8"
0.894221987300522,-0.112269324070483,0.392,0.375,1,"KLF12"
0.582424812665109,-0.112182995069521,0.124,0.145,1,"C5orf15"
0.0306743259270202,-0.112091701563436,1,1,1,"RPL36"
0.451675112003817,-0.111956793577294,0.24,0.3,1,"TRAPPC4"
0.487240880368081,-0.11194870888768,0.17,0.2,1,"MED1"
0.761612421553037,0.111917534929469,0.283,0.285,1,"ORAI2"
0.334585439537448,-0.111793162596355,0.311,0.365,1,"FAS"
0.429596884259184,-0.111714807610129,0.293,0.355,1,"METAP2"
0.589536322989122,-0.111576953584387,0.155,0.175,1,"UBE2G2"
0.183184172893149,0.11153983008262,0.502,0.475,1,"SAP30BP"
0.427313293237417,-0.111504056238794,0.42,0.46,1,"EIF2S2"
0.787669263944312,0.111485851491456,0.12,0.115,1,"MAP3K7"
0.0235268300312631,-0.11140801123875,0.329,0.235,1,"HSPA1B"
0.903731299340622,0.111381905392376,0.297,0.31,1,"DNAJC2"
0.228165361059277,0.11133502356754,0.82,0.795,1,"DDX24"
0.0732453735218547,-0.111262593064816,0.993,0.985,1,"FTL"
0.527343314335819,-0.111254426181753,0.187,0.215,1,"YWHAG"
0.28961012286763,-0.111202103595526,0.145,0.19,1,"DDX1"
0.934693801245289,0.111193391806853,0.346,0.37,1,"PRDM2"
0.998932357980889,0.111169366641715,0.226,0.245,1,"NSMCE1"
0.839076412643204,0.111168192078662,0.283,0.285,1,"SOCS3"
0.314680509864324,-0.111138309896982,0.24,0.29,1,"PPP2R2D"
0.544916498231819,-0.111019699496099,0.134,0.16,1,"TEX30"
0.655850790990225,-0.110914526890708,0.35,0.38,1,"TSPYL1"
0.994250957860694,0.110911404678158,0.134,0.14,1,"SCMH1"
0.918871098292208,0.110807758912289,0.265,0.265,1,"SMAD4"
0.773526905626671,-0.110773888486854,0.148,0.16,1,"DHX40"
0.630586492214294,0.110739176934149,0.367,0.37,1,"ENSG00000291073"
0.996847234042377,0.110712008885002,0.177,0.185,1,"VAV1"
0.487574552456479,0.110578298449467,0.498,0.485,1,"NEK7"
0.0311371614158191,-0.110462205554233,1,0.995,1,"RPL14"
0.695397222864353,-0.110433263174183,0.244,0.265,1,"ARRDC2"
0.469571319046864,-0.110366392301507,0.078,0.1,1,"BORCS6"
0.919966496179091,-0.110336353845696,0.23,0.225,1,"ENSG00000268027"
0.880303172262428,-0.110290401867243,0.095,0.1,1,"ANKRD10"
0.78063348865402,-0.110265686583161,0.488,0.495,1,"ATP5F1D"
0.516965820971841,-0.110246378263834,0.428,0.46,1,"PSMD2"
0.527426328050302,-0.109994403855626,0.622,0.675,1,"EIF4B"
0.458447221340212,-0.109970475162209,0.095,0.12,1,"GTF2H5"
0.818022095663326,0.109940736784243,0.173,0.17,1,"TRIM24"
0.416113936412538,-0.109898632800107,0.17,0.21,1,"SLC52A2"
0.94526553553316,0.109852496103171,0.12,0.125,1,"KIAA1143"
0.334969040694124,0.109804808146359,0.519,0.495,1,"KLRK1"
0.913474683789811,0.109648676655965,0.184,0.195,1,"SEC24C"
0.744125963339685,0.109593293824097,0.117,0.13,1,"R3HCC1"
0.754248687671726,0.109587789506389,0.201,0.225,1,"C1orf122"
0.53417550267134,-0.109578113044283,0.269,0.32,1,"TP53BP2"
0.841071532543655,0.109559163729906,0.307,0.325,1,"SMAD2"
0.638416577157308,-0.109547423387168,0.095,0.11,1,"TFRC"
0.902883363969905,0.109451692661994,0.237,0.255,1,"VPS29"
0.78386396958841,0.109348996827118,0.445,0.47,1,"SYAP1"
0.676111824259468,0.109321934123583,0.488,0.49,1,"TAF1D"
0.585141080974643,0.109256607727,0.155,0.135,1,"ZDHHC3"
0.611510811137075,-0.109195586941915,0.311,0.36,1,"RB1CC1"
0.47521651413105,-0.109148062278107,0.276,0.32,1,"MRPS21"
0.966519092506085,-0.109103100029474,0.307,0.315,1,"STARD7"
0.938153123879759,0.109072152300426,0.399,0.425,1,"GBP2"
0.880087073493121,-0.109050996435881,0.177,0.18,1,"GRAMD1A"
0.826731222426154,-0.10888369776023,0.127,0.12,1,"MIR22HG"
0.236106473748541,-0.108868814902531,0.625,0.72,1,"TAGAP"
0.405258540888446,-0.108824479408955,0.265,0.315,1,"TMC6"
0.781425918985292,0.108804115208301,0.155,0.175,1,"PCSK7"
0.152717700894324,-0.108492118556303,0.784,0.875,1,"SERP1"
0.990452226865101,0.108469986452907,0.173,0.18,1,"DNPEP"
0.441297246726104,-0.108432797055909,0.739,0.76,1,"PNP"
0.199881899713611,0.10838494973211,0.859,0.855,1,"STAT4"
0.457710402233338,0.108384814342363,0.23,0.21,1,"ILRUN"
0.410377607431416,-0.108354827296774,0.131,0.165,1,"BBIP1"
0.39036914067144,-0.108312696381728,0.117,0.15,1,"BLZF1"
0.312677578968332,0.108310633455149,0.558,0.515,1,"RBM25"
0.750295971904783,-0.108125090942869,0.117,0.13,1,"ZNF84"
0.562350695672027,-0.108036227220496,0.159,0.185,1,"DUT"
0.858328406261496,0.108021942984927,0.17,0.185,1,"CDK4"
0.000807281688966609,0.108009138496299,1,1,1,"RPS27"
0.973525134774918,0.107999571731343,0.428,0.455,1,"SLFN12L"
0.413971852136608,-0.107936372676635,0.353,0.42,1,"GOLPH3"
0.676957257800223,-0.107927856898502,0.788,0.82,1,"EIF4G2"
0.318789801106883,-0.107886841475101,0.859,0.91,1,"IDS"
0.997678924084179,0.107886503734465,0.12,0.125,1,"ENSG00000291143"
0.91217278004025,0.10787027761467,0.134,0.14,1,"CHERP"
0.640155949452306,-0.107673030299155,0.385,0.43,1,"FGFR1OP2"
0.904932797070184,0.107661998214105,0.41,0.425,1,"TOR1AIP1"
0.522951156186181,-0.10766067452937,0.124,0.15,1,"TPRKB"
0.567678627233874,-0.107617503250963,0.17,0.195,1,"SPAG7"
0.47450417926119,0.10759371383645,0.643,0.635,1,"GNB1"
0.571711527137972,-0.107488317592398,0.148,0.175,1,"IKZF5"
0.710971054753284,-0.107404680891492,0.269,0.28,1,"RAP1GDS1"
0.626656214591856,-0.107379118452929,0.247,0.28,1,"NUB1"
0.594191769489791,-0.107372722987333,0.41,0.455,1,"DYNLT1"
0.0131888167896195,0.107251968100854,1,0.99,1,"RPS24"
0.611949042222324,0.107203566477055,0.41,0.48,1,"SDF4"
0.936505880647334,0.107051176724369,0.17,0.18,1,"TFDP2"
0.509746430602635,-0.106871835964765,0.269,0.32,1,"TMEM170A"
0.939100276044943,-0.106836162345597,0.364,0.395,1,"FKBP1A"
0.851002711245738,0.106733456583103,0.382,0.415,1,"BMAL1"
0.870379120798074,-0.106618992011191,0.269,0.27,1,"ATXN7"
0.810498254878812,-0.106524049107562,0.24,0.255,1,"MAPK8IP3"
0.81958752047856,0.106463678212329,0.092,0.1,1,"SLC25A46"
0.693742660436496,-0.106455059215172,0.106,0.12,1,"LMNB2"
0.490732536423741,-0.106448309438753,0.187,0.225,1,"RNF2"
0.509109000715988,-0.106413543934519,0.173,0.2,1,"PRKACB"
0.305438586148268,0.106373593328658,0.498,0.495,1,"TLN1"
0.632025629105042,0.106201935003881,0.17,0.155,1,"SMIM10L1"
0.878742907235254,0.106159846268647,0.163,0.175,1,"CFAP97"
0.797833771509054,0.106150829169018,0.297,0.31,1,"TGOLN2"
0.830386202702038,0.106091412364319,0.3,0.305,1,"ARHGAP30"
0.968847049201906,0.106075071034181,0.322,0.35,1,"CDK5RAP1"
0.126948808142096,-0.105897945937736,0.961,0.985,1,"CFL1"
0.781427369316254,-0.105838422260389,0.092,0.1,1,"HDAC7"
0.894577896835563,0.105742065369403,0.269,0.29,1,"MTHFD2"
0.352936284645809,-0.105735373500189,0.982,0.985,1,"MT-ND5"
0.215248497813606,0.105656159443151,0.83,0.835,1,"CDC42"
0.484245197300023,-0.105651322786312,0.237,0.28,1,"SOS1"
0.622420665526743,0.105604690754185,0.477,0.49,1,"ST13"
0.418298067587674,0.10557028348217,0.191,0.16,1,"P2RX5"
0.493691693468422,-0.105526883513974,0.343,0.385,1,"AP2B1"
0.78592661379371,-0.105466389525154,0.53,0.565,1,"CD164"
0.486155081380313,0.105434030732417,0.191,0.165,1,"AHCTF1"
0.437742272082401,-0.105362465266094,0.237,0.28,1,"CHD8"
0.685784437165175,0.105336249437712,0.138,0.16,1,"KIF20B"
0.904032333326107,-0.105316076340138,0.509,0.525,1,"PSMA1"
0.573633933071874,-0.105284787156841,0.095,0.115,1,"MHENCR"
0.373328940641442,-0.104930548297824,0.131,0.165,1,"HTATIP2"
0.807999735761991,0.104818201926499,0.505,0.51,1,"PSME2"
0.696318461242633,-0.104571510404562,0.166,0.185,1,"RDX"
0.64286184226401,0.104517890172207,0.127,0.115,1,"POLR1F"
0.564803104665993,-0.104399643350751,0.625,0.67,1,"CHD2"
0.52197335390518,-0.104385778834692,0.099,0.12,1,"RCOR3"
0.457150480025698,-0.104205404571174,0.191,0.23,1,"TXNDC9"
0.567998172150331,-0.10420299363932,0.438,0.46,1,"TXNL4A"
0.625337462052675,0.104073520557326,0.346,0.33,1,"ARFGEF1"
0.598293504747367,0.104053704866609,0.102,0.125,1,"MDN1"
0.322300392017302,-0.104041998037566,0.085,0.115,1,"MTF1"
0.442566007735556,-0.103985439184258,0.078,0.1,1,"AKR7A2"
0.680603385761695,-0.103853125600841,0.184,0.205,1,"GLO1"
0.541385388653072,0.103716479996078,0.18,0.16,1,"XPO4"
0.098827771740968,0.103588144142253,0.852,0.83,1,"RAN"
0.630532314586885,-0.103559173135161,0.417,0.49,1,"AMD1"
0.65955227705628,0.103362451793087,0.258,0.295,1,"TLE1"
0.632382792421683,0.103335685771282,0.159,0.145,1,"HMGN3"
0.382493377501323,-0.10332718714178,1,1,1,"FTH1"
0.845748154090835,0.10326785949697,0.138,0.135,1,"KIF21B"
0.545999445649591,-0.103264115280657,0.085,0.105,1,"SNAPC5"
0.867389280338531,0.10319834684266,0.625,0.645,1,"H2AZ1"
0.984466071102637,0.103121323554226,0.194,0.205,1,"MTHFS"
0.696596963848988,0.103096291816686,0.413,0.44,1,"PSMD7"
0.00401816451636504,-0.103078947250403,1,0.995,1,"RPS15A"
0.383137173347677,-0.103012361871827,0.11,0.14,1,"TNRC18"
0.927993092284775,-0.102819729385789,0.117,0.12,1,"ENSG00000256152"
0.579996174341462,0.102725290381719,0.625,0.655,1,"KHDRBS1"
0.654326595072113,0.102673880229441,0.876,0.895,1,"CNBP"
0.563777716193742,0.102446200436703,0.194,0.18,1,"ERICH1"
0.569601566516398,-0.102342382510166,0.498,0.53,1,"NDUFV2"
0.854613738701949,-0.102279286591513,0.311,0.305,1,"IFNAR2"
0.465381952391477,0.102157912893117,0.576,0.62,1,"SELENOT"
0.714851088508595,-0.102056471316488,0.286,0.315,1,"PTPRE"
0.547132128290594,-0.102031792470829,0.187,0.22,1,"FTSJ1"
0.453910817016762,-0.101984963248555,0.385,0.45,1,"DPP7"
0.471711713108849,0.101927680376933,0.11,0.14,1,"STX17"
0.216250252986858,-0.101923038555823,0.117,0.165,1,"VPS72"
0.923968647198093,0.10188064096929,0.311,0.325,1,"PSMD11"
0.893861235423202,0.101863259013314,0.445,0.48,1,"RELA"
0.79890841518169,-0.101848859561088,0.364,0.38,1,"KLRG1"
0.210122361811361,-0.101788496155056,0.265,0.34,1,"PTPN2"
0.518878264645656,0.101563825507925,0.35,0.34,1,"SRI"
0.259034324330937,-0.101435361304541,0.325,0.395,1,"PACS1"
0.450967766243401,-0.101401547648398,0.081,0.105,1,"LAMP2"
0.577019932651801,0.101372672146767,0.166,0.15,1,"DDX54"
0.573223274278389,-0.10114840535248,0.24,0.275,1,"IMP3"
0.380861954496207,-0.101082397482975,0.237,0.28,1,"CASK"
0.982323178133651,-0.101037732451797,0.41,0.43,1,"ARFGAP3"
0.875060536952473,0.101023195696408,0.364,0.39,1,"SPTY2D1"
0.80683257409715,0.100953929219139,0.194,0.21,1,"UBR3"
0.174263173982244,0.100815499270764,0.873,0.865,1,"UQCRB"
0.500113718420735,0.100811568604337,0.286,0.265,1,"SETX"
0.38480386501882,0.100713235999597,0.336,0.305,1,"CD59"
0.491907749867804,-0.100531939292932,0.442,0.49,1,"PIK3R5"
0.62705434676,-0.100455716503152,0.279,0.315,1,"MON2"
0.557268294733425,-0.100454067225371,0.205,0.245,1,"TIPRL"
0.196287942125881,-0.100453277477463,0.488,0.545,1,"ERN1"
0.912588945372689,0.100341814046157,0.265,0.275,1,"ANKRD13D"
0.452513309739766,0.100317143183445,0.428,0.41,1,"BUD31"
0.534632617659978,0.100282835209968,0.124,0.15,1,"LMTK2"
0.745664075021581,0.100281230669548,0.244,0.245,1,"GPN1"
0.996480622149021,0.100245360590489,0.304,0.335,1,"MED28"
0.741359597005412,0.100181711463699,0.293,0.29,1,"SAFB"
0.643046153854142,0.100169472992549,0.18,0.165,1,"ALG5"
0.538118185315887,-0.100031938688138,0.081,0.1,1,"TXNDC5"
0.643355762029535,0.1000016471305,0.569,0.6,1,"PARK7"
0.424729678150165,-0.100000799586819,0.18,0.215,1,"CNIH2"
