"p_val","avg_log2FC","pct.1","pct.2","p_val_adj","gene"
1.02316827888304e-35,4.52082782069046,0.414,0.014,1.92376099795589e-31,"TRBV12-3"
1.26955086094502e-19,3.37795156682027,0.424,0.08,2.38700952874883e-15,"TRAV13-1"
1.21541725285724e-18,4.98628026087514,0.232,0.012,2.28522751882218e-14,"TRBV4-1"
1.61904052789016e-18,4.60647082733143,0.232,0.012,3.04412000053907e-14,"TRBV4-2"
1.82866520350514e-13,2.70534954189772,0.293,0.052,3.43825631563036e-09,"CD300A"
1.55741515088536e-12,1.17053925939761,0.758,0.389,2.92825196669465e-08,"CMC1"
2.13029827495347e-12,1.72874394585078,0.404,0.118,4.00538681656751e-08,"HLA-G"
6.83412862174989e-12,4.36672704093955,0.192,0.021,1.28495286346141e-07,"TRAV5"
4.85126800338725e-11,0.667894568051014,0.99,0.955,9.12135409996871e-07,"LDHA"
9.26469896811693e-11,0.35849833555756,1,1,1.74194869998534e-06,"HLA-B"
5.94432873709463e-10,-0.376821602289032,1,1,1.11765268914853e-05,"RPL34"
6.06396328081542e-10,3.4759945559311,0.141,0.012,1.14014637605891e-05,"TRBV11-3"
9.55957361919541e-10,1.08270304406211,0.758,0.502,1.79739103188112e-05,"CXCR3"
1.32628128046175e-09,1.55759361354167,0.626,0.328,2.49367406352418e-05,"TIGIT"
1.34677028209535e-09,1.03540641001321,0.697,0.358,2.53219748439569e-05,"KLRD1"
2.55143101285138e-09,0.88693077922865,0.859,0.594,4.79720059036317e-05,"APOBEC3G"
5.25268705522072e-09,-1.07241132035285,0.293,0.675,9.87610220122599e-05,"IL7R"
5.94410308814561e-09,0.642678379423925,0.929,0.682,0.000111761026263314,"CCL5"
8.20564466783721e-09,2.82155181599446,0.242,0.057,0.000154282531044675,"CCL4L2"
9.37587328656485e-09,0.714228474363245,0.919,0.658,0.000176285169533992,"NKG7"
1.70273498267278e-08,1.49898865258531,0.515,0.252,0.000320148231442137,"GNLY"
4.15728964285057e-08,0.949596581936819,0.596,0.295,0.000781653598648764,"FGFBP2"
5.08216889699158e-08,0.789406783300054,0.838,0.564,0.000955549396012356,"OASL"
5.772489980878e-08,3.30327955902624,0.152,0.024,0.00108534356620468,"IFI27"
7.21648042578897e-08,0.493376196941488,1,0.983,0.00135684264965684,"UBC"
7.3099818090559e-08,1.0897406801543,0.545,0.267,0.00137442277973869,"ABI3"
1.02122067000487e-07,-0.328691896924553,1,1,0.00192009910374315,"RPL37"
2.61610436993826e-07,-1.94322480562341,0.111,0.384,0.00491879943635792,"LTB"
3.20056769548958e-07,1.39687199237311,0.394,0.175,0.0060177073810595,"MBD2"
5.97564953680996e-07,0.305211943116114,1,1,0.0112354162591101,"HLA-A"
6.35486653100419e-07,1.68418377882267,0.364,0.158,0.0119484200515941,"CDC42EP3-AS1"
9.19207043885452e-07,0.793757073104646,0.687,0.408,0.0172829308391343,"HLA-DRB1"
9.85534303413793e-07,-0.382709010739478,0.99,0.993,0.0185300159727861,"RPL41"
1.11730364473406e-06,2.51940648104872,0.172,0.04,0.0210075431282899,"ENSG00000274767"
1.21595359619833e-06,0.704370313897361,0.828,0.646,0.0228623595157209,"CTSW"
1.82043484771902e-06,0.856565289910077,0.677,0.479,0.0342278160068131,"SLA"
1.93522226441134e-06,-0.385226743393636,1,1,0.0363860490154621,"TPT1"
3.07095788801741e-06,-0.833606208896519,0.545,0.743,0.0577401502105033,"SPOCK2"
3.12526343828213e-06,0.530273790504624,0.869,0.646,0.0587612031665807,"GZMM"
3.3429059308006e-06,0.224817949144366,1,1,0.0628533173109128,"B2M"
3.83399346988319e-06,-0.748681006015808,0.737,0.842,0.0720867452207438,"ARL4C"
4.18319704758084e-06,-0.889743626587808,0.434,0.675,0.0786524708886149,"FOXP1"
4.87729710015826e-06,2.05295558383554,0.202,0.061,0.0917029400771756,"GCNT1"
7.14349625908478e-06,-0.411858878042667,1,1,0.134312016663312,"RPS13"
8.07618713560101e-06,0.526061860355793,0.99,0.983,0.15184847052357,"GAPDH"
8.64813031142479e-06,-2.02008995386262,0.061,0.274,0.162602146115409,"LEF1"
9.39478709592847e-06,0.618446864714798,0.414,0.203,0.176640786977647,"HLA-DRA"
9.47253484781698e-06,-0.482731416746858,0.929,0.976,0.178102600208655,"MT-ND3"
1.04236439328758e-05,1.15193517937948,0.525,0.344,0.195985353225932,"SH2D1A"
1.13623851528353e-05,-1.00236834356572,0.071,0.285,0.21363556564361,"FOS"
1.21704876841661e-05,-0.292158498194641,1,1,0.228829509437691,"RPL12"
1.39425978536357e-05,2.27695132431275,0.131,0.028,0.262148724844059,"ATL1"
1.41699438603951e-05,1.08602650215336,0.465,0.243,0.266423284463148,"EOMES"
1.53120706281837e-05,-0.930071105675986,0.343,0.601,0.28789755195111,"CAMK4"
1.53794514211473e-05,0.793083531584254,0.778,0.58,0.289164445620412,"CD3G"
1.58936069951968e-05,0.951228049201759,0.404,0.193,0.298831598723691,"HLA-DQB1"
2.09237832277553e-05,0.685987602655888,0.778,0.594,0.393408972248255,"ANXA5"
2.1336806919078e-05,-0.340000130138986,1,1,0.401174643692504,"RPS8"
2.24544116475951e-05,-0.331049519506656,1,1,0.422187847798082,"RPL21"
2.28556456088021e-05,1.48756797078671,0.354,0.184,0.429731848736696,"LINC00861"
2.52429734950264e-05,0.470965190238753,0.98,0.899,0.474618387653487,"CD74"
2.55599409072292e-05,-0.276692470422671,1,1,0.480578008937723,"RPS24"
2.63217234980587e-05,-2.51958817784126,0.091,0.295,0.4949010452105,"ENSG00000289901"
2.76419691701726e-05,-0.27138283748987,1,1,0.519724304337585,"RPS28"
2.86642624214276e-05,1.13215255120738,0.444,0.252,0.538945462047682,"ARHGAP25"
3.08075669122091e-05,1.18801389728939,0.343,0.165,0.579243873083356,"PTMS"
3.23083583328388e-05,1.26708316627258,0.323,0.153,0.607461753374035,"ENSG00000290537"
3.77856368535586e-05,0.660056542752935,0.677,0.474,0.710445544120609,"GGA2"
3.82922039991062e-05,0.486284850079305,0.919,0.868,0.719970019591194,"GNG2"
4.20726003584745e-05,0.595045252422965,0.778,0.564,0.791049031940037,"PPP1R16B"
4.77992673011183e-05,-0.271626001772401,1,1,0.898721823795627,"RPS25"
4.84252145235535e-05,0.454512728072936,0.869,0.722,0.910490883471853,"CCSER2"
0.000968541222404366,-7.30391236478232,0,0.101,1,"TRBV7-9"
0.00174691500488415,-3.06238825489425,0.02,0.127,1,"EMP1"
0.00766407478117251,-2.94743994116253,0.02,0.104,1,"AREG"
0.000144384428192561,-2.83317542845344,0.03,0.184,1,"PHLDB3"
0.00327080942766482,-2.71191049557895,0.02,0.118,1,"TNFRSF25"
0.000948576694815281,-2.60232571076537,0.01,0.123,1,"SPINT2"
0.000764223567530956,-2.48748255414499,0.04,0.175,1,"PCSK1N"
0.00525961771276235,-2.42964121779478,0.02,0.111,1,"TRABD2A"
0.00218013037734579,-2.3971713335332,0.02,0.125,1,"TRAF4"
0.00837784578917732,-2.37970897655402,0.02,0.104,1,"TRBV5-5"
0.000387627018958871,2.3308712838457,0.121,0.035,1,"HVCN1"
0.000169981126695772,-2.31666977688032,0.051,0.21,1,"CSGALNACT1"
0.00924185242206474,-2.26627651794065,0.02,0.101,1,"HPCAL4"
0.000339615888186747,2.2071611095152,0.121,0.035,1,"EEF2KMT"
0.00429526510570096,-2.20124887535454,0.02,0.116,1,"SGK1"
0.00273715859658892,2.1955027919476,0.101,0.033,1,"ESRRA"
0.000982545573946671,-2.17888065317605,0.01,0.123,1,"ARMH1"
0.033976114845506,-2.14189378475681,0.04,0.108,1,"TRAV8-2"
0.00658110060956072,-2.10723639134552,0.03,0.125,1,"PDP1"
0.000349967194311621,2.09654909954924,0.141,0.047,1,"HAGHL"
0.00790190505152844,-2.05600761596798,0.02,0.106,1,"SSX2IP"
0.00936539582442323,-2.04595892006634,0.02,0.101,1,"POU2F2"
0.00021106223234789,-2.02930950454717,0.051,0.212,1,"ICAM2"
6.8380435436883e-05,2.00258141470142,0.121,0.028,1,"ENSG00000289723"
0.00188736474780828,1.95571322566073,0.141,0.054,1,"TRGV7"
0.00307302390987742,-1.95068967870982,0.02,0.123,1,"FH"
0.00130350998175668,-1.93751832279241,0.172,0.328,1,"ENSG00000235979"
0.00621791503357731,-1.92566632244436,0.061,0.167,1,"SOCS3"
0.00178464848728548,-1.92554383887696,0.061,0.191,1,"MYC"
0.00233765174672294,-1.90992950557842,0.03,0.142,1,"ENOSF1"
0.00401263769544967,1.88402270014358,0.111,0.04,1,"RSPH3"
0.0321876561271325,-1.86988746325291,0.04,0.108,1,"C9orf72"
0.00856533159754377,-1.86600944563203,0.02,0.104,1,"TIAM1"
0.0218270206580856,-1.86023410639811,0.04,0.116,1,"RBBP8"
0.00537819191797897,-1.8475992214216,0.02,0.113,1,"TAF9B"
0.0142673285039236,-1.83582427570116,0.03,0.111,1,"MAPRE3"
0.0141529797354792,-1.82011746231258,0.03,0.111,1,"SVBP"
0.0024623989129507,-1.79817047361393,0.03,0.144,1,"SNED1"
0.013019226535066,-1.79537828263807,0.03,0.113,1,"PIGK"
0.00240542974162378,-1.77801329705083,0.061,0.184,1,"LSR"
0.00781097419892418,-1.74661932740208,0.03,0.123,1,"TOP3A"
0.00273970529255857,-1.71451412674102,0.051,0.17,1,"TTC7A"
0.00276941462174224,-1.70978785738968,0.061,0.184,1,"CD28"
0.000531411982703592,-1.67520991423595,0.061,0.212,1,"TRMT6"
0.00775067383468642,-1.67334696866075,0.04,0.139,1,"KLHL6"
0.0039961273809492,-1.64801795129294,0.04,0.151,1,"MAST4"
0.0321585900034925,-1.64320948804402,0.04,0.111,1,"RETREG1"
0.000394435813874679,1.62922629007818,0.444,0.278,1,"CCL4"
0.00174115611922147,1.62612248066838,0.131,0.047,1,"SLC49A4"
0.00104559327242729,1.62395561238568,0.131,0.045,1,"ITGB3BP"
0.00063011930939169,-1.61259135597436,0.051,0.193,1,"SVIL"
0.0130249389203134,1.60476313102578,0.101,0.04,1,"TPM1"
0.0101828440344274,-1.60385934304003,0.081,0.184,1,"MXI1"
0.0238514156229364,-1.59841099083935,0.04,0.116,1,"NABP1"
0.00142002238769448,1.59073419215701,0.212,0.104,1,"ERGIC1"
0.0041153100053926,1.5896953910453,0.162,0.075,1,"MFN2"
0.0102607703970965,1.56690696347722,0.111,0.045,1,"XKR8"
0.011617971647446,1.56616688040227,0.101,0.04,1,"DSE"
0.00760151688387793,-1.5462485319021,0.04,0.139,1,"HSD17B12"
0.0046801334251183,1.54361108737556,0.131,0.054,1,"TMEM106C"
0.00299933662142269,-1.54355554223959,0.061,0.186,1,"PKIA"
0.0525532967861049,-1.54020146159546,0.04,0.101,1,"TMEM14C"
0.00894011109124897,1.53760243912444,0.212,0.12,1,"N4BP3"
0.00710001475188179,1.53572567116016,0.121,0.05,1,"DIPK2A"
0.00142267630217041,1.53131506668218,0.172,0.071,1,"CADM1"
0.00922578015215355,1.51564949337758,0.111,0.045,1,"GTF2IP1"
0.00998986892333728,1.51136933744051,0.121,0.052,1,"USP18"
0.00380998554966401,-1.49780125369775,0.03,0.137,1,"FCF1"
0.00960203426610732,-1.48845280454626,0.02,0.104,1,"FXN"
0.000337076355334283,1.48733180796352,0.263,0.132,1,"IPO8"
0.016971715211838,1.48170186366774,0.121,0.057,1,"GTF3C3"
0.0583834497049496,1.47797997322524,0.101,0.052,1,"RPUSD2"
0.0233510996868792,-1.47416134591984,0.071,0.158,1,"MIR155HG"
0.0299903644282459,-1.46622631065516,0.061,0.137,1,"ADARB1"
0.00979188158795014,1.46430616139212,0.121,0.052,1,"TMEM91"
0.00550133729361353,-1.45044003955828,0.051,0.16,1,"PSMA3-AS1"
0.00601539630158519,-1.44644456280329,0.061,0.172,1,"CYB5A"
0.00484277520356257,1.43697224078037,0.172,0.083,1,"ASL"
0.000122950544163824,1.43224935308672,0.242,0.101,1,"TRIM13"
0.00495635961956559,-1.43171147910211,0.081,0.203,1,"SC5D"
0.0553748683574773,1.43151045283052,0.101,0.052,1,"ZFYVE1"
0.00145991402407064,-1.42918113882689,0.051,0.184,1,"SLAMF1"
0.0118977714709736,1.42908485599759,0.121,0.054,1,"EHMT2"
0.00161557568953139,1.4178900001726,0.141,0.052,1,"KCNQ5"
0.0117829157164509,-1.41482163950303,0.03,0.116,1,"GEMIN8"
0.00513571752187397,1.41365745487312,0.162,0.075,1,"PRUNE1"
0.0345379851863414,-1.41246641205237,0.04,0.111,1,"RBFA"
0.0120864657854897,1.40169072358419,0.131,0.061,1,"ZNF235"
0.0315449729170457,1.39770030138035,0.111,0.054,1,"ZNF583"
0.056746995007151,1.39643195232476,0.101,0.052,1,"BRCC3"
0.00711670179917158,1.38830938861256,0.162,0.078,1,"TYMP"
0.0234618592086593,1.38731462704143,0.141,0.075,1,"RBM12"
5.9965128377766e-05,1.38678292371239,0.374,0.2,1,"CRTAM"
0.0130367697163442,1.38595439152765,0.121,0.054,1,"MRM2"
0.00923720396177146,-1.37384494185454,0.061,0.163,1,"PDE8A"
0.00297847412548676,1.37268159241641,0.141,0.057,1,"RAD51C"
0.00227278357291012,1.36999735768428,0.172,0.073,1,"HOPX"
0.00458733667214767,-1.36847819401821,0.081,0.205,1,"YTHDF3"
0.0239731492834891,1.36800309231897,0.141,0.075,1,"PNPLA6"
0.00381626784473362,-1.36662693419759,0.091,0.222,1,"RNF138"
0.0111914184025094,-1.36441067786201,0.03,0.118,1,"SPAG4"
0.0686016117079288,1.36350735734888,0.101,0.054,1,"GSTM1"
0.0761565397018618,1.36202948388826,0.111,0.064,1,"QPCTL"
0.0842496521118264,-1.35161890224865,0.051,0.106,1,"ZDBF2"
0.00183481385727835,-1.34517866816134,0.131,0.281,1,"SELL"
0.0146923112489068,1.34462662755694,0.131,0.061,1,"FCHO1"
0.00117507018338459,-1.34411445551046,0.091,0.245,1,"RUNX2"
0.0114648372269786,-1.3423459123654,0.03,0.118,1,"AIF1"
0.0421563621404092,-1.33926919745263,0.141,0.224,1,"FOSB"
0.000277794291079947,1.33653064424057,0.253,0.116,1,"FLOT1"
0.0310643581614856,-1.33041829667415,0.061,0.139,1,"DCTN6-DT"
0.000540910673209095,-1.32851295543565,0.172,0.356,1,"INSIG1"
0.000785913814651902,-1.32406284124955,0.182,0.349,1,"PSME4"
0.000330795000381395,1.3185798418318,0.192,0.073,1,"ENSG00000291188"
0.102706581239812,1.31744292067487,0.141,0.092,1,"TTC13"
0.00546689358001537,-1.31632730803417,0.182,0.311,1,"LDLRAD4"
0.0171427178786466,1.30710205175009,0.162,0.087,1,"BRD3"
0.0441452236437026,-1.30646019220153,0.051,0.12,1,"RAD50"
0.0185037758026781,1.3035349285919,0.172,0.094,1,"UBALD1"
0.0275643154059207,1.30245964237713,0.141,0.075,1,"COL6A2"
0.0186562165735518,-1.29984056428266,0.111,0.21,1,"ICOS"
0.0285314777982221,-1.2968086558464,0.03,0.101,1,"TM2D2"
0.0227936403907032,-1.29559802731489,0.051,0.134,1,"TANC2"
0.030545124779979,-1.29515692480904,0.04,0.113,1,"ETFRF1"
0.0107028969736526,1.29254901317407,0.111,0.045,1,"ALG1"
0.0260451659839585,1.29049475545506,0.101,0.045,1,"ZNF286A"
0.00598629889454688,-1.28751526551939,0.03,0.13,1,"TBC1D10B"
0.0182624186410044,1.28343916514083,0.131,0.064,1,"CNNM2"
0.078634613068332,1.28176258607135,0.111,0.064,1,"PLEKHG1"
0.00182844825612586,1.27604437794097,0.202,0.097,1,"TRIP4"
0.0553545059911348,1.27280828408734,0.111,0.059,1,"IDE"
0.00583814111849391,1.27257104667059,0.131,0.054,1,"TSPAN17"
0.000692565395825849,-1.2714495835586,0.121,0.29,1,"ANTXR2"
0.0849690156502284,1.27020604927506,0.111,0.064,1,"GFM2"
0.00660415869337856,1.26974290857606,0.162,0.078,1,"PARP9"
0.0885048474437814,1.26571779766549,0.101,0.057,1,"RMND1"
0.00508900624393492,1.26508820009645,0.162,0.075,1,"COQ6"
0.0313266476604379,1.26248700962799,0.131,0.071,1,"MR1"
0.0115904215396647,-1.26235871093551,0.061,0.163,1,"ZRSR2"
0.00106290022154565,1.25692146889238,0.242,0.12,1,"VPS33A"
0.000134998023543468,1.2543916216305,0.263,0.118,1,"LAX1"
0.012425326647797,1.24741207858185,0.212,0.125,1,"MED30"
0.0114018382301666,-1.2467027425,0.121,0.233,1,"ANKRD36"
0.000354395018456976,-1.23972376274947,0.121,0.304,1,"RCAN3"
0.00904170684103509,-1.23889011057196,0.091,0.205,1,"AP3D1"
0.0436303397462473,1.23717693437322,0.152,0.09,1,"COASY"
0.00401490092948069,-1.23583135131441,0.576,0.601,1,"CD55"
0.0363731228791343,-1.23318952688479,0.051,0.125,1,"LDLRAP1"
0.00376679703796642,-1.23173960948425,0.081,0.21,1,"SERINC5"
0.00719383679124107,1.23034582607464,0.202,0.111,1,"KLHDC10"
0.0275651103853563,1.22968795143017,0.152,0.085,1,"TOR2A"
0.00501874294325655,1.22915520974737,0.202,0.106,1,"GK5"
0.00678726807616193,1.22454298950943,0.232,0.134,1,"PSMD10"
0.0510300703522955,-1.22377998340894,0.051,0.118,1,"TBC1D4"
0.0533686031869459,1.22007325491251,0.101,0.052,1,"EXOSC5"
0.0394212477879842,-1.21509743186952,0.051,0.123,1,"BIK"
0.0360115981782483,-1.21441701296057,0.051,0.125,1,"NOTCH2NLA"
0.0246981432834236,1.21309415848559,0.141,0.073,1,"CCDC22"
0.16090111965303,1.2123259352774,0.121,0.08,1,"CFAP410"
0.00220922694265254,-1.20979735074949,0.101,0.248,1,"PTTG1IP"
0.00383883751698843,1.20745460785233,0.253,0.144,1,"MED16"
0.0304358697136891,-1.20697885976455,0.04,0.113,1,"POLR3K"
0.108960515577285,1.20668147753105,0.101,0.059,1,"SERPINB8"
0.0595248586112421,1.20553870231194,0.121,0.068,1,"GPANK1"
0.0588849972200282,1.20411012647241,0.121,0.068,1,"TMEM175"
0.0580401175165563,-1.20072052993469,0.04,0.101,1,"SFMBT1"
0.0314811696142173,1.20040370154378,0.121,0.061,1,"FARP2"
0.0385160119760736,-1.19730690414938,0.051,0.123,1,"MAL"
0.000245738545716654,-1.19719260431778,0.091,0.276,1,"TIA1"
0.0298946161181421,-1.19445911176011,0.04,0.113,1,"FAAH2"
0.0187270742005097,-1.19236131280225,0.061,0.153,1,"DGKA"
0.0262534166609295,1.1920602394046,0.162,0.092,1,"EIF5A2"
0.0360579618828254,1.1877292917002,0.202,0.132,1,"NUS1"
0.0182917813984686,1.18632417259781,0.172,0.097,1,"C6orf120"
0.0349088637726486,-1.18437143639191,0.091,0.177,1,"CKS2"
0.00479052243978112,-1.18372963429666,0.162,0.297,1,"TESPA1"
0.0420076357599094,1.183474208972,0.111,0.057,1,"CNP"
0.0166002683268928,-1.17955245302872,0.03,0.111,1,"UBAC1"
0.0098986186162369,-1.17641015205741,0.051,0.153,1,"ZNF281"
0.000289711302372929,-1.17555621001748,0.162,0.356,1,"NELL2"
0.0459415191910545,1.17413498485775,0.111,0.057,1,"TTC38"
0.0105216500874607,1.16973557369091,0.192,0.106,1,"CASP2"
0.0679416255475799,1.16924469000872,0.111,0.061,1,"POLR3A"
0.0252374466252049,-1.16911147496377,0.131,0.233,1,"RGS1"
0.050701051502642,-1.16907332188128,0.051,0.118,1,"TBC1D17"
0.105409078871678,1.16807025776074,0.141,0.092,1,"CMAS"
0.0216640369461432,1.16784618452004,0.141,0.073,1,"MARK4"
0.114187689056638,1.15899397947797,0.111,0.068,1,"FXR2"
0.0265053460354892,-1.15640732091753,0.061,0.146,1,"C15orf40"
0.0377674760740315,-1.15538277003365,0.071,0.151,1,"GNB5"
0.511389121190265,1.15478452236943,0.485,0.46,1,"DNAJB1"
0.38835332791383,1.15348799482855,0.162,0.132,1,"IFNG"
0.0335540525868877,-1.15304160043049,0.051,0.127,1,"UBP1"
0.0169538244179166,1.15215734239596,0.162,0.085,1,"ZNF224"
0.0598367597723937,-1.15167427158479,0.04,0.101,1,"CHSY1"
0.0204320791393732,1.14932896896367,0.121,0.057,1,"YBEY"
0.0220908402255191,1.14669651304445,0.152,0.08,1,"LY9"
0.0483865317206398,1.14392920930234,0.121,0.066,1,"TMEM120B"
0.0535939562775271,1.14377183925088,0.141,0.083,1,"PLCG2"
0.000488154835131442,1.14319287641739,0.222,0.097,1,"PATL2"
0.0184787828537851,-1.14259206712539,0.061,0.153,1,"ERO1A"
0.0378820371904946,-1.14193444857939,0.071,0.151,1,"NAF1"
0.00202419367135399,-1.13907756385224,0.141,0.304,1,"H1-2"
0.0102499852907467,1.13905793601686,0.192,0.106,1,"FN3KRP"
9.49850401905988e-05,1.13813143628548,0.374,0.196,1,"DTHD1"
0.0236663652191171,1.13439400270521,0.152,0.08,1,"GOLPH3L"
0.0265622205544346,1.13140662543897,0.131,0.066,1,"GNGT2"
0.0130796123614232,-1.13053497542687,0.03,0.116,1,"GPHN"
0.0891903316057947,1.13045307858133,0.131,0.083,1,"TRMT13"
0.0322465241552479,1.12693806797258,0.182,0.113,1,"SGTA"
0.0132255920682158,-1.12376285137592,0.121,0.236,1,"GRK5"
0.0091051210362519,-1.12190401143977,0.121,0.245,1,"CEBPB"
0.0294939664141043,1.12090224889858,0.152,0.083,1,"ZNF354A"
0.113165109462029,1.11773304782527,0.101,0.059,1,"TIFA"
0.00291081704181923,1.11761016782804,0.232,0.12,1,"TTC21B"
0.227803475511591,1.11595780472934,0.202,0.17,1,"PCNT"
0.00097275631087195,1.11573100096263,0.131,0.042,1,"TRAV4"
0.00375955363728631,1.11437089420041,0.131,0.05,1,"SCRN2"
0.0631661634943446,1.10964047660244,0.111,0.059,1,"NCALD"
0.0276814029765558,1.10880709218066,0.121,0.059,1,"PSMG3"
0.000420018513455253,-1.10526539130089,0.111,0.285,1,"SNX9"
0.000314733211508866,-1.10508455268155,0.131,0.328,1,"AHR"
0.0353499621717051,1.10411459915518,0.111,0.054,1,"MPV17"
0.00298518216871265,1.09972575749975,0.273,0.16,1,"KIF20B"
0.0343199000662996,-1.09964217210058,0.061,0.139,1,"GPR137"
5.74379378964784e-05,1.09716776590222,0.434,0.259,1,"SHISA5"
0.303203458869071,1.09194008066963,0.111,0.085,1,"HPS4"
0.0361488050633719,-1.09116640090942,0.061,0.142,1,"FASN"
0.057210611349806,1.09056235536283,0.101,0.052,1,"SMIM30"
0.0355806681672524,1.09019608060967,0.172,0.101,1,"ACAA2"
0.0520548724154894,-1.08791469419699,0.061,0.132,1,"HIPK2"
0.00569368232901456,-1.08328912800175,0.131,0.264,1,"CEP85L"
0.108584489086718,1.08324721124297,0.101,0.059,1,"VPS52"
0.00068649087790353,-1.08298128090403,0.111,0.288,1,"AFF1"
0.0332296470705168,1.08246359223804,0.202,0.13,1,"NIPAL3"
0.060641358865237,-1.0808016514211,0.061,0.127,1,"PWP2"
0.0436798577270429,1.0779633106087,0.182,0.113,1,"ARFIP1"
0.0149533963638595,1.0770665839688,0.222,0.137,1,"RPP30"
0.0440920097974,-1.0769378263638,0.04,0.108,1,"MPI"
0.0463140519728342,1.07524783623764,0.111,0.057,1,"HACE1"
0.0394842374012758,1.07354724516833,0.152,0.087,1,"NOL12"
0.0936210426719472,1.07323795149245,0.111,0.064,1,"CX3CR1"
0.00212504390556431,1.07200815396557,0.293,0.177,1,"ZBTB44"
0.0504176226885181,1.07166140670117,0.141,0.083,1,"POLR1B"
0.0678229012158126,-1.0708026442772,0.061,0.125,1,"CBX5"
0.0427252092380302,1.07013072558153,0.152,0.087,1,"SPRYD3"
0.0126434242743761,1.06771008469985,0.172,0.09,1,"RIMOC1"
0.0192000565882289,1.06763777071443,0.172,0.092,1,"NXPH4"
0.0832446491159581,1.06732260305053,0.162,0.108,1,"AARS1"
0.124770852693471,1.06683744147374,0.152,0.106,1,"TTF1"
0.201106773010925,1.0603128770414,0.111,0.075,1,"TSC1"
0.0499867712194748,1.05954078197141,0.131,0.073,1,"MCM5"
0.00301416101373938,1.05912419970552,0.212,0.104,1,"GFOD1"
0.0410072554957184,1.05869540263101,0.152,0.087,1,"RNF8"
0.0381874370243182,1.05822086628191,0.152,0.085,1,"PGM1"
0.0034993431079098,1.05541993133005,0.253,0.142,1,"TVP23B"
0.0474005780482065,-1.05525973207575,0.04,0.106,1,"ENSG00000257732"
0.0224976799946186,-1.05518315190451,0.071,0.163,1,"FAM222B"
0.0504176226885181,1.05473093020823,0.141,0.083,1,"PRDM4"
0.0296223902887292,-1.05111049937624,0.051,0.13,1,"TAF4B"
0.00197686303547134,-1.05047092479695,0.152,0.307,1,"NINJ1"
0.15442052245824,1.04888213290978,0.101,0.064,1,"DNASE1"
0.0155394589187446,1.04699436641438,0.263,0.165,1,"DAPK2"
0.0340579634596378,1.04435904918842,0.192,0.118,1,"PARG"
0.0563665722451627,1.04326558009436,0.131,0.075,1,"FBXL15"
0.0418587730917382,1.04100052790937,0.152,0.087,1,"TTI1"
0.0283140629867484,1.03891374758507,0.141,0.075,1,"MAGED1"
0.012183680472435,1.03826607000938,0.242,0.151,1,"KLHDC4"
0.0448017973744597,1.03763775360129,0.162,0.097,1,"PGM2"
0.0683348866392769,1.03679725084391,0.152,0.097,1,"NIFK-AS1"
0.00209743023539736,1.03222524573918,0.263,0.144,1,"SEC23IP"
0.05076257175094,-1.03192918128704,0.04,0.106,1,"CCDC85C"
0.00379948755592267,-1.03176563846961,0.091,0.226,1,"MRPL16"
0.112391272519587,1.03022504749644,0.101,0.059,1,"LARS2"
0.036111356213561,-1.02998175457921,0.061,0.139,1,"SLC15A4"
0.0173586704060356,-1.02971756634421,0.333,0.472,1,"DDIT4"
0.0963446870941111,-1.02818283838412,0.051,0.106,1,"COX10"
0.00546386819683357,1.0258934126751,0.222,0.123,1,"ELAC2"
0.00564793064155324,-1.0217444866747,0.111,0.245,1,"CHTOP"
0.00860322216893332,-1.02116326972618,0.091,0.205,1,"PHLDA1"
0.00945400095241211,1.01892018232429,0.222,0.127,1,"ACSL1"
0.0200084851883153,1.01800814204841,0.222,0.137,1,"TBP"
0.0889020517465477,1.01755426128001,0.111,0.064,1,"ZCCHC9"
0.311236213447094,1.01738129623836,0.111,0.083,1,"YEATS4"
0.213507970316699,1.01657579564328,0.121,0.085,1,"TTC39B"
0.085564773764072,1.01607273971878,0.111,0.064,1,"ENSG00000243305"
9.12747037027181e-05,-1.01515764758671,0.222,0.453,1,"SIPA1L1"
0.019481397244189,-1.01448069440772,0.111,0.219,1,"NAA15"
0.0108138390588994,-1.01424708459524,0.091,0.205,1,"PRORP"
0.00933617609611579,-1.00944360513613,0.081,0.196,1,"XPO6"
0.0407186035027824,1.00835466432899,0.101,0.047,1,"NCR1"
0.0192668882336152,-1.00287041140562,0.111,0.217,1,"UGP2"
0.00445942805213292,1.0026128486003,0.303,0.191,1,"ENSG00000291214"
0.167314303652693,1.00243590807545,0.101,0.064,1,"CPSF1"
0.0182820382121941,-1.00002773880013,0.071,0.17,1,"FZR1"
0.0398959095290812,-0.999996337744038,0.091,0.172,1,"CNOT10"
0.0481311621960049,-0.998853756105871,0.071,0.146,1,"WDPCP"
0.00479503243737762,0.998549894396966,0.343,0.233,1,"NARF"
0.194103851734243,0.998063700394961,0.111,0.073,1,"XCL1"
0.00597127644974993,0.997623439873288,0.293,0.189,1,"MTREX"
0.132212616961815,0.997079663268875,0.101,0.061,1,"TTLL4"
0.0291712915428736,0.996301530002816,0.152,0.083,1,"FAM118B"
0.00509189450531065,0.995410857737331,0.222,0.118,1,"APOBEC3F"
0.119941276023821,0.995273835680776,0.121,0.075,1,"TOE1"
0.10149290340397,0.994168949610787,0.101,0.057,1,"ENSG00000289826"
0.115118071372829,0.99268190775656,0.101,0.059,1,"HIRIP3"
0.0256027451239874,-0.991905543982546,0.121,0.224,1,"OXNAD1"
0.0913119271454532,0.989805258316558,0.121,0.073,1,"PLA2G12A"
0.0924531082792881,0.988909687094796,0.101,0.057,1,"SERGEF"
0.0150372956344414,-0.988571970889557,0.081,0.186,1,"MKRN2"
0.000271689052860914,0.986471522617171,0.404,0.248,1,"TINF2"
0.0154598913735597,0.98619171933096,0.222,0.132,1,"CYB561D2"
0.0845539789428108,0.984841562505955,0.141,0.087,1,"MED24"
0.179936496815214,0.981834425819081,0.101,0.066,1,"LZTR1"
0.0072155721378955,-0.981340521778889,0.141,0.283,1,"RASGRP2"
0.0870689481894596,0.980504080291951,0.111,0.064,1,"HINFP"
0.224492999115502,0.978990273001885,0.101,0.068,1,"TNK2"
0.12995288280053,0.978848777662279,0.162,0.111,1,"NCAPH2"
0.116094755147955,-0.978173578973854,0.051,0.101,1,"EXT1"
0.00333824226256303,-0.977868015618115,0.364,0.502,1,"CMSS1"
0.0236075818389332,0.977623966936146,0.172,0.097,1,"INTS14"
0.0237538668242628,0.976842095958166,0.182,0.104,1,"ZSWIM8"
0.0336914916230597,0.975742853200266,0.141,0.075,1,"GPN2"
0.0393350131850203,0.974345404181948,0.121,0.061,1,"MSC-AS1"
0.00293563049075425,0.974303532288917,0.313,0.191,1,"C1orf174"
0.121136273543493,0.97311906030635,0.101,0.059,1,"ARHGAP10"
0.228048226956119,0.972675858462851,0.121,0.087,1,"ENSG00000233912"
0.000640999760865114,-0.97219751550964,0.263,0.458,1,"RGS10"
0.308810817888637,0.968470369839396,0.141,0.111,1,"MAP2K7"
0.111621613894815,0.965924228252629,0.101,0.059,1,"MICA"
0.0655093253613788,-0.965395890320765,0.091,0.165,1,"ZNF611"
0.0466969845767313,0.965028637053541,0.121,0.064,1,"ZNF699"
0.0972959714464164,0.964482266358937,0.172,0.113,1,"SMURF1"
0.153838357362226,0.963390888773924,0.121,0.08,1,"UNC119"
0.297542656251723,0.962773932386782,0.121,0.09,1,"CAMK2N1"
0.0176905808026129,0.96261796798442,0.162,0.083,1,"DTNB"
0.0462807484412115,0.962312139601648,0.182,0.113,1,"MRPS9"
0.0472589570346675,-0.961295793801425,0.071,0.149,1,"TMEM18"
0.00365879114735769,0.95723273156846,0.323,0.21,1,"CYB5B"
0.0150804989560998,-0.957056725740046,0.141,0.259,1,"ABTB3"
0.00417164352456541,0.955866139764724,0.273,0.16,1,"KMT5B"
0.229798285841072,0.955442603526852,0.111,0.075,1,"KIAA1671"
0.114392888611719,0.955394155340742,0.131,0.083,1,"ZC3H11A"
0.0258111785553859,-0.95509657511693,0.121,0.224,1,"ST3GAL1"
0.00511253068775776,0.954738085716188,0.293,0.179,1,"STK39"
0.20945009566735,-0.954410903780904,0.061,0.101,1,"WEE1"
0.0298212160707543,0.953530413927277,0.172,0.099,1,"MGMT"
0.15938674039413,0.952567824701112,0.333,0.292,1,"IL2RB"
0.00293285229150396,-0.949563297864988,0.182,0.342,1,"ADD1"
0.200715300845408,0.949279141460414,0.192,0.16,1,"WASHC3"
0.0820428030560943,0.949122166413141,0.121,0.071,1,"CTNNA1"
0.112005921770542,0.949103750797762,0.101,0.059,1,"FRAT1"
0.266308590384905,0.948345610366912,0.101,0.071,1,"MED7"
0.0222603680985626,0.947779541264313,0.182,0.101,1,"RABEP2"
0.00232426267881156,0.946111234603986,0.263,0.144,1,"FERMT3"
0.0535464584311531,0.94577443662518,0.141,0.08,1,"PHLDB2"
0.079451974257325,0.944821101453126,0.131,0.078,1,"VIPAS39"
0.274537542022126,0.943539505508995,0.111,0.08,1,"UBE2Q1"
0.0481217185359302,-0.942773752336964,0.101,0.184,1,"FBXL17"
0.00190423790556244,-0.940664896093913,0.283,0.446,1,"ISCA1"
0.170251940587494,0.940619175623206,0.141,0.099,1,"MAP4K1"
0.000649182067129802,-0.93884135417934,0.172,0.366,1,"CDKN1A"
0.0933806103585703,0.938693397052474,0.121,0.071,1,"SIN3B"
7.19440488090564e-05,0.938351015676637,0.364,0.182,1,"SP140L"
0.0218546578665195,0.937085412073638,0.111,0.05,1,"GFPT2"
0.145499021006515,0.937082302020411,0.111,0.071,1,"MAD2L2"
0.012969881300714,0.936221555864288,0.222,0.132,1,"PHRF1"
0.107849608669953,0.936146880833533,0.111,0.066,1,"TMEM64"
0.0182904785964616,-0.934513476971386,0.061,0.156,1,"NBPF26"
0.0344844429206409,0.933621694810178,0.192,0.118,1,"ANGEL2"
0.00703943512103439,0.933167225430887,0.172,0.083,1,"ADGRG1"
0.139094748409165,0.932633249232641,0.121,0.078,1,"ZNF211"
0.240405467315173,0.932605374976133,0.141,0.106,1,"EXOC8"
0.0138509095110273,0.932443762682188,0.263,0.163,1,"EIF4EBP1"
0.157199812313813,0.9317526600081,0.101,0.061,1,"FMNL3"
0.180459299839659,0.930262793006347,0.101,0.064,1,"H2BC12"
0.10849143664699,-0.929846099669073,0.051,0.104,1,"DENND6A"
0.147703393429068,0.929679241365489,0.111,0.071,1,"GIT1"
0.0433514570541792,0.929618914799523,0.172,0.106,1,"BOP1"
0.0579638409125185,0.92870191766226,0.172,0.106,1,"PIGC"
0.0832134429113856,0.928475555855237,0.111,0.061,1,"ZNF780A"
0.388682528323329,0.927467647615751,0.111,0.087,1,"EDEM2"
0.00898225228960227,0.926851230506725,0.263,0.163,1,"ZNG1A"
0.0487447750202825,0.925730181653332,0.131,0.073,1,"SH2B3"
0.20249428322321,0.925678302907318,0.101,0.066,1,"MON1A"
0.0290107623960592,0.925253694893244,0.202,0.123,1,"ATG9A"
0.00874350081745692,0.924432173564824,0.253,0.153,1,"TNFRSF1A"
0.00281841051212582,-0.922077587662416,0.162,0.323,1,"PPP2R2A"
0.0102197841725387,-0.921673270937305,0.121,0.243,1,"SPTY2D1"
0.170498907305936,-0.921562198455163,0.061,0.108,1,"TPRG1"
0.0518021389528397,0.920647666501932,0.111,0.057,1,"EPS15-AS1"
0.0821486904047057,0.919101855642094,0.192,0.137,1,"NKAPD1"
0.0568218471862881,-0.918764035470568,0.04,0.104,1,"ZNF14"
0.0405166866914127,0.918106358993089,0.152,0.085,1,"ZNF317"
0.419751343356007,0.917981200859811,0.283,0.255,1,"HSPA1A"
0.0416048132550116,0.916871498044108,0.222,0.151,1,"HDAC2"
0.00994306511969401,0.915560967164493,0.313,0.21,1,"TRIM4"
0.00562251430485088,0.915363051982878,0.232,0.127,1,"DTD1"
0.0381015245715621,0.914807423796023,0.182,0.111,1,"ENSG00000269968"
0.0497314461529452,0.914776102351515,0.222,0.153,1,"SHMT2"
0.190894252706716,0.914713050881648,0.111,0.073,1,"CPEB4"
0.158407063441298,0.914554861907252,0.111,0.071,1,"BRPF1"
0.161624997463985,0.91420940102737,0.111,0.073,1,"MAP4K3"
0.0342584505612416,0.913787569120959,0.182,0.108,1,"DCUN1D1"
0.213861322791703,0.913148385633701,0.162,0.123,1,"DUSP18"
0.0227680490609489,-0.912894889594335,0.081,0.177,1,"CNOT6"
0.0140917281747236,0.91180842235277,0.232,0.144,1,"VPS39"
0.294136286374812,0.911725458680586,0.101,0.071,1,"CISH"
0.0830245075162572,0.910265047096992,0.101,0.054,1,"STAMBPL1"
0.198358559199954,0.909963641296786,0.141,0.101,1,"FOXP4"
0.0968887191374531,0.909715264789031,0.101,0.057,1,"TMEM60"
0.0587843977432172,0.909686263329556,0.192,0.13,1,"ROCK2"
0.05841538755976,0.909588398944587,0.131,0.073,1,"MOAP1"
0.122106787143253,-0.90921647884301,0.081,0.137,1,"SNX20"
0.00275725027088377,0.908562807179659,0.323,0.198,1,"GBP5"
0.230741823054888,0.907744139801626,0.101,0.068,1,"SLC25A17"
0.0551515030594139,-0.906492992778002,0.061,0.132,1,"CGAS"
0.311675546900247,0.905591375370062,0.101,0.075,1,"OAS2"
0.240885910979888,-0.904662058655758,0.071,0.108,1,"ZBTB10"
0.0693651399323539,-0.903778466489178,0.061,0.127,1,"THAP5"
0.0664779534779448,-0.903110191998312,0.101,0.177,1,"FER"
0.0221477908297247,0.90235272465651,0.263,0.177,1,"UBE2J2"
0.000247508258640612,0.901267938214684,0.414,0.252,1,"RSBN1L"
0.0106418553466212,0.900194490782927,0.303,0.203,1,"NAGK"
0.0588362176277935,-0.900061742523082,0.091,0.17,1,"ZC3H12B"
0.019952417467154,0.900050719008086,0.202,0.116,1,"AIM2"
0.00118614778981975,0.899879464493852,0.424,0.283,1,"PRR5L"
0.0578254025827349,0.899871825915191,0.121,0.066,1,"ENSG00000267364"
0.0639441179299904,-0.899781972305398,0.061,0.13,1,"PAK1"
0.0217375803880232,0.899360500441702,0.232,0.149,1,"PPIE"
0.00553782825014551,0.899226032268616,0.222,0.116,1,"NLRC3"
0.0392939780825227,-0.899154639807667,0.081,0.167,1,"TTLL5"
0.133779202473084,0.898558672402793,0.162,0.113,1,"IKBIP"
0.113282875620904,0.898302422900763,0.111,0.066,1,"GAS7"
0.167279635268726,0.8979613905215,0.121,0.08,1,"ANTKMT"
0.00596340561248932,0.896865852660526,0.313,0.2,1,"ATP2A3"
0.144732993750112,0.896671573939871,0.152,0.104,1,"TNFSF10"
0.218973291851946,0.895732166853037,0.101,0.068,1,"KLHL12"
0.00832431001321132,0.894676281835841,0.263,0.153,1,"XIAP"
0.0681455595666376,0.894619302708445,0.162,0.104,1,"MCM3"
0.0514116929962609,-0.893738096160806,0.051,0.12,1,"MON1B"
0.310126822788838,0.8930991743408,0.131,0.101,1,"DNPH1"
0.0736739447802382,0.891969814663618,0.182,0.123,1,"AGPAT3"
0.00774239689351052,0.891658687192064,0.273,0.158,1,"TNFSF14"
0.28117911410851,0.890442370295661,0.121,0.092,1,"PABIR1"
0.0848377259872191,0.890337317733933,0.121,0.071,1,"HACD4"
0.061452674049803,0.890137743091587,0.131,0.075,1,"ADAP1"
0.160995027273058,0.889508499069531,0.111,0.071,1,"C9orf85"
0.0771890862112229,0.889155543065894,0.111,0.061,1,"ZNF557"
0.0293113696126126,0.887836743529716,0.354,0.281,1,"ITPR2"
0.000190367103216296,0.887396278307025,0.404,0.224,1,"SMS"
0.0631173067928525,-0.887394161682345,0.091,0.165,1,"CRLS1"
0.05670527859192,-0.887086612180328,0.061,0.13,1,"FAM117B"
0.0986393910174329,0.8870707014861,0.101,0.057,1,"ZNF227"
0.128434253442562,0.886908989240963,0.172,0.123,1,"RCC2"
0.265959674141046,0.886350270200936,0.111,0.08,1,"TAOK2"
0.0240914810233736,-0.886176753493168,0.121,0.229,1,"KPNA6"
0.15117528535645,0.885541050616267,0.192,0.146,1,"PREB"
0.133588488405267,0.88380437716494,0.141,0.094,1,"TRAPPC2"
0.0110260609121586,0.883596723495915,0.263,0.167,1,"PAPOLG"
0.000195662452680541,0.883226248885141,0.444,0.278,1,"ZNF655"
0.00666960783970281,-0.882967596146167,0.081,0.2,1,"AQP3"
0.182707772503666,0.881201997120841,0.121,0.085,1,"SPATA33"
0.014046438173909,0.881173478469929,0.283,0.193,1,"KATNBL1"
0.000375090080259592,0.880049171911455,0.495,0.358,1,"ARPC5L"
0.0775501338017424,-0.879784874174625,0.071,0.137,1,"BCL2L13"
0.0421882192355441,-0.879493254429771,0.081,0.165,1,"TAF11"
0.105096336295416,0.878426954317699,0.202,0.146,1,"MPLKIP"
0.000723084492528148,-0.877351369238033,0.444,0.604,1,"BACH2"
0.237722826463744,0.876934414481625,0.141,0.106,1,"MDP1"
0.138192315452128,0.876883758381451,0.111,0.071,1,"AHDC1"
0.0897815820343528,-0.876410543137725,0.071,0.132,1,"SNX27"
0.089789692908507,0.876377072521297,0.182,0.125,1,"ZDHHC7"
0.236393283519825,0.875892140608029,0.152,0.116,1,"FAM210A"
0.0481270086520546,-0.874519953224074,0.081,0.163,1,"ZBTB24"
0.0722791386790779,-0.87451119943732,0.081,0.151,1,"MRPS28"
0.0333074125465882,-0.874370835037156,0.111,0.208,1,"MAD1L1"
0.0178257134846759,-0.873657740194785,0.091,0.196,1,"IL6ST"
0.0715635292681017,0.871612812698466,0.131,0.075,1,"FEN1"
0.111353490032684,0.871502181124511,0.202,0.149,1,"RDH14"
5.81390605078609e-05,0.871107085810083,0.465,0.285,1,"SIPA1"
0.000240150696642104,0.870342411363821,0.556,0.42,1,"HDGF"
0.176882026419934,0.869767539418169,0.141,0.101,1,"TPRA1"
0.0330783083374583,0.869765321782831,0.202,0.127,1,"CYBC1"
0.0200486437509638,-0.869685269114056,0.141,0.259,1,"FILIP1L"
0.139170222519472,-0.869422693234454,0.101,0.158,1,"PIK3CB"
0.0440951824286777,0.869373496114644,0.182,0.111,1,"HLA-DMA"
0.00513218399980837,-0.868704053310012,0.263,0.432,1,"H1-10"
0.0734098837039346,0.866895477082507,0.182,0.118,1,"ZNF484"
0.00104985067331829,0.86684969757609,0.394,0.252,1,"CCDC186"
0.11920827573604,-0.86612911624292,0.051,0.101,1,"LIN7C"
0.115851332705936,0.865059147805428,0.152,0.101,1,"CSTF2T"
0.0451956856148661,-0.864959649158117,0.061,0.137,1,"PPRC1"
0.151136481143256,0.864805875929229,0.131,0.087,1,"DENND4B"
0.00825062097423573,0.864771239428607,0.182,0.09,1,"TRGV2"
0.00208488934488288,-0.864025784125417,0.465,0.578,1,"CCR7"
0.0206012142681624,0.863885442505386,0.242,0.153,1,"TRAF6"
0.0931571619128298,0.863668818849619,0.162,0.106,1,"IKBKB"
0.00347789964733689,-0.863420973606335,0.253,0.42,1,"MAML2"
0.0625358494772887,-0.86339829839881,0.051,0.113,1,"MFHAS1"
0.0353561195676532,0.862610940045651,0.222,0.149,1,"DENND2D"
0.0715719836481273,0.862534718066776,0.141,0.085,1,"ENSG00000270240"
0.00106246341577564,0.862495082230623,0.354,0.21,1,"RHOC"
0.00052562457630682,0.86178768525467,0.465,0.316,1,"BIN2"
0.0333036657518145,0.860953079858754,0.222,0.149,1,"ATG101"
0.0603664297388433,0.860577827798067,0.182,0.116,1,"SLC35A3"
0.0922176497554002,-0.860485718353074,0.111,0.179,1,"COMMD5"
0.183108223476398,0.859187744456169,0.141,0.104,1,"NADSYN1"
6.19543724042136e-05,0.85730813079878,0.606,0.422,1,"PCED1B"
0.0288984770056817,0.8570958570586,0.172,0.097,1,"TIMMDC1"
0.372634363110112,0.856810860803134,0.101,0.078,1,"ARL17B"
0.212078833668359,-0.854196613820858,0.071,0.113,1,"PPM1L"
0.186298809862551,0.852991394567898,0.162,0.12,1,"PWWP2A"
0.116356746394356,-0.852797176196793,0.101,0.165,1,"ENSG00000272256"
0.0414608393984114,0.852510646315104,0.192,0.12,1,"ENSG00000290832"
0.0270526782316701,-0.851233776483157,0.172,0.283,1,"ASMTL"
0.0297643991187001,0.850608719696436,0.192,0.113,1,"SLC2A1"
0.334704266921456,0.850103316822238,0.131,0.104,1,"QTRT1"
0.0909400397626511,0.848554032213367,0.343,0.288,1,"DCAF7"
0.027846126066697,0.848367311337872,0.162,0.09,1,"TBC1D19"
0.123021126306677,0.848308100736897,0.182,0.13,1,"MRPL58"
0.0127010513982145,0.848115338258967,0.242,0.151,1,"ASB8"
0.00219947628249939,0.847494822853886,0.434,0.307,1,"CCPG1"
0.0430153329841486,-0.847010571417508,0.091,0.175,1,"DCAF13"
0.0238354429576546,0.846937254789698,0.192,0.111,1,"NOP14-AS1"
0.0874763319389979,0.846263712642187,0.101,0.054,1,"ST3GAL3"
0.0625710514658047,0.845707205103715,0.111,0.059,1,"CYRIA"
0.237524210431327,0.845453579422914,0.131,0.097,1,"METTL15"
0.0197584321654728,0.845233325632382,0.152,0.075,1,"PIGH"
0.0788585088170972,-0.844944263560373,0.071,0.137,1,"LRRC40"
0.00570482535941019,0.844154940309311,0.354,0.241,1,"LAG3"
0.150975516450995,0.843476058703419,0.182,0.134,1,"MINK1"
0.364802233871971,0.842262648402751,0.111,0.087,1,"TYW5"
0.0894381561119518,-0.841973276831278,0.081,0.149,1,"SEC24A"
0.260832058473606,0.841882179130679,0.101,0.071,1,"PBX2"
0.176696260215813,0.841450803732456,0.152,0.108,1,"TP53I13"
0.305881846305766,0.840274066861227,0.131,0.101,1,"MTMR12"
0.0394872187175101,-0.839129077315333,0.081,0.165,1,"SLC25A46"
0.0100864691291122,0.838997854839668,0.222,0.125,1,"STARD3NL"
0.0153969075917971,-0.838045743577856,0.101,0.215,1,"LPIN1"
0.0618248391188933,0.837708398200163,0.293,0.229,1,"CDC5L"
0.00918380845059317,0.836265429841253,0.242,0.142,1,"MED21"
0.0207431814661551,0.836026038570037,0.222,0.137,1,"UNC50"
0.0145943565089501,-0.83597066293997,0.253,0.384,1,"SNHG5"
0.0152441545647363,0.83467199174691,0.283,0.193,1,"ZNF335"
0.000142643467969902,0.834508226066676,0.414,0.236,1,"PTPRE"
0.0883099053075531,0.833321578625333,0.182,0.123,1,"BCAP29"
0.178307863030058,0.833038012485606,0.121,0.083,1,"ABHD2"
0.0177544458451007,-0.832577251297044,0.212,0.342,1,"NUFIP2"
0.00971085874254246,0.832243791315909,0.364,0.255,1,"STX11"
0.139723126796326,0.831745645783528,0.101,0.061,1,"ERFL"
0.0713501424859996,0.831685232220471,0.242,0.182,1,"TMEM70"
0.00935481275423821,-0.830751088727272,0.182,0.328,1,"UBAP1"
0.19464260641734,0.830705020528147,0.111,0.073,1,"TESK1"
0.0855015147243438,0.830289088795772,0.242,0.182,1,"HSD17B11"
0.0228089584674904,0.82958309997548,0.182,0.101,1,"CENPF"
0.575698332353318,0.828703121394458,0.101,0.09,1,"ZNF121"
0.0189073343909992,-0.82818108656718,0.061,0.156,1,"RRP8"
0.408051231146593,0.827976813591916,0.121,0.099,1,"PPP2CB"
0.0641400744669658,0.827562320728298,0.141,0.083,1,"DUSP22"
0.293617027610462,0.82712253820635,0.111,0.083,1,"NVL"
0.093781461751653,0.827093779336641,0.131,0.08,1,"THSD4-AS1"
0.191435057056707,-0.82621130420418,0.141,0.196,1,"SESN3"
0.0341116092542538,-0.825950137669773,0.182,0.29,1,"STXBP3"
0.0446934646507586,0.825720850526027,0.232,0.165,1,"BCL10"
0.189687929747203,0.824580107065735,0.141,0.101,1,"CANT1"
0.211541858927057,0.824081950599681,0.162,0.123,1,"SENP1"
0.0475743964663192,-0.823847410644134,0.091,0.177,1,"CCDC57"
0.120697699724544,-0.823124406273816,0.061,0.113,1,"MAIP1"
0.23137343840213,0.822953606216606,0.101,0.068,1,"ZNF808"
0.412025482695178,0.821824021618043,0.121,0.099,1,"PLSCR1"
0.00768993547684549,0.821784652063763,0.313,0.203,1,"SBF1"
0.273967351388789,0.821600565351729,0.101,0.071,1,"ABCA5"
0.23478952403473,0.820847945716427,0.162,0.125,1,"FBXW4"
0.358790301981508,0.820354349702918,0.101,0.075,1,"CEP295"
0.263825052022587,0.820213214390321,0.182,0.146,1,"BBS9"
0.191306556454685,0.819957504197503,0.141,0.101,1,"HOXB2"
0.0115777491758145,0.819803018338375,0.111,0.045,1,"PDGFD"
0.0220287928642233,0.819791792756118,0.182,0.101,1,"EDC4"
0.0793391925868508,-0.819412787618194,0.091,0.163,1,"LCLAT1"
0.0124793837825405,0.819407078803602,0.263,0.167,1,"ZCCHC17"
0.00538641346730408,-0.819402319149837,0.192,0.349,1,"ALG13"
0.105947793894037,-0.819388681817432,0.061,0.12,1,"MTRF1L"
0.0363424097024266,0.819173296105618,0.192,0.113,1,"GIPR"
0.124104354474801,-0.819102186812804,0.091,0.149,1,"HOOK2"
0.00399989365301278,0.819017934534034,0.444,0.342,1,"TRAC"
0.233275649931325,0.818111366490307,0.101,0.068,1,"HENMT1"
0.0347092855549201,-0.816720292442327,0.081,0.172,1,"BUD13"
0.052240537710492,-0.815314479224401,0.051,0.12,1,"AUH"
0.169688021124186,0.814474783749811,0.111,0.071,1,"HCG17"
0.0218357464532677,0.814343805748259,0.242,0.153,1,"PERP"
0.13707720810924,0.814110635902324,0.121,0.078,1,"DONSON"
0.0397532970510253,0.813951930956494,0.172,0.101,1,"TRAV8-4"
0.00857878322553255,-0.813937255577279,0.323,0.474,1,"H1-4"
0.338753578261577,0.813351227313564,0.111,0.085,1,"GFER"
0.0188872188200683,0.813065992710945,0.253,0.16,1,"MRPS34"
0.0180099180016841,-0.812783657274263,0.121,0.236,1,"SLC25A36"
0.00460997202789677,0.812350596370869,0.556,0.467,1,"BRD4"
0.242566884489448,-0.812323944511903,0.081,0.12,1,"LDLR"
0.0438204206291941,-0.811949058809777,0.061,0.137,1,"TM2D1"
0.0453821096272102,0.811381276542427,0.323,0.248,1,"GBP4"
0.153552979781384,0.810170250424706,0.131,0.09,1,"TTC5"
0.0739873382083003,-0.80931336520438,0.071,0.139,1,"COMMD7"
0.505849246204939,0.808002513830201,0.101,0.085,1,"SETDB1"
0.171215810690754,-0.807284501902601,0.081,0.132,1,"CSRP1"
0.0135037406605738,-0.80681449248686,0.283,0.415,1,"ZEB1"
0.145507561364487,0.806697683606993,0.273,0.224,1,"FAS"
0.189227301031795,0.806684158509953,0.141,0.101,1,"DMWD"
0.0135849538592447,-0.806495629967618,0.04,0.127,1,"ACTN1"
0.238795325382735,0.806326470985095,0.172,0.134,1,"WDR89"
0.106077955320196,0.806207773381927,0.172,0.118,1,"DNAJB2"
0.00530390012155683,0.805245503403933,0.273,0.16,1,"RBM10"
0.0278615280956361,0.804360771849296,0.293,0.215,1,"PKN1"
0.0845539789428108,0.804295157857398,0.141,0.087,1,"TMEM216"
0.0602626883758395,-0.803640833207616,0.061,0.132,1,"ZCRB1"
0.195196017636937,0.802981113674056,0.121,0.083,1,"RFXANK"
0.052857164013718,-0.801269584982628,0.141,0.229,1,"LONP2"
0.0734536673535972,-0.80061333215843,0.192,0.278,1,"NDEL1"
0.0396828981619787,-0.799666398401907,0.111,0.208,1,"ERCC1"
0.102833763001959,0.799472774883577,0.162,0.106,1,"C5orf22"
0.0930706728387015,-0.799429993084132,0.081,0.146,1,"DYRK1B"
0.0353978990163396,0.79881269090715,0.323,0.248,1,"CREB1"
0.0936380870665869,0.796775358881275,0.283,0.231,1,"PHAX"
0.206535529303524,0.795212945636518,0.121,0.085,1,"COG8"
0.00888960859137221,-0.794963286884281,0.545,0.667,1,"UCP2"
0.622050419368795,0.794899943918966,0.111,0.099,1,"SUMF1"
0.00167076533105628,-0.79447531840517,0.303,0.493,1,"FLT3LG"
0.000502444899567861,0.794274662288866,0.475,0.311,1,"MGAT1"
0.0447428727300319,0.792037226027356,0.141,0.078,1,"PIK3AP1"
0.140986813833866,0.791950790937822,0.141,0.094,1,"SLC2A13"
0.0198280972565096,0.789828802841384,0.354,0.25,1,"IER5L"
0.168015706564583,0.788711158779143,0.172,0.125,1,"ATP13A1"
0.0203544924801325,0.788215530270161,0.242,0.151,1,"CUEDC2"
0.328091225775592,0.787881420669949,0.141,0.111,1,"POLR1F"
0.127618175143128,0.787532617330438,0.202,0.151,1,"IRAK4"
0.208311104506323,0.787457580287517,0.131,0.092,1,"CEP162"
0.391438238917887,0.78740943052526,0.172,0.151,1,"CRCP"
0.0464183573330153,0.787136991891049,0.222,0.149,1,"GDAP2"
0.0707838091771373,0.787061229504783,0.242,0.177,1,"APPL1"
0.131739869951361,0.786382590912676,0.242,0.193,1,"SOAT1"
0.0318454690158006,0.78517148742891,0.202,0.123,1,"CHCHD1"
0.0342863512404197,0.785165854025612,0.313,0.224,1,"DOCK2"
0.208368510001033,0.785069156984358,0.101,0.066,1,"ABAT"
0.169728785359266,0.784450568456993,0.182,0.134,1,"HAUS2"
0.111588466396741,0.783745328828723,0.141,0.09,1,"STAG3L4"
0.00460379032108122,-0.782834402355234,0.131,0.283,1,"PELI1"
0.156302909422867,0.782508770189381,0.162,0.113,1,"CENATAC"
0.0336237525756178,0.781929323322895,0.232,0.151,1,"PRPSAP1"
0.122326218999425,-0.781047503897547,0.081,0.142,1,"TP53RK"
0.215211119620451,0.780751005106912,0.202,0.165,1,"NUBP2"
0.0781130248109373,0.780249493744627,0.202,0.139,1,"CCNQ"
0.0143529662635472,0.779926660080019,0.212,0.118,1,"CDHR3"
0.0472087715229088,0.779867758062357,0.172,0.104,1,"TAX1BP3"
0.00769014881363049,0.778604074467444,0.374,0.264,1,"BATF"
0.0237991120354232,0.777896594080045,0.303,0.215,1,"CXXC1"
0.389802237547324,0.777708550898619,0.212,0.196,1,"USE1"
0.157482924462975,0.777342276138179,0.283,0.226,1,"ITGAV"
0.219703019050734,-0.777221176100729,0.061,0.101,1,"KIAA0586"
0.154881663825678,0.77700412719786,0.131,0.087,1,"PUSL1"
0.16670981814438,-0.776314314617172,0.101,0.156,1,"BRD9"
0.0907726122995948,0.775829542211535,0.101,0.054,1,"PDLIM1"
0.0411124889727533,-0.775145681360657,0.101,0.189,1,"TMEM33"
0.00783033620349865,-0.775059587161854,0.192,0.337,1,"TBL1X"
0.171439982275227,0.774739344688113,0.101,0.064,1,"ACOT9"
0.0650127396839554,-0.774447260044266,0.141,0.229,1,"WDFY2"
0.115928737085075,0.774312214057968,0.202,0.151,1,"NUDCD2"
0.154631229886613,0.774024702635032,0.141,0.097,1,"SLC23A2"
0.0866994034120424,0.771652414277763,0.192,0.13,1,"NCSTN"
0.0521621795211462,-0.770913101933945,0.04,0.106,1,"NBPF12"
0.3254582884517,0.770619411321711,0.131,0.101,1,"KIZ"
0.312414977430878,-0.770318247417134,0.121,0.156,1,"PLCL1"
0.0180397269298906,0.769931264510316,0.273,0.182,1,"DHX29"
0.0520059138216891,0.769635842249909,0.242,0.17,1,"CRIPT"
0.0315172235154573,-0.769204715344389,0.121,0.226,1,"ENSG00000284707"
0.0754705600323563,0.76902191076318,0.192,0.127,1,"TSNAX"
0.0764407443940511,0.768939286301975,0.222,0.16,1,"CTSA"
0.0290409501939078,0.768822694093645,0.273,0.189,1,"CCDC28A"
0.236265140643737,0.768671607775931,0.182,0.144,1,"EIF2B5"
0.0784266499315083,0.768656265117641,0.131,0.078,1,"TP53INP2"
0.00341494501039989,-0.767693659328942,0.283,0.453,1,"DOCK10"
0.0415880763613805,-0.767171572396807,0.152,0.252,1,"ETV6"
0.000184976005343407,0.766468359946454,0.566,0.38,1,"SAMD3"
0.134314523295844,-0.765946912051599,0.061,0.113,1,"ATIC"
0.089038722027446,-0.765530036516359,0.071,0.134,1,"ZNF330"
0.0032343584071181,-0.76521453073884,0.273,0.448,1,"TNFAIP8"
0.00868692449034357,0.763809424832712,0.404,0.307,1,"CHD8"
0.163375286152404,0.763475697552935,0.111,0.071,1,"PRIM2"
0.116349130944313,0.763462560934772,0.172,0.118,1,"VPS35L"
0.0461063141887855,0.763240965399005,0.293,0.212,1,"HECA"
0.164678108594982,-0.763238931845306,0.071,0.12,1,"IL12RB1"
0.0521063320766169,0.762687423775608,0.192,0.125,1,"ARMC1"
0.111228692130604,0.762068219811586,0.162,0.108,1,"LIPA"
0.0221802026917416,-0.761713750171853,0.121,0.226,1,"SIK1"
0.0355727273746676,-0.761708549872509,0.091,0.184,1,"ZCCHC2"
0.0371137239451941,0.760297897712532,0.232,0.158,1,"TBC1D20"
0.109983419989587,0.759625945886114,0.172,0.118,1,"WRAP73"
0.154229672413878,0.758596064288392,0.141,0.097,1,"FAM110A"
0.0712280692201839,-0.758473218458106,0.061,0.127,1,"IFT20"
0.149959368910487,0.757821843629251,0.162,0.113,1,"UFSP2"
0.144345454095128,-0.757410540507961,0.061,0.111,1,"ANKRD26"
0.0430083643184842,-0.757040402766846,0.051,0.125,1,"FLNB"
0.0232714736679665,0.756566416727646,0.414,0.347,1,"KDELR2"
0.025680908853944,0.756084535132921,0.263,0.177,1,"NAA60"
0.0747769734040653,0.756012530250183,0.222,0.16,1,"TOR1AIP2"
0.0278106681057181,-0.755735162764432,0.162,0.274,1,"RABGGTB"
0.012653058774744,0.754955598825471,0.273,0.165,1,"SASH3"
0.471630843463245,-0.754872626829206,0.293,0.316,1,"CHMP1B"
0.344478118873681,0.754822473895311,0.141,0.113,1,"ANAPC4"
0.0743435874436383,0.75413272980854,0.202,0.134,1,"SLAMF7"
0.089044776664545,0.754011884216592,0.141,0.087,1,"MUTYH"
0.0831224950894722,-0.753443199884097,0.101,0.177,1,"RRP12"
0.100668000512603,0.7528935311591,0.141,0.087,1,"HLTF"
0.0395936738552889,0.752454824285027,0.253,0.167,1,"ENSG00000291100"
0.0429537164592907,-0.752242102985738,0.101,0.193,1,"KLHL7"
0.327951958501183,0.751753346265911,0.141,0.113,1,"ATP7A"
0.700256936618101,0.751711850800934,0.111,0.104,1,"MCTS1"
0.150602207127474,0.751484340034126,0.121,0.078,1,"DVL2"
0.355214612402145,0.751264765568661,0.152,0.125,1,"TBC1D9B"
0.00689767278089956,0.750577986298094,0.263,0.146,1,"TSPOAP1-AS1"
0.0795142029147758,0.750069803105787,0.212,0.149,1,"SLC39A6"
0.148996894688837,0.74997275884868,0.172,0.118,1,"ANKRD52"
0.163047255264509,0.749077184599259,0.152,0.106,1,"ERCC3"
0.177121134249926,0.748899968593695,0.152,0.108,1,"RNF146"
0.0835407634771691,-0.748778315841852,0.051,0.111,1,"COA5"
0.000428289230849253,0.74831606902912,0.535,0.373,1,"APLP2"
0.0403672936890023,0.747912129274341,0.232,0.153,1,"IPO4"
0.0518214129026186,0.747704701923172,0.222,0.153,1,"RDH11"
0.0339490623557689,0.747638102216569,0.323,0.243,1,"C1D"
0.0168877355983117,-0.747577659974062,0.121,0.238,1,"RFX7"
0.00845516029934405,0.747184495106819,0.455,0.356,1,"CCNDBP1"
0.195289624667155,-0.747091258447479,0.061,0.104,1,"DDX20"
0.11748094249275,-0.746838257738318,0.172,0.243,1,"MIR23AHG"
0.0720631656727468,0.746482725315653,0.121,0.068,1,"ENSG00000283674"
0.0509873274542704,0.745770157020536,0.253,0.182,1,"SMAD7"
0.117468444088343,0.74559547504662,0.141,0.09,1,"NOCT"
0.693144390780072,0.745424790117498,0.152,0.182,1,"H2AX"
0.481024228484002,0.744551245203906,0.101,0.083,1,"LRCH4"
0.117109439848351,-0.744254998395307,0.051,0.104,1,"TRAFD1"
0.00543367480753553,-0.744082943706261,0.303,0.46,1,"FKBP1A"
0.0283980773385432,-0.743667473755252,0.121,0.219,1,"ARF3"
0.282366781798357,0.743444157391334,0.121,0.09,1,"FBXO8"
0.135839704600358,-0.743400775362954,0.071,0.127,1,"MARCHF8"
0.00236109251964417,-0.742955658863955,0.253,0.434,1,"ZNF267"
0.115424011383305,0.742582752843519,0.162,0.108,1,"TSPAN5"
0.269771364308928,0.741777324429201,0.101,0.071,1,"CLN3"
0.00375731171725112,0.741549631001521,0.303,0.175,1,"TOX"
0.111168094066249,-0.741292510690417,0.061,0.118,1,"RIN3"
0.101027938438576,-0.740841842578421,0.061,0.12,1,"ZNF84"
0.117158782302735,-0.740520793966175,0.091,0.153,1,"TMEM219"
0.0217626257582964,0.74025992825734,0.323,0.231,1,"RRBP1"
0.0211411599168347,-0.740190320601334,0.242,0.363,1,"RNF145"
0.25930682209909,0.739850842447552,0.172,0.134,1,"APPBP2"
0.00292788177076634,0.738318243707162,0.303,0.175,1,"TRGC2"
0.0805382512850318,-0.737623823779956,0.051,0.111,1,"PINX1"
0.114798436216067,-0.737328165536784,0.121,0.191,1,"MAN1A1"
0.167414240336223,-0.737090395239092,0.061,0.108,1,"FLYWCH2"
0.100465356912249,0.736663016312524,0.242,0.177,1,"MX2"
0.000463863849636974,0.736645809067052,0.505,0.351,1,"FDX1"
0.212792393481681,-0.736446685805043,0.091,0.137,1,"SCFD2"
0.104228433379751,-0.736216220479768,0.071,0.132,1,"METAP1"
0.301476226982613,0.73588141635104,0.101,0.073,1,"SLC39A1"
0.0861477432544101,0.734822632595247,0.162,0.106,1,"INO80C"
0.439138510262765,0.734692465496779,0.111,0.09,1,"URGCP"
0.186708809957146,0.733744071992734,0.141,0.101,1,"LETM1"
0.239664005087632,0.733458261678413,0.232,0.198,1,"ELL"
0.114514695915875,-0.732350447818698,0.071,0.13,1,"WDR19"
0.00165638250990671,0.730191212605183,0.364,0.222,1,"NSF"
0.0329595865459719,-0.73016588633744,0.04,0.116,1,"KRBOX4"
0.204432354808154,0.730075354646281,0.152,0.111,1,"ZNF420"
0.267628468683128,0.729889019022476,0.222,0.196,1,"GNL2"
0.0229332353203076,-0.729799621072572,0.253,0.373,1,"IL4R"
0.0735931227497618,-0.729749198179355,0.051,0.113,1,"MRGBP"
0.218319925476341,0.729365489563406,0.232,0.193,1,"GTF2I"
0.162250422280156,0.729324788052248,0.141,0.099,1,"DNAJC13"
0.0258984900923816,-0.72923194399512,0.283,0.406,1,"BCL2"
0.000879393268826495,0.72919945588151,0.535,0.384,1,"PPP1R14B"
0.0383970893108131,0.728577015593235,0.202,0.125,1,"BROX"
0.182910685450649,-0.728386948269087,0.364,0.425,1,"UBE2S"
0.0024087715272126,-0.728348472406355,0.293,0.491,1,"CSRNP1"
6.36366947063323e-05,0.727333378361157,0.778,0.656,1,"SH2D2A"
0.373755576708052,0.72707594857157,0.101,0.075,1,"MGME1"
0.188105236642802,0.726412915494072,0.121,0.083,1,"PARP11"
0.0555574220206662,0.72630197230737,0.303,0.231,1,"MSL2"
0.221354279070858,-0.725844364079802,0.061,0.101,1,"NARS2"
0.011558648756984,0.72539117121232,0.293,0.186,1,"GLTP"
0.0514160352076584,0.724655237887461,0.384,0.318,1,"COX16"
0.0654446912517929,0.724326339175317,0.313,0.245,1,"ACD"
0.183877841267587,0.723929408893305,0.232,0.191,1,"KRIT1"
0.238352419931391,0.723866945892521,0.111,0.078,1,"OARD1"
0.26493012367344,0.723217516005328,0.121,0.087,1,"PMVK"
0.00523563429554078,0.722963321992016,0.313,0.191,1,"GCHFR"
0.145494811936041,-0.722652049731745,0.071,0.125,1,"BOLA2"
0.123319215063597,0.721658686898286,0.182,0.13,1,"AGPS"
0.0407339522838375,-0.721624813842016,0.111,0.208,1,"LARP7"
0.307530222859016,0.721093793138831,0.152,0.12,1,"HPS6"
0.011494112708037,0.721066913531894,0.303,0.198,1,"ECHDC1"
0.335324980768036,0.720979616852261,0.152,0.12,1,"APTX"
0.150889675317442,0.720138026527029,0.182,0.132,1,"ZNF600"
0.0505938507431899,-0.71955519437484,0.051,0.12,1,"GTPBP10"
0.304208695174297,0.719461115148992,0.121,0.092,1,"BORCS6"
0.166928964142102,-0.719037119314988,0.172,0.238,1,"TUBB2A"
0.278918709291413,0.718843064937123,0.101,0.071,1,"ZNF322"
0.0687108169524762,0.717990351935021,0.172,0.106,1,"TADA3"
0.233522336881117,-0.717864010760883,0.081,0.123,1,"MPPE1"
0.031667161758127,0.717383334782764,0.232,0.153,1,"OSTM1"
0.151315031375253,0.717078340447656,0.172,0.123,1,"PMM2"
0.591950880889565,0.716810772421714,0.101,0.087,1,"PRDX4"
0.153357607988847,-0.716445020569395,0.131,0.193,1,"NEDD9"
0.0212888077690877,-0.716238424035892,0.071,0.165,1,"ADCY7"
0.330196521061162,0.716085243645301,0.121,0.094,1,"ZNF652"
0.0726276374875216,-0.715880639448827,0.182,0.274,1,"ZC3H12D"
0.0135618777904042,-0.715548633293557,0.131,0.257,1,"PRDX2"
0.00763633324416748,0.715249132381359,0.475,0.335,1,"CTSC"
0.149956406588888,0.714914557768179,0.121,0.078,1,"SLAIN1"
0.0450720907834953,0.714801587665442,0.303,0.229,1,"WDR45"
0.393895312567256,0.714538394910508,0.162,0.137,1,"MRPL11"
0.123140385968501,0.714457924011412,0.162,0.111,1,"ZNF493"
0.0327665151032802,0.713684589325212,0.253,0.17,1,"PPIH"
0.02376054514011,-0.713680481472286,0.051,0.137,1,"TMEM184C"
0.000844071419569513,0.713522467437527,0.566,0.415,1,"LCP2"
0.171479292936743,0.713132316495541,0.121,0.08,1,"LY75"
0.190704992303575,-0.713018319223087,0.081,0.127,1,"GOLGA8A"
0.0971176979282727,-0.71301048508702,0.121,0.193,1,"RAP2C"
0.0768918037794845,-0.712494659486059,0.081,0.153,1,"ID3"
0.165336578950487,0.712350954539104,0.172,0.125,1,"MAP3K4"
0.00954244732410028,-0.712294515794655,0.121,0.248,1,"DDX27"
0.117436272940197,0.712240401921721,0.182,0.125,1,"DAP"
0.139749709766039,-0.710759653806494,0.061,0.111,1,"DENND5A"
0.0389363117235472,-0.710496570405864,0.182,0.29,1,"WDR48"
0.20308434946348,0.710103386970887,0.152,0.108,1,"TJAP1"
0.0206666010429297,0.709936463348085,0.293,0.203,1,"GALM"
0.130415674272964,-0.709914732776799,0.101,0.165,1,"RARS1"
0.0631171554257597,0.708846686901715,0.323,0.259,1,"GTDC1"
0.00845270108961913,0.707896880746704,0.475,0.349,1,"C12orf75"
0.00276201667680783,-0.707828141447405,0.515,0.644,1,"USP3"
0.0598771497423214,0.707575742428129,0.232,0.16,1,"RNF187"
0.131007258694202,-0.707341808706652,0.081,0.137,1,"APPL2"
0.0730270412666824,0.70729430210813,0.222,0.156,1,"SRSF8"
0.0656950268968192,-0.706891644510697,0.152,0.245,1,"MRPS35"
0.0415150234339716,0.706833515701702,0.222,0.146,1,"WWP1"
0.13719803414927,-0.706213475271021,0.131,0.196,1,"ZCCHC10"
0.316180576193332,-0.705765185629101,0.071,0.104,1,"SQLE"
0.136850566711533,0.705291653401978,0.202,0.149,1,"VPS8"
0.0775373248806082,-0.70512215083601,0.051,0.113,1,"PRMT9"
0.0900185178964728,-0.705042307819553,0.071,0.134,1,"PLPP5"
0.000711496102727913,-0.704961457103098,0.444,0.639,1,"PDE4B"
0.176663257366279,-0.704921724243897,0.071,0.118,1,"TFDP1"
0.0996784325485457,0.70478461892519,0.232,0.17,1,"ITGB1BP1"
0.0717610178641532,0.704006273809901,0.162,0.101,1,"POP5"
0.109448564645508,-0.702441534077469,0.111,0.179,1,"SKIC3"
0.132302997472196,0.702261215742975,0.202,0.146,1,"SBNO2"
0.138430141472132,0.701602189740365,0.182,0.127,1,"AMFR"
0.297857734015733,0.700768811762857,0.111,0.08,1,"TMEM184B"
0.147865715869203,0.700663552511886,0.131,0.087,1,"ARMCX6"
0.0206084303579933,-0.700573988800984,0.162,0.278,1,"RIF1"
0.0499335232194053,-0.700314597464424,0.121,0.219,1,"NAA16"
0.0122388343071389,0.699021725046025,0.293,0.184,1,"PLEK"
0.561368481533716,0.69898692107382,0.162,0.151,1,"STIM1"
0.0209992141183069,0.698444003633156,0.253,0.158,1,"DNTTIP1"
0.00014014676608566,-0.698373140178802,0.535,0.705,1,"EIF3E"
0.0552745284354603,0.698371593625008,0.222,0.153,1,"GPR89B"
0.213029197353479,0.698009289251742,0.141,0.101,1,"RBMX2"
0.0922115334757855,0.697819109377458,0.263,0.203,1,"LSG1"
0.0187947091944921,0.697357702986213,0.273,0.184,1,"TIMM17B"
0.000919512828089228,0.696949325893156,0.475,0.335,1,"SPATA13"
0.0913611768283317,-0.696474791981001,0.051,0.108,1,"GMDS-DT"
0.385444596052958,0.696455743166848,0.111,0.087,1,"LINC00963"
0.0422224218943248,0.696387421795024,0.374,0.307,1,"SMURF2"
0.0951166463406121,0.696178141080516,0.343,0.288,1,"CD63"
0.0243120264955273,0.69590203529103,0.384,0.295,1,"CIAO1"
0.284084181424742,0.695405218896689,0.242,0.21,1,"IAH1"
0.176453148998072,-0.695181798429407,0.061,0.106,1,"CEP170"
0.0603442351787741,0.694923070449632,0.212,0.142,1,"TMEM115"
0.0580787976864135,-0.694638963441883,0.141,0.233,1,"SERTAD1"
0.117396862994107,0.694488064147126,0.343,0.283,1,"VAV3"
0.252059993636735,0.694320482016467,0.111,0.078,1,"NABP2"
0.000460079607521973,0.694298553941353,0.596,0.42,1,"C1orf21"
0.53262432920354,0.694260626955855,0.121,0.106,1,"NUDT22"
0.311707938859196,0.694251868368231,0.162,0.127,1,"GPKOW"
0.462852502932064,0.693003138945037,0.172,0.153,1,"SIDT1"
0.73973881764026,0.692629664444693,0.101,0.097,1,"MAP3K11"
0.00139304742636126,0.691572222295674,0.545,0.422,1,"RASAL3"
0.603796523315607,0.691370826414059,0.121,0.108,1,"GKAP1"
0.030614934295802,0.690952514293887,0.273,0.186,1,"ZNF831"
0.162681516930335,-0.689969933044395,0.101,0.156,1,"UTP18"
0.114433443136321,-0.689818452274345,0.081,0.142,1,"CNOT11"
0.148696150099217,0.689750461564519,0.141,0.094,1,"ELP3"
0.093431424904766,0.689734490980608,0.202,0.142,1,"FARSA"
0.00890508886090877,0.689350194778045,0.343,0.238,1,"PSMC2"
0.242704913256832,0.688032653613737,0.172,0.134,1,"GBP3"
0.423875526606131,0.68791428738043,0.121,0.097,1,"EZH2"
0.0601424691694688,-0.687616819581716,0.091,0.172,1,"BTG1-DT"
0.0154269968435359,0.687182369376107,0.384,0.288,1,"DCTN3"
0.0795028269245677,-0.686959304569978,0.081,0.151,1,"MRPS33"
0.226864965120342,0.686250929753886,0.172,0.134,1,"MGRN1"
0.227998690170897,0.685754698017582,0.111,0.075,1,"TDRD3"
0.169891794018322,0.685520286568348,0.263,0.217,1,"MATK"
0.127360653160191,-0.685415063485034,0.071,0.127,1,"ZNF83"
0.190935876811621,0.684793588718766,0.263,0.219,1,"TPRG1L"
0.0612134752373918,0.684736539017023,0.232,0.167,1,"GPS1"
0.215817643034439,0.684130967053101,0.172,0.134,1,"CEP104"
0.140233099686803,0.684093759032665,0.141,0.094,1,"DMAP1"
0.0927401165909815,0.683592617125188,0.273,0.208,1,"NIPA2"
0.00758519413865071,-0.683375180777382,0.242,0.399,1,"PHF20"
0.0849701069619467,0.68315881418823,0.172,0.113,1,"TIMM23B"
0.0900990180805744,0.682615578227178,0.162,0.106,1,"WASHC5"
0.0507980511478839,0.68257902679976,0.202,0.127,1,"FOXO3"
0.156506172347651,0.682575369810741,0.152,0.106,1,"ANAPC13"
0.118446432919188,0.682504445960717,0.253,0.205,1,"RBM15B"
0.216157443392829,0.681658210969627,0.253,0.21,1,"TMX1"
0.00174057279464499,0.681636464186361,0.404,0.264,1,"NSFL1C"
0.023987956815078,0.680653838965306,0.111,0.05,1,"FEZ1"
0.0420175544215904,0.680650368442723,0.253,0.167,1,"TOPBP1"
0.0639048929041753,-0.680248788022558,0.081,0.16,1,"BNIP3"
0.175969571615363,-0.680048027111292,0.111,0.165,1,"LARS1"
0.0215938590427293,-0.679485363806011,0.101,0.212,1,"WDR44"
0.0675150223263887,0.679328824372958,0.242,0.172,1,"SLC16A1"
0.0586212506579517,-0.679324387712173,0.091,0.167,1,"PIM2"
0.0966668937725521,-0.677854686007322,0.091,0.158,1,"ZNF675"
0.0200639426884979,0.677712423751782,0.323,0.231,1,"DGKZ"
0.369699912754561,0.677178475276089,0.121,0.097,1,"HMG20A"
0.171504427376583,0.676622208296857,0.162,0.118,1,"PSME3IP1"
0.111381819564433,0.676605954261432,0.202,0.144,1,"UTP23"
0.0123824411559983,-0.676561900784223,0.131,0.257,1,"UAP1"
0.433401283983007,0.676305150067452,0.293,0.262,1,"HSPA1B"
0.164659541113704,0.675836034922495,0.121,0.078,1,"ZBP1"
0.0302179337198392,-0.675701638331458,0.131,0.243,1,"TSPAN2"
0.15025757604127,0.674091947237085,0.141,0.097,1,"PTPN6"
0.222417985259317,-0.67353563115277,0.071,0.113,1,"RPF2"
0.419198455513927,0.6734927821065,0.101,0.08,1,"ZNF408"
0.309441178081297,0.673417095052436,0.141,0.111,1,"SKA2"
0.321269500345074,0.673016226529725,0.162,0.13,1,"ENSG00000231128"
0.104076965495582,0.672577134289249,0.202,0.139,1,"CLIP4"
0.00244991764312013,0.672070904462136,0.545,0.434,1,"MAP2K3"
0.113974360506582,-0.672040550650551,0.061,0.118,1,"BCKDHA"
0.0340392006379702,-0.672000552306557,0.242,0.358,1,"SMNDC1"
0.17229639850263,0.671145707900254,0.152,0.106,1,"TRIM11"
0.274267144296774,-0.670863333932319,0.081,0.12,1,"H2AJ"
0.149764436248516,0.670790277522192,0.202,0.151,1,"DDX23"
0.249527668306094,0.670712300489432,0.111,0.078,1,"GTF3C4"
0.044307246192525,-0.670560756734375,0.172,0.271,1,"MACROH2A1"
0.133908396813672,0.669143742368013,0.101,0.059,1,"FHOD1"
0.207561573516882,0.668758002757384,0.141,0.101,1,"EMC2"
0.849212426406889,0.668624917346552,0.121,0.118,1,"LAS1L"
0.000671318223167438,0.667998010337961,0.414,0.248,1,"LASP1"
0.0881922807123841,-0.667633633604895,0.162,0.252,1,"DNAJC15"
0.0780571011229886,0.667501266183597,0.182,0.12,1,"ZNHIT2"
0.0758928710347213,-0.667242184573446,0.051,0.113,1,"PVT1"
0.145398351668783,0.666585059994046,0.131,0.085,1,"INTS13"
0.103411085600331,0.666548080359382,0.232,0.172,1,"BMS1"
0.13712442751689,0.666528443543651,0.202,0.151,1,"EXT2"
0.00139108972569315,0.666474626655897,0.566,0.417,1,"RAB27A"
0.25954512024942,0.665663108143041,0.182,0.144,1,"TAF1B"
0.00482984107601332,-0.665407143313657,0.313,0.5,1,"YME1L1"
0.0676118684834639,0.664964233241229,0.343,0.295,1,"ZNRF2"
0.451960578205182,0.664712098401573,0.111,0.092,1,"TRUB2"
0.265510999337334,0.664575735569413,0.141,0.106,1,"PTPA"
0.13134386269975,0.664180433245201,0.212,0.165,1,"SELENOO"
0.0487938160775205,-0.664161173370749,0.061,0.137,1,"PEX2"
0.87837302494437,0.663789676775427,0.091,0.104,1,"FEM1B"
0.148659172630996,-0.663741305181323,0.061,0.111,1,"MRPL24"
0.461960741727914,0.663580980229733,0.212,0.205,1,"MCRS1"
0.102943498746094,0.663543924362611,0.313,0.257,1,"FIS1"
0.425408939703808,0.663069602508356,0.101,0.08,1,"TMEM67"
0.538899229243915,0.663038038168452,0.121,0.104,1,"SLC25A24"
0.321579437607269,0.661082847607029,0.141,0.111,1,"TOMM40"
0.00323896490293444,-0.660842672527568,0.293,0.476,1,"SNHG8"
0.121229662355064,0.660714145630647,0.222,0.163,1,"PARP15"
0.217279750523992,0.66026436165256,0.172,0.13,1,"E4F1"
0.00251593895801874,-0.660237757396922,0.242,0.415,1,"ATM"
0.000129403642484105,0.660039683863983,0.616,0.46,1,"LBR"
0.0832740266758349,-0.659339659635031,0.081,0.151,1,"ME2"
0.152150091180203,-0.65899618429784,0.121,0.184,1,"SYTL1"
0.530767267330473,0.658964861070062,0.101,0.087,1,"ZNF383"
0.431351281116509,0.658859055039503,0.131,0.111,1,"TIMM22"
0.361257961385691,0.658497479103965,0.101,0.075,1,"ENSG00000283103"
0.0310915148630095,0.658459330729854,0.323,0.236,1,"MRPL9"
0.235780485809225,0.658107241706966,0.162,0.125,1,"POLR1A"
0.295944059596011,0.657903004831818,0.141,0.108,1,"SETD3"
0.363520887046031,-0.657676791012209,0.081,0.111,1,"MTSS1"
0.106354609741143,-0.65757220043726,0.101,0.17,1,"TOGARAM1"
0.170416354090016,0.657297331118985,0.192,0.146,1,"MOB2"
0.0327935129884358,0.657269270775138,0.343,0.257,1,"YWHAH"
0.0861096487804227,0.656702783777475,0.131,0.078,1,"PRANCR"
0.317550716190809,0.656667635460579,0.152,0.118,1,"SLC25A1"
0.0150383037386597,0.655808711799761,0.424,0.297,1,"B3GNT2"
0.146140659655442,-0.654948866864375,0.091,0.149,1,"VHL"
0.273967351388789,0.654921048314613,0.101,0.071,1,"CDC23"
0.370545013058355,0.654716308651931,0.152,0.125,1,"ZNF574"
0.159301393255655,-0.654658486801796,0.081,0.134,1,"TAF2"
0.38758969589433,0.654434417284261,0.202,0.182,1,"PTDSS1"
0.184215105711025,-0.654425105050402,0.071,0.118,1,"C8orf33"
0.064231719447824,-0.654351451708524,0.091,0.172,1,"AP1S2"
0.724511562644649,0.654025942332002,0.162,0.16,1,"RAB4B"
0.131078210647595,-0.653977612070911,0.081,0.139,1,"C3orf38"
0.0372868691000475,0.653596992114352,0.273,0.191,1,"GIT2"
0.00518306835176746,0.653363699239744,0.455,0.337,1,"EID1"
0.359126847973631,0.653198470602188,0.172,0.146,1,"DOP1A"
0.0502014082667336,0.653063981273895,0.212,0.139,1,"SPG11"
0.216449568486872,0.652959059188846,0.273,0.238,1,"TM9SF1"
0.0160290401673987,-0.652926969768638,0.152,0.278,1,"FAM118A"
0.14310402432024,0.652798128934642,0.162,0.113,1,"TRAK1"
0.115350831138758,0.652767370473379,0.283,0.231,1,"STK26"
0.073938513172888,0.652519448524337,0.232,0.165,1,"BANP"
0.155073122233417,0.652030144760892,0.232,0.182,1,"ZNHIT1"
0.0524337771132901,-0.651590979645794,0.313,0.41,1,"NFE2L2"
0.189068848029744,0.651582290332278,0.121,0.08,1,"PTGES2"
0.0600991285648011,0.65150159721505,0.263,0.191,1,"PPID"
0.624964435369611,0.650957962386313,0.121,0.106,1,"ENSG00000288528"
0.0545053397775895,-0.650924738003023,0.04,0.106,1,"NBPF8"
0.696394852208768,0.650115737835997,0.101,0.094,1,"ENSG00000291060"
0.356344445124455,0.649686039514665,0.131,0.104,1,"ZC3H3"
0.0424120794475743,0.64959292729713,0.323,0.243,1,"PTK2B"
0.135189544837913,0.649291936409483,0.232,0.184,1,"RNF169"
0.20478052221329,0.649194481389762,0.232,0.198,1,"ZNF410"
0.131168367609462,0.6491553359712,0.242,0.186,1,"SLC30A5"
0.183382085658806,0.648345685463186,0.141,0.097,1,"SHISAL2A"
0.0818628233509904,-0.648218428969388,0.121,0.2,1,"TAF12"
0.298840526890924,0.647128307603573,0.141,0.111,1,"DCAF12"
0.0301221963444119,0.647019647969009,0.242,0.158,1,"YKT6"
0.154903736797234,-0.646989523152691,0.061,0.111,1,"COX11"
0.351942469217505,0.646584494870993,0.182,0.151,1,"KRCC1"
0.27067333717045,0.646313871601417,0.162,0.127,1,"ZNF160"
0.115780074804141,0.646150176694598,0.232,0.175,1,"MRPS12"
0.11843417180315,0.645707118013342,0.172,0.118,1,"RGS19"
0.135684546876952,-0.645624181045903,0.081,0.139,1,"SIMC1"
0.0376705667508704,-0.645104143797626,0.121,0.222,1,"IQCB1"
0.405928813330561,0.645059747765918,0.101,0.078,1,"NHLRC2"
0.175930085589637,0.6442139721293,0.202,0.153,1,"PLEKHF1"
0.213103284604934,0.643240687249227,0.212,0.17,1,"NBN"
0.171928714047327,0.642202558813831,0.131,0.087,1,"NDUFAF6"
0.0473577013360025,0.642156959986225,0.394,0.325,1,"PSMC3"
0.0120726610573241,-0.641803729952977,0.192,0.333,1,"EIF2S1"
0.411228801096394,0.641778668326425,0.121,0.099,1,"ZNF780B"
0.00105451155731126,0.641344721233566,0.576,0.415,1,"SLFN12L"
0.202886354697006,-0.640890920006992,0.061,0.104,1,"TICAM1"
0.129070210743949,0.640864482912942,0.293,0.241,1,"SINHCAF"
0.200750961870922,0.640791479795712,0.141,0.101,1,"ZC3H4"
0.0665784077422105,-0.640653142713055,0.071,0.144,1,"GCN1"
0.193168796556625,0.64062384986194,0.141,0.101,1,"MTERF3"
0.10557605883485,0.64048431015498,0.242,0.184,1,"SPG7"
0.131565869098536,0.640269992888739,0.172,0.118,1,"ZNF92"
0.215498178510151,0.639783088142912,0.212,0.172,1,"SHPRH"
0.0132261236972163,0.639473484014023,0.525,0.439,1,"TCEA1"
0.0192171524418219,0.639126915707372,0.475,0.392,1,"KPNB1"
0.0865067138091044,0.638944377819983,0.263,0.196,1,"ATXN7L1"
0.189698763077682,0.638890148786314,0.242,0.2,1,"MTF2"
0.135171763613426,-0.63862141536058,0.071,0.13,1,"SURF6"
0.198718429304031,-0.638554428500735,0.131,0.184,1,"SNX13"
0.0847099239890605,0.638375373542175,0.172,0.108,1,"ATP6V0A2"
0.000224858090176821,-0.638014248206797,0.525,0.738,1,"PDE3B"
0.0374628517709535,0.637375885921419,0.232,0.146,1,"KIN"
0.463064821149006,0.637134130615206,0.152,0.132,1,"NOL8"
0.311450118951624,0.6369143208665,0.111,0.08,1,"FBXL4"
0.224996262044101,0.636756230991249,0.172,0.134,1,"CGRRF1"
0.121834395576193,0.636634434479688,0.182,0.13,1,"FAF2"
0.0369599518484898,-0.63611843938242,0.152,0.257,1,"TRAK2"
0.176528666578715,-0.635755107646146,0.101,0.156,1,"LRRC8D"
0.172437039922879,-0.635700774988568,0.081,0.132,1,"CCDC25"
0.0134299316243895,-0.635061922289921,0.222,0.37,1,"MACO1"
0.206197374209583,0.634843314991501,0.222,0.179,1,"PPP3CB"
0.0336329151660177,0.634824511339826,0.323,0.241,1,"ESYT1"
0.692385355742903,0.634444086545323,0.131,0.125,1,"RSL1D1-DT"
0.000601922466137214,0.63441423572895,0.606,0.46,1,"ACTN4"
0.637210623194754,0.633874129951893,0.141,0.13,1,"ERN1"
0.078649892363598,0.633640660862713,0.273,0.208,1,"LPCAT1"
0.0144619236479629,-0.633604330090306,0.505,0.646,1,"PRDX1"
0.113413838276822,0.633252833318734,0.273,0.212,1,"PPP6R2"
0.00611255481671038,0.633210980171535,0.576,0.46,1,"PLEKHA2"
0.0394067739247108,-0.633186260640636,0.141,0.252,1,"TRIM26"
0.375704444043185,0.632975551045065,0.141,0.116,1,"GGPS1"
0.365676077728164,0.632962132731301,0.131,0.104,1,"AP3M1"
0.171114735611096,-0.63281757459876,0.101,0.158,1,"KLHL5"
0.487666161221617,0.632468983780855,0.101,0.083,1,"UNC13D"
0.171735686197644,-0.631851788903594,0.081,0.13,1,"GOLGA8B"
0.0401667131777413,-0.631695836060962,0.152,0.257,1,"PIK3C3"
0.430567028781501,0.631670504143518,0.152,0.13,1,"HELQ"
0.00905180592223626,0.631648440162426,0.343,0.222,1,"SKI"
0.431401720847717,0.631600431414741,0.111,0.087,1,"PDHX"
0.0785551291729784,-0.631484894831086,0.313,0.422,1,"ITGB1"
0.021015313325385,0.63135296575318,0.384,0.3,1,"NUMA1"
0.184551520901694,0.63121913979651,0.121,0.08,1,"RPUSD1"
0.117261329463659,-0.630971023156621,0.091,0.156,1,"MRPS23"
0.32170923201554,0.630956795282035,0.232,0.21,1,"COPS4"
0.0323762018163937,-0.630825995141652,0.172,0.29,1,"BTF3L4"
0.0153246286610949,0.63076175923553,0.354,0.243,1,"ANXA6"
0.505976319075564,0.630684565294502,0.111,0.094,1,"ZNF3"
0.00335298154648051,-0.628977624716721,0.253,0.434,1,"PUM1"
0.195012271063092,0.6286485144049,0.253,0.208,1,"ATF6"
0.185572233745145,-0.628441737799046,0.071,0.118,1,"NAAA"
0.456828729431388,0.628097168989585,0.172,0.153,1,"BTRC"
0.324824744200963,0.62790541509701,0.141,0.111,1,"CEP20"
0.15060043754699,0.627894590564936,0.172,0.123,1,"EML3"
0.26493012367344,0.627128000517657,0.121,0.087,1,"AAR2"
0.222538089729504,0.626184491752581,0.152,0.108,1,"PRKD2"
0.0279412152267526,0.626121850632405,0.293,0.196,1,"ST3GAL5"
0.307413520521152,0.625673567804618,0.202,0.172,1,"ENSG00000236449"
0.121607965535382,-0.625100333458201,0.172,0.245,1,"CRY1"
0.359735749057871,0.624902650921421,0.131,0.101,1,"NT5DC1"
0.0956451367698167,0.62458703619234,0.263,0.203,1,"DNAAF2"
0.407508003929483,0.624259919471369,0.152,0.127,1,"COA3"
0.0864509601873428,-0.623781532544161,0.172,0.257,1,"ATG12"
0.0682959595717966,0.623708133047165,0.424,0.354,1,"BCL9L"
0.445217089775791,0.623573997922362,0.162,0.144,1,"TUBGCP2"
0.0502017682510129,0.623188560642615,0.283,0.203,1,"VIRMA"
0.449954439171425,0.623101025692024,0.182,0.165,1,"ZNF791"
0.0372094661169709,0.623069371544201,0.414,0.344,1,"PSMC5"
0.07158754136322,-0.622844972735175,0.152,0.241,1,"DOCK9"
0.163323622958338,0.62267359681646,0.212,0.16,1,"GPR171"
0.206788433977437,-0.62253713860868,0.081,0.127,1,"PPP4R1"
0.112244939070879,0.62252185413052,0.232,0.17,1,"FAM120A"
0.0750283766873202,-0.622228771257474,0.121,0.2,1,"CASK"
0.0611448200955327,0.622062490748404,0.172,0.104,1,"ENSG00000290922"
0.0850143492702921,0.622017545157019,0.222,0.16,1,"RRN3"
0.33131594962536,0.621759659396343,0.101,0.073,1,"UBE2Q2P2"
0.301218152000141,0.621699628279157,0.141,0.108,1,"GEMIN7"
0.00837003342212017,0.621655859381006,0.222,0.113,1,"TRGV9"
0.052008201294783,-0.621067756586413,0.111,0.198,1,"CTNNAL1"
0.0731264318687166,-0.620620184050799,0.091,0.17,1,"LUZP1"
0.143021848702167,0.620252464312193,0.202,0.151,1,"COIL"
0.252462244124694,-0.619665250409096,0.081,0.12,1,"ZNF507"
0.149977065072093,-0.619378662705571,0.071,0.125,1,"ABHD5"
0.577708238161329,0.618008149888268,0.141,0.127,1,"HARS2"
0.0791353422533149,0.617200560528652,0.202,0.137,1,"CAMK2D"
0.107908928083262,0.617171783692896,0.111,0.064,1,"HLCS"
0.255145012717485,-0.616993572658856,0.081,0.123,1,"GALNT7"
0.0375555454783306,-0.616828489387925,0.566,0.639,1,"SLC2A3"
0.292564600183728,0.616642004051992,0.141,0.108,1,"NQO2"
0.0878214060287895,0.615972209884927,0.172,0.108,1,"PHTF1"
0.381928258172944,0.615685862004474,0.192,0.167,1,"SLFN11"
0.0967202921959679,-0.615344506452266,0.091,0.163,1,"ATP6V1C1"
0.00653765958852432,-0.615057923887367,0.354,0.507,1,"GLIPR1"
0.0291855001108662,-0.614489490861853,0.394,0.517,1,"GPCPD1"
0.0126018891251155,0.613587665517957,0.333,0.219,1,"RRP1B"
0.0506788716458124,0.6133801754063,0.333,0.25,1,"POLR2G"
0.0150485682321673,0.613266334928984,0.374,0.264,1,"PHACTR2"
0.14533817108988,0.613181953696503,0.253,0.203,1,"NUMB"
0.000756247560270787,0.613040756136397,0.687,0.575,1,"CLDND1"
0.0385957243069722,0.61283164502078,0.253,0.17,1,"NMI"
0.185356316625857,-0.612377022920327,0.152,0.212,1,"TRAF3IP3"
0.173050064588238,0.612320638272036,0.162,0.113,1,"BAG4"
0.134718492059323,0.612044565219257,0.202,0.149,1,"IKBKG"
0.171240651517866,0.611774771141551,0.182,0.134,1,"ABRAXAS2"
0.118722755952206,0.611613317304846,0.232,0.172,1,"LDB1"
0.058274926443742,-0.610588756897157,0.111,0.198,1,"MED23"
0.0512433527152906,0.610185496873475,0.303,0.219,1,"C6orf62"
0.210531158610843,0.610162252657815,0.141,0.101,1,"UBXN2B"
0.390307686438722,0.609940045411102,0.111,0.087,1,"MID1IP1"
0.0131426105696093,-0.609907425614396,0.111,0.231,1,"NUDT4"
0.0119770275387374,0.609825633717093,0.384,0.262,1,"UBE2E3"
0.365720368188477,0.609693623793135,0.111,0.085,1,"ENSG00000279168"
0.460473978478731,0.608990438083141,0.101,0.083,1,"TCP11L1"
0.0468258123017531,0.608499667039422,0.253,0.175,1,"MZT1"
0.304807025935185,0.607899788875444,0.152,0.12,1,"ARFIP2"
0.107376310115693,0.607826577880333,0.313,0.259,1,"CAPN7"
0.012136823736389,0.60687804579512,0.495,0.41,1,"SCAMP2"
0.109864811579763,-0.60683624778838,0.081,0.144,1,"LRRC58"
0.162534900706773,0.606793385274171,0.141,0.094,1,"SCYL3"
0.205984563013724,-0.606030323461234,0.061,0.104,1,"DNAJA3"
0.0619049084655204,-0.605604776405894,0.242,0.361,1,"ASXL1"
0.0357708220410924,0.6055304770437,0.253,0.17,1,"RAB11FIP3"
0.149942558764868,-0.605296316943977,0.091,0.149,1,"LPAR2"
0.252149552452986,-0.605186510319567,0.091,0.132,1,"EI24"
0.0495280734832076,0.605066042293581,0.374,0.302,1,"AHSA1"
0.0810996573345006,0.604720665573428,0.263,0.198,1,"PAGR1"
0.0290949000204829,0.604619810005163,0.364,0.267,1,"DUSP16"
0.0115445919788224,-0.603847472491492,0.242,0.396,1,"LINC01138"
0.150332694174864,0.603395390419794,0.232,0.179,1,"RBCK1"
0.113607008951697,-0.603355468451175,0.141,0.212,1,"ITM2C"
0.0167409005358242,0.603007331826545,0.444,0.335,1,"ZNF217"
0.0262036254608001,0.602947088915555,0.323,0.236,1,"PRKAA1"
0.0103202449538385,-0.602810031146116,0.141,0.278,1,"NDUFB1"
0.296230018537709,-0.602688866348463,0.192,0.233,1,"CRIP2"
0.0711567964820766,-0.602408185736743,0.121,0.208,1,"UBAP2"
0.161219821603468,-0.602283299412704,0.081,0.134,1,"ARNT"
0.0733904952732786,0.602243660030814,0.222,0.156,1,"DPH1"
0.0562353513050227,0.601966806486672,0.283,0.208,1,"UBA3"
0.138727675672202,0.601784173142913,0.242,0.182,1,"PRKCE"
0.264198206071455,0.601720260163648,0.162,0.125,1,"MRPL2"
0.00384704069296936,0.601315907081316,0.515,0.392,1,"CLTC"
0.02710323198184,0.601132034948239,0.455,0.38,1,"SRM"
0.00313272348069778,0.601040686643226,0.556,0.486,1,"AP2M1"
0.00404081574737271,0.600885107866987,0.364,0.231,1,"CLK3"
0.0672473982829689,0.600725323037463,0.384,0.33,1,"EVI2A"
0.201280979660958,-0.600650731168521,0.091,0.142,1,"TMEM161B"
0.0959076831577804,-0.599765480735606,0.111,0.186,1,"KXD1"
0.0693976508467837,-0.599741825671742,0.131,0.224,1,"ATR"
0.533435642420687,0.599158346020805,0.182,0.17,1,"TASOR"
0.00703743207144401,0.598675729680983,0.566,0.486,1,"PPP1R2"
0.24659031472643,0.598652716326522,0.131,0.094,1,"ZNF746"
0.175086366168196,0.598519257716976,0.273,0.231,1,"SRA1"
0.114600018531339,0.59818240628823,0.182,0.127,1,"IARS2"
0.370684621916131,0.597902075003146,0.111,0.087,1,"SUGP2"
0.428981777435084,0.597803925514047,0.101,0.08,1,"CHMP6"
0.136385290698021,0.597718418777629,0.263,0.208,1,"MBD5"
0.0749601661183161,-0.595949645895274,0.081,0.151,1,"DESI1"
0.168291264293339,-0.595642904438176,0.061,0.108,1,"PTPN18"
0.346980755120523,0.595581947873562,0.111,0.083,1,"SGPL1"
0.356009791435512,-0.595529260089178,0.071,0.101,1,"LNCRNA-IUR"
0.0437671829754537,-0.595351856435654,0.192,0.302,1,"NDUFV1"
0.603324155931422,0.595350890736905,0.121,0.108,1,"ZBTB49"
0.392059914241668,0.595078373208242,0.101,0.078,1,"ENPP4"
0.219977758915419,-0.594821085719131,0.091,0.139,1,"MAGOHB"
0.0818129569999865,-0.594650563924966,0.111,0.189,1,"SGF29"
0.191782745641364,0.594408593333184,0.253,0.21,1,"PAIP1"
0.00538281428869742,0.594188322720557,0.495,0.356,1,"PDCD10"
0.245961845050444,0.594083098910858,0.152,0.113,1,"ZMIZ1"
0.279274644727085,0.593966919828592,0.101,0.071,1,"ABI2"
0.625546234068995,0.593871464585749,0.101,0.092,1,"ZBED6"
0.298214616817871,0.593468810236748,0.121,0.09,1,"CCDC126"
0.00175880740231327,0.593304936663428,0.606,0.45,1,"DRAP1"
0.257101123680745,-0.592892700788007,0.081,0.123,1,"HDAC5"
0.0166529768630422,-0.592771692351238,0.556,0.675,1,"JUNB"
0.0127852703129543,-0.592639630147534,0.222,0.361,1,"NCK2"
0.161120099002913,-0.592200048807234,0.081,0.137,1,"AKAP8"
0.25974006547848,0.59141095581261,0.202,0.167,1,"ACTR6"
0.0331726519821021,0.591284492902084,0.434,0.34,1,"KPNA1"
0.0795051194279285,-0.591257592548262,0.061,0.125,1,"NOA1"
0.581409323529159,0.591034043555039,0.162,0.151,1,"RBBP5"
0.174069357163402,0.591008200252721,0.192,0.142,1,"ACADM"
0.114797461564444,0.590136202800514,0.303,0.241,1,"UBA1"
0.0797429056119933,-0.589964919580506,0.071,0.142,1,"ANAPC10"
0.068088434999235,0.589934735932329,0.384,0.318,1,"STX5"
0.488619032917756,0.589921693969727,0.101,0.083,1,"ADISSP"
0.207661634254096,0.589611258858943,0.212,0.167,1,"SNX14"
0.0678002260314433,-0.589555253889468,0.162,0.25,1,"WDR26"
0.00866427682261063,-0.589419738862626,0.354,0.505,1,"PPP1R15A"
0.026339222127571,0.588522217768735,0.394,0.309,1,"CNOT1"
0.343284679420999,0.588246415421634,0.101,0.073,1,"PBX3"
0.343088899681379,0.587430826840468,0.152,0.12,1,"HMGXB3"
0.0598586560382608,0.586927225562127,0.404,0.347,1,"CDC73"
0.119792788268986,-0.586483662114506,0.101,0.167,1,"FUBP3"
0.197029606963091,0.586416720091311,0.182,0.137,1,"SMARCA4"
0.159160821198193,0.586397486524605,0.172,0.123,1,"GBP1"
0.124106546906571,0.585978360423816,0.202,0.146,1,"SUCLA2"
0.162122880773902,0.585904345987588,0.293,0.236,1,"TRANK1"
0.198899444195008,-0.585822538383376,0.071,0.116,1,"CHD7"
0.155899919961356,0.585263742767748,0.222,0.17,1,"BTBD1"
0.590822847913478,0.585162857155305,0.131,0.118,1,"FLOT2"
0.0388106921494187,0.585066528651133,0.202,0.123,1,"VCAM1"
0.474019358219697,0.584762756327078,0.111,0.092,1,"ENSG00000291099"
0.326935315933139,0.584457204179036,0.111,0.083,1,"SLC35E2B"
0.0237459752484541,-0.584456238905101,0.414,0.535,1,"FYB1"
0.591436442679505,0.584196457050214,0.101,0.087,1,"TYK2"
0.0202544525232121,0.583698129417754,0.283,0.182,1,"NF1"
0.036010136792994,0.58347604028378,0.222,0.137,1,"CALCOCO1"
0.376687504721001,0.583347496096785,0.273,0.259,1,"HADHB"
0.145574654860907,-0.583260009782478,0.061,0.113,1,"INPP5A"
0.0535981213262226,0.582786586480614,0.394,0.325,1,"NCK1"
0.447002407624611,0.582617683900907,0.141,0.12,1,"GTF3C2"
0.400486445884207,0.582529202095192,0.202,0.186,1,"LPCAT3"
0.177878215160874,-0.582382180331472,0.182,0.248,1,"PMF1"
0.0352466650536488,-0.582074823508745,0.091,0.186,1,"PSMB5"
0.250395534326298,0.581972377735936,0.202,0.16,1,"NDUFS1"
0.0739029208507848,0.581923836478645,0.354,0.292,1,"MEF2D"
0.0102137289959496,0.581473260857754,0.293,0.175,1,"ENC1"
0.62804251733243,0.581398880345605,0.111,0.099,1,"SH3BP5"
0.0166019370929217,-0.581203947257202,0.414,0.554,1,"PPP1CB"
0.00123474000390947,-0.581191518497324,0.394,0.583,1,"PIM1"
0.00187841478694365,-0.580760494344451,0.455,0.649,1,"NDFIP1"
0.186089360653599,-0.579894002476848,0.061,0.108,1,"NKIRAS2"
0.282337458625852,0.579071912772519,0.192,0.158,1,"PCYT1A"
0.16210513412925,0.57871059740069,0.333,0.292,1,"USP16"
0.0473629910299224,0.578672258678999,0.333,0.248,1,"GPR137B"
0.533233149952591,-0.578290501126928,0.162,0.189,1,"DEAF1"
0.0464501428375465,0.578195024297843,0.192,0.118,1,"HLA-DQA1"
0.17077988523946,0.578168368106747,0.242,0.196,1,"PRCC"
0.27290469087168,0.57795908230059,0.192,0.156,1,"DHX40"
0.0689570241894582,-0.577150487849777,0.202,0.311,1,"HMCES"
0.446118732558003,0.57683016292544,0.182,0.163,1,"GART"
0.245836772445484,0.576719638777686,0.141,0.104,1,"ENSG00000290921"
0.000492989308718336,0.57668439101486,0.667,0.531,1,"OPTN"
0.322557895937943,0.576487667189513,0.202,0.175,1,"CPNE3"
0.548888121931977,0.576331318809547,0.121,0.106,1,"UGCG"
0.392685241854409,0.576318030073927,0.192,0.17,1,"CAPN1"
0.590589204579988,0.576043449724678,0.121,0.106,1,"CASP7"
0.0437864620983939,-0.575782866420107,0.172,0.276,1,"RNF5"
0.0413759137376405,0.575025438846025,0.242,0.16,1,"LGALS8"
0.132243233835096,0.57498859572885,0.212,0.158,1,"NDUFS4"
0.286141341791282,-0.574949596035946,0.162,0.208,1,"ACBD6"
0.0576596520276807,0.574844692576329,0.354,0.278,1,"TSPO"
0.216079753441212,-0.574732337226695,0.091,0.137,1,"TRIM23"
0.100419598805723,0.574618457102139,0.343,0.283,1,"PRRC2A"
0.593232223950448,0.574401169275559,0.111,0.097,1,"FARS2"
0.285413095658541,0.573918183041057,0.212,0.182,1,"R3HCC1L"
0.27089421461654,0.573884823325383,0.172,0.137,1,"GPAA1"
0.159357634213058,0.573787446763419,0.162,0.113,1,"DDHD2"
0.357006206585422,0.573750920734438,0.121,0.094,1,"ARL2"
0.289294991083488,-0.572962406840362,0.081,0.12,1,"EDEM1"
0.544368132423177,0.57274341203572,0.152,0.137,1,"PGAP6"
0.758888189923164,0.572675927975419,0.101,0.094,1,"CAPG"
0.118286706958332,0.572343380577618,0.253,0.193,1,"WDR46"
0.0941178907019129,0.572271086230026,0.263,0.203,1,"ERAP1"
0.000442792285264314,0.57167323821899,0.747,0.656,1,"HNRNPUL1"
0.223014414365315,-0.571448376660308,0.061,0.101,1,"MTMR9"
0.00172206515719782,0.570884252577948,0.545,0.403,1,"SIRT2"
0.0821426074704851,-0.570883725322615,0.172,0.259,1,"TP53BP2"
0.0651435544530639,-0.570768737015226,0.152,0.252,1,"UMAD1"
0.0449532558015789,0.570365394183273,0.495,0.417,1,"NCOA1"
0.419193336520912,0.570284670567398,0.101,0.078,1,"TDRD7"
0.708292105052966,0.570006606857762,0.111,0.101,1,"INKA2"
0.662220775750758,0.569776789998482,0.152,0.144,1,"KIAA0513"
0.174041899419864,0.569033467651504,0.596,0.663,1,"COTL1"
0.339294166391792,-0.568200059084963,0.121,0.158,1,"USP42"
0.145316665233517,-0.567780225494283,0.121,0.186,1,"CENPT"
0.00192531379590475,0.567690698238142,0.727,0.653,1,"IQGAP1"
0.19430635213481,0.567107792559944,0.131,0.09,1,"ENSG00000226824"
0.0522918931665344,0.566428769114951,0.354,0.283,1,"CSNK2A1"
0.0078235517182733,0.566385057788337,0.566,0.448,1,"PAXX"
0.0480994316073598,0.566150487989513,0.303,0.229,1,"PCNX4"
0.263679670918018,0.566134979490262,0.121,0.087,1,"DDX60"
0.148952776538996,0.565947353318982,0.343,0.292,1,"FIP1L1"
0.106934580595156,0.565667808196144,0.232,0.172,1,"NELFA"
0.000379250820721903,0.565468948906073,0.808,0.672,1,"AKNA"
0.222326984316453,0.565319974558901,0.212,0.165,1,"GOLGA3"
0.825903275933431,0.564923770103028,0.141,0.144,1,"PPA2"
0.0577123152287459,-0.564798725343549,0.152,0.248,1,"SOS1"
0.00225291883277905,0.564652426103453,0.576,0.465,1,"STAT5A"
0.104694603350302,0.564443405409091,0.343,0.278,1,"DCTN2"
0.190899319010121,0.564251580124812,0.232,0.189,1,"PLRG1"
0.152272846567014,0.563967037260131,0.192,0.137,1,"IDH3A"
0.482570360033131,0.563680105372549,0.152,0.132,1,"TRIM37"
0.0720691023318204,-0.563636848941523,0.061,0.127,1,"DPM3"
0.34773155467475,0.563073326034604,0.182,0.151,1,"PHKB"
0.0984421032573977,-0.563053773774475,0.192,0.281,1,"NAMPT"
0.0603907530168664,0.562806425516598,0.404,0.323,1,"AGPAT4"
0.317568220796049,-0.562775361612709,0.071,0.104,1,"GIMAP6"
0.0180275975996579,-0.562730497121955,0.273,0.413,1,"AMD1"
0.22616082584923,-0.562709430990207,0.091,0.137,1,"HMGCR"
0.134568148984063,0.562310283490275,0.202,0.146,1,"MITD1"
0.0329393892989486,0.562307909703795,0.434,0.349,1,"MRPL41"
0.353198447502749,0.562264673478668,0.283,0.264,1,"GSK3B"
0.0558386484558127,-0.561975523365717,0.202,0.297,1,"H1-3"
0.124189933639755,-0.561835721694515,0.162,0.236,1,"SDR39U1"
0.0334103141095522,-0.561751840464781,0.192,0.316,1,"BANF1"
0.129918354874199,0.561678835387872,0.313,0.271,1,"KCMF1"
0.0960694842072929,-0.561307636263663,0.162,0.245,1,"SFXN1"
0.51427148400266,0.561259610004189,0.111,0.094,1,"PYM1"
0.141207611442277,0.561045103084184,0.212,0.158,1,"DESI2"
0.134109913569836,-0.560799831612018,0.071,0.127,1,"DDX41"
0.295019832027699,0.560526382894973,0.141,0.108,1,"OSBPL11"
0.0499258171522306,0.559880324741522,0.535,0.479,1,"TMEM43"
0.198860509673356,0.559756123775809,0.162,0.118,1,"LMNB2"
0.12226443638452,-0.559641012844892,0.121,0.193,1,"MRPL17"
0.163167546654096,0.559619437555487,0.242,0.198,1,"BTN2A1"
0.336500616189667,0.559431570196409,0.263,0.243,1,"SHFL"
0.0507633882273474,-0.558989083414988,0.081,0.163,1,"UQCC2"
0.227770152353046,0.558708728626146,0.202,0.163,1,"ST6GALNAC6"
0.185367386739665,0.558685196869383,0.253,0.212,1,"PIH1D1"
0.0234263521238304,-0.55855356842973,0.414,0.547,1,"SLC38A2"
0.150782637399487,0.558553454710932,0.242,0.196,1,"PPT1"
0.131432369755406,0.558507128521116,0.313,0.257,1,"TPST2"
0.335388872240132,0.55833226594062,0.131,0.104,1,"ZNF688"
0.350182351048625,0.558321295956975,0.141,0.111,1,"PRKCD"
0.0706515726163855,-0.558239499289488,0.283,0.382,1,"ELL2"
0.207458272718149,0.558050286263823,0.222,0.177,1,"SMIM7"
0.824569269835394,0.557958231933087,0.131,0.132,1,"DPP9"
0.0243958983033993,-0.556805968176447,0.404,0.526,1,"CHD1"
0.0111987745859036,-0.556753630749306,0.131,0.262,1,"FAM120AOS"
0.987358961325652,-0.556384125812161,0.273,0.255,1,"DUSP4"
0.0695488374415376,0.55593262474949,0.364,0.285,1,"FAM117A"
0.112020268904744,0.555784513360602,0.333,0.285,1,"BLOC1S1"
0.143569925807959,0.555722449548939,0.263,0.205,1,"IDH3G"
0.122030415211913,-0.555495279886075,0.051,0.101,1,"BBS7"
0.276822400351409,0.555376934114557,0.131,0.097,1,"DCTN5"
0.324845193828273,0.555369329531805,0.192,0.16,1,"KDM4B"
0.011733135974135,0.5552991346439,0.424,0.292,1,"SPN"
0.607909857315453,0.555242559857065,0.172,0.165,1,"FBXW2"
0.141028441299939,-0.5551395420008,0.222,0.297,1,"MRPL33"
0.482229129863989,0.555076123277935,0.152,0.13,1,"ZNF107"
0.037096772128663,-0.55494119506324,0.121,0.226,1,"SLC7A6"
0.0873417250052179,-0.554769087452334,0.091,0.16,1,"PEAK1"
0.0876599403074203,-0.554505937504721,0.263,0.351,1,"HBP1"
0.682461825242572,0.554500099224799,0.101,0.092,1,"TTC27"
0.438802567140278,0.554013916878444,0.172,0.149,1,"LEO1"
0.0165334737430805,-0.55370139184221,0.152,0.281,1,"AKAP8L"
0.109548601298072,0.553695504591431,0.303,0.241,1,"PDCD7"
0.0183131626027526,-0.552951935648341,0.455,0.594,1,"CSTB"
0.333361847004526,0.552900398751153,0.141,0.111,1,"TFCP2"
0.124338832176162,-0.552725961818099,0.111,0.177,1,"SUPT7L"
0.0791634263943676,-0.552623556737805,0.141,0.233,1,"PSMD12"
0.464662825950625,0.55243364142873,0.192,0.179,1,"NOP16"
0.207958710957776,0.552343172778168,0.162,0.118,1,"ZNF581"
0.0710923697926148,-0.552158892919166,0.202,0.297,1,"PRKCSH"
0.359336311458169,0.552001274171182,0.212,0.189,1,"TSPAN3"
0.198564658390219,0.551920755195521,0.192,0.149,1,"VCPIP1"
0.00233076495879351,0.55177117364779,0.707,0.642,1,"ARL6IP5"
0.0872333060724859,-0.551313500170256,0.182,0.276,1,"GNL1"
0.59536397967115,0.551302251026323,0.182,0.172,1,"SLC4A1AP"
0.3867061318862,0.551132240730443,0.121,0.094,1,"CASZ1"
0.368236505563261,-0.550922910293472,0.091,0.123,1,"MIB1"
0.314079592992901,0.55008971847057,0.131,0.101,1,"ELP1"
0.0686816909806451,-0.549908128864025,0.202,0.304,1,"ENSG00000234961"
0.00638148094499506,0.549717803255838,0.515,0.425,1,"ARRB2"
0.00129892706252312,-0.549547673200604,0.475,0.679,1,"GLS"
0.113086535145943,0.549537879787383,0.313,0.271,1,"NEMF"
0.847710214423375,0.549492308164795,0.101,0.099,1,"KLHL21"
0.16685015642474,-0.549101993419352,0.141,0.208,1,"C21orf91"
0.023055660944827,0.549008194774855,0.374,0.281,1,"PANK2"
0.0669938736664178,-0.548995033564811,0.202,0.302,1,"SATB1"
0.627625959146711,0.548810169562818,0.141,0.134,1,"TRDMT1"
0.199883855972157,0.548688440714335,0.333,0.29,1,"ARHGEF7"
0.00723971567060547,-0.548558004547515,0.596,0.71,1,"JMJD1C"
0.832931817562884,0.548414432750658,0.101,0.097,1,"SPATS2L"
0.376927584905354,0.548310277078224,0.162,0.132,1,"JADE1"
0.179436106708357,-0.547697126241984,0.212,0.285,1,"PER1"
0.0578358867727329,0.547334079146835,0.313,0.238,1,"CHRAC1"
0.0333747665185851,0.547290822269311,0.444,0.37,1,"GLG1"
0.146251885656576,0.547164198738557,0.242,0.189,1,"MVD"
0.29590351592805,0.547139290070201,0.172,0.137,1,"RCHY1"
0.197661311245325,0.547089625631942,0.182,0.134,1,"GOLGA5"
0.504000545473153,0.547037024172704,0.101,0.083,1,"COQ8A"
0.626042399797763,0.546534334851621,0.111,0.099,1,"MBNL1-AS1"
0.0301139412874104,-0.5464850701412,0.293,0.422,1,"PBX4"
0.000286918040343713,-0.546205619904862,0.687,0.833,1,"GAS5"
0.325624529070561,0.546063060878117,0.121,0.092,1,"STX10"
0.0844626565246163,-0.545858992488266,0.182,0.274,1,"CNIH4"
0.110150792617418,-0.545316400968015,0.101,0.175,1,"SLC52A2"
0.0376036509584617,0.544772819777509,0.495,0.432,1,"HNRNPH3"
0.0165824463363967,0.544679723671327,0.495,0.392,1,"ZNF638"
0.210190953340561,-0.544601907553508,0.071,0.116,1,"ACOT7"
0.505474783399464,0.544487657378071,0.121,0.101,1,"NFYA"
0.157364065637666,-0.544416460302034,0.263,0.347,1,"GATA3"
0.00166356120922118,0.544146298199515,0.667,0.561,1,"APMAP"
0.120610101515134,-0.543790604079043,0.192,0.274,1,"TRMT10C"
0.154335564460637,0.543741608470688,0.172,0.12,1,"GAB3"
0.108476316147998,0.543443804321717,0.283,0.222,1,"SMAD3"
0.00666254671686788,0.543312251209103,0.515,0.394,1,"NEK7"
0.0994904756821206,0.543279443087139,0.162,0.101,1,"ADRB2"
0.275723960365675,0.543104572104487,0.121,0.087,1,"TGDS"
0.313737420233105,-0.543080331754779,0.081,0.118,1,"MTHFD1L"
0.0501577248500992,-0.542877878258183,0.303,0.432,1,"PPA1"
0.0428596620647208,0.54273589123104,0.505,0.425,1,"YARS1"
0.0103889547686565,-0.542453130524279,0.283,0.415,1,"ZNF331"
0.176387829955054,0.54237095842234,0.242,0.184,1,"WASHC2A"
0.587841393671497,0.542346781154686,0.101,0.087,1,"QDPR"
0.174486882343453,-0.542247784731355,0.081,0.132,1,"ABCB1"
0.00152967168870654,0.542227887158084,0.788,0.698,1,"LCP1"
0.342478316472446,0.542057562748257,0.101,0.073,1,"MTMR10"
0.33918396915894,0.542014956258055,0.131,0.101,1,"CERS5"
0.278113071956369,0.54182745251402,0.152,0.118,1,"NKD1"
0.0171584888431617,0.541702677313234,0.566,0.486,1,"KIF2A"
0.157104153195316,0.541131128177037,0.293,0.241,1,"ARFGAP2"
0.261923520766806,0.540989857554513,0.232,0.198,1,"ZNF384"
0.088367102700819,-0.5409874303529,0.131,0.208,1,"KDSR"
0.237716055800828,-0.540978176859978,0.081,0.125,1,"PNKD"
0.256759682884661,0.540683418623232,0.293,0.262,1,"CBX3"
0.140592462131866,-0.540612231890009,0.131,0.198,1,"TMEM263"
0.0324130067261019,-0.540257211969652,0.374,0.493,1,"PTGER4"
0.544887746242016,0.54012754023967,0.202,0.189,1,"INVS"
0.227940378187355,0.540099293510372,0.141,0.101,1,"MRPL46"
0.294694185285636,0.539980572546135,0.303,0.283,1,"DERL2"
0.65502256427208,-0.539918888829051,0.162,0.172,1,"GZMK"
0.153832683991806,0.539260059234383,0.222,0.172,1,"GTF2H1"
0.00041251770199124,-0.539038192410537,0.737,0.833,1,"CYTIP"
0.158084996234429,0.539001990347146,0.242,0.191,1,"EXOC5"
0.000602603993530943,-0.538881046465002,0.515,0.698,1,"LDHB"
0.175195725060763,0.538780549225107,0.313,0.262,1,"LSM3"
0.190010737031271,-0.538635613131088,0.101,0.156,1,"MRPL28"
0.000678285098118025,0.538504625950548,0.697,0.578,1,"CAPZA1"
0.0173006307243209,-0.538451117887766,0.576,0.731,1,"SAT1"
0.213322992887076,0.538413850065516,0.253,0.21,1,"DPF2"
0.166227229021989,-0.538112255291341,0.071,0.123,1,"SLC25A33"
0.205100557852877,0.537878819932608,0.202,0.153,1,"JAK2"
0.243419514119859,0.537830798238761,0.263,0.229,1,"BLOC1S4"
0.0216360255176911,-0.537694979499662,0.394,0.521,1,"ZC3HAV1"
0.0795387893946258,0.537676106469314,0.374,0.321,1,"ABT1"
0.00135942651378299,0.537508174106324,0.667,0.514,1,"CCND2"
0.401590967559128,0.537361102093702,0.172,0.146,1,"XRRA1"
0.0714942383011608,-0.537320848128476,0.475,0.55,1,"PIM3"
0.442772002934476,0.537135202400454,0.212,0.193,1,"ULK4"
0.0763915856515834,0.536946546794855,0.354,0.288,1,"SZRD1"
0.0933432700597437,0.536810518535026,0.343,0.297,1,"BECN1"
0.621269857399509,0.536476481812168,0.101,0.09,1,"ACTL6A"
0.0517052982125761,0.536300986821562,0.394,0.309,1,"PSMD11"
0.429030937811862,0.536295931844966,0.172,0.144,1,"KIAA0319L"
0.0442036742581636,-0.536183287198932,0.182,0.285,1,"NANS"
0.0367612538073859,-0.536169263011298,0.141,0.252,1,"RABGEF1"
0.209447272921181,0.536080213956622,0.212,0.163,1,"GSE1"
0.0350906066016185,0.535748483678451,0.414,0.33,1,"PIK3CD"
0.136134551585321,-0.535501505738589,0.273,0.344,1,"PIK3R5"
0.161910825165957,0.535275083831285,0.253,0.196,1,"EPHA4"
0.0664939643578525,0.535069240952419,0.273,0.203,1,"POLDIP3"
0.0864804710345052,-0.535025702411325,0.182,0.278,1,"BLTP1"
0.182662934060595,-0.534991868603607,0.071,0.12,1,"CALU"
0.0880131709315566,0.534963121260144,0.333,0.274,1,"DEF6"
0.0463977396500186,0.534396172196212,0.364,0.283,1,"NOLC1"
0.207851291946,0.533622326472208,0.222,0.177,1,"CUL2"
0.161989555529955,0.533480382513448,0.242,0.193,1,"EIF4E3"
0.431399755939585,0.533175894291931,0.111,0.09,1,"YIPF2"
0.161289643230671,0.532723933793667,0.162,0.113,1,"ZFPM1"
0.0763817148862694,0.532653014507769,0.384,0.316,1,"SUPT16H"
0.276033326779025,-0.532341983074715,0.232,0.288,1,"APOL6"
0.856732211008324,0.531734387684192,0.101,0.101,1,"OSBPL2"
0.189188868563912,0.531608254652872,0.232,0.186,1,"FLII"
0.115560884794027,-0.531419511737346,0.081,0.144,1,"MAP3K1"
0.403306308994596,0.531232349537553,0.101,0.078,1,"TRMU"
0.389943177071191,0.531112480286468,0.131,0.106,1,"HIBCH"
0.0725742182763644,0.530977484881475,0.212,0.139,1,"SNHG25"
0.0629809274061265,-0.530963362264202,0.354,0.439,1,"RALA"
0.148356821025355,-0.530736320904144,0.273,0.349,1,"CDC14A"
0.0979518812966576,-0.530550906113084,0.131,0.205,1,"USP3-AS1"
0.000345125557202407,0.530280720324226,0.677,0.505,1,"STK38"
0.902405135938413,0.530057205665475,0.111,0.111,1,"FADS3"
0.261299718789795,0.529870620912661,0.242,0.203,1,"CHKB"
0.26042362618007,0.529634271181134,0.212,0.17,1,"DCUN1D5"
0.246173649066712,0.529256192144311,0.212,0.172,1,"DPM1"
0.3629904052079,0.529026726680773,0.293,0.276,1,"PSENEN"
0.192935290957559,-0.528630439963334,0.071,0.118,1,"AREL1"
0.156933993406167,-0.528517417536075,0.172,0.241,1,"TMEM131L"
0.234049985069839,-0.528441445577295,0.081,0.125,1,"VPS41"
0.0621905450489636,-0.528350998598183,0.333,0.446,1,"PLEKHB2"
0.143080608710398,0.528139108492472,0.253,0.198,1,"SRP68"
0.462496940291139,0.527899804350176,0.172,0.153,1,"FRS2"
0.379547969985696,0.527611496587491,0.232,0.21,1,"TPGS1"
0.972602844332154,0.527600120679907,0.121,0.13,1,"TSFM"
0.198548792546251,0.527542904502246,0.293,0.252,1,"ZNF830"
0.085436122194172,0.527328176756862,0.273,0.205,1,"RIC1"
0.508439427301801,0.527143467987366,0.121,0.104,1,"ESS2"
0.956430824356289,-0.526879865947241,0.131,0.132,1,"HERC5"
0.0362509327503639,0.526865388813863,0.455,0.382,1,"BNIP2"
0.326076418315024,-0.52673340686278,0.172,0.215,1,"MFSD6"
0.0983978178883523,-0.526614276726986,0.111,0.186,1,"NDE1"
0.349499395450782,0.526476881977018,0.141,0.111,1,"SLC16A7"
0.0842628409213127,0.525912510449936,0.273,0.208,1,"ADH5"
0.157330607631625,-0.525857552965478,0.091,0.151,1,"GABPA"
0.342978596085803,0.524832223450504,0.131,0.104,1,"CDC16"
0.123335481962577,-0.524696443020465,0.091,0.156,1,"GALT"
0.125358597933165,-0.524660476684096,0.273,0.354,1,"LINC01619"
0.277676086283163,0.524303637880043,0.182,0.146,1,"JAK3"
0.489858845276528,0.524283612562681,0.131,0.108,1,"DAPK3"
0.61123733731041,0.524079125786599,0.162,0.156,1,"TMEM126A"
0.0866336771380975,-0.52374834114133,0.111,0.189,1,"RIOK1"
0.31942644715511,0.523658423471788,0.152,0.118,1,"EEFSEC"
0.498005763329138,0.523331816121942,0.152,0.134,1,"SAP30L"
0.695198120796806,0.523330444438991,0.131,0.123,1,"SMPD4"
0.20609988264997,0.522769312394274,0.162,0.116,1,"SCO2"
0.153877224042807,0.522677355563467,0.141,0.094,1,"NELFB"
0.0728587578214338,-0.52245742722545,0.101,0.182,1,"NFATC1"
0.0218198927601138,0.52231924920283,0.192,0.106,1,"BICD1"
0.153922070436322,-0.521862377205325,0.242,0.314,1,"HBS1L"
0.610536208323166,0.521698124061126,0.121,0.106,1,"PPIL2"
0.375988479157135,-0.521491458402399,0.101,0.134,1,"AARSD1"
0.13973181126288,0.521487746412743,0.303,0.262,1,"COQ10B"
0.487533560157521,0.52140449217926,0.111,0.092,1,"ARID3B"
0.379052438882631,0.521402489010507,0.212,0.189,1,"RAB5B"
0.0815098001501461,0.52093222549419,0.263,0.186,1,"VEZT"
0.471426603381884,-0.520204826038402,0.091,0.116,1,"ARL3"
0.924533544964707,0.520006792395193,0.111,0.123,1,"AGGF1"
0.565376156341622,0.519784517413014,0.172,0.158,1,"MDN1"
0.0457622261852355,-0.51974439788387,0.253,0.375,1,"ZNFX1"
0.185233682539631,0.519604567848015,0.202,0.151,1,"ENSG00000291149"
0.0783715697247237,-0.519408293547295,0.172,0.257,1,"MED13"
0.553940504248293,0.519332809015928,0.131,0.118,1,"ALG3"
0.165025830040118,-0.519241138040196,0.111,0.172,1,"UXS1"
0.0403993951589615,0.519103899821234,0.384,0.297,1,"RALBP1"
0.131564041782503,-0.518718231535253,0.051,0.101,1,"TRAPPC6A"
0.292819292920268,-0.518483280320662,0.071,0.106,1,"ENSG00000230735"
0.526023683073668,0.518277778027565,0.131,0.113,1,"ANAPC1"
0.541629596430404,0.517917105163731,0.121,0.106,1,"JKAMP"
0.030711992457268,0.517692113266703,0.404,0.318,1,"BCAS2"
0.561126358536184,0.517448403748442,0.111,0.094,1,"RINT1"
0.177389033260181,0.517236168135027,0.182,0.134,1,"FIBP"
0.127150097516171,-0.517018579088146,0.101,0.165,1,"PNMA1"
0.106687064102529,-0.516968039840366,0.081,0.146,1,"MOSMO"
0.582336890764694,0.516825911083627,0.242,0.241,1,"SSRP1"
0.589646871554212,0.516814775794559,0.121,0.106,1,"POLRMT"
0.180890563003187,0.516784824860192,0.192,0.146,1,"CREB3"
0.0719521558688962,-0.516705812824667,0.051,0.116,1,"TYW3"
0.486548942957025,0.516674657516239,0.101,0.08,1,"SLC35B2"
0.0634169689155668,0.516659920202255,0.364,0.3,1,"NDUFS7"
0.262021697160195,-0.516462072082808,0.141,0.189,1,"MARF1"
0.015329738908052,0.516434596028411,0.566,0.512,1,"ADRM1"
0.191039650704514,0.51628033379259,0.182,0.139,1,"SENP2"
0.301633838925115,0.516223662413647,0.131,0.097,1,"CRTC1"
0.422603634101704,0.51577676345625,0.152,0.127,1,"TBL3"
0.229992252408134,-0.515744993179283,0.111,0.16,1,"RCN2"
0.00748751837344541,0.51539826106552,0.636,0.573,1,"PREX1"
0.0605255538278465,-0.515277337607412,0.141,0.236,1,"ACSL3"
0.865158502240192,0.515190241913489,0.182,0.189,1,"ENSG00000287263"
0.378067078373279,0.514881509837451,0.172,0.146,1,"PISD"
0.654479404158505,0.514835975351994,0.162,0.151,1,"RIGI"
0.0424556789559926,-0.514677357676524,0.222,0.34,1,"ALKBH7"
0.530295184006968,0.513888169336581,0.162,0.146,1,"NAA30"
0.0642703544483867,0.513793580541288,0.263,0.184,1,"MIAT"
0.323300118967487,0.513611665362925,0.121,0.087,1,"MRPL48"
0.295205890133636,0.513589178624341,0.323,0.307,1,"DUSP11"
0.00039843993968681,0.513402814342241,0.848,0.724,1,"CD8B"
0.108364707339966,-0.513340361927364,0.131,0.21,1,"NOC2L"
0.541959241057342,0.513155130239143,0.172,0.153,1,"C19orf25"
0.0107734058484018,0.513021313224293,0.515,0.406,1,"RBBP7"
0.72430203685937,0.512803591806726,0.192,0.193,1,"SNHG17"
0.663225394670504,0.512802252722168,0.212,0.212,1,"SMC1A"
0.136626214248175,-0.51280217423122,0.152,0.219,1,"SLC4A7"
0.0221828102732003,-0.512599374542934,0.434,0.573,1,"PSMA1"
0.594216676026943,0.512465957330546,0.111,0.097,1,"HPS5"
0.421479918914428,0.512360057177602,0.141,0.118,1,"UCKL1"
0.377604869763023,-0.512060185342081,0.081,0.111,1,"CHAMP1"
0.232778044185272,0.512022720903592,0.192,0.151,1,"RTCA"
0.270694769868156,0.511678045084857,0.162,0.123,1,"ARL16"
0.428519971573574,0.511465678868923,0.283,0.269,1,"PDXK"
0.0728958402530856,-0.511433854198046,0.293,0.406,1,"GNAI3"
0.391148289778228,0.511344834563017,0.152,0.125,1,"POP7"
0.571970178435995,0.511291117213899,0.152,0.137,1,"KHNYN"
0.336017517136003,0.511240820311,0.141,0.111,1,"ENSG00000273319"
0.209747166750176,0.511203490291983,0.152,0.108,1,"PCGF1"
0.127616863679025,-0.511136488023787,0.202,0.288,1,"SYPL1"
0.155747010215418,0.511097260500321,0.273,0.219,1,"SFSWAP"
0.342667125343488,0.510689838996036,0.313,0.288,1,"DOK2"
0.112988334838138,-0.510673483333314,0.131,0.205,1,"FBRSL1"
0.812202093890828,0.510584604137319,0.111,0.108,1,"TRIM21"
0.272293296449058,0.510547473974417,0.111,0.078,1,"CDK7"
0.279976062015843,0.510510173577321,0.172,0.139,1,"FAM3C"
0.0788229268607186,-0.510348734250792,0.182,0.271,1,"PBDC1"
0.351550897861645,0.510330501301539,0.141,0.111,1,"ECI1"
0.0526090090353187,-0.510224553616094,0.172,0.269,1,"NLRP1"
0.212291376472915,0.510191812256361,0.343,0.311,1,"GTF3C1"
0.0944209467261385,-0.510173572383876,0.152,0.238,1,"KIFAP3"
0.395012732250275,0.510156810491763,0.141,0.116,1,"MRPS11"
0.666227094308616,0.509812071022793,0.212,0.212,1,"FAM136A"
0.0974132245154454,-0.509787856326688,0.111,0.189,1,"MAML1"
0.195994650320781,-0.509506504861846,0.081,0.132,1,"TMEM87B"
0.643741297806209,0.509428821359654,0.212,0.208,1,"APC"
0.209466518920793,0.509142493865595,0.253,0.205,1,"NRAS"
0.263721716568909,0.508820253825311,0.313,0.274,1,"ITGA5"
0.00109376422629703,-0.50875668390282,0.626,0.769,1,"ABLIM1"
0.00998251729347665,0.508388681271382,0.576,0.467,1,"ROCK1"
0.351138488470992,0.507454576921901,0.131,0.101,1,"PITRM1"
0.527807625431989,0.507345594871406,0.212,0.193,1,"PTPN7"
0.0839050754262413,-0.507164352133918,0.323,0.432,1,"SEM1"
0.130324692801229,-0.506691318210291,0.101,0.167,1,"VEGFB"
0.0897204020125956,0.506601261545799,0.354,0.283,1,"ARID2"
0.00968814759009574,0.506420641586407,0.505,0.373,1,"PICALM"
0.554453096992701,-0.506365236210571,0.141,0.163,1,"PPP1R15B"
0.0167869255676771,0.506078888905736,0.374,0.274,1,"SMIM12"
0.450282052935925,0.50597151567743,0.172,0.151,1,"FOXK2"
0.884998248921743,0.505968537518722,0.162,0.167,1,"AP3M2"
0.685562216442007,0.505725679866766,0.182,0.17,1,"DCTN1"
0.188523083450338,-0.50570788935368,0.172,0.233,1,"PLEKHA1"
0.0481954548211895,-0.50523612737116,0.071,0.151,1,"SLF1"
0.105641135275559,0.505140025736482,0.222,0.156,1,"MAP1LC3A"
0.0379026475285042,-0.505093804868985,0.394,0.505,1,"CYCS"
0.20992154998485,-0.504180737570439,0.394,0.458,1,"HMGB2"
0.272811067781244,-0.504066670101709,0.071,0.108,1,"PTTG1"
0.137702063164186,-0.50404743973501,0.061,0.116,1,"STRADB"
0.0801472525121422,0.503664742706536,0.333,0.269,1,"VEZF1"
0.413415270795576,0.503632346210568,0.141,0.116,1,"ENSG00000261573"
0.10675582014375,-0.503256258885143,0.131,0.208,1,"EFTUD2"
0.420981001569041,0.503130361372026,0.101,0.078,1,"FHIP2B"
0.0810703166017965,0.503085496108678,0.242,0.17,1,"CLSTN1"
0.021563833401959,0.502994314304664,0.788,0.823,1,"ATP1B3"
0.503227037425402,0.502892957201507,0.111,0.094,1,"IMMP1L"
0.341937218956722,-0.502617348409989,0.081,0.116,1,"DNAJC4"
0.240202161433397,0.502330029204602,0.182,0.139,1,"PINK1"
0.2876974085883,-0.502167375925819,0.101,0.144,1,"PASK"
0.212245689426677,0.501981756826993,0.172,0.127,1,"CD82"
0.0435130214012318,-0.5019509001459,0.152,0.259,1,"ABCE1"
0.0746339089396809,-0.501448014962313,0.071,0.142,1,"SGTB"
0.0105977860139395,0.501331079596647,0.667,0.623,1,"UQCR10"
0.209642406274856,-0.500875500122949,0.061,0.104,1,"TTC4"
0.37212866602708,-0.500769497399575,0.091,0.123,1,"ANKRD36B"
0.609003517595204,0.500588264949074,0.121,0.108,1,"AIMP2"
0.0570170580552533,0.499990680419437,0.232,0.153,1,"HEXA"
0.135094284426623,0.499919140117966,0.222,0.16,1,"ABHD16A"
0.502638613389306,0.499791793073128,0.141,0.125,1,"ACBD5"
0.103087525634998,0.499704950919506,0.354,0.29,1,"RAB8A"
0.0294532861742082,-0.49963351966549,0.404,0.542,1,"SNHG16"
0.0287209411793165,0.499409612541183,0.374,0.288,1,"THAP11"
0.101019516556045,-0.499351259053238,0.162,0.252,1,"NPEPPS"
0.180831291575992,-0.49912920694734,0.404,0.465,1,"PDE7A"
0.35311723010144,0.499000507589679,0.152,0.123,1,"REXO4"
0.590982414870644,0.498950758647861,0.182,0.17,1,"PDE4DIP"
0.209386869121124,-0.49876110640358,0.162,0.224,1,"DCAF8"
0.0204528125614343,0.498630901796561,0.586,0.519,1,"HERPUD2"
0.0445906322185471,-0.498423999798435,0.848,0.88,1,"RGCC"
0.0370140046154226,-0.498396751840532,0.556,0.675,1,"NFKBIA"
0.45410641561277,0.49829683328823,0.263,0.255,1,"DNAJC2"
0.318078554135257,0.498111773869166,0.192,0.158,1,"GOSR2"
0.00628838623242847,-0.497979397031847,0.455,0.637,1,"IVNS1ABP"
0.96749733521789,0.497903865735998,0.141,0.149,1,"METTL5"
0.019518305372979,0.497883702415015,0.586,0.479,1,"CMIP"
0.243558640810376,-0.497836984736853,0.081,0.125,1,"SAMD8"
0.116890824432077,0.497757549629582,0.232,0.167,1,"IDH2"
0.110137888209842,-0.49769451540827,0.343,0.425,1,"TRA2A"
0.120256764730167,-0.496897737481296,0.182,0.267,1,"OTUD4"
0.173388564826748,0.496857977390988,0.293,0.229,1,"MIR4435-2HG"
0.254865536254898,0.496765830312737,0.273,0.238,1,"HSF1"
0.105815789258305,0.496680995258809,0.283,0.212,1,"SNX5"
0.176796451872021,0.496428913914015,0.273,0.229,1,"DCAF5"
0.369192090668399,-0.496046339437298,0.091,0.125,1,"PRKD3"
0.258535729878782,0.495936715700599,0.202,0.165,1,"KEAP1"
0.000232030149386734,0.495584510173342,0.828,0.719,1,"PGAM1"
0.0261076474084688,-0.495450713547687,0.162,0.285,1,"GCH1"
0.057427075958144,0.49544479284557,0.313,0.224,1,"HSBP1"
0.139136371954435,-0.495349654460256,0.505,0.575,1,"CD69"
0.305632166638209,0.495112381482079,0.172,0.134,1,"ING4"
0.546063263077697,0.49414379490687,0.101,0.085,1,"NT5C3B"
0.192871755295577,-0.494136869705442,0.081,0.132,1,"MFNG"
0.554378103943099,0.493991953778961,0.131,0.118,1,"XPO7"
0.188606163569483,0.493988961715964,0.283,0.233,1,"RSU1"
0.466941127139967,0.493693608396627,0.232,0.212,1,"STMP1"
0.438333619242678,0.493623350271781,0.182,0.158,1,"TMEM250"
0.283864053178511,-0.493181256030388,0.091,0.132,1,"PELO"
0.0629931941096268,-0.492685977119099,0.354,0.469,1,"EIF1AX"
0.0435253053359793,-0.492414400513521,0.222,0.347,1,"VDAC3"
0.19342234052678,0.492385800993045,0.242,0.198,1,"PRDX3"
0.386783115425408,0.492159583203088,0.182,0.151,1,"POLH"
0.234138389697369,-0.491440854857272,0.141,0.196,1,"VAMP5"
0.298573137048962,0.491318903816911,0.141,0.106,1,"KHSRP"
0.0627694025574774,0.491003566298704,0.273,0.193,1,"TFDP2"
0.116692613975086,-0.49098004919426,0.141,0.217,1,"MARCHF5"
0.188565846283542,0.49027708608146,0.465,0.469,1,"SUPT4H1"
0.820890953885423,0.490236301301133,0.273,0.307,1,"FABP5"
0.0209855731805401,0.49002797460107,0.556,0.441,1,"MXRA7"
0.137595744595946,-0.489810329242854,0.131,0.205,1,"TXNDC15"
0.38092852110635,0.489774626225032,0.253,0.233,1,"CCNT2"
0.275099127905017,0.489747719993894,0.192,0.153,1,"RMC1"
0.222982662412939,-0.48962217941247,0.071,0.116,1,"CARS2"
0.0379783132551355,0.489415301968175,0.202,0.118,1,"ENSG00000288915"
0.428716317459287,0.489169612015194,0.131,0.108,1,"DDX59"
0.801224757099016,0.488702979774651,0.091,0.104,1,"NHEJ1"
0.293706330830837,0.488282563611811,0.172,0.134,1,"SNAP23"
0.255144707461238,0.488049629683773,0.404,0.377,1,"PTPN4"
0.24489931750487,0.487954448927685,0.313,0.274,1,"CCM2"
0.00717783256899672,0.487951333056678,0.657,0.59,1,"PSMB9"
0.493424642327658,0.48793339281747,0.182,0.16,1,"UBN2"
0.504000545473153,0.487733178606647,0.101,0.083,1,"C6orf47"
0.0631324928600805,-0.487435540633463,0.222,0.321,1,"PDCL3"
0.170740095893363,0.487381093175592,0.253,0.205,1,"GLRX3"
0.45816214364447,0.487025839129866,0.192,0.172,1,"ATXN3"
0.343915289219271,0.486945662785027,0.182,0.153,1,"LSM12"
0.413327868213648,0.486648347816414,0.121,0.097,1,"MPHOSPH9"
0.0807495595697039,-0.486608681976266,0.121,0.208,1,"SORL1"
0.543625446314868,0.486498091617839,0.152,0.134,1,"GINM1"
0.104781304531171,-0.48644720856656,0.091,0.16,1,"CTC1"
0.294838305639433,-0.486211622611767,0.081,0.12,1,"STRBP"
0.422595505791938,0.486134101355318,0.152,0.125,1,"MSMO1"
0.324267752808272,0.486031227766356,0.172,0.142,1,"USF3"
0.206786518304292,0.486002929594341,0.192,0.144,1,"RPA1"
0.774673716736614,0.485995924075329,0.131,0.13,1,"TIMM9"
0.000999195928030455,0.485928476846587,0.606,0.422,1,"AUTS2"
0.0506279735724484,0.48586148154949,0.283,0.198,1,"ASXL2"
0.185606628625713,0.485856740351875,0.172,0.125,1,"CCDC6"
0.138226544236116,0.485777678669639,0.434,0.384,1,"GATAD2B"
0.328017741082572,-0.485538017173231,0.111,0.149,1,"GPATCH4"
0.229688730496744,-0.485303644004191,0.101,0.151,1,"MAP3K3"
0.187425116973907,0.484849725727014,0.273,0.219,1,"PCBP1-AS1"
0.0122370507111916,0.48458428441832,0.444,0.337,1,"MAF1"
0.241382369651232,0.484380403188149,0.232,0.191,1,"AMBRA1"
0.0968160906956808,0.483631612936093,0.283,0.21,1,"RPS6KB2"
0.121984518489074,0.48360236217237,0.303,0.241,1,"NBDY"
0.000461309968940669,0.483574983595235,0.889,0.788,1,"ABHD17A"
0.00131364982140456,0.483438143605783,0.889,0.858,1,"PTPRCAP"
0.306741168377705,-0.483328543114624,0.071,0.106,1,"B3GAT3"
0.43583376899025,0.483284144720238,0.162,0.139,1,"C18orf25"
0.148933342020479,0.483262560946994,0.273,0.212,1,"WDR18"
0.0392386198136685,-0.483031320784303,0.232,0.351,1,"KLRC4"
0.191722179310005,-0.483028701416597,0.071,0.12,1,"RNFT1"
0.196037965220156,-0.482987483928215,0.061,0.106,1,"AP4B1"
0.422394588681603,0.48291704758046,0.162,0.139,1,"YIPF6"
0.129651847032836,-0.482331788444545,0.121,0.189,1,"S100PBP"
0.0827840960160372,-0.482013053293638,0.111,0.191,1,"IFT57"
0.42142757669181,0.481984110046604,0.121,0.097,1,"PARN"
0.196265808659874,0.481646832789308,0.192,0.146,1,"DTX3L"
0.248640355283733,-0.481557652341374,0.131,0.179,1,"USP37"
0.372227967134449,0.481489033505531,0.152,0.123,1,"GMEB1"
0.0777276809235949,0.481226279601992,0.364,0.292,1,"TRG-AS1"
0.176661522585246,0.481138554040806,0.212,0.16,1,"RAE1"
0.835394247694379,0.480754273967426,0.182,0.189,1,"MBD1"
0.453014012833508,0.480569572453207,0.121,0.099,1,"UBQLN4"
0.742840089967362,0.48056718181891,0.111,0.104,1,"INTS9"
0.0469528526926049,0.480464972687121,0.323,0.245,1,"GSK3A"
0.122248131164257,0.480422022622169,0.414,0.358,1,"OTULIN"
0.0333557561866607,0.480352826818647,0.586,0.531,1,"CRYBG1"
0.0087846251714993,-0.480094550162313,0.384,0.531,1,"FOXN3"
0.585791577871155,0.4800211951536,0.101,0.087,1,"HSD17B7"
0.117961605217986,0.479702862613603,0.263,0.203,1,"PARP1"
0.411971065213835,0.47965032236051,0.182,0.158,1,"HIKESHI"
0.361803173876354,0.479590529412451,0.162,0.132,1,"EXOC1"
0.37232432325634,0.479392243073576,0.232,0.205,1,"TBPL1"
0.0979555133524195,-0.479195305980014,0.172,0.257,1,"SNHG1"
0.0042968499876707,0.479097486356868,0.747,0.639,1,"IL21R"
0.0245122895967962,-0.479087193936577,0.313,0.453,1,"MT1X"
0.26453237972528,0.479077253789148,0.101,0.068,1,"PRSS23"
0.233635200521758,0.479017427766033,0.343,0.309,1,"SNW1"
0.0216335663521932,0.478848463002205,0.434,0.333,1,"NCOA4"
0.194648846183668,0.478823121761641,0.212,0.16,1,"TMC8"
0.246677422739636,0.478769940275755,0.202,0.16,1,"AK3"
0.152271192206205,0.478757914457783,0.273,0.217,1,"CPSF7"
0.0403655900180341,-0.478497037280196,0.303,0.446,1,"HGSNAT"
0.246421921368035,-0.478432501385389,0.303,0.375,1,"RANBP1"
0.444401148056288,0.478403131737463,0.172,0.149,1,"TBC1D23"
0.0810186892692254,-0.478211564983107,0.535,0.625,1,"G3BP2"
0.0141431332357731,0.478098147332385,0.495,0.41,1,"RAB22A"
0.469368744826468,0.477776129172482,0.172,0.149,1,"GET4"
0.087270542081043,-0.477607121642496,0.192,0.283,1,"SNF8"
0.00310893888972085,0.477386718945697,0.677,0.568,1,"TERF2IP"
0.349753846648424,0.477217179942545,0.222,0.191,1,"BMI1"
0.583768614837681,0.476970298472386,0.141,0.127,1,"UTP3"
0.36979035656895,0.476938960825186,0.121,0.092,1,"RAD1"
0.398920470945895,0.476927607197118,0.232,0.208,1,"CD27"
0.345479942671816,0.476840553801064,0.131,0.101,1,"PPP1R8"
0.129122446508725,0.476637105582495,0.263,0.203,1,"EIF2AK1"
0.1203340044249,-0.476636092097453,0.192,0.281,1,"NXT1"
0.013950810769751,0.476468185755721,0.545,0.399,1,"LGALS1"
0.555000420942818,0.476112545703276,0.152,0.137,1,"CHP1"
0.406308030629152,-0.475947323075479,0.141,0.177,1,"ERO1B"
0.441124663296804,0.47575718034238,0.293,0.285,1,"TALDO1"
0.254666650839656,0.47507106637777,0.222,0.186,1,"KAT7"
0.488774738554815,0.475004213791105,0.121,0.101,1,"COG6"
0.20978586362018,-0.474836528887475,0.071,0.118,1,"C16orf87"
0.215734714762852,-0.474770893138281,0.101,0.153,1,"SLC39A10"
0.833662680517119,0.474706565910021,0.172,0.179,1,"EBNA1BP2"
0.225616082764599,0.474676603191141,0.182,0.137,1,"GLO1"
0.335027811113206,0.474131363132584,0.131,0.101,1,"CNOT3"
0.124247698270435,-0.474027068348666,0.162,0.243,1,"TMED7"
0.0556710443185693,0.473788190402471,0.404,0.316,1,"TCF12"
0.20351778318245,-0.473762410846287,0.222,0.292,1,"TC2N"
0.0837801897170067,0.473534995056039,0.323,0.259,1,"PPM1B"
0.114261410365772,0.473406300797768,0.293,0.231,1,"SYNRG"
0.0813747482859441,-0.473263811137198,0.202,0.307,1,"NUP58"
0.420261636705049,0.473249539944486,0.111,0.087,1,"MOCS2"
0.00642378196127058,-0.473106190814362,0.939,0.953,1,"ZFP36"
0.300777161849427,-0.473050408471235,0.182,0.233,1,"PPM1K"
0.920823762046101,0.472797456632631,0.162,0.175,1,"PACSIN2"
0.0323609532836327,0.472795717730804,0.687,0.651,1,"SP100"
0.261148134359378,-0.472437308461057,0.131,0.182,1,"DEDD"
0.338195819588695,0.472325492808306,0.162,0.13,1,"GTF3C5"
0.43321652470156,-0.472068561062293,0.121,0.156,1,"TIMP1"
0.880865973590435,0.47194333986041,0.121,0.123,1,"NUP37"
0.00816849210469414,-0.471512227507113,0.495,0.651,1,"NAP1L1"
0.153125663953565,-0.471403991687963,0.192,0.262,1,"MMP24OS"
0.168503852399267,0.471402950285359,0.192,0.142,1,"ABCF3"
0.675382330357304,0.471340002889062,0.152,0.144,1,"ANK2"
0.00445160165680827,0.471324872904059,0.747,0.675,1,"SELPLG"
0.0570134493866195,-0.47109994492468,0.061,0.132,1,"MFSD1"
0.353560726306205,-0.470985470685573,0.111,0.151,1,"LAMP2"
0.100564717161957,0.470816923837172,0.323,0.255,1,"RECQL"
0.0987014153310558,-0.470710614490623,0.071,0.134,1,"WARS2"
0.674982489122218,0.470473726756754,0.141,0.134,1,"MINDY2"
0.538660890842943,-0.470422168638822,0.172,0.198,1,"SMC4"
0.178486217176473,0.470399142645982,0.152,0.104,1,"LMO4"
0.0154747016429363,-0.470396909123747,0.414,0.535,1,"BAZ1A"
0.182463008162387,0.470376938501277,0.192,0.144,1,"SHARPIN"
0.261594345117328,0.470180539904785,0.202,0.163,1,"ANKRD13A"
0.104184565726956,0.470042441820483,0.364,0.302,1,"GET3"
0.196967227065513,0.46988046899051,0.404,0.389,1,"LRPAP1"
0.317694656043474,0.469856870218082,0.172,0.137,1,"TLNRD1"
0.0582096863010205,0.469824536311058,0.273,0.193,1,"SCLT1"
0.463204680083341,0.46975857973399,0.192,0.182,1,"LAMTOR2"
0.0371159980614999,0.469599407747463,0.404,0.307,1,"RHBDF2"
0.141858781787121,0.469529600759176,0.323,0.267,1,"SPPL2A"
0.365645598603616,0.469515714180868,0.232,0.203,1,"SFT2D2"
0.83602755961951,0.469412077758704,0.101,0.099,1,"PGRMC1"
0.0630903578774062,-0.4692545189846,0.364,0.479,1,"XBP1"
0.0181940379939416,0.469248109887642,0.596,0.55,1,"HNRNPD"
0.0434379806993671,-0.469023423766602,0.343,0.476,1,"PIK3IP1"
0.186420100477442,-0.468870724058717,0.444,0.533,1,"ODC1"
0.359984510471797,0.468717554906066,0.121,0.094,1,"H2BC4"
0.721565563256615,0.468557122095743,0.131,0.123,1,"FAM89B"
0.251552341909531,-0.46855448684216,0.202,0.257,1,"IWS1"
0.358504941110861,0.468311493728536,0.273,0.248,1,"FAM172A"
0.491316021872784,0.468228976016669,0.172,0.146,1,"NT5C2"
0.0114779365539964,-0.468040620294208,0.525,0.689,1,"CHD2"
0.0541508660577695,-0.468027952811587,0.394,0.514,1,"NDUFB4"
0.582633272537209,0.46802490125943,0.101,0.085,1,"ENOX2"
0.323169040331681,0.467959796306442,0.192,0.16,1,"GTF2F2"
0.79341015839253,0.467854878441262,0.101,0.097,1,"NEK4"
0.153186807638494,0.467769715445769,0.354,0.297,1,"HCP5"
0.38770585035718,0.467698241932263,0.131,0.106,1,"CYREN"
0.498406772545729,0.46758351230257,0.121,0.101,1,"CPSF2"
0.071819448882736,-0.467569733493925,0.212,0.321,1,"C18orf32"
0.504332270388978,0.467179679589845,0.141,0.123,1,"CDIP1"
0.627586784779782,0.466904976200433,0.242,0.257,1,"EXOSC10"
0.356727790242499,0.466781629797685,0.192,0.156,1,"DCP1B"
0.403783367053886,0.466644728174813,0.141,0.116,1,"UGGT1"
0.156413254734454,-0.466573778326431,0.232,0.309,1,"CNST"
0.845183035743896,0.46643479868237,0.131,0.13,1,"DNAJB12"
0.174195227260729,-0.46632906339899,0.131,0.196,1,"TIGAR"
0.0737105344063076,0.466282868947976,0.596,0.606,1,"PTP4A2"
0.506797516280259,0.466132650314133,0.111,0.092,1,"CXorf38"
0.392338390187348,0.466093031196064,0.111,0.085,1,"RP2"
0.416338765106412,0.465794146952223,0.162,0.134,1,"SLC35A1"
0.352787620417888,0.465783656412456,0.152,0.123,1,"NMD3"
0.136352677494057,-0.465721383603693,0.081,0.139,1,"GIGYF1"
0.222696900885686,-0.465608542342342,0.222,0.278,1,"PGRMC2"
0.469796864206993,0.465497710800675,0.131,0.111,1,"ZNF766"
0.0627982925495134,0.465389980851859,0.364,0.302,1,"SNX17"
0.175039145552951,-0.46480736211183,0.071,0.123,1,"PNPT1"
0.396630817065244,0.464587039986929,0.202,0.182,1,"HSPBP1"
0.0936391959386291,-0.464488911192731,0.101,0.177,1,"DBF4"
0.149224436355723,0.464413333197238,0.354,0.309,1,"RBBP6"
0.377596768364796,-0.464100878818311,0.182,0.222,1,"PSME3"
0.269115051934797,-0.464041250108198,0.545,0.597,1,"DNAJA1"
0.00725783416799128,-0.463888809538183,0.303,0.483,1,"DENND4A"
0.336941108205139,0.463881100319062,0.253,0.226,1,"BLOC1S6"
0.0640744667510444,-0.463658771145879,0.515,0.634,1,"TUBB4B"
0.476298312241143,0.463591441256397,0.121,0.097,1,"ENSG00000288755"
0.0411605829735566,-0.463508218684484,0.515,0.656,1,"RAB7A"
0.0584804910210405,0.463414006119451,0.273,0.196,1,"LIMS1"
0.111872881710705,-0.463188005560613,0.121,0.196,1,"NOTCH2"
0.310888245057583,0.463050886535545,0.283,0.25,1,"PHF11"
0.000825907646611002,0.462714236420188,0.778,0.726,1,"CD247"
0.683484157040006,0.462574514315514,0.182,0.179,1,"TDG"
0.120563815279575,-0.462491241704523,0.051,0.104,1,"KCTD13"
0.61255789202546,0.462458217836533,0.152,0.139,1,"MIB2"
0.460102942038494,0.462210627374131,0.253,0.243,1,"PSMB8-AS1"
0.291921173422628,0.461833259731906,0.131,0.097,1,"MAU2"
0.000746344855854736,0.46178424965912,0.758,0.601,1,"RABGAP1L"
0.377452809508844,0.461146368123263,0.242,0.215,1,"SLC39A8"
0.102353092835154,0.461030996258983,0.202,0.137,1,"C22orf39"
0.116778702855905,-0.460856978238429,0.091,0.158,1,"GAB2"
0.602281855699281,0.460579267533498,0.101,0.087,1,"MSH2"
0.320612097698151,0.460570459533411,0.111,0.08,1,"CKS1B"
0.319879380900148,0.460454820765565,0.323,0.304,1,"SRP72"
0.0241843615213578,0.459902810199828,0.495,0.422,1,"ANXA7"
0.112263862617338,0.459876122463375,0.364,0.309,1,"NUTM2A-AS1"
0.00200389492244218,0.459858293360073,0.848,0.79,1,"YWHAQ"
0.113102101915711,0.459506104572923,0.202,0.142,1,"TBK1"
0.392376549702133,-0.459230642017816,0.081,0.113,1,"CD83"
0.442997693987321,0.459197932271165,0.172,0.149,1,"SLC20A2"
0.273471257596217,-0.458399648537315,0.121,0.167,1,"TMEM126B"
0.382816585449052,0.458369271292544,0.192,0.165,1,"IKZF5"
0.794973884097093,0.458105312401934,0.121,0.118,1,"MRPL19"
0.575742073557971,0.458019783735383,0.162,0.146,1,"PTAR1"
0.150146372695431,0.457667053838255,0.354,0.304,1,"SPEN"
0.232005418083679,0.457564919106751,0.222,0.182,1,"AMZ2"
0.00911956378609609,-0.457000789932412,0.566,0.689,1,"HSP90B1"
0.0256399337010952,-0.456931678669803,0.293,0.427,1,"TPM4"
0.32425718012881,0.456686921822338,0.283,0.264,1,"SURF2"
0.685681291029302,0.456682100358457,0.101,0.092,1,"ZNF429"
0.0798212257631882,-0.45632245880828,0.293,0.406,1,"SMIM26"
0.19339913822841,0.456234312518581,0.374,0.34,1,"STARD7"
0.00108730559825682,0.456054977352096,0.889,0.776,1,"NEAT1"
0.551073675305529,0.455958093040224,0.101,0.085,1,"PDLIM2"
0.0998914577682375,0.455895975843413,0.343,0.29,1,"SAR1A"
0.260297359951365,-0.455854366983569,0.111,0.16,1,"H2AC20"
0.163364278477697,0.455767633185185,0.414,0.387,1,"CAMLG"
0.464026843727666,0.455751018748093,0.313,0.29,1,"UBE2L6"
0.0080317216382392,0.455602146559945,0.697,0.587,1,"RAC1"
0.0305116228999407,0.45550802719387,0.313,0.212,1,"ZFYVE28"
0.343471779904574,-0.455384196540449,0.091,0.125,1,"CRK"
0.0721743656026816,0.454938033452142,0.455,0.401,1,"TMEM248"
0.950045341333825,0.454771842916161,0.131,0.137,1,"HDDC2"
0.136180236661626,-0.454517731158497,0.121,0.193,1,"TDP2"
0.147302160871723,0.453879971106136,0.152,0.101,1,"HIBADH"
0.0236957976566499,0.453833776584966,0.566,0.45,1,"NHERF1"
0.475027629048553,0.453671933296228,0.141,0.118,1,"INO80B"
0.128660915438027,0.453645083081442,0.172,0.118,1,"STMN3"
0.364998244713518,-0.453543409681034,0.091,0.125,1,"OBI1"
0.170949843594772,0.453534188314395,0.212,0.16,1,"PRPF18"
0.00576085355414571,0.453405531831704,0.687,0.599,1,"CSNK2B"
0.716625983344009,0.453310566114579,0.131,0.125,1,"ORC5"
0.0516262466524465,0.453126548312156,0.556,0.441,1,"SLA2"
0.614410746545337,0.452899778250779,0.222,0.215,1,"HAT1"
0.303222137262619,-0.452805846936083,0.131,0.179,1,"MLLT6"
0.0241139842262156,-0.452616094208727,0.172,0.307,1,"NXF1"
0.246787693995911,-0.452301807599972,0.081,0.125,1,"NOC3L"
0.246563401332915,-0.452205911290569,0.242,0.302,1,"SECISBP2"
0.140437126134749,0.452117003390179,0.364,0.318,1,"CYC1"
0.331350342024288,0.451966719278722,0.182,0.149,1,"ATP2A2"
0.247568268968142,0.451947767777128,0.313,0.283,1,"U2AF2"
0.450089067388307,0.451850861171302,0.141,0.12,1,"YDJC"
0.248871084084023,0.4518108905026,0.212,0.17,1,"GALNT2"
0.525453252004103,0.451568604761576,0.172,0.158,1,"TRAPPC12"
0.471508608405078,0.45135493784061,0.222,0.208,1,"MED17"
0.145066850897493,-0.451206039308189,0.111,0.179,1,"TRAPPC8"
0.103146043253269,0.451016560590953,0.475,0.42,1,"PRPF8"
0.513808795268593,-0.450975768756517,0.081,0.101,1,"TBC1D14"
0.139750519947207,0.450666879649201,0.152,0.099,1,"BTD"
0.31231222908812,0.450635490829122,0.212,0.177,1,"SSBP3"
0.293550189038388,0.450290981565331,0.212,0.175,1,"EGLN1"
0.362078146491134,-0.450082396055163,0.071,0.101,1,"RAB30"
0.440019947157094,0.449585490195161,0.101,0.078,1,"ITPRIPL1"
0.288314050042589,-0.449571748758096,0.111,0.156,1,"FBXO28"
0.158237479381336,-0.449502367636702,0.152,0.224,1,"AQR"
0.407606401486833,0.449305114172428,0.172,0.146,1,"LSM2"
0.195723557673976,-0.449181367723158,0.172,0.238,1,"BSDC1"
0.443452254278023,0.449079444672659,0.273,0.264,1,"SCFD1"
0.50066086768377,0.449047894555086,0.141,0.123,1,"STX17"
0.000208061186512921,-0.448918210446278,0.98,0.981,1,"EEF1B2"
0.171370530239842,0.44888179001564,0.293,0.255,1,"TTC14"
0.732948315900518,0.448782508616761,0.131,0.125,1,"ATOX1"
0.390857270779843,0.448661069773572,0.192,0.167,1,"PFKP"
0.414940393626002,0.44861175825582,0.121,0.097,1,"STIMATE"
0.108446552168555,-0.44841776542194,0.475,0.566,1,"GADD45B"
0.064225964082761,-0.448241266582707,0.242,0.354,1,"SNHG15"
0.107892129078152,-0.448124439536499,0.202,0.3,1,"CUL1"
0.406087256960474,0.447902180541799,0.152,0.127,1,"SLC7A1"
0.601239592948994,0.446911396724078,0.131,0.118,1,"TM9SF4"
0.0897048385577068,-0.446118964465054,0.182,0.274,1,"SEPTIN11"
0.218860216538699,-0.445886273280844,0.222,0.292,1,"RBL2"
0.000556604970439454,-0.445875123488603,0.869,0.96,1,"MT-ND4"
0.364370390249236,-0.445162662608707,0.071,0.101,1,"RAB11FIP2"
0.949644123321795,0.445101444406137,0.121,0.125,1,"GRAMD1B"
0.0483339520087147,-0.445064079564926,0.303,0.429,1,"TMEM259"
0.394450227289508,0.444870539507577,0.424,0.422,1,"RASGRP1"
0.0983689462106874,-0.44456564273722,0.444,0.557,1,"DDX21"
0.177619750499365,-0.444445234608278,0.071,0.123,1,"GTF2H5"
0.386086881761657,0.444289690964717,0.202,0.175,1,"LLPH"
0.164432613341462,0.444098294510685,0.293,0.231,1,"TXNRD1"
0.116023240777768,-0.444018206007764,0.091,0.153,1,"UBASH3A"
0.298808822437553,0.444002797430168,0.263,0.226,1,"CKLF"
0.297840068649628,0.443732515477022,0.101,0.071,1,"ZNF827"
0.206505125285629,0.443703718329033,0.263,0.226,1,"SLC25A32"
0.854497776351251,0.443587304358202,0.152,0.153,1,"STAT2"
0.138369752581185,-0.44336833806609,0.081,0.142,1,"TMEM134"
0.0625354262697198,-0.443271901129839,0.141,0.241,1,"DYNLL2"
0.101769568803499,-0.443215294579572,0.343,0.45,1,"NOSIP"
0.328147225492441,-0.443134162475129,0.152,0.193,1,"CAMKMT"
0.276230944670385,0.443032939275108,0.162,0.123,1,"LONP1"
0.499871894854647,0.442642509905717,0.111,0.092,1,"HAUS6"
0.288530370360963,-0.442229727654786,0.071,0.108,1,"APBA2"
0.615832171701923,0.442077666036663,0.101,0.087,1,"TTPAL"
0.204550300754341,-0.441920536252179,0.141,0.2,1,"YTHDC2"
0.0305561210130996,-0.441731800928787,0.343,0.483,1,"DDT"
0.00201626714590006,-0.441716777501053,1,0.991,1,"PABPC1"
0.290349950768001,0.441564900811716,0.374,0.34,1,"TNFRSF14"
0.654959574015738,0.441452304457165,0.111,0.101,1,"NBPF1"
0.0715122896618206,0.44138807021419,0.313,0.236,1,"SLK"
0.687871817576795,-0.440959170804289,0.101,0.113,1,"USP53"
0.155079163442206,-0.440947556482006,0.253,0.33,1,"MON2"
0.222321930933259,-0.440725597274262,0.101,0.153,1,"KAT2B"
0.141846944559879,-0.440570045072457,0.253,0.342,1,"TMEM179B"
0.305170419723711,0.44054799693746,0.202,0.165,1,"GTF2IRD2B"
0.0317174063196015,0.440487022025208,0.576,0.545,1,"N4BP2L2"
0.0574752591359503,-0.440466657434676,0.232,0.333,1,"ABCC1"
0.0452016675449094,0.440184370060467,0.333,0.252,1,"GNPTAB"
0.0013430747958215,0.440125410570538,0.535,0.351,1,"SYNE1"
0.402627530122689,0.44010812343664,0.111,0.087,1,"THAP1"
0.282450082278427,-0.439835718891977,0.091,0.134,1,"TXNDC11"
0.063133843914543,0.439821514848049,0.263,0.184,1,"TSC22D4"
0.222540214309365,-0.439625123970553,0.061,0.104,1,"TMEM101"
0.221276837666824,-0.439612847433038,0.131,0.191,1,"BAG5"
0.2087363766757,-0.43911807916869,0.061,0.106,1,"HCFC1"
0.470592855845983,-0.4390825678742,0.091,0.116,1,"RBM19"
0.56217554086691,0.438721080416452,0.101,0.085,1,"PLCB1"
0.145959681353867,0.438657489152026,0.354,0.295,1,"DYM"
0.0158920324140291,0.438603921352142,0.758,0.682,1,"TCF7"
0.319803741185436,0.438462792589536,0.182,0.149,1,"NAA38"
0.462308959663765,-0.43799648995646,0.111,0.142,1,"THEM4"
0.0529833795240158,0.437876204996957,0.424,0.349,1,"MAP2K1"
0.286140836901096,0.437736667742818,0.242,0.198,1,"EP400"
0.182022098529253,-0.437417701018969,0.273,0.344,1,"ASAP1"
0.193888488059396,0.437339634088021,0.162,0.116,1,"BRAT1"
0.221233533291725,-0.437118628863754,0.141,0.203,1,"POLD4"
0.27275349414889,0.43677973706857,0.323,0.288,1,"BAZ1B"
0.00166618187507209,0.436418496257402,0.636,0.491,1,"BUB3"
0.562577856338812,0.436350503261743,0.111,0.094,1,"B3GALT4"
0.209664208498974,-0.436336688227319,0.232,0.307,1,"CERT1"
0.0200926437047649,-0.436080929393399,0.465,0.62,1,"GPBP1"
0.250197583759587,0.435681562886868,0.273,0.238,1,"GID8"
0.178661102643896,-0.435678188538122,0.202,0.276,1,"SLC5A3"
0.352304491895654,0.43557096477134,0.172,0.137,1,"TEX30"
0.0721736388584654,-0.435555843791207,0.111,0.196,1,"CRKL"
0.387895464753712,-0.435536782786756,0.848,0.823,1,"S100A11"
0.262860767932911,-0.435451812080264,0.071,0.111,1,"LEMD2"
0.496048696883534,0.435365990094306,0.162,0.144,1,"STX6"
0.812833164478061,0.435364037651992,0.101,0.097,1,"CDYL"
0.755034049454881,0.435241611773614,0.101,0.094,1,"CCNB1IP1"
0.348482917081611,0.435209514926487,0.212,0.189,1,"RUVBL2"
0.326808079996759,-0.435010756500821,0.091,0.127,1,"NOL10"
0.116247269943191,0.434867090004791,0.323,0.259,1,"HCG18"
0.059870485286524,0.434785922784788,0.444,0.396,1,"DPP7"
0.508351018559426,0.434691741990176,0.131,0.111,1,"HMGXB4"
0.293383423254291,-0.434636703904699,0.192,0.245,1,"THOC1"
0.232414146640126,0.434386315236841,0.202,0.16,1,"ARL14EP"
0.393988493394812,0.434380844878649,0.111,0.085,1,"TTL"
0.0890439000629158,0.43428490869493,0.121,0.068,1,"JAKMIP2"
0.491531340156405,0.434270186617827,0.182,0.163,1,"ACLY"
0.145089719823035,0.433915483807334,0.374,0.344,1,"SNRPC"
0.366462310329796,-0.433746468332895,0.101,0.134,1,"ERCC6L2"
0.0565965334332724,0.433720552396197,0.384,0.297,1,"NUB1"
0.0482857154452226,0.433548297342677,0.535,0.467,1,"STAG1"
0.29956057518565,0.433442474785909,0.121,0.087,1,"NDRG3"
0.101081632908251,-0.433311810277466,0.444,0.535,1,"HSPH1"
0.605209335014781,0.433212325930248,0.111,0.099,1,"YJU2"
0.502796361780363,0.433163453026117,0.303,0.288,1,"AGO3"
0.28741551123795,0.433007603647833,0.202,0.16,1,"ASTE1"
0.117220440242419,0.432948625522729,0.354,0.3,1,"IP6K1"
0.283023071914898,0.432845976245357,0.283,0.248,1,"RNF220"
0.121981014811098,0.432772037198775,0.475,0.425,1,"MAP2K2"
0.342314687148195,0.432759271339568,0.131,0.099,1,"TAGAP-AS1"
0.0112246929139431,-0.432672803185218,0.576,0.717,1,"GPX4"
0.0128672597674473,0.432316530486458,0.566,0.441,1,"GSTP1"
0.566698320617237,0.432224019927641,0.131,0.118,1,"ASB6"
0.64356656905827,0.432008995638212,0.121,0.108,1,"ABCD3"
0.21119809526618,0.431909490527116,0.273,0.224,1,"DYNC1LI1"
0.248088747618555,-0.431652596211728,0.172,0.229,1,"RALGAPB"
0.333801354746391,0.431284316241674,0.172,0.137,1,"RETREG3"
0.466596040459528,0.430883462430599,0.101,0.08,1,"UTP14A"
0.127028523176004,-0.430255496418285,0.202,0.288,1,"SEC14L1"
0.16926476676214,0.430233627729867,0.273,0.215,1,"AP1G1"
0.487496899004705,0.42983501473149,0.192,0.175,1,"MFSD14B"
0.000608595218228455,0.429359729383338,0.677,0.493,1,"HLA-DPB1"
0.373453603246712,0.428879307756132,0.162,0.134,1,"OSBPL3"
0.115851671939181,-0.428207560258579,0.081,0.144,1,"NPEPPSP1"
0.104261087175344,-0.42747457085509,0.162,0.248,1,"RAB35"
0.0406305897939303,-0.426939217925246,0.131,0.233,1,"NUP50"
0.379748513980301,0.42693520836271,0.192,0.165,1,"UBL7"
0.245863417791441,0.426712113428723,0.253,0.208,1,"PUM3"
0.824993965836525,0.426681650467749,0.202,0.236,1,"SPAG7"
0.636070218553347,0.426550828568578,0.111,0.099,1,"KATNB1"
0.41894909352119,0.426409730328719,0.152,0.125,1,"NAA25"
0.0945578308311093,0.426132721024765,0.384,0.333,1,"PPP1R11"
0.0024362995219217,0.42609188408922,0.667,0.467,1,"CD58"
0.503014462448445,0.426062406808075,0.293,0.281,1,"RBM14"
0.00186609833813869,-0.425964377137699,0.798,0.894,1,"SNHG29"
0.734953086568507,0.425938142145011,0.364,0.38,1,"MAP7D1"
0.0894956141719492,0.425920720075313,0.545,0.524,1,"WDR1"
0.263805348912078,-0.425882573291942,0.111,0.158,1,"MAPK14"
0.12274049365796,0.425844573294094,0.323,0.259,1,"ERLEC1"
0.170920230848174,-0.425792882304359,0.192,0.264,1,"BTG3"
0.414832804821609,0.425783160225444,0.384,0.394,1,"NUCKS1"
0.405273702433723,0.425592608711083,0.273,0.241,1,"PDAP1"
0.052016513092967,-0.425590325391307,0.323,0.465,1,"CEBPZ"
0.116901580628635,-0.425411402484823,0.202,0.281,1,"IER5"
0.604395878386625,0.425354360074129,0.162,0.149,1,"DCAF11"
0.200340524416806,-0.425346360608615,0.242,0.321,1,"TUSC2"
0.138392802124516,-0.425258110755598,0.101,0.165,1,"ANKFY1"
0.548284934895471,-0.425033555038711,0.182,0.215,1,"PMAIP1"
0.356427436049241,0.424819310655745,0.232,0.205,1,"POLR2H"
0.355550700918717,-0.424718667853492,0.111,0.149,1,"MAPKAPK5"
0.0500449747683641,0.424424742665596,0.505,0.425,1,"PUM2"
0.0733127050038821,-0.42442018795259,0.202,0.307,1,"SND1"
0.861907474905991,0.424237158099073,0.131,0.132,1,"CHM"
0.678414854382283,0.42417489821792,0.182,0.175,1,"RRM1"
0.327837902492501,0.42409421449125,0.273,0.255,1,"INTS11"
0.939693861392181,0.42405342348588,0.111,0.12,1,"GPATCH11"
0.00223717551060989,-0.423855521875408,0.737,0.825,1,"ANKRD12"
0.29017235408538,0.423754485747073,0.111,0.08,1,"CTSB"
0.25752261842557,-0.423727018818592,0.242,0.283,1,"MAN2A1"
0.00505369930176628,-0.423664329390932,0.758,0.837,1,"PITPNC1"
0.0614493368230273,0.423637264663825,0.556,0.488,1,"SF3A1"
0.0482002400625237,0.423356334684613,0.616,0.613,1,"CDC42SE1"
0.0557499237238327,0.423343245538633,0.232,0.156,1,"TNFRSF9"
0.176262165368911,0.423071292765083,0.313,0.264,1,"TNIP2"
0.00312977618105013,0.42286376635711,0.667,0.524,1,"REEP5"
0.138563831855303,-0.422606308276999,0.192,0.274,1,"SCAF8"
0.167105362730601,-0.422344601252025,0.111,0.175,1,"SLC44A2"
0.0389990789965793,0.422307332010356,0.313,0.217,1,"DNLZ"
0.241928067767751,-0.421833956822466,0.071,0.113,1,"WDR73"
0.0677029054548864,-0.421756446882117,0.434,0.542,1,"ELOVL5"
0.254973979012138,0.42166188805743,0.374,0.351,1,"DDB1"
0.808269313762425,0.421599277127896,0.212,0.217,1,"MCM6"
0.108439505297375,-0.42157817328045,0.121,0.191,1,"BCL2A1"
0.00580228901577088,0.421492043920527,0.818,0.741,1,"MBP"
0.295312659343535,0.421477712312948,0.293,0.257,1,"GOSR1"
0.165090225817909,0.421443051952491,0.152,0.101,1,"ANKRA2"
0.141199824595803,-0.421368072288058,0.212,0.302,1,"UBE4A"
0.140134036414385,0.421340239202032,0.364,0.314,1,"AKIRIN2"
0.812276834866641,0.421186431430028,0.121,0.118,1,"NPHP3"
0.352687405099327,0.421034869341223,0.313,0.29,1,"FBXL5"
0.101726989900053,0.42099737812523,0.434,0.401,1,"NDUFAB1"
0.156691914383366,0.420865785428596,0.232,0.172,1,"ATAD2B"
0.133075216857319,0.42054553252086,0.525,0.462,1,"TNFRSF1B"
0.228256918901196,0.420443950268785,0.323,0.285,1,"POLR2J"
0.47780487928727,0.420379643146358,0.121,0.099,1,"SAP30"
0.0992202481119705,-0.42027972911255,0.444,0.535,1,"IQGAP2"
0.233338380329656,-0.42027717395579,0.121,0.175,1,"SLC7A6OS"
0.107189149223671,-0.420034497338679,0.071,0.134,1,"PIN4"
0.486455191114207,0.420015876723014,0.192,0.175,1,"SPTLC1"
0.000199793421190395,0.419917792837674,0.929,0.868,1,"LIMD2"
0.574705530893484,0.419812588568047,0.172,0.16,1,"ATXN7L3B"
0.915198344657331,0.419503173480078,0.152,0.17,1,"CBL"
0.109762757513962,-0.419462387025339,0.364,0.465,1,"NFAT5"
0.6871204765748,0.419457346103357,0.131,0.123,1,"IRF2BP1"
0.0305129806036955,-0.41914840594194,0.222,0.354,1,"LRCH3"
0.23120631047541,0.41912466643926,0.293,0.248,1,"USP9Y"
0.524972816582298,-0.41888347619697,0.081,0.101,1,"PPIL3"
0.482874649808233,0.418857927083648,0.162,0.139,1,"DIAPH2"
0.510111314903404,0.418828318853605,0.162,0.139,1,"WDR6"
0.186753896978724,-0.418606952496106,0.838,0.866,1,"LMNA"
0.15812608754232,-0.418486508816449,0.121,0.189,1,"RPIA"
0.657208724928207,0.418469133469559,0.121,0.111,1,"GCLC"
0.40241945141048,0.418274297197945,0.162,0.134,1,"CCDC32"
0.31756948174299,0.418257615265248,0.182,0.146,1,"EBP"
0.229374953227302,0.418241809217568,0.434,0.392,1,"TOX4"
0.311113947397354,-0.418195087160219,0.111,0.153,1,"HAGH"
0.188330955097622,0.417475943360896,0.323,0.276,1,"PSMC6"
0.233113017283108,0.417460974901136,0.273,0.219,1,"REX1BD"
0.103507495617489,0.417456654777858,0.566,0.552,1,"ADAR"
0.954776659289767,0.417447013027257,0.121,0.125,1,"CLSTN3"
0.932492761458038,0.417104734695151,0.131,0.144,1,"REEP3"
0.0132131986222485,0.417103856161051,0.586,0.483,1,"VAMP2"
0.00628983932949921,0.416657682102312,0.778,0.726,1,"TMEM50A"
0.0366119399703864,0.416529179452814,0.434,0.358,1,"API5"
0.41601875721235,0.416448280305992,0.222,0.193,1,"KIAA0232"
0.175713108503868,0.416119608477522,0.202,0.149,1,"TRMO"
0.616061540869216,0.415967519873635,0.111,0.097,1,"AKAP11"
0.0906763902845579,-0.415918638199429,0.273,0.377,1,"PAF1"
0.631249931309841,0.415774151476095,0.222,0.222,1,"DNMT1"
0.243453869854026,-0.415697322107391,0.081,0.127,1,"PHF8"
0.424321846160019,0.415582976704734,0.162,0.137,1,"MDM2"
0.0481492982669813,-0.415489983627998,0.293,0.434,1,"MED4"
0.211559599923152,-0.415316629902071,0.081,0.127,1,"CCDC43"
0.127990480643876,-0.414952153253235,0.192,0.278,1,"DOCK11"
0.00360497231312497,0.414776031964908,0.657,0.571,1,"PPP1CA"
0.588325743962146,0.414537255366129,0.313,0.323,1,"WDR82"
0.350320111509188,-0.414492996459909,0.515,0.594,1,"HSPE1"
0.354948275399146,0.414241658591414,0.152,0.12,1,"F11R"
0.233007236369925,0.413817557648925,0.222,0.172,1,"FTSJ1"
0.485717543369186,0.413043626572526,0.141,0.123,1,"ALG2"
0.883440660577819,0.412468558775704,0.222,0.241,1,"DDX54"
0.162576478954608,-0.412466834492193,0.121,0.186,1,"MTHFS"
0.42890310336153,0.412439254118383,0.202,0.177,1,"KIAA2013"
0.307909073683387,-0.412252283980976,0.121,0.167,1,"PLEKHJ1"
0.227278436323905,0.412243790135427,0.273,0.231,1,"STK40"
0.59429159693473,0.412226370938104,0.212,0.198,1,"RNASET2"
0.0766199305619054,-0.412008154035274,0.283,0.384,1,"SOD2"
0.72309610838941,-0.41181112716755,0.212,0.219,1,"SYTL2"
0.199206892067671,0.411724216903416,0.242,0.198,1,"CRNKL1"
0.0886679576830446,-0.411103342914285,0.131,0.215,1,"BPGM"
0.454103794585838,0.410875124785251,0.212,0.186,1,"POP4"
0.109918486662444,-0.410870004574942,0.212,0.309,1,"UBE2G1"
0.584877639700926,0.410763413431626,0.232,0.217,1,"USO1"
0.491170775733842,0.410684695983442,0.232,0.217,1,"DLST"
0.369687542772829,0.41059589284221,0.303,0.283,1,"M6PR"
0.187855282151651,0.410571799352806,0.182,0.132,1,"ENOPH1"
0.356158137139939,0.4103344335797,0.182,0.149,1,"NOC4L"
0.414325829489881,0.410131302225539,0.192,0.165,1,"NBEAL2"
0.460816775001721,0.409949522774505,0.253,0.233,1,"UFL1"
0.676520997280417,0.409452604960617,0.212,0.208,1,"EHD4"
0.0118090650718994,-0.408797245355372,0.606,0.752,1,"ZFAS1"
0.224395268260739,-0.40871928849001,0.192,0.259,1,"PCIF1"
0.517666072816677,0.408652236443305,0.101,0.083,1,"POC1B"
0.105913035803657,-0.408572804734344,0.141,0.224,1,"ABCF2"
0.0285329111380595,0.408405776506807,0.535,0.45,1,"KANSL1"
0.556670979931773,0.408369357473827,0.253,0.25,1,"PPP2R2D"
0.12362500272972,-0.408292810697585,0.192,0.274,1,"ZNF276"
0.391615224502225,0.40824415834607,0.152,0.123,1,"GOT1"
0.4213004376393,0.408187635008409,0.131,0.106,1,"ENSG00000291117"
0.0307468134860411,0.408185258979601,0.515,0.427,1,"PRDX5"
0.56035417179635,0.408055207385374,0.192,0.179,1,"IARS1"
0.0245116103031572,0.408024958579549,0.707,0.712,1,"FMNL1"
0.0500013722575672,-0.407933137973881,0.616,0.66,1,"YBX3"
0.114961257666447,-0.407797423758587,0.101,0.17,1,"POLK"
0.0695224787131427,0.407792222215962,0.475,0.392,1,"TANK"
0.400418891532267,0.407755968510931,0.101,0.075,1,"D2HGDH"
0.00241567471797319,-0.40772695683676,0.596,0.767,1,"FAM107B"
0.251633773411228,0.407705903944213,0.232,0.186,1,"WDR20"
0.0567580519858656,-0.407565667744563,0.202,0.314,1,"BRWD1"
0.205730535900105,0.407483685532852,0.444,0.387,1,"GIMAP4"
0.0252003358421849,-0.407462349501503,0.586,0.691,1,"RAC2"
0.407338139719207,0.406443041162334,0.212,0.179,1,"STRIP1"
0.278805871767075,0.406317443341871,0.212,0.172,1,"PCNX2"
0.230498561142357,0.406218418251304,0.182,0.137,1,"GALNT1"
0.588772940999318,0.406074846329335,0.162,0.149,1,"PES1"
0.615393978625465,0.405990552645985,0.141,0.127,1,"ABTB1"
0.0863434550211948,-0.405668878135045,0.131,0.222,1,"VPS26C"
0.936596049314238,0.405573240647509,0.152,0.16,1,"NCOA5"
0.133438586477703,-0.405531181806001,0.263,0.356,1,"RILPL2"
0.0622107641271863,-0.405341866217357,0.242,0.342,1,"PTPRA"
0.578772259661984,-0.40534176663423,0.121,0.146,1,"SNHG3"
0.382095973662665,0.405106292459444,0.333,0.318,1,"DAP3"
0.717923817556495,0.405051197983797,0.101,0.094,1,"ARMC9"
0.186537902937801,0.404906462037254,0.404,0.382,1,"PSMB10"
0.00912495493115718,0.404884835122031,0.717,0.644,1,"LYST"
0.00020167751542342,0.404480968616603,0.98,0.925,1,"S100A10"
0.472786202309891,0.404390242210871,0.222,0.208,1,"RPAP2"
0.463658367796624,0.404371686752069,0.152,0.127,1,"MVB12B"
0.259018029311106,0.404315074643413,0.212,0.17,1,"BCL2L11"
0.42111252019095,0.404120825765046,0.111,0.087,1,"PDRG1"
0.484876719782063,-0.404063424015203,0.091,0.116,1,"CHPT1"
0.2289623022015,0.404053933005606,0.253,0.208,1,"NDUFA9"
0.095724648766528,-0.404045459240056,0.172,0.264,1,"HARS1"
0.78129604152568,0.403855552671495,0.212,0.219,1,"RUBCN"
0.558856688187261,0.403741204477474,0.141,0.127,1,"ABHD17B"
0.277894823709915,0.403669981976404,0.303,0.271,1,"ZBTB43"
0.396013200438559,-0.403592519086509,0.091,0.123,1,"CWF19L1"
0.0412567559620309,0.40355024914311,0.515,0.422,1,"TRAPPC10"
0.285883632888391,-0.403521712578759,0.081,0.123,1,"PCNA"
0.467322860292795,-0.403253850206317,0.091,0.118,1,"GRHPR"
0.0817329431849963,-0.402785350329872,0.343,0.462,1,"SSU72"
0.359919203448483,0.402655366835839,0.202,0.17,1,"GFI1"
0.224029559466576,-0.40264387042379,0.071,0.116,1,"AKAP13-AS1"
0.848267400539425,0.402573442240786,0.101,0.099,1,"ZNF141"
0.506041304774903,-0.402502748047033,0.101,0.127,1,"SLAMF6"
0.392750482270067,0.402441569695879,0.111,0.085,1,"APOBEC3D"
0.894608415572563,0.402367501583295,0.152,0.158,1,"MRPL37"
0.379989078540498,-0.402356991181077,0.091,0.123,1,"GTF2H3"
0.28938823895891,-0.402210505279231,0.101,0.144,1,"SYMPK"
0.29999560994373,0.402120335850512,0.202,0.167,1,"NOP14"
0.259879133780607,0.402044748402534,0.333,0.3,1,"CMTM6"
0.557110931441512,0.401866626305164,0.121,0.106,1,"MAPK9"
0.176760881240019,-0.401822222790792,0.313,0.403,1,"ABCF1"
0.0177408809356832,-0.401468401112904,0.394,0.58,1,"HERC1"
0.135851016670121,-0.401372375820388,0.232,0.314,1,"GPRIN3"
0.353122400950907,0.401252296772677,0.202,0.167,1,"C5orf24"
0.235050570981242,0.401186622708455,0.152,0.111,1,"PRKAR1B"
0.164653980192357,-0.401025965317507,0.091,0.151,1,"METTL17"
0.10651142299255,0.400822302500141,0.424,0.363,1,"RNF115"
0.0404812405174103,-0.40064388065403,0.141,0.25,1,"CD59"
0.434715081600803,0.399700342274206,0.141,0.118,1,"DHPS"
0.299826976332524,0.399649076199442,0.394,0.366,1,"REST"
0.182655289610785,0.399428118681774,0.192,0.276,1,"HSPB1"
0.0995608000076039,0.399193223681597,0.495,0.436,1,"DCXR"
0.475022253580412,0.399147419401588,0.212,0.193,1,"UBE4B"
0.0337195614919485,-0.399125321369831,0.313,0.467,1,"U2SURP"
0.445469224956978,0.398996226960586,0.162,0.137,1,"ACACA"
0.0735480410303717,-0.398949425930178,0.263,0.375,1,"LRRC8C"
0.533936692893774,0.398933306098017,0.141,0.125,1,"SFXN3"
0.358531914142111,0.398727102767383,0.424,0.434,1,"POLR2K"
0.230757850263781,-0.398681054091686,0.111,0.165,1,"WDR75"
0.176893106722462,-0.398614669489267,0.091,0.146,1,"ZNF609"
0.139652731957187,-0.398283274644169,0.101,0.165,1,"DKC1"
0.210753061522644,-0.397906512699668,0.101,0.156,1,"KLHL18"
0.188571051248684,-0.397755411411623,0.293,0.384,1,"SDHAF2"
0.0738584789102079,0.397713510152204,0.374,0.292,1,"JAZF1"
0.15606305813401,0.397442961388817,0.636,0.63,1,"PARK7"
0.362663047240618,0.397205942580728,0.283,0.259,1,"TSSC4"
0.792857048379054,0.397058461738171,0.101,0.097,1,"CARD8-AS1"
0.373447924917239,-0.396906767407178,0.152,0.191,1,"AP1G2"
0.242885008478245,0.396868971514203,0.475,0.467,1,"CEP350"
0.89424143648867,0.396650667002459,0.222,0.245,1,"ETFA"
0.369404256110225,-0.396631987141346,0.172,0.212,1,"USP1"
0.222620837151543,0.396618180908188,0.374,0.347,1,"ATG5"
0.130033951707875,-0.396532748569611,0.152,0.229,1,"ZNF326"
0.19065370056467,0.396495800509093,0.263,0.215,1,"MIDEAS"
0.214308025581358,0.39633074841451,0.273,0.224,1,"PTRHD1"
0.0910636527033733,0.396235733801348,0.283,0.203,1,"FHIP2A"
0.76490534922156,0.395964211011177,0.141,0.137,1,"LINS1"
0.473712465120678,0.395887158089333,0.152,0.13,1,"CHD9"
0.262367245450587,0.395828493784025,0.303,0.259,1,"ARID4A"
0.000434714586799634,0.395821266462679,0.929,0.844,1,"CORO1A"
0.138501246359069,0.395676817498813,0.222,0.16,1,"SLC25A39"
0.0151584955128594,0.395667288639968,0.848,0.851,1,"MYH9"
0.255063543182795,-0.395607475508088,0.232,0.292,1,"USP25"
0.388485425839637,0.395450939765422,0.172,0.144,1,"BMT2"
0.398272205987781,0.395338051993665,0.172,0.146,1,"ACSS1"
0.167769014085123,-0.395287402486188,0.172,0.243,1,"NBEAL1"
0.0662582721255233,0.395208320174456,0.323,0.233,1,"APOBEC3C"
0.0992482304680718,-0.39504631463417,0.273,0.373,1,"TTC19"
0.337223487513368,0.394915981888689,0.182,0.149,1,"RSPRY1"
0.508083441215916,0.394687928749519,0.141,0.12,1,"GOT2"
0.429619614744275,0.39458456415354,0.121,0.097,1,"LPAR6"
0.387332695717205,-0.394375576430062,0.162,0.203,1,"UBAP2L"
0.410916050399444,0.394359832553282,0.121,0.097,1,"MRPL40"
0.582659698878523,0.394049830286888,0.141,0.125,1,"EIF2AK3"
0.392409499268415,0.394035142474618,0.192,0.167,1,"ZCCHC8"
0.906487771413073,0.394031181695901,0.202,0.208,1,"RASSF3"
0.640352074528521,0.393958591455673,0.141,0.13,1,"ZNF708"
0.0510858961783651,0.393954530177852,0.747,0.724,1,"SPTAN1"
0.151602168889858,0.393746949163683,0.283,0.226,1,"TNPO1"
0.535949552971924,0.393711890893627,0.111,0.092,1,"CPOX"
0.501523692020233,0.393263718708167,0.253,0.236,1,"TMPO"
0.534737483401136,0.393081872863489,0.182,0.16,1,"MYCBP"
0.053285920335083,0.393033345164002,0.505,0.441,1,"PSMD2"
0.0307382071587502,0.392870636600579,0.535,0.46,1,"MAPK1"
0.0320524153863979,0.392831264067972,0.758,0.752,1,"RUNX3"
0.269079201954226,-0.392769453286234,0.182,0.243,1,"DCP1A"
0.27958946039667,0.392480213706249,0.162,0.123,1,"RNF44"
0.274236937304928,-0.39245042699475,0.131,0.182,1,"CBX1"
0.00857904025542229,0.392394461496818,0.838,0.83,1,"SEPTIN7"
0.114263707950424,0.392347134699325,0.485,0.453,1,"MEAF6"
0.000740495169902821,0.392194941531975,0.939,0.894,1,"CD8A"
0.582079518876692,0.392192335320471,0.253,0.252,1,"KDM4C"
0.490882805815731,0.392157681217296,0.111,0.09,1,"ZW10"
0.168306855804078,-0.392103054510559,0.364,0.429,1,"HMGA1"
0.00928537509099873,-0.391935584633111,0.737,0.854,1,"RBM39"
0.247812795771786,0.391872106496975,0.354,0.321,1,"PSMG2"
0.585280500256734,0.391626256129491,0.141,0.125,1,"HMG20B"
0.974789593304593,0.391444871157521,0.111,0.113,1,"EPB41L5"
0.135349926858693,0.391381097713127,0.354,0.295,1,"WAPL"
0.236108542228782,-0.391369216578479,0.283,0.351,1,"PHF20L1"
0.384313251707385,0.391241723693495,0.192,0.163,1,"VAV1"
0.555140147485692,0.390950603884339,0.152,0.134,1,"SPAG1"
0.328206239512053,-0.390937317536396,0.091,0.13,1,"PANK3"
0.146186316246349,-0.390531970160699,0.172,0.25,1,"MRPS26"
0.350722764847088,0.390225537360281,0.192,0.158,1,"VCPKMT"
0.000470936146520448,0.390147145125818,0.929,0.936,1,"NCL"
0.554018368597277,0.390139804648455,0.212,0.198,1,"KPNA3"
0.353857955357322,-0.389965626147292,0.081,0.116,1,"ZMYND19"
0.20004953348143,0.389878397142665,0.323,0.274,1,"INO80D"
0.676975351810631,0.389827233075667,0.192,0.189,1,"ORC4"
0.336186707415917,-0.389826866011274,0.121,0.16,1,"UTP4"
0.0897938993595463,-0.389815967440997,0.121,0.203,1,"TDP1"
0.0257075209690175,0.389805822627264,0.566,0.462,1,"ZMAT2"
0.346393128894156,0.389671419353094,0.162,0.13,1,"AHCYL1"
0.127409773230635,-0.389553480000374,0.222,0.314,1,"ZNHIT3"
0.462638536493118,-0.389530428772876,0.121,0.151,1,"ATG7"
0.0500392180631106,-0.389514367434122,0.404,0.54,1,"G3BP1"
0.162721549557077,-0.389357347163538,0.212,0.29,1,"MRPL14"
0.0710620705680841,0.389079628311621,0.333,0.257,1,"SMARCC2"
0.154064252714417,0.389073986529258,0.475,0.458,1,"MRPL20"
0.654519666809194,0.389052287612131,0.131,0.118,1,"LIX1L"
0.327212094526256,0.388950144442675,0.253,0.215,1,"MFF"
0.239779908532189,-0.388878694424975,0.101,0.153,1,"DDX19A"
0.498577043848252,0.388633962967584,0.313,0.304,1,"QKI"
0.193307932428373,0.388628286173243,0.475,0.465,1,"OGT"
0.0286510407772649,0.38857373206826,0.525,0.446,1,"C1orf43"
0.40851260948842,0.388509017058511,0.121,0.097,1,"MCCC2"
0.324566233296342,-0.388323545560917,0.071,0.104,1,"TET3"
0.186882083686395,0.387814338972326,0.313,0.262,1,"HGS"
0.0827583624889099,0.387355536283182,0.657,0.597,1,"S1PR1"
0.680392603706975,0.387335916316352,0.212,0.205,1,"DICER1"
0.0488336202770678,0.387326206043116,0.263,0.172,1,"NPC1"
0.368884105279362,0.387117847912815,0.192,0.16,1,"CEP95"
0.0727352564931105,0.386864705727899,0.232,0.16,1,"PDZD8"
0.711937110153413,0.38654695809667,0.131,0.123,1,"AGAP2"
0.123477624592406,0.386356678944136,0.384,0.323,1,"RPS19BP1"
0.491297660328486,0.386335389906197,0.141,0.12,1,"RPRD1A"
0.320068585201809,0.386299066044622,0.263,0.222,1,"PAM"
0.0624935985711909,0.386046410123678,0.303,0.212,1,"MT1E"
0.155782024629227,0.386039145881569,0.525,0.472,1,"CYTOR"
0.370977982403797,0.386019914532188,0.222,0.191,1,"TWF1"
0.0169450103151718,0.385929479376012,0.677,0.594,1,"ENSA"
0.549009760011193,0.385832752915185,0.222,0.208,1,"DHX16"
0.253539270061126,-0.385752684798777,0.606,0.667,1,"NFKB1"
0.224161520382157,-0.385627653345409,0.737,0.802,1,"SQSTM1"
0.367849744749103,-0.385531971732001,0.101,0.137,1,"CTDP1"
0.502821755952118,0.385528238847459,0.273,0.259,1,"CDC40"
0.0813527109461649,-0.385441782448552,0.141,0.229,1,"MSI2"
0.246658888301085,-0.38537569584379,0.081,0.127,1,"C7orf50"
0.0832136048894779,0.38506114921843,0.354,0.274,1,"RAPGEF1"
0.435272371030848,0.384992575889045,0.222,0.196,1,"DENND1B"
0.370245184174577,-0.384988657420971,0.091,0.125,1,"FAM76A"
0.000515363460095805,-0.384667520585686,0.929,0.943,1,"RPL7"
0.759144125844722,0.384470279737234,0.101,0.116,1,"COG1"
6.81968093822164e-05,0.38443695596151,0.889,0.62,1,"ZEB2"
0.13304495658948,0.384285583873103,0.303,0.243,1,"KIF22"
0.148486558309341,-0.384137262981026,0.343,0.434,1,"RBMX"
0.15031089828998,0.383279206122334,0.414,0.354,1,"ARL8B"
0.617968457260309,-0.383160260771753,0.091,0.108,1,"ATP1B1"
0.179471876045611,0.38286270815043,0.414,0.375,1,"UBE2K"
0.47309653958249,-0.382509815846379,0.091,0.116,1,"SKIC2"
0.329818977910278,0.382439341827491,0.242,0.208,1,"CHMP1A"
0.275920553155971,-0.382377110945354,0.141,0.196,1,"DIS3"
0.677645080977914,-0.382192204280586,0.232,0.215,1,"PGAP1"
0.668342696130678,0.382117163194164,0.101,0.09,1,"CTU1"
0.188484356035015,-0.382095020681854,0.374,0.441,1,"KMT2C"
0.497869060312813,0.381974782509805,0.182,0.158,1,"ESF1"
0.1520898286438,-0.381851556418264,0.313,0.406,1,"TMED9"
0.44710562389846,0.381849776015738,0.111,0.087,1,"PARP10"
0.816711340148135,0.381840191154992,0.152,0.151,1,"NT5C"
0.223818179141257,0.381709615727747,0.232,0.189,1,"CSNK1G1"
0.586613886681725,0.381632664514193,0.232,0.226,1,"OTULINL"
0.218195101977098,0.381416799425207,0.273,0.224,1,"TTC1"
0.483636733035867,0.381007869706311,0.192,0.17,1,"PEX3"
0.00299671908860811,0.380827064533117,0.788,0.627,1,"NFATC2"
0.0165029570924245,0.380813084134718,0.768,0.689,1,"SYNE2"
0.0356029247174746,0.380252376664387,0.455,0.366,1,"SEC13"
0.689400179438683,0.379922036016481,0.212,0.21,1,"NUDT5"
0.123037847900879,0.3798888456516,0.485,0.432,1,"NDUFC1"
0.194021912061704,-0.379764898662789,0.253,0.34,1,"FNIP1"
0.333383043954354,-0.379410512394887,0.192,0.248,1,"USP12"
0.820507194564795,0.3793101594705,0.101,0.099,1,"ARHGAP35"
0.0498787460660371,0.37930642656896,0.596,0.514,1,"KRTCAP2"
0.45913343354366,0.379286918107555,0.141,0.118,1,"PI4KB"
0.103892785560339,0.379207577328969,0.525,0.491,1,"PAPOLA"
0.0584539263179516,-0.378926483514266,0.202,0.323,1,"TMEM165"
0.884099094384299,0.37859767441948,0.162,0.167,1,"C8orf76"
0.116196382444875,-0.37857817590177,0.263,0.354,1,"PSPC1"
0.121099263111296,-0.378403001700943,0.253,0.351,1,"ITPKB"
0.15701236216009,-0.378122320312032,0.131,0.196,1,"C2orf49"
0.10914420917715,0.377889261428326,0.455,0.389,1,"DYNLT1"
0.036198993595452,-0.377583224593246,0.465,0.568,1,"JUN"
0.211506570384769,0.377487643990675,0.212,0.165,1,"BRIX1"
0.233575526350907,-0.377479987062279,0.091,0.139,1,"SOCS4"
0.118925045666727,-0.377328101081471,0.505,0.597,1,"TMEM123"
0.146768172013547,0.377288543105643,0.434,0.375,1,"CLASP1"
0.224775233553194,-0.377020508022847,0.162,0.224,1,"BET1L"
0.522953384108032,0.376942190010318,0.172,0.151,1,"ARHGEF2"
0.677449134118617,0.376935958602846,0.202,0.198,1,"OSGEP"
0.312534623733393,-0.376805516051828,0.192,0.248,1,"PFKFB3"
0.964037957310347,0.376660760508194,0.101,0.106,1,"DHRSX"
0.145148584411027,-0.376068579883743,0.343,0.413,1,"RPS6KA3"
0.619683672591628,0.375981613709536,0.172,0.158,1,"MANBA"
0.837783252244684,0.375972966328852,0.141,0.139,1,"TULP4"
0.242614853531213,0.375864840420063,0.253,0.212,1,"NELFCD"
0.138884761757957,-0.375816183515184,0.111,0.179,1,"PHF23"
0.915813100768672,0.375656048213965,0.192,0.205,1,"MRPL18"
0.637062645648302,0.375584058081151,0.141,0.132,1,"TBRG4"
0.454560769072075,-0.375526680095628,0.121,0.153,1,"RERE"
0.0671887563233069,-0.375381245958553,0.495,0.611,1,"TGFBR2"
0.084497364870818,0.37502753399323,0.495,0.448,1,"GABARAPL2"
0.389598284699192,0.375012802632938,0.212,0.189,1,"EMG1"
0.00857123898167718,0.374932768290781,0.798,0.675,1,"ORAI1"
0.0692052808898081,0.37474517105305,0.414,0.34,1,"MRPS18C"
0.395707614061014,-0.374581645249251,0.131,0.167,1,"POLR2M"
0.410432209234553,0.374497885812167,0.232,0.21,1,"IFI6"
0.473945109728099,0.37429230160519,0.202,0.179,1,"VPS53"
0.968202510018094,0.374264864049228,0.101,0.104,1,"ARL13B"
0.266833875124722,0.37419463988574,0.253,0.212,1,"ADIPOR2"
0.111134366740492,-0.374050113386178,0.182,0.278,1,"ARHGAP4"
0.893826990315385,0.373990274469937,0.111,0.111,1,"PFKL"
0.000209225416375664,0.37396086930599,0.929,0.877,1,"ATP5F1B"
0.287257937471713,0.373941408589919,0.202,0.165,1,"STARD3"
0.645822015477159,0.373457314066544,0.192,0.177,1,"VGLL4"
0.00156624067481216,0.373248168189041,0.677,0.479,1,"AOAH"
0.550276896342937,0.373155324418731,0.222,0.2,1,"TBX21"
0.784874417487652,0.372813898225769,0.121,0.113,1,"WRN"
0.24977260046097,0.372785611138985,0.222,0.182,1,"C6orf89"
0.505447587645513,0.372728774577273,0.182,0.165,1,"NPLOC4"
0.588837652967711,0.372632485102622,0.101,0.085,1,"EDC3"
0.64425395119422,0.372506998576742,0.182,0.172,1,"LAGE3"
0.349720436495702,0.372298719563186,0.343,0.311,1,"HUWE1"
0.497467347441409,0.372204979748873,0.222,0.212,1,"TARS3"
0.415249906677741,-0.372063893939242,0.121,0.156,1,"SURF1"
0.0691976722765839,0.371981290706914,0.485,0.42,1,"ZNF292"
0.215798598435169,0.371781804534004,0.333,0.295,1,"BAG1"
0.00349954384126996,0.371676931526008,0.808,0.672,1,"SAMSN1"
0.79688159888905,0.371561596430059,0.111,0.108,1,"GBA1"
0.588892047266401,0.37152000473801,0.182,0.167,1,"LINC03009"
0.756134620412908,0.3714721194043,0.101,0.094,1,"CPSF3"
0.275335898949657,-0.371165186204399,0.192,0.25,1,"FAM32A"
0.852376376124903,0.37091819675287,0.182,0.189,1,"ZNF770"
0.441242549986475,-0.370908682170048,0.081,0.106,1,"LINC01934"
0.125613930317306,-0.370670195196965,0.111,0.184,1,"STAM"
0.854951399125909,0.370489412730274,0.192,0.2,1,"TMEM127"
0.0893903287312816,-0.370408435305681,0.293,0.394,1,"GPSM3"
0.305123168041297,0.37025494329648,0.182,0.144,1,"KIAA1143"
0.227249044304699,-0.370001727396688,0.222,0.285,1,"CPSF6"
0.285381826962516,-0.369793011103586,0.131,0.184,1,"A1BG"
0.0175681583132842,-0.369751036081519,0.323,0.514,1,"BTBD9"
0.304546969337994,0.369585117198802,0.212,0.172,1,"ASB3"
0.449393523200935,-0.369553803255077,0.091,0.118,1,"CARNMT1"
0.123985445067784,-0.369419940556886,0.242,0.34,1,"TRAPPC5"
0.489794499816615,-0.369260964297018,0.081,0.104,1,"BAP1"
0.402624285180395,0.368834515924079,0.525,0.526,1,"RASSF5"
0.141470015567151,0.368698809047881,0.293,0.231,1,"ZFAND5"
0.19124698085494,-0.368692469541863,0.192,0.267,1,"ATXN2"
0.288362256648325,0.368478255971227,0.273,0.231,1,"NR1D2"
0.0540361755846942,0.368319031425636,0.485,0.399,1,"MAPRE1"
0.134315761005843,0.36830533403578,0.465,0.45,1,"CCDC12"
0.0708939472728997,0.36826534562135,0.566,0.491,1,"LIME1"
0.915263164026566,0.36812989231816,0.121,0.123,1,"RAB11FIP4"
0.366966276293125,-0.368101215452039,0.091,0.127,1,"MFN1"
0.357650413465875,0.367648513357778,0.192,0.163,1,"BRD8"
0.106571538068016,0.367558696596738,0.455,0.368,1,"HNRNPLL"
0.291357191998754,0.367555380658408,0.253,0.219,1,"DMXL1"
0.387595080750287,0.367116342446892,0.212,0.184,1,"MTERF4"
0.163945728724122,-0.367033645861558,0.121,0.189,1,"C1orf122"
0.0366406131895854,0.366724299774698,0.354,0.262,1,"SLC20A1"
0.147977775720266,0.366244469004629,0.323,0.269,1,"XAB2"
0.22910236390885,0.365414003132358,0.202,0.156,1,"RUFY1"
0.656328161033939,0.36540155754537,0.182,0.172,1,"HIGD1A"
0.230195383389988,-0.365117390241969,0.202,0.262,1,"GATAD2A"
0.18325798323699,-0.365028639174381,0.101,0.163,1,"SIKE1"
0.165661063618277,-0.364969741929476,0.192,0.267,1,"NTMT1"
0.798803980169407,0.364887735617553,0.152,0.151,1,"UCHL3"
0.0878488155271838,0.364191740489342,0.535,0.472,1,"CCT6A"
0.329704596484615,0.364127604681614,0.303,0.281,1,"COPS6"
0.177935949307208,-0.363942415109897,0.515,0.601,1,"IRF2BP2"
0.368724779447358,0.363698111147725,0.101,0.075,1,"MCTP2"
0.422867083405375,0.363420341460025,0.182,0.158,1,"NBAS"
0.211414108210785,0.363243064127958,0.323,0.276,1,"ATF2"
0.271367467821477,-0.363168948178129,0.172,0.226,1,"FCMR"
0.850243554934068,0.363096734011158,0.121,0.118,1,"PIAS4"
0.18489742673273,-0.363042465554515,0.071,0.12,1,"ZNHIT6"
0.156227322561693,0.363021414035342,0.394,0.342,1,"ATP5IF1"
0.205583553437703,-0.362885204498511,0.212,0.288,1,"ATF4"
0.0416515971106237,0.362013114589625,0.364,0.271,1,"PYHIN1"
0.509952994286421,0.36188168364499,0.182,0.167,1,"CACUL1"
0.0983283762543655,-0.36141385438524,0.535,0.653,1,"SRSF5"
0.664749526902514,0.361283904010492,0.152,0.137,1,"WSB2"
0.340455034943542,0.361229108712765,0.293,0.255,1,"CCNL2"
0.424738863618625,0.36115531737153,0.354,0.337,1,"PAG1"
0.0618247442832089,-0.361000516687325,0.455,0.573,1,"UFC1"
0.794780043989819,0.360899078504365,0.293,0.302,1,"PTPN2"
0.140016090414562,-0.360888134131236,0.303,0.387,1,"ZFC3H1"
0.113410925293026,0.360856609917435,0.343,0.281,1,"UFD1"
0.125421726798713,-0.360787937944566,0.222,0.318,1,"EIF2A"
0.085148274583855,-0.360747053250213,0.273,0.399,1,"CUTA"
0.183870544871921,-0.360733307704209,0.232,0.307,1,"USP24"
0.67623975638226,0.360691825679654,0.222,0.215,1,"HEBP2"
0.158708030595448,-0.36062979008089,0.141,0.215,1,"BMAL1"
0.654694625020067,0.360526559953961,0.253,0.252,1,"GRSF1"
0.163990539699692,0.360497510331286,0.374,0.316,1,"ZNF148"
0.0684595330462222,0.360456395081498,0.606,0.568,1,"SUN2"
0.532523970543639,0.360350776579855,0.141,0.123,1,"APEH"
0.793086636611847,0.360184008541206,0.162,0.16,1,"ALDH9A1"
0.0836487060166407,-0.360142111821359,0.242,0.344,1,"PRKAR2A"
0.570934409782644,-0.360046522135748,0.111,0.132,1,"TCTN3"
0.577747766326361,0.359991756395845,0.121,0.104,1,"AVEN"
0.90138384589248,0.359886296684809,0.242,0.255,1,"USP33"
0.669919866915143,-0.359774558058947,0.111,0.125,1,"DCAF16"
0.580571946647425,0.359774123587677,0.101,0.085,1,"DNAJC25"
0.398296653039613,0.359587798089404,0.202,0.175,1,"SUMF2"
0.436532597006575,0.359537856067979,0.273,0.245,1,"CHMP2A"
0.621842419304026,0.359429012014759,0.152,0.142,1,"DUSP12"
0.20054817214843,-0.359292463570747,0.182,0.252,1,"RARS2"
0.49778252651149,0.359267019596319,0.152,0.132,1,"IFT80"
0.060940747562136,0.359135742407746,0.475,0.422,1,"EMC7"
0.357331274835349,-0.358990446494128,0.091,0.127,1,"PHC2"
0.877360271877339,0.358987722751916,0.152,0.17,1,"SLC35E1"
0.657992242660464,-0.358591271071344,0.091,0.106,1,"NDFIP2"
0.401613750567688,-0.358587090090583,0.303,0.34,1,"SPCS3"
0.655330893550808,0.358391264690537,0.162,0.151,1,"USP20"
0.979586308410292,0.358150860977361,0.131,0.134,1,"MPG"
0.0430939756459947,0.358101411583105,0.717,0.667,1,"MYL12A"
0.850004174534642,0.358057072888609,0.111,0.108,1,"MAPKAPK5-AS1"
0.447977072157785,-0.357897932327585,0.081,0.108,1,"TRIM5"
0.354349200318053,0.357596030971026,0.222,0.184,1,"LMBR1L"
0.161537323995145,0.357192434392991,0.293,0.236,1,"ERICH1"
0.336102260171758,0.357104621174848,0.475,0.491,1,"JMJD6"
0.240975295936692,-0.357055456626883,0.172,0.231,1,"CBLL1"
0.752570037140072,0.356922442778976,0.182,0.215,1,"SPTLC2"
0.604102324480939,0.356756335362908,0.111,0.097,1,"PIP4K2C"
0.221685906187342,0.356674676189862,0.303,0.267,1,"GDI1"
0.305577616093327,0.356565570154553,0.212,0.175,1,"XPA"
0.422624691720648,-0.356443129046376,0.131,0.165,1,"NUP107"
0.310594837006281,0.356437961017067,0.192,0.153,1,"HMBOX1"
0.0775359080918109,0.356399684893429,0.465,0.389,1,"RNF181"
0.163387292318255,0.356119477931444,0.374,0.33,1,"POLR1H"
0.682463164203885,0.356114257148212,0.202,0.2,1,"CHERP"
0.575697806166295,0.356064349080861,0.141,0.125,1,"INTS6L"
0.446405898580088,0.355655239460468,0.212,0.196,1,"NRF1"
0.000442132363715467,0.355347717983359,0.596,0.382,1,"PRF1"
0.144748193770424,-0.35496240271526,0.071,0.127,1,"GPR107"
0.123674592900153,-0.354948596598483,0.475,0.578,1,"SYTL3"
0.451037968254966,-0.354678150834568,0.141,0.177,1,"ERG28"
0.469546183393352,0.354508374589658,0.293,0.274,1,"ILK"
0.735741847155072,0.35449653698578,0.172,0.172,1,"OIP5-AS1"
0.462892617000541,0.354494317462023,0.152,0.127,1,"SCAP"
0.222323449316402,0.354421077768685,0.404,0.375,1,"TSPYL1"
0.251274306343712,0.354207105244411,0.364,0.335,1,"SMARCC1"
0.907381647162059,0.354170149565221,0.141,0.144,1,"MYNN"
0.735445635069438,0.353755295587603,0.141,0.137,1,"POLR2D"
0.614801256533289,0.3535531912694,0.172,0.158,1,"ZDHHC18"
0.128755836097336,0.353515353433364,0.343,0.283,1,"PRPS1"
0.305606261331952,-0.353438099790385,0.162,0.212,1,"MED25"
0.418957016825637,0.353419518144092,0.131,0.106,1,"E2F3"
0.00317865593538401,0.353241675602219,0.818,0.7,1,"IRF1"
0.00500945845804243,0.353201703119153,0.939,0.934,1,"HMGB1"
0.599360487400379,0.352684509101598,0.202,0.191,1,"FAM104A"
0.518784041299622,0.352658971378734,0.263,0.25,1,"MRPL10"
0.323753161912071,0.352356106030803,0.273,0.245,1,"ORMDL2"
0.650183446478883,0.352283980945014,0.131,0.12,1,"CEP135"
0.166266199198004,-0.352262685798463,0.152,0.222,1,"CDKAL1"
0.740375804852931,0.352185949536525,0.182,0.177,1,"TASP1"
0.333138692762977,-0.35216115370754,0.172,0.219,1,"XPR1"
0.567760153245465,0.351789199879757,0.323,0.323,1,"ZC3H18"
0.0956451367698167,-0.351691624786188,0.141,0.231,1,"TP53BP1"
0.190693640314586,0.351235570736218,0.303,0.255,1,"UBE2H"
0.252432916079409,-0.351105247233013,0.232,0.304,1,"RNF4"
0.17606034153587,0.351067807408292,0.232,0.179,1,"MFAP1"
0.988931362854712,0.350730123669688,0.101,0.106,1,"TMEM35B"
0.242041057319509,-0.350515466166216,0.091,0.142,1,"GSKIP"
0.279695771507502,-0.350417229182481,0.131,0.182,1,"SPECC1L"
0.138860849083708,-0.35033359187367,0.192,0.278,1,"AFTPH"
0.219461888104028,-0.350119483973863,0.222,0.297,1,"SNHG7"
0.437403499969133,0.349971786083142,0.293,0.271,1,"ILKAP"
0.421895451142113,0.349895732162603,0.343,0.337,1,"NDUFS3"
0.000285026639793211,0.349845054834527,0.99,0.967,1,"TGFB1"
0.250188188075929,-0.349837533987337,0.172,0.233,1,"LYPLA2"
0.241890754865156,0.349652850285997,0.354,0.316,1,"OS9"
0.407016792336476,0.349494113418803,0.273,0.248,1,"PHYKPL"
0.189656120952323,-0.349436764541956,0.778,0.774,1,"FAM177A1"
0.00668305555616434,0.349367549404708,0.758,0.686,1,"IFITM2"
0.694993107153483,0.349263364086745,0.182,0.212,1,"SLC25A26"
0.433262375785719,-0.349167389294289,0.101,0.13,1,"ZNF10"
0.451196675559831,0.348941029613086,0.414,0.422,1,"SAFB2"
0.806328093082229,0.348862609959936,0.253,0.285,1,"IRF7"
0.316418518155198,-0.348832445842378,0.081,0.12,1,"TULP3"
0.367114027194838,0.348800116352035,0.242,0.21,1,"UBE2Z"
0.249123634871922,0.348748531407324,0.525,0.54,1,"ANKRD11"
0.639941326039313,0.34831475577688,0.131,0.12,1,"STX7"
0.146411056786749,0.348080929413637,0.343,0.271,1,"NCKAP1L"
0.234177384217762,-0.348046915253728,0.131,0.189,1,"PLAA"
0.731475593779942,0.348034727829191,0.182,0.179,1,"TMEM199"
0.269102857245045,-0.347956030311973,0.182,0.241,1,"SIAH2"
0.352562476493074,-0.347868196548336,0.172,0.217,1,"CLPTM1L"
0.0204541607967377,0.347742816816017,0.434,0.33,1,"CAPN2"
0.315205375335734,0.346749157918623,0.222,0.189,1,"RNF13"
0.614560935493644,0.346421568089801,0.111,0.097,1,"SPRTN"
0.591146151485957,-0.346339740668407,0.121,0.139,1,"RNF19B"
0.108451642497972,-0.34595744354544,0.253,0.342,1,"FOXJ3"
0.401609417061175,0.345524437130262,0.172,0.139,1,"PXK"
0.680494746537105,0.345406044983821,0.162,0.153,1,"EID2"
0.182907425671816,0.345215567376599,0.495,0.448,1,"NEDD8"
0.682229328757201,0.345190284389225,0.091,0.111,1,"PGGT1B"
0.665983171119818,0.345187949705432,0.121,0.111,1,"TMEM128"
0.0635805106253129,0.345186848043193,0.505,0.462,1,"LAPTM4A"
0.232857820995911,0.344950407983215,0.404,0.368,1,"EIF4G1"
0.366483941068724,0.344631966116084,0.081,0.118,1,"KRI1"
0.364474298170914,0.344301875519768,0.182,0.149,1,"EXOG"
0.362062473234327,0.344008152875085,0.303,0.278,1,"MRPL34"
0.74987145700349,0.343999947464451,0.263,0.267,1,"CERS2"
0.442431961792708,0.343992763653445,0.394,0.382,1,"RUNX1"
0.119291041285335,0.343882672691908,0.465,0.403,1,"SRP54"
0.598072867476056,0.343853897280411,0.121,0.149,1,"ZNF44"
0.000624825428944556,-0.34382063113434,0.97,0.976,1,"COX4I1"
0.399396039603689,-0.343559601946081,0.121,0.156,1,"GTPBP8"
0.0146483666808224,0.343077789178216,0.747,0.66,1,"ITM2A"
0.000336372339710158,0.342861477875059,0.949,0.91,1,"CYBA"
0.570809590788978,-0.342851830800937,0.293,0.325,1,"TOR1AIP1"
0.541591124075133,0.342752800882254,0.121,0.101,1,"RPL23AP7"
0.00605085113471438,0.342696696422353,0.768,0.719,1,"WIPF1"
0.211697296540412,-0.342495401419965,0.071,0.116,1,"PIK3R4"
0.00323874478317044,0.342475819370603,0.747,0.604,1,"TAGAP"
0.645858506660734,0.342470845771826,0.182,0.172,1,"COMMD3"
0.0923844590190353,-0.342117314387578,0.162,0.257,1,"RCOR1"
0.779019183266567,-0.342087610636241,0.101,0.111,1,"HIVEP3"
0.0163879564162506,-0.341891362791142,0.444,0.608,1,"RSRC2"
0.758336084644132,0.341178995833177,0.141,0.134,1,"ZNF277"
0.587892543164304,0.341124470238971,0.253,0.243,1,"CCNC"
0.493140458697562,0.340935507439711,0.121,0.101,1,"ZHX1"
0.250947434694369,0.340694561803042,0.566,0.552,1,"RALGDS"
0.280656566211075,0.340685005397447,0.424,0.401,1,"MAPK8"
0.386533614150642,0.340561376392334,0.222,0.191,1,"PARD6G"
0.618421739981425,0.34048086532815,0.121,0.149,1,"PRKCH-AS1"
0.478690571109681,0.34039949072005,0.222,0.196,1,"CARD8"
0.323069727921185,0.340289893104707,0.374,0.34,1,"KPNA2"
0.704347931485662,0.340249186059318,0.293,0.302,1,"COX20"
0.572322335550413,0.340221279497034,0.192,0.175,1,"FBXO33"
0.802223511396853,0.340217335844288,0.111,0.106,1,"ACOX1"
0.471982797005269,0.339947629973143,0.232,0.212,1,"KMT2D"
0.813126824588677,0.339933830156811,0.172,0.198,1,"ZC3H7A"
0.692388135266627,-0.339834306022624,0.242,0.262,1,"EIF4EBP2"
0.110202012724827,-0.33973769577239,0.172,0.262,1,"DDIT3"
0.733707593530022,0.339677965816506,0.222,0.224,1,"MYO5A"
0.342503709562123,0.339669313150716,0.253,0.226,1,"DRG1"
0.154865719938316,-0.339641484338572,0.162,0.238,1,"EIF4G3"
0.0237534347208174,0.33951220655228,0.848,0.8,1,"ENO1"
0.696059537951949,0.339281390688466,0.182,0.177,1,"TEDC1"
0.274643663279821,0.339267947940085,0.364,0.337,1,"LUC7L3"
0.275762733698141,-0.339237928830384,0.081,0.123,1,"MRRF"
0.709447975744734,0.338965947263334,0.222,0.224,1,"GALNT10"
0.494945093302859,0.338950739747704,0.131,0.108,1,"CSNK1E"
0.418035804930916,0.338853244753666,0.141,0.113,1,"MXD1"
0.0125364965296068,0.338741358597475,0.737,0.644,1,"STAT5B"
0.661432468142498,0.338728295255431,0.131,0.12,1,"APBB1"
0.310199582668574,-0.338633903381258,0.101,0.144,1,"CRY2"
0.554063192467524,0.33848394859169,0.131,0.113,1,"FAM168B"
0.675285884009515,0.338364652218252,0.182,0.177,1,"PCID2"
0.78076858557808,0.3382243798323,0.152,0.149,1,"MRPL39"
0.179943209763658,0.338205161962678,0.404,0.375,1,"CMPK1"
0.204924478664786,0.338049661542858,0.273,0.231,1,"NFX1"
0.0314347203020567,-0.337944124881627,0.242,0.373,1,"LY6E"
0.378738073855431,-0.33794254142362,0.101,0.134,1,"CTPS1"
0.723170302617635,0.337796913992213,0.172,0.167,1,"PNO1"
0.887927205671145,0.337576870007981,0.152,0.153,1,"TRRAP"
0.633787804389931,0.337516792703642,0.253,0.245,1,"NDUFA10"
0.072503225013955,0.337327286463696,0.586,0.568,1,"SF3B6"
0.26243918624125,0.337314113648584,0.202,0.158,1,"SLC30A9"
0.318855686046133,-0.33727417942524,0.222,0.276,1,"RNF167"
0.312605929618566,0.336900986903198,0.162,0.125,1,"METTL14"
0.0320450483271884,0.336846544197263,0.263,0.165,1,"RHOB"
0.333232363862125,0.336840157048183,0.182,0.146,1,"MED6"
0.00249571179484247,0.336799415529785,0.879,0.807,1,"MSN"
0.364350181431383,-0.336798066195013,0.131,0.175,1,"C11orf68"
0.280283854443802,-0.336604774714783,0.848,0.856,1,"TSC22D3"
0.208811109751953,0.3361966617008,0.606,0.604,1,"UQCR11"
0.355560313240305,0.335906895187824,0.303,0.288,1,"MPHOSPH10"
0.328104234900123,-0.33576483271238,0.111,0.153,1,"FKBP11"
0.0460146481908612,0.335568590529029,0.727,0.748,1,"PAK2"
0.13094067803821,0.33552237513501,0.333,0.259,1,"ITGAL"
0.762548570218016,0.335431952559939,0.121,0.116,1,"MMS19"
0.752274363508486,0.335290833009276,0.182,0.184,1,"TMEM11"
0.266369595417335,-0.335156540768114,0.111,0.16,1,"DPP8"
0.210588575280504,0.334875706353815,0.273,0.215,1,"TMEM170A"
0.366865382682923,0.334778127082234,0.394,0.373,1,"SIVA1"
0.554614287561393,-0.334611123555521,0.111,0.134,1,"RNF24"
0.480069697553509,0.334541990557498,0.343,0.333,1,"CLK4"
0.748070355616902,0.334460920718218,0.152,0.146,1,"MEX3C"
0.339352221306564,0.334357505139298,0.303,0.274,1,"LSM1"
0.448971462850424,0.334131354687872,0.343,0.337,1,"YIPF3"
0.0895603043158843,-0.333773617077216,0.434,0.547,1,"CCNH"
0.367160183545687,0.333757362455916,0.162,0.127,1,"C6orf136"
0.357879980492508,0.333660733518131,0.111,0.083,1,"RINL"
0.14325922753108,0.333481121949092,0.404,0.333,1,"FMNL1-DT"
0.00647344074797538,0.333470974504548,0.899,0.882,1,"PCBP1"
0.642250109238504,0.333027575411757,0.212,0.208,1,"CEP120"
0.697869010645494,-0.332895935422218,0.131,0.144,1,"INPP4B"
0.366508610478157,0.332806278435588,0.172,0.142,1,"RANBP3"
0.479336171096903,0.332789860827626,0.192,0.172,1,"CHFR"
0.312145596250258,-0.331945645200997,0.152,0.196,1,"ENSG00000291136"
0.114812499378987,0.331856421738993,0.535,0.495,1,"MTPN"
0.95685198259651,0.331842243703778,0.101,0.106,1,"PPP2R1B"
0.329844275554242,-0.331806704910741,0.162,0.208,1,"ADPRS"
0.451636915210512,-0.331790658233945,0.101,0.13,1,"GLUL"
0.388679392573707,-0.331668658343343,0.212,0.255,1,"NUP214"
0.309924759367372,0.3315448677734,0.323,0.295,1,"SUGT1"
0.423670872175782,0.331319267058359,0.101,0.078,1,"LINC01004"
0.827328199522935,0.331317364680733,0.111,0.106,1,"ATP11C"
0.164611458393681,-0.331254744016799,0.232,0.309,1,"CCDC59"
0.219798522648442,-0.331217882399048,0.606,0.637,1,"GIMAP7"
0.384311376693426,0.331128709565973,0.152,0.12,1,"ABL1"
0.136193160891081,-0.331064844472337,0.828,0.875,1,"ZFP36L2"
0.88449403994952,0.331012221091377,0.101,0.101,1,"ZNF585A"
0.0983678823484052,0.33077764382269,0.303,0.222,1,"S1PR5"
0.428715895118251,0.33075040210631,0.444,0.481,1,"PPP2R1A"
0.528550523122671,0.330700980906821,0.152,0.132,1,"FASTKD1"
0.2073921516421,-0.330698265810677,0.141,0.205,1,"PRPF39"
0.0787740398811297,0.330374125535673,0.556,0.512,1,"SLTM"
0.211565062146511,0.330356946566206,0.394,0.368,1,"RAD23B"
0.114577339006224,-0.330258279579697,0.384,0.486,1,"COPB1"
0.0452798767672144,-0.330148713590297,1,1,1,"FTH1"
0.875723585816991,0.329547096568294,0.253,0.271,1,"CWF19L2"
0.0828488720529224,-0.329510284188467,0.263,0.387,1,"SNHG32"
0.700401880646712,-0.329129900582057,0.111,0.123,1,"SCAPER"
0.593351430087921,0.329029233966325,0.141,0.127,1,"VAC14"
0.279983749371355,-0.328856051394327,0.172,0.229,1,"ELP2"
0.27144544306175,0.328823829606912,0.364,0.328,1,"ATG3"
0.576789009653297,-0.328463497484769,0.212,0.233,1,"PLCL2"
0.737634608505802,0.328331827977526,0.111,0.101,1,"HSPA2-AS1"
0.443436846942497,0.328100861829893,0.202,0.179,1,"NSMAF"
0.284628414668827,0.327932898336838,0.212,0.17,1,"CHMP7"
0.894756520385636,0.327923140816997,0.121,0.13,1,"PSMD5"
0.4367224876785,0.327869057093969,0.172,0.144,1,"EDRF1"
0.258099578818043,-0.327736555610023,0.121,0.177,1,"SRPRB"
0.204622078585544,0.327574168767965,0.434,0.38,1,"TBC1D2B"
0.0866938331539742,0.327492250325938,0.808,0.847,1,"CD2"
0.000798360009637038,-0.327388412511772,0.98,0.993,1,"RPL22"
0.087983466175604,0.327272934281468,0.384,0.325,1,"TRPM7"
0.114442703851445,0.327009205141392,0.556,0.505,1,"C4orf3"
0.283831883021402,0.326960312838227,0.192,0.153,1,"TCIRG1"
0.319330007125188,0.326852404579367,0.212,0.172,1,"RBM18"
0.364724111765896,-0.326817995253629,0.202,0.245,1,"COPS5"
0.0986160451520953,-0.326808585357178,0.192,0.285,1,"TIMM17A"
0.253796707128088,-0.326798352013274,0.141,0.2,1,"FAAP20"
0.629891371877896,0.32669547980928,0.232,0.226,1,"SMARCB1"
0.0100128384953467,0.326662997918303,0.566,0.394,1,"GLCCI1"
0.282704242021857,0.326615629002753,0.202,0.165,1,"THOC7"
0.69316597036561,0.326334578677373,0.212,0.203,1,"CDS2"
0.20777081991678,-0.326187525632726,0.636,0.696,1,"MT2A"
0.764929792237866,0.326012225637997,0.152,0.146,1,"AHCYL2"
0.333065007902603,-0.32593948201781,0.101,0.142,1,"GSTM3"
0.359132852301401,-0.325737147837202,0.131,0.17,1,"HTATIP2"
0.419140612360087,0.325711608753615,0.384,0.366,1,"RBM5"
0.1242183900123,0.325506770053484,0.333,0.267,1,"CALCOCO2"
0.695083169786202,0.325469156782256,0.354,0.37,1,"NDUFAF3"
0.683386679128327,0.325434051399601,0.222,0.222,1,"FGD3"
0.267821980568824,0.325429171176006,0.545,0.531,1,"DYNC1H1"
0.628332230415669,0.325411190206669,0.131,0.118,1,"FAM91A1"
0.0284427832990195,0.325270029492071,0.727,0.616,1,"ARAP2"
0.309347130979627,0.324843963917127,0.283,0.248,1,"ANKIB1"
0.167302679466796,-0.324841411274629,0.152,0.219,1,"PPP2R3C"
0.60974011250179,0.324760120065788,0.192,0.184,1,"SQOR"
0.394299921760111,-0.324726112281682,0.141,0.177,1,"TOPORS"
0.210486756309536,-0.324712405549806,0.222,0.307,1,"ISG15"
0.680192016602785,0.324691516325127,0.101,0.09,1,"WDR83"
0.000490842703751935,0.324599023402887,0.99,0.95,1,"FYN"
0.167749608886666,-0.324393296644296,0.111,0.177,1,"SEC22A"
0.0803970151314236,-0.324391762064231,0.283,0.394,1,"DDX3Y"
0.62723821043105,0.324332871469647,0.202,0.196,1,"MRPS30"
0.297109805946187,-0.324262387758961,0.101,0.146,1,"MFSD8"
0.650130791160534,0.324232924853927,0.212,0.21,1,"ATF6B"
0.411350652790094,-0.324217264718766,0.242,0.285,1,"BORCS5"
0.776027504671457,0.324096317609883,0.101,0.094,1,"HSPBAP1"
0.539852070397006,0.324039666307288,0.232,0.215,1,"RBM23"
0.294164526787612,0.324031550632322,0.273,0.238,1,"PRPF38A"
0.0162214522806583,0.323874552952565,0.879,0.837,1,"LITAF"
0.539576556237341,0.323581143580629,0.222,0.203,1,"WDR37"
0.254731935248109,0.323442409358968,0.414,0.38,1,"SNRNP70"
0.576812803878859,0.323328412559823,0.212,0.203,1,"TIMM8B"
0.946791682079141,0.323295881098947,0.242,0.262,1,"NBR1"
0.319623417704498,-0.323277014067559,0.121,0.167,1,"TOM1"
0.00145773328234216,0.323002216008606,0.889,0.833,1,"EIF3F"
0.126800798671278,-0.322663256557056,0.162,0.238,1,"CUL5"
0.206846290529879,-0.322365490975151,0.152,0.217,1,"DLD"
0.671060387386834,0.322357608422706,0.162,0.153,1,"HK1"
0.116461841202061,0.322331319295392,0.374,0.307,1,"XPC"
0.118882541937381,-0.32226924301917,0.242,0.344,1,"CNTRL"
0.218563317306385,0.322185177273294,0.202,0.153,1,"TNFSF9"
0.395433648042359,0.322151324011688,0.162,0.13,1,"NTAN1"
0.723960691487775,0.322099862273102,0.111,0.101,1,"INTS12"
0.857520115225692,0.321823026486341,0.111,0.111,1,"PITPNM1"
0.903912952108832,0.321750536780826,0.162,0.167,1,"EIF2AK2"
8.20426631548903e-05,0.321384314236155,1,0.991,1,"PTPRC"
0.256074757540966,0.321334827159849,0.273,0.219,1,"PVRIG"
0.289582878038057,-0.321218906604952,0.111,0.158,1,"ATF1"
0.242206035678835,0.321136055285624,0.485,0.453,1,"LAMP1"
0.910544768091264,0.321066866301228,0.384,0.408,1,"ARHGAP45"
0.835023592219904,0.320796107772834,0.111,0.125,1,"KHDC4"
0.619924716019288,-0.320795865984732,0.091,0.108,1,"PURB"
0.577635246752936,0.320625755227421,0.172,0.156,1,"GFM1"
0.387433713229103,-0.320200608146711,0.091,0.127,1,"XYLT1"
0.982703403096072,0.320155333051408,0.101,0.104,1,"INIP"
0.624824021770044,0.320105884460301,0.253,0.243,1,"NSMCE2"
0.485527112184831,0.319908162973144,0.384,0.396,1,"MDH2"
0.885330394233324,0.319884688653362,0.141,0.144,1,"SMG5"
0.208872505398478,-0.319879125501121,0.212,0.285,1,"TIPRL"
0.894255808633318,0.319736273128362,0.182,0.191,1,"EXOC6"
0.249308034459494,0.319317622653119,0.384,0.361,1,"ITCH"
0.226937786300844,0.319102862007639,0.404,0.354,1,"RB1CC1"
0.852727502857541,0.318997671229313,0.091,0.101,1,"CIZ1"
0.058767864962636,0.318995381454811,0.667,0.583,1,"DNAJB6"
0.332494209247907,0.318739551796785,0.677,0.682,1,"BIRC3"
0.704857926174539,0.318692599270098,0.192,0.189,1,"CCDC115"
0.519418123702658,0.318635744904993,0.162,0.146,1,"GBE1"
0.540048971474373,-0.318499949108627,0.081,0.101,1,"FAM200B"
0.13147995785424,0.318323043994058,0.475,0.42,1,"EAPP"
0.296011185025251,-0.318322784102408,0.172,0.226,1,"NHP2"
0.236294855215821,0.318213548593241,0.384,0.347,1,"OCIAD1"
0.429890994553469,-0.318169457860317,0.152,0.191,1,"SNHG14"
0.577859727957914,-0.317947084931101,0.253,0.281,1,"YY1AP1"
0.0770721664048412,0.317909320523195,0.616,0.573,1,"BCL3"
0.298012999416397,0.317903474206071,0.263,0.224,1,"SEC63"
0.287609400210924,-0.317765129625722,0.141,0.196,1,"RCE1"
0.362059619181967,-0.317625968185046,0.152,0.196,1,"MADD"
0.635670799178236,-0.31754159285769,0.091,0.108,1,"TNFSF8"
0.368189939448149,-0.31749029669968,0.141,0.186,1,"TXLNG"
0.586350180948834,0.317393508893246,0.192,0.175,1,"IRF2"
0.66245287326375,0.317160272374159,0.111,0.099,1,"HIRA"
0.762191227207251,0.317152549287917,0.263,0.283,1,"SMYD3"
0.0260839065650271,-0.316939323211013,0.657,0.745,1,"ETS1"
0.671897768842568,0.316750755000323,0.152,0.139,1,"FASTK"
0.259821900440968,-0.31670794903614,0.101,0.151,1,"ANKRD13C"
0.4855415652378,0.316558241428998,0.283,0.269,1,"OSBP"
0.541718554565292,0.315698061042987,0.222,0.205,1,"SLC2A4RG"
0.139381633491223,-0.315565867186777,0.081,0.142,1,"ZNF264"
0.600735808945682,0.315530651071063,0.222,0.219,1,"PSMC1"
0.626108957925111,0.315200740613746,0.343,0.33,1,"BTN3A2"
0.26760446735482,-0.315151252379939,0.141,0.196,1,"LARP4"
0.293766384797541,-0.315035626592117,0.192,0.262,1,"TMUB1"
0.107676446000752,0.315029357826276,0.667,0.613,1,"PTPN22"
0.460986970649163,-0.314952221732756,0.101,0.13,1,"ZNF32"
0.78027029273724,0.314311092566279,0.121,0.137,1,"STK25"
0.466004578759972,0.314278639310677,0.242,0.219,1,"SVIP"
0.856429987462707,0.314057210202283,0.111,0.108,1,"GPATCH3"
0.418450896252038,0.313992289896504,0.162,0.134,1,"EFL1"
0.40670954130186,0.31389881356664,0.253,0.229,1,"KIDINS220"
0.409814243450072,0.313831547560655,0.232,0.205,1,"THAP4"
0.219596609339024,-0.313759602711977,0.172,0.233,1,"NEPRO"
0.267513474177539,-0.313465111908968,0.404,0.474,1,"NFKB2"
0.69342148281722,-0.313418002496251,0.091,0.104,1,"IQSEC1"
0.502214171105076,0.313357658007093,0.242,0.224,1,"DNAJC19"
0.0682031906885901,0.313300351256863,0.576,0.519,1,"HSPA9"
0.606731293302623,0.313275302279226,0.192,0.179,1,"ATP6V1A"
0.357260375833201,-0.313189562362208,0.101,0.139,1,"UNC45A"
0.442741287847056,0.313172984756907,0.414,0.429,1,"UBE2L3"
0.0632806769154403,-0.31301569512597,0.333,0.474,1,"BRK1"
0.292562530001351,-0.313005196353762,0.101,0.146,1,"PLEKHM2"
0.571951720918122,-0.312858498796153,0.101,0.12,1,"ENSG00000290993"
0.371065528849067,0.312807172062451,0.253,0.229,1,"EPN1"
0.82488436233676,0.31275282014908,0.192,0.198,1,"CCDC124"
0.0915641603337203,0.312680554495292,0.545,0.465,1,"EVL"
0.939132501494687,0.312274743414727,0.172,0.184,1,"ZXDC"
0.396589246307264,-0.312259606134541,0.111,0.146,1,"TRIAP1"
0.273345794349124,0.312259307227032,0.404,0.37,1,"PNN"
0.331819733054401,-0.31200537439862,0.101,0.142,1,"NAPG"
0.216604510633825,0.311931062144858,0.394,0.342,1,"RB1"
0.401723989234146,-0.31183616797065,0.303,0.342,1,"LRRFIP2"
0.874098340102116,0.311822744779741,0.222,0.233,1,"GFUS"
0.552649686674483,0.311771603162598,0.101,0.083,1,"GMPPB"
0.108595277573039,-0.311720321358686,0.232,0.325,1,"BRD1"
0.445057534340673,0.311665680932301,0.222,0.205,1,"PIGX"
0.807670270504109,0.311662017071821,0.182,0.184,1,"CLPTM1"
0.409368886637687,0.311490272079827,0.222,0.193,1,"ISG20L2"
0.415285063034164,-0.311299652453558,0.111,0.146,1,"ABCB7"
0.61124293542338,0.311290815494442,0.222,0.21,1,"NOB1"
0.228533554684618,0.310811903967963,0.333,0.288,1,"ELK3"
0.571979921174855,0.310784261594095,0.253,0.233,1,"HYCC2"
0.839601488306966,0.310400066388361,0.253,0.269,1,"MARCHF6"
0.413862570538834,-0.310365212149441,0.081,0.111,1,"MSH6"
0.285858709059841,0.310347142705638,0.343,0.307,1,"FBXO34"
0.177991873650133,-0.310321861223651,0.061,0.111,1,"COPS7B"
0.509108646447768,0.310202051433553,0.354,0.356,1,"MYO9B"
0.432746831200084,-0.309971183285151,0.596,0.642,1,"TUBA1A"
0.287257937471713,-0.309958504319921,0.131,0.182,1,"ZGPAT"
0.509778433039349,-0.309800943464292,0.162,0.189,1,"CSNK1G3"
0.792468485932647,0.309726471165424,0.131,0.125,1,"NUP42"
0.176893106722462,-0.309681449071036,0.091,0.146,1,"PGM2L1"
0.501033309903048,0.309658603561064,0.192,0.172,1,"SCAMP1"
0.579582110883138,-0.309518178435234,0.303,0.335,1,"IFRD1"
0.411317660740238,0.309465698503312,0.273,0.25,1,"ZNF146"
0.248518788657226,-0.309153741969617,0.111,0.163,1,"ANKRD49"
0.250924201268627,0.308961312105613,0.222,0.17,1,"MIA2"
0.117910881437339,-0.308949090328223,0.303,0.403,1,"SLC7A5"
0.926017976954602,0.308800729358659,0.121,0.13,1,"GNPAT"
0.26739103583994,-0.308711390363344,0.111,0.16,1,"GIMAP2"
0.167491356160441,-0.308694836218115,0.424,0.526,1,"MGAT4A"
0.436779363110835,0.308672546860829,0.273,0.257,1,"ATP6V1E1"
0.482161893643335,0.308644456800734,0.273,0.25,1,"SEL1L"
0.439776293103487,-0.308615363738456,0.172,0.21,1,"IFFO2"
0.662833971816184,0.308519626135463,0.111,0.097,1,"HPS3"
0.942675888061885,0.308487718002417,0.141,0.149,1,"NNT"
0.140141844810453,-0.308410787571105,0.192,0.283,1,"SNHG12"
0.823993834279731,0.308230060595274,0.222,0.217,1,"PCF11"
0.268388108001845,-0.308021861622833,0.111,0.163,1,"RNASEH2B"
0.60579527945502,0.307880013733183,0.152,0.134,1,"RBM28"
0.888712606295999,0.30782562120604,0.253,0.264,1,"MRPL21"
0.317796523665906,-0.307266815509305,0.242,0.304,1,"UBR5"
0.239522979515866,-0.307232593978403,0.061,0.101,1,"CSTF1"
0.182424260563934,0.307041579538492,0.152,0.104,1,"SLC38A9"
0.66102645736348,0.306803670630123,0.283,0.278,1,"RMND5A"
0.74577159507913,0.30675190628044,0.323,0.335,1,"RAB1A"
0.783208376899833,0.306716869399311,0.202,0.208,1,"ZFP91"
0.25652222867728,0.306532307225371,0.354,0.314,1,"PPP4R3B"
0.959871637134894,0.306448702143025,0.263,0.285,1,"FOXN2"
0.2743374264948,-0.30638198173707,0.192,0.248,1,"VBP1"
0.0921534622456374,-0.306235336942046,0.162,0.252,1,"TARDBP"
0.435555366992561,0.306203761637999,0.313,0.295,1,"WDR74"
0.655155903270893,0.306072116231756,0.172,0.158,1,"SP2"
0.210969368747877,-0.305912340325179,0.313,0.406,1,"VPS28"
0.803057091540208,0.305722956042374,0.111,0.127,1,"CNDP2"
0.354671401844014,-0.305609800117584,0.222,0.271,1,"MYO1G"
0.67644664179415,0.305549383723131,0.162,0.149,1,"PARP12"
0.651200515353537,0.305397149866768,0.354,0.344,1,"MIA3"
0.250905058696947,-0.305272440220378,0.293,0.366,1,"ERC1"
0.234535991042099,0.305185424964882,0.697,0.677,1,"RNF19A"
0.544630700429871,0.305035701765531,0.212,0.193,1,"PNKP"
0.209663289502602,0.304999363093044,0.333,0.29,1,"DENR"
0.27476979786412,0.304799651218207,0.212,0.17,1,"NRBF2"
0.324264913099735,-0.304639348474188,0.081,0.118,1,"NOM1"
0.13299360154795,-0.304592073732925,0.242,0.337,1,"SNX1"
0.288039620649708,-0.304469971045558,0.293,0.366,1,"PITHD1"
0.598609700311177,0.304398278617747,0.121,0.104,1,"PPP1R12C"
0.0153612591215489,0.304273745653644,0.778,0.677,1,"GSPT1"
0.505779639944237,0.304263332668321,0.182,0.153,1,"SETD1B"
0.0720531294074579,0.30392743680866,0.384,0.29,1,"GPR174"
0.26211105805723,0.303898908719938,0.212,0.165,1,"NCOR2"
0.3107051803953,-0.303790251277318,0.111,0.158,1,"CAAP1"
0.682368020113458,0.303353422357624,0.212,0.203,1,"THAP12"
0.318193704111151,-0.303224741956343,0.141,0.191,1,"PFDN4"
0.302054533391586,0.30315507412667,0.465,0.455,1,"BPTF"
0.388483423082905,0.303027411319534,0.545,0.583,1,"PSMB6"
0.117747804716511,-0.302810062427375,0.283,0.384,1,"HIF1A"
0.667512264590039,0.302630310276822,0.242,0.243,1,"MRPL22"
0.00119227830016248,-0.302620566247421,1,0.998,1,"RPS5"
0.272833092964474,-0.302549022636724,0.081,0.123,1,"CDK5RAP2"
0.420098699326506,0.302329970618243,0.111,0.085,1,"ZMYND8"
0.247762112220337,-0.302273994697589,0.152,0.208,1,"DCAF10"
0.217949791648228,-0.302226858445597,0.242,0.318,1,"EFR3A"
0.817238343089483,0.301814415390728,0.131,0.125,1,"MRPS14"
0.0716094862707694,-0.301770593547734,0.04,0.101,1,"HDGFL2"
0.386982310826393,0.30165867719051,0.384,0.366,1,"PSMF1"
0.185819760496545,0.301622866034163,0.313,0.248,1,"PPAN"
0.369407574636189,-0.301588372637988,0.071,0.104,1,"ENSG00000291207"
0.750193965588155,0.301546086250559,0.111,0.104,1,"SLC25A51"
0.595246591066813,0.301452843959067,0.293,0.281,1,"CDK12"
0.240486340319523,-0.301312063893767,0.111,0.165,1,"MAP1S"
0.446863156587582,0.300896892628371,0.242,0.226,1,"TIMM13"
0.00432494109025174,0.300777556160116,0.566,0.403,1,"HLA-DPA1"
0.510104018023682,0.300731987188877,0.202,0.177,1,"ZFAND2B"
0.00091175456820423,-0.30063143013055,0.99,1,1,"RPL9"
0.162118716627222,0.300523430913606,0.343,0.283,1,"MLF2"
0.22823027023289,0.300491948390372,0.283,0.229,1,"IRF4"
0.402606127402274,-0.300360333932527,0.101,0.134,1,"ELMO2"
0.460946025930737,0.300120128469646,0.273,0.245,1,"KLHL20"
0.224309159226787,-0.299849267307457,0.242,0.323,1,"TRAF3"
0.395573919376106,-0.299743197278781,0.152,0.191,1,"SYS1"
0.550542383453053,-0.299470280444231,0.283,0.309,1,"OLA1"
0.358003098432863,-0.299465502580179,0.444,0.531,1,"EIF4A3"
0.524534170965982,0.299384756480799,0.212,0.196,1,"MRPL27"
0.184338267275326,-0.299342846349642,0.091,0.149,1,"SLC12A6"
0.996272377012607,0.29927499398515,0.111,0.116,1,"HDGFL3"
0.112843256910882,0.299235438019447,0.626,0.599,1,"RORA"
0.0289051657210943,0.299049127138953,0.758,0.729,1,"BCL11B"
0.222352508173748,0.298931893512746,0.455,0.425,1,"MFSD11"
0.601280044655318,0.298931414921868,0.202,0.189,1,"BZW2"
0.198813422872996,-0.298912684561043,0.131,0.193,1,"CCDC97"
0.159076975528266,0.298798633252332,0.303,0.248,1,"NDRG1"
0.466810545292809,-0.298794287562227,0.121,0.156,1,"RNF6"
0.417613337279274,0.29876114899588,0.364,0.344,1,"DGUOK"
0.273719171588434,0.298685978718137,0.333,0.3,1,"FTX"
0.900289324520844,0.298645520886969,0.182,0.186,1,"RBM48"
0.922308981896685,0.298626941854266,0.283,0.309,1,"ARRDC3"
0.0889928919776794,-0.298626275301019,0.283,0.392,1,"SH3BGRL"
0.152411343556195,0.298563970813504,0.343,0.285,1,"MFSD10"
0.676392272380727,-0.298549642272964,0.172,0.186,1,"KLC1"
0.753900030511525,-0.298542113078366,0.222,0.212,1,"H2AC6"
0.972998231520989,0.298401420136268,0.162,0.172,1,"NOL9"
0.0101590803133482,0.298192182476671,0.889,0.851,1,"ARPC3"
0.439232009595065,0.298164326295191,0.202,0.177,1,"NFYC"
0.121317136872776,-0.298156729522964,0.99,0.988,1,"VIM"
0.0884527957009694,0.297935279227974,0.556,0.507,1,"RAB2A"
0.107269170598098,0.297864436857546,0.485,0.413,1,"TRABD"
0.00768260204333253,0.297599153051304,0.99,0.979,1,"RPS26"
0.408615941290743,0.297551034878372,0.172,0.142,1,"SMC6"
0.37882997780446,-0.297505780844176,0.212,0.269,1,"UBE2D1"
0.0809170232023134,0.297301197474157,0.556,0.486,1,"PACS1"
0.448539651931161,0.297268872640965,0.263,0.245,1,"METTL23"
0.661293086558353,0.297179336183317,0.414,0.434,1,"ATP6V0B"
0.372511019127219,0.29694544877596,0.212,0.179,1,"PPP1R35"
0.0874532676213597,-0.296761163047931,0.333,0.465,1,"SNX3"
0.108595885596825,-0.296687224860652,0.071,0.13,1,"SLX9"
0.203077518390803,-0.296548559423989,0.061,0.106,1,"ACAT2"
0.450503379807039,0.296538636159875,0.313,0.3,1,"PIGT"
0.416244793798218,-0.296441713822097,0.081,0.111,1,"ZMYM4"
0.532655270342959,-0.296129813095479,0.091,0.116,1,"RUVBL1"
0.0661556933983291,0.296058587425481,0.576,0.526,1,"SH3KBP1"
0.439060999780717,0.296043798722533,0.253,0.226,1,"UPF3A"
0.369988912355378,-0.295595320570043,0.212,0.259,1,"LRRC59"
0.503607320591108,0.29559184670978,0.303,0.278,1,"PPP2R5A"
0.142149907498535,0.295451527281881,0.424,0.37,1,"ARIH2"
0.253255634951658,0.295194190416105,0.434,0.394,1,"ANAPC5"
0.261845086814412,-0.294991990389225,0.313,0.38,1,"ACADVL"
0.573472066240978,0.294914568240565,0.152,0.134,1,"TMEM135"
0.000286708388835698,0.294881444820557,1,0.993,1,"HLA-E"
0.14910073579192,-0.29485022399585,0.253,0.344,1,"MYDGF"
0.385617120044593,0.29480656818614,0.303,0.281,1,"DHX15"
0.133150351132834,0.294734303375392,0.414,0.354,1,"SSBP4"
0.188031259502471,0.29464092340203,0.576,0.545,1,"RALY"
0.855964335398097,0.294458488325082,0.242,0.255,1,"ATXN2L"
0.00585448496312965,-0.294370066639849,0.919,0.939,1,"MT-ATP6"
0.0885602215891105,0.294352818099888,0.424,0.342,1,"RC3H1"
0.00978934698320336,-0.294247214524714,0.899,0.929,1,"EIF4A1"
0.0780109415936941,-0.294070042911962,0.131,0.219,1,"SEC16A"
0.778848348965083,0.293720656394562,0.182,0.179,1,"EMC8"
0.543387553192485,-0.293681431730591,0.091,0.116,1,"GMPR2"
0.274616519667737,-0.29361476799314,0.071,0.113,1,"DENND10"
0.280370190878394,-0.29318479649742,0.131,0.184,1,"NAA10"
0.899524481235557,0.292789410902534,0.152,0.151,1,"PEDS1"
0.446843659602239,0.292761158397071,0.162,0.134,1,"CD84"
0.862599130646981,0.292665472866798,0.172,0.191,1,"TMEM147"
0.373894606066976,0.292639075849765,0.303,0.269,1,"YAF2"
0.706728000064316,0.292616208423121,0.313,0.314,1,"NFATC3"
0.702736714361154,-0.292515894055022,0.182,0.16,1,"SLC1A4"
0.641503218271863,-0.292413993457131,0.131,0.151,1,"VRK2"
0.231365234600111,0.292338629793574,0.323,0.278,1,"INO80"
0.115388649216013,0.29210803798955,0.535,0.472,1,"TAPBP"
0.048242534491346,0.292011771413844,0.515,0.401,1,"BHLHE40"
0.746468029074781,0.291928660965028,0.212,0.203,1,"ST8SIA4"
0.532980476506705,0.291869198351475,0.152,0.13,1,"KDM3B"
0.417040663063113,-0.291729925954511,0.081,0.111,1,"MTG2"
0.873974970231421,0.291456545741041,0.091,0.101,1,"BCL2L1"
0.158701234601224,0.291357094932748,0.404,0.351,1,"MIR142HG"
0.335946095940734,-0.291088714076068,0.313,0.37,1,"MAP4K5"
0.369532794844762,-0.291019229033572,0.101,0.137,1,"AKT1"
0.42092300410184,-0.290789283466898,0.111,0.146,1,"JMJD8"
0.112986324216302,0.290518032976493,0.485,0.429,1,"XRN2"
0.99163017680744,0.290204006752135,0.101,0.104,1,"MED12"
0.725807870524707,0.290163510012609,0.343,0.335,1,"SAMHD1"
0.643140310690915,0.290042618138812,0.232,0.229,1,"STOML2"
0.677225803555371,0.289854204629522,0.141,0.167,1,"KLHL2"
0.962894073772284,0.289842997493626,0.131,0.137,1,"CLCN3"
0.409944930218132,-0.289820759526828,0.212,0.264,1,"SREBF2"
0.232457343055669,-0.289619360155049,0.101,0.149,1,"SRFBP1"
0.585647666494389,0.289548674990699,0.202,0.191,1,"PIKFYVE"
0.275772493993695,-0.289415252645514,0.212,0.269,1,"ACTR1A"
0.0445156335511011,0.289365968843395,0.818,0.814,1,"YWHAB"
0.667476546746362,-0.289345221234165,0.909,0.861,1,"ANXA1"
0.738112739310306,0.289219519565932,0.212,0.21,1,"ENSG00000291107"
0.235314106765115,0.289158588570738,0.434,0.403,1,"NRBP1"
0.433548016477826,0.288985421404702,0.293,0.274,1,"AP3S1"
0.431232845023071,-0.288913120926142,0.131,0.17,1,"MPRIP"
0.773137391242709,0.288897055403673,0.172,0.17,1,"CLIP1"
0.211977143229825,-0.288853977154512,0.263,0.344,1,"STK24"
0.704577902178044,-0.2882981352605,0.141,0.156,1,"MRPS31"
0.61096110127344,-0.288273739212561,0.162,0.186,1,"FTO"
0.197614293280653,-0.288272672712914,0.343,0.427,1,"RPS27L"
0.224399455899368,-0.288223310266006,0.293,0.377,1,"TMEM243"
0.369785380178758,-0.288209676513793,0.222,0.269,1,"PRKCB"
0.158590582717171,-0.28808890650068,0.283,0.366,1,"MAPKAPK2"
0.215197629367822,-0.288077311505767,0.283,0.366,1,"LMBRD1"
0.263662529214469,-0.288000280275107,0.434,0.514,1,"KLF3"
0.323559852550965,-0.287995211717046,0.222,0.278,1,"BMPR2"
0.233418752913185,-0.287925795488783,0.212,0.285,1,"BTAF1"
0.185224444641045,-0.287877161119918,0.101,0.16,1,"CEP290"
0.237888361165331,0.287837156252329,0.303,0.264,1,"ZNF430"
0.804094871425375,0.287552141563321,0.283,0.297,1,"CYP20A1"
0.565203192286923,0.287244736068538,0.354,0.347,1,"PMEPA1"
0.522620486357146,0.287210171674156,0.242,0.226,1,"NFKBIB"
0.532774011706506,-0.287125413776259,0.081,0.104,1,"MYO1D"
0.588282505400733,0.287064636000222,0.131,0.113,1,"TCF20"
0.157512681562597,-0.286849384264429,0.333,0.439,1,"NDUFA12"
0.00451111680281173,-0.286637303209598,0.99,0.993,1,"BTG1"
0.804400805381723,0.286539761643596,0.172,0.17,1,"TOMM70"
0.777899534865237,0.286522400809385,0.273,0.281,1,"RBBP4"
0.278167668684549,-0.286448206429083,0.293,0.356,1,"NGRN"
0.186762441886369,-0.286169080709311,0.424,0.521,1,"SYAP1"
0.519938932544547,-0.286067432627615,0.192,0.231,1,"RASA1"
0.61952923329519,0.286007010086462,0.323,0.33,1,"QRICH1"
0.213037556565482,-0.285793427147724,0.091,0.142,1,"IL17RA"
0.519411497391228,0.28564065671504,0.263,0.25,1,"TFIP11"
0.375167787127402,-0.28558695932274,0.424,0.491,1,"NOP10"
0.897480226826958,0.285568662934996,0.212,0.219,1,"TMEM109"
0.415172833179136,0.285540389691304,0.465,0.465,1,"WASF2"
0.948084988065093,0.285518174193547,0.152,0.156,1,"SLC66A2"
0.551544357612196,0.2851043072956,0.303,0.285,1,"CDC123"
0.270410396345506,-0.28506550835468,0.131,0.189,1,"SUDS3"
0.186075471908383,-0.285062888375609,0.283,0.363,1,"RIOK3"
0.310450568096418,0.284791957157532,0.273,0.233,1,"COPS3"
0.202634801061326,-0.284326218853313,0.434,0.519,1,"SEPTIN6"
0.133201654319093,-0.284310678766674,0.111,0.179,1,"RPS6KA5"
0.380663300381298,0.28429973205622,0.212,0.186,1,"INPP5K"
0.88102396927551,0.284296291859408,0.172,0.193,1,"GOLM2"
0.366067408882857,0.284260697805344,0.333,0.304,1,"AIP"
0.350178523343864,-0.28423880817589,0.081,0.118,1,"APOL3"
0.281090000810307,-0.28405426036339,0.081,0.123,1,"IGSF8"
0.130887292039625,-0.28401695040367,0.192,0.278,1,"AIMP1"
0.0283759062446584,-0.283978637906932,0.869,0.889,1,"RPS4Y1"
0.655279294776551,0.283833987746039,0.182,0.17,1,"CYTH2"
0.191640265571023,-0.283829898089924,0.152,0.219,1,"MRPL50"
0.917002444046511,0.28378821182724,0.141,0.142,1,"SMG1P5"
0.308160164819054,-0.283785193422683,0.182,0.238,1,"ZNF767P"
0.467620764868527,0.283758129789712,0.384,0.403,1,"ZAP70"
0.269168936565892,-0.283470452890643,0.071,0.113,1,"MLH1"
0.124639225954853,0.283356670672924,0.404,0.337,1,"CNPPD1"
0.909164831900098,0.283234269176048,0.172,0.177,1,"RMDN3"
0.18344189643231,-0.283107209386715,0.061,0.106,1,"ENSG00000291047"
0.331550590192586,-0.283038245408401,0.141,0.193,1,"ENSG00000286145"
0.344983837969296,0.282995919924776,0.202,0.163,1,"ARL15"
0.996787897045974,0.282773933544865,0.414,0.469,1,"MPHOSPH8"
0.69069744783394,0.282725078447451,0.404,0.401,1,"LNPEP"
0.383111563252827,-0.282602406400576,0.455,0.512,1,"CAMK1D"
0.255006318179713,-0.282570754001245,0.071,0.113,1,"ZKSCAN8"
0.305934516570904,-0.282532539316718,0.162,0.219,1,"CDC27"
0.676837096268706,0.282488681204958,0.111,0.099,1,"RPUSD3"
0.926159840633069,0.282388211661744,0.303,0.337,1,"TMX4"
0.162995747383858,0.28233884562422,0.737,0.719,1,"SCAF11"
0.306180487237468,-0.282136358430414,0.071,0.108,1,"POFUT2"
0.260732671875258,-0.281959213243079,0.141,0.198,1,"ECE1"
0.764774064611595,0.281796766578004,0.182,0.177,1,"ARAP1"
0.263648549797593,0.281702921976743,0.434,0.406,1,"HNRNPUL2"
0.646003051376133,0.281674278408516,0.172,0.158,1,"PML"
0.0875849069073067,0.281600605796209,0.717,0.663,1,"ARHGAP9"
0.22041234398253,0.281467290912768,0.505,0.495,1,"BBLN"
0.947879373955487,0.281431914425837,0.101,0.108,1,"ARL1"
0.401958723457579,0.281188052575676,0.283,0.25,1,"E2F4"
0.204127781855948,-0.281107573773116,0.111,0.17,1,"GANAB"
0.955940538288122,0.28103014602563,0.101,0.104,1,"MAP2K5"
0.958445172456466,0.28102037771346,0.131,0.137,1,"SLC25A11"
0.619293400125317,-0.281013252835615,0.111,0.127,1,"SLC12A2"
0.319606552395861,-0.280971718591918,0.354,0.427,1,"TXN"
0.288840589788799,-0.280931531213381,0.313,0.384,1,"KCTD20"
0.285883632888391,-0.280921880912993,0.081,0.123,1,"MCFD2"
0.143951664108768,-0.280905889514942,0.162,0.243,1,"IFNAR1"
0.62754306811744,0.280840181730838,0.182,0.17,1,"NSUN2"
0.502131125464057,-0.280766639236494,0.141,0.17,1,"HDAC4"
0.501574672002932,-0.280716750211877,0.232,0.276,1,"TUBA1C"
0.286195556803952,-0.280667051005623,0.071,0.111,1,"EIF2D"
0.572642297252393,0.280591926558748,0.323,0.33,1,"MAGED2"
0.540525723110369,0.280584783717401,0.101,0.083,1,"SNX29"
0.862156356532392,0.280578182856376,0.162,0.163,1,"ZDHHC12"
0.22021198405549,0.280526596697439,0.545,0.538,1,"CCT3"
0.402179245350259,-0.280509220475402,0.364,0.429,1,"ID2"
0.610604654244074,0.280452900937003,0.101,0.087,1,"YEATS2"
0.515265798779795,-0.280401702145077,0.101,0.125,1,"AP2A2"
0.346110727723705,-0.280243633276085,0.182,0.231,1,"RORA-AS1"
0.808850637315182,0.280093686251338,0.242,0.25,1,"DCP2"
0.42036808280042,-0.280075269476078,0.192,0.238,1,"TSN"
0.394665598650443,-0.280070427931802,0.081,0.113,1,"CASP8AP2"
0.199815090556657,0.279754971213283,0.495,0.479,1,"ICAM3"
0.257581885234153,0.279687188175668,0.838,0.849,1,"ARL6IP1"
0.137570296478772,0.279584742230855,0.606,0.538,1,"PRKCQ"
0.211469645716257,-0.279554449080599,0.283,0.377,1,"AP2B1"
0.905449014723564,0.279351735263017,0.101,0.099,1,"NF2"
0.2981595593913,-0.2793246138079,0.242,0.311,1,"CREBZF"
0.943237211771156,0.279043744408666,0.212,0.233,1,"ATXN10"
0.36693605642432,0.278996434644248,0.505,0.502,1,"RAB5C"
0.188306118093086,-0.278936918959231,0.131,0.198,1,"HECTD4"
0.360169184575234,0.278807050109464,0.333,0.309,1,"VPS51"
0.286229413614613,0.278769323633142,0.364,0.321,1,"NLRC5"
0.157775454964643,0.278768641115741,0.919,0.922,1,"LAPTM5"
0.012435012414292,0.278696579226876,0.909,0.863,1,"ADGRE5"
0.248048703379908,-0.278472526914871,0.364,0.427,1,"RBMS1"
0.0781397198202112,0.278364262424836,0.808,0.762,1,"TPI1"
0.281643491301495,0.278336673654016,0.313,0.269,1,"PPP1R18"
0.0181168619189989,0.278157226167807,0.929,0.896,1,"PPDPF"
0.791602732708103,0.278152868747666,0.101,0.094,1,"GATD3"
0.0137776401899345,0.278147991454844,0.778,0.675,1,"LSP1"
0.82310030103862,0.278133859979532,0.232,0.236,1,"BFAR"
0.865247007894345,0.278129321980634,0.323,0.351,1,"TMEM9B"
0.254392011863664,0.278071721654549,0.596,0.561,1,"RAP1A"
0.213171039896265,0.278035942239591,0.394,0.335,1,"MICOS13"
0.618636277909553,0.278016269614849,0.293,0.281,1,"ERCC5"
0.350238458513361,0.277904464926442,0.253,0.21,1,"NCBP2"
0.675889266572102,-0.277773077235659,0.121,0.139,1,"SSH1"
0.0510611493928236,0.277695257260046,0.788,0.726,1,"PAIP2"
0.442461251477203,0.277162993916017,0.212,0.177,1,"SYT11"
0.969740751536649,0.276994007130323,0.152,0.158,1,"ISYNA1"
0.168915903096353,0.276938640733048,0.465,0.432,1,"PSMD9"
0.902852641899788,0.276915494220823,0.152,0.153,1,"BLCAP"
0.763657241971677,0.276809210460775,0.182,0.179,1,"MTMR3"
0.744557701522552,0.276734690299291,0.101,0.092,1,"UBIAD1"
0.774698995280066,0.276678374963741,0.121,0.116,1,"ACAT1"
0.959937735725094,0.276446037530568,0.101,0.108,1,"ACTR8"
0.47345096791889,0.276431377979497,0.394,0.408,1,"RHOF"
0.70451020395753,0.276426293430737,0.172,0.203,1,"GNPTG"
0.0815237813263594,-0.276073506154143,0.192,0.302,1,"DNAJB11"
0.985622751433971,0.276068855925953,0.111,0.116,1,"P4HTM"
0.194951851249204,0.275761211724602,0.333,0.269,1,"RBM26"
0.442703182740077,-0.275425343751539,0.737,0.745,1,"P2RY8"
0.11833187426459,-0.275047109229421,0.374,0.486,1,"PPIG"
0.17132086598036,0.274830724822,0.556,0.528,1,"COPA"
0.321617147471243,-0.274757602515366,0.152,0.203,1,"MTR"
0.885997230682315,0.274735239578927,0.101,0.111,1,"RBM15"
0.00117481904010311,0.274384743797227,0.667,0.448,1,"TRBC1"
0.32366675594979,-0.274357211613653,0.202,0.264,1,"SAR1B"
0.140052785026917,-0.27424782630807,0.071,0.13,1,"ASCC1"
0.12459594167742,0.274228993269284,0.505,0.446,1,"YPEL3"
6.91050137381401e-05,-0.273954145793701,1,1,1,"RPLP1"
0.371123804682061,-0.27394400703519,0.141,0.184,1,"METTL16"
0.368533529562046,-0.273801165368238,0.121,0.16,1,"AVL9"
0.907703456104951,0.273727758387766,0.101,0.099,1,"KIF9-AS1"
0.252783577072818,-0.273666665102839,0.586,0.656,1,"SMCHD1"
0.0953818496001266,0.273655538869264,0.465,0.394,1,"MED10"
0.0131774253617371,-0.273575774424939,0.636,0.825,1,"PRRC2C"
0.533970273684354,-0.273462441060925,0.091,0.113,1,"ZMIZ2"
0.0327028245683696,0.27340519507311,0.869,0.866,1,"CLEC2D"
0.227322251269317,-0.273364898277758,0.172,0.233,1,"RNGTT"
0.33879104724376,-0.273130850272232,0.242,0.302,1,"SUZ12"
0.48067540337871,-0.273017394861638,0.081,0.106,1,"SHC1"
0.496617031741569,0.272998041647112,0.354,0.34,1,"COPS2"
0.111979847189655,0.272868154050969,0.505,0.443,1,"CTDNEP1"
0.791649326678585,0.272727859948864,0.263,0.267,1,"FRG1"
0.837210498267477,0.272532442087052,0.293,0.304,1,"ZNF131"
0.819331868522799,0.272365659808652,0.192,0.186,1,"NAXE"
0.318417054329092,0.271985610793606,0.263,0.224,1,"SUCO"
0.578429032233124,0.271969356936889,0.172,0.156,1,"KMT2B"
0.616709510270565,-0.271894560228026,0.141,0.163,1,"LYPLA1"
0.516973213371787,-0.27173826576212,0.283,0.325,1,"SYNGR2"
0.821176070994762,0.271482641768262,0.121,0.12,1,"VAMP3"
0.0404589249602643,0.271458577857058,0.848,0.828,1,"PRKCH"
0.810194165468457,0.271407358604431,0.131,0.153,1,"POLR3E"
0.000593407106273507,-0.271136703858687,1,0.995,1,"RPL24"
0.849740701646069,0.27100963579208,0.121,0.12,1,"DTWD1"
0.262763331935048,0.27100886282541,0.313,0.259,1,"STRN"
0.433032560877547,-0.270970646336027,0.333,0.377,1,"PCMT1"
0.156081662157159,0.270807593558529,0.556,0.488,1,"AKAP9"
0.252075709114428,-0.270804504411235,0.141,0.208,1,"CRTC3"
0.775276085135097,0.270794857004897,0.131,0.123,1,"CEP78"
0.856080652737635,0.270786366942276,0.131,0.13,1,"DGCR6L"
0.184355845177689,-0.270651270085979,0.273,0.356,1,"APEX1"
0.672975847356645,0.270374237035563,0.222,0.222,1,"DCAF15"
0.636204786870273,0.270341830578816,0.222,0.203,1,"FASLG"
0.707256806221918,0.269953807491505,0.212,0.212,1,"ENSG00000274265"
0.377391170732134,-0.269870370427123,0.121,0.16,1,"PELP1"
0.883736337446011,0.269598819874257,0.141,0.156,1,"REV1"
0.849381976583949,0.269595631173305,0.091,0.101,1,"HDAC8"
0.917471521322065,0.26931514911694,0.212,0.231,1,"UPF1"
0.195888226128711,0.269254785445108,0.374,0.323,1,"TRIM22"
0.880352119419379,0.269249439972168,0.242,0.281,1,"RELCH"
0.751743645261352,0.269049248921504,0.434,0.462,1,"MAX"
0.311875241245306,-0.268930850363642,0.162,0.215,1,"ARL4A"
0.119103892251867,0.268786044097488,0.394,0.318,1,"PPP4R2"
0.688871482581339,0.268663332586633,0.152,0.139,1,"WDR54"
0.7184140083106,0.268631640889427,0.253,0.264,1,"CDK5RAP3"
0.0549524060492401,0.268503375308108,0.798,0.837,1,"TPM3"
0.916650240962092,0.268451564824621,0.182,0.198,1,"BPNT2"
0.536035360644333,0.268394306800124,0.162,0.142,1,"RIOK2"
0.280433712981776,-0.268385850264239,0.202,0.267,1,"INPP5D"
0.480227389507247,-0.268334171959247,0.343,0.384,1,"ARPC4"
0.222277157210001,0.268293647635199,0.394,0.354,1,"POLR2I"
0.542136489211611,0.268204536421326,0.283,0.262,1,"DNM1L"
0.513938052919922,-0.268195555852497,0.162,0.196,1,"INO80E"
0.24900730062874,0.268189104731442,0.303,0.255,1,"MYO1F"
0.874756684690906,0.268144260989716,0.121,0.134,1,"UBA5"
0.0572781373568696,-0.268006441503045,0.202,0.33,1,"RAB1B"
0.837356467825347,0.26736504386423,0.101,0.113,1,"PMS1"
0.215062308074774,-0.267330731368996,0.303,0.392,1,"SNRPD1"
0.188762514597862,0.267270633036027,0.596,0.585,1,"NSA2"
0.559571768725309,0.267262597629021,0.111,0.092,1,"TFPT"
0.494945093302859,-0.267228936293219,0.091,0.118,1,"MFSD4B"
0.626714333030022,0.267227288880117,0.182,0.172,1,"NIP7"
0.626996532839239,0.267218081098267,0.141,0.127,1,"DYNC2I1"
0.92990465226994,0.267184185674856,0.152,0.165,1,"SAE1"
0.623032182953427,0.266833801745312,0.121,0.106,1,"BEX4"
0.735714148774996,0.266578991123846,0.121,0.111,1,"TTC9C"
0.0834941920535183,-0.266076041314892,0.859,0.908,1,"LINC-PINT"
0.0398181581578983,0.265928509508644,0.596,0.509,1,"TAP1"
0.362157463350075,-0.265926754007985,0.212,0.269,1,"BCCIP"
0.049793814867986,-0.265699530114173,0.889,0.866,1,"LRRFIP1"
0.637978527626061,-0.265549315179241,0.101,0.118,1,"EBPL"
0.524692076756639,-0.265169737655454,0.111,0.137,1,"ABCD4"
0.255661095304648,-0.265002408507363,0.232,0.3,1,"IRF9"
0.309002676913074,-0.264998132235986,0.313,0.38,1,"PBRM1"
0.385353010447271,0.264985433082542,0.444,0.427,1,"MED15"
0.24036253133982,0.264832190541526,0.525,0.528,1,"SRSF9"
0.83069297667593,0.264829544108532,0.101,0.097,1,"PDSS2"
0.179527419217773,0.264748320386143,0.596,0.585,1,"KTN1"
0.422469012225044,0.264677827987425,0.273,0.243,1,"CTSS"
0.293939576708994,-0.264571902480862,0.242,0.311,1,"OSER1"
0.697025515270001,0.264421353479861,0.141,0.13,1,"HACD2"
0.335690232591863,-0.264357752190125,0.121,0.167,1,"ZDHHC5"
0.181809515943363,-0.264312808536609,0.263,0.349,1,"TPP2"
0.929050135700059,0.264297679861632,0.121,0.13,1,"FOXK1"
0.7441477938832,0.264243724208599,0.121,0.113,1,"ENSG00000272742"
0.545561177459664,0.263839527216688,0.101,0.083,1,"TBC1D13"
0.639067533829015,0.263609845731462,0.121,0.149,1,"PGGHG"
0.279593307497334,-0.263275068642888,0.091,0.134,1,"RAD9A"
0.263537240486909,0.263271340627384,0.566,0.545,1,"UBE2A"
0.358282738591058,-0.263112190291395,0.343,0.396,1,"MICOS10"
0.370398570924073,-0.263095654675846,0.081,0.116,1,"SMPD1"
0.307289920279375,0.263092939122773,0.394,0.375,1,"PSMD6"
0.587191816748231,-0.262888729442334,0.192,0.217,1,"TBC1D1"
0.32412529334613,-0.262850569650554,0.303,0.375,1,"SNRK"
0.970849422818502,0.262640226263234,0.222,0.243,1,"PRPF31"
0.0425628019580367,-0.262271740378802,0.566,0.719,1,"SLC3A2"
0.49505217430636,0.262264888414723,0.192,0.167,1,"USP39"
0.474482337912803,0.262256077492214,0.111,0.09,1,"BICD2"
0.99179804748513,0.262222996100208,0.232,0.248,1,"ASF1A"
0.524576968220397,0.262194247298175,0.111,0.09,1,"FAM78A"
0.794252857899667,0.262000295767406,0.111,0.106,1,"RABL2B"
0.0610209704263175,-0.261996702708901,0.343,0.481,1,"ZSWIM6"
0.856268727617999,0.261800827285421,0.172,0.175,1,"VPS72"
0.368641824909897,-0.261695902460715,0.222,0.278,1,"CDC26"
0.226486372203083,-0.261640824148371,0.465,0.547,1,"P4HB"
0.260182282370182,-0.261553329025939,0.152,0.212,1,"GLA"
0.0730296099523533,0.261473926732533,0.98,0.993,1,"FTL"
0.295205920311861,-0.261461833919253,0.263,0.321,1,"JMY"
0.389057194075023,-0.261212989073714,0.101,0.137,1,"SNIP1"
0.34822406913006,-0.261165759262224,0.444,0.505,1,"SEC61G"
0.980055808269264,0.261159696026172,0.192,0.198,1,"ACAA1"
0.975142165481269,0.26084829048181,0.141,0.149,1,"RXRB"
0.288648347375988,-0.260786099274211,0.111,0.153,1,"NCOA6"
0.117468341485513,-0.260647304387507,0.505,0.587,1,"CYSTM1"
0.216376380391723,-0.260630848841061,0.253,0.318,1,"ATXN7"
0.210315655687741,-0.260620474221985,0.131,0.2,1,"NDUFAF4"
0.132081885308275,-0.260583057501072,0.485,0.601,1,"RNPS1"
0.246846949505794,-0.26042768983207,0.202,0.271,1,"SRSF6"
0.864909660041633,0.260318015175329,0.152,0.151,1,"SKIC8"
0.364724040161743,0.260201850653484,0.434,0.422,1,"BRAF"
0.332038305575664,0.260169820782313,0.354,0.328,1,"TIAL1"
0.00292811043317703,-0.260005874066196,0.97,0.995,1,"MT-CYB"
0.525723278223795,0.260003787810199,0.283,0.271,1,"DERL1"
0.732746088661552,0.259875185140403,0.202,0.196,1,"NCBP2AS2"
0.420849231455599,-0.259589414238464,0.081,0.108,1,"VPS16"
0.762084197024576,0.259350156122862,0.121,0.142,1,"CLEC16A"
0.247315216576235,-0.259157044660565,0.384,0.486,1,"NR4A2"
0.877988813760438,0.259026491237145,0.111,0.123,1,"GAR1"
0.223877999210711,0.258968969523686,0.364,0.323,1,"CIR1"
0.301813203888051,0.258961046077346,0.323,0.288,1,"AAMP"
0.0169275788326212,-0.258911996493574,0.899,0.946,1,"APOO"
0.322877606836999,0.258834384016677,0.404,0.382,1,"TWF2"
0.657775173465333,0.258700663114998,0.141,0.127,1,"LIN54"
0.328862567927199,0.258616740937174,0.343,0.309,1,"TSEN54"
0.274797096055195,0.258613926685866,0.465,0.455,1,"EIF3I"
0.118184482908877,0.258523685682527,0.667,0.63,1,"MCUB"
0.946594356802711,0.258475206574087,0.141,0.153,1,"POLDIP2"
0.644032927721052,0.258415240264451,0.202,0.191,1,"CBX6"
0.272766536337282,0.258332642222187,0.515,0.483,1,"FOXO1"
0.614017101121525,-0.258307359945612,0.202,0.226,1,"SART3"
0.344540948951368,-0.258213851610376,0.192,0.241,1,"EHMT1"
0.397414193347983,-0.258102908934695,0.081,0.111,1,"INTS7"
0.301873087035023,0.258067164286575,0.263,0.222,1,"SHKBP1"
0.932237172589371,0.258040596972289,0.182,0.193,1,"COQ4"
0.372841184921431,-0.257912261812663,0.293,0.342,1,"PRKCQ-AS1"
0.344616642194173,-0.257893051514757,0.081,0.118,1,"SLC35C2"
0.304074440489757,-0.257777547741757,0.081,0.118,1,"ERAP2"
0.399847772446262,-0.257720842695606,0.101,0.142,1,"LYSMD3"
0.295255828869747,-0.2576843069152,0.283,0.354,1,"LAMTOR1"
0.486413914324729,-0.257664246828989,0.313,0.358,1,"MPZL3"
0.161224423163143,-0.257620850567475,0.242,0.328,1,"PRKCA"
0.759224256826348,0.257567904794453,0.303,0.318,1,"MRPL52"
0.403588304756177,0.257479990747003,0.646,0.658,1,"TOMM20"
0.430437105480735,0.257055717505663,0.222,0.193,1,"MRPS22"
0.0482072443967431,-0.256901766470529,0.394,0.507,1,"UQCRQ"
0.176169148387067,-0.2567887376791,0.343,0.422,1,"PRDM2"
0.333683508183628,0.256776751776252,0.293,0.264,1,"MTCH2"
0.82957407016308,0.256512507647704,0.101,0.097,1,"MBTD1"
0.0140212164340865,0.25644890922949,0.97,0.965,1,"MT-ND5"
0.383055360510328,0.256272098897836,0.333,0.3,1,"TRPS1"
0.509072442609664,-0.256257969314592,0.162,0.196,1,"MRPS16"
0.357899154867408,0.256255868708499,0.374,0.354,1,"STIP1"
0.410092515503891,0.256189698097443,0.263,0.236,1,"RING1"
0.694215363412805,0.256146509019419,0.354,0.361,1,"ITPR1"
0.681426816392226,0.256058280633212,0.111,0.101,1,"GNA12"
0.986282500993283,0.256029179600046,0.242,0.267,1,"TSG101"
0.086722362348607,-0.255783325897804,0.162,0.259,1,"RABIF"
0.0159298044422458,-0.255751038265581,0.98,0.976,1,"EEF1G"
0.348542438827962,0.255603278076767,0.273,0.238,1,"PPP2R5E"
0.138548793148344,-0.255535805761073,0.485,0.583,1,"RARA"
0.054305063552,-0.255467045049273,0.263,0.394,1,"CWC15"
0.749152828713111,0.255463471661312,0.343,0.358,1,"SBDS"
0.000817756621545585,-0.255433689067945,1,1,1,"RPS23"
0.326223263910046,0.255285397098002,0.364,0.314,1,"TMEM87A"
0.311242554347561,-0.254989479027179,0.283,0.349,1,"PAN3"
0.0134497478072815,0.254960556912023,0.818,0.726,1,"CLEC2B"
0.639550897077157,0.254934673539563,0.232,0.229,1,"HACD3"
0.0358129422193705,-0.254724777644033,0.525,0.656,1,"HSPD1"
0.998862715721996,0.254624226300717,0.242,0.271,1,"PPP6R1"
0.398170232483386,0.254390443396556,0.253,0.224,1,"ARID1A"
0.46816244617774,-0.254368293101481,0.283,0.323,1,"JARID2"
0.126583532681102,0.254266560124345,0.525,0.458,1,"VASP"
0.0760118792362647,0.254264825556512,0.778,0.715,1,"NME2"
0.0296851868113486,0.254205491609254,0.808,0.719,1,"CD6"
0.72189783699152,0.254192101608364,0.303,0.302,1,"RNF216"
0.0276970695114217,0.254063698379853,0.838,0.825,1,"EDF1"
0.716235952827832,0.254035623028021,0.182,0.177,1,"PRPF3"
0.664452884242802,0.253991941267754,0.131,0.118,1,"AXIN1"
0.123786124221848,-0.253977885845626,0.162,0.241,1,"CFDP1"
0.0323109875241426,0.253893839158214,0.788,0.689,1,"SLFN5"
0.157119690305674,-0.253710096318881,0.566,0.653,1,"USP15"
0.547495695095087,0.253610049110563,0.192,0.17,1,"ADI1"
0.751614122052541,-0.253480541133159,0.091,0.101,1,"ST8SIA1"
0.346245276004635,-0.253409105508316,0.636,0.712,1,"SELENOK"
0.163652001259984,-0.25334019355095,0.071,0.125,1,"VKORC1L1"
0.41601875721235,0.253074516253559,0.222,0.193,1,"TENT4B"
0.324547402450822,-0.253015297120541,0.182,0.233,1,"STAT6"
0.222436378654522,-0.252956001773234,0.141,0.208,1,"TRIM24"
0.468715986693513,-0.252877267405646,0.162,0.203,1,"PDHA1"
0.704267195674169,-0.252845058438209,0.111,0.127,1,"SP4"
0.796136318352132,0.252713813551468,0.141,0.137,1,"FAM193B"
0.940750692678949,0.252691448196666,0.182,0.189,1,"MEF2A"
0.00559419307406022,0.252686393236615,0.545,0.366,1,"GZMH"
0.669753134396323,0.252579066698726,0.182,0.167,1,"PSTPIP1"
0.738844464454525,-0.252197467595358,0.232,0.25,1,"CLASP2"
0.152403689665442,-0.25192298841648,0.636,0.703,1,"HLA-F"
0.393782630398141,0.251753336168263,0.101,0.139,1,"HIF1AN"
0.267537106297979,-0.25152791773079,0.172,0.233,1,"PLIN2"
0.986806784913184,0.251511175217962,0.121,0.13,1,"EXOSC9"
0.120378108915209,0.251476528087138,0.303,0.233,1,"TASOR2"
0.466882227460313,0.251146517730286,0.253,0.224,1,"BTN3A1"
0.240532028206597,-0.251049933037014,0.152,0.21,1,"IPO5"
0.266791719737266,-0.250989216624453,0.162,0.217,1,"CMTM3"
0.10679590530791,0.250874449795562,0.343,0.259,1,"SLC6A6"
0.588975702588018,0.250818277452666,0.313,0.311,1,"USP9X"
0.392931917929645,0.250654491507781,0.253,0.219,1,"TMEM30A"
0.6073303726834,0.250603009796518,0.141,0.125,1,"C15orf61"
0.531815122296997,0.25059521471453,0.182,0.163,1,"DAAM1"
0.467496533355303,0.250454941828852,0.242,0.226,1,"KIF3A"
0.710108168351194,0.250339717719805,0.384,0.382,1,"ZFR"
0.676070760812683,0.250152488594762,0.364,0.366,1,"PPP6C"
0.591981220937291,0.250122344589682,0.111,0.094,1,"EXOSC4"
0.41774677058849,0.250064739808352,0.333,0.318,1,"ZNF800"
0.195253926149993,0.250054481994886,0.313,0.252,1,"ZCCHC7"
0.409769062769447,0.249907360561809,0.394,0.373,1,"ATP6AP2"
0.879637304937142,0.249868235599977,0.222,0.231,1,"NSD1"
0.657218132153055,0.249686541579641,0.232,0.229,1,"CDC37L1"
0.0739343224092681,0.249657179864633,0.505,0.422,1,"TGFBR3"
0.0776441055001463,0.249656786870514,0.657,0.58,1,"CLTB"
0.637424685313985,0.249574268986415,0.253,0.25,1,"RBM22"
0.119061695589268,0.249569613766616,0.626,0.564,1,"PRMT2"
0.25008143344588,-0.249436360144944,0.152,0.217,1,"GABPB1"
0.0992496188722195,-0.249349835908722,0.253,0.361,1,"UBA2"
0.645934521541279,0.249148359389816,0.141,0.127,1,"ELF4"
0.653561675998401,-0.248858094950082,0.131,0.151,1,"GLIPR2"
0.897129784648056,0.248645707162545,0.242,0.264,1,"MVP"
0.391001501778892,-0.248375941216962,0.444,0.493,1,"PARP8"
0.401484400126217,-0.248336485946852,0.444,0.521,1,"CEMIP2"
0.978791625562389,0.248318445903587,0.182,0.189,1,"OTUD6B-AS1"
0.040829656456323,-0.248267933040227,0.99,0.991,1,"EIF1"
0.424939278463862,-0.248188443641452,0.121,0.158,1,"SMARCD2"
0.306496618976979,-0.248180393643959,0.131,0.182,1,"MRPL42"
0.414420853652834,-0.248175926412666,0.253,0.304,1,"GFPT1"
0.483913216904962,0.248108446297542,0.212,0.179,1,"CCDC107"
0.16868028439665,0.248089728672209,0.566,0.547,1,"NOL7"
0.417233058480099,-0.248047001730837,0.131,0.17,1,"SMG6"
0.189578886425559,-0.247892791296041,0.293,0.384,1,"TOMM5"
0.839720010588164,0.247884136119549,0.141,0.156,1,"TBC1D10A"
0.235874920466302,-0.247850107166886,0.182,0.248,1,"LPIN2"
0.406446833083305,0.247750071575355,0.566,0.566,1,"WDR83OS"
0.616347259945356,0.247687257455243,0.202,0.189,1,"ITPRIP"
0.45420942488745,0.247673067559038,0.434,0.42,1,"RBM4"
0.976220263656541,0.247545579178034,0.222,0.238,1,"GTPBP4"
0.753980699477644,0.247482503319431,0.131,0.151,1,"SIRT1"
0.865884935029115,0.247471681479026,0.212,0.245,1,"STXBP2"
0.105137681405189,0.247419231110419,0.434,0.351,1,"ZMYND11"
0.179268877139897,-0.24725017755108,0.202,0.285,1,"ATP6V1D"
0.153415467880533,0.247177005876138,0.414,0.368,1,"COX14"
0.0374351597775304,0.247019135950528,0.687,0.592,1,"GCC2"
0.30741487588487,-0.246969901212183,0.071,0.106,1,"SMPD2"
0.303449998647313,0.246679542470306,0.404,0.394,1,"CDK13"
0.751315622515982,0.246586284902318,0.273,0.278,1,"RAB11B"
0.40459199770281,-0.246513824698274,0.121,0.158,1,"STARD10"
0.876820488885154,0.246501614093899,0.222,0.238,1,"EDEM3"
0.29360210129566,-0.246494859103187,0.263,0.333,1,"MRPS24"
0.290902925412169,-0.246489365482348,0.444,0.502,1,"CCT7"
0.384163252842419,-0.246426770589107,0.131,0.172,1,"MTX1"
0.740919551275439,-0.24642005961792,0.192,0.208,1,"LRP10"
0.860050351059267,0.24635187756279,0.121,0.132,1,"PLPBP"
0.408650613122983,-0.246327138887482,0.152,0.196,1,"MBTPS1"
0.476965690777617,-0.246281838087518,0.141,0.17,1,"CKAP5"
0.73488591576172,0.246243680892561,0.152,0.144,1,"GGA1"
0.456332165110869,-0.246222427228051,0.273,0.316,1,"INTS6"
0.320726469007019,0.246033176850383,0.404,0.373,1,"CHMP4A"
0.373690039865127,0.246004509542854,0.081,0.116,1,"LRIG1"
0.720173906120233,0.245976753628894,0.152,0.175,1,"WWOX"
0.0076826582486236,0.245918649737322,1,0.979,1,"CRIP1"
0.0915727402858166,-0.245849549919128,0.707,0.783,1,"C12orf57"
0.558083428241832,0.245783484474422,0.192,0.175,1,"UBE2G2"
0.621536393521665,0.245619462455679,0.222,0.212,1,"MIS18BP1"
0.888154285913669,0.245532354082731,0.111,0.108,1,"CCDC88B"
0.181252971816101,0.245475488563315,0.485,0.436,1,"SRPK2"
0.394590740402065,-0.245417129519044,0.333,0.401,1,"NR1H2"
0.256166358565991,-0.245387738881291,0.071,0.113,1,"ZNF398"
0.413551317070228,0.245135334294518,0.394,0.394,1,"MOB4"
0.305355683674254,0.244912362267787,0.505,0.483,1,"BTG2"
0.000218951060132039,-0.244680815926907,1,1,1,"RPS21"
0.154149746180007,-0.244579245938228,0.848,0.92,1,"MBNL1"
0.651415312780082,0.244545982796926,0.424,0.462,1,"PHC3"
0.277819271799682,-0.244544744350975,0.404,0.469,1,"RAB8B"
0.410162929344872,-0.244438786752854,0.222,0.274,1,"C1orf52"
0.333497263766945,-0.24442446876449,0.111,0.153,1,"AKT2"
0.692338632712152,0.24427312744689,0.152,0.142,1,"TPGS2"
0.297560719021001,-0.244233150136263,0.495,0.568,1,"RSL24D1"
0.334888045424882,-0.244206713273171,0.586,0.679,1,"SNRPG"
0.158989804340302,-0.244100654482574,0.141,0.219,1,"ITPA"
0.889690258952189,0.244033696077919,0.091,0.101,1,"THUMPD3"
0.659398706815467,0.243786449260919,0.273,0.34,1,"COX7A2L"
0.243747580576729,-0.243771414616106,0.141,0.203,1,"CARD16"
0.469692098646965,-0.243550322647877,0.242,0.281,1,"ARRDC2"
0.195671329013825,-0.242763135351287,0.566,0.682,1,"CAST"
0.577086412382941,0.242558685505868,0.152,0.132,1,"DDX52"
0.547650979148848,0.242516690533352,0.273,0.259,1,"BCOR"
0.608209379085024,0.242464809363552,0.121,0.149,1,"EOLA2"
0.776027504671457,0.242451151759905,0.101,0.094,1,"GALK2"
0.293646525719249,-0.242420892968474,0.172,0.226,1,"KBTBD2"
0.918898800417826,0.24235462146366,0.293,0.33,1,"FUNDC2"
0.907703456104951,0.2423057229833,0.101,0.099,1,"L3MBTL2"
0.999519234283476,0.242016677117111,0.141,0.146,1,"NCAPD3"
0.983819154307088,0.241980045983281,0.101,0.104,1,"IPCEF1"
0.337731136678211,-0.241858202923286,0.111,0.153,1,"NEDD1"
0.704126606609863,0.241811322817366,0.101,0.09,1,"ENSG00000290548"
0.231561460122802,0.241731318496074,0.232,0.182,1,"SPIDR"
0.659399251432638,0.241687701956922,0.273,0.267,1,"EPB41L4A-AS1"
0.841900562569606,0.24166501535577,0.101,0.097,1,"SNRNP48"
0.402060864286913,0.241590565525545,0.485,0.498,1,"RAD23A"
0.814942042157957,0.241502284592203,0.364,0.399,1,"ENSG00000290823"
0.227223260088358,-0.241357158471225,0.172,0.238,1,"SIK2"
0.845647016640997,0.241208636433127,0.121,0.12,1,"QTRT2"
0.792633886333955,0.240702574297347,0.111,0.104,1,"EAF1"
0.79194857039368,0.240698163447751,0.626,0.649,1,"DYNLL1"
0.390890087594821,-0.240644746623578,0.152,0.193,1,"MDM4"
0.53128594141845,0.240564838928935,0.273,0.267,1,"SNRNP40"
0.409412942095722,0.240456968846739,0.182,0.146,1,"TRIM38"
0.380217752335773,0.240313487591761,0.222,0.182,1,"MED31"
0.610346433622966,0.240241738044594,0.444,0.441,1,"CDK2AP2"
0.461658774172103,0.2400584633234,0.354,0.337,1,"BBX"
0.953749995214845,0.240039740070129,0.121,0.125,1,"BAD"
0.536823030153641,0.239948011771234,0.313,0.281,1,"SAMD9"
0.220330892489183,-0.239919410138595,0.303,0.375,1,"SELENOH"
0.82121442269345,0.239899461828586,0.354,0.389,1,"IGBP1"
0.232120396739381,-0.239835930145195,0.242,0.328,1,"SMG1"
0.208790237177077,-0.239812562649602,0.101,0.16,1,"GCDH"
0.000598277361192948,-0.239805667166088,0.99,0.998,1,"RPL10A"
0.448723744904087,-0.239748802555686,0.141,0.179,1,"COG3"
0.535785603479772,-0.239520925902762,0.354,0.392,1,"NOP56"
0.396029617099761,-0.239491040755732,0.141,0.184,1,"NFU1"
0.381006921616063,-0.239417597031497,0.141,0.186,1,"ZNF664"
0.149569049699755,-0.239385655330126,0.253,0.34,1,"COG5"
0.186197216827018,-0.239261485425858,0.323,0.432,1,"VAMP8"
0.384204498400498,-0.239260946258198,0.101,0.137,1,"CPEB2"
0.563469829734448,0.238972018090583,0.192,0.172,1,"HRAS"
0.264930432666818,0.238916254402712,0.535,0.519,1,"SURF4"
0.332719750999266,-0.238624764297499,0.091,0.13,1,"ENSG00000228655"
0.16354800196333,0.238582645885058,0.616,0.585,1,"MAPRE2"
0.343097711209766,-0.238154822773545,0.333,0.389,1,"ABRACL"
0.000731834972208776,-0.238098189884303,1,1,1,"RPL36"
0.0610780963369862,0.238002830342789,0.667,0.592,1,"TMEM59"
0.456537045245759,0.237923280330805,0.212,0.189,1,"BICRAL"
0.78297411509928,0.237862946568766,0.172,0.167,1,"RBM7"
0.0785156312120129,-0.237832919275645,0.121,0.212,1,"HNRNPH2"
0.341268139688929,-0.237824629971194,0.364,0.432,1,"MORF4L2"
0.976375627623077,0.237771986077159,0.152,0.16,1,"PEPD"
0.6231286305945,0.237520648732469,0.152,0.134,1,"KDM4A"
0.0720240491014497,-0.237174312723088,0.97,0.962,1,"CD44"
0.169081355423238,-0.237071001637438,0.283,0.392,1,"OCIAD2"
0.48348419219166,0.236924955065372,0.444,0.467,1,"EIF2S2"
0.395479608248883,0.236803209568466,0.404,0.387,1,"LCK"
0.322686739037743,-0.236635968987793,0.737,0.807,1,"SOD1"
0.722796377233509,-0.236336362564953,0.091,0.104,1,"IL10RB"
0.507611581997748,-0.236312407248115,0.232,0.264,1,"CCNT1"
0.491707936569676,-0.236172878038315,0.364,0.429,1,"RHBDD2"
0.43229598242448,0.236019827042056,0.242,0.215,1,"YJU2B"
0.248921331405825,-0.235948074615943,0.162,0.224,1,"TOLLIP"
0.495985512943358,-0.235891132535007,0.364,0.41,1,"ZFAND3"
0.654625714418745,0.235764472617624,0.182,0.219,1,"NSRP1"
0.689367044918787,-0.235681509432103,0.263,0.29,1,"DIPK1A"
0.300008265618894,-0.235476982589767,0.263,0.333,1,"PHF1"
0.616685813543691,-0.235389525143953,0.192,0.224,1,"CTDSP2"
0.798201423806942,0.235367664612223,0.172,0.165,1,"PDIA4"
0.90493005717301,0.235303744280512,0.121,0.132,1,"YIF1A"
0.911543478790525,0.235262992349386,0.242,0.264,1,"BST2"
0.121379145493532,0.235240097552671,0.495,0.432,1,"SAP30BP"
0.127611120121112,-0.235177275403605,0.192,0.288,1,"TOB1"
0.973267407304746,0.235166355672792,0.172,0.184,1,"SART1"
0.790767407435862,0.235105754092201,0.182,0.184,1,"PRKRA"
0.0169548547329617,0.235071526887755,0.869,0.783,1,"PPP2R5C"
0.82688485647483,0.234988035700506,0.222,0.224,1,"GMDS"
0.319186924171232,-0.234983704232122,0.495,0.564,1,"SYF2"
0.821142717317768,0.234810488742284,0.182,0.177,1,"ST6GAL1"
0.65567220143639,0.234620536507299,0.303,0.304,1,"NPAT"
0.328148245942526,-0.234565319120072,0.141,0.191,1,"SLC25A38"
0.548877697195927,0.234494894766893,0.212,0.193,1,"CTNNBL1"
0.469652067940347,-0.234392188260197,0.101,0.13,1,"TMEM65"
0.688714765831407,-0.234207981161249,0.222,0.248,1,"KAT6B"
0.490754597529757,-0.23418189274481,0.121,0.153,1,"EED"
0.724122052256986,0.234145159897398,0.374,0.368,1,"ENSG00000291073"
0.370940180597444,-0.234087598669848,0.071,0.104,1,"ABITRAM"
0.406969994950894,-0.234073720261584,0.202,0.255,1,"CISD2"
0.0556927416705004,0.233950626309557,0.707,0.634,1,"ELOB"
0.552838310510241,0.2336589170365,0.172,0.153,1,"STX4"
0.702103559679291,0.233536159101385,0.162,0.193,1,"ETHE1"
0.765658843402287,0.233521711150981,0.212,0.212,1,"ODF2"
0.579767439184565,0.23352028028258,0.182,0.165,1,"HTRA2"
0.674234241049073,0.233513469813017,0.232,0.224,1,"MED14"
0.433771421677476,-0.233484648759549,0.111,0.146,1,"GGA3"
0.136031978573702,-0.233190851638919,0.768,0.828,1,"FXYD5"
0.697076595754623,-0.233146217729479,0.343,0.363,1,"PPP3CA"
0.315278388774175,-0.232949303366445,0.111,0.158,1,"RNASEH1"
0.236586063565247,0.232861632623803,0.616,0.642,1,"ACTR3"
0.00159261547280853,-0.232593424654425,1,1,1,"RPS12"
0.312840786052378,-0.232576362322691,0.404,0.476,1,"GMFG"
0.914860090324996,0.232551216806929,0.192,0.198,1,"DDRGK1"
0.66245287326375,0.232412590112139,0.111,0.099,1,"DYRK2"
0.217703029685259,0.232304726061198,0.586,0.587,1,"PSMB8"
0.898710371367186,0.232087558405029,0.141,0.158,1,"HCFC1R1"
0.0674291216390234,-0.232050246045834,0.788,0.868,1,"SLC25A3"
0.518291787205847,-0.231959438539679,0.242,0.285,1,"OXCT1"
0.674476107816948,0.23195383190586,0.152,0.184,1,"TMX2"
0.364676638448769,-0.231787779065761,0.424,0.483,1,"RPL22L1"
0.00477334019903852,0.231721665595512,0.899,0.656,1,"CST7"
0.359699950216683,0.231658064937425,0.354,0.33,1,"NCBP3"
0.655629758970549,0.231635162341586,0.485,0.505,1,"NUDC"
0.00780562145008145,0.231493115244014,0.879,0.748,1,"DUSP2"
0.502476919529097,0.231421916325731,0.566,0.568,1,"N4BP1"
0.102628931884494,0.231321796146159,0.576,0.502,1,"VDAC2"
0.288248418852163,-0.231248757985767,0.374,0.441,1,"GPR132"
0.77748935148291,0.231176844020831,0.192,0.189,1,"SENP7"
0.335316810176989,0.231087344973676,0.152,0.116,1,"ENSG00000276241"
0.11695142768597,0.230922575520057,0.768,0.724,1,"SERBP1"
0.819182650275,-0.230898315883841,0.818,0.814,1,"S100A6"
0.155180379456523,0.230708334096697,0.657,0.625,1,"PRR13"
0.686981532826269,0.230700808446823,0.152,0.142,1,"ANXA2R"
0.401345118233674,0.230647701332318,0.404,0.387,1,"CPNE1"
0.445470582242966,-0.230394002071881,0.081,0.108,1,"TRAF3IP1"
0.521149904027277,0.230180553406855,0.232,0.208,1,"TBC1D5"
0.749092721704051,0.230170968374577,0.202,0.193,1,"VRK3"
0.426613598571659,-0.230032625931092,0.101,0.134,1,"DIS3L2"
0.667538552188912,0.229958177172356,0.141,0.13,1,"CDK16"
0.460599189137227,-0.22981119707826,0.172,0.21,1,"ANKS1A"
0.367645897112403,0.229799179207306,0.495,0.467,1,"STRAP"
0.84510447604716,0.229708624748176,0.253,0.262,1,"ICE1"
0.115473238024298,-0.229567626975061,0.697,0.783,1,"ENSG00000257322"
0.459672088914926,-0.229550268267413,0.101,0.132,1,"PPP1R12B"
0.939271072478368,0.229460042695212,0.293,0.314,1,"TLE3"
0.882675335400524,0.229367673791259,0.303,0.351,1,"VPS13B"
0.768125694502102,0.228689411079186,0.162,0.151,1,"IGFLR1"
0.366026730115897,-0.228587820006161,0.121,0.16,1,"CLK2"
0.150838759855865,-0.228460236732021,0.232,0.321,1,"GIMAP1"
0.117886819506912,-0.228361545610859,0.434,0.568,1,"GOLGB1"
0.722671555944271,0.228252123834779,0.131,0.12,1,"MCM7"
0.640514444739765,0.228223158636656,0.121,0.106,1,"SLC30A1"
0.763317255089581,0.228221701075298,0.091,0.104,1,"CDK10"
0.612108089497553,0.228113794038396,1,1,1,"ACTB"
0.999471338939876,0.227784329061238,0.111,0.118,1,"TRAF7"
0.0775995997104236,-0.227642219331002,0.323,0.455,1,"SDF4"
0.359917283380311,0.227601963341065,0.424,0.401,1,"FKBP8"
0.663263709052141,0.227565188888898,0.141,0.17,1,"IREB2"
0.532539127915865,-0.227539270732092,0.131,0.16,1,"LTN1"
0.0200286784876089,0.227462895314384,0.889,0.847,1,"CD3E"
0.583832879238849,0.227336758289381,0.182,0.163,1,"NUP133"
0.635391747580531,0.227294285291154,0.354,0.354,1,"FUBP1"
0.806158954417807,0.22717598340601,0.121,0.118,1,"VPS54"
0.386512451008091,0.226885396587517,0.434,0.42,1,"FGFR1OP2"
0.264459687756857,-0.22678224753177,0.182,0.25,1,"NARS1"
0.564612695116624,0.226730292098253,0.263,0.25,1,"RNF11"
0.138741693923689,-0.226716919354347,0.525,0.601,1,"RTRAF"
0.770546582528239,0.226406248736723,0.121,0.113,1,"TSHZ1"
0.584735838656574,0.226121669339169,0.152,0.132,1,"PSD4"
0.967874049360998,0.225984610625418,0.172,0.182,1,"BCL6"
0.363326775123017,-0.225942897170789,0.343,0.41,1,"TTC3"
0.615075457732808,0.225942038418774,0.172,0.156,1,"TOM1L2"
0.982465017605108,0.225865924553474,0.465,0.526,1,"PA2G4"
0.155900777027855,-0.225780385441354,0.525,0.658,1,"SRSF3"
0.388136004702161,0.225647943881261,0.293,0.262,1,"DDX50"
0.565583304874416,0.225645610061328,0.121,0.104,1,"SREBF1"
0.491973208762186,0.225514839299505,0.293,0.274,1,"DNAJC9"
0.193487273217539,0.225512977861928,0.717,0.696,1,"NDUFA4"
0.109514744842544,0.225481062311288,0.788,0.705,1,"SF3B2"
0.505929952388,-0.22543492876988,0.212,0.248,1,"RAP1GDS1"
0.384333011036801,-0.225427718901525,0.162,0.21,1,"YIPF4"
0.496646759097258,-0.225320358790619,0.091,0.118,1,"ENSG00000290833"
0.852680415732725,0.225248254443608,0.101,0.111,1,"APEX2"
0.398589411094094,0.225185243656189,0.232,0.198,1,"FAM193A"
0.395721018430559,-0.224905385428238,0.152,0.193,1,"TET2"
0.00130001345007216,-0.224740773802085,1,0.998,1,"RBFOX2"
0.317796523665906,-0.224669285107518,0.242,0.304,1,"RRP7A"
0.605140615451105,-0.224606801537306,0.313,0.344,1,"PCNX1"
0.939262751810895,0.224576565118858,0.111,0.118,1,"FAM168A"
0.753473816793278,0.224519057527486,0.121,0.116,1,"PYROXD1"
0.457343726412399,-0.22445869737043,0.101,0.132,1,"IMMP2L"
0.620307132097212,0.224415313430624,0.101,0.085,1,"ZNF737"
0.208069040660882,-0.224345322869291,0.061,0.104,1,"POMZP3"
0.450215000733296,-0.224265714537599,0.202,0.248,1,"SLAIN2"
0.963367627598772,0.224230233738592,0.182,0.191,1,"ZC3H8"
0.224439404961695,0.224181512722247,0.414,0.363,1,"GPATCH8"
0.192490154667912,0.224088480860114,0.545,0.519,1,"TMOD3"
0.0526180028515407,0.223960953346902,0.717,0.571,1,"NIBAN1"
0.508012143830622,0.223804802494034,0.485,0.476,1,"PPP1R12A"
0.4285096757651,-0.223771859131065,0.172,0.212,1,"BTBD10"
0.713084912208066,0.223645872522892,0.192,0.184,1,"DDX10"
0.840245583712202,0.223602358295142,0.152,0.17,1,"ALG5"
0.360637268405555,0.223600543750679,0.152,0.116,1,"HELB"
0.022995352735235,0.223561011391959,0.99,0.969,1,"PFN1"
0.932255019198926,0.223454695397651,0.222,0.229,1,"CTDSP1"
0.2711768042769,-0.223233950838211,0.141,0.191,1,"ACSL4"
0.966211805103209,0.2230551843262,0.111,0.113,1,"SRF"
0.23348253545117,-0.223000878113636,0.232,0.304,1,"PSMD14"
0.628761051348451,-0.222924607834099,0.091,0.108,1,"NUP62"
0.397194266064302,0.222881328394302,0.434,0.42,1,"CHURC1"
0.743558550083551,0.222791931450117,0.162,0.193,1,"RAB4A"
0.277876031277866,-0.222691355278407,0.556,0.658,1,"RANBP2"
0.138216103667332,0.222604566768939,0.616,0.559,1,"POLR2A"
0.221827952441289,-0.222601619507482,0.253,0.323,1,"ZNF451"
0.702995393618218,0.22226018850105,0.364,0.368,1,"CHD4"
0.211032992757821,0.222222221268119,0.515,0.455,1,"CCT4"
0.62430899097124,0.221933140600294,0.364,0.366,1,"FOSL2"
0.856429997640009,0.221816051233395,0.111,0.108,1,"BSCL2"
0.884852600667567,0.22164861760715,0.141,0.151,1,"DHX38"
0.331055434639915,0.221575191095177,0.374,0.337,1,"RAP2B"
0.220344610372925,-0.221558237301336,0.697,0.795,1,"EML4"
0.234329887882297,-0.221359857779286,0.323,0.413,1,"OSTC"
0.000123346956273763,-0.221278893429835,1,1,1,"RPL18A"
0.408113115190359,0.221266994870012,0.273,0.248,1,"CHD3"
0.438262890362156,-0.221259218828715,0.212,0.255,1,"ZZEF1"
0.802655199716108,0.221227702518862,0.172,0.17,1,"ZER1"
0.107519119846056,-0.22120528620766,0.313,0.41,1,"HERPUD1"
0.687623157092616,0.221067189299389,0.121,0.111,1,"TRPT1"
0.414708295572375,-0.220780474994135,0.152,0.191,1,"PLAC8"
0.592818096658407,0.220705242353066,0.384,0.382,1,"UBE3A"
0.375313533078545,-0.220545010298154,0.444,0.505,1,"PNP"
0.0799990259601574,0.22043361960766,0.737,0.67,1,"CIRBP"
0.278601865373655,-0.220356647982398,0.222,0.288,1,"DEGS1"
0.951791425632571,0.220166980193586,0.101,0.099,1,"DNAJC24"
0.71973580521341,0.220140565199293,0.354,0.375,1,"OXSR1"
0.874417424157428,0.220105592625108,0.222,0.245,1,"G6PD"
0.363026376904314,0.219947586579269,0.303,0.264,1,"IER3IP1"
0.824472605969103,0.219915132212882,0.303,0.311,1,"AEBP2"
0.927484944864856,0.219804837569771,0.212,0.219,1,"ANKRD13D"
0.559281892671889,-0.219691441467666,0.414,0.453,1,"CSNK1D"
0.535313316793934,-0.219605589081002,0.172,0.2,1,"CTU2"
0.927448849852249,0.219301421754889,0.131,0.132,1,"BID"
0.949392644871809,0.218924224267511,0.101,0.101,1,"FEM1C"
0.950272062812403,0.218850648040674,0.162,0.165,1,"GTPBP6"
0.842911503457204,0.218755860180992,0.202,0.198,1,"ORAI2"
0.657553074283697,0.218642209718537,0.242,0.236,1,"ARMC8"
0.651297923400211,0.218565154177904,0.121,0.106,1,"FKBP15"
0.231911940717721,0.218403443917931,0.596,0.606,1,"DDX17"
0.851589250724485,0.218212112450964,0.141,0.142,1,"MAP3K7"
0.507131238952805,0.218181904415325,0.253,0.226,1,"PTS"
0.00153509482212209,-0.218169272588162,1,1,1,"RPS9"
0.477972542299749,0.218138616645863,0.313,0.309,1,"CDK11B"
0.383589699937012,0.218100251109785,0.717,0.738,1,"EIF3G"
0.423118800604643,0.21796269737563,0.485,0.486,1,"PIAS1"
0.853846619444237,0.217944840361117,0.192,0.196,1,"LSM6"
0.000595026567142219,-0.217782077710122,1,1,1,"RPL11"
0.167329223269665,-0.217738156597384,0.141,0.212,1,"VPS13A"
0.229761926385726,-0.217549525133888,0.273,0.37,1,"BLOC1S2"
0.0139646968895232,0.217442310207951,0.99,0.969,1,"UBB"
0.764975730862151,0.217413046883364,0.253,0.257,1,"KLRK1-AS1"
0.769847871400937,0.217283864498335,0.232,0.267,1,"WASHC4"
0.372927320426707,0.216971463225505,0.414,0.403,1,"ELOC"
0.39086083357646,0.216779946332641,0.222,0.189,1,"TNPO3"
0.764069078995162,0.216729776335022,0.364,0.363,1,"EPS15"
0.516648612842871,-0.216668465197412,0.212,0.25,1,"OSBPL9"
0.108157711375023,0.216631110745114,0.667,0.597,1,"IER2"
0.165512368907813,-0.216626224437904,0.788,0.821,1,"CD99"
0.585616386060922,0.216580653279159,0.384,0.377,1,"RABEP1"
0.293646525719249,-0.216559401846999,0.172,0.226,1,"FBXO21"
0.425991659098784,-0.216534189942691,0.131,0.165,1,"AKR1A1"
0.328104261902107,-0.216292927610582,0.111,0.153,1,"FCHSD2"
0.955974114686514,0.216156372455744,0.131,0.137,1,"TRAPPC6B"
0.650853874776348,0.216095131499318,0.141,0.17,1,"CSNK2A2"
0.53485644301178,-0.216050996960687,0.101,0.125,1,"USP38"
0.237508911400572,0.216006322619227,0.596,0.568,1,"SPCS2"
0.628254800367822,0.215965296136614,0.343,0.34,1,"DHRS7"
0.393259768214812,-0.215850403493653,0.152,0.198,1,"NDUFA8"
0.487367326512058,0.21573747121451,0.172,0.142,1,"WDR45B"
0.898549304023126,0.215692015752242,0.172,0.191,1,"MED8"
0.639571962072508,0.21569143301033,0.283,0.274,1,"SCAMP3"
0.463467433557541,0.215634823563831,0.313,0.29,1,"WBP2"
0.485312699831491,-0.215483683965686,0.273,0.321,1,"PPP3R1"
0.787927425581524,0.215473464265375,0.313,0.325,1,"SEC31A"
0.564994539642044,-0.215455371653002,0.202,0.233,1,"CHCHD10"
0.264808307288146,0.215447598501311,0.596,0.58,1,"SELENOT"
0.93194963584487,0.2154077393464,0.111,0.113,1,"GRK6"
0.00297428172171622,-0.215383748756508,1,1,1,"RPS3A"
0.418727012060113,0.215282541740116,0.505,0.524,1,"EIF5B"
0.627045705040962,0.215222012863357,0.333,0.333,1,"PDCD6IP"
0.708622364910535,0.215163309533227,0.242,0.241,1,"KLHDC3"
0.00963910134048054,-0.214833402939715,1,1,1,"RPL8"
0.714103802102225,-0.214572879082595,0.212,0.229,1,"DHX8"
0.401947564040092,0.214479620692247,0.434,0.413,1,"SARS1"
0.166717031842264,0.21437932293507,0.535,0.467,1,"NAA50"
0.342924802779588,-0.214369964290205,0.283,0.333,1,"PRMT1"
0.414275846232567,-0.214252996263645,0.131,0.165,1,"RWDD4"
0.761974823942096,0.214130629981876,0.182,0.179,1,"DDX56"
0.789400486525829,0.21410083636778,0.242,0.276,1,"GLRX5"
0.974416131754719,0.214049843213629,0.263,0.288,1,"NRDC"
0.460214809458768,-0.214016884524654,0.202,0.245,1,"PXN"
0.740767562874523,0.21399162991211,0.202,0.196,1,"NECAP1"
0.227946366635231,-0.21398646525733,0.222,0.304,1,"NUDT3"
0.209798473891577,-0.213939310533356,0.081,0.132,1,"MBIP"
0.041532675322195,0.213922153201221,0.687,0.585,1,"HCLS1"
0.124115759954783,0.213590156440844,0.556,0.507,1,"TXNL4A"
0.269133097099717,-0.213476279987458,0.414,0.483,1,"ARID5B"
0.344280153603829,-0.213450461770956,0.192,0.257,1,"TGS1"
0.0368224441372391,0.213368269092357,0.98,0.991,1,"CXCR4"
0.867420373786041,0.213335913293536,0.222,0.252,1,"LAMTOR3"
0.570946335389803,-0.213253626641315,0.131,0.158,1,"SLC16A3"
0.531542035557456,-0.2132033280468,0.081,0.101,1,"PAK1IP1"
0.376841702942191,-0.213198019887002,0.404,0.46,1,"OGDH"
0.355644487143453,-0.212931658324047,0.253,0.307,1,"PHF5A"
0.851832466927095,0.212918115504502,0.394,0.432,1,"RBM17"
0.281764606658685,-0.212884053040238,0.101,0.149,1,"MRPL55"
0.335187789204277,-0.212781856561502,0.212,0.262,1,"DENND4C"
0.254777282690573,-0.212707841662929,0.212,0.281,1,"ATP6V1H"
0.00596127442263532,-0.212692257095519,1,1,1,"RPL32"
0.260530370546746,0.21263026763118,0.576,0.58,1,"WTAP"
0.684779234902193,-0.212436824204146,0.242,0.267,1,"GYG1"
0.870740465822752,0.212287223002107,0.212,0.212,1,"CCDC93"
0.859445968439852,0.212273141230457,0.162,0.163,1,"PGP"
0.0953757265568806,0.212061524532869,0.646,0.575,1,"CFLAR"
0.749784072911565,0.211965974247482,0.192,0.182,1,"ELOF1"
0.131276640087528,-0.211880108514213,0.444,0.547,1,"PPP2CA"
0.816882593929205,0.211637046696035,0.222,0.264,1,"CLNS1A"
0.536577562685366,-0.21137476468963,0.101,0.125,1,"FRMD8"
0.870001270871121,-0.211154001629022,0.111,0.118,1,"STK38L"
0.634755646862962,0.210876342300704,0.394,0.413,1,"CORO7"
0.250728110228472,0.210875055640843,0.535,0.505,1,"PSMA6"
0.690734448655224,0.210778337647471,0.283,0.281,1,"BAZ2A"
0.907254058310777,0.210771166756192,0.495,0.566,1,"TAF15"
0.348039266595317,-0.210752465943744,0.202,0.255,1,"GOLT1B"
0.637728482147451,0.210749253193936,0.172,0.158,1,"RAD54L2"
0.366728061977215,-0.210461530070867,0.404,0.462,1,"UBE2R2"
0.341402646886345,-0.210395558990241,0.242,0.307,1,"PHB1"
0.0547936583416333,-0.210222281168923,0.97,0.953,1,"RPS20"
0.858584060637173,0.21021060306695,0.101,0.113,1,"MIF4GD"
0.417367969524418,0.210195032797783,0.141,0.111,1,"USB1"
0.252382270051571,0.210007612255262,0.394,0.351,1,"GORASP2"
0.556187418319584,0.20999156739766,0.152,0.13,1,"TSTD2"
0.894608415572563,-0.209857644103473,0.152,0.158,1,"CFAP97"
0.139257393956243,-0.209817328680653,0.202,0.292,1,"NENF"
0.196823669279811,-0.209460895191371,0.758,0.795,1,"CREM"
0.984697013660743,0.209460794122109,0.162,0.172,1,"DGAT1"
0.143789910647049,-0.209214160295144,0.384,0.524,1,"TAF1D"
0.438044671310868,-0.209156551520986,0.162,0.198,1,"GLYR1"
0.180666136998764,-0.208997092923091,0.071,0.123,1,"PI4KAP1"
0.596572977135889,0.208825894579217,0.333,0.325,1,"GON4L"
0.203963491489171,-0.208772744039006,0.081,0.127,1,"EXOC3"
0.851141943252065,0.208770159640454,0.101,0.113,1,"CHCHD5"
0.99622342953297,0.208572281387162,0.192,0.205,1,"AKR1B1"
0.857949231248633,0.208422874769689,0.141,0.139,1,"RASSF1"
0.627632516230372,-0.208111810691271,0.414,0.46,1,"TMED2"
0.676682267202651,-0.208076330693229,0.323,0.307,1,"GCLM"
0.807894916820635,0.208010666381649,0.172,0.17,1,"THAP7"
0.487045550813617,-0.207880399171382,0.141,0.177,1,"GMCL1"
0.26050432651662,-0.207866845902198,0.121,0.177,1,"TRNT1"
0.149522162483209,0.207842964222331,0.465,0.387,1,"DDX46"
0.740623202057124,-0.207761179701965,0.232,0.255,1,"UHRF2"
0.774266778280312,0.207718821053679,0.343,0.389,1,"SF3A2"
0.00604860282911523,0.207692124797579,0.97,0.972,1,"OAZ1"
0.173826925012055,-0.207673749643051,0.131,0.203,1,"TXN2"
0.307304145793463,-0.207605026294826,0.111,0.158,1,"CYP51A1"
0.443528075780033,-0.207464814505609,0.273,0.325,1,"PRPF6"
0.688338980057988,0.207448676200555,0.202,0.198,1,"PRKRIP1"
0.627383354646931,0.207263524935334,0.121,0.106,1,"AGO4"
0.791497241763883,0.2071448108106,0.162,0.156,1,"STX12"
0.892111770083788,0.207002669320788,0.192,0.198,1,"PPP1R21"
0.363089881966089,-0.206994274011451,0.414,0.505,1,"SMARCA5"
0.979048675874559,0.20690921472388,0.152,0.158,1,"SAMD4B"
0.527772349210617,-0.206714443663555,0.091,0.116,1,"AKTIP"
0.69912011574808,0.206671872420581,0.242,0.241,1,"NDUFS2"
0.481750104018314,-0.206471211481889,0.121,0.153,1,"ZSWIM7"
0.372615709125908,-0.206294037862125,0.293,0.354,1,"MANF"
0.790096404195021,0.206265975889712,0.182,0.21,1,"MNAT1"
0.274174465658583,0.206183023148696,0.263,0.217,1,"MPC1"
0.771026926668014,0.206069335286793,0.152,0.144,1,"ITFG2"
0.367824972694393,0.205997606721875,0.626,0.606,1,"HCST"
0.517092151086537,-0.205933422659342,0.232,0.271,1,"TRAPPC4"
0.179687966558771,-0.205929935033404,0.242,0.337,1,"UTY"
0.0485493264071839,-0.205794051718434,0.97,0.969,1,"H3-3A"
0.18093408267467,-0.205579022305328,0.061,0.108,1,"DLGAP4"
0.715080912625216,0.205544174045081,0.152,0.139,1,"SUSD6"
0.768391456120134,0.205527576197455,0.192,0.189,1,"MRPS10"
0.638561854240898,0.205502668107076,0.121,0.106,1,"PI4K2B"
0.625689767168824,-0.205459795426583,0.848,0.835,1,"YPEL5"
0.602384033637245,0.205286015342297,0.101,0.085,1,"UBE2D4"
0.46295230200407,0.205199897366772,0.515,0.519,1,"DOCK8"
0.786045651912058,0.205171918978156,0.131,0.151,1,"ALMS1"
0.0234038676030855,0.205162950546795,0.465,0.33,1,"CHST12"
0.724796880989508,-0.204724239957624,0.131,0.146,1,"PHKG2"
0.779357714366752,0.204464426771502,0.101,0.094,1,"KMT2E-AS1"
0.142468079567986,0.20439345166697,0.838,0.8,1,"KMT2E"
0.783910129972065,0.204338918216534,0.586,0.679,1,"ARF6"
0.96068622776172,0.204275701371397,0.121,0.127,1,"POGLUT1"
0.753206849452113,-0.204221842468016,0.141,0.158,1,"CSTPP1"
0.498070883438492,0.204151338597411,0.283,0.262,1,"MRPL47"
0.321194210645386,-0.20412113410938,0.091,0.13,1,"KCTD10"
0.484465210192799,-0.204098416272717,0.202,0.241,1,"DMTF1"
0.590984038426169,-0.204094226836425,0.091,0.111,1,"ENSG00000290560"
0.808919515274851,0.204085738820474,0.222,0.25,1,"FNDC3A"
0.828918014047538,0.203986893875779,0.475,0.526,1,"ADSS2"
0.382708190765599,0.203880290642408,0.242,0.215,1,"TMEM167A"
0.599566077466392,0.203826660822085,0.313,0.311,1,"MARS1"
0.89811457487868,0.203812964867992,0.111,0.111,1,"ING3"
0.687418513524448,0.203779649867734,0.404,0.427,1,"ACAP2"
0.792423064225281,-0.203673667954426,0.172,0.182,1,"PIK3C2A"
0.679196889042581,-0.2035684079853,0.354,0.373,1,"GRK2"
0.828296591994403,0.203438981700414,0.121,0.12,1,"SHLD1"
0.929670453266039,0.203078136218723,0.192,0.191,1,"CSPP1"
0.349672950286114,-0.202777956397083,0.192,0.255,1,"TBC1D15"
0.00777614434128983,-0.202690876691094,1,1,1,"RPL13"
0.422681961691474,0.202540170879576,0.313,0.283,1,"HSPA4"
0.940867425586378,0.202530929109189,0.303,0.344,1,"MRPL51"
0.275135271342848,0.202445916513544,0.444,0.403,1,"MAT2A"
0.789734584839315,0.202413057026456,0.152,0.146,1,"ZFYVE27"
0.65274726850489,-0.20234477833807,0.141,0.16,1,"GRIPAP1"
0.781923161378554,0.202223957333963,0.212,0.21,1,"DNAJC5"
0.766994818711043,-0.20220324741464,0.131,0.146,1,"LCORL"
0.79905665170721,0.202191483627499,0.111,0.104,1,"COG7"
0.411267189094322,-0.201420049777186,0.384,0.455,1,"POLR1D"
0.258800997917042,0.201358627202674,0.798,0.785,1,"KLRK1"
0.679920395071891,0.20129875041146,0.253,0.25,1,"PEX16"
0.478735040159774,-0.201278794239748,0.111,0.139,1,"KBTBD4"
0.26753061092507,-0.201255124769661,0.131,0.189,1,"AP5Z1"
0.454122755097057,-0.201133513009449,0.141,0.179,1,"MIGA1"
0.770344751775099,-0.201104751339787,0.121,0.13,1,"ELP5"
0.586001478587866,0.201072882275623,0.131,0.113,1,"IPO11"
0.931594681945836,0.200967463862443,0.192,0.2,1,"GTF2E2"
0.28682443851145,-0.200931931436897,0.152,0.203,1,"LINC00623"
0.280072028064839,-0.200931007899023,0.263,0.333,1,"TBC1D10C"
0.429571053585132,0.200831887181979,0.434,0.42,1,"ZBTB20"
0.728305044223647,0.200813678057324,0.263,0.269,1,"KDELR1"
0.349270189809164,-0.200678890982383,0.121,0.167,1,"COA8"
0.613408875173819,0.200627911366871,0.354,0.349,1,"BCAP31"
0.135736988332392,-0.200585467414923,0.131,0.21,1,"B4GALT3"
0.0332521474484296,0.200502587041317,0.869,0.828,1,"RAP1B"
0.747179172005833,0.200494680135114,0.101,0.118,1,"AHCY"
0.505460916618733,0.200447471350246,0.283,0.252,1,"THUMPD1"
0.137787195564182,-0.200406281873239,0.091,0.158,1,"MCM9"
0.937042724430981,0.200229739115289,0.394,0.46,1,"FRYL"
0.349509267161537,0.200124894956824,0.485,0.474,1,"KDM2B"
0.492959465915277,-0.200096903204934,0.313,0.375,1,"DSTN"
0.323348431667049,-0.200022664451424,0.212,0.269,1,"LSM4"
0.375896149029921,-0.199999287716966,0.111,0.149,1,"BAK1"
0.633946611987848,0.199835833936169,0.162,0.146,1,"REPS1"
0.619389410890304,-0.199554789719527,0.111,0.132,1,"NISCH"
0.586171341319254,-0.199524333910567,0.616,0.708,1,"ARID5A"
0.322988835725637,0.199419529301091,0.323,0.283,1,"ITGB7"
0.831210406448839,0.199296932466538,0.182,0.182,1,"CASP3"
0.927637932523482,0.199139476627804,0.394,0.448,1,"EMC4"
0.563504066309049,-0.199081969327528,0.242,0.278,1,"PSMA4"
0.921615373552493,0.199050383895749,0.101,0.108,1,"ZNF593"
0.285918055372209,-0.199021503960202,0.263,0.337,1,"MSL3"
0.407629568212123,0.198915482379673,0.485,0.462,1,"LMAN2"
0.529061023038997,-0.198885873481716,0.333,0.37,1,"SETD5"
0.824401279068709,0.198641050285481,0.111,0.125,1,"ABHD13"
0.385746949454679,0.198632925164822,0.374,0.351,1,"HADHA"
0.235571029026141,0.198569059433258,0.424,0.38,1,"BOD1L1"
0.576566917719971,0.198564918766003,0.293,0.285,1,"TIPARP"
0.634150684534461,0.198326626536347,0.242,0.231,1,"ARAF"
0.573534421239242,-0.19823784395052,0.253,0.29,1,"TENT2"
0.65633860771274,-0.198067826263962,0.121,0.137,1,"TMEM203"
0.0595525321051088,-0.198064637378775,0.242,0.37,1,"GALNT11"
0.30571039091415,-0.198053039444107,0.121,0.167,1,"SSBP2"
0.913962577543404,0.197984377044558,0.162,0.16,1,"PREPL"
0.114633344545856,-0.197925717909668,0.172,0.262,1,"SUPT3H"
0.238020005052457,-0.197866986884175,0.162,0.229,1,"TAF9"
0.898557609197442,0.197852800606011,0.202,0.226,1,"ARPC1A"
0.402120086446382,0.197763864172105,0.313,0.281,1,"TGOLN2"
0.504342693608313,-0.197588874398465,0.091,0.118,1,"NSMCE4A"
0.950956372868032,0.197444233492645,0.172,0.179,1,"NAE1"
0.784163508714113,0.197313132888181,0.152,0.17,1,"PRCP"
0.883121862789457,0.197222365429677,0.111,0.111,1,"RCSD1"
0.154610281468235,-0.197200411175519,0.172,0.257,1,"THUMPD3-AS1"
0.827522962752433,0.197141538302323,0.414,0.443,1,"TBRG1"
0.71052337592593,0.197136782901113,0.121,0.111,1,"AMPD2"
0.727537814031034,-0.197074505152532,0.111,0.125,1,"TRIM27"
0.615224434160995,-0.197040478487079,0.121,0.144,1,"NDUFAF2"
0.190894198030819,-0.196960445571246,0.283,0.373,1,"PPIL4"
0.00104811384657821,-0.196924268149973,1,1,1,"RPL30"
0.658607872478856,-0.19676678553517,0.343,0.387,1,"FAF1"
0.167832251643734,-0.196731954214301,0.101,0.165,1,"FAM174C"
0.369407574636189,-0.196581059958975,0.071,0.104,1,"MIOS"
0.610591736087325,0.196547355756908,0.172,0.156,1,"LSM14B"
0.892248150307595,0.196329934172086,0.283,0.307,1,"ANKH"
0.328468642511558,-0.196169036684905,0.152,0.203,1,"TXNDC9"
0.229899822183453,-0.195877369662573,0.485,0.564,1,"HIVEP2"
0.776944875832902,0.195810264994579,0.232,0.229,1,"SDE2"
0.530252989832175,-0.195807062368926,0.424,0.467,1,"C17orf49"
0.303190778053861,-0.195778569247276,0.333,0.408,1,"SSB"
0.209290621788514,0.195659538061362,0.646,0.642,1,"PDE4D"
0.480308407847223,0.195632118524234,0.455,0.436,1,"DEK"
0.686315733973612,0.195595749795554,0.111,0.132,1,"PRPSAP2"
0.347603387888864,-0.195334275821199,0.444,0.512,1,"DIAPH1"
0.405570425749173,-0.195268905356986,0.212,0.264,1,"NFKBIZ"
0.205300661341694,0.195239636527933,0.566,0.54,1,"RAB5IF"
0.665149485777523,0.19513987649195,0.354,0.368,1,"FBRS"
0.623370873912859,0.195133165310691,0.162,0.146,1,"PDE12"
0.688295532170767,0.19507381551592,0.394,0.415,1,"SENP6"
0.471920139116532,-0.194913094761773,0.141,0.179,1,"SYVN1"
0.997397994413819,0.194868299568775,0.263,0.285,1,"SLC30A7"
0.149024958882427,-0.194781630056218,0.566,0.639,1,"ATP5PO"
0.36460100529346,0.194629164710089,0.313,0.288,1,"CNPY2"
0.950122228697644,0.19454063365876,0.303,0.34,1,"GTF2F1"
0.938432780186524,0.194045795364245,0.131,0.132,1,"TNRC18"
0.647587398921502,0.194026427377458,0.313,0.309,1,"SMAP1"
0.72305772835053,0.193865405732225,0.384,0.396,1,"KIF21A"
0.559663315456846,0.193723023169895,0.283,0.267,1,"MALT1"
0.616141297629656,0.193630227867903,0.434,0.439,1,"IFI16"
0.0830960156011843,0.19348284069254,0.889,0.844,1,"TRIR"
0.770119477338567,0.1934359993292,0.101,0.092,1,"ZNF142"
0.467779251899753,-0.193127976292715,0.141,0.179,1,"ZMYM6"
0.642684962755805,0.193062366297677,0.222,0.208,1,"MTMR14"
0.447825990807169,-0.193006991169478,0.313,0.366,1,"NCOA3"
0.150312557617765,-0.192935688795463,0.182,0.257,1,"TMEM131"
0.563606009523603,-0.192641108296776,0.101,0.125,1,"PTRH2"
0.35354547586144,0.192605747066799,0.212,0.179,1,"SEC22B"
0.435426413694229,-0.192581431581993,0.323,0.373,1,"UBR4"
0.157409264401981,-0.192525310118414,0.152,0.226,1,"VPS26A"
0.269389557215386,-0.192375010901319,0.323,0.394,1,"KIF5B"
0.0940276475227664,0.192250194237984,0.818,0.757,1,"CD96"
0.111580852118564,0.19222677017891,0.606,0.585,1,"BRD2"
0.273315065110694,-0.192193761819465,0.747,0.797,1,"UBE2B"
0.288359265775797,-0.191949688126978,0.141,0.198,1,"ZDHHC6"
0.365759173574574,0.191922036155857,0.263,0.226,1,"CARD11"
0.696440692224743,0.191908971403067,0.263,0.264,1,"SUCLG1"
0.111487734171193,-0.19186753080545,0.283,0.401,1,"NDUFB6"
0.136481421967556,-0.191723047382849,0.333,0.443,1,"YIPF5"
0.690006489363975,0.191463610354308,0.263,0.25,1,"ENSG00000291066"
0.898650305884823,0.191442639140605,0.283,0.302,1,"ERVK3-1"
0.770892952189538,0.191413786608425,0.283,0.285,1,"ELAVL1"
0.890938857408758,0.19137203673455,0.222,0.238,1,"UBE3C"
0.363880260575508,0.191361867052747,0.343,0.321,1,"RANGAP1"
0.762450340587466,-0.191297222810404,0.232,0.252,1,"HTATSF1"
0.879101363948596,0.191222061037784,0.101,0.097,1,"IFIH1"
0.375676001126682,-0.191039055678679,0.273,0.325,1,"MARK3"
0.25770188252079,0.190972497577654,0.374,0.325,1,"RPA3"
0.452249466811726,-0.19096043169274,0.131,0.167,1,"ENSG00000266049"
0.417806227124625,-0.190862297733655,0.475,0.514,1,"ST13"
0.591551293469563,0.190852852579782,0.404,0.392,1,"VMP1"
0.401509378121152,-0.190737609067922,0.505,0.592,1,"ARHGAP15"
0.641074982424502,0.190704830356849,0.343,0.337,1,"LINC00869"
0.923979592176422,0.190603754232743,0.202,0.219,1,"NBL1"
0.0513352098365161,-0.190350213988917,0.929,0.915,1,"ENSG00000278996"
0.536518021254152,-0.190332726946436,0.081,0.104,1,"RNF20"
0.14596193965377,-0.190214489796354,0.394,0.519,1,"RASA2"
0.769159782038436,-0.19017607771672,0.293,0.314,1,"TKT"
0.99297959133653,0.190057189978777,0.152,0.156,1,"IPO9"
0.580488021207951,-0.189975601242728,0.394,0.439,1,"MZT2A"
0.541591124075133,0.18989024763281,0.121,0.101,1,"COMT"
0.452172308810381,-0.189887756732162,0.081,0.108,1,"TATDN1"
0.0250902903619889,0.189826885163047,0.949,0.899,1,"HNRNPA2B1"
0.276769015622464,0.189765800119568,0.737,0.708,1,"PLP2"
0.211534665720431,-0.189646149101609,0.152,0.219,1,"ADSL"
0.663030306743313,0.189443730135822,0.121,0.146,1,"LYRM2"
0.451799504778828,-0.189402424534714,0.111,0.142,1,"DCK"
0.0547127494499221,-0.189354264056674,0.374,0.498,1,"ESYT2"
0.647775662714149,0.189156541117839,0.263,0.255,1,"TNKS"
0.700533162222756,-0.189035974707146,0.101,0.116,1,"EIF2B2"
0.337170938283012,-0.188990348554173,0.323,0.406,1,"PPP6R3"
0.740469746684974,0.188882023793566,0.303,0.295,1,"MESD"
0.508478317892228,-0.188803708945568,0.131,0.163,1,"VMA21"
0.785253205038421,0.1885762300214,0.182,0.182,1,"MRPL13"
0.67017887039357,-0.188563257625384,0.091,0.106,1,"RMDN1"
0.334011190758373,-0.188519983485853,0.111,0.158,1,"STAMBP"
0.781668304810159,0.188509054751127,0.172,0.167,1,"G2E3"
0.731312945909081,0.188407896320994,0.091,0.106,1,"JAM3"
0.682471891285963,0.188364488847148,0.141,0.17,1,"INTS4"
0.856632955631071,0.188361257150316,0.172,0.191,1,"SAT2"
0.445518190446401,0.188271866267739,0.616,0.637,1,"ACTR2"
0.360759561455308,-0.188065980260702,0.081,0.118,1,"SCOC"
0.944901078564137,0.188065012688321,0.101,0.101,1,"TAB3"
0.573716054670701,0.188028122334946,0.495,0.495,1,"PHF3"
0.140557467478304,0.187922836014096,0.657,0.618,1,"DDX6"
0.810236252188182,-0.187618667739807,0.111,0.12,1,"CBX4"
0.812219426470197,-0.187448355288363,0.525,0.526,1,"RNF213"
0.252661711654867,-0.187314815267152,0.152,0.212,1,"HPRT1"
0.406782160470366,-0.187260133994702,0.091,0.125,1,"RCC1L"
0.702171548630856,0.187214305143426,0.556,0.564,1,"DBI"
0.864189848274685,0.187160079086836,0.152,0.149,1,"ARHGEF18"
0.0251114769918252,0.187154880590725,0.919,0.922,1,"ARPC2"
0.802174361271596,0.187124377543771,0.192,0.217,1,"NFATC2IP"
0.664186888816635,0.187123500438965,0.141,0.127,1,"ATMIN"
0.0348055427739098,0.187109695578499,0.192,0.111,1,"XCL2"
0.417138194289329,-0.187085384650306,0.152,0.189,1,"MHENCR"
0.55106977062138,-0.187066283215709,0.202,0.243,1,"CWC22"
0.000180248722627227,-0.187010194315428,1,1,1,"RPL28"
0.947930504180549,0.186933520107567,0.212,0.226,1,"TRNAU1AP"
0.612003937775552,-0.186921844862656,0.101,0.123,1,"SUGP1"
0.590977608733794,-0.186918862190662,0.111,0.132,1,"ETV3"
0.997525383200265,0.186820962127852,0.131,0.137,1,"PDK3"
0.304668664430884,-0.186648690900772,0.111,0.156,1,"SNAP29"
0.98284065070444,0.186618186337324,0.313,0.342,1,"LARP4B"
0.522607587242895,-0.186572130744949,0.333,0.387,1,"TMBIM1"
0.596011967887128,0.186496371635708,0.253,0.243,1,"ATG4B"
0.758623890296893,0.18634864888857,0.333,0.347,1,"METTL26"
0.910161632285128,0.186273286636073,0.101,0.101,1,"NPRL2"
0.18939981865169,0.186162328722482,0.475,0.448,1,"CGGBP1"
0.24805382510128,-0.185914396925622,0.101,0.156,1,"MAPK8IP3"
0.357815962340981,-0.185898158093845,0.273,0.337,1,"SSNA1"
0.947821868930172,0.185627893285714,0.141,0.144,1,"DFFA"
0.58431259236341,-0.185555123175295,0.444,0.509,1,"PSMD8"
0.778668622318062,0.185552506169186,0.101,0.116,1,"C2CD5"
0.265651844817493,-0.185536100640427,0.081,0.125,1,"MPDU1"
0.753626400669592,0.185453488673104,0.293,0.302,1,"UBE2M"
0.418242212991974,0.185437778449481,0.343,0.321,1,"TMED4"
0.199094235406398,-0.18537686378357,0.707,0.821,1,"SRRM2"
0.622067028092979,0.185342491333171,0.121,0.106,1,"GUSB"
0.763095215830134,0.185238228581831,0.091,0.106,1,"RAB2B"
0.997790242840191,0.185046356479543,0.273,0.292,1,"RAB5A"
0.0945248185251088,-0.185030761026271,0.212,0.325,1,"ATP9B"
0.655004231441139,0.184944805658937,0.333,0.318,1,"RNF10"
0.720936905647035,0.184913087327147,0.263,0.257,1,"XPO1"
0.44943752215896,-0.184883301180561,0.394,0.441,1,"UPP1"
0.402339164958244,0.184715739200826,0.788,0.828,1,"FLNA"
0.485956709038446,-0.184653682124956,0.081,0.106,1,"C6orf226"
0.620997228631117,-0.184636237905822,0.172,0.2,1,"PRPF4"
0.357489787478631,-0.184538394516769,0.313,0.382,1,"MORC3"
0.747956645739727,-0.184503162816221,0.192,0.205,1,"USP48"
0.288032628592932,-0.184443481271464,0.131,0.186,1,"PYCR2"
0.489638535442335,0.184415092341949,0.424,0.425,1,"SEPTIN9"
0.466178758348066,0.184318025750285,0.404,0.394,1,"SMARCE1"
0.414870948771066,-0.184162102636103,0.101,0.134,1,"BORCS8"
0.827620941941949,-0.183996853804395,0.111,0.12,1,"MICU1"
0.106835327137818,0.183974456279233,0.626,0.557,1,"THEMIS"
0.464107800375216,-0.183904486461601,0.303,0.363,1,"TGIF1"
0.545221886909916,0.183834918083691,0.121,0.099,1,"SLC25A12"
0.247163685496421,0.183767120601824,0.505,0.436,1,"LYAR"
0.666539238413192,0.183530153263412,0.131,0.116,1,"R3HCC1"
0.0140231668649284,-0.183526374717621,1,1,1,"RPL29"
0.271370787668365,-0.18348280512979,0.182,0.248,1,"ENO2"
0.00117387819698907,-0.183416728594151,1,1,1,"RPS3"
0.816245340948737,0.183388172072826,0.172,0.184,1,"UBXN7"
0.783208376899833,0.183377899885122,0.212,0.205,1,"HAPSTR1"
0.323877596245171,-0.183340324994978,0.071,0.106,1,"ZBED5"
0.58139819102489,0.183272448637132,0.404,0.394,1,"RNF168"
0.29666359631491,-0.183262233437314,0.465,0.538,1,"ADK"
0.00626357667083928,-0.183225699176591,1,1,1,"RPL35A"
0.383912198314902,0.183074444931124,0.465,0.42,1,"KLF12"
0.921085355521538,-0.182920038738031,0.859,0.882,1,"SRSF7"
0.408018098216362,-0.182790607321183,0.131,0.175,1,"COX19"
0.625875840213316,0.182736616012186,0.263,0.252,1,"EXOC4"
0.441326248283543,-0.18268052940959,0.162,0.203,1,"CTDSPL2"
0.65442649654488,-0.182561702253102,0.131,0.151,1,"SNAPIN"
0.810335184304474,0.182474719834554,0.182,0.179,1,"FGD5-AS1"
0.374494445746199,-0.182455869993327,0.253,0.323,1,"NDUFA5"
0.991827125249836,0.182417076925865,0.141,0.146,1,"ANKRD28"
0.78700425588913,0.182374600227176,0.162,0.156,1,"GMFB"
0.767347073153337,0.182297077069328,0.101,0.116,1,"GLT8D1"
0.979188105772184,-0.18205924589362,0.535,0.535,1,"VPS37B"
0.721746599860736,0.181963879644275,0.212,0.21,1,"CCDC167"
0.561916631631923,0.181876248061448,0.253,0.233,1,"MX1"
0.341245382762233,0.181779010306664,0.434,0.401,1,"SARNP"
0.922538336477305,0.181646702798342,0.283,0.302,1,"BNIP3L"
0.00494122511838022,-0.181633811649723,1,1,1,"RPLP2"
0.596990372450608,0.181625141535767,0.414,0.432,1,"ILF3"
0.196510604304029,0.181550081875781,0.636,0.557,1,"ANP32B"
0.0814746530520284,-0.18128500506289,0.323,0.448,1,"MRPL57"
0.802196434667146,0.18122644183103,0.162,0.186,1,"MRPS2"
0.989130224404158,0.181203637739959,0.192,0.208,1,"POLG"
0.591677961165076,0.18111245941309,0.182,0.163,1,"ZDHHC3"
0.363533996029525,-0.181089052622785,0.121,0.165,1,"CREBL2"
0.13912319206637,-0.18107573754851,0.192,0.283,1,"KDM3A"
0.351477596780443,-0.181055928880609,0.475,0.55,1,"NOP58"
0.428283999793277,-0.18092370606988,0.212,0.264,1,"GRPEL1"
0.33774038926626,-0.18091773006691,0.192,0.252,1,"TXNDC17"
0.505779639944237,-0.180911449987268,0.131,0.165,1,"TXLNGY"
0.226958490303252,-0.180868728087956,0.242,0.316,1,"DPYD"
0.428520530513555,-0.180764624822024,0.202,0.257,1,"DCTN4"
0.903421885809531,0.180600813288502,0.182,0.203,1,"PSMD3"
0.308023345040902,-0.180462814789518,0.364,0.443,1,"LSM7"
0.231331136232959,-0.180280560038702,0.212,0.292,1,"PIBF1"
0.929051801238478,0.180278533548977,0.152,0.153,1,"MRPS18B"
0.0546177529090889,0.180132121401795,0.838,0.726,1,"GABARAPL1"
0.411017887886175,-0.180058403405331,0.111,0.149,1,"LETMD1"
0.992696848788647,0.180052748164052,0.323,0.349,1,"RICTOR"
0.488004976289074,0.179635237457404,0.212,0.179,1,"OSBPL7"
0.561920797830085,-0.179460505844556,0.303,0.342,1,"NUTF2"
0.269458825596511,-0.179282835276803,0.646,0.717,1,"HSPA5"
0.803083277665181,0.178907884945229,0.121,0.139,1,"ASAH1"
0.179349092653,0.178858427222991,0.636,0.599,1,"WNK1"
0.623193253640993,0.178821913259383,0.525,0.564,1,"SELENOF"
0.58879151896594,-0.178781731581265,0.505,0.557,1,"ATP5PB"
0.761889041258186,0.178698395854325,0.182,0.205,1,"EIF1AY"
0.486565681597237,-0.178545199887414,0.162,0.2,1,"CNIH2"
0.645606786582804,-0.178527598925112,0.141,0.163,1,"CIAPIN1"
0.468131007142754,-0.178471797194512,0.091,0.123,1,"BOD1"
0.153686315722067,-0.178398824215937,0.253,0.358,1,"SP3"
0.408857562845687,-0.178393343946227,0.111,0.151,1,"TERF2"
0.0527975180789818,-0.178366251513813,0.949,0.932,1,"HSP90AB1"
0.391762527313408,-0.178297691033474,0.121,0.163,1,"HEATR1"
0.393951934878342,-0.178013003491745,0.263,0.321,1,"WIPI2"
0.712458660360045,0.177943988305064,0.091,0.106,1,"CEP164"
0.227440117091227,0.177684519456427,0.657,0.625,1,"NIPBL"
0.93963493328512,0.177526849952688,0.293,0.321,1,"PDXDC1"
0.872990135967609,0.177491689973114,0.111,0.12,1,"MARCHF3"
0.463419888948473,0.177471356692698,0.152,0.198,1,"PIP4P1"
0.181810189967734,-0.177362694457532,0.303,0.401,1,"WDR33"
0.71944811762556,-0.177309005452026,0.121,0.134,1,"CWC27"
0.245695504285331,0.177082291299421,0.424,0.356,1,"DNAJB14"
0.670120552496972,0.177016514676894,0.121,0.146,1,"FBXO9"
0.367913674730505,-0.176976543645629,0.687,0.75,1,"H4C3"
0.0364946984859217,0.176873955897787,0.869,0.767,1,"CBLB"
0.839003704757534,0.176496625611684,0.111,0.123,1,"ENSG00000291156"
0.945434318219663,0.176459704664386,0.131,0.139,1,"MPHOSPH6"
0.179059268301985,-0.176373341319132,0.343,0.455,1,"PET100"
0.085721312456175,-0.176340760640174,0.99,0.998,1,"RPL5"
0.0156265748187698,-0.176226775324659,1,1,1,"RPS16"
0.225578124104241,-0.176155003155815,0.232,0.309,1,"CHORDC1"
0.342476146010727,-0.175932945529068,0.141,0.191,1,"NUCB2"
0.903037304798031,0.175915447371243,0.131,0.132,1,"MTFR1"
0.46688731364063,-0.175860043345336,0.131,0.165,1,"OGFOD1"
0.498351508974483,-0.175856217463556,0.091,0.118,1,"RPSA2"
0.508455776453976,-0.175847894573581,0.242,0.295,1,"SLU7"
0.13996746826323,0.175828918180853,0.798,0.752,1,"TLE5"
0.626366916949467,-0.175724994406168,0.152,0.172,1,"ABHD18"
0.809044000153692,0.175722382864723,0.131,0.123,1,"SUCLG2"
0.5808237661143,0.175606764056758,0.465,0.467,1,"SNRPF"
0.426948286331123,-0.175536073912911,0.131,0.167,1,"HS2ST1"
0.464200679014763,0.175320895178846,0.232,0.203,1,"ABHD3"
0.238871399582073,-0.175296828082123,0.414,0.519,1,"ILF2"
0.0297775218677065,-0.175154580993,1,0.998,1,"RPLP0"
0.957833954771875,0.174990896015724,0.172,0.177,1,"BTBD7"
0.837304351220215,0.174886048684171,0.131,0.142,1,"ATF7"
0.338604980024836,-0.174701747074136,0.172,0.219,1,"CRTC2"
0.60817962362082,0.174618719725701,0.343,0.335,1,"UTRN"
0.536978945699292,-0.174611891014688,0.182,0.217,1,"ZNRD2"
0.918472174816225,0.174514446280561,0.131,0.132,1,"ABR"
0.721891990217491,0.174451851078844,0.202,0.191,1,"FBXO38"
0.858750463699324,-0.174419515295015,0.121,0.127,1,"CCDC137"
0.164460918339275,-0.174402702133459,0.071,0.125,1,"FAM241A"
0.615279588621173,0.174168515197799,0.232,0.285,1,"CCDC47"
0.403982012161253,-0.173852430478522,0.374,0.443,1,"SEPTIN2"
0.8143911445792,-0.173740081478074,0.131,0.142,1,"LPP"
0.409586792072398,-0.173629036801313,0.788,0.795,1,"SERP1"
0.999598659293605,0.173592355569887,0.222,0.229,1,"FAM50A"
0.156184457975526,-0.173419925057309,0.788,0.863,1,"MCL1"
0.623909855978005,0.173329628570955,0.444,0.453,1,"CCT2"
0.719853794462629,0.17319319952416,0.434,0.462,1,"HNRNPH1"
0.905781680729952,0.173192539304804,0.384,0.439,1,"PIP4K2A"
0.789414612299378,0.173114480256904,0.293,0.309,1,"EMC3"
0.0715532736581671,0.172988339087476,0.667,0.594,1,"CLIC1"
0.634338679502362,0.172745571673839,0.465,0.488,1,"RPN1"
0.464553878503066,-0.172643710384523,0.232,0.281,1,"ISY1"
0.62393006590464,-0.172616533915999,0.303,0.344,1,"SDHB"
0.715495604127498,0.17259102514412,0.434,0.434,1,"TUBB"
0.740267609250991,-0.172394623386996,0.283,0.297,1,"HECTD1"
0.607356007003627,0.172327971284061,0.283,0.267,1,"RPL7L1"
0.621440590532267,-0.172279200694938,0.273,0.3,1,"VKORC1"
0.23567170515055,-0.172085722354244,0.283,0.377,1,"RFX3"
0.515791448575515,0.171983986618517,0.586,0.611,1,"UBXN4"
0.730647763805517,0.171829646477326,0.141,0.134,1,"SIAH1"
0.23315316749783,0.171717295079804,0.636,0.585,1,"ARPC5"
0.767110741826812,0.17159612560502,0.242,0.245,1,"TFG"
0.464259752251861,0.171560916275675,0.434,0.429,1,"AURKAIP1"
0.191292124632753,0.171510837449157,0.303,0.25,1,"CMTM7"
0.806447155245576,0.171360598641718,0.182,0.182,1,"QARS1"
0.171458877074927,-0.171315619697144,0.222,0.309,1,"LAMTOR4"
0.69019321874774,-0.171313611267456,0.141,0.16,1,"POLR2J3"
0.336685676048663,-0.171293784355724,0.303,0.37,1,"IMP3"
0.591279690819368,0.171287213968171,0.404,0.425,1,"TLK1"
0.551227034722924,-0.171152250143427,0.121,0.151,1,"SCYL1"
0.739437680824426,-0.171049216986044,0.141,0.158,1,"ZNF33B"
0.0639571848791918,0.170692766596592,1,0.979,1,"JUND"
0.819540355282584,0.170503056904552,0.253,0.278,1,"MRPL38"
0.893197113767054,0.17035394056414,0.192,0.215,1,"WDR47"
0.976191029553421,0.170255431098352,0.121,0.123,1,"WDR35"
0.8781751870707,0.17018718563376,0.111,0.12,1,"FAM98A"
0.26211903520395,0.16982967542162,0.374,0.321,1,"DNAJC21"
0.612880821408545,-0.169819965824845,0.152,0.177,1,"TMEM167B"
0.0414171758810792,-0.169743062304575,0.071,0.156,1,"DUSP5"
0.0900430661353142,0.169676139489069,0.283,0.198,1,"MAP3K8"
0.110202073321141,0.169615184289646,0.576,0.453,1,"GIMAP5"
0.838188129206371,0.169607403084526,0.131,0.125,1,"WARS1"
0.532910567556945,0.169497780869394,0.374,0.38,1,"B4GALT1"
0.433023893456208,0.169341472840532,0.434,0.401,1,"PABPN1"
0.779499737691228,0.169340460598576,0.091,0.104,1,"ZNF598"
0.399676439252066,0.169193043758103,0.545,0.524,1,"PRELID1"
0.61247512339656,-0.169188155700603,0.192,0.219,1,"TMEM41B"
0.936728509493419,0.168957892775615,0.162,0.177,1,"LCMT1"
0.221666480399657,-0.168867751701126,0.889,0.892,1,"HNRNPA1"
0.458154722073501,-0.168867694687923,0.141,0.175,1,"PRDM1"
0.668941188346479,0.168815694346146,0.283,0.283,1,"CD2BP2"
0.24412769168662,0.168786686425536,0.818,0.833,1,"TMBIM6"
0.922493672007204,0.168648769325828,0.152,0.153,1,"NMRK1"
0.994305754049144,0.168616516481406,0.121,0.123,1,"MCM3AP"
0.471690117403218,-0.168519096663932,0.273,0.323,1,"TCERG1"
0.287342843877938,0.1684708659943,0.697,0.686,1,"RHOH"
0.518330134330429,0.168362753881116,0.202,0.248,1,"XPO4"
0.443059212715654,-0.168256952742079,0.646,0.675,1,"S1PR4"
0.924149033635358,0.16811508811964,0.192,0.198,1,"MARK2"
0.221327297358203,0.167914733979299,0.606,0.561,1,"RAD21"
0.871655297256593,0.167752390293324,0.152,0.165,1,"ZKSCAN1"
0.207847191747828,-0.167717585455234,0.444,0.535,1,"RSL1D1"
0.36569628869248,0.167712767118817,0.667,0.665,1,"TCF25"
0.409740302417559,-0.16768577061012,0.081,0.113,1,"TRMT11"
0.437667866006727,0.167532806576552,0.131,0.175,1,"ADA"
0.779328502537984,0.167527496941087,0.212,0.241,1,"DDHD1"
0.443631213810065,0.167480956589444,0.434,0.41,1,"NDUFS6"
0.692465300499597,0.167423448677865,0.152,0.139,1,"CDK4"
0.223641006037003,-0.167389754472338,0.475,0.573,1,"IKZF1"
0.997717426409083,0.167345904133196,0.162,0.165,1,"CEP83"
0.558774253994085,0.167326684131573,0.475,0.465,1,"RBPJ"
0.597396705184498,0.167311633413333,0.616,0.608,1,"PRKAR1A"
0.985647973580707,0.167283178340276,0.131,0.137,1,"TFRC"
0.956302092861989,0.16721579042276,0.303,0.325,1,"SIGIRR"
0.60378417068038,0.167032316645263,0.778,0.811,1,"DAZAP2"
0.803972236286675,0.166993392871682,0.182,0.172,1,"AIDA"
0.39360834781103,-0.166916238381733,0.172,0.215,1,"LENG8"
0.292540708343866,-0.166864925853661,0.333,0.425,1,"LSM8"
0.473939633623117,-0.166839626819579,0.091,0.118,1,"RAP2A"
0.117219539763977,-0.166831512119242,0.253,0.356,1,"ANAPC11"
0.405445134510043,0.16678997507102,0.222,0.186,1,"ILRUN"
0.459201473401086,-0.166589239883389,0.091,0.12,1,"DTNBP1"
0.865158502240192,0.166427068011817,0.182,0.189,1,"ZFAND2A"
0.944756152252816,0.166370126393478,0.141,0.146,1,"RYBP"
0.00394086633906761,0.16628974170116,1,1,1,"PTMA"
0.729066026590001,-0.166282286335973,0.121,0.137,1,"NEK9"
0.114079008126541,0.166039896564972,0.687,0.63,1,"EIF5A"
0.235414288812948,-0.166012303941687,0.323,0.401,1,"SUPT6H"
0.49542570331574,-0.165894866540627,0.111,0.142,1,"MRPL49"
0.477278203886781,-0.1657911330084,0.525,0.575,1,"CNOT6L"
0.114709794746182,-0.16566452555228,0.869,0.877,1,"NDUFS5"
0.282161772014918,-0.16561155050875,0.091,0.137,1,"PRR7"
0.467382073470592,0.16560886800333,0.232,0.203,1,"SRPK1"
0.710067357322557,-0.165489444943121,0.152,0.175,1,"MYO9A"
0.69851911417838,0.165452770947065,0.293,0.29,1,"REV3L"
0.946256234400052,-0.165232641064917,0.111,0.116,1,"DLEU1"
0.667926178005742,0.1651039344309,0.293,0.281,1,"SNX2"
0.474823158241439,-0.164608383816705,0.273,0.328,1,"POLR2F"
0.791975909732877,0.164380716670711,0.121,0.134,1,"PRR14L"
0.318175155957343,-0.164375127605005,0.091,0.132,1,"MRPL15"
0.928875750533365,-0.164169036240303,0.303,0.311,1,"PDIA6"
0.43673021666239,-0.164151721682507,0.172,0.217,1,"UBE2W"
0.468018370469473,0.164069017724924,0.404,0.403,1,"BUD31"
0.316559156520484,-0.163976920033658,0.354,0.46,1,"CAPZA2"
0.690551205906802,0.163843779009696,0.152,0.142,1,"MTLN"
0.321167119517285,0.163664890582782,0.747,0.708,1,"HNRNPA3"
0.752892277373467,0.163663392590294,0.172,0.196,1,"R3HDM1"
0.916536973834754,0.163548538960333,0.222,0.231,1,"FKBP5"
0.335823290942582,-0.163406924934059,0.232,0.29,1,"RIC8A"
0.978223843285195,0.163127236556245,0.273,0.29,1,"COPS8"
0.705168875027215,0.163055953811995,0.303,0.358,1,"SF3A3"
0.702884624998292,-0.163049099816556,0.152,0.172,1,"ECI2"
0.732098545163934,0.16290718723225,0.192,0.186,1,"ENSG00000253980"
0.075303358146048,0.162716406619277,1,0.986,1,"SH3BGRL3"
0.196589118151209,-0.162691727193875,0.404,0.505,1,"PCM1"
0.728909679802388,0.162655141532944,0.253,0.243,1,"DYNLT3"
0.178216911437626,0.162553958234787,0.444,0.363,1,"RPP21"
0.495593662293348,0.162450847117829,0.182,0.16,1,"MGAT4B"
0.202949748401454,-0.162262892435157,0.283,0.363,1,"SMDT1"
0.43571792596894,0.162218332729143,0.162,0.137,1,"PPIF"
0.537010977962068,0.161985833087535,0.727,0.759,1,"SNRPB"
0.288005674660183,-0.161958602549507,0.121,0.17,1,"ENSG00000268027"
0.531691693686041,-0.161866475483627,0.333,0.403,1,"CNIH1"
0.328254364854456,-0.161779178121762,0.424,0.509,1,"SEMA4D"
0.26032633584655,0.161701571624906,0.768,0.759,1,"CIB1"
0.311146093124431,-0.161660084182985,0.495,0.587,1,"RELB"
0.986764574430668,-0.161609582863001,0.515,0.495,1,"TENT5C"
0.923474436046819,0.161574488464375,0.455,0.507,1,"BCLAF1"
0.637377346380012,0.161426603722369,0.152,0.137,1,"ATL2"
0.318501091749403,0.161372444986873,0.646,0.67,1,"SERINC1"
0.373519967875169,0.161299001601032,0.354,0.304,1,"FAM53B"
0.58950419023434,-0.161268820638685,0.081,0.101,1,"TNFRSF10B"
0.123628586616252,-0.161006675611618,0.848,0.894,1,"RPL23"
0.954439373642755,0.160620020438561,0.172,0.184,1,"SUPV3L1"
0.515439794200902,0.160601929108402,0.283,0.354,1,"DUSP10"
0.563345237488233,0.160360092551929,0.434,0.427,1,"RWDD1"
0.270946429858764,-0.160257905277134,0.111,0.163,1,"VPS50"
0.822721103153716,0.16024564213213,0.303,0.314,1,"SF3B3"
0.643930229743105,0.159983792743918,0.172,0.158,1,"GDE1"
0.318453036350295,-0.159920264060837,0.263,0.34,1,"VPS35"
0.420800757442224,-0.159893223757968,0.091,0.123,1,"ISCA2"
0.698804112260243,0.159864523158046,0.525,0.528,1,"GRB2"
0.293673266029985,0.159778857006081,0.535,0.483,1,"ATF7IP"
0.336943714138344,-0.159756743309206,0.485,0.578,1,"KRT10"
0.968204485123114,0.159648729632272,0.162,0.167,1,"ELOA"
0.304674646920498,-0.159568803099262,0.293,0.358,1,"SNRPB2"
0.101046437825022,0.159498126149975,0.828,0.783,1,"EFHD2"
0.394040998011412,-0.159495162077061,0.152,0.196,1,"ZMYM5"
0.99242543684681,0.159396187131985,0.333,0.361,1,"MIDN"
0.916876592248351,0.159378138865724,0.152,0.153,1,"SMIM15"
0.246813718238886,0.159253441520245,0.495,0.469,1,"NCOR1"
0.394650106648957,0.159216256419317,0.475,0.448,1,"KRAS"
0.468315116178953,-0.159097292946676,0.081,0.108,1,"NUDCD3"
0.176885005676891,-0.159019421873645,0.303,0.401,1,"SNRNP200"
0.629023961563018,0.158933965888455,0.556,0.564,1,"EWSR1"
0.920927423281921,0.158919925846187,0.121,0.123,1,"MTF1"
0.966259326389776,0.158840153492106,0.172,0.184,1,"ZNF22"
0.643677168479328,0.158768581593802,0.273,0.257,1,"ADAM8"
0.606905361269334,0.158683307516769,0.263,0.238,1,"SLC10A3"
0.340788476701648,-0.158575589939233,0.162,0.215,1,"FASTKD2"
0.842001833920776,0.158538372148246,0.121,0.118,1,"TRIM39"
0.978720784556637,0.158396710191291,0.131,0.137,1,"RNF14"
0.699571056482121,0.158375599796898,0.131,0.156,1,"SNX4"
0.387509101377701,-0.158175930134458,0.253,0.311,1,"CREBRF"
0.478213998812274,-0.158076162362803,0.212,0.257,1,"POM121C"
0.98449459385573,0.158048570001371,0.222,0.236,1,"GLOD4"
0.662230823212243,-0.158013823833285,0.131,0.151,1,"C5orf15"
0.664031693051841,0.157931525279848,0.293,0.288,1,"RPAIN"
0.588020240017342,-0.157861870591488,0.081,0.101,1,"RHOT1"
0.425120518226919,-0.157823147332777,0.404,0.458,1,"TRA2B"
0.368460715482292,-0.157795261425699,0.404,0.472,1,"C1QBP"
0.0458478585062135,-0.157680911715949,0.616,0.731,1,"EIF4A2"
0.341709947646013,-0.157604276144668,0.212,0.276,1,"PLEKHO1"
0.16794168590665,-0.15755500094748,0.081,0.139,1,"ZFY"
0.428866194767578,-0.157480672500244,0.424,0.491,1,"DHX36"
0.871224265436816,0.157199800131638,0.152,0.149,1,"MOGS"
0.348989998218581,-0.157100889915586,0.556,0.632,1,"HMGN1"
0.620069410201326,-0.156874095952828,0.475,0.531,1,"NDUFB9"
0.56803740196063,0.156784207834136,0.263,0.245,1,"OFD1"
0.891119465700669,0.156576811206848,0.212,0.233,1,"TXNDC12"
0.932148879629932,0.156509250268871,0.121,0.127,1,"VPS25"
0.710567475937555,0.156491438999916,0.424,0.46,1,"MRFAP1"
0.621641822300338,0.156327084863587,0.475,0.486,1,"SH3GLB1"
0.532774011706506,-0.156309568450657,0.081,0.104,1,"WDR5"
0.903478226749114,0.156287579143678,0.111,0.111,1,"FYCO1"
0.576965082458292,0.156181835312308,0.222,0.271,1,"ACBD3"
0.572861677382797,0.155947173037629,0.475,0.479,1,"PNISR"
0.292357475123181,-0.155913834908317,0.303,0.373,1,"PLEC"
0.760928346245373,0.155843362728693,0.162,0.151,1,"RIT1"
0.614478415056898,0.155575864641074,0.646,0.731,1,"XRCC6"
0.28001366285152,0.155137658139466,0.626,0.599,1,"PKM"
0.67676517505727,0.15511187854323,0.091,0.108,1,"HEATR5B"
0.471074761245174,0.154687655095275,0.121,0.097,1,"ERCC6"
0.716045385379603,0.154506017857111,0.424,0.42,1,"PTBP3"
0.143472978271849,0.154501533027672,0.879,0.868,1,"STK4"
0.57492657908133,-0.154500953443631,0.283,0.325,1,"NUDT21"
0.704827343865033,-0.154443403838392,0.232,0.264,1,"HOOK3"
0.407494416164021,0.154421549915594,0.434,0.417,1,"RAB14"
0.462437486567007,0.154281249349481,0.525,0.495,1,"UQCRFS1"
0.923437221826789,0.154256849493374,0.242,0.252,1,"UBA6"
0.0841210790903631,-0.154098044390771,0.202,0.309,1,"BIN1"
0.333961708135014,-0.153993347201011,0.717,0.755,1,"AHNAK"
0.410447997382109,-0.153982017931783,0.333,0.408,1,"UBALD2"
0.775276085135097,0.153917732667071,0.131,0.123,1,"SLC35B1"
0.405507078461243,0.153896044504307,0.727,0.757,1,"CDC37"
0.0537864075118578,-0.153827928019792,1,0.988,1,"RPL36A"
0.388188604482807,0.153701127300451,0.414,0.366,1,"TXNIP"
0.340015291976084,-0.153650536619435,0.343,0.446,1,"ALYREF"
0.248116895040756,0.15362809799523,0.869,0.858,1,"COX6A1"
0.740118694112858,-0.153615884927694,0.303,0.328,1,"IL27RA"
0.522129725970415,0.153509743699167,0.384,0.368,1,"CUL4A"
0.712755666588157,0.153368066257824,0.192,0.182,1,"ZMPSTE24"
0.499940551141434,0.153358767942355,0.121,0.158,1,"URM1"
0.562570527448167,0.153205541241253,0.586,0.604,1,"JTB"
0.578572190811866,-0.153016083787753,0.111,0.134,1,"COQ10A"
0.8941960069678,0.15292037419043,0.303,0.344,1,"HAX1"
0.684245803664254,-0.152685749155251,0.192,0.219,1,"TIMM10"
0.714505816400977,-0.152560989282092,0.354,0.38,1,"ARID1B"
0.381928556503762,0.152417039767222,0.273,0.236,1,"RABGAP1"
0.37422523593596,-0.152390928444685,0.354,0.427,1,"OGA"
0.0470560495924388,-0.152258614831251,1,1,1,"RPL18"
0.335959175179772,0.152166183186789,0.525,0.5,1,"EEIG2"
0.471294345518455,-0.152127876296505,0.333,0.382,1,"RNF166"
0.946674762271695,0.152053893803297,0.141,0.146,1,"COMMD10"
0.769254075687912,0.152048982820407,0.152,0.175,1,"THOC3"
0.242573799426485,-0.151953012772444,0.919,0.958,1,"MT-ND2"
0.891680282683868,0.151914169148851,0.111,0.12,1,"GPN3"
0.693096978876674,0.151828066345514,0.182,0.219,1,"UBLCP1"
0.761604066379828,-0.151777162446866,0.303,0.325,1,"BCL7B"
0.0630622747350144,-0.151563721888716,1,1,1,"RPL14"
0.79824641152346,0.151477950950767,0.242,0.271,1,"SREK1"
0.856182085901635,0.151402857516347,0.202,0.229,1,"ZNF654"
0.881374724896183,-0.151380582399584,0.152,0.16,1,"GRAMD1A"
0.452706928627748,-0.15135174957181,0.101,0.132,1,"POLR3GL"
0.770344199855197,0.151280275711478,0.131,0.123,1,"SPON2"
0.918658780279506,0.151266212520853,0.182,0.2,1,"VPS26B"
0.696494509469769,-0.151065644481892,0.293,0.316,1,"SP140"
0.161904885849739,0.15105520515718,0.909,0.837,1,"PSMA7"
0.886567409119054,-0.150998364552765,0.253,0.271,1,"RC3H2"
0.962667438570464,0.150985770944818,0.131,0.134,1,"GMPS"
0.80251846650818,0.15091608309012,0.141,0.139,1,"UPF3B"
0.364673485061823,-0.150871594196704,0.333,0.41,1,"UBE2V1"
0.913424279306852,0.150119366598509,0.263,0.292,1,"LAP3"
0.803344943454355,0.150081090338657,0.192,0.186,1,"CCDC82"
0.602778035119891,0.150054924490418,0.354,0.344,1,"COPB2"
0.472888217932842,-0.149761724340547,0.222,0.269,1,"COMMD1"
0.539327193594753,-0.149553393841957,0.131,0.158,1,"PABIR3"
0.356500817823303,-0.149439233556992,0.242,0.307,1,"POM121"
0.976305530680949,-0.149320430967207,0.131,0.13,1,"SELENOM"
0.335268047184584,0.149107950553951,0.455,0.434,1,"TACC1"
0.418789844068455,-0.149088984538432,0.182,0.224,1,"TRAPPC2L"
0.369016632786803,-0.14879818882546,0.152,0.193,1,"USP7"
0.0542932434341218,-0.148737769822314,1,0.995,1,"RPSA"
0.957165977609656,0.148707960389043,0.182,0.189,1,"RNPC3"
0.67979227425261,-0.148692906183107,0.152,0.177,1,"GPATCH2L"
0.879469374038488,0.148624759990686,0.273,0.314,1,"CELF1"
0.897210532170521,0.148548917513885,0.182,0.196,1,"MAGT1"
0.715783083030893,-0.148525618798241,0.111,0.127,1,"IFI35"
0.956396429747047,0.148419171929238,0.182,0.196,1,"CDKN2AIP"
0.797359652409028,0.148391944768813,0.091,0.101,1,"MRPL45"
0.370871992225961,-0.148345717588992,0.293,0.356,1,"SEC11A"
0.586806344297768,-0.148253384644186,0.202,0.231,1,"CRLF3"
0.0466879151343811,-0.148195492023231,1,0.988,1,"RPL31"
0.112615727971125,0.148173970581717,0.929,0.866,1,"PGK1"
0.0645248161145504,-0.148116659369482,0.162,0.274,1,"DIP2B"
0.800963802863501,0.147917061894294,0.222,0.25,1,"NDUFB7"
0.0491877695348867,-0.147897235227877,1,1,1,"RPS14"
0.662078635909115,-0.147854168866941,0.465,0.486,1,"ZC3H15"
0.405526726669866,0.147615696195644,0.111,0.146,1,"CPB2-AS1"
0.526136808041872,-0.147561371087256,0.152,0.186,1,"RNF130"
0.725079286277836,0.147367615514073,0.091,0.108,1,"ZNF444"
0.68590622916905,0.147353717759256,0.212,0.231,1,"RGS2"
0.454939472371715,-0.14723235262661,0.172,0.212,1,"NUCB1"
0.704763398990293,0.147220980228471,0.424,0.425,1,"RAB6A"
0.496015593847282,-0.147113667783732,0.162,0.2,1,"PIK3CA"
0.864030182367292,0.147101000081996,0.131,0.144,1,"IMPA1"
0.758921139101551,-0.147030670022785,0.101,0.113,1,"ENSG00000291203"
0.55157862825632,0.146889061314792,0.465,0.474,1,"PTBP1"
0.110989701425174,0.146653875121982,0.808,0.757,1,"CD52"
0.509076513663222,-0.146556903386686,0.091,0.118,1,"MRPS27"
0.401385057508637,-0.146368216060148,0.141,0.189,1,"MGAT5"
0.47264825764612,0.146330449898585,0.475,0.441,1,"TBC1D22A"
0.86056864579052,0.146308779399744,0.111,0.12,1,"USF1"
0.633919889514317,0.146089106153953,0.333,0.335,1,"CAND1"
0.920899188176137,0.1460585895565,0.263,0.267,1,"JAML"
0.993604503239792,0.145979461596272,0.131,0.139,1,"RYK"
0.490000784255255,-0.145856444320704,0.121,0.153,1,"TIMM10B"
0.387789097025762,-0.145797433209279,0.071,0.101,1,"SLC9B2"
0.894291095115315,0.145750036002126,0.212,0.233,1,"MRPL3"
0.683523252569216,-0.145724022942347,0.616,0.62,1,"EPC1"
0.73702154561567,0.145700567538972,0.242,0.238,1,"SCP2"
0.430331187104395,-0.145678340203182,0.444,0.509,1,"PCGF5"
0.654927970260657,0.145665233051174,0.253,0.243,1,"KCNAB2"
0.443171145806427,-0.145601578369193,0.253,0.314,1,"ECH1"
0.117304408816779,-0.145568962798422,0.727,0.851,1,"HNRNPDL"
0.538130756635305,-0.145510050842167,0.121,0.149,1,"EYA3"
0.472890474533436,0.145505717482893,0.343,0.311,1,"KPNA4"
0.828470859366046,0.145371072473252,0.121,0.116,1,"ANKRD54"
0.298794533791157,0.145361332488493,0.657,0.613,1,"SERPINB9"
0.886721125317521,-0.145355071881996,0.111,0.118,1,"GABPB1-AS1"
0.934394088158106,-0.145332735251317,0.212,0.219,1,"SEC23B"
0.383033393545028,-0.145225138103861,0.071,0.101,1,"RUFY3"
0.575752060158828,-0.145203826744002,0.253,0.29,1,"IP6K2"
0.582016834641647,-0.145201426437766,0.121,0.144,1,"FBXL14"
0.803752914913099,0.144992200011391,0.364,0.375,1,"SUPT5H"
0.832385700947418,0.144887619255918,0.101,0.111,1,"RRP1"
0.565349798992881,-0.144844639222645,0.131,0.158,1,"MYG1"
0.532827270014891,-0.144789671109149,0.192,0.231,1,"HIVEP1"
0.999651625140135,-0.144752076744878,0.333,0.344,1,"NT5C3A"
0.725612848384014,0.144623118727915,0.343,0.356,1,"MYCBP2"
0.636645295525827,0.144578300876432,0.354,0.363,1,"ORMDL1"
0.488602780459364,-0.14436712094115,0.162,0.203,1,"YTHDF1"
0.769705738454899,0.144359986303944,0.333,0.38,1,"MYLIP"
0.0379588536263299,-0.144344242483077,0.313,0.436,1,"ATP2B1"
0.0952048860362321,-0.144280105321438,0.97,0.988,1,"BTF3"
0.0165204489793376,-0.144241353441839,1,1,1,"RPS29"
0.982365285094115,0.144075219952384,0.162,0.17,1,"SLC9A8"
0.604715934393046,0.143884323266584,0.273,0.257,1,"HAUS3"
0.66972499193467,-0.143803707718301,0.182,0.21,1,"SCYL2"
0.977277754219061,0.143602794889668,0.576,0.632,1,"ATP5F1D"
0.759941685971559,0.143425903439132,0.182,0.208,1,"SBDSP1"
0.863438317023627,0.143287961529597,0.394,0.427,1,"ATP5ME"
0.929656778820152,-0.143143440297089,0.424,0.443,1,"GNA13"
0.288980485507977,-0.143120680250967,0.162,0.217,1,"CFAP210"
0.262865909246779,0.14296780467482,0.162,0.118,1,"NAB1"
0.681701699956195,0.142908899633993,0.242,0.241,1,"MED1"
0.901623540228011,0.142756160657837,0.162,0.163,1,"CUTC"
0.809872218261939,0.142605278181941,0.374,0.392,1,"MECP2"
0.441349764013328,-0.142589019121074,0.354,0.42,1,"ATP5PF"
0.343070361457497,-0.142378212178462,0.364,0.443,1,"SCAND1"
0.622631650606693,0.142369869199748,0.485,0.507,1,"GRAP2"
0.969828752894459,0.142331013295018,0.182,0.191,1,"ENSG00000291075"
0.680458308074892,0.142265779530028,0.455,0.46,1,"TMF1"
0.773883098342306,0.142257066761864,0.293,0.285,1,"SEC24B"
0.789694228609995,0.142219252602199,0.273,0.274,1,"SMC3"
0.898043436817886,-0.142207002960075,0.141,0.151,1,"ANKRD36C"
0.0229522315867,-0.142050576190689,1,1,1,"RPL39"
0.877232330462826,0.14192803253939,0.182,0.179,1,"STRN3"
0.561172119265924,0.141814912087335,0.232,0.205,1,"NOL11"
0.0194577747339336,-0.141642381014285,1,1,1,"RPS6"
0.33846030918244,0.141625976867873,0.263,0.222,1,"WHRN"
0.882929512349682,-0.141605463670867,0.192,0.205,1,"CCDC90B"
0.826736550541565,0.141597649932494,0.141,0.137,1,"WDFY1"
0.410852224785389,-0.141592553119418,0.465,0.528,1,"GDI2"
0.224466650599857,0.141483236913234,0.939,0.955,1,"SRSF2"
0.074459209022093,-0.141368292417656,1,1,1,"MT-CO3"
0.659895125018951,-0.141299312656412,0.232,0.267,1,"SSR1"
0.972507551315649,-0.141296082176999,0.182,0.184,1,"VAMP7"
0.389803714734457,-0.141292684300375,0.141,0.186,1,"BLMH"
0.597961209600821,-0.14123812909728,0.283,0.333,1,"TSPAN14"
0.688376743183946,-0.140861352247621,0.283,0.311,1,"ANP32A"
0.78259025827341,0.140823353907013,0.162,0.182,1,"CLPX"
0.750711196695813,0.140715549748997,0.131,0.123,1,"IBTK"
0.937325871981891,0.14067461859258,0.242,0.252,1,"SCNM1"
0.796609737993098,0.140611698877647,0.192,0.189,1,"ZNF33A"
0.0952318926388779,0.140518267497054,0.939,0.903,1,"SRP14"
0.273208486490686,0.140509960694177,0.465,0.413,1,"ACIN1"
0.95573612517135,0.140465792651743,0.323,0.335,1,"FAM133B"
0.804377639750785,0.14043245522344,0.162,0.182,1,"JAGN1"
0.364294025931189,-0.1398962038026,0.152,0.198,1,"SMIM29"
0.49751915175719,0.139792533271804,0.566,0.557,1,"UBE2I"
0.809505059571136,0.139746285510784,0.101,0.094,1,"GNL3L"
0.549563130976751,0.139669223018458,0.485,0.493,1,"CLTA"
0.912813615284605,-0.139474569963638,0.333,0.335,1,"PPP1CC"
0.984697531321076,0.139466730162299,0.202,0.212,1,"POGZ"
0.430786220780511,-0.139343496648947,0.232,0.285,1,"TMEM245"
0.130460453023652,-0.139311546664799,0.303,0.42,1,"BEST1"
0.775241631578106,0.139187432587397,0.242,0.276,1,"DARS1"
0.491497370720815,-0.139122238071321,0.697,0.792,1,"SIK3"
0.306081583068317,-0.139111554146851,0.172,0.226,1,"MTRFR"
0.0475505011882578,-0.139105729040069,1,1,1,"RPS18"
0.757595479488819,0.139084692369953,0.212,0.245,1,"FKBP4"
0.771996142565003,0.1389904474536,0.212,0.203,1,"DYNC1LI2"
0.541098779003541,-0.138989056571396,0.192,0.236,1,"GPBP1L1"
0.17103835205542,-0.138977661547296,0.364,0.486,1,"ZNF207"
0.767886319925437,0.138864534950282,0.101,0.092,1,"B9D2"
0.714507807215575,0.138658889320382,0.141,0.163,1,"MED19"
0.601408807683348,0.138449144050849,0.424,0.427,1,"VPS4B"
0.854738507508977,-0.13842620609701,0.535,0.557,1,"EIF3M"
0.807486334474342,0.13840977942608,0.343,0.347,1,"SMAD4"
0.740754524982407,0.138382874873115,0.283,0.295,1,"MRPS15"
0.445299068387675,0.138376040852194,0.424,0.5,1,"SDCBP"
0.494285999586308,0.138349908361492,0.586,0.616,1,"H2AZ1"
0.291358628780655,-0.138265391178444,0.828,0.901,1,"UQCRB"
0.388335565024513,-0.138240683783577,0.232,0.295,1,"NORAD"
0.887055125594644,0.138159368808972,0.455,0.505,1,"VAPA"
0.593475993849212,-0.138151114926138,0.333,0.368,1,"COP1"
0.844513726176356,0.138142307799907,0.121,0.116,1,"ERAL1"
0.51007137370538,0.138076221925693,0.101,0.132,1,"TBC1D22A-DT"
0.478043028847621,0.13789071417173,0.283,0.264,1,"ASCC3"
0.959759417669764,0.137835470453826,0.253,0.276,1,"NDUFS8"
0.421300530947351,0.137730838613795,0.515,0.495,1,"STK10"
0.584488385337363,-0.137676076355307,0.253,0.295,1,"MLEC"
0.258580095960112,0.137533735410573,0.434,0.363,1,"FYTTD1"
0.72635175249522,0.137402044181525,0.283,0.283,1,"IGF2R"
0.406509593790565,-0.137395156923546,0.141,0.186,1,"GOPC"
0.204037764322394,-0.13736372586086,0.737,0.807,1,"SNHG6"
0.702258863611321,-0.137273217681306,0.303,0.333,1,"AP3B1"
0.183603156418056,0.137235098467726,0.869,0.892,1,"IDS"
0.914919239328792,0.137027461256279,0.384,0.389,1,"CDK6"
0.739130432331894,0.136895168663628,0.152,0.177,1,"PTCD3"
0.377893975907007,0.136883937488994,0.545,0.505,1,"DNAJC1"
0.591607504152299,-0.136741957152762,0.283,0.328,1,"HIPK3"
0.520064249591799,-0.136717356294632,0.111,0.142,1,"USP32"
0.356539853454097,-0.136709995031054,0.071,0.104,1,"CNEP1R1"
0.57994857143831,0.136691931006659,0.394,0.384,1,"TRAPPC1"
0.837192210040647,0.13665505948639,0.192,0.212,1,"ATP6V1B2"
0.611095632002127,-0.136548212032336,0.091,0.111,1,"TRIM59"
0.0407206918526647,-0.136538567371585,1,1,1,"RPL7A"
0.696301957527429,0.136426083217597,0.172,0.2,1,"RPS6KC1"
0.936564268891354,-0.136398150490029,0.475,0.498,1,"CD5"
0.805963238419873,0.136247404910456,0.121,0.139,1,"AKAP10"
0.547973351196237,0.136241971491848,0.374,0.358,1,"DYRK1A"
0.774136364635546,0.136158625418579,0.475,0.476,1,"TMED10"
0.845191312858787,-0.136141777693948,0.101,0.111,1,"SLC35D1"
0.795462393151771,0.135937715953216,0.222,0.217,1,"HEXIM1"
0.358884390298801,-0.135926506722059,0.141,0.189,1,"SUN1"
0.240250437674437,0.135907157473153,0.778,0.736,1,"PDIA3"
0.47954151942503,0.135794112277248,0.081,0.108,1,"NSD2"
0.869881702553746,0.135700377173003,0.111,0.12,1,"PRR14"
0.0738806859058583,0.135624857316029,0.879,0.84,1,"STK17B"
0.948683203076147,-0.135501597994292,0.111,0.111,1,"ZBTB21"
0.500142456578577,0.135487088309491,0.394,0.37,1,"SMARCA2"
0.902810338541205,0.13540538054433,0.121,0.13,1,"SNAPC5"
0.664814362721645,0.135242747305506,0.313,0.314,1,"ETF1"
0.644773404121537,-0.135193725436371,0.141,0.163,1,"KDM1A"
0.177243227796367,-0.13518898493662,0.556,0.677,1,"RNF149"
0.155068248375579,0.134918180383111,1,0.988,1,"ARHGDIB"
0.937959744581161,0.134870634751181,0.152,0.153,1,"ENTPD4"
0.929331802724742,0.134843612630414,0.253,0.281,1,"CSK"
0.407214840103531,-0.134523665102405,0.495,0.571,1,"POMP"
0.568393542148485,-0.134486354749912,0.465,0.505,1,"NDUFB2"
0.66233569880753,-0.134405750786879,0.485,0.531,1,"GOLGA4"
0.912613500112436,0.134328853369191,0.152,0.16,1,"ENSG00000287555"
0.520986946060833,-0.134263230856542,0.424,0.474,1,"TNIK"
0.840478247883739,0.134192077276748,0.222,0.248,1,"GAPVD1"
0.830111221946163,0.134169656298615,0.152,0.167,1,"EXOSC8"
0.51851988012132,0.134157119219729,0.374,0.356,1,"IRF1-AS1"
0.863146438693799,0.13414263200812,0.323,0.337,1,"RER1"
0.199627263294683,-0.134108930441448,0.586,0.679,1,"UXT"
0.977254775818069,0.134104698405604,0.202,0.212,1,"RRAGC"
0.766421093383415,-0.134069157301552,0.202,0.222,1,"CCS"
0.69342148281722,-0.134046625702398,0.091,0.104,1,"MEGF9"
0.00691759810214164,-0.134046002607597,1,1,1,"RPS15A"
0.797886003383012,0.133941041612614,0.131,0.149,1,"COMMD8"
0.385712256342052,0.133744082994162,0.828,0.809,1,"NR3C1"
0.517629868687836,-0.133725641469205,0.101,0.13,1,"TRMT1"
0.733287353733256,-0.133716351574422,0.414,0.46,1,"ARF4"
0.334839007921594,0.133662064676392,0.667,0.698,1,"SEC61B"
0.909791994736873,0.133473325179671,0.111,0.118,1,"TMEM138"
0.584527471540067,-0.133256506941323,0.192,0.226,1,"CLPP"
0.871164127661587,0.133179619044354,0.131,0.127,1,"TEX264"
0.402550243787911,-0.133137595368313,0.707,0.75,1,"MORF4L1"
0.666937297982662,-0.133038873803864,0.798,0.79,1,"CHASERR"
0.895480884177826,0.132777785561536,0.172,0.175,1,"KIF3B"
0.973919974587644,0.13276145257844,0.172,0.179,1,"POLR1C"
0.786385517309931,-0.13267475502007,0.485,0.498,1,"SPTBN1"
0.538734764445648,0.132630920051886,0.152,0.189,1,"ZZZ3"
0.805284137142538,0.132592123693873,0.121,0.137,1,"TBC1D25"
0.944595370098744,-0.132423466265429,0.212,0.215,1,"ZNF506"
0.302348687564943,0.132392187496819,0.838,0.75,1,"LAT"
0.504102779015026,0.132351795014235,0.768,0.781,1,"CD53"
0.590235321441941,0.132312770783236,0.636,0.651,1,"SPCS1"
0.401425045126284,-0.132094582804144,0.121,0.16,1,"SLC1A5"
0.286322482367063,0.132072728973411,0.909,0.91,1,"EMP3"
0.482669129811326,0.132017014720997,0.616,0.601,1,"RBX1"
0.594954669506961,0.131794075096635,0.717,0.755,1,"PBXIP1"
0.996244647471,0.131790877888459,0.111,0.113,1,"BRWD3"
0.539393973866609,-0.131766491929366,0.556,0.62,1,"NDUFV2"
0.690871066620344,-0.131758596587477,0.172,0.191,1,"DUT"
0.491781693669097,-0.131600854515472,0.273,0.318,1,"PDCD5"
0.955430264810202,0.131440769131146,0.131,0.132,1,"USPL1"
0.542661463782685,-0.131419126314564,0.293,0.342,1,"RLF"
0.908933473606341,0.131277545266554,0.152,0.158,1,"MCPH1"
0.5615555224302,0.131207945801616,0.212,0.189,1,"FDPS"
0.533041485269374,-0.131196894745821,0.152,0.184,1,"TSEN34"
0.181163685897055,-0.131173729119762,0.808,0.875,1,"COMMD6"
0.512859823337743,-0.131109803889422,0.131,0.165,1,"FTSJ3"
0.494068797748457,-0.1310442711617,0.212,0.252,1,"ARL8A"
0.349905235612483,-0.131038406775003,0.636,0.743,1,"EIF3H"
0.253905384625676,-0.130828240945079,0.333,0.406,1,"PNRC2"
0.894188593055739,0.13074764430286,0.101,0.099,1,"ECSIT"
0.516709317105391,-0.130720299551119,0.111,0.139,1,"ACYP2"
0.469805632631922,0.130629093776167,0.293,0.264,1,"AGFG1"
0.595412382528638,-0.130588509844808,0.232,0.264,1,"PRELID3B"
0.858574504125404,-0.130538997231185,0.293,0.304,1,"THOC2"
0.0123589662592258,-0.130387778343708,1,1,1,"RPS27A"
0.495281760321808,-0.130354146669496,0.596,0.634,1,"BIRC2"
0.33721508732273,0.130271582831015,0.838,0.807,1,"PPIB"
0.632896322749063,-0.130262146801898,0.091,0.106,1,"C2CD3"
0.359222118953056,0.13022700694669,0.626,0.611,1,"TAX1BP1"
0.956482783027325,0.13020843759874,0.364,0.384,1,"RNMT"
0.35744622704952,-0.130166311317481,0.343,0.425,1,"MAP4K4"
0.838026904775871,0.130153193938145,0.354,0.363,1,"SLIRP"
0.50187392974716,-0.130118509906611,0.657,0.717,1,"U2AF1"
0.55280749014648,0.130019534038705,0.515,0.526,1,"DDX18"
0.498039865946411,0.129964062801105,0.444,0.446,1,"ATP6V0D1"
0.302672309397773,-0.129922058571178,0.515,0.611,1,"GHITM"
0.602417024026653,-0.129878624946228,0.202,0.229,1,"AHCTF1"
0.61672524765141,-0.129873158237001,0.293,0.337,1,"PSMB2"
0.238283108110942,0.129565633402814,0.768,0.733,1,"CD81"
0.624018688145136,-0.129263091411939,0.242,0.269,1,"NDUFB3"
0.621517538184271,0.129119640827191,0.162,0.193,1,"PTBP2"
0.389856330469848,0.129105871130127,0.566,0.552,1,"EIF3A"
0.497510712732318,-0.129081167893219,0.141,0.175,1,"EZH1"
0.39324619562945,-0.129021079124056,0.101,0.137,1,"CLASRP"
0.219421766414261,-0.128955755315164,0.192,0.271,1,"MRTFA"
0.359884158455981,-0.128942733142921,0.111,0.151,1,"CSE1L"
0.356735239255563,0.128785211678326,0.556,0.531,1,"ITSN2"
0.688400790380036,0.12867419187875,0.667,0.691,1,"RSRP1"
0.569317778175832,-0.128663524710552,0.646,0.738,1,"RBM8A"
0.946150871446241,0.128624089168388,0.192,0.189,1,"ZNF428"
0.664074629787993,-0.128495201048527,0.242,0.278,1,"UBR1"
0.971494014530192,0.128465174491694,0.232,0.248,1,"ZNF622"
0.879531161797597,0.12844382486782,0.111,0.108,1,"STX8"
0.296326348994192,-0.128420951144991,0.414,0.493,1,"ENY2"
0.962213464171799,0.128345871361807,0.364,0.415,1,"ABI1"
0.246094594298153,-0.128292721884456,0.313,0.413,1,"EIF3J"
0.293113292323972,-0.128275272274977,0.131,0.186,1,"SUPT20H"
0.0308092284522359,0.128208346993526,0.838,0.755,1,"RALGAPA1"
0.197541599156727,-0.128154824505686,0.818,0.866,1,"RPS17"
0.707008432987992,-0.128129460391594,0.848,0.818,1,"KLF6"
0.99209909367127,0.128071119252564,0.253,0.276,1,"SNRPA1"
0.457330495619532,-0.127875735854532,0.212,0.257,1,"WDR70"
0.0983968384864443,-0.127851144179894,0.98,0.993,1,"RPL38"
0.323251244969432,-0.12765955116344,0.434,0.526,1,"ANKHD1"
0.430963584280242,-0.127588069743735,0.303,0.37,1,"FAM13B"
0.668438921566162,-0.127450791134107,0.677,0.646,1,"TUBA1B"
0.698513653346626,-0.127448756308731,0.172,0.189,1,"ARMCX3"
0.667448657846343,-0.127422037753277,0.697,0.656,1,"METRNL"
0.55377309788745,0.127364914294905,0.475,0.467,1,"PEBP1"
0.617230829055495,-0.127345825073236,0.152,0.182,1,"TPD52L2"
0.783953533024277,0.127240724025129,0.121,0.139,1,"ORMDL3"
0.497624623458357,0.127178615478716,0.152,0.193,1,"NOTCH2NLC"
0.954710965014209,0.127006585754247,0.131,0.134,1,"RPF1"
0.356698508334829,0.12687667386357,0.879,0.929,1,"ATP5MG"
0.829367781179329,0.126844362626828,0.091,0.101,1,"KIF1B"
0.822998090319796,0.126729894446474,0.101,0.094,1,"MTMR2"
0.676466537997675,0.126709414922592,0.303,0.302,1,"ALKBH5"
0.0579043104208712,-0.126704036562393,1,1,1,"RPS4X"
0.822098714705902,0.126407638137547,0.222,0.248,1,"RFX1"
0.796889023014294,0.126394772975689,0.303,0.3,1,"GOLGA7"
0.774558315854673,0.126239025221131,0.354,0.394,1,"DDX39A"
0.969066503315617,-0.126182627917435,0.96,0.96,1,"TALAM1"
0.0581487066952564,-0.126151740323031,1,1,1,"RPL19"
0.391572821452169,-0.126112484117002,0.121,0.16,1,"OOEP"
0.216314470169164,-0.12609352635045,0.657,0.774,1,"SF3B1"
0.530301492270026,-0.126014796347884,0.202,0.245,1,"RAB3GAP2"
0.955325947826325,0.125981237388248,0.364,0.392,1,"BRI3"
0.5741559361004,0.125844478728664,0.556,0.547,1,"CCNL1"
0.382293779312829,-0.125813852687255,0.404,0.493,1,"DHX9"
0.746474067628405,0.125708034674746,0.495,0.535,1,"TUFM"
0.683324826724014,-0.125642172848986,0.141,0.16,1,"AP1B1"
0.466574819266733,-0.125598136018973,0.859,0.847,1,"RAN"
0.283770687720796,-0.125551864593443,0.444,0.528,1,"KDM6B"
0.276641537044976,-0.125470752293689,0.354,0.439,1,"CCT8"
0.65112430503563,0.125428504735537,0.212,0.203,1,"PTOV1"
0.395501672375847,0.125240396480949,0.525,0.495,1,"ARHGAP26"
0.246689110163374,-0.125238190799335,0.111,0.167,1,"RASSF2"
0.75821983928083,0.12513028962466,0.333,0.344,1,"SYNCRIP"
0.0673133328212448,-0.125012565950655,0.99,0.998,1,"RPL13A"
0.763065494548873,0.12488821814124,0.283,0.276,1,"UVRAG"
0.544804806608184,-0.124857737400419,0.121,0.151,1,"RNF25"
0.0459592823730486,-0.124715975095382,1,1,1,"RPL10"
0.551754669040492,-0.124636147191731,0.444,0.514,1,"PRPF4B"
0.5660816300835,-0.124478726811501,0.121,0.149,1,"CCP110"
0.886989145303912,-0.12439421857929,0.404,0.434,1,"USP11"
0.782462310579262,-0.12433066523036,0.242,0.257,1,"GTPBP1"
0.758626223984308,-0.124311146568795,0.202,0.222,1,"AK2"
0.797360644652471,-0.124195284472763,0.101,0.113,1,"ATG2A"
0.629385384207495,-0.124073564306846,0.182,0.21,1,"TTC33"
0.227507160574993,0.124014368676971,0.354,0.3,1,"ITGAE"
0.991155307840027,0.123930807650273,0.192,0.203,1,"BRMS1"
0.91961674297941,0.12384919041287,0.192,0.196,1,"NDUFAF8"
0.691770874787157,-0.123719588613652,0.283,0.309,1,"UBL3"
0.600367345149438,0.12355668877663,0.394,0.382,1,"LRBA"
0.690025236609514,-0.123529781408938,0.111,0.13,1,"U2AF1L4"
0.676275967197074,-0.12351910928652,0.182,0.205,1,"NME7"
0.605087155764651,0.123428913355577,0.465,0.554,1,"CSNK1A1"
0.263340970085184,-0.123365183112885,0.323,0.417,1,"STUB1"
0.599801118942509,-0.123258762576801,0.434,0.491,1,"SF3B5"
0.326928712788193,0.123245221407318,0.768,0.733,1,"SNU13"
0.596120304337733,0.123220112005411,0.222,0.196,1,"CKAP2"
0.861476793625714,0.123068372121637,0.141,0.137,1,"LMTK2"
0.324334779415125,-0.123029178042496,0.556,0.665,1,"POLR2L"
0.326551740640116,0.122814533131181,0.939,0.925,1,"YBX1"
0.949301005024563,0.12280600684644,0.232,0.255,1,"CBFB"
0.597504908675893,0.12262692333218,0.778,0.769,1,"PSME1"
0.547720910911242,-0.122610832111326,0.455,0.519,1,"CLK1"
0.505633046617018,0.122348593898393,0.808,0.821,1,"SFPQ"
0.468555334093236,0.122263313117084,0.253,0.222,1,"PPWD1"
0.329596584753584,-0.122161153348937,0.111,0.153,1,"SAMM50"
0.575924073634975,-0.121999086011588,0.283,0.333,1,"TMEM208"
0.687592239722894,-0.12196497178099,0.091,0.106,1,"PTPN23"
0.568563274744636,0.121950207151926,0.131,0.163,1,"FBXO42"
0.887145145097708,0.121788745786537,0.232,0.259,1,"KLHL28"
0.969345199708891,0.121783231200348,0.111,0.118,1,"SFT2D1"
0.903534675407264,0.121664670376746,0.131,0.132,1,"WAKMAR2"
0.938658560793071,-0.121561427276367,0.131,0.127,1,"RP9"
0.450458502926927,0.121480233297485,0.838,0.854,1,"ITM2B"
0.562412098381853,0.121323923339403,0.434,0.429,1,"RPN2"
0.700966651985956,0.121127189332342,0.465,0.498,1,"DNAJA2"
0.694364736354494,0.121119897217084,0.727,0.788,1,"SSR4"
0.350054954739931,0.121089911445999,0.818,0.759,1,"MZT2B"
0.995093570087474,0.121083046361931,0.172,0.175,1,"RRAS2"
0.469562410661842,0.121042300045298,0.869,0.83,1,"AKAP13"
0.973190163525212,-0.120935281192644,1,1,1,"ENSG00000280441"
0.590589177962145,-0.120927465612811,0.091,0.113,1,"RBM34"
0.667284630357591,0.120898362464122,0.202,0.238,1,"YLPM1"
0.472367120364151,-0.120891512695443,0.182,0.222,1,"PTPN11"
0.92938195883248,0.120819706902498,0.253,0.271,1,"DNAJC7"
0.779383009774601,0.120586500658964,0.455,0.45,1,"BDP1"
0.691394696936477,-0.120558576450265,0.182,0.205,1,"SUMO3"
0.840030536540957,0.120535783457855,0.131,0.149,1,"DALRD3"
0.577391097822462,-0.12047715977375,0.444,0.502,1,"PSMC4"
0.368592056024885,-0.120377871677145,0.505,0.604,1,"TBCA"
0.403256553913026,-0.120318015311452,0.121,0.158,1,"NME3"
0.924925971112006,0.120207945112624,0.556,0.594,1,"ATP5MF"
0.692269794077804,-0.119938775334809,0.101,0.118,1,"RELL1"
0.521449974716743,-0.119871161724284,0.283,0.347,1,"CALM3"
0.612377015365729,-0.119868870841978,0.333,0.38,1,"UQCRC2"
0.572784447129049,-0.119760737791211,0.465,0.509,1,"DDX3X"
0.537722961007175,-0.11972856210234,0.333,0.368,1,"RNF38"
0.427339865758156,0.119687570249961,0.283,0.257,1,"RAF1"
0.764181700580148,0.119654082469995,0.394,0.403,1,"SNRPN"
0.404717974460437,0.119492131322518,0.545,0.507,1,"TTC39C"
0.832574022620602,0.119467552724949,0.152,0.172,1,"ZBTB25"
0.438361287027109,0.119338472382634,0.465,0.434,1,"FNBP4"
0.984353268452412,0.119181130360684,0.182,0.186,1,"MRPL36"
0.382524626467269,-0.118946254134173,0.253,0.311,1,"PITPNA"
0.764603232610287,-0.118904272433041,0.091,0.101,1,"ENSG00000290683"
0.734005422047486,0.118833920658236,0.444,0.446,1,"LUC7L2"
0.240499234446274,-0.118677836336507,0.434,0.528,1,"ATP5MJ"
0.929770348359368,0.118581134119682,0.232,0.243,1,"GPX1"
0.25760885343208,-0.118530906756029,0.323,0.42,1,"EIF4E"
0.630319735081548,-0.118236434629685,0.141,0.165,1,"MED29"
0.103809506920041,-0.118212870394467,0.131,0.219,1,"MRPS25"
0.307794631773181,0.118195336147371,0.727,0.672,1,"PCED1B-AS1"
0.266666815472954,-0.118138881192721,0.121,0.172,1,"ENSG00000290928"
0.403981009081106,-0.118076716051388,0.111,0.153,1,"NPC2"
0.540661344464053,-0.118071550051026,0.101,0.127,1,"WDR13"
0.770856329519463,0.117849030003138,0.162,0.177,1,"PDLIM5"
0.509200688520585,-0.117840461870834,0.081,0.106,1,"TMEM106B"
0.410082841157125,-0.117760828419797,0.121,0.16,1,"ATG16L1"
0.465249820850902,0.117671836425744,0.556,0.557,1,"NDUFB8"
0.801316384146865,0.117548853366098,0.253,0.248,1,"RPRD2"
0.845420014860493,0.117538681098601,0.172,0.167,1,"RNF2"
0.931567711702798,0.117430747604011,0.525,0.545,1,"ARGLU1"
0.281787103719411,-0.117402873049406,0.364,0.45,1,"ELMO1"
0.617883057094416,0.117293861165163,0.384,0.382,1,"SOCS1"
0.68396884793163,0.117228025941102,0.222,0.21,1,"PHACTR4"
0.649865655431323,0.116984904357975,0.283,0.33,1,"CHCHD3"
0.345795408932738,0.116877674153597,0.384,0.342,1,"DR1"
0.480046273020019,-0.116786771486338,0.152,0.191,1,"UBE2F"
0.96446817809577,0.116775365073792,0.283,0.307,1,"EMC6"
0.207638904550504,0.116734278954539,0.535,0.486,1,"ATP6V1F"
0.683568429411533,0.116504157711807,0.141,0.127,1,"RGS14"
0.44758789951667,-0.116423145869158,0.242,0.302,1,"DAZAP1"
0.940065960032982,-0.116394043032472,0.374,0.384,1,"USP36"
0.500169501131265,-0.116329340697509,0.202,0.241,1,"REXO2"
0.909164823285586,0.116129276665757,0.162,0.179,1,"APBA3"
0.824522477043341,0.116064675129426,0.141,0.158,1,"P4HA1"
0.707698332705439,-0.11605128298999,0.515,0.54,1,"IL10RA"
0.986520425965758,0.116051119706132,0.242,0.257,1,"SCAF4"
0.69322268623106,0.116008785897352,0.222,0.208,1,"PEA15"
0.535465679160577,0.115936983889421,0.495,0.493,1,"ATP5F1A"
0.849475199443277,0.115936292457283,0.182,0.179,1,"UBXN2A"
0.374084433358396,0.115835573060115,0.556,0.55,1,"NDUFA6"
0.422604919158766,-0.115637710303527,0.424,0.502,1,"PRNP"
0.965839851286763,0.115622980560852,0.293,0.314,1,"PDCD2"
0.574815088299607,0.115593139044943,0.202,0.184,1,"RETREG2"
0.711590348455363,0.115541506312039,0.202,0.189,1,"LPGAT1"
0.446363796659224,0.115498270340716,0.424,0.425,1,"PDCD6"
0.516707083950516,-0.115401247005561,0.192,0.233,1,"LMF2"
0.944997881816354,0.11521276296413,0.152,0.153,1,"STX2"
0.447103599268955,-0.115200735785627,0.222,0.274,1,"UBE2O"
0.942710272413647,0.115159413073826,0.182,0.191,1,"BTBD6"
0.591060630848886,-0.114990419601111,0.091,0.113,1,"SPTSSA"
0.70019179547781,-0.114943065158446,0.121,0.137,1,"MAPK6"
0.62046474562952,0.11482275978747,0.172,0.203,1,"FBXO3"
0.458425670057002,-0.114794245170391,0.172,0.212,1,"GTF2A1"
0.882333687217912,0.114740650141509,0.343,0.358,1,"USP14"
0.603471742928559,0.114707938739673,0.222,0.208,1,"SIRT7"
0.399980931704378,-0.114687447587406,0.313,0.377,1,"VTI1A"
0.901113521172746,0.114620522761666,0.101,0.111,1,"MCUR1"
0.965540556098676,0.114608512224751,0.232,0.245,1,"NMT1"
0.289095333065958,0.114598641045487,0.697,0.733,1,"MATR3"
0.120079961335301,-0.114500297092333,1,0.993,1,"HLA-C"
0.774610888209895,-0.114323428490917,0.242,0.264,1,"RSBN1"
0.722327974730558,0.114194718005943,0.253,0.245,1,"UPF2"
0.850591439293879,0.114152121038725,0.283,0.292,1,"SLMAP"
0.628480463041531,-0.114065305883179,0.333,0.375,1,"CHST11"
0.536364819537476,-0.114064166315272,0.475,0.531,1,"CELF2"
0.987683846837494,0.113980708185829,0.364,0.408,1,"HIPK1"
0.295924979763903,-0.113774438879321,0.121,0.165,1,"PRKAG2"
0.627421878794967,0.113602710304636,0.323,0.311,1,"AATF"
0.70416740077519,0.113498595792486,0.162,0.191,1,"FAM76B"
0.629185189190066,0.113461413284997,0.101,0.123,1,"TADA2B"
0.177086553515605,-0.113401774440682,0.283,0.382,1,"IDI1"
0.395249020337066,-0.113365504573854,0.111,0.149,1,"ARHGAP1"
0.76289538725834,0.113365140055708,0.364,0.375,1,"PPHLN1"
0.162158266645585,0.113345057364279,0.98,0.998,1,"MT-ATP8"
0.535046411106698,0.113207527875602,0.121,0.099,1,"SNAI3"
0.482245005994368,0.113191953676811,0.515,0.5,1,"CNN2"
0.927575439080192,0.113137425419623,0.394,0.41,1,"SSBP1"
0.601168304951825,-0.113055151665847,0.253,0.3,1,"ZNF24"
0.72905110878835,-0.112983614785655,0.263,0.29,1,"TRIM33"
0.638785722987708,0.112934775832813,0.313,0.363,1,"RHEB"
0.58882497747695,0.112911447728651,0.384,0.377,1,"FXR1"
0.54091260353577,0.112753336193847,0.354,0.333,1,"PPP1R10"
0.496093061477361,-0.11244285011018,0.152,0.189,1,"MOB3A"
0.732433322284066,0.112437781108008,0.101,0.12,1,"NR2C1"
0.990004738580347,0.112358007687653,0.162,0.167,1,"SNX25"
0.054478519690753,-0.11224249289859,1,1,1,"RPS15"
0.531188044402492,-0.112178299697917,0.131,0.163,1,"KDM5C"
0.384708999361801,-0.112177852188745,0.192,0.248,1,"GIGYF2"
0.349281750353097,-0.112094173631546,0.354,0.448,1,"SDHD"
0.849155550956776,-0.112077718303214,0.182,0.191,1,"VPS13D"
0.930127662266732,-0.111997415755545,0.485,0.502,1,"IKZF3"
0.522183632694594,0.111937630884429,0.606,0.618,1,"EIF3L"
0.540273976204678,-0.11187377506324,0.091,0.113,1,"NACC1"
0.490815507848954,0.111787224350814,0.465,0.443,1,"ZYX"
0.947536748298269,-0.111674657848974,0.374,0.387,1,"SERPINB1"
0.994983058785984,-0.111616478037461,0.202,0.205,1,"CUX1"
0.833879896498565,0.111601216082661,0.152,0.163,1,"RNF41"
0.161272234649749,0.111588382989829,0.99,0.986,1,"YWHAZ"
0.584514945089495,-0.111568185024253,0.313,0.361,1,"PURA"
0.955115308108903,-0.111430025170683,0.192,0.193,1,"PCSK7"
0.522124011186058,-0.111428051407762,0.293,0.335,1,"TAOK3"
0.773480838451455,0.111419044397935,0.131,0.146,1,"UTP11"
0.590821802232548,-0.111387142342287,0.162,0.193,1,"ZNF91"
0.21973079713063,-0.111331736249724,0.949,0.974,1,"MT-ND1"
0.640253953757015,-0.111290872086485,0.172,0.205,1,"TRAPPC9"
0.565975454301628,0.111133179347666,0.081,0.104,1,"KLHL9"
0.281322804769038,-0.111125203934185,0.081,0.125,1,"NAT10"
0.692066192339279,0.111116753225064,0.101,0.087,1,"ARHGEF6"
0.281082735069023,-0.110890899885181,0.313,0.389,1,"LYSMD2"
0.882962561158453,-0.110882036661516,0.384,0.389,1,"PRKX"
0.423813706407769,-0.110775533714807,0.283,0.34,1,"SNRPE"
0.554838630227946,0.110689921090332,0.162,0.137,1,"ZUP1"
0.531165958598366,-0.11058134705059,0.192,0.231,1,"RPTOR"
0.839490908221497,0.110381026147158,0.111,0.104,1,"WDTC1"
0.168042918622576,-0.110345207100633,0.859,0.946,1,"HSP90AA1"
0.8237564208898,-0.110321962972641,0.737,0.693,1,"ZFP36L1"
0.521107084928172,-0.110164996389154,0.576,0.672,1,"CAPZB"
0.199389969364262,0.110146614653827,0.909,0.896,1,"MYL12B"
0.96410802135634,0.110135076225872,0.374,0.408,1,"GADD45GIP1"
0.957413328697283,0.110077466339643,0.313,0.335,1,"RNH1"
0.742888159887906,-0.109874723525674,0.162,0.182,1,"ATE1"
0.770546567253809,0.109733273434169,0.121,0.113,1,"APIP"
0.503184210241904,-0.109655707077466,0.131,0.165,1,"DYNC1I2"
0.899948253359966,0.109522355465866,0.283,0.304,1,"CCDC91"
0.454384515045929,0.109513913717384,0.404,0.392,1,"CTR9"
0.981491286055926,0.109508701997137,0.121,0.125,1,"MMGT1"
0.906088912814761,0.10949238258914,0.273,0.29,1,"CHD6"
0.84801244663824,0.109432571915721,0.293,0.295,1,"AHI1"
0.409832567627718,-0.109275533660921,0.192,0.245,1,"CFAP36"
0.855967146730713,0.109227821821027,0.263,0.269,1,"SPPL3"
0.792375207392275,0.109010744943983,0.606,0.649,1,"UQCRH"
0.572148995506218,-0.109007945123274,0.131,0.158,1,"MRPL1"
0.536891104466174,-0.108937005231896,0.455,0.514,1,"NDUFA11"
0.875022047639954,0.108843961549272,0.313,0.316,1,"TAP2"
0.648216151280691,0.108774866094437,0.182,0.165,1,"DECR1"
0.662661295083291,-0.108689229740368,0.404,0.443,1,"GYPC"
0.895550464466994,-0.108667869451636,0.364,0.377,1,"CMC2"
0.757056304802699,0.108641180571345,0.232,0.226,1,"WRNIP1"
0.93221724133266,0.108613576618248,0.273,0.285,1,"KRR1"
0.425101399466651,-0.108567167927936,0.222,0.278,1,"ADIPOR1"
0.731631224468989,-0.108455778869401,0.636,0.63,1,"TAF10"
0.913312833034458,0.108437322253325,0.182,0.184,1,"RABL6"
0.654993256998804,0.108410472907213,0.313,0.3,1,"STT3B"
0.263723796691294,-0.108259022639837,0.131,0.189,1,"SEC22C"
0.894420217576637,0.10823743301247,0.343,0.347,1,"SAFB"
0.590117951429764,-0.108168668518978,0.091,0.113,1,"SMYD2"
0.939552336092804,0.108145126952653,0.263,0.281,1,"RAPGEF2"
0.806582833482611,0.108098995993389,0.303,0.309,1,"MEA1"
0.997079737090106,0.108090495455015,0.283,0.3,1,"TRAPPC3"
0.992781416317427,0.108062508511641,0.343,0.361,1,"ARCN1"
0.750937169327492,-0.107987408735582,0.444,0.425,1,"LINC02446"
0.67221855102022,-0.107909962051481,0.091,0.106,1,"RDX"
0.440919747822439,-0.107889530700032,0.081,0.111,1,"RALGAPA2"
0.300831034548838,-0.107887831959206,0.434,0.547,1,"MTDH"
0.584727373981137,-0.107595303502129,0.162,0.189,1,"LRCH1"
0.59073911016851,-0.107520783381223,0.131,0.158,1,"MLLT10"
0.500450760802308,-0.107374525810868,0.253,0.3,1,"PRXL2C"
0.226596634310461,-0.10736357266465,0.909,0.913,1,"HINT1"
0.450824756592967,0.107105248005669,0.697,0.672,1,"PSMB1"
0.644255108946677,-0.1070586075441,0.192,0.219,1,"NOP2"
0.354642627087777,-0.107055643783657,0.101,0.139,1,"MED11"
0.507570065535322,-0.107023147309758,0.808,0.856,1,"SLC25A6"
0.801618333027597,0.107008078992105,0.172,0.193,1,"TYW1"
0.413862570538834,-0.106976588621621,0.081,0.111,1,"TRIM69"
0.93251195471292,0.106971639816272,0.111,0.111,1,"DVL3"
0.24437093529437,-0.106932608078135,0.677,0.599,1,"S100A4"
0.988942741799425,0.10685642139596,0.141,0.146,1,"LRWD1"
0.872880341762188,0.106840952722377,0.101,0.097,1,"ABHD10"
0.573150018745164,0.106766458315289,0.677,0.7,1,"RBM3"
0.756960243260264,0.106660398170743,0.131,0.12,1,"PEX11B"
0.942908844950655,0.106627615433692,0.212,0.224,1,"PPCS"
0.737303185893256,-0.106473362988851,0.111,0.125,1,"FKBP3"
0.482276452717476,-0.106346640471037,0.677,0.722,1,"SET"
0.981765430470198,0.106343534209315,0.212,0.224,1,"UBR3"
0.846654235676811,-0.106312659815283,0.172,0.163,1,"IFT25"
0.872990135967609,0.106129764258953,0.121,0.118,1,"ZNF100"
0.288505681327965,0.106126001837618,1,0.993,1,"PPIA"
0.959014039587836,0.106029916494092,0.111,0.116,1,"SLC35D2"
0.749223665298541,-0.10579111927337,0.657,0.712,1,"SRRM1"
0.596435039368399,-0.105780029129918,0.202,0.229,1,"FBXW5"
0.675179071138267,0.105761633606536,0.465,0.472,1,"SPSB3"
0.968753755971414,-0.105688377062863,0.182,0.179,1,"LMNB1"
0.689034251528014,0.105595222023454,0.121,0.142,1,"TBCK"
0.943987911791083,0.10558565360431,0.152,0.16,1,"GPATCH2"
0.718821671760428,0.105552300363881,0.172,0.196,1,"ERGIC2"
0.896350698243286,0.105483709095261,0.364,0.401,1,"MLLT3"
0.23718785115979,-0.105426351843457,0.222,0.302,1,"PPTC7"
0.277602581982845,0.105353069621677,0.727,0.679,1,"ISCU"
0.346884943775506,0.105334251457947,0.747,0.71,1,"ATP6V0E1"
0.174514545870772,-0.105235396880413,0.354,0.45,1,"SRRT"
0.442423971767481,0.105144164001451,0.293,0.37,1,"RBM6"
0.413963841532172,-0.105109909728115,0.222,0.274,1,"GNL3"
0.785326587149401,0.104893050748378,0.202,0.2,1,"ENSG00000282885"
0.957962443996325,0.104841657099208,0.495,0.535,1,"TES"
0.489621433280951,0.104824617842289,0.152,0.191,1,"WIPF2"
0.59148543268355,-0.104786170333261,0.081,0.101,1,"ATP6V0E2"
0.75972159725957,0.104563258962751,0.414,0.493,1,"TOP1"
0.801908057462047,-0.104461784442774,0.121,0.132,1,"MFSD5"
0.582488528266936,0.104455920878506,0.313,0.307,1,"TMED5"
0.967373065333144,0.104331632478398,0.212,0.219,1,"CDKN2D"
0.353838959588204,-0.104301155939367,0.818,0.887,1,"EIF3K"
0.165177723720164,-0.104042693119728,0.061,0.111,1,"ZDHHC17"
0.557776813280938,-0.103906267002783,0.293,0.344,1,"UFM1"
0.904018353931267,0.103861337965147,0.283,0.297,1,"SKAP1"
0.0916702645769668,-0.103672229677837,1,1,1,"FAU"
0.619050964066249,0.103606290925287,0.283,0.271,1,"ZC3H12A"
0.926902904557003,0.103588012926664,0.172,0.184,1,"PPP1R7"
0.795495164212611,0.103472185759843,0.273,0.274,1,"USP10"
0.341518788757168,0.103417780041743,0.616,0.587,1,"ERP29"
0.964862933643017,0.103271457742653,0.273,0.288,1,"POR"
0.745626799339483,0.103270094324258,0.323,0.325,1,"FNTA"
0.386939610109589,0.103003559938992,0.535,0.531,1,"ANXA11"
0.64373991973073,0.102999742471536,0.182,0.165,1,"PLCXD2"
0.907931613755333,-0.102908207865873,0.172,0.17,1,"PRR5"
0.864639332715047,-0.102862824977357,0.778,0.776,1,"STK17A"
0.820900591433503,0.102785463960099,0.111,0.106,1,"ELP4"
0.949354118108845,0.102772849895312,0.141,0.149,1,"RHOT2"
0.481180395107596,-0.102695266097676,0.242,0.29,1,"RBM33"
0.393292996914959,-0.102540698346973,0.384,0.458,1,"PHB2"
0.505868792241003,0.102454422570651,0.222,0.198,1,"VPS37A"
0.850736745800506,-0.1023749423697,0.404,0.436,1,"RTN3"
0.86821888170699,0.102367322759231,0.515,0.573,1,"ANKRD44"
0.573228172807641,0.102361137252463,0.434,0.512,1,"NONO"
0.895492797036649,0.102271361377893,0.222,0.243,1,"FBXL3"
0.31403815733723,0.102253415090794,0.667,0.632,1,"TECR"
0.90419824081115,0.102055068391397,0.212,0.212,1,"MCMBP"
0.331376851317959,-0.102038949468138,0.111,0.156,1,"EIF2B4"
0.460177915191622,-0.102024805165804,0.404,0.465,1,"FBXO11"
0.950716856159272,0.101960469389058,0.141,0.144,1,"MGA"
0.792257588605255,0.101903046896768,0.162,0.153,1,"ATG4D"
0.719757161667489,0.101792153032953,0.131,0.12,1,"MCU"
0.977762996469389,0.101789930861813,0.141,0.144,1,"COA6"
0.773959236977301,0.101763051643448,0.253,0.302,1,"MFSD14A"
0.216837050002496,-0.101678488444819,1,0.995,1,"RACK1"
0.562165346539951,-0.101626288696604,0.091,0.113,1,"MICAL1"
0.978378712043776,0.101546232536515,0.475,0.521,1,"PNPLA2"
0.974385999332796,0.101422258563091,0.354,0.368,1,"VPS13C"
0.666095302712727,-0.101288630236458,0.172,0.198,1,"ESD"
0.500580770607968,-0.101196300793589,0.606,0.703,1,"VCP"
0.661580744808947,-0.101195383656046,0.283,0.316,1,"TGIF2"
0.519363672821052,-0.101170647370971,0.333,0.389,1,"ERGIC3"
0.907301961265544,0.101154145933777,0.111,0.12,1,"FAM199X"
0.296478623076135,0.101084017031937,0.505,0.46,1,"AUP1"
0.869620080627469,0.101075073716829,0.192,0.191,1,"TSTD1"
0.783294652254378,-0.101035380772668,0.111,0.123,1,"FBXL12"
0.762676964599691,-0.101028456328436,0.475,0.514,1,"R3HDM4"
0.94978545248324,0.100935811858045,0.162,0.16,1,"TPP1"
0.706479737620658,0.100911921748432,0.343,0.34,1,"ERP44"
0.9376799843048,0.10070039226672,0.263,0.292,1,"VTA1"
0.832996975006717,0.100573016879282,0.141,0.139,1,"CDK5RAP1"
0.753795936790524,0.100531635596491,0.242,0.241,1,"BLTP3B"
0.391720027043191,0.10051480755717,0.475,0.436,1,"RTN4"
0.748377643161696,-0.100449108978419,0.091,0.101,1,"XKR6"
0.730098545151783,0.100367954156805,0.162,0.186,1,"XPOT"
0.672857696543671,0.10036651922091,0.404,0.406,1,"PPP3CC"
0.444379669531327,0.100280477953006,0.111,0.149,1,"CBFA2T2"
0.827739217095964,0.100271477861418,0.131,0.142,1,"PLEKHG2"
0.865406794033051,-0.100268490286196,0.424,0.45,1,"PSMD7"
0.48368042982146,-0.100096073297593,0.636,0.748,1,"HNRNPA0"
0.815773779517939,0.10007748713178,0.808,0.873,1,"IL2RG"
0.991229029846141,0.100071690232725,0.323,0.337,1,"MGST3"
