"p_val","avg_log2FC","pct.1","pct.2","p_val_adj","cluster","gene"
4.68721504723743e-17,3.04595792508661,0.043,0.005,8.81290173181582e-13,"Transitional B","CD109"
1.02152288444108e-16,2.8177989377437,0.054,0.009,1.92066732732612e-12,"Transitional B","TNFRSF21"
7.14468986987716e-32,2.79614256715857,0.109,0.021,1.3433445893343e-27,"Transitional B","IL7R"
5.83543722416033e-09,2.783944347032,0.037,0.01,0.000109717890688663,"Transitional B","AKAP12"
6.49582906513925e-10,2.67617631528878,0.034,0.006,1.22134578082748e-05,"Transitional B","PLCB1"
1.64367846537366e-07,2.63134570422794,0.029,0.007,0.00309044425059555,"Transitional B","ENSG00000235192"
4.29350400779561e-24,2.61249079823875,0.083,0.016,8.0726462354573e-20,"Transitional B","ENSG00000288531"
4.94654270040344e-18,2.59450705247454,0.063,0.012,9.30048958529854e-14,"Transitional B","ENSG00000257275"
1.22777490427852e-10,2.53077048545732,0.036,0.007,2.30846237502448e-06,"Transitional B","PDE9A"
2.60088837399875e-20,2.47668580078694,0.074,0.023,4.89019032079244e-16,"Transitional B","PTPRK"
7.79519567176094e-16,2.36657561507513,0.067,0.016,1.46565269020449e-11,"Transitional B","PALLD"
3.54614268559234e-46,2.32335806584029,0.185,0.043,6.66745747745071e-42,"Transitional B","MAML3"
2.16138619884089e-14,2.29256554546513,0.061,0.015,4.06383833106064e-10,"Transitional B","ZNF704"
5.54004123301801e-139,2.28096009368394,0.478,0.266,1.04163855263205e-134,"Transitional B","ENSG00000235979"
1.01482097341011e-07,2.21819061264416,0.032,0.008,0.00190806639420569,"Transitional B","FADS1"
1.44151460979159e-08,2.19502196423069,0.039,0.011,0.000271033576933016,"Transitional B","TRIM58"
2.3236722709471e-09,2.09136128559878,0.058,0.022,4.36896860383474e-05,"Transitional B","FSTL4"
4.92890105738461e-41,2.08832693902882,0.2,0.056,9.26731976809454e-37,"Transitional B","ENSG00000224610"
1.82525194443517e-10,2.03799279020288,0.05,0.013,3.431838705927e-06,"Transitional B","NOTCH2NLR"
1.4942578851339e-35,1.9886221054077,0.194,0.067,2.80950367562876e-31,"Transitional B","CDK6"
1.3201446123205e-26,1.96186812552603,0.13,0.035,2.48213590008501e-22,"Transitional B","ENSG00000267568"
3.64285876965085e-65,1.95075829947552,0.308,0.09,6.84930305869754e-61,"Transitional B","IKZF2"
9.87007158160353e-21,1.94732575422439,0.162,0.065,1.8557708587731e-16,"Transitional B","IGLL5"
6.10799457198484e-25,1.89228342356442,0.149,0.05,1.14842513942459e-20,"Transitional B","CD38"
2.83958608132068e-30,1.88507639620395,0.026,0.136,5.33898975009914e-26,"Transitional B","IGHG1"
3.13470108228138e-16,1.85164466196363,0.098,0.036,5.89386497490544e-12,"Transitional B","ARRDC4"
7.75515921888448e-09,1.83490303326983,0.034,0.008,0.000145812503633466,"Transitional B","GNA15"
1.43660801958889e-12,1.79020643132435,0.073,0.023,2.70111039843103e-08,"Transitional B","CD5"
1.14000985820875e-13,1.77768963874517,0.088,0.03,2.14344653540409e-09,"Transitional B","GNG4"
2.24589870467089e-23,1.72559022297608,0.149,0.053,4.2227387445222e-19,"Transitional B","ATP6V1C2"
1.05118519362381e-56,1.69946208692935,0.358,0.145,1.97643840105148e-52,"Transitional B","MCTP2"
6.39762607543368e-08,1.66653218982613,0.04,0.012,0.00120288165470304,"Transitional B","BTBD3"
4.01638476084837e-15,1.64688232464011,0.109,0.054,7.5516066273471e-11,"Transitional B","XAF1"
4.97013015040117e-07,1.64432525975862,0.046,0.017,0.00934483870878427,"Transitional B","CNTNAP2"
1.66451984696576e-10,1.62695187567763,0.069,0.024,3.12963021626501e-06,"Transitional B","ENSG00000270659"
2.18950300324401e-52,1.60241584708124,0.38,0.16,4.11670354669938e-48,"Transitional B","TCL1A"
1.39434109185773e-11,1.59615300156511,0.079,0.034,2.62164012091091e-07,"Transitional B","TTYH3"
1.32573333117413e-07,1.57199406191599,0.081,0.043,0.0024926438092736,"Transitional B","KCNH8"
3.42868334478935e-09,1.49694569509809,0.075,0.045,6.44661042487294e-05,"Transitional B","IFI44L"
1.20373571300518e-09,1.48704133325137,0.075,0.029,2.26326388759235e-05,"Transitional B","NSUN7"
1.97476846304552e-07,1.48286870190734,0.061,0.028,0.00371295966421818,"Transitional B","KLHL14"
4.78039482709822e-23,1.46464925373992,0.164,0.06,8.98809835391008e-19,"Transitional B","IL3RA"
2.00078297017565e-30,1.45866415095663,0.245,0.1,3.76187214052425e-26,"Transitional B","ENSG00000287092"
1.43487216884539e-08,1.45374271649857,0.065,0.025,0.00026978466518631,"Transitional B","RGS9"
1.16510884411093e-07,1.41542095297893,0.071,0.032,0.00219063764869738,"Transitional B","ETS2"
4.09149382525058e-10,1.41239407416219,0.095,0.056,7.69282669023615e-06,"Transitional B","ABCA1"
1.07888908261436e-11,1.40202158912117,0.102,0.043,2.02852725313151e-07,"Transitional B","PITPNM2"
1.15349004499854e-06,1.38915749162361,0.074,0.048,0.0216879198260626,"Transitional B","ADARB2"
2.99578362948104e-14,1.3877086692699,0.122,0.05,5.63267238015026e-10,"Transitional B","ARHGAP32"
4.6170133032962e-10,1.37610426563475,0.088,0.036,8.68090841285751e-06,"Transitional B","PSD3"
6.74505946295117e-14,1.37274187629751,0.1,0.037,1.26820608022408e-09,"Transitional B","CABLES1"
7.04301529737157e-09,1.35593883422644,0.063,0.024,0.00013242277362118,"Transitional B","TCL6"
2.18362384657976e-07,1.34739755715723,0.072,0.032,0.00410564955633927,"Transitional B","IGHV4-31"
8.48031141684764e-08,1.33520128728267,0.091,0.049,0.00159446815259569,"Transitional B","GAB1"
2.10144784844303e-43,1.3351920200436,0.49,0.323,3.95114224464259e-39,"Transitional B","FCRL1"
2.6016046356628e-09,1.33264882193458,0.128,0.071,4.8915370359732e-05,"Transitional B","MZB1"
1.5153069820943e-06,1.3165970718661,0.061,0.027,0.0284908018773371,"Transitional B","AEBP1"
8.86296013729716e-13,1.30512333541645,0.117,0.05,1.66641376501461e-08,"Transitional B","MMP7"
5.60095439424986e-09,1.30432238694347,0.093,0.043,0.000105309144520686,"Transitional B","CEP128"
5.21663796797532e-07,1.2633257821561,0.079,0.039,0.00980832270738719,"Transitional B","LINC01374"
1.0348037219423e-07,1.25722261465567,0.051,0.019,0.00194563795799592,"Transitional B","HLA-DRB6"
3.66027527036055e-10,1.2517076910162,0.048,0.036,6.88204956333191e-06,"Transitional B","METTL7A"
9.87812637551063e-15,1.24639325462344,0.171,0.09,1.85728532112351e-10,"Transitional B","CTNNAL1"
4.42144681445258e-34,1.24171574446313,0.399,0.251,8.31320430053374e-30,"Transitional B","CAMK2D"
3.11029141330003e-09,1.22254171884546,0.114,0.067,5.84796991528672e-05,"Transitional B","PIP5K1B"
9.04619991498431e-22,1.19464109264708,0.289,0.173,1.70086650801535e-17,"Transitional B","PAM"
6.63576662631624e-13,1.18627796885005,0.184,0.107,1.24765684107998e-08,"Transitional B","RNF144B"
6.03182602240677e-07,1.17123364409916,0.078,0.045,0.0113410392873292,"Transitional B","ZBP1"
8.44316600182977e-12,1.16655237300946,0.176,0.101,1.58748407166403e-07,"Transitional B","PCDH9"
1.33920727636367e-35,1.16520302761563,0.438,0.3,2.51797752101898e-31,"Transitional B","NIBAN3"
6.62525884816918e-07,1.16346735944407,0.065,0.029,0.0124568116863277,"Transitional B","ENSG00000286153"
1.85276268070722e-15,1.1342114231168,0.159,0.072,3.48356439226571e-11,"Transitional B","CD9"
1.84519881960412e-07,1.12648831189067,0.103,0.061,0.00346934282061967,"Transitional B","ARMH1"
8.64545814243293e-33,1.12244461062937,0.422,0.277,1.62551903994024e-28,"Transitional B","TNFRSF18"
1.71884754212691e-21,1.12003133706702,0.243,0.178,3.23177714870702e-17,"Transitional B","VAV3"
1.88793517255789e-06,1.09803024498089,0.055,0.024,0.0354969571144335,"Transitional B","DNMBP-AS1"
2.7116062374224e-32,1.09788026203197,0.397,0.268,5.09836204760159e-28,"Transitional B","PAX5"
8.35630869017422e-13,1.09688327952632,0.126,0.055,1.57115315992656e-08,"Transitional B","MIR181A1HG"
5.42423078127039e-11,1.09214397466791,0.175,0.106,1.01986387149446e-06,"Transitional B","CERS6"
4.89071000863531e-08,1.08873245510377,0.109,0.06,0.00091955129582361,"Transitional B","HIP1"
3.91571945058928e-07,1.08871393339746,0.077,0.036,0.00736233571099796,"Transitional B","ENSG00000223969"
2.34344804957576e-24,1.08728127184599,0.252,0.118,4.40615102281234e-20,"Transitional B","CRIM1"
2.36312878528874e-07,1.08274807499257,0.098,0.06,0.00444315474209989,"Transitional B","DPEP2"
1.41760187085387e-07,1.08130103419235,0.097,0.049,0.00266537503757945,"Transitional B","SNX9-AS1"
4.74625484369192e-10,1.06580840178902,0.14,0.073,8.92390835710954e-06,"Transitional B","CYTH3"
4.34899341393762e-10,1.06349682656697,0.159,0.094,8.17697741688551e-06,"Transitional B","VPREB3"
3.40989546424448e-12,1.06199976445152,0.092,0.067,6.41128545187247e-08,"Transitional B","TMEM268"
2.30887182269013e-38,1.06108934175256,0.456,0.316,4.34114080102199e-34,"Transitional B","NEIL1"
1.7568546860147e-07,1.05868388113919,0.044,0.036,0.00330323818064483,"Transitional B","FAM111A"
7.44154720067463e-07,1.05277971048615,0.143,0.09,0.0139915970467084,"Transitional B","LIX1-AS1"
9.82468607725757e-11,1.04802215172598,0.077,0.057,1.84723747624597e-06,"Transitional B","ENSG00000251309"
2.55359482934272e-28,1.04615236124605,0.398,0.253,4.80126899813019e-24,"Transitional B","AGPAT5"
1.68870532925883e-06,1.03810053580802,0.089,0.049,0.0317510376007246,"Transitional B","LINC00665"
4.10325664101754e-12,1.03260331627179,0.103,0.045,7.71494313644117e-08,"Transitional B","APBB2"
5.63525262797645e-10,1.03113363973467,0.149,0.088,1.05954019911213e-05,"Transitional B","ADARB1"
1.67662245623371e-08,1.02863873403213,0.081,0.036,0.000315238554221063,"Transitional B","MIR223HG"
5.66973647919594e-07,1.01573177363913,0.077,0.037,0.0106602385281842,"Transitional B","HS3ST3B1"
1.24397568664147e-07,1.00905063682062,0.096,0.048,0.0023389230860233,"Transitional B","HRK"
4.35833960847986e-15,1.00815781003473,0.26,0.159,8.19455013186382e-11,"Transitional B","DPYD"
1.9443097315541e-12,1.00557862906869,0.216,0.152,3.65569115726801e-08,"Transitional B","HDAC9"
4.72446119568663e-20,1.00113531774089,0.29,0.17,8.88293194012999e-16,"Transitional B","MSI2"
4.5853121689646e-09,0.988516974088985,0.138,0.097,8.62130394008725e-05,"Transitional B","ANKAR"
5.33466028425957e-12,0.978640960375832,0.169,0.088,1.00302282664648e-07,"Transitional B","MYBL2"
1.5108000651379e-16,0.970154140068744,0.209,0.152,2.84060628247228e-12,"Transitional B","GRHPR"
1.07118361209496e-24,0.968376385617321,0.429,0.284,2.01403942746095e-20,"Transitional B","DUSP5"
1.52442505802056e-11,0.963065059420134,0.172,0.092,2.86622399409026e-07,"Transitional B","ROR1"
3.79311989849855e-25,0.959882983465267,0.395,0.285,7.13182403315698e-21,"Transitional B","AUTS2"
1.90276357408896e-06,0.953167080012389,0.035,0.029,0.0357757607200207,"Transitional B","SCRN2"
2.38733005356249e-07,0.953148259646876,0.106,0.079,0.00448865796670819,"Transitional B","MOB3B"
9.70250682316647e-09,0.947340573319837,0.106,0.073,0.000182426533289176,"Transitional B","FAM98B"
1.91613903836081e-11,0.944426785024682,0.122,0.057,3.60272461992599e-07,"Transitional B","IGHV3-30"
3.32118958653778e-15,0.941466078005859,0.259,0.152,6.24450066060833e-11,"Transitional B","DNMBP"
4.91362578580588e-12,0.928392284225966,0.221,0.134,9.23859920247222e-08,"Transitional B","L3MBTL4"
1.45673691794834e-17,0.922523372214948,0.445,0.333,2.73895675312647e-13,"Transitional B","ENSG00000289901"
7.08551959353747e-20,0.915849847411251,0.345,0.217,1.33221939397691e-15,"Transitional B","XYLT1"
5.22410209836398e-36,0.915131575635254,0.546,0.408,9.82235676534396e-32,"Transitional B","PLCL2"
3.49380679652332e-08,0.911871727314519,0.021,0.027,0.000656905553882314,"Transitional B","XIST"
6.24808439413824e-60,0.911050159776663,0.681,0.574,1.17476482778587e-55,"Transitional B","CDK14"
4.15052884457301e-12,0.906189550306364,0.136,0.108,7.80382433356618e-08,"Transitional B","SUCLG2"
5.31121126647866e-07,0.892483144535713,0.127,0.084,0.00998613942323318,"Transitional B","TFDP2"
5.44096512994266e-08,0.891526294334241,0.152,0.114,0.00102301026373182,"Transitional B","CALHM6"
2.39827939921557e-11,0.88708014100114,0.208,0.167,4.50924492640511e-07,"Transitional B","MX1"
1.30707342442062e-07,0.886515722365291,0.136,0.086,0.00245755945259566,"Transitional B","FOSL2"
1.10234616440623e-07,0.884630625506075,0.101,0.079,0.00207263125831659,"Transitional B","GAPT"
2.68203184428038e-10,0.88462325715522,0.214,0.14,5.04275627361597e-06,"Transitional B","TNS3"
1.15327317480178e-11,0.88456041193928,0.204,0.132,2.16838422326231e-07,"Transitional B","NBPF26"
3.30674531907293e-48,0.878587573951166,0.693,0.535,6.21734254892092e-44,"Transitional B","ZCCHC7"
4.64081101540607e-08,0.878270940930792,0.087,0.041,0.000872565287116649,"Transitional B","LINC00540"
5.05654209863759e-11,0.871872297604726,0.126,0.099,9.50731045385839e-07,"Transitional B","ENSG00000228655"
3.595227904089e-08,0.868958240893522,0.124,0.091,0.000675974750526815,"Transitional B","C11orf80"
1.78718363960302e-07,0.863834483902443,0.074,0.035,0.00336026267918159,"Transitional B","TCF4-AS1"
6.22374257871551e-11,0.852725661515632,0.193,0.11,1.17018807965009e-06,"Transitional B","HMCES"
7.72486026239959e-07,0.851947552950811,0.1,0.076,0.0145242822653637,"Transitional B","MIR3667HG"
1.23810263502722e-09,0.848676981032831,0.115,0.088,2.32788057437817e-05,"Transitional B","TMLHE"
9.74401302813253e-14,0.846455895472039,0.284,0.175,1.83206932954948e-09,"Transitional B","IGFBP4"
9.66583357719589e-17,0.841855010253021,0.346,0.22,1.81737002918437e-12,"Transitional B","H1-10"
1.05759621850528e-14,0.840396316235663,0.281,0.201,1.98849241003363e-10,"Transitional B","ADAM19"
4.28466130808458e-18,0.839889289808379,0.416,0.291,8.05602019146062e-14,"Transitional B","GABARAPL1"
2.91884347659966e-08,0.839806564051538,0.144,0.081,0.000548800950470267,"Transitional B","NRARP"
2.18327164973142e-34,0.838804637414915,0.579,0.441,4.10498735582502e-30,"Transitional B","RUNX1"
1.84787473097597e-06,0.835471101045631,0.151,0.094,0.0347437406918102,"Transitional B","CCDC200"
6.1490430021467e-26,0.829805899904697,0.532,0.41,1.15614306526362e-21,"Transitional B","CBLB"
5.8210544383752e-21,0.827418392716822,0.441,0.298,1.0944746555033e-16,"Transitional B","IL21R"
3.47518734181882e-07,0.826272633332999,0.21,0.154,0.00653404724008774,"Transitional B","KCNQ5"
1.49951976233387e-56,0.822888886041042,0.841,0.734,2.81939705714014e-52,"Transitional B","AFF3"
1.02068980052544e-07,0.820963778336861,0.172,0.107,0.00191910096294794,"Transitional B","LINC02245"
3.2406794612436e-10,0.818876528270248,0.22,0.141,6.09312552303023e-06,"Transitional B","BAZ2B"
2.08154196574204e-13,0.812504971129718,0.251,0.148,3.91371520398819e-09,"Transitional B","TSPAN13"
1.60939242537979e-07,0.807542898345025,0.101,0.087,0.00302597963819908,"Transitional B","PTPRJ"
9.06666846932934e-24,0.807411646598774,0.433,0.308,1.7047150056033e-19,"Transitional B","UBAC2"
4.90611616204645e-07,0.804051460381553,0.148,0.104,0.00922447960787974,"Transitional B","TCTN1"
1.97577670382363e-16,0.794916938077114,0.315,0.234,3.71485535852918e-12,"Transitional B","SLC9A7"
6.04638127628745e-16,0.793099361622589,0.295,0.174,1.13684060756757e-11,"Transitional B","PDE3B"
8.08722785498335e-17,0.784312442870264,0.444,0.332,1.52056058129397e-12,"Transitional B","SNX29"
3.66137219865175e-30,0.779738842384749,0.536,0.426,6.88411200790502e-26,"Transitional B","UTRN"
8.26583041918511e-10,0.771247365269345,0.181,0.134,1.55414143541518e-05,"Transitional B","LINC01215"
3.55366696405068e-08,0.770533526668819,0.187,0.116,0.000668160462580809,"Transitional B","CD200"
2.99892104029927e-12,0.766040534681172,0.288,0.208,5.63857133997068e-08,"Transitional B","MAP4K3"
5.49603374060108e-08,0.758513933728358,0.158,0.094,0.00103336426390782,"Transitional B","PELI2"
1.47720500664272e-06,0.751666200835571,0.129,0.093,0.0277744085348965,"Transitional B","GPR174"
4.0762055222721e-14,0.750720284436575,0.315,0.238,7.664081622976e-10,"Transitional B","LPP"
3.71045829258096e-25,0.750103155774643,0.56,0.433,6.97640368171073e-21,"Transitional B","GALNT2"
6.37713626157278e-14,0.747082521837342,0.22,0.186,1.19902915990091e-09,"Transitional B","NCF1B"
1.28369190943916e-12,0.740550211618116,0.279,0.213,2.41359752812751e-08,"Transitional B","GSAP"
2.47802432059609e-10,0.739362865295011,0.08,0.072,4.65918132758476e-06,"Transitional B","ZMYND8"
6.65504405549444e-11,0.739274628695203,0.267,0.199,1.25128138331407e-06,"Transitional B","TAPT1"
3.78035640442267e-11,0.73706373949336,0.287,0.196,7.10782611159551e-07,"Transitional B","BCL7A"
4.94691916461325e-07,0.722285942384818,0.083,0.071,0.00930119741330583,"Transitional B","ZNF700"
6.46316575099462e-17,0.721347843824042,0.469,0.397,1.21520442450201e-12,"Transitional B","FCHSD2"
9.41625489019611e-18,0.715959730049351,0.418,0.31,1.77044424445467e-13,"Transitional B","KAT6B"
1.27884195477153e-06,0.713939525237338,0.105,0.089,0.0240447864336143,"Transitional B","CNR2"
1.13288803071474e-13,0.712896463666875,0.319,0.255,2.13005607534985e-09,"Transitional B","GRK3"
1.55777814788423e-11,0.711577922294977,0.346,0.283,2.92893447365194e-07,"Transitional B","ITGA4"
4.88587768472393e-08,0.710887183809791,0.206,0.132,0.000918642722281794,"Transitional B","C1orf162"
1.07370769360023e-13,0.707206047569003,0.36,0.251,2.01878520550716e-09,"Transitional B","BCL6"
1.17610806876884e-06,0.70386887768309,0.147,0.106,0.0221131839089916,"Transitional B","MPZL1"
4.9219259597476e-10,0.701745104072068,0.266,0.216,9.25420518951744e-06,"Transitional B","PLPP5"
4.30325204922395e-12,0.698618790848343,0.177,0.153,8.09097450295087e-08,"Transitional B","PLAC8"
2.60503930964128e-08,0.698377983621318,0.232,0.153,0.000489799490998754,"Transitional B","PKP4"
1.99875328234117e-46,0.694458234367815,0.903,0.828,3.75805592145787e-42,"Transitional B","BACH2"
2.41638967856041e-06,0.688717297578724,0.169,0.132,0.0454329587362929,"Transitional B","EIF2AK2"
2.23577104832112e-06,0.676587458701257,0.152,0.112,0.0420369672505337,"Transitional B","LRIG1"
2.49781773508256e-06,0.674016597773478,0.191,0.136,0.0469639690550222,"Transitional B","KANSL1L"
7.39190512751246e-08,0.666681221734322,0.216,0.169,0.00138982600207489,"Transitional B","RHBDD1"
1.33715237395211e-09,0.665579548756667,0.201,0.154,2.51411389350476e-05,"Transitional B","XPO6"
1.97483840369962e-28,0.664811970433907,0.712,0.583,3.71309116663603e-24,"Transitional B","MTSS1"
1.16179269919434e-13,0.663236694745903,0.441,0.342,2.18440263302521e-09,"Transitional B","JARID2"
8.79412685680129e-11,0.6624142725992,0.234,0.186,1.65347173161578e-06,"Transitional B","VPS41"
2.73670375989268e-09,0.66070621370568,0.253,0.166,5.14555040935022e-05,"Transitional B","PTGER4"
7.20315778117106e-07,0.660509868884011,0.193,0.155,0.0135433772601578,"Transitional B","ENSG00000290680"
1.72950875846597e-11,0.659235365303624,0.358,0.253,3.25182236766771e-07,"Transitional B","ST6GALNAC3"
6.07257928068857e-09,0.657142006985265,0.117,0.105,0.000114176635635506,"Transitional B","OXR1"
1.86704480190477e-11,0.655353737880533,0.269,0.17,3.51041763654135e-07,"Transitional B","SPRY1"
1.71675333159814e-13,0.654475858588557,0.445,0.359,3.22783961407082e-09,"Transitional B","HVCN1"
6.1200676158554e-07,0.651466527996427,0.193,0.126,0.0115069511313313,"Transitional B","EMILIN2"
6.8931156930904e-17,0.64987871515591,0.512,0.425,1.29604361261486e-12,"Transitional B","ATF7IP"
3.37966412403677e-33,0.64744545448518,0.741,0.635,6.35444448601394e-29,"Transitional B","RUBCNL"
1.41317791080845e-12,0.64453529196571,0.417,0.319,2.65705710790206e-08,"Transitional B","SLC49A4"
2.64428382525374e-06,0.643173974850213,0.139,0.086,0.0497178244824209,"Transitional B","MID1IP1"
1.56772210666193e-17,0.64072458592275,0.503,0.381,2.94763110494576e-13,"Transitional B","AFF1"
1.54613493137743e-14,0.639524265552221,0.429,0.341,2.90704289797584e-10,"Transitional B","IL4R"
3.21323724411998e-10,0.638733432520513,0.341,0.256,6.04152866639438e-06,"Transitional B","SYNE2"
4.52483158935136e-09,0.638510426863669,0.133,0.121,8.50758835429843e-05,"Transitional B","ANGPTL1"
6.99879066939105e-24,0.637417954037794,0.73,0.593,1.31591262165891e-19,"Transitional B","IGHM"
2.5797220876456e-07,0.635857294722595,0.044,0.045,0.00485039346919126,"Transitional B","ALG6"
1.34622452805595e-09,0.631774369690948,0.325,0.244,2.53117135765079e-05,"Transitional B","ENSG00000266049"
2.17810828733369e-14,0.631660655015654,0.417,0.335,4.0952792018448e-10,"Transitional B","BANP"
1.07099466215791e-18,0.630454938459933,0.559,0.418,2.0136841637893e-14,"Transitional B","IGHD"
3.95316851905688e-08,0.629562812165232,0.241,0.162,0.000743274744953075,"Transitional B","JUP"
6.70845660826774e-11,0.628078654493967,0.357,0.275,1.2613240114865e-06,"Transitional B","MAN1A1"
3.28821467366349e-25,0.625018282275505,0.634,0.55,6.1825012294221e-21,"Transitional B","ZFAND3"
2.33865359869081e-15,0.624441766136029,0.491,0.382,4.39713649625846e-11,"Transitional B","SMAD3"
1.04026147208686e-09,0.622209733792412,0.162,0.149,1.95589961981771e-05,"Transitional B","TTN"
1.10142866008084e-13,0.621516843747608,0.541,0.492,2.07090616668399e-09,"Transitional B","LINC00926"
4.11476940784936e-08,0.618168296829419,0.075,0.071,0.000773658944063837,"Transitional B","BTN3A1"
3.45687644301854e-07,0.616775298713386,0.068,0.063,0.00649961908816345,"Transitional B","TRIM52"
3.28905054819646e-15,0.615502719861332,0.441,0.348,6.18407284071898e-11,"Transitional B","ADAM10"
1.49545825529933e-06,0.615124075381724,0.208,0.154,0.0281176061161381,"Transitional B","SERPINB9P1"
2.7463945741245e-24,0.611565001851319,0.648,0.569,5.16377107826889e-20,"Transitional B","ARID1B"
2.91079594779013e-08,0.606053178336444,0.223,0.206,0.000547287854103501,"Transitional B","MARCHF1"
1.19236352071655e-10,0.604654563385531,0.346,0.278,2.24188189165127e-06,"Transitional B","EBLN3P"
5.30688226420949e-07,0.600562980604557,0.164,0.131,0.00997800003316667,"Transitional B","MBNL3"
3.38806838332373e-13,0.599811251497576,0.416,0.33,6.37024617432528e-09,"Transitional B","MBNL2"
1.23852361358542e-20,0.597957675149371,0.648,0.557,2.3286720982633e-16,"Transitional B","VPS37B"
3.78042328527641e-07,0.597459715940224,0.208,0.196,0.00710795186097671,"Transitional B","WWOX"
1.23503881392194e-09,0.595419312693798,0.914,0.893,2.32211997793604e-05,"Transitional B","ENSG00000278996"
1.78647856689049e-23,0.595049693643238,0.586,0.511,3.3589370014675e-19,"Transitional B","RERE"
2.55386005083434e-08,0.592729723866999,0.263,0.179,0.000480176766757873,"Transitional B","GPR18"
8.82952470944467e-11,0.591173297680628,0.264,0.225,1.66012723586979e-06,"Transitional B","MAPKAP1"
4.98760433013412e-19,0.589855440767513,0.504,0.428,9.37769366151816e-15,"Transitional B","WDFY2"
2.4076003579836e-08,0.589593446954226,0.231,0.184,0.000452677019308076,"Transitional B","TIMM23B"
1.95540187814769e-08,0.58868745560645,0.295,0.208,0.000367654661129329,"Transitional B","BTLA"
6.8014181606825e-08,0.588302620136649,0.173,0.107,0.00127880264257152,"Transitional B","ACSM1"
9.16083819739892e-13,0.58829734024037,0.454,0.348,1.72242079787494e-08,"Transitional B","KLHL2"
5.55298183977375e-20,0.588179286416425,0.562,0.487,1.04407164551426e-15,"Transitional B","ABLIM1"
8.47106402987198e-08,0.585653504290203,0.24,0.196,0.00159272945889653,"Transitional B","LONP2"
4.4361179971714e-09,0.583245632280806,0.137,0.122,8.34078905828167e-05,"Transitional B","C8orf33"
3.78890197378215e-38,0.579503070988515,0.817,0.718,7.1238934911052e-34,"Transitional B","TMEM123"
3.64279590169715e-13,0.579242012333533,0.491,0.426,6.84918485437098e-09,"Transitional B","UBE2E2"
2.50289758038045e-18,0.576758286921491,0.552,0.457,4.70594803063133e-14,"Transitional B","RRAS2"
2.5240267064764e-06,0.576621803705056,0.259,0.204,0.0474567501351693,"Transitional B","MOB1B"
5.30131262204e-07,0.576131244430102,0.289,0.217,0.00996752799195961,"Transitional B","IRF2"
5.64002131609855e-10,0.575197900848793,0.312,0.258,1.06043680785285e-05,"Transitional B","DDHD1"
1.08234915026838e-08,0.572632014778459,0.285,0.228,0.00020350328723346,"Transitional B","ZNF431"
1.74003803072005e-06,0.572392942519762,0.181,0.118,0.0327161950535984,"Transitional B","KHDRBS3"
5.75764462908313e-13,0.570862359703476,0.435,0.375,1.08255234316021e-08,"Transitional B","MDM4"
1.33262448019147e-06,0.570746784448528,0.262,0.208,0.02505600547656,"Transitional B","STAT4"
6.54767989594972e-07,0.567706039749563,0.259,0.205,0.0123109477403647,"Transitional B","ATP8A1"
1.00335964060201e-09,0.567267733244312,0.449,0.36,1.8865167962599e-05,"Transitional B","GBP4"
1.26362314597985e-06,0.56600895563826,0.27,0.207,0.0237586423907131,"Transitional B","ENSG00000290928"
2.00320256615598e-29,0.565125729628567,0.854,0.777,3.76642146488648e-25,"Transitional B","SMCHD1"
6.87097127602567e-14,0.561583171641219,0.218,0.206,1.29188001931835e-09,"Transitional B","ARHGAP17"
7.07762691320752e-11,0.561389743137844,0.359,0.291,1.33073541222128e-06,"Transitional B","UMAD1"
3.1817311069341e-20,0.56121220300229,0.648,0.529,5.98229082725749e-16,"Transitional B","LYST"
1.1825593476504e-08,0.560624372808441,0.221,0.196,0.000222344808545228,"Transitional B","RAD51B"
4.81202878627265e-11,0.559358907248271,0.364,0.288,9.04757652394983e-07,"Transitional B","ATAD2B"
5.10944423675845e-08,0.556517313275638,0.317,0.238,0.000960677705395323,"Transitional B","C16orf74"
2.30928937934716e-19,0.555269211569929,0.66,0.565,4.34192589104854e-15,"Transitional B","PRKCE"
2.73305507800779e-08,0.554441960261751,0.332,0.245,0.000513869015767025,"Transitional B","PDE4A"
1.91909372225449e-10,0.552269682217272,0.389,0.328,3.60828001658289e-06,"Transitional B","BBX"
1.22755786559593e-07,0.549819100712131,0.262,0.211,0.00230805429889347,"Transitional B","ABCB7"
1.14414835317443e-11,0.54909945356855,0.379,0.31,2.15122773363856e-07,"Transitional B","DGKD"
5.07279830055e-46,0.547597591792524,0.944,0.88,9.53787536469411e-42,"Transitional B","FOXP1"
3.50670831413995e-10,0.547327449098492,0.408,0.348,6.59331297224594e-06,"Transitional B","ITPR1"
4.73700569407831e-08,0.547100301366452,0.206,0.174,0.000890651810600604,"Transitional B","TYW1"
3.18925933683521e-18,0.545648757652071,0.657,0.574,5.99644540511757e-14,"Transitional B","HLA-DRB5"
1.2027216723154e-13,0.545607318093676,0.38,0.335,2.26135728828741e-09,"Transitional B","NOTCH2"
5.78329309321254e-12,0.544604395264418,0.433,0.392,1.08737476738582e-07,"Transitional B","CMTM7"
1.0659724517839e-11,0.543525418448864,0.477,0.376,2.00424140384408e-07,"Transitional B","H1-2"
1.23208420087061e-11,0.542974217955927,0.389,0.334,2.31656471447692e-07,"Transitional B","RIC1"
1.51914521563734e-08,0.542612774670829,0.388,0.318,0.000285629683444133,"Transitional B","ABCG1"
6.12133095725776e-14,0.542048403148662,0.461,0.387,1.1509326465836e-09,"Transitional B","RRP7A"
1.30371669189403e-10,0.53877717923875,0.494,0.421,2.45124812409915e-06,"Transitional B","SSBP2"
9.67573634507632e-12,0.530819196908819,0.456,0.356,1.81923194760125e-07,"Transitional B","PAK1"
4.64720133381822e-10,0.53000678286529,0.402,0.32,8.73766794784501e-06,"Transitional B","PSME4"
7.76489084625619e-08,0.529284326582993,0.323,0.254,0.00145995477691309,"Transitional B","ICOSLG"
5.10722260086232e-10,0.529111571203607,0.189,0.177,9.60259993414133e-06,"Transitional B","R3HDM1"
2.72626778084215e-10,0.527100324417946,0.326,0.288,5.1259286815394e-06,"Transitional B","MICAL3"
5.53578021194936e-13,0.524876313453289,0.373,0.336,1.04083739545072e-08,"Transitional B","ITFG1"
5.5788117333517e-28,0.523186492983491,0.81,0.747,1.04892818210479e-23,"Transitional B","PLEKHG1"
1.55122571587699e-08,0.518896948770345,0.317,0.271,0.000291661459099193,"Transitional B","ENSG00000290192"
5.32485068738191e-07,0.518507075469332,0.299,0.238,0.0100117842624155,"Transitional B","BTG1-DT"
5.56567546022851e-12,0.518444024443169,0.522,0.432,1.04645830003216e-07,"Transitional B","MGAT5"
4.79799731786864e-16,0.517452149258586,0.598,0.621,9.02119455705661e-12,"Transitional B","RALGPS2"
4.19474208828972e-13,0.517298219034014,0.461,0.401,7.88695407440232e-09,"Transitional B","TMEM131L"
4.70840983208446e-10,0.517264447799039,0.391,0.323,8.8527521662852e-06,"Transitional B","VPS13A"
1.31458142476889e-06,0.516333200511471,0.263,0.235,0.0247167599485047,"Transitional B","BICD1"
1.55271123322013e-07,0.51595116734251,0.369,0.312,0.00291940766070049,"Transitional B","BCL11A"
1.50428880466187e-22,0.506998866414778,0.754,0.702,2.82836381052525e-18,"Transitional B","EBF1"
8.35056033700071e-14,0.50659917460022,0.592,0.489,1.57007235456287e-09,"Transitional B","MARCHF3"
9.123500293524e-07,0.506081144667923,0.137,0.124,0.0171540052518838,"Transitional B","PEX14"
2.47767575588113e-18,0.504641378225771,0.674,0.572,4.65852595620769e-14,"Transitional B","EIF2AK3"
1.09992448610926e-10,0.504243069250338,0.475,0.375,2.06807801878263e-06,"Transitional B","ZNF331"
9.22061744366854e-09,0.504042047351692,0.48,0.386,0.000173366049175856,"Transitional B","SELL"
3.44855033729414e-07,0.4963262435766,0.288,0.256,0.00648396434418045,"Transitional B","AP3B1"
1.10068535146766e-06,0.494854186557786,0.307,0.25,0.0206950859782949,"Transitional B","STAP1"
5.51845094927788e-08,0.494840991402567,0.336,0.289,0.00103757914748323,"Transitional B","FAM172A"
2.32321726621466e-12,0.494364225818867,0.458,0.391,4.3681131039368e-08,"Transitional B","TRIM22"
1.74666230888989e-12,0.492975810740709,0.52,0.457,3.28407447317478e-08,"Transitional B","OGA"
1.42673057734208e-20,0.491118657039402,0.732,0.672,2.68253883151858e-16,"Transitional B","MAP4K4"
4.15346077253816e-10,0.490816971085007,0.439,0.363,7.80933694452625e-06,"Transitional B","TBL1X"
8.0793027278789e-22,0.488268928474511,0.665,0.596,1.51907049889579e-17,"Transitional B","ANKRD11"
5.20324551923854e-07,0.485732218630861,0.339,0.272,0.0097831422252723,"Transitional B","STT3B"
7.30020627452306e-07,0.48559728395,0.36,0.279,0.0137258478373583,"Transitional B","C12orf42"
1.85461718626971e-08,0.483194175434433,0.409,0.34,0.000348705123362431,"Transitional B","LINC01619"
3.65135798811734e-16,0.482381152662634,0.589,0.524,6.86528328925822e-12,"Transitional B","FOXO1"
1.70921894029332e-07,0.482330632728042,0.363,0.334,0.00321367345153949,"Transitional B","IKZF1"
1.53580693066402e-22,0.480567548043822,0.717,0.654,2.88762419103448e-18,"Transitional B","RB1"
5.34119635520043e-07,0.479954959200972,0.277,0.234,0.0100425173870479,"Transitional B","RASGRP1"
3.53387994580953e-22,0.479214399420952,0.784,0.729,6.64440107411108e-18,"Transitional B","TCF4"
9.07685013667598e-07,0.477671128028505,0.195,0.17,0.0170662936269782,"Transitional B","GAR1"
1.55409665317485e-06,0.477629139715499,0.299,0.249,0.0292201252729935,"Transitional B","RCN2"
3.17093436432666e-10,0.476605701128519,0.378,0.34,5.96199079180699e-06,"Transitional B","RBM26"
4.85642346554644e-08,0.475454094134564,0.195,0.198,0.000913104739992042,"Transitional B","FAM30A"
2.77947157306866e-27,0.474097401873551,0.832,0.78,5.22596245168369e-23,"Transitional B","SNX9"
1.06573956062919e-07,0.473798113164397,0.31,0.274,0.00200380352189501,"Transitional B","USP6NL"
1.11873942055806e-09,0.47301906647173,0.472,0.409,2.10345385853326e-05,"Transitional B","ALOX5"
5.43349508012885e-08,0.471630453490799,0.232,0.217,0.00102160574496583,"Transitional B","FLI1"
1.56687003454673e-21,0.470737067954501,0.724,0.639,2.94602903895477e-17,"Transitional B","HMGN2"
3.36166726356498e-07,0.467778486327064,0.317,0.273,0.00632060678895487,"Transitional B","CSGALNACT2"
8.26125269938012e-12,0.46748503883808,0.547,0.496,1.55328073253745e-07,"Transitional B","ERBIN"
7.75410459819456e-10,0.466142019733973,0.546,0.529,1.45792674655254e-05,"Transitional B","ARHGAP15"
1.41968416783651e-06,0.465012240246393,0.149,0.138,0.0266929017236621,"Transitional B","ATG13"
4.31310981694946e-07,0.464261961685738,0.253,0.219,0.00810950907782838,"Transitional B","SEC63"
7.86993297479947e-12,0.463323703671077,0.551,0.459,1.4797047979218e-07,"Transitional B","CLEC17A"
1.80375977308704e-23,0.463120490091297,0.826,0.738,3.39142912535826e-19,"Transitional B","CLEC2D"
5.91599101630677e-10,0.462413395047167,0.332,0.305,1.112324630886e-05,"Transitional B","STIM2"
2.33073977261056e-09,0.461565907684311,0.172,0.166,4.38225692046238e-05,"Transitional B","MAP3K5"
1.31896231045435e-07,0.460819694022205,0.037,0.047,0.00247991293611627,"Transitional B","ZNF860"
4.14187507035271e-08,0.459582943634175,0.057,0.06,0.000778755350727716,"Transitional B","STX10"
3.82333955793012e-07,0.458355096644176,0.366,0.317,0.00718864303682021,"Transitional B","CSNK1G3"
4.84018247444526e-07,0.456556837731825,0.363,0.311,0.00910051108845197,"Transitional B","PIK3R1"
7.31717691446001e-10,0.455051251821828,0.415,0.396,1.37577560345677e-05,"Transitional B","TBC1D5"
7.47179957430706e-07,0.454401840976921,0.423,0.349,0.0140484775596121,"Transitional B","TMEM156"
7.68976698487683e-12,0.453118280812451,0.129,0.135,1.44582998849654e-07,"Transitional B","UNC93B1"
4.5293715776459e-21,0.452190969891671,0.805,0.757,8.51612444028982e-17,"Transitional B","LYN"
4.49321507882822e-13,0.451751934701154,0.558,0.506,8.44814299121281e-09,"Transitional B","STRBP"
1.60367032173756e-08,0.449599598679141,0.475,0.409,0.000301522093893095,"Transitional B","SIPA1L3"
7.47315270627882e-08,0.446823155701116,0.122,0.124,0.00140510217183454,"Transitional B","MCM9"
8.64986536883785e-10,0.44600723594951,0.528,0.463,1.62634768664889e-05,"Transitional B","CHST11"
1.12880200605041e-07,0.443198375027693,0.44,0.372,0.00212237353177597,"Transitional B","NCK2"
1.68103301283855e-14,0.442578858876676,0.699,0.621,3.16067827073904e-10,"Transitional B","RCSD1"
1.06716377674923e-11,0.441972598736945,0.527,0.456,2.0064813330439e-07,"Transitional B","WHAMM"
1.20789404010236e-07,0.441385227243908,0.439,0.39,0.00227108237420046,"Transitional B","SPTBN1"
5.53445864799571e-10,0.441224737958217,0.39,0.349,1.04058891499615e-05,"Transitional B","PKN2"
4.49864725289473e-07,0.441152825193081,0.429,0.369,0.00845835656489266,"Transitional B","MIS18BP1"
3.16498341042983e-07,0.441042870936746,0.459,0.413,0.00595080180829017,"Transitional B","SP110"
6.32828125600523e-07,0.437982629053409,0.354,0.297,0.011898434417541,"Transitional B","MACROH2A1"
5.12850743978547e-11,0.436053045906163,0.419,0.305,9.64261968828464e-07,"Transitional B","ACSM3"
2.10077390548988e-06,0.435837699834453,0.286,0.244,0.0394987509710207,"Transitional B","ELP2"
6.79712979262851e-23,0.433032068787265,0.691,0.675,1.27799634361001e-18,"Transitional B","GNA13"
1.58672737713886e-07,0.432955696202503,0.296,0.265,0.00298336481449649,"Transitional B","GNA12"
7.03319250871549e-10,0.431916036805751,0.3,0.292,1.32238085548869e-05,"Transitional B","ADD3"
1.66695794920478e-08,0.431454154814131,0.315,0.281,0.000313421433609482,"Transitional B","CDK11A"
2.92941978532919e-07,0.431321701591437,0.395,0.351,0.00550789508037595,"Transitional B","P2RY8"
1.17896691083584e-09,0.427368674391635,0.401,0.357,2.21669358575355e-05,"Transitional B","ATP11B"
1.95191463373556e-10,0.42426959642835,0.548,0.548,3.6699898943496e-06,"Transitional B","PRKCB"
3.51010547133948e-08,0.423482423072667,0.558,0.481,0.000659970030721249,"Transitional B","LDLRAD4"
2.4404016119591e-08,0.423108831291282,0.489,0.416,0.00045884431108055,"Transitional B","FADS3"
1.78290541335512e-07,0.418102399465345,0.456,0.41,0.0033522187581903,"Transitional B","SMIM14"
2.52186869471246e-06,0.417576627704644,0.422,0.37,0.0474161751979836,"Transitional B","BEST1"
2.69651801714667e-09,0.416850419969863,0.521,0.461,5.06999317583916e-05,"Transitional B","PAN3"
1.58963363707354e-13,0.416360763489771,0.665,0.621,2.98882916442566e-09,"Transitional B","MANBA"
3.85659968471519e-12,0.415730786131879,0.579,0.52,7.25117872720151e-08,"Transitional B","CTNNB1"
1.04667474309235e-06,0.414573195878475,0.412,0.35,0.0196795785196224,"Transitional B","DIP2B"
1.30244583140066e-08,0.413881620091601,0.323,0.295,0.000244885865219951,"Transitional B","WDR43"
5.10495799539722e-08,0.413094280124355,0.464,0.406,0.000959834202294586,"Transitional B","FAM3C"
1.35440854758144e-07,0.410997895382245,0.377,0.333,0.00254655895116263,"Transitional B","CNST"
7.9936456458098e-08,0.40957464183982,0.375,0.339,0.00150296525432516,"Transitional B","PHKB"
3.44608909459659e-07,0.407390316093791,0.19,0.201,0.00647933671566051,"Transitional B","IFITM1"
3.81651044234668e-07,0.404214297344699,0.343,0.314,0.00717580293370022,"Transitional B","SNX25"
3.22101866254197e-09,0.395827843621401,0.541,0.452,6.05615928931142e-05,"Transitional B","SESTD1"
1.45808790339298e-06,0.395255659850291,0.342,0.318,0.0274149687595949,"Transitional B","CYBB"
2.77516082515743e-07,0.394531885528776,0.404,0.358,0.005217857383461,"Transitional B","DMXL1"
5.57002243948161e-08,0.391857768877826,0.148,0.162,0.00104727561907133,"Transitional B","STEAP1B"
6.18776716338191e-09,0.391424331446784,0.486,0.427,0.000116342398205907,"Transitional B","SMARCC1"
6.33285755992787e-08,0.39037265954274,0.433,0.392,0.00119070387841764,"Transitional B","KANSL1"
7.62048019889588e-12,0.389855290539827,0.627,0.581,1.4328026869964e-07,"Transitional B","DDX6"
2.01981888967041e-12,0.389437984092435,0.547,0.511,3.7976634763583e-08,"Transitional B","RBM17"
1.71156078129411e-06,0.388231920686643,0.468,0.401,0.0321807658098918,"Transitional B","HIP1R"
8.94467515852543e-11,0.386969846171801,0.647,0.596,1.68177782330595e-06,"Transitional B","ZSWIM6"
5.82064732011122e-09,0.38604413253775,0.351,0.352,0.000109439810912731,"Transitional B","CELF2"
1.5382307025849e-08,0.385631281751968,0.412,0.383,0.000289218136700013,"Transitional B","ZRANB2"
1.46437781600077e-10,0.385229141302578,0.484,0.446,2.75332316964465e-06,"Transitional B","OGT"
1.85196644906993e-06,0.384760822128489,0.423,0.373,0.0348206731754128,"Transitional B","PHC3"
6.73201486053155e-07,0.382831682715759,0.31,0.294,0.0126575343407714,"Transitional B","PTEN"
8.67592161829089e-07,0.382758698426034,0.355,0.332,0.0163124678267105,"Transitional B","STAT1"
4.10152825949468e-08,0.381590998115731,0.55,0.461,0.000771169343350191,"Transitional B","COL19A1"
3.3246277648983e-15,0.381145839641422,0.807,0.727,6.25096512356179e-11,"Transitional B","YBX3"
3.4642729851184e-08,0.379145448750923,0.433,0.393,0.000651352606661962,"Transitional B","TET2"
4.42314494752579e-09,0.378830915501752,0.438,0.405,8.31639713033799e-05,"Transitional B","SMC6"
3.75659857479415e-07,0.377122373348883,0.484,0.419,0.00706315664032796,"Transitional B","TNFAIP8"
6.14519846027442e-07,0.37656274537832,0.185,0.184,0.011554202145008,"Transitional B","CRTC3"
3.19672649144217e-08,0.376271428199133,0.55,0.509,0.000601048514920957,"Transitional B","PDE7A"
6.44696490090786e-13,0.370220527085846,0.716,0.699,1.2121583406687e-08,"Transitional B","ADK"
6.59049629587618e-07,0.368409003475857,0.355,0.341,0.0123914511355064,"Transitional B","LRBA"
3.94173399031369e-09,0.364315820068187,0.539,0.503,7.41124824858779e-05,"Transitional B","PLEKHA2"
3.94858468608592e-07,0.363698232095029,0.269,0.264,0.00742412892677875,"Transitional B","RNGTT"
1.79458737236281e-07,0.363074062241144,0.383,0.347,0.00337418317751655,"Transitional B","DENR"
1.62862794889763e-08,0.362827511814578,0.587,0.531,0.000306214626951732,"Transitional B","ZHX2"
2.29836820291531e-06,0.361749308191744,0.359,0.339,0.0432139189512137,"Transitional B","SOS1"
1.31923460378961e-09,0.361520234488817,0.398,0.391,2.48042490204522e-05,"Transitional B","IQSEC1"
3.84647688391e-09,0.361129090993604,0.52,0.478,7.23214583712759e-05,"Transitional B","PHF3"
1.74514476610382e-06,0.360480720654574,0.299,0.277,0.0328122118922841,"Transitional B","OSBP"
1.01426445468873e-10,0.357785405058615,0.563,0.533,1.90702002770575e-06,"Transitional B","TRA2A"
1.64898254966728e-15,0.355131138012513,0.786,0.735,3.10041698988443e-11,"Transitional B","RFTN1"
8.88524959249469e-08,0.353027741018107,0.355,0.33,0.00167060462838085,"Transitional B","ANAPC5"
2.33266345342499e-06,0.352281036891611,0.126,0.135,0.0438587382512967,"Transitional B","CAMKMT"
2.54868120735627e-07,0.351749791561938,0.304,0.304,0.00479203040607126,"Transitional B","TXNRD1"
1.2039401465441e-06,0.351717239376295,0.469,0.438,0.0226364826353221,"Transitional B","PARP15"
1.58066813243224e-07,0.351473191934888,0.533,0.474,0.0029719722225991,"Transitional B","PIK3CA"
8.2071600981538e-11,0.351022074046672,0.568,0.546,1.54311024165488e-06,"Transitional B","ECE1"
9.80948139821547e-09,0.350707402792416,0.511,0.488,0.000184437869249247,"Transitional B","TCF12"
2.49555319973139e-06,0.349308857011251,0.062,0.066,0.0469213912613496,"Transitional B","AGK"
7.68699958977230e-10,0.349286234810359,0.723,0.659,1.44530966286899e-05,"Transitional B","EML4"
7.03009539932551e-09,0.348025346312353,0.659,0.597,0.000132179853698118,"Transitional B","HIF1A"
2.80398256916754e-11,0.345296150356115,0.49,0.47,5.2720480265488e-07,"Transitional B","COP1"
7.40483925462592e-13,0.345032883595529,0.657,0.737,1.39225787665477e-08,"Transitional B","BANK1"
1.20026439632078e-08,0.344538987306863,0.476,0.448,0.000225673711796234,"Transitional B","GRK5"
2.55225050742856e-11,0.343720004668709,0.56,0.53,4.79874140406717e-07,"Transitional B","SETD2"
1.49196020747648e-06,0.343380821514655,0.298,0.276,0.0280518358209728,"Transitional B","ATR"
2.20709295694959e-07,0.343152119807944,0.485,0.455,0.00414977617765662,"Transitional B","ELL2"
1.59998679186096e-10,0.341279404731776,0.634,0.58,3.00829516605697e-06,"Transitional B","HNRNPL"
8.91521425632642e-07,0.340983137932642,0.214,0.208,0.0167623858447449,"Transitional B","BLTP1"
1.42293427413942e-06,0.337501472233665,0.567,0.5,0.0267540102223694,"Transitional B","INPP5A"
5.44449073403012e-12,0.337094005409642,0.625,0.588,1.02367314781234e-07,"Transitional B","AGO2"
2.34257079610416e-06,0.331230067277773,0.514,0.463,0.0440450161083503,"Transitional B","XRN1"
1.13604653466543e-14,0.330925196974457,0.686,0.675,2.13599469447795e-10,"Transitional B","SLC3A2"
3.50574430707803e-07,0.33071923004783,0.579,0.52,0.00659150044616811,"Transitional B","RAB30"
4.43676248328555e-09,0.330581335805219,0.705,0.659,8.34200082107349e-05,"Transitional B","TGFBR2"
1.48729062505928e-06,0.326081218181731,0.544,0.498,0.0279640383323646,"Transitional B","PRPF4B"
1.3257891483418e-11,0.325490369236084,0.727,0.695,2.49274875671224e-07,"Transitional B","BPTF"
8.38059010798615e-07,0.32371893847994,0.162,0.162,0.0157571855210356,"Transitional B","DOP1A"
1.00800440537462e-06,0.322083832350361,0.415,0.394,0.0189524988298536,"Transitional B","NUDT3"
3.95385675456791e-10,0.321484503442072,0.68,0.651,7.43404146993859e-06,"Transitional B","SRSF5"
5.07878725692878e-09,0.320528969482943,0.616,0.591,9.54913580047748e-05,"Transitional B","MYCBP2"
1.40939549890381e-06,0.320380345698567,0.461,0.434,0.0264994541703895,"Transitional B","ZNF638"
7.02397043830706e-07,0.320283131582194,0.509,0.501,0.0132064692181049,"Transitional B","PPP3CA"
1.42069165776962e-08,0.319459187609765,0.579,0.565,0.000267118445493844,"Transitional B","TNRC6B"
6.08037397711394e-07,0.3190265043949,0.489,0.455,0.0114323191517696,"Transitional B","RBM6"
2.86595656865137e-16,0.317168083990345,0.882,0.882,5.38857154037831e-12,"Transitional B","NFKB1"
1.49959424445703e-07,0.316837770075684,0.189,0.193,0.00281953709842811,"Transitional B","CLASRP"
3.05839312225328e-07,0.315986797529481,0.204,0.224,0.00575039074846061,"Transitional B","SETBP1"
2.06394658823308e-16,0.315781488020983,0.927,0.936,3.88063237519584e-12,"Transitional B","ZFP36L1"
1.63101742087087e-08,0.310307157542961,0.527,0.526,0.000306663895472141,"Transitional B","PACS1"
1.53975922591258e-08,0.30766731276149,0.458,0.44,0.000289505529656083,"Transitional B","PUM1"
5.49538304055193e-07,0.304410919755875,0.574,0.55,0.0103324191928457,"Transitional B","MED13L"
6.17082724435348e-09,0.302998610821067,0.201,0.22,0.000116023893848334,"Transitional B","CCND3"
3.06694119435228e-09,0.302977974680204,0.116,0.125,5.76646283362116e-05,"Transitional B","BTN3A2"
1.13588382395928e-06,0.299784517384443,0.145,0.156,0.0213568876580823,"Transitional B","KIAA0040"
4.45083766003707e-09,0.299343168575578,0.682,0.642,8.3684649684017e-05,"Transitional B","DLEU2"
1.71127090195956e-07,0.297119759449183,0.438,0.424,0.00321753154986436,"Transitional B","FRYL"
8.29439827127238e-09,0.296197265695036,0.084,0.102,0.000155951276296463,"Transitional B","LRRK2"
3.2985141133722e-08,0.296153761686575,0.823,0.81,0.000620186623596241,"Transitional B","MBNL1"
1.70960719257597e-07,0.296074044515819,0.546,0.518,0.00321440344348134,"Transitional B","USP47"
4.27819693664996e-07,0.295382603727967,0.474,0.458,0.00804386588028926,"Transitional B","TTC17"
5.72025991182444e-07,0.295016508724346,0.376,0.381,0.0107552326862123,"Transitional B","VPS13B"
2.20142594663053e-06,0.293456128523343,0.082,0.095,0.0413912106485473,"Transitional B","RIGI"
8.25137013156126e-10,0.291951228531474,0.528,0.526,1.55142261213615e-05,"Transitional B","RAPGEF6"
2.0887221679021e-10,0.289690011784638,0.768,0.722,3.92721542008953e-06,"Transitional B","RHOH"
1.82964021065148e-12,0.289648484742187,0.926,0.909,3.4400895240669e-08,"Transitional B","MS4A1"
1.67302681421607e-10,0.288865640310306,0.629,0.613,3.14562501608905e-06,"Transitional B","ARGLU1"
1.31852158737277e-11,0.287836899796708,0.762,0.738,2.47908428857828e-07,"Transitional B","ITM2B"
7.89533793272176e-07,0.287603827205046,0.641,0.593,0.0148448143811035,"Transitional B","BMP2K"
4.00669079372502e-10,0.287553225164094,0.742,0.745,7.53338003036178e-06,"Transitional B","HSP90B1"
9.61193029618064e-10,0.276251970845213,0.774,0.741,1.80723513428788e-05,"Transitional B","CIRBP"
1.82759275837195e-06,0.276186969447727,0.543,0.509,0.0343623990429093,"Transitional B","SP140"
1.24699580621038e-07,0.276104723071794,0.279,0.28,0.00234460151483675,"Transitional B","ARAP2"
4.48927678653644e-07,0.273388443196051,0.15,0.159,0.00844073821404582,"Transitional B","NBAS"
5.86263380151809e-08,0.271942841939946,0.793,0.768,0.00110229240736143,"Transitional B","BIRC3"
4.24674633608285e-08,0.265778288472614,0.624,0.594,0.000798473246110297,"Transitional B","ANAPC16"
4.65012196660459e-09,0.264763499989056,0.988,0.999,8.74315932160995e-05,"Transitional B","FTH1"
5.12105290154315e-08,0.259014422983981,0.49,0.486,0.000962860366548142,"Transitional B","VAMP2"
7.24145199697112e-10,0.257679809930339,0.778,0.75,1.36153780447051e-05,"Transitional B","SSH2"
2.05660834517195e-06,0.257620548591556,0.465,0.448,0.038668350105923,"Transitional B","HERC1"
5.15604213223802e-07,0.257046927439192,0.64,0.619,0.00969439041703393,"Transitional B","N4BP2L2"
2.54906118127225e-06,0.256812332301738,0.668,0.656,0.0479274483302809,"Transitional B","SMAP2"
3.69419787272495e-12,0.256731121518976,0.763,0.785,6.94583084029745e-08,"Transitional B","MYH9"
1.37680387415264e-06,0.254331224709401,0.553,0.525,0.0258866664418179,"Transitional B","PDS5A"
2.2415448430678e-06,0.251619711728074,0.627,0.614,0.0421455261393607,"Transitional B","ASH1L"
4.65103411308478e-08,0.251051425265977,0.133,0.147,0.0008744874339422,"Transitional B","NME3"
4.70016616442328e-09,0.250548316955446,0.862,0.84,8.83725242234865e-05,"Transitional B","SP100"
2.96130875870635e-37,3.00607775416668,0.058,0.007,5.56785272811969e-33,"Naive B","ENSG00000263551"
1.6682644253393e-10,2.89182041102234,0.022,0.006,3.13667077252296e-06,"Naive B","ID1"
6.97958593130067e-08,2.69023198831031,0.027,0.013,0.00131230174680315,"Naive B","HSPA6"
1.86679766163311e-69,2.47750400040767,0.148,0.035,3.50995296340258e-65,"Naive B","DSP"
1.27048956573762e-11,2.18016845640167,0.027,0.006,2.38877448149988e-07,"Naive B","SLC38A11"
3.21558688813417e-12,2.15941525850032,0.028,0.006,6.04594646706987e-08,"Naive B","LCN8"
1.36090350455462e-38,2.10370098650298,0.242,0.203,2.5587707692636e-34,"Naive B","DNAJB1"
1.05794796437082e-12,2.02630815969421,0.036,0.011,1.98915376261002e-08,"Naive B","TUNAR"
7.98095474944373e-42,2.02010851658301,0.155,0.173,1.50057911199041e-37,"Naive B","HSPA1B"
3.98568742073133e-42,2.00533332775129,0.134,0.152,7.49388948845905e-38,"Naive B","HSPA1A"
1.65122639340701e-23,1.97040687120074,0.08,0.034,3.10463586488386e-19,"Naive B","HSPA2"
3.44732299486124e-07,1.84332733019981,0.026,0.011,0.00648165669493811,"Naive B","GADD45G"
2.02549201381321e-13,1.81585346341477,0.042,0.014,3.8083300843716e-09,"Naive B","ZDHHC19"
2.2313921560651e-27,1.80916196792553,0.084,0.025,4.19546353183361e-23,"Naive B","KCNG1"
2.6731059183858e-33,1.7488577719519,0.319,0.298,5.02597374774899e-29,"Naive B","FOS"
1.63765576056141e-08,1.71492846312784,0.027,0.011,0.000307912036100756,"Naive B","CASP4LP"
1.46018695700755e-10,1.70054969700623,0.037,0.018,2.7454435165656e-06,"Naive B","RND1"
2.42827289084526e-09,1.66675990768306,0.033,0.011,4.56563868936726e-05,"Naive B","KRT18"
6.30295768556331e-21,1.62613870808024,0.093,0.044,1.18508210403961e-16,"Naive B","CA2"
1.76984964233834e-30,1.61638404993522,0.112,0.044,3.32767129752454e-26,"Naive B","CNN3"
3.10806331853725e-10,1.60597059474113,0.037,0.014,5.84378065151374e-06,"Naive B","CHI3L2"
7.32365018880633e-08,1.59744007480668,0.025,0.011,0.00137699270849937,"Naive B","C8orf88"
6.94197375126438e-13,1.59528229626514,0.053,0.022,1.30522990471273e-08,"Naive B","ENSG00000289340"
1.64474587079666e-10,1.55629062008333,0.031,0.015,3.09245118627189e-06,"Naive B","NCR3LG1"
1.70053746604936e-10,1.53838805668389,0.048,0.023,3.197350543666e-06,"Naive B","KLF4"
1.71228570522306e-13,1.51604274029995,0.069,0.049,3.21943958296039e-09,"Naive B","BAG3"
1.98778200414406e-09,1.47291604464277,0.03,0.01,3.73742772419167e-05,"Naive B","ST8SIA1"
3.19967223450925e-08,1.46525827600811,0.033,0.015,0.00060160237353243,"Naive B","COL1A1"
1.49983581591769e-16,1.44876873851392,0.081,0.039,2.81999130108845e-12,"Naive B","PHLDB2"
4.91744934672583e-10,1.439430865615,0.047,0.021,9.2457882617139e-06,"Naive B","ZBTB16"
1.90684961005073e-08,1.40706397575946,0.033,0.015,0.000358525863681738,"Naive B","ZNF853"
7.56855822981748e-19,1.36019083740835,0.096,0.045,1.42304031837028e-14,"Naive B","SERPINE2"
3.55494638423364e-11,1.3582784627641,0.063,0.03,6.6840101916361e-07,"Naive B","IL6"
8.14592807277804e-16,1.35341659027921,0.074,0.031,1.53159739624373e-11,"Naive B","GNG8"
1.03586499023192e-06,1.34926249191205,0.029,0.017,0.0194763335463406,"Naive B","TNFRSF10D"
2.08484997958346e-21,1.33805243915212,0.118,0.061,3.91993493161282e-17,"Naive B","CD9"
6.13329215103496e-148,1.33223650068533,0.566,0.276,1.15318159023759e-143,"Naive B","FCER2"
3.78743644659172e-32,1.33091298783551,0.161,0.072,7.12113800688176e-28,"Naive B","INSR"
3.4498732093926e-41,1.31879313395231,0.427,0.34,6.48645160829996e-37,"Naive B","GADD45B"
5.50009856529275e-07,1.30873756794996,0.027,0.015,0.0103412853224634,"Naive B","NMNAT3"
7.94844360526114e-07,1.29674251820347,0.035,0.016,0.014944663666612,"Naive B","DIPK1B"
3.44865205827014e-59,1.28994787780306,0.427,0.325,6.48415559995952e-55,"Naive B","CHMP1B"
4.04001360722768e-23,1.26757270000311,0.127,0.063,7.59603358430948e-19,"Naive B","SATB1-AS1"
5.87961137768339e-08,1.25907531067971,0.045,0.027,0.00110548453123203,"Naive B","PLK2"
1.03309441398039e-08,1.25757838864143,0.043,0.023,0.000194242411716592,"Naive B","HAPLN3"
2.06279547651839e-06,1.25431518985653,0.035,0.018,0.0387846805494987,"Naive B","TUFT1"
5.59059579682368e-46,1.25354508626666,0.266,0.138,1.05114382171879e-41,"Naive B","PDE3B"
4.1428285099797e-20,1.24496706036414,0.111,0.061,7.78934616446382e-16,"Naive B","SCML1"
6.59501198562209e-55,1.2370235003799,0.302,0.162,1.23999415353666e-50,"Naive B","SLC39A8"
2.61837898356787e-17,1.22840301902511,0.118,0.07,4.92307616490431e-13,"Naive B","NRARP"
1.17581358909769e-08,1.20967860477752,0.051,0.026,0.000221076471022147,"Naive B","GPR155"
8.1671487762758e-07,1.20683794713142,0.038,0.02,0.0153558731291538,"Naive B","RFX5-AS1"
1.62421997974739e-45,1.19002948994283,0.267,0.145,3.05385840592104e-41,"Naive B","SATB1"
7.14689225964834e-51,1.18916338175681,0.268,0.125,1.34375868265908e-46,"Naive B","SPRY1"
1.35539387292993e-12,1.18596334155305,0.083,0.042,2.54841155988285e-08,"Naive B","MMP7"
3.30215761762524e-175,1.18543316458994,0.849,0.682,6.20871675265898e-171,"Naive B","JUN"
5.73251703456988e-124,1.17713139841629,0.62,0.37,1.07782785283983e-119,"Naive B","COL19A1"
9.37806978915462e-30,1.17669691260471,0.176,0.09,1.76326468175685e-25,"Naive B","CD200"
1.18061960498889e-08,1.17276314540773,0.062,0.035,0.000221980098130012,"Naive B","IGHV1-69D"
1.95183998902048e-07,1.17256276603698,0.042,0.02,0.00366984954735631,"Naive B","TCL6"
9.73233137287003e-41,1.16960871088535,0.259,0.142,1.82987294472702e-36,"Naive B","IGFBP4"
3.00863595334848e-91,1.16771158925854,0.523,0.313,5.65683731948581e-87,"Naive B","SELL"
4.04369562789122e-08,1.16428021500654,0.046,0.024,0.000760295651956107,"Naive B","NAV2"
1.64969633126055e-06,1.16346943659757,0.041,0.021,0.0310175904203609,"Naive B","ENSG00000290013"
5.17105420078142e-28,1.1597920338985,0.145,0.064,9.72261610830922e-24,"Naive B","LIX1-AS1"
1.53234538399988e-08,1.15471125411649,0.049,0.031,0.000288111579099658,"Naive B","TXNDC16"
8.44204940923928e-35,1.13729916406122,0.304,0.273,1.58727412992517e-30,"Naive B","FOSB"
3.79948319574914e-13,1.12508735303909,0.043,0.014,7.14378830464753e-09,"Naive B","XIST"
1.14882852055433e-06,1.12477054801753,0.031,0.02,0.0216002738434625,"Naive B","GNAL"
2.54637815698888e-15,1.11642392082914,0.1,0.053,4.7877002107705e-11,"Naive B","ENSG00000289974"
3.72943166070367e-28,1.09370508716256,0.192,0.119,7.01207740845504e-24,"Naive B","TPST1"
2.76741938531337e-20,1.09224139623166,0.136,0.073,5.2033019282662e-16,"Naive B","ZNF667-AS1"
1.21647138516362e-06,1.09104184580965,0.036,0.023,0.0228720949838464,"Naive B","USP7-AS1"
2.63054183519929e-11,1.08535512998732,0.072,0.041,4.94594475854171e-07,"Naive B","ELAPOR2"
4.49182789869641e-12,1.08073781950276,0.069,0.041,8.44553481512899e-08,"Naive B","APBB2"
6.77293273434063e-39,1.05977210757417,0.265,0.15,1.27344681271073e-34,"Naive B","CTNND1"
9.49751537498667e-09,1.05068091456714,0.063,0.036,0.000178572284080499,"Naive B","FOXP1-AS1"
1.75288324191161e-47,1.04845758836628,0.305,0.192,3.2957710714422e-43,"Naive B","PIK3IP1"
6.49243647500124e-29,1.02707842875056,0.217,0.121,1.22070790602973e-24,"Naive B","ABCB1"
9.04903706611604e-44,1.02269546223768,0.419,0.46,1.70139994917114e-39,"Naive B","DUSP1"
3.60957983167806e-15,1.02070904008003,0.115,0.068,6.78673199952108e-11,"Naive B","RETREG1"
2.44151215534165e-11,1.0157641975243,0.067,0.044,4.59053115447337e-07,"Naive B","IL23A"
6.44625068253427e-29,1.00345319410591,0.18,0.14,1.21202405333009e-24,"Naive B","DEDD2"
8.37057218579661e-14,1.00131069759301,0.099,0.059,1.57383498237348e-09,"Naive B","TIMP2"
3.93205011886791e-09,0.994163475727988,0.064,0.047,7.39304063349544e-05,"Naive B","DNAJA4"
1.94949179017006e-08,0.988944760347001,0.037,0.026,0.000366543446387774,"Naive B","ENSG00000229502"
1.18766056647193e-18,0.988180287683019,0.151,0.092,2.23303939708053e-14,"Naive B","RNF24"
1.20851221856826e-11,0.988022406141539,0.089,0.055,2.27224467335204e-07,"Naive B","IGF1R"
6.63101550541159e-16,0.98499739261414,0.109,0.074,1.24676353532749e-11,"Naive B","IRS2"
2.59283217840433e-07,0.972932047116215,0.051,0.033,0.00487504306183582,"Naive B","TCF4-AS1"
1.20205339331642e-29,0.969694661098662,0.175,0.175,2.26010079011354e-25,"Naive B","ZFAND2A"
1.94490869608522e-18,0.968969656949369,0.189,0.123,3.65681733037943e-14,"Naive B","AREG"
1.1648827473448e-17,0.968475969167356,0.148,0.094,2.19021254155769e-13,"Naive B","ACSM1"
8.63063598875508e-24,0.962412283689416,0.189,0.109,1.62273217860573e-19,"Naive B","C1orf162"
2.34489385453529e-106,0.960894438286808,0.692,0.512,4.40886942529725e-102,"Naive B","ZEB1"
6.43939250050524e-07,0.960163825791547,0.053,0.031,0.01210734577945,"Naive B","S1PR1-DT"
3.53645834063676e-10,0.948427573044738,0.072,0.048,6.64924897206524e-06,"Naive B","NIPAL4"
6.44055616170202e-10,0.943041310776554,0.084,0.046,1.21095336952321e-05,"Naive B","SLC12A7"
1.22638401186731e-06,0.942749511771877,0.06,0.036,0.0230584721911292,"Naive B","PRCD"
3.11094811916928e-60,0.938192294917622,0.466,0.307,5.84920465366208e-56,"Naive B","GBP4"
8.58834938436011e-24,0.93145540620666,0.213,0.13,1.61478145124739e-19,"Naive B","PKP4"
1.86188981244796e-24,0.930392523137264,0.215,0.138,3.50072522536466e-20,"Naive B","LSR"
7.21122720367328e-08,0.928690096155449,0.029,0.023,0.00135585493883465,"Naive B","ENSG00000235066"
3.73534585594754e-68,0.923354565862578,0.491,0.476,7.02319727835256e-64,"Naive B","HSPH1"
7.51078820079174e-07,0.921730795947185,0.05,0.031,0.0141217839751286,"Naive B","ENSG00000250075"
7.47878098782235e-14,0.917338421137207,0.059,0.045,1.40616040133036e-09,"Naive B","POC1B-AS1"
2.61147466953462e-38,0.912328182845994,0.269,0.199,4.910094673659e-34,"Naive B","ENSG00000285639"
2.46198934720672e-22,0.909878368321566,0.206,0.131,4.62903237061807e-18,"Naive B","TSPAN13"
2.45228981716754e-11,0.909064580320851,0.081,0.054,4.6107953142384e-07,"Naive B","UBE2Q2P2"
2.21497424557821e-23,0.908438139836975,0.099,0.077,4.16459457653614e-19,"Naive B","ZNF669"
1.42420863642623e-10,0.906068918747947,0.096,0.06,2.6777970782086e-06,"Naive B","SLC2A5"
6.85616203933024e-50,0.901187022054995,0.62,0.605,1.28909558663487e-45,"Naive B","DNAJA1"
3.0019271976482e-09,0.900049982490674,0.044,0.033,5.64422351701814e-05,"Naive B","ENSG00000290796"
1.49580868836067e-08,0.899642573843701,0.08,0.046,0.000281241949585573,"Naive B","ARHGAP32"
9.65366258406279e-07,0.898544239369489,0.025,0.018,0.0181508163905549,"Naive B","CHTF18"
9.98738227334665e-07,0.890572800566609,0.043,0.033,0.0187782761503464,"Naive B","ENSG00000289872"
4.43913178836731e-10,0.880842716440295,0.087,0.061,8.34645558848822e-06,"Naive B","ARG2"
6.39072761393469e-11,0.878491829280933,0.093,0.068,1.201584605972e-06,"Naive B","ENSG00000272009"
6.20898037204097e-11,0.876152847014509,0.101,0.064,1.16741248955114e-06,"Naive B","TANC2"
3.35062771545246e-116,0.869455120609463,0.769,0.566,6.29985023059372e-112,"Naive B","RUBCNL"
6.36081471322418e-12,0.867559465100995,0.128,0.085,1.19596038238041e-07,"Naive B","PELI2"
2.20814253021405e-22,0.865634958716674,0.292,0.199,4.15174958530846e-18,"Naive B","H1-10"
3.26947659327314e-11,0.864444425612438,0.104,0.076,6.14726989067216e-07,"Naive B","H2BC18"
1.38429355839688e-07,0.861111295965236,0.061,0.056,0.00260274874849781,"Naive B","IGHV4-59"
8.89322817325984e-170,0.85986728343254,0.949,0.884,1.67210476113631e-165,"Naive B","CD55"
7.5926165650364e-70,0.852815479901688,0.572,0.39,1.42756376655814e-65,"Naive B","SPOCK2"
4.4137172415783e-140,0.849062508676371,0.833,0.661,8.29867115761551e-136,"Naive B","TMEM123"
1.66310920096797e-08,0.848035865059912,0.074,0.067,0.000312697791965998,"Naive B","ENSG00000289341"
5.24713952830029e-10,0.842847838720843,0.077,0.06,9.86567174111021e-06,"Naive B","DNAJB4"
4.44531976091522e-12,0.841331668980457,0.093,0.066,8.3580902144728e-08,"Naive B","KCNA3"
4.74428322293968e-08,0.840306364581562,0.066,0.046,0.000892020131577118,"Naive B","HOMER2"
4.39798021397672e-40,0.836794846410357,0.352,0.255,8.26908239831903e-36,"Naive B","ZBTB10"
7.30937206807505e-08,0.836349235285451,0.092,0.062,0.00137430813623947,"Naive B","IL3RA"
6.19775094740099e-37,0.835042919866693,0.401,0.264,1.16530113313033e-32,"Naive B","ACSM3"
4.33503038441494e-18,0.833714601194285,0.139,0.097,8.15072412877697e-14,"Naive B","SH2D3A"
2.76718028666966e-65,0.83234430327425,0.554,0.402,5.2028523749963e-61,"Naive B","SESTD1"
8.01616241188172e-16,0.830329163885865,0.173,0.111,1.507198856682e-11,"Naive B","CRIM1"
2.45435875719143e-06,0.828306690676031,0.045,0.031,0.0461468533527133,"Naive B","STOM"
4.26181495035071e-52,0.825062174404719,0.499,0.349,8.01306446964941e-48,"Naive B","STMN1"
1.19978438524031e-34,0.82010251199152,0.35,0.327,2.25583460112883e-30,"Naive B","UBE2S"
4.47433261476555e-08,0.816938285530987,0.026,0.022,0.000841264018228218,"Naive B","HLA-DRB6"
2.27932421300419e-30,0.813936664826359,0.258,0.144,4.28558538529048e-26,"Naive B","TCL1A"
5.21458446771121e-24,0.813258628385402,0.188,0.148,9.80446171619062e-20,"Naive B","ZDBF2"
6.90367944381438e-08,0.811504218106322,0.061,0.043,0.00129802980902598,"Naive B","ENSG00000287382"
7.12033623893081e-07,0.809012129583722,0.032,0.025,0.0133876561964377,"Naive B","ENSG00000290689"
1.11141724291127e-12,0.804157827199182,0.14,0.092,2.08968670012177e-08,"Naive B","C1orf112"
5.16746352574397e-07,0.803062869755251,0.064,0.049,0.0097158649211038,"Naive B","PCAT1"
4.26755246999618e-40,0.802805108221141,0.431,0.343,8.02385215408681e-36,"Naive B","TNFAIP3"
9.58522527218907e-26,0.798814179046191,0.263,0.195,1.80221405567699e-21,"Naive B","PLPP5"
4.22604439860209e-38,0.7903739322991,0.3,0.228,7.94580867825164e-34,"Naive B","CD59"
1.16793257069253e-10,0.790139275193233,0.105,0.072,2.1959468194161e-06,"Naive B","SGK3"
5.47168040048446e-47,0.787279521708831,0.538,0.418,1.02878534889909e-42,"Naive B","FILIP1L"
1.28649076686082e-09,0.786744209666064,0.076,0.058,2.41885993985172e-05,"Naive B","MAMLD1"
1.81166794933634e-32,0.782611224472774,0.31,0.222,3.4062980783422e-28,"Naive B","STAP1"
7.34227391163293e-23,0.782076778837712,0.224,0.159,1.38049434086522e-18,"Naive B","IL6ST"
2.51681319552785e-08,0.779241227395956,0.072,0.063,0.000473211217023146,"Naive B","IGHV4-39"
1.38740866062959e-60,0.778420134307453,0.57,0.486,2.60860576371576e-56,"Naive B","TAMALIN"
5.67605450009266e-25,0.777105442472193,0.273,0.183,1.06721176710742e-20,"Naive B","BTLA"
6.61439819929063e-19,0.77575777179709,0.206,0.142,1.24363914943062e-14,"Naive B","TSPAN5"
6.11502216228728e-12,0.775729018511357,0.1,0.071,1.14974646695325e-07,"Naive B","TBC1D16"
2.53695947273388e-41,0.775678779207326,0.296,0.281,4.76999120063424e-37,"Naive B","MRPL18"
2.00474064996569e-10,0.764743376225221,0.148,0.101,3.76931337006549e-06,"Naive B","ENSG00000287092"
3.04378408475134e-07,0.764483536595527,0.059,0.045,0.00572292283614947,"Naive B","SHF"
7.61066569030232e-28,0.763046047322219,0.316,0.229,1.43095736309064e-23,"Naive B","SC5D"
3.39861759946006e-12,0.760981324637894,0.087,0.065,6.39008081050481e-08,"Naive B","LINC01135"
9.4409774268505e-10,0.755625778087497,0.097,0.071,1.77509257579643e-05,"Naive B","PHLDB3"
1.51256734550476e-10,0.748689955905101,0.122,0.088,2.84392912301805e-06,"Naive B","ENSG00000277855"
2.80470088305656e-11,0.747228502701501,0.129,0.102,5.27339860032295e-07,"Naive B","GBP5"
1.4421965408475e-38,0.744291120651789,0.387,0.285,2.71161793610147e-34,"Naive B","ITPKB"
6.01328844367307e-07,0.742813196324603,0.028,0.023,0.0113061849317941,"Naive B","NKD1"
3.96491065164023e-08,0.741189858801625,0.048,0.039,0.000745482500721396,"Naive B","SIRPA"
2.39589616529512e-62,0.741044022609914,0.646,0.519,4.50476396998788e-58,"Naive B","MARCKSL1"
1.14124877856996e-40,0.738210498057122,0.528,0.383,2.14577595346723e-36,"Naive B","CLEC2B"
1.21090332666482e-08,0.729061611055829,0.093,0.065,0.00022767404347952,"Naive B","ENSG00000284977"
7.35620194933123e-20,0.726560257002189,0.261,0.212,1.38311309051326e-15,"Naive B","H1-3"
1.93320139745283e-22,0.726458322440009,0.215,0.177,3.63480526749082e-18,"Naive B","PER1"
2.76994789048506e-41,0.723705299748563,0.42,0.296,5.20805602369001e-37,"Naive B","SNX29"
2.02366412647279e-14,0.72264116175505,0.166,0.104,3.80489329059413e-10,"Naive B","KHDRBS2"
2.15067343132204e-64,0.719573308303946,0.838,0.73,4.0436961855717e-60,"Naive B","CD69"
9.0652511808177e-25,0.718158296575201,0.209,0.173,1.70444852701734e-20,"Naive B","ZNF10"
1.82382401519076e-23,0.715026923495728,0.194,0.151,3.42915391336166e-19,"Naive B","SREBF1"
5.12553734571707e-44,0.713542857266033,0.469,0.346,9.63703531741723e-40,"Naive B","SMAD3"
7.92220114403338e-09,0.708404112770226,0.1,0.06,0.000148953225910116,"Naive B","ENSG00000224610"
2.94613797435483e-12,0.706069082941389,0.151,0.097,5.53932861938195e-08,"Naive B","CALHM6"
1.16958762691542e-08,0.705447867422275,0.068,0.052,0.000219905865612637,"Naive B","GTF2IRD2"
4.70138153711736e-08,0.704795375494601,0.065,0.054,0.000883953756608806,"Naive B","ENSG00000253736"
1.67136912145681e-08,0.704483861215811,0.033,0.028,0.00031425082221631,"Naive B","ENSG00000267523"
3.85934216911324e-19,0.695836588224395,0.229,0.163,7.25633514636671e-15,"Naive B","APP"
2.56237489295268e-23,0.695384958616009,0.142,0.13,4.81777727372963e-19,"Naive B","ETV3"
4.12805328841951e-54,0.694234462675755,0.597,0.437,7.76156579288637e-50,"Naive B","MARCHF3"
9.86045993395996e-22,0.693713522862687,0.204,0.187,1.85396367678315e-17,"Naive B","H2AX"
2.74329546762228e-10,0.690016294002146,0.152,0.11,5.15794413822341e-06,"Naive B","KHDRBS3"
3.51308498918212e-10,0.689450144353793,0.05,0.043,6.60530239666022e-06,"Naive B","TRMT12"
1.13653997091267e-11,0.684441399385746,0.102,0.084,2.13692245331e-07,"Naive B","ENSG00000272256"
4.5435549627921e-25,0.680208974725227,0.371,0.264,8.54279204104172e-21,"Naive B","GABARAPL1"
9.29404678091659e-08,0.679559573498122,0.058,0.047,0.00174746667574794,"Naive B","H2BC11"
1.38551411739502e-10,0.678074437198628,0.094,0.076,2.60504364352611e-06,"Naive B","BAIAP2"
3.41169908626269e-15,0.677233066467989,0.061,0.058,6.41467662199111e-11,"Naive B","DUSP8"
1.59083993827565e-20,0.674497098001746,0.879,0.906,2.99109725194588e-16,"Naive B","HSP90AA1"
1.48519049322692e-17,0.669133265121462,0.123,0.11,2.79245516536525e-13,"Naive B","ARL5B"
4.88021022193085e-35,0.668908492887378,0.423,0.333,9.17577125927438e-31,"Naive B","PAK1"
9.20658245311179e-43,0.665293847213781,0.619,0.535,1.73102163283408e-38,"Naive B","VPS37B"
1.5463041144761e-08,0.662259950032013,0.072,0.057,0.000290736099603795,"Naive B","LINC00339"
1.03259085495073e-06,0.659799741305237,0.036,0.029,0.0194147732547837,"Naive B","ENSG00000286458"
1.94780493404808e-17,0.659254176109367,0.164,0.132,3.6622628369972e-13,"Naive B","ENSG00000256152"
2.12578238722058e-10,0.656964229457777,0.083,0.066,3.99689604445214e-06,"Naive B","MIR497HG"
1.85204356295637e-21,0.655061712910968,0.21,0.172,3.48221230707057e-17,"Naive B","STAM"
1.74422981893429e-18,0.652947406870564,0.159,0.126,3.27950090556026e-14,"Naive B","BEX4"
1.11840477839802e-43,0.647927316843881,0.637,0.555,2.10282466434396e-39,"Naive B","H1-4"
6.45819152141251e-08,0.647581224702118,0.084,0.05,0.00121426916985598,"Naive B","CD38"
1.34155257482989e-155,0.645231972577325,0.995,0.958,2.52238715119516e-151,"Naive B","CD83"
5.34747452458755e-27,0.644038630482753,0.297,0.246,1.00543216011295e-22,"Naive B","FAM117A"
7.53448082149451e-09,0.64360582246523,0.086,0.084,0.00014166330840574,"Naive B","HES1"
1.08068163549316e-26,0.640952412025383,0.382,0.301,2.03189761105424e-22,"Naive B","PIM1"
3.65393840234266e-11,0.637583432847864,0.179,0.124,6.87013498408467e-07,"Naive B","L3MBTL4"
8.71509864900483e-09,0.636726134325248,0.148,0.101,0.000163861284798589,"Naive B","IKZF2"
2.29387959196714e-25,0.636528361436338,0.306,0.248,4.31295240881662e-21,"Naive B","C9orf72"
1.0397938407498e-18,0.634338096297289,0.296,0.23,1.95502037937778e-14,"Naive B","PDE4A"
2.14249529330242e-40,0.628157161257156,0.536,0.472,4.02831965046721e-36,"Naive B","PALM2AKAP2"
2.37767563296888e-20,0.626725410300065,0.415,0.37,4.4705057251081e-16,"Naive B","ZNF331"
1.27785335271894e-25,0.625642209544263,0.439,0.356,2.40261987378215e-21,"Naive B","H1-2"
1.61344637915673e-45,0.624156335357339,0.642,0.566,3.03360188209048e-41,"Naive B","UBALD2"
1.50085841518619e-08,0.623985607183817,0.076,0.067,0.000282191399223307,"Naive B","TBC1D22A-DT"
5.13492351223961e-11,0.623909242442759,0.108,0.089,9.65468318771292e-07,"Naive B","FAM53C"
4.18981860156415e-13,0.61913000375204,0.175,0.136,7.87769693466092e-09,"Naive B","CRY1"
1.71833902311238e-12,0.618057098074536,0.132,0.116,3.2308210312559e-08,"Naive B","ENSG00000285976"
2.21764745025224e-32,0.617952175810352,0.379,0.307,4.16962073596425e-28,"Naive B","LTA4H"
9.65074714814334e-19,0.617815194140516,0.295,0.241,1.81453347879391e-14,"Naive B","ARL4C"
4.1469199771443e-32,0.616629730718116,0.309,0.258,7.79703894102671e-28,"Naive B","RRM2B"
3.02660396898989e-107,0.615453643985952,0.961,0.917,5.69062078249479e-103,"Naive B","ZFP36L1"
2.1338106655892e-26,0.61398535885699,0.354,0.284,4.01199081344081e-22,"Naive B","GPX1"
3.17233440530913e-27,0.605295448878506,0.366,0.288,5.96462314886223e-23,"Naive B","NRIP1"
8.12048163039523e-13,0.603600812402281,0.14,0.113,1.52681295614691e-08,"Naive B","SH3YL1"
6.96017420806637e-08,0.601906141643354,0.087,0.068,0.00130865195460064,"Naive B","ARL11"
3.74284906649377e-16,0.601859084961889,0.206,0.172,7.03730481482158e-12,"Naive B","PRR7"
1.1706216760463e-37,0.600262418617039,0.495,0.424,2.20100287530225e-33,"Naive B","TSPAN33"
3.64591611934215e-19,0.599972578441563,0.162,0.158,6.85505148758711e-15,"Naive B","TIPARP"
1.17876405796005e-24,0.597665167861725,0.388,0.285,2.21631218177649e-20,"Naive B","ABCG1"
8.0681708547036e-07,0.596775376956799,0.065,0.053,0.0151697748410137,"Naive B","ZCWPW1"
4.9988954127664e-34,0.595231748294109,0.401,0.339,9.39892315508338e-30,"Naive B","LINC01138"
3.63255682566671e-11,0.594244016182354,0.118,0.094,6.82993334361855e-07,"Naive B","CCDC117"
5.43476621130264e-82,0.594209875075978,0.838,0.686,1.02184474304912e-77,"Naive B","AFF3"
2.8541280016444e-116,0.591438062198179,0.872,0.644,5.3663314686918e-112,"Naive B","YBX3"
3.62786410657242e-10,0.590885784189972,0.11,0.091,6.82111009317747e-06,"Naive B","BNIP3"
4.09512224347457e-22,0.590377069569951,0.27,0.253,7.69964884218088e-18,"Naive B","H2AC6"
8.93104806684025e-43,0.585691449933007,0.515,0.431,1.6792156575273e-38,"Naive B","WHAMM"
3.34653270475048e-40,0.585654079030803,0.41,0.351,6.29215079147185e-36,"Naive B","TBC1D1"
6.69986512502798e-33,0.584958589972616,0.495,0.434,1.25970864080776e-28,"Naive B","ELL2"
4.3096927478836e-13,0.584484134021956,0.209,0.148,8.10308430457074e-09,"Naive B","DPYD"
4.94349558517249e-16,0.58407578139329,0.128,0.115,9.29476039924132e-12,"Naive B","ZNF165"
1.61369707245335e-54,0.583988093419681,0.665,0.576,3.03407323562678e-50,"Naive B","C12orf57"
3.35964046177658e-16,0.582609362495579,0.277,0.205,6.31679599623233e-12,"Naive B","XYLT1"
6.08217807082956e-09,0.581163781697048,0.065,0.056,0.000114357112087737,"Naive B","TMEM63B"
1.79015080678965e-07,0.580779384680554,0.067,0.056,0.0033658415469259,"Naive B","BDH2"
1.27355613372294e-162,0.579909123829227,0.994,0.947,2.39454024262586e-158,"Naive B","CXCR4"
1.55566010953406e-07,0.578962460868639,0.046,0.041,0.00292495213794594,"Naive B","MATN1-AS1"
2.82731904834916e-28,0.578165536819584,0.398,0.322,5.31592527470608e-24,"Naive B","IL4R"
8.34289002544699e-13,0.577823300355091,0.091,0.079,1.56863018258454e-08,"Naive B","ENSG00000183308"
1.29874984771342e-28,0.576868390422095,0.479,0.392,2.44190946367078e-24,"Naive B","S1PR1"
2.23884229616329e-28,0.576049421509986,0.41,0.354,4.20947128524622e-24,"Naive B","BEST1"
9.84859783425323e-07,0.573292766899533,0.101,0.092,0.0185173336479629,"Naive B","GADD45A"
1.28482790541047e-26,0.572920771290456,0.287,0.282,2.41573342775276e-22,"Naive B","SERTAD1"
3.81626107093531e-11,0.567461319786032,0.138,0.115,7.17533406557257e-07,"Naive B","SESN1"
4.13689664773886e-46,0.566917958547157,0.598,0.53,7.77819307707861e-42,"Naive B","ARRDC2"
1.00512873118253e-26,0.566596039072494,0.411,0.366,1.8898430403694e-22,"Naive B","PIM2"
1.09807372092495e-66,0.566463942465522,0.815,0.717,2.06459821008309e-62,"Naive B","STK17A"
5.33773001954403e-40,0.563012347830425,0.628,0.618,1.00359999827467e-35,"Naive B","SLC2A3"
8.03703965519282e-28,0.562581378776481,0.489,0.382,1.51112419596935e-23,"Naive B","FADS3"
7.95244272272352e-07,0.561479999967578,0.054,0.047,0.0149521828072648,"Naive B","CEP19"
1.45515413409306e-07,0.56010705668964,0.084,0.068,0.00273598080292178,"Naive B","TRAF3IP2"
2.145033542468e-06,0.559716899388636,0.052,0.046,0.0403309206654834,"Naive B","GCSAM"
6.08932652481989e-11,0.559540505414807,0.064,0.057,1.14491517319664e-06,"Naive B","GAREM1"
2.63028413298854e-21,0.559503838079463,0.279,0.23,4.94546022684506e-17,"Naive B","TLR1"
9.38523364115064e-12,0.556551153626979,0.182,0.145,1.76461162920914e-07,"Naive B","YPEL2"
3.94514194639619e-08,0.552034486755303,0.081,0.069,0.000741765588761411,"Naive B","ENSG00000258623"
5.42249154478771e-42,0.550838248431966,0.556,0.498,1.01953686025099e-37,"Naive B","C17orf49"
5.73688502717497e-09,0.55037697208614,0.158,0.119,0.000107864912280944,"Naive B","ZNF318"
5.06046755813926e-83,0.550247817028167,0.999,0.997,9.51469110281343e-79,"Naive B","FTH1"
6.79729634453323e-21,0.547736755623975,0.287,0.235,1.27802765869914e-16,"Naive B","RCN2"
8.25025483885082e-12,0.546410160745251,0.04,0.04,1.55121291480073e-07,"Naive B","ENSG00000291121"
3.35009054241845e-45,0.545231733585226,0.689,0.591,6.29884023785517e-41,"Naive B","PMEPA1"
6.47549001353817e-20,0.544932047727659,0.167,0.148,1.21752163234545e-15,"Naive B","DYNLL2"
4.13472442044383e-15,0.543654337305624,0.156,0.135,7.77410885531849e-11,"Naive B","ABHD15-AS1"
2.77181765133346e-09,0.542601820377806,0.091,0.081,5.21157154803717e-05,"Naive B","MXD1"
6.76247200518728e-14,0.542161027905719,0.177,0.156,1.27147998641531e-09,"Naive B","UAP1"
2.9599782074951e-24,0.540995734315193,0.375,0.319,5.56535102573229e-20,"Naive B","MBNL2"
1.67719227777696e-12,0.539121300684575,0.15,0.126,3.15345692067623e-08,"Naive B","EMILIN2"
5.96927169461142e-11,0.535750214356246,0.051,0.048,1.12234246402084e-06,"Naive B","PRKACA"
3.24735090579858e-23,0.533991277064205,0.375,0.32,6.10566917308249e-19,"Naive B","HMGB2"
1.23349247236143e-09,0.533369065201452,0.085,0.073,2.31921254653397e-05,"Naive B","FBXO25"
5.88704877514007e-26,0.533178571176583,0.242,0.226,1.10688291070184e-21,"Naive B","PPP1R15B"
4.35053229454128e-07,0.532775408612048,0.04,0.037,0.00817987082019652,"Naive B","ARRDC1-AS1"
5.96414693816942e-13,0.531639069287827,0.217,0.171,1.12137890731462e-08,"Naive B","PLEKHA1"
2.35165799422424e-07,0.53006308269954,0.095,0.078,0.00442158736074041,"Naive B","MMD"
4.25237947426651e-13,0.53003646325575,0.107,0.096,7.9953238875159e-09,"Naive B","ZBED1"
1.6727267173655e-16,0.5293456245927,0.212,0.181,3.14506077399062e-12,"Naive B","SAV1"
4.15967292289398e-14,0.526769470068163,0.243,0.196,7.82101702962527e-10,"Naive B","EPB41L2"
1.8108621179269e-07,0.525005511063003,0.079,0.068,0.00340478295412615,"Naive B","GALNT6"
1.29236628890546e-35,0.524138226381154,0.571,0.538,2.42990709640004e-31,"Naive B","SNHG8"
4.54564765281563e-15,0.523898990814811,0.261,0.211,8.54672671682394e-11,"Naive B","KLF7"
2.62499048958609e-16,0.521748816273874,0.177,0.154,4.93550711851976e-12,"Naive B","PGM2L1"
1.01059377744675e-07,0.520406687630895,0.055,0.049,0.00190011842035539,"Naive B","STX3"
3.31579299834501e-34,0.519352113357446,0.66,0.533,6.2343539954883e-30,"Naive B","HLA-DRB5"
2.65653826828617e-27,0.518559189496676,0.416,0.357,4.99482325203165e-23,"Naive B","NCK2"
1.21954207517821e-07,0.518341003256231,0.05,0.043,0.00229298300975008,"Naive B","ZNF419"
1.89785270260588e-12,0.515211908819333,0.105,0.101,3.56834265143958e-08,"Naive B","PRMT9"
1.54405498084375e-10,0.514985378779313,0.06,0.055,2.90313217498243e-06,"Naive B","LINC01003"
8.19602672723702e-24,0.513114163106192,0.228,0.201,1.5410169452551e-19,"Naive B","GCDH"
3.31011122509032e-10,0.512080327921232,0.073,0.068,6.22367112541481e-06,"Naive B","ZNF844"
8.56941663011729e-12,0.510984301999222,0.192,0.162,1.61122171479465e-07,"Naive B","FAM241A"
4.47070141691963e-07,0.510722403194408,0.068,0.058,0.00840581280409229,"Naive B","DENND2D"
7.05568859703423e-14,0.508395282400621,0.16,0.137,1.32661057001438e-09,"Naive B","CYP2R1"
6.73670636013081e-16,0.50712204059638,0.144,0.128,1.2666355298318e-11,"Naive B","THAP5"
2.21457115851398e-06,0.506268405724214,0.033,0.032,0.0416383669223798,"Naive B","SLC35C1"
8.77333500232236e-26,0.503270299467649,0.505,0.413,1.64956244713665e-21,"Naive B","GALNT2"
3.94558092689935e-51,0.503157751391434,0.881,0.821,7.41848125875615e-47,"Naive B","REL"
1.09979038556651e-06,0.502786450822541,0.043,0.04,0.0206782588294216,"Naive B","NT5DC3"
1.22152982055439e-15,0.500322537424144,0.176,0.155,2.29672036860637e-11,"Naive B","SNHG3"
8.90056523668805e-18,0.500064858131951,0.254,0.217,1.67348427580209e-13,"Naive B","PAWR"
2.00616689149943e-25,0.499365409108272,0.458,0.383,3.77199498939723e-21,"Naive B","ADAM7-AS1"
1.38067212532522e-06,0.497961086696034,0.055,0.05,0.0259593973003648,"Naive B","SWI5"
1.72563796099825e-27,0.497903417482873,0.416,0.298,3.24454449426891e-23,"Naive B","FCRL1"
5.07575449284495e-07,0.49764553834325,0.051,0.046,0.00954343359744708,"Naive B","GBGT1"
9.45168865961231e-15,0.496576469584162,0.342,0.277,1.77710650178031e-10,"Naive B","DUSP5"
1.8891019360512e-09,0.495869747393228,0.075,0.071,3.55188946016347e-05,"Naive B","ATP6V0A1"
1.22461500660735e-06,0.495724165134001,0.074,0.065,0.0230252113542314,"Naive B","CDC25B"
1.78241283649652e-11,0.495583519953305,0.114,0.105,3.35129261518077e-07,"Naive B","CENPM"
6.58491933869634e-07,0.493938080404138,0.123,0.101,0.0123809653406169,"Naive B","KIAA1958"
2.91384722054977e-13,0.493413787053556,0.233,0.192,5.47861554407767e-09,"Naive B","TAPT1"
1.01476445085341e-35,0.493098603799629,0.661,0.603,1.90796012049458e-31,"Naive B","GSTP1"
1.88820262354506e-16,0.492348818112189,0.128,0.116,3.55019857278943e-12,"Naive B","PHC2"
2.32746338174386e-49,0.491547742670985,0.815,0.701,4.3760966503548e-45,"Naive B","BCL2"
2.63315327314762e-09,0.489896735157628,0.096,0.085,4.95085478417216e-05,"Naive B","LUZP1"
5.25245710889888e-44,0.489332812606908,0.596,0.548,9.87566985615168e-40,"Naive B","KDM4B"
2.98048820857047e-13,0.489105471549296,0.143,0.129,5.60391392975419e-09,"Naive B","PPP1R13B"
3.02451062241182e-40,0.48904044115991,0.691,0.557,5.68668487225869e-36,"Naive B","IGHM"
3.50459337072267e-13,0.488666318500098,0.109,0.1,6.58933645563277e-09,"Naive B","TYW1B"
2.20514325951311e-08,0.487048137991925,0.158,0.134,0.000414611035653655,"Naive B","ENSG00000287378"
3.41737703889749e-26,0.486458759511405,0.52,0.438,6.42535230853506e-22,"Naive B","CHST11"
6.51205068735423e-13,0.485807906954221,0.068,0.069,1.22439577023634e-08,"Naive B","NSUN6"
7.71585783846594e-18,0.483571616057131,0.235,0.206,1.45073559078837e-13,"Naive B","DOCK9"
2.45501025866185e-11,0.483378613038288,0.214,0.174,4.615910288336e-07,"Naive B","NCF1B"
1.68143028509003e-32,0.482965853541155,0.374,0.349,3.16142522202627e-28,"Naive B","UBE2D1"
3.86707552301145e-07,0.481879054697553,0.069,0.062,0.00727087539836613,"Naive B","TUBD1"
2.05260149343762e-08,0.481873027210821,0.097,0.087,0.000385930132796141,"Naive B","USP53"
2.17834603988352e-13,0.481655155258614,0.239,0.205,4.09572622418899e-09,"Naive B","SORL1"
4.34896153016591e-11,0.481257826180147,0.195,0.159,8.17691746901794e-07,"Naive B","LGALS9"
3.95525470676496e-08,0.480095671960647,0.027,0.03,0.000743666989965948,"Naive B","SLC10A1"
1.83848838542332e-22,0.479699469666784,0.578,0.525,3.45672586227292e-18,"Naive B","LY9"
4.92884420581388e-08,0.478708237141901,0.044,0.041,0.000926721287577125,"Naive B","SNX30"
6.95165575767786e-16,0.478442507588414,0.408,0.328,1.30705031555859e-11,"Naive B","GBP2"
1.12924699811498e-41,0.478000415949782,0.553,0.546,2.12321020585579e-37,"Naive B","TRA2B"
2.12858915187039e-28,0.47792075236892,0.55,0.463,4.00217332334671e-24,"Naive B","LINC00926"
8.9595989365614e-13,0.47639326201885,0.125,0.117,1.68458379205227e-08,"Naive B","ADA"
1.60968369213302e-08,0.476015261288397,0.181,0.148,0.000302652727794851,"Naive B","SERPINB9P1"
1.57174876821269e-41,0.475712961273617,0.758,0.736,2.9552020339935e-37,"Naive B","HSP90B1"
2.44391021490649e-06,0.475473355641345,0.069,0.06,0.0459503998606718,"Naive B","DHX32"
2.94325537113356e-10,0.474204403556541,0.105,0.096,5.53390874880531e-06,"Naive B","KMT2E-AS1"
4.13635914534228e-23,0.473948146895184,0.344,0.301,7.77718246507255e-19,"Naive B","DENND3"
3.23612100500299e-24,0.47300682125115,0.35,0.349,6.08455471360663e-20,"Naive B","BCAS2"
3.64461109991788e-38,0.472684552072068,0.442,0.432,6.8525977900656e-34,"Naive B","OSER1"
1.3615636201227e-33,0.472285695515919,0.409,0.377,2.56001191855469e-29,"Naive B","CENPC"
4.49147231321568e-30,0.472181787749522,0.348,0.319,8.44486624330813e-26,"Naive B","PSME4"
4.09959265036086e-09,0.471320204663929,0.122,0.113,7.7080541012085e-05,"Naive B","H2BC4"
4.26267295028718e-13,0.469236332783097,0.314,0.234,8.01467768112995e-09,"Naive B","ST6GALNAC3"
2.75151399237713e-18,0.467314561841898,0.193,0.172,5.17339660846748e-14,"Naive B","LMBR1L"
5.29926435735143e-08,0.466064452379317,0.194,0.145,0.000996367684469216,"Naive B","MYO1E"
7.01620185433322e-26,0.466015448802547,0.617,0.565,1.31918627265173e-21,"Naive B","EIF2AK3"
2.032287540667e-10,0.4655710210446,0.105,0.096,3.8211070339621e-06,"Naive B","MYBL2"
2.32619532023877e-21,0.464588651927928,0.358,0.314,4.37371244111294e-17,"Naive B","VPS13A"
7.89200133074903e-21,0.464216965726538,0.397,0.328,1.48385409020743e-16,"Naive B","ITPR1"
2.63688424529145e-36,0.463821473041396,0.676,0.697,4.95786975799699e-32,"Naive B","YPEL5"
1.13624582093278e-08,0.463575553555235,0.123,0.106,0.000213636939251781,"Naive B","GIHCG"
3.58251449560659e-30,0.462624421993941,0.354,0.344,6.73584375463952e-26,"Naive B","SYAP1"
7.75353116388129e-18,0.462282939482065,0.861,0.885,1.45781892943296e-13,"Naive B","JUNB"
5.65266679023678e-35,0.460781121131386,0.468,0.426,1.06281440990032e-30,"Naive B","GNL1"
1.17389639689718e-09,0.459999415049919,0.172,0.142,2.20716000544609e-05,"Naive B","KIAA0040"
1.16798746884697e-10,0.459932576991595,0.104,0.094,2.19605003892607e-06,"Naive B","NFYA"
8.18745106307177e-25,0.459662745593438,0.395,0.372,1.53940454887875e-20,"Naive B","IFRD1"
3.04328289794925e-07,0.459522413846017,0.143,0.118,0.00572198050472418,"Naive B","FNDC3B"
1.31234456196648e-19,0.459401357332831,0.194,0.179,2.46747024540937e-15,"Naive B","CHMP7"
5.3857826195332e-09,0.457756647021224,0.156,0.134,0.000101263484812463,"Naive B","EZH2"
1.28270505227733e-19,0.457692980942098,0.398,0.343,2.41174203929184e-15,"Naive B","SHISAL2A"
5.43883164444122e-30,0.457216209115618,0.339,0.319,1.02260912578784e-25,"Naive B","NUP58"
2.14176669084499e-14,0.455231061379082,0.161,0.149,4.02694973212676e-10,"Naive B","ARL13B"
1.513911060862e-11,0.454669549524701,0.2,0.174,2.84645557663273e-07,"Naive B","SIDT1"
1.1190503783906e-06,0.453701685549079,0.047,0.044,0.0210403852145,"Naive B","SLC26A11"
5.55240424586217e-34,0.45280850763489,0.383,0.355,1.04396304630701e-29,"Naive B","TRAPPC5"
8.25377545082224e-38,0.45245893994709,0.706,0.616,1.5518748602636e-33,"Naive B","ADAM28"
5.96919637535052e-09,0.450156814784624,0.081,0.073,0.000112232830249341,"Naive B","FURIN"
1.75075763627859e-41,0.450045996653433,0.6,0.565,3.291774507731e-37,"Naive B","NASP"
7.42727086662219e-32,0.449095156286419,0.581,0.521,1.3964754683423e-27,"Naive B","LYST"
5.06218955870876e-08,0.448031938193576,0.121,0.103,0.000951792880828422,"Naive B","PWWP3A"
1.94678751561248e-27,0.446948576196199,0.516,0.383,3.66034988685458e-23,"Naive B","IGHD"
6.89803400065118e-08,0.445759429323364,0.157,0.134,0.00129696835280244,"Naive B","KANSL1L"
6.33687572697344e-71,0.44498908312824,0.964,0.95,1.19145937418555e-66,"Naive B","PNRC1"
1.98914229951591e-45,0.444986874355507,0.565,0.535,3.73998535154982e-41,"Naive B","STX5"
1.03595582707516e-23,0.444271203516965,0.483,0.43,1.94780414606672e-19,"Naive B","GRK5"
4.20503169528652e-12,0.444085662043579,0.205,0.178,7.90630059347772e-08,"Naive B","CXCL16"
6.80034617266111e-24,0.442439814295459,0.506,0.439,1.27860108738374e-19,"Naive B","P2RY10"
2.8006144208078e-18,0.44184251886518,0.289,0.256,5.26571523400282e-14,"Naive B","IRF2BPL"
1.49645013705528e-06,0.441538675233181,0.062,0.056,0.0281362554769133,"Naive B","ENSG00000286264"
2.58591037775921e-19,0.44143831410174,0.728,0.778,4.86202869226287e-15,"Naive B","HSPA8"
2.07974726091878e-10,0.440859628949609,0.235,0.191,3.91034079997948e-06,"Naive B","OGFRL1"
6.77674457244734e-18,0.440050761909877,0.2,0.185,1.27416351451155e-13,"Naive B","MED30"
1.64237711954528e-11,0.439409824437998,0.087,0.096,3.08799746016903e-07,"Naive B","ENSG00000272449"
1.279249791956e-32,0.438863614654913,0.392,0.369,2.40524545883567e-28,"Naive B","RPP21"
4.86765674608939e-31,0.437540018818541,0.465,0.441,9.15216821399727e-27,"Naive B","SLC12A6"
4.50573041090034e-09,0.437353873865252,0.163,0.145,8.47167431857482e-05,"Naive B","EAF2"
2.42800923151683e-15,0.436836760446816,0.242,0.215,4.56514295709795e-11,"Naive B","HLA-DOA"
9.84987052340071e-08,0.435954809518758,0.046,0.045,0.0018519726558098,"Naive B","RFC4"
1.23208450770592e-32,0.43521511255863,0.752,0.727,2.31656529138867e-28,"Naive B","ZFP36L2"
4.82352900093301e-10,0.435093114671368,0.094,0.088,9.06919922755425e-06,"Naive B","CASZ1"
1.74784766208914e-06,0.4345637422933,0.079,0.071,0.0328630317425999,"Naive B","ENSG00000278743"
3.30690096258852e-21,0.434264633813341,0.483,0.456,6.21763518985894e-17,"Naive B","PMAIP1"
4.23362581014287e-31,0.433851503896495,0.547,0.53,7.96006324823062e-27,"Naive B","SOD2"
8.29521670075022e-34,0.433387170162678,0.393,0.386,1.55966664407506e-29,"Naive B","RLF"
2.11365533473977e-09,0.432503026697902,0.154,0.135,3.97409476037771e-05,"Naive B","CLCF1"
2.00698342730698e-12,0.431946957693114,0.084,0.081,3.77353024002258e-08,"Naive B","BAZ1A-AS1"
2.02599593385902e-06,0.431780329406641,0.055,0.056,0.0380927755484173,"Naive B","ENSG00000235978"
3.12124460857845e-13,0.431552893402323,0.183,0.165,5.86856411304919e-09,"Naive B","NDUFV2-AS1"
6.26960503767571e-09,0.430576609533019,0.079,0.076,0.000117881113918379,"Naive B","FAM200A"
1.30351257730439e-17,0.42952979226618,0.256,0.238,2.45086434784772e-13,"Naive B","LINC02397"
1.25538424037573e-08,0.429269012671973,0.055,0.051,0.000236037344875445,"Naive B","CRELD1"
8.8266079332414e-12,0.429083006460565,0.199,0.183,1.65957882360805e-07,"Naive B","TAF4B"
7.03011592109192e-10,0.428866975833129,0.176,0.161,1.3218023954837e-05,"Naive B","NAA16"
4.56665874447051e-07,0.427941915407496,0.09,0.083,0.00858623177135345,"Naive B","H3C4"
6.44947347600965e-31,0.42721467367086,0.55,0.563,1.21263000295934e-26,"Naive B","CCNL1"
1.95028248349755e-35,0.425578614830326,0.399,0.377,3.66692112547209e-31,"Naive B","APPL1"
3.4692516990784e-14,0.425027440600593,0.124,0.118,6.5228870446072e-10,"Naive B","TNFRSF10B"
3.94042138852108e-12,0.424937083482961,0.123,0.127,7.40878029469734e-08,"Naive B","ICAM1"
1.48069795416442e-06,0.423579119272809,0.055,0.05,0.0278400829341994,"Naive B","DDX11"
1.72014800650875e-18,0.422903509629923,0.117,0.119,3.23422228183774e-14,"Naive B","RBKS"
9.43506511853282e-22,0.422708254345395,0.335,0.313,1.77398094358654e-17,"Naive B","TSPYL2"
5.22902486576482e-50,0.422477205866143,0.953,0.938,9.83161255261101e-46,"Naive B","UBB"
1.63317016545299e-31,0.42203510897523,0.532,0.493,3.07068654508471e-27,"Naive B","SMDT1"
2.75494340625161e-07,0.420421674738897,0.051,0.049,0.00517984459243429,"Naive B","ZNF615"
2.68608955742492e-11,0.418663585006016,0.072,0.072,5.05038558587033e-07,"Naive B","FRAT2"
7.1363000032532e-45,0.418453908631429,0.723,0.703,1.34176712661167e-40,"Naive B","EVI2B"
1.98954545847995e-08,0.417493356073166,0.091,0.082,0.0003740743371034,"Naive B","POFUT2"
1.42987602161258e-54,0.415805699639631,0.939,0.929,2.68845289583597e-50,"Naive B","CYTIP"
3.07662548448501e-11,0.415601537813076,0.323,0.268,5.78467123592871e-07,"Naive B","C12orf42"
6.94213862676834e-10,0.414576689555241,0.181,0.158,1.30526090460498e-05,"Naive B","PHLPP1"
1.83386832325647e-29,0.413753553764544,0.651,0.7,3.44803922138682e-25,"Naive B","TUBA1A"
6.87810268059603e-07,0.412716893973327,0.059,0.056,0.0129322086600567,"Naive B","GNS"
2.99920836098509e-28,0.412629449131129,0.798,0.747,5.63911156032416e-24,"Naive B","CMSS1"
6.11336126107113e-07,0.411484396731282,0.088,0.08,0.0114943418430659,"Naive B","ENSG00000291078"
2.1942601056631e-07,0.411446918858621,0.066,0.063,0.00412564785066777,"Naive B","ENSG00000249456"
2.54587614548376e-20,0.41131852105612,0.391,0.38,4.78675632873856e-16,"Naive B","INSIG2"
2.30395235037792e-17,0.409996012870502,0.243,0.225,4.33189120918057e-13,"Naive B","N4BP2L1"
1.62366439566084e-28,0.408229225377884,0.291,0.304,3.05281379672152e-24,"Naive B","SNHG1"
2.48872964294191e-18,0.407724334416429,0.228,0.213,4.67930947465938e-14,"Naive B","RBMS1"
4.66323269027362e-13,0.407496702380437,0.104,0.099,8.76781010425245e-09,"Naive B","PABIR1"
5.84439299975785e-17,0.407471371690911,0.392,0.331,1.09886277181447e-12,"Naive B","JARID2"
2.23461349223096e-08,0.406350893631337,0.08,0.075,0.000420152028809264,"Naive B","PIGA"
1.87409633291915e-06,0.402217877162614,0.144,0.129,0.0352367592515458,"Naive B","EPB41L5"
8.07113882926133e-16,0.402070878953528,0.18,0.183,1.51753552267771e-11,"Naive B","NAF1"
6.67143112110849e-17,0.401927706350424,0.197,0.194,1.25436247939082e-12,"Naive B","ABHD3"
6.81778257260751e-27,0.401792145190339,0.251,0.257,1.28187947930166e-22,"Naive B","SDE2"
9.23441377624987e-33,0.400563064755728,0.48,0.46,1.7362544782105e-28,"Naive B","DCXR"
9.80667222596811e-07,0.399748616680494,0.032,0.033,0.0184385051192652,"Naive B","SRP14-DT"
1.58916365915262e-21,0.399167039229274,0.233,0.225,2.98794551193876e-17,"Naive B","GSTO1"
7.28002993759294e-34,0.398676444142088,0.644,0.611,1.36879122886622e-29,"Naive B","BRAF"
1.22163816904169e-07,0.39754376437959,0.054,0.052,0.00229692408543219,"Naive B","PCYT2"
2.7502598947835e-34,0.397327577675516,0.551,0.562,5.17103865417193e-30,"Naive B","DDX3X"
2.08029451317255e-06,0.395832379921582,0.037,0.038,0.0391136974366704,"Naive B","WDHD1"
4.29889711505475e-15,0.395278397607477,0.321,0.232,8.08278635572594e-11,"Naive B","CCSER1"
2.03652762237345e-13,0.395119506499642,0.238,0.216,3.82907923558656e-09,"Naive B","CYB5A"
3.1577323613551e-09,0.393994097111863,0.087,0.083,5.93716838581987e-05,"Naive B","ZBTB5"
9.56820681445915e-22,0.393786133873113,0.278,0.266,1.79901424525461e-17,"Naive B","GPR137"
9.79470757390251e-07,0.393063339970622,0.107,0.1,0.0184160091804515,"Naive B","SLCO5A1"
1.80377966018619e-26,0.391801523064184,0.423,0.414,3.39146651708208e-22,"Naive B","INTS6"
1.28783352403364e-18,0.390425619064817,0.437,0.39,2.42138459188806e-14,"Naive B","TMEM131L"
5.91592022723699e-07,0.39025368808444,0.051,0.05,0.011123113211251,"Naive B","ABHD15"
1.97217906708677e-29,0.390127631912699,0.775,0.696,3.70809108193654e-25,"Naive B","RHOH"
2.70019081829393e-20,0.389137178985708,0.189,0.183,5.07689877655624e-16,"Naive B","G6PD"
3.2237330401325e-16,0.38891368622451,0.165,0.158,6.06126286205713e-12,"Naive B","RAB3IP"
2.11332821118713e-23,0.388612872042398,0.339,0.319,3.97347970267404e-19,"Naive B","PDXK"
4.81083419527068e-35,0.388248796793116,0.339,0.359,9.04533045394793e-31,"Naive B","NSMCE3"
2.17385843004296e-20,0.387565170530212,0.376,0.345,4.08728862016677e-16,"Naive B","OCIAD2"
4.41437677102282e-16,0.387326113476823,0.194,0.187,8.2999112048771e-12,"Naive B","ZNF141"
3.28610919483259e-11,0.38708286416413,0.107,0.103,6.17854250812424e-07,"Naive B","ENSG00000273319"
1.38088567297712e-11,0.385317399141861,0.212,0.2,2.59634124233158e-07,"Naive B","ERO1B"
7.27292045245585e-22,0.384783513274689,0.286,0.294,1.36745450347075e-17,"Naive B","USP36"
5.31227433891488e-11,0.384515925000061,0.076,0.08,9.98813821202776e-07,"Naive B","COQ7"
1.61832344453963e-09,0.384471697796415,0.17,0.153,3.04277174042341e-05,"Naive B","H2AC20"
3.32097865988253e-12,0.383151701875902,0.164,0.152,6.24410407631113e-08,"Naive B","B3GLCT"
5.30188660906795e-20,0.381869334462914,0.205,0.206,9.96860720236956e-16,"Naive B","SIRT1"
8.30591669242064e-12,0.381823506602335,0.186,0.168,1.56167845650893e-07,"Naive B","TACC3"
3.49220493326726e-17,0.381524854712349,0.412,0.441,6.56604371552911e-13,"Naive B","NR4A2"
2.9959967968535e-32,0.381279479691315,0.404,0.39,5.63307317744395e-28,"Naive B","GPR132"
4.23404236832193e-18,0.381124734198547,0.307,0.28,7.96084646091889e-14,"Naive B","EPB41L4A-AS1"
6.97119266136849e-32,0.380740417503965,0.88,0.862,1.3107236441905e-27,"Naive B","ZFAS1"
2.56067619460407e-08,0.380123995602846,0.036,0.039,0.000481458338109457,"Naive B","TMEM80"
8.4625200113537e-10,0.378739353404537,0.161,0.147,1.59112301253472e-05,"Naive B","ENSG00000290968"
4.84876298876576e-08,0.377902526862118,0.294,0.247,0.000911664417147739,"Naive B","BCL6"
1.10102654623694e-21,0.377050774412227,0.33,0.313,2.07015011223469e-17,"Naive B","NORAD"
4.58721698821646e-19,0.376274580957461,0.545,0.484,8.62488538124458e-15,"Naive B","INPP5A"
1.67543478626636e-13,0.375971903574671,0.335,0.306,3.150152485138e-09,"Naive B","TLE4"
4.12396653111258e-09,0.375036282114569,0.036,0.039,7.75388187179788e-05,"Naive B","MSANTD3"
2.63174045237942e-24,0.37486067536872,0.629,0.586,4.94819839856379e-20,"Naive B","ZSWIM6"
9.43471557049611e-13,0.374015801460713,0.08,0.083,1.77391522156468e-08,"Naive B","LINC01128"
1.77430330379512e-24,0.373950548725092,0.501,0.503,3.33604507179558e-20,"Naive B","ALG13"
1.33248212755364e-18,0.373939409326592,0.46,0.421,2.50533289622635e-14,"Naive B","NUAK2"
3.86227949103531e-21,0.372828213355044,0.287,0.269,7.26185789904459e-17,"Naive B","ZCCHC10"
1.3379867790901e-09,0.372405014531675,0.077,0.081,2.51568274204521e-05,"Naive B","TOB1"
1.38514164343074e-09,0.371472879079085,0.093,0.091,2.60434331797847e-05,"Naive B","CHKA"
8.73599683526221e-27,0.371452336588296,0.339,0.321,1.642542124966e-22,"Naive B","CPSF7"
6.09390274750378e-12,0.371328726633293,0.092,0.096,1.14577559458566e-07,"Naive B","SNHG9"
1.70055817091877e-06,0.370829435739686,0.073,0.068,0.0319738947296146,"Naive B","ENSG00000288853"
2.90891972718777e-19,0.37000077786041,0.135,0.139,5.46935087105844e-15,"Naive B","TRAPPC2B"
1.6423660949388e-20,0.368744652401078,0.496,0.453,3.08797673170394e-16,"Naive B","RRAS2"
1.54019227550921e-24,0.36842707857616,0.268,0.308,2.89586951641242e-20,"Naive B","ANKRD37"
1.09758331199794e-24,0.367755945530981,0.311,0.302,2.06367614321852e-20,"Naive B","NXF1"
5.495033952153e-22,0.367641195084082,0.764,0.747,1.03317628368381e-17,"Naive B","IRF1"
7.23467951838765e-10,0.367531008872714,0.151,0.14,1.36026444304725e-05,"Naive B","UBR5-DT"
8.65842187659715e-15,0.367391628139193,0.159,0.156,1.6279564812378e-10,"Naive B","PDE4DIP"
5.11601990304862e-24,0.366804665936733,0.248,0.261,9.61914062171202e-20,"Naive B","HOOK2"
7.87607442501148e-36,0.366606545867255,0.455,0.508,1.48085951339066e-31,"Naive B","EIF4A3"
1.75465531626792e-22,0.366338989485078,0.447,0.432,3.29910292564694e-18,"Naive B","CXCR5"
2.53847819965181e-30,0.364688406683877,0.452,0.444,4.77284671098533e-26,"Naive B","RAB21"
4.57530847664181e-23,0.364338785994511,0.175,0.256,8.60249499778193e-19,"Naive B","HSPB1"
6.11034891716049e-36,0.364210714936709,0.403,0.404,1.14886780340452e-31,"Naive B","NPC2"
1.063338498711e-06,0.362453353413438,0.053,0.052,0.0199928904527641,"Naive B","DCAKD"
1.55574514181866e-08,0.36230054369753,0.034,0.037,0.000292511201564744,"Naive B","MSRB1"
6.16404201667165e-09,0.360715112826132,0.072,0.07,0.00011589631799746,"Naive B","DPH5"
1.67707258264306e-13,0.360411989782616,0.366,0.286,3.15323186988547e-09,"Naive B","NIBAN3"
3.56549178075472e-07,0.359662088716338,0.109,0.1,0.00670383764617502,"Naive B","EFCAB13"
1.27753758051711e-07,0.358753451209888,0.032,0.035,0.00240202615888828,"Naive B","PRDM11"
7.002867025303e-36,0.358605039150827,0.73,0.698,1.31667905809747e-31,"Naive B","ARID5A"
4.01596024353165e-10,0.357882731376394,0.186,0.171,7.55080844988821e-06,"Naive B","MHENCR"
1.22903251146258e-55,0.357657436005325,0.996,0.987,2.31082692805194e-51,"Naive B","BTG1"
6.69563764906267e-28,0.357556852248369,0.468,0.453,1.25891379077676e-23,"Naive B","SOS2"
1.71878144660095e-21,0.357199903698609,0.299,0.284,3.23165287589911e-17,"Naive B","CCDC32"
5.13926670279985e-39,0.356934426275724,0.924,0.865,9.66284925460427e-35,"Naive B","CCR7"
2.05174285006648e-11,0.356428562973711,0.289,0.262,3.85768690669499e-07,"Naive B","AGPAT5"
2.70505382220064e-14,0.356340410568554,0.228,0.216,5.08604219650165e-10,"Naive B","USF3"
2.7291962769504e-11,0.356074824017509,0.165,0.156,5.13143483992214e-07,"Naive B","RYBP"
4.6380831488769e-29,0.355196705867906,0.658,0.625,8.72052393651835e-25,"Naive B","DDX39A"
6.26103918870257e-11,0.354796674978158,0.094,0.092,1.17720058825986e-06,"Naive B","TMEM106A"
1.37197576061661e-24,0.354663378654619,0.608,0.573,2.57958882511134e-20,"Naive B","HLA-DMB"
8.05755876234749e-24,0.354477165204098,0.259,0.265,1.51498219849657e-19,"Naive B","HMGCS1"
1.20098196531357e-11,0.354127591135711,0.145,0.137,2.25808629118257e-07,"Naive B","SMAD7"
2.53684520332652e-28,0.353755996823407,0.637,0.647,4.76977635129453e-24,"Naive B","RSRP1"
7.91414166203453e-07,0.352927210840212,0.052,0.052,0.0148801691529573,"Naive B","RRN3P3"
1.02842519973246e-28,0.352706510695276,0.283,0.32,1.93364506053696e-24,"Naive B","CHORDC1"
7.91345172124781e-10,0.352451229006417,0.118,0.111,1.48788719262901e-05,"Naive B","RBMXL1"
1.19626699983322e-08,0.352135939206333,0.269,0.236,0.000224922121308641,"Naive B","C16orf74"
7.24731711269657e-28,0.351922294096563,0.535,0.513,1.36264056352921e-23,"Naive B","USP47"
1.54448702399188e-06,0.351577474288612,0.083,0.077,0.0290394450250954,"Naive B","ADPRM"
3.12244955066979e-10,0.350977905188418,0.357,0.315,5.87082964516934e-06,"Naive B","SLC49A4"
1.59770147276843e-07,0.350624225296537,0.051,0.051,0.0030039983090992,"Naive B","HAUS5"
4.15090159182382e-10,0.350340312490624,0.041,0.044,7.80452517294715e-06,"Naive B","S1PR2"
3.6728824893074e-08,0.349489654999084,0.14,0.135,0.000690575365639577,"Naive B","CD24"
8.31062089778454e-18,0.348964499772752,0.299,0.28,1.56256294120145e-13,"Naive B","EBLN3P"
5.28295841822651e-22,0.347800886665,0.235,0.234,9.93301841794948e-18,"Naive B","TBC1D15"
2.18857499566994e-07,0.347748226551404,0.16,0.142,0.00411495870685861,"Naive B","UXS1"
6.81037137926303e-20,0.347167076569715,0.165,0.169,1.28048602672904e-15,"Naive B","RMND5A"
2.209550210149e-15,0.346003344708757,0.144,0.142,4.15439630512215e-11,"Naive B","FH"
1.93604589699807e-09,0.345324312644981,0.139,0.135,3.64015349553577e-05,"Naive B","ENSG00000291147"
9.59293523373281e-07,0.34502657980092,0.16,0.146,0.0180366368264644,"Naive B","BAZ2B"
1.44107241439291e-23,0.344844870615677,0.292,0.289,2.70950435354155e-19,"Naive B","CLCN3"
8.61809177078143e-07,0.34391161893791,0.027,0.029,0.0162037361474233,"Naive B","CTNNBIP1"
1.86088332632492e-08,0.342862190248614,0.081,0.077,0.000349883283015612,"Naive B","ZNF875"
7.207379528843e-07,0.342601055492141,0.225,0.197,0.0135513149901306,"Naive B","BCL7A"
5.51073135614076e-19,0.341472910238374,0.316,0.319,1.03612770958159e-14,"Naive B","DDIT3"
6.57139850572282e-07,0.341155650717411,0.103,0.096,0.01235554347046,"Naive B","QPCT"
4.14101268935686e-28,0.340328069669265,0.537,0.519,7.78593205852878e-24,"Naive B","RAPGEF6"
7.32173758633249e-16,0.339964328600088,0.53,0.475,1.37663310098224e-11,"Naive B","ABLIM1"
5.5691693379539e-14,0.338531321484661,0.512,0.443,1.04711521892209e-09,"Naive B","CLEC17A"
8.82678295540043e-82,0.337440792413333,0.998,0.997,1.65961173127439e-77,"Naive B","CD37"
1.46323477066551e-06,0.336706284410478,0.081,0.078,0.0275117401580529,"Naive B","ENSG00000273175"
1.19406316881999e-27,0.336636654265093,0.762,0.727,2.24507757001535e-23,"Naive B","ITM2B"
1.05475545569531e-13,0.336474401527297,0.408,0.383,1.98315120779832e-09,"Naive B","NFKBIZ"
3.26484874951194e-10,0.336311895322814,0.113,0.109,6.13856861883234e-06,"Naive B","RAD9A"
1.66939679563774e-23,0.335664528731722,0.495,0.471,3.13879985515809e-19,"Naive B","ELF2"
1.75801031997967e-17,0.335621764877818,0.397,0.369,3.30541100362578e-13,"Naive B","HGSNAT"
1.72348919976586e-08,0.335417853255429,0.077,0.078,0.000324050439339977,"Naive B","TXNL4B"
7.73353084629537e-27,0.334825771049789,0.777,0.717,1.45405846972046e-22,"Naive B","RFTN1"
5.30561499854978e-14,0.334574107109948,0.418,0.384,9.9756173202733e-10,"Naive B","AFF1"
1.8248284590835e-09,0.334354803757551,0.084,0.082,3.4310424687688e-05,"Naive B","TADA2B"
1.10540961173143e-32,0.334253358674783,0.449,0.475,2.07839115197744e-28,"Naive B","DNAJB6"
4.01737415831274e-09,0.334108741729449,0.094,0.092,7.55346689245962e-05,"Naive B","RAB12"
8.22375044468385e-14,0.331745216389825,0.488,0.414,1.54622955860946e-09,"Naive B","MGAT5"
2.11559794293784e-16,0.331458638568398,0.213,0.21,3.97774725231172e-12,"Naive B","NFU1"
4.43469553005988e-32,0.331339085967602,0.882,0.869,8.33811453561859e-28,"Naive B","PDE4B"
2.21667550129712e-19,0.330783471294339,0.41,0.393,4.16779327753885e-15,"Naive B","MAPK8"
4.56333992729306e-12,0.330314103620686,0.174,0.168,8.5799917312964e-08,"Naive B","STARD10"
1.22299950419761e-11,0.330282433451095,0.133,0.128,2.29948366779235e-07,"Naive B","ZNF266"
5.15724619228501e-07,0.329567927346567,0.026,0.029,0.00969665429073428,"Naive B","SBNO1-AS1"
2.58419098856148e-32,0.329531913863703,0.844,0.748,4.8587958966933e-28,"Naive B","SNX9"
1.05239219657294e-16,0.32935607997322,0.183,0.183,1.97870780799643e-12,"Naive B","DNAJB9"
2.03320664338775e-17,0.329005924226673,0.215,0.214,3.82283513089764e-13,"Naive B","STIM1"
1.78333949148877e-08,0.327418700437432,0.132,0.125,0.000335303491189719,"Naive B","GABPB1-IT1"
6.43486321302857e-24,0.327040376076371,0.797,0.754,1.20988298131363e-19,"Naive B","BIRC3"
8.27167577339804e-29,0.326792075298142,0.48,0.473,1.5552404789143e-24,"Naive B","DDT"
1.5820301924715e-34,0.326697600711166,0.488,0.488,2.97453316788491e-30,"Naive B","CSNK1D"
3.64955330815132e-12,0.326693317101487,0.132,0.129,6.8618901299861e-08,"Naive B","TOMM34"
1.56513177039042e-20,0.326598808726466,0.303,0.315,2.94276075468807e-16,"Naive B","SNHG16"
1.05885442563928e-17,0.326472440897357,0.526,0.495,1.99085809108697e-13,"Naive B","PLEKHA2"
2.38578506771489e-08,0.326294254300831,0.117,0.11,0.000448575308431754,"Naive B","HLA-DOB"
4.02164866265373e-29,0.326002098979421,0.706,0.687,7.56150381552154e-25,"Naive B","CHD2"
1.63253377357659e-08,0.325415806827144,0.067,0.067,0.000306949000107871,"Naive B","NPHP4"
2.81857299062227e-30,0.325245338936133,0.856,0.832,5.29948093696798e-26,"Naive B","GPX4"
2.23030660045501e-24,0.325062146905359,0.31,0.306,4.19342247017551e-20,"Naive B","TMPO"
3.64335954251791e-21,0.325010780981248,0.53,0.51,6.85024461184217e-17,"Naive B","HIVEP2"
9.75266522750857e-14,0.324527825722414,0.237,0.233,1.83369611607616e-09,"Naive B","FKBP4"
2.39240874300594e-29,0.32402486316866,0.746,0.761,4.49820691859977e-25,"Naive B","TRBC2"
1.26091020454197e-27,0.323915823106601,0.646,0.644,2.37076336657981e-23,"Naive B","RALGAPA1"
2.64708000858826e-13,0.323694195161734,0.077,0.079,4.97703983214764e-09,"Naive B","PYCR3"
7.12887123966447e-30,0.323083154454227,0.721,0.72,1.34037037048171e-25,"Naive B","SIK3"
2.40547416161619e-15,0.322838529072321,0.238,0.234,4.52277251867076e-11,"Naive B","METTL21A"
4.14704887010408e-13,0.322050363943825,0.124,0.121,7.7972812855697e-09,"Naive B","TJAP1"
1.19823921146629e-30,0.321664338433398,0.687,0.703,2.25292936539891e-26,"Naive B","EIF4A2"
1.38346017525296e-31,0.321447811413997,0.838,0.801,2.60118182151062e-27,"Naive B","GAS5"
1.36274389474538e-14,0.321037729374314,0.308,0.301,2.56223107090026e-10,"Naive B","OAT"
1.27306764023639e-25,0.319341840797658,0.395,0.386,2.39362177717246e-21,"Naive B","BRD7"
1.07526524464495e-22,0.318593094038228,0.77,0.712,2.02171371298143e-18,"Naive B","TCF4"
4.39687787239002e-11,0.318094233591732,0.108,0.107,8.26700977566772e-07,"Naive B","PDK1"
3.38810765285795e-21,0.317750383198887,0.69,0.685,6.37032000890352e-17,"Naive B","DENND4A"
4.99919751078423e-09,0.317137057241684,0.128,0.123,9.39949115977652e-05,"Naive B","HS2ST1"
3.81324327325623e-24,0.316400066883155,0.176,0.187,7.16966000237636e-20,"Naive B","SLC25A33"
3.21826149144961e-35,0.315632879300466,0.818,0.819,6.05097525622356e-31,"Naive B","CHASERR"
2.4632426934933e-20,0.314929213242814,0.402,0.394,4.6313889123061e-16,"Naive B","SNHG7"
1.19367692341486e-16,0.314729193181674,0.188,0.188,2.24435135140462e-12,"Naive B","BRD1"
5.42284894761124e-07,0.314363882957238,0.053,0.054,0.0101960405912986,"Naive B","AIG1"
3.52780865576607e-08,0.313723457447007,0.073,0.073,0.000663298583457137,"Naive B","DDX28"
5.75140950467543e-08,0.313337256981223,0.141,0.136,0.00108138001506907,"Naive B","SNED1-AS1"
1.5582925166725e-07,0.312606305879361,0.1,0.095,0.00292990158984764,"Naive B","RBM34"
1.89703293754895e-18,0.312260599886958,0.155,0.173,3.56680132917953e-14,"Naive B","TUBB2A"
8.5738795875324e-30,0.311864857139377,0.799,0.761,1.61206084004784e-25,"Naive B","SNHG6"
1.64624119695009e-36,0.310210893087196,0.605,0.626,3.09526269850556e-32,"Naive B","LYSMD2"
1.88799655217079e-08,0.310103645171522,0.069,0.07,0.000354981111739151,"Naive B","ZNF836"
8.43248769268257e-28,0.309470917239837,0.422,0.42,1.58547633597818e-23,"Naive B","TAF7"
6.59616608027417e-07,0.309135879292301,0.155,0.143,0.0124021114641315,"Naive B","STAT2"
2.93796999137991e-19,0.308065692147169,0.18,0.183,5.5239711777925e-15,"Naive B","DHX40"
7.6902893804529e-09,0.307913080689557,0.069,0.072,0.000144592820931275,"Naive B","ZNF738"
1.52889739013217e-07,0.307358726369046,0.063,0.064,0.0028746328729265,"Naive B","ZNF273"
1.48163079536185e-30,0.307220282708004,0.441,0.453,2.78576222143936e-26,"Naive B","RNMT"
1.07862927502166e-12,0.306668898157711,0.159,0.154,2.02803876289572e-08,"Naive B","TRAF6"
1.25744430800153e-28,0.306507911544631,0.715,0.702,2.36424678790448e-24,"Naive B","OSBPL8"
1.29496348373264e-06,0.306321338912231,0.029,0.031,0.0243479034211412,"Naive B","TRMT10A"
5.70816411423369e-11,0.306214470894293,0.155,0.152,1.07324901675822e-06,"Naive B","TARS3"
4.94432521375462e-31,0.305519771517202,0.922,0.865,9.29632026690143e-27,"Naive B","FOXP1"
3.24328733173538e-14,0.30540840541522,0.55,0.531,6.09802884112887e-10,"Naive B","IRF8"
3.37181964745137e-17,0.305082011163677,0.107,0.136,6.33969530113806e-13,"Naive B","CITED2"
2.1960370410059e-16,0.304816664860459,0.156,0.167,4.12898884449929e-12,"Naive B","LRIF1"
1.07709684876382e-06,0.30403938117491,0.102,0.099,0.0202515749504574,"Naive B","ANKRD18DP"
2.14448151187242e-16,0.303160367504561,0.696,0.721,4.03205413862252e-12,"Naive B","TUBB4B"
3.62766997518622e-11,0.303074278597629,0.073,0.077,6.82074508734514e-07,"Naive B","CES2"
6.50914921950289e-09,0.302961827514336,0.107,0.107,0.000122385023625093,"Naive B","TCFL5"
4.60270407989132e-18,0.302787336417914,0.373,0.364,8.65400421101167e-14,"Naive B","RPS6KA3"
2.28801448222205e-28,0.302569472162274,0.798,0.789,4.3019248294739e-24,"Naive B","H4C3"
6.62327471949779e-15,0.302107065998869,0.16,0.165,1.24530811275998e-10,"Naive B","ZNF433-AS1"
3.25512201210318e-15,0.301891994903053,0.303,0.299,6.1202804071564e-11,"Naive B","ARHGEF18"
1.50716063661965e-14,0.301826197868875,0.308,0.293,2.83376342897227e-10,"Naive B","SMURF2"
6.49667345276952e-09,0.301793525088502,0.069,0.071,0.000122150454258973,"Naive B","IPPK"
5.28888049618503e-17,0.301419006928642,0.4,0.386,9.94415310892709e-13,"Naive B","HBP1"
6.21956365802417e-20,0.301202109395845,0.191,0.195,1.1694023589817e-15,"Naive B","UBAP1"
5.81878410959735e-23,0.301134421855554,0.429,0.424,1.09404778828649e-18,"Naive B","IRF7"
1.22796741148475e-30,0.300750692416714,0.682,0.695,2.30882432707363e-26,"Naive B","ARID4B"
5.56122260269522e-08,0.300652553516613,0.052,0.055,0.00104562107375876,"Naive B","CHML"
6.87129062605035e-26,0.300252132183667,0.506,0.501,1.29194006350999e-21,"Naive B","KLHL5"
1.2563604760093e-36,0.299653587849465,0.688,0.728,2.36220896699269e-32,"Naive B","LSM7"
1.97761101287193e-11,0.299391371408491,0.191,0.187,3.71830422640181e-07,"Naive B","OTUD6B-AS1"
2.64990994586348e-09,0.298937639239996,0.071,0.072,4.98236068021251e-05,"Naive B","HIRA"
1.75673299660042e-06,0.298722650039461,0.081,0.078,0.0330300938020811,"Naive B","SMPD1"
3.68466176132934e-07,0.298212269361095,0.105,0.101,0.00692790104365142,"Naive B","DGKA"
1.50389637248139e-18,0.298167615259587,0.684,0.715,2.8276259595395e-14,"Naive B","PPP1R15A"
3.11655997125367e-10,0.297616329575114,0.068,0.074,5.85975605795115e-06,"Naive B","CSKMT"
9.96996722596092e-24,0.297605511083638,0.409,0.409,1.87455323782517e-19,"Naive B","NEK7"
9.393789070346e-07,0.296205680669495,0.06,0.061,0.0176622022100645,"Naive B","HDAC6"
9.20520531176344e-10,0.295979593448916,0.078,0.08,1.73076270271776e-05,"Naive B","CAPRIN2"
5.8952285361564e-20,0.295411909202293,0.376,0.372,1.10842086936813e-15,"Naive B","AP1B1"
7.41301139123787e-15,0.295233459390888,0.1,0.108,1.39379440178055e-10,"Naive B","RBM12B"
5.23881349415947e-18,0.29512167563224,0.27,0.268,9.85001713171864e-14,"Naive B","RCOR1"
1.82250543844619e-35,0.293822198456506,0.386,0.41,3.42667472536654e-31,"Naive B","GTF2B"
1.07131609688609e-08,0.293118723330066,0.077,0.08,0.000201428852536523,"Naive B","DNAJC25"
1.42046687832618e-11,0.293012816058682,0.084,0.088,2.67076182462889e-07,"Naive B","ZNF808"
9.05916800191507e-11,0.292614745706604,0.186,0.183,1.70330476772007e-06,"Naive B","ZNF821"
6.01566459404252e-16,0.292472654361363,0.329,0.324,1.13106525697187e-11,"Naive B","ARID2"
3.71913926015727e-16,0.292467698792426,0.366,0.353,6.9927256369477e-12,"Naive B","CD2AP"
1.89137193492789e-11,0.292038931157945,0.133,0.133,3.55615751205141e-07,"Naive B","UBN2"
7.67187510275157e-09,0.291959133182064,0.126,0.127,0.000144246595681935,"Naive B","IGHV5-78"
4.49602547350915e-16,0.291622827559334,0.189,0.194,8.4534270952919e-12,"Naive B","RP9"
2.52008969704044e-06,0.29155314484528,0.091,0.089,0.0473827264837543,"Naive B","ANKRA2"
1.28450043168507e-20,0.29126232769254,0.717,0.684,2.41511771165427e-16,"Naive B","CD40"
1.50818493588873e-06,0.291154011063354,0.031,0.033,0.02835689316458,"Naive B","C8orf82"
5.26514963671835e-134,0.289362798982602,1,0.999,9.89953434695785e-130,"Naive B","RPL18A"
4.92082080259139e-20,0.289220650325853,0.259,0.266,9.25212727303232e-16,"Naive B","USPL1"
2.24442129974056e-12,0.288895089795568,0.174,0.17,4.2199609277722e-08,"Naive B","FRS2"
3.25135322941096e-11,0.288580822897296,0.055,0.059,6.11319434193848e-07,"Naive B","DYRK4"
3.84560415312596e-13,0.288460044317841,0.156,0.155,7.23050492870743e-09,"Naive B","APPL2"
8.85080611199761e-25,0.288266046251959,0.613,0.6,1.66412856517779e-20,"Naive B","HIF1A"
4.51150763135034e-09,0.287122777989385,0.045,0.049,8.48253664846491e-05,"Naive B","C17orf67"
2.11539198288782e-06,0.286945590693947,0.06,0.06,0.0397736000622568,"Naive B","COQ8B"
5.83853030831145e-23,0.286788022499412,0.574,0.577,1.09776046856872e-18,"Naive B","RAB11A"
7.34010077868937e-18,0.286703882703791,0.16,0.167,1.38008574840917e-13,"Naive B","RIT1"
1.50470583404429e-27,0.285553370922585,0.37,0.395,2.82914790917008e-23,"Naive B","TCP1"
5.43994407480251e-10,0.28550242927317,0.14,0.141,1.02281828494437e-05,"Naive B","WDR19"
3.3998412370932e-11,0.285406374480501,0.205,0.203,6.39238149398263e-07,"Naive B","SNHG25"
3.97694568171536e-15,0.284576432815592,0.177,0.175,7.47745327076122e-11,"Naive B","BBIP1"
2.52617378444494e-11,0.28413468149756,0.102,0.106,4.74971194951337e-07,"Naive B","ENSG00000287263"
5.29711912484834e-24,0.283852922869861,0.616,0.611,9.95964337853986e-20,"Naive B","SELENOH"
2.08086622308014e-20,0.28370215184685,0.247,0.264,3.91244467263527e-16,"Naive B","ZC3H12A"
3.74116858764059e-09,0.283527768581913,0.206,0.196,7.03414517848184e-05,"Naive B","GCA"
9.46573771154967e-125,0.283434147211573,1,0.999,1.77974800452557e-120,"Naive B","RPL34"
2.78144438571291e-17,0.283246731731927,0.243,0.253,5.22967173401742e-13,"Naive B","CDKN2D"
9.07365360268415e-07,0.28260593155206,0.052,0.053,0.0170602835037667,"Naive B","ACOT7"
6.10518899697139e-08,0.282603525751829,0.112,0.108,0.00114789763521056,"Naive B","MUTYH"
2.18237396931839e-28,0.281433486108419,0.444,0.454,4.10329953711245e-24,"Naive B","MORF4L2"
7.86232706386564e-12,0.281411319605432,0.271,0.272,1.47827473454802e-07,"Naive B","MXI1"
2.76897950907465e-08,0.281114254229594,0.132,0.129,0.000520623527296215,"Naive B","ENSG00000233912"
2.12580183165321e-06,0.280608380349902,0.048,0.05,0.0399693260387437,"Naive B","ENSG00000249870"
7.2596444167478e-12,0.280494894427127,0.063,0.069,1.36495834323692e-07,"Naive B","HAUS4"
1.50659734698805e-08,0.28033329268873,0.168,0.162,0.000283270433180693,"Naive B","CCNYL1"
2.70029931990737e-08,0.280056022590794,0.087,0.091,0.000507710278128984,"Naive B","DPH5-DT"
2.04318867387851e-14,0.278929936896905,0.194,0.192,3.84160334462638e-10,"Naive B","CSNK2A2"
1.54483712304001e-06,0.278658738659976,0.061,0.062,0.0290460275873983,"Naive B","SAYSD1"
7.41081628754322e-18,0.278495757221388,0.232,0.235,1.39338167838388e-13,"Naive B","EMSY"
2.17929246404933e-07,0.278365977764787,0.134,0.136,0.00409750569090556,"Naive B","ENSG00000288755"
5.60649179105138e-17,0.278347093800464,0.248,0.248,1.05413258655348e-12,"Naive B","NBEAL1"
2.31121860020894e-13,0.278225168293185,0.18,0.181,4.34555321211285e-09,"Naive B","GTPBP1"
1.85155450422443e-07,0.277248383205493,0.189,0.184,0.00348129277884277,"Naive B","MSI2"
2.008679888609e-12,0.276948173020986,0.334,0.32,3.77671992656265e-08,"Naive B","UBAC2"
1.75188115943076e-07,0.276708241710345,0.045,0.049,0.00329388695596172,"Naive B","GP6-AS1"
5.29454564349376e-26,0.276682011444847,0.352,0.36,9.95480471889697e-22,"Naive B","FXR1"
7.42436399759856e-14,0.275979198896551,0.221,0.219,1.39592891882848e-09,"Naive B","ICAM2"
5.88480884388783e-08,0.274844198474807,0.089,0.089,0.00110646175882779,"Naive B","CHD1L"
1.59066071608743e-24,0.274464172727773,0.231,0.261,2.99076027838759e-20,"Naive B","FAM210A"
7.63634327392235e-31,0.274181989212218,0.886,0.806,1.43578526236288e-26,"Naive B","BACH2"
1.59808320539747e-11,0.274171402547964,0.123,0.123,3.00471604278833e-07,"Naive B","DDX47"
6.8258833206168e-24,0.273996151800333,0.636,0.63,1.28340258194237e-19,"Naive B","RARA"
6.77712207638214e-18,0.273188038637127,0.127,0.137,1.27423449280137e-13,"Naive B","WDTC1"
2.87682015033109e-68,0.273079184532147,0.996,0.995,5.40899724665251e-64,"Naive B","RPL21"
1.95271544531098e-20,0.272990490433343,0.484,0.487,3.67149558027371e-16,"Naive B","CLK1"
1.30363723410841e-09,0.272764088360499,0.068,0.07,2.45109872757063e-05,"Naive B","TPCN2"
1.01500018065716e-21,0.272061482903614,0.339,0.339,1.90840333967159e-17,"Naive B","ZNF326"
3.24607674200261e-11,0.271942663900103,0.376,0.353,6.1032734903133e-07,"Naive B","KLHL2"
3.42280453892961e-07,0.271800070701684,0.06,0.064,0.00643555709409545,"Naive B","HEATR6"
1.10793452710124e-21,0.271676947059517,0.364,0.366,2.08313849785575e-17,"Naive B","CAMTA1"
1.33741665893892e-13,0.271646288892094,0.135,0.141,2.51461080213697e-09,"Naive B","WDR47"
1.13066880171311e-12,0.271418409248277,0.173,0.174,2.12588348098098e-08,"Naive B","N4BP3"
7.29040631492038e-17,0.271101204799659,0.136,0.146,1.37074219533133e-12,"Naive B","CKS1B"
5.57440239357231e-19,0.270856566177816,0.184,0.192,1.04809913803947e-14,"Naive B","MCFD2"
2.95578530708112e-25,0.270737023197116,0.174,0.185,5.55746753437393e-21,"Naive B","COPRS"
1.0875315649792e-16,0.270678749872004,0.877,0.856,2.0447768484739e-12,"Naive B","LINC-PINT"
8.15078725397705e-17,0.270368739145844,0.417,0.406,1.53251101949277e-12,"Naive B","HIP1R"
7.78810506888493e-16,0.270334004486414,0.282,0.282,1.46431951505175e-11,"Naive B","NARF"
9.26838157354106e-13,0.269981217346393,0.12,0.125,1.74264110345719e-08,"Naive B","TFE3"
2.28237828126491e-08,0.269220729183274,0.027,0.031,0.000429132764443427,"Naive B","TCEAL8"
4.13677235661243e-07,0.268857464518208,0.047,0.051,0.00777795938490268,"Naive B","FMC1"
8.84347076259157e-07,0.268613034363495,0.037,0.04,0.0166274937278247,"Naive B","ZNF155"
9.01839995876893e-08,0.268005852718719,0.056,0.059,0.00169563956024774,"Naive B","SMIM27"
1.37311310427419e-32,0.26796877149232,0.295,0.325,2.58172725865633e-28,"Naive B","EIF1AY"
2.17672608372425e-27,0.26794290273934,0.4,0.405,4.09268038261833e-23,"Naive B","IFNAR1"
3.10563979180964e-07,0.267884807656951,0.075,0.079,0.00583922393656049,"Naive B","PTTG1"
5.99628612807588e-07,0.267614965318346,0.066,0.069,0.0112742171780083,"Naive B","STK32C"
2.03431211127009e-23,0.267604046366912,0.533,0.6,3.82491363161002e-19,"Naive B","HSPE1"
1.22939844136246e-14,0.267569256097067,0.303,0.306,2.31151494944969e-10,"Naive B","TANK-AS1"
1.55426206715157e-10,0.267299030585687,0.144,0.152,2.92232353865838e-06,"Naive B","AGPAT4"
1.74182786615299e-08,0.267193690490945,0.069,0.072,0.000327498475394085,"Naive B","SAP130"
4.21437482456344e-12,0.267015572572247,0.089,0.093,7.92386754514417e-08,"Naive B","TSPAN31"
2.68245545299824e-15,0.26697554176504,0.578,0.554,5.0435527427273e-11,"Naive B","INPP5D"
4.40597967834655e-17,0.266685623914575,0.411,0.41,8.28412299122718e-13,"Naive B","FMNL1-DT"
7.07352317166514e-23,0.266414983846934,0.317,0.327,1.32996382673648e-18,"Naive B","CCDC93"
7.22710686884527e-11,0.265894343077218,0.138,0.138,1.35884063348029e-06,"Naive B","AGPAT2"
1.90782830686333e-06,0.265701649257363,0.063,0.066,0.0358709878256443,"Naive B","MMUT"
5.29967924770503e-24,0.265656030682789,0.632,0.642,9.96445692153499e-20,"Naive B","SELENOK"
3.62571826981535e-16,0.264696466647081,0.604,0.56,6.81707549090682e-12,"Naive B","PRKCE"
3.112127316195e-11,0.264609738942196,0.112,0.113,5.85142177990984e-07,"Naive B","ECSIT"
3.46768263326555e-14,0.264511411600441,0.139,0.143,6.51993688706589e-10,"Naive B","PDK3"
1.21715212913028e-14,0.264019624233019,0.549,0.544,2.28848943319075e-10,"Naive B","FCMR"
2.02175839221939e-14,0.26256039738145,0.205,0.214,3.80131012905089e-10,"Naive B","ABRACL"
4.29397307073984e-31,0.26200812927829,0.404,0.439,8.07352816760504e-27,"Naive B","ZC3HAV1"
1.38669433359251e-20,0.261153418307196,0.764,0.746,2.60726268602064e-16,"Naive B","SSH2"
6.15540710877053e-11,0.261112017443933,0.139,0.141,1.15733964459103e-06,"Naive B","FEZ2"
5.63456756445521e-18,0.259649084469069,0.37,0.38,1.05941139346887e-13,"Naive B","SNHG5"
4.88957545076872e-13,0.2591718796635,0.244,0.252,9.19337976253535e-09,"Naive B","GCH1"
3.59127938971039e-23,0.258965434658708,0.534,0.54,6.75232350853347e-19,"Naive B","TRA2A"
7.24272922397744e-16,0.258571654838729,0.25,0.259,1.36177794869224e-11,"Naive B","ENSG00000266049"
6.55940643059955e-13,0.258263808302394,0.163,0.164,1.23329959708133e-08,"Naive B","NEK9"
9.3436396008235e-11,0.258118882316944,0.247,0.246,1.75679111774684e-06,"Naive B","BTG1-DT"
3.44549887081621e-17,0.257777240379479,0.288,0.286,6.47822697690864e-13,"Naive B","MAPKAPK2"
1.18865977026745e-59,0.257746240694671,0.999,0.998,2.23491810005685e-55,"Naive B","RPS4X"
1.3260901305324e-08,0.25724628455901,0.202,0.192,0.000249331466342701,"Naive B","TET3"
5.01227639561447e-16,0.256580371110643,0.352,0.395,9.42408207903433e-12,"Naive B","INSIG1"
2.63193780682495e-11,0.256420665062712,0.59,0.563,4.94856946439227e-07,"Naive B","TXNIP"
1.09122016139553e-13,0.256301710764578,0.47,0.452,2.05171214745587e-09,"Naive B","TCP11L2"
4.26823182349285e-07,0.256226598870015,0.186,0.179,0.00802512947453126,"Naive B","TXLNG"
3.61422659870006e-14,0.255624507814268,0.158,0.167,6.79546885087586e-10,"Naive B","SLC12A2"
9.05419150241175e-11,0.255501631225763,0.121,0.125,1.70236908628346e-06,"Naive B","ZNF585A"
1.27109981343291e-07,0.255367257151176,0.102,0.102,0.00238992186921656,"Naive B","RBM12"
2.27543569270333e-21,0.255162318154353,0.196,0.208,4.27827418942081e-17,"Naive B","MED19"
2.46202622189933e-09,0.254889996415796,0.104,0.104,4.62910170241513e-05,"Naive B","ZNF480"
7.57110520917354e-08,0.254450506633348,0.049,0.052,0.00142351920142881,"Naive B","ENSG00000243305"
1.49061002566809e-11,0.253932334292558,0.105,0.113,2.80264497026114e-07,"Naive B","ITGB3BP"
1.3277607507752e-11,0.253921313338269,0.141,0.146,2.49645576360753e-07,"Naive B","SLC20A2"
2.42776118426191e-10,0.253491838626536,0.156,0.156,4.56467657864924e-06,"Naive B","ENSG00000249207"
8.54326252093199e-13,0.253404876408825,0.153,0.16,1.60630421918563e-08,"Naive B","KBTBD8"
1.95799341201852e-09,0.253205195246739,0.23,0.224,3.68141921327723e-05,"Naive B","EEIG2"
7.01687188250764e-08,0.253073852246012,0.127,0.128,0.00131931225134909,"Naive B","ENSG00000291174"
3.22145455095907e-11,0.252722365693463,0.12,0.123,6.05697884671325e-07,"Naive B","SNAPC1"
6.03345072754145e-18,0.252473593609719,0.46,0.464,1.13440940579234e-13,"Naive B","POLD4"
3.76878852526494e-07,0.251807808359219,0.121,0.119,0.00708607618520313,"Naive B","ENSG00000272742"
8.03513076814523e-22,0.25154377243695,0.795,0.783,1.51076528702667e-17,"Naive B","SMCHD1"
1.25499057877297e-27,0.251450446088268,0.397,0.424,2.35963328620894e-23,"Naive B","WDR74"
1.74527955553116e-27,0.251431901471537,0.501,0.537,3.28147462030968e-23,"Naive B","ARIH1"
1.50822232224459e-09,0.251363713596817,0.823,0.807,2.83575961028427e-05,"Naive B","NFKBIA"
6.68446282608299e-09,0.250977793736351,0.171,0.166,0.000125681270056012,"Naive B","HELQ"
1.0820234830059e-09,0.250364614523485,0.096,0.1,2.0344205527477e-05,"Naive B","ZNF263"
6.74013713639243e-07,0.250347531323788,0.12,0.118,0.012672805843845,"Naive B","ACER3"
1.38827158450236e-223,2.90045922200547,0.483,0.075,2.61022823318134e-219,"Intermediate B (HLA-G+)","HLA-G"
1.03777138988629e-22,2.73340016677993,0.051,0.006,1.9512177672642e-18,"Intermediate B (HLA-G+)","ENSG00000289536"
1.56364033005181e-10,2.60354812253092,0.037,0.018,2.93995654856341e-06,"Intermediate B (HLA-G+)","IGHV1-69"
2.66411676238821e-42,2.30957107750667,0.154,0.042,5.0090723366423e-38,"Intermediate B (HLA-G+)","EMP1"
6.434540613581e-12,2.30821632987582,0.039,0.008,1.2098223261655e-07,"Intermediate B (HLA-G+)","LRP11"
1.0019379178526e-06,2.29213354039939,0.027,0.01,0.0188384367314645,"Intermediate B (HLA-G+)","IGHV3-74"
3.2989726015601e-09,2.275002003691,0.031,0.007,6.2027282854533e-05,"Intermediate B (HLA-G+)","DENND2A"
1.38617718928588e-07,2.22040375215898,0.027,0.007,0.00260629035129531,"Intermediate B (HLA-G+)","A4GALT"
8.17344573505143e-18,2.01873196664542,0.074,0.02,1.53677126710437e-13,"Intermediate B (HLA-G+)","TRIM47"
4.41216925815491e-07,1.94144755739599,0.029,0.008,0.00829576063918286,"Intermediate B (HLA-G+)","GNG3"
1.12643226261363e-07,1.89695808825622,0.036,0.012,0.00211791794016615,"Intermediate B (HLA-G+)","NANOS3"
9.42496574850596e-09,1.80469320025156,0.04,0.014,0.000177208206003409,"Intermediate B (HLA-G+)","NLRP2"
7.01221538061043e-18,1.66139230628672,0.097,0.036,1.31843673586237e-13,"Intermediate B (HLA-G+)","ATOSB"
2.36565390230034e-76,1.55939793851884,0.412,0.164,4.4479024671051e-72,"Intermediate B (HLA-G+)","HLA-DQA2"
9.52502441732169e-285,1.54535816787321,0.971,0.78,1.79089509094482e-280,"Intermediate B (HLA-G+)","UCP2"
9.30510833103916e-08,1.53240434614886,0.046,0.017,0.00174954646840198,"Intermediate B (HLA-G+)","ENSG00000289169"
1.65586396091557e-06,1.5158731873051,0.04,0.016,0.0311335541931346,"Intermediate B (HLA-G+)","NPHP1"
2.04030861311436e-16,1.48620892973771,0.107,0.045,3.83618825437762e-12,"Intermediate B (HLA-G+)","SAMD1"
2.67383949626173e-11,1.48129269312934,0.067,0.031,5.02735302087131e-07,"Intermediate B (HLA-G+)","SMKR1"
1.23877890360934e-19,1.46919835568342,0.125,0.053,2.32915209456627e-15,"Intermediate B (HLA-G+)","ENSG00000287168"
1.18885892822133e-19,1.46773385262511,0.133,0.054,2.23529255684175e-15,"Intermediate B (HLA-G+)","SLC35E4"
1.55623088308122e-14,1.41995249223736,0.104,0.044,2.92602530636932e-10,"Intermediate B (HLA-G+)","HEBP1"
2.14143943212112e-06,1.41687301278704,0.042,0.017,0.0402633442027413,"Intermediate B (HLA-G+)","MAFIP"
4.25875892138515e-09,1.41237142762638,0.062,0.025,8.00731852398835e-05,"Intermediate B (HLA-G+)","LRRC56"
4.77106242898208e-12,1.41179041289324,0.091,0.044,8.9705515789721e-08,"Intermediate B (HLA-G+)","CFAP210"
1.05284608914735e-08,1.3958761011442,0.057,0.028,0.000197956121681484,"Intermediate B (HLA-G+)","APOBEC3B"
4.04970784514257e-17,1.36545811564567,0.114,0.053,7.61426069043706e-13,"Intermediate B (HLA-G+)","ENSG00000289293"
1.10310992266291e-62,1.3628060663522,0.453,0.229,2.0740672765908e-58,"Intermediate B (HLA-G+)","WEE1"
6.67801189391102e-18,1.36123419092265,0.146,0.066,1.25559979629315e-13,"Intermediate B (HLA-G+)","KLK1"
1.11294750611493e-07,1.33404565916051,0.056,0.025,0.00209256390099728,"Intermediate B (HLA-G+)","ENSG00000278932"
3.10004151655541e-37,1.3114808129776,0.312,0.153,5.82869805942748e-33,"Intermediate B (HLA-G+)","COPDA1"
5.57074455945917e-239,1.28691385588153,0.986,0.91,1.04741139206951e-234,"Intermediate B (HLA-G+)","CRIP1"
4.3140306259835e-14,1.26824617286794,0.124,0.067,8.11124038297418e-10,"Intermediate B (HLA-G+)","CNIH2"
4.22708334165839e-12,1.25762518815501,0.103,0.049,7.94776209898611e-08,"Intermediate B (HLA-G+)","ARMC2"
2.20298479155626e-17,1.23611968670143,0.155,0.074,4.14205200508409e-13,"Intermediate B (HLA-G+)","ENSG00000289707"
7.16017460803424e-12,1.23136410908733,0.104,0.05,1.3462560298026e-07,"Intermediate B (HLA-G+)","MAK"
4.41426841643755e-13,1.22703405919315,0.106,0.045,8.29970747658589e-09,"Intermediate B (HLA-G+)","CLIC3"
3.93690255945777e-100,1.21341085851881,0.68,0.417,7.4021641922925e-96,"Intermediate B (HLA-G+)","ANTXR2"
5.92545558080959e-137,1.21163802187075,0.836,0.559,1.11410415830382e-132,"Intermediate B (HLA-G+)","MYADM"
7.57357369654147e-10,1.20093488907591,0.087,0.041,1.42398332642373e-05,"Intermediate B (HLA-G+)","GSTM1"
5.5687620136384e-10,1.19135371713852,0.094,0.045,1.04703863380429e-05,"Intermediate B (HLA-G+)","MAPRE3"
1.32296927344207e-09,1.18990205723401,0.095,0.052,2.48744682792579e-05,"Intermediate B (HLA-G+)","ATP2B4"
3.95750830757135e-22,1.18120471594437,0.243,0.135,7.44090711989566e-18,"Intermediate B (HLA-G+)","PPP1R14A"
1.25135074622218e-06,1.17778381821534,0.056,0.025,0.0235278967304694,"Intermediate B (HLA-G+)","FAM234B"
1.11959046773668e-08,1.17290608063733,0.081,0.039,0.00021050539974385,"Intermediate B (HLA-G+)","FUZ"
9.24771752092591e-23,1.16977645137606,0.22,0.113,1.73875584828449e-18,"Intermediate B (HLA-G+)","CEP126"
1.31267686802493e-12,1.16099700067289,0.123,0.074,2.46809504726047e-08,"Intermediate B (HLA-G+)","CD27"
9.91744408596977e-11,1.1209226790767,0.088,0.05,1.86467783704404e-06,"Intermediate B (HLA-G+)","POU2F2-AS1"
1.45981364295001e-11,1.11588274535813,0.114,0.06,2.74474161147462e-07,"Intermediate B (HLA-G+)","RGS14"
1.27257775072259e-06,1.10662324710084,0.068,0.034,0.0239270068690861,"Intermediate B (HLA-G+)","ZNF667"
4.60177620136648e-07,1.08956215029142,0.056,0.024,0.00865225961380926,"Intermediate B (HLA-G+)","LINC01800"
2.98297912896993e-32,1.08522784571893,0.308,0.176,5.60859735828927e-28,"Intermediate B (HLA-G+)","USF1"
1.08236440625536e-16,1.08292463388834,0.167,0.097,2.03506155664133e-12,"Intermediate B (HLA-G+)","TEDC1"
9.96767527535067e-38,1.07991641814039,0.402,0.237,1.87412230527143e-33,"Intermediate B (HLA-G+)","CRIP2"
1.38285395130306e-06,1.06678658603708,0.072,0.041,0.0260004199924002,"Intermediate B (HLA-G+)","NLRC3"
7.9523683154517e-17,1.05893272507489,0.181,0.101,1.49520429067123e-12,"Intermediate B (HLA-G+)","PDLIM7"
1.6030126509653e-08,1.046049897992,0.088,0.067,0.000301398438634496,"Intermediate B (HLA-G+)","IGKV1-39"
4.93696918926568e-20,1.03623180957726,0.228,0.128,9.28248946965734e-16,"Intermediate B (HLA-G+)","CAMKK1"
1.13887434926598e-36,1.03286395292909,0.383,0.223,2.14131155148989e-32,"Intermediate B (HLA-G+)","ZSCAN18"
8.71854016844235e-09,1.02847071732666,0.099,0.055,0.000163925992247053,"Intermediate B (HLA-G+)","THEM4"
1.09519505610379e-07,1.02465905182427,0.084,0.046,0.00205918574448635,"Intermediate B (HLA-G+)","CALHM2"
1.09016903798413e-99,1.00776686770808,0.795,0.559,2.04973582521776e-95,"Intermediate B (HLA-G+)","NAPSB"
1.79243719391175e-172,1.00731294352442,0.982,0.849,3.37014041199288e-168,"Intermediate B (HLA-G+)","LMNA"
1.22747745651499e-15,1.0047238808216,0.181,0.101,2.30790311373948e-11,"Intermediate B (HLA-G+)","ARL17B"
2.97087878142123e-09,1.00323301100137,0.107,0.057,5.5858462848282e-05,"Intermediate B (HLA-G+)","DNAL4"
6.37055991782629e-07,0.995311325865261,0.09,0.054,0.011977926757497,"Intermediate B (HLA-G+)","FRY"
6.8718526613295e-10,0.988076940342702,0.122,0.065,1.29204573738317e-05,"Intermediate B (HLA-G+)","ZNF487"
8.41805134092676e-22,0.985683603862477,0.266,0.155,1.58276201312105e-17,"Intermediate B (HLA-G+)","CCDC167"
8.57899154088627e-10,0.9854523463236,0.116,0.067,1.61302198951744e-05,"Intermediate B (HLA-G+)","NEK11"
5.10122916879794e-07,0.981817349535636,0.083,0.05,0.0095913310831739,"Intermediate B (HLA-G+)","MOK"
6.51884448046924e-08,0.978677428103067,0.099,0.055,0.00122567313921783,"Intermediate B (HLA-G+)","DNAL1"
1.55564394542785e-97,0.970050413600302,0.846,0.606,2.92492174619345e-93,"Intermediate B (HLA-G+)","S100A11"
8.34647606659004e-15,0.954275232911532,0.192,0.114,1.56930443004026e-10,"Intermediate B (HLA-G+)","ARL3"
4.71054765261128e-10,0.953540768623891,0.131,0.076,8.85677169643973e-06,"Intermediate B (HLA-G+)","CETN2"
3.08184386436925e-231,0.950328037581863,0.998,0.973,5.79448283378707e-227,"Intermediate B (HLA-G+)","RPS26"
5.69710499402673e-14,0.949541303079877,0.192,0.12,1.07116968097691e-09,"Intermediate B (HLA-G+)","EFCAB2"
3.9452379264216e-57,0.948926537140056,0.617,0.402,7.4178363492579e-53,"Intermediate B (HLA-G+)","RFX3"
2.12400546130609e-13,0.946546971616812,0.195,0.113,3.99355506834772e-09,"Intermediate B (HLA-G+)","CXCR3"
1.09798168958722e-06,0.945680396667416,0.087,0.051,0.0206442517276189,"Intermediate B (HLA-G+)","WDR81"
4.87617781645275e-08,0.942277636520665,0.111,0.07,0.000916818953049446,"Intermediate B (HLA-G+)","KLRK1"
2.02323649433751e-73,0.940747418146819,0.711,0.524,3.80408925665338e-69,"Intermediate B (HLA-G+)","PBXIP1"
1.02229124427744e-07,0.939776789412591,0.099,0.084,0.00192211199749043,"Intermediate B (HLA-G+)","IGKV4-1"
5.47164888669603e-07,0.932418213895113,0.084,0.054,0.0102877942367659,"Intermediate B (HLA-G+)","LINC02149"
1.73301337478875e-15,0.920867226851924,0.244,0.153,3.25841174727781e-11,"Intermediate B (HLA-G+)","COL9A3"
4.79269322337193e-07,0.917887507495634,0.1,0.061,0.0090112217985839,"Intermediate B (HLA-G+)","RFX2"
2.28444654396254e-08,0.908043407141465,0.119,0.066,0.000429521639195836,"Intermediate B (HLA-G+)","ENSG00000289474"
1.60168147829493e-19,0.903434821936697,0.286,0.177,3.01148151549013e-15,"Intermediate B (HLA-G+)","PRDM8"
2.06415259679672e-07,0.899687642770654,0.105,0.061,0.0038810197124972,"Intermediate B (HLA-G+)","ENSG00000176593"
5.6716204189365e-22,0.895918757398657,0.289,0.181,1.06637807116844e-17,"Intermediate B (HLA-G+)","MED25"
1.96968972196776e-20,0.891664764674634,0.299,0.193,3.70341061524378e-16,"Intermediate B (HLA-G+)","CKLF"
6.91884004250155e-11,0.883765273619071,0.158,0.095,1.30088030479114e-06,"Intermediate B (HLA-G+)","CA5B"
2.27730557217717e-06,0.881640536738183,0.097,0.058,0.0428178993680751,"Intermediate B (HLA-G+)","FXYD7"
4.77709322750381e-07,0.862482887495058,0.128,0.084,0.00898189068635266,"Intermediate B (HLA-G+)","SSPN"
2.94315094650793e-11,0.856692876263411,0.162,0.1,5.53371240962422e-07,"Intermediate B (HLA-G+)","C16orf54"
2.63726391518061e-19,0.852925072083436,0.273,0.177,4.95858361332258e-15,"Intermediate B (HLA-G+)","MTX1"
1.33974252712337e-07,0.852536258278067,0.119,0.069,0.00251898389949735,"Intermediate B (HLA-G+)","PPIL6"
1.37927009350564e-13,0.851026396174471,0.211,0.132,2.59330362980931e-09,"Intermediate B (HLA-G+)","XRRA1"
7.50622465836977e-12,0.850637941607453,0.183,0.113,1.41132036026668e-07,"Intermediate B (HLA-G+)","DUSP18"
6.40685031187974e-07,0.849280133206337,0.107,0.063,0.0120461599563963,"Intermediate B (HLA-G+)","EFHC1"
1.33455254508371e-10,0.848358064444714,0.171,0.103,2.50922569526639e-06,"Intermediate B (HLA-G+)","WDR35"
1.00512161631876e-22,0.84622037346158,0.338,0.207,1.88982966300253e-18,"Intermediate B (HLA-G+)","MIR23AHG"
5.51447065590738e-09,0.84219462802295,0.141,0.085,0.000103683077272371,"Intermediate B (HLA-G+)","PARD6A"
4.77765811729434e-20,0.835607149660656,0.315,0.208,8.98295279213682e-16,"Intermediate B (HLA-G+)","MPP7"
9.88861942333973e-35,0.833553878103746,0.712,0.597,1.85925822397634e-30,"Intermediate B (HLA-G+)","S100A10"
7.19297624034961e-15,0.832449161308964,0.231,0.152,1.35242339271053e-10,"Intermediate B (HLA-G+)","HRAS"
2.34599905790338e-06,0.821644039245453,0.111,0.074,0.0441094742866993,"Intermediate B (HLA-G+)","DYNLT2B"
5.55654138830203e-09,0.819573121573703,0.151,0.091,0.000104474091182855,"Intermediate B (HLA-G+)","NQO2"
2.64974408776301e-07,0.809792844899518,0.067,0.049,0.00498204883381202,"Intermediate B (HLA-G+)","CHID1"
1.02338195363134e-06,0.80914437727582,0.11,0.069,0.0192416274921765,"Intermediate B (HLA-G+)","SPATA33"
4.63251888370195e-08,0.808510432307858,0.14,0.091,0.00087100620051364,"Intermediate B (HLA-G+)","TNFRSF12A"
4.54619854348001e-10,0.802885782989307,0.152,0.102,8.54776250145112e-06,"Intermediate B (HLA-G+)","PPIL2"
1.69044276402102e-72,0.800404876596097,0.863,0.726,3.17837048491232e-68,"Intermediate B (HLA-G+)","AHNAK"
1.25545136167803e-23,0.799400326015059,0.386,0.251,2.36049965022703e-19,"Intermediate B (HLA-G+)","E2F5"
2.48885456761725e-73,0.798645592588102,0.815,0.622,4.67954435803396e-69,"Intermediate B (HLA-G+)","RIPOR1"
1.21762359344038e-10,0.790697446557775,0.193,0.121,2.28937588038661e-06,"Intermediate B (HLA-G+)","PDE7B"
6.28176537800943e-10,0.788650311235375,0.171,0.106,1.18109752637333e-05,"Intermediate B (HLA-G+)","FHOD1"
8.4290292781151e-07,0.785056263706816,0.12,0.075,0.015848260848712,"Intermediate B (HLA-G+)","TIMP1"
1.77822281366863e-06,0.783960449568998,0.114,0.07,0.0334341453425975,"Intermediate B (HLA-G+)","GLIPR2"
8.1779412614893e-11,0.783205227656345,0.182,0.118,1.53761651598522e-06,"Intermediate B (HLA-G+)","ENSG00000259945"
1.48217186010131e-101,0.779820487990822,0.922,0.769,2.78677953136249e-97,"Intermediate B (HLA-G+)","CD99"
7.57713567365463e-10,0.778468924521912,0.172,0.115,1.42465304936054e-05,"Intermediate B (HLA-G+)","NBPF1"
1.50998045516604e-34,0.77275495614176,0.527,0.352,2.83906525180318e-30,"Intermediate B (HLA-G+)","PRMT2"
1.13778002330442e-15,0.768544620474138,0.284,0.184,2.13925399981697e-11,"Intermediate B (HLA-G+)","ULK4"
1.00905021093316e-12,0.751367983513299,0.233,0.159,1.89721620659652e-08,"Intermediate B (HLA-G+)","GPX7"
1.42983523702867e-08,0.743478221134779,0.163,0.101,0.00026883762126613,"Intermediate B (HLA-G+)","FCGR2B"
5.21711955714402e-13,0.740992288231753,0.249,0.157,9.80922819134218e-09,"Intermediate B (HLA-G+)","JUP"
3.41754961906834e-109,0.73956804345395,0.941,0.843,6.42567679377229e-105,"Intermediate B (HLA-G+)","IDS"
6.00090244637228e-15,0.736978821599057,0.287,0.217,1.12828967796692e-10,"Intermediate B (HLA-G+)","LRRC8C"
4.51070732920654e-10,0.734277209395989,0.189,0.132,8.48103192037414e-06,"Intermediate B (HLA-G+)","TMEM14C"
1.33928436264741e-06,0.731921376166331,0.113,0.078,0.0251812245864967,"Intermediate B (HLA-G+)","IFT22"
6.39187288923321e-13,0.730430776671846,0.256,0.175,1.20179994063363e-08,"Intermediate B (HLA-G+)","ENSG00000291214"
2.28011625657615e-13,0.729148525810029,0.272,0.187,4.28707458561447e-09,"Intermediate B (HLA-G+)","SVBP"
3.58707029080455e-07,0.728924192594417,0.142,0.095,0.00674440956077071,"Intermediate B (HLA-G+)","ETFRF1"
8.56507416225559e-11,0.721110309480189,0.211,0.142,1.6104052439873e-06,"Intermediate B (HLA-G+)","CARD8-AS1"
3.72777041302597e-69,0.716190732051961,0.855,0.677,7.00895393057143e-65,"Intermediate B (HLA-G+)","CD82"
9.91584668332944e-82,0.712297521275045,0.88,0.74,1.8643774933996e-77,"Intermediate B (HLA-G+)","SNX2"
2.59129171729774e-12,0.711814518694147,0.229,0.165,4.87214668686322e-08,"Intermediate B (HLA-G+)","ZNF395"
1.10865878262904e-24,0.711620906611681,0.437,0.313,2.08450024309912e-20,"Intermediate B (HLA-G+)","MBD2"
1.80738567996071e-07,0.71097804951944,0.127,0.09,0.00339824655546212,"Intermediate B (HLA-G+)","ELMOD3"
4.85175255751422e-24,0.706288789732627,0.489,0.35,9.12226515863824e-20,"Intermediate B (HLA-G+)","RGCC"
4.40434623622797e-09,0.706190482618891,0.185,0.12,8.28105179335583e-05,"Intermediate B (HLA-G+)","ADCK2"
2.29029037145266e-07,0.705849818480015,0.153,0.106,0.00430620395640529,"Intermediate B (HLA-G+)","ESYT1"
1.0014417940562e-10,0.704976299798646,0.218,0.152,1.88291086118446e-06,"Intermediate B (HLA-G+)","OOEP"
5.80682016383024e-11,0.700600638887467,0.213,0.156,1.09179832720336e-06,"Intermediate B (HLA-G+)","EIF2AK4"
1.24166015181674e-22,0.698938567219588,0.439,0.311,2.33456941744583e-18,"Intermediate B (HLA-G+)","ARHGAP30"
1.93123393533173e-69,0.688082408775791,0.883,0.736,3.63110604521071e-65,"Intermediate B (HLA-G+)","CAMK1D"
1.33884844800526e-07,0.686490521961539,0.18,0.124,0.0025173028519395,"Intermediate B (HLA-G+)","DYRK1B"
4.130236871821e-07,0.686208084485915,0.159,0.104,0.00776567136639784,"Intermediate B (HLA-G+)","RNF166"
7.47647381990794e-37,0.684108102583435,0.772,0.649,1.40572660761909e-32,"Intermediate B (HLA-G+)","KLF2"
1.60259900406368e-06,0.682064037288662,0.147,0.101,0.0301320664744053,"Intermediate B (HLA-G+)","TSPAN14"
9.41668462867742e-21,0.679495313734286,0.384,0.288,1.77052504388393e-16,"Intermediate B (HLA-G+)","TMEM43"
1.02153809633237e-20,0.679452003960101,0.416,0.29,1.92069592872412e-16,"Intermediate B (HLA-G+)","MAP7D1"
1.86562860971643e-18,0.676506809944075,0.354,0.253,3.50775491198882e-14,"Intermediate B (HLA-G+)","TSR3"
1.02561065077904e-07,0.676389914123885,0.173,0.113,0.00192835314559476,"Intermediate B (HLA-G+)","TESK1"
2.42841208389022e-08,0.67133878577116,0.176,0.123,0.000456590040013039,"Intermediate B (HLA-G+)","THSD4-AS1"
3.58371008419566e-27,0.664299191334994,0.528,0.371,6.73809170030468e-23,"Intermediate B (HLA-G+)","CMTM7"
5.10172778263759e-44,0.663386124610307,0.721,0.549,9.59226857691519e-40,"Intermediate B (HLA-G+)","PDLIM1"
1.38133527114477e-06,0.662294900853216,0.153,0.105,0.0259718657680639,"Intermediate B (HLA-G+)","TRDMT1"
1.00170365941659e-08,0.660574837176799,0.2,0.146,0.000188340322043508,"Intermediate B (HLA-G+)","ENSG00000234961"
3.99354912449384e-15,0.655213896348144,0.359,0.261,7.50867106387332e-11,"Intermediate B (HLA-G+)","CPNE5"
4.11283604737118e-28,0.654471815323123,0.592,0.438,7.73295433626729e-24,"Intermediate B (HLA-G+)","WARS1"
3.38052364744228e-39,0.653071012027203,0.741,0.574,6.35606056192097e-35,"Intermediate B (HLA-G+)","ACP5"
3.80725043716788e-14,0.652059019731061,0.335,0.247,7.15839227196304e-10,"Intermediate B (HLA-G+)","LYL1"
1.18048579424375e-06,0.650481845398184,0.168,0.118,0.0221954939033711,"Intermediate B (HLA-G+)","RALB"
2.34569929324241e-43,0.647659697231448,0.735,0.543,4.41038381115437e-39,"Intermediate B (HLA-G+)","POU2F2"
1.42323123970424e-20,0.6473285761547,0.419,0.314,2.67595937689191e-16,"Intermediate B (HLA-G+)","TWF2"
3.35364657484308e-09,0.642363789787601,0.218,0.151,6.30552629001997e-05,"Intermediate B (HLA-G+)","MED16"
2.35860439901347e-08,0.641581728250465,0.204,0.144,0.000443464799102513,"Intermediate B (HLA-G+)","SETD1B"
6.59155677249419e-07,0.637677359693581,0.168,0.115,0.0123934450436436,"Intermediate B (HLA-G+)","PLEKHA7"
1.46361375016427e-07,0.629782620231955,0.182,0.12,0.00275188657305887,"Intermediate B (HLA-G+)","DDX59"
1.13814599276117e-17,0.627677768104775,0.486,0.38,2.13994209558955e-13,"Intermediate B (HLA-G+)","CD79B"
6.97582551721121e-08,0.627523089964163,0.181,0.136,0.00131159471374605,"Intermediate B (HLA-G+)","LINC00662"
3.86491261344523e-98,0.626908660138232,0.987,0.945,7.26680869579971e-94,"Intermediate B (HLA-G+)","LRRFIP1"
5.45654203633785e-07,0.626279898642418,0.18,0.125,0.0102593903367224,"Intermediate B (HLA-G+)","POLR3K"
5.70153991533482e-08,0.623999670173449,0.212,0.153,0.00107200353488125,"Intermediate B (HLA-G+)","SNRNP25"
3.14617120195181e-07,0.620783808507065,0.179,0.121,0.00591543109390979,"Intermediate B (HLA-G+)","LRRC37A3"
8.05029389932854e-13,0.619611306494162,0.305,0.216,1.51361625895175e-08,"Intermediate B (HLA-G+)","MCRS1"
1.65011892563869e-07,0.619464992697349,0.146,0.111,0.00310255360398587,"Intermediate B (HLA-G+)","TMEM250"
3.69430314346874e-20,0.618785724466025,0.478,0.355,6.94602877034993e-16,"Intermediate B (HLA-G+)","RALGDS"
3.57182501843204e-07,0.617431325585363,0.174,0.126,0.00671574539965593,"Intermediate B (HLA-G+)","FAM83G"
2.45764649036342e-20,0.614321281303434,0.509,0.403,4.62086693118129e-16,"Intermediate B (HLA-G+)","APOBEC3G"
4.75387495037347e-08,0.613976160046861,0.191,0.143,0.00089382356816922,"Intermediate B (HLA-G+)","TEX264"
1.46066339259196e-22,0.612637327165699,0.536,0.406,2.74633931075141e-18,"Intermediate B (HLA-G+)","SUN2"
2.03383908083902e-10,0.612531387944149,0.275,0.204,3.82402423979353e-06,"Intermediate B (HLA-G+)","SSBP4"
3.56366355577568e-86,0.609217108555615,0.981,0.901,6.70040021756944e-82,"Intermediate B (HLA-G+)","SH3BGRL3"
6.32562221696821e-26,0.605899565434414,0.543,0.419,1.18934348923436e-21,"Intermediate B (HLA-G+)","NUTM2A-AS1"
7.99970019328825e-08,0.605601692233475,0.189,0.141,0.00150410363034206,"Intermediate B (HLA-G+)","SCAF1"
9.03684559028917e-11,0.601607845244106,0.278,0.204,1.69910770788617e-06,"Intermediate B (HLA-G+)","GTF2IRD2B"
4.33847118416575e-07,0.600376144155357,0.198,0.138,0.00815719352046844,"Intermediate B (HLA-G+)","AGPAT4"
3.39040080130914e-28,0.598333384959471,0.647,0.517,6.37463158662145e-24,"Intermediate B (HLA-G+)","BHLHE40"
3.55986019160386e-26,0.597556708874639,0.619,0.478,6.69324913225358e-22,"Intermediate B (HLA-G+)","PPP1R14B"
5.16073931168759e-11,0.595741265112081,0.306,0.226,9.70322205383501e-07,"Intermediate B (HLA-G+)","PPP1R18"
6.14641385924899e-26,0.591935798500308,0.643,0.515,1.15564873381599e-21,"Intermediate B (HLA-G+)","CXXC5"
1.36093695165083e-08,0.591118071783861,0.243,0.185,0.000255883365649389,"Intermediate B (HLA-G+)","ITM2C"
2.35978594106775e-06,0.590307825422641,0.17,0.12,0.0443686952639558,"Intermediate B (HLA-G+)","ENSG00000286162"
2.33412241553741e-28,0.589315981609347,0.665,0.528,4.38861696569343e-24,"Intermediate B (HLA-G+)","ARFGAP3"
5.07801378373618e-10,0.589041583960881,0.274,0.196,9.54768151618076e-06,"Intermediate B (HLA-G+)","LY86"
4.85736447958596e-08,0.587526069410613,0.205,0.156,0.000913281669451752,"Intermediate B (HLA-G+)","HCFC1R1"
2.39825187287634e-15,0.587499058359697,0.407,0.307,4.5091931713821e-11,"Intermediate B (HLA-G+)","EMB"
1.34284492233582e-11,0.587382297619861,0.304,0.231,2.52481702297582e-07,"Intermediate B (HLA-G+)","CFAP298"
1.52440710169905e-15,0.587182234378759,0.373,0.294,2.86619023261455e-11,"Intermediate B (HLA-G+)","ERCC1"
1.30216993190447e-06,0.586741455177159,0.172,0.124,0.0244833990596678,"Intermediate B (HLA-G+)","RAB11FIP4"
2.34458894148036e-40,0.584723314515835,0.824,0.702,4.40829612777137e-36,"Intermediate B (HLA-G+)","ATP2B1"
3.92242476210033e-13,0.5815115156911,0.353,0.259,7.37494303770105e-09,"Intermediate B (HLA-G+)","CCDC92"
2.02701817739443e-16,0.580342875089254,0.471,0.408,3.81119957713701e-12,"Intermediate B (HLA-G+)","IFNGR1"
1.71644604430405e-08,0.577574574264704,0.245,0.184,0.000322726185250047,"Intermediate B (HLA-G+)","VIM-AS1"
1.93388571745967e-42,0.577516382727045,0.789,0.646,3.63609192596768e-38,"Intermediate B (HLA-G+)","R3HDM4"
2.49006212224919e-07,0.575582322900795,0.195,0.151,0.00468181480225292,"Intermediate B (HLA-G+)","SPAG1"
6.84321535084925e-07,0.573328662215955,0.184,0.137,0.0128666135026668,"Intermediate B (HLA-G+)","ELAC2"
2.63127551426952e-08,0.572387280192845,0.166,0.129,0.000494732422192955,"Intermediate B (HLA-G+)","HPS6"
2.09786907380029e-07,0.572024481349205,0.193,0.146,0.0039444134325593,"Intermediate B (HLA-G+)","IKBIP"
3.54520319018895e-20,0.571560882298683,0.485,0.372,6.66569103819326e-16,"Intermediate B (HLA-G+)","RAB1B"
1.31008805539039e-08,0.570312670061037,0.273,0.199,0.000246322756174501,"Intermediate B (HLA-G+)","EEIG1"
1.54406589064758e-13,0.569106025155837,0.387,0.294,2.90315268759557e-09,"Intermediate B (HLA-G+)","CASP8"
6.50232910045568e-20,0.568511765470974,0.49,0.394,1.22256791746768e-15,"Intermediate B (HLA-G+)","DYNLRB1"
2.29660079414753e-09,0.56774386227669,0.281,0.205,4.31806881315618e-05,"Intermediate B (HLA-G+)","UPF3A"
5.60981605976163e-16,0.561150296028879,0.438,0.334,1.05475761555638e-11,"Intermediate B (HLA-G+)","SMARCB1"
3.46487537876617e-16,0.559697631014248,0.464,0.38,6.51465868715615e-12,"Intermediate B (HLA-G+)","LBR"
6.86390712124171e-07,0.558638375294044,0.208,0.149,0.0129055181693587,"Intermediate B (HLA-G+)","SRGAP2"
5.91854769485249e-16,0.558611732878867,0.426,0.336,1.11280533758617e-11,"Intermediate B (HLA-G+)","TBC1D10C"
5.60518100891743e-19,0.558185083939678,0.453,0.382,1.05388613329665e-14,"Intermediate B (HLA-G+)","PACSIN2"
7.32119439579175e-07,0.557819343415642,0.227,0.162,0.0137653097029676,"Intermediate B (HLA-G+)","PLD4"
1.41260632349156e-17,0.550514600208386,0.584,0.465,2.65598240942884e-13,"Intermediate B (HLA-G+)","YWHAH"
2.45757508624599e-19,0.549961487107906,0.547,0.418,4.62073267715972e-15,"Intermediate B (HLA-G+)","ELK3"
7.74437903025364e-09,0.549621738803357,0.256,0.201,0.000145609814526829,"Intermediate B (HLA-G+)","FGD5-AS1"
7.0875051436647e-08,0.548842865309118,0.247,0.18,0.00133259271711184,"Intermediate B (HLA-G+)","TRIM8"
1.55393346255993e-21,0.548432499814266,0.576,0.441,2.92170569630518e-17,"Intermediate B (HLA-G+)","IFT57"
1.26979831883905e-06,0.547593469223823,0.224,0.164,0.0238747479908119,"Intermediate B (HLA-G+)","IL7"
9.94516056123297e-49,0.54724800444014,0.887,0.757,1.86988908872302e-44,"Intermediate B (HLA-G+)","ADGRE5"
8.09123051876425e-10,0.54485549053735,0.294,0.217,1.52131316213805e-05,"Intermediate B (HLA-G+)","YIF1A"
1.35447921342723e-09,0.541155162956941,0.315,0.238,2.54669181708588e-05,"Intermediate B (HLA-G+)","SLK"
2.20791794703796e-10,0.540097898958695,0.293,0.233,4.15132732402078e-06,"Intermediate B (HLA-G+)","PTOV1"
1.50631385763285e-123,0.538681946172897,1,0.984,2.83217131512128e-119,"Intermediate B (HLA-G+)","TAGLN2"
7.08447484033482e-22,0.538002876436991,0.591,0.466,1.33202295947975e-17,"Intermediate B (HLA-G+)","TRAK1"
2.42863478814142e-08,0.537466850194053,0.254,0.191,0.000456631912866351,"Intermediate B (HLA-G+)","NSL1"
2.91800242653004e-44,0.536675254255928,0.975,0.913,5.48642816236178e-40,"Intermediate B (HLA-G+)","VIM"
6.31834749649761e-08,0.535397631362611,0.238,0.18,0.00118797569629148,"Intermediate B (HLA-G+)","SLC39A10"
1.87217189756856e-21,0.534605039968786,0.602,0.485,3.5200576018084e-17,"Intermediate B (HLA-G+)","MAP3K1"
3.46957296176159e-11,0.53203007691873,0.349,0.264,6.52349108270414e-07,"Intermediate B (HLA-G+)","GLRX3"
7.9883885251888e-70,0.529490669628768,0.993,0.95,1.501976810506e-65,"Intermediate B (HLA-G+)","EMP3"
6.35140470908169e-08,0.52693065644367,0.245,0.182,0.00119419111340154,"Intermediate B (HLA-G+)","PHF23"
3.04295610824899e-12,0.523884337050387,0.357,0.278,5.72136607472976e-08,"Intermediate B (HLA-G+)","SPAG7"
8.34640787918185e-07,0.518734398062336,0.207,0.161,0.0156929160944377,"Intermediate B (HLA-G+)","SBF1"
1.5824969974061e-10,0.518731409007213,0.342,0.253,2.97541085452295e-06,"Intermediate B (HLA-G+)","MARCHF9"
2.8007943780382e-10,0.516205571667737,0.289,0.202,5.26605358958743e-06,"Intermediate B (HLA-G+)","IGHG3"
9.32705439009432e-10,0.509168323765745,0.304,0.243,1.75367276642553e-05,"Intermediate B (HLA-G+)","RFX1"
7.92347739918013e-07,0.509137905611288,0.242,0.188,0.0148977222059385,"Intermediate B (HLA-G+)","ACADM"
1.03548668479486e-13,0.504625108347509,0.427,0.348,1.9469220647513e-09,"Intermediate B (HLA-G+)","RGS19"
2.33216411518093e-08,0.504002639760278,0.277,0.212,0.000438493496936319,"Intermediate B (HLA-G+)","HMOX2"
5.48526889703421e-27,0.503472530518248,0.723,0.598,1.03134025802037e-22,"Intermediate B (HLA-G+)","GNB2"
8.41260934246606e-10,0.501702642675336,0.325,0.258,1.58173880857047e-05,"Intermediate B (HLA-G+)","SPOP"
9.16062982252784e-10,0.499933724983963,0.257,0.212,1.72238161923169e-05,"Intermediate B (HLA-G+)","PAGR1"
4.24366833417812e-08,0.497390505306947,0.224,0.183,0.000797894520192171,"Intermediate B (HLA-G+)","NBPF12"
1.22789612045868e-13,0.496686808660029,0.465,0.367,2.30869028568641e-09,"Intermediate B (HLA-G+)","TMX4"
2.63231302388255e-26,0.496194094287749,0.743,0.612,4.94927494750398e-22,"Intermediate B (HLA-G+)","ORAI2"
1.5353948909066e-06,0.495265632200764,0.238,0.179,0.0288684947388258,"Intermediate B (HLA-G+)","LRWD1"
3.48746840203606e-09,0.482680159774821,0.321,0.255,6.55713808950819e-05,"Intermediate B (HLA-G+)","ALDH16A1"
1.96463198231516e-07,0.479701058285071,0.243,0.202,0.00369390105314897,"Intermediate B (HLA-G+)","CFAP36"
3.28690608070049e-09,0.478830743764507,0.372,0.291,6.18004081293307e-05,"Intermediate B (HLA-G+)","PIK3CD"
1.73385478566359e-06,0.477852226243707,0.225,0.181,0.0325999376800468,"Intermediate B (HLA-G+)","SNAPIN"
2.02316515604104e-10,0.477404284251629,0.391,0.308,3.80395512638837e-06,"Intermediate B (HLA-G+)","KRCC1"
1.93229651494401e-07,0.475701337393349,0.218,0.185,0.00363310390739774,"Intermediate B (HLA-G+)","RPP38"
1.53425625973321e-09,0.474505606166757,0.328,0.264,2.88470861955039e-05,"Intermediate B (HLA-G+)","AP1M1"
1.69755677262833e-21,0.472044675970813,0.666,0.572,3.19174624389578e-17,"Intermediate B (HLA-G+)","RASGRP2"
1.41897478373218e-24,0.471650073868646,0.753,0.648,2.66795638837324e-20,"Intermediate B (HLA-G+)","VASP"
6.88238682898169e-26,0.470900855757862,0.765,0.64,1.29402637158514e-21,"Intermediate B (HLA-G+)","TES"
5.770854349548e-07,0.467369643540233,0.175,0.148,0.0108503603480201,"Intermediate B (HLA-G+)","ENSG00000291067"
2.2715326364926e-09,0.467263906396333,0.354,0.284,4.27093566313339e-05,"Intermediate B (HLA-G+)","TMEM14B"
1.92412829094333e-09,0.46664665347486,0.358,0.277,3.61774601263165e-05,"Intermediate B (HLA-G+)","ARL2BP"
6.95072906591891e-09,0.46394914966753,0.283,0.233,0.000130687607897407,"Intermediate B (HLA-G+)","STOML2"
7.84827330698289e-14,0.463506237297947,0.481,0.387,1.47563234717892e-09,"Intermediate B (HLA-G+)","MEAF6"
1.50275794236184e-08,0.462017705341469,0.331,0.261,0.000282548548322873,"Intermediate B (HLA-G+)","ADPRS"
4.00159927714444e-09,0.45985144317244,0.301,0.246,7.52380696088698e-05,"Intermediate B (HLA-G+)","ARL6IP6"
4.80576685659898e-10,0.459847841512977,0.399,0.306,9.0358028437774e-06,"Intermediate B (HLA-G+)","KLF13"
1.09952486941934e-14,0.458646077238536,0.533,0.432,2.06732665948224e-10,"Intermediate B (HLA-G+)","CAPG"
1.29982722407946e-19,0.456710344253307,0.674,0.544,2.44393514671421e-15,"Intermediate B (HLA-G+)","SPI1"
2.99836647852328e-09,0.45574081745059,0.36,0.287,5.63752865291947e-05,"Intermediate B (HLA-G+)","C4orf48"
1.16932151057069e-07,0.452683441732254,0.282,0.225,0.00219855830417501,"Intermediate B (HLA-G+)","PARVG"
3.9077526951756e-09,0.452321134080582,0.385,0.311,7.34735661746916e-05,"Intermediate B (HLA-G+)","TFEB"
4.25486545380586e-33,0.450979214540779,0.886,0.778,7.99999802624578e-29,"Intermediate B (HLA-G+)","TSC22D3"
9.52399515973112e-08,0.450007125763337,0.319,0.258,0.00179070156993265,"Intermediate B (HLA-G+)","SHLD2"
3.62335691531707e-07,0.449380314471151,0.276,0.216,0.00681263567217915,"Intermediate B (HLA-G+)","LDB1"
1.71323787854656e-08,0.449146315824483,0.284,0.235,0.000322122985924324,"Intermediate B (HLA-G+)","CERS2"
9.40957156615475e-07,0.448135323554019,0.254,0.209,0.0176918764586842,"Intermediate B (HLA-G+)","RABEP2"
3.85181670422877e-07,0.446721445731527,0.148,0.128,0.00724218576729093,"Intermediate B (HLA-G+)","VPS25"
1.41816404693901e-08,0.446120698701984,0.373,0.298,0.000266643204105472,"Intermediate B (HLA-G+)","PRKCD"
3.06287808164582e-11,0.446012794486343,0.414,0.341,5.75882336911047e-07,"Intermediate B (HLA-G+)","ELOF1"
1.27626994530248e-06,0.444590294236154,0.291,0.23,0.0239964275115772,"Intermediate B (HLA-G+)","PAXX"
1.07317623308445e-07,0.444459113288586,0.048,0.063,0.00201778595344538,"Intermediate B (HLA-G+)","IGHV4-61"
6.70230528862242e-26,0.444015970730382,0.857,0.772,1.26016744036679e-21,"Intermediate B (HLA-G+)","PTPRCAP"
1.88954388275063e-18,0.44232982616746,0.646,0.557,3.55272040834774e-14,"Intermediate B (HLA-G+)","CNPPD1"
6.19547984153305e-10,0.441113153471069,0.402,0.326,1.16487411980504e-05,"Intermediate B (HLA-G+)","PGLS"
2.38539167764303e-11,0.438908987977841,0.588,0.527,4.48501343230442e-07,"Intermediate B (HLA-G+)","MARCKS"
1.6702014210293e-10,0.433697657445102,0.334,0.281,3.14031271181929e-06,"Intermediate B (HLA-G+)","NAA20"
5.10639545999573e-07,0.43231660822602,0.312,0.247,0.00960104474388398,"Intermediate B (HLA-G+)","PURA"
2.03805762298056e-06,0.43200009073106,0.241,0.202,0.0383195594272806,"Intermediate B (HLA-G+)","ATF7"
2.65670118326375e-07,0.429365247728826,0.265,0.218,0.00499512956477251,"Intermediate B (HLA-G+)","HDGF"
2.78103109493479e-15,0.427709566322577,0.588,0.488,5.2288946646964e-11,"Intermediate B (HLA-G+)","RNH1"
1.91620842956216e-21,0.425038198725113,0.802,0.7,3.60285508926278e-17,"Intermediate B (HLA-G+)","GPR183"
8.43095143601857e-12,0.424207429389704,0.535,0.449,1.58518748900021e-07,"Intermediate B (HLA-G+)","ENSG00000289963"
5.64535990924674e-19,0.423851182143522,0.77,0.675,1.06144057013657e-14,"Intermediate B (HLA-G+)","TLE5"
3.33318420511209e-114,0.419944313966225,1,0.999,6.26705294245175e-110,"Intermediate B (HLA-G+)","HLA-B"
5.87028440293669e-07,0.41850858253793,0.243,0.209,0.0110373087344016,"Intermediate B (HLA-G+)","BCAS4"
3.92569476634449e-07,0.41431752218141,0.262,0.225,0.00738109129968091,"Intermediate B (HLA-G+)","FDX1"
1.21608100453258e-10,0.413601271979514,0.406,0.338,2.28647550472216e-06,"Intermediate B (HLA-G+)","RPA2"
2.01891352629816e-07,0.413451521934954,0.338,0.262,0.00379596121214581,"Intermediate B (HLA-G+)","MRPL15"
3.90831753716868e-11,0.411316212482261,0.5,0.419,7.34841863338454e-07,"Intermediate B (HLA-G+)","MIR142HG"
8.47769548703519e-17,0.409571572936107,0.71,0.617,1.59397630547236e-12,"Intermediate B (HLA-G+)","UBE2R2"
1.39306665419273e-07,0.409522325165585,0.393,0.314,0.00261924392321318,"Intermediate B (HLA-G+)","PLEC"
6.01565724656147e-07,0.408764290605197,0.311,0.254,0.0113106387549849,"Intermediate B (HLA-G+)","RNF34"
3.5196380665059e-08,0.407915174746729,0.539,0.472,0.000661762349264439,"Intermediate B (HLA-G+)","S100A6"
2.54323707347182e-15,0.406280682968696,0.617,0.532,4.78179434554172e-11,"Intermediate B (HLA-G+)","MOB3A"
8.60036247504512e-08,0.405739424452968,0.392,0.327,0.00161704015255798,"Intermediate B (HLA-G+)","POLR2I"
1.91871528961341e-07,0.401273688148539,0.365,0.303,0.00360756848753113,"Intermediate B (HLA-G+)","ORMDL2"
6.61688198126772e-07,0.400299439188686,0.348,0.28,0.0124410615011796,"Intermediate B (HLA-G+)","CYBC1"
9.62845645698322e-08,0.400099630981389,0.287,0.247,0.00181034238304198,"Intermediate B (HLA-G+)","TMEM109"
2.70133847532388e-20,0.399571595420563,0.76,0.647,5.07905660130395e-16,"Intermediate B (HLA-G+)","PPP1CA"
7.9209883749476e-07,0.398831742957274,0.146,0.133,0.0148930423425765,"Intermediate B (HLA-G+)","FCF1"
1.378493618119e-06,0.398290290495978,0.285,0.239,0.0259184370078734,"Intermediate B (HLA-G+)","EXOC2"
9.70022546076263e-15,0.397150393769796,0.62,0.507,1.82383639113259e-10,"Intermediate B (HLA-G+)","DAD1"
5.54420193540412e-07,0.393544863236636,0.276,0.233,0.0104242084789468,"Intermediate B (HLA-G+)","TERF2"
1.32519167672542e-09,0.391380736889314,0.502,0.421,2.49162539057914e-05,"Intermediate B (HLA-G+)","TARS1"
5.0760481718017e-36,0.388413838288465,0.942,0.877,9.54398577262155e-32,"Intermediate B (HLA-G+)","CLIC1"
8.78024331709434e-07,0.383684305417171,0.373,0.313,0.0165086134848008,"Intermediate B (HLA-G+)","ZYX"
3.8967150381971e-40,0.38326692492297,0.976,0.936,7.32660361481819e-36,"Intermediate B (HLA-G+)","CD44"
1.02711190506554e-09,0.383261657513286,0.456,0.401,1.93117580390423e-05,"Intermediate B (HLA-G+)","RBPJ"
3.27511594675304e-11,0.382749761713764,0.561,0.466,6.15787300308506e-07,"Intermediate B (HLA-G+)","UFC1"
4.67240622304251e-08,0.382741862519268,0.393,0.327,0.000878505818056453,"Intermediate B (HLA-G+)","OS9"
1.12266237186597e-06,0.381598599412738,0.267,0.23,0.0211082979158241,"Intermediate B (HLA-G+)","CHMP1A"
4.5863701437425e-21,0.38102650689377,0.831,0.75,8.62329314426465e-17,"Intermediate B (HLA-G+)","PLP2"
2.48659190850103e-56,0.380629688233772,0.991,0.973,4.67529010636364e-52,"Intermediate B (HLA-G+)","MT-ND5"
6.34528478390015e-24,0.380170633204785,0.836,0.759,1.19304044506891e-19,"Intermediate B (HLA-G+)","IQGAP1"
6.75174849368148e-07,0.37417165715789,0.337,0.287,0.0126946375178199,"Intermediate B (HLA-G+)","XAB2"
2.33734837326666e-10,0.37255735842187,0.519,0.432,4.39468241141598e-06,"Intermediate B (HLA-G+)","CYB5R3"
3.25293085974506e-08,0.371433291319412,0.397,0.343,0.000611616060249266,"Intermediate B (HLA-G+)","ARL8A"
8.96534595705342e-09,0.3701872878737,0.463,0.388,0.000168566434684518,"Intermediate B (HLA-G+)","LYPLA1"
6.39182317959308e-08,0.36821268621144,0.411,0.329,0.00120179059422709,"Intermediate B (HLA-G+)","PARVB"
4.18546593370451e-10,0.366621792374097,0.54,0.451,7.86951304855123e-06,"Intermediate B (HLA-G+)","OSTF1"
3.35374869645923e-09,0.366198428282176,0.471,0.401,6.30571829908264e-05,"Intermediate B (HLA-G+)","ILK"
5.49003474769627e-07,0.366144640120411,0.316,0.277,0.0103223633326185,"Intermediate B (HLA-G+)","HSD17B10"
5.47715632269288e-09,0.359337583522205,0.419,0.363,0.000102981493179272,"Intermediate B (HLA-G+)","CPNE1"
1.37194392717066e-28,0.359020994215158,0.957,0.893,2.57952897186627e-24,"Intermediate B (HLA-G+)","FXYD5"
7.28284001558288e-11,0.358880527699372,0.564,0.496,1.36931957972989e-06,"Intermediate B (HLA-G+)","AKIRIN2"
1.91886641439963e-06,0.358172364139781,0.378,0.311,0.0360785263235418,"Intermediate B (HLA-G+)","MICAL1"
2.10993705702849e-12,0.357449384390988,0.724,0.682,3.96710365462496e-08,"Intermediate B (HLA-G+)","ANXA2"
5.6312763514389e-14,0.356144154342581,0.674,0.574,1.05879257959754e-09,"Intermediate B (HLA-G+)","ATP5MK"
4.91167097873784e-16,0.354986522023662,0.716,0.654,9.23492377422288e-12,"Intermediate B (HLA-G+)","TCEA1"
3.797129006676e-12,0.353234628906215,0.546,0.433,7.13936195835221e-08,"Intermediate B (HLA-G+)","CDK2AP2"
3.11867915345973e-08,0.351728192267617,0.337,0.302,0.000586374054433497,"Intermediate B (HLA-G+)","YIPF3"
1.69778999322156e-06,0.345885905652081,0.432,0.365,0.0319218474525518,"Intermediate B (HLA-G+)","POU2AF1"
2.22614917115536e-06,0.345387401146351,0.388,0.339,0.041856056716063,"Intermediate B (HLA-G+)","CARS1"
1.27840206607678e-06,0.341462619233635,0.367,0.316,0.0240365156463756,"Intermediate B (HLA-G+)","GET3"
3.49375813886813e-07,0.339141047607106,0.419,0.356,0.00656896405269986,"Intermediate B (HLA-G+)","STUB1"
4.97131636898286e-08,0.33874377591818,0.507,0.44,0.000934706903696158,"Intermediate B (HLA-G+)","RHBDF2"
5.14214889468448e-41,0.338697606894138,1,0.992,9.66826835178576e-37,"Intermediate B (HLA-G+)","EZR"
2.28407467111965e-19,0.337324802178682,0.789,0.666,4.29451719663917e-15,"Intermediate B (HLA-G+)","VOPP1"
2.9857358430015e-07,0.337318587788728,0.408,0.367,0.00561378053201143,"Intermediate B (HLA-G+)","SYS1"
1.65649859571873e-07,0.336203677491226,0.377,0.329,0.00311454865967036,"Intermediate B (HLA-G+)","ACD"
2.31141325538849e-28,0.335370674519422,0.897,0.791,4.34591920278144e-24,"Intermediate B (HLA-G+)","CD52"
1.1581902419588e-07,0.334626384139764,0.495,0.417,0.00217762929293094,"Intermediate B (HLA-G+)","VPS35"
8.95951283388127e-08,0.334173407901042,0.422,0.368,0.00168456760302636,"Intermediate B (HLA-G+)","SSNA1"
1.26305416249055e-56,0.333272580386369,1,0.997,2.37479443631474e-52,"Intermediate B (HLA-G+)","MT-ATP8"
1.99234976149596e-07,0.332065773746598,0.248,0.228,0.0037460160215647,"Intermediate B (HLA-G+)","USO1"
1.43210207888107e-06,0.331951784168914,0.305,0.27,0.0269263832871218,"Intermediate B (HLA-G+)","TRAPPC3"
2.7690070490718e-26,0.33111137415812,0.963,0.917,5.20628705366479e-22,"Intermediate B (HLA-G+)","ARHGDIB"
1.12725410888954e-07,0.329943277543222,0.466,0.406,0.00211946317553412,"Intermediate B (HLA-G+)","CCNDBP1"
6.67830778652263e-09,0.328585601307761,0.562,0.493,0.000125565543002199,"Intermediate B (HLA-G+)","TMED10"
5.368191053139e-13,0.32785593356192,0.802,0.724,1.00932728181119e-08,"Intermediate B (HLA-G+)","ZFP36L2"
2.701339012257e-13,0.327760883644469,0.723,0.641,5.07905761084562e-09,"Intermediate B (HLA-G+)","RAC1"
3.89093783921039e-09,0.327029975148295,0.356,0.326,7.31574132528338e-05,"Intermediate B (HLA-G+)","C14orf119"
3.80757468930083e-10,0.326753908054675,0.627,0.537,7.15900193082343e-06,"Intermediate B (HLA-G+)","TMEM243"
6.13092310143702e-07,0.326686522516313,0.38,0.338,0.0115273616153219,"Intermediate B (HLA-G+)","LSM3"
5.60260502728975e-07,0.326037928971632,0.414,0.36,0.0105340179723102,"Intermediate B (HLA-G+)","TMEM9B"
2.73143193999332e-17,0.32201285142005,0.809,0.721,5.13563833357543e-13,"Intermediate B (HLA-G+)","BTG2"
5.80708462337431e-07,0.321917628417894,0.477,0.404,0.0109184805088684,"Intermediate B (HLA-G+)","SMIM14"
6.07239866267492e-07,0.321687779246919,0.7,0.644,0.0114173239655614,"Intermediate B (HLA-G+)","ADAM28"
9.45674593489869e-31,0.320547117328836,0.955,0.879,1.77805737067965e-26,"Intermediate B (HLA-G+)","CORO1A"
1.04670420280258e-49,0.320477386488053,1,0.985,1.96801324210941e-45,"Intermediate B (HLA-G+)","CD79A"
2.43732803048913e-06,0.32044655932849,0.332,0.299,0.0458266416292566,"Intermediate B (HLA-G+)","MIA2"
2.40325153556911e-06,0.320418327118841,0.459,0.399,0.0451859353717704,"Intermediate B (HLA-G+)","MRPL51"
1.83554568546327e-08,0.316178072737521,0.536,0.475,0.000345119299780804,"Intermediate B (HLA-G+)","MAPK1"
1.26838270241192e-09,0.313654744512369,0.596,0.53,2.3848131570749e-05,"Intermediate B (HLA-G+)","PRELID1"
2.35688486236517e-24,0.31239131770135,0.956,0.913,4.431414918219e-20,"Intermediate B (HLA-G+)","LIMD2"
3.56526492878273e-07,0.310699644778188,0.458,0.409,0.00670341111909729,"Intermediate B (HLA-G+)","SCAMP2"
1.67125134782141e-07,0.309842191471153,0.529,0.449,0.00314228678417381,"Intermediate B (HLA-G+)","CD63"
6.08215599781086e-14,0.309481039767489,0.777,0.685,1.1435669707084e-09,"Intermediate B (HLA-G+)","ARPC1B"
2.80088996728087e-09,0.306266628905956,0.656,0.603,5.2662333164815e-05,"Intermediate B (HLA-G+)","EFHD2"
3.38322046411077e-09,0.305017857320722,0.685,0.609,6.36113111662106e-05,"Intermediate B (HLA-G+)","EIF2S2"
2.84499447282294e-08,0.304621031754481,0.475,0.382,0.000534915860780168,"Intermediate B (HLA-G+)","SAMSN1"
4.52046550512525e-09,0.304248039996759,0.619,0.54,8.49937924273649e-05,"Intermediate B (HLA-G+)","PNP"
2.26438806845367e-84,0.30346858220995,1,0.999,4.2575024463066e-80,"Intermediate B (HLA-G+)","RPS10"
6.53795486130599e-08,0.303335881612129,0.519,0.478,0.00122926627302275,"Intermediate B (HLA-G+)","IVNS1ABP"
7.19198761163231e-09,0.302312937384631,0.646,0.577,0.000135223751073911,"Intermediate B (HLA-G+)","LAT2"
2.58211212197234e-06,0.301778626684331,0.353,0.321,0.0485488721173239,"Intermediate B (HLA-G+)","C18orf32"
1.77728995184524e-07,0.298652380462093,0.554,0.478,0.00334166056745943,"Intermediate B (HLA-G+)","SRP9"
9.20325702329952e-07,0.297319101093446,0.505,0.435,0.0173039638552078,"Intermediate B (HLA-G+)","DDOST"
1.48234921501803e-07,0.297226109573363,0.39,0.357,0.00278711299407691,"Intermediate B (HLA-G+)","ARL5A"
3.17753045730624e-09,0.295848816129368,0.648,0.563,5.97439276582719e-05,"Intermediate B (HLA-G+)","BLNK"
1.37331431448878e-09,0.293583357257734,0.659,0.583,2.5821055741018e-05,"Intermediate B (HLA-G+)","NSA2"
1.27264678614178e-09,0.292038453437955,0.63,0.567,2.39283048730378e-05,"Intermediate B (HLA-G+)","ADRM1"
5.67214659808149e-07,0.291986863639171,0.445,0.404,0.0106647700337128,"Intermediate B (HLA-G+)","CHURC1"
1.75437586190983e-06,0.291369471379831,0.508,0.449,0.0329857749556287,"Intermediate B (HLA-G+)","ARPC5L"
2.10852523865966e-17,0.28900336249449,0.892,0.83,3.9644491537279e-13,"Intermediate B (HLA-G+)","MYL12A"
1.41378918161421e-06,0.287796573711042,0.438,0.392,0.0265820641927103,"Intermediate B (HLA-G+)","PSMD2"
2.38773042002347e-07,0.287662977797727,0.318,0.296,0.00448941073572813,"Intermediate B (HLA-G+)","MYDGF"
2.46162265143865e-07,0.286608887706725,0.552,0.49,0.00462834290923495,"Intermediate B (HLA-G+)","TRAM1"
2.33002137404095e-09,0.283896488390702,0.51,0.478,4.3809061874718e-05,"Intermediate B (HLA-G+)","PUF60"
1.59329795492582e-06,0.283721406192778,0.393,0.365,0.0299571881485153,"Intermediate B (HLA-G+)","NUTF2"
2.29763603042667e-07,0.28239183517595,0.523,0.474,0.00432001526440822,"Intermediate B (HLA-G+)","DNAJA2"
5.10018036902009e-10,0.281908165686633,0.732,0.658,9.58935912983158e-06,"Intermediate B (HLA-G+)","CAPZA1"
1.84451525991518e-29,0.280926882554847,0.981,0.934,3.46805759169252e-25,"Intermediate B (HLA-G+)","ARPC3"
3.77778167431276e-43,0.279913035019427,0.998,0.995,7.10298510404285e-39,"Intermediate B (HLA-G+)","MT-ND4L"
1.32009084936662e-08,0.27832516352702,0.651,0.583,0.000248203481497912,"Intermediate B (HLA-G+)","CAP1"
4.86413678162909e-51,0.27803539105826,1,0.996,9.14554997681902e-47,"Intermediate B (HLA-G+)","HLA-A"
8.50331366219265e-07,0.27749519010157,0.364,0.341,0.0159879303476546,"Intermediate B (HLA-G+)","NDUFA5"
6.66650151004954e-20,0.277202212034727,0.952,0.919,1.25343561391951e-15,"Intermediate B (HLA-G+)","CALM2"
5.59754047228174e-08,0.27516209547231,0.645,0.586,0.00105244955959841,"Intermediate B (HLA-G+)","ACAP2"
1.61192300586458e-20,0.274752317340854,0.818,0.695,3.03073763562658e-16,"Intermediate B (HLA-G+)","IFI30"
4.75980654442241e-10,0.273784899142051,0.745,0.675,8.94938826482301e-06,"Intermediate B (HLA-G+)","RBX1"
4.05149912089397e-09,0.272227448436911,0.432,0.413,7.61762864710484e-05,"Intermediate B (HLA-G+)","ATP5ME"
1.44476845087032e-08,0.271702619265269,0.555,0.459,0.000271645364132637,"Intermediate B (HLA-G+)","CTSH"
2.40727094942953e-09,0.270047876505019,0.684,0.619,4.5261508391174e-05,"Intermediate B (HLA-G+)","PPP2R1A"
2.24872016714374e-07,0.269442845680872,0.64,0.569,0.00422804365826366,"Intermediate B (HLA-G+)","RAP1A"
9.19721476375247e-09,0.268235541888777,0.664,0.589,0.000172926031988074,"Intermediate B (HLA-G+)","PPP4C"
2.18030692703547e-09,0.266858656579082,0.737,0.669,4.09941308421209e-05,"Intermediate B (HLA-G+)","SWAP70"
1.88193010016011e-06,0.265863750594589,0.435,0.4,0.0353840497432104,"Intermediate B (HLA-G+)","WBP2"
5.06914875528981e-07,0.26581823460868,0.568,0.514,0.00953101348969589,"Intermediate B (HLA-G+)","CTDNEP1"
1.3814351500038e-07,0.259038075964597,0.639,0.576,0.00259737436903714,"Intermediate B (HLA-G+)","RAB5C"
2.14061707923136e-07,0.256931157416741,0.663,0.598,0.0040247882323708,"Intermediate B (HLA-G+)","IK"
1.70188643231888e-10,0.253412066563918,0.811,0.752,3.19988687004595e-06,"Intermediate B (HLA-G+)","NME2"
1.08294639547907e-10,0.253073349764299,0.778,0.687,2.03615581277975e-06,"Intermediate B (HLA-G+)","IFNGR2"
7.69732364691385e-08,0.252793016070159,0.684,0.621,0.00144725079209274,"Intermediate B (HLA-G+)","COPE"
8.58421668481008e-08,0.251349670927067,0.646,0.566,0.00161400442107799,"Intermediate B (HLA-G+)","BRK1"
9.81273037914023e-08,0.25040078679739,0.764,0.708,0.00184498956588595,"Intermediate B (HLA-G+)","GDI2"
1.05949044031938e-35,4.35356956451917,0.056,0.003,1.9920539258885e-31,"Memory B","MSC"
2.54057261935269e-23,4.05187695903535,0.045,0.005,4.77678463890692e-19,"Memory B","ATP8B4"
1.02170785167207e-79,3.93749441211982,0.133,0.01,1.92101510271383e-75,"Memory B","NLGN4Y"
3.47451454387545e-23,3.77681448805439,0.043,0.004,6.53278224539461e-19,"Memory B","MIR3142HG"
2.87234845792457e-24,3.62804291366378,0.041,0.003,5.40058957058977e-20,"Memory B","MSC-AS1"
1.04377099805179e-85,3.54923289186614,0.151,0.013,1.96249823053697e-81,"Memory B","SGPP2"
9.9169363237692e-40,3.47180460735221,0.066,0.005,1.86458236759508e-35,"Memory B","HOMER3"
3.04903496480313e-38,3.44497657777059,0.067,0.005,5.73279554082285e-34,"Memory B","LINC02541"
4.15817348514394e-123,3.32402544646817,0.235,0.026,7.81819778676763e-119,"Memory B","TMEM273"
2.98895324381111e-43,3.25655278702786,0.091,0.011,5.61982988901366e-39,"Memory B","TVP23A"
1.11889638371102e-41,3.22343538570599,0.089,0.011,2.10374898065346e-37,"Memory B","MGLL"
3.40020513789111e-85,3.19120508896466,0.167,0.018,6.39306570026287e-81,"Memory B","LINC00944"
4.15796725425257e-23,3.15088171170675,0.048,0.005,7.81781003144569e-19,"Memory B","LINC02156"
3.59556358094726e-123,3.14657670871995,0.248,0.03,6.76037864489705e-119,"Memory B","TESC"
3.65759430223808e-30,3.10525978380422,0.063,0.007,6.87700880706803e-26,"Memory B","COL18A1"
1.21606253490767e-44,3.02731523276825,0.099,0.013,2.2864407781334e-40,"Memory B","LINC02416"
1.42369436537513e-39,2.99925698790685,0.081,0.009,2.67683014577831e-35,"Memory B","ITGAM"
8.63055400538458e-112,2.91483733753974,0.268,0.045,1.62271676409241e-107,"Memory B","TEX9"
1.16704995487176e-27,2.90451699343104,0.059,0.007,2.19428732514989e-23,"Memory B","BCAS1"
4.39406395693288e-36,2.83596774080382,0.074,0.009,8.2617190518252e-32,"Memory B","ENSG00000258760"
1.12499177156303e-167,2.79228820403741,0.395,0.071,2.1152095288928e-163,"Memory B","TFEC"
3.44260200124593e-158,2.76281405355008,0.361,0.06,6.47278028274261e-154,"Memory B","CD70"
3.57201821511411e-17,2.72841542938413,0.039,0.005,6.71610864805755e-13,"Memory B","BTNL9"
5.66972853631382e-36,2.65791473316526,0.077,0.01,1.06602235939772e-31,"Memory B","HSPA12A"
5.20297855347143e-24,2.64848498174017,0.056,0.008,9.78264027623699e-20,"Memory B","LINC01781"
2.81517748051515e-46,2.64482385592486,0.1,0.013,5.29309669886458e-42,"Memory B","CCL5"
5.28082396396632e-25,2.63349874503175,0.058,0.008,9.92900521704948e-21,"Memory B","UGGT2"
2.31770883240207e-68,2.62264504129791,0.154,0.022,4.35775614668237e-64,"Memory B","COCH"
8.95827640791567e-153,2.62047745499266,0.39,0.078,1.6843351302163e-148,"Memory B","PVT1"
1.73874605610213e-139,2.58826018822394,0.33,0.056,3.26919033468323e-135,"Memory B","CD80"
1.67589377271502e-34,2.58301899964086,0.091,0.015,3.15101547145878e-30,"Memory B","ENSG00000249738"
5.94764753233042e-134,2.5734260567252,0.275,0.037,1.11827668902877e-129,"Memory B","CD27"
4.6332514298007e-46,2.5616200600872,0.12,0.02,8.71143933831128e-42,"Memory B","IL6R"
7.05772236109714e-89,2.53261087093683,0.211,0.033,1.32699295833348e-84,"Memory B","RGPD2"
2.06644959517768e-42,2.53171852240949,0.109,0.018,3.88533852885308e-38,"Memory B","TSHZ2"
2.30079043193655e-52,2.52941694120172,0.127,0.02,4.32594617012711e-48,"Memory B","TRPV3"
3.59942928439185e-15,2.52341223608217,0.035,0.005,6.76764694051356e-11,"Memory B","CSF1"
7.71953889585683e-18,2.51869725334435,0.045,0.007,1.451427703199e-13,"Memory B","PIF1"
8.66945901688758e-17,2.50450292827611,0.044,0.007,1.6300316843552e-12,"Memory B","ENSG00000290100"
7.46039125220282e-322,2.47919106570565,0.716,0.168,1.40270276323917e-317,"Memory B","TNFRSF13B"
1.11959825445251e-33,2.47586128372415,0.091,0.016,2.10506863802161e-29,"Memory B","COL4A4"
1.05915389031554e-28,2.45336681728269,0.07,0.011,1.99142114457128e-24,"Memory B","CRACR2B"
1.04198983413904e-16,2.45163525473635,0.048,0.009,1.95914928614822e-12,"Memory B","CDC42EP3-AS1"
1.12256067987599e-46,2.42500141879849,0.133,0.026,2.11063859030283e-42,"Memory B","TBXAS1"
4.31896552740796e-76,2.40785743876601,0.181,0.029,8.12051898463244e-72,"Memory B","LPAR2"
5.0117802513453e-18,2.40190950600703,0.055,0.011,9.42314922857944e-14,"Memory B","CD226"
5.0688204106545e-42,2.38837778833938,0.102,0.016,9.53039613611258e-38,"Memory B","COL4A3"
1.40225365533094e-13,2.38652698701659,0.034,0.006,2.63651732275323e-09,"Memory B","BIK"
1.24763793888954e-36,2.38443244562592,0.102,0.019,2.34580885270012e-32,"Memory B","LAX1"
1.67641757697397e-42,2.37531087261514,0.107,0.018,3.15200032822646e-38,"Memory B","ENSG00000290698"
3.75636001571917e-21,2.3723225485503,0.054,0.009,7.06270810155518e-17,"Memory B","RHOBTB3"
1.03947645395448e-16,2.37057602778007,0.042,0.007,1.95442362872521e-12,"Memory B","ITPRIPL2"
7.38759627537373e-54,2.3617502215239,0.187,0.046,1.38901585169577e-49,"Memory B","BHLHE41"
2.3381907614392e-31,2.33254690421241,0.074,0.012,4.39626626965798e-27,"Memory B","RPS6KA6"
3.91566286972337e-26,2.32421365230659,0.109,0.031,7.36222932765388e-22,"Memory B","IGHA2"
3.43322610465865e-57,2.31037404389314,0.153,0.028,6.4551517219792e-53,"Memory B","BAIAP3"
4.20531947307667e-24,2.27750304936725,0.066,0.012,7.90684167327875e-20,"Memory B","CD274"
2.8655390660331e-26,2.27555807082664,0.069,0.012,5.38778655195543e-22,"Memory B","MNS1"
1.14830566260619e-20,2.27436820430691,0.067,0.015,2.15904430683216e-16,"Memory B","DLGAP1"
3.69644910040503e-18,2.26122381378307,0.045,0.008,6.95006359858154e-14,"Memory B","JSRP1"
2.85191805314256e-26,2.25957011835948,0.055,0.008,5.36217632351863e-22,"Memory B","GGT1"
9.91556112805452e-94,2.24942723104827,0.263,0.054,1.86432380329681e-89,"Memory B","FAS"
5.19684519155244e-74,2.24754285468529,0.285,0.084,9.7711083291569e-70,"Memory B","S100A4"
1.02141149673306e-49,2.24468107965233,0.134,0.025,1.92045789615749e-45,"Memory B","KIF21A"
2.5989412530582e-19,2.24336937897427,0.045,0.007,4.88652934400003e-15,"Memory B","B4GALT2"
9.75388275281614e-27,2.23151740124924,0.083,0.017,1.83392503518449e-22,"Memory B","LINC02384"
4.05948988330577e-67,2.2311216794885,0.307,0.107,7.63265287859152e-63,"Memory B","CYTOR"
2.76947791930029e-12,2.22419110918817,0.037,0.008,5.20717238386841e-08,"Memory B","KCNH4"
1.09462047602999e-20,2.2132958040754,0.053,0.01,2.05810541903159e-16,"Memory B","DTNB-AS1"
8.73440222802362e-19,2.19111155760605,0.059,0.012,1.642242306913e-14,"Memory B","GPR157"
6.05431654778394e-17,2.18737608633252,0.052,0.011,1.13833259731434e-12,"Memory B","ALPL"
6.42553145962943e-21,2.17727353454083,0.063,0.013,1.20812842503953e-16,"Memory B","LCP2"
1.79051027804863e-19,2.16944322678847,0.048,0.009,3.36651742478703e-15,"Memory B","SLC25A23"
1.54301390112955e-10,2.1630087371749,0.035,0.008,2.90117473690379e-06,"Memory B","ENSG00000289521"
1.32713372323822e-77,2.15065939306288,0.21,0.04,2.49527682643251e-73,"Memory B","MCOLN2"
7.1224999232654e-29,2.15007612114451,0.073,0.013,1.33917243557236e-24,"Memory B","NEXMIF"
5.31091920928591e-51,2.14802989438781,0.148,0.03,9.98559029729936e-47,"Memory B","PLEKHG7"
2.45392069518788e-63,2.14227117300902,0.199,0.044,4.61386169109225e-59,"Memory B","ENSG00000284634"
6.51861142642042e-71,2.13446844323777,0.324,0.111,1.22562932039557e-66,"Memory B","PLEK"
4.04224898403203e-18,2.11727622804274,0.048,0.009,7.60023653977701e-14,"Memory B","CDYL2"
7.46016244374175e-47,2.11536596206769,0.135,0.028,1.40265974267232e-42,"Memory B","TRAC"
5.1130029402968e-22,2.10396665634062,0.048,0.008,9.61346812834604e-18,"Memory B","PPARGC1B"
5.71692143289566e-14,2.10050283193818,0.041,0.008,1.07489556781304e-09,"Memory B","BATF3"
1.53147324769524e-58,2.09787309183125,0.168,0.034,2.87947600031659e-54,"Memory B","ATP2B4"
4.22634207342711e-114,2.08438554641133,0.363,0.09,7.94636836645766e-110,"Memory B","PLEKHG2"
9.13885383652845e-95,2.04697080414439,0.411,0.151,1.71828729834408e-90,"Memory B","HIPK2"
9.48877957986654e-52,2.04555017624278,0.168,0.039,1.78408033660651e-47,"Memory B","RORA"
3.38878382956915e-39,2.03684061921182,0.141,0.035,6.37159135635592e-35,"Memory B","EGR2"
1.45512083408755e-44,2.02392971638897,0.124,0.025,2.7359181922514e-40,"Memory B","ENSG00000290931"
1.7365204687626e-100,2.01161763719071,0.379,0.116,3.26500578536744e-96,"Memory B","TRAF1"
3.04310310485925e-44,2.01136380873875,0.109,0.021,5.72164245775636e-40,"Memory B","SMKR1"
2.20632382719881e-79,1.99119594873889,0.544,0.292,4.14833005989921e-75,"Memory B","MIR155HG"
1.02988522453859e-19,1.97779521398424,0.049,0.009,1.93639019917745e-15,"Memory B","MAP3K7CL"
1.77355711968421e-27,1.97738170756195,0.093,0.022,3.33464209643025e-23,"Memory B","ARHGAP6"
1.67320485009974e-37,1.97348950448167,0.156,0.045,3.14595975915754e-33,"Memory B","BACE2"
4.12127825505346e-25,1.96974830472708,0.09,0.022,7.74882737515151e-21,"Memory B","MACC1"
1.58943561630131e-120,1.96209718478592,0.374,0.092,2.98845684576972e-116,"Memory B","PBX4"
3.1310413679985e-11,1.96174782083014,0.051,0.016,5.88698398011079e-07,"Memory B","NRCAM"
1.10850028164321e-18,1.95605075321728,0.047,0.009,2.08420222954556e-14,"Memory B","SLFN12L"
6.76890483711486e-28,1.94861400952172,0.09,0.021,1.27268948747434e-23,"Memory B","LIME1"
5.47558585495317e-79,1.94785969889294,0.245,0.056,1.0295196524483e-74,"Memory B","SSPN"
2.28294315083468e-47,1.91996753635492,0.214,0.068,4.29238971219936e-43,"Memory B","NEDD4L"
8.18536310574454e-151,1.91066621863947,0.473,0.125,1.53901197114209e-146,"Memory B","AIM2"
4.22075197104266e-32,1.89341116000012,0.107,0.025,7.9358578559544e-28,"Memory B","FAAH2"
2.72363320331616e-35,1.86905244657246,0.156,0.047,5.12097514887504e-31,"Memory B","EGR3"
4.56566876103488e-36,1.86507688016853,0.117,0.028,8.58437040449779e-32,"Memory B","LINC02100"
2.78974009388659e-107,1.86449982153163,0.475,0.177,5.24526932452557e-103,"Memory B","IGHA1"
4.25497869271239e-46,1.85658626008493,0.124,0.026,8.00021093803784e-42,"Memory B","DOK3"
1.3678475658798e-30,1.85631985010011,0.149,0.048,2.5718269933672e-26,"Memory B","ATF5"
4.66761570383479e-32,1.85419781830471,0.09,0.02,8.77605104635017e-28,"Memory B","SLC35D2"
2.01535088675525e-43,1.83246226051786,0.172,0.048,3.78926273727722e-39,"Memory B","IL2RA"
5.52577516092936e-146,1.82826000415806,0.551,0.185,1.03895624575794e-141,"Memory B","KYNU"
1.32109909286185e-31,1.82456226172365,0.14,0.042,2.48393051439886e-27,"Memory B","IGF2BP3"
5.5141059455303e-25,1.79766004557925,0.067,0.014,1.03676219987861e-20,"Memory B","KANK1"
1.36020506892929e-17,1.79666958307324,0.055,0.013,2.55745757060086e-13,"Memory B","NCS1"
1.9827223332821e-16,1.79422690329699,0.059,0.015,3.72791453103701e-12,"Memory B","TRERF1"
3.32965617236691e-08,1.79402202708098,0.027,0.007,0.000626041953528426,"Memory B","LINC01754"
4.46476128461236e-271,1.78913488710007,0.82,0.3,8.39464416732815e-267,"Memory B","SAMSN1"
2.9906989536515e-26,1.78023494468099,0.082,0.02,5.62311217265556e-22,"Memory B","BMAL2"
2.04442074172638e-78,1.77676091081774,0.353,0.12,3.84391987859395e-74,"Memory B","EBI3"
3.82842689090437e-18,1.77130346835255,0.049,0.011,7.1982082402784e-14,"Memory B","MAPK11"
3.48965093065378e-35,1.76563481362303,0.089,0.019,6.56124167981524e-31,"Memory B","ABCC4"
4.53285975996682e-42,1.76493432253831,0.169,0.048,8.52268292068961e-38,"Memory B","RHEX"
1.78413130003439e-54,1.7627410558141,0.246,0.078,3.35452367032466e-50,"Memory B","TIAM2"
1.26077634044771e-07,1.76094225171289,0.027,0.007,0.00237051167530979,"Memory B","LINC01010"
8.1597779381617e-41,1.75967751475545,0.181,0.056,1.53420144793316e-36,"Memory B","KLK1"
3.79212006250336e-14,1.75545914868491,0.046,0.011,7.12994414151882e-10,"Memory B","C3orf14"
7.14358460839056e-28,1.75332996591892,0.084,0.02,1.34313677806959e-23,"Memory B","PLAAT3"
4.58378458566422e-63,1.74651313781096,0.266,0.081,8.61843177796588e-59,"Memory B","TCF7"
5.3358460824475e-68,1.73808375636169,0.228,0.058,1.00324578042178e-63,"Memory B","NEK6"
1.43329357578567e-118,1.7286095350385,0.494,0.172,2.69487858119222e-114,"Memory B","MDFIC"
3.2449241697795e-13,1.72856752360267,0.039,0.009,6.10110642401941e-09,"Memory B","SPNS2"
1.2426298337382e-08,1.72694572842537,0.028,0.007,0.000233639261339457,"Memory B","SLCO3A1"
1.23246862718861e-45,1.71946880509466,0.159,0.041,2.31728751284003e-41,"Memory B","ANK3"
6.26772612066611e-13,1.71615084225146,0.046,0.012,1.17845786520764e-08,"Memory B","SRXN1"
2.03905727837335e-21,1.70830237170234,0.103,0.033,3.83383549479757e-17,"Memory B","CAMK4"
5.97835249870681e-25,1.70098508004777,0.092,0.025,1.12404983680685e-20,"Memory B","MNDA"
9.01029003874525e-20,1.70019391143127,0.064,0.016,1.69411473308488e-15,"Memory B","CSF2RB"
7.61539332747545e-12,1.70007704803886,0.03,0.007,1.43184625343193e-07,"Memory B","CASTOR1"
1.04384632991468e-125,1.6958358309185,0.403,0.108,1.96263986950558e-121,"Memory B","ZBTB32"
3.08073583930661e-16,1.69135533020249,0.056,0.015,5.79239952506428e-12,"Memory B","C1orf216"
5.89898129805027e-51,1.68299785501667,0.449,0.29,1.10912646365941e-46,"Memory B","MYC"
4.64756411563164e-28,1.68283426779226,0.097,0.026,8.73835005021061e-24,"Memory B","KIF1C"
7.6547376451892e-15,1.67824477146055,0.044,0.011,1.43924377204847e-10,"Memory B","CASC11"
3.36382424424517e-28,1.67050629130258,0.101,0.027,6.32466234402977e-24,"Memory B","BLVRA"
2.64720784233058e-10,1.65814265529093,0.043,0.013,4.97728018514996e-06,"Memory B","TXK"
5.98873481448622e-21,1.64878770470955,0.048,0.01,1.1260019198197e-16,"Memory B","AGMAT"
5.2810245875646e-65,1.64812477732457,0.216,0.057,9.92938242953896e-61,"Memory B","SYNGR3"
4.09934527565118e-10,1.64656340906427,0.033,0.009,7.70758898727935e-06,"Memory B","TMCC3"
3.84386817880615e-13,1.64606676410924,0.066,0.022,7.22724094979133e-09,"Memory B","RAMP1"
2.31469517243935e-15,1.63991335933629,0.046,0.011,4.35208986322047e-11,"Memory B","PCBP4"
3.64638619326149e-40,1.6385076968777,0.165,0.048,6.85593532057024e-36,"Memory B","NIBAN1"
3.44723406069981e-26,1.63822793702232,0.095,0.026,6.48148948092778e-22,"Memory B","ARHGAP21"
1.56068858991255e-08,1.63131408049948,0.027,0.007,0.000293440668675358,"Memory B","WDR17"
1.57310870032628e-45,1.62965065653097,0.181,0.053,2.95775897835347e-41,"Memory B","CYSLTR1"
3.25719717410807e-57,1.62715585675202,0.246,0.076,6.12418212675799e-53,"Memory B","BICDL1"
7.0506899948279e-33,1.62394810755737,0.196,0.076,1.32567073282754e-28,"Memory B","ESR2"
3.72496538187407e-28,1.62252555476955,0.116,0.034,7.00367991099963e-24,"Memory B","NTNG1"
1.33557857616281e-07,1.62173350309205,0.025,0.007,0.00251115483890131,"Memory B","ANGPTL6"
1.892989951326e-35,1.61639088069912,0.142,0.041,3.55919970648315e-31,"Memory B","ENSG00000226571"
7.10195300524634e-13,1.61499789174014,0.04,0.01,1.33530920404642e-08,"Memory B","ZBTB20-AS1"
2.5391905004604e-15,1.61431397394209,0.052,0.014,4.77418597896565e-11,"Memory B","SLC22A15"
1.64424696187293e-10,1.60982881374042,0.036,0.01,3.09151313771349e-06,"Memory B","OTUD7B"
8.67807510303646e-26,1.60078499526607,0.088,0.024,1.63165168087292e-21,"Memory B","ATXN1-AS1"
1.72738375902686e-07,1.5993197393961,0.027,0.008,0.00324782694372231,"Memory B","MSRB2"
9.36863109888386e-10,1.59738209322055,0.033,0.009,1.76149001921214e-05,"Memory B","YES1"
1.1248768984105e-07,1.59182608949144,0.026,0.007,0.00211499354439142,"Memory B","MYO6"
1.99764604654437e-11,1.59002615086817,0.04,0.011,3.75597409671272e-07,"Memory B","RIC8B"
2.77720706765889e-42,1.58398294510901,0.212,0.072,5.22170472861224e-38,"Memory B","ADORA2A"
1.07273752709708e-104,1.57935892637713,0.518,0.206,2.01696109844793e-100,"Memory B","CRIP2"
1.96394522129419e-09,1.57914004722543,0.028,0.007,3.69260980507733e-05,"Memory B","RASSF8"
4.42414847442494e-46,1.57660571867738,0.182,0.054,8.31828396161378e-42,"Memory B","ENSG00000230709"
1.26327545169781e-13,1.57385309232325,0.044,0.011,2.37521050428222e-09,"Memory B","NIPAL2"
5.84032508151512e-21,1.57306320044356,0.097,0.031,1.09809792182647e-16,"Memory B","TGM2"
2.69902916092216e-07,1.56739531942874,0.044,0.017,0.00507471462836585,"Memory B","PYHIN1"
8.16281927099683e-13,1.56421595192218,0.063,0.02,1.53477327933282e-08,"Memory B","ENSG00000288990"
9.0764001856758e-12,1.56376887845668,0.067,0.025,1.70654476291076e-07,"Memory B","RRAD"
8.87601168807591e-53,1.55373296241763,0.242,0.079,1.66886771759203e-48,"Memory B","CLIP2"
2.21108881882233e-61,1.5494531604401,0.258,0.081,4.15728919714975e-57,"Memory B","ENSG00000291228"
3.56621298925205e-08,1.54084177237288,0.03,0.009,0.00067051936623917,"Memory B","FAM83D"
4.05318227427571e-41,1.53323739358998,0.188,0.06,7.6207933120932e-37,"Memory B","SCIMP"
4.39184060980056e-41,1.53299138979046,0.133,0.035,8.257538714547e-37,"Memory B","SH3BP1"
1.41282483093693e-25,1.52496028527982,0.09,0.025,2.65639324712761e-21,"Memory B","BMPR1A"
3.51327168071455e-47,1.52256004519384,0.341,0.155,6.60565341407949e-43,"Memory B","SLAMF7"
4.84052449619669e-16,1.51428017536299,0.067,0.021,9.10115415774901e-12,"Memory B","TRIM47"
5.55418521576199e-29,1.50427467379269,0.083,0.022,1.04429790426757e-24,"Memory B","CAMKK2"
6.90076262617223e-88,1.50123663509612,0.397,0.138,1.2974813889729e-83,"Memory B","ST14"
1.20177978573615e-13,1.49946508917001,0.049,0.014,2.25958635314111e-09,"Memory B","TXLNB"
7.38924575397986e-25,1.49689232789234,0.116,0.038,1.38932598666329e-20,"Memory B","ABI3"
7.65499277717074e-42,1.49471643849161,0.216,0.076,1.43929174196364e-37,"Memory B","NME1"
1.06212560525503e-10,1.48336048882526,0.033,0.009,1.9970085630005e-06,"Memory B","FRG1-DT"
6.4601259257006e-22,1.47889515887633,0.083,0.024,1.21463287655023e-17,"Memory B","EHD3"
1.05375318463376e-13,1.47562775290427,0.037,0.009,1.9812667377484e-09,"Memory B","SLC19A1"
6.71721179159763e-28,1.47239549724497,0.094,0.026,1.26297016105619e-23,"Memory B","CPT1A"
1.4475766663024e-98,1.47022885596215,0.408,0.136,2.72173364798178e-94,"Memory B","CAPN2"
1.99738984441863e-08,1.46849149091483,0.03,0.009,0.000375549238547591,"Memory B","F8A3"
2.65758611006018e-14,1.46758136565137,0.05,0.014,4.99679340413514e-10,"Memory B","NUDT19"
7.98150095961475e-59,1.46415685142205,0.4,0.182,1.50068181042677e-54,"Memory B","FABP5"
6.24540403187776e-88,1.46076890030507,0.338,0.106,1.17426086607366e-83,"Memory B","AFDN"
8.16917775371305e-20,1.45754716256131,0.152,0.067,1.53596880125313e-15,"Memory B","CD84"
1.43382278518428e-06,1.45662909163579,0.03,0.01,0.0269587360070348,"Memory B","ASTL"
5.23032694821116e-75,1.45595660705313,0.471,0.209,9.83406072802661e-71,"Memory B","CDC42EP3"
3.13883733768511e-30,1.45402729835523,0.253,0.118,5.90164196231554e-26,"Memory B","MIR4435-2HG"
4.11090758272417e-12,1.45302350801621,0.045,0.013,7.72932843703799e-08,"Memory B","ENSG00000258181"
2.91607155762819e-54,1.45099236599684,0.3,0.114,5.48279774265251e-50,"Memory B","ZBTB38"
6.98897812053856e-22,1.44850287090663,0.071,0.02,1.31406766622366e-17,"Memory B","CYFIP1"
1.32045492694471e-95,1.44333380776197,0.44,0.159,2.48271935364144e-91,"Memory B","EEIG1"
8.68554902355499e-09,1.44058955216699,0.025,0.007,0.000163305692740881,"Memory B","TMEM201"
5.53021444661982e-108,1.41479723926044,0.68,0.353,1.03979092025346e-103,"Memory B","CFLAR"
2.14557127309246e-23,1.40574820639558,0.089,0.026,4.03410310766844e-19,"Memory B","HIC1"
4.1108519954416e-39,1.39019382407512,0.201,0.072,7.7292239218293e-35,"Memory B","PPM1L"
7.38320315420406e-08,1.37896731780285,0.027,0.008,0.00138818985705345,"Memory B","ENSG00000290853"
2.36413442174676e-30,1.37339793111974,0.192,0.075,4.44504553976825e-26,"Memory B","EGR1"
1.4034146675017e-12,1.37027189936206,0.064,0.022,2.6387002578367e-08,"Memory B","SH3RF1"
3.7767897287818e-10,1.36923937614002,0.041,0.012,7.10112004805555e-06,"Memory B","TIGIT"
1.8840128729162e-56,1.36598882370297,0.299,0.112,3.54232100365704e-52,"Memory B","PCED1B"
8.52843585128225e-08,1.36572523167078,0.024,0.007,0.00160351650875809,"Memory B","TBC1D24"
1.69650932117974e-18,1.36434958605774,0.07,0.022,3.18977682568215e-14,"Memory B","PTP4A3"
6.34455618687821e-20,1.36413080027435,0.099,0.034,1.19290345425684e-15,"Memory B","SIT1"
3.28948571210757e-07,1.35985191683746,0.037,0.013,0.00618489103590466,"Memory B","LINC01890"
8.11743729512536e-27,1.3593080987908,0.156,0.059,1.52624056022947e-22,"Memory B","MGAT4A"
7.86209440144212e-10,1.35763935205976,0.038,0.012,1.47823098935915e-05,"Memory B","PTMS"
1.14009852013668e-32,1.34727653089299,0.12,0.037,2.14361323756098e-28,"Memory B","CALHM2"
1.3775830660098e-43,1.34132500480412,0.185,0.061,2.59013168071162e-39,"Memory B","PVRIG"
4.49767027461993e-22,1.33949354645516,0.11,0.039,8.4565196503404e-18,"Memory B","ADAP2"
9.89819472006125e-68,1.33170475247672,0.427,0.185,1.86105857126592e-63,"Memory B","DUSP4"
4.87299886179207e-17,1.33144453312294,0.055,0.016,9.16221245994144e-13,"Memory B","RHOBTB2"
4.57499646499081e-33,1.32239338062523,0.111,0.032,8.60190835347573e-29,"Memory B","PIEZO1"
5.87789896311071e-103,1.31756251131969,0.623,0.301,1.10516256304408e-98,"Memory B","LGALS1"
7.37281506080351e-52,1.31687593716449,0.241,0.084,1.38623668773228e-47,"Memory B","PYCARD"
1.74139865105263e-64,1.31553685379333,0.377,0.153,3.27417774370915e-60,"Memory B","KLHL6"
3.13825009884199e-138,1.31376210819795,0.589,0.221,5.90053783584271e-134,"Memory B","ATXN1"
3.17424429916842e-29,1.30498539361093,0.16,0.06,5.96821413129646e-25,"Memory B","EPS15-AS1"
8.41490649016075e-12,1.30036808007712,0.032,0.009,1.58217071828002e-07,"Memory B","RIPOR3"
1.14128615507318e-09,1.29975608594524,0.036,0.012,2.1458462287686e-05,"Memory B","NOL4L"
3.54512238762938e-09,1.29595673512627,0.026,0.007,6.66553911322077e-05,"Memory B","RAB39A"
6.24445430689009e-51,1.29420619453798,0.167,0.05,1.17408229878148e-46,"Memory B","ADPRH"
2.56452294907361e-33,1.29414956003957,0.135,0.044,4.82181604884821e-29,"Memory B","GDPD5"
2.96286054464986e-22,1.2933129342032,0.073,0.022,5.57077039605066e-18,"Memory B","ZNG1F"
3.6714310538748e-18,1.29064587189762,0.073,0.024,6.9030246674954e-14,"Memory B","FXN"
5.23240069878269e-22,1.28498758460696,0.082,0.027,9.8379597938512e-18,"Memory B","SGCB"
5.68040769918833e-28,1.28096246088767,0.127,0.043,1.06803025560139e-23,"Memory B","PUS7"
4.56472192722346e-11,1.27952866565172,0.048,0.017,8.58259016756554e-07,"Memory B","RETSAT"
1.78725662338291e-54,1.27900867695517,0.6,0.376,3.36039990328454e-50,"Memory B","RNF19A"
3.30798189128142e-07,1.2784931158995,0.027,0.009,0.00621966755198733,"Memory B","STOX1"
3.11432755505868e-82,1.27846004699458,0.482,0.206,5.85555866902132e-78,"Memory B","WDFY1"
4.81344428504472e-13,1.27753349694792,0.046,0.014,9.05023794474108e-09,"Memory B","PDCD1"
3.49231762707717e-82,1.27459612685723,0.564,0.281,6.5662556024305e-78,"Memory B","CCDC50"
1.60217214559323e-25,1.27409050487702,0.125,0.044,3.01240406814439e-21,"Memory B","PSAT1"
1.22501964462204e-35,1.27383556316389,0.186,0.069,2.30328193581835e-31,"Memory B","THEMIS2"
1.00870458426082e-14,1.27330958609593,0.043,0.012,1.89656635932719e-10,"Memory B","MBOAT1"
2.39002019213689e-21,1.26900749284352,0.131,0.051,4.49371596525578e-17,"Memory B","ADCY3"
5.46355103204992e-54,1.26817071096969,0.265,0.095,1.02725686504603e-49,"Memory B","CXCR3"
2.13818043573659e-19,1.26563185965002,0.099,0.036,4.02020685527194e-15,"Memory B","RBM47"
8.93285948706701e-08,1.26145753868468,0.042,0.016,0.00167955624075834,"Memory B","PIK3R6"
4.08876115069914e-27,1.26068367630941,0.128,0.045,7.68768871554451e-23,"Memory B","DGAT2"
1.63170956448705e-20,1.26021968307536,0.07,0.021,3.06794032314856e-16,"Memory B","NMRK1"
1.38344967071644e-20,1.2577367698151,0.099,0.034,2.60116207088106e-16,"Memory B","LINC01480"
1.28908473845852e-39,1.25752322930356,0.252,0.104,2.42373712524971e-35,"Memory B","PHF6"
8.37431078587036e-12,1.2566383877063,0.047,0.016,1.57453791395934e-07,"Memory B","PRKAR1B-AS1"
7.33685767549603e-15,1.25602726774399,0.058,0.019,1.37947598014676e-10,"Memory B","IL18BP"
3.30886988728642e-16,1.25422962947968,0.067,0.022,6.22133716207592e-12,"Memory B","OAS3"
1.81479217498298e-34,1.24997561771345,0.121,0.038,3.41217224740299e-30,"Memory B","KLHL42"
8.79017260792466e-17,1.24932654061743,0.052,0.016,1.65272825374199e-12,"Memory B","TSPOAP1"
6.36376501669288e-66,1.24578071501494,0.331,0.124,1.1965150984386e-61,"Memory B","SGPP1"
6.37748072869512e-20,1.24094025599531,0.063,0.019,1.19909392660926e-15,"Memory B","ENSG00000289406"
1.85624329612961e-14,1.23791265338001,0.055,0.018,3.49010864538289e-10,"Memory B","ST7"
2.10734379644388e-12,1.23780921888062,0.038,0.011,3.96222780607379e-08,"Memory B","POLR1G"
1.36713532083155e-95,1.23472756334436,0.6,0.286,2.57048783022749e-91,"Memory B","TXN"
3.51835111857674e-64,1.22586873961082,0.323,0.12,6.61520377314799e-60,"Memory B","TMEM163"
6.70113926580553e-75,1.22508818571923,0.403,0.161,1.25994820475676e-70,"Memory B","AP1S3"
2.89981017332202e-32,1.22493050260428,0.12,0.038,5.45222308788007e-28,"Memory B","LINC01679"
1.76632140393894e-18,1.22376953274231,0.087,0.028,3.321037503686e-14,"Memory B","TOX"
3.04764337993375e-24,1.22192133302112,0.12,0.044,5.73017908295143e-20,"Memory B","MREG"
2.45167267992116e-24,1.22139012701234,0.128,0.046,4.60963497278776e-20,"Memory B","ZBTB20-AS5"
2.09972995115611e-06,1.22028802707467,0.028,0.01,0.0394791225416372,"Memory B","ENSG00000289057"
9.50310359478401e-15,1.21661773247568,0.098,0.039,1.78677353789129e-10,"Memory B","GPRIN3"
2.12988118314065e-25,1.21613437635831,0.105,0.036,4.00460260054106e-21,"Memory B","TRIB3"
9.30192863792062e-20,1.21585129893301,0.088,0.031,1.74894862250184e-15,"Memory B","SAMD12"
1.80162714327094e-11,1.2112271461093,0.062,0.023,3.38741935477802e-07,"Memory B","TLCD3A"
6.09505771624223e-33,1.20966756590107,0.139,0.048,1.14599275180786e-28,"Memory B","SLC25A43"
2.949194847923e-12,1.20837545811537,0.054,0.019,5.54507615306482e-08,"Memory B","MLKL"
4.04197267371681e-41,1.20430754035931,0.296,0.13,7.59971702112234e-37,"Memory B","HDAC9"
2.11259013009055e-84,1.20329472109776,0.491,0.211,3.97209196259626e-80,"Memory B","SEL1L3"
1.96560575980821e-09,1.20139168900119,0.026,0.008,3.6957319495914e-05,"Memory B","SAMD10"
1.11822932626799e-17,1.19885232516152,0.053,0.017,2.10249477924908e-13,"Memory B","PNPO"
1.30598558399815e-60,1.19790062051421,0.361,0.149,2.45551409503333e-56,"Memory B","SLC1A5"
2.73375011855524e-53,1.19738258638704,0.332,0.138,5.13999697290757e-49,"Memory B","FUT8"
2.89816724383215e-40,1.19098046570756,0.171,0.06,5.44913405185322e-36,"Memory B","TBC1D12"
2.53747454651799e-10,1.190811835727,0.028,0.007,4.77095964236313e-06,"Memory B","ELAPOR1"
8.09420849190443e-09,1.18760442109538,0.03,0.01,0.000152187308064787,"Memory B","ENSG00000260145"
5.39428316874702e-23,1.18670482134218,0.07,0.021,1.01423312138781e-18,"Memory B","CLIP4"
1.98720832180295e-15,1.18658645323392,0.056,0.018,3.7363490866539e-11,"Memory B","ENSG00000290008"
2.53046368085935e-11,1.18634851754945,0.045,0.016,4.75777781275175e-07,"Memory B","ANO9"
1.96121889417e-10,1.18622937915442,0.052,0.02,3.68748376481843e-06,"Memory B","RAB20"
1.32639795866619e-06,1.18462552706927,0.028,0.01,0.0249389344188417,"Memory B","PRDM1"
5.034782104286e-59,1.18205347623529,0.299,0.115,9.46639731247855e-55,"Memory B","RGS10"
8.57534206219044e-41,1.18055263025983,0.168,0.059,1.61233581453305e-36,"Memory B","STAMBPL1"
2.24750507414488e-13,1.18010826020448,0.056,0.019,4.2257590404072e-09,"Memory B","LY86-AS1"
3.69921438724892e-12,1.17334951967329,0.056,0.02,6.95526289090543e-08,"Memory B","LINC01762"
3.79539225627674e-25,1.17303922373851,0.09,0.029,7.13609652025153e-21,"Memory B","PCNX2"
5.18581620801491e-15,1.17243562736625,0.053,0.017,9.75037163430963e-11,"Memory B","ENSG00000262151"
1.58000370974657e-18,1.17183687387743,0.069,0.023,2.97072297506551e-14,"Memory B","CELSR1"
1.19483965286361e-16,1.17164276586084,0.058,0.019,2.24653751531417e-12,"Memory B","TLR7"
8.35056188473301e-59,1.17052605646786,0.375,0.162,1.5700726455675e-54,"Memory B","TFRC"
1.36323414674933e-25,1.16891465766812,0.078,0.025,2.5631528427181e-21,"Memory B","CARM1"
8.104893795982e-35,1.16669973002575,0.145,0.05,1.52388213152053e-30,"Memory B","ZNF827"
1.02686553291494e-37,1.16536266826714,0.132,0.043,1.93071257498668e-33,"Memory B","GNPDA1"
3.67859258470369e-18,1.16378515861518,0.081,0.029,6.91648977775988e-14,"Memory B","COA7"
9.20335170733706e-18,1.163040183516,0.066,0.023,1.73041418801351e-13,"Memory B","TMEM14A"
9.02832903149368e-62,1.16072238150471,0.333,0.132,1.69750642450144e-57,"Memory B","PCED1B-AS1"
9.57552001120446e-50,1.1581731327259,0.23,0.084,1.80038927250666e-45,"Memory B","SCRN1"
7.91031712347604e-09,1.15742495570902,0.03,0.01,0.000148729782555596,"Memory B","FBXO41"
3.66267165471346e-49,1.15588706083608,0.288,0.117,6.88655524519225e-45,"Memory B","HMOX1"
2.33386799478701e-25,1.15393819313686,0.156,0.064,4.38813860379853e-21,"Memory B","MYO1F"
9.70654442492682e-09,1.14618660171053,0.065,0.029,0.000182502448277474,"Memory B","RUNX2"
4.10906703283965e-09,1.14538234790704,0.038,0.013,7.72586783514511e-05,"Memory B","CDKN3"
1.74468393156068e-23,1.14354587522604,0.137,0.054,3.28035472812038e-19,"Memory B","ITGAL"
8.89109119835625e-16,1.14337242944573,0.071,0.024,1.67170296711494e-11,"Memory B","BATF"
1.94222219724222e-10,1.14143597293317,0.041,0.014,3.65176617525483e-06,"Memory B","DDX43"
1.57598956643607e-35,1.14036763747226,0.282,0.131,2.9631755828131e-31,"Memory B","PIK3R5"
4.48514907172144e-32,1.13931769244943,0.113,0.039,8.43297728465064e-28,"Memory B","COMTD1"
1.16184481705956e-14,1.13915872319607,0.078,0.03,2.18450062503539e-10,"Memory B","DAPK2"
6.61566532719227e-11,1.13753344321171,0.033,0.011,1.24387739481869e-06,"Memory B","ENSG00000224950"
1.28850596287873e-09,1.13667148109794,0.05,0.02,2.4226489114046e-05,"Memory B","ANKRD6"
2.13480932768091e-14,1.12791844793965,0.073,0.028,4.01386849790565e-10,"Memory B","ENSG00000291212"
1.18900745301192e-10,1.12753353976866,0.083,0.037,2.23557181315302e-06,"Memory B","ENSG00000288964"
1.25159916178807e-08,1.12607011267995,0.025,0.008,0.000235325674399393,"Memory B","MXD3"
1.51749722461078e-16,1.12179081298659,0.061,0.02,2.85319828171319e-12,"Memory B","HHAT"
1.57061790770163e-18,1.12127609952635,0.061,0.019,2.9530757900606e-14,"Memory B","HMGB3"
2.13471599846828e-58,1.12118119238547,0.514,0.274,4.01369302032006e-54,"Memory B","ITGB1"
1.837222546583e-57,1.12081599124871,0.432,0.205,3.45434583208535e-53,"Memory B","CCR6"
5.17466389253142e-12,1.12042683111626,0.048,0.018,9.72940305073758e-08,"Memory B","EPS8L2"
1.60859173782643e-16,1.1166916382385,0.088,0.034,3.02447418546125e-12,"Memory B","TBX21"
1.5748565586917e-18,1.11285193131046,0.098,0.037,2.96104530165213e-14,"Memory B","EPHA4"
3.02318742347148e-54,1.11254112165124,0.388,0.177,5.68419699361107e-50,"Memory B","DOCK10"
3.49109475615546e-14,1.10742144857843,0.099,0.042,6.5639563605235e-10,"Memory B","CD96"
3.20798141926897e-10,1.10549314965321,0.034,0.011,6.03164666450952e-06,"Memory B","PDE5A"
3.75563310033494e-07,1.10397012244955,0.263,0.194,0.00706134135524976,"Memory B","JCHAIN"
6.23297549119353e-30,1.10083481318918,0.147,0.056,1.17192405185421e-25,"Memory B","FBXO10"
3.30121236551498e-65,1.10054794127102,0.494,0.243,6.20693948964127e-61,"Memory B","GSTK1"
8.188585232363e-44,1.09946299034727,0.181,0.062,1.53961779538889e-39,"Memory B","CSGALNACT1"
2.86652108639195e-07,1.09536657597597,0.024,0.008,0.00538963294663414,"Memory B","UBTD1"
9.18214110853667e-13,1.0934560829435,0.04,0.013,1.72642617122706e-08,"Memory B","CNPY4"
1.13800902472147e-11,1.09123995119793,0.03,0.01,2.1396845682813e-07,"Memory B","NTHL1"
2.32930772150513e-09,1.09077440193229,0.025,0.008,4.37956437797394e-05,"Memory B","ZSWIM5"
5.90492663684856e-28,1.08915712899554,0.141,0.054,1.11024430626027e-23,"Memory B","CNR1"
5.66536090426491e-115,1.08842386296839,0.836,0.557,1.06520115721989e-110,"Memory B","CD58"
3.95083588828003e-19,1.08558912408351,0.078,0.028,7.42836163714412e-15,"Memory B","IKBKE"
1.8625996189505e-29,1.08438414396814,0.141,0.054,3.50205980355072e-25,"Memory B","WDR3"
3.97636489938277e-10,1.08434831468632,0.034,0.011,7.47636128381948e-06,"Memory B","CAMSAP2"
2.23118823239786e-10,1.08352951568128,0.045,0.017,4.19508011455446e-06,"Memory B","ENSG00000244676"
2.91152505088112e-07,1.08294601876526,0.026,0.009,0.00547424940066668,"Memory B","SVIL-AS1"
5.12236742906882e-46,1.08230724166621,0.313,0.139,9.63107524013519e-42,"Memory B","STK38L"
8.4665067802193e-07,1.0795043267676,0.03,0.011,0.0159187260481683,"Memory B","EGR4"
1.13928582966027e-125,1.07713405693349,0.861,0.56,2.14208521692725e-121,"Memory B","S100A10"
1.97724119670076e-20,1.07533253452489,0.067,0.023,3.71760889803676e-16,"Memory B","RELL2"
7.68171296604696e-12,1.07511556233261,0.054,0.02,1.44431567187615e-07,"Memory B","ENSG00000258302"
1.20705898076411e-07,1.07501671720701,0.023,0.008,0.00226951229563267,"Memory B","PTAFR"
3.67232485347592e-19,1.07420348634893,0.085,0.032,6.90470518950542e-15,"Memory B","PLEKHF1"
5.07271498899111e-11,1.07411469592602,0.045,0.016,9.53771872230108e-07,"Memory B","ENSG00000289620"
1.02196291614542e-15,1.0710240851573,0.113,0.049,1.92149467493662e-11,"Memory B","CR1"
4.02866659895418e-12,1.07066435694475,0.055,0.02,7.57469893935364e-08,"Memory B","H2AC25"
4.87549472138642e-29,1.07037690655641,0.188,0.079,9.16690517515074e-25,"Memory B","PCBP3"
3.009675922756e-17,1.06369453011307,0.12,0.052,5.65879266996583e-13,"Memory B","GSN"
8.81314409592741e-13,1.06334317516092,0.041,0.013,1.65704735291627e-08,"Memory B","PYCR1"
2.28860281586425e-09,1.06201972112565,0.024,0.008,4.30303101438797e-05,"Memory B","SLC27A3"
8.90011725443548e-63,1.05742614994116,0.392,0.172,1.67340004617896e-58,"Memory B","DENND1B"
1.08717998455294e-48,1.05660691379576,0.242,0.092,2.04411580695644e-44,"Memory B","HIVEP3"
3.23635149525585e-11,1.05659469111158,0.04,0.014,6.08498808138004e-07,"Memory B","C17orf58"
1.09680672725729e-40,1.05560940561164,0.185,0.071,2.06221600858916e-36,"Memory B","RABGGTA"
4.62872372119935e-36,1.05498549709566,0.384,0.208,8.70292634059901e-32,"Memory B","CIITA"
9.46402973742267e-19,1.05402669879165,0.055,0.018,1.77942687123021e-14,"Memory B","PRR5"
1.08524282453576e-122,1.05205648871545,0.887,0.654,2.04047355869214e-118,"Memory B","BASP1"
4.52450022437843e-55,1.04944280878117,0.35,0.153,8.50696532187632e-51,"Memory B","PPIF"
7.97587214661582e-10,1.04715757461784,0.042,0.016,1.49962348100671e-05,"Memory B","CFAP54"
1.2015737223127e-14,1.04491558669011,0.073,0.029,2.25919891269234e-10,"Memory B","ZFP64"
3.77246687850519e-26,1.04436513756115,0.089,0.03,7.09299222496545e-22,"Memory B","MCRIP2"
1.60854135736565e-29,1.04245609328734,0.109,0.036,3.0243794601189e-25,"Memory B","ENSG00000241490"
1.01779287297643e-09,1.04204001534754,0.047,0.018,1.91365415977028e-05,"Memory B","ENSG00000287733"
4.70099255998116e-37,1.04202373220185,0.166,0.063,8.83880621127657e-33,"Memory B","ZNF532"
8.10987178415734e-61,1.04064997767838,0.339,0.141,1.52481809285726e-56,"Memory B","ZMIZ1"
1.26293137178306e-48,1.04053923943539,0.357,0.167,2.3745635652265e-44,"Memory B","LYPLAL1"
1.05409427214171e-22,1.04041331321489,0.086,0.03,1.98190805048084e-18,"Memory B","VWA8"
1.57585661714748e-28,1.03695339679913,0.166,0.068,2.96292561156069e-24,"Memory B","EEF2K"
1.97215068232381e-45,1.03475101987978,0.272,0.115,3.70803771290523e-41,"Memory B","GRAMD1C"
3.28325812951243e-20,1.03337577778672,0.065,0.021,6.17318193510926e-16,"Memory B","SAMHD1"
9.27163650611228e-42,1.0333687200363,0.185,0.071,1.74325309587923e-37,"Memory B","SLC35B2"
4.62512523186635e-30,1.03221863697456,0.281,0.141,8.69616046095511e-26,"Memory B","CCND2"
1.35480073786033e-28,1.0319755938683,0.139,0.055,2.547296347325e-24,"Memory B","ZDHHC18"
7.96997986748686e-69,1.0282428033502,0.335,0.134,1.49851561468488e-64,"Memory B","ZDHHC21"
2.69802053615277e-09,1.02653163476295,0.029,0.009,5.07281821207444e-05,"Memory B","ENSG00000289826"
3.7151693100464e-50,1.02358616412625,0.568,0.339,6.98526133674923e-46,"Memory B","NIN"
6.19808043062074e-18,1.02270636225951,0.126,0.055,1.16536308256531e-13,"Memory B","CHST7"
7.10186634324776e-65,1.02039133225002,0.485,0.237,1.33529290985744e-60,"Memory B","TOR3A"
1.87767617684499e-06,1.0189726385886,0.023,0.008,0.0353040674770394,"Memory B","PLEKHB1"
6.89919838139939e-53,1.01666297111486,0.679,0.457,1.29718727967071e-48,"Memory B","BCL2A1"
2.31063728133494e-22,1.01616821995931,0.074,0.025,4.34446021636596e-18,"Memory B","TUBGCP5"
1.56977610400955e-11,1.0147231508151,0.054,0.02,2.95149303075875e-07,"Memory B","IFIT3"
1.35172545495845e-12,1.01469017472721,0.058,0.022,2.54151420041287e-08,"Memory B","PALB2"
7.44430724845067e-31,1.01454897622871,0.21,0.092,1.39967864885369e-26,"Memory B","PITPNC1"
8.19254140170774e-07,1.01041849625458,0.027,0.01,0.0154036163434909,"Memory B","HYAL2"
4.58153875829026e-12,1.00976682051919,0.048,0.018,8.61420917333735e-08,"Memory B","MFSD2A"
5.98800894259134e-11,1.00592427222924,0.032,0.011,1.12586544138602e-06,"Memory B","ENSG00000264458"
1.43548193760749e-43,1.00578676190668,0.217,0.087,2.6989931390896e-39,"Memory B","CTSC"
4.81323010725937e-44,1.00552295031267,0.149,0.052,9.04983524766907e-40,"Memory B","SLC2A4RG"
6.7478782183051e-29,1.00507033318462,0.192,0.084,1.26873606260572e-24,"Memory B","SYTL3"
4.99675512635502e-109,1.0029504039618,0.765,0.43,9.3948989885727e-105,"Memory B","COTL1"
3.26911390277714e-08,0.9992116879399,0.027,0.009,0.000614658796000158,"Memory B","ZNF460-AS1"
1.31317675116902e-08,0.998806171673847,0.036,0.014,0.000246903492754799,"Memory B","C2orf88"
4.83104401203235e-09,0.998036339511893,0.029,0.01,9.08332895142322e-05,"Memory B","FUT10"
9.80583198935419e-60,0.997643090269709,0.478,0.24,1.84369253063838e-55,"Memory B","CLIP1"
2.73463379437818e-17,0.997197524630771,0.067,0.025,5.14165846018985e-13,"Memory B","NR1D1"
2.24997510517451e-14,0.996016881675217,0.083,0.034,4.23040319274911e-10,"Memory B","PLAG1"
4.91294680764674e-23,0.991880127537872,0.139,0.056,9.23732258773739e-19,"Memory B","BCAT1"
3.00698067745232e-85,0.99185001771943,0.55,0.262,5.65372506974585e-81,"Memory B","LPCAT1"
3.41360318838203e-25,0.991227146922527,0.184,0.083,6.4182567147959e-21,"Memory B","TLR10"
2.09911765988411e-49,0.990674294689415,0.329,0.145,3.94676102411411e-45,"Memory B","COPDA1"
4.47974229873152e-08,0.990011096878657,0.034,0.013,0.0008422811470075,"Memory B","ENSG00000287180"
2.75112635961547e-18,0.989965609673006,0.091,0.036,5.172667781349e-14,"Memory B","LRSAM1"
1.99389960994312e-44,0.987281998674269,0.288,0.128,3.74893004661506e-40,"Memory B","SPAG1"
3.9786403970161e-85,0.981843605369928,0.725,0.428,7.48063967446967e-81,"Memory B","S100A6"
3.18178433030889e-11,0.981761453216628,0.043,0.016,5.98239089784677e-07,"Memory B","ENSG00000257925"
5.22164581696641e-31,0.981275090437134,0.164,0.068,9.81773846506025e-27,"Memory B","NIPA1"
4.32030255685784e-25,0.980361977982628,0.136,0.056,8.12303286740412e-21,"Memory B","METTL8"
3.01278910213228e-14,0.979782388292986,0.109,0.049,5.66464606982911e-10,"Memory B","HOPX"
1.33571655126971e-12,0.979769869088511,0.056,0.022,2.51141425969731e-08,"Memory B","ANKDD1A"
4.20479079578469e-23,0.97899322468987,0.1,0.039,7.90584765423437e-19,"Memory B","PAFAH1B3"
2.4356211432843e-37,0.97801675720892,0.329,0.164,4.57945487360314e-33,"Memory B","UGCG"
1.90052067618137e-101,0.977935136793958,0.789,0.479,3.57335897535621e-97,"Memory B","MARCKS"
1.02595035565402e-30,0.977384620141066,0.2,0.089,1.92899185870068e-26,"Memory B","CKAP4"
1.0660951306636e-48,0.97356160751677,0.321,0.143,2.00447206467371e-44,"Memory B","MYO1D"
7.90983103097542e-77,0.972803755578401,0.61,0.324,1.487206430444e-72,"Memory B","ARHGAP25"
1.10767661280267e-15,0.972769573630968,0.084,0.035,2.08265356739157e-11,"Memory B","METTL1"
6.26630016938596e-83,0.970139856857004,0.544,0.26,1.17818975784795e-78,"Memory B","APBB1IP"
2.3304862159789e-40,0.969437588256918,0.22,0.09,4.38178018328354e-36,"Memory B","NETO2"
3.08540737471416e-26,0.9684075371298,0.108,0.041,5.80118294593756e-22,"Memory B","UNC13D"
1.92916707166968e-63,0.967774390035351,0.672,0.43,3.62721992815334e-59,"Memory B","CTSH"
9.02565354975599e-55,0.967029506212467,0.26,0.106,1.69700338042512e-50,"Memory B","RDX"
1.40037427275724e-31,0.966975170258608,0.18,0.076,2.63298370763817e-27,"Memory B","SFXN1"
8.61786715011642e-42,0.965445864704202,0.418,0.224,1.62033138156489e-37,"Memory B","DUSP2"
9.20675618267684e-14,0.963604523016615,0.056,0.022,1.7310542974669e-09,"Memory B","DNM3"
7.29744761946697e-13,0.96272629478977,0.051,0.019,1.37206610141218e-08,"Memory B","CCDC24"
9.05548366237612e-11,0.95951483295948,0.04,0.015,1.70261203819996e-06,"Memory B","SLC25A20"
4.24668703510646e-07,0.957257281518775,0.023,0.009,0.00798462096340716,"Memory B","PDIA5"
2.14204451799394e-20,0.956695589494951,0.12,0.051,4.02747210273221e-16,"Memory B","CISD1"
7.08251894897448e-37,0.956631079643506,0.29,0.138,1.33165521278618e-32,"Memory B","SLC9B2"
6.60728296911484e-59,0.956533137963215,0.52,0.277,1.24230134385297e-54,"Memory B","SOCS1"
8.62018760459061e-25,0.955742036234783,0.154,0.068,1.62076767341513e-20,"Memory B","ENO2"
1.47606360991894e-76,0.954021354739174,0.524,0.253,2.77529479936959e-72,"Memory B","ANKRD33B"
5.00909645451284e-17,0.95247744771759,0.107,0.046,9.41810315377505e-13,"Memory B","CASP10"
5.17052457142035e-20,0.950320581652174,0.078,0.03,9.72162029918454e-16,"Memory B","ENSG00000230684"
1.38957334850301e-23,0.950041697863795,0.154,0.067,2.61267580985536e-19,"Memory B","ABHD6"
8.16904333169952e-68,0.949761439483116,0.63,0.362,1.53594352722614e-63,"Memory B","ARHGAP31"
4.02309202899888e-29,0.94897678299698,0.153,0.063,7.56421763292369e-25,"Memory B","BCL10-AS1"
5.31576142213181e-27,0.944242419390148,0.183,0.081,9.99469462589224e-23,"Memory B","ENSG00000285744"
1.2398602103003e-10,0.940943975982384,0.056,0.024,2.33118516740662e-06,"Memory B","SCCPDH"
1.34481254482503e-12,0.940855288375085,0.17,0.095,2.52851654678003e-08,"Memory B","STX17-DT"
2.94862178248343e-24,0.940077948232915,0.119,0.049,5.54399867542534e-20,"Memory B","THEM4"
2.870800820288e-09,0.939995594088908,0.032,0.012,5.39767970230549e-05,"Memory B","MYT1"
9.60719402423566e-34,0.938962893867443,0.257,0.121,1.80634462043679e-29,"Memory B","ALCAM"
1.31289800198133e-47,0.937865678857144,0.345,0.163,2.4685108233253e-43,"Memory B","AHR"
1.05138573966261e-17,0.935872088401,0.089,0.037,1.97681546771365e-13,"Memory B","CDKN2A"
1.06832979084222e-15,0.934836230816925,0.088,0.038,2.00867367274153e-11,"Memory B","TLR9"
1.56371166697303e-09,0.934242046576233,0.034,0.013,2.94009067624269e-05,"Memory B","ENSG00000272540"
3.01862858681419e-15,0.933744462337431,0.057,0.021,5.67562546892805e-11,"Memory B","PIK3R2"
7.26246449080758e-16,0.933272254493321,0.07,0.027,1.36548857356164e-11,"Memory B","ENSG00000237773"
4.23690252544857e-08,0.932987232634122,0.037,0.015,0.000796622412834841,"Memory B","NCDN"
2.19431175398914e-19,0.931751604042385,0.088,0.034,4.12574495985038e-15,"Memory B","ZNF341"
8.07196343027949e-39,0.929735586900247,0.23,0.1,1.51769056416115e-34,"Memory B","LRRK1"
1.53090042015089e-16,0.929242825276774,0.059,0.022,2.8783989699677e-12,"Memory B","PEX5"
1.0503030378155e-20,0.925280568869142,0.078,0.031,1.97477977170071e-16,"Memory B","RPS6KA4"
4.23422653887912e-41,0.924760986932655,0.38,0.198,7.96119273840052e-37,"Memory B","LGALS3"
9.99178750974807e-21,0.924507422895381,0.095,0.039,1.87865588758283e-16,"Memory B","RNF135"
9.21604709628704e-18,0.923848433275267,0.171,0.087,1.73280117504389e-13,"Memory B","GK"
4.53446134898277e-17,0.923571503573628,0.071,0.027,8.52569422835741e-13,"Memory B","ZNF594-DT"
1.88515602382496e-06,0.923233720364064,0.034,0.014,0.0354447035599569,"Memory B","DISC1FP1"
1.28029084083004e-08,0.922766320065812,0.045,0.019,0.000240720283892863,"Memory B","DDAH1"
2.26931510292555e-42,0.922718623863147,0.32,0.152,4.26676625652062e-38,"Memory B","NINJ1"
1.65373333125355e-06,0.92246930447159,0.027,0.011,0.0310934940942292,"Memory B","ENSG00000261172"
2.27871174782206e-44,0.921850605395559,0.252,0.111,4.28443382825504e-40,"Memory B","CTSA"
1.11478221861066e-33,0.920180561515527,0.188,0.082,2.09601352743176e-29,"Memory B","PLEKHO2"
4.02624054587882e-17,0.92006510437834,0.066,0.025,7.57013747436135e-13,"Memory B","ACSF2"
1.17731823878476e-36,0.919823458017918,0.192,0.081,2.21359375256311e-32,"Memory B","VAV2"
4.75055048238602e-49,0.919696072058065,0.22,0.071,8.9319850169822e-45,"Memory B","IGHG2"
2.15522551495331e-37,0.919178531033993,0.21,0.091,4.05225501321521e-33,"Memory B","NFE2L1"
1.33210867891091e-12,0.916486024619478,0.05,0.02,2.5046307380883e-08,"Memory B","ENSG00000239300"
8.85977831088587e-23,0.916117235352935,0.095,0.037,1.66581551801276e-18,"Memory B","PRKAR1B"
1.3198592134792e-22,0.915889497852194,0.063,0.022,2.4815992931836e-18,"Memory B","NMRAL1"
1.16634075616023e-17,0.912580639638983,0.072,0.028,2.19295388973246e-13,"Memory B","SNTA1"
7.72965325369683e-35,0.907899284476687,0.279,0.134,1.45332940476008e-30,"Memory B","ENSG00000291156"
4.0175542971839e-31,0.907848046212441,0.215,0.1,7.55380558956517e-27,"Memory B","CPEB4"
7.65703035466309e-56,0.905067633386346,0.507,0.271,1.43967484728375e-51,"Memory B","PPFIBP2"
4.03043396906946e-09,0.901995060214377,0.027,0.01,7.57802194864441e-05,"Memory B","DHRS4L2"
1.49399729458597e-07,0.90132548212997,0.049,0.022,0.00280901371328055,"Memory B","CD1C"
3.75675223352741e-53,0.901250667509475,0.457,0.236,7.06344554947824e-49,"Memory B","CPNE5"
7.68493025126388e-09,0.899170293298478,0.035,0.014,0.000144492058584263,"Memory B","FGD6"
5.82781907416196e-11,0.894994395796495,0.062,0.027,1.09574654232393e-06,"Memory B","ATXN7L1"
7.34298276500567e-15,0.894782386855854,0.049,0.018,1.38062761947637e-10,"Memory B","AP1S1"
1.47326660722543e-30,0.894378810735941,0.354,0.2,2.77003587490526e-26,"Memory B","CKS2"
3.11210074112957e-39,0.891232525643977,0.195,0.081,5.85137181347182e-35,"Memory B","FBXO31"
8.66280526717177e-90,0.89071682441883,0.817,0.545,1.62878064633364e-85,"Memory B","PTPN1"
3.98637878231217e-25,0.890355983477048,0.109,0.043,7.49518938650335e-21,"Memory B","DHX33"
3.59770760511137e-09,0.889659999007666,0.037,0.014,6.76440983913039e-05,"Memory B","ZSCAN2"
5.02979973960499e-19,0.889204615184321,0.068,0.027,9.45702947040529e-15,"Memory B","MARS2"
2.84737663874517e-20,0.888607132608734,0.098,0.04,5.35363755616866e-16,"Memory B","NINJ2"
2.80995646709748e-28,0.887727992755738,0.159,0.07,5.28328014943668e-24,"Memory B","AKAP13-AS1"
1.29598383043221e-13,0.887234520729544,0.107,0.051,2.43670879797864e-09,"Memory B","ADGRG5"
8.30246265999638e-38,0.886506428035607,0.493,0.298,1.56102902933252e-33,"Memory B","BCAR3"
6.31190236327327e-25,0.884650026320005,0.113,0.046,1.18676388234264e-20,"Memory B","ENSG00000225889"
3.79784354967653e-25,0.883889130108749,0.196,0.093,7.14070544210181e-21,"Memory B","HCST"
9.70719075567103e-72,0.882437440489938,0.568,0.298,1.82514600588127e-67,"Memory B","LDHB"
7.77531361494108e-24,0.881350840558055,0.103,0.042,1.46191446588122e-19,"Memory B","ZC2HC1A"
1.63794505362663e-45,0.879755495891468,0.267,0.118,3.0796642898288e-41,"Memory B","KCNN4"
1.86757070358665e-32,0.878291677122226,0.217,0.1,3.51140643688362e-28,"Memory B","C12orf75"
5.74310770621923e-35,0.878211368941034,0.145,0.058,1.07981911092334e-30,"Memory B","CSRP1"
7.856039546126e-09,0.877862986120154,0.044,0.019,0.000147709255546261,"Memory B","FBXW9"
2.00965993173373e-08,0.876518758868775,0.023,0.008,0.000377856260364576,"Memory B","ENSG00000276136"
4.53567544660787e-07,0.876202704625358,0.028,0.011,0.00852797697471212,"Memory B","TFAP4"
3.00361522966682e-12,0.875981772160887,0.058,0.025,5.64739735481956e-08,"Memory B","GHDC"
4.47629906047602e-36,0.875545168047664,0.14,0.055,8.41633749350701e-32,"Memory B","ADO"
3.08926756208009e-09,0.872656482914222,0.023,0.008,5.80844087022298e-05,"Memory B","RILPL1"
6.79796669417308e-32,0.872497670885022,0.172,0.073,1.27815369783842e-27,"Memory B","SHISA8"
4.1691846364091e-25,0.872176822764812,0.149,0.065,7.83890095337639e-21,"Memory B","FLNB"
3.43358310607396e-51,0.871838920315179,0.432,0.222,6.45582295604027e-47,"Memory B","SLC15A4"
5.73923998606329e-53,0.870476866998008,0.568,0.331,1.07909190217962e-48,"Memory B","TUBA1C"
2.17415490871094e-26,0.868126672142534,0.18,0.083,4.0878460593583e-22,"Memory B","SRD5A1"
3.07006299218347e-39,0.868087645503768,0.159,0.062,5.77233243790336e-35,"Memory B","DYNLT2B"
1.37179315837443e-14,0.867193014743352,0.063,0.026,2.5792454963756e-10,"Memory B","TMEM231"
1.890322778375e-73,0.867031428656993,0.737,0.466,3.55418488790068e-69,"Memory B","TUBB"
3.87635307850235e-07,0.866992287676921,0.03,0.012,0.00728831905820012,"Memory B","GTSF1"
1.03021867928168e-15,0.866263244539168,0.051,0.019,1.93701716078542e-11,"Memory B","PARP2"
4.11446731945267e-10,0.865518910168285,0.025,0.009,7.73602145403491e-06,"Memory B","SEC31B"
9.15807686354676e-20,0.864225624973958,0.081,0.032,1.72190161188406e-15,"Memory B","ENSG00000285756"
1.04851487732048e-18,0.863767113771933,0.097,0.042,1.97141767233797e-14,"Memory B","ZFP69B"
3.24467610129841e-08,0.862818096139321,0.039,0.017,0.000610064000566126,"Memory B","TET2-AS1"
2.35945260450655e-07,0.861156965260986,0.025,0.01,0.00443624278699322,"Memory B","NRSN2-AS1"
7.83028519080537e-23,0.860996977112892,0.108,0.046,1.47225022157523e-18,"Memory B","WDR81"
1.70117331332374e-08,0.860127003930464,0.046,0.021,0.000319854606371129,"Memory B","ADAT3"
2.58254873928066e-38,0.859763570256399,0.249,0.116,4.8557081395955e-34,"Memory B","MRTO4"
3.62380041055169e-15,0.859687043343947,0.05,0.019,6.81346953191929e-11,"Memory B","CAD"
1.47841323605034e-07,0.858905096551676,0.047,0.022,0.00277971256642185,"Memory B","INSL6"
3.12069823014763e-25,0.85888813214851,0.188,0.088,5.86753681232358e-21,"Memory B","PAICS"
1.63896986298721e-35,0.858519589741151,0.2,0.088,3.08159113638855e-31,"Memory B","SLC23A2"
1.51201974041598e-15,0.858287631269761,0.067,0.028,2.84289951593013e-11,"Memory B","LINC00467"
2.78577907624601e-07,0.8580297469306,0.035,0.015,0.00523782181915775,"Memory B","H2AC14"
1.40418795332277e-17,0.857393846366216,0.097,0.044,2.64015418983747e-13,"Memory B","CRYZ"
2.83981900400918e-15,0.856196967538593,0.443,0.353,5.33942769133806e-11,"Memory B","PDE4D"
1.29565939631013e-13,0.855078270618295,0.125,0.062,2.43609879694231e-09,"Memory B","ZNF804A"
1.27991487676627e-16,0.854061822193763,0.068,0.028,2.40649595129594e-12,"Memory B","SRC"
5.32954818178858e-09,0.853853380201396,0.032,0.013,0.000100206164913989,"Memory B","TP53I3"
2.02441520584993e-55,0.853061281584804,0.557,0.316,3.80630547003903e-51,"Memory B","RGS19"
7.89512712949788e-07,0.853059512487792,0.022,0.008,0.0148444180288819,"Memory B","RHBDD3"
9.05230615227144e-16,0.852687954075734,0.044,0.015,1.70201460275008e-11,"Memory B","MANEAL"
5.93498655138456e-08,0.852066968182754,0.028,0.011,0.00111589617139132,"Memory B","GALNT14"
1.42262395117327e-54,0.85155958802894,0.572,0.332,2.67481755299598e-50,"Memory B","POU2AF1"
1.7266098492741e-19,0.851291583476309,0.127,0.058,3.24637183860515e-15,"Memory B","GLRX"
3.22212439220297e-19,0.851125214149464,0.102,0.044,6.05823828222002e-15,"Memory B","LSS"
7.34393062680049e-24,0.849813170265823,0.261,0.139,1.38080583645103e-19,"Memory B","KCNQ5"
3.88534412631754e-49,0.849053553878504,0.421,0.219,7.30522402630224e-45,"Memory B","PIK3AP1"
5.43480346777217e-33,0.848854511928012,0.19,0.084,1.02185174801052e-28,"Memory B","PASK"
6.64030677516463e-14,0.848049625787839,0.052,0.019,1.24851047986645e-09,"Memory B","ARSG"
2.65609627361136e-14,0.845719404973645,0.055,0.022,4.99399221364408e-10,"Memory B","UNG"
2.59764416043746e-42,0.845712703320179,0.194,0.084,4.88409055045451e-38,"Memory B","CDCA4"
1.42979953059098e-69,0.844492769479998,0.825,0.594,2.68830907741716e-65,"Memory B","LITAF"
2.08166512560955e-08,0.844136513374039,0.025,0.01,0.000391394676917108,"Memory B","E2F1"
3.09723243545693e-36,0.843861391645856,0.281,0.137,5.82341642514612e-32,"Memory B","GPR65"
7.16668354326316e-13,0.843785359665322,0.065,0.027,1.34747983980434e-08,"Memory B","SPIRE1"
1.36468954992607e-12,0.841104053054251,0.123,0.063,2.56588929177099e-08,"Memory B","NR4A1AS"
2.69515769343254e-59,0.838988768417954,0.735,0.507,5.06743549519187e-55,"Memory B","ARHGAP24"
2.77658567930682e-10,0.838495865971605,0.065,0.029,5.22053639423269e-06,"Memory B","PLPP3"
5.29780231552748e-15,0.838423121587744,0.045,0.016,9.96092791365477e-11,"Memory B","RILP"
8.65179182729102e-26,0.838276182146966,0.21,0.103,1.62670989936726e-21,"Memory B","ENTPD1"
2.99038141128843e-16,0.837918489860755,0.213,0.12,5.62251512950451e-12,"Memory B","ING1"
8.09084918007907e-23,0.837720233923164,0.216,0.111,1.52124146283847e-18,"Memory B","PRAG1"
2.54722068320158e-94,0.834862518814301,0.88,0.642,4.78928432855561e-90,"Memory B","VOPP1"
1.14590797040468e-10,0.834754989516835,0.058,0.026,2.15453616595488e-06,"Memory B","SLC37A2"
1.63695777311601e-94,0.832528463559969,0.847,0.581,3.07780800501272e-90,"Memory B","PKM"
5.84025391894452e-18,0.831943075580432,0.083,0.036,1.09808454183995e-13,"Memory B","NABP2"
1.94908674688289e-46,0.83091093456592,0.206,0.085,3.66467290148921e-42,"Memory B","PAPSS1"
1.12217999303315e-39,0.83044302103178,0.325,0.164,2.10992282290092e-35,"Memory B","NSMAF"
1.85898068773332e-09,0.829180704993224,0.045,0.017,3.49525548907618e-05,"Memory B","CHODL"
2.0197632553029e-143,0.828533997698563,0.968,0.799,3.79755887262051e-139,"Memory B","FNBP1"
9.74106813747283e-19,0.827787959033819,0.075,0.03,1.83151563120764e-14,"Memory B","NUDT2"
9.07437089748565e-21,0.827381856120249,0.104,0.045,1.70616321614525e-16,"Memory B","TASL"
5.39334752919022e-13,0.826588152265261,0.106,0.051,1.01405720243835e-08,"Memory B","IFNG-AS1"
4.77526894179499e-07,0.825409149689941,0.048,0.023,0.00897846066436293,"Memory B","KIAA0319"
9.00279390321815e-40,0.823901100676127,0.249,0.117,1.69270530968308e-35,"Memory B","IFRD2"
4.43470098629154e-60,0.823560651071439,0.451,0.225,8.33812479442535e-56,"Memory B","WEE1"
5.25787136600447e-14,0.823283396409288,0.081,0.035,9.88584974236161e-10,"Memory B","ENSG00000289526"
2.49206042279001e-21,0.822707880619866,0.087,0.034,4.68557200692978e-17,"Memory B","APOL3"
7.76342644593088e-29,0.822564947383972,0.117,0.047,1.45967944036392e-24,"Memory B","DOCK7"
1.63365402532839e-13,0.821861004486498,0.074,0.031,3.07159629842245e-09,"Memory B","ENSG00000188897"
5.11422251824061e-08,0.821099753487749,0.035,0.014,0.0009615761178796,"Memory B","SNAI3"
1.26781473772144e-33,0.819806804890236,0.175,0.079,2.38374526986384e-29,"Memory B","RRP9"
3.26492698632909e-36,0.819752587394581,0.357,0.192,6.13871571969595e-32,"Memory B","TBC1D9"
1.53704757374384e-06,0.819076382512955,0.027,0.011,0.0288995684815316,"Memory B","DPAGT1"
2.21702040432017e-69,0.819048881450517,0.55,0.291,4.16844176420277e-65,"Memory B","SEC11C"
1.81585291443101e-18,0.818921710547083,0.095,0.043,3.41416664971319e-14,"Memory B","GIT1"
2.90752855696081e-14,0.818321703330254,0.361,0.251,5.46673519279771e-10,"Memory B","SIAH2"
3.41673613070807e-55,0.817245015850693,0.416,0.209,6.42414727295731e-51,"Memory B","SLC16A3"
2.84391997762631e-41,0.816267023264165,0.313,0.153,5.34713834193298e-37,"Memory B","CBFA2T3"
7.61772028241995e-18,0.814757307682356,0.116,0.054,1.4322837675006e-13,"Memory B","PPAT"
2.59778404912438e-09,0.813285549273805,0.039,0.016,4.88435356916366e-05,"Memory B","ENSG00000227598"
2.79818096004637e-16,0.812972912889121,0.079,0.034,5.26113984107918e-12,"Memory B","PCCA"
2.9131304211813e-11,0.812929575344182,0.054,0.023,5.47726781790508e-07,"Memory B","SANBR"
1.1223679876926e-09,0.81292065777142,0.055,0.024,2.11027629045963e-05,"Memory B","HACD4"
3.0941988771475e-37,0.812906026673204,0.192,0.084,5.81771272881274e-33,"Memory B","NAAA"
4.76633907610671e-07,0.811706087428441,0.026,0.01,0.00896167073089583,"Memory B","CPT1B"
9.26425055780309e-12,0.808346579430515,0.038,0.015,1.74186438987814e-07,"Memory B","HAVCR2"
2.54604021534205e-18,0.808111647999116,0.073,0.03,4.78706481288612e-14,"Memory B","PCBD1"
4.91036394393438e-11,0.807788496143979,0.043,0.018,9.23246628738541e-07,"Memory B","KIFC2"
1.30293581554335e-20,0.807672856069748,0.109,0.048,2.44977992038461e-16,"Memory B","NLN"
6.8066180091811e-32,0.806862433807303,0.19,0.086,1.27978031808623e-27,"Memory B","PRMT3"
2.45400358655744e-26,0.804315333461471,0.107,0.044,4.61401754344529e-22,"Memory B","CCDC86"
3.0231102693e-32,0.803205397229304,0.232,0.114,5.68405192833786e-28,"Memory B","STAT5A"
2.6917224184514e-37,0.803102227036201,0.211,0.097,5.06097649117233e-33,"Memory B","VGLL4"
3.71434152975111e-08,0.802860529663031,0.038,0.016,0.000698370494423803,"Memory B","LINC01806"
1.50627628369318e-10,0.80284400533745,0.086,0.042,2.83210066859993e-06,"Memory B","ENSG00000273272"
1.78525221250522e-09,0.802646386737299,0.059,0.028,3.35663120995232e-05,"Memory B","FEZ1"
1.32676334114058e-44,0.802535644216903,0.435,0.237,2.49458043401252e-40,"Memory B","KLF10"
2.29685407343861e-16,0.801554965000085,0.121,0.057,4.31854502887927e-12,"Memory B","MIR222HG"
6.20637434519136e-15,0.801219180730549,0.061,0.025,1.16692250438288e-10,"Memory B","CYP4V2"
3.99732219626873e-41,0.801063788770578,0.307,0.149,7.51576519342447e-37,"Memory B","GPHN"
3.07111267314347e-53,0.800177156371495,0.319,0.148,5.77430604804435e-49,"Memory B","DNAAF2"
4.93438562207095e-33,0.799555482307981,0.206,0.097,9.2776318466178e-29,"Memory B","KSR1"
1.39186905724054e-36,0.798698118675107,0.217,0.098,2.61699220142367e-32,"Memory B","TIFA"
1.84351777183658e-06,0.798273211228669,0.024,0.01,0.0346618211460714,"Memory B","ENSG00000258572"
1.02426739473758e-17,0.797046259372705,0.091,0.041,1.92582755558559e-13,"Memory B","DPYSL2"
3.46737721963344e-30,0.795343656561722,0.23,0.115,6.51936264835479e-26,"Memory B","MFHAS1"
1.14023111468177e-32,0.794764051457753,0.335,0.179,2.14386254182467e-28,"Memory B","MARCHF1"
2.85429293486333e-10,0.793747741606504,0.037,0.015,5.36664157613004e-06,"Memory B","SPACA9"
6.76096100455938e-09,0.793588631060107,0.029,0.012,0.000127119588807725,"Memory B","ENSG00000289469"
2.08074928874382e-12,0.791691505853561,0.052,0.023,3.91222481269613e-08,"Memory B","TRMT5"
1.0457597611235e-57,0.791174441350617,0.647,0.398,1.96623750286441e-53,"Memory B","ATP1A1"
8.53762913260888e-24,0.790861147857544,0.069,0.025,1.60524502951312e-19,"Memory B","PARP3"
2.62625191741908e-35,0.790737473346263,0.173,0.075,4.93787885513136e-31,"Memory B","PPT1"
2.3203504159125e-08,0.789671967413192,0.068,0.034,0.000436272285199869,"Memory B","NFIL3"
1.16759291446241e-09,0.788356982357166,0.033,0.013,2.19530819777222e-05,"Memory B","FBXO2"
2.77546533388524e-28,0.788258424030631,0.398,0.24,5.21842992077103e-24,"Memory B","MACF1"
3.40270640938705e-37,0.78786831412159,0.195,0.088,6.39776859092952e-33,"Memory B","MRPS17"
1.33352838525671e-08,0.78750793278535,0.052,0.025,0.000250730006995967,"Memory B","NCF2"
3.70835235347918e-13,0.786444248345078,0.077,0.036,6.97244409501155e-09,"Memory B","CFLAR-AS1"
8.26765380961834e-12,0.785930601587682,0.056,0.024,1.55448426928444e-07,"Memory B","AFMID"
2.69297327848227e-14,0.785195397986329,0.152,0.083,5.06332835820237e-10,"Memory B","LTA"
3.2840135574562e-34,0.782558307771357,0.385,0.216,6.17460229072915e-30,"Memory B","DSE"
1.44125207171792e-09,0.782443730445784,0.034,0.013,2.70984214524404e-05,"Memory B","ENSG00000286277"
1.1802499283301e-27,0.781789872242039,0.358,0.209,2.21910591524625e-23,"Memory B","SLCO4A1"
4.1344090912703e-39,0.78131415176757,0.262,0.126,7.77351597340642e-35,"Memory B","SLC25A13"
3.02772683629405e-30,0.779562692090247,0.134,0.055,5.69273199760008e-26,"Memory B","DHRS1"
4.73857860656105e-28,0.777240975847974,0.103,0.042,8.90947549605608e-24,"Memory B","TNFAIP8L1"
1.54033019261597e-18,0.777145916073458,0.109,0.05,2.89612882815655e-14,"Memory B","FAM13A"
9.35924021548761e-39,0.776768677422017,0.211,0.095,1.75972434531598e-34,"Memory B","NCOA7"
1.36176510038433e-57,0.776733903550357,0.411,0.206,2.56039074174262e-53,"Memory B","IRF5"
4.6599122301128e-13,0.776062135356912,0.061,0.026,8.76156697505809e-09,"Memory B","APOBEC3B"
1.39794500183905e-28,0.775445524875138,0.348,0.2,2.62841619245778e-24,"Memory B","NOP16"
1.0359616508418e-17,0.77506738719772,0.099,0.045,1.94781509591274e-13,"Memory B","CCDC28B"
3.07461820706145e-44,0.774984312160678,0.288,0.138,5.78089715291693e-40,"Memory B","ATOX1"
1.37993636029841e-42,0.774957677875596,0.418,0.229,2.59455634463308e-38,"Memory B","HSH2D"
4.48268208654684e-54,0.77368185419025,0.435,0.228,8.42833885912537e-50,"Memory B","SNN"
5.08783782442443e-34,0.77326229266345,0.339,0.188,9.56615267748282e-30,"Memory B","TMEM70"
1.21162423778376e-23,0.772749093550091,0.12,0.054,2.27809589188103e-19,"Memory B","ADAP1"
4.56315459480647e-26,0.772748298793434,0.12,0.052,8.57964326915512e-22,"Memory B","UCK2"
5.20012266069976e-50,0.772111031314102,0.321,0.155,9.7772706266477e-46,"Memory B","ITGB7"
2.6257790586741e-19,0.77161776478677,0.091,0.039,4.93698978611905e-15,"Memory B","TTF2"
8.93146240380458e-08,0.771364876468859,0.054,0.026,0.00167929356116334,"Memory B","ENSG00000253690"
1.07026564728684e-34,0.770715050372835,0.288,0.147,2.01231347002872e-30,"Memory B","CCDC167"
3.6919207505898e-12,0.769781477274248,0.045,0.018,6.94154939525895e-08,"Memory B","LRRC69"
2.14273764170208e-10,0.768633055972431,0.048,0.021,4.02877531392825e-06,"Memory B","SIGMAR1"
4.51895347323678e-63,0.767207485062954,0.6,0.342,8.49653632037979e-59,"Memory B","NLRC5"
2.31104580649087e-13,0.766916838942159,0.05,0.021,4.34522832536414e-09,"Memory B","NIPSNAP1"
4.96131998919389e-10,0.765874694654742,0.05,0.023,9.32827384368235e-06,"Memory B","COX18"
4.65424882851769e-08,0.764837200440826,0.028,0.011,0.000875091864737896,"Memory B","ACY1"
1.37296998739144e-06,0.763826648938674,0.03,0.014,0.0258145817029339,"Memory B","NPL"
2.97562089854619e-17,0.763038510285721,0.049,0.018,5.59476241344656e-13,"Memory B","SLC29A1"
2.99269695791577e-14,0.762038285844878,0.057,0.024,5.62686882027322e-10,"Memory B","TWNK"
8.17168290165679e-57,0.760638181098978,0.611,0.364,1.53643981916951e-52,"Memory B","PELI1"
3.11729581839234e-32,0.760134496394446,0.214,0.104,5.86113959774128e-28,"Memory B","TENT4A"
7.33708484750754e-07,0.758865408054473,0.038,0.016,0.0137951869302837,"Memory B","GPM6A"
1.073950140736e-15,0.756205196580101,0.07,0.031,2.01924105461183e-11,"Memory B","TRIM14"
1.45641132172941e-60,0.755473497496136,0.281,0.124,2.73834456711563e-56,"Memory B","CARS2"
1.0198780392641e-20,0.754668995331882,0.134,0.063,1.91757468942435e-16,"Memory B","CNIH2"
5.01067247321292e-14,0.75462572229006,0.061,0.027,9.42106638413494e-10,"Memory B","RCN1"
8.3087070491358e-51,0.752601187656889,0.748,0.536,1.56220309937851e-46,"Memory B","RABGAP1L"
2.12320425992156e-18,0.750896069329628,0.378,0.25,3.99204864950451e-14,"Memory B","SGK1"
7.76875997323087e-23,0.750113221032416,0.105,0.045,1.46068225016687e-18,"Memory B","SLX9"
6.46574058542206e-46,0.749971393535388,0.399,0.212,1.21568854487106e-41,"Memory B","MAZ"
6.54762154397284e-31,0.747475381186028,0.12,0.051,1.23108380269777e-26,"Memory B","RIOX2"
7.62057260980929e-44,0.746423721314899,0.243,0.112,1.43282006209634e-39,"Memory B","RAB24"
5.13746836134355e-26,0.746395126048575,0.095,0.037,9.65946801299815e-22,"Memory B","DGKE"
5.11469149496702e-26,0.745874980715784,0.16,0.075,9.61664294883699e-22,"Memory B","PLXNC1"
2.81756889778362e-46,0.74580685523718,0.821,0.659,5.29759304161276e-42,"Memory B","SERPINB9"
1.19542041872276e-33,0.745248298749699,0.612,0.422,2.24762947128253e-29,"Memory B","SDCBP"
8.55098776983481e-35,0.744845961828949,0.245,0.123,1.60775672048434e-30,"Memory B","RPA1"
9.57784024723836e-30,0.744440043411501,0.16,0.072,1.80082552328576e-25,"Memory B","MTFP1"
3.45942706910986e-07,0.74379917358861,0.029,0.012,0.00650441477534036,"Memory B","TMEM191C"
4.8461910747002e-52,0.743731200407751,0.393,0.202,9.11180845865131e-48,"Memory B","NCOR2"
1.51494822230128e-07,0.743090137248228,0.033,0.014,0.00284840564757087,"Memory B","L3MBTL1"
7.55503356025516e-16,0.743001345166544,0.066,0.029,1.42049740999918e-11,"Memory B","HS1BP3"
4.11681281696116e-55,0.741729355897766,0.407,0.208,7.74043145845037e-51,"Memory B","ARID3A"
1.43840306424388e-37,0.741689940900046,0.193,0.089,2.70448544139135e-33,"Memory B","PLSCR3"
5.51033687031858e-20,0.741149668377768,0.211,0.113,1.0360535383573e-15,"Memory B","CD86"
4.96994316909156e-38,0.741021078553142,0.324,0.169,9.34448714652596e-34,"Memory B","IL27RA"
7.75020179946282e-21,0.740944559690308,0.102,0.046,1.457192942335e-16,"Memory B","IVD"
8.95580232003449e-25,0.740455673931444,0.105,0.046,1.68386995221288e-20,"Memory B","SLC35F2"
8.59532915920378e-10,0.739863650713437,0.046,0.021,1.61609378851349e-05,"Memory B","CISD3"
9.992641826193e-21,0.739641352485493,0.128,0.062,1.87881651616081e-16,"Memory B","DDX55"
8.25145809684592e-13,0.737486574055958,0.075,0.034,1.55143915136897e-08,"Memory B","ENSG00000254777"
3.72337747621349e-61,0.736773321752001,0.741,0.491,7.00069433077661e-57,"Memory B","CYRIA"
1.05991316861003e-07,0.735876351971409,0.043,0.02,0.00199284873962058,"Memory B","OSBP2"
1.70320113156027e-49,0.735647953999406,0.407,0.214,3.20235876755961e-45,"Memory B","SMS"
2.35801585770897e-56,0.735397311219309,0.576,0.336,4.4335414156644e-52,"Memory B","SINHCAF"
7.96855329353946e-14,0.735104883671939,0.177,0.101,1.49824739025129e-09,"Memory B","MAST4"
1.08519788395594e-29,0.733630049497209,0.45,0.282,2.04038906141396e-25,"Memory B","NAMPT"
2.31540065925549e-06,0.733385436057524,0.026,0.011,0.0435341631953218,"Memory B","ENSG00000272768"
1.72215876496416e-50,0.732027666882364,0.485,0.273,3.23800290988562e-46,"Memory B","RAB3GAP2"
4.24574875938766e-40,0.731192595560612,0.181,0.081,7.98285681740067e-36,"Memory B","NBPF15"
6.69951052889303e-32,0.730884933582405,0.162,0.072,1.25964196964247e-27,"Memory B","SLC25A29"
3.99219419965123e-13,0.730700401852542,0.059,0.026,7.50612353418425e-09,"Memory B","L3HYPDH"
1.03078523757349e-41,0.730403130038652,0.522,0.317,1.93808240368567e-37,"Memory B","PTPN6"
2.36625645627205e-07,0.730275032390956,0.024,0.009,0.00444903538908271,"Memory B","MIRLET7BHG"
1.13737099200344e-50,0.730053830772484,0.512,0.291,2.13848493916487e-46,"Memory B","ANXA6"
9.50573431742847e-11,0.72977978686721,0.042,0.018,1.7872681663629e-06,"Memory B","C19orf38"
3.94591418201443e-20,0.729454701769134,0.064,0.025,7.41910784502354e-16,"Memory B","VAMP1"
4.69051731916997e-17,0.729034362031749,0.101,0.048,8.81911066350338e-13,"Memory B","TSNARE1"
7.27779254675858e-07,0.728969848875022,0.024,0.01,0.0136837055464155,"Memory B","MCM3AP-AS1"
1.75750915260495e-20,0.728521009705197,0.104,0.047,3.30446870872783e-16,"Memory B","EML5"
1.82514732406296e-07,0.728516916243407,0.047,0.022,0.00343164199870317,"Memory B","TSBP1-AS1"
2.88663384740263e-28,0.728216800209306,0.171,0.081,5.42744895988643e-24,"Memory B","FAIM"
2.07720074054211e-42,0.7281369884006,0.361,0.193,3.90555283236728e-38,"Memory B","DCTPP1"
2.76589371385414e-15,0.727913544993765,0.067,0.028,5.20043336078856e-11,"Memory B","FCGR2C"
5.71051801456054e-11,0.727329302886355,0.037,0.015,1.07369159709767e-06,"Memory B","GPT2"
6.45152117703125e-13,0.725895149722708,0.052,0.023,1.21301501170542e-08,"Memory B","FASTKD3"
8.97854517174123e-11,0.725835671452018,0.053,0.024,1.68814606319079e-06,"Memory B","GCSH"
6.31683105831481e-13,0.725623866258885,0.066,0.029,1.18769057558435e-08,"Memory B","LINC00571"
7.04635425181719e-08,0.72528658739551,0.044,0.02,0.00132485552642667,"Memory B","FICD"
7.87562418207283e-07,0.725104545457625,0.023,0.01,0.0148077485871333,"Memory B","GRAMD2B"
9.34506894889462e-42,0.724884586123986,0.251,0.121,1.75705986377117e-37,"Memory B","NME3"
4.60546646195728e-36,0.723348389851781,0.271,0.138,8.65919804177207e-32,"Memory B","FERMT3"
1.10544168457992e-51,0.7230641191796,0.448,0.242,2.07845145534717e-47,"Memory B","CUTA"
1.46097065079941e-61,0.722584513476999,0.587,0.337,2.74691701763306e-57,"Memory B","MAP4"
1.47649992521426e-46,0.722001507500391,0.337,0.171,2.77611515938785e-42,"Memory B","AKAP11"
1.02277997488398e-33,0.72144002475229,0.178,0.084,1.92303090877686e-29,"Memory B","TMED3"
8.43708023844747e-11,0.720561037226387,0.031,0.011,1.58633982643289e-06,"Memory B","TNFRSF14-AS1"
2.48934968328303e-07,0.720214712774437,0.045,0.022,0.00468047527450874,"Memory B","ZNF337-AS1"
2.27507688236672e-16,0.719862961199293,0.409,0.285,4.27759955422591e-12,"Memory B","NR4A3"
5.55736277806973e-22,0.71892886866276,0.113,0.052,1.04489534953267e-17,"Memory B","RRS1"
1.04357024624439e-11,0.718066580215174,0.046,0.019,1.9621207769887e-07,"Memory B","FOCAD"
3.41769414738753e-14,0.717294994189596,0.063,0.029,6.42594853591803e-10,"Memory B","LTBP4"
2.27928148963163e-18,0.716687344821124,0.081,0.035,4.28550505680539e-14,"Memory B","GSS"
1.13077357299569e-32,0.71624379226853,0.371,0.214,2.1260804719465e-28,"Memory B","NUDT4"
2.49244892707526e-34,0.715075903900112,0.366,0.208,4.68630247268691e-30,"Memory B","PREX1"
9.58281848589345e-27,0.713570116553207,0.168,0.082,1.80176153171769e-22,"Memory B","CORO1B"
8.51464691676697e-27,0.713003592902235,0.146,0.058,1.60092391329053e-22,"Memory B","TNFSF9"
1.59604587201887e-15,0.712380903206149,0.074,0.034,3.00088544856988e-11,"Memory B","HEATR3"
3.56229292416218e-12,0.711379922842935,0.052,0.023,6.69782315600974e-08,"Memory B","FAM78A"
2.55096715550178e-28,0.711378245034991,0.146,0.068,4.79632844577444e-24,"Memory B","POLR3H"
1.31111860758845e-10,0.711241598188039,0.052,0.023,2.4651652059878e-06,"Memory B","PDK2"
1.3232705141478e-17,0.711226264296512,0.188,0.102,2.48801322070069e-13,"Memory B","ABTB2"
1.54525599105057e-17,0.711088792802628,0.08,0.035,2.90539031437328e-13,"Memory B","PXDC1"
1.19808193769168e-07,0.708692388201367,0.022,0.008,0.00225263365924789,"Memory B","AFTPH-DT"
7.52045445528131e-20,0.708500810982104,0.112,0.053,1.41399584668199e-15,"Memory B","DUSP3"
1.94220921628371e-10,0.708233104957439,0.044,0.018,3.65174176845664e-06,"Memory B","RSKR"
7.34398124318231e-31,0.707967347439368,0.21,0.106,1.38081535334314e-26,"Memory B","SLC6A6"
6.93137695799618e-28,0.707764080016716,0.281,0.152,1.30323749564244e-23,"Memory B","SOCS3"
1.61695160086474e-30,0.707293116463783,0.159,0.075,3.04019239994589e-26,"Memory B","TRIM21"
1.68641846434471e-26,0.705007943724257,0.133,0.061,3.17080399666093e-22,"Memory B","RPS6KA1"
1.65483226238593e-32,0.704839924383867,0.294,0.156,3.11141561973803e-28,"Memory B","UPP1"
7.24738974752547e-27,0.703833189161377,0.176,0.086,1.36265422032974e-22,"Memory B","SLC16A1-AS1"
2.841297692015e-77,0.703093965726111,0.612,0.334,5.3422079205266e-73,"Memory B","SIK1"
2.42524382027804e-40,0.703086646801454,0.346,0.183,4.55994343088678e-36,"Memory B","MIDEAS"
5.3367406994894e-34,0.702239471805464,0.313,0.167,1.003413986318e-29,"Memory B","ITM2C"
3.23762511585327e-67,0.701568569747072,0.566,0.316,6.08738274282731e-63,"Memory B","ANKLE2"
7.15164298456922e-10,0.701528369408728,0.051,0.023,1.3446519139587e-05,"Memory B","MMS22L"
3.09531391578363e-07,0.701040496061982,0.034,0.015,0.00581980922445637,"Memory B","AMIGO2"
9.87259988080905e-12,0.700765083954078,0.068,0.033,1.85624622958972e-07,"Memory B","MVP-DT"
1.21420245441316e-63,0.700676473236622,0.482,0.257,2.28294345478762e-59,"Memory B","C4orf48"
5.265699231431e-10,0.698895809648445,0.07,0.035,9.90056769493657e-06,"Memory B","GRIK1"
3.84758560511335e-16,0.697952734306462,0.075,0.034,7.23423045473412e-12,"Memory B","ENSG00000288924"
2.92420973901629e-49,0.697758069097003,0.339,0.173,5.49809915129842e-45,"Memory B","NCF4"
1.02953513553099e-14,0.697072184974077,0.063,0.028,1.93573196182537e-10,"Memory B","PTGR3"
1.05935154122724e-18,0.69679186305662,0.071,0.03,1.99179276781546e-14,"Memory B","NUDT14"
1.36209756040414e-14,0.696247604636607,0.07,0.031,2.56101583307187e-10,"Memory B","PDSS1"
1.45788074818091e-17,0.696225988314928,0.123,0.062,2.74110738272975e-13,"Memory B","ATP1A1-AS1"
2.94158773801563e-45,0.696003697523207,0.304,0.154,5.53077326501698e-41,"Memory B","MAP4K1"
1.56928404117896e-08,0.695570055800299,0.044,0.02,0.000295056785422468,"Memory B","ZFP69"
1.64912399023863e-30,0.695386138290922,0.184,0.089,3.10068292644667e-26,"Memory B","FSD1L"
1.98099250660727e-33,0.695022290890914,0.214,0.105,3.72466211092299e-29,"Memory B","TMEM238"
4.442377557113e-10,0.694729868881702,0.054,0.026,8.35255828288386e-06,"Memory B","APOL2"
9.43893993551335e-16,0.693634789550364,0.081,0.038,1.77470948667522e-11,"Memory B","ACOT13"
1.00590260993018e-36,0.693420055813319,0.188,0.089,1.89129808719072e-32,"Memory B","PMVK"
8.5513970418424e-48,0.693402951377069,0.433,0.235,1.60783367180721e-43,"Memory B","TNFRSF1B"
6.22232460453536e-15,0.692979245410891,0.088,0.042,1.16992147214474e-10,"Memory B","ADISSP"
9.00811459180188e-77,0.692812233607074,0.887,0.665,1.69370570555059e-72,"Memory B","CD82"
7.61006121267947e-12,0.692665042034041,0.074,0.036,1.43084370920799e-07,"Memory B","PARM1"
2.68504796064953e-30,0.691346097959965,0.281,0.15,5.04842717561325e-26,"Memory B","IL7"
5.51028582725602e-14,0.690326210326323,0.088,0.043,1.03604394124068e-09,"Memory B","APOL6"
2.82528753509217e-07,0.688844758848735,0.041,0.02,0.0053121056234803,"Memory B","FBXO32"
4.8853437202512e-15,0.688446370862202,0.095,0.046,9.1854232628163e-11,"Memory B","CFAP68"
4.4373763054851e-45,0.688435545958303,0.313,0.159,8.34315492957308e-41,"Memory B","UNC119"
1.28959866890494e-11,0.683861922114132,0.055,0.025,2.42470341727507e-07,"Memory B","TMTC2"
1.86936261975511e-36,0.683523621061011,0.259,0.133,3.51477559766356e-32,"Memory B","ZBTB17"
7.89201145554066e-33,0.68319700893934,0.218,0.104,1.48385599387075e-28,"Memory B","ICAM1"
5.92456015588563e-22,0.682393445434225,0.153,0.078,1.11393580050962e-17,"Memory B","KLHL21"
5.85480904334745e-09,0.681226064962799,0.033,0.014,0.000110082119633019,"Memory B","ASMTL-AS1"
1.83984980928562e-10,0.681099364538679,0.066,0.031,3.45928561141882e-06,"Memory B","L1CAM"
3.3499927293137e-34,0.68104889218977,0.235,0.119,6.29865632965563e-30,"Memory B","SACS"
8.10008067894678e-38,0.680998670896446,0.645,0.446,1.52297716925557e-33,"Memory B","ARL6IP5"
1.83438741102274e-50,0.67861660605408,0.328,0.163,3.44901521020496e-46,"Memory B","IFIH1"
8.95164818562537e-07,0.678434070543229,0.046,0.023,0.0168308889186128,"Memory B","SLC11A2"
5.63529584694881e-20,0.678317948344566,0.233,0.131,1.05954832514332e-15,"Memory B","TNS3"
9.26829214337187e-67,0.678246632417416,0.612,0.354,1.74262428879678e-62,"Memory B","CHCHD10"
2.88139299227834e-11,0.677700776934112,0.044,0.02,5.41759510408173e-07,"Memory B","ENSG00000255968"
1.11471829974917e-07,0.677046794553785,0.048,0.024,0.0020958933471884,"Memory B","SRD5A3"
1.44215106870362e-11,0.676619307838304,0.045,0.02,2.71153243937656e-07,"Memory B","ENSG00000288044"
3.6333591886589e-14,0.675969193320899,0.079,0.039,6.83144194651647e-10,"Memory B","SV2C"
1.59619842503014e-10,0.67557078363222,0.044,0.019,3.00117227874168e-06,"Memory B","LRP8"
6.27370375332222e-43,0.675293963007342,0.472,0.276,1.17958177969964e-38,"Memory B","GTF2I"
2.82183612321217e-31,0.675156516432056,0.152,0.069,5.30561627886352e-27,"Memory B","PLGRKT"
2.47844635649249e-06,0.674707823423086,0.034,0.016,0.0465997483947719,"Memory B","ENSG00000229151"
3.91992413490805e-36,0.67395785028599,0.251,0.127,7.37024135845411e-32,"Memory B","ST3GAL5"
4.62738619570545e-27,0.673801640751522,0.169,0.083,8.70041152516538e-23,"Memory B","TMA16"
1.63323979102826e-26,0.673236495088199,0.208,0.109,3.07081745509134e-22,"Memory B","CBX6"
1.49353858475506e-35,0.671617444010816,0.272,0.142,2.80815124705646e-31,"Memory B","SLC43A2"
1.82137424317197e-20,0.671497671327232,0.07,0.03,3.42454785201194e-16,"Memory B","MSANTD3"
3.15616891800764e-13,0.671427535553328,0.076,0.037,5.93422879963796e-09,"Memory B","SLC15A3"
7.09242434201257e-08,0.671159638268989,0.032,0.014,0.0013335176247852,"Memory B","POMGNT1"
1.49759560581326e-41,0.670880665875121,0.539,0.335,2.81577925805008e-37,"Memory B","RGCC"
5.96119677484064e-53,0.670872494544231,0.838,0.668,1.12082421760554e-48,"Memory B","LSP1"
7.36832194224447e-16,0.670208872320983,0.063,0.027,1.38539189158081e-11,"Memory B","MAPKAPK3"
2.29695403780144e-23,0.669398090531644,0.124,0.058,4.31873298187427e-19,"Memory B","EML2"
9.48321413584572e-21,0.668612346934996,0.127,0.063,1.78303392182171e-16,"Memory B","DEXI"
2.27817608146009e-26,0.667502965848911,0.129,0.06,4.28342666836126e-22,"Memory B","SNAPC4"
1.44872425291462e-09,0.667460101270552,0.054,0.026,2.72389134033007e-05,"Memory B","C1orf54"
3.81464056312062e-11,0.667198746855333,0.056,0.026,7.17228718677939e-07,"Memory B","CETP"
2.91515671770558e-22,0.667115910172412,0.105,0.049,5.48107766063003e-18,"Memory B","PSMG1"
3.16912793761267e-46,0.666798180308769,0.25,0.116,5.95859434829935e-42,"Memory B","SNX10"
1.40467158526108e-21,0.666028927503747,0.181,0.095,2.64106351460788e-17,"Memory B","IL15"
2.45935709229684e-33,0.6648078072865,0.226,0.111,4.62408320493651e-29,"Memory B","PLIN2"
1.67832117790036e-21,0.664492360538194,0.117,0.056,3.15557947868825e-17,"Memory B","SLC7A7"
4.0299854521591e-11,0.664397787313631,0.132,0.074,7.57717864714953e-07,"Memory B","CDK6"
9.30704181740514e-09,0.663224250318375,0.031,0.014,0.000174991000250851,"Memory B","ZNF658"
1.14431800217624e-15,0.662779019483557,0.102,0.051,2.15154670769177e-11,"Memory B","LY96"
1.34055842086158e-39,0.662181986779948,0.329,0.178,2.52051794290393e-35,"Memory B","GRPEL1"
3.93222201910307e-43,0.662117195099948,0.222,0.106,7.39336384031759e-39,"Memory B","NIT2"
2.43068641616008e-19,0.661733981510517,0.107,0.052,4.57017659966417e-15,"Memory B","RORA-AS1"
7.89216064309503e-31,0.661057736824673,0.165,0.08,1.48388404411473e-26,"Memory B","FAM219B"
8.04598720820169e-27,0.660387761575233,0.099,0.042,1.51280651488608e-22,"Memory B","RABEPK"
8.21247666934827e-20,0.659513862572759,0.07,0.03,1.54410986337086e-15,"Memory B","PPCDC"
1.11827269343098e-36,0.659423651532821,0.338,0.187,2.10257631818892e-32,"Memory B","PPAN"
1.69517470720372e-14,0.658895421839369,0.045,0.018,3.18726748448443e-10,"Memory B","NT5DC2"
1.32368902908458e-06,0.658764170929657,0.037,0.018,0.0248880011248482,"Memory B","MIAT"
1.78059252439398e-16,0.65855024209907,0.063,0.028,3.34787006436556e-12,"Memory B","DNASE1L1"
3.77784805743152e-22,0.658348938365956,0.253,0.143,7.10310991758274e-18,"Memory B","TNF"
1.52078298486964e-23,0.658089050974335,0.152,0.077,2.85937616815189e-19,"Memory B","SERPINB6"
2.11108121589406e-13,0.657440087784587,0.13,0.071,3.96925490212401e-09,"Memory B","CD68"
1.48048850716584e-50,0.657400387925703,0.433,0.239,2.78361449117321e-46,"Memory B","MFSD10"
2.68712914136447e-50,0.656958423233543,0.353,0.183,5.05234021159348e-46,"Memory B","BCAS4"
2.01732962049681e-09,0.656917615846683,0.038,0.017,3.7929831524581e-05,"Memory B","SFXN3"
6.94357016912338e-57,0.656127569242588,0.343,0.172,1.30553006319858e-52,"Memory B","DLGAP4"
9.7367649928493e-14,0.655750994221151,0.061,0.029,1.83070655395553e-09,"Memory B","LINC01410"
7.27632482413777e-35,0.655213047078335,0.255,0.134,1.36809459343438e-30,"Memory B","ATIC"
9.94429302870818e-23,0.654204900798726,0.199,0.105,1.86972597525771e-18,"Memory B","SEMA4D"
3.51779580463846e-07,0.653436537242972,0.062,0.033,0.00661415967188123,"Memory B","EPB41L4A"
4.31467492650745e-40,0.653080352219847,0.486,0.296,8.1124517968193e-36,"Memory B","SRM"
1.43018463920453e-09,0.65297807585714,0.058,0.028,2.68903315863236e-05,"Memory B","CPED1"
1.85138804205394e-30,0.652881259477455,0.152,0.072,3.48097979666982e-26,"Memory B","GPR89A"
1.34190070205834e-11,0.652218594444856,0.109,0.059,2.5230417000101e-07,"Memory B","FXYD1"
8.31855946242289e-11,0.651923620927778,0.048,0.023,1.56405555012475e-06,"Memory B","SUMO4"
4.34222581951942e-40,0.651218895965421,0.249,0.126,8.16425298586042e-36,"Memory B","AIMP2"
5.44857029016669e-50,0.650964427141693,0.79,0.574,1.02444018595714e-45,"Memory B","CD48"
4.34645883664885e-44,0.650914792195536,0.247,0.121,8.17221190466717e-40,"Memory B","ARL2"
1.06523188045516e-23,0.650724939714866,0.089,0.04,2.00284898163179e-19,"Memory B","ACAP3"
7.65294412020749e-24,0.650050361153103,0.119,0.056,1.43890655348141e-19,"Memory B","DCAF4"
4.64997707223582e-33,0.65001712242706,0.211,0.106,8.74288689121779e-29,"Memory B","ENSG00000288891"
1.67834646076283e-45,0.649654915342923,0.278,0.139,3.15562701552627e-41,"Memory B","MDM2"
5.78850084879026e-35,0.649133677072009,0.219,0.109,1.08835392958954e-30,"Memory B","HK1"
7.72246396030631e-07,0.648805148556899,0.038,0.018,0.0145197767381679,"Memory B","ENSG00000260651"
2.93936622201762e-61,0.648177880489704,0.531,0.3,5.52659637063754e-57,"Memory B","PARVB"
2.24523453281178e-28,0.648079289090503,0.561,0.389,4.22148996859272e-24,"Memory B","BLK"
4.47545775715968e-42,0.647413079127441,0.26,0.13,8.41475567501163e-38,"Memory B","TFDP1"
6.38298318759154e-39,0.64722305196923,0.231,0.115,1.20012849893096e-34,"Memory B","PCYT1A"
1.90976163480918e-40,0.647131620910607,0.755,0.566,3.59073382576822e-36,"Memory B","ACP5"
2.4902529140263e-32,0.647068796393169,0.318,0.179,4.68217352895225e-28,"Memory B","SLC20A1"
2.22539977241902e-11,0.646639062503443,0.049,0.023,4.18419665210225e-07,"Memory B","C1QTNF7-AS1"
3.88697745056719e-40,0.646400564752515,0.648,0.44,7.30829500255643e-36,"Memory B","PPP1R16B"
2.15144741799633e-29,0.646186137937435,0.128,0.058,4.0451514353167e-25,"Memory B","STYXL1"
1.20534962553787e-09,0.646119386671898,0.048,0.024,2.2662983659363e-05,"Memory B","ENSG00000256448"
2.47879110608826e-28,0.645541892189572,0.161,0.076,4.66062303766715e-24,"Memory B","JDP2"
6.05174147156824e-09,0.645090198765027,0.037,0.016,0.000113784843148426,"Memory B","SLFN13"
1.22269221564562e-06,0.64499956859725,0.024,0.01,0.022989059038569,"Memory B","PIK3CD-AS2"
1.9174442611133e-08,0.64475646618957,0.056,0.029,0.000360517869974522,"Memory B","FAM167A"
8.0152158965373e-44,0.643701995969448,0.266,0.131,1.50702089286694e-39,"Memory B","NABP1"
1.26209671910614e-09,0.643363500618676,0.03,0.013,2.37299425126336e-05,"Memory B","DVL1"
1.82780658613891e-07,0.643223889826168,0.035,0.016,0.00343664194325838,"Memory B","GPAM"
1.10210610577179e-44,0.642719832136248,0.218,0.102,2.07217990007212e-40,"Memory B","PHPT1"
6.26103136520147e-12,0.641670489312212,0.077,0.039,1.17719911728518e-07,"Memory B","TRIM25"
3.78275436024179e-41,0.641520243142699,0.206,0.101,7.11233474812661e-37,"Memory B","DCTD"
4.92335858860621e-41,0.640760715957805,0.361,0.199,9.25689881829739e-37,"Memory B","MRPL4"
2.65758376443479e-31,0.640023260816651,0.156,0.074,4.9967889938903e-27,"Memory B","TRAP1"
1.23246812652261e-13,0.639770535306962,0.071,0.034,2.3172865714878e-09,"Memory B","TRIM66"
2.32670905927838e-29,0.639768895235635,0.156,0.076,4.37467837325521e-25,"Memory B","TMEM64"
4.66226523168805e-29,0.639462464006433,0.224,0.117,8.76599108861988e-25,"Memory B","LINC01588"
1.79237063930566e-37,0.639434584280508,0.245,0.124,3.37001527602251e-33,"Memory B","MLLT10"
1.97423476287517e-14,0.639323415338739,0.091,0.045,3.7119562011579e-10,"Memory B","UAP1L1"
2.1402113486641e-17,0.63930471477142,0.08,0.036,4.02402537775825e-13,"Memory B","ENSG00000287042"
1.9091995459875e-29,0.638231522605207,0.145,0.071,3.58967698636569e-25,"Memory B","USB1"
7.48351871376339e-18,0.637614062150115,0.07,0.032,1.40705118856179e-13,"Memory B","KCNC3"
8.84747605288854e-36,0.63744083134053,0.278,0.149,1.6635024474641e-31,"Memory B","STAT5B"
3.53341093402209e-27,0.637272988408451,0.147,0.069,6.64351923814834e-23,"Memory B","STK39"
2.49697322525511e-58,0.636995100007721,0.581,0.342,4.69480905812465e-54,"Memory B","NFATC2"
3.90004165195423e-40,0.63688732083516,0.596,0.389,7.33285831400435e-36,"Memory B","TNFAIP8"
1.53376070621446e-12,0.636466597838854,0.054,0.025,2.88377687982444e-08,"Memory B","ENSG00000240401"
5.01823186103859e-55,0.635904917163899,0.687,0.445,9.43527954512476e-51,"Memory B","RILPL2"
1.19367954236871e-49,0.635710017462131,0.661,0.43,2.24435627556165e-45,"Memory B","RUNX3"
2.76300241820479e-32,0.635427991446657,0.173,0.083,5.19499714670864e-28,"Memory B","ACACA"
7.16072493213803e-12,0.635356485068682,0.099,0.052,1.34635950174059e-07,"Memory B","RRAGC-DT"
6.17995667661821e-32,0.635237010539104,0.17,0.084,1.16195545433776e-27,"Memory B","KEAP1"
1.35277101007059e-11,0.634973520903797,0.053,0.025,2.54348005313472e-07,"Memory B","CEACAM21"
7.82837873653569e-32,0.634777727749557,0.146,0.069,1.47189177004344e-27,"Memory B","TRAF2"
5.43810138523786e-35,0.6340511699103,0.202,0.101,1.02247182245242e-30,"Memory B","MMS19"
8.02249903950567e-19,0.634050844879073,0.063,0.027,1.50839026940786e-14,"Memory B","CCDC154"
1.70225332439126e-34,0.633534556308754,0.16,0.076,3.20057670052045e-30,"Memory B","PDCD11"
2.08366322830679e-50,0.633476215053031,0.315,0.161,3.91770360186243e-46,"Memory B","MGAT4B"
1.852219258719e-28,0.632670826998296,0.199,0.103,3.48254265024347e-24,"Memory B","RPF2"
3.42847568447087e-14,0.631977883262854,0.108,0.058,6.44621998194213e-10,"Memory B","LMO7"
1.68239198222985e-20,0.631148232398685,0.372,0.241,3.16323340498857e-16,"Memory B","MAML2"
7.08658505721938e-19,0.630886534412855,0.084,0.038,1.33241972245839e-14,"Memory B","SLC35E3"
2.66667219788622e-24,0.630777736370418,0.131,0.066,5.01387706646566e-20,"Memory B","THG1L"
6.53950746962357e-17,0.630342425395933,0.124,0.067,1.22955819443862e-12,"Memory B","IQCG"
1.44408845774394e-41,0.629936798894582,0.328,0.177,2.71517511825015e-37,"Memory B","LARP1"
1.38133493832339e-16,0.629415702246756,0.082,0.041,2.59718595103565e-12,"Memory B","NOL6"
2.78565480035232e-11,0.628946446069055,0.065,0.031,5.23758815562243e-07,"Memory B","INPP1"
4.24482680699937e-18,0.628689310329868,0.09,0.041,7.98112336252021e-14,"Memory B","ENSG00000275119"
4.17953887094219e-09,0.628665722793885,0.034,0.015,7.8583689851455e-05,"Memory B","ENSG00000257496"
1.50191484054502e-16,0.628295054376337,0.079,0.038,2.82390028319275e-12,"Memory B","KAT2A"
1.87210892141448e-13,0.627903134658771,0.052,0.024,3.5199391940435e-09,"Memory B","CENPV"
3.23771812686743e-14,0.626611312962203,0.054,0.024,6.08755762213614e-10,"Memory B","ISOC2"
6.47379769679704e-11,0.626330343770106,0.044,0.02,1.21720344295178e-06,"Memory B","HEMK1"
3.79296837821844e-37,0.626031685028854,0.243,0.122,7.13153914472631e-33,"Memory B","RAD50"
2.4526735772174e-49,0.62534284655718,0.557,0.337,4.61151685988416e-45,"Memory B","CORO7"
5.34757897033997e-12,0.624874409833815,0.058,0.028,1.00545179800332e-07,"Memory B","UBE2Q2P1"
3.36805096079719e-07,0.624073943021223,0.032,0.015,0.00633260941649088,"Memory B","PLBD2"
7.25066880161612e-13,0.623710679862491,0.038,0.015,1.36327074807986e-08,"Memory B","GTPBP3"
1.44915150367766e-53,0.621700425659641,0.387,0.208,2.72469465721473e-49,"Memory B","CDK4"
1.19868189517823e-28,0.621681156774369,0.222,0.118,2.25376169931411e-24,"Memory B","ENSG00000291149"
1.20623770267697e-22,0.62161302566927,0.092,0.043,2.26796812857324e-18,"Memory B","PDCD2L"
5.60332365959826e-39,0.621047966867626,0.274,0.144,1.05353691447766e-34,"Memory B","MED29"
4.36352558317958e-50,0.620384193610471,0.725,0.496,8.20430080149425e-46,"Memory B","IKZF3"
2.27351081100546e-09,0.619654622728532,0.059,0.03,4.27465502685246e-05,"Memory B","SNTB2"
6.1354650979886e-18,0.61965271582305,0.081,0.038,1.15359014772382e-13,"Memory B","PPM1M"
2.87134244646662e-21,0.619520532521201,0.122,0.059,5.39869806784653e-17,"Memory B","MEF2C-AS2"
2.23946452846048e-31,0.618903893828548,0.148,0.07,4.21064120641139e-27,"Memory B","ENDOG"
4.85840233643893e-66,0.618735626395601,0.886,0.682,9.13476807297248e-62,"Memory B","AKAP13"
1.0429793635108e-50,0.618677374714398,0.455,0.256,1.961009799273e-46,"Memory B","PIP4K2A"
3.06777453412013e-53,0.61856161738738,0.39,0.212,5.76802967905267e-49,"Memory B","DYNLT1"
1.2313064169582e-18,0.618324066146341,0.085,0.04,2.3151023251648e-14,"Memory B","TARBP1"
1.38053223041574e-60,0.617379563722901,0.419,0.225,2.59567669962767e-56,"Memory B","PHB1"
6.25701162285624e-36,0.616886619447813,0.258,0.135,1.17644332532943e-31,"Memory B","MDN1"
5.21718530415829e-17,0.616616074281349,0.106,0.054,9.80935180887841e-13,"Memory B","CPPED1"
7.98742398133853e-17,0.615407650172506,0.133,0.071,1.50179545697127e-12,"Memory B","SSBP3"
2.73850037622442e-07,0.615012667177502,0.052,0.027,0.00514892840737715,"Memory B","EML6"
4.19466899537555e-31,0.614784401092615,0.162,0.079,7.8868166451051e-27,"Memory B","KCTD7"
1.54168661462649e-24,0.613501603151833,0.142,0.071,2.89867917282072e-20,"Memory B","IRF3"
1.81614537574223e-28,0.613393334780731,0.171,0.083,3.41471653547054e-24,"Memory B","LRRK2"
1.46002077007485e-20,0.61334794384788,0.088,0.042,2.74513105189473e-16,"Memory B","LRRC61"
4.41900359543034e-19,0.612935860266824,0.09,0.044,8.30861056012813e-15,"Memory B","P4HTM"
7.47028708401628e-19,0.612913334578896,0.095,0.045,1.40456337753674e-14,"Memory B","ENSG00000269954"
6.6460319865735e-07,0.612857150870146,0.023,0.009,0.0124958693411555,"Memory B","FKBP14"
4.83458161568652e-71,0.612732400035307,0.78,0.512,9.08998035381379e-67,"Memory B","RHOF"
3.92511614821244e-21,0.612445237158512,0.113,0.053,7.38000338186903e-17,"Memory B","MRTFB"
2.15522191739456e-18,0.612369363914575,0.066,0.03,4.05224824908525e-14,"Memory B","PPP2R5B"
1.07039881370794e-08,0.612324015055611,0.048,0.025,0.000201256384953367,"Memory B","WNT5B"
5.14257491858052e-17,0.610957402198911,0.127,0.068,9.6690693619151e-13,"Memory B","IDH2"
2.27047437427306e-06,0.610671154878325,0.028,0.013,0.042689459185082,"Memory B","ARHGEF19"
1.52246922157811e-34,0.610548999717157,0.214,0.11,2.86254663041115e-30,"Memory B","SIGIRR"
2.25733910324749e-22,0.610142346784562,0.428,0.284,4.24424898192593e-18,"Memory B","INPP5F"
1.65383216571863e-13,0.609344769477173,0.058,0.026,3.10953523798416e-09,"Memory B","PFAS"
9.00778768618343e-08,0.609203311274999,0.054,0.028,0.00169364424075621,"Memory B","ENSG00000231873"
2.85696936602328e-12,0.609100304807588,0.066,0.033,5.37167380199698e-08,"Memory B","TMEM184B"
2.67049540068165e-43,0.608401759492593,0.447,0.26,5.02106545236164e-39,"Memory B","OPTN"
4.75476504886957e-46,0.607264806043535,0.396,0.22,8.93990924488457e-42,"Memory B","DANCR"
8.12541292076913e-50,0.606881098257381,0.47,0.271,1.52774013736301e-45,"Memory B","PPA1"
1.12014293651375e-06,0.606839773385573,0.039,0.018,0.0210609274923316,"Memory B","ENSG00000276216"
2.58598805484604e-06,0.606614219498496,0.029,0.014,0.0486217474072152,"Memory B","ENSG00000289883"
9.72179571701842e-29,0.606426070738758,0.129,0.063,1.8278920307138e-24,"Memory B","MRS2"
3.59190314666226e-17,0.606186246304956,0.075,0.035,6.75349629635438e-13,"Memory B","IL12RB1"
5.6216971264423e-23,0.605839052357886,0.091,0.043,1.05699149371368e-18,"Memory B","CAMTA2"
7.33809571497183e-19,0.60564632651236,0.087,0.04,1.379708756329e-14,"Memory B","PACS2"
1.41985517563796e-64,0.605465367910805,0.662,0.406,2.66961170123449e-60,"Memory B","TNIP2"
3.85730551342502e-13,0.605253860366237,0.07,0.034,7.25250582634173e-09,"Memory B","ENSG00000291159"
1.72397584829447e-07,0.604740386053257,0.048,0.025,0.00324141938996327,"Memory B","RENBP"
2.64644491084963e-09,0.604505260749864,0.24,0.164,4.97584572137947e-05,"Memory B","PTGER4"
8.70519267128201e-27,0.603478672564907,0.132,0.063,1.63675032605444e-22,"Memory B","TNK2"
2.26967449138483e-26,0.603336663976685,0.125,0.061,4.26744197870176e-22,"Memory B","LMNB1"
2.39140090521443e-08,0.603050505462675,0.034,0.017,0.000449631198198417,"Memory B","TMEM88"
4.0536722821141e-14,0.602813130999564,0.105,0.055,7.62171462483094e-10,"Memory B","POLR1E"
1.49261906810786e-27,0.602491831563196,0.151,0.075,2.80642237185639e-23,"Memory B","HAGHL"
5.04524470955385e-11,0.602167954914656,0.089,0.046,9.48606910290315e-07,"Memory B","HRK"
7.24394299351048e-39,0.601818396205497,0.435,0.255,1.36200616163984e-34,"Memory B","OSBPL10"
5.16711466544404e-53,0.600991353580005,0.348,0.18,9.71520899396789e-49,"Memory B","DUT"
2.38027458473602e-15,0.600457646384697,0.063,0.03,4.47539227422067e-11,"Memory B","INSYN2B"
4.90124568082533e-41,0.600385232071685,0.304,0.163,9.21532212908779e-37,"Memory B","SELENOW"
8.02620191262526e-12,0.600378303553001,0.038,0.017,1.5090864836118e-07,"Memory B","ENO3"
1.18590374366177e-32,0.599846060387621,0.223,0.113,2.22973621883286e-28,"Memory B","CAMKMT"
5.01676847472951e-09,0.599759443028762,0.036,0.016,9.43252808618643e-05,"Memory B","PKHD1L1"
1.9733954846389e-18,0.5993747680498,0.094,0.045,3.71037819021805e-14,"Memory B","SMAGP"
2.10698662164395e-18,0.599006124872093,0.078,0.037,3.96155624601496e-14,"Memory B","TUBG1"
1.4134766014967e-20,0.598367850814174,0.121,0.06,2.6576187061341e-16,"Memory B","BTN3A1"
5.91560980132796e-25,0.596544447309939,0.12,0.057,1.11225295484568e-20,"Memory B","RGS14"
7.80480454242676e-32,0.596412699398302,0.228,0.121,1.46745935006708e-27,"Memory B","KIF3A"
1.91979609616635e-37,0.596281950225562,0.233,0.121,3.60960062001197e-33,"Memory B","FLOT1"
5.66145321002515e-10,0.596231688401096,0.067,0.035,1.06446643254893e-05,"Memory B","ASPH"
2.66055889674174e-56,0.595665772184158,0.811,0.585,5.00238283765383e-52,"Memory B","RAPGEF1"
2.92977875102759e-24,0.594201658534706,0.166,0.087,5.50857000768208e-20,"Memory B","WDR91"
1.28396710828835e-24,0.594016666068848,0.13,0.064,2.41411495700376e-20,"Memory B","VARS1"
1.58362751414103e-06,0.593782272140844,0.045,0.024,0.0297753645208797,"Memory B","PERP"
1.2946471341988e-35,0.59217690920926,0.316,0.176,2.43419554172058e-31,"Memory B","TMEM65"
5.15446573068199e-43,0.591924358873781,0.241,0.12,9.69142646682829e-39,"Memory B","SLC7A6"
9.4210578232871e-46,0.591403391338737,0.263,0.135,1.77134729193444e-41,"Memory B","HTATIP2"
3.14045205189218e-18,0.590838903332054,0.095,0.048,5.90467794796768e-14,"Memory B","LPCAT4"
7.7061919317908e-44,0.590719412383464,0.376,0.21,1.44891820701531e-39,"Memory B","ATP5IF1"
4.66702292857236e-41,0.590334934758593,0.374,0.21,8.77493651030175e-37,"Memory B","TMEM154"
1.0539791691639e-11,0.590115677705242,0.077,0.04,1.98169163386197e-07,"Memory B","BPNT1"
4.05923521322262e-08,0.589578976408816,0.045,0.021,0.000763217404790117,"Memory B","SVIL"
1.75146288102016e-17,0.589331648988868,0.075,0.036,3.29310050889411e-13,"Memory B","INKA1"
3.53195311008151e-45,0.588849571122341,0.518,0.317,6.64077823757525e-41,"Memory B","SUPT5H"
2.60172649598365e-23,0.588805693147437,0.102,0.048,4.89176615774846e-19,"Memory B","PUS1"
3.34775395882588e-54,0.587864302739117,0.625,0.393,6.29444699338441e-50,"Memory B","C1QBP"
3.09677301734105e-11,0.587770219835551,0.032,0.012,5.82255262720464e-07,"Memory B","DPY19L4"
3.52117664098557e-37,0.587635846736075,0.221,0.111,6.62051632038106e-33,"Memory B","CGAS"
7.63206178802417e-19,0.587457479636444,0.102,0.05,1.43498025738431e-14,"Memory B","HINT2"
2.71934472248844e-39,0.587102539369094,0.312,0.169,5.11291194722277e-35,"Memory B","RUFY3"
8.75772744271566e-18,0.586770407315961,0.103,0.053,1.6466279137794e-13,"Memory B","DDX51"
6.78936563450646e-31,0.585709675305992,0.124,0.056,1.2765365265999e-26,"Memory B","CD151"
7.85448313881683e-22,0.585448432021953,0.127,0.065,1.47679991976034e-17,"Memory B","TMEM35B"
2.93148876076149e-13,0.585294150511205,0.095,0.051,5.51178516798376e-09,"Memory B","BYSL"
1.30400918704266e-45,0.584787544970282,0.261,0.131,2.45179807347761e-41,"Memory B","REX1BD"
4.87391971633567e-17,0.584343051314584,0.055,0.025,9.16394385065433e-13,"Memory B","EEF1AKMT4"
5.92025998982315e-52,0.584174172512014,0.957,0.859,1.11312728328655e-47,"Memory B","ZFP36"
2.0218961632826e-65,0.584086655723447,0.74,0.481,3.80156916620394e-61,"Memory B","COX17"
3.53482824460762e-30,0.583732334335948,0.163,0.081,6.64618406551125e-26,"Memory B","AGPS"
6.30596650230733e-59,0.583538658123551,0.712,0.465,1.18564782176382e-54,"Memory B","PEA15"
2.60263235128502e-11,0.583403471935737,0.091,0.05,4.8934693468861e-07,"Memory B","H2AC17"
1.08790483644322e-12,0.583318393865926,0.077,0.039,2.04547867348055e-08,"Memory B","CLUH"
1.0826276295271e-07,0.582618368962216,0.04,0.02,0.00203555646903686,"Memory B","CD244"
3.32674769153144e-86,0.582344619976857,0.982,0.86,6.25495100961741e-82,"Memory B","GAPDH"
4.82787817361818e-12,0.581481920576878,0.073,0.037,9.07737654203689e-08,"Memory B","PMS2P3"
2.22727751084357e-35,0.581161239799339,0.181,0.09,4.18772717588809e-31,"Memory B","RRP1"
4.83396457815084e-57,0.58107405184624,0.645,0.404,9.08882019983921e-53,"Memory B","CAPG"
7.29874182745226e-12,0.580906987377656,0.066,0.033,1.37230943839757e-07,"Memory B","TMCO4"
2.18025858705631e-21,0.580516239364845,0.09,0.043,4.09932219538328e-17,"Memory B","URB1"
3.04318904962597e-38,0.580016888706614,0.264,0.141,5.72180405110674e-34,"Memory B","IDH3G"
1.45862332469743e-24,0.579504935189481,0.142,0.07,2.7425035750961e-20,"Memory B","ANKRD36B"
3.7872146547676e-12,0.57910011263793,0.096,0.05,7.12072099389404e-08,"Memory B","LINC02149"
1.98651191009893e-06,0.579030255606023,0.023,0.01,0.0373503969336801,"Memory B","ARAP3"
7.13477777612291e-32,0.578901465782512,0.194,0.1,1.34148091746663e-27,"Memory B","MRPL24"
4.93406685434008e-50,0.578246548033779,0.841,0.643,9.27703249953021e-46,"Memory B","SWAP70"
5.46440583364794e-28,0.577536180910349,0.142,0.069,1.02741758484249e-23,"Memory B","SLC12A2-DT"
1.19368024064725e-22,0.577359659403302,0.144,0.073,2.24435758846496e-18,"Memory B","PHF19"
1.22860995830947e-28,0.577277227357315,0.141,0.07,2.31003244361346e-24,"Memory B","ZMYND19"
1.14256072912247e-73,0.577210007851707,0.593,0.335,2.14824268289608e-69,"Memory B","RAB31"
8.26376166842113e-64,0.57704487229581,0.681,0.427,1.55375246889654e-59,"Memory B","MICOS10"
2.43902572125189e-51,0.577020365096337,0.723,0.492,4.5858561610978e-47,"Memory B","UBE2N"
4.71074566644002e-40,0.576994801937706,0.26,0.135,8.85714400204053e-36,"Memory B","C15orf39"
1.44379602298023e-12,0.576846045869085,0.084,0.043,2.71462528240743e-08,"Memory B","SPATS2"
1.45986158908605e-63,0.576579895008754,0.909,0.728,2.74483175979959e-59,"Memory B","NME2"
1.48505297347196e-17,0.576360161433947,0.115,0.06,2.79219660072197e-13,"Memory B","B3GNT7"
1.4668886843973e-06,0.576342556259184,0.033,0.016,0.0275804410440381,"Memory B","LIMASI"
5.41602177406136e-18,0.576179933082533,0.113,0.059,1.01832041395902e-13,"Memory B","SELENOM"
6.90783124214514e-16,0.576170988644694,0.137,0.076,1.29881043014813e-11,"Memory B","GOLIM4"
1.78610766158471e-24,0.575405923100984,0.117,0.058,3.35823962531157e-20,"Memory B","KNOP1"
7.34600099792333e-18,0.575346556880931,0.109,0.056,1.38119510762954e-13,"Memory B","PMS2P4"
9.7653028483138e-30,0.575312749583781,0.492,0.323,1.83607224153996e-25,"Memory B","SNX8"
3.47881095287591e-13,0.575146230788459,0.056,0.027,6.54086035359729e-09,"Memory B","CASP1"
6.08877347465331e-23,0.574844761635892,0.11,0.053,1.14481118870432e-18,"Memory B","DUSP14"
5.77594327150697e-34,0.574538512260302,0.339,0.196,1.08599285390874e-29,"Memory B","UBE2J1"
1.70217933410781e-56,0.574100160285359,0.854,0.644,3.20043758398951e-52,"Memory B","ISCU"
3.56197265670084e-11,0.5730850508687,0.047,0.023,6.69722098912892e-07,"Memory B","GYS1"
1.80805332671154e-06,0.57290943383572,0.038,0.02,0.0339950186488304,"Memory B","TMEM97"
8.21978681274178e-33,0.572695919506022,0.211,0.113,1.54548431653171e-28,"Memory B","ADCK2"
3.05480137737569e-08,0.572057498354965,0.048,0.025,0.000574363754974178,"Memory B","MBTPS2"
1.38256847142769e-36,0.571653933837344,0.238,0.123,2.59950523997834e-32,"Memory B","RIPK2"
3.33995026255077e-08,0.571318001671731,0.034,0.015,0.000627977448364797,"Memory B","NOTCH2NLR"
9.55470190017856e-50,0.570728955368717,0.292,0.152,1.79647505127157e-45,"Memory B","MRPL34"
6.46471834907594e-31,0.570637818347342,0.163,0.079,1.21549634399326e-26,"Memory B","ETFB"
1.14954610970072e-10,0.569856492971781,0.186,0.118,2.1613765954593e-06,"Memory B","RGS1"
3.54034573630519e-27,0.569841170648736,0.139,0.071,6.65655805340102e-23,"Memory B","FBXL15"
3.86597971134124e-15,0.569771560993116,0.065,0.03,7.26881505326379e-11,"Memory B","RRAGD"
2.99522634134859e-41,0.569213151973685,0.463,0.275,5.63162456700362e-37,"Memory B","SNHG16"
1.2239314005899e-38,0.568993674519918,0.268,0.145,2.30123581938912e-34,"Memory B","PEPD"
1.05957395733794e-08,0.568120139148661,0.035,0.016,0.00019922109545868,"Memory B","ENSG00000247925"
2.0328955331585e-19,0.567825861420059,0.143,0.077,3.8222501814446e-15,"Memory B","MIR22HG"
3.93466596999803e-20,0.567749706074974,0.084,0.037,7.3979589567903e-16,"Memory B","NLRC3"
6.87754670971021e-10,0.567154240336383,0.042,0.02,1.29311633235971e-05,"Memory B","NPM3"
2.3742789955243e-27,0.566037115505333,0.109,0.051,4.46411936738478e-23,"Memory B","MTHFD1"
1.46711782620203e-08,0.565829986370393,0.038,0.019,0.000275847493682506,"Memory B","SLC39A14"
2.96092529917656e-25,0.565246475414164,0.178,0.096,5.56713174751178e-21,"Memory B","KIF21B"
1.81398347969285e-52,0.564394162168868,0.475,0.271,3.41065173851849e-48,"Memory B","TYMP"
1.00002620971991e-27,0.564279112953478,0.138,0.068,1.88024927951537e-23,"Memory B","GEMIN4"
7.74429301548574e-10,0.564027529731842,0.029,0.013,1.45608197277163e-05,"Memory B","ENSG00000282917"
1.02530292128594e-18,0.563534471485543,0.117,0.06,1.92777455260182e-14,"Memory B","THYN1"
7.68377348072071e-23,0.562116981711763,0.136,0.071,1.44470308984511e-18,"Memory B","GCLC"
5.8543819270128e-27,0.561820092331589,0.108,0.05,1.10074088991695e-22,"Memory B","APPAT"
2.41395509840507e-07,0.561536172553233,0.084,0.05,0.00453871837602121,"Memory B","ENSG00000285280"
6.0133003097723e-25,0.561170306679148,0.1,0.049,1.13062072424339e-20,"Memory B","YIF1B"
1.36945312109266e-32,0.560985694544033,0.217,0.116,2.57484575827843e-28,"Memory B","LYRM4"
6.07845832669035e-67,0.560722029998998,0.875,0.646,1.14287173458432e-62,"Memory B","ANXA2"
2.1389435340242e-12,0.559759143692412,0.048,0.023,4.0216416326723e-08,"Memory B","MTHFSD"
3.65427172128903e-43,0.559754056383535,0.411,0.238,6.87076169036763e-39,"Memory B","ANKRD10"
1.16851044080168e-29,0.559434930360833,0.183,0.095,2.19703333079532e-25,"Memory B","ANKRD13D"
2.03224278702703e-50,0.559259918258737,0.661,0.433,3.82102288816822e-46,"Memory B","ZFAND6"
1.04777073774884e-20,0.559214889006284,0.08,0.038,1.97001854111537e-16,"Memory B","SLC27A4"
4.02809051228321e-14,0.557910457059634,0.048,0.021,7.57361578119489e-10,"Memory B","RASA4"
6.34396962892938e-20,0.557846536775948,0.096,0.047,1.1927931696313e-15,"Memory B","DHRS4"
2.33159648111531e-12,0.557300626526161,0.076,0.04,4.38386770379301e-08,"Memory B","ENSG00000240963"
2.53063953605918e-39,0.556674536803289,0.46,0.282,4.75810845569848e-35,"Memory B","PRDX4"
3.11441461161692e-24,0.555939276990159,0.105,0.05,5.85572235276213e-20,"Memory B","STX10"
5.5854695665099e-17,0.555734508387216,0.062,0.028,1.05017998789519e-12,"Memory B","PMS2"
5.0825514490074e-43,0.555612169360821,0.704,0.491,9.5562132344237e-39,"Memory B","WNK1"
2.8713012238358e-49,0.55537667822028,0.748,0.524,5.39862056105608e-45,"Memory B","PSMB9"
1.00527701932769e-31,0.555054872352031,0.148,0.073,1.89012185173991e-27,"Memory B","ALDH18A1"
1.96571081918598e-22,0.553981320321605,0.109,0.054,3.69592948223348e-18,"Memory B","HDGFL2"
1.42338344594643e-11,0.55391285183696,0.071,0.037,2.67624555506847e-07,"Memory B","ENSG00000261460"
3.03382526425209e-12,0.553702905151226,0.071,0.038,5.70419826184678e-08,"Memory B","SPSB2"
6.88721683108037e-19,0.55294484586866,0.088,0.044,1.29493450857973e-14,"Memory B","NPIPB3"
1.92099652324675e-57,0.552809317583433,0.598,0.364,3.61185766300853e-53,"Memory B","TRAF4"
1.20693938655068e-15,0.552194269775991,0.089,0.047,2.26928743459259e-11,"Memory B","MIATNB"
1.375072376954e-33,0.552155489626126,0.17,0.087,2.58541108314891e-29,"Memory B","ITPK1"
5.65944711278582e-17,0.551405763956337,0.09,0.046,1.06408924614599e-12,"Memory B","XXYLT1"
6.73855457200908e-44,0.551286887943929,0.35,0.197,1.26698303062915e-39,"Memory B","SUN1"
6.37205242064519e-34,0.550807039983188,0.234,0.127,1.19807329612971e-29,"Memory B","TMEM87B"
3.51972552304247e-21,0.550226496683405,0.135,0.071,6.61778792842445e-17,"Memory B","OAS2"
9.52267263764471e-18,0.549801824400135,0.074,0.035,1.79045290932996e-13,"Memory B","PAXIP1"
5.85673972097252e-21,0.549324014912948,0.714,0.571,1.10118420233725e-16,"Memory B","NFKBID"
1.44080279110117e-22,0.54930797140433,0.188,0.104,2.70899740782841e-18,"Memory B","ENSG00000267787"
3.47097351827682e-52,0.549299234075583,0.898,0.715,6.52612440906408e-48,"Memory B","AHNAK"
8.20417185312986e-11,0.549238552591125,0.075,0.04,1.54254839182548e-06,"Memory B","CHST2"
2.15082887911596e-10,0.549133119805082,0.073,0.039,4.04398845851382e-06,"Memory B","SOGA1"
5.89776164233462e-07,0.5490136797418,0.048,0.025,0.0110889714399176,"Memory B","CUBN"
3.95233267757429e-16,0.548600002646918,0.094,0.047,7.43117590037518e-12,"Memory B","LRRC23"
1.97499968522658e-11,0.54836191577067,0.068,0.035,3.71339440816301e-07,"Memory B","MLH3"
1.28522729029872e-16,0.547644825754673,0.072,0.034,2.41648435121966e-12,"Memory B","USP46"
1.35046066641216e-25,0.547552273494879,0.149,0.076,2.53913614498814e-21,"Memory B","GOLGA8A"
1.83135543978247e-06,0.547511383173287,0.025,0.012,0.03443314497879,"Memory B","HMBS"
4.28095269207815e-18,0.546962067802867,0.066,0.03,8.04904725164534e-14,"Memory B","USP31"
4.64079579568423e-13,0.54654208745758,0.063,0.031,8.72562425504548e-09,"Memory B","SSX2IP"
1.31966102257161e-07,0.546023961505154,0.025,0.011,0.00248122665463915,"Memory B","POLN"
4.96728398841316e-20,0.545070252298945,0.08,0.038,9.33948735501443e-16,"Memory B","TRIM35"
2.03783420288046e-11,0.544736711855921,0.048,0.022,3.83153586825584e-07,"Memory B","ECE1-AS1"
4.42513933445386e-27,0.54453149325944,0.192,0.101,8.32014697664015e-23,"Memory B","LDAF1"
5.58949114513983e-35,0.544305990289561,0.378,0.228,1.05093612510919e-30,"Memory B","POLR1C"
4.85075386040305e-15,0.543534780252635,0.124,0.07,9.12038740832981e-11,"Memory B","TEC"
2.35354083035684e-07,0.543201012174266,0.028,0.013,0.00442512746923693,"Memory B","PSPH"
5.63314277077641e-21,0.543137797637354,0.112,0.058,1.05914350376138e-16,"Memory B","EHMT2"
1.29787480267411e-31,0.543101652389911,0.242,0.13,2.44026420398786e-27,"Memory B","HMGN3"
1.53968854385419e-42,0.542927365967242,0.304,0.167,2.89492240015464e-38,"Memory B","CSNK2A2"
2.55091260211863e-17,0.542501004704147,0.246,0.154,4.79622587450345e-13,"Memory B","BZW2"
3.9344258089182e-29,0.541452449386113,0.207,0.112,7.397507405928e-25,"Memory B","NSD2"
2.55155090182794e-07,0.541147340577484,0.029,0.014,0.0047974260056169,"Memory B","ENSG00000260267"
5.15752663150809e-12,0.541094996282189,0.074,0.04,9.69718157256151e-08,"Memory B","CHCHD6"
1.75547182395549e-30,0.540761722520241,0.248,0.138,3.30063812340112e-26,"Memory B","TCTN3"
1.2121031293182e-08,0.540733069991301,0.054,0.029,0.000227899630374408,"Memory B","EML4-AS1"
4.13745472888021e-13,0.540312100706713,0.059,0.029,7.77924238124056e-09,"Memory B","PGAP2"
1.7125611305661e-06,0.540287509779555,0.026,0.013,0.0321995743769039,"Memory B","PLGLB1"
1.18903283820505e-40,0.539833259645146,0.722,0.517,2.23561954239314e-36,"Memory B","ZBTB20"
2.41292750160821e-47,0.539528741647597,0.389,0.223,4.53678628852375e-43,"Memory B","PIGT"
5.86633520926027e-44,0.538915526537014,0.861,0.684,1.10298834604512e-39,"Memory B","GPR183"
3.1505291337269e-23,0.538598788257149,0.124,0.064,5.92362487723331e-19,"Memory B","PDXP"
9.76896065085594e-52,0.537930978656627,0.94,0.828,1.83675998157393e-47,"Memory B","RAN"
1.44066729788806e-19,0.537364654676957,0.173,0.1,2.70874265348914e-15,"Memory B","RNF166"
4.40518075333674e-10,0.536962202028964,0.076,0.042,8.28262085242373e-06,"Memory B","PRDM4-AS1"
1.61536415483373e-12,0.536852073331425,0.047,0.022,3.03720768391838e-08,"Memory B","TRAM2"
9.04232183668709e-42,0.536672434419444,0.632,0.424,1.70013735173391e-37,"Memory B","CD63"
3.72282369283302e-30,0.536647339630715,0.189,0.1,6.99965310726464e-26,"Memory B","SNX11"
1.75650567565575e-09,0.536334868031045,0.069,0.037,3.30258197136793e-05,"Memory B","TSHZ1"
2.09329116926747e-10,0.536288378274966,0.057,0.029,3.93580605645669e-06,"Memory B","ENSG00000227741"
5.79094066638182e-13,0.535842394590407,0.075,0.041,1.08881266409311e-08,"Memory B","NLE1"
7.74468896032285e-31,0.535646020155377,0.184,0.097,1.4561564183199e-26,"Memory B","LMNB2"
2.41511188064135e-07,0.534634413764432,0.041,0.022,0.00454089335798187,"Memory B","MFSD9"
1.30152345103212e-17,0.534367088461878,0.072,0.034,2.44712439263058e-13,"Memory B","CDKN2B-AS1"
6.92454066709427e-12,0.533334327014294,0.052,0.025,1.30195213622707e-07,"Memory B","TMEM254"
4.4355248428052e-48,0.533301576609449,0.502,0.306,8.33967380944234e-44,"Memory B","TBCB"
1.07837426546846e-22,0.533151249184572,0.12,0.062,2.0275592939338e-18,"Memory B","DEPDC5"
7.08297674203793e-30,0.533115600591886,0.197,0.106,1.33174128703797e-25,"Memory B","RNF121"
3.9851687079985e-36,0.533025302889115,0.435,0.268,7.49291420477878e-32,"Memory B","WDR43"
3.99159958700407e-32,0.532993814465042,0.227,0.125,7.50500554348506e-28,"Memory B","MRPL12"
2.99875804060348e-43,0.532901653012551,0.848,0.678,5.63826486794267e-39,"Memory B","ENO1"
6.62188863106945e-31,0.532743352673291,0.3,0.175,1.24504750041368e-26,"Memory B","SYNJ2"
8.97838819562002e-35,0.532377415117975,0.256,0.142,1.68811654854048e-30,"Memory B","NIP7"
7.14542245034353e-11,0.532290609588111,0.06,0.031,1.34348232911359e-06,"Memory B","ECHDC2"
2.43358196674059e-17,0.531466203452193,0.073,0.038,4.57562081386566e-13,"Memory B","MRI1"
1.40941052823859e-43,0.531310813256014,0.34,0.189,2.64997367519421e-39,"Memory B","CNDP2"
8.9713109055344e-11,0.530798626135715,0.043,0.021,1.68678587645858e-06,"Memory B","ENSG00000260616"
2.03813089833753e-24,0.530776182288794,0.136,0.071,3.83209371505423e-20,"Memory B","POLRMT"
1.37485890519219e-25,0.530744685394499,0.099,0.048,2.58500971354236e-21,"Memory B","UBL4A"
1.5853185504812e-16,0.530608011798622,0.195,0.117,2.98071593861476e-12,"Memory B","LINC00426"
3.40284671084406e-32,0.53059437633774,0.192,0.102,6.398032385729e-28,"Memory B","ANTKMT"
1.53483637400239e-30,0.530566113510386,0.404,0.254,2.88579935039929e-26,"Memory B","GTPBP4"
2.37834048415214e-42,0.53041234295847,0.446,0.271,4.47175577830285e-38,"Memory B","MZT2A"
3.50640417843979e-47,0.529985976017025,0.721,0.5,6.5927411363025e-43,"Memory B","PRELID1"
4.02808350556269e-38,0.529821817229445,0.266,0.145,7.57360260715897e-34,"Memory B","RRP1B"
2.63004615556913e-13,0.52977894022494,0.06,0.03,4.94501278170108e-09,"Memory B","PRXL2B"
4.02186992545572e-37,0.529707791678171,0.196,0.098,7.56191983384185e-33,"Memory B","FHOD1"
7.90388511431095e-35,0.529706586883004,0.621,0.432,1.48608847919274e-30,"Memory B","MAT2A"
4.664144562545e-15,0.529208431280576,0.153,0.086,8.76952460649711e-11,"Memory B","TTC39C"
7.02688298227032e-16,0.529137754767338,0.064,0.031,1.32119453832647e-11,"Memory B","ZNG1C"
3.7432375907571e-14,0.52896891940794,0.07,0.035,7.0380353181415e-10,"Memory B","ZSWIM9"
2.51772596187202e-11,0.528637819237871,0.061,0.032,4.73382835351177e-07,"Memory B","PPP1R16A"
1.03418415793937e-06,0.528562273190352,0.039,0.02,0.019444730537576,"Memory B","PEBP4"
1.99081448631848e-31,0.528349413912709,0.17,0.088,3.74312939717601e-27,"Memory B","MLLT6"
9.50525637756401e-07,0.528119487688809,0.028,0.014,0.0178717830410959,"Memory B","GAMT"
1.08482094299677e-20,0.527682596149122,0.081,0.038,2.03968033702252e-16,"Memory B","TSEN2"
9.47429873023514e-08,0.527623678522536,0.034,0.017,0.00178135764725881,"Memory B","PRR34-AS1"
2.43458310521526e-12,0.527479499753026,0.05,0.024,4.57750315442572e-08,"Memory B","TTLL12"
1.10491544247013e-07,0.527124291902608,0.043,0.022,0.00207746201493234,"Memory B","ACTR3C"
6.70799720429683e-07,0.52697591129875,0.035,0.018,0.0126123763435189,"Memory B","SDAD1-AS1"
4.70630005476911e-27,0.52620914566401,0.228,0.127,8.84878536297688e-23,"Memory B","JADE3"
9.46711263970962e-44,0.525691749602494,0.307,0.17,1.7800065185182e-39,"Memory B","NOP2"
1.30078781233583e-58,0.52529460309247,0.445,0.25,2.44574124475383e-54,"Memory B","PDCD5"
2.60255870387919e-11,0.52500469024894,0.046,0.023,4.89333087503365e-07,"Memory B","PEMT"
7.33070176066852e-34,0.524959740609895,0.188,0.096,1.37831854504089e-29,"Memory B","ENOPH1"
1.13021111910565e-15,0.524893683274244,0.112,0.062,2.12502294614245e-11,"Memory B","ZDHHC24"
2.58460798564831e-12,0.524740389112018,0.056,0.027,4.85957993461595e-08,"Memory B","FAM89A"
3.72731887436745e-29,0.52461373827342,0.143,0.074,7.00810494758568e-25,"Memory B","MIIP"
2.2451204553684e-37,0.524611836035763,0.239,0.126,4.22127548018367e-33,"Memory B","BMI1"
5.04578093523931e-34,0.524414370945807,0.269,0.152,9.48707731443696e-30,"Memory B","TICAM1"
7.04786823631973e-10,0.524280392143327,0.048,0.024,1.32514018579284e-05,"Memory B","DBP"
1.71320064616334e-13,0.524217494830361,0.069,0.036,3.22115985491631e-09,"Memory B","RABL2A"
7.45656542875396e-33,0.523129572098411,0.255,0.142,1.40198343191432e-28,"Memory B","TMEM120B"
2.4621630705225e-11,0.522778498772724,0.056,0.029,4.6293590051964e-07,"Memory B","AGTRAP"
8.62007099015258e-08,0.522355440213277,0.024,0.01,0.00162074574756849,"Memory B","GSK3B-DT"
1.62349123882238e-06,0.521914897937937,0.027,0.013,0.0305248822723385,"Memory B","FBXL19"
3.63034916949987e-13,0.52185531334382,0.079,0.041,6.82578250849366e-09,"Memory B","STN1"
3.2174271730672e-51,0.521766371615287,0.417,0.24,6.04940657080095e-47,"Memory B","ETFA"
3.16846907252972e-08,0.521753741940358,0.027,0.013,0.000595735555017037,"Memory B","RBM26-AS1"
1.2007062599108e-41,0.521625316903096,0.529,0.338,2.25756790988428e-37,"Memory B","TOMM5"
1.74915568118341e-08,0.520944159838312,0.034,0.016,0.000328876251176105,"Memory B","MRM1"
6.41853217928252e-07,0.520864458701822,0.033,0.017,0.012068124203487,"Memory B","APOM"
7.70024140939973e-37,0.520509236381161,0.246,0.135,1.44779938979534e-32,"Memory B","RPIA"
6.39370219115375e-07,0.518300105083766,0.034,0.017,0.0120214388598073,"Memory B","ENSG00000288999"
2.23831976377914e-14,0.51803819656361,0.134,0.077,4.20848881985754e-10,"Memory B","SCML4"
2.45514420511161e-25,0.517800216742351,0.118,0.059,4.61616213445085e-21,"Memory B","INPP4A"
1.63781354049555e-44,0.517649621458606,0.29,0.156,3.07941701883974e-40,"Memory B","ROCK2"
5.22975785629132e-56,0.516767637000832,0.469,0.275,9.83299072139894e-52,"Memory B","RNF126"
2.43228459961546e-21,0.516640614481776,0.145,0.078,4.57318150419699e-17,"Memory B","USP53"
1.05679927873613e-14,0.516640488785403,0.113,0.06,1.98699400387968e-10,"Memory B","HOMER1"
5.67683891715433e-10,0.516237729631203,0.059,0.031,1.06735925320336e-05,"Memory B","SLC10A7"
1.31771766810808e-28,0.516194395629998,0.185,0.097,2.47757275957681e-24,"Memory B","ANO6"
1.19822825667501e-38,0.516011134742628,0.831,0.671,2.25290876820035e-34,"Memory B","ARPC1B"
4.7465009435591e-08,0.515623449034937,0.038,0.019,0.000892437107407981,"Memory B","NPEPL1"
1.63314129950184e-27,0.515219442858884,0.331,0.202,3.07063227132335e-23,"Memory B","JADE2"
2.62829443082807e-47,0.515064693079665,0.366,0.207,4.94171918884294e-43,"Memory B","MVP"
3.96250810247054e-18,0.514317526223655,0.255,0.159,7.45030773426511e-14,"Memory B","ANXA4"
1.33238505797416e-30,0.514177270885269,0.178,0.092,2.50515038600302e-26,"Memory B","SBF2-AS1"
1.2828294205608e-27,0.514143792271092,0.198,0.109,2.41197587653841e-23,"Memory B","CRELD2"
2.1779742793931e-41,0.513989882064335,0.321,0.182,4.09502724011491e-37,"Memory B","MRPL44"
6.13152593734279e-30,0.513913209965759,0.237,0.131,1.15284950673919e-25,"Memory B","ENTPD1-AS1"
1.21479223972449e-17,0.513700755849118,0.115,0.063,2.28405236912998e-13,"Memory B","ESRRA"
1.34276864442099e-25,0.513441924533768,0.119,0.058,2.52467360524035e-21,"Memory B","RHOT1"
2.41327420974761e-12,0.513439590227662,0.09,0.048,4.53743816916745e-08,"Memory B","KCNQ1OT1"
1.39717460243545e-13,0.513378351762167,0.086,0.047,2.62696768749913e-09,"Memory B","NAXD"
4.44351821871858e-29,0.513227438151064,0.281,0.166,8.35470295483467e-25,"Memory B","ZNF593"
9.81508615548732e-57,0.512866426142523,0.679,0.442,1.84543249895473e-52,"Memory B","TAP1"
9.71926631135204e-14,0.512731278157968,0.085,0.045,1.82741645186041e-09,"Memory B","PAAF1"
4.66167846953097e-09,0.512682750398638,0.029,0.014,8.76488785841212e-05,"Memory B","SPDYE2B"
1.13552692159036e-32,0.51251622191547,0.259,0.144,2.1350177179742e-28,"Memory B","PLAAT4"
1.68252886865084e-16,0.512372458041621,0.093,0.046,3.16349077883732e-12,"Memory B","FKBP11"
5.70646515994163e-36,0.512371575733962,0.285,0.161,1.07292957937223e-31,"Memory B","MAPK6"
2.07852294425145e-18,0.511775392023353,0.078,0.038,3.90803883978157e-14,"Memory B","GATM"
1.81249526708847e-37,0.511465111817648,0.285,0.162,3.40785360117975e-33,"Memory B","MRPL36"
2.76025006629847e-15,0.511070722443111,0.081,0.043,5.18982217465437e-11,"Memory B","PLA2G12A"
7.55925135453923e-07,0.510679483076999,0.027,0.012,0.0142129043968047,"Memory B","SLC45A3"
9.07175441311681e-07,0.509680831134258,0.041,0.023,0.0170567126475422,"Memory B","ENSG00000231128"
5.31349049535924e-13,0.508950655059305,0.063,0.032,9.99042482937444e-09,"Memory B","ENSG00000290854"
9.22445791800114e-44,0.508760583375008,0.504,0.317,1.73438257774257e-39,"Memory B","SMARCB1"
3.58792302506397e-33,0.508613643323484,0.391,0.24,6.74601287172528e-29,"Memory B","RFX7"
6.60820974969465e-27,0.508384996185079,0.217,0.12,1.24247559713759e-22,"Memory B","EXOC6B"
5.24088162191191e-25,0.508192108938536,0.224,0.129,9.85390562551877e-21,"Memory B","SPRING1"
5.059293759068e-15,0.507620690015589,0.108,0.061,9.51248412579966e-11,"Memory B","UQCC3"
2.9799458605088e-14,0.507563962148172,0.08,0.04,5.60289420692865e-10,"Memory B","ENSG00000224376"
4.60907195300977e-35,0.506537267627021,0.144,0.07,8.66597708604897e-31,"Memory B","EXOSC5"
5.21954975841492e-32,0.505749243347436,0.111,0.051,9.81379745577173e-28,"Memory B","CD320"
6.55108655957224e-13,0.505557410610254,0.057,0.028,1.23173529493077e-08,"Memory B","PTDSS2"
5.10167324249867e-11,0.504925322223185,0.094,0.052,9.592166030546e-07,"Memory B","DPH6"
9.01229231677025e-32,0.504632594095224,0.29,0.17,1.69449120139914e-27,"Memory B","C21orf91"
1.51073698855592e-28,0.504006716271385,0.174,0.094,2.84048768588284e-24,"Memory B","DPH2"
2.73187490781713e-24,0.50398593258726,0.145,0.075,5.13647120167777e-20,"Memory B","ERAP2"
5.08086362796389e-09,0.50392085600078,0.03,0.014,9.55303979329771e-05,"Memory B","STARD7-AS1"
3.66488851947867e-24,0.503856627327848,0.405,0.269,6.89072339432379e-20,"Memory B","RBBP8"
1.13576887595282e-08,0.502762467947397,0.039,0.02,0.000213547264056649,"Memory B","C19orf44"
7.54117656111346e-17,0.502372450574435,0.121,0.069,1.41789201702055e-12,"Memory B","ASF1A"
1.18860823120701e-11,0.501941319693572,0.063,0.033,2.23482119631543e-07,"Memory B","ARHGAP18"
2.04947063787172e-08,0.501940616822407,0.056,0.03,0.000385341469332641,"Memory B","AMPD2"
8.65529681911898e-43,0.501264798287142,0.623,0.415,1.62736890793075e-38,"Memory B","EHMT1"
3.76082024298012e-43,0.501134760362707,0.204,0.102,7.07109422085123e-39,"Memory B","MRNIP"
1.84036516648337e-06,0.501110961768457,0.051,0.028,0.0346025458602203,"Memory B","TTC26"
1.07499813771697e-11,0.500910407395727,0.086,0.049,2.02121149853545e-07,"Memory B","TBC1D8"
7.37159419177128e-39,0.500831940647635,0.3,0.17,1.38600713993684e-34,"Memory B","SRPRB"
1.01879517023594e-07,0.500739669665123,0.052,0.03,0.00191553867907762,"Memory B","ZNF668"
3.16702010343438e-44,0.500400934433817,0.292,0.166,5.95463119847732e-40,"Memory B","SLC25A39"
5.3446320410204e-25,0.500128812771664,0.155,0.083,1.00489771635266e-20,"Memory B","TANGO6"
9.29951597522723e-11,0.500116480079497,0.087,0.062,1.74849499366222e-06,"Memory B","IGHV3-30"
3.87542521364048e-44,0.499906808462928,0.364,0.208,7.28657448668684e-40,"Memory B","ODF3B"
3.23383299545294e-39,0.499724956468052,0.218,0.117,6.08025279805062e-35,"Memory B","EXOSC7"
6.21706757268269e-08,0.499564752541726,0.042,0.023,0.0011689330450158,"Memory B","PCYOX1"
1.30727702529008e-37,0.499421201569639,0.195,0.102,2.4579422629504e-33,"Memory B","YARS2"
6.13242647641674e-07,0.499365680435306,0.03,0.015,0.0115301882609588,"Memory B","KIF11"
2.93592868048227e-28,0.499328004532865,0.156,0.081,5.52013310504276e-24,"Memory B","POLR1B"
3.35324454591772e-19,0.499009292519456,0.173,0.098,6.30477039523449e-15,"Memory B","CDC14A"
4.72504836144943e-09,0.498537345466676,0.049,0.027,8.88403592919722e-05,"Memory B","ATP8B2"
8.05700508007983e-17,0.498312536458936,0.161,0.095,1.51487809515661e-12,"Memory B","PAK1IP1"
7.07226855132168e-16,0.498022413137758,0.095,0.05,1.3297279330195e-11,"Memory B","IL15RA"
1.14529312886593e-06,0.497908863714581,0.026,0.013,0.0215338014089373,"Memory B","AGFG2"
3.57502470784388e-27,0.497695472582484,0.506,0.345,6.72176145568807e-23,"Memory B","MRPS6"
2.56372587493424e-50,0.497626027304825,0.385,0.216,4.82031739005136e-46,"Memory B","ACBD6"
1.23327182852121e-24,0.497321172066762,0.213,0.123,2.31879769198558e-20,"Memory B","TRIM69"
6.26398347041113e-32,0.497252290544558,0.18,0.096,1.1777541721067e-27,"Memory B","GSDMD"
3.04693714657752e-08,0.496868141311838,0.056,0.032,0.000572885122299506,"Memory B","FAM50B"
4.9753323868513e-25,0.496504059508918,0.131,0.068,9.35461995375782e-21,"Memory B","METTL2A"
1.31461863996753e-19,0.496051755126278,0.11,0.058,2.47174596686696e-15,"Memory B","HEATR5A"
3.41189655143181e-13,0.495940819417011,0.059,0.03,6.41504789600209e-09,"Memory B","PSEN2"
8.2535282658615e-12,0.495431243498333,0.072,0.038,1.55182838454728e-07,"Memory B","ENSG00000291220"
7.17086060205803e-32,0.495212189083094,0.322,0.193,1.34826521039895e-27,"Memory B","MGMT"
3.64890400380686e-08,0.495062606487463,0.041,0.022,0.000686066930795766,"Memory B","CDPF1"
2.23283071065981e-45,0.493936829818999,0.496,0.306,4.19816830218257e-41,"Memory B","IARS1"
1.53449515699382e-21,0.493431778628552,0.623,0.472,2.88515779417979e-17,"Memory B","IRF4"
1.86635336617519e-14,0.493302908119789,0.082,0.043,3.5091175990826e-10,"Memory B","CBR1"
4.18304638044488e-37,0.493164512725447,0.875,0.735,7.86496380451246e-33,"Memory B","SUB1"
7.13087699429038e-54,0.492809942607247,0.639,0.413,1.34074749246648e-49,"Memory B","PSME2"
5.84815606610166e-30,0.492669965065478,0.218,0.122,1.09957030354843e-25,"Memory B","ENSG00000291055"
9.71140014891548e-08,0.492659196474237,0.532,0.444,0.00182593745599909,"Memory B","IGKC"
6.18789494745311e-40,0.492586498599453,0.33,0.19,1.16344800802013e-35,"Memory B","LIMK1"
9.29150178952997e-32,0.492323167322456,0.329,0.198,1.74698816646743e-27,"Memory B","PHTF2"
1.12762970914599e-37,0.491927292554861,0.385,0.232,2.1201693791363e-33,"Memory B","ADAM17"
3.55543477085005e-42,0.491892391479443,0.307,0.172,6.68492845615227e-38,"Memory B","APOBEC3C"
1.59702330103513e-34,0.491804269328485,0.474,0.305,3.00272321060625e-30,"Memory B","TKT"
4.48144780332529e-36,0.491336510117973,0.149,0.071,8.42601815981221e-32,"Memory B","WDR12"
1.37827974856278e-19,0.491025672770931,0.127,0.068,2.59144158324773e-15,"Memory B","PGM1"
9.94391871059131e-35,0.490783375183694,0.158,0.079,1.86965559596538e-30,"Memory B","ACAT1"
2.35645759741747e-12,0.490495819855617,0.055,0.028,4.43061157466433e-08,"Memory B","PPP1R3F"
3.02973888842084e-18,0.490375899906394,0.093,0.048,5.69651505800887e-14,"Memory B","ZNF451-AS1"
1.9925268146852e-41,0.490132333947786,0.325,0.186,3.74634891697111e-37,"Memory B","NDUFAF8"
1.16473317585101e-28,0.489537944909744,0.161,0.085,2.18993131723507e-24,"Memory B","TANGO2"
1.34447166363078e-19,0.489491685863936,0.167,0.097,2.52787562195859e-15,"Memory B","LYAR"
7.58499249602891e-32,0.488813063139228,0.303,0.181,1.42613028910336e-27,"Memory B","ZNF460"
9.7651574073255e-13,0.488772257222898,0.034,0.014,1.83604489572534e-08,"Memory B","CABLES2"
8.64506570308897e-41,0.488503847083684,0.324,0.184,1.62544525349479e-36,"Memory B","PTRHD1"
2.34388950771473e-22,0.488376414626583,0.141,0.075,4.40698105240523e-18,"Memory B","SLC16A1"
1.17678395373417e-26,0.488285795873316,0.242,0.138,2.21258918981098e-22,"Memory B","NEDD9"
1.14646789681667e-07,0.488224864138035,0.045,0.025,0.0021555889395947,"Memory B","ATP6V0E2"
1.95508254089121e-19,0.488178340288938,0.098,0.05,3.67594619338366e-15,"Memory B","SLC43A3"
1.6277380647958e-14,0.488141206726556,0.088,0.047,3.06047310942907e-10,"Memory B","MIR17HG"
7.2170100076233e-16,0.488090681836969,0.11,0.062,1.35694222163333e-11,"Memory B","C9orf40"
3.21364867755342e-09,0.487594252452275,0.048,0.025,6.04230224353594e-05,"Memory B","GLI4"
9.92823892032029e-34,0.487475794201081,0.188,0.099,1.86670748179862e-29,"Memory B","GLB1"
3.73904974876702e-14,0.486737087907929,0.111,0.063,7.03016133763176e-10,"Memory B","TBC1D19"
1.29118283582382e-33,0.486427559158517,0.175,0.089,2.42768196791594e-29,"Memory B","TFB1M"
5.37231754816021e-20,0.486341874354769,0.082,0.04,1.01010314540508e-15,"Memory B","NPIPB5"
2.71652880701203e-14,0.486158854123122,0.084,0.046,5.10761746294402e-10,"Memory B","DUSP23"
8.17555440905251e-38,0.486118536808423,0.256,0.143,1.53716773999005e-33,"Memory B","GRINA"
7.3177414840307e-37,0.485583766439177,0.316,0.183,1.37588175382745e-32,"Memory B","RAB9A"
3.31218464938263e-27,0.485555422949025,0.809,0.659,6.22756957776921e-23,"Memory B","LTB"
5.84275250932701e-22,0.485405026642174,0.227,0.133,1.09855432680366e-17,"Memory B","ZDHHC14"
4.34123743869212e-44,0.48520546376806,0.278,0.151,8.16239463222893e-40,"Memory B","ATE1"
7.3861859271283e-23,0.48515112796398,0.134,0.071,1.38875067801866e-18,"Memory B","TMEM181"
5.76765820458737e-23,0.485005339021368,0.091,0.044,1.08443509562652e-18,"Memory B","SLC12A9"
1.05603530462746e-19,0.484939875198704,0.138,0.076,1.98555757976055e-15,"Memory B","IFI27L2"
5.03141183263008e-33,0.484562615863992,0.188,0.1,9.46006052771108e-29,"Memory B","PMPCA"
1.00290611241253e-48,0.484439562199083,0.458,0.274,1.88566407255803e-44,"Memory B","SRI"
3.03697180548987e-09,0.484014247261518,0.05,0.027,5.71011438868205e-05,"Memory B","FNTB"
2.22760463264147e-06,0.4828800811197,0.058,0.032,0.0418834223029249,"Memory B","ERN1"
1.22135514354241e-32,0.482836852762277,0.464,0.304,2.29639194088844e-28,"Memory B","DEGS1"
1.11624804272098e-43,0.482691209373247,0.5,0.311,2.09876956992398e-39,"Memory B","ZBTB7A"
9.64427609424969e-48,0.48215048333622,0.318,0.174,1.81331679124083e-43,"Memory B","ACAP1"
1.13129615669831e-32,0.482095201822264,0.164,0.087,2.12706303382417e-28,"Memory B","UBQLN4"
1.20670338567747e-16,0.481579040222222,0.095,0.051,2.26884370575078e-12,"Memory B","ETHE1"
9.10515387574515e-20,0.481179932918431,0.11,0.059,1.7119510317176e-15,"Memory B","SH2D3C"
1.40850794499524e-20,0.480891640861845,0.099,0.05,2.64827663818004e-16,"Memory B","IRAK1BP1"
1.57710145473873e-29,0.480414816497209,0.277,0.164,2.96526615519977e-25,"Memory B","TRRAP"
5.51937845757024e-12,0.48036498539315,0.072,0.039,1.03775353759236e-07,"Memory B","MANEA"
3.15870172210134e-27,0.480228802293124,0.113,0.056,5.93899097789494e-23,"Memory B","INTS13"
2.35311480989194e-28,0.480200423616316,0.287,0.173,4.42432646555882e-24,"Memory B","IGF2R"
2.02147081727492e-17,0.480145488664967,0.117,0.066,3.8007694306403e-13,"Memory B","NEK11"
9.10571978936405e-09,0.480130189968269,0.042,0.023,0.000171205743479623,"Memory B","CTIF"
6.56521979208043e-26,0.479724747939818,0.131,0.067,1.23439262530696e-21,"Memory B","WARS2-AS1"
1.60189841702739e-34,0.47939184053002,0.159,0.081,3.01188940369489e-30,"Memory B","POGLUT1"
2.6698646326166e-12,0.479330108218556,0.076,0.042,5.01987948224574e-08,"Memory B","IDNK"
1.92631420415687e-09,0.479301256437861,0.04,0.019,3.62185596665574e-05,"Memory B","ENSG00000237356"
9.68748688391381e-31,0.477716764217367,0.181,0.097,1.82144128391347e-26,"Memory B","MTRR"
7.19738731120876e-26,0.4775580821444,0.407,0.267,1.35325276225347e-21,"Memory B","SLC7A1"
6.8050793487995e-27,0.477086371722088,0.193,0.105,1.27949101916128e-22,"Memory B","CPB2-AS1"
4.81872753664192e-12,0.47682895088866,0.078,0.044,9.06017151439414e-08,"Memory B","TRIM65"
2.69046644971e-20,0.476763799758358,0.095,0.05,5.05861501874473e-16,"Memory B","ZNF48"
3.67358625087618e-31,0.476442562122578,0.362,0.225,6.9070768688974e-27,"Memory B","NHP2"
3.81214782267119e-17,0.475996443206224,0.118,0.063,7.16760033618637e-13,"Memory B","MPEG1"
1.26545780510081e-30,0.475913974869537,0.112,0.054,2.37931376515055e-26,"Memory B","PSMG4"
9.2028288063755e-26,0.475875708528471,0.188,0.105,1.73031587217472e-21,"Memory B","SEC24A"
2.99332828236176e-10,0.475601689528013,0.073,0.041,5.62805583649657e-06,"Memory B","SMYD4"
4.61873269743688e-30,0.475328902882295,0.186,0.103,8.68414121772082e-26,"Memory B","TMEM60"
7.29837308752766e-21,0.475074391980435,0.081,0.039,1.37224010791695e-16,"Memory B","EEF2KMT"
8.70534653167827e-39,0.47436384207333,0.559,0.371,1.63677925488615e-34,"Memory B","RASSF5"
7.4541739198308e-12,0.473981889905475,0.07,0.038,1.40153378040659e-07,"Memory B","ZFYVE21"
4.99911173255537e-30,0.47386518187466,0.22,0.126,9.39932987955061e-26,"Memory B","ACSL5"
7.99668834657472e-10,0.473837467739144,0.034,0.015,1.50353734292298e-05,"Memory B","CACNA1D"
1.09260580296419e-18,0.473755553774264,0.103,0.056,2.05431743073326e-14,"Memory B","GTF2H2C"
1.17404711707388e-24,0.473631170149219,0.148,0.081,2.2074433895223e-20,"Memory B","GTF2H3"
3.75421172926229e-46,0.473490678047155,0.195,0.096,7.05866889335895e-42,"Memory B","XPOT"
8.20610597987108e-31,0.472874579042313,0.298,0.177,1.54291204633536e-26,"Memory B","GALNT10"
6.25206527174895e-18,0.472837143906585,0.114,0.062,1.17551331239424e-13,"Memory B","INF2"
7.2163125660291e-21,0.472375802325059,0.163,0.092,1.35681108866479e-16,"Memory B","ENSG00000291203"
1.84777441582298e-09,0.472167415348667,0.042,0.021,3.47418545663036e-05,"Memory B","NTAQ1"
9.39320684440532e-12,0.471785881445857,0.06,0.031,1.76611075088509e-07,"Memory B","PPIP5K1"
1.13906001864044e-11,0.471734976882574,0.376,0.277,2.14166064704776e-07,"Memory B","ENSG00000235979"
1.96659648549728e-12,0.471582952727736,0.056,0.028,3.69759471203199e-08,"Memory B","NAV2"
2.32704527373148e-32,0.471279387554142,0.195,0.102,4.37531052366992e-28,"Memory B","ANKRD36C"
6.53795578331231e-17,0.470750009051548,0.075,0.038,1.22926644637838e-12,"Memory B","CAMK2G"
1.00426085217803e-20,0.47068933729265,0.104,0.055,1.88821125426513e-16,"Memory B","PPIL1"
3.53963553833984e-07,0.470666540842577,0.039,0.021,0.00665522273918657,"Memory B","ENSG00000254459"
5.2407668598843e-30,0.470295146755238,0.137,0.069,9.85368984995447e-26,"Memory B","DDB2"
2.57809571792659e-10,0.469735694854846,0.079,0.046,4.84733556884558e-06,"Memory B","ZNF337"
2.02641194962717e-36,0.469716611173869,0.145,0.071,3.81005974768901e-32,"Memory B","MLST8"
1.03471249414488e-16,0.46940437977297,0.059,0.028,1.94546643149121e-12,"Memory B","SARS2"
2.52289981224464e-21,0.4683923839424,0.149,0.083,4.74355622698238e-17,"Memory B","MAST3"
3.17157723675439e-13,0.468027674785743,0.056,0.028,5.96319952054561e-09,"Memory B","PFKM"
2.08196627964288e-26,0.468016445049391,0.183,0.1,3.91451299898454e-22,"Memory B","NT5DC1"
5.56834578957229e-15,0.467788876410163,0.103,0.057,1.04696037535538e-10,"Memory B","CAMSAP1"
1.15370239848707e-30,0.467429147614635,0.206,0.116,2.1691912496354e-26,"Memory B","SLC39A6"
5.39833243133488e-11,0.467413386180049,0.088,0.051,1.01499446373958e-06,"Memory B","BHLHE40-AS1"
1.61847602504229e-25,0.467180074743265,0.431,0.288,3.04305862228451e-21,"Memory B","RASGRP3"
6.77485076244799e-55,0.466796653201516,0.549,0.337,1.27380744035547e-50,"Memory B","VEGFB"
1.05153956980776e-41,0.46657631810159,0.466,0.291,1.97710469915255e-37,"Memory B","TFEB"
3.58093186712824e-17,0.466541304473208,0.104,0.056,6.73286809657452e-13,"Memory B","STIMATE"
1.24418468276871e-09,0.466378714005718,0.07,0.04,2.33931604054173e-05,"Memory B","NNT-AS1"
7.93509980033887e-29,0.46637570035675,0.306,0.187,1.49195746445971e-24,"Memory B","DKC1"
8.12307460164637e-11,0.466347158518543,0.148,0.093,1.52730048660155e-06,"Memory B","IL13RA1"
4.63944511931753e-35,0.466252990811392,0.179,0.096,8.72308471334082e-31,"Memory B","ALG3"
6.53766610713923e-31,0.466242099488069,0.133,0.067,1.22921198146432e-26,"Memory B","METTL13"
5.5252007795133e-35,0.466149405625633,0.357,0.215,1.03884825056409e-30,"Memory B","LARS1"
1.43404177898765e-33,0.465974717426393,0.289,0.169,2.69628535285258e-29,"Memory B","EYA3"
3.62864763925264e-32,0.465890801186003,0.649,0.467,6.82258329132281e-28,"Memory B","TRIO"
6.04763764939585e-37,0.46499116208089,0.281,0.161,1.13707683083941e-32,"Memory B","MFSD1"
2.52215852379396e-41,0.464458578896502,0.29,0.162,4.74216245643741e-37,"Memory B","PPA2"
2.7200207611607e-07,0.464417276210975,0.036,0.019,0.00511418303513435,"Memory B","MPND"
3.88596260879391e-13,0.464250262799696,0.115,0.065,7.30638689705431e-09,"Memory B","LINC02202"
4.76202531584978e-10,0.464190098722649,0.063,0.035,8.95355999886076e-06,"Memory B","IFFO1"
3.28408067372436e-08,0.463490421775703,0.044,0.023,0.000617472848273654,"Memory B","ENSG00000289100"
1.89428449473895e-22,0.463240356267022,0.113,0.058,3.56163370700818e-18,"Memory B","PPARA"
4.73255121410814e-34,0.462810848757787,0.309,0.184,8.89814279276613e-30,"Memory B","ATP13A3"
8.94553497817303e-22,0.462568127253151,0.074,0.036,1.68193948659609e-17,"Memory B","TRMT2A"
6.23565621769159e-07,0.462262667908516,0.029,0.015,0.0117242808205037,"Memory B","ENSG00000291299"
5.86318442618414e-10,0.462256900979375,0.053,0.028,1.10239593581114e-05,"Memory B","LINC00630"
1.91609932959528e-17,0.462239631204369,0.097,0.051,3.60264995950504e-13,"Memory B","SEC61A2"
1.71235286816477e-17,0.461924871990478,0.052,0.024,3.2195658627234e-13,"Memory B","TRIP6"
4.3315852370852e-41,0.46168524218419,0.543,0.353,8.1442465627676e-37,"Memory B","SPEN"
2.36773978240405e-10,0.461609802279178,0.026,0.01,4.45182433887609e-06,"Memory B","F8"
2.66811281319824e-29,0.461137756914463,0.159,0.084,5.01658571137533e-25,"Memory B","GOLGA8B"
2.58696164658732e-13,0.460911722916507,0.061,0.032,4.86400528791348e-09,"Memory B","KNTC1"
1.59250977183852e-34,0.460602048897266,0.155,0.076,2.99423687301078e-30,"Memory B","CPEB3"
1.39233201992327e-32,0.46021918932563,0.21,0.117,2.61786266385973e-28,"Memory B","SCO2"
4.26216919796443e-30,0.460140474763897,0.565,0.394,8.01373052601272e-26,"Memory B","JPT1"
8.75893040440617e-45,0.45999948396363,0.789,0.582,1.64685409463645e-40,"Memory B","TPI1"
5.08138670464996e-32,0.459878622663213,0.195,0.106,9.55402328208286e-28,"Memory B","PRKAB1"
9.16740622438317e-33,0.4594513861879,0.245,0.139,1.72365571830852e-28,"Memory B","ERCC6"
5.77492118316906e-16,0.459353646863866,0.058,0.028,1.08580068085945e-11,"Memory B","ENSG00000237188"
1.08386726009681e-08,0.458815575019837,0.08,0.048,0.000203788722243402,"Memory B","CCDC122"
3.21529042283851e-09,0.458712919167229,0.063,0.035,6.04538905302096e-05,"Memory B","MVB12A"
6.38897874912425e-20,0.458693866961746,0.109,0.06,1.20125578441034e-15,"Memory B","NAB1"
3.15508993030404e-41,0.458610425132725,0.296,0.166,5.93220008695766e-37,"Memory B","CLEC16A"
4.38667368061214e-10,0.458368160403585,0.059,0.032,8.24782385428695e-06,"Memory B","ENSG00000247121"
2.23424750269591e-41,0.458228982512457,0.701,0.496,4.20083215456885e-37,"Memory B","GSPT1"
1.34930674259975e-08,0.457828135613474,0.077,0.047,0.000253696653743604,"Memory B","CHAC1"
1.01732049208767e-40,0.457668602901749,0.272,0.154,1.91276598922324e-36,"Memory B","MLX"
6.35641845741502e-31,0.457659489001506,0.159,0.085,1.19513379836317e-26,"Memory B","PPP5C"
7.99807471887155e-37,0.457429484044677,0.641,0.448,1.50379800864223e-32,"Memory B","ANXA5"
7.9395018816722e-35,0.457421132628551,0.246,0.136,1.49278514379201e-30,"Memory B","GPATCH4"
2.46821051372052e-19,0.456681782308466,0.113,0.062,4.64072940789732e-15,"Memory B","KIFBP"
9.92222691786082e-13,0.456380447781461,0.073,0.04,1.86557710509619e-08,"Memory B","LZTR1"
3.82591575300575e-23,0.456340451275336,0.781,0.639,7.19348679880142e-19,"Memory B","PIKFYVE"
1.70908805159063e-32,0.456054023417707,0.659,0.474,3.2134273546007e-28,"Memory B","MAP3K8"
1.79151140890918e-37,0.455926323802502,0.98,0.933,3.36839975103103e-33,"Memory B","SQSTM1"
2.90955242630546e-22,0.455658095775678,0.253,0.156,5.47054047193952e-18,"Memory B","LRRC8D"
2.49900499229611e-33,0.455109337296418,0.949,0.872,4.69862918651515e-29,"Memory B","ACTG1"
2.45593161487836e-55,0.455104813017827,0.4,0.232,4.6176426222943e-51,"Memory B","MRPS24"
4.38081694216875e-18,0.454441724069636,0.122,0.067,8.23681201466568e-14,"Memory B","SH3TC1"
6.10403165321167e-69,0.454273380828946,0.992,0.958,1.14768003143686e-64,"Memory B","PFN1"
4.331266141523e-28,0.454238277995592,0.704,0.535,8.14364659929155e-24,"Memory B","SEMA7A"
4.75155021971082e-12,0.454229057413269,0.076,0.042,8.93386472310029e-08,"Memory B","SNHG26"
1.52959585187659e-12,0.454102420899149,0.168,0.105,2.87594612069836e-08,"Memory B","DOCK4"
4.51716641155262e-28,0.45368663490062,0.276,0.165,8.49317628700123e-24,"Memory B","SERTAD2"
1.09581712865624e-30,0.453210159526666,0.163,0.085,2.06035536529947e-26,"Memory B","C16orf87"
1.05044233770875e-07,0.452227880722671,0.048,0.026,0.00197504168336,"Memory B","LINC01353"
2.74749227697229e-15,0.45209901553747,0.114,0.066,5.1658349791633e-11,"Memory B","CHAMP1"
4.55818177284465e-26,0.451970990386588,0.525,0.37,8.57029336930251e-22,"Memory B","TET2"
2.07387843696516e-37,0.451772297481286,0.755,0.563,3.8993062371819e-33,"Memory B","LCP1"
1.676742528758e-18,0.451408559274906,0.129,0.073,3.15261130257079e-14,"Memory B","BMAL1"
2.37154928509433e-16,0.451257125184033,0.084,0.044,4.45898696583436e-12,"Memory B","CRACR2A"
2.04485299758827e-10,0.451225805976313,0.095,0.056,3.84473260606546e-06,"Memory B","NUBPL"
7.78020129712661e-34,0.451207522969448,0.654,0.469,1.46283344788575e-29,"Memory B","ABI1"
8.73227667965378e-46,0.451068480251096,0.7,0.487,1.6418426613085e-41,"Memory B","HIGD2A"
4.59746012573959e-37,0.450959491693122,0.225,0.123,8.64414452841558e-33,"Memory B","DHPS"
2.44083624216667e-40,0.450832541689243,0.282,0.16,4.58926030252177e-36,"Memory B","GART"
9.88949012782905e-15,0.45026347758777,0.084,0.047,1.85942193383442e-10,"Memory B","SLC66A3"
3.65612115374799e-46,0.450230597527826,0.364,0.212,6.87423899327696e-42,"Memory B","GMIP"
1.04004964268002e-15,0.450197978609261,0.112,0.064,1.95550133816698e-11,"Memory B","TRPV2"
5.99219159901169e-08,0.450126757623751,0.057,0.034,0.00112665186444618,"Memory B","GGH"
1.06748082946119e-13,0.449917708591702,0.076,0.04,2.00707745555293e-09,"Memory B","TRIP10"
1.98965049094523e-10,0.449906840988043,0.053,0.028,3.74094085307522e-06,"Memory B","QDPR"
3.66260833531897e-17,0.449232860887269,0.092,0.05,6.88643619206673e-13,"Memory B","NAGLU"
2.96257844320769e-11,0.448997549797658,0.106,0.063,5.5702399889191e-07,"Memory B","LMO2"
2.51313668277202e-32,0.44810606885245,0.145,0.073,4.72519959094794e-28,"Memory B","RFK"
8.80131796432702e-27,0.448043751533603,0.108,0.053,1.65482380365277e-22,"Memory B","MTMR4"
7.0115383266474e-07,0.44800000816039,0.037,0.021,0.0131830943617624,"Memory B","ENSG00000271717"
9.46574233225407e-31,0.447863447425695,0.22,0.124,1.77974887331041e-26,"Memory B","SMARCA4"
2.09814552721407e-21,0.447826796231262,0.059,0.025,3.9449332202679e-17,"Memory B","SNHG4"
7.44247826558001e-21,0.447706941456717,0.199,0.12,1.39933476349435e-16,"Memory B","POLR2H"
2.25981281370087e-40,0.447577963065412,0.547,0.359,4.24890005232038e-36,"Memory B","EEA1"
2.09728021844111e-13,0.447332696215062,0.045,0.021,3.94330626671298e-09,"Memory B","NEIL2"
5.41406295075626e-31,0.446367185195742,0.317,0.192,1.01795211600119e-26,"Memory B","IGFLR1"
5.59887382214259e-33,0.446208016392838,0.385,0.241,1.05270025603925e-28,"Memory B","LPIN1"
1.8436416595618e-26,0.446026764011254,0.784,0.629,3.4664150483081e-22,"Memory B","PIM3"
7.80967043276113e-14,0.445570728824968,0.079,0.044,1.46837423476775e-09,"Memory B","TUBGCP4"
2.43197563358983e-31,0.44471741661444,0.241,0.142,4.57260058627559e-27,"Memory B","GGA1"
1.73783163243077e-49,0.444694850271255,0.777,0.558,3.26747103529634e-45,"Memory B","NAPSB"
1.54547273551948e-22,0.444635506539407,0.166,0.096,2.90579783732372e-18,"Memory B","TSPAN14"
1.50104269243537e-07,0.443984859220509,0.045,0.026,0.00282226047031698,"Memory B","ENSG00000288899"
3.41867272104878e-26,0.443871763339482,0.117,0.06,6.42778845011592e-22,"Memory B","ARMC6"
1.79023731935828e-09,0.443006566364297,0.048,0.027,3.36600420785744e-05,"Memory B","RHNO1"
2.0403072191053e-38,0.4426077526947,0.192,0.101,3.83618563336178e-34,"Memory B","POLR1A"
4.83632669735688e-46,0.441837643158032,0.211,0.112,9.09326145637041e-42,"Memory B","PEX11B"
1.11277953293379e-28,0.44118205396405,0.263,0.159,2.09224807782211e-24,"Memory B","TOMM40"
7.3527245267408e-13,0.440772579099399,0.672,0.559,1.3824592655178e-08,"Memory B","GABARAPL2"
3.52089945153027e-10,0.440431505912035,0.044,0.022,6.61999514876721e-06,"Memory B","SFXN4"
8.97096605326454e-12,0.440373328217214,0.088,0.05,1.6867210373348e-07,"Memory B","RPS6KA2"
2.85136655377584e-26,0.440326123586459,0.298,0.181,5.36113939440933e-22,"Memory B","AMPD3"
1.38840191933637e-14,0.440320765633328,0.084,0.047,2.61047328873624e-10,"Memory B","TIMM8A"
1.40772667763102e-34,0.440220165456452,0.246,0.14,2.64680769928184e-30,"Memory B","FAM136A"
4.41627606821746e-27,0.439805920267976,0.186,0.104,8.30348226346247e-23,"Memory B","TRAFD1"
9.25393334555974e-14,0.439262116506163,0.104,0.06,1.73992454763214e-09,"Memory B","TRAF3IP1"
1.40807312096579e-44,0.439241440292974,0.349,0.205,2.64745908203989e-40,"Memory B","ZMIZ2"
8.68437370815869e-15,0.439135307763491,0.077,0.042,1.632835944608e-10,"Memory B","ZNF777"
2.03745764316405e-18,0.438948212937551,0.077,0.038,3.83082786067705e-14,"Memory B","ALG6"
1.15507045998605e-24,0.438644981800136,0.291,0.178,2.17176347886578e-20,"Memory B","IFITM1"
1.00445569672756e-12,0.438601006908759,0.077,0.042,1.88857760098716e-08,"Memory B","CDKL1"
2.95967070185739e-29,0.438560055242574,0.188,0.104,5.56477285363226e-25,"Memory B","RIPK2-DT"
2.71550833959096e-21,0.438365762103121,0.118,0.064,5.10569878009893e-17,"Memory B","TMCO3"
4.99398309443038e-39,0.438342183168238,0.219,0.12,9.389687014148e-35,"Memory B","COQ4"
6.52967504382627e-11,0.438216277867228,0.038,0.018,1.22770950174022e-06,"Memory B","MORN1"
4.30177657191229e-19,0.437944195223625,0.097,0.053,8.08820031050949e-15,"Memory B","NACC1"
2.32022995971235e-14,0.43711249893394,0.086,0.047,4.36249637025116e-10,"Memory B","UBE3D"
2.91260117589063e-44,0.436947487049402,0.4,0.241,5.47627273090955e-40,"Memory B","STX11"
3.5544835497534e-26,0.436739074581057,0.63,0.466,6.68313997024634e-22,"Memory B","ETV6"
8.4304567874783e-49,0.436252731434342,0.369,0.214,1.58509448518167e-44,"Memory B","MTERF4"
3.12399381323791e-31,0.436001100202307,0.248,0.147,5.87373316764992e-27,"Memory B","UTP4"
8.75789655996433e-17,0.435967919264126,0.106,0.06,1.64665971120449e-12,"Memory B","GCNA"
1.74573104239285e-23,0.435742150353168,0.185,0.11,3.28232350590703e-19,"Memory B","PLEKHA7"
1.27694071882048e-13,0.435652585007631,0.074,0.04,2.40090393952627e-09,"Memory B","CTNS"
2.39649422239205e-37,0.434605873187414,0.182,0.095,4.50588843694153e-33,"Memory B","TFB2M"
2.45885777827539e-17,0.434387909161561,0.067,0.035,4.62314439471339e-13,"Memory B","MYL6B"
8.9700781443539e-08,0.43433328070115,0.026,0.012,0.00168655409270142,"Memory B","MAN1B1-DT"
8.54741409849916e-38,0.43417314025659,0.321,0.191,1.60708479879981e-33,"Memory B","ACSL4"
3.50788225649317e-47,0.434169091656423,0.434,0.258,6.59552021865846e-43,"Memory B","UST"
1.01813302840607e-30,0.434159421374375,0.337,0.206,1.9142937200091e-26,"Memory B","PAG1"
3.82408815750183e-32,0.433756044818959,0.278,0.166,7.19005055373495e-28,"Memory B","PNO1"
1.72801423569657e-25,0.433590839559081,0.113,0.059,3.2490123659567e-21,"Memory B","ZNF805"
4.84985225970837e-50,0.433301841549744,0.692,0.474,9.11869221870368e-46,"Memory B","ANXA7"
4.36448994819003e-08,0.432835347002285,0.038,0.02,0.000820611400058689,"Memory B","LINC02255"
1.31792044053183e-23,0.432589972592788,0.148,0.084,2.47795401228794e-19,"Memory B","TRIM11"
2.57493039829413e-24,0.432540175834625,0.129,0.07,4.84138413487263e-20,"Memory B","DHDDS"
3.95235786653791e-17,0.432230719064286,0.087,0.048,7.43122326066457e-13,"Memory B","TRMT61A"
1.63157464944486e-22,0.431985574228999,0.125,0.067,3.06768665588623e-18,"Memory B","TEP1"
5.73483799023354e-19,0.431438982149266,0.114,0.064,1.07826423892371e-14,"Memory B","PGAM5"
1.65430726891333e-06,0.431192023371904,0.038,0.021,0.0311042852701084,"Memory B","KLHL23"
2.80528536684942e-23,0.431011653970814,0.181,0.106,5.27449754675029e-19,"Memory B","SMIM20"
6.28563939381657e-34,0.430897505439767,0.228,0.13,1.18182591882539e-29,"Memory B","MIF4GD"
4.27501717273439e-20,0.430875636658584,0.071,0.035,8.03788728817519e-16,"Memory B","SLC35B4"
4.06594889739656e-16,0.430617450881251,0.099,0.056,7.64479711688501e-12,"Memory B","SCAI"
5.84547494387956e-19,0.430148911412239,0.108,0.06,1.09906619894823e-14,"Memory B","APEH"
1.80153292191186e-09,0.430134835091041,0.035,0.018,3.38724219977868e-05,"Memory B","FBXL18"
4.1730538706183e-43,0.43009886942695,0.596,0.4,7.84617588753652e-39,"Memory B","PEBP1"
2.02080697942135e-39,0.429879121750342,0.522,0.342,3.79952128270802e-35,"Memory B","RALGDS"
2.15490435855051e-06,0.429734333836587,0.04,0.023,0.0405165117494668,"Memory B","TECPR1"
1.31003946911728e-13,0.429650342366559,0.136,0.081,2.46313620983431e-09,"Memory B","HIBCH"
1.07071938318766e-08,0.429564015942221,0.035,0.018,0.000201316658426944,"Memory B","C9orf64"
1.71678369073458e-07,0.429562608689877,0.073,0.042,0.00322789669531916,"Memory B","SNTB1"
2.99266609025595e-19,0.429484921832733,0.099,0.053,5.62681078289923e-15,"Memory B","MRPL48"
8.21816843780485e-14,0.429298325219375,0.092,0.053,1.54518002967607e-09,"Memory B","DNHD1"
3.54977851933809e-32,0.428667806132828,0.659,0.479,6.67429357205947e-28,"Memory B","ST8SIA4"
2.23850103850941e-25,0.42857444197303,0.129,0.071,4.20882965260539e-21,"Memory B","PDF"
1.09159040856295e-09,0.428506381902268,0.029,0.014,2.05240828618007e-05,"Memory B","GTF3C2-AS2"
4.62542498773469e-27,0.4283435659247,0.234,0.139,8.69672406193877e-23,"Memory B","NDUFAF2"
4.30765230080574e-51,0.427991686587648,0.328,0.179,8.09924785597495e-47,"Memory B","ARHGAP17"
6.24677504259896e-07,0.426885934888218,0.03,0.016,0.0117451864350946,"Memory B","ENSG00000291259"
4.21181981618213e-24,0.42632461487355,0.148,0.081,7.91906361838565e-20,"Memory B","FBXW8"
8.89599826491416e-09,0.426173164054362,0.078,0.043,0.000167262559376916,"Memory B","ENSG00000289152"
2.16105088726662e-07,0.426113191111922,0.031,0.016,0.00406320787823871,"Memory B","RDH13"
2.52776399898122e-44,0.425439676149972,0.599,0.4,4.7527018708845e-40,"Memory B","PARP1"
3.48443068386443e-32,0.425249317328835,0.165,0.087,6.55142657180191e-28,"Memory B","PIGL"
6.84785517694292e-32,0.42510857729712,0.376,0.239,1.28753373036881e-27,"Memory B","PUM3"
4.7248137418517e-22,0.4250023523399,0.144,0.081,8.88359479742957e-18,"Memory B","MRPL40"
7.95466769557368e-07,0.424837201182526,0.045,0.027,0.0149563662012176,"Memory B","PPOX"
7.152882948904e-31,0.424092372755799,0.259,0.153,1.34488505205293e-26,"Memory B","PRKAG2"
1.17778152974651e-46,0.424056049529987,0.418,0.252,2.21446483222938e-42,"Memory B","STARD7"
7.08342725292257e-14,0.424039644744976,0.107,0.063,1.3318259920945e-09,"Memory B","NAB2"
7.17138640545768e-33,0.42400440296092,0.549,0.372,1.34836407195415e-28,"Memory B","SNED1"
5.64054940494033e-27,0.423875164734426,0.098,0.05,1.06053609911688e-22,"Memory B","ATAD3A"
9.40749575248476e-19,0.42355456552252,0.095,0.051,1.76879735138218e-14,"Memory B","WIZ"
3.12220042655125e-17,0.423546504323223,0.148,0.08,5.87036124200166e-13,"Memory B","ENSG00000272449"
1.55521058365539e-49,0.423402813139364,0.396,0.231,2.92410693938886e-45,"Memory B","PARP9"
2.46082068505519e-55,0.423206639307838,0.695,0.466,4.62683505204077e-51,"Memory B","SMDT1"
1.24649319660909e-13,0.423119611269096,0.079,0.044,2.34365650826441e-09,"Memory B","ENPP4"
9.72991464057983e-29,0.423114467814599,0.242,0.144,1.82941855072182e-24,"Memory B","MGAT2"
3.37602097694352e-26,0.423088344753864,0.127,0.066,6.34759464084921e-22,"Memory B","YEATS2"
1.71106018759196e-25,0.42296541048769,0.227,0.135,3.2171353647104e-21,"Memory B","FARS2"
4.21496389305084e-12,0.422459659142809,0.056,0.03,7.92497511171418e-08,"Memory B","CPOX"
2.21998471403848e-32,0.422315208964636,0.218,0.124,4.17401525933514e-28,"Memory B","NBPF26"
8.1560407065169e-23,0.422196594057551,0.12,0.066,1.53349877363931e-18,"Memory B","GMPR2"
1.22537723831574e-30,0.422159999445066,0.257,0.144,2.30395428348126e-26,"Memory B","TUBB2A"
3.36093070112814e-25,0.421808723657768,0.167,0.095,6.31922190426114e-21,"Memory B","DNASE2"
5.1912474024881e-19,0.421764032963903,0.127,0.071,9.76058336615812e-15,"Memory B","ZFHX3"
6.28419840267889e-20,0.421677276140803,0.092,0.048,1.18155498367169e-15,"Memory B","CLPB"
5.9451980595344e-34,0.421643521839961,0.244,0.137,1.11781613915366e-29,"Memory B","MTAP"
1.2446947682309e-34,0.421495561934496,0.385,0.24,2.34027510322774e-30,"Memory B","LIMS1"
7.95805760309706e-15,0.4214445555956,0.055,0.027,1.49627399053431e-10,"Memory B","EEF1AKMT1"
1.38978350645376e-16,0.421418586971853,0.081,0.044,2.61307094883436e-12,"Memory B","ENSG00000290737"
4.12110639410822e-42,0.421394025004496,0.501,0.32,7.74850424220228e-38,"Memory B","MTHFD2"
3.67551125394667e-47,0.421103383232999,0.428,0.261,6.91069625967053e-43,"Memory B","AKR1A1"
3.86385284299607e-23,0.421025706835628,0.102,0.053,7.26481611540121e-19,"Memory B","COG7"
1.57894295164496e-35,0.420939658011207,0.206,0.113,2.96872853768286e-31,"Memory B","MAPK14"
1.16245069856644e-27,0.420919040109785,0.439,0.295,2.18563980344462e-23,"Memory B","IL10RA"
1.00618692186442e-11,0.420446768067155,0.082,0.047,1.89183265048949e-07,"Memory B","ZNF710"
2.8535143371042e-07,0.42041246544803,0.056,0.032,0.00536517765662332,"Memory B","RECK"
2.19179549514714e-16,0.420395852060424,0.086,0.048,4.12101388997565e-12,"Memory B","ACOT2"
5.51701339734996e-40,0.420242664171312,0.755,0.557,1.03730885896974e-35,"Memory B","ATP5MC3"
1.13732087969309e-09,0.420230750600584,0.059,0.033,2.13839071799894e-05,"Memory B","ZNF35"
2.82294066805129e-14,0.420149705864415,0.116,0.068,5.30769304407003e-10,"Memory B","ENSG00000284977"
1.71687842764505e-12,0.419992287948658,0.09,0.052,3.22807481965822e-08,"Memory B","AMZ1"
3.166495426724e-36,0.419850025860487,0.269,0.156,5.95364470132646e-32,"Memory B","UBAP2"
1.21633881202967e-46,0.41972236211527,0.244,0.133,2.28696023437818e-42,"Memory B","STT3A"
6.91667602234327e-13,0.41929829751541,0.097,0.057,1.30047342572098e-08,"Memory B","MYCBP2-AS1"
3.39824355200556e-25,0.419127134854792,0.275,0.163,6.38937752648086e-21,"Memory B","SOX5"
3.77119118725538e-25,0.418725724845225,0.098,0.049,7.09059367027757e-21,"Memory B","SMIM30"
2.51260031354808e-36,0.418145669705958,0.309,0.188,4.7241911095331e-32,"Memory B","NUP210"
1.07855211593203e-25,0.418103723358744,0.145,0.079,2.02789368837541e-21,"Memory B","USP45"
4.80965730931082e-10,0.417965006384788,0.049,0.025,9.0431176729662e-06,"Memory B","ADAMTS6"
9.48376295114605e-35,0.417939981559983,0.448,0.289,1.78313711007448e-30,"Memory B","FNDC3A"
1.06840287966792e-28,0.41787153580568,0.554,0.39,2.00881109435162e-24,"Memory B","APOBEC3G"
1.85513588480509e-20,0.417357848900165,0.181,0.111,3.48802649061052e-16,"Memory B","KAT2B"
2.88012779396595e-10,0.417148194283024,0.043,0.021,5.41521627821477e-06,"Memory B","CYB5D1"
8.70776962447613e-07,0.417048438941994,0.03,0.016,0.01637234844794,"Memory B","ZNF483"
4.73525574456208e-29,0.416845986433102,0.174,0.098,8.90322785092562e-25,"Memory B","KLHDC4"
7.42139312988544e-30,0.416826490965423,0.215,0.127,1.39537033628106e-25,"Memory B","APOBEC3F"
2.40479182619278e-07,0.416823769325998,0.034,0.019,0.00452148959160766,"Memory B","AMACR"
2.37955849608623e-26,0.416467087806808,0.194,0.113,4.47404588434134e-22,"Memory B","TP53"
7.67712670839723e-37,0.416141645910755,0.285,0.169,1.44345336371285e-32,"Memory B","UTP18"
2.67044102787608e-29,0.41596024978238,0.432,0.278,5.0209632206126e-25,"Memory B","NEU1"
3.47748220459164e-32,0.415856277670937,0.282,0.169,6.5383620410732e-28,"Memory B","KLHL18"
2.00428546810047e-16,0.415658891661596,0.103,0.059,3.7684575371225e-12,"Memory B","ENSG00000273748"
2.1227542118974e-28,0.415649974146102,0.38,0.247,3.99120246920949e-24,"Memory B","ACSL1"
2.02246462107504e-20,0.415527044014373,0.106,0.057,3.80263798054528e-16,"Memory B","TMEM185B"
1.58168359283494e-15,0.415515388873475,0.107,0.062,2.97388149124826e-11,"Memory B","CARD16"
7.00387494965983e-16,0.415076263596146,0.117,0.068,1.31686856803504e-11,"Memory B","LINC02987"
3.6741797204153e-08,0.414966955403603,0.033,0.017,0.000690819271032484,"Memory B","SHB"
9.11443804766993e-35,0.414845129295824,0.68,0.492,1.7136966417229e-30,"Memory B","CTSZ"
3.68916345438155e-24,0.414793653991099,0.168,0.098,6.9363651269282e-20,"Memory B","WWP1"
1.95921450372073e-39,0.414582034621861,0.247,0.139,3.68371510989572e-35,"Memory B","PFDN4"
1.97421668006729e-20,0.414501417268061,0.109,0.06,3.71192220186251e-16,"Memory B","TPCN2"
7.0606834124876e-47,0.414499173541281,0.392,0.234,1.32754969521592e-42,"Memory B","MRPL41"
8.18027831350555e-40,0.414391170222021,0.441,0.28,1.53805592850531e-35,"Memory B","CASP8"
1.75238534137769e-12,0.414255031488476,0.05,0.025,3.29483491885833e-08,"Memory B","RPGRIP1L"
1.41879277250455e-10,0.414138115542115,0.045,0.023,2.66761417086306e-06,"Memory B","CBLN3"
3.20729705954196e-21,0.413895426793236,0.149,0.087,6.03035993135079e-17,"Memory B","MTHFR"
9.39723796721856e-20,0.413477468794204,0.091,0.045,1.76686868259643e-15,"Memory B","ENOSF1"
6.32086246767873e-48,0.413211501079396,0.403,0.241,1.18844856117295e-43,"Memory B","SHMT2"
3.68426704267667e-25,0.412944602233348,0.133,0.072,6.92715889364068e-21,"Memory B","GALK2"
2.0407619741794e-14,0.412650069202923,0.084,0.046,3.8370406638521e-10,"Memory B","HDAC10"
2.1351721853758e-40,0.412608864466328,0.366,0.221,4.01455074294358e-36,"Memory B","NDUFAF4"
6.9997096338401e-109,0.412427642214181,1,0.998,1.31608540535462e-104,"Memory B","RPS16"
1.34517051639809e-12,0.41236236106856,0.065,0.036,2.5291896049317e-08,"Memory B","DNAAF10"
7.50704928343908e-22,0.412362277935421,0.144,0.081,1.41147540627222e-17,"Memory B","GDAP1"
1.45066166743222e-09,0.41225630862798,0.085,0.052,2.72753406710606e-05,"Memory B","MAP3K2-DT"
3.86401180368564e-37,0.411418646888844,0.267,0.153,7.26511499328974e-33,"Memory B","ZNF106"
7.02636797720564e-41,0.411330949543324,0.346,0.212,1.32109770707421e-36,"Memory B","HM13"
1.01115723234269e-15,0.411052018188894,0.097,0.051,1.90117782825072e-11,"Memory B","FRY"
1.3138621118147e-33,0.41088916824861,0.147,0.074,2.470323542634e-29,"Memory B","FKBP15"
1.8607730194663e-46,0.41072685584353,0.634,0.43,3.49862543120054e-42,"Memory B","PRMT1"
9.15246163656137e-28,0.410341074429303,0.292,0.183,1.72084583690627e-23,"Memory B","CEP43"
4.31638778232035e-29,0.410264691909481,0.518,0.357,8.11567230831872e-25,"Memory B","ATM"
2.9045241892288e-23,0.41001868812709,0.117,0.064,5.46108638058799e-19,"Memory B","LINC03006"
9.67276676854476e-21,0.40962997747371,0.083,0.041,1.81867360782178e-16,"Memory B","NOP14-AS1"
5.25100074369913e-20,0.409527139650432,0.12,0.069,9.8729315983031e-16,"Memory B","RIOX1"
1.07948101357395e-35,0.409186512376805,0.216,0.122,2.02964020172174e-31,"Memory B","YRDC"
3.4757009693168e-32,0.40894177105974,0.505,0.343,6.53501296250945e-28,"Memory B","GRN"
6.11695951965145e-08,0.40829158342967,0.043,0.022,0.00115011072888487,"Memory B","EXTL3"
4.81640509423804e-16,0.408289492691119,0.073,0.039,9.05580485818636e-12,"Memory B","PDZD11"
7.92068269221648e-28,0.408236964596193,0.109,0.055,1.48924675979054e-23,"Memory B","AGK"
2.1560334280827e-25,0.408196256518126,0.158,0.088,4.05377405148109e-21,"Memory B","ST20"
2.54157317800613e-07,0.407992380424101,0.037,0.021,0.00477866588928712,"Memory B","ENSG00000278390"
3.6566176558827e-29,0.407639009907436,0.482,0.33,6.87517251659065e-25,"Memory B","GLUD1"
2.66962972274386e-30,0.407615311376102,0.62,0.447,5.01943780470301e-26,"Memory B","GARS1"
8.49923784605332e-40,0.406605128009754,0.668,0.472,1.59802669981494e-35,"Memory B","TNIP1"
1.89742409311063e-31,0.406589718022357,0.168,0.092,3.5675367798666e-27,"Memory B","AGPAT3"
2.80199066766397e-08,0.406056807410748,0.03,0.015,0.00052683028533418,"Memory B","PRKAG2-AS1"
2.26453534525307e-71,0.405951880582565,0.901,0.674,4.25777935614483e-67,"Memory B","IFI30"
2.05526691920521e-24,0.405880324016913,0.189,0.108,3.86431286148964e-20,"Memory B","ABHD5"
1.99357557054991e-37,0.405804502680124,0.271,0.161,3.74832078774795e-33,"Memory B","ELP5"
1.77565487536154e-08,0.405656697961429,0.048,0.028,0.000333858629665477,"Memory B","AKTIP"
6.5760333038655e-12,0.40542462921203,0.093,0.054,1.23642578179279e-07,"Memory B","SNHG30"
5.14309695728082e-39,0.405354115351851,0.683,0.488,9.67005089907939e-35,"Memory B","MAP2K3"
5.36803171540509e-10,0.405307211905178,0.045,0.024,1.00929732313047e-05,"Memory B","MMACHC"
3.65699731916021e-08,0.405139776810072,0.027,0.014,0.000687588635948502,"Memory B","PABPC4-AS1"
1.32966066045299e-27,0.405037775578877,0.708,0.541,2.50002797378372e-23,"Memory B","RESF1"
1.49051277734805e-45,0.405029663667255,0.302,0.174,2.80246212396981e-41,"Memory B","MRPS34"
1.90076847826762e-11,0.404920957911063,0.084,0.049,3.57382489283877e-07,"Memory B","CEP250"
1.06525410840168e-39,0.404692704173613,0.427,0.264,2.00289077461684e-35,"Memory B","CCDC107"
1.14423192307541e-24,0.404690110179216,0.307,0.196,2.15138486176638e-20,"Memory B","SAMD4A"
1.38012105254554e-10,0.404482649241415,0.061,0.034,2.59490360299612e-06,"Memory B","CCDC102A"
2.31774202268412e-07,0.404238763947932,0.07,0.043,0.00435781855105067,"Memory B","NIPSNAP3B"
4.058247705225e-45,0.404213314519418,0.901,0.732,7.63031733536404e-41,"Memory B","PLP2"
1.78329045366802e-48,0.403960453541948,0.331,0.193,3.3529427109866e-44,"Memory B","ITGB1BP1"
5.85866835440875e-25,0.403721758212661,0.12,0.066,1.10154682399593e-20,"Memory B","DYNC2I2"
1.64901511808048e-35,0.403274826819692,0.76,0.575,3.10047822501492e-31,"Memory B","ODC1"
1.15963835140407e-15,0.403082922768723,0.111,0.064,2.18035202830992e-11,"Memory B","DGLUCY"
5.40503230402764e-50,0.402769999242682,0.475,0.3,1.01625417380328e-45,"Memory B","VPS29"
3.90892447488482e-18,0.402234471227458,0.089,0.048,7.34955979767843e-14,"Memory B","SNUPN"
2.47724219463686e-21,0.401489264931896,0.105,0.057,4.65771077435622e-17,"Memory B","BEND4"
4.62101784085753e-32,0.401442202348026,0.173,0.096,8.68843774438033e-28,"Memory B","PRMT5"
2.29406123923923e-32,0.401365848498512,0.181,0.103,4.31329394201759e-28,"Memory B","BOP1"
1.07942444892045e-36,0.401248124680028,0.196,0.107,2.02953384886024e-32,"Memory B","CRLS1"
5.07492451348426e-23,0.401214525400651,0.106,0.057,9.5418730702531e-19,"Memory B","NPRL2"
1.94880195787496e-29,0.401149576287221,0.285,0.176,3.66413744119651e-25,"Memory B","ACADM"
2.41521017690367e-16,0.400597310048983,0.111,0.065,4.54107817461429e-12,"Memory B","DTYMK"
1.712741678179e-46,0.400545850202151,0.761,0.545,3.22029690331216e-42,"Memory B","HLA-DRB5"
4.05252022769579e-36,0.400543781852506,0.504,0.327,7.61954853211362e-32,"Memory B","COBLL1"
4.39613349139228e-29,0.400346903713168,0.199,0.118,8.26561019051576e-25,"Memory B","GLRX2"
2.56742210633727e-37,0.400310100978715,0.258,0.147,4.82726704433534e-33,"Memory B","VAV1"
3.43302705976073e-24,0.400208287692934,0.148,0.085,6.45477747776212e-20,"Memory B","ZFAND1"
2.3196512082076e-08,0.400005705878438,0.045,0.026,0.000436140820167193,"Memory B","MTX3"
6.86695274285021e-20,0.399995308421996,0.11,0.063,1.2911244547107e-15,"Memory B","FEM1A"
7.85936623837276e-46,0.3999018468291,0.257,0.144,1.47771804013885e-41,"Memory B","FASTKD2"
1.00575865247689e-25,0.399596762561142,0.144,0.082,1.89102741838704e-21,"Memory B","GOT2"
6.23111072281346e-49,0.399506111410682,0.356,0.21,1.17157343810339e-44,"Memory B","ATP5MC1"
7.73481423342155e-23,0.399304896975452,0.155,0.088,1.45429977216792e-18,"Memory B","LMO4"
5.35616412119696e-19,0.399213959518419,0.115,0.065,1.00706597806745e-14,"Memory B","URB2"
1.24840602444587e-13,0.399209182118203,0.076,0.043,2.34725300716312e-09,"Memory B","SKA2"
6.28886556359443e-27,0.398765448781857,0.14,0.075,1.18243250326703e-22,"Memory B","BRAT1"
1.81540180443875e-06,0.398502503189278,0.03,0.017,0.0341331847270574,"Memory B","CCDC134"
4.95466489280744e-38,0.397855431647138,0.285,0.166,9.31576093145655e-34,"Memory B","CNOT9"
2.66352851166633e-38,0.397649459522408,0.216,0.118,5.00796630763503e-34,"Memory B","KMT5A"
1.40391782286361e-32,0.397079676760717,0.977,0.912,2.63964629054816e-28,"Memory B","VIM"
1.37398426851385e-24,0.396976515332472,0.112,0.06,2.58336522165975e-20,"Memory B","TBC1D13"
3.79076915251808e-14,0.396755837513097,0.088,0.051,7.1274041605645e-10,"Memory B","MRPL35"
1.0582909241667e-06,0.396713686640533,0.033,0.018,0.0198979859561822,"Memory B","UFL1-AS1"
1.74779403727017e-09,0.396675032718496,0.046,0.025,3.28620234887538e-05,"Memory B","TYSND1"
1.31901401356801e-36,0.396337403473064,0.544,0.368,2.48001014831058e-32,"Memory B","SSB"
7.27891159635042e-27,0.396287099066918,0.148,0.084,1.36858095834581e-22,"Memory B","DNAAF5"
3.14539669948497e-29,0.396276816767434,0.804,0.643,5.91397487437164e-25,"Memory B","NCOA3"
1.71786906565586e-42,0.396217301808294,0.399,0.251,3.22993741724615e-38,"Memory B","GLRX3"
5.75656822761328e-42,0.395959994397356,0.349,0.214,1.08234995815585e-37,"Memory B","DUS1L"
9.45995948459008e-38,0.39584752111043,0.253,0.148,1.77866158229263e-33,"Memory B","DCUN1D5"
7.67990747312187e-10,0.395749179318706,0.053,0.031,1.44397620309637e-05,"Memory B","ZNF526"
3.31157805764556e-07,0.39567596725713,0.045,0.027,0.00622642906398518,"Memory B","ENSG00000283118"
7.71229214127021e-26,0.395671517116475,0.187,0.11,1.45006516840162e-21,"Memory B","FARSB"
3.46036715330606e-31,0.395665101621399,0.477,0.325,6.50618232164605e-27,"Memory B","NOLC1"
5.07279216461228e-10,0.395633247691064,0.031,0.016,9.53786382790401e-06,"Memory B","ENSG00000236498"
6.13619059788551e-13,0.395526107802397,0.065,0.036,1.15372655621443e-08,"Memory B","C2orf76"
1.28598046243327e-35,0.395350172126381,0.205,0.115,2.41790046546703e-31,"Memory B","NAT10"
2.84962533047061e-19,0.395285939382253,0.117,0.067,5.35786554635085e-15,"Memory B","TYW5"
1.50172103697744e-11,0.39517734716996,0.141,0.085,2.82353589372499e-07,"Memory B","GADD45A"
3.64012377995671e-35,0.395163962883037,0.577,0.401,6.8441607310746e-31,"Memory B","RASSF2"
1.16289887762611e-06,0.39513627333528,0.034,0.019,0.0218648246971261,"Memory B","TNFRSF10A-DT.1"
1.58045566786853e-23,0.395061985675881,0.157,0.088,2.97157274672641e-19,"Memory B","LINC00342"
4.39410989741041e-10,0.394522402472628,0.04,0.02,8.26180542911106e-06,"Memory B","LRP2BP"
1.87902746764484e-34,0.394486169478479,0.704,0.519,3.53294744466584e-30,"Memory B","SMG1"
2.73747817904203e-20,0.39438314382367,0.112,0.063,5.14700647223483e-16,"Memory B","PHF2"
1.58686225565718e-30,0.394166494151479,0.317,0.201,2.98361841308662e-26,"Memory B","RASAL3"
5.25845948000696e-08,0.394084523352469,0.033,0.017,0.000988695551430909,"Memory B","BEND3"
4.45024041306369e-34,0.393958188267101,0.323,0.201,8.36734202464236e-30,"Memory B","POLK"
4.39938974374944e-25,0.393944562207495,0.152,0.086,8.27173259619769e-21,"Memory B","ISOC1"
6.18294745689567e-17,0.393661042669493,0.088,0.049,1.16251778084552e-12,"Memory B","ULK3"
6.2551962664194e-16,0.393595723348447,0.1,0.057,1.17610200201217e-11,"Memory B","LNPK"
3.39833573759201e-08,0.393493929360815,0.044,0.025,0.00063895508538205,"Memory B","TIPIN"
7.32345455379817e-30,0.393447073934461,0.169,0.098,1.37695592520513e-25,"Memory B","BCKDK"
1.90142382578472e-35,0.393204985942883,0.339,0.208,3.57505707724044e-31,"Memory B","BID"
3.86694282143527e-31,0.393111971815049,0.465,0.308,7.27062589286259e-27,"Memory B","IKZF1"
1.44929893817501e-21,0.392988363674725,0.157,0.093,2.72497186355665e-17,"Memory B","MRM2"
2.82006344042183e-41,0.392926989327086,0.278,0.162,5.30228328068113e-37,"Memory B","MTA2"
1.95177836000847e-26,0.392699154660348,0.143,0.078,3.66973367248792e-22,"Memory B","KLF16"
2.26500896694885e-44,0.392533233847671,0.298,0.175,4.25866985965723e-40,"Memory B","FARSA"
4.38006079533138e-13,0.392362794675521,0.079,0.044,8.23539030738207e-09,"Memory B","TRIM34"
3.66496320820622e-19,0.392278821024602,0.087,0.046,6.89086382406933e-15,"Memory B","AGPAT1"
2.55702634504254e-50,0.392260210192822,0.303,0.172,4.80772093394899e-46,"Memory B","NAXE"
7.21461010507711e-08,0.392092967124297,0.083,0.052,0.0013564909919566,"Memory B","ARHGAP35"
1.75924890292474e-46,0.392017884407554,0.425,0.265,3.3077397872791e-42,"Memory B","ZNG1E"
2.39747473851187e-11,0.391787829761,0.036,0.018,4.50773200335002e-07,"Memory B","PORCN"
1.39042394572127e-17,0.39144025142546,0.099,0.057,2.61427510274513e-13,"Memory B","HADH"
3.94826470580611e-13,0.391326941666917,0.068,0.038,7.42352729985664e-09,"Memory B","ZNF236-DT"
2.25869040612023e-39,0.391173210320351,0.846,0.666,4.24678970158725e-35,"Memory B","PRDM2"
2.09166635759304e-28,0.391154726638113,0.131,0.071,3.93275108554644e-24,"Memory B","CDKN2AIPNL"
9.80966198644562e-33,0.391139539795077,0.203,0.117,1.8444126466915e-28,"Memory B","TELO2"
1.55044206629712e-38,0.391097760784204,0.486,0.322,2.91514117305185e-34,"Memory B","ELOF1"
4.96520788015806e-38,0.390911055498267,0.285,0.167,9.33558385627318e-34,"Memory B","TULP4"
7.13638393024033e-39,0.39050099471601,0.278,0.164,1.34178290656379e-34,"Memory B","RABL6"
7.23509754932064e-15,0.38992009120986,0.074,0.04,1.36034304122327e-10,"Memory B","ETFDH"
1.04209167560714e-45,0.38986896606514,0.343,0.205,1.95934076847655e-41,"Memory B","NAA10"
1.27480618064901e-17,0.389793557594394,0.132,0.078,2.39689058085627e-13,"Memory B","KCTD5"
1.65295136488312e-23,0.38972559463667,0.144,0.081,3.10787915625325e-19,"Memory B","SYT11"
3.1010166341076e-31,0.389713623060835,0.481,0.326,5.83053147544911e-27,"Memory B","MCM5"
6.0743307311902e-17,0.389551577155351,0.111,0.064,1.14209566407838e-12,"Memory B","SNX15"
4.6775864419233e-10,0.389330382162628,0.041,0.022,8.79479802810419e-06,"Memory B","TMEM79"
1.2611523938949e-33,0.389095007465448,0.223,0.128,2.3712187310012e-29,"Memory B","TBC1D9B"
1.01156594576579e-32,0.388950045427427,0.304,0.19,1.90194629122884e-28,"Memory B","LASP1"
3.69489635345252e-18,0.388905261728298,0.091,0.05,6.94714412376143e-14,"Memory B","OGFOD3"
2.85292357778652e-28,0.388697429962658,0.247,0.15,5.36406691095421e-24,"Memory B","COMMD3"
5.60438622317658e-37,0.388224929298637,0.299,0.18,1.05373669768166e-32,"Memory B","UBE3C"
4.37652390367031e-09,0.388051015852302,0.024,0.011,8.22874024368093e-05,"Memory B","MFSD3"
1.96198856775431e-27,0.388026808443397,0.138,0.077,3.68893090509165e-23,"Memory B","PGP"
1.65847433157395e-09,0.387954357717401,0.059,0.035,3.11826343822534e-05,"Memory B","ZNF232-AS1"
3.70602954403444e-17,0.387818437843441,0.113,0.065,6.96807674869356e-13,"Memory B","PLIN3"
5.07614083616504e-33,0.387563410425096,0.192,0.108,9.5441600001575e-29,"Memory B","TAFAZZIN"
2.29231500419545e-35,0.38742013363578,0.257,0.148,4.31001067088828e-31,"Memory B","XKR6"
3.94467168093378e-15,0.387419207142819,0.063,0.031,7.41677169449169e-11,"Memory B","SDHAF3"
2.03581387224529e-16,0.386967562257336,0.076,0.04,3.82773724259559e-12,"Memory B","NAIP"
1.01725650046668e-17,0.386928342834711,0.062,0.032,1.91264567217745e-13,"Memory B","FAAP100"
2.58291715464883e-36,0.38681029549956,0.302,0.184,4.85640083417073e-32,"Memory B","C1orf122"
1.69113477128243e-21,0.386694962434361,0.108,0.059,3.17967159696522e-17,"Memory B","KDM1B"
1.55201973673097e-12,0.38664462908508,0.048,0.026,2.91810750900157e-08,"Memory B","CTBP1-AS"
2.15226435118048e-28,0.386611518694482,0.201,0.118,4.04668743308953e-24,"Memory B","PFKP"
1.53193533433064e-10,0.38596858148293,0.072,0.041,2.88034481560847e-06,"Memory B","CACNA1A"
4.67438339626173e-44,0.385910776939538,0.964,0.889,8.78877566165131e-40,"Memory B","SLC25A6"
1.33684246456748e-32,0.385822625263259,0.665,0.489,2.51353120187977e-28,"Memory B","ZNF706"
1.84567804177859e-10,0.385784485302655,0.038,0.019,3.4702438541521e-06,"Memory B","ZNF799"
3.26952121858851e-48,0.385322537295938,0.296,0.166,6.14735379519012e-44,"Memory B","HPS1"
4.83628130841374e-24,0.385307510504521,0.127,0.071,9.09317611607951e-20,"Memory B","VPS18"
8.63444197760007e-26,0.385244844738607,0.189,0.112,1.62344778062837e-21,"Memory B","RUVBL1"
2.95085207795165e-26,0.38521511619239,0.182,0.108,5.5481920769647e-22,"Memory B","TRMT11"
4.79570345587429e-16,0.385047275192031,0.073,0.04,9.01688163773483e-12,"Memory B","RAB40C"
7.28247233585498e-14,0.385011409156082,0.079,0.046,1.36925044858745e-09,"Memory B","NOP9"
2.68040786374704e-18,0.38460952905977,0.109,0.062,5.03970286541719e-14,"Memory B","TRIM59"
1.78623131134979e-30,0.384481752187617,0.246,0.144,3.35847211159987e-26,"Memory B","ENSG00000291015"
7.4280012080581e-32,0.384410681746004,0.135,0.07,1.39661278713908e-27,"Memory B","ALG8"
8.73899354097197e-31,0.383893488260642,0.735,0.562,1.64310556557355e-26,"Memory B","MYCBP2"
1.0086857202241e-17,0.383266332240047,0.095,0.054,1.89653089116535e-13,"Memory B","E2F6"
9.24024965511852e-21,0.383200225169597,0.116,0.067,1.73735174015538e-16,"Memory B","ARSA"
4.10684286309773e-20,0.38300355642407,0.088,0.048,7.72168595119636e-16,"Memory B","USP5"
1.92206147859797e-23,0.3829433380946,0.211,0.127,3.61385999205991e-19,"Memory B","CDR2"
1.60825836879062e-36,0.382929925367888,0.677,0.491,3.02384738500013e-32,"Memory B","CCT5"
1.18940327809366e-08,0.38289634994134,0.027,0.013,0.00022363160434717,"Memory B","ANKS6"
1.07582829878522e-34,0.382745453879873,0.484,0.322,2.02277236737596e-30,"Memory B","SPIDR"
7.63675481837989e-08,0.382496205893684,0.061,0.036,0.00143586264095179,"Memory B","PSMD14-DT"
2.08690172503261e-19,0.382363236767963,0.16,0.096,3.92379262340631e-15,"Memory B","TBC1D7"
6.21109099055292e-21,0.382245910522907,0.102,0.056,1.16780932804376e-16,"Memory B","GALK1"
1.47439684212877e-13,0.382218033364284,0.072,0.039,2.77216094257051e-09,"Memory B","APOBEC3D"
1.93909622484288e-38,0.382164467696051,0.261,0.153,3.64588872194958e-34,"Memory B","UNC50"
7.80421453165573e-38,0.382120639248977,0.296,0.175,1.46734841624191e-33,"Memory B","FAM162A"
7.87025103891931e-32,0.381923217778517,0.235,0.139,1.47976460033761e-27,"Memory B","FAM98A"
3.50538838542335e-31,0.381627304701808,0.61,0.439,6.59083124227297e-27,"Memory B","TRABD"
2.73420969569154e-34,0.381405276447693,0.242,0.144,5.14086106983924e-30,"Memory B","TMEM33"
1.37494167818062e-55,0.381375908494096,0.363,0.212,2.5851653433152e-51,"Memory B","TIMM23"
8.31923904035363e-19,0.381124357175569,0.148,0.09,1.56418332436729e-14,"Memory B","TSEN15"
3.64225165609465e-22,0.38064986044163,0.116,0.065,6.84816156378916e-18,"Memory B","THOC5"
2.11202106180111e-31,0.380561033162644,0.891,0.754,3.97102200039845e-27,"Memory B","PRDX1"
2.55724511211471e-14,0.37973285188999,0.075,0.043,4.80813225979808e-10,"Memory B","R3HCC1"
6.36523704062591e-34,0.379495814504133,0.868,0.712,1.19679186837848e-29,"Memory B","PGK1"
1.01839778154185e-14,0.379464502815621,0.048,0.025,1.91479150885498e-10,"Memory B","RITA1"
4.99197166189229e-23,0.379351397405983,0.154,0.092,9.38590511868988e-19,"Memory B","ENSG00000290921"
2.77893088103627e-29,0.37913928871935,0.208,0.123,5.22494584252439e-25,"Memory B","ARID3B"
6.51006673881246e-36,0.379102814746382,0.219,0.124,1.22402274823152e-31,"Memory B","PCSK7"
1.27657119237376e-15,0.378963881063711,0.052,0.026,2.40020915590114e-11,"Memory B","RPP40"
4.05967548140732e-44,0.378940430156627,0.995,0.97,7.63300184014205e-40,"Memory B","HSP90AB1"
6.71461210646819e-26,0.378933656367543,0.26,0.161,1.26248136825815e-21,"Memory B","PARP4"
3.36905573003395e-19,0.37888350162437,0.124,0.071,6.33449858360983e-15,"Memory B","SLC35E2B"
5.20824140243683e-24,0.378805071622917,0.145,0.081,9.79253548486172e-20,"Memory B","RIGI"
1.97135952900464e-18,0.37874388984616,0.152,0.091,3.70655018643452e-14,"Memory B","MAP9"
6.74488566978681e-13,0.378733417088827,0.075,0.043,1.26817340363332e-08,"Memory B","COG4"
5.49146396088946e-08,0.378380503182068,0.025,0.012,0.00103250505392644,"Memory B","EXTL2"
1.80529481497012e-09,0.378337629763303,0.043,0.024,3.39431531110682e-05,"Memory B","PSMD6-AS2"
6.95486990063917e-20,0.378294259520658,0.079,0.042,1.30765463871818e-15,"Memory B","ACTR5"
1.66172804571501e-33,0.378024161153226,0.382,0.241,3.12438107155337e-29,"Memory B","SYNE2"
6.53075107755218e-39,0.378016215065546,0.236,0.135,1.22791181760136e-34,"Memory B","CABIN1"
7.62440467606554e-36,0.378007221587918,0.268,0.159,1.43354056719384e-31,"Memory B","PPRC1"
1.47870645880677e-49,0.377876845282813,0.558,0.367,2.78026388384849e-45,"Memory B","MEAF6"
8.07295575426152e-11,0.377783679209616,0.052,0.028,1.51787714091625e-06,"Memory B","CCDC159"
3.73165303737823e-49,0.377730481874278,0.68,0.472,7.01625404087854e-45,"Memory B","AUP1"
3.86816522339642e-24,0.37758766063829,0.113,0.061,7.27292425302996e-20,"Memory B","UROD"
5.17222025545243e-28,0.377392814245741,0.176,0.103,9.72480852430166e-24,"Memory B","TMEM250"
2.12201317441054e-17,0.376973897311735,0.888,0.796,3.98980917052669e-13,"Memory B","NFKBIA"
4.32326399883246e-22,0.376735969617458,0.099,0.052,8.12860097060479e-18,"Memory B","DNASE1"
2.90820570655613e-16,0.37660534256338,0.154,0.094,5.46800836946683e-12,"Memory B","WHRN"
1.47459684925188e-41,0.37658219595868,0.314,0.189,2.77253699596338e-37,"Memory B","SHFL"
1.10821331990098e-26,0.376557625413113,0.239,0.148,2.08366268407782e-22,"Memory B","MIR29B2CHG"
1.23769248593099e-08,0.376397114545559,0.043,0.024,0.000232710941204744,"Memory B","REC8"
3.73987303530487e-30,0.376308626873378,0.212,0.128,7.03170928098021e-26,"Memory B","TPGS1"
3.92179042690708e-19,0.376082690603783,0.071,0.037,7.3737503606707e-15,"Memory B","MTPAP"
1.36201406691198e-20,0.375633630082345,0.249,0.161,2.5608588486079e-16,"Memory B","SLC25A24"
2.2292707464503e-24,0.375562865828627,0.188,0.111,4.19147485747585e-20,"Memory B","ZNHIT6"
1.18844242877933e-06,0.375406529373813,0.022,0.011,0.0223450945459089,"Memory B","GATD1-DT"
2.31151864190404e-33,0.375275800930486,0.378,0.247,4.34611735050798e-29,"Memory B","NARS1"
8.21735707758991e-20,0.375089151684328,0.11,0.063,1.54502747772845e-15,"Memory B","NIF3L1"
3.56338169297625e-32,0.374817077742304,0.306,0.187,6.69987025913394e-28,"Memory B","SLC4A7"
2.85749327620704e-28,0.374722904567892,0.356,0.231,5.37265885792448e-24,"Memory B","NFKBIE"
1.14623518353992e-14,0.374720731394866,0.098,0.056,2.15515139209176e-10,"Memory B","LINC00324"
2.02750570200739e-24,0.374466518657649,0.188,0.113,3.81211622091429e-20,"Memory B","TTN-AS1"
2.86785797722741e-18,0.374436355641695,0.12,0.067,5.39214656878298e-14,"Memory B","WAC-AS1"
2.16575543648342e-30,0.374413270892974,0.128,0.067,4.07205337167613e-26,"Memory B","DHRS12"
1.39458046834132e-47,0.374225702514968,0.338,0.2,2.62209019657536e-43,"Memory B","VEZT"
4.53265112344591e-32,0.374041363695672,0.195,0.109,8.522290642303e-28,"Memory B","PCK2"
1.65737305782953e-32,0.37399921111212,0.18,0.099,3.11619282333108e-28,"Memory B","ESYT1"
1.20786361667948e-17,0.373757137760974,0.138,0.083,2.27102517208075e-13,"Memory B","VPS54"
4.35872952213077e-24,0.373190153429753,0.333,0.214,8.19528324751027e-20,"Memory B","SLC7A5"
3.88603850141333e-22,0.372573069945212,0.122,0.068,7.30652959035735e-18,"Memory B","TLR6"
2.27146662457983e-12,0.372391891492031,0.075,0.043,4.27081154753499e-08,"Memory B","FMC1"
7.60236808795613e-40,0.372374253399471,0.334,0.205,1.42939724789751e-35,"Memory B","COA4"
5.90447031179617e-15,0.372013759981368,0.091,0.054,1.11015850802392e-10,"Memory B","NOMO2"
2.23036437760729e-36,0.371967249512449,0.643,0.46,4.19353110277722e-32,"Memory B","STK24"
3.45040968038077e-23,0.371807275168644,0.099,0.052,6.48746028105192e-19,"Memory B","NXPE3"
1.44868107468001e-26,0.371797973375688,0.156,0.09,2.72381015661335e-22,"Memory B","RAD17"
7.06055364373466e-18,0.371671414893893,0.167,0.106,1.32752529609499e-13,"Memory B","LIX1L"
2.99074116006572e-45,0.37146205891969,0.385,0.236,5.62319152915556e-41,"Memory B","PGD"
2.67166790465606e-41,0.371408302046656,0.891,0.722,5.02326999433432e-37,"Memory B","PTGES3"
1.81969403563941e-15,0.37109401805957,0.114,0.067,3.42138872580922e-11,"Memory B","RNF170"
4.57998367910952e-28,0.370459914201895,0.118,0.062,8.61128531346172e-24,"Memory B","AGO1"
3.78434068855938e-41,0.370013310549264,0.342,0.207,7.11531736262935e-37,"Memory B","USP48"
1.60335860873993e-10,0.369773496064052,0.036,0.019,3.01463485615282e-06,"Memory B","ENSG00000291046"
1.0908561813276e-26,0.369356956304702,0.641,0.481,2.05102779213215e-22,"Memory B","TERF2IP"
1.63881862095116e-44,0.3693392309842,0.255,0.144,3.08130677111237e-40,"Memory B","HRAS"
3.97667490803992e-36,0.369161388192411,0.394,0.254,7.47694416209666e-32,"Memory B","NUB1"
1.8808975279502e-31,0.368977982458142,0.207,0.121,3.53646353205197e-27,"Memory B","SGTA"
2.55952188543134e-07,0.368885978532946,0.042,0.024,0.00481241304898801,"Memory B","NAPA-AS1"
4.94383512822361e-31,0.368838754007992,0.54,0.38,9.29539880808602e-27,"Memory B","RBPJ"
1.22533795387546e-23,0.368795107304302,0.124,0.07,2.30388042087665e-19,"Memory B","FDX2"
5.20122826730486e-36,0.368792585108978,0.211,0.119,9.77934938818659e-32,"Memory B","MTLN"
5.05198599596986e-52,0.368334558253228,0.902,0.724,9.49874406962252e-48,"Memory B","HSPA8"
1.23646031387323e-33,0.368269253011794,0.512,0.349,2.32479268214445e-29,"Memory B","EPRS1"
3.94480651486726e-29,0.368122832237221,0.753,0.587,7.41702520925343e-25,"Memory B","PGAM1"
1.55383694620927e-28,0.36808656622349,0.179,0.102,2.92152422626266e-24,"Memory B","PTPN9"
1.31576802163303e-20,0.367866203749221,0.22,0.141,2.47390703427442e-16,"Memory B","TSR1"
1.97457184039191e-50,0.367385261021731,0.457,0.283,3.71258997430486e-46,"Memory B","ETF1"
5.47443252184258e-11,0.367343501547048,0.058,0.033,1.02930280275684e-06,"Memory B","RNASEH2A"
1.38869212562695e-23,0.36720293892057,0.168,0.099,2.6110189346038e-19,"Memory B","KCNAB2"
5.04228569016686e-39,0.366938063356976,0.267,0.157,9.48050555465173e-35,"Memory B","TYW1"
1.11383956909625e-25,0.366914647241414,0.11,0.059,2.09424115781477e-21,"Memory B","PSMG3"
7.48267692825874e-40,0.366790219402739,0.187,0.102,1.40689291605121e-35,"Memory B","RNF14"
2.0001267598205e-51,0.366634494627861,0.371,0.221,3.76063833381451e-47,"Memory B","OPA1"
2.07724957688663e-17,0.366555901485223,0.059,0.029,3.90564465446223e-13,"Memory B","CCDC51"
1.23590267548347e-07,0.366245412984146,0.064,0.04,0.00232374421044402,"Memory B","ZNF280C"
2.35291242252807e-32,0.365804909339994,0.317,0.194,4.42394593683728e-28,"Memory B","SMYD3"
3.14909088210099e-34,0.365661712867861,0.542,0.375,5.92092067652629e-30,"Memory B","KPNA4"
1.11787269211144e-37,0.365624409627047,0.294,0.175,2.10182423570794e-33,"Memory B","TIGAR"
6.1726872117167e-12,0.36549093158118,0.081,0.049,1.16058864954697e-07,"Memory B","VPS52"
1.35737744873029e-12,0.365460724668582,0.074,0.041,2.5521410791027e-08,"Memory B","KLHL29"
2.27902387778721e-15,0.364961765644796,0.241,0.157,4.2850206950155e-11,"Memory B","MX1"
2.83437704635548e-14,0.364627266382026,0.115,0.07,5.32919572255758e-10,"Memory B","ERI1"
4.26536198107232e-24,0.364307370032298,0.109,0.058,8.01973359681218e-20,"Memory B","IDE"
7.96889388813731e-26,0.364251228874766,0.101,0.052,1.49831142884758e-21,"Memory B","NUP43"
1.07830674839086e-28,0.364052328029389,0.145,0.082,2.0274323483245e-24,"Memory B","MTX2"
1.32804945985005e-08,0.363861873895124,0.26,0.207,0.000249699859441007,"Memory B","IGHG3"
3.61893556810486e-44,0.36380787930257,0.303,0.181,6.80432265515075e-40,"Memory B","MRPL39"
1.46080549094332e-23,0.363743361787495,0.149,0.087,2.74660648407164e-19,"Memory B","MTOR"
2.66440271800417e-27,0.363625556754274,0.295,0.19,5.00960999039145e-23,"Memory B","WDR36"
1.9308865559881e-26,0.363495936262347,0.283,0.179,3.63045290256883e-22,"Memory B","OTULIN"
8.9649553519959e-24,0.363422996610349,0.15,0.085,1.68559090528227e-19,"Memory B","EIF4ENIF1"
8.82537391242405e-12,0.363265466582248,0.062,0.036,1.65934680301397e-07,"Memory B","HOMEZ"
4.90373571381637e-34,0.363016005598596,0.837,0.671,9.22000388911755e-30,"Memory B","NAP1L1"
4.85642322843618e-16,0.362912482709381,0.052,0.026,9.13104695410571e-12,"Memory B","ENSG00000227217"
1.06957907938838e-44,0.362784413717536,0.395,0.245,2.01102258506603e-40,"Memory B","ECPAS"
3.04529245875485e-53,0.362510548986971,0.353,0.207,5.72575888095087e-49,"Memory B","ABCC1"
1.36713996462753e-31,0.362395536582498,0.396,0.263,2.57049656149269e-27,"Memory B","RO60"
1.97733983122171e-40,0.362328939078573,0.385,0.241,3.71779435066305e-36,"Memory B","SHLD2"
5.60853469905573e-36,0.362159226539315,0.301,0.183,1.05451669411646e-31,"Memory B","ATG7"
1.73253198479091e-21,0.362060746760771,0.189,0.118,3.25750663780387e-17,"Memory B","IPO11"
4.74668117065703e-13,0.361854205775444,0.084,0.049,8.92470993706935e-09,"Memory B","NUP50-DT"
9.61246884060584e-08,0.361538851684204,0.051,0.03,0.00180733639141071,"Memory B","SPAG5-AS1"
3.15386906927845e-41,0.361532307329643,0.614,0.428,5.92990462405734e-37,"Memory B","CCT8"
7.4146775027443e-11,0.361526420325328,0.055,0.03,1.39410766406598e-06,"Memory B","GLIDR"
1.12688598310763e-35,0.361379563051337,0.349,0.22,2.11877102543897e-31,"Memory B","GLOD4"
1.77439626024774e-18,0.361240042588062,0.096,0.053,3.3362198485178e-14,"Memory B","MYO19"
1.0477678737219e-17,0.36096160751385,0.815,0.701,1.97001315617192e-13,"Memory B","ATP2B1"
1.84565103305838e-09,0.360932559782054,0.057,0.033,3.47019307235637e-05,"Memory B","FAM86DP"
6.72628069888387e-33,0.360814770311484,0.253,0.151,1.26467529700414e-28,"Memory B","DESI1"
7.69083795609582e-15,0.360584790585202,0.06,0.031,1.44603135250514e-10,"Memory B","POMC"
4.55359578803882e-29,0.360372217502665,0.453,0.308,8.56167080067058e-25,"Memory B","STAT1"
5.15117958207527e-19,0.360368371643562,0.942,0.877,9.68524785021793e-15,"Memory B","CCR7"
2.43645747125191e-25,0.360187550001429,0.146,0.085,4.58102733744785e-21,"Memory B","GPKOW"
4.55244150525772e-31,0.360136513926195,0.357,0.233,8.55950051818557e-27,"Memory B","REPIN1"
1.84929597926695e-29,0.360114980302903,0.371,0.242,3.47704630021771e-25,"Memory B","ASCC3"
2.99540993330669e-25,0.36001988228357,0.104,0.054,5.63196975660324e-21,"Memory B","ARMC5"
3.39269732009939e-28,0.359900213509762,0.136,0.078,6.37894950125087e-24,"Memory B","ELK1"
2.28457469313458e-41,0.35987860114506,0.213,0.119,4.29545733803165e-37,"Memory B","UBP1"
3.01606156672913e-16,0.359629890618322,0.091,0.052,5.67079895776412e-12,"Memory B","CLN6"
3.95619772868152e-08,0.359274439221888,0.057,0.035,0.000743844296946698,"Memory B","EOLA1-DT"
3.0697825212228e-48,0.359012571574566,0.498,0.318,5.77180509640311e-44,"Memory B","MICOS13"
2.70059451010238e-31,0.35899509431207,0.27,0.168,5.0776577978945e-27,"Memory B","GGA3"
3.96094133242001e-43,0.358737200606416,0.492,0.326,7.4473618932161e-39,"Memory B","MRPL14"
1.14173130915534e-25,0.358715309967656,0.092,0.049,2.14668320747388e-21,"Memory B","GTF2H4"
1.81270219683588e-22,0.358592254444255,0.311,0.209,3.40824267049083e-18,"Memory B","RIOK1"
3.08008634805842e-30,0.358576160532608,0.892,0.759,5.79117835161945e-26,"Memory B","EIF5A"
3.02727388998762e-25,0.35808321903161,0.146,0.086,5.69188036795472e-21,"Memory B","FBXL6"
3.86056409938027e-53,0.358036183672232,0.321,0.187,7.25863261965478e-49,"Memory B","TMEM147"
3.92118748182629e-34,0.357819895660943,0.295,0.178,7.37261670332979e-30,"Memory B","PLK3"
2.13713205138995e-14,0.357632638589708,0.09,0.052,4.01823568302339e-10,"Memory B","LINC00847"
9.5502420982318e-41,0.357309343433379,0.482,0.321,1.79563651930954e-36,"Memory B","DR1"
3.54898907846056e-40,0.357123583580443,0.723,0.529,6.67280926532155e-36,"Memory B","TAPBP"
3.99407514512078e-14,0.356736439374166,0.084,0.049,7.5096600878561e-10,"Memory B","ALKBH3"
2.11760591703468e-09,0.356426167781817,0.041,0.021,3.9815226452086e-05,"Memory B","NFE2L3"
8.53884052334989e-07,0.356420698557846,0.039,0.023,0.0160547279520025,"Memory B","PPP1R12A-AS2"
4.17275204629623e-31,0.356382339939858,0.153,0.085,7.84560839744618e-27,"Memory B","UBA5"
2.49335411592309e-28,0.356356495722961,0.154,0.088,4.6880044087586e-24,"Memory B","RFXANK"
9.19119818422317e-45,0.356218649482821,0.35,0.214,1.72812908259764e-40,"Memory B","MRPS35"
2.72129274094858e-08,0.35609564544298,0.042,0.024,0.000511657461153152,"Memory B","SMCO4"
2.69486329210188e-14,0.355899332634444,0.073,0.041,5.06688196180995e-10,"Memory B","CYB561"
8.80062373757093e-35,0.355423881519357,0.169,0.096,1.65469327513809e-30,"Memory B","GEMIN8"
2.72389558852027e-11,0.355276220011475,0.057,0.033,5.12146848553581e-07,"Memory B","POMK"
4.41009527333525e-22,0.354969967114079,0.152,0.091,8.29186113292494e-18,"Memory B","ORC3"
6.81196349145761e-24,0.354883416522457,0.177,0.103,1.28078537566386e-19,"Memory B","IFFO2"
4.28368160128116e-42,0.354818339236502,0.181,0.097,8.05417814672884e-38,"Memory B","PTGES2"
1.36139550554661e-19,0.354545064909218,0.19,0.119,2.55969582952873e-15,"Memory B","TYW3"
8.8676290818129e-15,0.354488776419541,0.141,0.088,1.66729161996246e-10,"Memory B","PI4K2A"
3.57215047482313e-19,0.35436139139784,0.137,0.082,6.71635732276244e-15,"Memory B","CHSY1"
1.33719327670295e-21,0.354100400267175,0.181,0.109,2.51419079885688e-17,"Memory B","WRN"
6.11967832452587e-18,0.353682962754862,0.118,0.071,1.15062191857735e-13,"Memory B","MAPKAPK5-AS1"
5.82507831267097e-31,0.353517873331912,0.532,0.375,1.0952312243484e-26,"Memory B","ZNFX1"
3.24163664618502e-21,0.353182402648687,0.116,0.062,6.09492522215707e-17,"Memory B","HERC2"
1.23535415827722e-29,0.353104099781429,0.155,0.087,2.32271288839284e-25,"Memory B","PCGF1"
2.20272410010506e-07,0.353024775358994,0.048,0.029,0.00414156185301753,"Memory B","EOGT"
7.9321818920191e-24,0.353017621052948,0.289,0.189,1.49140883933743e-19,"Memory B","ENSG00000290569"
5.09266986813106e-23,0.352973492594741,0.094,0.051,9.57523788606002e-19,"Memory B","ENSG00000268205"
2.33923310542354e-29,0.352912496223541,0.193,0.103,4.39822608481734e-25,"Memory B","ITGAX"
1.49921767191557e-41,0.35288922874624,0.429,0.278,2.81882906673565e-37,"Memory B","MTMR14"
5.51971111084987e-23,0.352443321738263,0.123,0.067,1.03781608306199e-18,"Memory B","MSH3"
1.86972523434214e-25,0.352321519736063,0.143,0.082,3.51545738561009e-21,"Memory B","UMPS"
3.95361128401216e-27,0.352189489356793,0.134,0.074,7.43357993619966e-23,"Memory B","MVD"
3.69410992383049e-15,0.351970826426469,0.068,0.037,6.94566547878609e-11,"Memory B","PRDX6-AS1"
1.47681437894872e-42,0.351869146523359,0.266,0.155,2.77670639529939e-38,"Memory B","REXO2"
2.02270617869671e-10,0.351804871928471,0.041,0.022,3.80309215718555e-06,"Memory B","PRDM15"
5.88708604852779e-10,0.351760489996963,0.053,0.031,1.10688991884419e-05,"Memory B","PHKA2"
7.02337388327138e-22,0.35172463439486,0.151,0.09,1.32053475753268e-17,"Memory B","ANKRD52"
7.06162154445901e-22,0.351698609256575,0.124,0.068,1.32772608278918e-17,"Memory B","LINC01237"
5.94336763931973e-34,0.351667081735091,0.837,0.669,1.1174719835449e-29,"Memory B","UBE2I"
6.35449785686897e-24,0.351229597821686,0.139,0.08,1.1947726870485e-19,"Memory B","DENND1C"
1.41047177236733e-18,0.350781893923588,0.091,0.05,2.65196902640505e-14,"Memory B","PELO"
8.44600347192739e-27,0.350761254370098,0.284,0.183,1.58801757279179e-22,"Memory B","BCL7C"
3.73720164560572e-12,0.350678256376886,0.054,0.03,7.02668653406788e-08,"Memory B","GPR180"
5.3935849710605e-37,0.350436656964182,0.253,0.153,1.0141018462588e-32,"Memory B","CCNQ"
2.37073359504137e-38,0.350291887663755,0.26,0.154,4.45745330539678e-34,"Memory B","GYG1"
7.63717569708559e-24,0.350104511375724,0.133,0.076,1.43594177456603e-19,"Memory B","MYBBP1A"
1.63793018974574e-32,0.349912035412305,0.228,0.132,3.07963634275994e-28,"Memory B","OSBPL3"
1.39344405992737e-22,0.349754199399643,0.141,0.083,2.61995352147543e-18,"Memory B","LPAR5"
1.31887262512511e-30,0.349576153906477,0.292,0.184,2.47974430976023e-26,"Memory B","DUSP22"
4.30638313694829e-29,0.349539578115922,0.217,0.126,8.09686157409017e-25,"Memory B","MFSD4B"
4.78496580113066e-21,0.349514854028789,0.091,0.051,8.99669269928586e-17,"Memory B","CAPN15"
6.40756369580102e-29,0.349462194256639,0.848,0.698,1.20475012608451e-24,"Memory B","IRF2BP2"
1.64449190040619e-27,0.349382550099761,0.184,0.106,3.09197367114372e-23,"Memory B","TNFRSF10B"
2.48546633147123e-23,0.348849094653334,0.174,0.105,4.67317379643221e-19,"Memory B","CTPS1"
2.34601611994188e-30,0.348390509729308,0.136,0.076,4.41097950871473e-26,"Memory B","MIX23"
5.58149074070858e-09,0.348199932179817,0.056,0.033,0.000104943188906803,"Memory B","ATN1"
1.86426581940677e-45,0.34810697183541,0.358,0.218,3.50519259364861e-41,"Memory B","YWHAG"
3.78580780614299e-09,0.348072807999825,0.043,0.023,7.11807583711005e-05,"Memory B","EXD3"
3.10918189129147e-18,0.348055371397142,0.084,0.045,5.84588379200622e-14,"Memory B","DDX11"
5.77712690506131e-19,0.347621295030098,0.131,0.077,1.08621540068963e-14,"Memory B","SMAD5"
7.08893398542283e-32,0.347612208499126,0.156,0.088,1.3328613679392e-27,"Memory B","PIGH"
1.93431544968287e-19,0.347507316586184,0.114,0.064,3.63689990849373e-15,"Memory B","POP1"
5.18976747004964e-39,0.347235591773789,0.267,0.16,9.75780079718733e-35,"Memory B","PISD"
2.49186805308903e-41,0.346636764584779,0.377,0.239,4.68521031341799e-37,"Memory B","PRELID3B"
2.70201471063531e-16,0.346600635411747,0.086,0.048,5.08032805893651e-12,"Memory B","CC2D1A"
4.15247785713413e-28,0.346544185081565,0.232,0.143,7.80748886698359e-24,"Memory B","PTRH2"
6.84756985778412e-42,0.346530587037769,0.284,0.171,1.28748008466057e-37,"Memory B","TOMM70"
1.35743906943019e-34,0.346468607615616,0.253,0.151,2.55225693834264e-30,"Memory B","FGD2"
1.45801328366823e-32,0.346238795541251,0.214,0.129,2.741356575953e-28,"Memory B","C8orf76"
2.47128873446221e-10,0.345956265914241,0.076,0.046,4.64651707853585e-06,"Memory B","SLC38A6"
1.10528714100515e-20,0.345890551141904,0.12,0.07,2.07816088251787e-16,"Memory B","SPRYD3"
1.83285596324182e-25,0.345573357279462,0.185,0.111,3.44613578208728e-21,"Memory B","LINC01145"
2.85800153818351e-31,0.34540583225303,0.252,0.157,5.37361449209264e-27,"Memory B","DALRD3"
3.58179693920955e-43,0.345330229613754,0.418,0.268,6.73449460510179e-39,"Memory B","CNPY2"
1.20410687206302e-15,0.344742675892638,0.082,0.045,2.26396174085289e-11,"Memory B","TSEN54"
1.38126830485134e-21,0.344651101864619,0.105,0.059,2.59706066678149e-17,"Memory B","ZMAT5"
1.03647676810755e-60,0.344628639891854,0.99,0.908,1.94878361939582e-56,"Memory B","CRIP1"
1.23976271822864e-29,0.34451038433148,0.179,0.106,2.33100186281348e-25,"Memory B","ZHX1"
2.98720085527389e-35,0.344114078236119,0.218,0.128,5.61653504808596e-31,"Memory B","ELAC2"
4.17929625133829e-13,0.343847656412251,0.054,0.029,7.85791281176625e-09,"Memory B","ENSG00000291232"
3.84104122973497e-24,0.343794321699853,0.44,0.308,7.22192572014768e-20,"Memory B","RNF213"
4.41733189419972e-14,0.343543580456575,0.299,0.211,8.30546742747432e-10,"Memory B","ANKRD28"
5.15515115517893e-07,0.343445540863082,0.036,0.021,0.00969271520196742,"Memory B","ADAL"
1.24134964358744e-24,0.343418138925075,0.15,0.085,2.3339855998731e-20,"Memory B","LDAH"
2.38857073218489e-29,0.343242549149216,0.211,0.127,4.49099069065404e-25,"Memory B","GOLGA3"
5.35226207724663e-34,0.343208295884868,0.187,0.108,1.00633231576391e-29,"Memory B","ECHS1"
2.20665359267965e-38,0.34312513462644,0.185,0.103,4.14895008495627e-34,"Memory B","GPR108"
5.0510990140332e-27,0.34305034185739,0.239,0.148,9.49707636618522e-23,"Memory B","CWC27"
1.11182866382735e-33,0.34279873432877,0.417,0.277,2.09046025372818e-29,"Memory B","ARHGAP45"
1.80160547053736e-28,0.342762563757578,0.215,0.13,3.38737860570434e-24,"Memory B","DOT1L"
4.19282531914309e-23,0.342596602700699,0.29,0.191,7.88335016505284e-19,"Memory B","LY86"
2.50724532337115e-25,0.342373456729602,0.627,0.474,4.71412265700245e-21,"Memory B","HSPA5"
2.13979259197049e-41,0.342371901973402,0.255,0.151,4.02323803142292e-37,"Memory B","MED8"
2.55329555203041e-28,0.341847927672928,0.268,0.161,4.80070629692757e-24,"Memory B","PRDX2"
1.60868050695438e-35,0.341803532210958,0.339,0.212,3.02464108917562e-31,"Memory B","CRYBG1"
7.48404264139926e-34,0.341757876861642,0.198,0.115,1.40714969743589e-29,"Memory B","SFI1"
6.339091866894e-34,0.341663665402092,0.415,0.275,1.19187605281341e-29,"Memory B","ADAM8"
4.34528485633649e-11,0.341631740819231,0.061,0.035,8.17000458688387e-07,"Memory B","TMEM218"
1.73942819690536e-18,0.341213372377812,0.749,0.617,3.27047289582146e-14,"Memory B","RAC2"
3.28515001381494e-23,0.340878774666471,0.121,0.068,6.17673905597485e-19,"Memory B","NFIC"
2.40497335892185e-14,0.340700371263738,0.119,0.074,4.52183090944485e-10,"Memory B","TRAPPC13"
6.41127437486199e-42,0.340592430013018,0.361,0.224,1.20544780796155e-37,"Memory B","MRPL21"
9.35156265486206e-25,0.340290837106746,0.153,0.092,1.75828081036716e-20,"Memory B","NR2C2AP"
4.53550127105631e-27,0.340077495255093,0.206,0.126,8.52764948984007e-23,"Memory B","ANKRD36"
1.24966407478431e-16,0.339972998572886,0.076,0.041,2.34961839340946e-12,"Memory B","C17orf67"
8.6159910032507e-28,0.339839764077815,0.196,0.118,1.6199786284312e-23,"Memory B","MTF1"
5.46156892174079e-27,0.339792753940799,0.196,0.119,1.0268841886657e-22,"Memory B","COA6"
2.23372184735565e-09,0.339528879923932,0.048,0.026,4.1998438173981e-05,"Memory B","ARV1"
7.85277463767996e-26,0.339492378238563,0.167,0.098,1.47647868737659e-21,"Memory B","UQCC5"
2.49184780588758e-17,0.339386326611906,0.11,0.063,4.68517224462982e-13,"Memory B","LINC02328"
8.03290964989506e-38,0.339311864463802,0.248,0.146,1.51034767237327e-33,"Memory B","MTG1"
4.35785407048886e-21,0.339290411499257,0.113,0.063,8.19363722333315e-17,"Memory B","CARNMT1"
1.21801771104128e-43,0.339265021295587,0.433,0.275,2.29011690029981e-39,"Memory B","PIK3CD"
3.77351327264983e-34,0.338490936803086,0.231,0.137,7.09495965523621e-30,"Memory B","BOLA2"
1.18941061560214e-32,0.338316297771203,0.432,0.285,2.23632983945515e-28,"Memory B","GPX1"
4.06513972350089e-30,0.338295180437808,0.22,0.133,7.64327570812638e-26,"Memory B","NAA25"
9.76814762375894e-24,0.338267588527938,0.103,0.057,1.83660711621916e-19,"Memory B","RASSF7"
2.61914103355163e-22,0.33799172923044,0.142,0.085,4.92450897128377e-18,"Memory B","SLC35A4"
1.39721569046032e-13,0.337899642335958,0.089,0.054,2.62704494120349e-09,"Memory B","TBCE"
3.95727818716654e-29,0.337739076367788,0.191,0.114,7.44047444751053e-25,"Memory B","FADD"
1.34300118704328e-10,0.337727547156801,0.192,0.133,2.52511083187877e-06,"Memory B","SPHK1"
6.31347204894189e-26,0.337537641450902,0.18,0.11,1.18705901464205e-21,"Memory B","ACAA2"
2.41766358705797e-14,0.337241495371643,0.067,0.035,4.54569107638639e-10,"Memory B","SLC44A1"
6.90898699042798e-10,0.337038083003182,0.043,0.024,1.29902773394027e-05,"Memory B","PXMP2"
1.37386820039059e-06,0.336891433822081,0.206,0.155,0.025831469903744,"Memory B","MYO1E"
5.99528435577338e-07,0.336494408716694,0.051,0.032,0.0112723336457251,"Memory B","TOR4A"
7.36933824553073e-18,0.336116760048011,0.081,0.046,1.38558297692469e-13,"Memory B","BCAT2"
6.01014626236069e-23,0.335774424596782,0.155,0.09,1.13002770024906e-18,"Memory B","NBPF14"
7.74037427390944e-10,0.33568978719931,0.054,0.031,1.45534517098045e-05,"Memory B","ZNF34"
1.42812998576526e-07,0.335472318855192,0.058,0.036,0.00268516999923583,"Memory B","IQCE"
1.94176325976603e-12,0.335345577369156,0.058,0.033,3.6509032810121e-08,"Memory B","LLGL2"
8.36138027791998e-37,0.335091962627991,0.262,0.158,1.57210671985452e-32,"Memory B","TCIRG1"
1.16405180339536e-35,0.334899894180735,0.307,0.188,2.18865020074396e-31,"Memory B","TBCK"
1.27325613496136e-29,0.334863065529894,0.228,0.142,2.39397618495436e-25,"Memory B","TIMMDC1"
1.4967863863774e-31,0.33482464470862,0.177,0.102,2.81425776366678e-27,"Memory B","ZNF276"
6.21246290544347e-25,0.333998760488719,0.15,0.088,1.16806727548148e-20,"Memory B","NEMP1"
7.57624605158636e-43,0.333910045588425,0.272,0.161,1.42448578261927e-38,"Memory B","NDUFS8"
6.66666738847552e-12,0.333823291088809,0.077,0.046,1.25346680238117e-07,"Memory B","PLXNA3"
2.58868401695734e-20,0.333743238745617,0.116,0.069,4.8672436886832e-16,"Memory B","HDHD2"
5.57665500961482e-50,0.333571551610541,0.435,0.274,1.04852267490778e-45,"Memory B","TMEM43"
1.35522987251866e-39,0.333549254375645,0.409,0.264,2.54810320630959e-35,"Memory B","CYBC1"
3.65849819208039e-16,0.333540671884586,0.068,0.037,6.87870830074955e-12,"Memory B","FAM217B"
5.60067539374822e-40,0.333409179718627,0.529,0.361,1.05303898753254e-35,"Memory B","PITPNA"
1.07102079468373e-19,0.333084844119329,0.11,0.065,2.01373329816434e-15,"Memory B","ENSG00000265987"
6.59730184869437e-27,0.333044361211167,0.544,0.389,1.24042469359152e-22,"Memory B","IDI1"
9.26555780862692e-23,0.33301513230317,0.187,0.117,1.74211017917803e-18,"Memory B","PNPT1"
2.4545476821415e-08,0.332970918321466,0.038,0.021,0.000461504055196244,"Memory B","EARS2"
1.34109078902709e-38,0.332836910646306,0.717,0.528,2.52151890152873e-34,"Memory B","ATP6V0B"
5.97671153868067e-28,0.332384001876601,0.174,0.1,1.12374130350274e-23,"Memory B","CPEB2"
1.17630161356637e-50,0.332335690691516,0.46,0.295,2.21168229382749e-46,"Memory B","UQCRQ"
4.12391100445146e-54,0.332320225132288,0.397,0.241,7.75377747056964e-50,"Memory B","ENSG00000284707"
4.58122058419092e-37,0.331550668329924,0.378,0.244,8.61361094239577e-33,"Memory B","PRKAR2A"
1.43032183376518e-53,0.331432102669468,0.296,0.168,2.68929111184528e-49,"Memory B","LMAN1"
2.48376200480861e-31,0.331287673085588,0.162,0.091,4.66996932144115e-27,"Memory B","ZNF142"
3.53351626012688e-24,0.331264704803096,0.164,0.097,6.64371727229056e-20,"Memory B","NARS2"
3.39671707801733e-38,0.331210590847949,0.402,0.26,6.38650745008818e-34,"Memory B","FBRSL1"
1.11697411676648e-29,0.331199332426497,0.161,0.093,2.10013473434434e-25,"Memory B","TTL"
1.07729563943298e-19,0.331158660492405,0.161,0.1,2.02553126126189e-15,"Memory B","KIF3B"
1.02151284187594e-38,0.330990487617058,0.271,0.165,1.92064844529514e-34,"Memory B","TSC22D4"
1.50970635510865e-06,0.330778731040859,0.021,0.01,0.0283854988887528,"Memory B","ENSG00000273828"
1.83392288404855e-20,0.330659192975432,0.175,0.109,3.44814180658808e-16,"Memory B","RNF20"
1.26776362389009e-32,0.330543954186452,0.262,0.163,2.38364916563815e-28,"Memory B","EPS15L1"
3.08046521869733e-23,0.330472195120108,0.14,0.08,5.79189070419471e-19,"Memory B","QSER1"
2.34796016541486e-12,0.330390225475101,0.049,0.027,4.41463470301301e-08,"Memory B","ENSG00000290876"
2.01461347816293e-27,0.330230028264326,0.16,0.094,3.78787626164195e-23,"Memory B","STRN4"
3.85151854986752e-34,0.33021914985694,0.267,0.162,7.2416251774609e-30,"Memory B","NAPG"
1.40676879977427e-15,0.330147829619059,0.066,0.036,2.64500669733557e-11,"Memory B","ENSG00000291233"
1.42139705634817e-16,0.33011350823772,0.084,0.049,2.67251074534583e-12,"Memory B","PROSER3"
9.64747308626181e-45,0.330042677644647,0.5,0.332,1.81391788967894e-40,"Memory B","BAX"
2.46464937191404e-48,0.329945788411071,0.249,0.091,4.63403374907278e-44,"Memory B","IGHG1"
1.5029687722397e-19,0.329549542989252,0.105,0.061,2.82588188556508e-15,"Memory B","TICAM2-AS1"
2.88519495417842e-25,0.3295073354326,0.727,0.571,5.42474355284627e-21,"Memory B","RIPOR2"
3.20973342494086e-19,0.329287916265733,0.075,0.041,6.0349407855738e-15,"Memory B","MPI"
2.10858843345984e-49,0.329156544055535,0.311,0.184,3.96456797259118e-45,"Memory B","BRIX1"
7.49664539470379e-29,0.329029548369464,0.654,0.49,1.40951926711221e-24,"Memory B","UVRAG"
6.29508901919211e-21,0.328829909515566,0.144,0.087,1.1836026373885e-16,"Memory B","NCR3"
2.29955565498455e-22,0.32848363953965,0.15,0.09,4.32362454250196e-18,"Memory B","SH3GLB2"
2.56804958067023e-23,0.328349287284601,0.208,0.131,4.82844682157616e-19,"Memory B","SLC2A6"
4.12158170181845e-27,0.327854099802674,0.145,0.083,7.74939791575905e-23,"Memory B","PLD3"
2.23511660351188e-10,0.32775336773587,0.164,0.111,4.20246623792303e-06,"Memory B","OAS1"
1.82844555109297e-13,0.327735108315482,0.051,0.028,3.43784332516501e-09,"Memory B","PLXNA1"
5.59360912173906e-44,0.327643655329276,0.432,0.279,1.05171038706938e-39,"Memory B","UHMK1"
1.33596351251828e-14,0.327341888650302,0.118,0.073,2.51187859623687e-10,"Memory B","C2orf69"
1.28236566131904e-37,0.327175414503443,0.859,0.687,2.41110391641206e-33,"Memory B","ALDOA"
9.12981127700238e-37,0.327074709872194,0.258,0.157,1.71658711630199e-32,"Memory B","ELOA"
3.17100405086447e-13,0.327049055160269,0.072,0.041,5.96212181643538e-09,"Memory B","CDADC1"
3.40603578938335e-50,0.326885851577444,0.585,0.391,6.40402849119857e-46,"Memory B","TMBIM1"
2.839386788127e-23,0.326682873214559,0.32,0.215,5.33861503903638e-19,"Memory B","FKBP4"
3.38612645319509e-15,0.326254893767159,0.106,0.064,6.36659495729741e-11,"Memory B","AP4E1"
3.28642448172594e-20,0.32623464460523,0.346,0.24,6.17913531054111e-16,"Memory B","ENSG00000274265"
4.90557526554532e-07,0.325745904299576,0.038,0.021,0.00922346261427831,"Memory B","PSTPIP1"
1.22975786889825e-28,0.325502929238433,0.208,0.126,2.31219074510248e-24,"Memory B","STRADA"
2.61621008511796e-39,0.325369736126351,0.19,0.107,4.91899820203879e-35,"Memory B","CEBPZOS"
2.02030581266276e-11,0.32535159938245,0.051,0.028,3.79857898896853e-07,"Memory B","POMT2"
7.7760723608532e-07,0.325323610219841,0.067,0.043,0.0146205712528762,"Memory B","BRMS1L"
1.9605140009127e-31,0.325223748834022,0.228,0.14,3.68615842451606e-27,"Memory B","LINC00623"
1.09968163897937e-10,0.325212532132598,0.07,0.042,2.067621417609e-06,"Memory B","IFT27"
1.09501992670048e-27,0.325211179786455,0.954,0.878,2.05885646618224e-23,"Memory B","CORO1A"
5.35972463831217e-11,0.325210173269676,0.057,0.033,1.00773542649545e-06,"Memory B","CEP85"
2.54920941495158e-29,0.325126018126408,0.182,0.107,4.79302354199196e-25,"Memory B","BAD"
5.6522604206147e-29,0.324999061908642,0.182,0.107,1.06273800428398e-24,"Memory B","DTD1"
7.70828448169451e-34,0.324461577658626,0.189,0.108,1.4493116482482e-29,"Memory B","DNAJA3"
1.01860537272437e-35,0.324357236124289,0.24,0.144,1.91518182179636e-31,"Memory B","IARS2"
3.35127622524838e-33,0.32408720188161,0.256,0.157,6.301069558712e-29,"Memory B","RRP15"
3.25226726409957e-40,0.323865602568373,0.229,0.133,6.11491290996002e-36,"Memory B","NUDCD2"
6.93166869552021e-18,0.323842171105502,0.103,0.061,1.30329234813171e-13,"Memory B","ENSG00000290951"
6.48266776140466e-54,0.323738873174221,0.389,0.236,1.2188711924993e-49,"Memory B","ECH1"
3.54077843873206e-19,0.323408984301939,0.11,0.064,6.65737162050402e-15,"Memory B","FAM118A"
7.88029866563385e-18,0.323393201986321,0.196,0.128,1.48165375511248e-13,"Memory B","BTN2A2"
8.73887318661733e-43,0.323319958815244,0.829,0.639,1.64308293654779e-38,"Memory B","COX6C"
2.26973958246757e-43,0.323235975990594,0.3,0.179,4.26756436295553e-39,"Memory B","RSU1"
1.57013316227145e-20,0.323165371487086,0.122,0.071,2.95216437170279e-16,"Memory B","MCAT"
2.26669228199282e-08,0.323144972396833,0.041,0.024,0.000426183482860289,"Memory B","SEPTIN7-DT"
1.62568558401459e-18,0.323125290554818,0.072,0.037,3.05661403506424e-14,"Memory B","TRIM41"
7.34385389107331e-07,0.323110844186551,0.041,0.023,0.013807914085996,"Memory B","ZNF208"
6.1525730460845e-13,0.323037612011704,0.079,0.047,1.15680678412481e-08,"Memory B","MTA3"
7.30538130939988e-20,0.323004579126364,0.136,0.084,1.37355779379336e-15,"Memory B","BAK1"
4.04914969334143e-22,0.322963911656807,0.208,0.134,7.61321125342055e-18,"Memory B","TDRD7"
4.76276963939132e-41,0.322866477612464,0.241,0.137,8.95495947598357e-37,"Memory B","TCF3"
1.21783889579661e-28,0.322624332100776,0.138,0.076,2.28978069187679e-24,"Memory B","EIPR1"
8.57842855887707e-45,0.322450936019143,0.29,0.171,1.61291613764007e-40,"Memory B","TRNT1"
9.63596229622113e-16,0.322424123501099,0.098,0.059,1.8117536309355e-11,"Memory B","SRRD"
1.74351653467107e-30,0.322278227774473,0.204,0.123,3.27815978848855e-26,"Memory B","DRG2"
1.00746262235406e-19,0.32199601012003,0.121,0.071,1.8942312225501e-15,"Memory B","HSPA2-AS1"
4.17667604073883e-19,0.32194426597394,0.195,0.123,7.85298629179714e-15,"Memory B","EIF2AK2"
2.92822360292368e-45,0.321741908929113,0.916,0.746,5.5056460182171e-41,"Memory B","TMA7"
2.44791816405303e-42,0.321234030589092,0.385,0.239,4.60257573205251e-38,"Memory B","SKAP2"
9.88305508167425e-34,0.321211354549743,0.177,0.1,1.85821201645639e-29,"Memory B","DDX41"
4.81772248150739e-27,0.321146290546686,0.181,0.109,9.05828180973019e-23,"Memory B","DCTN5"
9.50082384921596e-07,0.320399358083988,0.044,0.026,0.0178634490012959,"Memory B","SOCS7"
2.2663915861005e-09,0.32033181175324,0.028,0.014,4.26126946018615e-05,"Memory B","ZDHHC9"
5.2221232842949e-08,0.320282885449944,0.038,0.022,0.000981863619913127,"Memory B","SLC38A7"
1.33968268053365e-34,0.320136317119079,0.358,0.233,2.51887137593936e-30,"Memory B","MANF"
2.41380565576997e-25,0.319900548990212,0.172,0.102,4.5384373939787e-21,"Memory B","RSL1D1-DT"
5.80960571599073e-30,0.319826480269028,0.192,0.114,1.09232206672058e-25,"Memory B","TRMT13"
1.83799206713699e-31,0.319729614494384,0.223,0.133,3.45579268463097e-27,"Memory B","WDR7"
1.10888691635724e-16,0.31969065595819,0.148,0.091,2.08492918013488e-12,"Memory B","PNOC"
3.5735223681577e-31,0.319670298395249,0.218,0.13,6.71893675661011e-27,"Memory B","SQOR"
2.11457802389781e-32,0.319533201241712,0.346,0.228,3.97582960053266e-28,"Memory B","CCDC85B"
6.84628779659818e-12,0.319424920125845,0.063,0.036,1.28723903151639e-07,"Memory B","CFAP44"
1.90143419962418e-08,0.31937925938184,0.07,0.043,0.000357507658213339,"Memory B","ACTR3-AS1"
2.67221109731181e-36,0.31926547085565,0.706,0.526,5.02429130516567e-32,"Memory B","RSL1D1"
5.63833865050941e-12,0.31908456586332,0.074,0.046,1.06012043306878e-07,"Memory B","ENSG00000269968"
1.7172376575246e-38,0.318979066244966,0.456,0.305,3.22875024367775e-34,"Memory B","ANP32E"
6.23484273735925e-12,0.31886756662951,0.055,0.031,1.17227513147829e-07,"Memory B","MINPP1"
3.97342504242615e-45,0.318760576971601,0.392,0.246,7.47083376476964e-41,"Memory B","PBDC1"
3.34226130368619e-34,0.318194562160992,0.267,0.167,6.28411970319077e-30,"Memory B","PRDX3"
1.70362656638851e-38,0.31778977717056,0.295,0.183,3.20315867012367e-34,"Memory B","TRIM27"
1.10070012858499e-15,0.317719728518348,0.095,0.057,2.0695363817655e-11,"Memory B","THAP6"
5.0515624694042e-46,0.317597128764575,0.253,0.149,9.49794775497379e-42,"Memory B","GEMIN7"
9.0745011250631e-11,0.317496687151065,0.05,0.027,1.70618770153436e-06,"Memory B","POLA1"
1.67587753013888e-34,0.31740077051115,0.209,0.125,3.15098493216712e-30,"Memory B","PREP"
2.25869839766938e-34,0.317251601195831,0.345,0.226,4.24680472729797e-30,"Memory B","DPH3"
1.3669810610469e-23,0.3169233274257,0.142,0.083,2.57019779098039e-19,"Memory B","INTS3"
5.38926502341776e-26,0.316604952740511,0.229,0.142,1.01328960970301e-21,"Memory B","ENSG00000291181"
1.02231277121089e-25,0.315773345694421,0.292,0.194,1.92215247243071e-21,"Memory B","DEF6"
2.6659983434102e-14,0.315742184638943,0.08,0.047,5.01261008527987e-10,"Memory B","C1orf109"
1.49495646490694e-29,0.315053900156035,0.13,0.074,2.81081714531803e-25,"Memory B","TRMU"
2.2779338110929e-31,0.314613278474202,0.249,0.155,4.28297115161687e-27,"Memory B","MOGS"
9.58810130805652e-32,0.31434903682083,0.355,0.236,1.80275480794079e-27,"Memory B","NSUN2"
2.79884431831483e-30,0.314247393984575,0.532,0.378,5.26238708729554e-26,"Memory B","FCHSD2"
1.16882617547826e-11,0.314044943519859,0.067,0.039,2.19762697513422e-07,"Memory B","ENSG00000288879"
8.39016828787313e-15,0.313912721215768,0.124,0.078,1.57751944148591e-10,"Memory B","ABL2"
7.81497937543878e-51,0.313828460580915,0.463,0.298,1.46937242217e-46,"Memory B","COPS9"
2.26039654856082e-29,0.313765153912196,0.277,0.18,4.24999759060406e-25,"Memory B","GOLT1B"
1.8202966135289e-08,0.313503213892572,0.079,0.052,0.000342252169275704,"Memory B","BMERB1"
3.32295957330167e-11,0.313481998415449,0.04,0.021,6.2478285897218e-07,"Memory B","GRPEL2"
2.58943167568304e-16,0.31347855587794,0.093,0.055,4.86864943661925e-12,"Memory B","IMPDH1"
2.89415331088343e-13,0.313436702920696,0.062,0.035,5.44158705512302e-09,"Memory B","CPT2"
2.73640931222633e-21,0.313310474896878,0.142,0.085,5.14499678884794e-17,"Memory B","CMC1"
7.30022103383122e-19,0.313177368906129,0.582,0.449,1.37258755878095e-14,"Memory B","ARL8B"
8.40682102426022e-39,0.313108377881027,0.744,0.558,1.58065048898141e-34,"Memory B","SELENOT"
2.96221816707075e-40,0.313099272836012,0.396,0.255,5.56956259772643e-36,"Memory B","SPCS3"
2.15357960899041e-33,0.313062263128902,0.259,0.154,4.04916038082377e-29,"Memory B","POLR1F"
1.31487225755679e-20,0.312880785517341,0.83,0.706,2.47222281865828e-16,"Memory B","ACTR3"
3.42741095896499e-14,0.312613187076252,0.086,0.052,6.44421808504597e-10,"Memory B","DPP3"
5.22571033257622e-33,0.312362593635122,0.734,0.559,9.82538056730981e-29,"Memory B","EIF3A"
1.14390091658158e-18,0.312333449355541,0.104,0.061,2.15076250335669e-14,"Memory B","NEK8"
4.90680198701991e-29,0.312331397214886,0.192,0.117,9.22576909599483e-25,"Memory B","CAPN1"
7.717617291434e-07,0.312290233636399,0.051,0.031,0.0145106640313542,"Memory B","BOLA2B"
3.91877222895882e-38,0.311951414186196,0.6,0.423,7.36807554488838e-34,"Memory B","DEK"
5.59346034645494e-07,0.311882091378346,0.038,0.022,0.0105168241434046,"Memory B","AARS2"
2.2216315426394e-45,0.311777773417388,0.296,0.183,4.17711162647061e-41,"Memory B","KIAA2013"
7.42585525596086e-07,0.31174455196702,0.027,0.014,0.0139620930522576,"Memory B","ACVR1C"
2.29294787304279e-34,0.311708200720497,0.17,0.096,4.31120059089506e-30,"Memory B","MTERF3"
8.98358050983823e-34,0.311682433436317,0.208,0.123,1.68909280745978e-29,"Memory B","PPP1R9B"
3.21956508999499e-08,0.311568444471444,0.031,0.017,0.000605342628220859,"Memory B","SLC31A2"
3.36571455342689e-14,0.311468784248005,0.074,0.044,6.32821650335325e-10,"Memory B","RFT1"
2.92573932282983e-20,0.311406673829642,0.095,0.056,5.50097507478465e-16,"Memory B","YIPF2"
1.73950493473837e-26,0.311364148801577,0.166,0.099,3.27061717829508e-22,"Memory B","TYK2"
2.85255160109813e-39,0.311258058839912,0.36,0.229,5.36336752038471e-35,"Memory B","TMEM109"
2.2732207614267e-47,0.311239864318646,0.998,0.985,4.27410967563449e-43,"Memory B","RPL27A"
2.84361971377752e-11,0.311238602009997,0.06,0.035,5.34657378584449e-07,"Memory B","C1GALT1C1"
2.25366418131e-12,0.310873973279009,0.053,0.029,4.23733939369907e-08,"Memory B","CFAP161"
6.18243164265471e-11,0.31070905655069,0.049,0.027,1.16242079745194e-06,"Memory B","CD99L2"
1.43578868940474e-11,0.310625777209135,0.074,0.045,2.6995698938188e-07,"Memory B","ZBTB11-AS1"
5.00821265356493e-33,0.310498551600216,0.575,0.412,9.41644143123279e-29,"Memory B","PARP15"
2.25547837202894e-24,0.310405664630675,0.161,0.094,4.24075043508881e-20,"Memory B","PMS1"
5.57073348527131e-31,0.310260172223865,0.188,0.11,1.04740930990071e-26,"Memory B","MAP4K2"
4.99746714912938e-48,0.310138099489037,0.421,0.271,9.39623773379306e-44,"Memory B","CEBPG"
7.32179475658313e-32,0.309638948860501,0.256,0.16,1.37664385013276e-27,"Memory B","RREB1"
7.80986364799389e-53,0.309543939360582,0.391,0.246,1.46841056309581e-48,"Memory B","MRPS15"
4.76768880349257e-39,0.309243727905451,0.31,0.195,8.96420848832673e-35,"Memory B","ZNF770"
1.57301553866556e-10,0.309085886434366,0.059,0.035,2.95758381579898e-06,"Memory B","OGFOD2"
1.18563093142961e-28,0.309016939341671,0.357,0.239,2.22922327727394e-24,"Memory B","DNMT1"
1.91762741977727e-38,0.308992965545626,0.304,0.19,3.60552307466523e-34,"Memory B","DAP"
1.02933922258238e-11,0.308342466169364,0.061,0.036,1.93536360629938e-07,"Memory B","TRUB1"
1.82678708037496e-24,0.308043571805089,0.116,0.063,3.43472506852101e-20,"Memory B","ZMYND8"
2.51296426656449e-51,0.30791401921569,0.45,0.29,4.72487541399455e-47,"Memory B","TMUB1"
3.02812638646668e-31,0.307699939487695,0.202,0.123,5.69348323183465e-27,"Memory B","FBXW2"
1.61194775246422e-09,0.307597375472123,0.055,0.033,3.03078416418322e-05,"Memory B","BRF2"
1.20323173473284e-10,0.307105470433951,0.056,0.032,2.26231630764468e-06,"Memory B","KBTBD7"
8.08658649088826e-23,0.307033466638251,0.16,0.098,1.52043999201681e-18,"Memory B","MRPS9"
1.76919221196122e-15,0.306698848680767,0.07,0.039,3.32643519692948e-11,"Memory B","PARP10"
4.61329154372227e-17,0.306693315147982,0.069,0.037,8.67391076050661e-13,"Memory B","SIRPA"
1.74248967117559e-29,0.306671876976902,0.311,0.201,3.27622907974434e-25,"Memory B","FBXL17"
3.82870170580372e-38,0.306644647494833,0.525,0.363,7.19872494725215e-34,"Memory B","NIPA2"
2.38716132718201e-16,0.306186338539762,0.111,0.067,4.48834072736762e-12,"Memory B","ZFYVE26"
4.10330108991043e-31,0.306120078491287,0.194,0.114,7.71502670924958e-27,"Memory B","ENSG00000286162"
3.87478594006433e-11,0.306093038381892,0.044,0.024,7.28537252450895e-07,"Memory B","ENSG00000278002"
4.27455968359887e-40,0.306039462735666,0.744,0.556,8.0370271171026e-36,"Memory B","ATP5MK"
1.87260772777879e-11,0.305844126189654,0.081,0.05,3.52087704976967e-07,"Memory B","TRMT44"
6.89236623874954e-13,0.30581706924868,0.095,0.057,1.29590270020969e-08,"Memory B","PACRGL"
8.15397264675526e-16,0.305777378193627,0.096,0.058,1.53310993704292e-11,"Memory B","ENSG00000287168"
9.5400557280493e-33,0.305735416612711,0.753,0.579,1.79372127798783e-28,"Memory B","EFHD2"
3.41446896682735e-11,0.305627618974831,0.078,0.048,6.41988455142878e-07,"Memory B","DNAAF4"
9.60407036583349e-28,0.305378279237319,0.798,0.642,1.80575731018401e-23,"Memory B","CAPZB"
7.367239868509e-36,0.305355471473818,0.192,0.115,1.38518844007706e-31,"Memory B","TSFM"
3.13284586115565e-07,0.305277728952515,0.03,0.018,0.00589037678814486,"Memory B","AP1G2-AS1"
2.59869334603762e-23,0.305257026583056,0.124,0.071,4.88606322921993e-19,"Memory B","WDR59"
1.13993977529847e-16,0.305192104820854,0.145,0.09,2.14331476551618e-12,"Memory B","PDSS2"
7.3857203978881e-45,0.305118059257039,0.27,0.162,1.38866314921092e-40,"Memory B","MRPL42"
1.34383342352183e-33,0.3045668404906,0.245,0.151,2.52667560290575e-29,"Memory B","CCNG1"
6.80070114939014e-30,0.304514498892044,0.565,0.413,1.27866783010833e-25,"Memory B","SNRPD1"
6.8782585440759e-43,0.304508782697214,0.58,0.402,1.29325017145715e-38,"Memory B","SMARCC1"
4.66370674592192e-24,0.304381408690959,0.113,0.065,8.7687014236824e-20,"Memory B","DYRK2"
8.33572465110938e-18,0.304352020252591,0.085,0.047,1.56728294890158e-13,"Memory B","WASF1"
1.36544679969062e-39,0.304314206892389,0.553,0.385,2.5673130727783e-35,"Memory B","PPP1CC"
5.76926475212718e-23,0.304196394889258,0.428,0.312,1.08473715869495e-18,"Memory B","TSC22D2"
5.77612967108409e-27,0.304145433206454,0.253,0.159,1.08602790075723e-22,"Memory B","SCFD2"
1.56689572010199e-15,0.304074557028536,0.122,0.077,2.94607733293576e-11,"Memory B","RNF185"
9.21109992992333e-19,0.304012734911937,0.105,0.062,1.73187100882419e-14,"Memory B","UTP15"
6.81774080885362e-09,0.303849841390191,0.041,0.024,0.000128187162688066,"Memory B","PLCB2"
4.40460708714013e-15,0.303822649007437,0.149,0.097,8.28154224524087e-11,"Memory B","ALAS1"
1.70995269186016e-29,0.303812441717244,0.242,0.153,3.21505305123548e-25,"Memory B","RFFL"
8.61885764627371e-33,0.303772321398636,0.336,0.218,1.62051761465238e-28,"Memory B","PAXX"
1.77351389938002e-39,0.303683662474081,0.444,0.295,3.33456083361431e-35,"Memory B","NDUFC2"
1.90751936257469e-28,0.303547846316869,0.213,0.131,3.58651790551294e-24,"Memory B","MRPS33"
1.80484522775179e-22,0.303540411377595,0.124,0.071,3.39346999721892e-18,"Memory B","NBEAL2"
1.9180940936956e-20,0.303338752640359,0.634,0.496,3.60640051496646e-16,"Memory B","RAB8B"
5.36291972212784e-34,0.303191772555427,0.191,0.111,1.00833616615448e-29,"Memory B","PEX14"
1.85126762013012e-40,0.303172981934429,0.548,0.382,3.48075337936865e-36,"Memory B","ILK"
4.87191290059488e-14,0.303170834783363,0.122,0.079,9.16017063569849e-10,"Memory B","GFOD2"
9.22699013303348e-43,0.3031307391986,0.532,0.365,1.73485868481295e-38,"Memory B","M6PR"
3.06071323242218e-32,0.303088332220517,0.339,0.217,5.75475301960018e-28,"Memory B","RASGRP1"
2.09226216826579e-13,0.303055935095415,0.112,0.072,3.93387132877335e-09,"Memory B","NAGPA"
3.27615364571268e-38,0.303041741672475,0.185,0.102,6.15982408466898e-34,"Memory B","SLC25A12"
2.38465295373569e-18,0.302881132287442,0.127,0.079,4.48362448361384e-14,"Memory B","BCL2L1"
9.62984014613149e-14,0.30284879518226,0.085,0.051,1.81060254427564e-09,"Memory B","ST7L"
9.61428986747631e-29,0.30284823281857,0.192,0.116,1.8076787808829e-24,"Memory B","STAU2"
7.12499096754229e-15,0.30263197268745,0.135,0.087,1.3396408017173e-10,"Memory B","FAM168A"
2.88797592405497e-12,0.302577824072308,0.052,0.028,5.42997233240815e-08,"Memory B","MORC2"
3.26910425723509e-13,0.302499400812374,0.042,0.022,6.14656982445341e-09,"Memory B","TMEM116"
1.76448529271808e-26,0.302491253296494,0.214,0.133,3.31758524736853e-22,"Memory B","PTPN12"
9.22321212677125e-22,0.302163303621608,0.267,0.18,1.73414834407553e-17,"Memory B","RRP12"
5.30155043538395e-15,0.302143120001822,0.078,0.044,9.96797512860891e-11,"Memory B","KIF9"
2.03942003389096e-13,0.302130929292942,0.092,0.056,3.83451754772179e-09,"Memory B","CSAD"
1.07128683133693e-40,0.302040221001387,0.347,0.219,2.0142335002797e-36,"Memory B","CFAP298"
5.57293149731149e-27,0.302036333187311,0.143,0.085,1.04782258012451e-22,"Memory B","DVL2"
4.97396893980782e-12,0.301975470090165,0.045,0.025,9.35205640062666e-08,"Memory B","ZNF839"
2.91748973539161e-18,0.301842910395598,0.113,0.068,5.4854642004833e-14,"Memory B","ZSCAN16"
4.27583289863706e-37,0.301767421351839,0.265,0.166,8.03942101601741e-33,"Memory B","ARF3"
9.95008588691704e-33,0.301598117886938,0.827,0.661,1.87081514845814e-28,"Memory B","PSME1"
7.72259543947357e-31,0.30155351287013,0.186,0.111,1.45200239452982e-26,"Memory B","SURF6"
1.11666109673333e-16,0.301482419267202,0.092,0.053,2.099546194078e-12,"Memory B","SYT9-AS1"
9.52696101529611e-33,0.301418031585003,0.168,0.093,1.79125921009597e-28,"Memory B","MSRA"
9.51838595121594e-24,0.301354255405452,0.15,0.088,1.78964692654762e-19,"Memory B","CASP8AP2"
4.63823152110458e-29,0.301270396422739,0.78,0.615,8.72080290598084e-25,"Memory B","S100A11"
1.35528060317174e-15,0.300604214215034,0.244,0.174,2.5481985900835e-11,"Memory B","EVI2A"
1.21671581569283e-11,0.300297470247636,0.085,0.051,2.28766907666566e-07,"Memory B","PHACTR2"
3.39703417831288e-39,0.300102363311476,0.292,0.18,6.38710366206387e-35,"Memory B","RBCK1"
3.16747830950603e-14,0.30002998709998,0.073,0.044,5.95549271753323e-10,"Memory B","ILVBL"
3.87748772546146e-35,0.300022268835028,0.405,0.273,7.29045242141265e-31,"Memory B","COX14"
9.77442790042204e-27,0.299912622093581,0.235,0.151,1.83778793383735e-22,"Memory B","EEF1E1"
4.12941715029114e-20,0.299642305480206,0.19,0.123,7.76413012597741e-16,"Memory B","TAF1B"
3.09207842832239e-13,0.299446558822273,0.084,0.05,5.81372586093175e-09,"Memory B","DIS3L"
2.83046013344749e-38,0.299160482196946,0.177,0.099,5.32183114290796e-34,"Memory B","LCMT1"
2.40515430887372e-18,0.299116756869307,0.128,0.078,4.52217113154438e-14,"Memory B","RABL3"
8.29111633856221e-12,0.298984002638529,0.08,0.047,1.55889569397647e-07,"Memory B","CCDC7"
3.74261559846822e-09,0.298892038452338,0.043,0.024,7.03686584823995e-05,"Memory B","CTNNBIP1"
1.73169363541615e-28,0.298871637697214,0.183,0.112,3.25593037330945e-24,"Memory B","MRPL2"
8.84769266318879e-18,0.298617614813141,0.102,0.06,1.66354317453276e-13,"Memory B","UBXN6"
1.02745900446241e-07,0.298513572276107,0.056,0.033,0.00193182842019023,"Memory B","MAFF"
1.67587002653739e-06,0.298451687106017,0.032,0.019,0.0315097082389559,"Memory B","CDK5"
1.87543346123103e-27,0.298225972852449,0.24,0.152,3.52618999380657e-23,"Memory B","TNFRSF10A"
3.43849577400248e-22,0.298136196342809,0.152,0.093,6.46505975427946e-18,"Memory B","ENSG00000273319"
7.0933434399382e-26,0.298107194681037,0.908,0.792,1.33369043357718e-21,"Memory B","MIF"
3.41674822298971e-25,0.298015420855554,0.325,0.218,6.42417000886525e-21,"Memory B","EPSTI1"
7.35299050247255e-31,0.297837415436626,0.21,0.128,1.38250927427489e-26,"Memory B","JAK3"
4.46314494501344e-25,0.297317034240198,0.162,0.097,8.39160512561427e-21,"Memory B","UTP14A"
8.68507747836341e-08,0.297172604825165,0.031,0.017,0.00163296826748189,"Memory B","ZSWIM1"
1.63374766414071e-36,0.297141872030673,0.332,0.215,3.07177235811736e-32,"Memory B","TMX2"
2.05507652004242e-38,0.296893630273898,0.384,0.25,3.86395487298375e-34,"Memory B","UBE2L6"
8.4852203351761e-43,0.29682339114919,0.612,0.43,1.59539112741981e-38,"Memory B","SARS1"
3.20701914556741e-22,0.296778073651512,0.096,0.051,6.02983739749584e-18,"Memory B","TM7SF3"
1.00425061145202e-42,0.296705620804279,0.341,0.215,1.88819199965209e-38,"Memory B","NDUFB7"
4.5087478374975e-09,0.296484789106934,0.041,0.025,8.47734768406279e-05,"Memory B","ENSG00000259564"
4.93651810606421e-10,0.296385582614112,0.043,0.025,9.28164134302194e-06,"Memory B","TEKT4P2"
3.47561368814748e-39,0.296342548333758,0.25,0.152,6.5348488564549e-35,"Memory B","NUDT5"
1.91176446472064e-15,0.296320256222383,0.048,0.026,3.59449954656775e-11,"Memory B","HTD2"
6.87667592227071e-10,0.296316084717276,0.045,0.026,1.29295260690534e-05,"Memory B","ZNF174"
2.42480112440665e-21,0.296009574091283,0.593,0.456,4.55911107410938e-17,"Memory B","SPAG9"
2.51063515835776e-14,0.295960692718003,0.064,0.036,4.72049622474427e-10,"Memory B","TTLL3"
3.54488861286169e-28,0.295932444990433,0.142,0.083,6.66509956990255e-24,"Memory B","SCYL3"
5.17302089047053e-12,0.295885227634122,0.077,0.044,9.72631387826269e-08,"Memory B","ZBP1"
2.14333598438619e-69,0.295706502643352,1,0.999,4.02990031784291e-65,"Memory B","RPS14"
5.02373876126365e-07,0.295587959643424,0.023,0.013,0.00944563361892791,"Memory B","RGS3"
5.79248425205659e-39,0.29558061966973,0.548,0.383,1.08910288907168e-34,"Memory B","SYNCRIP"
2.37621414323693e-24,0.295409157187547,0.195,0.121,4.46775783211407e-20,"Memory B","AHCYL2"
1.66302494360868e-24,0.295407202553148,0.355,0.245,3.12681949897303e-20,"Memory B","VSIR"
9.40778846865834e-42,0.295405986388535,0.313,0.195,1.76885238787714e-37,"Memory B","ITPA"
2.84814438925012e-29,0.29538550508771,0.131,0.076,5.35508108066807e-25,"Memory B","RPUSD1"
2.65373430339479e-36,0.295237682947764,0.442,0.297,4.98955123724288e-32,"Memory B","EMB"
1.37239308339018e-13,0.295204866839545,0.071,0.041,2.58037347539022e-09,"Memory B","DYNC2LI1"
3.76789945587074e-44,0.295175726680155,0.259,0.156,7.08440455692816e-40,"Memory B","MRPL17"
1.00515797659812e-17,0.294967055266956,0.073,0.042,1.88989802759978e-13,"Memory B","ENSG00000234915"
3.35815556458191e-22,0.294864269021953,0.141,0.086,6.31400409252691e-18,"Memory B","DCUN1D4"
9.62481849347582e-47,0.294842836902785,0.543,0.368,1.80965837314332e-42,"Memory B","SEM1"
1.9346309155947e-32,0.294840076509209,0.191,0.113,3.63749304750115e-28,"Memory B","AKT1"
3.93236552134433e-23,0.294813533106146,0.315,0.215,7.3936336532316e-19,"Memory B","CYB561A3"
5.37407020479847e-28,0.294667798702012,0.242,0.15,1.01043267990621e-23,"Memory B","RIC3"
9.96510627645282e-35,0.29460662295074,0.393,0.261,1.87363928209866e-30,"Memory B","TBL1XR1"
3.04997684281955e-20,0.294593667710965,0.077,0.043,5.73456645986931e-16,"Memory B","SARM1"
9.74794668464857e-24,0.294509688825603,0.156,0.096,1.83280893564762e-19,"Memory B","DEAF1"
2.28736989646843e-38,0.294468887317151,0.186,0.106,4.30071287933994e-34,"Memory B","PPIE"
1.17605127919091e-35,0.294431921135991,0.676,0.504,2.21121161513476e-31,"Memory B","ATP5F1A"
1.95067108452654e-35,0.294414195774634,0.22,0.134,3.6676517731268e-31,"Memory B","EI24"
1.13690802200948e-24,0.29432097502357,0.131,0.075,2.13761446298222e-20,"Memory B","TRMT61B"
1.08307340638249e-36,0.294316435571051,0.267,0.169,2.03639461868035e-32,"Memory B","MFSD5"
1.49157926863081e-43,0.294295777402304,0.292,0.177,2.80446734087964e-39,"Memory B","PMM2"
3.56067436264886e-10,0.294289931891963,0.066,0.039,6.69477993665239e-06,"Memory B","ENSG00000289912"
5.27689078716847e-14,0.294170293582132,0.106,0.066,9.92161005803416e-10,"Memory B","SERGEF"
4.6810473610609e-16,0.294133001354364,0.277,0.191,8.80130524826671e-12,"Memory B","LINC01857"
3.33151046535494e-19,0.294087760145942,0.106,0.061,6.26390597696036e-15,"Memory B","RNF8"
9.12773776503743e-28,0.293935318729227,0.276,0.181,1.71619725458234e-23,"Memory B","NBN"
1.89183040456718e-27,0.293868927178556,0.203,0.126,3.5570195266672e-23,"Memory B","ZMPSTE24"
1.92994095785811e-21,0.293821448765312,0.102,0.058,3.62867498896482e-17,"Memory B","MIEF1"
3.59431121537492e-33,0.293726662807303,0.2,0.119,6.75802394714793e-29,"Memory B","POLR3K"
1.95009150619432e-32,0.293699757813711,0.301,0.194,3.66656204994656e-28,"Memory B","SYTL1"
3.91152057306593e-11,0.293656781970464,0.034,0.017,7.35444098147856e-07,"Memory B","ENSG00000290085"
6.03097027844315e-38,0.293035906065064,0.32,0.204,1.13394303175288e-33,"Memory B","HDGF"
1.42358757610389e-31,0.292906944778346,0.347,0.234,2.67662936059053e-27,"Memory B","PRPF19"
1.97589303596098e-14,0.292647765568101,0.113,0.071,3.71507408621384e-10,"Memory B","BRI3BP"
4.93391619962184e-38,0.292516322250831,0.338,0.216,9.27674923852899e-34,"Memory B","ZMYND11"
7.47293314215418e-18,0.292504353766466,0.132,0.079,1.40506088938783e-13,"Memory B","PTPRJ"
2.47219275065698e-20,0.292497710620218,0.916,0.823,4.64821680978525e-16,"Memory B","MYL12A"
1.40888765558838e-07,0.292357786910761,0.034,0.019,0.00264899057003728,"Memory B","ZC2HC1C"
1.98089834937344e-38,0.29226515841459,0.539,0.376,3.72448507649195e-34,"Memory B","ARL6IP4"
3.15079151781965e-24,0.292168502010538,0.118,0.069,5.92411821180451e-20,"Memory B","DIABLO"
9.67170882486486e-33,0.29212613516168,0.196,0.117,1.81847469325109e-28,"Memory B","SLC25A1"
1.97601235058333e-35,0.291872519669225,0.419,0.284,3.71529842156678e-31,"Memory B","AZIN1"
1.76648091716278e-39,0.291852283879925,0.649,0.471,3.32133742044945e-35,"Memory B","CNPY3"
1.69227201984042e-16,0.291682321026913,0.896,0.805,3.18180985170396e-12,"Memory B","ARF6"
7.16332163279232e-27,0.291450659915769,0.858,0.716,1.34684773339761e-22,"Memory B","HNRNPF"
1.02457633366757e-25,0.291384280095779,0.113,0.062,1.92640842256176e-21,"Memory B","NKRF"
2.34076181462322e-20,0.291253041044379,0.152,0.094,4.40110036385458e-16,"Memory B","MRPL55"
1.88235338491882e-20,0.291231567155225,0.139,0.086,3.53920083432437e-16,"Memory B","RALGPS1"
1.36026113566181e-34,0.291085637561892,0.91,0.765,2.55756298727133e-30,"Memory B","RNASEK"
1.73610984347648e-30,0.291037338243714,0.188,0.113,3.26423372770448e-26,"Memory B","APTX"
1.1217251706055e-09,0.290887735504261,0.048,0.028,2.10906766577245e-05,"Memory B","FANCA"
3.61679218243539e-12,0.290876749918731,0.063,0.038,6.80029266141502e-08,"Memory B","GTF2I-AS1"
1.01332637606324e-16,0.290845352500338,0.119,0.071,1.9052562522741e-12,"Memory B","FKBP5"
7.53526302943247e-29,0.290707383054068,0.249,0.16,1.41678015479389e-24,"Memory B","TIMM50"
8.39415827031566e-29,0.290649714773092,0.25,0.158,1.57826963798475e-24,"Memory B","NDUFS4"
5.72480780287512e-37,0.290627286435766,0.316,0.201,1.07637836309658e-32,"Memory B","SLC10A3"
1.4900475944588e-35,0.290530605071254,0.278,0.174,2.80158748710144e-31,"Memory B","FLII"
9.7293771849085e-30,0.290482616188345,0.192,0.117,1.8293174983065e-25,"Memory B","COMMD7"
5.3895542660324e-09,0.290448409281485,0.041,0.023,0.000101334399309941,"Memory B","ENSG00000251600"
9.60472245461706e-22,0.290369583435408,0.142,0.086,1.8058799159171e-17,"Memory B","CHUK"
9.14934894101304e-35,0.289853453282569,0.632,0.465,1.72026058788927e-30,"Memory B","CCT6A"
1.02456585285669e-40,0.289574643400755,0.399,0.26,1.92638871654115e-36,"Memory B","STX4"
2.69792614908642e-13,0.289357357496719,0.055,0.031,5.07264074551229e-09,"Memory B","ZNF846"
4.18036762620385e-33,0.289294295467592,0.244,0.153,7.85992721078849e-29,"Memory B","MRPS2"
4.1886873657658e-45,0.289026357248427,0.457,0.303,7.87556998511286e-41,"Memory B","TWF2"
3.63903455724035e-31,0.288928844990155,0.805,0.64,6.8421127745233e-27,"Memory B","GLS"
3.07144801821948e-17,0.288674912836778,0.083,0.048,5.77493656385627e-13,"Memory B","SNAPC2"
3.41311774860589e-35,0.288646579892413,0.38,0.256,6.4173439909288e-31,"Memory B","GPI"
2.00027217770411e-31,0.288537918849574,0.165,0.098,3.76091174851926e-27,"Memory B","CMAS"
4.34705829414143e-33,0.288526096604858,0.321,0.211,8.17333900464473e-29,"Memory B","NPEPPSP1"
4.64837989303962e-29,0.288364360012187,0.932,0.82,8.7398838748931e-25,"Memory B","TPM3"
1.98674256909953e-36,0.288165264072597,0.248,0.152,3.73547337842093e-32,"Memory B","THOC7"
4.96032910868459e-38,0.287841736879102,0.274,0.17,9.32641079014877e-34,"Memory B","NDUFA8"
1.62308041855333e-16,0.287808225002757,0.817,0.705,3.05171580296397e-12,"Memory B","BANK1"
4.02381389608191e-28,0.287649363836318,0.163,0.096,7.56557488741321e-24,"Memory B","PELP1"
2.46109352726251e-33,0.287644084305354,0.253,0.159,4.62734804995898e-29,"Memory B","TIMM8B"
4.4754341284921e-18,0.287576424956302,0.091,0.054,8.41471124839084e-14,"Memory B","NSDHL"
1.5355327866001e-45,0.287406109355983,0.305,0.185,2.88710874536551e-41,"Memory B","NUP62"
1.57620794279638e-28,0.287185392772512,0.998,0.995,2.96358617404575e-24,"Memory B","ACTB"
1.18993098220331e-13,0.287140074615436,0.083,0.051,2.23730823273866e-09,"Memory B","PRR12"
3.1114601655496e-17,0.287106399770357,0.124,0.075,5.85016740326636e-13,"Memory B","MINK1"
9.11478625918083e-32,0.286982776559525,0.16,0.094,1.71376211245118e-27,"Memory B","TRAF7"
3.66669598917801e-29,0.286794865424364,0.665,0.507,6.89412179885249e-25,"Memory B","CCT2"
9.68939458634216e-27,0.286641485935902,0.727,0.569,1.82179997012405e-22,"Memory B","EPS15"
1.72528324696597e-51,0.286625873326842,0.453,0.295,3.24387756094542e-47,"Memory B","GET3"
7.56587172045495e-32,0.286570169473478,0.242,0.151,1.42253520087994e-27,"Memory B","KLHDC10"
4.33037517129768e-07,0.286442427546116,0.092,0.062,0.0081419713970739,"Memory B","FMNL2"
1.41585981600768e-32,0.286248867628017,0.21,0.126,2.66209962605764e-28,"Memory B","RPTOR"
6.06230346246749e-09,0.286131779443863,0.059,0.035,0.000113983429701314,"Memory B","BLM"
1.49764300320178e-48,0.285941845160421,0.336,0.208,2.81586837461998e-44,"Memory B","METTL26"
5.56710423062046e-29,0.285599018686076,0.625,0.467,1.04672693744126e-24,"Memory B","CHMP4B"
7.84923083583243e-38,0.285578205169993,0.303,0.192,1.47581238175321e-33,"Memory B","MFSD14CP"
7.01912440437104e-12,0.285556313219421,0.073,0.045,1.31973577050984e-07,"Memory B","PRPF40B"
8.80519688661544e-11,0.28555446551134,0.055,0.033,1.65555311862143e-06,"Memory B","SFT2D3"
1.97072146096428e-21,0.285380059256892,0.139,0.087,3.70535049090504e-17,"Memory B","TRUB2"
6.17025174399497e-42,0.285203039458637,0.276,0.168,1.16013073290593e-37,"Memory B","QARS1"
1.07816893303037e-07,0.285199749416177,0.049,0.029,0.0020271732278837,"Memory B","NCEH1"
6.69741083695639e-24,0.285138337364372,0.124,0.073,1.25924718556454e-19,"Memory B","TADA2B"
1.24828054533012e-24,0.284912901267158,0.405,0.288,2.3470170813297e-20,"Memory B","OTUD4"
2.01880879543096e-47,0.284709567886651,0.404,0.263,3.79576429716929e-43,"Memory B","MRPS7"
1.99896855892859e-17,0.284662350745646,0.12,0.073,3.75846068449753e-13,"Memory B","PUS7L"
3.54099699961711e-10,0.284619235089155,0.058,0.035,6.6577825586801e-06,"Memory B","ENSG00000254604"
1.33228547012305e-07,0.284517839889361,0.029,0.015,0.00250496314092536,"Memory B","METAP1D"
5.77847850157784e-18,0.2842837836993,0.154,0.099,1.08646952786667e-13,"Memory B","DIP2A"
2.45082759235563e-36,0.284258507957311,0.387,0.258,4.60804603914706e-32,"Memory B","NSD1"
6.20190783967852e-48,0.284189606936953,0.485,0.325,1.16608271201635e-43,"Memory B","NDUFA12"
1.53553005101335e-41,0.28418959563032,0.338,0.215,2.88710360191529e-37,"Memory B","DNLZ"
3.94255893638374e-24,0.284074414111657,0.97,0.915,7.4127993121887e-20,"Memory B","SYNGR2"
9.19572627072222e-31,0.284041800386926,0.676,0.508,1.72898045342119e-26,"Memory B","BHLHE40"
3.82615765402518e-35,0.284009062301704,0.361,0.239,7.19394162109814e-31,"Memory B","MFSD12"
2.26458994694135e-28,0.283934430272315,0.431,0.298,4.25788201823912e-24,"Memory B","DUSP10"
3.81495030656002e-25,0.283882346152915,0.21,0.134,7.17286956639414e-21,"Memory B","NUS1"
4.10686108662313e-22,0.283847459203843,0.551,0.419,7.7217202150688e-18,"Memory B","USP12"
7.80601633741737e-15,0.283775242879218,0.153,0.101,1.46768719176121e-10,"Memory B","ZDHHC13"
2.29506569625034e-09,0.28376838415464,0.04,0.022,4.31518252208989e-05,"Memory B","ENSG00000284052"
2.43942442630304e-43,0.283747326232672,0.34,0.214,4.58660580633498e-39,"Memory B","MCMBP"
6.05454351239262e-47,0.283675045213321,0.661,0.467,1.13837527120006e-42,"Memory B","PABPN1"
1.28701934475426e-29,0.283076076415864,0.438,0.304,2.41985377200696e-25,"Memory B","NSMCE2"
2.39567694478606e-24,0.282969829644899,0.825,0.684,4.50435179158674e-20,"Memory B","TUBB4B"
1.36301461465533e-53,0.282919815586029,0.529,0.352,2.56274007847494e-49,"Memory B","PPHLN1"
7.23169979047327e-13,0.282894125799938,0.056,0.031,1.35970419460478e-08,"Memory B","PMM1"
1.08538904818334e-22,0.282478625260656,0.145,0.088,2.04074848839432e-18,"Memory B","FUT11"
1.08952556810307e-22,0.282470067961667,0.136,0.083,2.04852597314739e-18,"Memory B","EMC1"
2.26563771050928e-28,0.282458387832013,0.273,0.177,4.25985202329954e-24,"Memory B","RHOQ"
1.52966824694774e-44,0.28243493555345,0.432,0.283,2.87608223791115e-40,"Memory B","SND1"
3.62681994272755e-22,0.282354494965018,0.178,0.114,6.81914685631635e-18,"Memory B","RALB"
2.31484549785632e-10,0.282278382510992,0.048,0.027,4.35237250506945e-06,"Memory B","EIF5A2"
1.3144438107072e-27,0.28223346022608,0.287,0.193,2.47141725289168e-23,"Memory B","MRPL27"
9.1056217877626e-29,0.281751067276608,0.471,0.336,1.71203900853512e-24,"Memory B","KDM2B"
1.12092092425202e-29,0.281734513259474,0.153,0.087,2.10755552177864e-25,"Memory B","THUMPD2"
1.43403207600418e-24,0.281722512056789,0.123,0.071,2.69626710930305e-20,"Memory B","AMMECR1L"
1.16684392430904e-41,0.281603737335683,0.563,0.397,2.19389994648585e-37,"Memory B","SNRPD3"
2.26142376213631e-15,0.281469723563391,0.081,0.047,4.2519289575687e-11,"Memory B","INPP5E"
1.20450814197897e-24,0.28146642277237,0.188,0.119,2.26471620854887e-20,"Memory B","C2CD5"
2.48226818708211e-30,0.281342865094766,0.707,0.54,4.66716064535178e-26,"Memory B","SPIB"
2.30381029559258e-09,0.281297675910062,0.737,0.647,4.33162411777317e-05,"Memory B","MEF2C"
1.27714666388624e-25,0.281280418903378,0.144,0.086,2.4012911574389e-21,"Memory B","COX10"
1.08015830533956e-50,0.280954761048549,0.461,0.301,2.03091364569945e-46,"Memory B","URI1"
5.234015020679e-17,0.280928270289877,0.099,0.06,9.84099504188066e-13,"Memory B","ENSG00000228830"
1.57501462175894e-30,0.280765474228607,0.225,0.133,2.96134249183116e-26,"Memory B","TTN"
4.48354129429377e-09,0.28056751707546,0.063,0.038,8.42995434153115e-05,"Memory B","ENSG00000258526"
1.71169996893226e-12,0.280496908511533,0.053,0.029,3.21833828158644e-08,"Memory B","ENSG00000290989"
1.00408023171554e-07,0.280353209322211,0.038,0.023,0.00188787165167155,"Memory B","ZNF607"
9.93018594847888e-36,0.280041350582642,0.408,0.276,1.867073562033e-31,"Memory B","SELENOS"
7.83327067704631e-12,0.280004419546084,0.093,0.06,1.47281155269825e-07,"Memory B","SLC4A2"
2.80328627131288e-13,0.279995962637121,0.05,0.026,5.27073884732248e-09,"Memory B","ENSG00000228427"
2.28480810868493e-41,0.27995509207159,0.319,0.2,4.2958962059494e-37,"Memory B","LSM6"
7.90356498495106e-22,0.279813762130664,0.694,0.548,1.4860282884705e-17,"Memory B","POU2F2"
1.08963971644178e-13,0.279764995765896,0.105,0.066,2.04874059485384e-09,"Memory B","ORMDL3"
2.87804892523297e-43,0.279701596182052,0.256,0.154,5.41130758922303e-39,"Memory B","SLC52A2"
2.34203545486464e-30,0.279647468805065,0.406,0.281,4.40349506223649e-26,"Memory B","MIA2"
8.99648335707256e-24,0.279533078762108,0.159,0.1,1.69151880079678e-19,"Memory B","C16orf54"
9.64693711694216e-37,0.279200416823256,0.142,0.076,1.81381711672746e-32,"Memory B","AGA"
1.11927214241768e-47,0.279077147285791,0.534,0.361,2.10445548217373e-43,"Memory B","HUWE1"
8.97061642935835e-38,0.278976969854036,0.396,0.265,1.68665530104796e-33,"Memory B","SSR3"
1.3906928102621e-35,0.278939919830245,0.262,0.164,2.61478062185481e-31,"Memory B","TRADD"
4.62542653353128e-26,0.278886434836686,0.486,0.349,8.69672696834551e-22,"Memory B","SYK"
1.59900982052471e-41,0.278801748981281,0.33,0.212,3.00645826455055e-37,"Memory B","TXNDC17"
6.68195174104055e-24,0.278608073429714,0.226,0.149,1.25634056635044e-19,"Memory B","OSTM1"
2.55959497123475e-27,0.278428957760653,0.124,0.071,4.81255046491557e-23,"Memory B","ANKRD46"
3.98461625835363e-17,0.27840482485502,0.228,0.157,7.4918754889565e-13,"Memory B","JAK2"
1.15408543154334e-24,0.278223099688406,0.13,0.076,2.16991142838778e-20,"Memory B","METTL3"
9.15823260616247e-15,0.277999057920872,0.077,0.045,1.72193089461067e-10,"Memory B","ALKBH2"
2.63398793827777e-14,0.277930500198238,0.116,0.073,4.95242412154986e-10,"Memory B","ENSG00000291175"
7.02985517816217e-48,0.27772320700554,0.669,0.477,1.32175337059805e-43,"Memory B","ATP5MF"
1.82837302719459e-33,0.277717885906214,0.534,0.378,3.43770696573127e-29,"Memory B","ZBTB1"
1.85975443038176e-23,0.277599029387552,0.12,0.07,3.49671028000379e-19,"Memory B","NBPF8"
5.06293143114605e-21,0.277582109026814,0.116,0.072,9.5193236768408e-17,"Memory B","PRUNE1"
6.36434394349709e-53,0.277508228012562,0.319,0.19,1.19662394825632e-48,"Memory B","NOB1"
1.6869714949391e-16,0.277312131883124,0.099,0.06,3.17184380478449e-12,"Memory B","TNS2-AS1"
1.76482509732264e-09,0.277242260257951,0.048,0.028,3.31822414798602e-05,"Memory B","P2RX4"
6.5230461410834e-16,0.277164880436914,0.113,0.071,1.2264631354465e-11,"Memory B","ARL17A"
9.16604702897439e-43,0.277143837040289,0.365,0.232,1.72340016238777e-38,"Memory B","RASSF3"
3.32770881554351e-41,0.277121138101074,0.328,0.211,6.2567581149849e-37,"Memory B","NOC2L"
2.05261836691691e-39,0.276973516681191,0.451,0.304,3.85933305347718e-35,"Memory B","PRKDC"
1.4570429607351e-14,0.276556349865318,0.102,0.062,2.73953217477413e-10,"Memory B","HSD17B4"
1.18034014903304e-23,0.276445223102595,0.169,0.106,2.21927554821193e-19,"Memory B","TXLNA"
2.34436892438114e-31,0.276331945359197,0.157,0.092,4.40788245162143e-27,"Memory B","NME6"
3.32277116011518e-25,0.276244825181778,0.182,0.115,6.24747433524857e-21,"Memory B","CSNK1E"
4.92544513571435e-11,0.276233895511433,0.07,0.044,9.26082194417012e-07,"Memory B","FLYWCH2"
5.65536110851417e-32,0.276174705360624,0.249,0.159,1.06332099562283e-27,"Memory B","USP39"
1.03616210603574e-34,0.276173465066157,0.321,0.209,1.94819199176839e-30,"Memory B","FAR1"
3.1952876726987e-47,0.276079597658829,0.434,0.285,6.0077798822081e-43,"Memory B","SLC25A32"
4.0812580730559e-12,0.276058300573444,0.071,0.042,7.6735814289597e-08,"Memory B","FKTN"
3.72573759672778e-12,0.275939295635511,0.069,0.04,7.00513182936757e-08,"Memory B","TTLL11"
1.90304835425704e-24,0.275793158949902,0.505,0.374,3.57811151567408e-20,"Memory B","AMD1"
4.1683087019597e-45,0.275750606051129,0.516,0.349,7.83725402142462e-41,"Memory B","RWDD1"
7.29822585005375e-11,0.274630992140732,0.041,0.023,1.37221242432711e-06,"Memory B","WIPI1"
1.5551988264711e-13,0.274535813139363,0.052,0.028,2.92408483353096e-09,"Memory B","C17orf75"
2.69123038603e-46,0.274313993623826,0.311,0.195,5.06005137181361e-42,"Memory B","LYPLA2"
4.69255451158956e-12,0.274281898109765,0.067,0.04,8.8229409926907e-08,"Memory B","GNPNAT1"
2.25047178607764e-18,0.27421744337046,0.073,0.04,4.23133705218317e-14,"Memory B","GNB1L"
4.23130440659108e-26,0.274198380241785,0.157,0.095,7.95569854527254e-22,"Memory B","AVEN"
1.72538947719237e-37,0.274163738524004,0.396,0.262,3.24407729501709e-33,"Memory B","ZNG1B"
7.83534971149449e-37,0.273570365200787,0.602,0.434,1.47320245275519e-32,"Memory B","PPP3CC"
3.89630931633026e-36,0.27349169176201,0.332,0.217,7.32584077656415e-32,"Memory B","PHAX"
6.57908108712804e-38,0.273170347742334,0.333,0.219,1.23699882600181e-33,"Memory B","FBXW5"
6.39544642606069e-41,0.273136045048555,0.329,0.208,1.20247183702793e-36,"Memory B","MAPKAP1"
1.28949815550651e-34,0.27312596759114,0.558,0.4,2.42451443198334e-30,"Memory B","TRPM7"
7.18908785229448e-55,0.273030689070029,0.351,0.215,1.35169229798841e-50,"Memory B","TERF2"
1.69461322246721e-20,0.273018307466826,0.138,0.085,3.18621178088285e-16,"Memory B","OTUD6B"
1.15703841136927e-17,0.272702100398065,0.073,0.041,2.1754636210565e-13,"Memory B","TCAF2"
4.10556421375073e-53,0.272633058433196,0.254,0.149,7.71928183469412e-49,"Memory B","TBRG4"
2.65232557991782e-47,0.272623990787983,0.469,0.309,4.98690255536149e-43,"Memory B","NECAP2"
1.67829310380944e-15,0.27260571849951,0.126,0.079,3.15552669378251e-11,"Memory B","WWC3"
5.5315631764494e-35,0.272247244882826,0.262,0.159,1.04004450843602e-30,"Memory B","R3HDM1"
8.73226466257902e-11,0.272241454837572,0.044,0.023,1.64184040185811e-06,"Memory B","SOX12"
1.0252780830663e-20,0.271928819147297,0.152,0.095,1.92772785178126e-16,"Memory B","SNX20"
8.59310256291784e-14,0.271749576073839,0.073,0.045,1.61567514387981e-09,"Memory B","TICAM2"
5.17486659968123e-24,0.271702554370618,0.121,0.072,9.72978418072065e-20,"Memory B","COX11"
1.15066057379713e-39,0.271622746553056,0.424,0.288,2.16347201085336e-35,"Memory B","SCAMP3"
6.31502129935225e-20,0.271531206202814,0.097,0.057,1.18735030470421e-15,"Memory B","FANCL"
4.88160489556741e-23,0.271475303566975,0.225,0.148,9.17839352464585e-19,"Memory B","RCHY1"
2.14132403502635e-55,0.271474114924372,0.502,0.332,4.02611745065654e-51,"Memory B","OGFR"
9.32489881675472e-24,0.271454425330949,0.267,0.181,1.75326747552622e-19,"Memory B","CLCN7"
8.11802021603619e-42,0.271424184616653,0.533,0.373,1.52635016101912e-37,"Memory B","CYC1"
9.30760883924065e-31,0.271056491463642,0.359,0.244,1.75001661395403e-26,"Memory B","GMFG"
6.45636674288553e-49,0.27089336534312,0.531,0.358,1.21392607499734e-44,"Memory B","AP3S1"
3.43377124145775e-47,0.270809502027703,0.344,0.22,6.45617668818886e-43,"Memory B","CERS2"
2.82361100594089e-16,0.270537674072064,0.094,0.058,5.30895341337006e-12,"Memory B","PEX10"
1.0449263608838e-28,0.270437040963713,0.213,0.134,1.96467054373373e-24,"Memory B","UCHL5"
4.78538883873091e-11,0.270169638446376,0.129,0.086,8.99748809458185e-07,"Memory B","FNBP1L"
2.05345576492504e-33,0.269860850308241,0.693,0.524,3.86090752921205e-29,"Memory B","C19orf53"
1.76533758580285e-37,0.269787513570655,0.404,0.27,3.31918772882652e-33,"Memory B","FKBP2"
2.15714502640402e-27,0.269726806615146,0.937,0.829,4.05586407864483e-23,"Memory B","RHOG"
8.72251212165726e-55,0.269720820643023,0.443,0.28,1.640006729114e-50,"Memory B","ARFGEF1"
2.28355304037324e-09,0.269494894951699,0.051,0.03,4.29353642650977e-05,"Memory B","MMAA"
3.62465342636167e-33,0.269445116110441,0.318,0.209,6.81507337224522e-29,"Memory B","TAF9"
6.43491081653251e-08,0.269400357865504,0.045,0.027,0.00120989193172444,"Memory B","PRADC1"
9.53439629566571e-09,0.269392538249146,0.038,0.021,0.000179265719151107,"Memory B","ENSG00000228863"
8.33041973467248e-32,0.269306910463465,0.204,0.125,1.56628551851312e-27,"Memory B","RPL23AP7"
1.42759028930682e-37,0.269286462395899,0.235,0.146,2.68415526195469e-33,"Memory B","MED16"
2.7038050388644e-23,0.269285086105786,0.818,0.68,5.08369423407284e-19,"Memory B","SERBP1"
6.52356493917491e-48,0.269137186329674,0.59,0.404,1.22656067986367e-43,"Memory B","CNIH1"
9.75235189996652e-13,0.269032386111473,0.085,0.053,1.8336372042317e-08,"Memory B","VIPAS39"
5.39653271164487e-21,0.269014210717686,0.177,0.118,1.01465608044347e-16,"Memory B","CDK5RAP1"
3.24616440494098e-29,0.268803431928979,0.192,0.116,6.10343831417004e-25,"Memory B","TRMT6"
1.31350130126846e-39,0.268662910531095,0.374,0.246,2.46964514664496e-35,"Memory B","TMEM170A"
1.05308982090197e-15,0.268658593764688,0.155,0.1,1.98001948125988e-11,"Memory B","KIF1B"
3.35409274401892e-38,0.268645484416538,0.449,0.305,6.30636517730437e-34,"Memory B","USP14"
3.87368272995813e-15,0.268495429288604,0.104,0.065,7.28329826886728e-11,"Memory B","DLGAP1-AS1"
2.98237558988956e-16,0.268296927356396,0.156,0.105,5.60746258411034e-12,"Memory B","PDLIM7"
1.8580142650197e-13,0.268258126717203,0.09,0.055,3.49343842109004e-09,"Memory B","ENSG00000291054"
2.23754226464548e-06,0.268256818097585,0.024,0.013,0.0420702696598643,"Memory B","RPL39L"
4.90353778643765e-26,0.26818522861543,0.221,0.143,9.21963174606006e-22,"Memory B","MAP3K4"
2.02213463291589e-27,0.268136859793008,0.182,0.113,3.80201753680845e-23,"Memory B","NVL"
1.13458797455268e-17,0.267956888814217,0.077,0.046,2.13325230975394e-13,"Memory B","CENPB"
2.29708861088888e-35,0.267884600695373,0.265,0.166,4.31898600619328e-31,"Memory B","EGLN1"
4.08126091707906e-15,0.267833692606677,0.998,0.989,7.67358677629206e-11,"Memory B","TMSB4X"
1.60959465695081e-27,0.267556248453017,0.709,0.547,3.02635987399892e-23,"Memory B","IER5"
1.25985294014651e-35,0.267554679448207,0.362,0.24,2.36877549806347e-31,"Memory B","SDAD1"
1.40630353561112e-37,0.267469486908912,0.296,0.188,2.64413190765603e-33,"Memory B","EED"
2.61048619899695e-23,0.26745478056059,0.286,0.197,4.90823615135407e-19,"Memory B","COA1"
2.26445143017773e-26,0.267398998339854,0.349,0.24,4.25762157902017e-22,"Memory B","ZC3H8"
2.51627567987316e-31,0.267000405292488,0.479,0.34,4.73110153329752e-27,"Memory B","PPP3R1"
7.83530062721724e-36,0.266994662700712,0.439,0.296,1.47319322392939e-31,"Memory B","SNAP23"
3.58491859572223e-16,0.266959908826109,0.118,0.076,6.74036394367693e-12,"Memory B","RMI2"
8.68935461445446e-41,0.266634687334584,0.209,0.125,1.63377245460973e-36,"Memory B","ARL16"
1.54162483552407e-33,0.266628019474656,0.296,0.185,2.89856301575235e-29,"Memory B","BMPR2"
6.33649990428819e-13,0.266585322405922,0.101,0.064,1.19138871200427e-08,"Memory B","ATRIP"
2.56590981420509e-36,0.266491964970273,0.583,0.418,4.82442363266841e-32,"Memory B","RTN4"
1.29440603857086e-09,0.266468699018395,0.047,0.028,2.43374223372093e-05,"Memory B","ENTREP3"
1.86893238933918e-26,0.266246512683748,0.152,0.091,3.51396667843553e-22,"Memory B","TRIOBP"
2.85546188207038e-39,0.266237717807865,0.812,0.632,5.36883943066873e-35,"Memory B","VASP"
4.30135037203912e-26,0.266237227287488,0.16,0.098,8.08739896950796e-22,"Memory B","SMYD2"
1.25727361819595e-20,0.266097884994193,0.178,0.113,2.36392585693202e-16,"Memory B","METTL15"
2.90948015558359e-42,0.266051693704818,0.241,0.143,5.47040458852826e-38,"Memory B","AP3D1"
7.84350299962757e-20,0.26604947400374,0.26,0.179,1.47473543398998e-15,"Memory B","VIM-AS1"
2.05133970256317e-29,0.265969032809495,0.161,0.096,3.85692890875928e-25,"Memory B","PGS1"
5.22313606662393e-40,0.265672329571426,0.295,0.182,9.82054043246632e-36,"Memory B","WDR11"
5.21161974165062e-27,0.265542597746277,0.156,0.096,9.79888743825149e-23,"Memory B","C19orf12"
2.55220163646187e-36,0.265535619453432,0.207,0.125,4.7986495168756e-32,"Memory B","BPNT2"
5.2731187413689e-33,0.265482010562966,0.651,0.484,9.9145178575218e-29,"Memory B","RNF149"
4.90327255714099e-13,0.26539796004634,0.077,0.047,9.21913306193648e-09,"Memory B","MAN2B2"
3.73290781138371e-33,0.265313601981148,0.518,0.367,7.01861326696364e-29,"Memory B","ATF4"
5.48015066701702e-45,0.265020460449323,0.37,0.239,1.03037792841254e-40,"Memory B","NENF"
7.54788659404985e-30,0.264807312550958,0.611,0.457,1.41915363741325e-25,"Memory B","PA2G4"
8.87949140777289e-16,0.264655531076325,0.082,0.049,1.66952197448946e-11,"Memory B","ERVK13-1"
1.44952930737678e-06,0.264565960108373,0.027,0.016,0.0272540500372982,"Memory B","ENSG00000204620"
1.15019926050304e-24,0.264509431421239,0.17,0.107,2.16260464959782e-20,"Memory B","MPHOSPH6"
3.37760483563904e-29,0.264351046821484,0.167,0.102,6.35057261196853e-25,"Memory B","ZNF598"
4.9247681264748e-16,0.264322903687686,0.073,0.039,9.25954903139791e-12,"Memory B","ZNF860"
2.15415312085312e-15,0.264317458263759,0.206,0.143,4.05023869782805e-11,"Memory B","ENSG00000234961"
5.49674174413131e-46,0.264233545744158,0.536,0.372,1.03349738273157e-41,"Memory B","DPP7"
6.26870401795229e-08,0.264181327944594,0.047,0.029,0.00117864172945539,"Memory B","FPGT"
2.5873075927278e-18,0.264030148506765,0.052,0.027,4.86465573584682e-14,"Memory B","NAA40"
1.36316678438323e-09,0.264011416667727,0.215,0.159,2.56302618799734e-05,"Memory B","GFOD1"
1.24180261195054e-41,0.263935024958109,0.287,0.179,2.33483727098941e-37,"Memory B","ECI1"
1.93450215626603e-32,0.263899708222037,0.231,0.146,3.63725095421139e-28,"Memory B","DDX23"
1.18533237802111e-43,0.263316988396444,0.385,0.252,2.22866193715529e-39,"Memory B","DHRS7"
4.22277715723142e-19,0.263160370285544,0.095,0.056,7.93966561102652e-15,"Memory B","PIP4K2C"
5.57823481667915e-43,0.263056057866854,0.659,0.476,1.04881971023201e-38,"Memory B","KRTCAP2"
4.02427004999107e-32,0.262908161723132,0.486,0.348,7.56643254799322e-28,"Memory B","EIF3B"
2.51987952754918e-34,0.262774977837974,0.179,0.107,4.73787748769797e-30,"Memory B","RTCA"
7.01806814251529e-20,0.262599674455144,0.129,0.078,1.31953717215573e-15,"Memory B","DCLRE1C"
2.06681754340079e-30,0.262446545251652,0.334,0.229,3.88603034510216e-26,"Memory B","NCBP2"
3.1170522055844e-30,0.262383524882677,0.322,0.22,5.86068155693979e-26,"Memory B","TLNRD1"
6.82070090625368e-46,0.262368350939466,0.34,0.215,1.28242818439382e-41,"Memory B","SNX14"
2.84631072831381e-27,0.262275198894276,0.14,0.083,5.35163343137563e-23,"Memory B","DOHH"
3.00554959201484e-29,0.262257565515517,0.159,0.096,5.65103434290631e-25,"Memory B","NUDT22"
3.86368246559564e-07,0.262228531211893,0.034,0.021,0.00726449577181291,"Memory B","HEXIM2"
3.28314954837135e-32,0.262150512659751,0.252,0.163,6.17297778084782e-28,"Memory B","AK6"
3.23641984937781e-36,0.262038505559393,0.266,0.169,6.08511660080016e-32,"Memory B","BMS1"
3.21358919750313e-11,0.262020531720118,0.03,0.016,6.04219040914539e-07,"Memory B","ENSG00000290450"
1.93933939837259e-06,0.261906349827171,0.038,0.023,0.0364634593682014,"Memory B","PIDD1"
1.63253723853231e-36,0.261872407746165,0.225,0.136,3.06949651588844e-32,"Memory B","NSMCE4A"
1.33176778879134e-22,0.261726379474994,0.235,0.157,2.50398979648548e-18,"Memory B","FTO"
4.3694855756495e-20,0.261604612924415,0.094,0.055,8.2155067793362e-16,"Memory B","ENSG00000291124"
8.54626699507513e-07,0.261587755038379,0.052,0.032,0.0160686912041403,"Memory B","HELLS"
7.024979933158e-50,0.261466150217348,0.285,0.174,1.32083672703237e-45,"Memory B","IAH1"
4.72157993494386e-50,0.26132257442604,0.532,0.357,8.87751459368145e-46,"Memory B","VTI1A"
5.07086525889995e-22,0.26091135963659,0.142,0.088,9.53424085978368e-18,"Memory B","EEF1AKMT2"
2.29210027628721e-45,0.260783765592204,0.475,0.324,4.30960693947521e-41,"Memory B","ARL8A"
1.68969896959974e-29,0.26067149214863,0.134,0.077,3.17697200264142e-25,"Memory B","CENPT"
3.32888371110062e-42,0.260619603738278,0.353,0.23,6.25896715361139e-38,"Memory B","PSMD12"
1.82231329548156e-17,0.260587387359589,0.095,0.057,3.42631345816443e-13,"Memory B","SIGLEC10"
2.51800947106016e-21,0.260305098757716,0.158,0.102,4.73436140748731e-17,"Memory B","LETM1"
6.36338736872683e-31,0.260227199320153,0.506,0.368,1.19644409306802e-26,"Memory B","VMP1"
9.58216008652687e-15,0.260139974540555,0.085,0.052,1.80163773946878e-10,"Memory B","DENND10"
1.96389409966095e-14,0.26011044710947,0.109,0.069,3.69251368618251e-10,"Memory B","SPATA33"
4.34791695866204e-33,0.260095906481794,0.299,0.196,8.17495346567637e-29,"Memory B","RRP36"
2.53210372609631e-45,0.260092198833677,0.364,0.232,4.76086142580627e-41,"Memory B","TTC1"
3.21972356117759e-23,0.259926414904212,0.162,0.102,6.0537242397261e-19,"Memory B","CCDC25"
2.18489412650633e-14,0.2598843148906,0.069,0.042,4.1080379366572e-10,"Memory B","PHF13"
9.83905798445869e-26,0.259787009147141,0.117,0.067,1.84993968223792e-21,"Memory B","HABP4"
2.2205918788614e-22,0.259773313522488,0.142,0.087,4.17515685063521e-18,"Memory B","SLC25A51"
6.78136763249767e-33,0.259733045453362,0.203,0.127,1.27503274226221e-28,"Memory B","RARS1"
1.06253378057482e-33,0.259452577275252,0.554,0.407,1.99777601423678e-29,"Memory B","RANBP1"
6.67602410836708e-10,0.259377472034841,0.057,0.034,1.25522605285518e-05,"Memory B","NXPH4"
1.06989882289082e-07,0.259350643185437,0.041,0.025,0.00201162376679932,"Memory B","ENSG00000237126"
3.30056840877028e-36,0.25933249806485,0.281,0.18,6.20572872216989e-32,"Memory B","CHCHD1"
4.69482011224922e-15,0.259241646145674,0.066,0.038,8.82720077505099e-11,"Memory B","ACYP1"
7.76486188889959e-41,0.25899788092532,0.347,0.225,1.4599493323509e-36,"Memory B","NPTN"
1.90930084249832e-15,0.258944940723059,0.073,0.042,3.58986744406533e-11,"Memory B","INTS2"
1.65121436613075e-44,0.258868288081588,0.487,0.33,3.10461325119903e-40,"Memory B","ATXN2L"
2.51884709685159e-39,0.258835926818347,0.586,0.42,4.73593631150036e-35,"Memory B","UBE2V1"
6.89226849329148e-46,0.258743225621273,0.36,0.232,1.29588432210866e-41,"Memory B","SUCLG1"
5.76893674388068e-13,0.258537025949611,0.107,0.068,1.08467548658445e-08,"Memory B","UBA6-DT"
1.05895733003674e-33,0.258368293053761,0.683,0.516,1.99105157193507e-29,"Memory B","TLN1"
7.75486601301929e-08,0.258183133094679,0.043,0.026,0.00145806990776789,"Memory B","JHY"
3.82129052681829e-22,0.257961148274134,0.142,0.088,7.18479044852375e-18,"Memory B","NDUFV3"
7.05788729429027e-46,0.257877682947876,0.348,0.216,1.32702396907246e-41,"Memory B","DHRSX"
2.34330624931431e-32,0.257810581877297,0.193,0.12,4.40588440996077e-28,"Memory B","TBL3"
1.52336077439169e-29,0.257781406279756,0.264,0.176,2.86422292801125e-25,"Memory B","TOLLIP"
3.46009933006249e-14,0.257517995205189,0.052,0.029,6.50567876038349e-10,"Memory B","ZDHHC8"
1.34893552890669e-48,0.257467923327844,0.644,0.455,2.53626858145037e-44,"Memory B","HP1BP3"
5.6490372611931e-19,0.25734834571936,0.07,0.038,1.06213198584953e-14,"Memory B","DUS4L"
1.48235735948725e-07,0.257273728609348,0.028,0.016,0.00278712830730792,"Memory B","RNASEL"
1.9269470942664e-30,0.257024147406321,0.172,0.104,3.62304592663969e-26,"Memory B","COQ10A"
3.18239151509708e-11,0.25687214713658,0.066,0.04,5.98353252668554e-07,"Memory B","PCCB"
2.96321715304796e-22,0.256794468985115,0.146,0.089,5.57144089116077e-18,"Memory B","ENSG00000279168"
1.07757106638867e-31,0.25662482864833,0.211,0.131,2.02604911902398e-27,"Memory B","LTV1"
9.36162154954775e-34,0.256497680007653,0.243,0.149,1.76017208374597e-29,"Memory B","MAP3K5"
1.93556428543541e-35,0.25642681538082,0.179,0.104,3.63924796947567e-31,"Memory B","ACSF3"
3.87527909504645e-11,0.256338827481895,0.123,0.083,7.28629975450633e-07,"Memory B","SEC24D"
2.14563727185027e-29,0.256133053699956,0.515,0.372,4.03422719853288e-25,"Memory B","TBC1D5"
3.92715187315659e-36,0.256052279051866,0.418,0.284,7.38383095190901e-32,"Memory B","TUT7"
2.96264904928088e-28,0.255773324262804,0.163,0.096,5.57037274245791e-24,"Memory B","EIF2B3"
3.20855237257003e-25,0.255697847846219,0.26,0.173,6.03272017090617e-21,"Memory B","TIMM13"
9.77425459469644e-45,0.255494109758741,0.256,0.153,1.83775534889482e-40,"Memory B","MRPL13"
1.22195353476258e-49,0.255467185168054,0.274,0.166,2.2975170360606e-45,"Memory B","KXD1"
1.03712109706586e-45,0.255460516146526,0.26,0.16,1.94999508670324e-41,"Memory B","GFM1"
4.29777537000994e-29,0.255368446156061,0.353,0.239,8.08067725069269e-25,"Memory B","BCL2L11"
2.19999367034802e-32,0.255288609911476,0.47,0.335,4.13642809898835e-28,"Memory B","EIF2S1"
9.77215767458532e-21,0.255079884773357,0.136,0.079,1.83736108597553e-16,"Memory B","CBX4"
6.76786562022176e-20,0.255033939176685,0.116,0.071,1.2724940939141e-15,"Memory B","BLTP3A"
3.38563075391201e-17,0.254986944881317,0.812,0.695,6.36566294350537e-13,"Memory B","ARID5B"
1.09263738276164e-30,0.254941113161517,0.731,0.573,2.05437680706844e-26,"Memory B","HSPA9"
6.98286284662821e-25,0.254883831704058,0.145,0.089,1.31291787242304e-20,"Memory B","NOM1"
1.51615464336492e-06,0.254860497393046,0.058,0.039,0.0285067396045473,"Memory B","LINC00265"
1.17337012578567e-31,0.254724786086721,0.271,0.176,2.20617051050221e-27,"Memory B","SLC39A3"
6.73525713281283e-24,0.254716547998679,0.089,0.05,1.26636304611147e-19,"Memory B","CARMIL2"
4.50111883944809e-38,0.254714302935947,0.464,0.322,8.4630036419303e-34,"Memory B","LPGAT1"
1.06744778412194e-12,0.254314845081227,0.056,0.033,2.00701532370607e-08,"Memory B","ENSG00000285043"
2.35240147146193e-12,0.254171240236285,0.08,0.049,4.42298524664272e-08,"Memory B","ZNF587B"
3.63811263003363e-49,0.253932269223598,0.409,0.265,6.84037936698924e-45,"Memory B","MAN2B1"
1.44190485047701e-08,0.253918808399935,0.025,0.013,0.000271106949986687,"Memory B","ENSG00000223598"
1.97825544819719e-34,0.2538978983346,0.269,0.169,3.71951589370036e-30,"Memory B","BRD1"
3.72615180654203e-26,0.253677878780159,0.156,0.097,7.00591062666032e-22,"Memory B","STK11"
5.12607365745754e-50,0.253577420416284,0.486,0.321,9.63804369075167e-46,"Memory B","ANP32A"
1.36739540128003e-18,0.253205735156204,0.088,0.051,2.5709768334867e-14,"Memory B","MED9"
1.41045590096418e-26,0.253192226695312,0.286,0.192,2.65193918499284e-22,"Memory B","MAFG"
1.11961705830007e-19,0.253007300734765,0.109,0.066,2.10510399301579e-15,"Memory B","TCP11L1"
7.57376817058536e-16,0.252892685748077,0.118,0.076,1.42401989143346e-11,"Memory B","MAK16"
2.60809052501307e-41,0.252637038891765,0.256,0.155,4.90373180512958e-37,"Memory B","TMX3"
7.13991750939674e-10,0.252577820182553,0.079,0.049,1.34244729011678e-05,"Memory B","SGO1-AS1"
2.47567369153209e-11,0.252495354123059,0.07,0.044,4.65476167481863e-07,"Memory B","MMAB"
1.84343825106064e-27,0.252337688771361,0.422,0.298,3.46603259964421e-23,"Memory B","CYBB"
1.10804244071925e-30,0.252302512327409,0.254,0.167,2.08334139704034e-26,"Memory B","MRPL16"
5.62433622641999e-27,0.252256859523725,0.372,0.263,1.05748769729149e-22,"Memory B","ABCE1"
2.78966433155791e-42,0.252001940062784,0.518,0.36,5.24512687619517e-38,"Memory B","MED10"
9.54500490291174e-44,0.251970222093483,0.379,0.246,1.79465182184547e-39,"Memory B","MIOS"
1.41948097111384e-07,0.251932250106742,0.044,0.027,0.00266890812188825,"Memory B","C5orf63"
1.54320477945132e-40,0.251914590006532,0.693,0.517,2.90153362632437e-36,"Memory B","SPCS1"
1.13692353813154e-20,0.25183000804365,0.092,0.056,2.13764363639493e-16,"Memory B","GID4"
4.33812075963455e-34,0.251730515200582,0.235,0.149,8.15653465226489e-30,"Memory B","SYMPK"
1.29504464667148e-24,0.251441020385761,0.704,0.557,2.43494294467172e-20,"Memory B","WIPF1"
2.42648715271662e-10,0.251420994751721,0.074,0.046,4.56228114453779e-06,"Memory B","DNAAF9"
7.22744005472099e-17,0.251359926097113,0.109,0.068,1.35890327908864e-12,"Memory B","ZDHHC23"
6.05794211932075e-30,0.251191029472682,0.158,0.094,1.13901427727469e-25,"Memory B","MTG2"
1.21574012642309e-14,0.251027220145116,0.061,0.034,2.2858345857007e-10,"Memory B","RPP14"
6.33334159631386e-07,0.250976223219536,0.024,0.013,0.0119079488693893,"Memory B","PSMG3-AS1"
1.54427700344046e-24,0.25089425865143,0.143,0.089,2.90354962186875e-20,"Memory B","MRPL23"
6.85070196659931e-15,0.250768863296084,0.06,0.033,1.28806898376e-10,"Memory B","ENSG00000287265"
1.52171545412579e-18,0.250768373855982,0.12,0.074,2.8611293968473e-14,"Memory B","GORAB"
5.64770027164769e-13,0.250591933432312,0.085,0.049,1.0618806050752e-08,"Memory B","SLC38A4-AS1"
2.67149660243288e-16,0.250570940889135,0.084,0.051,5.0229479118943e-12,"Memory B","ZSCAN26"
3.83147002819643e-11,0.250539761593365,0.088,0.058,7.20392994701492e-07,"Memory B","TMEM68"
5.99700267193502e-41,0.250535700640542,0.396,0.264,1.12755644237722e-36,"Memory B","HDAC1"
6.45330484726189e-20,0.250496452053661,0.134,0.085,1.21335037738218e-15,"Memory B","MBIP"
7.27967217926611e-34,0.250485849669361,0.17,0.101,1.36872396314561e-29,"Memory B","ERG28"
5.2915483435594e-47,0.250392215714935,0.501,0.342,9.94916919556039e-43,"Memory B","CPNE1"
3.40183450768878e-34,0.250373806674423,0.274,0.172,6.39612924135645e-30,"Memory B","TIMM23B"
2.14771017960596e-15,0.250372348087643,0.13,0.086,4.03812467969512e-11,"Memory B","PIGK"
8.37902539302107e-34,0.250191815722453,0.286,0.182,1.57542435439582e-29,"Memory B","GINM1"
5.04826861626295e-35,0.250168564830831,0.259,0.167,9.4917546522976e-31,"Memory B","TXNDC9"
2.3992956126715e-60,5.81445163675236,0.115,0.002,4.51115561094496e-56,"Atypical B (ABC/DN2)","SLC12A8"
1.97826508886481e-142,5.68247842408451,0.275,0.007,3.71953402008362e-138,"Atypical B (ABC/DN2)","NKG7"
1.52183382973841e-162,5.47798754990617,0.317,0.01,2.86135196667415e-158,"Atypical B (ABC/DN2)","RTN4R"
2.25623821957283e-65,5.47600720260609,0.141,0.006,4.24217910044083e-61,"Atypical B (ABC/DN2)","CST7"
1.5864871278329e-44,4.89632432785366,0.1,0.005,2.98291309775141e-40,"Atypical B (ABC/DN2)","LILRB2"
3.75325305463841e-34,4.49399171213578,0.081,0.004,7.05686639333115e-30,"Atypical B (ABC/DN2)","LRRC25"
1.75328234021597e-43,4.47821614104844,0.097,0.004,3.29652145607407e-39,"Atypical B (ABC/DN2)","BCL11B"
2.16790853925886e-214,4.44297314559604,0.483,0.033,4.07610163551451e-210,"Atypical B (ABC/DN2)","TOX2"
6.42784844232217e-34,4.1698332293168,0.086,0.005,1.20856406412542e-29,"Atypical B (ABC/DN2)","GIPR"
3.6714018142463e-320,4.14387770601271,0.703,0.062,6.9029696911459e-316,"Atypical B (ABC/DN2)","ITGAX"
2.78302496881965e-46,3.91544420413005,0.129,0.01,5.2326435463747e-42,"Atypical B (ABC/DN2)","SYT1"
5.72525295812909e-50,3.91093477936202,0.136,0.01,1.07646206118743e-45,"Atypical B (ABC/DN2)","SLC11A1"
1.22857691883487e-212,3.8906655772473,0.548,0.062,2.30997032279333e-208,"Atypical B (ABC/DN2)","ENC1"
3.93523393753679e-75,3.83901583918641,0.207,0.016,7.39902684935666e-71,"Atypical B (ABC/DN2)","SPTBN4"
0,3.73764313986645,0.848,0.117,0,"Atypical B (ABC/DN2)","SOX5"
1.68247987426113e-40,3.68961507030479,0.116,0.01,3.16339865958578e-36,"Atypical B (ABC/DN2)","CTSW"
1.1957474346849e-41,3.67477226654531,0.124,0.012,2.24824432669455e-37,"Atypical B (ABC/DN2)","ENSG00000289863"
1.91696406874307e-73,3.62325393056229,0.215,0.02,3.60427584205072e-69,"Atypical B (ABC/DN2)","CREB5"
0,3.49597151442348,0.832,0.18,0,"Atypical B (ABC/DN2)","TXNDC5"
1.66565524822338e-37,3.44732678488502,0.105,0.008,3.1317649977096e-33,"Atypical B (ABC/DN2)","VASN"
2.44141166947131e-51,3.39361453189739,0.184,0.025,4.59034222093996e-47,"Atypical B (ABC/DN2)","TOX"
2.92584679042413e-22,3.38549621328167,0.073,0.008,5.50117713535545e-18,"Atypical B (ABC/DN2)","PLCL1"
5.38720498734315e-20,3.36403984733553,0.06,0.005,1.01290228172026e-15,"Atypical B (ABC/DN2)","TMEM178B"
9.58745922651262e-35,3.29947716278406,0.12,0.015,1.8026340837689e-30,"Atypical B (ABC/DN2)","SEMA6A"
7.49013352412474e-19,3.26812335771352,0.065,0.008,1.40829490520593e-14,"Atypical B (ABC/DN2)","MLLT11"
4.37857441952524e-30,3.25955365923514,0.105,0.013,8.23259562359136e-26,"Atypical B (ABC/DN2)","FGD4"
1.46457593862911e-43,3.20645527756872,0.15,0.018,2.75369567981045e-39,"Atypical B (ABC/DN2)","BMP8A"
1.37335153288062e-243,3.1731794153535,0.703,0.136,2.58217555212213e-239,"Atypical B (ABC/DN2)","GPR137B"
1.18088835938324e-24,3.14031716857761,0.089,0.011,2.22030629331237e-20,"Atypical B (ABC/DN2)","EEPD1"
1.58641845316339e-31,3.13142775021587,0.113,0.015,2.9827839756378e-27,"Atypical B (ABC/DN2)","TRERF1"
4.66200128930219e-150,3.0673257059722,0.519,0.093,8.76549482414598e-146,"Atypical B (ABC/DN2)","CD86"
1.35393816026712e-70,3.01553300236322,0.305,0.056,2.54567452893424e-66,"Atypical B (ABC/DN2)","ARL4D"
1.72096292353889e-38,2.98626049318649,0.142,0.019,3.23575448883781e-34,"Atypical B (ABC/DN2)","HOTAIRM1"
3.23155935153313e-117,2.98027595572653,0.431,0.077,6.07597789275258e-113,"Atypical B (ABC/DN2)","BLVRB"
5.74576014868085e-33,2.94303773396048,0.113,0.013,1.08031782315497e-28,"Atypical B (ABC/DN2)","NRCAM"
6.61001409827288e-25,2.93448397097064,0.095,0.013,1.24281485075727e-20,"Atypical B (ABC/DN2)","PIK3R6"
2.54795723212874e-20,2.91548317925934,0.068,0.008,4.79066918784847e-16,"Atypical B (ABC/DN2)","ENSG00000289318"
4.05221050870256e-34,2.90887633043354,0.262,0.083,7.61896619846256e-30,"Atypical B (ABC/DN2)","IGHG2"
8.08763403187569e-18,2.90667599637627,0.063,0.008,1.52063695067327e-13,"Atypical B (ABC/DN2)","SLX1A"
4.7000163765362e-198,2.85666380118165,0.654,0.114,8.83697079116336e-194,"Atypical B (ABC/DN2)","ZBTB32"
3.52229359074665e-42,2.85535962435518,0.165,0.024,6.62261640932185e-38,"Atypical B (ABC/DN2)","PDGFA"
1.40568981543258e-42,2.84538456105542,0.163,0.023,2.64297799097634e-38,"Atypical B (ABC/DN2)","UBASH3B"
1.5254366156864e-14,2.83139287044948,0.053,0.007,2.86812592481356e-10,"Atypical B (ABC/DN2)","DST"
3.53072672670356e-20,2.80857682433046,0.084,0.014,6.63847239154804e-16,"Atypical B (ABC/DN2)","PDCD1"
1.76584907669697e-38,2.79182324602581,0.173,0.033,3.32014943400564e-34,"Atypical B (ABC/DN2)","DTX1"
3.89203564665683e-14,2.79091104565402,0.06,0.01,7.31780542284418e-10,"Atypical B (ABC/DN2)","LRRK2-DT"
2.88851078233672e-14,2.77752864700577,0.065,0.012,5.4309779729495e-10,"Atypical B (ABC/DN2)","RGS13"
2.36933562297881e-47,2.76506135351339,0.195,0.032,4.45482483832475e-43,"Atypical B (ABC/DN2)","CHST2"
3.55652429207561e-26,2.75504320801056,0.108,0.017,6.68697697396057e-22,"Atypical B (ABC/DN2)","DGKG"
1.2643594983153e-13,2.74304372487701,0.061,0.013,2.37724872873243e-09,"Atypical B (ABC/DN2)","LINC02798"
2.80248345542829e-43,2.72229334972433,0.189,0.034,5.26922939289627e-39,"Atypical B (ABC/DN2)","FGFR1"
3.09810290741598e-27,2.70157431732056,0.121,0.022,5.82505308652352e-23,"Atypical B (ABC/DN2)","PHLDB1"
2.68161763687181e-80,2.69492308651704,0.334,0.064,5.04197748084637e-76,"Atypical B (ABC/DN2)","SLC25A29"
8.87237815043984e-19,2.68590621596746,0.087,0.018,1.6681845398457e-14,"Atypical B (ABC/DN2)","AGAP3"
9.09642412097442e-85,2.68206505690608,0.352,0.065,1.71030966322561e-80,"Atypical B (ABC/DN2)","SHISA8"
9.60154654819632e-18,2.67024177423647,0.081,0.016,1.80528278199187e-13,"Atypical B (ABC/DN2)","ENSG00000244676"
7.76244818732817e-13,2.66050711382096,0.053,0.008,1.45949550818144e-08,"Atypical B (ABC/DN2)","SIGLEC6"
7.00715833636494e-20,2.65844557107817,0.092,0.017,1.31748591040334e-15,"Atypical B (ABC/DN2)","FBXO32"
3.59633741358022e-77,2.6520380713646,0.331,0.062,6.76183360501352e-73,"Atypical B (ABC/DN2)","MACROD2"
8.96181239522683e-16,2.65152312555411,0.079,0.017,1.68499996655055e-11,"Atypical B (ABC/DN2)","CHODL"
1.28243463806787e-39,2.61769135641955,0.183,0.041,2.4112336064952e-35,"Atypical B (ABC/DN2)","ENOSF1"
5.17982515469042e-34,2.58244832405737,0.137,0.021,9.73910725584893e-30,"Atypical B (ABC/DN2)","TIGD3"
3.1055770972661e-08,2.57994324361957,0.039,0.008,0.000583910605827972,"Atypical B (ABC/DN2)","LINC01010"
1.67213733890623e-39,2.55973490030706,0.183,0.034,3.14395262461149e-35,"Atypical B (ABC/DN2)","SNTB1"
8.79402532450645e-39,2.55353736180484,0.186,0.04,1.6534526415137e-34,"Atypical B (ABC/DN2)","LINC01679"
2.4962400863624e-10,2.54524432946777,0.048,0.01,4.69343061037859e-06,"Atypical B (ABC/DN2)","ASCL2"
1.50174261898616e-51,2.5292640502015,0.239,0.049,2.82357647221778e-47,"Atypical B (ABC/DN2)","ADAP1"
4.95549372126947e-13,2.51692202101787,0.061,0.012,9.31731929473087e-09,"Atypical B (ABC/DN2)","RIC8B"
3.52528569842556e-22,2.49860095363038,0.092,0.015,6.62824217017974e-18,"Atypical B (ABC/DN2)","SPON2"
9.62246160760119e-21,2.4976150092244,0.103,0.023,1.80921523146118e-16,"Atypical B (ABC/DN2)","MYOM2"
1.29213966010277e-10,2.47857410449332,0.05,0.01,2.42948098892522e-06,"Atypical B (ABC/DN2)","YES1"
1.12840934680756e-116,2.476257163376,0.514,0.113,2.12163525386758e-112,"Atypical B (ABC/DN2)","HMOX1"
8.11262204216856e-17,2.46740900877854,0.081,0.015,1.52533519636853e-12,"Atypical B (ABC/DN2)","MIAT"
1.27295092456517e-08,2.46539691173503,0.047,0.011,0.000239340232836743,"Atypical B (ABC/DN2)","PIF1"
4.97679182044293e-181,2.4601496944689,0.725,0.181,9.3573639807968e-177,"Atypical B (ABC/DN2)","DUSP4"
9.58823591973569e-22,2.44783164250546,0.097,0.017,1.80278011762871e-17,"Atypical B (ABC/DN2)","SDC3"
1.70449325848282e-190,2.44063892664035,0.729,0.226,3.2047882245994e-186,"Atypical B (ABC/DN2)","TNFRSF1B"
7.68125240541638e-102,2.43901605370278,0.47,0.113,1.44422907726639e-97,"Atypical B (ABC/DN2)","PBX4"
1.65215608522851e-46,2.43252831434023,0.237,0.054,3.10638387144665e-42,"Atypical B (ABC/DN2)","LMO2"
1.42737256924315e-43,2.40981942778882,0.215,0.045,2.68374590469097e-39,"Atypical B (ABC/DN2)","ITGB2-AS1"
4.56258786836522e-67,2.39522778831665,0.318,0.068,8.57857771010029e-63,"Atypical B (ABC/DN2)","THEMIS2"
2.0845598644241e-62,2.37977981614245,0.32,0.075,3.91938945709019e-58,"Atypical B (ABC/DN2)","SLA"
1.0194205254382e-17,2.36809742347682,0.087,0.017,1.91671447192891e-13,"Atypical B (ABC/DN2)","PEBP4"
1.36286760662943e-208,2.35978220188519,0.801,0.308,2.56246367398465e-204,"Atypical B (ABC/DN2)","METRNL"
4.83001631485902e-12,2.35840661790831,0.057,0.011,9.08139667519794e-08,"Atypical B (ABC/DN2)","OTUD7B"
3.9752229397712e-219,2.34728148011491,0.837,0.235,7.47421417135781e-215,"Atypical B (ABC/DN2)","ATXN1"
1.17990649813797e-09,2.3365952810086,0.048,0.01,2.21846019779901e-05,"Atypical B (ABC/DN2)","ATP1A3"
3.32219988229561e-12,2.33574461196086,0.06,0.012,6.2464002186922e-08,"Atypical B (ABC/DN2)","GNAZ"
1.00664176062901e-13,2.33035843852148,0.066,0.013,1.89268783833467e-09,"Atypical B (ABC/DN2)","FHL1"
8.24455445312645e-08,2.32860359285442,0.042,0.009,0.00155014112827683,"Atypical B (ABC/DN2)","BFSP2"
1.94053238122866e-74,2.31234526237362,0.46,0.146,3.64858898318613e-70,"Atypical B (ABC/DN2)","MT2A"
3.55803538182828e-55,2.30467126327133,0.281,0.062,6.68981812491353e-51,"Atypical B (ABC/DN2)","HEG1"
4.82575812729952e-17,2.30278441702841,0.089,0.018,9.07339043094856e-13,"Atypical B (ABC/DN2)","WNT16"
3.61577505379321e-121,2.29997411037897,0.565,0.145,6.798380256142e-117,"Atypical B (ABC/DN2)","ITGB2"
3.23883989767781e-24,2.29819468571742,0.126,0.026,6.08966677561382e-20,"Atypical B (ABC/DN2)","FCGR2C"
4.35095702478244e-60,2.29557954392511,0.333,0.091,8.18066939799595e-56,"Atypical B (ABC/DN2)","HCST"
3.04969333312873e-08,2.28890066302028,0.044,0.01,0.000573403340494863,"Atypical B (ABC/DN2)","PRRT1B"
8.50782460006349e-62,2.28432313780505,0.313,0.071,1.59964118130394e-57,"Atypical B (ABC/DN2)","SYT11"
3.56059381399964e-50,2.281792906556,0.265,0.061,6.69462848908213e-46,"Atypical B (ABC/DN2)","SPATA13"
4.64615696475358e-22,2.27779590545136,0.115,0.024,8.73570432512968e-18,"Atypical B (ABC/DN2)","ERFL"
3.51507333699883e-21,2.27339063753717,0.116,0.027,6.60904088822519e-17,"Atypical B (ABC/DN2)","ADAM15"
1.04791691878772e-34,2.26571082756177,0.204,0.054,1.97029339070468e-30,"Atypical B (ABC/DN2)","FMNL2"
3.65290667897846e-97,2.2543090697986,0.506,0.14,6.8681951378153e-93,"Atypical B (ABC/DN2)","PLD4"
3.15014271504873e-88,2.24455383568003,0.499,0.155,5.92289833283463e-84,"Atypical B (ABC/DN2)","PGAP1"
1.2517880130787e-09,2.23813022151347,0.045,0.009,2.35361182219058e-05,"Atypical B (ABC/DN2)","DTX3"
3.01380120948645e-17,2.2296410332733,0.095,0.021,5.66654903407642e-13,"Atypical B (ABC/DN2)","SH2D2A"
2.4494917247509e-51,2.22548352733109,0.279,0.067,4.60553434087665e-47,"Atypical B (ABC/DN2)","TRIB1"
5.34867197490732e-18,2.22182225180366,0.094,0.019,1.00565730472207e-13,"Atypical B (ABC/DN2)","ENSG00000286546"
1.13451045695001e-11,2.22014934986006,0.068,0.019,2.13310656115742e-07,"Atypical B (ABC/DN2)","DNAI7"
7.74715614495829e-07,2.21868128755607,0.036,0.008,0.0145662029837506,"Atypical B (ABC/DN2)","IL12RB2"
2.75090001059615e-16,2.21561039771412,0.086,0.018,5.17224219992288e-12,"Atypical B (ABC/DN2)","RPP25"
4.28026087305017e-20,2.21484182023436,0.118,0.03,8.04774649350894e-16,"Atypical B (ABC/DN2)","SEMA6A-AS1"
3.93789984953946e-75,2.21345584293206,0.399,0.1,7.40403929710409e-71,"Atypical B (ABC/DN2)","CXCR3"
2.61824848429566e-13,2.21321359571023,0.071,0.015,4.9228308001727e-09,"Atypical B (ABC/DN2)","PGPEP1"
4.09050051997834e-66,2.20764782478093,0.394,0.125,7.69095907766327e-62,"Atypical B (ABC/DN2)","RRBP1"
1.50975314574131e-09,2.20590815415446,0.047,0.009,2.83863786462281e-05,"Atypical B (ABC/DN2)","LINC02968"
2.22968135580983e-23,2.19283063736771,0.141,0.034,4.19224688519364e-19,"Atypical B (ABC/DN2)","TBX21"
8.0369433096023e-21,2.18456883021467,0.121,0.028,1.51110608107143e-16,"Atypical B (ABC/DN2)","ZEB2-AS1"
5.44648176698362e-08,2.18312606983275,0.044,0.01,0.00102404750182826,"Atypical B (ABC/DN2)","ENSG00000288838"
8.56467427786386e-33,2.16565339918465,0.173,0.037,1.61033005772396e-28,"Atypical B (ABC/DN2)","BMP6"
7.06105828486167e-302,2.1548308471609,0.96,0.692,1.32762017871969e-297,"Atypical B (ABC/DN2)","IFI30"
3.77704808937128e-36,2.15030116103902,0.22,0.057,7.10160581763589e-32,"Atypical B (ABC/DN2)","BCAT1"
1.19590639326995e-19,2.12841792632614,0.116,0.028,2.24854320062616e-15,"Atypical B (ABC/DN2)","PLPP3"
2.05607016140491e-77,2.1259466092479,0.412,0.102,3.86582311747351e-73,"Atypical B (ABC/DN2)","PRAG1"
8.84492434317506e-31,2.12189516365931,0.187,0.048,1.66302267500377e-26,"Atypical B (ABC/DN2)","HOPX"
3.41334846007711e-42,2.1192819305046,0.252,0.065,6.41777777463698e-38,"Atypical B (ABC/DN2)","TIMP1"
2.32102666808287e-86,2.11678953326575,0.48,0.138,4.36399434132941e-82,"Atypical B (ABC/DN2)","GFOD1"
3.43809630515869e-72,2.11400480893376,0.384,0.093,6.46430867295937e-68,"Atypical B (ABC/DN2)","IER5L"
1.53667296863697e-34,2.09967664946173,0.221,0.064,2.88925251563123e-30,"Atypical B (ABC/DN2)","APBB3"
1.95174430498521e-13,2.09599401545612,0.089,0.024,3.66966964223319e-09,"Atypical B (ABC/DN2)","RAMP1"
1.19865861439111e-25,2.08940128984161,0.157,0.039,2.25371792677817e-21,"Atypical B (ABC/DN2)","CHAF1A"
3.02514775733484e-28,2.08827663342412,0.208,0.075,5.68788281334097e-24,"Atypical B (ABC/DN2)","EOLA1"
7.80477212390359e-18,2.06508230400698,0.111,0.028,1.46745325473635e-13,"Atypical B (ABC/DN2)","ATXN1-AS1"
7.36988653629844e-08,2.0574599683533,0.05,0.014,0.00138568606655483,"Atypical B (ABC/DN2)","CPNE8"
1.11076583410195e-16,2.05556550166242,0.108,0.029,2.08846192127848e-12,"Atypical B (ABC/DN2)","ENSG00000291212"
2.25088318491858e-146,2.05219264638912,0.745,0.26,4.23211056428392e-142,"Atypical B (ABC/DN2)","CEMIP2"
6.07601058039994e-14,2.05015833862512,0.09,0.025,1.1424115093268e-09,"Atypical B (ABC/DN2)","CLIP4"
7.18097924659067e-07,2.04805005446319,0.042,0.011,0.0135016771794398,"Atypical B (ABC/DN2)","ITPRIPL2"
1.30607303199652e-158,2.04759457833329,0.767,0.266,2.45567851475986e-154,"Atypical B (ABC/DN2)","FGR"
1.33837085807543e-38,2.04328554070158,0.241,0.065,2.51640488735342e-34,"Atypical B (ABC/DN2)","MYO1F"
6.49182271937102e-18,2.0413180901972,0.115,0.03,1.22059250769614e-13,"Atypical B (ABC/DN2)","GPRIN1"
1.99525784251513e-14,2.03288463698744,0.105,0.031,3.75148379549696e-10,"Atypical B (ABC/DN2)","HIC1"
1.08285268099069e-66,2.0248535879583,0.42,0.138,2.0359796107987e-62,"Atypical B (ABC/DN2)","TP53I11"
2.00128552642718e-48,2.02265393443721,0.302,0.084,3.76281704678839e-44,"Atypical B (ABC/DN2)","MYO5C"
4.85375037428969e-10,2.02200213253609,0.066,0.018,9.12602145373948e-06,"Atypical B (ABC/DN2)","CD274"
1.34763583406935e-15,2.01965849609925,0.103,0.028,2.53382489521719e-11,"Atypical B (ABC/DN2)","BOLA2B"
1.49602515615448e-44,2.01233782515539,0.302,0.099,2.81282649860165e-40,"Atypical B (ABC/DN2)","LDAF1"
1.65701554732223e-103,2.0116825364286,0.619,0.227,3.11552063207527e-99,"Atypical B (ABC/DN2)","LGMN"
3.39092298195337e-56,2.00815485307351,0.351,0.098,6.37561339066873e-52,"Atypical B (ABC/DN2)","OAS1"
9.87882129022896e-16,1.9994688491655,0.11,0.032,1.85741597898885e-11,"Atypical B (ABC/DN2)","ENSG00000188897"
5.90119189864333e-12,1.99334563194606,0.074,0.019,1.10954210078292e-07,"Atypical B (ABC/DN2)","FUCA2"
5.30738056485121e-24,1.99165432111456,0.141,0.033,9.97893693803325e-20,"Atypical B (ABC/DN2)","TGM2"
1.74641705535745e-12,1.99015232065459,0.082,0.022,3.28361334748307e-08,"Atypical B (ABC/DN2)","SMCO4"
4.08325626179795e-68,1.98654979423976,0.439,0.138,7.67733842343251e-64,"Atypical B (ABC/DN2)","PTPN22"
3.35732230032981e-18,1.97939616365961,0.124,0.035,6.31243738908011e-14,"Atypical B (ABC/DN2)","LIMS2"
2.70162103849499e-27,1.97806801403432,0.171,0.044,5.07958787657827e-23,"Atypical B (ABC/DN2)","CHRNE"
1.45641396943135e-07,1.96785631799776,0.053,0.017,0.00273834954532482,"Atypical B (ABC/DN2)","NCS1"
4.30102155722808e-10,1.96338471633983,0.069,0.02,8.08678073190023e-06,"Atypical B (ABC/DN2)","KCNK6"
6.89645408711714e-21,1.9605176781775,0.131,0.033,1.29667129745977e-16,"Atypical B (ABC/DN2)","VPS26B"
3.80208377734046e-18,1.95097711353321,0.115,0.029,7.14867791815553e-14,"Atypical B (ABC/DN2)","LINC01013"
2.1174153423085e-109,1.94853675377852,0.627,0.254,3.98116432660843e-105,"Atypical B (ABC/DN2)","NCBP3"
2.35152022221826e-12,1.94545611883753,0.09,0.027,4.42132832181477e-08,"Atypical B (ABC/DN2)","PRKCH"
1.34934532699485e-84,1.94426060686301,0.523,0.18,2.53703908381572e-80,"Atypical B (ABC/DN2)","LINC00278"
5.92270007928979e-07,1.92278731397481,0.047,0.013,0.0111358606890807,"Atypical B (ABC/DN2)","ENSG00000255670"
4.96227108931955e-316,1.91911554274895,0.955,0.642,9.33006210213862e-312,"Atypical B (ABC/DN2)","PSAP"
1.84484881957126e-82,1.91905408458699,0.525,0.182,3.46868475055788e-78,"Atypical B (ABC/DN2)","MIDEAS"
1.10195974268495e-74,1.90807449534162,0.43,0.116,2.07190470819623e-70,"Atypical B (ABC/DN2)","CYTOR"
4.85042485316206e-15,1.90772483790938,0.108,0.032,9.1197688089153e-11,"Atypical B (ABC/DN2)","EPB41L4A"
3.22128661510662e-46,1.90523489823546,0.313,0.093,6.05666309372347e-42,"Atypical B (ABC/DN2)","HES4"
1.20457644812846e-88,1.90262829691386,0.588,0.228,2.26484463777112e-84,"Atypical B (ABC/DN2)","DUSP2"
7.07071034435424e-19,1.87588943541955,0.139,0.042,1.32943495894548e-14,"Atypical B (ABC/DN2)","ENSG00000269968"
3.22621148015541e-79,1.87280550730357,0.507,0.163,6.0659228249882e-75,"Atypical B (ABC/DN2)","ITM2C"
9.77751025559633e-18,1.86927307727711,0.131,0.039,1.83836747825722e-13,"Atypical B (ABC/DN2)","TLR9"
2.65109657049542e-17,1.86812125266518,0.124,0.036,4.98459177184548e-13,"Atypical B (ABC/DN2)","CTH"
5.00147657383375e-84,1.85186636961082,0.541,0.177,9.40377625412222e-80,"Atypical B (ABC/DN2)","CD72"
5.69685999813879e-16,1.84915535154803,0.118,0.035,1.07112361685006e-11,"Atypical B (ABC/DN2)","IL12RB1"
1.29701955164087e-18,1.8445329380056,0.141,0.044,2.43865616099516e-14,"Atypical B (ABC/DN2)","CALHM2"
4.86742191229400e-09,1.84361658025921,0.05,0.012,9.15172667949517e-05,"Atypical B (ABC/DN2)","FRMPD3"
7.04716495294694e-44,1.83426367078575,0.315,0.097,1.32500795445308e-39,"Atypical B (ABC/DN2)","DOCK4"
3.9423473339102e-38,1.83215987127273,0.246,0.066,7.41240145721795e-34,"Atypical B (ABC/DN2)","CD68"
1.55585269683855e-32,1.83210073776849,0.229,0.067,2.92531424059584e-28,"Atypical B (ABC/DN2)","DUSP16"
6.91940951415539e-21,1.82578214575492,0.149,0.042,1.3009873768515e-16,"Atypical B (ABC/DN2)","ADAP2"
3.63048282932143e-160,1.82574334257061,0.921,0.688,6.82603381569016e-156,"Atypical B (ABC/DN2)","ATP1B3"
4.02640712366446e-45,1.82150154598191,0.313,0.094,7.57045067391392e-41,"Atypical B (ABC/DN2)","DRAM1"
2.28467256936331e-09,1.8180684821209,0.063,0.017,4.29564136491689e-05,"Atypical B (ABC/DN2)","ZNF385A"
3.83853109257153e-18,1.81388435655199,0.103,0.025,7.217206160253e-14,"Atypical B (ABC/DN2)","ZNF703"
5.0978674130647e-14,1.813344087904,0.155,0.065,9.58501031004425e-10,"Atypical B (ABC/DN2)","ENSG00000284634"
4.52371292729232e-28,1.81089009686408,0.199,0.057,8.50548504589502e-24,"Atypical B (ABC/DN2)","ITGAL"
1.23870613634971e-11,1.80455675668223,0.073,0.019,2.32901527756472e-07,"Atypical B (ABC/DN2)","FOXP4-AS1"
1.2778929749794e-216,1.79890950871825,0.963,0.698,2.40269437155627e-212,"Atypical B (ABC/DN2)","SRGN"
1.63207136745111e-09,1.79882207060088,0.047,0.01,3.06862058508158e-05,"Atypical B (ABC/DN2)","CLCN4"
3.27320823167188e-80,1.79806043744243,0.548,0.199,6.15428611718946e-76,"Atypical B (ABC/DN2)","PAG1"
8.84876832461475e-13,1.79356622227688,0.089,0.025,1.66374542039406e-08,"Atypical B (ABC/DN2)","C17orf107"
3.75001177812952e-22,1.79128631017425,0.181,0.062,7.05077214523912e-18,"Atypical B (ABC/DN2)","FBXO10"
3.71915861888925e-25,1.78653558495194,0.191,0.058,6.99276203523556e-21,"Atypical B (ABC/DN2)","NIBAN1"
6.43718401080798e-107,1.78361733912949,0.754,0.334,1.21031933771212e-102,"Atypical B (ABC/DN2)","RGS2"
9.49665807276258e-23,1.78265639244044,0.17,0.051,1.78556165084082e-18,"Atypical B (ABC/DN2)","GDPD5"
2.68233359129894e-114,1.77776097834405,0.619,0.183,5.04332361836026e-110,"Atypical B (ABC/DN2)","HSPB1"
6.39140455979798e-18,1.7750867623726,0.137,0.041,1.20171188533322e-13,"Atypical B (ABC/DN2)","DPYSL2"
3.83828976400792e-12,1.77339829764017,0.069,0.016,7.2167524142877e-08,"Atypical B (ABC/DN2)","LRRC32"
7.19736118737768e-11,1.76691547495574,0.068,0.017,1.35324785045075e-06,"Atypical B (ABC/DN2)","PYHIN1"
3.06872332000661e-63,1.76654728346816,0.405,0.118,5.76981358627642e-59,"Atypical B (ABC/DN2)","HLA-G"
6.19567372113105e-12,1.76338547079088,0.095,0.031,1.16491057304706e-07,"Atypical B (ABC/DN2)","BMPR1A"
5.68646938846041e-14,1.76287096853509,0.105,0.031,1.06916997441833e-09,"Atypical B (ABC/DN2)","USP13"
6.55002231812543e-13,1.76224209163373,0.092,0.026,1.23153519625394e-08,"Atypical B (ABC/DN2)","SLC37A2"
2.91482404370089e-09,1.7613069690627,0.066,0.019,5.48045216696641e-05,"Atypical B (ABC/DN2)","RAP1GAP2"
2.39226468070951e-200,1.76116309849105,0.885,0.475,4.49793605267002e-196,"Atypical B (ABC/DN2)","GGA2"
6.59898650906685e-14,1.75785862356851,0.107,0.032,1.24074144343475e-09,"Atypical B (ABC/DN2)","ARHGAP18"
4.34044754425139e-19,1.75527263800417,0.132,0.037,8.16090947270146e-15,"Atypical B (ABC/DN2)","TTC28"
4.60608254539816e-27,1.75158304080846,0.236,0.084,8.66035640185762e-23,"Atypical B (ABC/DN2)","TNIK"
5.84393278039982e-133,1.75088374467714,0.795,0.331,1.09877624137077e-128,"Atypical B (ABC/DN2)","RGCC"
4.7534766810615e-08,1.74726321552194,0.05,0.013,0.000893748685573184,"Atypical B (ABC/DN2)","CDC42EP3-AS1"
6.37579848079616e-08,1.74146805506348,0.055,0.016,0.00119877763035929,"Atypical B (ABC/DN2)","TAGLN"
2.19715243987432e-09,1.73609753943999,0.063,0.017,4.13108601745169e-05,"Atypical B (ABC/DN2)","MOXD1"
1.71480006534316e-21,1.73552690692735,0.166,0.051,3.22416708285822e-17,"Atypical B (ABC/DN2)","ADGRG5"
4.20147375502444e-54,1.73043766929504,0.381,0.118,7.89961095419695e-50,"Atypical B (ABC/DN2)","HCK"
4.25644493021226e-09,1.72725499760238,0.071,0.022,8.0029677577851e-05,"Atypical B (ABC/DN2)","ENSG00000231128"
2.7729970863694e-17,1.72346888630261,0.149,0.052,5.21378912179174e-13,"Atypical B (ABC/DN2)","LY96"
3.93658015655118e-31,1.72237778765832,0.241,0.076,7.40155801034753e-27,"Atypical B (ABC/DN2)","SERPINB6"
2.11264373749721e-33,1.72222749303156,0.247,0.075,3.97219275524225e-29,"Atypical B (ABC/DN2)","SRGAP2C"
2.97270888844425e-11,1.72193981042473,0.082,0.024,5.58928725205289e-07,"Atypical B (ABC/DN2)","GLMP"
1.65851262281023e-08,1.72050937236875,0.058,0.016,0.00031183354334078,"Atypical B (ABC/DN2)","ENSG00000289995"
8.53173005965266e-55,1.71785964247458,0.428,0.153,1.60413588581589e-50,"Atypical B (ABC/DN2)","MX2"
7.14774204309752e-07,1.71523340456686,0.047,0.013,0.013439184589432,"Atypical B (ABC/DN2)","CDH23"
1.72141075840074e-09,1.70908665919401,0.074,0.023,3.23659650794507e-05,"Atypical B (ABC/DN2)","ENSG00000268056"
3.30129673569413e-108,1.70782370761954,0.711,0.296,6.20709812245211e-104,"Atypical B (ABC/DN2)","TUBB6"
1.47428633092678e-14,1.70719957807242,0.108,0.032,2.77195315940853e-10,"Atypical B (ABC/DN2)","RCBTB2"
4.05719510801579e-07,1.70203264436727,0.052,0.015,0.0076283382420913,"Atypical B (ABC/DN2)","PPIEL"
6.34915634949749e-07,1.69924591821525,0.052,0.016,0.0119376837683252,"Atypical B (ABC/DN2)","SPAG5"
2.23313767790853e-11,1.69681434550845,0.105,0.04,4.19874546200361e-07,"Atypical B (ABC/DN2)","KIF21A"
2.61816084439447e-08,1.69675797521566,0.066,0.021,0.000492266601963048,"Atypical B (ABC/DN2)","ST7"
2.45494775616816e-33,1.69532442597029,0.289,0.106,4.61579277114737e-29,"Atypical B (ABC/DN2)","SEMA4D"
5.25709757203885e-24,1.69214037242985,0.21,0.074,9.88439485494745e-20,"Atypical B (ABC/DN2)","MIR4422HG"
1.1469106659481e-22,1.68588140053116,0.189,0.063,2.15642143411562e-18,"Atypical B (ABC/DN2)","SRGAP2B"
3.72984190066604e-26,1.684791442091,0.242,0.092,7.01284874163228e-22,"Atypical B (ABC/DN2)","TENT5A"
5.06675463581394e-47,1.68093601576773,0.376,0.133,9.52651206625737e-43,"Atypical B (ABC/DN2)","SERPINB8"
8.91510536519965e-69,1.67996378436487,0.535,0.213,1.67621811076484e-64,"Atypical B (ABC/DN2)","PALS2"
2.9554881854802e-64,1.6792985647392,0.489,0.177,5.55690888633988e-60,"Atypical B (ABC/DN2)","FCRLA"
6.97346558220341e-61,1.67795355282392,0.456,0.159,1.31115099876589e-56,"Atypical B (ABC/DN2)","ITGB7"
4.86184553386492e-45,1.67008473643578,0.362,0.127,9.14124197277282e-41,"Atypical B (ABC/DN2)","LILRB1"
5.50730405440283e-41,1.66916559267337,0.336,0.116,1.03548330830882e-36,"Atypical B (ABC/DN2)","FCRL5"
3.49944172849089e-14,1.66558071899473,0.152,0.064,6.57965033790857e-10,"Atypical B (ABC/DN2)","MCOLN2"
7.63136715383561e-31,1.6649354137505,0.255,0.086,1.43484965226417e-26,"Atypical B (ABC/DN2)","FCRL2"
5.3092063400522e-45,1.66297002608463,0.381,0.15,9.98236976056615e-41,"Atypical B (ABC/DN2)","STK38L"
1.7196518930686e-111,1.6621025156984,0.733,0.295,3.23328948934758e-107,"Atypical B (ABC/DN2)","BCAR3"
2.58991574117666e-21,1.66064581705024,0.189,0.067,4.86955957656036e-17,"Atypical B (ABC/DN2)","ENSG00000230709"
4.32897189552769e-14,1.6549241684033,0.128,0.045,8.13933295797116e-10,"Atypical B (ABC/DN2)","TSEN54"
1.9058715523742e-12,1.65068940140823,0.118,0.044,3.58341969277397e-08,"Atypical B (ABC/DN2)","EPOR"
4.46922951141256e-21,1.64992311160489,0.184,0.063,8.40304532735789e-17,"Atypical B (ABC/DN2)","MS4A7"
2.05848245992955e-54,1.6442883781832,0.435,0.154,3.87035872115953e-50,"Atypical B (ABC/DN2)","COPDA1"
1.21115498119855e-19,1.64355943126757,0.178,0.062,2.27721359564952e-15,"Atypical B (ABC/DN2)","BHLHE41"
1.76985664323695e-63,1.64068209900426,0.501,0.193,3.32768446061411e-59,"Atypical B (ABC/DN2)","SETBP1"
1.2681757041585e-12,1.64031915144968,0.107,0.035,2.38442395895882e-08,"Atypical B (ABC/DN2)","ASPH"
5.70118824365141e-15,1.63760559240534,0.121,0.038,1.07193741357134e-10,"Atypical B (ABC/DN2)","ENSG00000288964"
3.59823067545215e-55,1.63718452589812,0.499,0.212,6.76539331598514e-51,"Atypical B (ABC/DN2)","POLB"
8.21022227273492e-08,1.63502623011874,0.073,0.026,0.00154368599171962,"Atypical B (ABC/DN2)","TLCD3A"
3.18578247378176e-93,1.6230901682595,0.666,0.281,5.98990820720446e-89,"Atypical B (ABC/DN2)","LPCAT1"
2.63986238053345e-78,1.62164388757601,0.593,0.281,4.963469247879e-74,"Atypical B (ABC/DN2)","TYMP"
3.13089753608908e-46,1.61915191505173,0.37,0.127,5.88671354735468e-42,"Atypical B (ABC/DN2)","ZBTB38"
7.15758931827692e-108,1.6145945167772,0.725,0.353,1.34576994362243e-103,"Atypical B (ABC/DN2)","NFATC2"
3.54322907695954e-07,1.60822567498984,0.053,0.016,0.00666197931049934,"Atypical B (ABC/DN2)","CD226"
3.40379597652876e-09,1.60740123542062,0.087,0.032,6.39981719506937e-05,"Atypical B (ABC/DN2)","RRAGD"
2.41669975888472e-21,1.60466607041225,0.191,0.065,4.54387888665505e-17,"Atypical B (ABC/DN2)","CYTH4"
4.23343883410251e-07,1.58856151182016,0.055,0.017,0.00795971169587955,"Atypical B (ABC/DN2)","ZNF771"
1.82969192023719e-06,1.58244003891861,0.048,0.015,0.0344018674842997,"Atypical B (ABC/DN2)","AVPI1"
3.41320095906536e-74,1.5790503319685,0.596,0.253,6.41750044323469e-70,"Atypical B (ABC/DN2)","CLIP1"
1.78632571165443e-25,1.57103141540798,0.215,0.071,3.35864960305265e-21,"Atypical B (ABC/DN2)","SCIMP"
1.02583150583602e-84,1.56809552404247,0.651,0.279,1.92876839727288e-80,"Atypical B (ABC/DN2)","APBB1IP"
1.69926263616034e-06,1.56458632297011,0.04,0.011,0.0319495360850868,"Atypical B (ABC/DN2)","ASTL"
1.47417508059203e-15,1.55462806016812,0.131,0.042,2.77174398652914e-11,"Atypical B (ABC/DN2)","PLAUR"
1.71536702729746e-11,1.5519975346778,0.102,0.034,3.22523308472468e-07,"Atypical B (ABC/DN2)","GABPB2"
4.8914437733407e-76,1.55164369969772,0.606,0.267,9.19689258263519e-72,"Atypical B (ABC/DN2)","PRKX"
2.62188807689533e-27,1.53972050405739,0.26,0.097,4.92967396217859e-23,"Atypical B (ABC/DN2)","FCGR2B"
2.61604949946722e-36,1.53645038678215,0.321,0.115,4.91869626889827e-32,"Atypical B (ABC/DN2)","SEMA4B"
9.08515010593611e-41,1.53614506462411,0.368,0.138,1.70818992291811e-36,"Atypical B (ABC/DN2)","SRGAP2"
1.09356470410296e-38,1.53006317598516,0.375,0.15,2.05612035665439e-34,"Atypical B (ABC/DN2)","JAK2"
7.85237004817579e-115,1.52135116525192,0.832,0.459,1.47640261645801e-110,"Atypical B (ABC/DN2)","COTL1"
2.48331405143573e-22,1.51988740692175,0.187,0.062,4.66912707950947e-18,"Atypical B (ABC/DN2)","TRPV2"
2.31146507127309e-25,1.51737008593364,0.246,0.091,4.34601662700766e-21,"Atypical B (ABC/DN2)","PWWP2B"
1.61979339256805e-09,1.51692735814193,0.086,0.029,3.04553553670645e-05,"Atypical B (ABC/DN2)","ENSG00000227741"
6.06171703239535e-111,1.51560888897797,0.771,0.392,1.13972403643097e-106,"Atypical B (ABC/DN2)","B4GALT1"
1.04688128562162e-77,1.5145875479155,0.624,0.256,1.96834619322578e-73,"Atypical B (ABC/DN2)","P2RX5"
3.77866566152896e-14,1.51420197453256,0.145,0.055,7.10464717680674e-10,"Atypical B (ABC/DN2)","ANK3"
6.69252207398788e-22,1.51339340530809,0.213,0.08,1.2583280003512e-17,"Atypical B (ABC/DN2)","JDP2"
1.64205383186e-129,1.51157933489492,0.845,0.567,3.08738961466318e-125,"Atypical B (ABC/DN2)","RANBP2"
4.71570650452756e-169,1.50996506739279,0.916,0.717,8.86647136981271e-165,"Atypical B (ABC/DN2)","GUK1"
3.15465498626253e-08,1.50453716298069,0.082,0.03,0.00059313823051708,"Atypical B (ABC/DN2)","ENSG00000283696"
2.42544136183948e-12,1.49924055707173,0.124,0.046,4.56031484853058e-08,"Atypical B (ABC/DN2)","SLC12A9"
7.53300399093658e-70,1.49803975550636,0.596,0.258,1.4163554103759e-65,"Atypical B (ABC/DN2)","RIN3"
1.50047491481571e-12,1.49715572001219,0.157,0.066,2.82119293483651e-08,"Atypical B (ABC/DN2)","TNFSF9"
1.55411097918274e-37,1.49704219208197,0.347,0.13,2.92203946305939e-33,"Atypical B (ABC/DN2)","ST3GAL5"
7.67004515163659e-85,1.49688323052248,0.716,0.386,1.44212188941071e-80,"Atypical B (ABC/DN2)","IFITM2"
4.22242958466627e-24,1.49516742381866,0.229,0.083,7.93901210508952e-20,"Atypical B (ABC/DN2)","CCSAP"
3.21047642044798e-10,1.49179169999962,0.099,0.035,6.03633776572628e-06,"Atypical B (ABC/DN2)","PRC1"
9.85135200431639e-42,1.48798507655707,0.393,0.157,1.85225120385157e-37,"Atypical B (ABC/DN2)","ZMIZ1"
9.6622993498618e-30,1.48662224758151,0.317,0.138,1.81670552376102e-25,"Atypical B (ABC/DN2)","HCG17"
2.71638763221074e-16,1.4861687253953,0.155,0.055,5.10735202608263e-12,"Atypical B (ABC/DN2)","SIGLEC10"
1.0907254395363e-20,1.48556101760715,0.197,0.071,2.05078197141616e-16,"Atypical B (ABC/DN2)","TAX1BP3"
5.14783900126346e-07,1.48411415990925,0.063,0.022,0.00967896689017556,"Atypical B (ABC/DN2)","ENSG00000288531"
4.99304138558523e-35,1.47982392755998,0.362,0.156,9.38791641317735e-31,"Atypical B (ABC/DN2)","EXOC3"
4.12644840487871e-38,1.47672174241802,0.389,0.179,7.75854829085294e-34,"Atypical B (ABC/DN2)","ZCCHC2"
1.28261128875802e-117,1.46745349638671,0.856,0.531,2.41156574512284e-113,"Atypical B (ABC/DN2)","ESYT2"
3.75327526543339e-50,1.46686338762359,0.511,0.234,7.05690815406785e-46,"Atypical B (ABC/DN2)","ASAH1"
1.10846861685191e-22,1.46542427931339,0.229,0.087,2.08414269340496e-18,"Atypical B (ABC/DN2)","GAS7"
1.74998957691394e-90,1.46457120211808,0.729,0.424,3.29033040251358e-86,"Atypical B (ABC/DN2)","CDK2AP2"
9.93106549473124e-24,1.46396564650942,0.207,0.07,1.86723893431937e-19,"Atypical B (ABC/DN2)","CD84"
2.86385779010549e-62,1.4570518411884,0.567,0.275,5.38462541695635e-58,"Atypical B (ABC/DN2)","PABPC4"
1.28460149819471e-17,1.45590640187547,0.195,0.081,2.4153077369057e-13,"Atypical B (ABC/DN2)","PLXNC1"
2.31354802537938e-08,1.44883287661362,0.089,0.034,0.000434993299731831,"Atypical B (ABC/DN2)","DAPK2"
7.51884630071053e-11,1.44522977063783,0.134,0.056,1.41369348145959e-06,"Atypical B (ABC/DN2)","SOX4"
3.28621606975071e-45,1.44286053016876,0.444,0.193,6.17874345434529e-41,"Atypical B (ABC/DN2)","SSBP4"
7.70690663999688e-13,1.44033331332359,0.129,0.047,1.44905258645221e-08,"Atypical B (ABC/DN2)","MPST"
5.39442977768168e-23,1.43919355419488,0.368,0.206,1.01426068679971e-18,"Atypical B (ABC/DN2)","JMY"
2.52158934652974e-19,1.43896105423399,0.22,0.091,4.74109228934521e-15,"Atypical B (ABC/DN2)","PTPA"
1.17579338469904e-26,1.43859795839605,0.276,0.11,2.21072672191114e-22,"Atypical B (ABC/DN2)","ENSG00000291066"
3.5806532274931e-45,1.43442968894712,0.456,0.199,6.73234419833253e-41,"Atypical B (ABC/DN2)","CARHSP1"
1.67294464574018e-14,1.42960359071708,0.192,0.1,3.14547052292069e-10,"Atypical B (ABC/DN2)","EOLA2"
1.67148080294471e-09,1.42687486866338,0.09,0.032,3.14271820569664e-05,"Atypical B (ABC/DN2)","PTPRS"
1.71143327223322e-10,1.42576216511881,0.105,0.038,3.2178368384529e-06,"Atypical B (ABC/DN2)","GCNT2"
2.25342695401088e-13,1.42194573217531,0.115,0.038,4.23689335893127e-09,"Atypical B (ABC/DN2)","SOGA1"
2.05220774069725e-06,1.42161903722442,0.058,0.021,0.0385856099405896,"Atypical B (ABC/DN2)","TLE1-DT"
3.5698533445155e-167,1.4202281298645,0.958,0.686,6.71203825835804e-163,"Atypical B (ABC/DN2)","ZEB2"
4.70297597817105e-16,1.41869893485147,0.162,0.059,8.84253543415721e-12,"Atypical B (ABC/DN2)","FXYD1"
8.26796081102223e-15,1.41660645403455,0.153,0.058,1.5545419916884e-10,"Atypical B (ABC/DN2)","MTURN"
8.86020616743728e-07,1.41391543138795,0.069,0.026,0.0166589596360156,"Atypical B (ABC/DN2)","AFMID"
8.51096442435332e-17,1.41322350336707,0.181,0.071,1.60023153106691e-12,"Atypical B (ABC/DN2)","TBC1D12"
3.48307397367415e-12,1.41166095555328,0.105,0.036,6.54887568530214e-08,"Atypical B (ABC/DN2)","PIERCE2"
1.1396618933168e-35,1.40718494687332,0.394,0.183,2.14279229181425e-31,"Atypical B (ABC/DN2)","UGT8"
2.02504784473187e-33,1.40150268695765,0.399,0.184,3.80749495766486e-29,"Atypical B (ABC/DN2)","CASP9"
6.16526420007193e-83,1.39961617545438,0.698,0.413,1.15919297489752e-78,"Atypical B (ABC/DN2)","CNIH1"
1.7002049732869e-14,1.39523925078866,0.171,0.07,3.19672539077402e-10,"Atypical B (ABC/DN2)","TP53INP2"
8.08935668799581e-64,1.39516815070794,0.612,0.293,1.52096084447697e-59,"Atypical B (ABC/DN2)","MICAL1"
4.37895981249099e-12,1.39510586329864,0.139,0.056,8.23332023944556e-08,"Atypical B (ABC/DN2)","MT1X"
1.55615326985951e-07,1.39482223321564,0.094,0.042,0.00292587937798985,"Atypical B (ABC/DN2)","CACNA1A"
3.75288071645204e-16,1.39377623568193,0.174,0.068,7.05616632307313e-12,"Atypical B (ABC/DN2)","SH3TC1"
1.3778933289871e-07,1.39306953227912,0.055,0.017,0.00259071503716155,"Atypical B (ABC/DN2)","ENSG00000290048"
9.22098868196726e-65,1.38901020639145,0.696,0.373,1.73373029198348e-60,"Atypical B (ABC/DN2)","GLA"
6.2882283534799e-88,1.38777239931194,0.725,0.392,1.18231269502129e-83,"Atypical B (ABC/DN2)","OGDH"
5.11454055140091e-16,1.38329726620049,0.15,0.053,9.616359144744e-12,"Atypical B (ABC/DN2)","ZBTB20-AS5"
1.72257987494674e-54,1.37887233858696,0.59,0.28,3.23879468087487e-50,"Atypical B (ABC/DN2)","NR4A3"
1.46817228865282e-06,1.37799741793333,0.063,0.023,0.0276045753712504,"Atypical B (ABC/DN2)","INSL6"
1.09413789063036e-10,1.37759482295799,0.128,0.053,2.05719806196319e-06,"Atypical B (ABC/DN2)","CCDC88A"
3.7385416959423e-27,1.37587567939753,0.305,0.129,7.02920609671071e-23,"Atypical B (ABC/DN2)","CAMKK1"
2.28173563698605e-08,1.37490882258256,0.102,0.042,0.000429011934466116,"Atypical B (ABC/DN2)","GMNN"
1.41829463264773e-67,1.37154444019231,0.638,0.332,2.66667756830426e-63,"Atypical B (ABC/DN2)","PXK"
3.7038882868368e-11,1.36661597341316,0.15,0.068,6.96405075691055e-07,"Atypical B (ABC/DN2)","GZF1"
1.33998815752051e-91,1.36593071554839,0.774,0.439,2.51944573377006e-87,"Atypical B (ABC/DN2)","MALT1"
2.76748258784076e-23,1.36468241785181,0.249,0.098,5.20342076165819e-19,"Atypical B (ABC/DN2)","SCRN1"
3.61001557452021e-14,1.36361022195896,0.173,0.073,6.7875512832129e-10,"Atypical B (ABC/DN2)","PTPRO"
1.02766769655939e-49,1.36249594074512,0.648,0.396,1.93222080307096e-45,"Atypical B (ABC/DN2)","IDI1"
6.69401748007009e-21,1.36161981442972,0.244,0.101,1.25860916660278e-16,"Atypical B (ABC/DN2)","MEF2C-AS1"
2.59358728612226e-82,1.36151598749337,0.78,0.455,4.87646281536707e-78,"Atypical B (ABC/DN2)","YWHAH"
9.15065598453803e-32,1.35983696826778,0.365,0.159,1.72050633821284e-27,"Atypical B (ABC/DN2)","FOXO3"
1.09401609114125e-24,1.35922739914413,0.278,0.114,2.05696905456378e-20,"Atypical B (ABC/DN2)","SLC1A4"
2.5118298019136e-32,1.35871069106619,0.333,0.132,4.72274239355794e-28,"Atypical B (ABC/DN2)","EIF4EBP1"
8.91804122986935e-74,1.35382193240601,0.389,0.094,1.67677011204004e-69,"Atypical B (ABC/DN2)","IGHG1"
4.1852684550639e-19,1.35186904591896,0.194,0.073,7.86914174921114e-15,"Atypical B (ABC/DN2)","BBC3"
7.30746625738369e-09,1.35039069070127,0.137,0.072,0.000137394980571328,"Atypical B (ABC/DN2)","ZNF184"
7.51211902111093e-179,1.34638629993648,0.96,0.761,1.41242861834928e-174,"Atypical B (ABC/DN2)","ADGRE5"
4.16523919088361e-07,1.34423805962033,0.055,0.018,0.00783148272669936,"Atypical B (ABC/DN2)","VNN2"
2.44643448128728e-37,1.34397845012876,0.425,0.195,4.59978611171635e-33,"Atypical B (ABC/DN2)","LIMK1"
4.7396317417727e-81,1.34389293416069,0.716,0.441,8.91145560088102e-77,"Atypical B (ABC/DN2)","CNOT2"
6.57946798411662e-38,1.34220309850051,0.433,0.2,1.23707157037361e-33,"Atypical B (ABC/DN2)","ST3GAL1"
6.90250935630777e-13,1.34182700257375,0.155,0.064,1.29780980917299e-08,"Atypical B (ABC/DN2)","PHF2"
1.68977454770838e-68,1.33848239460612,0.656,0.297,3.17711410460129e-64,"Atypical B (ABC/DN2)","RHOB"
3.27687828018626e-22,1.33746931360959,0.244,0.097,6.16118654240622e-18,"Atypical B (ABC/DN2)","KIF1B"
2.64626716580282e-24,1.33738064140981,0.262,0.103,4.97551152514247e-20,"Atypical B (ABC/DN2)","ABTB2"
9.66892611649455e-44,1.33632496312391,0.477,0.214,1.81795148842331e-39,"Atypical B (ABC/DN2)","NCOR2"
1.80164290561516e-17,1.33586901559132,0.204,0.083,3.38744899113763e-13,"Atypical B (ABC/DN2)","KCTD7"
4.76767479157978e-24,1.33578138136737,0.279,0.118,8.9641821431283e-20,"Atypical B (ABC/DN2)","PLIN2"
1.76188742931335e-06,1.33569440467312,0.071,0.028,0.0331270074459495,"Atypical B (ABC/DN2)","FGFRL1"
1.87654684374396e-35,1.3304723204867,0.475,0.253,3.5282833756074e-31,"Atypical B (ABC/DN2)","GOT1"
8.50178661720417e-20,1.32804510441212,0.254,0.115,1.59850591976673e-15,"Atypical B (ABC/DN2)","CRY2"
2.3612437842324e-102,1.32461140267217,0.884,0.623,4.43961056311376e-98,"Atypical B (ABC/DN2)","S100A11"
9.14615687650679e-41,1.32282921079334,0.468,0.222,1.71966041592081e-36,"Atypical B (ABC/DN2)","GEN1"
2.45222016727864e-08,1.32180597510605,0.107,0.046,0.000461066435851731,"Atypical B (ABC/DN2)","APOL6"
2.56618483197655e-07,1.32074244165633,0.09,0.039,0.00482494072108232,"Atypical B (ABC/DN2)","INKA1"
3.32588330250302e-57,1.32067824181599,0.617,0.343,6.25332578536618e-53,"Atypical B (ABC/DN2)","KPNA2"
3.29134682046573e-41,1.31659288866742,0.491,0.243,6.18839029183966e-37,"Atypical B (ABC/DN2)","VSIR"
7.43926900442567e-41,1.31534565431923,0.33,0.112,1.39873135821211e-36,"Atypical B (ABC/DN2)","TFEC"
3.66002990043956e-149,1.31371988769131,0.981,0.873,6.88158821880645e-145,"Atypical B (ABC/DN2)","GAPDH"
1.26756216328392e-77,1.31098195237546,0.733,0.372,2.38327037940643e-73,"Atypical B (ABC/DN2)","BORCS5"
2.01723199978795e-10,1.31004475949955,0.113,0.044,3.7927996060013e-06,"Atypical B (ABC/DN2)","TICAM2"
1.38031847299414e-74,1.30788789900357,0.745,0.436,2.59527479292358e-70,"Atypical B (ABC/DN2)","WARS1"
7.18089834535106e-09,1.30362998746119,0.092,0.035,0.000135015250689291,"Atypical B (ABC/DN2)","NFIX"
2.01717269571997e-12,1.30199256797231,0.131,0.049,3.79268810249269e-08,"Atypical B (ABC/DN2)","ENSG00000285280"
2.18748822242165e-65,1.29985032102288,0.754,0.485,4.11291535579719e-61,"Atypical B (ABC/DN2)","MAP3K8"
1.45082337876921e-44,1.29500247322789,0.499,0.234,2.72783811676187e-40,"Atypical B (ABC/DN2)","IFNLR1"
1.18225078637806e-38,1.29495456822742,0.544,0.343,2.22286792854803e-34,"Atypical B (ABC/DN2)","LGALS1"
9.50332623005852e-79,1.2945203867219,0.761,0.446,1.7868153977756e-74,"Atypical B (ABC/DN2)","IRAG2"
1.92428957524479e-22,1.29159167603231,0.299,0.139,3.61804925937526e-18,"Atypical B (ABC/DN2)","PPP1R14A"
6.02818797362581e-21,1.29031076367681,0.276,0.127,1.13341990280113e-16,"Atypical B (ABC/DN2)","SACS"
1.35419643075818e-06,1.28916005232212,0.074,0.03,0.0254616012911153,"Atypical B (ABC/DN2)","H2BC15"
3.12729207352405e-14,1.28801345665665,0.17,0.069,5.87993455663992e-10,"Atypical B (ABC/DN2)","BRI3BP"
3.30718035993453e-20,1.28628872480596,0.241,0.101,6.21816051274891e-16,"Atypical B (ABC/DN2)","PYCARD"
2.01104992687882e-110,1.28477816308625,0.905,0.61,3.78117607251756e-106,"Atypical B (ABC/DN2)","LITAF"
8.3243066022986e-13,1.28354776361226,0.132,0.05,1.56513612736418e-08,"Atypical B (ABC/DN2)","PHACTR2"
1.42442270778875e-43,1.27837121217973,0.485,0.219,2.6781995751844e-39,"Atypical B (ABC/DN2)","NUDT4"
7.11042244973021e-17,1.27631680412885,0.223,0.1,1.33690162899827e-12,"Atypical B (ABC/DN2)","CTSC"
1.49895312114645e-14,1.27548070509641,0.17,0.069,2.81833165837956e-10,"Atypical B (ABC/DN2)","PABIR3"
4.60551015322388e-18,1.27542592095851,0.22,0.092,8.65928019009154e-14,"Atypical B (ABC/DN2)","CCNG2"
1.18387603518293e-07,1.27436436224322,0.087,0.035,0.00222592372135095,"Atypical B (ABC/DN2)","TMEM241"
2.12555772617289e-09,1.27230693858702,0.118,0.049,3.99647363675026e-05,"Atypical B (ABC/DN2)","CEP250"
1.91394466860148e-14,1.27119062976287,0.197,0.09,3.59859876590449e-10,"Atypical B (ABC/DN2)","LRRK2"
3.21263523268917e-39,1.27104239949212,0.43,0.184,6.04039676450217e-35,"Atypical B (ABC/DN2)","HLA-DQA2"
1.6642655918359e-76,1.2669339776851,0.753,0.441,3.12915216576985e-72,"Atypical B (ABC/DN2)","TPM4"
5.05025949884271e-103,1.26564290027202,0.916,0.694,9.49549790972407e-99,"Atypical B (ABC/DN2)","CREM"
1.73017782102007e-23,1.26288786139099,0.291,0.126,3.25308033908194e-19,"Atypical B (ABC/DN2)","POLM"
4.31717859628992e-29,1.26248255307251,0.372,0.171,8.11715919674431e-25,"Atypical B (ABC/DN2)","SLC1A5"
7.80933754169598e-121,1.26197776701974,0.953,0.642,1.46831164458968e-116,"Atypical B (ABC/DN2)","KLF2"
2.75896448065021e-29,1.26140430038793,0.372,0.174,5.18740501651852e-25,"Atypical B (ABC/DN2)","TRIM8"
4.20140457952008e-10,1.26137492135636,0.128,0.054,7.89948089041365e-06,"Atypical B (ABC/DN2)","CDK5R1"
9.67002613948297e-09,1.26069991292901,0.107,0.044,0.000181815831474559,"Atypical B (ABC/DN2)","ABHD4"
7.22095090153602e-16,1.25900895736463,0.218,0.107,1.3576831885068e-11,"Atypical B (ABC/DN2)","NCOA7"
3.15807957151243e-07,1.25897941699151,0.09,0.038,0.00593782121035767,"Atypical B (ABC/DN2)","MPV17L2"
2.5343320437886e-15,1.25793974429443,0.244,0.119,4.76505110873132e-11,"Atypical B (ABC/DN2)","RGS1"
9.08630167573968e-60,1.25313765689758,0.677,0.394,1.70840644107257e-55,"Atypical B (ABC/DN2)","CARD11"
6.57549206073203e-11,1.24550086151257,0.136,0.057,1.23632401725884e-06,"Atypical B (ABC/DN2)","CPPED1"
9.74911003301055e-16,1.2444881839332,0.202,0.087,1.83302766840664e-11,"Atypical B (ABC/DN2)","NCR3"
2.96304354928623e-15,1.24429589029339,0.205,0.091,5.57111448136797e-11,"Atypical B (ABC/DN2)","NQO2"
3.72934410193819e-20,1.24407894778869,0.242,0.102,7.01191278046418e-16,"Atypical B (ABC/DN2)","NETO2"
1.23761549876312e-15,1.24111394915867,0.21,0.093,2.32696466077442e-11,"Atypical B (ABC/DN2)","SYTL3"
1.98984064456805e-24,1.23939043001567,0.318,0.145,3.74129837991685e-20,"Atypical B (ABC/DN2)","ABHD17B"
1.86452989652366e-07,1.23736948915152,0.081,0.032,0.00350568911144378,"Atypical B (ABC/DN2)","ANKMY2"
2.65578324724814e-10,1.23719167709542,0.115,0.045,4.99340366147596e-06,"Atypical B (ABC/DN2)","ANXA2R-OT1"
4.0019720072908e-48,1.2350672793298,0.598,0.321,7.52450776810815e-44,"Atypical B (ABC/DN2)","LY6E"
4.11177460664282e-23,1.23166305063833,0.223,0.083,7.73095861540982e-19,"Atypical B (ABC/DN2)","ADARB1"
1.69470884428268e-36,1.23143297840516,0.481,0.252,3.1863915690203e-32,"Atypical B (ABC/DN2)","BIN1"
3.2088330276321e-24,1.22994969411282,0.3,0.131,6.03324785855388e-20,"Atypical B (ABC/DN2)","KCNN4"
1.160169471428e-14,1.22664706802205,0.204,0.092,2.18135064017892e-10,"Atypical B (ABC/DN2)","FBXO31"
1.2417234003258e-70,1.22624087736867,0.843,0.593,2.33468833729257e-66,"Atypical B (ABC/DN2)","S100A10"
1.12736309322057e-27,1.22609514938846,0.378,0.18,2.11966808787331e-23,"Atypical B (ABC/DN2)","OTULIN"
4.30817784152561e-14,1.22190073769443,0.199,0.092,8.10023597763645e-10,"Atypical B (ABC/DN2)","PLEKHO2"
1.04955406574736e-31,1.2186447518811,0.389,0.175,1.97337155441819e-27,"Atypical B (ABC/DN2)","SLC39A3"
3.24407780732574e-07,1.21513381604862,0.089,0.037,0.00609951509333386,"Atypical B (ABC/DN2)","SNX24"
2.31251490013817e-07,1.21447571564835,0.092,0.039,0.00434799051523979,"Atypical B (ABC/DN2)","PLAG1"
4.48208972810832e-08,1.21256203155355,0.089,0.035,0.000842722510678927,"Atypical B (ABC/DN2)","ENSG00000267379"
1.49934538902802e-09,1.21182533730789,0.137,0.062,2.81906920045048e-05,"Atypical B (ABC/DN2)","RAB34"
2.08485887131514e-83,1.21048639216595,0.847,0.592,3.91995164984673e-79,"Atypical B (ABC/DN2)","PRNP"
1.7404755803632e-16,1.20903730831998,0.225,0.101,3.27244218619888e-12,"Atypical B (ABC/DN2)","ENSG00000267476"
3.39948374695877e-62,1.2060924894091,0.693,0.405,6.39170934103188e-58,"Atypical B (ABC/DN2)","MYO9B"
1.14057372372265e-26,1.20592669556944,0.346,0.157,2.14450671534334e-22,"Atypical B (ABC/DN2)","MPRIP"
9.84411034014467e-52,1.20572287648561,0.622,0.332,1.850889626154e-47,"Atypical B (ABC/DN2)","GLUD1"
2.42551622896604e-71,1.20364233020922,0.746,0.418,4.56045561370195e-67,"Atypical B (ABC/DN2)","DAPP1"
1.61598812495583e-08,1.20182721752677,0.079,0.029,0.000303838087254195,"Atypical B (ABC/DN2)","BATF"
1.26507084826671e-34,1.20128527931856,0.478,0.246,2.37858620891107e-30,"Atypical B (ABC/DN2)","SNN"
3.26412400375374e-53,1.20097528562968,0.651,0.351,6.13720595185779e-49,"Atypical B (ABC/DN2)","LBH"
2.86296285311199e-29,1.20059917452696,0.38,0.176,5.38294275642115e-25,"Atypical B (ABC/DN2)","CORO1C"
2.95036453850127e-11,1.19881081661266,0.176,0.088,5.5472754052901e-07,"Atypical B (ABC/DN2)","MAST3"
4.15334582621207e-60,1.19464428481954,0.774,0.483,7.80912082244393e-56,"Atypical B (ABC/DN2)","TUBA4A"
9.13853948330528e-08,1.19282086455083,0.12,0.062,0.00171822819365106,"Atypical B (ABC/DN2)","SLC7A7"
1.93850990529705e-34,1.19161540069926,0.527,0.335,3.6447863239395e-30,"Atypical B (ABC/DN2)","NEK1"
8.97284469223919e-14,1.19100514494345,0.174,0.074,1.68707425903481e-09,"Atypical B (ABC/DN2)","ZMAT3"
6.99647012196154e-66,1.18996640801128,0.698,0.423,1.31547631233121e-61,"Atypical B (ABC/DN2)","ANKRD13A"
8.35520804895368e-19,1.18907741112045,0.297,0.15,1.57094621736427e-14,"Atypical B (ABC/DN2)","GPR65"
4.49895901390878e-45,1.18777370607934,0.583,0.308,8.45894273795129e-41,"Atypical B (ABC/DN2)","RAB11FIP1"
9.16830737915312e-09,1.18742591534067,0.129,0.061,0.000172382515342837,"Atypical B (ABC/DN2)","SLC35E4"
3.64772466734476e-47,1.1869867716742,0.583,0.322,6.85845191954162e-43,"Atypical B (ABC/DN2)","ABR"
3.76869372342167e-31,1.18655194458254,0.41,0.194,7.08589793877743e-27,"Atypical B (ABC/DN2)","TLE1"
4.54268607295602e-07,1.18442018550469,0.068,0.026,0.00854115835437191,"Atypical B (ABC/DN2)","GORASP1"
2.85250610496211e-53,1.18379654733304,0.656,0.359,5.36328197854976e-49,"Atypical B (ABC/DN2)","SIK1"
1.50425589275177e-23,1.18303979062354,0.363,0.19,2.82830192955187e-19,"Atypical B (ABC/DN2)","HEATR1"
1.7758380589485e-28,1.18253740971042,0.396,0.193,3.33893071843497e-24,"Atypical B (ABC/DN2)","MOB1B"
8.57108953775181e-41,1.18212957258269,0.494,0.23,1.61153625488809e-36,"Atypical B (ABC/DN2)","KYNU"
2.27518092418333e-21,1.1796788851601,0.37,0.202,4.27779517364949e-17,"Atypical B (ABC/DN2)","ISG15"
1.37906667665789e-34,1.17967357706776,0.485,0.257,2.59292116545216e-30,"Atypical B (ABC/DN2)","ENSG00000290192"
6.32150039777617e-14,1.17852110067344,0.213,0.101,1.18856850478988e-09,"Atypical B (ABC/DN2)","PCDH9"
5.57913594116204e-102,1.17794680951165,0.88,0.602,1.04898913965729e-97,"Atypical B (ABC/DN2)","RAPGEF1"
7.60483616698925e-21,1.17742310244232,0.342,0.175,1.42986129611732e-16,"Atypical B (ABC/DN2)","GPR18"
4.87108649030915e-20,1.17568974740737,0.278,0.128,9.15861681907926e-16,"Atypical B (ABC/DN2)","PLEKHG2"
2.560455577086e-16,1.17568419215284,0.263,0.132,4.8141685760371e-12,"Atypical B (ABC/DN2)","WDR55"
6.79357915459842e-16,1.17298332437001,0.204,0.088,1.2773287526476e-11,"Atypical B (ABC/DN2)","ITGAV"
2.58806644703621e-18,1.17290664889959,0.315,0.192,4.86608253371748e-14,"Atypical B (ABC/DN2)","AMPD3"
3.33509479641227e-47,1.17187434739144,0.64,0.356,6.27064523621434e-43,"Atypical B (ABC/DN2)","NIN"
4.23419425012869e-26,1.16852791205039,0.391,0.203,7.96113202909197e-22,"Atypical B (ABC/DN2)","NUP133"
1.98198015576144e-10,1.16772792705237,0.162,0.077,3.72651908886266e-06,"Atypical B (ABC/DN2)","VPS45"
1.15635564674244e-15,1.16657058830812,0.241,0.115,2.17417988700513e-11,"Atypical B (ABC/DN2)","DIPK2A"
1.77865257051154e-65,1.16357391479478,0.753,0.431,3.3442225630758e-61,"Atypical B (ABC/DN2)","KLF3"
1.95825293590222e-06,1.16144274768055,0.066,0.026,0.0368190717008336,"Atypical B (ABC/DN2)","ENSG00000249738"
2.52754863017563e-06,1.158487046233,0.071,0.029,0.0475229693445623,"Atypical B (ABC/DN2)","SCARB1"
8.67737101249007e-16,1.15691812490822,0.228,0.105,1.63151929776838e-11,"Atypical B (ABC/DN2)","SEPTIN11"
1.03140765988981e-24,1.15616672515264,0.349,0.165,1.93925268212481e-20,"Atypical B (ABC/DN2)","UPP1"
1.12375975035449e-60,1.15596266470002,0.682,0.439,2.11289308261651e-56,"Atypical B (ABC/DN2)","ORAI1"
2.38024525452563e-07,1.15523372250088,0.099,0.043,0.00447533712755909,"Atypical B (ABC/DN2)","NIPSNAP3B"
2.46214115308979e-18,1.14959744487747,0.288,0.145,4.62931779603942e-14,"Atypical B (ABC/DN2)","C15orf39"
2.91100250711256e-50,1.14127330197932,0.627,0.328,5.47326691387303e-46,"Atypical B (ABC/DN2)","PTPN6"
3.27931926578947e-15,1.13914584084797,0.236,0.113,6.16577608353736e-11,"Atypical B (ABC/DN2)","GCLM"
3.95061042385228e-29,1.13827416277628,0.376,0.172,7.42793771892706e-25,"Atypical B (ABC/DN2)","SLAMF7"
2.07120031285774e-07,1.13822203232425,0.102,0.045,0.00389427082823512,"Atypical B (ABC/DN2)","VPS37C"
9.49121157548155e-24,1.13493831603824,0.47,0.29,1.78453760042204e-19,"Atypical B (ABC/DN2)","NEU1"
1.33018907186759e-80,1.13259422410429,0.808,0.557,2.50102149292543e-76,"Atypical B (ABC/DN2)","USP24"
3.30665822749784e-52,1.12748480409447,0.666,0.407,6.21717879934144e-48,"Atypical B (ABC/DN2)","SH3KBP1"
2.40533689971637e-36,1.12364915963134,0.499,0.257,4.52251443884671e-32,"Atypical B (ABC/DN2)","ACOT9"
5.88913445900561e-38,1.12246772072347,0.506,0.248,1.10727506098223e-33,"Atypical B (ABC/DN2)","MXI1"
4.91572709182324e-14,1.11967667806933,0.195,0.087,9.24255007804605e-10,"Atypical B (ABC/DN2)","PITPNM1"
5.74393974323566e-37,1.11822743857113,0.483,0.234,1.07997555052317e-32,"Atypical B (ABC/DN2)","PIK3AP1"
1.44415788696225e-47,1.11751627082619,0.635,0.371,2.71530565906642e-43,"Atypical B (ABC/DN2)","EEA1"
2.56732399019174e-10,1.1169626061165,0.128,0.054,4.82708256635852e-06,"Atypical B (ABC/DN2)","HLA-DQB2"
1.46726618362799e-16,1.11657712186862,0.279,0.143,2.75875387845734e-12,"Atypical B (ABC/DN2)","GTDC1"
4.80635583412941e-35,1.11568269695598,0.656,0.406,9.03691023933011e-31,"Atypical B (ABC/DN2)","NR4A2"
5.68656727986896e-12,1.11366158021172,0.252,0.141,1.06918837996096e-07,"Atypical B (ABC/DN2)","PLEK"
3.5518193400544e-25,1.11267723998856,0.407,0.22,6.67813072317027e-21,"Atypical B (ABC/DN2)","ODF3B"
2.06364300812681e-10,1.11039164827116,0.152,0.069,3.88006158388003e-06,"Atypical B (ABC/DN2)","NT5C3B"
1.21900514173472e-08,1.10893238556508,0.086,0.033,0.000229197346748962,"Atypical B (ABC/DN2)","NET1"
6.84409035111725e-32,1.10756948516224,0.447,0.22,1.28682586781706e-27,"Atypical B (ABC/DN2)","FOXP4"
3.46343246377727e-10,1.1042345962403,0.183,0.102,6.51194571839403e-06,"Atypical B (ABC/DN2)","ATAD3B"
1.59351757876725e-13,1.10365477404509,0.223,0.112,2.99613175159819e-09,"Atypical B (ABC/DN2)","HPS3"
4.94297931247339e-36,1.10167061197335,0.544,0.305,9.29378970331246e-32,"Atypical B (ABC/DN2)","HCG18"
5.1277087344704e-16,1.09934977796571,0.257,0.126,9.64111796255125e-12,"Atypical B (ABC/DN2)","LGALS8"
1.94322924529019e-28,1.09867497658774,0.405,0.197,3.65365962699462e-24,"Atypical B (ABC/DN2)","IGFLR1"
2.43342341028384e-09,1.09454387462342,0.141,0.065,4.57532269601568e-05,"Atypical B (ABC/DN2)","INF2"
3.21589503893217e-10,1.09439803994486,0.136,0.059,6.04652585220026e-06,"Atypical B (ABC/DN2)","SLC17A9"
4.57082795119163e-10,1.09150527266317,0.173,0.086,8.5940707138305e-06,"Atypical B (ABC/DN2)","PTPN18"
1.46875872768409e-25,1.089795579527,0.451,0.254,2.76156015979162e-21,"Atypical B (ABC/DN2)","SIK2"
1.34033329158439e-21,1.0885835954792,0.305,0.142,2.52009465483698e-17,"Atypical B (ABC/DN2)","SLAMF6"
1.38348121325278e-34,1.08825458406794,0.561,0.35,2.60122137715788e-30,"Atypical B (ABC/DN2)","COMMD10"
1.2934730680937e-08,1.08577340529719,0.132,0.062,0.000243198806262978,"Atypical B (ABC/DN2)","CHST7"
5.10009717507902e-11,1.08275018571942,0.15,0.066,9.58920270858357e-07,"Atypical B (ABC/DN2)","CIC"
4.74838641152116e-21,1.08211500989383,0.296,0.136,8.92791613094209e-17,"Atypical B (ABC/DN2)","LHPP"
1.27205136260982e-26,1.08096794925781,0.462,0.255,2.39171097197898e-22,"Atypical B (ABC/DN2)","SGK1"
9.44155264315543e-20,1.0781206363356,0.3,0.144,1.77520072796608e-15,"Atypical B (ABC/DN2)","HEXB"
6.06946894329992e-14,1.07119856082347,0.215,0.102,1.14118155071925e-09,"Atypical B (ABC/DN2)","DNAJC5"
3.59698246896227e-24,1.06448916052098,0.351,0.167,6.76304643814287e-20,"Atypical B (ABC/DN2)","RNF11"
1.11960177304121e-19,1.06446848229641,0.294,0.14,2.10507525367209e-15,"Atypical B (ABC/DN2)","SOCS4"
1.06469136610111e-16,1.06421247299784,0.291,0.15,2.0018327065433e-12,"Atypical B (ABC/DN2)","MGAT2"
2.70143818433277e-07,1.0618290151529,0.099,0.044,0.00507924407418248,"Atypical B (ABC/DN2)","GSTM1"
1.04351329603155e-08,1.05985021647155,0.152,0.076,0.000196201369919852,"Atypical B (ABC/DN2)","TMEM181"
9.20099383534767e-15,1.05918459601748,0.291,0.163,1.72997086092207e-10,"Atypical B (ABC/DN2)","SUPV3L1"
1.35924266202682e-32,1.05655988250986,0.501,0.264,2.55564805314283e-28,"Atypical B (ABC/DN2)","ALOX5AP"
3.43853257366661e-26,1.05585296312631,0.367,0.173,6.46512894500796e-22,"Atypical B (ABC/DN2)","AIM2"
1.19470185578466e-06,1.05520820204949,0.087,0.039,0.0224627842924632,"Atypical B (ABC/DN2)","AGAP2"
9.96231858009448e-40,1.05412533885277,0.585,0.331,1.87311513942936e-35,"Atypical B (ABC/DN2)","DBNL"
1.24045055084479e-22,1.0538564084896,0.391,0.21,2.33229512569837e-18,"Atypical B (ABC/DN2)","JADE2"
2.35889092855787e-49,1.04722831108285,0.785,0.566,4.43518672387451e-45,"Atypical B (ABC/DN2)","CHD1"
7.26395613007061e-15,1.04519457189218,0.234,0.112,1.36576903157588e-10,"Atypical B (ABC/DN2)","ENTPD1"
9.65050164274234e-55,1.04427820305208,0.712,0.481,1.81448731886842e-50,"Atypical B (ABC/DN2)","TPD52"
9.40951055459063e-96,1.04116764309085,0.929,0.7,1.76917617447413e-91,"Atypical B (ABC/DN2)","AKAP13"
1.44260928232096e-40,1.0390817762603,0.609,0.377,2.71239397261988e-36,"Atypical B (ABC/DN2)","TACC1"
1.64392953537777e-41,1.03818306462957,0.607,0.333,3.09091631241729e-37,"Atypical B (ABC/DN2)","CCPG1"
1.70057211394712e-07,1.03785103145989,0.123,0.059,0.00319741568864337,"Atypical B (ABC/DN2)","MAP4K3-DT"
1.71109997023731e-35,1.0376217267359,0.582,0.348,3.2172101640402e-31,"Atypical B (ABC/DN2)","CD19"
4.15100445770424e-17,1.03710257919876,0.309,0.164,7.8047185813755e-13,"Atypical B (ABC/DN2)","TCIRG1"
9.31652290588662e-11,1.03679882486826,0.202,0.106,1.7516926367648e-06,"Atypical B (ABC/DN2)","ENSG00000291228"
3.37609894839024e-13,1.03382745555903,0.194,0.089,6.34774124276333e-09,"Atypical B (ABC/DN2)","TTC39C"
2.93540900686481e-12,1.0329605049162,0.225,0.115,5.51915601470722e-08,"Atypical B (ABC/DN2)","SLC5A6"
3.4992130698889e-09,1.03253234394274,0.16,0.079,6.57922041400511e-05,"Atypical B (ABC/DN2)","EEF2K"
2.81540871666513e-26,1.03047437378243,0.417,0.214,5.29353146907377e-22,"Atypical B (ABC/DN2)","FARP2"
4.91811865823061e-31,1.03044679551678,0.47,0.24,9.2470467012052e-27,"Atypical B (ABC/DN2)","AKT2"
1.66923827331064e-14,1.02752383385538,0.26,0.135,3.13850180147866e-10,"Atypical B (ABC/DN2)","TBC1D9B"
6.55265117596886e-16,1.02717018591158,0.249,0.119,1.23202947410567e-11,"Atypical B (ABC/DN2)","ZBTB18"
2.34071480654225e-15,1.02687346285907,0.231,0.108,4.40101197926073e-11,"Atypical B (ABC/DN2)","P2RX1"
1.36805542459344e-28,1.02669838831823,0.393,0.186,2.57221780932059e-24,"Atypical B (ABC/DN2)","PIGB"
3.61827987197603e-12,1.02439546549204,0.208,0.103,6.80308981528933e-08,"Atypical B (ABC/DN2)","KLHDC4"
2.32807452547896e-07,1.02141980899057,0.11,0.051,0.00437724572280555,"Atypical B (ABC/DN2)","IVD"
4.911236679756e-19,1.02006261410692,0.333,0.173,9.23410720527722e-15,"Atypical B (ABC/DN2)","CAPN2"
1.14077358896434e-11,1.01939384723328,0.179,0.084,2.14488250197075e-07,"Atypical B (ABC/DN2)","FOSL2"
4.15538986322651e-24,1.01856784278887,0.415,0.222,7.81296402083849e-20,"Atypical B (ABC/DN2)","RASGRP1"
3.97707116957398e-10,1.01810211859458,0.152,0.07,7.47768921303299e-06,"Atypical B (ABC/DN2)","TNFSF12"
4.21563453552989e-08,1.01508813155913,0.165,0.088,0.000792623605370329,"Atypical B (ABC/DN2)","ITPRIP"
1.7645933307242e-22,1.01379533168702,0.386,0.202,3.31778838042764e-18,"Atypical B (ABC/DN2)","RAP2B"
1.25348323416846e-16,1.01361561151185,0.347,0.201,2.35679917688353e-12,"Atypical B (ABC/DN2)","PRCP"
5.63477972295432e-54,1.01258819455066,0.754,0.487,1.05945128350987e-49,"Atypical B (ABC/DN2)","PEA15"
8.39582316983204e-11,1.01203770422785,0.155,0.071,1.57858267239182e-06,"Atypical B (ABC/DN2)","MAP7D3"
1.10274721065141e-15,1.00993759554001,0.299,0.159,2.07338530546678e-11,"Atypical B (ABC/DN2)","ATP10D"
4.57356656266591e-118,1.00804769201019,0.998,0.953,8.59921985112444e-114,"Atypical B (ABC/DN2)","EMP3"
3.69145051630496e-09,1.00802292459074,0.107,0.044,6.94066526075658e-05,"Atypical B (ABC/DN2)","ENSG00000273272"
7.33052842696904e-15,1.00509972135053,0.284,0.152,1.37828595483872e-10,"Atypical B (ABC/DN2)","APMAP"
2.87553860312417e-33,1.00389126252859,0.57,0.333,5.40658768159406e-29,"Atypical B (ABC/DN2)","MCM5"
8.04360528514188e-28,1.00195995039033,0.465,0.25,1.51235866571238e-23,"Atypical B (ABC/DN2)","CDC27"
6.02495014633404e-13,1.0013550767461,0.202,0.096,1.13281112651373e-08,"Atypical B (ABC/DN2)","GDE1"
3.4243412335115e-15,1.00078318029992,0.289,0.153,6.43844638724832e-11,"Atypical B (ABC/DN2)","GLUL"
1.57716703490167e-15,1.00025007345025,0.499,0.362,2.96538945902213e-11,"Atypical B (ABC/DN2)","SNHG15"
1.62021013611166e-06,1.00012587374953,0.144,0.081,0.0304631909791714,"Atypical B (ABC/DN2)","PTPRE"
7.67919513688836e-21,0.996540850395305,0.418,0.252,1.44384226963775e-16,"Atypical B (ABC/DN2)","LIMS1"
1.0950772588776e-12,0.996156137943017,0.195,0.092,2.05896426214166e-08,"Atypical B (ABC/DN2)","SIDT2"
2.2281267210007e-11,0.995375492290632,0.194,0.095,4.18932386082551e-07,"Atypical B (ABC/DN2)","NAAA"
7.52913192004256e-39,0.993277026462483,0.633,0.39,1.4156273836064e-34,"Atypical B (ABC/DN2)","PDIA6"
1.52449228118572e-14,0.991660035559879,0.26,0.133,2.86635038708539e-10,"Atypical B (ABC/DN2)","WASHC5"
1.90474376414958e-07,0.99158848874834,0.126,0.062,0.00358129922535403,"Atypical B (ABC/DN2)","RFX2"
3.02833214213028e-11,0.991427090794661,0.204,0.103,5.69387009363336e-07,"Atypical B (ABC/DN2)","GALNT11"
8.85725340274815e-16,0.990765364688962,0.252,0.122,1.66534078478471e-11,"Atypical B (ABC/DN2)","RBM15"
2.2547102654811e-22,0.987928419988841,0.405,0.221,4.23930624115756e-18,"Atypical B (ABC/DN2)","PREX1"
1.15825793163645e-28,0.986495724330638,0.504,0.288,2.17775656306286e-24,"Atypical B (ABC/DN2)","ERCC1"
3.26921627459479e-53,0.986284186932987,0.847,0.645,6.14678043949312e-49,"Atypical B (ABC/DN2)","MEF2C"
2.47248602169168e-26,0.984828036691917,0.496,0.288,4.64876821798469e-22,"Atypical B (ABC/DN2)","CYP51A1"
4.71656573242763e-23,0.983439286473219,0.384,0.198,8.86808689011043e-19,"Atypical B (ABC/DN2)","ACSL4"
1.38629732853613e-12,0.982343342353884,0.189,0.089,2.60651623711364e-08,"Atypical B (ABC/DN2)","PI4K2A"
1.87195713396359e-38,0.980083991355811,0.633,0.384,3.51965380327835e-34,"Atypical B (ABC/DN2)","RASSF5"
2.66446291591055e-58,0.979441107266877,0.806,0.52,5.00972317449502e-54,"Atypical B (ABC/DN2)","C7orf50"
2.50334902210906e-24,0.978615647751567,0.428,0.23,4.70679683136946e-20,"Atypical B (ABC/DN2)","CCR6"
9.88628697312883e-37,0.976054690851422,0.622,0.393,1.85881967668768e-32,"Atypical B (ABC/DN2)","DYNC1H1"
7.92697940084898e-18,0.975342500297425,0.309,0.157,1.49043066694763e-13,"Atypical B (ABC/DN2)","SCPEP1"
7.51156080666403e-38,0.975281866546025,0.614,0.36,1.41232366286897e-33,"Atypical B (ABC/DN2)","RAB31"
9.30805426648515e-13,0.973354630415324,0.195,0.092,1.75010036318454e-08,"Atypical B (ABC/DN2)","LIMD1"
2.35048443341717e-51,0.972576840582885,0.777,0.552,4.41938083171096e-47,"Atypical B (ABC/DN2)","MAPRE2"
6.54825617602109e-84,0.9718632556474,0.952,0.768,1.23120312621548e-79,"Atypical B (ABC/DN2)","NEAT1"
1.48703856851213e-29,0.971684528609078,0.528,0.303,2.7959299165165e-25,"Atypical B (ABC/DN2)","TFEB"
2.04596754068006e-18,0.969178379257387,0.436,0.281,3.84682816998665e-14,"Atypical B (ABC/DN2)","CCDC107"
2.79788871954062e-09,0.96869920475516,0.165,0.082,5.26059037048027e-05,"Atypical B (ABC/DN2)","MIR22HG"
6.69840640277504e-10,0.968036448767156,0.187,0.097,1.25943437184976e-05,"Atypical B (ABC/DN2)","ANKRD42"
2.79171922250421e-19,0.966626565310996,0.325,0.164,5.24899048215242e-15,"Atypical B (ABC/DN2)","ITGAE"
2.17520289342026e-20,0.965033932489347,0.399,0.225,4.08981648020878e-16,"Atypical B (ABC/DN2)","TMEM154"
2.02318119858622e-30,0.962826261054422,0.57,0.349,3.80398528958181e-26,"Atypical B (ABC/DN2)","TMC6"
4.0831103546846e-14,0.960378929974442,0.289,0.16,7.67706408887798e-10,"Atypical B (ABC/DN2)","ZDHHC21"
3.40666780301468e-17,0.960237400550245,0.218,0.096,6.4052168032282e-13,"Atypical B (ABC/DN2)","CD80"
4.83886413834947e-47,0.955918771001902,0.756,0.505,9.09803235292467e-43,"Atypical B (ABC/DN2)","CTSZ"
3.66804005765035e-33,0.954621019634061,0.578,0.339,6.89664891639418e-29,"Atypical B (ABC/DN2)","CMIP"
3.61661585111164e-13,0.950880731442886,0.249,0.129,6.7999611232601e-09,"Atypical B (ABC/DN2)","ENSG00000291055"
1.41419567472543e-14,0.95044660601627,0.268,0.139,2.65897070761876e-10,"Atypical B (ABC/DN2)","TTN"
1.39584530060528e-17,0.949678443366516,0.262,0.124,2.62446833419804e-13,"Atypical B (ABC/DN2)","MFHAS1"
1.05992349759749e-08,0.949374222285866,0.16,0.081,0.00019928681601828,"Atypical B (ABC/DN2)","GRAMD4"
2.65863433833692e-10,0.946829650257745,0.191,0.097,4.99876428294107e-06,"Atypical B (ABC/DN2)","QPCTL"
2.13540644376491e-27,0.944698356121295,0.464,0.247,4.01499119556678e-23,"Atypical B (ABC/DN2)","WEE1"
1.27918546690903e-20,0.94339829233849,0.422,0.248,2.40512451488235e-16,"Atypical B (ABC/DN2)","NANS"
5.56239441850422e-91,0.943155110223708,0.997,0.916,1.04584139856716e-86,"Atypical B (ABC/DN2)","CRIP1"
2.97263740811655e-15,0.942971419802391,0.304,0.164,5.58915285474073e-11,"Atypical B (ABC/DN2)","ANXA4"
3.48252661621429e-52,0.942381360212618,0.795,0.53,6.54784654380611e-48,"Atypical B (ABC/DN2)","RNASET2"
1.51211965050928e-07,0.941142926670117,0.165,0.091,0.00284308736688756,"Atypical B (ABC/DN2)","CORO1B"
3.26614519560646e-32,0.940761968134185,0.567,0.33,6.14100619677926e-28,"Atypical B (ABC/DN2)","CELF2"
1.10186995577639e-10,0.940384727135479,0.2,0.103,2.07173589085078e-06,"Atypical B (ABC/DN2)","KIF3B"
7.1723038370597e-54,0.938386879202389,0.795,0.512,1.34853656744397e-49,"Atypical B (ABC/DN2)","CYRIA"
1.96783753182183e-14,0.937619176978722,0.288,0.155,3.69992812733141e-10,"Atypical B (ABC/DN2)","CCND2"
4.9717039051226e-07,0.937228352237977,0.152,0.083,0.00934779768241151,"Atypical B (ABC/DN2)","POLH"
6.02192935730727e-26,0.936641214368105,0.509,0.302,1.13224315776091e-21,"Atypical B (ABC/DN2)","RABGEF1"
2.95993944909953e-67,0.936025133870261,0.919,0.75,5.56527815219694e-63,"Atypical B (ABC/DN2)","DDX21"
5.87609928162811e-13,0.934633411256606,0.241,0.124,1.10482418693172e-08,"Atypical B (ABC/DN2)","PTTG1IP"
5.78927327924069e-32,0.934613571632651,0.562,0.323,1.08849916196283e-27,"Atypical B (ABC/DN2)","TLE3"
7.15189567439723e-34,0.933585649020356,0.595,0.354,1.34469942470017e-29,"Atypical B (ABC/DN2)","AMZ2"
1.17959329034011e-47,0.931782408965133,0.835,0.68,2.21787130449747e-43,"Atypical B (ABC/DN2)","HSPD1"
1.45751944747976e-43,0.931617489305972,0.711,0.438,2.74042806515145e-39,"Atypical B (ABC/DN2)","CD63"
3.03971606138204e-09,0.929712875344646,0.192,0.103,5.71527413861051e-05,"Atypical B (ABC/DN2)","KIF21B"
4.62661914594977e-12,0.929154106325289,0.258,0.143,8.69896931821476e-08,"Atypical B (ABC/DN2)","SPAG4"
9.754590354138e-14,0.925571062661433,0.246,0.125,1.83405807838503e-09,"Atypical B (ABC/DN2)","FGD3"
6.01979462393994e-62,0.925103952195018,0.88,0.658,1.13184178519319e-57,"Atypical B (ABC/DN2)","WSB1"
4.26145711814187e-32,0.924053725643409,0.614,0.404,8.01239167353034e-28,"Atypical B (ABC/DN2)","UPF2"
1.00206087070114e-06,0.921668302496583,0.131,0.068,0.0188407484909229,"Atypical B (ABC/DN2)","MPEG1"
4.82896664842693e-23,0.919138308106196,0.397,0.208,9.07942309237231e-19,"Atypical B (ABC/DN2)","ARRB2"
2.97715115058517e-20,0.91598802695096,0.417,0.237,5.59763959333023e-16,"Atypical B (ABC/DN2)","IFNAR2"
1.75998685948138e-25,0.915616307348116,0.551,0.362,3.3091272931969e-21,"Atypical B (ABC/DN2)","CTR9"
2.8860739415639e-17,0.913383595659014,0.309,0.159,5.42639622492845e-13,"Atypical B (ABC/DN2)","STAT5B"
1.60697382016911e-08,0.911306947901876,0.12,0.055,0.000302143217668196,"Atypical B (ABC/DN2)","IGF2BP3"
1.00321548164546e-74,0.908064156487876,0.939,0.739,1.88624574858979e-70,"Atypical B (ABC/DN2)","MCL1"
1.17428309718252e-07,0.906607336102431,0.187,0.108,0.00220788707932257,"Atypical B (ABC/DN2)","ARL17B"
4.85151929480533e-52,0.90652641321635,0.787,0.539,9.12182657809297e-48,"Atypical B (ABC/DN2)","KRAS"
3.20385347692903e-45,0.90592804867507,0.748,0.476,6.02388530732196e-41,"Atypical B (ABC/DN2)","SERPINB1"
7.17034529039386e-29,0.904840391165226,0.565,0.353,1.34816832149985e-24,"Atypical B (ABC/DN2)","ALKBH5"
2.46105395506715e-14,0.904212284315475,0.225,0.109,4.62727364631726e-10,"Atypical B (ABC/DN2)","MCM6"
8.81972343345344e-13,0.904034127901467,0.265,0.144,1.65828439995792e-08,"Atypical B (ABC/DN2)","BOLA2"
1.43066085882795e-43,0.902471789224183,0.771,0.514,2.68992854676831e-39,"Atypical B (ABC/DN2)","CXXC5"
3.69431810132227e-20,0.901885107563449,0.368,0.195,6.94605689410613e-16,"Atypical B (ABC/DN2)","FOXK2"
2.73362911711854e-30,0.900068338118897,0.577,0.348,5.13976946600628e-26,"Atypical B (ABC/DN2)","PPP2R5C"
6.45109092035493e-07,0.898664884558333,0.132,0.068,0.0121293411484513,"Atypical B (ABC/DN2)","LINC02202"
5.26097721701911e-07,0.898538619252309,0.131,0.067,0.00989168936343933,"Atypical B (ABC/DN2)","FAM118A"
2.0180833684626e-59,0.898172607540539,0.853,0.614,3.79440034938337e-55,"Atypical B (ABC/DN2)","FLNA"
7.33163399620329e-15,0.89766134985889,0.249,0.124,1.37849382396614e-10,"Atypical B (ABC/DN2)","ATF3"
1.26448207894393e-26,0.896192515561312,0.588,0.41,2.37747920483037e-22,"Atypical B (ABC/DN2)","JPT1"
2.53292501588289e-09,0.896158741789459,0.252,0.154,4.76240561486301e-05,"Atypical B (ABC/DN2)","RNF139"
7.81280657634358e-13,0.895886620654022,0.273,0.15,1.46896389248412e-08,"Atypical B (ABC/DN2)","MCU"
3.29145313767742e-17,0.8954454924247,0.357,0.199,6.18859018946109e-13,"Atypical B (ABC/DN2)","DENND1B"
3.72704421021029e-13,0.895395592339196,0.242,0.125,7.00758852403739e-09,"Atypical B (ABC/DN2)","TRIM39"
1.80735629097899e-07,0.895311243344453,0.166,0.091,0.00339819129829871,"Atypical B (ABC/DN2)","FAIM"
5.07207816731613e-07,0.893360190969248,0.12,0.059,0.00953652137018778,"Atypical B (ABC/DN2)","COX10-DT"
6.25082392681558e-15,0.89189045293877,0.355,0.209,1.17527991471987e-10,"Atypical B (ABC/DN2)","FAM174C"
2.04570573743423e-10,0.890033384020535,0.288,0.186,3.84633592752384e-06,"Atypical B (ABC/DN2)","ISG20L2"
1.87592179056109e-23,0.888866594926865,0.493,0.293,3.52710815061296e-19,"Atypical B (ABC/DN2)","INPP5F"
1.4942788627326e-50,0.887733732872214,0.83,0.578,2.80954311770983e-46,"Atypical B (ABC/DN2)","MTSS1"
1.75109751083342e-11,0.887527298666668,0.247,0.135,3.29241353986899e-07,"Atypical B (ABC/DN2)","GLCCI1"
1.00783277268256e-18,0.88735228742468,0.451,0.275,1.89492717919774e-14,"Atypical B (ABC/DN2)","USP36"
2.30031678262956e-23,0.887279461877292,0.468,0.268,4.3250556147001e-19,"Atypical B (ABC/DN2)","TBL1XR1"
9.83586159580453e-07,0.885571694743731,0.137,0.073,0.0184933869724317,"Atypical B (ABC/DN2)","ENSG00000287510"
3.84289692008279e-07,0.885092475662185,0.116,0.057,0.00722541478913965,"Atypical B (ABC/DN2)","KLHL11"
1.60546518622586e-19,0.883661918872134,0.452,0.278,3.01859564314186e-15,"Atypical B (ABC/DN2)","DNAJC1"
2.22442246469187e-10,0.881088109907355,0.21,0.111,4.18235911811366e-06,"Atypical B (ABC/DN2)","SMIM20"
2.33002631094365e-42,0.880958947338541,0.759,0.538,4.38091546983625e-38,"Atypical B (ABC/DN2)","STAT3"
9.18040178516705e-13,0.88021283274345,0.278,0.154,1.72609914364711e-08,"Atypical B (ABC/DN2)","MIR29B2CHG"
9.45035741441076e-18,0.879673984560188,0.362,0.202,1.77685620105751e-13,"Atypical B (ABC/DN2)","IGHG3"
1.36673771281516e-14,0.879460276625492,0.326,0.185,2.56974024763506e-10,"Atypical B (ABC/DN2)","SEPHS2"
5.46232438948524e-68,0.87283368877013,0.935,0.731,1.02702623171101e-63,"Atypical B (ABC/DN2)","CLEC2D"
2.5102295946399e-10,0.872635242861164,0.25,0.144,4.71973368384195e-06,"Atypical B (ABC/DN2)","POLR3E"
3.07152239753502e-69,0.871763712043682,0.955,0.78,5.77507641184534e-65,"Atypical B (ABC/DN2)","TSC22D3"
1.54625697829256e-13,0.8702072289971,0.31,0.177,2.90727237058566e-09,"Atypical B (ABC/DN2)","CDK2AP1"
1.07376319300281e-16,0.869556112311381,0.359,0.202,2.01888955548388e-12,"Atypical B (ABC/DN2)","TMEM70"
6.14325775394603e-72,0.868012310910002,0.973,0.891,1.15505532289693e-67,"Atypical B (ABC/DN2)","SAT1"
1.38589359543888e-11,0.867337620192616,0.276,0.161,2.60575713814417e-07,"Atypical B (ABC/DN2)","WDR37"
4.89648138866949e-11,0.865630889734801,0.21,0.109,9.20636430697638e-07,"Atypical B (ABC/DN2)","VGLL4"
1.58170174866202e-105,0.865148867503406,0.998,0.988,2.97391562783434e-101,"Atypical B (ABC/DN2)","JUND"
2.47569205622665e-15,0.865028832956316,0.336,0.19,4.65479620411735e-11,"Atypical B (ABC/DN2)","CEP43"
2.31667498081838e-19,0.864350270176556,0.483,0.306,4.35581229893473e-15,"Atypical B (ABC/DN2)","SOCS1"
2.87301150985363e-12,0.859819673658458,0.284,0.162,5.4018362408268e-08,"Atypical B (ABC/DN2)","KATNAL1"
1.3400095336717e-17,0.858857441109055,0.363,0.202,2.51948592520953e-13,"Atypical B (ABC/DN2)","RETREG2"
5.87011351041702e-14,0.858066386146359,0.334,0.197,1.10369874222861e-09,"Atypical B (ABC/DN2)","ZZEF1"
2.60593718780232e-32,0.857456039822956,0.669,0.457,4.89968310050592e-28,"Atypical B (ABC/DN2)","CEP170"
3.46576571694613e-95,0.855083013971096,0.976,0.898,6.51633270100212e-91,"Atypical B (ABC/DN2)","CALM1"
1.90171198858437e-07,0.854980197117169,0.131,0.066,0.00357559888093633,"Atypical B (ABC/DN2)","GCNT1"
1.7072539454598e-06,0.853972247479422,0.134,0.071,0.0320997886825352,"Atypical B (ABC/DN2)","RCC1"
1.00083242795631e-13,0.85236617202114,0.363,0.224,1.88176513104345e-09,"Atypical B (ABC/DN2)","SLC7A5"
2.84762464288557e-47,0.852054535286341,0.803,0.613,5.35410385355346e-43,"Atypical B (ABC/DN2)","CDC42SE1"
3.49734866202214e-12,0.850173832420082,0.299,0.175,6.57571495433403e-08,"Atypical B (ABC/DN2)","DSTN"
6.72411564062625e-74,0.849618514040767,0.916,0.726,1.26426822275055e-69,"Atypical B (ABC/DN2)","EMD"
3.6032338215923e-14,0.848762790804111,0.315,0.177,6.77480023135784e-10,"Atypical B (ABC/DN2)","SELENOW"
1.27929423032646e-15,0.846099962263805,0.384,0.231,2.40532901185981e-11,"Atypical B (ABC/DN2)","ARID3A"
2.99258809914145e-47,0.845925939821867,0.885,0.72,5.62666414400575e-43,"Atypical B (ABC/DN2)","MAP1LC3B"
4.32005031152867e-08,0.845379774313421,0.166,0.089,0.00081225585957362,"Atypical B (ABC/DN2)","FAM219B"
2.91608727851785e-37,0.84192337055261,0.74,0.5,5.48282730106927e-33,"Atypical B (ABC/DN2)","JAZF1"
5.51825545450983e-45,0.840790344566851,0.874,0.702,1.03754239055694e-40,"Atypical B (ABC/DN2)","H2AZ1"
2.04916050458972e-09,0.840581836237418,0.197,0.106,3.85283158072959e-05,"Atypical B (ABC/DN2)","DENND6A"
1.57524224093399e-15,0.839635939307871,0.339,0.191,2.9617704614041e-11,"Atypical B (ABC/DN2)","NCF4"
1.31198110531728e-40,0.839437123190286,0.753,0.509,2.46678687421754e-36,"Atypical B (ABC/DN2)","WNK1"
4.63193681088776e-32,0.839410918031947,0.732,0.547,8.70896759183116e-28,"Atypical B (ABC/DN2)","NOP58"
5.4853992612044e-08,0.838255742330903,0.179,0.099,0.00103136476909165,"Atypical B (ABC/DN2)","SNX20"
1.83421045903766e-09,0.835677941490105,0.191,0.101,3.44868250508261e-05,"Atypical B (ABC/DN2)","STX17-DT"
4.52873692885562e-22,0.833482125811353,0.384,0.202,8.51493117363433e-18,"Atypical B (ABC/DN2)","MAP4K3"
7.09679924189105e-08,0.833221255716142,0.205,0.121,0.00133434019346036,"Atypical B (ABC/DN2)","TBC1D10B"
7.6869567764562e-23,0.833179602275568,0.494,0.293,1.44530161310929e-18,"Atypical B (ABC/DN2)","EHBP1L1"
7.89196224436806e-15,0.833176218077244,0.407,0.262,1.48384674118608e-10,"Atypical B (ABC/DN2)","GYPC"
1.52446625863419e-11,0.830039720264242,0.216,0.112,2.866301459484e-07,"Atypical B (ABC/DN2)","HMCES"
6.91764504570413e-52,0.829749758535783,0.819,0.633,1.30065562149329e-47,"Atypical B (ABC/DN2)","CD164"
4.45715314016171e-41,0.829358133054674,0.811,0.613,8.38033933413205e-37,"Atypical B (ABC/DN2)","ATP6V0D1"
1.27681833599914e-25,0.827271166809355,0.654,0.493,2.40067383534558e-21,"Atypical B (ABC/DN2)","FAM177A1"
1.4079360596439e-09,0.826277525440298,0.233,0.133,2.64720137934247e-05,"Atypical B (ABC/DN2)","PCSK7"
6.33107399690906e-11,0.826075162512182,0.255,0.144,1.19036853289884e-06,"Atypical B (ABC/DN2)","C11orf24"
1.093248765582e-28,0.825164719200857,0.604,0.382,2.05552632904728e-24,"Atypical B (ABC/DN2)","SREBF2"
5.15330417168322e-10,0.823827945474357,0.239,0.136,9.6892425035988e-06,"Atypical B (ABC/DN2)","SLC35E1"
4.33854218728543e-22,0.82362387865091,0.569,0.395,8.15732702053406e-18,"Atypical B (ABC/DN2)","PLCG2"
1.12602879719013e-51,0.822473807950852,0.837,0.572,2.11715934447689e-47,"Atypical B (ABC/DN2)","PTPN1"
2.63785241895711e-28,0.822315168731103,0.599,0.374,4.95969011812316e-24,"Atypical B (ABC/DN2)","PACSIN2"
3.27783348605169e-64,0.821721119427373,0.955,0.794,6.16298252047439e-60,"Atypical B (ABC/DN2)","CD52"
1.43535228493587e-29,0.820941308294729,0.582,0.345,2.69874936613642e-25,"Atypical B (ABC/DN2)","MAD1L1"
2.68966532621797e-19,0.820279153036848,0.467,0.287,5.05710874635503e-15,"Atypical B (ABC/DN2)","AKNA"
7.32453491692451e-07,0.819437201775293,0.103,0.051,0.0137715905508015,"Atypical B (ABC/DN2)","GBA1"
4.31761021907856e-10,0.8191202871246,0.213,0.115,8.11797073391151e-06,"Atypical B (ABC/DN2)","LRRK1"
3.21070662361534e-08,0.818399759487208,0.183,0.1,0.000603677059372155,"Atypical B (ABC/DN2)","ENSG00000226824"
2.50183667070212e-16,0.81648228626736,0.384,0.225,4.70395330825412e-12,"Atypical B (ABC/DN2)","ADI1"
2.38134835810625e-06,0.813836978962177,0.15,0.084,0.0447741118291137,"Atypical B (ABC/DN2)","SEC24D"
1.51018998042056e-12,0.810232772002616,0.313,0.183,2.83945920118673e-08,"Atypical B (ABC/DN2)","UGCG"
4.08010160326625e-25,0.810003483513679,0.528,0.313,7.6714070344612e-21,"Atypical B (ABC/DN2)","ANXA6"
2.53886587206544e-09,0.808650795995853,0.254,0.151,4.77357561265745e-05,"Atypical B (ABC/DN2)","ENSG00000290680"
1.84447781963818e-10,0.807829313577222,0.271,0.16,3.4679871964837e-06,"Atypical B (ABC/DN2)","DESI1"
1.57219605432867e-21,0.807681325006737,0.509,0.317,2.95604302134876e-17,"Atypical B (ABC/DN2)","MBD2"
3.28668034397687e-07,0.807588863237398,0.131,0.069,0.00617961638274532,"Atypical B (ABC/DN2)","NFKBIL1"
4.23588553573304e-09,0.806544014059736,0.22,0.125,7.96431198428526e-05,"Atypical B (ABC/DN2)","COA6"
4.6963137121605e-07,0.806204831994635,0.134,0.071,0.00883000904160417,"Atypical B (ABC/DN2)","ARSA"
9.09690873137105e-09,0.805565348038443,0.158,0.082,0.000171040077967238,"Atypical B (ABC/DN2)","BORCS6"
1.09804870521223e-10,0.804863960827422,0.271,0.158,2.06455117554003e-06,"Atypical B (ABC/DN2)","MED29"
3.76927906454069e-37,0.803892752561828,0.743,0.522,7.08699849714941e-33,"Atypical B (ABC/DN2)","HNRNPUL1"
1.3923895999251e-09,0.802609680163363,0.228,0.129,2.61797092577916e-05,"Atypical B (ABC/DN2)","ARAP1"
5.03402919484736e-14,0.802288438253452,0.383,0.25,9.464981692152e-10,"Atypical B (ABC/DN2)","MFSD12"
4.13697310007376e-07,0.802147944842847,0.149,0.08,0.00777833682275868,"Atypical B (ABC/DN2)","WDSUB1"
1.8316201120044e-10,0.800769803597926,0.294,0.183,3.44381213459067e-06,"Atypical B (ABC/DN2)","SH3GL1"
1.48995756325084e-11,0.800505378786344,0.378,0.247,2.80141821042422e-07,"Atypical B (ABC/DN2)","CDC42EP3"
1.22432914067898e-15,0.796633848773046,0.435,0.279,2.30198365030462e-11,"Atypical B (ABC/DN2)","PIP4K2A"
1.23755746928451e-27,0.7949695517329,0.637,0.438,2.32685555374873e-23,"Atypical B (ABC/DN2)","DEK"
2.22760919552115e-06,0.793658216098719,0.058,0.025,0.0418835080941887,"Atypical B (ABC/DN2)","TMEM91"
8.33160172818996e-15,0.793168757061562,0.402,0.249,1.56650775693428e-10,"Atypical B (ABC/DN2)","FYN"
1.29692547963726e-09,0.79080975807488,0.284,0.176,2.43847928681398e-05,"Atypical B (ABC/DN2)","SLC35D1"
7.82396384809337e-10,0.790751864514565,0.27,0.161,1.47106168271852e-05,"Atypical B (ABC/DN2)","TERF1"
7.659630681918e-07,0.790524021167728,0.218,0.16,0.0144016376081422,"Atypical B (ABC/DN2)","WDR45B"
4.64184631139022e-07,0.790497509121888,0.197,0.118,0.00872759943467588,"Atypical B (ABC/DN2)","DUSP18"
2.9045669627854e-134,0.790419845034471,0.998,0.992,5.4611668034291e-130,"Atypical B (ABC/DN2)","HLA-DPB1"
4.66957500451737e-23,0.79016559517829,0.559,0.356,8.77973492349356e-19,"Atypical B (ABC/DN2)","SYK"
8.8254805205211e-21,0.789017947088733,0.498,0.305,1.65936684746838e-16,"Atypical B (ABC/DN2)","IL10RA"
8.37710401380344e-15,0.788829017858479,0.384,0.234,1.57506309667532e-10,"Atypical B (ABC/DN2)","NPTN"
2.87547483979363e-10,0.788623525634172,0.313,0.204,5.40646779377999e-06,"Atypical B (ABC/DN2)","UBE2F"
4.80109578800231e-25,0.785556782451005,0.619,0.412,9.02702030060194e-21,"Atypical B (ABC/DN2)","PHACTR1"
6.18333073141026e-13,0.785259036827767,0.3,0.171,1.16258984411976e-08,"Atypical B (ABC/DN2)","TOB2"
1.21593478453696e-25,0.784902646152381,0.633,0.433,2.28620058188639e-21,"Atypical B (ABC/DN2)","TMEM131"
5.24163539816824e-19,0.78468905648392,0.533,0.357,9.85532287563592e-15,"Atypical B (ABC/DN2)","GRN"
1.53735718725207e-09,0.783593843362918,0.187,0.1,2.89053898347135e-05,"Atypical B (ABC/DN2)","KLF9"
1.61305601035687e-33,0.782556702809669,0.753,0.558,3.03286791067298e-29,"Atypical B (ABC/DN2)","RABGAP1L"
1.08161442593933e-07,0.781077727809207,0.183,0.102,0.00203365144365113,"Atypical B (ABC/DN2)","CLIP2"
8.9537645781848e-18,0.775550525021141,0.507,0.339,1.68348681599031e-13,"Atypical B (ABC/DN2)","MTHFD2"
1.09406162400388e-09,0.775486176306478,0.281,0.178,2.05705466545209e-05,"Atypical B (ABC/DN2)","TSPOAP1-AS1"
3.24676660574553e-12,0.775414680673637,0.281,0.159,6.10457057212274e-08,"Atypical B (ABC/DN2)","PCED1B-AS1"
2.98363118559257e-11,0.774618481098073,0.22,0.118,5.60982335515114e-07,"Atypical B (ABC/DN2)","ARL3"
1.90692236726106e-09,0.773692797717067,0.27,0.163,3.58539543492425e-05,"Atypical B (ABC/DN2)","PRKAG2"
4.06496617517628e-11,0.769674690488726,0.292,0.173,7.64294940256643e-07,"Atypical B (ABC/DN2)","TXNDC15"
1.50006903716895e-10,0.769178344618496,0.27,0.157,2.82042980368506e-06,"Atypical B (ABC/DN2)","NME4"
2.60222248944536e-20,0.769089910735074,0.556,0.374,4.89269872465517e-16,"Atypical B (ABC/DN2)","AP3S1"
6.20200647609335e-22,0.76742397517442,0.402,0.216,1.16610125763507e-17,"Atypical B (ABC/DN2)","IGHA1"
3.0400161516168e-13,0.766698997065201,0.386,0.246,5.7158383682699e-09,"Atypical B (ABC/DN2)","PTK2B"
6.37829109736306e-23,0.766302821708246,0.709,0.559,1.1992462921262e-18,"Atypical B (ABC/DN2)","HSPE1"
3.15543572860417e-08,0.766137248401539,0.183,0.101,0.000593285025692156,"Atypical B (ABC/DN2)","TBC1D7"
1.28477734863321e-22,0.764032967896043,0.562,0.358,2.41563837090017e-18,"Atypical B (ABC/DN2)","BAG1"
6.7912093186952e-12,0.763078487103899,0.318,0.19,1.27688317610107e-07,"Atypical B (ABC/DN2)","BCL7C"
2.7058343960539e-13,0.76201591075953,0.281,0.156,5.08750983146054e-09,"Atypical B (ABC/DN2)","DNMBP"
2.2044196386287e-70,0.761567107786365,0.96,0.857,4.14474980454968e-66,"Atypical B (ABC/DN2)","PPDPF"
3.12129117767469e-10,0.760400185941056,0.284,0.172,5.86865167226395e-06,"Atypical B (ABC/DN2)","MAP4K1"
1.13719238324258e-15,0.759742872162089,0.428,0.268,2.1381491189727e-11,"Atypical B (ABC/DN2)","CLPTM1L"
4.75378998821848e-40,0.757973198292976,0.803,0.604,8.93807593584838e-36,"Atypical B (ABC/DN2)","PLEKHO1"
1.29625971051744e-32,0.75628781277618,0.761,0.533,2.43722750771489e-28,"Atypical B (ABC/DN2)","PNP"
1.370064927132e-18,0.755873862608799,0.496,0.319,2.57599607599359e-14,"Atypical B (ABC/DN2)","NBDY"
7.97273053159648e-27,0.754408646032473,0.75,0.593,1.49903279455077e-22,"Atypical B (ABC/DN2)","NAPA"
4.97493418886385e-65,0.753832515749736,0.952,0.784,9.35387126190181e-61,"Atypical B (ABC/DN2)","GRB2"
4.95870158032073e-29,0.753652744885197,0.682,0.468,9.32335071131904e-25,"Atypical B (ABC/DN2)","TRAK1"
6.74841908581818e-10,0.753119657899402,0.242,0.139,1.26883775651554e-05,"Atypical B (ABC/DN2)","HDAC4"
1.98843198759463e-11,0.752561794429333,0.307,0.183,3.73864982307542e-07,"Atypical B (ABC/DN2)","RHOQ"
7.20792024967008e-78,0.752082617987143,0.984,0.908,1.35523316534297e-73,"Atypical B (ABC/DN2)","SH3BGRL3"
3.49452394902867e-13,0.749990646417845,0.357,0.216,6.5704039289637e-09,"Atypical B (ABC/DN2)","ENSG00000284691"
8.95124507288198e-07,0.747194535297937,0.187,0.111,0.0168301309860327,"Atypical B (ABC/DN2)","SGTB"
1.13290303109517e-08,0.744975251698909,0.27,0.168,0.000213008427906514,"Atypical B (ABC/DN2)","CKAP2"
2.21793132320469e-39,0.743305570884266,0.817,0.585,4.17015447388946e-35,"Atypical B (ABC/DN2)","MYADM"
1.30989927692626e-22,0.741740079091224,0.504,0.301,2.46287262047676e-18,"Atypical B (ABC/DN2)","ITGB1"
7.32515159484305e-28,0.741390854332,0.468,0.251,1.37727500286239e-23,"Atypical B (ABC/DN2)","TNFRSF13B"
9.36103002525586e-28,0.739512614517486,0.701,0.497,1.76006086534861e-23,"Atypical B (ABC/DN2)","RNF149"
1.14065387059015e-53,0.738739166040933,0.969,0.878,2.1446574074836e-49,"Atypical B (ABC/DN2)","ACTG1"
2.12785387345547e-06,0.738697955978171,0.173,0.102,0.0400079085287097,"Atypical B (ABC/DN2)","BICDL1"
3.6946972451946e-10,0.738585550139833,0.294,0.18,6.94676976041489e-06,"Atypical B (ABC/DN2)","FAM89B"
3.84202926093989e-37,0.736665578015153,0.814,0.577,7.22378341641919e-33,"Atypical B (ABC/DN2)","NAPSB"
2.76961951267383e-21,0.735633697836002,0.577,0.379,5.20743860772934e-17,"Atypical B (ABC/DN2)","SPTBN1"
1.02752871664015e-110,0.735366261464955,0.997,0.99,1.93195949302682e-106,"Atypical B (ABC/DN2)","HLA-DPA1"
1.97097691019013e-17,0.735190860451632,0.486,0.316,3.70583078653949e-13,"Atypical B (ABC/DN2)","TWF2"
5.90792086006253e-16,0.734102007489998,0.454,0.291,1.11080728010896e-11,"Atypical B (ABC/DN2)","SIRT2"
8.90461430386241e-12,0.73356325582328,0.372,0.238,1.67424558141221e-07,"Atypical B (ABC/DN2)","RIC8A"
9.36142415187673e-41,0.732790273763458,0.829,0.591,1.76013496903586e-36,"Atypical B (ABC/DN2)","LAPTM4A"
2.20678050977253e-07,0.731832822986055,0.237,0.151,0.00414918871447432,"Atypical B (ABC/DN2)","ERCC6"
1.41225788444266e-66,0.731124702238615,0.987,0.955,2.65532727432908e-62,"Atypical B (ABC/DN2)","TGFB1"
4.35444721144691e-07,0.730666414637702,0.168,0.095,0.00818723164696247,"Atypical B (ABC/DN2)","VAV2"
4.6113692340783e-24,0.728992660519142,0.582,0.37,8.67029643391402e-20,"Atypical B (ABC/DN2)","NSF"
2.90703547703822e-07,0.727799594096721,0.21,0.126,0.00546580810392727,"Atypical B (ABC/DN2)","BTBD6"
2.69899641336781e-09,0.72747397550028,0.276,0.169,5.07465305641415e-05,"Atypical B (ABC/DN2)","PARP4"
3.80967346813448e-22,0.726787445600829,0.609,0.414,7.16294805478644e-18,"Atypical B (ABC/DN2)","SSBP2"
3.49474506032313e-11,0.721700474837406,0.365,0.254,6.57081966241955e-07,"Atypical B (ABC/DN2)","SRA1"
8.82829436361354e-20,0.721279851131303,0.522,0.333,1.65989590624662e-15,"Atypical B (ABC/DN2)","GOLPH3"
4.85919715629862e-08,0.718971099655594,0.268,0.173,0.000913626249327266,"Atypical B (ABC/DN2)","EPS15L1"
2.91591630994711e-19,0.717919907566966,0.485,0.298,5.48250584596256e-15,"Atypical B (ABC/DN2)","RASGRP3"
7.73819722839035e-12,0.717132870244002,0.342,0.211,1.45493584288195e-07,"Atypical B (ABC/DN2)","ABHD17A"
2.88681039583403e-12,0.715594091322298,0.397,0.262,5.42778090624714e-08,"Atypical B (ABC/DN2)","NFATC3"
7.65615825127834e-12,0.714327554373611,0.313,0.187,1.43951087440535e-07,"Atypical B (ABC/DN2)","SYNJ2"
5.26069980294952e-10,0.712931391805911,0.313,0.197,9.89116776950569e-06,"Atypical B (ABC/DN2)","TSPO"
1.33722583884845e-08,0.711998546730988,0.255,0.156,0.000251425202220286,"Atypical B (ABC/DN2)","SOAT1"
1.07783429013968e-07,0.710768295723831,0.221,0.134,0.00202654403232062,"Atypical B (ABC/DN2)","ACSS1"
6.46060610305782e-31,0.708986625632496,0.756,0.53,1.21472315949693e-26,"Atypical B (ABC/DN2)","ARFGAP3"
2.49177700182803e-17,0.708910725720696,0.535,0.366,4.68503911883705e-13,"Atypical B (ABC/DN2)","HERPUD2"
1.27262556220761e-06,0.706612611948352,0.225,0.143,0.0239279058206275,"Atypical B (ABC/DN2)","AREG"
1.50920382596485e-07,0.706431422043222,0.265,0.171,0.00283760503357912,"Atypical B (ABC/DN2)","DNAAF2"
1.95046038842875e-29,0.705373183296075,0.775,0.575,3.66725562232373e-25,"Atypical B (ABC/DN2)","RASGEF1B"
3.23403591827458e-69,0.704957170308278,0.979,0.919,6.08063433353987e-65,"Atypical B (ABC/DN2)","CALM2"
7.14298847085705e-87,0.704671141903045,0.984,0.934,1.34302469229054e-82,"Atypical B (ABC/DN2)","RHOA"
5.10728868048815e-16,0.703924340842901,0.473,0.306,9.60272417705381e-12,"Atypical B (ABC/DN2)","LRP10"
1.69086120337303e-11,0.70363429679196,0.363,0.234,3.17915723458197e-07,"Atypical B (ABC/DN2)","DYNLT1"
1.38944794022419e-08,0.702817928808055,0.252,0.153,0.000261244001720953,"Atypical B (ABC/DN2)","CERK"
8.50835045803548e-07,0.702566144227186,0.162,0.092,0.0159974005311983,"Atypical B (ABC/DN2)","VPS11"
7.81860463457474e-48,0.701247543101305,0.893,0.741,1.47005404339274e-43,"Atypical B (ABC/DN2)","SNU13"
1.06119151193139e-13,0.700958323400727,0.439,0.291,1.99525228073341e-09,"Atypical B (ABC/DN2)","TMEM43"
2.29948132741927e-06,0.697493857318215,0.187,0.113,0.0432348479181371,"Atypical B (ABC/DN2)","LCLAT1"
1.14226445286436e-37,0.697418898645291,0.858,0.706,2.14768562427556e-33,"Atypical B (ABC/DN2)","ALDOA"
3.79415580857662e-09,0.696552787698057,0.333,0.223,7.13377175128576e-05,"Atypical B (ABC/DN2)","USP48"
1.42824231853082e-33,0.695904215241231,0.805,0.619,2.68538120730164e-29,"Atypical B (ABC/DN2)","CDV3"
1.13310538351048e-34,0.69514316838967,0.847,0.648,2.13046474207641e-30,"Atypical B (ABC/DN2)","PIKFYVE"
8.59542418391588e-07,0.692940037481124,0.192,0.115,0.0161611165505986,"Atypical B (ABC/DN2)","CPEB4"
2.74423779046389e-12,0.691169956565233,0.352,0.217,5.15971589363021e-08,"Atypical B (ABC/DN2)","PAFAH1B2"
4.60261598607895e-12,0.689422900317473,0.383,0.245,8.65383857702563e-08,"Atypical B (ABC/DN2)","MYO1G"
2.08768970676081e-14,0.688323819549233,0.477,0.32,3.92527418665168e-10,"Atypical B (ABC/DN2)","DEGS1"
1.03853336914657e-07,0.687786131539995,0.254,0.16,0.00195265044066937,"Atypical B (ABC/DN2)","PAQR3"
8.16432578926997e-21,0.68137509071313,0.624,0.434,1.53505653489854e-16,"Atypical B (ABC/DN2)","RHBDF2"
2.30247040104999e-27,0.681216738732951,0.738,0.528,4.32910484805419e-23,"Atypical B (ABC/DN2)","TLN1"
1.60381781022419e-40,0.68038412337694,0.898,0.789,3.01549824678352e-36,"Atypical B (ABC/DN2)","CIB1"
3.97890583905469e-08,0.678369433211452,0.286,0.185,0.000748113875859063,"Atypical B (ABC/DN2)","SRPRB"
7.41184053493926e-10,0.676633562240045,0.281,0.17,1.39357425737928e-05,"Atypical B (ABC/DN2)","HTT"
3.94918891318826e-10,0.674915411941913,0.192,0.105,7.42526499457656e-06,"Atypical B (ABC/DN2)","PTPN7"
8.92727467708843e-31,0.674450701413226,0.801,0.604,1.67850618478617e-26,"Atypical B (ABC/DN2)","MEF2A"
3.1884246854626e-10,0.674006700741757,0.325,0.205,5.99487609360678e-06,"Atypical B (ABC/DN2)","SAR1B"
1.80459123401693e-08,0.673570840704795,0.246,0.15,0.000339299243819863,"Atypical B (ABC/DN2)","ENSG00000291181"
3.13500633835394e-23,0.672686767716148,0.706,0.556,5.89443891737308e-19,"Atypical B (ABC/DN2)","PPP1CB"
6.48860498761342e-18,0.67247006708996,0.543,0.361,1.21998750977108e-13,"Atypical B (ABC/DN2)","ARHGAP25"
2.43522388840132e-07,0.671643128657561,0.231,0.143,0.00457870795497216,"Atypical B (ABC/DN2)","ENTPD1-AS1"
8.27997673381141e-14,0.669343624327424,0.535,0.382,1.55680122549122e-09,"Atypical B (ABC/DN2)","ATF4"
2.13207861820616e-20,0.669053408692274,0.646,0.47,4.00873421795122e-16,"Atypical B (ABC/DN2)","EIF4E"
5.25071199353378e-07,0.667571953376406,0.199,0.12,0.00987238869024222,"Atypical B (ABC/DN2)","TTN-AS1"
3.22117562377272e-08,0.66739099358282,0.25,0.154,0.000605645440781747,"Atypical B (ABC/DN2)","SNRNP25"
1.42418557560325e-10,0.667329821956889,0.349,0.225,2.67775371924922e-06,"Atypical B (ABC/DN2)","CRYBG1"
3.64705178816171e-16,0.666433789206517,0.501,0.33,6.85718677210165e-12,"Atypical B (ABC/DN2)","LARGE1"
2.9835856554372e-09,0.666131434663981,0.352,0.237,5.60973774935303e-05,"Atypical B (ABC/DN2)","RAB4A"
9.49315375170381e-16,0.664372718803116,0.553,0.406,1.78490276839535e-11,"Atypical B (ABC/DN2)","USP11"
2.46315930607273e-06,0.661354609977161,0.15,0.086,0.0463123212727795,"Atypical B (ABC/DN2)","APAF1"
2.24101096864698e-09,0.659421838759642,0.407,0.285,4.21354882325006e-05,"Atypical B (ABC/DN2)","ZFAND5"
2.2916144084642e-18,0.658692388990602,0.643,0.481,4.3086934107944e-14,"Atypical B (ABC/DN2)","GNB5"
8.14783750508448e-08,0.656940507305904,0.142,0.076,0.00153195640770598,"Atypical B (ABC/DN2)","GAPT"
2.38390191030142e-40,0.656754300333288,0.935,0.828,4.48221237174872e-36,"Atypical B (ABC/DN2)","PTPRC"
1.15024242160103e-13,0.65622247857034,0.342,0.204,2.16268580109426e-09,"Atypical B (ABC/DN2)","RABEP2"
9.40953456420402e-20,0.655801524249405,0.557,0.365,1.76918068876164e-15,"Atypical B (ABC/DN2)","SERINC3"
9.92427951920808e-103,0.655275117730791,0.997,0.995,1.8659630352015e-98,"Atypical B (ABC/DN2)","LAPTM5"
1.13091939019862e-09,0.652216047691543,0.42,0.308,2.12635463745144e-05,"Atypical B (ABC/DN2)","IQGAP2"
2.3439862270664e-10,0.65209465653072,0.417,0.295,4.40716290413024e-06,"Atypical B (ABC/DN2)","ARL4A"
4.17171736765277e-27,0.651448734856726,0.85,0.672,7.84366299466075e-23,"Atypical B (ABC/DN2)","YPEL5"
5.22216597551316e-20,0.650877190227729,0.643,0.463,9.81871646715985e-16,"Atypical B (ABC/DN2)","PPP1R16B"
5.54164463180105e-11,0.650791784845598,0.37,0.24,1.04194002367123e-06,"Atypical B (ABC/DN2)","PPP2R3C"
4.06213263650503e-11,0.650017170910319,0.405,0.276,7.63762178315675e-07,"Atypical B (ABC/DN2)","EPN1"
1.26403901863925e-07,0.649818367422315,0.12,0.063,0.00237664616284552,"Atypical B (ABC/DN2)","GCNA"
1.221526082142e-21,0.649092101518595,0.598,0.396,2.2967133396434e-17,"Atypical B (ABC/DN2)","CFLAR"
1.26856478573853e-43,0.648706536128713,0.973,0.868,2.38515551014558e-39,"Atypical B (ABC/DN2)","ZFP36"
2.92221300458312e-18,0.648007994860187,0.304,0.16,5.49434489121718e-14,"Atypical B (ABC/DN2)","MX1"
7.64238655590196e-08,0.648004737667639,0.216,0.13,0.00143692152024069,"Atypical B (ABC/DN2)","FBXW2"
8.68464223522373e-25,0.647563182435491,0.732,0.553,1.63288643306677e-20,"Atypical B (ABC/DN2)","CDK17"
1.64509086660186e-09,0.646899527872134,0.31,0.197,3.09309984738481e-05,"Atypical B (ABC/DN2)","FAM53B"
6.60103492893555e-14,0.646439299144565,0.493,0.337,1.24112658733846e-09,"Atypical B (ABC/DN2)","SBDS"
2.84072006372711e-09,0.644523073979877,0.226,0.132,5.34112186381971e-05,"Atypical B (ABC/DN2)","FRMD8"
1.23504765353105e-11,0.644288042823844,0.384,0.248,2.32213659816907e-07,"Atypical B (ABC/DN2)","SFT2D2"
1.04809332205827e-20,0.643537788477953,0.677,0.501,1.97062506413396e-16,"Atypical B (ABC/DN2)","SRPK2"
3.08021317776548e-11,0.642923822555101,0.367,0.235,5.79141681683466e-07,"Atypical B (ABC/DN2)","CDS2"
1.53633212178713e-17,0.642448347535642,0.64,0.503,2.88861165538417e-13,"Atypical B (ABC/DN2)","SPTAN1"
1.82072502720448e-08,0.642390192478186,0.297,0.192,0.000342332719614987,"Atypical B (ABC/DN2)","DBF4"
3.35460055293074e-35,0.642065348962091,0.856,0.68,6.30731995962038e-31,"Atypical B (ABC/DN2)","USP34"
3.84890183022259e-08,0.641738690909229,0.267,0.168,0.000723670522118451,"Atypical B (ABC/DN2)","TMUB2"
1.00232121634099e-06,0.639178651692352,0.225,0.142,0.0188456435096433,"Atypical B (ABC/DN2)","UCHL5"
9.58582549871867e-08,0.637485927933894,0.278,0.18,0.00180232691026908,"Atypical B (ABC/DN2)","LRWD1"
6.1443664235555e-10,0.636908325713947,0.244,0.142,1.1552637749569e-05,"Atypical B (ABC/DN2)","HMGN3"
2.88482029062524e-19,0.636174133018401,0.606,0.415,5.42403911043357e-15,"Atypical B (ABC/DN2)","MIR142HG"
3.94217427745788e-10,0.636057214322165,0.344,0.222,7.41207607647631e-06,"Atypical B (ABC/DN2)","RMC1"
1.36380560081595e-23,0.635227968818733,0.733,0.57,2.56422729065414e-19,"Atypical B (ABC/DN2)","WIPF1"
9.9023157600614e-30,0.635172160549766,0.821,0.657,1.86183340920674e-25,"Atypical B (ABC/DN2)","TTC3"
2.50764529625872e-11,0.634345057506906,0.441,0.312,4.71487468602565e-07,"Atypical B (ABC/DN2)","MYO5A"
2.48065251168975e-08,0.633724041921706,0.226,0.136,0.000466412285247907,"Atypical B (ABC/DN2)","TXNDC11"
2.316464734051e-25,0.632904021195745,0.751,0.554,4.35541699296268e-21,"Atypical B (ABC/DN2)","YPEL3"
1.01252599355908e-09,0.63097915618739,0.294,0.183,1.90375137308979e-05,"Atypical B (ABC/DN2)","TOLLIP"
3.4016611018504e-08,0.62875080870633,0.208,0.124,0.000639580320369912,"Atypical B (ABC/DN2)","THSD4-AS1"
1.30443754408515e-07,0.628239770096402,0.302,0.203,0.0024526034703889,"Atypical B (ABC/DN2)","HAPSTR1"
2.88659160511568e-07,0.627109970930846,0.435,0.337,0.00542736953593849,"Atypical B (ABC/DN2)","CDK11B"
9.50158708733474e-12,0.626351052544893,0.452,0.315,1.78648840416068e-07,"Atypical B (ABC/DN2)","PCNX4"
5.00166467507083e-13,0.626314941709318,0.402,0.256,9.40412992206818e-09,"Atypical B (ABC/DN2)","MACF1"
1.99383072717126e-12,0.625990126591122,0.389,0.248,3.74880053322741e-08,"Atypical B (ABC/DN2)","RASA3"
9.80055668308716e-11,0.625484131803991,0.493,0.361,1.84270066755405e-06,"Atypical B (ABC/DN2)","DDX3Y"
4.84510154546259e-13,0.625249041982038,0.483,0.333,9.10975992577876e-09,"Atypical B (ABC/DN2)","ZBTB7A"
1.32362172800234e-08,0.624814754107674,0.414,0.308,0.000248867357299,"Atypical B (ABC/DN2)","CCDC47"
3.76552287666424e-08,0.624599657756008,0.283,0.181,0.00070799361127041,"Atypical B (ABC/DN2)","KLHL18"
4.66541328448755e-08,0.624331854428706,0.221,0.132,0.000877191005749348,"Atypical B (ABC/DN2)","ZNF296"
2.12691856543561e-06,0.623800252158208,0.197,0.123,0.0399903228673204,"Atypical B (ABC/DN2)","COMT"
2.86021510888198e-08,0.623768667752708,0.302,0.197,0.00053777764477199,"Atypical B (ABC/DN2)","RASSF1"
8.31009779042103e-07,0.622488774311666,0.184,0.111,0.0156246458655496,"Atypical B (ABC/DN2)","FHIP2A"
2.91433681543801e-12,0.622140049144834,0.351,0.217,5.47953608038654e-08,"Atypical B (ABC/DN2)","LRRC8C"
4.75943089601433e-11,0.620915019553238,0.46,0.328,8.94868197068615e-07,"Atypical B (ABC/DN2)","LRRFIP2"
7.7107639563947e-17,0.620436454091995,0.572,0.397,1.44977783908133e-12,"Atypical B (ABC/DN2)","PAF1"
6.01554617974762e-29,0.618504680421161,0.835,0.686,1.13104299271615e-24,"Atypical B (ABC/DN2)","BPTF"
1.188180566586e-12,0.618334234707405,0.496,0.347,2.234017101295e-08,"Atypical B (ABC/DN2)","JOSD1"
3.46563338595226e-08,0.61713670243901,0.271,0.172,0.000651608389226743,"Atypical B (ABC/DN2)","NCAPH2"
2.16228958747581e-07,0.617018220351312,0.223,0.138,0.00406553688237202,"Atypical B (ABC/DN2)","MAP1LC3A"
8.43384370380344e-15,0.6158316732321,0.362,0.216,1.58573129318912e-10,"Atypical B (ABC/DN2)","HHEX"
1.4661005359995e-08,0.61576499371093,0.388,0.279,0.000275656222778627,"Atypical B (ABC/DN2)","EGLN2"
3.49212193369829e-13,0.614423551209486,0.515,0.365,6.56588765973952e-09,"Atypical B (ABC/DN2)","CORO7"
9.25163597677787e-11,0.614135411780785,0.435,0.305,1.73949259635377e-06,"Atypical B (ABC/DN2)","KCTD20"
1.40798946997478e-06,0.613979091908569,0.183,0.11,0.0264730180144659,"Atypical B (ABC/DN2)","FZR1"
2.82729759049143e-09,0.610865306344908,0.363,0.245,5.31588492964198e-05,"Atypical B (ABC/DN2)","ENSG00000291136"
6.38364022555796e-15,0.61055696261859,0.54,0.373,1.20025203520941e-10,"Atypical B (ABC/DN2)","TRIM38"
8.75688621005872e-46,0.609880635323588,0.932,0.832,1.64646974521524e-41,"Atypical B (ABC/DN2)","TPM3"
1.94572774561233e-08,0.609072143117592,0.216,0.129,0.000365835730730031,"Atypical B (ABC/DN2)","CTSA"
4.61115943473012e-09,0.608177393673819,0.309,0.199,8.66990196917958e-05,"Atypical B (ABC/DN2)","IRAK1"
2.94803086270681e-13,0.606454547449497,0.499,0.344,5.54288762806135e-09,"Atypical B (ABC/DN2)","MIDN"
3.52333826720135e-23,0.606341825855476,0.727,0.527,6.62458060999197e-19,"Atypical B (ABC/DN2)","SEPTIN6"
2.37287915894601e-08,0.606078131442184,0.173,0.098,0.000446148739465029,"Atypical B (ABC/DN2)","B4GALT4"
2.60840670791775e-06,0.605225100494589,0.212,0.134,0.0490432629222696,"Atypical B (ABC/DN2)","ANKRD36"
2.91318375292584e-09,0.603127754527736,0.386,0.268,5.47736809225116e-05,"Atypical B (ABC/DN2)","UBE2Q2"
1.01775270814703e-20,0.602966722512637,0.685,0.495,1.91357864185804e-16,"Atypical B (ABC/DN2)","FKBP1A"
5.99131425288255e-26,0.602315844889064,0.796,0.611,1.12648690582698e-21,"Atypical B (ABC/DN2)","MANBA"
1.80789600037856e-10,0.602035356231614,0.468,0.339,3.39920605991177e-06,"Atypical B (ABC/DN2)","ISCA1"
4.75292190700958e-22,0.601202997015903,0.737,0.562,8.93644376955941e-18,"Atypical B (ABC/DN2)","PDLIM1"
1.49487446092634e-06,0.600946991016337,0.166,0.1,0.0281066296143371,"Atypical B (ABC/DN2)","CMTM3"
4.25257837509363e-16,0.600244752696376,0.619,0.454,7.99569786085104e-12,"Atypical B (ABC/DN2)","CDKN1B"
8.17161618917542e-12,0.598776668419433,0.418,0.277,1.53642727588876e-07,"Atypical B (ABC/DN2)","CLCN3"
3.14318965351133e-12,0.597330398921,0.342,0.211,5.90982518653201e-08,"Atypical B (ABC/DN2)","UBE2J1"
6.6471358712509e-21,0.597111067310729,0.716,0.53,1.24979448651259e-16,"Atypical B (ABC/DN2)","MOB3A"
1.90271682414473e-09,0.596510177150947,0.462,0.341,3.57748817275692e-05,"Atypical B (ABC/DN2)","NFX1"
5.12253960286125e-12,0.594806699088053,0.399,0.259,9.63139896129973e-08,"Atypical B (ABC/DN2)","ACSL1"
8.71190384666e-10,0.594014712688873,0.339,0.22,1.63801216124901e-05,"Atypical B (ABC/DN2)","AHCTF1"
1.38947537646278e-21,0.593836572280788,0.7,0.507,2.61249160282532e-17,"Atypical B (ABC/DN2)","MAP2K3"
2.79452412731259e-09,0.593096581424886,0.373,0.253,5.25426426417313e-05,"Atypical B (ABC/DN2)","HSH2D"
3.41599130930507e-10,0.592472951010719,0.267,0.162,6.42274685975539e-06,"Atypical B (ABC/DN2)","ENSG00000285612"
2.98679419813074e-07,0.592292177714126,0.399,0.31,0.00561577045132542,"Atypical B (ABC/DN2)","GBE1"
1.30847894763499e-17,0.592189892709806,0.595,0.41,2.4602021173433e-13,"Atypical B (ABC/DN2)","CBLB"
4.5990478225877e-10,0.590548741573062,0.422,0.298,8.64712971602939e-06,"Atypical B (ABC/DN2)","TUT7"
1.15152861657356e-07,0.590484901094284,0.25,0.158,0.0021651041048816,"Atypical B (ABC/DN2)","C1orf174"
4.64541429716428e-09,0.589262164647669,0.208,0.122,8.73430796152827e-05,"Atypical B (ABC/DN2)","CCDC69"
2.66939589934539e-19,0.589123153804141,0.683,0.519,5.01899816994921e-15,"Atypical B (ABC/DN2)","GSPT1"
3.99499279129496e-15,0.588530238914556,0.567,0.402,7.51138544619279e-11,"Atypical B (ABC/DN2)","PICALM"
2.32338178021925e-09,0.587921769418481,0.365,0.245,4.36842242316824e-05,"Atypical B (ABC/DN2)","FAM50A"
1.87840707390984e-10,0.587459564785183,0.394,0.264,3.53178098036529e-06,"Atypical B (ABC/DN2)","FBXO34"
5.63895495544876e-12,0.587227956111501,0.372,0.237,1.06023631072348e-07,"Atypical B (ABC/DN2)","KIF20B"
6.52750285029782e-14,0.585439938627379,0.564,0.403,1.227301085913e-09,"Atypical B (ABC/DN2)","SIPA1L3"
2.99287693734348e-35,0.585399522667197,0.929,0.803,5.62720721759322e-31,"Atypical B (ABC/DN2)","ARL6IP1"
3.27303145924033e-15,0.585035141251995,0.616,0.457,6.15395374966368e-11,"Atypical B (ABC/DN2)","TRABD"
4.7555859922831e-12,0.583861670430737,0.415,0.273,8.94145278269069e-08,"Atypical B (ABC/DN2)","SLC66A2"
2.74602905823182e-22,0.583176662635454,0.645,0.441,5.16308383528746e-18,"Atypical B (ABC/DN2)","NR4A1"
1.05801830806826e-10,0.582840397837833,0.473,0.339,1.98928602282994e-06,"Atypical B (ABC/DN2)","NSMCE3"
6.41899099592353e-07,0.582086361330997,0.233,0.149,0.0120689868705354,"Atypical B (ABC/DN2)","PLAC8"
1.27088162859891e-22,0.581640043878146,0.742,0.555,2.38951163809167e-18,"Atypical B (ABC/DN2)","CNPPD1"
5.0218426000253e-16,0.580910641331829,0.662,0.508,9.44206845656756e-12,"Atypical B (ABC/DN2)","RAB8B"
4.56563824078891e-18,0.57818072344329,0.683,0.522,8.58431302033131e-14,"Atypical B (ABC/DN2)","WDFY4"
2.05980845185111e-09,0.577072898630959,0.27,0.166,3.87285185117045e-05,"Atypical B (ABC/DN2)","ZNF335"
2.27277475368158e-28,0.575607131297381,0.855,0.684,4.27327109187211e-24,"Atypical B (ABC/DN2)","LSP1"
1.4275381789353e-14,0.574607001116477,0.428,0.273,2.68405728403414e-10,"Atypical B (ABC/DN2)","BLOC1S6"
1.62534780917498e-22,0.57408590632543,0.801,0.645,3.05597895081079e-18,"Atypical B (ABC/DN2)","GNG7"
2.66258262059836e-25,0.573302050415468,0.798,0.612,5.00618784324904e-21,"Atypical B (ABC/DN2)","NDUFS5"
3.2378304770663e-31,0.570879956853689,0.895,0.768,6.08776886298006e-27,"Atypical B (ABC/DN2)","SEC61B"
1.56324505149036e-19,0.570239204136804,0.68,0.495,2.93921334581217e-15,"Atypical B (ABC/DN2)","TERF2IP"
1.2421823797514e-06,0.570134956373713,0.391,0.308,0.0233555131040859,"Atypical B (ABC/DN2)","ETF1"
3.15422013058235e-07,0.568578056848217,0.296,0.198,0.00593056468952093,"Atypical B (ABC/DN2)","TRIM26"
2.59427762093407e-35,0.567471633793458,0.966,0.874,4.87776078288024e-31,"Atypical B (ABC/DN2)","ATP6V0C"
1.74318247222761e-11,0.566564398713869,0.46,0.319,3.27753168428234e-07,"Atypical B (ABC/DN2)","RTN3"
7.00414076241762e-11,0.565467361192775,0.383,0.252,1.31691854614976e-06,"Atypical B (ABC/DN2)","MRPL41"
1.05543227858884e-06,0.565351770407819,0.208,0.131,0.0198442377020273,"Atypical B (ABC/DN2)","IFT52"
1.24185712097576e-13,0.563736399702771,0.622,0.477,2.33493975885862e-09,"Atypical B (ABC/DN2)","RILPL2"
2.18750112992069e-07,0.56362096901206,0.297,0.199,0.00411293962447688,"Atypical B (ABC/DN2)","ATP13A3"
7.0910142108309e-11,0.563505499163475,0.396,0.263,1.33325249192043e-06,"Atypical B (ABC/DN2)","MFSD10"
8.87486979507856e-12,0.560885993199467,0.457,0.313,1.66865301887067e-07,"Atypical B (ABC/DN2)","WIPI2"
2.39740452939817e-08,0.558999775366796,0.228,0.139,0.000450759999617444,"Atypical B (ABC/DN2)","PCED1B"
1.48778137655276e-41,0.558266358313635,0.997,0.986,2.79732654419449e-37,"Atypical B (ABC/DN2)","CD79A"
2.64246033564037e-06,0.557899422454713,0.2,0.127,0.0496835392307102,"Atypical B (ABC/DN2)","GLRX2"
2.17217897058947e-14,0.554950183636745,0.664,0.543,4.08413090050233e-10,"Atypical B (ABC/DN2)","EIF4H"
1.20179038628646e-38,0.554769077231045,0.958,0.886,2.2596062842958e-34,"Atypical B (ABC/DN2)","CORO1A"
1.25375694271035e-15,0.553967480827247,0.611,0.439,2.35731380368401e-11,"Atypical B (ABC/DN2)","RIOK3"
1.57697052114489e-13,0.553252455508368,0.565,0.41,2.96501997385662e-09,"Atypical B (ABC/DN2)","CAPNS1"
7.17224629556735e-11,0.553206147737775,0.447,0.31,1.34852574849257e-06,"Atypical B (ABC/DN2)","DENND5B"
1.14439299500307e-09,0.553167184524226,0.478,0.355,2.15168770920477e-05,"Atypical B (ABC/DN2)","PPP3R1"
1.52070365721533e-13,0.552949911313876,0.683,0.546,2.85922701629626e-09,"Atypical B (ABC/DN2)","SSU72"
5.28929605797087e-07,0.552005651105101,0.252,0.164,0.00994493444819683,"Atypical B (ABC/DN2)","RAB35"
5.83761429305729e-08,0.551001358658223,0.347,0.239,0.00109758823938063,"Atypical B (ABC/DN2)","GCH1"
6.74311896071922e-08,0.550086448013235,0.268,0.173,0.00126784122699443,"Atypical B (ABC/DN2)","UBE2O"
5.0286315505794e-07,0.54966056570632,0.396,0.291,0.0094548330413994,"Atypical B (ABC/DN2)","FTX"
4.32221151098684e-11,0.549592473684433,0.606,0.472,8.12662208295745e-07,"Atypical B (ABC/DN2)","CSRNP1"
9.86182570791321e-15,0.549434505882831,0.549,0.382,1.85422046960184e-10,"Atypical B (ABC/DN2)","POLR2A"
4.23871029867188e-07,0.547210604731049,0.281,0.188,0.00796962310356288,"Atypical B (ABC/DN2)","TMED7"
3.95164260194368e-10,0.543953352176466,0.454,0.321,7.4298784201745e-06,"Atypical B (ABC/DN2)","ARHGAP30"
1.37923071460096e-06,0.542511757172301,0.296,0.203,0.0259322958959273,"Atypical B (ABC/DN2)","SAMD4B"
1.04926938506434e-11,0.541424411660223,0.546,0.412,1.97283629779796e-07,"Atypical B (ABC/DN2)","SS18L2"
4.9866493104001e-11,0.540862578966148,0.546,0.413,9.37589803341427e-07,"Atypical B (ABC/DN2)","ZC3HAV1"
4.57498510142508e-11,0.540763207407944,0.425,0.288,8.60188698769944e-07,"Atypical B (ABC/DN2)","SELENOS"
2.21619799899873e-12,0.540173586701488,0.557,0.41,4.16689547771741e-08,"Atypical B (ABC/DN2)","TM9SF2"
1.10798753214766e-06,0.539542670855475,0.362,0.263,0.0208323815794403,"Atypical B (ABC/DN2)","ZFYVE16"
8.68775523712047e-25,0.539221476614996,0.89,0.756,1.63347173968339e-20,"Atypical B (ABC/DN2)","CMSS1"
5.22321579733771e-15,0.538347321701813,0.546,0.377,9.82069034215436e-11,"Atypical B (ABC/DN2)","IQSEC1"
8.94622271453869e-58,0.537439171507975,0.998,0.974,1.68206879478756e-53,"Atypical B (ABC/DN2)","MT-ND5"
1.32987719404969e-15,0.535002972101116,0.706,0.557,2.50043510025222e-11,"Atypical B (ABC/DN2)","TRAF3"
1.89492754700871e-08,0.534156606293066,0.216,0.129,0.000356284277388577,"Atypical B (ABC/DN2)","PVT1"
1.44823044879528e-33,0.533858765724251,0.932,0.811,2.72296288982488e-29,"Atypical B (ABC/DN2)","ARF6"
7.53661164831381e-07,0.533125868141259,0.254,0.167,0.0141703372211596,"Atypical B (ABC/DN2)","ZNF106"
4.46713560356922e-16,0.53186549563918,0.661,0.519,8.39910836183085e-12,"Atypical B (ABC/DN2)","SERINC1"
1.21814902643731e-12,0.53186074480044,0.625,0.501,2.29036379950743e-08,"Atypical B (ABC/DN2)","G3BP2"
3.68662806827355e-14,0.530383357978874,0.612,0.455,6.93159809396794e-10,"Atypical B (ABC/DN2)","SUPT4H1"
1.04453649575856e-12,0.529922178824415,0.48,0.328,1.96393751932525e-08,"Atypical B (ABC/DN2)","PTK2"
2.36115230092799e-59,0.529630271610323,0.998,0.993,4.43943855620481e-55,"Atypical B (ABC/DN2)","EZR"
1.66288214109752e-09,0.528342195166514,0.464,0.335,3.12655100169156e-05,"Atypical B (ABC/DN2)","BANP"
2.20931474516348e-13,0.5282088391234,0.627,0.505,4.15395358385637e-09,"Atypical B (ABC/DN2)","BSG"
1.462321227942e-10,0.527337274547182,0.536,0.405,2.74945637277654e-06,"Atypical B (ABC/DN2)","PPP1CC"
7.13500093790415e-09,0.52718323860792,0.435,0.315,0.000134152287634474,"Atypical B (ABC/DN2)","NCKAP1L"
2.4412891461198e-07,0.526471130852576,0.297,0.2,0.00459011185253445,"Atypical B (ABC/DN2)","BCL7A"
3.52195455131372e-07,0.526368508484524,0.278,0.184,0.00662197894738006,"Atypical B (ABC/DN2)","C21orf91"
6.42112723570297e-15,0.525362338001394,0.633,0.468,1.20730034285687e-10,"Atypical B (ABC/DN2)","ARL6IP5"
4.97010686445753e-18,0.52510478459092,0.672,0.489,9.34479492655304e-14,"Atypical B (ABC/DN2)","TBC1D22A"
4.9317888243247e-15,0.525099836837027,0.651,0.489,9.2727493474953e-11,"Atypical B (ABC/DN2)","ABI1"
7.13480466103049e-09,0.524214702072383,0.501,0.377,0.000134148597236695,"Atypical B (ABC/DN2)","ZMYM2"
2.68172016599684e-32,0.524208261791393,0.913,0.785,5.04217025610726e-28,"Atypical B (ABC/DN2)","ATP6V0E1"
6.74558057267252e-08,0.523761337024526,0.304,0.202,0.00126830405927389,"Atypical B (ABC/DN2)","LASP1"
9.81336252011028e-07,0.522865079399218,0.577,0.477,0.0184510842103113,"Atypical B (ABC/DN2)","EIF4A3"
2.37757785908024e-12,0.522542891497217,0.596,0.454,4.47032189064267e-08,"Atypical B (ABC/DN2)","MAT2A"
6.45783517638259e-50,0.522510645660238,0.989,0.939,1.21420216986345e-45,"Atypical B (ABC/DN2)","CYBA"
1.50508543161399e-21,0.521650644063138,0.79,0.627,2.82986162852062e-17,"Atypical B (ABC/DN2)","RAC2"
1.00836373135424e-12,0.5203333144442,0.501,0.348,1.89592548769225e-08,"Atypical B (ABC/DN2)","PFKL"
1.01308150237777e-11,0.520287150648418,0.376,0.243,1.90479584077069e-07,"Atypical B (ABC/DN2)","ENSG00000291107"
1.00005349100577e-12,0.519660158592846,0.601,0.453,1.88030057378906e-08,"Atypical B (ABC/DN2)","C9orf78"
1.35154787386484e-26,0.51933483158789,0.879,0.728,2.54118031244068e-22,"Atypical B (ABC/DN2)","LDHA"
7.87091150435809e-11,0.519157289039379,0.462,0.323,1.47988878104941e-06,"Atypical B (ABC/DN2)","TMED5"
1.97647392462268e-06,0.518809615893002,0.302,0.21,0.0371616627307557,"Atypical B (ABC/DN2)","UPF3A"
2.20534432070428e-06,0.512888358345626,0.205,0.131,0.0414648839178818,"Atypical B (ABC/DN2)","LINC01588"
5.53667624450128e-10,0.512884107905822,0.465,0.332,1.04100586749113e-05,"Atypical B (ABC/DN2)","PHKB"
4.57509426906342e-11,0.511257790525025,0.412,0.277,8.60209224469305e-07,"Atypical B (ABC/DN2)","MARCHF8"
2.47935513437578e-13,0.510307224232764,0.645,0.493,4.66168352365335e-09,"Atypical B (ABC/DN2)","DNTTIP2"
3.73441367533396e-09,0.50979250921136,0.375,0.256,7.0214445923629e-05,"Atypical B (ABC/DN2)","OTUD1"
9.36518510763721e-15,0.509184018269582,0.675,0.521,1.76084210393795e-10,"Atypical B (ABC/DN2)","PTP4A2"
7.65768283162464e-12,0.508668215771346,0.557,0.41,1.43979752600207e-07,"Atypical B (ABC/DN2)","MCUB"
9.17784640224958e-10,0.50859423183787,0.57,0.446,1.72561868055097e-05,"Atypical B (ABC/DN2)","SDCBP"
5.00375421472156e-12,0.507994512627419,0.633,0.489,9.40805867451947e-08,"Atypical B (ABC/DN2)","ALG13"
6.28878188548478e-07,0.507628713480508,0.213,0.135,0.0118241677010885,"Atypical B (ABC/DN2)","PRKACB"
2.92587401877031e-08,0.506572852767772,0.373,0.26,0.000550122833009194,"Atypical B (ABC/DN2)","TMEM170A"
1.02161283262027e-07,0.503736563335521,0.37,0.261,0.00192083644789264,"Atypical B (ABC/DN2)","CEBPB"
3.5659861700967e-10,0.502448286006109,0.378,0.252,6.70476719701581e-06,"Atypical B (ABC/DN2)","SEL1L3"
5.9221536455796e-12,0.50170643143291,0.502,0.354,1.11348332844188e-07,"Atypical B (ABC/DN2)","TGOLN2"
1.59475157340951e-07,0.500404027243753,0.318,0.216,0.00299845190832455,"Atypical B (ABC/DN2)","SUN1"
1.26495816284991e-13,0.500255995330745,0.394,0.252,2.3783743377904e-09,"Atypical B (ABC/DN2)","TPP1"
5.79800085730002e-11,0.49849008400984,0.475,0.335,1.09014012118955e-06,"Atypical B (ABC/DN2)","CDC40"
4.72373243606392e-08,0.498113662499657,0.465,0.352,0.000888156172628738,"Atypical B (ABC/DN2)","RNF168"
5.3543756027564e-21,0.497925177813821,0.8,0.629,1.00672970083026e-16,"Atypical B (ABC/DN2)","RALGAPA1"
6.88119827057774e-08,0.497579385008121,0.436,0.323,0.00129380289883403,"Atypical B (ABC/DN2)","ANP32E"
3.8503689194079e-11,0.497356863571799,0.585,0.454,7.23946364227073e-07,"Atypical B (ABC/DN2)","OSTF1"
3.44541918916416e-15,0.496604372827665,0.8,0.678,6.47807715946646e-11,"Atypical B (ABC/DN2)","ANXA2"
2.6049705252076e-06,0.495457979625087,0.257,0.173,0.0489786558149534,"Atypical B (ABC/DN2)","CTDSP2"
8.80000929026547e-07,0.495231377024862,0.399,0.299,0.0165457774675571,"Atypical B (ABC/DN2)","SUPT6H"
1.16800676033118e-09,0.493581387674419,0.465,0.335,2.19608631077468e-05,"Atypical B (ABC/DN2)","CCSER2"
5.32909209846822e-10,0.492650917257429,0.443,0.311,1.00197589635399e-05,"Atypical B (ABC/DN2)","SNAP23"
7.09641568213928e-09,0.490607376831996,0.412,0.291,0.000133426807655583,"Atypical B (ABC/DN2)","ATG12"
1.09427207354543e-28,0.490385013388883,0.998,0.978,2.05745035268011e-24,"Atypical B (ABC/DN2)","UBC"
7.72137229333252e-75,0.489795461616019,1,1,1.45177241859238e-70,"Atypical B (ABC/DN2)","HLA-B"
1.08516963543563e-10,0.488930975495718,0.363,0.24,2.04033594854608e-06,"Atypical B (ABC/DN2)","IL10RB"
2.32186666932167e-17,0.488293317958676,0.756,0.6,4.3655737116586e-13,"Atypical B (ABC/DN2)","ENSA"
1.29510774617322e-07,0.486911576931564,0.383,0.273,0.00243506158435488,"Atypical B (ABC/DN2)","STARD7"
6.85334653546977e-46,0.485370430963809,0.997,0.996,1.28856621559903e-41,"Atypical B (ABC/DN2)","ACTB"
5.05750611513173e-69,0.482996799587553,0.998,0.997,9.50912299767068e-65,"Atypical B (ABC/DN2)","HLA-DRB1"
1.11193093110407e-07,0.48288094278146,0.342,0.237,0.00209065253666186,"Atypical B (ABC/DN2)","ABHD14B"
1.11609015974476e-13,0.480733422806988,0.696,0.577,2.09847271835211e-09,"Atypical B (ABC/DN2)","GNAI2"
6.26270028104246e-07,0.480579841707127,0.346,0.245,0.011775129068416,"Atypical B (ABC/DN2)","CD22"
2.41485278683182e-06,0.480225505432576,0.237,0.158,0.0454040620980118,"Atypical B (ABC/DN2)","BTN2A1"
1.30679792472812e-28,0.480002648519893,0.712,0.477,2.4570414580738e-24,"Atypical B (ABC/DN2)","BCL2A1"
5.98876163066801e-09,0.479531442074087,0.535,0.406,0.00011260069617982,"Atypical B (ABC/DN2)","RNF19A"
1.43810007432224e-07,0.479345570629392,0.483,0.375,0.00270391575974068,"Atypical B (ABC/DN2)","FBXW7"
1.88565565503758e-12,0.477204583865085,0.674,0.536,3.54540976260165e-08,"Atypical B (ABC/DN2)","VDAC1"
4.39173843854059e-09,0.476867212371561,0.435,0.31,8.25734661214401e-05,"Atypical B (ABC/DN2)","TSPYL2"
6.1772816522574e-09,0.475545473602965,0.564,0.449,0.000116145249625744,"Atypical B (ABC/DN2)","ARPC5L"
6.03221499986239e-09,0.474935765941562,0.315,0.208,0.000113417706427413,"Atypical B (ABC/DN2)","CCND3"
9.72846286859856e-10,0.473754318350488,0.468,0.337,1.8291455885539e-05,"Atypical B (ABC/DN2)","NAGK"
3.72278828670818e-07,0.470909534080778,0.433,0.328,0.00699958653666872,"Atypical B (ABC/DN2)","ASAP1"
4.7079220014774e-16,0.469985250335365,0.842,0.755,8.85183494717781e-12,"Atypical B (ABC/DN2)","DDX24"
7.80660995726026e-14,0.469917617502769,0.714,0.563,1.46779880416407e-09,"Atypical B (ABC/DN2)","BRD2"
1.43970572761201e-40,0.46956500786345,0.984,0.921,2.7069347090561e-36,"Atypical B (ABC/DN2)","ARPC2"
5.42302284702416e-13,0.469105347643306,0.582,0.424,1.01963675569748e-08,"Atypical B (ABC/DN2)","WDFY2"
3.27809366006031e-19,0.468998993107723,0.79,0.617,6.1634716996454e-15,"Atypical B (ABC/DN2)","MOB1A"
2.0568700481238e-06,0.468613014350088,0.462,0.376,0.0386732706448237,"Atypical B (ABC/DN2)","MOB4"
1.9544543042181e-06,0.467485456582997,0.456,0.354,0.0367476498279087,"Atypical B (ABC/DN2)","ARL5A"
5.60762111751209e-07,0.466053927048556,0.299,0.204,0.0105434492251462,"Atypical B (ABC/DN2)","WIPF2"
8.83217947345847e-10,0.465822830682652,0.511,0.376,1.66062638459966e-05,"Atypical B (ABC/DN2)","ZNF331"
5.04810558913596e-09,0.465077245416263,0.388,0.269,9.49144812869343e-05,"Atypical B (ABC/DN2)","SNRPN"
2.36260639834646e-09,0.462765298624767,0.569,0.446,4.44217255017101e-05,"Atypical B (ABC/DN2)","TMF1"
5.17678580567576e-08,0.462612297906938,0.435,0.318,0.000973339267183156,"Atypical B (ABC/DN2)","PNPLA8"
2.5033456564534e-08,0.460444022132298,0.418,0.301,0.000470679050326368,"Atypical B (ABC/DN2)","MAP7D1"
8.86252321225408e-11,0.459754730245555,0.561,0.419,1.66633161436801e-06,"Atypical B (ABC/DN2)","REEP5"
2.29314713262106e-10,0.456934803039721,0.525,0.386,4.31157523875411e-06,"Atypical B (ABC/DN2)","TET2"
2.01629444540152e-31,0.455096511931701,0.973,0.93,3.79103681624394e-27,"Atypical B (ABC/DN2)","SERF2"
7.41076514236237e-08,0.454185640560782,0.498,0.386,0.00139337206206697,"Atypical B (ABC/DN2)","PTPN2"
5.4213111776044e-11,0.453106187617144,0.64,0.504,1.01931492761318e-06,"Atypical B (ABC/DN2)","BTBD9"
8.165923176609e-07,0.453032879298529,0.456,0.351,0.0153535687566602,"Atypical B (ABC/DN2)","OXSR1"
8.06654353477391e-09,0.449924659750472,0.598,0.484,0.000151667151540819,"Atypical B (ABC/DN2)","FOXN3"
9.50092971674994e-13,0.449743788917817,0.538,0.384,1.78636480534332e-08,"Atypical B (ABC/DN2)","UTY"
3.38638804085791e-08,0.449394885994604,0.59,0.484,0.000636708679442105,"Atypical B (ABC/DN2)","NAA50"
4.78981550001077e-10,0.449347604336887,0.43,0.301,9.00581110312026e-06,"Atypical B (ABC/DN2)","CCDC88C"
6.4536605358162e-09,0.449125295245885,0.289,0.188,0.000121341725394416,"Atypical B (ABC/DN2)","LEPROTL1"
3.10055667422312e-13,0.448936505344125,0.654,0.498,5.82966665887431e-09,"Atypical B (ABC/DN2)","WDR1"
9.51178295030902e-41,0.446828514345062,0.994,0.989,1.7884054303171e-36,"Atypical B (ABC/DN2)","HLA-DQB1"
3.84523100572424e-08,0.446798013359908,0.52,0.402,0.000722980333696272,"Atypical B (ABC/DN2)","RUBCN"
1.38451491637154e-07,0.445628056274917,0.338,0.236,0.00260316494576176,"Atypical B (ABC/DN2)","GAPVD1"
1.92682870027618e-15,0.44394684750019,0.884,0.801,3.62282332225927e-11,"Atypical B (ABC/DN2)","RBM3"
4.74408017568303e-10,0.443255743157529,0.394,0.272,8.91981954631923e-06,"Atypical B (ABC/DN2)","AKR1B1"
6.73066165946345e-53,0.443013134579645,1,0.997,1.26549900521232e-48,"Atypical B (ABC/DN2)","HLA-A"
1.33732880270609e-06,0.441344525077748,0.425,0.324,0.0251444561484799,"Atypical B (ABC/DN2)","GIT2"
1.39440588833965e-21,0.43757869569695,0.921,0.834,2.62176195125622e-17,"Atypical B (ABC/DN2)","HLA-DMA"
3.32796429479655e-24,0.437432882609113,0.958,0.863,6.25723846707648e-20,"Atypical B (ABC/DN2)","LMNA"
7.64382306355742e-11,0.437270009072346,0.58,0.437,1.43719161241007e-06,"Atypical B (ABC/DN2)","ICAM3"
1.39380721506602e-07,0.43719420688896,0.313,0.216,0.00262063632576713,"Atypical B (ABC/DN2)","ABHD16A"
1.4000450861946e-10,0.437011668397673,0.617,0.479,2.63236477106308e-06,"Atypical B (ABC/DN2)","SYPL1"
3.8365047804807e-11,0.435528838758486,0.593,0.448,7.21339628825981e-07,"Atypical B (ABC/DN2)","KDM2A"
5.11153314579275e-16,0.435407587818371,0.866,0.763,9.61070462071952e-12,"Atypical B (ABC/DN2)","CALR"
6.12423483059434e-27,0.435088014102518,0.961,0.921,1.15147863284835e-22,"Atypical B (ABC/DN2)","ARHGDIB"
4.37773411639506e-13,0.434168356003559,0.717,0.568,8.23101568564599e-09,"Atypical B (ABC/DN2)","TNFRSF13C"
5.35410274899967e-08,0.433846342556926,0.288,0.195,0.00100667839886692,"Atypical B (ABC/DN2)","DNAJB12"
5.34208233225534e-13,0.432824528625475,0.729,0.581,1.00441832011065e-08,"Atypical B (ABC/DN2)","CAP1"
1.23587522552669e-26,0.431223213982536,0.981,0.949,2.32369259903528e-22,"Atypical B (ABC/DN2)","LRRFIP1"
6.49526084141718e-08,0.431203247566855,0.359,0.252,0.00122123894340326,"Atypical B (ABC/DN2)","ZBTB43"
1.21197504263218e-06,0.429547779571242,0.384,0.282,0.0227875547515702,"Atypical B (ABC/DN2)","AHI1"
2.35201498099073e-07,0.428500749682047,0.494,0.382,0.00442225856725876,"Atypical B (ABC/DN2)","NRROS"
5.5503601706387e-09,0.42805260280783,0.363,0.252,0.000104357871928349,"Atypical B (ABC/DN2)","EMC3"
1.60776236948982e-12,0.42755211241549,0.934,0.875,3.02291480711476e-08,"Atypical B (ABC/DN2)","CDC37"
1.31544176995928e-12,0.424347949303024,0.637,0.483,2.47329361587743e-08,"Atypical B (ABC/DN2)","PHF20"
1.13375759831584e-09,0.423489743159299,0.73,0.622,2.13169103635344e-05,"Atypical B (ABC/DN2)","RSL24D1"
6.56517315300513e-15,0.422938944977166,0.746,0.592,1.23438385622802e-10,"Atypical B (ABC/DN2)","CTSS"
4.19943989594186e-22,0.421971698833255,0.934,0.82,7.89578689234989e-18,"Atypical B (ABC/DN2)","FUS"
7.48022548624089e-09,0.421720979234538,0.436,0.315,0.000140643199592301,"Atypical B (ABC/DN2)","NDUFB6"
2.48747576816737e-06,0.417746715789728,0.578,0.477,0.0467695193930828,"Atypical B (ABC/DN2)","CLK1"
4.81558683873744e-07,0.415916418687713,0.478,0.367,0.00905426637419413,"Atypical B (ABC/DN2)","DOCK2"
5.84280622151653e-13,0.412788563286645,0.767,0.625,1.09856442576954e-08,"Atypical B (ABC/DN2)","SELENOK"
3.75785132213594e-11,0.412635092227315,0.604,0.459,7.06551205588e-07,"Atypical B (ABC/DN2)","DIAPH1"
7.51954034717078e-20,0.411295263270912,0.893,0.766,1.41382397607505e-15,"Atypical B (ABC/DN2)","TMA7"
1.96339738725665e-12,0.410471510388829,0.737,0.597,3.69157976751995e-08,"Atypical B (ABC/DN2)","ODC1"
6.16038015203074e-10,0.410038379830025,0.53,0.394,1.15827467618482e-05,"Atypical B (ABC/DN2)","CDK13"
2.05516075579061e-08,0.409513847970468,0.58,0.459,0.000386411325303751,"Atypical B (ABC/DN2)","CLIC4"
4.09921157897801e-07,0.408902631436578,0.349,0.248,0.00770733761079446,"Atypical B (ABC/DN2)","PDE4A"
5.4536377276284e-09,0.408616092571131,0.599,0.476,0.000102539296554869,"Atypical B (ABC/DN2)","ARPP19"
4.4610594236798e-19,0.40837705837933,0.968,0.906,8.38768392840277e-15,"Atypical B (ABC/DN2)","MS4A1"
1.7758166868621e-08,0.405184476060251,0.407,0.292,0.000333889053463812,"Atypical B (ABC/DN2)","RPS19BP1"
3.34390760118449e-08,0.404743782109476,0.391,0.28,0.000628721507174708,"Atypical B (ABC/DN2)","SRSF6"
2.48866748233136e-07,0.402526105725032,0.346,0.246,0.00467919260027942,"Atypical B (ABC/DN2)","PIGT"
1.32463657901304e-08,0.400600413636033,0.527,0.401,0.000249058169586033,"Atypical B (ABC/DN2)","SEC11A"
1.13722745549044e-08,0.400222168215732,0.464,0.341,0.000213821506181313,"Atypical B (ABC/DN2)","ARL8A"
1.05243492546034e-09,0.400141577208641,0.703,0.585,1.97878814685052e-05,"Atypical B (ABC/DN2)","LSM14A"
4.53424642148564e-08,0.399611326322243,0.439,0.322,0.00085252901216773,"Atypical B (ABC/DN2)","USP9Y"
4.31945428917405e-10,0.399288877010163,0.635,0.5,8.12143795450505e-06,"Atypical B (ABC/DN2)","SH3BP5"
2.79131769248182e-07,0.398945423547645,0.444,0.333,0.00524823552540432,"Atypical B (ABC/DN2)","S1PR4"
1.22360225427846e-12,0.396939007507091,0.517,0.363,2.30061695849436e-08,"Atypical B (ABC/DN2)","INSIG1"
2.15311399590194e-07,0.395446140729594,0.381,0.277,0.00404828493509483,"Atypical B (ABC/DN2)","ZNF655"
1.06446574307453e-23,0.394384954835655,0.952,0.851,2.00140849012874e-19,"Atypical B (ABC/DN2)","IDS"
8.44917629082166e-11,0.39371467232218,0.532,0.392,1.58861412620029e-06,"Atypical B (ABC/DN2)","FBXO7"
1.46813873293693e-08,0.393372429464146,0.575,0.449,0.000276039444566802,"Atypical B (ABC/DN2)","RUNX1"
4.98437120949696e-08,0.389948288189639,0.52,0.399,0.000937161474809619,"Atypical B (ABC/DN2)","RBPJ"
2.6546707121934e-06,0.389680231015253,0.436,0.333,0.0499131187306603,"Atypical B (ABC/DN2)","UQCRC2"
2.77103679444714e-08,0.388352260092276,0.504,0.382,0.000521010338091951,"Atypical B (ABC/DN2)","NIPA2"
7.6846324951284e-09,0.388345428505839,0.519,0.391,0.000144486460173404,"Atypical B (ABC/DN2)","DPP7"
1.77586474363575e-06,0.387916544143454,0.237,0.162,0.0333898089098394,"Atypical B (ABC/DN2)","DDA1"
5.18299891505287e-29,0.387908081135365,1,0.999,9.74507456008241e-25,"Atypical B (ABC/DN2)","EIF1"
3.30609174136064e-11,0.387530377145912,0.577,0.431,6.21611369210627e-07,"Atypical B (ABC/DN2)","ATP1A1"
1.21240791154659e-07,0.386592337872778,0.473,0.357,0.0022795693552899,"Atypical B (ABC/DN2)","NRBP1"
8.35871573635636e-09,0.386068574727027,0.557,0.429,0.000157160573274972,"Atypical B (ABC/DN2)","SMARCA2"
3.19494499437145e-10,0.385180098493471,0.709,0.636,6.00713557841721e-06,"Atypical B (ABC/DN2)","CYTH1"
8.94060393685458e-10,0.384084634360541,0.711,0.589,1.6810123522074e-05,"Atypical B (ABC/DN2)","BMP2K"
3.49785371492569e-51,0.382844188638512,1,1,6.57666455480329e-47,"Atypical B (ABC/DN2)","CD74"
1.60436008198833e-07,0.381887462985422,0.452,0.339,0.00301651782615446,"Atypical B (ABC/DN2)","MKRN1"
3.78572757502973e-08,0.381517587519923,0.349,0.245,0.000711792498657089,"Atypical B (ABC/DN2)","SGMS1"
2.72843770733869e-09,0.37861741157095,0.708,0.589,5.13000857733821e-05,"Atypical B (ABC/DN2)","ELMO1"
1.82430906178951e-20,0.375726006023849,0.861,0.694,3.43006589797664e-16,"Atypical B (ABC/DN2)","EBF1"
1.36080929400014e-06,0.375530372847137,0.459,0.353,0.0255859363457906,"Atypical B (ABC/DN2)","NFATC1"
2.92650698780918e-13,0.374745216638322,0.754,0.607,5.50241843847881e-09,"Atypical B (ABC/DN2)","TPI1"
3.1883444234256e-11,0.374375189722757,0.817,0.717,5.99472518492481e-07,"Atypical B (ABC/DN2)","IRF2BP2"
3.24601862596591e-12,0.373948136931639,0.826,0.707,6.1031642205411e-08,"Atypical B (ABC/DN2)","GPR183"
9.48561295088502e-08,0.373749784180987,0.407,0.298,0.0017834849470254,"Atypical B (ABC/DN2)","YIPF3"
3.37341242447631e-07,0.373585506332964,0.258,0.177,0.00634269004050035,"Atypical B (ABC/DN2)","ARF3"
6.22035724956297e-08,0.371893051220845,0.661,0.557,0.00116955157006283,"Atypical B (ABC/DN2)","TXNL4A"
5.7213965413025e-07,0.371244116591824,0.538,0.428,0.010757369776957,"Atypical B (ABC/DN2)","GAB2"
6.17033965027812e-09,0.371173905156344,0.339,0.231,0.000116014726104529,"Atypical B (ABC/DN2)","CIITA"
3.01952830877449e-07,0.369246346846827,0.477,0.364,0.0056773171261578,"Atypical B (ABC/DN2)","TOMM5"
3.4663898540182e-08,0.368953797460425,0.462,0.344,0.000651750620352502,"Atypical B (ABC/DN2)","SNX8"
1.35390685146413e-16,0.368933299864329,0.606,0.427,2.54561566212286e-12,"Atypical B (ABC/DN2)","DUSP1"
3.31882969656097e-07,0.364587972220192,0.304,0.213,0.00624006359547393,"Atypical B (ABC/DN2)","ARMCX3"
1.15903086852942e-06,0.363906392301646,0.32,0.229,0.0217920983900901,"Atypical B (ABC/DN2)","TBK1"
2.23624580856749e-06,0.362730782530957,0.176,0.112,0.042045893692686,"Atypical B (ABC/DN2)","RNF144B"
1.6371331796e-06,0.362692688648138,0.263,0.179,0.0307813780428392,"Atypical B (ABC/DN2)","VAV3"
6.41651829378367e-08,0.361809079760662,0.391,0.283,0.0012064337695972,"Atypical B (ABC/DN2)","ADD3"
4.58328691641003e-10,0.359038971051647,0.85,0.764,8.61749606023414e-06,"Atypical B (ABC/DN2)","UQCRH"
6.98066248346340e-09,0.358041793303275,0.798,0.719,0.000131250416014079,"Atypical B (ABC/DN2)","STK17B"
7.65122426982638e-07,0.357454865120911,0.494,0.384,0.0143858318721276,"Atypical B (ABC/DN2)","LBR"
5.29902704776987e-11,0.35714145949655,0.667,0.524,9.9632306552169e-07,"Atypical B (ABC/DN2)","MTDH"
4.03249556374382e-08,0.356815874128749,0.456,0.339,0.000758189815895113,"Atypical B (ABC/DN2)","TRPC4AP"
6.5484732476603e-10,0.35624325067329,0.628,0.492,1.23124394002509e-05,"Atypical B (ABC/DN2)","SH3BGRL"
2.81451023765108e-08,0.355808272506299,0.236,0.152,0.000529184214883155,"Atypical B (ABC/DN2)","GRHPR"
1.04426140121013e-14,0.355642368233557,0.659,0.492,1.96342028655528e-10,"Atypical B (ABC/DN2)","PLEKHA2"
9.20860994321318e-32,0.354888088920788,0.997,0.976,1.73140284152294e-27,"Atypical B (ABC/DN2)","HLA-E"
1.54918773738262e-06,0.354730624833912,0.625,0.53,0.029127827838268,"Atypical B (ABC/DN2)","ZHX2"
2.73852130769138e-13,0.353080945643445,0.897,0.807,5.14896776272133e-09,"Atypical B (ABC/DN2)","SLC25A3"
4.18670916012917e-08,0.352635756026131,0.483,0.364,0.000787185056287487,"Atypical B (ABC/DN2)","MRPS6"
1.00990489879282e-08,0.351606040536308,0.567,0.44,0.000189882319071027,"Atypical B (ABC/DN2)","OGT"
1.17270405626047e-07,0.348966442427153,0.423,0.313,0.00220491816658094,"Atypical B (ABC/DN2)","NDUFC2"
2.31893523390041e-15,0.345908277447177,1,0.992,4.36006202677955e-11,"Atypical B (ABC/DN2)","H3-3B"
4.94831187781982e-13,0.34447450894277,0.761,0.616,9.30381599267683e-09,"Atypical B (ABC/DN2)","H2AZ2"
4.21291014777666e-09,0.3436074436803,0.556,0.426,7.92111365984967e-05,"Atypical B (ABC/DN2)","RFX3"
1.08283172788198e-10,0.342122410898777,0.493,0.355,2.03594021476371e-06,"Atypical B (ABC/DN2)","CHMP1B"
8.63441961657845e-08,0.342073548396526,0.585,0.465,0.00162344357630908,"Atypical B (ABC/DN2)","ZFAND6"
8.96863554052717e-09,0.341993763506645,0.599,0.472,0.000168628285432992,"Atypical B (ABC/DN2)","S100A6"
1.42680964212467e-08,0.340613005861652,0.554,0.429,0.00026826874891228,"Atypical B (ABC/DN2)","NUTM2A-AS1"
1.54210872224787e-09,0.340232739346082,0.59,0.456,2.89947281957045e-05,"Atypical B (ABC/DN2)","FILIP1L"
1.46118388351938e-07,0.339800173312683,0.662,0.557,0.00274731793779314,"Atypical B (ABC/DN2)","COX8A"
2.89142145607426e-12,0.339366098435264,0.897,0.815,5.43645062171082e-08,"Atypical B (ABC/DN2)","ST6GAL1"
2.78357398525244e-09,0.336651283279556,0.394,0.28,5.23367580707163e-05,"Atypical B (ABC/DN2)","GSTK1"
2.08774964017066e-18,0.336207356099866,0.969,0.896,3.92538687344888e-14,"Atypical B (ABC/DN2)","SIPA1L1"
3.03222907611765e-07,0.335619679221296,0.268,0.186,0.00570119710891641,"Atypical B (ABC/DN2)","MGST3"
1.71135180800335e-06,0.335246337216338,0.645,0.543,0.0321768366940789,"Atypical B (ABC/DN2)","NGLY1"
6.76189919335228e-07,0.335049818024297,0.475,0.366,0.012713722863341,"Atypical B (ABC/DN2)","RALGDS"
2.73931946772788e-07,0.334464493725857,0.559,0.443,0.00515046846322195,"Atypical B (ABC/DN2)","TNIP2"
9.29613119997748e-09,0.333775219816583,0.746,0.635,0.000174785858821977,"Atypical B (ABC/DN2)","RABAC1"
9.13911716456085e-20,0.333406475625277,0.918,0.782,1.71833680928073e-15,"Atypical B (ABC/DN2)","CD99"
3.34869797260313e-08,0.331837744500967,0.766,0.661,0.000629622192808841,"Atypical B (ABC/DN2)","GLS"
1.84665095799469e-11,0.331708978479278,0.792,0.662,3.47207313122162e-07,"Atypical B (ABC/DN2)","NCOA3"
7.60205721157905e-09,0.33136262936192,0.766,0.67,0.000142933879692109,"Atypical B (ABC/DN2)","ARHGDIA"
3.34707619788455e-14,0.331356225175433,0.845,0.704,6.29317266726254e-10,"Atypical B (ABC/DN2)","ARID5B"
1.88098925498593e-06,0.32971079312949,0.373,0.279,0.0353663599722454,"Atypical B (ABC/DN2)","FBXL3"
1.51414157533165e-12,0.327689056567658,0.935,0.85,2.84688898993857e-08,"Atypical B (ABC/DN2)","KLF6"
3.64589230911174e-10,0.327611350785439,0.422,0.297,6.8550067195919e-06,"Atypical B (ABC/DN2)","GABARAPL1"
8.64743743263926e-08,0.326851294920382,0.788,0.692,0.00162589118608483,"Atypical B (ABC/DN2)","ADK"
3.07669856707446e-09,0.3266655004403,0.68,0.552,5.7848086458134e-05,"Atypical B (ABC/DN2)","ATP6V0B"
5.44318602269051e-14,0.324721253399449,0.771,0.617,1.02342783598627e-09,"Atypical B (ABC/DN2)","PKM"
5.86882133150715e-14,0.324100319055906,0.512,0.356,1.10345578674997e-09,"Atypical B (ABC/DN2)","HVCN1"
2.00986636316125e-13,0.323084075374761,0.982,0.95,3.77895073601578e-09,"Atypical B (ABC/DN2)","DDX5"
4.45104456670457e-08,0.321796817746645,0.712,0.598,0.000836885399431794,"Atypical B (ABC/DN2)","EPC1"
2.64855058919499e-10,0.321761863290426,0.811,0.696,4.97980481780442e-06,"Atypical B (ABC/DN2)","CD81"
1.93765717876308e-15,0.320584513972793,0.948,0.882,3.64318302751035e-11,"Atypical B (ABC/DN2)","CLIC1"
1.87066677942495e-10,0.320568924767775,0.683,0.545,3.5172276786748e-06,"Atypical B (ABC/DN2)","ATP5F1D"
1.41497040128401e-07,0.317570785377253,0.417,0.308,0.0026604273484942,"Atypical B (ABC/DN2)","IL21R"
3.8280502270233e-07,0.314971415862555,0.499,0.387,0.00719750003684921,"Atypical B (ABC/DN2)","KANSL1"
5.4478511857705e-08,0.312907707390705,0.813,0.726,0.00102430497994857,"Atypical B (ABC/DN2)","MBP"
1.05287664660328e-07,0.31138686023685,0.683,0.57,0.00197961867094349,"Atypical B (ABC/DN2)","NR1H2"
1.05778621731844e-06,0.311157032756293,0.456,0.351,0.0198884964580212,"Atypical B (ABC/DN2)","TRAPPC10"
6.60579479576167e-07,0.310132560522191,0.475,0.367,0.0124202153749911,"Atypical B (ABC/DN2)","MICU2"
6.21243206219822e-09,0.309748029604152,0.759,0.645,0.000116806147633451,"Atypical B (ABC/DN2)","RAC1"
2.03837097109691e-11,0.308039757748944,0.821,0.7,3.8325450998564e-07,"Atypical B (ABC/DN2)","CMTM6"
3.5265054557199e-07,0.30799737388889,0.717,0.612,0.00663053555784456,"Atypical B (ABC/DN2)","CHPT1"
1.14525422320408e-07,0.307227239570335,0.683,0.568,0.00215330699046832,"Atypical B (ABC/DN2)","ERP29"
6.37400327682729e-27,0.306517566991394,0.585,0.379,1.19844009610907e-22,"Atypical B (ABC/DN2)","SAMSN1"
2.02904116211529e-29,0.303684992457958,0.998,0.975,3.81500319300918e-25,"Atypical B (ABC/DN2)","RPS26"
6.46572817917971e-25,0.302753876699818,0.997,0.99,1.21568621224937e-20,"Atypical B (ABC/DN2)","HLA-DQA1"
1.31870927807913e-06,0.301987739496113,0.656,0.55,0.0247943718464438,"Atypical B (ABC/DN2)","POMP"
4.98532037435866e-10,0.301509803214855,0.827,0.72,9.37339936786915e-06,"Atypical B (ABC/DN2)","PAK2"
5.44159107532341e-37,0.300784202908706,0.997,0.999,1.02312795398231e-32,"Atypical B (ABC/DN2)","HLA-DRA"
1.54852653146104e-16,0.300123651127382,0.982,0.97,2.91153958445305e-12,"Atypical B (ABC/DN2)","MYL6"
4.99548143568874e-15,0.298471626461971,0.929,0.823,9.39250419538196e-11,"Atypical B (ABC/DN2)","TRIR"
1.10964908062353e-08,0.297050328026409,0.827,0.733,0.000208636220138836,"Atypical B (ABC/DN2)","PGK1"
7.93474242900112e-08,0.296080981954827,0.512,0.396,0.00149189027150079,"Atypical B (ABC/DN2)","RNF181"
9.68859432550018e-15,0.294345668285711,0.935,0.871,1.82164950508054e-10,"Atypical B (ABC/DN2)","ATP5F1B"
5.67144845381301e-09,0.294151652682462,0.727,0.603,0.000106634573828592,"Atypical B (ABC/DN2)","CD48"
3.72989872669905e-43,0.293473152503578,0.998,1,7.01295558593955e-39,"Atypical B (ABC/DN2)","B2M"
1.88128036141625e-07,0.292044131587451,0.808,0.737,0.00353718333553482,"Atypical B (ABC/DN2)","BACH1"
1.00261230686725e-08,0.289810330870277,0.845,0.746,0.00018851116593718,"Atypical B (ABC/DN2)","CDKN1A"
2.02437860078451e-30,0.288730158036908,1,0.999,3.80623664519503e-26,"Atypical B (ABC/DN2)","MT-CO1"
2.63532321081869e-07,0.286256323543556,0.57,0.455,0.00495493470098131,"Atypical B (ABC/DN2)","PPP3CC"
7.09881543297097e-07,0.283524653812234,0.454,0.349,0.013347192777072,"Atypical B (ABC/DN2)","REV3L"
6.4402850603813e-10,0.279292556287601,0.769,0.646,1.21090239705289e-05,"Atypical B (ABC/DN2)","SMAP2"
1.5558130677357e-06,0.27881693629491,0.887,0.825,0.0292523972995666,"Atypical B (ABC/DN2)","MT-ND6"
1.22215968360283e-06,0.27802676933441,0.544,0.437,0.0229790463711003,"Atypical B (ABC/DN2)","CYB5R3"
7.47541816200758e-07,0.27455077921488,0.654,0.544,0.0140552812282067,"Atypical B (ABC/DN2)","BCLAF1"
1.17288986663376e-07,0.265613990308989,0.916,0.861,0.0022052675272448,"Atypical B (ABC/DN2)","ISG20"
5.73714112196294e-08,0.258981405537409,0.342,0.249,0.00107869727375147,"Atypical B (ABC/DN2)","DCTN4"
1.85945869628374e-06,0.25336888890324,0.619,0.512,0.0349615424075269,"Atypical B (ABC/DN2)","RERE"
3.74062016953544e-11,0.253232740971895,0.914,0.82,7.03311404276054e-07,"Atypical B (ABC/DN2)","LPXN"
1.73473261183594e-15,0.251639857394145,0.617,0.457,3.26164425677394e-11,"Atypical B (ABC/DN2)","SLAMF1"
