"p_val","avg_log2FC","pct.1","pct.2","p_val_adj","cluster","gene"
2.3992956126715e-60,5.81445163675236,0.115,0.002,4.51115561094496e-56,"Atypical B (ABC/DN2)","SLC12A8"
1.97826508886481e-142,5.68247842408451,0.275,0.007,3.71953402008362e-138,"Atypical B (ABC/DN2)","NKG7"
1.52183382973841e-162,5.47798754990617,0.317,0.01,2.86135196667415e-158,"Atypical B (ABC/DN2)","RTN4R"
2.25623821957283e-65,5.47600720260609,0.141,0.006,4.24217910044083e-61,"Atypical B (ABC/DN2)","CST7"
1.5864871278329e-44,4.89632432785366,0.1,0.005,2.98291309775141e-40,"Atypical B (ABC/DN2)","LILRB2"
3.75325305463841e-34,4.49399171213578,0.081,0.004,7.05686639333115e-30,"Atypical B (ABC/DN2)","LRRC25"
1.75328234021597e-43,4.47821614104844,0.097,0.004,3.29652145607407e-39,"Atypical B (ABC/DN2)","BCL11B"
2.16790853925886e-214,4.44297314559604,0.483,0.033,4.07610163551451e-210,"Atypical B (ABC/DN2)","TOX2"
6.42784844232217e-34,4.1698332293168,0.086,0.005,1.20856406412542e-29,"Atypical B (ABC/DN2)","GIPR"
3.6714018142463e-320,4.14387770601271,0.703,0.062,6.9029696911459e-316,"Atypical B (ABC/DN2)","ITGAX"
2.78302496881965e-46,3.91544420413005,0.129,0.01,5.2326435463747e-42,"Atypical B (ABC/DN2)","SYT1"
5.72525295812909e-50,3.91093477936202,0.136,0.01,1.07646206118743e-45,"Atypical B (ABC/DN2)","SLC11A1"
1.22857691883487e-212,3.8906655772473,0.548,0.062,2.30997032279333e-208,"Atypical B (ABC/DN2)","ENC1"
3.93523393753679e-75,3.83901583918641,0.207,0.016,7.39902684935666e-71,"Atypical B (ABC/DN2)","SPTBN4"
0,3.73764313986645,0.848,0.117,0,"Atypical B (ABC/DN2)","SOX5"
1.68247987426113e-40,3.68961507030479,0.116,0.01,3.16339865958578e-36,"Atypical B (ABC/DN2)","CTSW"
1.1957474346849e-41,3.67477226654531,0.124,0.012,2.24824432669455e-37,"Atypical B (ABC/DN2)","ENSG00000289863"
1.91696406874307e-73,3.62325393056229,0.215,0.02,3.60427584205072e-69,"Atypical B (ABC/DN2)","CREB5"
0,3.49597151442348,0.832,0.18,0,"Atypical B (ABC/DN2)","TXNDC5"
1.66565524822338e-37,3.44732678488502,0.105,0.008,3.1317649977096e-33,"Atypical B (ABC/DN2)","VASN"
2.44141166947131e-51,3.39361453189739,0.184,0.025,4.59034222093996e-47,"Atypical B (ABC/DN2)","TOX"
2.92584679042413e-22,3.38549621328167,0.073,0.008,5.50117713535545e-18,"Atypical B (ABC/DN2)","PLCL1"
5.38720498734315e-20,3.36403984733553,0.06,0.005,1.01290228172026e-15,"Atypical B (ABC/DN2)","TMEM178B"
9.58745922651262e-35,3.29947716278406,0.12,0.015,1.8026340837689e-30,"Atypical B (ABC/DN2)","SEMA6A"
7.49013352412474e-19,3.26812335771352,0.065,0.008,1.40829490520593e-14,"Atypical B (ABC/DN2)","MLLT11"
4.37857441952524e-30,3.25955365923514,0.105,0.013,8.23259562359136e-26,"Atypical B (ABC/DN2)","FGD4"
1.46457593862911e-43,3.20645527756872,0.15,0.018,2.75369567981045e-39,"Atypical B (ABC/DN2)","BMP8A"
1.37335153288062e-243,3.1731794153535,0.703,0.136,2.58217555212213e-239,"Atypical B (ABC/DN2)","GPR137B"
1.18088835938324e-24,3.14031716857761,0.089,0.011,2.22030629331237e-20,"Atypical B (ABC/DN2)","EEPD1"
1.58641845316339e-31,3.13142775021587,0.113,0.015,2.9827839756378e-27,"Atypical B (ABC/DN2)","TRERF1"
4.66200128930219e-150,3.0673257059722,0.519,0.093,8.76549482414598e-146,"Atypical B (ABC/DN2)","CD86"
1.35393816026712e-70,3.01553300236322,0.305,0.056,2.54567452893424e-66,"Atypical B (ABC/DN2)","ARL4D"
1.72096292353889e-38,2.98626049318649,0.142,0.019,3.23575448883781e-34,"Atypical B (ABC/DN2)","HOTAIRM1"
3.23155935153313e-117,2.98027595572653,0.431,0.077,6.07597789275258e-113,"Atypical B (ABC/DN2)","BLVRB"
5.74576014868085e-33,2.94303773396048,0.113,0.013,1.08031782315497e-28,"Atypical B (ABC/DN2)","NRCAM"
6.61001409827288e-25,2.93448397097064,0.095,0.013,1.24281485075727e-20,"Atypical B (ABC/DN2)","PIK3R6"
2.54795723212874e-20,2.91548317925934,0.068,0.008,4.79066918784847e-16,"Atypical B (ABC/DN2)","ENSG00000289318"
4.05221050870256e-34,2.90887633043354,0.262,0.083,7.61896619846256e-30,"Atypical B (ABC/DN2)","IGHG2"
8.08763403187569e-18,2.90667599637627,0.063,0.008,1.52063695067327e-13,"Atypical B (ABC/DN2)","SLX1A"
4.7000163765362e-198,2.85666380118165,0.654,0.114,8.83697079116336e-194,"Atypical B (ABC/DN2)","ZBTB32"
3.52229359074665e-42,2.85535962435518,0.165,0.024,6.62261640932185e-38,"Atypical B (ABC/DN2)","PDGFA"
1.40568981543258e-42,2.84538456105542,0.163,0.023,2.64297799097634e-38,"Atypical B (ABC/DN2)","UBASH3B"
1.5254366156864e-14,2.83139287044948,0.053,0.007,2.86812592481356e-10,"Atypical B (ABC/DN2)","DST"
3.53072672670356e-20,2.80857682433046,0.084,0.014,6.63847239154804e-16,"Atypical B (ABC/DN2)","PDCD1"
1.76584907669697e-38,2.79182324602581,0.173,0.033,3.32014943400564e-34,"Atypical B (ABC/DN2)","DTX1"
3.89203564665683e-14,2.79091104565402,0.06,0.01,7.31780542284418e-10,"Atypical B (ABC/DN2)","LRRK2-DT"
2.88851078233672e-14,2.77752864700577,0.065,0.012,5.4309779729495e-10,"Atypical B (ABC/DN2)","RGS13"
2.36933562297881e-47,2.76506135351339,0.195,0.032,4.45482483832475e-43,"Atypical B (ABC/DN2)","CHST2"
3.55652429207561e-26,2.75504320801056,0.108,0.017,6.68697697396057e-22,"Atypical B (ABC/DN2)","DGKG"
1.2643594983153e-13,2.74304372487701,0.061,0.013,2.37724872873243e-09,"Atypical B (ABC/DN2)","LINC02798"
2.80248345542829e-43,2.72229334972433,0.189,0.034,5.26922939289627e-39,"Atypical B (ABC/DN2)","FGFR1"
3.09810290741598e-27,2.70157431732056,0.121,0.022,5.82505308652352e-23,"Atypical B (ABC/DN2)","PHLDB1"
2.68161763687181e-80,2.69492308651704,0.334,0.064,5.04197748084637e-76,"Atypical B (ABC/DN2)","SLC25A29"
8.87237815043984e-19,2.68590621596746,0.087,0.018,1.6681845398457e-14,"Atypical B (ABC/DN2)","AGAP3"
9.09642412097442e-85,2.68206505690608,0.352,0.065,1.71030966322561e-80,"Atypical B (ABC/DN2)","SHISA8"
9.60154654819632e-18,2.67024177423647,0.081,0.016,1.80528278199187e-13,"Atypical B (ABC/DN2)","ENSG00000244676"
7.76244818732817e-13,2.66050711382096,0.053,0.008,1.45949550818144e-08,"Atypical B (ABC/DN2)","SIGLEC6"
7.00715833636494e-20,2.65844557107817,0.092,0.017,1.31748591040334e-15,"Atypical B (ABC/DN2)","FBXO32"
3.59633741358022e-77,2.6520380713646,0.331,0.062,6.76183360501352e-73,"Atypical B (ABC/DN2)","MACROD2"
8.96181239522683e-16,2.65152312555411,0.079,0.017,1.68499996655055e-11,"Atypical B (ABC/DN2)","CHODL"
1.28243463806787e-39,2.61769135641955,0.183,0.041,2.4112336064952e-35,"Atypical B (ABC/DN2)","ENOSF1"
5.17982515469042e-34,2.58244832405737,0.137,0.021,9.73910725584893e-30,"Atypical B (ABC/DN2)","TIGD3"
3.1055770972661e-08,2.57994324361957,0.039,0.008,0.000583910605827972,"Atypical B (ABC/DN2)","LINC01010"
1.67213733890623e-39,2.55973490030706,0.183,0.034,3.14395262461149e-35,"Atypical B (ABC/DN2)","SNTB1"
8.79402532450645e-39,2.55353736180484,0.186,0.04,1.6534526415137e-34,"Atypical B (ABC/DN2)","LINC01679"
2.4962400863624e-10,2.54524432946777,0.048,0.01,4.69343061037859e-06,"Atypical B (ABC/DN2)","ASCL2"
1.50174261898616e-51,2.5292640502015,0.239,0.049,2.82357647221778e-47,"Atypical B (ABC/DN2)","ADAP1"
4.95549372126947e-13,2.51692202101787,0.061,0.012,9.31731929473087e-09,"Atypical B (ABC/DN2)","RIC8B"
3.52528569842556e-22,2.49860095363038,0.092,0.015,6.62824217017974e-18,"Atypical B (ABC/DN2)","SPON2"
9.62246160760119e-21,2.4976150092244,0.103,0.023,1.80921523146118e-16,"Atypical B (ABC/DN2)","MYOM2"
1.29213966010277e-10,2.47857410449332,0.05,0.01,2.42948098892522e-06,"Atypical B (ABC/DN2)","YES1"
1.12840934680756e-116,2.476257163376,0.514,0.113,2.12163525386758e-112,"Atypical B (ABC/DN2)","HMOX1"
8.11262204216856e-17,2.46740900877854,0.081,0.015,1.52533519636853e-12,"Atypical B (ABC/DN2)","MIAT"
1.27295092456517e-08,2.46539691173503,0.047,0.011,0.000239340232836743,"Atypical B (ABC/DN2)","PIF1"
4.97679182044293e-181,2.4601496944689,0.725,0.181,9.3573639807968e-177,"Atypical B (ABC/DN2)","DUSP4"
9.58823591973569e-22,2.44783164250546,0.097,0.017,1.80278011762871e-17,"Atypical B (ABC/DN2)","SDC3"
1.70449325848282e-190,2.44063892664035,0.729,0.226,3.2047882245994e-186,"Atypical B (ABC/DN2)","TNFRSF1B"
7.68125240541638e-102,2.43901605370278,0.47,0.113,1.44422907726639e-97,"Atypical B (ABC/DN2)","PBX4"
1.65215608522851e-46,2.43252831434023,0.237,0.054,3.10638387144665e-42,"Atypical B (ABC/DN2)","LMO2"
1.42737256924315e-43,2.40981942778882,0.215,0.045,2.68374590469097e-39,"Atypical B (ABC/DN2)","ITGB2-AS1"
4.56258786836522e-67,2.39522778831665,0.318,0.068,8.57857771010029e-63,"Atypical B (ABC/DN2)","THEMIS2"
2.0845598644241e-62,2.37977981614245,0.32,0.075,3.91938945709019e-58,"Atypical B (ABC/DN2)","SLA"
1.0194205254382e-17,2.36809742347682,0.087,0.017,1.91671447192891e-13,"Atypical B (ABC/DN2)","PEBP4"
1.36286760662943e-208,2.35978220188519,0.801,0.308,2.56246367398465e-204,"Atypical B (ABC/DN2)","METRNL"
4.83001631485902e-12,2.35840661790831,0.057,0.011,9.08139667519794e-08,"Atypical B (ABC/DN2)","OTUD7B"
3.9752229397712e-219,2.34728148011491,0.837,0.235,7.47421417135781e-215,"Atypical B (ABC/DN2)","ATXN1"
1.17990649813797e-09,2.3365952810086,0.048,0.01,2.21846019779901e-05,"Atypical B (ABC/DN2)","ATP1A3"
3.32219988229561e-12,2.33574461196086,0.06,0.012,6.2464002186922e-08,"Atypical B (ABC/DN2)","GNAZ"
1.00664176062901e-13,2.33035843852148,0.066,0.013,1.89268783833467e-09,"Atypical B (ABC/DN2)","FHL1"
8.24455445312645e-08,2.32860359285442,0.042,0.009,0.00155014112827683,"Atypical B (ABC/DN2)","BFSP2"
1.94053238122866e-74,2.31234526237362,0.46,0.146,3.64858898318613e-70,"Atypical B (ABC/DN2)","MT2A"
3.55803538182828e-55,2.30467126327133,0.281,0.062,6.68981812491353e-51,"Atypical B (ABC/DN2)","HEG1"
4.82575812729952e-17,2.30278441702841,0.089,0.018,9.07339043094856e-13,"Atypical B (ABC/DN2)","WNT16"
3.61577505379321e-121,2.29997411037897,0.565,0.145,6.798380256142e-117,"Atypical B (ABC/DN2)","ITGB2"
3.23883989767781e-24,2.29819468571742,0.126,0.026,6.08966677561382e-20,"Atypical B (ABC/DN2)","FCGR2C"
4.35095702478244e-60,2.29557954392511,0.333,0.091,8.18066939799595e-56,"Atypical B (ABC/DN2)","HCST"
3.04969333312873e-08,2.28890066302028,0.044,0.01,0.000573403340494863,"Atypical B (ABC/DN2)","PRRT1B"
8.50782460006349e-62,2.28432313780505,0.313,0.071,1.59964118130394e-57,"Atypical B (ABC/DN2)","SYT11"
3.56059381399964e-50,2.281792906556,0.265,0.061,6.69462848908213e-46,"Atypical B (ABC/DN2)","SPATA13"
4.64615696475358e-22,2.27779590545136,0.115,0.024,8.73570432512968e-18,"Atypical B (ABC/DN2)","ERFL"
3.51507333699883e-21,2.27339063753717,0.116,0.027,6.60904088822519e-17,"Atypical B (ABC/DN2)","ADAM15"
1.04791691878772e-34,2.26571082756177,0.204,0.054,1.97029339070468e-30,"Atypical B (ABC/DN2)","FMNL2"
3.65290667897846e-97,2.2543090697986,0.506,0.14,6.8681951378153e-93,"Atypical B (ABC/DN2)","PLD4"
3.15014271504873e-88,2.24455383568003,0.499,0.155,5.92289833283463e-84,"Atypical B (ABC/DN2)","PGAP1"
1.2517880130787e-09,2.23813022151347,0.045,0.009,2.35361182219058e-05,"Atypical B (ABC/DN2)","DTX3"
3.01380120948645e-17,2.2296410332733,0.095,0.021,5.66654903407642e-13,"Atypical B (ABC/DN2)","SH2D2A"
2.4494917247509e-51,2.22548352733109,0.279,0.067,4.60553434087665e-47,"Atypical B (ABC/DN2)","TRIB1"
5.34867197490732e-18,2.22182225180366,0.094,0.019,1.00565730472207e-13,"Atypical B (ABC/DN2)","ENSG00000286546"
1.13451045695001e-11,2.22014934986006,0.068,0.019,2.13310656115742e-07,"Atypical B (ABC/DN2)","DNAI7"
7.74715614495829e-07,2.21868128755607,0.036,0.008,0.0145662029837506,"Atypical B (ABC/DN2)","IL12RB2"
2.75090001059615e-16,2.21561039771412,0.086,0.018,5.17224219992288e-12,"Atypical B (ABC/DN2)","RPP25"
4.28026087305017e-20,2.21484182023436,0.118,0.03,8.04774649350894e-16,"Atypical B (ABC/DN2)","SEMA6A-AS1"
3.93789984953946e-75,2.21345584293206,0.399,0.1,7.40403929710409e-71,"Atypical B (ABC/DN2)","CXCR3"
2.61824848429566e-13,2.21321359571023,0.071,0.015,4.9228308001727e-09,"Atypical B (ABC/DN2)","PGPEP1"
4.09050051997834e-66,2.20764782478093,0.394,0.125,7.69095907766327e-62,"Atypical B (ABC/DN2)","RRBP1"
1.50975314574131e-09,2.20590815415446,0.047,0.009,2.83863786462281e-05,"Atypical B (ABC/DN2)","LINC02968"
2.22968135580983e-23,2.19283063736771,0.141,0.034,4.19224688519364e-19,"Atypical B (ABC/DN2)","TBX21"
8.0369433096023e-21,2.18456883021467,0.121,0.028,1.51110608107143e-16,"Atypical B (ABC/DN2)","ZEB2-AS1"
5.44648176698362e-08,2.18312606983275,0.044,0.01,0.00102404750182826,"Atypical B (ABC/DN2)","ENSG00000288838"
8.56467427786386e-33,2.16565339918465,0.173,0.037,1.61033005772396e-28,"Atypical B (ABC/DN2)","BMP6"
7.06105828486167e-302,2.1548308471609,0.96,0.692,1.32762017871969e-297,"Atypical B (ABC/DN2)","IFI30"
3.77704808937128e-36,2.15030116103902,0.22,0.057,7.10160581763589e-32,"Atypical B (ABC/DN2)","BCAT1"
1.19590639326995e-19,2.12841792632614,0.116,0.028,2.24854320062616e-15,"Atypical B (ABC/DN2)","PLPP3"
2.05607016140491e-77,2.1259466092479,0.412,0.102,3.86582311747351e-73,"Atypical B (ABC/DN2)","PRAG1"
8.84492434317506e-31,2.12189516365931,0.187,0.048,1.66302267500377e-26,"Atypical B (ABC/DN2)","HOPX"
3.41334846007711e-42,2.1192819305046,0.252,0.065,6.41777777463698e-38,"Atypical B (ABC/DN2)","TIMP1"
2.32102666808287e-86,2.11678953326575,0.48,0.138,4.36399434132941e-82,"Atypical B (ABC/DN2)","GFOD1"
3.43809630515869e-72,2.11400480893376,0.384,0.093,6.46430867295937e-68,"Atypical B (ABC/DN2)","IER5L"
1.53667296863697e-34,2.09967664946173,0.221,0.064,2.88925251563123e-30,"Atypical B (ABC/DN2)","APBB3"
1.95174430498521e-13,2.09599401545612,0.089,0.024,3.66966964223319e-09,"Atypical B (ABC/DN2)","RAMP1"
1.19865861439111e-25,2.08940128984161,0.157,0.039,2.25371792677817e-21,"Atypical B (ABC/DN2)","CHAF1A"
3.02514775733484e-28,2.08827663342412,0.208,0.075,5.68788281334097e-24,"Atypical B (ABC/DN2)","EOLA1"
7.80477212390359e-18,2.06508230400698,0.111,0.028,1.46745325473635e-13,"Atypical B (ABC/DN2)","ATXN1-AS1"
7.36988653629844e-08,2.0574599683533,0.05,0.014,0.00138568606655483,"Atypical B (ABC/DN2)","CPNE8"
1.11076583410195e-16,2.05556550166242,0.108,0.029,2.08846192127848e-12,"Atypical B (ABC/DN2)","ENSG00000291212"
2.25088318491858e-146,2.05219264638912,0.745,0.26,4.23211056428392e-142,"Atypical B (ABC/DN2)","CEMIP2"
6.07601058039994e-14,2.05015833862512,0.09,0.025,1.1424115093268e-09,"Atypical B (ABC/DN2)","CLIP4"
7.18097924659067e-07,2.04805005446319,0.042,0.011,0.0135016771794398,"Atypical B (ABC/DN2)","ITPRIPL2"
1.30607303199652e-158,2.04759457833329,0.767,0.266,2.45567851475986e-154,"Atypical B (ABC/DN2)","FGR"
1.33837085807543e-38,2.04328554070158,0.241,0.065,2.51640488735342e-34,"Atypical B (ABC/DN2)","MYO1F"
6.49182271937102e-18,2.0413180901972,0.115,0.03,1.22059250769614e-13,"Atypical B (ABC/DN2)","GPRIN1"
1.99525784251513e-14,2.03288463698744,0.105,0.031,3.75148379549696e-10,"Atypical B (ABC/DN2)","HIC1"
1.08285268099069e-66,2.0248535879583,0.42,0.138,2.0359796107987e-62,"Atypical B (ABC/DN2)","TP53I11"
2.00128552642718e-48,2.02265393443721,0.302,0.084,3.76281704678839e-44,"Atypical B (ABC/DN2)","MYO5C"
4.85375037428969e-10,2.02200213253609,0.066,0.018,9.12602145373948e-06,"Atypical B (ABC/DN2)","CD274"
1.34763583406935e-15,2.01965849609925,0.103,0.028,2.53382489521719e-11,"Atypical B (ABC/DN2)","BOLA2B"
1.49602515615448e-44,2.01233782515539,0.302,0.099,2.81282649860165e-40,"Atypical B (ABC/DN2)","LDAF1"
1.65701554732223e-103,2.0116825364286,0.619,0.227,3.11552063207527e-99,"Atypical B (ABC/DN2)","LGMN"
3.39092298195337e-56,2.00815485307351,0.351,0.098,6.37561339066873e-52,"Atypical B (ABC/DN2)","OAS1"
9.87882129022896e-16,1.9994688491655,0.11,0.032,1.85741597898885e-11,"Atypical B (ABC/DN2)","ENSG00000188897"
5.90119189864333e-12,1.99334563194606,0.074,0.019,1.10954210078292e-07,"Atypical B (ABC/DN2)","FUCA2"
5.30738056485121e-24,1.99165432111456,0.141,0.033,9.97893693803325e-20,"Atypical B (ABC/DN2)","TGM2"
1.74641705535745e-12,1.99015232065459,0.082,0.022,3.28361334748307e-08,"Atypical B (ABC/DN2)","SMCO4"
4.08325626179795e-68,1.98654979423976,0.439,0.138,7.67733842343251e-64,"Atypical B (ABC/DN2)","PTPN22"
3.35732230032981e-18,1.97939616365961,0.124,0.035,6.31243738908011e-14,"Atypical B (ABC/DN2)","LIMS2"
2.70162103849499e-27,1.97806801403432,0.171,0.044,5.07958787657827e-23,"Atypical B (ABC/DN2)","CHRNE"
1.45641396943135e-07,1.96785631799776,0.053,0.017,0.00273834954532482,"Atypical B (ABC/DN2)","NCS1"
4.30102155722808e-10,1.96338471633983,0.069,0.02,8.08678073190023e-06,"Atypical B (ABC/DN2)","KCNK6"
6.89645408711714e-21,1.9605176781775,0.131,0.033,1.29667129745977e-16,"Atypical B (ABC/DN2)","VPS26B"
3.80208377734046e-18,1.95097711353321,0.115,0.029,7.14867791815553e-14,"Atypical B (ABC/DN2)","LINC01013"
2.1174153423085e-109,1.94853675377852,0.627,0.254,3.98116432660843e-105,"Atypical B (ABC/DN2)","NCBP3"
2.35152022221826e-12,1.94545611883753,0.09,0.027,4.42132832181477e-08,"Atypical B (ABC/DN2)","PRKCH"
1.34934532699485e-84,1.94426060686301,0.523,0.18,2.53703908381572e-80,"Atypical B (ABC/DN2)","LINC00278"
5.92270007928979e-07,1.92278731397481,0.047,0.013,0.0111358606890807,"Atypical B (ABC/DN2)","ENSG00000255670"
4.96227108931955e-316,1.91911554274895,0.955,0.642,9.33006210213862e-312,"Atypical B (ABC/DN2)","PSAP"
1.84484881957126e-82,1.91905408458699,0.525,0.182,3.46868475055788e-78,"Atypical B (ABC/DN2)","MIDEAS"
1.10195974268495e-74,1.90807449534162,0.43,0.116,2.07190470819623e-70,"Atypical B (ABC/DN2)","CYTOR"
4.85042485316206e-15,1.90772483790938,0.108,0.032,9.1197688089153e-11,"Atypical B (ABC/DN2)","EPB41L4A"
3.22128661510662e-46,1.90523489823546,0.313,0.093,6.05666309372347e-42,"Atypical B (ABC/DN2)","HES4"
1.20457644812846e-88,1.90262829691386,0.588,0.228,2.26484463777112e-84,"Atypical B (ABC/DN2)","DUSP2"
7.07071034435424e-19,1.87588943541955,0.139,0.042,1.32943495894548e-14,"Atypical B (ABC/DN2)","ENSG00000269968"
3.22621148015541e-79,1.87280550730357,0.507,0.163,6.0659228249882e-75,"Atypical B (ABC/DN2)","ITM2C"
9.77751025559633e-18,1.86927307727711,0.131,0.039,1.83836747825722e-13,"Atypical B (ABC/DN2)","TLR9"
2.65109657049542e-17,1.86812125266518,0.124,0.036,4.98459177184548e-13,"Atypical B (ABC/DN2)","CTH"
5.00147657383375e-84,1.85186636961082,0.541,0.177,9.40377625412222e-80,"Atypical B (ABC/DN2)","CD72"
5.69685999813879e-16,1.84915535154803,0.118,0.035,1.07112361685006e-11,"Atypical B (ABC/DN2)","IL12RB1"
1.29701955164087e-18,1.8445329380056,0.141,0.044,2.43865616099516e-14,"Atypical B (ABC/DN2)","CALHM2"
4.86742191229400e-09,1.84361658025921,0.05,0.012,9.15172667949517e-05,"Atypical B (ABC/DN2)","FRMPD3"
7.04716495294694e-44,1.83426367078575,0.315,0.097,1.32500795445308e-39,"Atypical B (ABC/DN2)","DOCK4"
3.9423473339102e-38,1.83215987127273,0.246,0.066,7.41240145721795e-34,"Atypical B (ABC/DN2)","CD68"
1.55585269683855e-32,1.83210073776849,0.229,0.067,2.92531424059584e-28,"Atypical B (ABC/DN2)","DUSP16"
6.91940951415539e-21,1.82578214575492,0.149,0.042,1.3009873768515e-16,"Atypical B (ABC/DN2)","ADAP2"
3.63048282932143e-160,1.82574334257061,0.921,0.688,6.82603381569016e-156,"Atypical B (ABC/DN2)","ATP1B3"
4.02640712366446e-45,1.82150154598191,0.313,0.094,7.57045067391392e-41,"Atypical B (ABC/DN2)","DRAM1"
2.28467256936331e-09,1.8180684821209,0.063,0.017,4.29564136491689e-05,"Atypical B (ABC/DN2)","ZNF385A"
3.83853109257153e-18,1.81388435655199,0.103,0.025,7.217206160253e-14,"Atypical B (ABC/DN2)","ZNF703"
5.0978674130647e-14,1.813344087904,0.155,0.065,9.58501031004425e-10,"Atypical B (ABC/DN2)","ENSG00000284634"
4.52371292729232e-28,1.81089009686408,0.199,0.057,8.50548504589502e-24,"Atypical B (ABC/DN2)","ITGAL"
1.23870613634971e-11,1.80455675668223,0.073,0.019,2.32901527756472e-07,"Atypical B (ABC/DN2)","FOXP4-AS1"
1.2778929749794e-216,1.79890950871825,0.963,0.698,2.40269437155627e-212,"Atypical B (ABC/DN2)","SRGN"
1.63207136745111e-09,1.79882207060088,0.047,0.01,3.06862058508158e-05,"Atypical B (ABC/DN2)","CLCN4"
3.27320823167188e-80,1.79806043744243,0.548,0.199,6.15428611718946e-76,"Atypical B (ABC/DN2)","PAG1"
8.84876832461475e-13,1.79356622227688,0.089,0.025,1.66374542039406e-08,"Atypical B (ABC/DN2)","C17orf107"
3.75001177812952e-22,1.79128631017425,0.181,0.062,7.05077214523912e-18,"Atypical B (ABC/DN2)","FBXO10"
3.71915861888925e-25,1.78653558495194,0.191,0.058,6.99276203523556e-21,"Atypical B (ABC/DN2)","NIBAN1"
6.43718401080798e-107,1.78361733912949,0.754,0.334,1.21031933771212e-102,"Atypical B (ABC/DN2)","RGS2"
9.49665807276258e-23,1.78265639244044,0.17,0.051,1.78556165084082e-18,"Atypical B (ABC/DN2)","GDPD5"
2.68233359129894e-114,1.77776097834405,0.619,0.183,5.04332361836026e-110,"Atypical B (ABC/DN2)","HSPB1"
6.39140455979798e-18,1.7750867623726,0.137,0.041,1.20171188533322e-13,"Atypical B (ABC/DN2)","DPYSL2"
3.83828976400792e-12,1.77339829764017,0.069,0.016,7.2167524142877e-08,"Atypical B (ABC/DN2)","LRRC32"
7.19736118737768e-11,1.76691547495574,0.068,0.017,1.35324785045075e-06,"Atypical B (ABC/DN2)","PYHIN1"
3.06872332000661e-63,1.76654728346816,0.405,0.118,5.76981358627642e-59,"Atypical B (ABC/DN2)","HLA-G"
6.19567372113105e-12,1.76338547079088,0.095,0.031,1.16491057304706e-07,"Atypical B (ABC/DN2)","BMPR1A"
5.68646938846041e-14,1.76287096853509,0.105,0.031,1.06916997441833e-09,"Atypical B (ABC/DN2)","USP13"
6.55002231812543e-13,1.76224209163373,0.092,0.026,1.23153519625394e-08,"Atypical B (ABC/DN2)","SLC37A2"
2.91482404370089e-09,1.7613069690627,0.066,0.019,5.48045216696641e-05,"Atypical B (ABC/DN2)","RAP1GAP2"
2.39226468070951e-200,1.76116309849105,0.885,0.475,4.49793605267002e-196,"Atypical B (ABC/DN2)","GGA2"
6.59898650906685e-14,1.75785862356851,0.107,0.032,1.24074144343475e-09,"Atypical B (ABC/DN2)","ARHGAP18"
4.34044754425139e-19,1.75527263800417,0.132,0.037,8.16090947270146e-15,"Atypical B (ABC/DN2)","TTC28"
4.60608254539816e-27,1.75158304080846,0.236,0.084,8.66035640185762e-23,"Atypical B (ABC/DN2)","TNIK"
5.84393278039982e-133,1.75088374467714,0.795,0.331,1.09877624137077e-128,"Atypical B (ABC/DN2)","RGCC"
4.7534766810615e-08,1.74726321552194,0.05,0.013,0.000893748685573184,"Atypical B (ABC/DN2)","CDC42EP3-AS1"
6.37579848079616e-08,1.74146805506348,0.055,0.016,0.00119877763035929,"Atypical B (ABC/DN2)","TAGLN"
2.19715243987432e-09,1.73609753943999,0.063,0.017,4.13108601745169e-05,"Atypical B (ABC/DN2)","MOXD1"
1.71480006534316e-21,1.73552690692735,0.166,0.051,3.22416708285822e-17,"Atypical B (ABC/DN2)","ADGRG5"
4.20147375502444e-54,1.73043766929504,0.381,0.118,7.89961095419695e-50,"Atypical B (ABC/DN2)","HCK"
4.25644493021226e-09,1.72725499760238,0.071,0.022,8.0029677577851e-05,"Atypical B (ABC/DN2)","ENSG00000231128"
2.7729970863694e-17,1.72346888630261,0.149,0.052,5.21378912179174e-13,"Atypical B (ABC/DN2)","LY96"
3.93658015655118e-31,1.72237778765832,0.241,0.076,7.40155801034753e-27,"Atypical B (ABC/DN2)","SERPINB6"
2.11264373749721e-33,1.72222749303156,0.247,0.075,3.97219275524225e-29,"Atypical B (ABC/DN2)","SRGAP2C"
2.97270888844425e-11,1.72193981042473,0.082,0.024,5.58928725205289e-07,"Atypical B (ABC/DN2)","GLMP"
1.65851262281023e-08,1.72050937236875,0.058,0.016,0.00031183354334078,"Atypical B (ABC/DN2)","ENSG00000289995"
8.53173005965266e-55,1.71785964247458,0.428,0.153,1.60413588581589e-50,"Atypical B (ABC/DN2)","MX2"
7.14774204309752e-07,1.71523340456686,0.047,0.013,0.013439184589432,"Atypical B (ABC/DN2)","CDH23"
1.72141075840074e-09,1.70908665919401,0.074,0.023,3.23659650794507e-05,"Atypical B (ABC/DN2)","ENSG00000268056"
3.30129673569413e-108,1.70782370761954,0.711,0.296,6.20709812245211e-104,"Atypical B (ABC/DN2)","TUBB6"
1.47428633092678e-14,1.70719957807242,0.108,0.032,2.77195315940853e-10,"Atypical B (ABC/DN2)","RCBTB2"
4.05719510801579e-07,1.70203264436727,0.052,0.015,0.0076283382420913,"Atypical B (ABC/DN2)","PPIEL"
6.34915634949749e-07,1.69924591821525,0.052,0.016,0.0119376837683252,"Atypical B (ABC/DN2)","SPAG5"
2.23313767790853e-11,1.69681434550845,0.105,0.04,4.19874546200361e-07,"Atypical B (ABC/DN2)","KIF21A"
2.61816084439447e-08,1.69675797521566,0.066,0.021,0.000492266601963048,"Atypical B (ABC/DN2)","ST7"
2.45494775616816e-33,1.69532442597029,0.289,0.106,4.61579277114737e-29,"Atypical B (ABC/DN2)","SEMA4D"
5.25709757203885e-24,1.69214037242985,0.21,0.074,9.88439485494745e-20,"Atypical B (ABC/DN2)","MIR4422HG"
1.1469106659481e-22,1.68588140053116,0.189,0.063,2.15642143411562e-18,"Atypical B (ABC/DN2)","SRGAP2B"
3.72984190066604e-26,1.684791442091,0.242,0.092,7.01284874163228e-22,"Atypical B (ABC/DN2)","TENT5A"
5.06675463581394e-47,1.68093601576773,0.376,0.133,9.52651206625737e-43,"Atypical B (ABC/DN2)","SERPINB8"
8.91510536519965e-69,1.67996378436487,0.535,0.213,1.67621811076484e-64,"Atypical B (ABC/DN2)","PALS2"
2.9554881854802e-64,1.6792985647392,0.489,0.177,5.55690888633988e-60,"Atypical B (ABC/DN2)","FCRLA"
6.97346558220341e-61,1.67795355282392,0.456,0.159,1.31115099876589e-56,"Atypical B (ABC/DN2)","ITGB7"
4.86184553386492e-45,1.67008473643578,0.362,0.127,9.14124197277282e-41,"Atypical B (ABC/DN2)","LILRB1"
5.50730405440283e-41,1.66916559267337,0.336,0.116,1.03548330830882e-36,"Atypical B (ABC/DN2)","FCRL5"
3.49944172849089e-14,1.66558071899473,0.152,0.064,6.57965033790857e-10,"Atypical B (ABC/DN2)","MCOLN2"
7.63136715383561e-31,1.6649354137505,0.255,0.086,1.43484965226417e-26,"Atypical B (ABC/DN2)","FCRL2"
5.3092063400522e-45,1.66297002608463,0.381,0.15,9.98236976056615e-41,"Atypical B (ABC/DN2)","STK38L"
1.7196518930686e-111,1.6621025156984,0.733,0.295,3.23328948934758e-107,"Atypical B (ABC/DN2)","BCAR3"
2.58991574117666e-21,1.66064581705024,0.189,0.067,4.86955957656036e-17,"Atypical B (ABC/DN2)","ENSG00000230709"
4.32897189552769e-14,1.6549241684033,0.128,0.045,8.13933295797116e-10,"Atypical B (ABC/DN2)","TSEN54"
1.9058715523742e-12,1.65068940140823,0.118,0.044,3.58341969277397e-08,"Atypical B (ABC/DN2)","EPOR"
4.46922951141256e-21,1.64992311160489,0.184,0.063,8.40304532735789e-17,"Atypical B (ABC/DN2)","MS4A7"
2.05848245992955e-54,1.6442883781832,0.435,0.154,3.87035872115953e-50,"Atypical B (ABC/DN2)","COPDA1"
1.21115498119855e-19,1.64355943126757,0.178,0.062,2.27721359564952e-15,"Atypical B (ABC/DN2)","BHLHE41"
1.76985664323695e-63,1.64068209900426,0.501,0.193,3.32768446061411e-59,"Atypical B (ABC/DN2)","SETBP1"
1.2681757041585e-12,1.64031915144968,0.107,0.035,2.38442395895882e-08,"Atypical B (ABC/DN2)","ASPH"
5.70118824365141e-15,1.63760559240534,0.121,0.038,1.07193741357134e-10,"Atypical B (ABC/DN2)","ENSG00000288964"
3.59823067545215e-55,1.63718452589812,0.499,0.212,6.76539331598514e-51,"Atypical B (ABC/DN2)","POLB"
8.21022227273492e-08,1.63502623011874,0.073,0.026,0.00154368599171962,"Atypical B (ABC/DN2)","TLCD3A"
3.18578247378176e-93,1.6230901682595,0.666,0.281,5.98990820720446e-89,"Atypical B (ABC/DN2)","LPCAT1"
2.63986238053345e-78,1.62164388757601,0.593,0.281,4.963469247879e-74,"Atypical B (ABC/DN2)","TYMP"
3.13089753608908e-46,1.61915191505173,0.37,0.127,5.88671354735468e-42,"Atypical B (ABC/DN2)","ZBTB38"
7.15758931827692e-108,1.6145945167772,0.725,0.353,1.34576994362243e-103,"Atypical B (ABC/DN2)","NFATC2"
3.54322907695954e-07,1.60822567498984,0.053,0.016,0.00666197931049934,"Atypical B (ABC/DN2)","CD226"
3.40379597652876e-09,1.60740123542062,0.087,0.032,6.39981719506937e-05,"Atypical B (ABC/DN2)","RRAGD"
2.41669975888472e-21,1.60466607041225,0.191,0.065,4.54387888665505e-17,"Atypical B (ABC/DN2)","CYTH4"
4.23343883410251e-07,1.58856151182016,0.055,0.017,0.00795971169587955,"Atypical B (ABC/DN2)","ZNF771"
1.82969192023719e-06,1.58244003891861,0.048,0.015,0.0344018674842997,"Atypical B (ABC/DN2)","AVPI1"
3.41320095906536e-74,1.5790503319685,0.596,0.253,6.41750044323469e-70,"Atypical B (ABC/DN2)","CLIP1"
1.78632571165443e-25,1.57103141540798,0.215,0.071,3.35864960305265e-21,"Atypical B (ABC/DN2)","SCIMP"
1.02583150583602e-84,1.56809552404247,0.651,0.279,1.92876839727288e-80,"Atypical B (ABC/DN2)","APBB1IP"
1.69926263616034e-06,1.56458632297011,0.04,0.011,0.0319495360850868,"Atypical B (ABC/DN2)","ASTL"
1.47417508059203e-15,1.55462806016812,0.131,0.042,2.77174398652914e-11,"Atypical B (ABC/DN2)","PLAUR"
1.71536702729746e-11,1.5519975346778,0.102,0.034,3.22523308472468e-07,"Atypical B (ABC/DN2)","GABPB2"
4.8914437733407e-76,1.55164369969772,0.606,0.267,9.19689258263519e-72,"Atypical B (ABC/DN2)","PRKX"
2.62188807689533e-27,1.53972050405739,0.26,0.097,4.92967396217859e-23,"Atypical B (ABC/DN2)","FCGR2B"
2.61604949946722e-36,1.53645038678215,0.321,0.115,4.91869626889827e-32,"Atypical B (ABC/DN2)","SEMA4B"
9.08515010593611e-41,1.53614506462411,0.368,0.138,1.70818992291811e-36,"Atypical B (ABC/DN2)","SRGAP2"
1.09356470410296e-38,1.53006317598516,0.375,0.15,2.05612035665439e-34,"Atypical B (ABC/DN2)","JAK2"
7.85237004817579e-115,1.52135116525192,0.832,0.459,1.47640261645801e-110,"Atypical B (ABC/DN2)","COTL1"
2.48331405143573e-22,1.51988740692175,0.187,0.062,4.66912707950947e-18,"Atypical B (ABC/DN2)","TRPV2"
2.31146507127309e-25,1.51737008593364,0.246,0.091,4.34601662700766e-21,"Atypical B (ABC/DN2)","PWWP2B"
1.61979339256805e-09,1.51692735814193,0.086,0.029,3.04553553670645e-05,"Atypical B (ABC/DN2)","ENSG00000227741"
6.06171703239535e-111,1.51560888897797,0.771,0.392,1.13972403643097e-106,"Atypical B (ABC/DN2)","B4GALT1"
1.04688128562162e-77,1.5145875479155,0.624,0.256,1.96834619322578e-73,"Atypical B (ABC/DN2)","P2RX5"
3.77866566152896e-14,1.51420197453256,0.145,0.055,7.10464717680674e-10,"Atypical B (ABC/DN2)","ANK3"
6.69252207398788e-22,1.51339340530809,0.213,0.08,1.2583280003512e-17,"Atypical B (ABC/DN2)","JDP2"
1.64205383186e-129,1.51157933489492,0.845,0.567,3.08738961466318e-125,"Atypical B (ABC/DN2)","RANBP2"
4.71570650452756e-169,1.50996506739279,0.916,0.717,8.86647136981271e-165,"Atypical B (ABC/DN2)","GUK1"
3.15465498626253e-08,1.50453716298069,0.082,0.03,0.00059313823051708,"Atypical B (ABC/DN2)","ENSG00000283696"
2.42544136183948e-12,1.49924055707173,0.124,0.046,4.56031484853058e-08,"Atypical B (ABC/DN2)","SLC12A9"
7.53300399093658e-70,1.49803975550636,0.596,0.258,1.4163554103759e-65,"Atypical B (ABC/DN2)","RIN3"
1.50047491481571e-12,1.49715572001219,0.157,0.066,2.82119293483651e-08,"Atypical B (ABC/DN2)","TNFSF9"
1.55411097918274e-37,1.49704219208197,0.347,0.13,2.92203946305939e-33,"Atypical B (ABC/DN2)","ST3GAL5"
7.67004515163659e-85,1.49688323052248,0.716,0.386,1.44212188941071e-80,"Atypical B (ABC/DN2)","IFITM2"
4.22242958466627e-24,1.49516742381866,0.229,0.083,7.93901210508952e-20,"Atypical B (ABC/DN2)","CCSAP"
3.21047642044798e-10,1.49179169999962,0.099,0.035,6.03633776572628e-06,"Atypical B (ABC/DN2)","PRC1"
9.85135200431639e-42,1.48798507655707,0.393,0.157,1.85225120385157e-37,"Atypical B (ABC/DN2)","ZMIZ1"
9.6622993498618e-30,1.48662224758151,0.317,0.138,1.81670552376102e-25,"Atypical B (ABC/DN2)","HCG17"
2.71638763221074e-16,1.4861687253953,0.155,0.055,5.10735202608263e-12,"Atypical B (ABC/DN2)","SIGLEC10"
1.0907254395363e-20,1.48556101760715,0.197,0.071,2.05078197141616e-16,"Atypical B (ABC/DN2)","TAX1BP3"
5.14783900126346e-07,1.48411415990925,0.063,0.022,0.00967896689017556,"Atypical B (ABC/DN2)","ENSG00000288531"
4.99304138558523e-35,1.47982392755998,0.362,0.156,9.38791641317735e-31,"Atypical B (ABC/DN2)","EXOC3"
4.12644840487871e-38,1.47672174241802,0.389,0.179,7.75854829085294e-34,"Atypical B (ABC/DN2)","ZCCHC2"
1.28261128875802e-117,1.46745349638671,0.856,0.531,2.41156574512284e-113,"Atypical B (ABC/DN2)","ESYT2"
3.75327526543339e-50,1.46686338762359,0.511,0.234,7.05690815406785e-46,"Atypical B (ABC/DN2)","ASAH1"
1.10846861685191e-22,1.46542427931339,0.229,0.087,2.08414269340496e-18,"Atypical B (ABC/DN2)","GAS7"
1.74998957691394e-90,1.46457120211808,0.729,0.424,3.29033040251358e-86,"Atypical B (ABC/DN2)","CDK2AP2"
9.93106549473124e-24,1.46396564650942,0.207,0.07,1.86723893431937e-19,"Atypical B (ABC/DN2)","CD84"
2.86385779010549e-62,1.4570518411884,0.567,0.275,5.38462541695635e-58,"Atypical B (ABC/DN2)","PABPC4"
1.28460149819471e-17,1.45590640187547,0.195,0.081,2.4153077369057e-13,"Atypical B (ABC/DN2)","PLXNC1"
2.31354802537938e-08,1.44883287661362,0.089,0.034,0.000434993299731831,"Atypical B (ABC/DN2)","DAPK2"
7.51884630071053e-11,1.44522977063783,0.134,0.056,1.41369348145959e-06,"Atypical B (ABC/DN2)","SOX4"
3.28621606975071e-45,1.44286053016876,0.444,0.193,6.17874345434529e-41,"Atypical B (ABC/DN2)","SSBP4"
7.70690663999688e-13,1.44033331332359,0.129,0.047,1.44905258645221e-08,"Atypical B (ABC/DN2)","MPST"
5.39442977768168e-23,1.43919355419488,0.368,0.206,1.01426068679971e-18,"Atypical B (ABC/DN2)","JMY"
2.52158934652974e-19,1.43896105423399,0.22,0.091,4.74109228934521e-15,"Atypical B (ABC/DN2)","PTPA"
1.17579338469904e-26,1.43859795839605,0.276,0.11,2.21072672191114e-22,"Atypical B (ABC/DN2)","ENSG00000291066"
3.5806532274931e-45,1.43442968894712,0.456,0.199,6.73234419833253e-41,"Atypical B (ABC/DN2)","CARHSP1"
1.67294464574018e-14,1.42960359071708,0.192,0.1,3.14547052292069e-10,"Atypical B (ABC/DN2)","EOLA2"
1.67148080294471e-09,1.42687486866338,0.09,0.032,3.14271820569664e-05,"Atypical B (ABC/DN2)","PTPRS"
1.71143327223322e-10,1.42576216511881,0.105,0.038,3.2178368384529e-06,"Atypical B (ABC/DN2)","GCNT2"
2.25342695401088e-13,1.42194573217531,0.115,0.038,4.23689335893127e-09,"Atypical B (ABC/DN2)","SOGA1"
2.05220774069725e-06,1.42161903722442,0.058,0.021,0.0385856099405896,"Atypical B (ABC/DN2)","TLE1-DT"
3.5698533445155e-167,1.4202281298645,0.958,0.686,6.71203825835804e-163,"Atypical B (ABC/DN2)","ZEB2"
4.70297597817105e-16,1.41869893485147,0.162,0.059,8.84253543415721e-12,"Atypical B (ABC/DN2)","FXYD1"
8.26796081102223e-15,1.41660645403455,0.153,0.058,1.5545419916884e-10,"Atypical B (ABC/DN2)","MTURN"
8.86020616743728e-07,1.41391543138795,0.069,0.026,0.0166589596360156,"Atypical B (ABC/DN2)","AFMID"
8.51096442435332e-17,1.41322350336707,0.181,0.071,1.60023153106691e-12,"Atypical B (ABC/DN2)","TBC1D12"
3.48307397367415e-12,1.41166095555328,0.105,0.036,6.54887568530214e-08,"Atypical B (ABC/DN2)","PIERCE2"
1.1396618933168e-35,1.40718494687332,0.394,0.183,2.14279229181425e-31,"Atypical B (ABC/DN2)","UGT8"
2.02504784473187e-33,1.40150268695765,0.399,0.184,3.80749495766486e-29,"Atypical B (ABC/DN2)","CASP9"
6.16526420007193e-83,1.39961617545438,0.698,0.413,1.15919297489752e-78,"Atypical B (ABC/DN2)","CNIH1"
1.7002049732869e-14,1.39523925078866,0.171,0.07,3.19672539077402e-10,"Atypical B (ABC/DN2)","TP53INP2"
8.08935668799581e-64,1.39516815070794,0.612,0.293,1.52096084447697e-59,"Atypical B (ABC/DN2)","MICAL1"
4.37895981249099e-12,1.39510586329864,0.139,0.056,8.23332023944556e-08,"Atypical B (ABC/DN2)","MT1X"
1.55615326985951e-07,1.39482223321564,0.094,0.042,0.00292587937798985,"Atypical B (ABC/DN2)","CACNA1A"
3.75288071645204e-16,1.39377623568193,0.174,0.068,7.05616632307313e-12,"Atypical B (ABC/DN2)","SH3TC1"
1.3778933289871e-07,1.39306953227912,0.055,0.017,0.00259071503716155,"Atypical B (ABC/DN2)","ENSG00000290048"
9.22098868196726e-65,1.38901020639145,0.696,0.373,1.73373029198348e-60,"Atypical B (ABC/DN2)","GLA"
6.2882283534799e-88,1.38777239931194,0.725,0.392,1.18231269502129e-83,"Atypical B (ABC/DN2)","OGDH"
5.11454055140091e-16,1.38329726620049,0.15,0.053,9.616359144744e-12,"Atypical B (ABC/DN2)","ZBTB20-AS5"
1.72257987494674e-54,1.37887233858696,0.59,0.28,3.23879468087487e-50,"Atypical B (ABC/DN2)","NR4A3"
1.46817228865282e-06,1.37799741793333,0.063,0.023,0.0276045753712504,"Atypical B (ABC/DN2)","INSL6"
1.09413789063036e-10,1.37759482295799,0.128,0.053,2.05719806196319e-06,"Atypical B (ABC/DN2)","CCDC88A"
3.7385416959423e-27,1.37587567939753,0.305,0.129,7.02920609671071e-23,"Atypical B (ABC/DN2)","CAMKK1"
2.28173563698605e-08,1.37490882258256,0.102,0.042,0.000429011934466116,"Atypical B (ABC/DN2)","GMNN"
1.41829463264773e-67,1.37154444019231,0.638,0.332,2.66667756830426e-63,"Atypical B (ABC/DN2)","PXK"
3.7038882868368e-11,1.36661597341316,0.15,0.068,6.96405075691055e-07,"Atypical B (ABC/DN2)","GZF1"
1.33998815752051e-91,1.36593071554839,0.774,0.439,2.51944573377006e-87,"Atypical B (ABC/DN2)","MALT1"
2.76748258784076e-23,1.36468241785181,0.249,0.098,5.20342076165819e-19,"Atypical B (ABC/DN2)","SCRN1"
3.61001557452021e-14,1.36361022195896,0.173,0.073,6.7875512832129e-10,"Atypical B (ABC/DN2)","PTPRO"
1.02766769655939e-49,1.36249594074512,0.648,0.396,1.93222080307096e-45,"Atypical B (ABC/DN2)","IDI1"
6.69401748007009e-21,1.36161981442972,0.244,0.101,1.25860916660278e-16,"Atypical B (ABC/DN2)","MEF2C-AS1"
2.59358728612226e-82,1.36151598749337,0.78,0.455,4.87646281536707e-78,"Atypical B (ABC/DN2)","YWHAH"
9.15065598453803e-32,1.35983696826778,0.365,0.159,1.72050633821284e-27,"Atypical B (ABC/DN2)","FOXO3"
1.09401609114125e-24,1.35922739914413,0.278,0.114,2.05696905456378e-20,"Atypical B (ABC/DN2)","SLC1A4"
2.5118298019136e-32,1.35871069106619,0.333,0.132,4.72274239355794e-28,"Atypical B (ABC/DN2)","EIF4EBP1"
8.91804122986935e-74,1.35382193240601,0.389,0.094,1.67677011204004e-69,"Atypical B (ABC/DN2)","IGHG1"
4.1852684550639e-19,1.35186904591896,0.194,0.073,7.86914174921114e-15,"Atypical B (ABC/DN2)","BBC3"
7.30746625738369e-09,1.35039069070127,0.137,0.072,0.000137394980571328,"Atypical B (ABC/DN2)","ZNF184"
7.51211902111093e-179,1.34638629993648,0.96,0.761,1.41242861834928e-174,"Atypical B (ABC/DN2)","ADGRE5"
4.16523919088361e-07,1.34423805962033,0.055,0.018,0.00783148272669936,"Atypical B (ABC/DN2)","VNN2"
2.44643448128728e-37,1.34397845012876,0.425,0.195,4.59978611171635e-33,"Atypical B (ABC/DN2)","LIMK1"
4.7396317417727e-81,1.34389293416069,0.716,0.441,8.91145560088102e-77,"Atypical B (ABC/DN2)","CNOT2"
6.57946798411662e-38,1.34220309850051,0.433,0.2,1.23707157037361e-33,"Atypical B (ABC/DN2)","ST3GAL1"
6.90250935630777e-13,1.34182700257375,0.155,0.064,1.29780980917299e-08,"Atypical B (ABC/DN2)","PHF2"
1.68977454770838e-68,1.33848239460612,0.656,0.297,3.17711410460129e-64,"Atypical B (ABC/DN2)","RHOB"
3.27687828018626e-22,1.33746931360959,0.244,0.097,6.16118654240622e-18,"Atypical B (ABC/DN2)","KIF1B"
2.64626716580282e-24,1.33738064140981,0.262,0.103,4.97551152514247e-20,"Atypical B (ABC/DN2)","ABTB2"
9.66892611649455e-44,1.33632496312391,0.477,0.214,1.81795148842331e-39,"Atypical B (ABC/DN2)","NCOR2"
1.80164290561516e-17,1.33586901559132,0.204,0.083,3.38744899113763e-13,"Atypical B (ABC/DN2)","KCTD7"
4.76767479157978e-24,1.33578138136737,0.279,0.118,8.9641821431283e-20,"Atypical B (ABC/DN2)","PLIN2"
1.76188742931335e-06,1.33569440467312,0.071,0.028,0.0331270074459495,"Atypical B (ABC/DN2)","FGFRL1"
1.87654684374396e-35,1.3304723204867,0.475,0.253,3.5282833756074e-31,"Atypical B (ABC/DN2)","GOT1"
8.50178661720417e-20,1.32804510441212,0.254,0.115,1.59850591976673e-15,"Atypical B (ABC/DN2)","CRY2"
2.3612437842324e-102,1.32461140267217,0.884,0.623,4.43961056311376e-98,"Atypical B (ABC/DN2)","S100A11"
9.14615687650679e-41,1.32282921079334,0.468,0.222,1.71966041592081e-36,"Atypical B (ABC/DN2)","GEN1"
2.45222016727864e-08,1.32180597510605,0.107,0.046,0.000461066435851731,"Atypical B (ABC/DN2)","APOL6"
2.56618483197655e-07,1.32074244165633,0.09,0.039,0.00482494072108232,"Atypical B (ABC/DN2)","INKA1"
3.32588330250302e-57,1.32067824181599,0.617,0.343,6.25332578536618e-53,"Atypical B (ABC/DN2)","KPNA2"
3.29134682046573e-41,1.31659288866742,0.491,0.243,6.18839029183966e-37,"Atypical B (ABC/DN2)","VSIR"
7.43926900442567e-41,1.31534565431923,0.33,0.112,1.39873135821211e-36,"Atypical B (ABC/DN2)","TFEC"
3.66002990043956e-149,1.31371988769131,0.981,0.873,6.88158821880645e-145,"Atypical B (ABC/DN2)","GAPDH"
1.26756216328392e-77,1.31098195237546,0.733,0.372,2.38327037940643e-73,"Atypical B (ABC/DN2)","BORCS5"
2.01723199978795e-10,1.31004475949955,0.113,0.044,3.7927996060013e-06,"Atypical B (ABC/DN2)","TICAM2"
1.38031847299414e-74,1.30788789900357,0.745,0.436,2.59527479292358e-70,"Atypical B (ABC/DN2)","WARS1"
7.18089834535106e-09,1.30362998746119,0.092,0.035,0.000135015250689291,"Atypical B (ABC/DN2)","NFIX"
2.01717269571997e-12,1.30199256797231,0.131,0.049,3.79268810249269e-08,"Atypical B (ABC/DN2)","ENSG00000285280"
2.18748822242165e-65,1.29985032102288,0.754,0.485,4.11291535579719e-61,"Atypical B (ABC/DN2)","MAP3K8"
1.45082337876921e-44,1.29500247322789,0.499,0.234,2.72783811676187e-40,"Atypical B (ABC/DN2)","IFNLR1"
1.18225078637806e-38,1.29495456822742,0.544,0.343,2.22286792854803e-34,"Atypical B (ABC/DN2)","LGALS1"
9.50332623005852e-79,1.2945203867219,0.761,0.446,1.7868153977756e-74,"Atypical B (ABC/DN2)","IRAG2"
1.92428957524479e-22,1.29159167603231,0.299,0.139,3.61804925937526e-18,"Atypical B (ABC/DN2)","PPP1R14A"
6.02818797362581e-21,1.29031076367681,0.276,0.127,1.13341990280113e-16,"Atypical B (ABC/DN2)","SACS"
1.35419643075818e-06,1.28916005232212,0.074,0.03,0.0254616012911153,"Atypical B (ABC/DN2)","H2BC15"
3.12729207352405e-14,1.28801345665665,0.17,0.069,5.87993455663992e-10,"Atypical B (ABC/DN2)","BRI3BP"
3.30718035993453e-20,1.28628872480596,0.241,0.101,6.21816051274891e-16,"Atypical B (ABC/DN2)","PYCARD"
2.01104992687882e-110,1.28477816308625,0.905,0.61,3.78117607251756e-106,"Atypical B (ABC/DN2)","LITAF"
8.3243066022986e-13,1.28354776361226,0.132,0.05,1.56513612736418e-08,"Atypical B (ABC/DN2)","PHACTR2"
1.42442270778875e-43,1.27837121217973,0.485,0.219,2.6781995751844e-39,"Atypical B (ABC/DN2)","NUDT4"
7.11042244973021e-17,1.27631680412885,0.223,0.1,1.33690162899827e-12,"Atypical B (ABC/DN2)","CTSC"
1.49895312114645e-14,1.27548070509641,0.17,0.069,2.81833165837956e-10,"Atypical B (ABC/DN2)","PABIR3"
4.60551015322388e-18,1.27542592095851,0.22,0.092,8.65928019009154e-14,"Atypical B (ABC/DN2)","CCNG2"
1.18387603518293e-07,1.27436436224322,0.087,0.035,0.00222592372135095,"Atypical B (ABC/DN2)","TMEM241"
2.12555772617289e-09,1.27230693858702,0.118,0.049,3.99647363675026e-05,"Atypical B (ABC/DN2)","CEP250"
1.91394466860148e-14,1.27119062976287,0.197,0.09,3.59859876590449e-10,"Atypical B (ABC/DN2)","LRRK2"
3.21263523268917e-39,1.27104239949212,0.43,0.184,6.04039676450217e-35,"Atypical B (ABC/DN2)","HLA-DQA2"
1.6642655918359e-76,1.2669339776851,0.753,0.441,3.12915216576985e-72,"Atypical B (ABC/DN2)","TPM4"
5.05025949884271e-103,1.26564290027202,0.916,0.694,9.49549790972407e-99,"Atypical B (ABC/DN2)","CREM"
1.73017782102007e-23,1.26288786139099,0.291,0.126,3.25308033908194e-19,"Atypical B (ABC/DN2)","POLM"
4.31717859628992e-29,1.26248255307251,0.372,0.171,8.11715919674431e-25,"Atypical B (ABC/DN2)","SLC1A5"
7.80933754169598e-121,1.26197776701974,0.953,0.642,1.46831164458968e-116,"Atypical B (ABC/DN2)","KLF2"
2.75896448065021e-29,1.26140430038793,0.372,0.174,5.18740501651852e-25,"Atypical B (ABC/DN2)","TRIM8"
4.20140457952008e-10,1.26137492135636,0.128,0.054,7.89948089041365e-06,"Atypical B (ABC/DN2)","CDK5R1"
9.67002613948297e-09,1.26069991292901,0.107,0.044,0.000181815831474559,"Atypical B (ABC/DN2)","ABHD4"
7.22095090153602e-16,1.25900895736463,0.218,0.107,1.3576831885068e-11,"Atypical B (ABC/DN2)","NCOA7"
3.15807957151243e-07,1.25897941699151,0.09,0.038,0.00593782121035767,"Atypical B (ABC/DN2)","MPV17L2"
2.5343320437886e-15,1.25793974429443,0.244,0.119,4.76505110873132e-11,"Atypical B (ABC/DN2)","RGS1"
9.08630167573968e-60,1.25313765689758,0.677,0.394,1.70840644107257e-55,"Atypical B (ABC/DN2)","CARD11"
6.57549206073203e-11,1.24550086151257,0.136,0.057,1.23632401725884e-06,"Atypical B (ABC/DN2)","CPPED1"
9.74911003301055e-16,1.2444881839332,0.202,0.087,1.83302766840664e-11,"Atypical B (ABC/DN2)","NCR3"
2.96304354928623e-15,1.24429589029339,0.205,0.091,5.57111448136797e-11,"Atypical B (ABC/DN2)","NQO2"
3.72934410193819e-20,1.24407894778869,0.242,0.102,7.01191278046418e-16,"Atypical B (ABC/DN2)","NETO2"
1.23761549876312e-15,1.24111394915867,0.21,0.093,2.32696466077442e-11,"Atypical B (ABC/DN2)","SYTL3"
1.98984064456805e-24,1.23939043001567,0.318,0.145,3.74129837991685e-20,"Atypical B (ABC/DN2)","ABHD17B"
1.86452989652366e-07,1.23736948915152,0.081,0.032,0.00350568911144378,"Atypical B (ABC/DN2)","ANKMY2"
2.65578324724814e-10,1.23719167709542,0.115,0.045,4.99340366147596e-06,"Atypical B (ABC/DN2)","ANXA2R-OT1"
4.0019720072908e-48,1.2350672793298,0.598,0.321,7.52450776810815e-44,"Atypical B (ABC/DN2)","LY6E"
4.11177460664282e-23,1.23166305063833,0.223,0.083,7.73095861540982e-19,"Atypical B (ABC/DN2)","ADARB1"
1.69470884428268e-36,1.23143297840516,0.481,0.252,3.1863915690203e-32,"Atypical B (ABC/DN2)","BIN1"
3.2088330276321e-24,1.22994969411282,0.3,0.131,6.03324785855388e-20,"Atypical B (ABC/DN2)","KCNN4"
1.160169471428e-14,1.22664706802205,0.204,0.092,2.18135064017892e-10,"Atypical B (ABC/DN2)","FBXO31"
1.2417234003258e-70,1.22624087736867,0.843,0.593,2.33468833729257e-66,"Atypical B (ABC/DN2)","S100A10"
1.12736309322057e-27,1.22609514938846,0.378,0.18,2.11966808787331e-23,"Atypical B (ABC/DN2)","OTULIN"
4.30817784152561e-14,1.22190073769443,0.199,0.092,8.10023597763645e-10,"Atypical B (ABC/DN2)","PLEKHO2"
1.04955406574736e-31,1.2186447518811,0.389,0.175,1.97337155441819e-27,"Atypical B (ABC/DN2)","SLC39A3"
3.24407780732574e-07,1.21513381604862,0.089,0.037,0.00609951509333386,"Atypical B (ABC/DN2)","SNX24"
2.31251490013817e-07,1.21447571564835,0.092,0.039,0.00434799051523979,"Atypical B (ABC/DN2)","PLAG1"
4.48208972810832e-08,1.21256203155355,0.089,0.035,0.000842722510678927,"Atypical B (ABC/DN2)","ENSG00000267379"
1.49934538902802e-09,1.21182533730789,0.137,0.062,2.81906920045048e-05,"Atypical B (ABC/DN2)","RAB34"
2.08485887131514e-83,1.21048639216595,0.847,0.592,3.91995164984673e-79,"Atypical B (ABC/DN2)","PRNP"
1.7404755803632e-16,1.20903730831998,0.225,0.101,3.27244218619888e-12,"Atypical B (ABC/DN2)","ENSG00000267476"
3.39948374695877e-62,1.2060924894091,0.693,0.405,6.39170934103188e-58,"Atypical B (ABC/DN2)","MYO9B"
1.14057372372265e-26,1.20592669556944,0.346,0.157,2.14450671534334e-22,"Atypical B (ABC/DN2)","MPRIP"
9.84411034014467e-52,1.20572287648561,0.622,0.332,1.850889626154e-47,"Atypical B (ABC/DN2)","GLUD1"
2.42551622896604e-71,1.20364233020922,0.746,0.418,4.56045561370195e-67,"Atypical B (ABC/DN2)","DAPP1"
1.61598812495583e-08,1.20182721752677,0.079,0.029,0.000303838087254195,"Atypical B (ABC/DN2)","BATF"
1.26507084826671e-34,1.20128527931856,0.478,0.246,2.37858620891107e-30,"Atypical B (ABC/DN2)","SNN"
3.26412400375374e-53,1.20097528562968,0.651,0.351,6.13720595185779e-49,"Atypical B (ABC/DN2)","LBH"
2.86296285311199e-29,1.20059917452696,0.38,0.176,5.38294275642115e-25,"Atypical B (ABC/DN2)","CORO1C"
2.95036453850127e-11,1.19881081661266,0.176,0.088,5.5472754052901e-07,"Atypical B (ABC/DN2)","MAST3"
4.15334582621207e-60,1.19464428481954,0.774,0.483,7.80912082244393e-56,"Atypical B (ABC/DN2)","TUBA4A"
9.13853948330528e-08,1.19282086455083,0.12,0.062,0.00171822819365106,"Atypical B (ABC/DN2)","SLC7A7"
1.93850990529705e-34,1.19161540069926,0.527,0.335,3.6447863239395e-30,"Atypical B (ABC/DN2)","NEK1"
8.97284469223919e-14,1.19100514494345,0.174,0.074,1.68707425903481e-09,"Atypical B (ABC/DN2)","ZMAT3"
6.99647012196154e-66,1.18996640801128,0.698,0.423,1.31547631233121e-61,"Atypical B (ABC/DN2)","ANKRD13A"
8.35520804895368e-19,1.18907741112045,0.297,0.15,1.57094621736427e-14,"Atypical B (ABC/DN2)","GPR65"
4.49895901390878e-45,1.18777370607934,0.583,0.308,8.45894273795129e-41,"Atypical B (ABC/DN2)","RAB11FIP1"
9.16830737915312e-09,1.18742591534067,0.129,0.061,0.000172382515342837,"Atypical B (ABC/DN2)","SLC35E4"
3.64772466734476e-47,1.1869867716742,0.583,0.322,6.85845191954162e-43,"Atypical B (ABC/DN2)","ABR"
3.76869372342167e-31,1.18655194458254,0.41,0.194,7.08589793877743e-27,"Atypical B (ABC/DN2)","TLE1"
4.54268607295602e-07,1.18442018550469,0.068,0.026,0.00854115835437191,"Atypical B (ABC/DN2)","GORASP1"
2.85250610496211e-53,1.18379654733304,0.656,0.359,5.36328197854976e-49,"Atypical B (ABC/DN2)","SIK1"
1.50425589275177e-23,1.18303979062354,0.363,0.19,2.82830192955187e-19,"Atypical B (ABC/DN2)","HEATR1"
1.7758380589485e-28,1.18253740971042,0.396,0.193,3.33893071843497e-24,"Atypical B (ABC/DN2)","MOB1B"
8.57108953775181e-41,1.18212957258269,0.494,0.23,1.61153625488809e-36,"Atypical B (ABC/DN2)","KYNU"
2.27518092418333e-21,1.1796788851601,0.37,0.202,4.27779517364949e-17,"Atypical B (ABC/DN2)","ISG15"
1.37906667665789e-34,1.17967357706776,0.485,0.257,2.59292116545216e-30,"Atypical B (ABC/DN2)","ENSG00000290192"
6.32150039777617e-14,1.17852110067344,0.213,0.101,1.18856850478988e-09,"Atypical B (ABC/DN2)","PCDH9"
5.57913594116204e-102,1.17794680951165,0.88,0.602,1.04898913965729e-97,"Atypical B (ABC/DN2)","RAPGEF1"
7.60483616698925e-21,1.17742310244232,0.342,0.175,1.42986129611732e-16,"Atypical B (ABC/DN2)","GPR18"
4.87108649030915e-20,1.17568974740737,0.278,0.128,9.15861681907926e-16,"Atypical B (ABC/DN2)","PLEKHG2"
2.560455577086e-16,1.17568419215284,0.263,0.132,4.8141685760371e-12,"Atypical B (ABC/DN2)","WDR55"
6.79357915459842e-16,1.17298332437001,0.204,0.088,1.2773287526476e-11,"Atypical B (ABC/DN2)","ITGAV"
2.58806644703621e-18,1.17290664889959,0.315,0.192,4.86608253371748e-14,"Atypical B (ABC/DN2)","AMPD3"
3.33509479641227e-47,1.17187434739144,0.64,0.356,6.27064523621434e-43,"Atypical B (ABC/DN2)","NIN"
4.23419425012869e-26,1.16852791205039,0.391,0.203,7.96113202909197e-22,"Atypical B (ABC/DN2)","NUP133"
1.98198015576144e-10,1.16772792705237,0.162,0.077,3.72651908886266e-06,"Atypical B (ABC/DN2)","VPS45"
1.15635564674244e-15,1.16657058830812,0.241,0.115,2.17417988700513e-11,"Atypical B (ABC/DN2)","DIPK2A"
1.77865257051154e-65,1.16357391479478,0.753,0.431,3.3442225630758e-61,"Atypical B (ABC/DN2)","KLF3"
1.95825293590222e-06,1.16144274768055,0.066,0.026,0.0368190717008336,"Atypical B (ABC/DN2)","ENSG00000249738"
2.52754863017563e-06,1.158487046233,0.071,0.029,0.0475229693445623,"Atypical B (ABC/DN2)","SCARB1"
8.67737101249007e-16,1.15691812490822,0.228,0.105,1.63151929776838e-11,"Atypical B (ABC/DN2)","SEPTIN11"
1.03140765988981e-24,1.15616672515264,0.349,0.165,1.93925268212481e-20,"Atypical B (ABC/DN2)","UPP1"
1.12375975035449e-60,1.15596266470002,0.682,0.439,2.11289308261651e-56,"Atypical B (ABC/DN2)","ORAI1"
2.38024525452563e-07,1.15523372250088,0.099,0.043,0.00447533712755909,"Atypical B (ABC/DN2)","NIPSNAP3B"
2.46214115308979e-18,1.14959744487747,0.288,0.145,4.62931779603942e-14,"Atypical B (ABC/DN2)","C15orf39"
2.91100250711256e-50,1.14127330197932,0.627,0.328,5.47326691387303e-46,"Atypical B (ABC/DN2)","PTPN6"
3.27931926578947e-15,1.13914584084797,0.236,0.113,6.16577608353736e-11,"Atypical B (ABC/DN2)","GCLM"
3.95061042385228e-29,1.13827416277628,0.376,0.172,7.42793771892706e-25,"Atypical B (ABC/DN2)","SLAMF7"
2.07120031285774e-07,1.13822203232425,0.102,0.045,0.00389427082823512,"Atypical B (ABC/DN2)","VPS37C"
9.49121157548155e-24,1.13493831603824,0.47,0.29,1.78453760042204e-19,"Atypical B (ABC/DN2)","NEU1"
1.33018907186759e-80,1.13259422410429,0.808,0.557,2.50102149292543e-76,"Atypical B (ABC/DN2)","USP24"
3.30665822749784e-52,1.12748480409447,0.666,0.407,6.21717879934144e-48,"Atypical B (ABC/DN2)","SH3KBP1"
2.40533689971637e-36,1.12364915963134,0.499,0.257,4.52251443884671e-32,"Atypical B (ABC/DN2)","ACOT9"
5.88913445900561e-38,1.12246772072347,0.506,0.248,1.10727506098223e-33,"Atypical B (ABC/DN2)","MXI1"
4.91572709182324e-14,1.11967667806933,0.195,0.087,9.24255007804605e-10,"Atypical B (ABC/DN2)","PITPNM1"
5.74393974323566e-37,1.11822743857113,0.483,0.234,1.07997555052317e-32,"Atypical B (ABC/DN2)","PIK3AP1"
1.44415788696225e-47,1.11751627082619,0.635,0.371,2.71530565906642e-43,"Atypical B (ABC/DN2)","EEA1"
2.56732399019174e-10,1.1169626061165,0.128,0.054,4.82708256635852e-06,"Atypical B (ABC/DN2)","HLA-DQB2"
1.46726618362799e-16,1.11657712186862,0.279,0.143,2.75875387845734e-12,"Atypical B (ABC/DN2)","GTDC1"
4.80635583412941e-35,1.11568269695598,0.656,0.406,9.03691023933011e-31,"Atypical B (ABC/DN2)","NR4A2"
5.68656727986896e-12,1.11366158021172,0.252,0.141,1.06918837996096e-07,"Atypical B (ABC/DN2)","PLEK"
3.5518193400544e-25,1.11267723998856,0.407,0.22,6.67813072317027e-21,"Atypical B (ABC/DN2)","ODF3B"
2.06364300812681e-10,1.11039164827116,0.152,0.069,3.88006158388003e-06,"Atypical B (ABC/DN2)","NT5C3B"
1.21900514173472e-08,1.10893238556508,0.086,0.033,0.000229197346748962,"Atypical B (ABC/DN2)","NET1"
6.84409035111725e-32,1.10756948516224,0.447,0.22,1.28682586781706e-27,"Atypical B (ABC/DN2)","FOXP4"
3.46343246377727e-10,1.1042345962403,0.183,0.102,6.51194571839403e-06,"Atypical B (ABC/DN2)","ATAD3B"
1.59351757876725e-13,1.10365477404509,0.223,0.112,2.99613175159819e-09,"Atypical B (ABC/DN2)","HPS3"
4.94297931247339e-36,1.10167061197335,0.544,0.305,9.29378970331246e-32,"Atypical B (ABC/DN2)","HCG18"
5.1277087344704e-16,1.09934977796571,0.257,0.126,9.64111796255125e-12,"Atypical B (ABC/DN2)","LGALS8"
1.94322924529019e-28,1.09867497658774,0.405,0.197,3.65365962699462e-24,"Atypical B (ABC/DN2)","IGFLR1"
2.43342341028384e-09,1.09454387462342,0.141,0.065,4.57532269601568e-05,"Atypical B (ABC/DN2)","INF2"
3.21589503893217e-10,1.09439803994486,0.136,0.059,6.04652585220026e-06,"Atypical B (ABC/DN2)","SLC17A9"
4.57082795119163e-10,1.09150527266317,0.173,0.086,8.5940707138305e-06,"Atypical B (ABC/DN2)","PTPN18"
1.46875872768409e-25,1.089795579527,0.451,0.254,2.76156015979162e-21,"Atypical B (ABC/DN2)","SIK2"
1.34033329158439e-21,1.0885835954792,0.305,0.142,2.52009465483698e-17,"Atypical B (ABC/DN2)","SLAMF6"
1.38348121325278e-34,1.08825458406794,0.561,0.35,2.60122137715788e-30,"Atypical B (ABC/DN2)","COMMD10"
1.2934730680937e-08,1.08577340529719,0.132,0.062,0.000243198806262978,"Atypical B (ABC/DN2)","CHST7"
5.10009717507902e-11,1.08275018571942,0.15,0.066,9.58920270858357e-07,"Atypical B (ABC/DN2)","CIC"
4.74838641152116e-21,1.08211500989383,0.296,0.136,8.92791613094209e-17,"Atypical B (ABC/DN2)","LHPP"
1.27205136260982e-26,1.08096794925781,0.462,0.255,2.39171097197898e-22,"Atypical B (ABC/DN2)","SGK1"
9.44155264315543e-20,1.0781206363356,0.3,0.144,1.77520072796608e-15,"Atypical B (ABC/DN2)","HEXB"
6.06946894329992e-14,1.07119856082347,0.215,0.102,1.14118155071925e-09,"Atypical B (ABC/DN2)","DNAJC5"
3.59698246896227e-24,1.06448916052098,0.351,0.167,6.76304643814287e-20,"Atypical B (ABC/DN2)","RNF11"
1.11960177304121e-19,1.06446848229641,0.294,0.14,2.10507525367209e-15,"Atypical B (ABC/DN2)","SOCS4"
1.06469136610111e-16,1.06421247299784,0.291,0.15,2.0018327065433e-12,"Atypical B (ABC/DN2)","MGAT2"
2.70143818433277e-07,1.0618290151529,0.099,0.044,0.00507924407418248,"Atypical B (ABC/DN2)","GSTM1"
1.04351329603155e-08,1.05985021647155,0.152,0.076,0.000196201369919852,"Atypical B (ABC/DN2)","TMEM181"
9.20099383534767e-15,1.05918459601748,0.291,0.163,1.72997086092207e-10,"Atypical B (ABC/DN2)","SUPV3L1"
1.35924266202682e-32,1.05655988250986,0.501,0.264,2.55564805314283e-28,"Atypical B (ABC/DN2)","ALOX5AP"
3.43853257366661e-26,1.05585296312631,0.367,0.173,6.46512894500796e-22,"Atypical B (ABC/DN2)","AIM2"
1.19470185578466e-06,1.05520820204949,0.087,0.039,0.0224627842924632,"Atypical B (ABC/DN2)","AGAP2"
9.96231858009448e-40,1.05412533885277,0.585,0.331,1.87311513942936e-35,"Atypical B (ABC/DN2)","DBNL"
1.24045055084479e-22,1.0538564084896,0.391,0.21,2.33229512569837e-18,"Atypical B (ABC/DN2)","JADE2"
2.35889092855787e-49,1.04722831108285,0.785,0.566,4.43518672387451e-45,"Atypical B (ABC/DN2)","CHD1"
7.26395613007061e-15,1.04519457189218,0.234,0.112,1.36576903157588e-10,"Atypical B (ABC/DN2)","ENTPD1"
9.65050164274234e-55,1.04427820305208,0.712,0.481,1.81448731886842e-50,"Atypical B (ABC/DN2)","TPD52"
9.40951055459063e-96,1.04116764309085,0.929,0.7,1.76917617447413e-91,"Atypical B (ABC/DN2)","AKAP13"
1.44260928232096e-40,1.0390817762603,0.609,0.377,2.71239397261988e-36,"Atypical B (ABC/DN2)","TACC1"
1.64392953537777e-41,1.03818306462957,0.607,0.333,3.09091631241729e-37,"Atypical B (ABC/DN2)","CCPG1"
1.70057211394712e-07,1.03785103145989,0.123,0.059,0.00319741568864337,"Atypical B (ABC/DN2)","MAP4K3-DT"
1.71109997023731e-35,1.0376217267359,0.582,0.348,3.2172101640402e-31,"Atypical B (ABC/DN2)","CD19"
4.15100445770424e-17,1.03710257919876,0.309,0.164,7.8047185813755e-13,"Atypical B (ABC/DN2)","TCIRG1"
9.31652290588662e-11,1.03679882486826,0.202,0.106,1.7516926367648e-06,"Atypical B (ABC/DN2)","ENSG00000291228"
3.37609894839024e-13,1.03382745555903,0.194,0.089,6.34774124276333e-09,"Atypical B (ABC/DN2)","TTC39C"
2.93540900686481e-12,1.0329605049162,0.225,0.115,5.51915601470722e-08,"Atypical B (ABC/DN2)","SLC5A6"
3.4992130698889e-09,1.03253234394274,0.16,0.079,6.57922041400511e-05,"Atypical B (ABC/DN2)","EEF2K"
2.81540871666513e-26,1.03047437378243,0.417,0.214,5.29353146907377e-22,"Atypical B (ABC/DN2)","FARP2"
4.91811865823061e-31,1.03044679551678,0.47,0.24,9.2470467012052e-27,"Atypical B (ABC/DN2)","AKT2"
1.66923827331064e-14,1.02752383385538,0.26,0.135,3.13850180147866e-10,"Atypical B (ABC/DN2)","TBC1D9B"
6.55265117596886e-16,1.02717018591158,0.249,0.119,1.23202947410567e-11,"Atypical B (ABC/DN2)","ZBTB18"
2.34071480654225e-15,1.02687346285907,0.231,0.108,4.40101197926073e-11,"Atypical B (ABC/DN2)","P2RX1"
1.36805542459344e-28,1.02669838831823,0.393,0.186,2.57221780932059e-24,"Atypical B (ABC/DN2)","PIGB"
3.61827987197603e-12,1.02439546549204,0.208,0.103,6.80308981528933e-08,"Atypical B (ABC/DN2)","KLHDC4"
2.32807452547896e-07,1.02141980899057,0.11,0.051,0.00437724572280555,"Atypical B (ABC/DN2)","IVD"
4.911236679756e-19,1.02006261410692,0.333,0.173,9.23410720527722e-15,"Atypical B (ABC/DN2)","CAPN2"
1.14077358896434e-11,1.01939384723328,0.179,0.084,2.14488250197075e-07,"Atypical B (ABC/DN2)","FOSL2"
4.15538986322651e-24,1.01856784278887,0.415,0.222,7.81296402083849e-20,"Atypical B (ABC/DN2)","RASGRP1"
3.97707116957398e-10,1.01810211859458,0.152,0.07,7.47768921303299e-06,"Atypical B (ABC/DN2)","TNFSF12"
4.21563453552989e-08,1.01508813155913,0.165,0.088,0.000792623605370329,"Atypical B (ABC/DN2)","ITPRIP"
1.7645933307242e-22,1.01379533168702,0.386,0.202,3.31778838042764e-18,"Atypical B (ABC/DN2)","RAP2B"
1.25348323416846e-16,1.01361561151185,0.347,0.201,2.35679917688353e-12,"Atypical B (ABC/DN2)","PRCP"
5.63477972295432e-54,1.01258819455066,0.754,0.487,1.05945128350987e-49,"Atypical B (ABC/DN2)","PEA15"
8.39582316983204e-11,1.01203770422785,0.155,0.071,1.57858267239182e-06,"Atypical B (ABC/DN2)","MAP7D3"
1.10274721065141e-15,1.00993759554001,0.299,0.159,2.07338530546678e-11,"Atypical B (ABC/DN2)","ATP10D"
4.57356656266591e-118,1.00804769201019,0.998,0.953,8.59921985112444e-114,"Atypical B (ABC/DN2)","EMP3"
3.69145051630496e-09,1.00802292459074,0.107,0.044,6.94066526075658e-05,"Atypical B (ABC/DN2)","ENSG00000273272"
7.33052842696904e-15,1.00509972135053,0.284,0.152,1.37828595483872e-10,"Atypical B (ABC/DN2)","APMAP"
2.87553860312417e-33,1.00389126252859,0.57,0.333,5.40658768159406e-29,"Atypical B (ABC/DN2)","MCM5"
8.04360528514188e-28,1.00195995039033,0.465,0.25,1.51235866571238e-23,"Atypical B (ABC/DN2)","CDC27"
6.02495014633404e-13,1.0013550767461,0.202,0.096,1.13281112651373e-08,"Atypical B (ABC/DN2)","GDE1"
3.4243412335115e-15,1.00078318029992,0.289,0.153,6.43844638724832e-11,"Atypical B (ABC/DN2)","GLUL"
1.57716703490167e-15,1.00025007345025,0.499,0.362,2.96538945902213e-11,"Atypical B (ABC/DN2)","SNHG15"
1.62021013611166e-06,1.00012587374953,0.144,0.081,0.0304631909791714,"Atypical B (ABC/DN2)","PTPRE"
7.67919513688836e-21,0.996540850395305,0.418,0.252,1.44384226963775e-16,"Atypical B (ABC/DN2)","LIMS1"
1.0950772588776e-12,0.996156137943017,0.195,0.092,2.05896426214166e-08,"Atypical B (ABC/DN2)","SIDT2"
2.2281267210007e-11,0.995375492290632,0.194,0.095,4.18932386082551e-07,"Atypical B (ABC/DN2)","NAAA"
7.52913192004256e-39,0.993277026462483,0.633,0.39,1.4156273836064e-34,"Atypical B (ABC/DN2)","PDIA6"
1.52449228118572e-14,0.991660035559879,0.26,0.133,2.86635038708539e-10,"Atypical B (ABC/DN2)","WASHC5"
1.90474376414958e-07,0.99158848874834,0.126,0.062,0.00358129922535403,"Atypical B (ABC/DN2)","RFX2"
3.02833214213028e-11,0.991427090794661,0.204,0.103,5.69387009363336e-07,"Atypical B (ABC/DN2)","GALNT11"
8.85725340274815e-16,0.990765364688962,0.252,0.122,1.66534078478471e-11,"Atypical B (ABC/DN2)","RBM15"
2.2547102654811e-22,0.987928419988841,0.405,0.221,4.23930624115756e-18,"Atypical B (ABC/DN2)","PREX1"
1.15825793163645e-28,0.986495724330638,0.504,0.288,2.17775656306286e-24,"Atypical B (ABC/DN2)","ERCC1"
3.26921627459479e-53,0.986284186932987,0.847,0.645,6.14678043949312e-49,"Atypical B (ABC/DN2)","MEF2C"
2.47248602169168e-26,0.984828036691917,0.496,0.288,4.64876821798469e-22,"Atypical B (ABC/DN2)","CYP51A1"
4.71656573242763e-23,0.983439286473219,0.384,0.198,8.86808689011043e-19,"Atypical B (ABC/DN2)","ACSL4"
1.38629732853613e-12,0.982343342353884,0.189,0.089,2.60651623711364e-08,"Atypical B (ABC/DN2)","PI4K2A"
1.87195713396359e-38,0.980083991355811,0.633,0.384,3.51965380327835e-34,"Atypical B (ABC/DN2)","RASSF5"
2.66446291591055e-58,0.979441107266877,0.806,0.52,5.00972317449502e-54,"Atypical B (ABC/DN2)","C7orf50"
2.50334902210906e-24,0.978615647751567,0.428,0.23,4.70679683136946e-20,"Atypical B (ABC/DN2)","CCR6"
9.88628697312883e-37,0.976054690851422,0.622,0.393,1.85881967668768e-32,"Atypical B (ABC/DN2)","DYNC1H1"
7.92697940084898e-18,0.975342500297425,0.309,0.157,1.49043066694763e-13,"Atypical B (ABC/DN2)","SCPEP1"
7.51156080666403e-38,0.975281866546025,0.614,0.36,1.41232366286897e-33,"Atypical B (ABC/DN2)","RAB31"
9.30805426648515e-13,0.973354630415324,0.195,0.092,1.75010036318454e-08,"Atypical B (ABC/DN2)","LIMD1"
2.35048443341717e-51,0.972576840582885,0.777,0.552,4.41938083171096e-47,"Atypical B (ABC/DN2)","MAPRE2"
6.54825617602109e-84,0.9718632556474,0.952,0.768,1.23120312621548e-79,"Atypical B (ABC/DN2)","NEAT1"
1.48703856851213e-29,0.971684528609078,0.528,0.303,2.7959299165165e-25,"Atypical B (ABC/DN2)","TFEB"
2.04596754068006e-18,0.969178379257387,0.436,0.281,3.84682816998665e-14,"Atypical B (ABC/DN2)","CCDC107"
2.79788871954062e-09,0.96869920475516,0.165,0.082,5.26059037048027e-05,"Atypical B (ABC/DN2)","MIR22HG"
6.69840640277504e-10,0.968036448767156,0.187,0.097,1.25943437184976e-05,"Atypical B (ABC/DN2)","ANKRD42"
2.79171922250421e-19,0.966626565310996,0.325,0.164,5.24899048215242e-15,"Atypical B (ABC/DN2)","ITGAE"
2.17520289342026e-20,0.965033932489347,0.399,0.225,4.08981648020878e-16,"Atypical B (ABC/DN2)","TMEM154"
2.02318119858622e-30,0.962826261054422,0.57,0.349,3.80398528958181e-26,"Atypical B (ABC/DN2)","TMC6"
4.0831103546846e-14,0.960378929974442,0.289,0.16,7.67706408887798e-10,"Atypical B (ABC/DN2)","ZDHHC21"
3.40666780301468e-17,0.960237400550245,0.218,0.096,6.4052168032282e-13,"Atypical B (ABC/DN2)","CD80"
4.83886413834947e-47,0.955918771001902,0.756,0.505,9.09803235292467e-43,"Atypical B (ABC/DN2)","CTSZ"
3.66804005765035e-33,0.954621019634061,0.578,0.339,6.89664891639418e-29,"Atypical B (ABC/DN2)","CMIP"
3.61661585111164e-13,0.950880731442886,0.249,0.129,6.7999611232601e-09,"Atypical B (ABC/DN2)","ENSG00000291055"
1.41419567472543e-14,0.95044660601627,0.268,0.139,2.65897070761876e-10,"Atypical B (ABC/DN2)","TTN"
1.39584530060528e-17,0.949678443366516,0.262,0.124,2.62446833419804e-13,"Atypical B (ABC/DN2)","MFHAS1"
1.05992349759749e-08,0.949374222285866,0.16,0.081,0.00019928681601828,"Atypical B (ABC/DN2)","GRAMD4"
2.65863433833692e-10,0.946829650257745,0.191,0.097,4.99876428294107e-06,"Atypical B (ABC/DN2)","QPCTL"
2.13540644376491e-27,0.944698356121295,0.464,0.247,4.01499119556678e-23,"Atypical B (ABC/DN2)","WEE1"
1.27918546690903e-20,0.94339829233849,0.422,0.248,2.40512451488235e-16,"Atypical B (ABC/DN2)","NANS"
5.56239441850422e-91,0.943155110223708,0.997,0.916,1.04584139856716e-86,"Atypical B (ABC/DN2)","CRIP1"
2.97263740811655e-15,0.942971419802391,0.304,0.164,5.58915285474073e-11,"Atypical B (ABC/DN2)","ANXA4"
3.48252661621429e-52,0.942381360212618,0.795,0.53,6.54784654380611e-48,"Atypical B (ABC/DN2)","RNASET2"
1.51211965050928e-07,0.941142926670117,0.165,0.091,0.00284308736688756,"Atypical B (ABC/DN2)","CORO1B"
3.26614519560646e-32,0.940761968134185,0.567,0.33,6.14100619677926e-28,"Atypical B (ABC/DN2)","CELF2"
1.10186995577639e-10,0.940384727135479,0.2,0.103,2.07173589085078e-06,"Atypical B (ABC/DN2)","KIF3B"
7.1723038370597e-54,0.938386879202389,0.795,0.512,1.34853656744397e-49,"Atypical B (ABC/DN2)","CYRIA"
1.96783753182183e-14,0.937619176978722,0.288,0.155,3.69992812733141e-10,"Atypical B (ABC/DN2)","CCND2"
4.9717039051226e-07,0.937228352237977,0.152,0.083,0.00934779768241151,"Atypical B (ABC/DN2)","POLH"
6.02192935730727e-26,0.936641214368105,0.509,0.302,1.13224315776091e-21,"Atypical B (ABC/DN2)","RABGEF1"
2.95993944909953e-67,0.936025133870261,0.919,0.75,5.56527815219694e-63,"Atypical B (ABC/DN2)","DDX21"
5.87609928162811e-13,0.934633411256606,0.241,0.124,1.10482418693172e-08,"Atypical B (ABC/DN2)","PTTG1IP"
5.78927327924069e-32,0.934613571632651,0.562,0.323,1.08849916196283e-27,"Atypical B (ABC/DN2)","TLE3"
7.15189567439723e-34,0.933585649020356,0.595,0.354,1.34469942470017e-29,"Atypical B (ABC/DN2)","AMZ2"
1.17959329034011e-47,0.931782408965133,0.835,0.68,2.21787130449747e-43,"Atypical B (ABC/DN2)","HSPD1"
1.45751944747976e-43,0.931617489305972,0.711,0.438,2.74042806515145e-39,"Atypical B (ABC/DN2)","CD63"
3.03971606138204e-09,0.929712875344646,0.192,0.103,5.71527413861051e-05,"Atypical B (ABC/DN2)","KIF21B"
4.62661914594977e-12,0.929154106325289,0.258,0.143,8.69896931821476e-08,"Atypical B (ABC/DN2)","SPAG4"
9.754590354138e-14,0.925571062661433,0.246,0.125,1.83405807838503e-09,"Atypical B (ABC/DN2)","FGD3"
6.01979462393994e-62,0.925103952195018,0.88,0.658,1.13184178519319e-57,"Atypical B (ABC/DN2)","WSB1"
4.26145711814187e-32,0.924053725643409,0.614,0.404,8.01239167353034e-28,"Atypical B (ABC/DN2)","UPF2"
1.00206087070114e-06,0.921668302496583,0.131,0.068,0.0188407484909229,"Atypical B (ABC/DN2)","MPEG1"
4.82896664842693e-23,0.919138308106196,0.397,0.208,9.07942309237231e-19,"Atypical B (ABC/DN2)","ARRB2"
2.97715115058517e-20,0.91598802695096,0.417,0.237,5.59763959333023e-16,"Atypical B (ABC/DN2)","IFNAR2"
1.75998685948138e-25,0.915616307348116,0.551,0.362,3.3091272931969e-21,"Atypical B (ABC/DN2)","CTR9"
2.8860739415639e-17,0.913383595659014,0.309,0.159,5.42639622492845e-13,"Atypical B (ABC/DN2)","STAT5B"
1.60697382016911e-08,0.911306947901876,0.12,0.055,0.000302143217668196,"Atypical B (ABC/DN2)","IGF2BP3"
1.00321548164546e-74,0.908064156487876,0.939,0.739,1.88624574858979e-70,"Atypical B (ABC/DN2)","MCL1"
1.17428309718252e-07,0.906607336102431,0.187,0.108,0.00220788707932257,"Atypical B (ABC/DN2)","ARL17B"
4.85151929480533e-52,0.90652641321635,0.787,0.539,9.12182657809297e-48,"Atypical B (ABC/DN2)","KRAS"
3.20385347692903e-45,0.90592804867507,0.748,0.476,6.02388530732196e-41,"Atypical B (ABC/DN2)","SERPINB1"
7.17034529039386e-29,0.904840391165226,0.565,0.353,1.34816832149985e-24,"Atypical B (ABC/DN2)","ALKBH5"
2.46105395506715e-14,0.904212284315475,0.225,0.109,4.62727364631726e-10,"Atypical B (ABC/DN2)","MCM6"
8.81972343345344e-13,0.904034127901467,0.265,0.144,1.65828439995792e-08,"Atypical B (ABC/DN2)","BOLA2"
1.43066085882795e-43,0.902471789224183,0.771,0.514,2.68992854676831e-39,"Atypical B (ABC/DN2)","CXXC5"
3.69431810132227e-20,0.901885107563449,0.368,0.195,6.94605689410613e-16,"Atypical B (ABC/DN2)","FOXK2"
2.73362911711854e-30,0.900068338118897,0.577,0.348,5.13976946600628e-26,"Atypical B (ABC/DN2)","PPP2R5C"
6.45109092035493e-07,0.898664884558333,0.132,0.068,0.0121293411484513,"Atypical B (ABC/DN2)","LINC02202"
5.26097721701911e-07,0.898538619252309,0.131,0.067,0.00989168936343933,"Atypical B (ABC/DN2)","FAM118A"
2.0180833684626e-59,0.898172607540539,0.853,0.614,3.79440034938337e-55,"Atypical B (ABC/DN2)","FLNA"
7.33163399620329e-15,0.89766134985889,0.249,0.124,1.37849382396614e-10,"Atypical B (ABC/DN2)","ATF3"
1.26448207894393e-26,0.896192515561312,0.588,0.41,2.37747920483037e-22,"Atypical B (ABC/DN2)","JPT1"
2.53292501588289e-09,0.896158741789459,0.252,0.154,4.76240561486301e-05,"Atypical B (ABC/DN2)","RNF139"
7.81280657634358e-13,0.895886620654022,0.273,0.15,1.46896389248412e-08,"Atypical B (ABC/DN2)","MCU"
3.29145313767742e-17,0.8954454924247,0.357,0.199,6.18859018946109e-13,"Atypical B (ABC/DN2)","DENND1B"
3.72704421021029e-13,0.895395592339196,0.242,0.125,7.00758852403739e-09,"Atypical B (ABC/DN2)","TRIM39"
1.80735629097899e-07,0.895311243344453,0.166,0.091,0.00339819129829871,"Atypical B (ABC/DN2)","FAIM"
5.07207816731613e-07,0.893360190969248,0.12,0.059,0.00953652137018778,"Atypical B (ABC/DN2)","COX10-DT"
6.25082392681558e-15,0.89189045293877,0.355,0.209,1.17527991471987e-10,"Atypical B (ABC/DN2)","FAM174C"
2.04570573743423e-10,0.890033384020535,0.288,0.186,3.84633592752384e-06,"Atypical B (ABC/DN2)","ISG20L2"
1.87592179056109e-23,0.888866594926865,0.493,0.293,3.52710815061296e-19,"Atypical B (ABC/DN2)","INPP5F"
1.4942788627326e-50,0.887733732872214,0.83,0.578,2.80954311770983e-46,"Atypical B (ABC/DN2)","MTSS1"
1.75109751083342e-11,0.887527298666668,0.247,0.135,3.29241353986899e-07,"Atypical B (ABC/DN2)","GLCCI1"
1.00783277268256e-18,0.88735228742468,0.451,0.275,1.89492717919774e-14,"Atypical B (ABC/DN2)","USP36"
2.30031678262956e-23,0.887279461877292,0.468,0.268,4.3250556147001e-19,"Atypical B (ABC/DN2)","TBL1XR1"
9.83586159580453e-07,0.885571694743731,0.137,0.073,0.0184933869724317,"Atypical B (ABC/DN2)","ENSG00000287510"
3.84289692008279e-07,0.885092475662185,0.116,0.057,0.00722541478913965,"Atypical B (ABC/DN2)","KLHL11"
1.60546518622586e-19,0.883661918872134,0.452,0.278,3.01859564314186e-15,"Atypical B (ABC/DN2)","DNAJC1"
2.22442246469187e-10,0.881088109907355,0.21,0.111,4.18235911811366e-06,"Atypical B (ABC/DN2)","SMIM20"
2.33002631094365e-42,0.880958947338541,0.759,0.538,4.38091546983625e-38,"Atypical B (ABC/DN2)","STAT3"
9.18040178516705e-13,0.88021283274345,0.278,0.154,1.72609914364711e-08,"Atypical B (ABC/DN2)","MIR29B2CHG"
9.45035741441076e-18,0.879673984560188,0.362,0.202,1.77685620105751e-13,"Atypical B (ABC/DN2)","IGHG3"
1.36673771281516e-14,0.879460276625492,0.326,0.185,2.56974024763506e-10,"Atypical B (ABC/DN2)","SEPHS2"
5.46232438948524e-68,0.87283368877013,0.935,0.731,1.02702623171101e-63,"Atypical B (ABC/DN2)","CLEC2D"
2.5102295946399e-10,0.872635242861164,0.25,0.144,4.71973368384195e-06,"Atypical B (ABC/DN2)","POLR3E"
3.07152239753502e-69,0.871763712043682,0.955,0.78,5.77507641184534e-65,"Atypical B (ABC/DN2)","TSC22D3"
1.54625697829256e-13,0.8702072289971,0.31,0.177,2.90727237058566e-09,"Atypical B (ABC/DN2)","CDK2AP1"
1.07376319300281e-16,0.869556112311381,0.359,0.202,2.01888955548388e-12,"Atypical B (ABC/DN2)","TMEM70"
6.14325775394603e-72,0.868012310910002,0.973,0.891,1.15505532289693e-67,"Atypical B (ABC/DN2)","SAT1"
1.38589359543888e-11,0.867337620192616,0.276,0.161,2.60575713814417e-07,"Atypical B (ABC/DN2)","WDR37"
4.89648138866949e-11,0.865630889734801,0.21,0.109,9.20636430697638e-07,"Atypical B (ABC/DN2)","VGLL4"
1.58170174866202e-105,0.865148867503406,0.998,0.988,2.97391562783434e-101,"Atypical B (ABC/DN2)","JUND"
2.47569205622665e-15,0.865028832956316,0.336,0.19,4.65479620411735e-11,"Atypical B (ABC/DN2)","CEP43"
2.31667498081838e-19,0.864350270176556,0.483,0.306,4.35581229893473e-15,"Atypical B (ABC/DN2)","SOCS1"
2.87301150985363e-12,0.859819673658458,0.284,0.162,5.4018362408268e-08,"Atypical B (ABC/DN2)","KATNAL1"
1.3400095336717e-17,0.858857441109055,0.363,0.202,2.51948592520953e-13,"Atypical B (ABC/DN2)","RETREG2"
5.87011351041702e-14,0.858066386146359,0.334,0.197,1.10369874222861e-09,"Atypical B (ABC/DN2)","ZZEF1"
2.60593718780232e-32,0.857456039822956,0.669,0.457,4.89968310050592e-28,"Atypical B (ABC/DN2)","CEP170"
3.46576571694613e-95,0.855083013971096,0.976,0.898,6.51633270100212e-91,"Atypical B (ABC/DN2)","CALM1"
1.90171198858437e-07,0.854980197117169,0.131,0.066,0.00357559888093633,"Atypical B (ABC/DN2)","GCNT1"
1.7072539454598e-06,0.853972247479422,0.134,0.071,0.0320997886825352,"Atypical B (ABC/DN2)","RCC1"
1.00083242795631e-13,0.85236617202114,0.363,0.224,1.88176513104345e-09,"Atypical B (ABC/DN2)","SLC7A5"
2.84762464288557e-47,0.852054535286341,0.803,0.613,5.35410385355346e-43,"Atypical B (ABC/DN2)","CDC42SE1"
3.49734866202214e-12,0.850173832420082,0.299,0.175,6.57571495433403e-08,"Atypical B (ABC/DN2)","DSTN"
6.72411564062625e-74,0.849618514040767,0.916,0.726,1.26426822275055e-69,"Atypical B (ABC/DN2)","EMD"
3.6032338215923e-14,0.848762790804111,0.315,0.177,6.77480023135784e-10,"Atypical B (ABC/DN2)","SELENOW"
1.27929423032646e-15,0.846099962263805,0.384,0.231,2.40532901185981e-11,"Atypical B (ABC/DN2)","ARID3A"
2.99258809914145e-47,0.845925939821867,0.885,0.72,5.62666414400575e-43,"Atypical B (ABC/DN2)","MAP1LC3B"
4.32005031152867e-08,0.845379774313421,0.166,0.089,0.00081225585957362,"Atypical B (ABC/DN2)","FAM219B"
2.91608727851785e-37,0.84192337055261,0.74,0.5,5.48282730106927e-33,"Atypical B (ABC/DN2)","JAZF1"
5.51825545450983e-45,0.840790344566851,0.874,0.702,1.03754239055694e-40,"Atypical B (ABC/DN2)","H2AZ1"
2.04916050458972e-09,0.840581836237418,0.197,0.106,3.85283158072959e-05,"Atypical B (ABC/DN2)","DENND6A"
1.57524224093399e-15,0.839635939307871,0.339,0.191,2.9617704614041e-11,"Atypical B (ABC/DN2)","NCF4"
1.31198110531728e-40,0.839437123190286,0.753,0.509,2.46678687421754e-36,"Atypical B (ABC/DN2)","WNK1"
4.63193681088776e-32,0.839410918031947,0.732,0.547,8.70896759183116e-28,"Atypical B (ABC/DN2)","NOP58"
5.4853992612044e-08,0.838255742330903,0.179,0.099,0.00103136476909165,"Atypical B (ABC/DN2)","SNX20"
1.83421045903766e-09,0.835677941490105,0.191,0.101,3.44868250508261e-05,"Atypical B (ABC/DN2)","STX17-DT"
4.52873692885562e-22,0.833482125811353,0.384,0.202,8.51493117363433e-18,"Atypical B (ABC/DN2)","MAP4K3"
7.09679924189105e-08,0.833221255716142,0.205,0.121,0.00133434019346036,"Atypical B (ABC/DN2)","TBC1D10B"
7.6869567764562e-23,0.833179602275568,0.494,0.293,1.44530161310929e-18,"Atypical B (ABC/DN2)","EHBP1L1"
7.89196224436806e-15,0.833176218077244,0.407,0.262,1.48384674118608e-10,"Atypical B (ABC/DN2)","GYPC"
1.52446625863419e-11,0.830039720264242,0.216,0.112,2.866301459484e-07,"Atypical B (ABC/DN2)","HMCES"
6.91764504570413e-52,0.829749758535783,0.819,0.633,1.30065562149329e-47,"Atypical B (ABC/DN2)","CD164"
4.45715314016171e-41,0.829358133054674,0.811,0.613,8.38033933413205e-37,"Atypical B (ABC/DN2)","ATP6V0D1"
1.27681833599914e-25,0.827271166809355,0.654,0.493,2.40067383534558e-21,"Atypical B (ABC/DN2)","FAM177A1"
1.4079360596439e-09,0.826277525440298,0.233,0.133,2.64720137934247e-05,"Atypical B (ABC/DN2)","PCSK7"
6.33107399690906e-11,0.826075162512182,0.255,0.144,1.19036853289884e-06,"Atypical B (ABC/DN2)","C11orf24"
1.093248765582e-28,0.825164719200857,0.604,0.382,2.05552632904728e-24,"Atypical B (ABC/DN2)","SREBF2"
5.15330417168322e-10,0.823827945474357,0.239,0.136,9.6892425035988e-06,"Atypical B (ABC/DN2)","SLC35E1"
4.33854218728543e-22,0.82362387865091,0.569,0.395,8.15732702053406e-18,"Atypical B (ABC/DN2)","PLCG2"
1.12602879719013e-51,0.822473807950852,0.837,0.572,2.11715934447689e-47,"Atypical B (ABC/DN2)","PTPN1"
2.63785241895711e-28,0.822315168731103,0.599,0.374,4.95969011812316e-24,"Atypical B (ABC/DN2)","PACSIN2"
3.27783348605169e-64,0.821721119427373,0.955,0.794,6.16298252047439e-60,"Atypical B (ABC/DN2)","CD52"
1.43535228493587e-29,0.820941308294729,0.582,0.345,2.69874936613642e-25,"Atypical B (ABC/DN2)","MAD1L1"
2.68966532621797e-19,0.820279153036848,0.467,0.287,5.05710874635503e-15,"Atypical B (ABC/DN2)","AKNA"
7.32453491692451e-07,0.819437201775293,0.103,0.051,0.0137715905508015,"Atypical B (ABC/DN2)","GBA1"
4.31761021907856e-10,0.8191202871246,0.213,0.115,8.11797073391151e-06,"Atypical B (ABC/DN2)","LRRK1"
3.21070662361534e-08,0.818399759487208,0.183,0.1,0.000603677059372155,"Atypical B (ABC/DN2)","ENSG00000226824"
2.50183667070212e-16,0.81648228626736,0.384,0.225,4.70395330825412e-12,"Atypical B (ABC/DN2)","ADI1"
2.38134835810625e-06,0.813836978962177,0.15,0.084,0.0447741118291137,"Atypical B (ABC/DN2)","SEC24D"
1.51018998042056e-12,0.810232772002616,0.313,0.183,2.83945920118673e-08,"Atypical B (ABC/DN2)","UGCG"
4.08010160326625e-25,0.810003483513679,0.528,0.313,7.6714070344612e-21,"Atypical B (ABC/DN2)","ANXA6"
2.53886587206544e-09,0.808650795995853,0.254,0.151,4.77357561265745e-05,"Atypical B (ABC/DN2)","ENSG00000290680"
1.84447781963818e-10,0.807829313577222,0.271,0.16,3.4679871964837e-06,"Atypical B (ABC/DN2)","DESI1"
1.57219605432867e-21,0.807681325006737,0.509,0.317,2.95604302134876e-17,"Atypical B (ABC/DN2)","MBD2"
3.28668034397687e-07,0.807588863237398,0.131,0.069,0.00617961638274532,"Atypical B (ABC/DN2)","NFKBIL1"
4.23588553573304e-09,0.806544014059736,0.22,0.125,7.96431198428526e-05,"Atypical B (ABC/DN2)","COA6"
4.6963137121605e-07,0.806204831994635,0.134,0.071,0.00883000904160417,"Atypical B (ABC/DN2)","ARSA"
9.09690873137105e-09,0.805565348038443,0.158,0.082,0.000171040077967238,"Atypical B (ABC/DN2)","BORCS6"
1.09804870521223e-10,0.804863960827422,0.271,0.158,2.06455117554003e-06,"Atypical B (ABC/DN2)","MED29"
3.76927906454069e-37,0.803892752561828,0.743,0.522,7.08699849714941e-33,"Atypical B (ABC/DN2)","HNRNPUL1"
1.3923895999251e-09,0.802609680163363,0.228,0.129,2.61797092577916e-05,"Atypical B (ABC/DN2)","ARAP1"
5.03402919484736e-14,0.802288438253452,0.383,0.25,9.464981692152e-10,"Atypical B (ABC/DN2)","MFSD12"
4.13697310007376e-07,0.802147944842847,0.149,0.08,0.00777833682275868,"Atypical B (ABC/DN2)","WDSUB1"
1.8316201120044e-10,0.800769803597926,0.294,0.183,3.44381213459067e-06,"Atypical B (ABC/DN2)","SH3GL1"
1.48995756325084e-11,0.800505378786344,0.378,0.247,2.80141821042422e-07,"Atypical B (ABC/DN2)","CDC42EP3"
1.22432914067898e-15,0.796633848773046,0.435,0.279,2.30198365030462e-11,"Atypical B (ABC/DN2)","PIP4K2A"
1.23755746928451e-27,0.7949695517329,0.637,0.438,2.32685555374873e-23,"Atypical B (ABC/DN2)","DEK"
2.22760919552115e-06,0.793658216098719,0.058,0.025,0.0418835080941887,"Atypical B (ABC/DN2)","TMEM91"
8.33160172818996e-15,0.793168757061562,0.402,0.249,1.56650775693428e-10,"Atypical B (ABC/DN2)","FYN"
1.29692547963726e-09,0.79080975807488,0.284,0.176,2.43847928681398e-05,"Atypical B (ABC/DN2)","SLC35D1"
7.82396384809337e-10,0.790751864514565,0.27,0.161,1.47106168271852e-05,"Atypical B (ABC/DN2)","TERF1"
7.659630681918e-07,0.790524021167728,0.218,0.16,0.0144016376081422,"Atypical B (ABC/DN2)","WDR45B"
4.64184631139022e-07,0.790497509121888,0.197,0.118,0.00872759943467588,"Atypical B (ABC/DN2)","DUSP18"
2.9045669627854e-134,0.790419845034471,0.998,0.992,5.4611668034291e-130,"Atypical B (ABC/DN2)","HLA-DPB1"
4.66957500451737e-23,0.79016559517829,0.559,0.356,8.77973492349356e-19,"Atypical B (ABC/DN2)","SYK"
8.8254805205211e-21,0.789017947088733,0.498,0.305,1.65936684746838e-16,"Atypical B (ABC/DN2)","IL10RA"
8.37710401380344e-15,0.788829017858479,0.384,0.234,1.57506309667532e-10,"Atypical B (ABC/DN2)","NPTN"
2.87547483979363e-10,0.788623525634172,0.313,0.204,5.40646779377999e-06,"Atypical B (ABC/DN2)","UBE2F"
4.80109578800231e-25,0.785556782451005,0.619,0.412,9.02702030060194e-21,"Atypical B (ABC/DN2)","PHACTR1"
6.18333073141026e-13,0.785259036827767,0.3,0.171,1.16258984411976e-08,"Atypical B (ABC/DN2)","TOB2"
1.21593478453696e-25,0.784902646152381,0.633,0.433,2.28620058188639e-21,"Atypical B (ABC/DN2)","TMEM131"
5.24163539816824e-19,0.78468905648392,0.533,0.357,9.85532287563592e-15,"Atypical B (ABC/DN2)","GRN"
1.53735718725207e-09,0.783593843362918,0.187,0.1,2.89053898347135e-05,"Atypical B (ABC/DN2)","KLF9"
1.61305601035687e-33,0.782556702809669,0.753,0.558,3.03286791067298e-29,"Atypical B (ABC/DN2)","RABGAP1L"
1.08161442593933e-07,0.781077727809207,0.183,0.102,0.00203365144365113,"Atypical B (ABC/DN2)","CLIP2"
8.9537645781848e-18,0.775550525021141,0.507,0.339,1.68348681599031e-13,"Atypical B (ABC/DN2)","MTHFD2"
1.09406162400388e-09,0.775486176306478,0.281,0.178,2.05705466545209e-05,"Atypical B (ABC/DN2)","TSPOAP1-AS1"
3.24676660574553e-12,0.775414680673637,0.281,0.159,6.10457057212274e-08,"Atypical B (ABC/DN2)","PCED1B-AS1"
2.98363118559257e-11,0.774618481098073,0.22,0.118,5.60982335515114e-07,"Atypical B (ABC/DN2)","ARL3"
1.90692236726106e-09,0.773692797717067,0.27,0.163,3.58539543492425e-05,"Atypical B (ABC/DN2)","PRKAG2"
4.06496617517628e-11,0.769674690488726,0.292,0.173,7.64294940256643e-07,"Atypical B (ABC/DN2)","TXNDC15"
1.50006903716895e-10,0.769178344618496,0.27,0.157,2.82042980368506e-06,"Atypical B (ABC/DN2)","NME4"
2.60222248944536e-20,0.769089910735074,0.556,0.374,4.89269872465517e-16,"Atypical B (ABC/DN2)","AP3S1"
6.20200647609335e-22,0.76742397517442,0.402,0.216,1.16610125763507e-17,"Atypical B (ABC/DN2)","IGHA1"
3.0400161516168e-13,0.766698997065201,0.386,0.246,5.7158383682699e-09,"Atypical B (ABC/DN2)","PTK2B"
6.37829109736306e-23,0.766302821708246,0.709,0.559,1.1992462921262e-18,"Atypical B (ABC/DN2)","HSPE1"
3.15543572860417e-08,0.766137248401539,0.183,0.101,0.000593285025692156,"Atypical B (ABC/DN2)","TBC1D7"
1.28477734863321e-22,0.764032967896043,0.562,0.358,2.41563837090017e-18,"Atypical B (ABC/DN2)","BAG1"
6.7912093186952e-12,0.763078487103899,0.318,0.19,1.27688317610107e-07,"Atypical B (ABC/DN2)","BCL7C"
2.7058343960539e-13,0.76201591075953,0.281,0.156,5.08750983146054e-09,"Atypical B (ABC/DN2)","DNMBP"
2.2044196386287e-70,0.761567107786365,0.96,0.857,4.14474980454968e-66,"Atypical B (ABC/DN2)","PPDPF"
3.12129117767469e-10,0.760400185941056,0.284,0.172,5.86865167226395e-06,"Atypical B (ABC/DN2)","MAP4K1"
1.13719238324258e-15,0.759742872162089,0.428,0.268,2.1381491189727e-11,"Atypical B (ABC/DN2)","CLPTM1L"
4.75378998821848e-40,0.757973198292976,0.803,0.604,8.93807593584838e-36,"Atypical B (ABC/DN2)","PLEKHO1"
1.29625971051744e-32,0.75628781277618,0.761,0.533,2.43722750771489e-28,"Atypical B (ABC/DN2)","PNP"
1.370064927132e-18,0.755873862608799,0.496,0.319,2.57599607599359e-14,"Atypical B (ABC/DN2)","NBDY"
7.97273053159648e-27,0.754408646032473,0.75,0.593,1.49903279455077e-22,"Atypical B (ABC/DN2)","NAPA"
4.97493418886385e-65,0.753832515749736,0.952,0.784,9.35387126190181e-61,"Atypical B (ABC/DN2)","GRB2"
4.95870158032073e-29,0.753652744885197,0.682,0.468,9.32335071131904e-25,"Atypical B (ABC/DN2)","TRAK1"
6.74841908581818e-10,0.753119657899402,0.242,0.139,1.26883775651554e-05,"Atypical B (ABC/DN2)","HDAC4"
1.98843198759463e-11,0.752561794429333,0.307,0.183,3.73864982307542e-07,"Atypical B (ABC/DN2)","RHOQ"
7.20792024967008e-78,0.752082617987143,0.984,0.908,1.35523316534297e-73,"Atypical B (ABC/DN2)","SH3BGRL3"
3.49452394902867e-13,0.749990646417845,0.357,0.216,6.5704039289637e-09,"Atypical B (ABC/DN2)","ENSG00000284691"
8.95124507288198e-07,0.747194535297937,0.187,0.111,0.0168301309860327,"Atypical B (ABC/DN2)","SGTB"
1.13290303109517e-08,0.744975251698909,0.27,0.168,0.000213008427906514,"Atypical B (ABC/DN2)","CKAP2"
2.21793132320469e-39,0.743305570884266,0.817,0.585,4.17015447388946e-35,"Atypical B (ABC/DN2)","MYADM"
1.30989927692626e-22,0.741740079091224,0.504,0.301,2.46287262047676e-18,"Atypical B (ABC/DN2)","ITGB1"
7.32515159484305e-28,0.741390854332,0.468,0.251,1.37727500286239e-23,"Atypical B (ABC/DN2)","TNFRSF13B"
9.36103002525586e-28,0.739512614517486,0.701,0.497,1.76006086534861e-23,"Atypical B (ABC/DN2)","RNF149"
1.14065387059015e-53,0.738739166040933,0.969,0.878,2.1446574074836e-49,"Atypical B (ABC/DN2)","ACTG1"
2.12785387345547e-06,0.738697955978171,0.173,0.102,0.0400079085287097,"Atypical B (ABC/DN2)","BICDL1"
3.6946972451946e-10,0.738585550139833,0.294,0.18,6.94676976041489e-06,"Atypical B (ABC/DN2)","FAM89B"
3.84202926093989e-37,0.736665578015153,0.814,0.577,7.22378341641919e-33,"Atypical B (ABC/DN2)","NAPSB"
2.76961951267383e-21,0.735633697836002,0.577,0.379,5.20743860772934e-17,"Atypical B (ABC/DN2)","SPTBN1"
1.02752871664015e-110,0.735366261464955,0.997,0.99,1.93195949302682e-106,"Atypical B (ABC/DN2)","HLA-DPA1"
1.97097691019013e-17,0.735190860451632,0.486,0.316,3.70583078653949e-13,"Atypical B (ABC/DN2)","TWF2"
5.90792086006253e-16,0.734102007489998,0.454,0.291,1.11080728010896e-11,"Atypical B (ABC/DN2)","SIRT2"
8.90461430386241e-12,0.73356325582328,0.372,0.238,1.67424558141221e-07,"Atypical B (ABC/DN2)","RIC8A"
9.36142415187673e-41,0.732790273763458,0.829,0.591,1.76013496903586e-36,"Atypical B (ABC/DN2)","LAPTM4A"
2.20678050977253e-07,0.731832822986055,0.237,0.151,0.00414918871447432,"Atypical B (ABC/DN2)","ERCC6"
1.41225788444266e-66,0.731124702238615,0.987,0.955,2.65532727432908e-62,"Atypical B (ABC/DN2)","TGFB1"
4.35444721144691e-07,0.730666414637702,0.168,0.095,0.00818723164696247,"Atypical B (ABC/DN2)","VAV2"
4.6113692340783e-24,0.728992660519142,0.582,0.37,8.67029643391402e-20,"Atypical B (ABC/DN2)","NSF"
2.90703547703822e-07,0.727799594096721,0.21,0.126,0.00546580810392727,"Atypical B (ABC/DN2)","BTBD6"
2.69899641336781e-09,0.72747397550028,0.276,0.169,5.07465305641415e-05,"Atypical B (ABC/DN2)","PARP4"
3.80967346813448e-22,0.726787445600829,0.609,0.414,7.16294805478644e-18,"Atypical B (ABC/DN2)","SSBP2"
3.49474506032313e-11,0.721700474837406,0.365,0.254,6.57081966241955e-07,"Atypical B (ABC/DN2)","SRA1"
8.82829436361354e-20,0.721279851131303,0.522,0.333,1.65989590624662e-15,"Atypical B (ABC/DN2)","GOLPH3"
4.85919715629862e-08,0.718971099655594,0.268,0.173,0.000913626249327266,"Atypical B (ABC/DN2)","EPS15L1"
2.91591630994711e-19,0.717919907566966,0.485,0.298,5.48250584596256e-15,"Atypical B (ABC/DN2)","RASGRP3"
7.73819722839035e-12,0.717132870244002,0.342,0.211,1.45493584288195e-07,"Atypical B (ABC/DN2)","ABHD17A"
2.88681039583403e-12,0.715594091322298,0.397,0.262,5.42778090624714e-08,"Atypical B (ABC/DN2)","NFATC3"
7.65615825127834e-12,0.714327554373611,0.313,0.187,1.43951087440535e-07,"Atypical B (ABC/DN2)","SYNJ2"
5.26069980294952e-10,0.712931391805911,0.313,0.197,9.89116776950569e-06,"Atypical B (ABC/DN2)","TSPO"
1.33722583884845e-08,0.711998546730988,0.255,0.156,0.000251425202220286,"Atypical B (ABC/DN2)","SOAT1"
1.07783429013968e-07,0.710768295723831,0.221,0.134,0.00202654403232062,"Atypical B (ABC/DN2)","ACSS1"
6.46060610305782e-31,0.708986625632496,0.756,0.53,1.21472315949693e-26,"Atypical B (ABC/DN2)","ARFGAP3"
2.49177700182803e-17,0.708910725720696,0.535,0.366,4.68503911883705e-13,"Atypical B (ABC/DN2)","HERPUD2"
1.27262556220761e-06,0.706612611948352,0.225,0.143,0.0239279058206275,"Atypical B (ABC/DN2)","AREG"
1.50920382596485e-07,0.706431422043222,0.265,0.171,0.00283760503357912,"Atypical B (ABC/DN2)","DNAAF2"
1.95046038842875e-29,0.705373183296075,0.775,0.575,3.66725562232373e-25,"Atypical B (ABC/DN2)","RASGEF1B"
3.23403591827458e-69,0.704957170308278,0.979,0.919,6.08063433353987e-65,"Atypical B (ABC/DN2)","CALM2"
7.14298847085705e-87,0.704671141903045,0.984,0.934,1.34302469229054e-82,"Atypical B (ABC/DN2)","RHOA"
5.10728868048815e-16,0.703924340842901,0.473,0.306,9.60272417705381e-12,"Atypical B (ABC/DN2)","LRP10"
1.69086120337303e-11,0.70363429679196,0.363,0.234,3.17915723458197e-07,"Atypical B (ABC/DN2)","DYNLT1"
1.38944794022419e-08,0.702817928808055,0.252,0.153,0.000261244001720953,"Atypical B (ABC/DN2)","CERK"
8.50835045803548e-07,0.702566144227186,0.162,0.092,0.0159974005311983,"Atypical B (ABC/DN2)","VPS11"
7.81860463457474e-48,0.701247543101305,0.893,0.741,1.47005404339274e-43,"Atypical B (ABC/DN2)","SNU13"
1.06119151193139e-13,0.700958323400727,0.439,0.291,1.99525228073341e-09,"Atypical B (ABC/DN2)","TMEM43"
2.29948132741927e-06,0.697493857318215,0.187,0.113,0.0432348479181371,"Atypical B (ABC/DN2)","LCLAT1"
1.14226445286436e-37,0.697418898645291,0.858,0.706,2.14768562427556e-33,"Atypical B (ABC/DN2)","ALDOA"
3.79415580857662e-09,0.696552787698057,0.333,0.223,7.13377175128576e-05,"Atypical B (ABC/DN2)","USP48"
1.42824231853082e-33,0.695904215241231,0.805,0.619,2.68538120730164e-29,"Atypical B (ABC/DN2)","CDV3"
1.13310538351048e-34,0.69514316838967,0.847,0.648,2.13046474207641e-30,"Atypical B (ABC/DN2)","PIKFYVE"
8.59542418391588e-07,0.692940037481124,0.192,0.115,0.0161611165505986,"Atypical B (ABC/DN2)","CPEB4"
2.74423779046389e-12,0.691169956565233,0.352,0.217,5.15971589363021e-08,"Atypical B (ABC/DN2)","PAFAH1B2"
4.60261598607895e-12,0.689422900317473,0.383,0.245,8.65383857702563e-08,"Atypical B (ABC/DN2)","MYO1G"
2.08768970676081e-14,0.688323819549233,0.477,0.32,3.92527418665168e-10,"Atypical B (ABC/DN2)","DEGS1"
1.03853336914657e-07,0.687786131539995,0.254,0.16,0.00195265044066937,"Atypical B (ABC/DN2)","PAQR3"
8.16432578926997e-21,0.68137509071313,0.624,0.434,1.53505653489854e-16,"Atypical B (ABC/DN2)","RHBDF2"
2.30247040104999e-27,0.681216738732951,0.738,0.528,4.32910484805419e-23,"Atypical B (ABC/DN2)","TLN1"
1.60381781022419e-40,0.68038412337694,0.898,0.789,3.01549824678352e-36,"Atypical B (ABC/DN2)","CIB1"
3.97890583905469e-08,0.678369433211452,0.286,0.185,0.000748113875859063,"Atypical B (ABC/DN2)","SRPRB"
7.41184053493926e-10,0.676633562240045,0.281,0.17,1.39357425737928e-05,"Atypical B (ABC/DN2)","HTT"
3.94918891318826e-10,0.674915411941913,0.192,0.105,7.42526499457656e-06,"Atypical B (ABC/DN2)","PTPN7"
8.92727467708843e-31,0.674450701413226,0.801,0.604,1.67850618478617e-26,"Atypical B (ABC/DN2)","MEF2A"
3.1884246854626e-10,0.674006700741757,0.325,0.205,5.99487609360678e-06,"Atypical B (ABC/DN2)","SAR1B"
1.80459123401693e-08,0.673570840704795,0.246,0.15,0.000339299243819863,"Atypical B (ABC/DN2)","ENSG00000291181"
3.13500633835394e-23,0.672686767716148,0.706,0.556,5.89443891737308e-19,"Atypical B (ABC/DN2)","PPP1CB"
6.48860498761342e-18,0.67247006708996,0.543,0.361,1.21998750977108e-13,"Atypical B (ABC/DN2)","ARHGAP25"
2.43522388840132e-07,0.671643128657561,0.231,0.143,0.00457870795497216,"Atypical B (ABC/DN2)","ENTPD1-AS1"
8.27997673381141e-14,0.669343624327424,0.535,0.382,1.55680122549122e-09,"Atypical B (ABC/DN2)","ATF4"
2.13207861820616e-20,0.669053408692274,0.646,0.47,4.00873421795122e-16,"Atypical B (ABC/DN2)","EIF4E"
5.25071199353378e-07,0.667571953376406,0.199,0.12,0.00987238869024222,"Atypical B (ABC/DN2)","TTN-AS1"
3.22117562377272e-08,0.66739099358282,0.25,0.154,0.000605645440781747,"Atypical B (ABC/DN2)","SNRNP25"
1.42418557560325e-10,0.667329821956889,0.349,0.225,2.67775371924922e-06,"Atypical B (ABC/DN2)","CRYBG1"
3.64705178816171e-16,0.666433789206517,0.501,0.33,6.85718677210165e-12,"Atypical B (ABC/DN2)","LARGE1"
2.9835856554372e-09,0.666131434663981,0.352,0.237,5.60973774935303e-05,"Atypical B (ABC/DN2)","RAB4A"
9.49315375170381e-16,0.664372718803116,0.553,0.406,1.78490276839535e-11,"Atypical B (ABC/DN2)","USP11"
2.46315930607273e-06,0.661354609977161,0.15,0.086,0.0463123212727795,"Atypical B (ABC/DN2)","APAF1"
2.24101096864698e-09,0.659421838759642,0.407,0.285,4.21354882325006e-05,"Atypical B (ABC/DN2)","ZFAND5"
2.2916144084642e-18,0.658692388990602,0.643,0.481,4.3086934107944e-14,"Atypical B (ABC/DN2)","GNB5"
8.14783750508448e-08,0.656940507305904,0.142,0.076,0.00153195640770598,"Atypical B (ABC/DN2)","GAPT"
2.38390191030142e-40,0.656754300333288,0.935,0.828,4.48221237174872e-36,"Atypical B (ABC/DN2)","PTPRC"
1.15024242160103e-13,0.65622247857034,0.342,0.204,2.16268580109426e-09,"Atypical B (ABC/DN2)","RABEP2"
9.40953456420402e-20,0.655801524249405,0.557,0.365,1.76918068876164e-15,"Atypical B (ABC/DN2)","SERINC3"
9.92427951920808e-103,0.655275117730791,0.997,0.995,1.8659630352015e-98,"Atypical B (ABC/DN2)","LAPTM5"
1.13091939019862e-09,0.652216047691543,0.42,0.308,2.12635463745144e-05,"Atypical B (ABC/DN2)","IQGAP2"
2.3439862270664e-10,0.65209465653072,0.417,0.295,4.40716290413024e-06,"Atypical B (ABC/DN2)","ARL4A"
4.17171736765277e-27,0.651448734856726,0.85,0.672,7.84366299466075e-23,"Atypical B (ABC/DN2)","YPEL5"
5.22216597551316e-20,0.650877190227729,0.643,0.463,9.81871646715985e-16,"Atypical B (ABC/DN2)","PPP1R16B"
5.54164463180105e-11,0.650791784845598,0.37,0.24,1.04194002367123e-06,"Atypical B (ABC/DN2)","PPP2R3C"
4.06213263650503e-11,0.650017170910319,0.405,0.276,7.63762178315675e-07,"Atypical B (ABC/DN2)","EPN1"
1.26403901863925e-07,0.649818367422315,0.12,0.063,0.00237664616284552,"Atypical B (ABC/DN2)","GCNA"
1.221526082142e-21,0.649092101518595,0.598,0.396,2.2967133396434e-17,"Atypical B (ABC/DN2)","CFLAR"
1.26856478573853e-43,0.648706536128713,0.973,0.868,2.38515551014558e-39,"Atypical B (ABC/DN2)","ZFP36"
2.92221300458312e-18,0.648007994860187,0.304,0.16,5.49434489121718e-14,"Atypical B (ABC/DN2)","MX1"
7.64238655590196e-08,0.648004737667639,0.216,0.13,0.00143692152024069,"Atypical B (ABC/DN2)","FBXW2"
8.68464223522373e-25,0.647563182435491,0.732,0.553,1.63288643306677e-20,"Atypical B (ABC/DN2)","CDK17"
1.64509086660186e-09,0.646899527872134,0.31,0.197,3.09309984738481e-05,"Atypical B (ABC/DN2)","FAM53B"
6.60103492893555e-14,0.646439299144565,0.493,0.337,1.24112658733846e-09,"Atypical B (ABC/DN2)","SBDS"
2.84072006372711e-09,0.644523073979877,0.226,0.132,5.34112186381971e-05,"Atypical B (ABC/DN2)","FRMD8"
1.23504765353105e-11,0.644288042823844,0.384,0.248,2.32213659816907e-07,"Atypical B (ABC/DN2)","SFT2D2"
1.04809332205827e-20,0.643537788477953,0.677,0.501,1.97062506413396e-16,"Atypical B (ABC/DN2)","SRPK2"
3.08021317776548e-11,0.642923822555101,0.367,0.235,5.79141681683466e-07,"Atypical B (ABC/DN2)","CDS2"
1.53633212178713e-17,0.642448347535642,0.64,0.503,2.88861165538417e-13,"Atypical B (ABC/DN2)","SPTAN1"
1.82072502720448e-08,0.642390192478186,0.297,0.192,0.000342332719614987,"Atypical B (ABC/DN2)","DBF4"
3.35460055293074e-35,0.642065348962091,0.856,0.68,6.30731995962038e-31,"Atypical B (ABC/DN2)","USP34"
3.84890183022259e-08,0.641738690909229,0.267,0.168,0.000723670522118451,"Atypical B (ABC/DN2)","TMUB2"
1.00232121634099e-06,0.639178651692352,0.225,0.142,0.0188456435096433,"Atypical B (ABC/DN2)","UCHL5"
9.58582549871867e-08,0.637485927933894,0.278,0.18,0.00180232691026908,"Atypical B (ABC/DN2)","LRWD1"
6.1443664235555e-10,0.636908325713947,0.244,0.142,1.1552637749569e-05,"Atypical B (ABC/DN2)","HMGN3"
2.88482029062524e-19,0.636174133018401,0.606,0.415,5.42403911043357e-15,"Atypical B (ABC/DN2)","MIR142HG"
3.94217427745788e-10,0.636057214322165,0.344,0.222,7.41207607647631e-06,"Atypical B (ABC/DN2)","RMC1"
1.36380560081595e-23,0.635227968818733,0.733,0.57,2.56422729065414e-19,"Atypical B (ABC/DN2)","WIPF1"
9.9023157600614e-30,0.635172160549766,0.821,0.657,1.86183340920674e-25,"Atypical B (ABC/DN2)","TTC3"
2.50764529625872e-11,0.634345057506906,0.441,0.312,4.71487468602565e-07,"Atypical B (ABC/DN2)","MYO5A"
2.48065251168975e-08,0.633724041921706,0.226,0.136,0.000466412285247907,"Atypical B (ABC/DN2)","TXNDC11"
2.316464734051e-25,0.632904021195745,0.751,0.554,4.35541699296268e-21,"Atypical B (ABC/DN2)","YPEL3"
1.01252599355908e-09,0.63097915618739,0.294,0.183,1.90375137308979e-05,"Atypical B (ABC/DN2)","TOLLIP"
3.4016611018504e-08,0.62875080870633,0.208,0.124,0.000639580320369912,"Atypical B (ABC/DN2)","THSD4-AS1"
1.30443754408515e-07,0.628239770096402,0.302,0.203,0.0024526034703889,"Atypical B (ABC/DN2)","HAPSTR1"
2.88659160511568e-07,0.627109970930846,0.435,0.337,0.00542736953593849,"Atypical B (ABC/DN2)","CDK11B"
9.50158708733474e-12,0.626351052544893,0.452,0.315,1.78648840416068e-07,"Atypical B (ABC/DN2)","PCNX4"
5.00166467507083e-13,0.626314941709318,0.402,0.256,9.40412992206818e-09,"Atypical B (ABC/DN2)","MACF1"
1.99383072717126e-12,0.625990126591122,0.389,0.248,3.74880053322741e-08,"Atypical B (ABC/DN2)","RASA3"
9.80055668308716e-11,0.625484131803991,0.493,0.361,1.84270066755405e-06,"Atypical B (ABC/DN2)","DDX3Y"
4.84510154546259e-13,0.625249041982038,0.483,0.333,9.10975992577876e-09,"Atypical B (ABC/DN2)","ZBTB7A"
1.32362172800234e-08,0.624814754107674,0.414,0.308,0.000248867357299,"Atypical B (ABC/DN2)","CCDC47"
3.76552287666424e-08,0.624599657756008,0.283,0.181,0.00070799361127041,"Atypical B (ABC/DN2)","KLHL18"
4.66541328448755e-08,0.624331854428706,0.221,0.132,0.000877191005749348,"Atypical B (ABC/DN2)","ZNF296"
2.12691856543561e-06,0.623800252158208,0.197,0.123,0.0399903228673204,"Atypical B (ABC/DN2)","COMT"
2.86021510888198e-08,0.623768667752708,0.302,0.197,0.00053777764477199,"Atypical B (ABC/DN2)","RASSF1"
8.31009779042103e-07,0.622488774311666,0.184,0.111,0.0156246458655496,"Atypical B (ABC/DN2)","FHIP2A"
2.91433681543801e-12,0.622140049144834,0.351,0.217,5.47953608038654e-08,"Atypical B (ABC/DN2)","LRRC8C"
4.75943089601433e-11,0.620915019553238,0.46,0.328,8.94868197068615e-07,"Atypical B (ABC/DN2)","LRRFIP2"
7.7107639563947e-17,0.620436454091995,0.572,0.397,1.44977783908133e-12,"Atypical B (ABC/DN2)","PAF1"
6.01554617974762e-29,0.618504680421161,0.835,0.686,1.13104299271615e-24,"Atypical B (ABC/DN2)","BPTF"
1.188180566586e-12,0.618334234707405,0.496,0.347,2.234017101295e-08,"Atypical B (ABC/DN2)","JOSD1"
3.46563338595226e-08,0.61713670243901,0.271,0.172,0.000651608389226743,"Atypical B (ABC/DN2)","NCAPH2"
2.16228958747581e-07,0.617018220351312,0.223,0.138,0.00406553688237202,"Atypical B (ABC/DN2)","MAP1LC3A"
8.43384370380344e-15,0.6158316732321,0.362,0.216,1.58573129318912e-10,"Atypical B (ABC/DN2)","HHEX"
1.4661005359995e-08,0.61576499371093,0.388,0.279,0.000275656222778627,"Atypical B (ABC/DN2)","EGLN2"
3.49212193369829e-13,0.614423551209486,0.515,0.365,6.56588765973952e-09,"Atypical B (ABC/DN2)","CORO7"
9.25163597677787e-11,0.614135411780785,0.435,0.305,1.73949259635377e-06,"Atypical B (ABC/DN2)","KCTD20"
1.40798946997478e-06,0.613979091908569,0.183,0.11,0.0264730180144659,"Atypical B (ABC/DN2)","FZR1"
2.82729759049143e-09,0.610865306344908,0.363,0.245,5.31588492964198e-05,"Atypical B (ABC/DN2)","ENSG00000291136"
6.38364022555796e-15,0.61055696261859,0.54,0.373,1.20025203520941e-10,"Atypical B (ABC/DN2)","TRIM38"
8.75688621005872e-46,0.609880635323588,0.932,0.832,1.64646974521524e-41,"Atypical B (ABC/DN2)","TPM3"
1.94572774561233e-08,0.609072143117592,0.216,0.129,0.000365835730730031,"Atypical B (ABC/DN2)","CTSA"
4.61115943473012e-09,0.608177393673819,0.309,0.199,8.66990196917958e-05,"Atypical B (ABC/DN2)","IRAK1"
2.94803086270681e-13,0.606454547449497,0.499,0.344,5.54288762806135e-09,"Atypical B (ABC/DN2)","MIDN"
3.52333826720135e-23,0.606341825855476,0.727,0.527,6.62458060999197e-19,"Atypical B (ABC/DN2)","SEPTIN6"
2.37287915894601e-08,0.606078131442184,0.173,0.098,0.000446148739465029,"Atypical B (ABC/DN2)","B4GALT4"
2.60840670791775e-06,0.605225100494589,0.212,0.134,0.0490432629222696,"Atypical B (ABC/DN2)","ANKRD36"
2.91318375292584e-09,0.603127754527736,0.386,0.268,5.47736809225116e-05,"Atypical B (ABC/DN2)","UBE2Q2"
1.01775270814703e-20,0.602966722512637,0.685,0.495,1.91357864185804e-16,"Atypical B (ABC/DN2)","FKBP1A"
5.99131425288255e-26,0.602315844889064,0.796,0.611,1.12648690582698e-21,"Atypical B (ABC/DN2)","MANBA"
1.80789600037856e-10,0.602035356231614,0.468,0.339,3.39920605991177e-06,"Atypical B (ABC/DN2)","ISCA1"
4.75292190700958e-22,0.601202997015903,0.737,0.562,8.93644376955941e-18,"Atypical B (ABC/DN2)","PDLIM1"
1.49487446092634e-06,0.600946991016337,0.166,0.1,0.0281066296143371,"Atypical B (ABC/DN2)","CMTM3"
4.25257837509363e-16,0.600244752696376,0.619,0.454,7.99569786085104e-12,"Atypical B (ABC/DN2)","CDKN1B"
8.17161618917542e-12,0.598776668419433,0.418,0.277,1.53642727588876e-07,"Atypical B (ABC/DN2)","CLCN3"
3.14318965351133e-12,0.597330398921,0.342,0.211,5.90982518653201e-08,"Atypical B (ABC/DN2)","UBE2J1"
6.6471358712509e-21,0.597111067310729,0.716,0.53,1.24979448651259e-16,"Atypical B (ABC/DN2)","MOB3A"
1.90271682414473e-09,0.596510177150947,0.462,0.341,3.57748817275692e-05,"Atypical B (ABC/DN2)","NFX1"
5.12253960286125e-12,0.594806699088053,0.399,0.259,9.63139896129973e-08,"Atypical B (ABC/DN2)","ACSL1"
8.71190384666e-10,0.594014712688873,0.339,0.22,1.63801216124901e-05,"Atypical B (ABC/DN2)","AHCTF1"
1.38947537646278e-21,0.593836572280788,0.7,0.507,2.61249160282532e-17,"Atypical B (ABC/DN2)","MAP2K3"
2.79452412731259e-09,0.593096581424886,0.373,0.253,5.25426426417313e-05,"Atypical B (ABC/DN2)","HSH2D"
3.41599130930507e-10,0.592472951010719,0.267,0.162,6.42274685975539e-06,"Atypical B (ABC/DN2)","ENSG00000285612"
2.98679419813074e-07,0.592292177714126,0.399,0.31,0.00561577045132542,"Atypical B (ABC/DN2)","GBE1"
1.30847894763499e-17,0.592189892709806,0.595,0.41,2.4602021173433e-13,"Atypical B (ABC/DN2)","CBLB"
4.5990478225877e-10,0.590548741573062,0.422,0.298,8.64712971602939e-06,"Atypical B (ABC/DN2)","TUT7"
1.15152861657356e-07,0.590484901094284,0.25,0.158,0.0021651041048816,"Atypical B (ABC/DN2)","C1orf174"
4.64541429716428e-09,0.589262164647669,0.208,0.122,8.73430796152827e-05,"Atypical B (ABC/DN2)","CCDC69"
2.66939589934539e-19,0.589123153804141,0.683,0.519,5.01899816994921e-15,"Atypical B (ABC/DN2)","GSPT1"
3.99499279129496e-15,0.588530238914556,0.567,0.402,7.51138544619279e-11,"Atypical B (ABC/DN2)","PICALM"
2.32338178021925e-09,0.587921769418481,0.365,0.245,4.36842242316824e-05,"Atypical B (ABC/DN2)","FAM50A"
1.87840707390984e-10,0.587459564785183,0.394,0.264,3.53178098036529e-06,"Atypical B (ABC/DN2)","FBXO34"
5.63895495544876e-12,0.587227956111501,0.372,0.237,1.06023631072348e-07,"Atypical B (ABC/DN2)","KIF20B"
6.52750285029782e-14,0.585439938627379,0.564,0.403,1.227301085913e-09,"Atypical B (ABC/DN2)","SIPA1L3"
2.99287693734348e-35,0.585399522667197,0.929,0.803,5.62720721759322e-31,"Atypical B (ABC/DN2)","ARL6IP1"
3.27303145924033e-15,0.585035141251995,0.616,0.457,6.15395374966368e-11,"Atypical B (ABC/DN2)","TRABD"
4.7555859922831e-12,0.583861670430737,0.415,0.273,8.94145278269069e-08,"Atypical B (ABC/DN2)","SLC66A2"
2.74602905823182e-22,0.583176662635454,0.645,0.441,5.16308383528746e-18,"Atypical B (ABC/DN2)","NR4A1"
1.05801830806826e-10,0.582840397837833,0.473,0.339,1.98928602282994e-06,"Atypical B (ABC/DN2)","NSMCE3"
6.41899099592353e-07,0.582086361330997,0.233,0.149,0.0120689868705354,"Atypical B (ABC/DN2)","PLAC8"
1.27088162859891e-22,0.581640043878146,0.742,0.555,2.38951163809167e-18,"Atypical B (ABC/DN2)","CNPPD1"
5.0218426000253e-16,0.580910641331829,0.662,0.508,9.44206845656756e-12,"Atypical B (ABC/DN2)","RAB8B"
4.56563824078891e-18,0.57818072344329,0.683,0.522,8.58431302033131e-14,"Atypical B (ABC/DN2)","WDFY4"
2.05980845185111e-09,0.577072898630959,0.27,0.166,3.87285185117045e-05,"Atypical B (ABC/DN2)","ZNF335"
2.27277475368158e-28,0.575607131297381,0.855,0.684,4.27327109187211e-24,"Atypical B (ABC/DN2)","LSP1"
1.4275381789353e-14,0.574607001116477,0.428,0.273,2.68405728403414e-10,"Atypical B (ABC/DN2)","BLOC1S6"
1.62534780917498e-22,0.57408590632543,0.801,0.645,3.05597895081079e-18,"Atypical B (ABC/DN2)","GNG7"
2.66258262059836e-25,0.573302050415468,0.798,0.612,5.00618784324904e-21,"Atypical B (ABC/DN2)","NDUFS5"
3.2378304770663e-31,0.570879956853689,0.895,0.768,6.08776886298006e-27,"Atypical B (ABC/DN2)","SEC61B"
1.56324505149036e-19,0.570239204136804,0.68,0.495,2.93921334581217e-15,"Atypical B (ABC/DN2)","TERF2IP"
1.2421823797514e-06,0.570134956373713,0.391,0.308,0.0233555131040859,"Atypical B (ABC/DN2)","ETF1"
3.15422013058235e-07,0.568578056848217,0.296,0.198,0.00593056468952093,"Atypical B (ABC/DN2)","TRIM26"
2.59427762093407e-35,0.567471633793458,0.966,0.874,4.87776078288024e-31,"Atypical B (ABC/DN2)","ATP6V0C"
1.74318247222761e-11,0.566564398713869,0.46,0.319,3.27753168428234e-07,"Atypical B (ABC/DN2)","RTN3"
7.00414076241762e-11,0.565467361192775,0.383,0.252,1.31691854614976e-06,"Atypical B (ABC/DN2)","MRPL41"
1.05543227858884e-06,0.565351770407819,0.208,0.131,0.0198442377020273,"Atypical B (ABC/DN2)","IFT52"
1.24185712097576e-13,0.563736399702771,0.622,0.477,2.33493975885862e-09,"Atypical B (ABC/DN2)","RILPL2"
2.18750112992069e-07,0.56362096901206,0.297,0.199,0.00411293962447688,"Atypical B (ABC/DN2)","ATP13A3"
7.0910142108309e-11,0.563505499163475,0.396,0.263,1.33325249192043e-06,"Atypical B (ABC/DN2)","MFSD10"
8.87486979507856e-12,0.560885993199467,0.457,0.313,1.66865301887067e-07,"Atypical B (ABC/DN2)","WIPI2"
2.39740452939817e-08,0.558999775366796,0.228,0.139,0.000450759999617444,"Atypical B (ABC/DN2)","PCED1B"
1.48778137655276e-41,0.558266358313635,0.997,0.986,2.79732654419449e-37,"Atypical B (ABC/DN2)","CD79A"
2.64246033564037e-06,0.557899422454713,0.2,0.127,0.0496835392307102,"Atypical B (ABC/DN2)","GLRX2"
2.17217897058947e-14,0.554950183636745,0.664,0.543,4.08413090050233e-10,"Atypical B (ABC/DN2)","EIF4H"
1.20179038628646e-38,0.554769077231045,0.958,0.886,2.2596062842958e-34,"Atypical B (ABC/DN2)","CORO1A"
1.25375694271035e-15,0.553967480827247,0.611,0.439,2.35731380368401e-11,"Atypical B (ABC/DN2)","RIOK3"
1.57697052114489e-13,0.553252455508368,0.565,0.41,2.96501997385662e-09,"Atypical B (ABC/DN2)","CAPNS1"
7.17224629556735e-11,0.553206147737775,0.447,0.31,1.34852574849257e-06,"Atypical B (ABC/DN2)","DENND5B"
1.14439299500307e-09,0.553167184524226,0.478,0.355,2.15168770920477e-05,"Atypical B (ABC/DN2)","PPP3R1"
1.52070365721533e-13,0.552949911313876,0.683,0.546,2.85922701629626e-09,"Atypical B (ABC/DN2)","SSU72"
5.28929605797087e-07,0.552005651105101,0.252,0.164,0.00994493444819683,"Atypical B (ABC/DN2)","RAB35"
5.83761429305729e-08,0.551001358658223,0.347,0.239,0.00109758823938063,"Atypical B (ABC/DN2)","GCH1"
6.74311896071922e-08,0.550086448013235,0.268,0.173,0.00126784122699443,"Atypical B (ABC/DN2)","UBE2O"
5.0286315505794e-07,0.54966056570632,0.396,0.291,0.0094548330413994,"Atypical B (ABC/DN2)","FTX"
4.32221151098684e-11,0.549592473684433,0.606,0.472,8.12662208295745e-07,"Atypical B (ABC/DN2)","CSRNP1"
9.86182570791321e-15,0.549434505882831,0.549,0.382,1.85422046960184e-10,"Atypical B (ABC/DN2)","POLR2A"
4.23871029867188e-07,0.547210604731049,0.281,0.188,0.00796962310356288,"Atypical B (ABC/DN2)","TMED7"
3.95164260194368e-10,0.543953352176466,0.454,0.321,7.4298784201745e-06,"Atypical B (ABC/DN2)","ARHGAP30"
1.37923071460096e-06,0.542511757172301,0.296,0.203,0.0259322958959273,"Atypical B (ABC/DN2)","SAMD4B"
1.04926938506434e-11,0.541424411660223,0.546,0.412,1.97283629779796e-07,"Atypical B (ABC/DN2)","SS18L2"
4.9866493104001e-11,0.540862578966148,0.546,0.413,9.37589803341427e-07,"Atypical B (ABC/DN2)","ZC3HAV1"
4.57498510142508e-11,0.540763207407944,0.425,0.288,8.60188698769944e-07,"Atypical B (ABC/DN2)","SELENOS"
2.21619799899873e-12,0.540173586701488,0.557,0.41,4.16689547771741e-08,"Atypical B (ABC/DN2)","TM9SF2"
1.10798753214766e-06,0.539542670855475,0.362,0.263,0.0208323815794403,"Atypical B (ABC/DN2)","ZFYVE16"
8.68775523712047e-25,0.539221476614996,0.89,0.756,1.63347173968339e-20,"Atypical B (ABC/DN2)","CMSS1"
5.22321579733771e-15,0.538347321701813,0.546,0.377,9.82069034215436e-11,"Atypical B (ABC/DN2)","IQSEC1"
8.94622271453869e-58,0.537439171507975,0.998,0.974,1.68206879478756e-53,"Atypical B (ABC/DN2)","MT-ND5"
1.32987719404969e-15,0.535002972101116,0.706,0.557,2.50043510025222e-11,"Atypical B (ABC/DN2)","TRAF3"
1.89492754700871e-08,0.534156606293066,0.216,0.129,0.000356284277388577,"Atypical B (ABC/DN2)","PVT1"
1.44823044879528e-33,0.533858765724251,0.932,0.811,2.72296288982488e-29,"Atypical B (ABC/DN2)","ARF6"
7.53661164831381e-07,0.533125868141259,0.254,0.167,0.0141703372211596,"Atypical B (ABC/DN2)","ZNF106"
4.46713560356922e-16,0.53186549563918,0.661,0.519,8.39910836183085e-12,"Atypical B (ABC/DN2)","SERINC1"
1.21814902643731e-12,0.53186074480044,0.625,0.501,2.29036379950743e-08,"Atypical B (ABC/DN2)","G3BP2"
3.68662806827355e-14,0.530383357978874,0.612,0.455,6.93159809396794e-10,"Atypical B (ABC/DN2)","SUPT4H1"
1.04453649575856e-12,0.529922178824415,0.48,0.328,1.96393751932525e-08,"Atypical B (ABC/DN2)","PTK2"
2.36115230092799e-59,0.529630271610323,0.998,0.993,4.43943855620481e-55,"Atypical B (ABC/DN2)","EZR"
1.66288214109752e-09,0.528342195166514,0.464,0.335,3.12655100169156e-05,"Atypical B (ABC/DN2)","BANP"
2.20931474516348e-13,0.5282088391234,0.627,0.505,4.15395358385637e-09,"Atypical B (ABC/DN2)","BSG"
1.462321227942e-10,0.527337274547182,0.536,0.405,2.74945637277654e-06,"Atypical B (ABC/DN2)","PPP1CC"
7.13500093790415e-09,0.52718323860792,0.435,0.315,0.000134152287634474,"Atypical B (ABC/DN2)","NCKAP1L"
2.4412891461198e-07,0.526471130852576,0.297,0.2,0.00459011185253445,"Atypical B (ABC/DN2)","BCL7A"
3.52195455131372e-07,0.526368508484524,0.278,0.184,0.00662197894738006,"Atypical B (ABC/DN2)","C21orf91"
6.42112723570297e-15,0.525362338001394,0.633,0.468,1.20730034285687e-10,"Atypical B (ABC/DN2)","ARL6IP5"
4.97010686445753e-18,0.52510478459092,0.672,0.489,9.34479492655304e-14,"Atypical B (ABC/DN2)","TBC1D22A"
4.9317888243247e-15,0.525099836837027,0.651,0.489,9.2727493474953e-11,"Atypical B (ABC/DN2)","ABI1"
7.13480466103049e-09,0.524214702072383,0.501,0.377,0.000134148597236695,"Atypical B (ABC/DN2)","ZMYM2"
2.68172016599684e-32,0.524208261791393,0.913,0.785,5.04217025610726e-28,"Atypical B (ABC/DN2)","ATP6V0E1"
6.74558057267252e-08,0.523761337024526,0.304,0.202,0.00126830405927389,"Atypical B (ABC/DN2)","LASP1"
9.81336252011028e-07,0.522865079399218,0.577,0.477,0.0184510842103113,"Atypical B (ABC/DN2)","EIF4A3"
2.37757785908024e-12,0.522542891497217,0.596,0.454,4.47032189064267e-08,"Atypical B (ABC/DN2)","MAT2A"
6.45783517638259e-50,0.522510645660238,0.989,0.939,1.21420216986345e-45,"Atypical B (ABC/DN2)","CYBA"
1.50508543161399e-21,0.521650644063138,0.79,0.627,2.82986162852062e-17,"Atypical B (ABC/DN2)","RAC2"
1.00836373135424e-12,0.5203333144442,0.501,0.348,1.89592548769225e-08,"Atypical B (ABC/DN2)","PFKL"
1.01308150237777e-11,0.520287150648418,0.376,0.243,1.90479584077069e-07,"Atypical B (ABC/DN2)","ENSG00000291107"
1.00005349100577e-12,0.519660158592846,0.601,0.453,1.88030057378906e-08,"Atypical B (ABC/DN2)","C9orf78"
1.35154787386484e-26,0.51933483158789,0.879,0.728,2.54118031244068e-22,"Atypical B (ABC/DN2)","LDHA"
7.87091150435809e-11,0.519157289039379,0.462,0.323,1.47988878104941e-06,"Atypical B (ABC/DN2)","TMED5"
1.97647392462268e-06,0.518809615893002,0.302,0.21,0.0371616627307557,"Atypical B (ABC/DN2)","UPF3A"
2.20534432070428e-06,0.512888358345626,0.205,0.131,0.0414648839178818,"Atypical B (ABC/DN2)","LINC01588"
5.53667624450128e-10,0.512884107905822,0.465,0.332,1.04100586749113e-05,"Atypical B (ABC/DN2)","PHKB"
4.57509426906342e-11,0.511257790525025,0.412,0.277,8.60209224469305e-07,"Atypical B (ABC/DN2)","MARCHF8"
2.47935513437578e-13,0.510307224232764,0.645,0.493,4.66168352365335e-09,"Atypical B (ABC/DN2)","DNTTIP2"
3.73441367533396e-09,0.50979250921136,0.375,0.256,7.0214445923629e-05,"Atypical B (ABC/DN2)","OTUD1"
9.36518510763721e-15,0.509184018269582,0.675,0.521,1.76084210393795e-10,"Atypical B (ABC/DN2)","PTP4A2"
7.65768283162464e-12,0.508668215771346,0.557,0.41,1.43979752600207e-07,"Atypical B (ABC/DN2)","MCUB"
9.17784640224958e-10,0.50859423183787,0.57,0.446,1.72561868055097e-05,"Atypical B (ABC/DN2)","SDCBP"
5.00375421472156e-12,0.507994512627419,0.633,0.489,9.40805867451947e-08,"Atypical B (ABC/DN2)","ALG13"
6.28878188548478e-07,0.507628713480508,0.213,0.135,0.0118241677010885,"Atypical B (ABC/DN2)","PRKACB"
2.92587401877031e-08,0.506572852767772,0.373,0.26,0.000550122833009194,"Atypical B (ABC/DN2)","TMEM170A"
1.02161283262027e-07,0.503736563335521,0.37,0.261,0.00192083644789264,"Atypical B (ABC/DN2)","CEBPB"
3.5659861700967e-10,0.502448286006109,0.378,0.252,6.70476719701581e-06,"Atypical B (ABC/DN2)","SEL1L3"
5.9221536455796e-12,0.50170643143291,0.502,0.354,1.11348332844188e-07,"Atypical B (ABC/DN2)","TGOLN2"
1.59475157340951e-07,0.500404027243753,0.318,0.216,0.00299845190832455,"Atypical B (ABC/DN2)","SUN1"
1.26495816284991e-13,0.500255995330745,0.394,0.252,2.3783743377904e-09,"Atypical B (ABC/DN2)","TPP1"
5.79800085730002e-11,0.49849008400984,0.475,0.335,1.09014012118955e-06,"Atypical B (ABC/DN2)","CDC40"
4.72373243606392e-08,0.498113662499657,0.465,0.352,0.000888156172628738,"Atypical B (ABC/DN2)","RNF168"
5.3543756027564e-21,0.497925177813821,0.8,0.629,1.00672970083026e-16,"Atypical B (ABC/DN2)","RALGAPA1"
6.88119827057774e-08,0.497579385008121,0.436,0.323,0.00129380289883403,"Atypical B (ABC/DN2)","ANP32E"
3.8503689194079e-11,0.497356863571799,0.585,0.454,7.23946364227073e-07,"Atypical B (ABC/DN2)","OSTF1"
3.44541918916416e-15,0.496604372827665,0.8,0.678,6.47807715946646e-11,"Atypical B (ABC/DN2)","ANXA2"
2.6049705252076e-06,0.495457979625087,0.257,0.173,0.0489786558149534,"Atypical B (ABC/DN2)","CTDSP2"
8.80000929026547e-07,0.495231377024862,0.399,0.299,0.0165457774675571,"Atypical B (ABC/DN2)","SUPT6H"
1.16800676033118e-09,0.493581387674419,0.465,0.335,2.19608631077468e-05,"Atypical B (ABC/DN2)","CCSER2"
5.32909209846822e-10,0.492650917257429,0.443,0.311,1.00197589635399e-05,"Atypical B (ABC/DN2)","SNAP23"
7.09641568213928e-09,0.490607376831996,0.412,0.291,0.000133426807655583,"Atypical B (ABC/DN2)","ATG12"
1.09427207354543e-28,0.490385013388883,0.998,0.978,2.05745035268011e-24,"Atypical B (ABC/DN2)","UBC"
7.72137229333252e-75,0.489795461616019,1,1,1.45177241859238e-70,"Atypical B (ABC/DN2)","HLA-B"
1.08516963543563e-10,0.488930975495718,0.363,0.24,2.04033594854608e-06,"Atypical B (ABC/DN2)","IL10RB"
2.32186666932167e-17,0.488293317958676,0.756,0.6,4.3655737116586e-13,"Atypical B (ABC/DN2)","ENSA"
1.29510774617322e-07,0.486911576931564,0.383,0.273,0.00243506158435488,"Atypical B (ABC/DN2)","STARD7"
6.85334653546977e-46,0.485370430963809,0.997,0.996,1.28856621559903e-41,"Atypical B (ABC/DN2)","ACTB"
5.05750611513173e-69,0.482996799587553,0.998,0.997,9.50912299767068e-65,"Atypical B (ABC/DN2)","HLA-DRB1"
1.11193093110407e-07,0.48288094278146,0.342,0.237,0.00209065253666186,"Atypical B (ABC/DN2)","ABHD14B"
1.11609015974476e-13,0.480733422806988,0.696,0.577,2.09847271835211e-09,"Atypical B (ABC/DN2)","GNAI2"
6.26270028104246e-07,0.480579841707127,0.346,0.245,0.011775129068416,"Atypical B (ABC/DN2)","CD22"
2.41485278683182e-06,0.480225505432576,0.237,0.158,0.0454040620980118,"Atypical B (ABC/DN2)","BTN2A1"
1.30679792472812e-28,0.480002648519893,0.712,0.477,2.4570414580738e-24,"Atypical B (ABC/DN2)","BCL2A1"
5.98876163066801e-09,0.479531442074087,0.535,0.406,0.00011260069617982,"Atypical B (ABC/DN2)","RNF19A"
1.43810007432224e-07,0.479345570629392,0.483,0.375,0.00270391575974068,"Atypical B (ABC/DN2)","FBXW7"
1.88565565503758e-12,0.477204583865085,0.674,0.536,3.54540976260165e-08,"Atypical B (ABC/DN2)","VDAC1"
4.39173843854059e-09,0.476867212371561,0.435,0.31,8.25734661214401e-05,"Atypical B (ABC/DN2)","TSPYL2"
6.1772816522574e-09,0.475545473602965,0.564,0.449,0.000116145249625744,"Atypical B (ABC/DN2)","ARPC5L"
6.03221499986239e-09,0.474935765941562,0.315,0.208,0.000113417706427413,"Atypical B (ABC/DN2)","CCND3"
9.72846286859856e-10,0.473754318350488,0.468,0.337,1.8291455885539e-05,"Atypical B (ABC/DN2)","NAGK"
3.72278828670818e-07,0.470909534080778,0.433,0.328,0.00699958653666872,"Atypical B (ABC/DN2)","ASAP1"
4.7079220014774e-16,0.469985250335365,0.842,0.755,8.85183494717781e-12,"Atypical B (ABC/DN2)","DDX24"
7.80660995726026e-14,0.469917617502769,0.714,0.563,1.46779880416407e-09,"Atypical B (ABC/DN2)","BRD2"
1.43970572761201e-40,0.46956500786345,0.984,0.921,2.7069347090561e-36,"Atypical B (ABC/DN2)","ARPC2"
5.42302284702416e-13,0.469105347643306,0.582,0.424,1.01963675569748e-08,"Atypical B (ABC/DN2)","WDFY2"
3.27809366006031e-19,0.468998993107723,0.79,0.617,6.1634716996454e-15,"Atypical B (ABC/DN2)","MOB1A"
2.0568700481238e-06,0.468613014350088,0.462,0.376,0.0386732706448237,"Atypical B (ABC/DN2)","MOB4"
1.9544543042181e-06,0.467485456582997,0.456,0.354,0.0367476498279087,"Atypical B (ABC/DN2)","ARL5A"
5.60762111751209e-07,0.466053927048556,0.299,0.204,0.0105434492251462,"Atypical B (ABC/DN2)","WIPF2"
8.83217947345847e-10,0.465822830682652,0.511,0.376,1.66062638459966e-05,"Atypical B (ABC/DN2)","ZNF331"
5.04810558913596e-09,0.465077245416263,0.388,0.269,9.49144812869343e-05,"Atypical B (ABC/DN2)","SNRPN"
2.36260639834646e-09,0.462765298624767,0.569,0.446,4.44217255017101e-05,"Atypical B (ABC/DN2)","TMF1"
5.17678580567576e-08,0.462612297906938,0.435,0.318,0.000973339267183156,"Atypical B (ABC/DN2)","PNPLA8"
2.5033456564534e-08,0.460444022132298,0.418,0.301,0.000470679050326368,"Atypical B (ABC/DN2)","MAP7D1"
8.86252321225408e-11,0.459754730245555,0.561,0.419,1.66633161436801e-06,"Atypical B (ABC/DN2)","REEP5"
2.29314713262106e-10,0.456934803039721,0.525,0.386,4.31157523875411e-06,"Atypical B (ABC/DN2)","TET2"
2.01629444540152e-31,0.455096511931701,0.973,0.93,3.79103681624394e-27,"Atypical B (ABC/DN2)","SERF2"
7.41076514236237e-08,0.454185640560782,0.498,0.386,0.00139337206206697,"Atypical B (ABC/DN2)","PTPN2"
5.4213111776044e-11,0.453106187617144,0.64,0.504,1.01931492761318e-06,"Atypical B (ABC/DN2)","BTBD9"
8.165923176609e-07,0.453032879298529,0.456,0.351,0.0153535687566602,"Atypical B (ABC/DN2)","OXSR1"
8.06654353477391e-09,0.449924659750472,0.598,0.484,0.000151667151540819,"Atypical B (ABC/DN2)","FOXN3"
9.50092971674994e-13,0.449743788917817,0.538,0.384,1.78636480534332e-08,"Atypical B (ABC/DN2)","UTY"
3.38638804085791e-08,0.449394885994604,0.59,0.484,0.000636708679442105,"Atypical B (ABC/DN2)","NAA50"
4.78981550001077e-10,0.449347604336887,0.43,0.301,9.00581110312026e-06,"Atypical B (ABC/DN2)","CCDC88C"
6.4536605358162e-09,0.449125295245885,0.289,0.188,0.000121341725394416,"Atypical B (ABC/DN2)","LEPROTL1"
3.10055667422312e-13,0.448936505344125,0.654,0.498,5.82966665887431e-09,"Atypical B (ABC/DN2)","WDR1"
9.51178295030902e-41,0.446828514345062,0.994,0.989,1.7884054303171e-36,"Atypical B (ABC/DN2)","HLA-DQB1"
3.84523100572424e-08,0.446798013359908,0.52,0.402,0.000722980333696272,"Atypical B (ABC/DN2)","RUBCN"
1.38451491637154e-07,0.445628056274917,0.338,0.236,0.00260316494576176,"Atypical B (ABC/DN2)","GAPVD1"
1.92682870027618e-15,0.44394684750019,0.884,0.801,3.62282332225927e-11,"Atypical B (ABC/DN2)","RBM3"
4.74408017568303e-10,0.443255743157529,0.394,0.272,8.91981954631923e-06,"Atypical B (ABC/DN2)","AKR1B1"
6.73066165946345e-53,0.443013134579645,1,0.997,1.26549900521232e-48,"Atypical B (ABC/DN2)","HLA-A"
1.33732880270609e-06,0.441344525077748,0.425,0.324,0.0251444561484799,"Atypical B (ABC/DN2)","GIT2"
1.39440588833965e-21,0.43757869569695,0.921,0.834,2.62176195125622e-17,"Atypical B (ABC/DN2)","HLA-DMA"
3.32796429479655e-24,0.437432882609113,0.958,0.863,6.25723846707648e-20,"Atypical B (ABC/DN2)","LMNA"
7.64382306355742e-11,0.437270009072346,0.58,0.437,1.43719161241007e-06,"Atypical B (ABC/DN2)","ICAM3"
1.39380721506602e-07,0.43719420688896,0.313,0.216,0.00262063632576713,"Atypical B (ABC/DN2)","ABHD16A"
1.4000450861946e-10,0.437011668397673,0.617,0.479,2.63236477106308e-06,"Atypical B (ABC/DN2)","SYPL1"
3.8365047804807e-11,0.435528838758486,0.593,0.448,7.21339628825981e-07,"Atypical B (ABC/DN2)","KDM2A"
5.11153314579275e-16,0.435407587818371,0.866,0.763,9.61070462071952e-12,"Atypical B (ABC/DN2)","CALR"
6.12423483059434e-27,0.435088014102518,0.961,0.921,1.15147863284835e-22,"Atypical B (ABC/DN2)","ARHGDIB"
4.37773411639506e-13,0.434168356003559,0.717,0.568,8.23101568564599e-09,"Atypical B (ABC/DN2)","TNFRSF13C"
5.35410274899967e-08,0.433846342556926,0.288,0.195,0.00100667839886692,"Atypical B (ABC/DN2)","DNAJB12"
5.34208233225534e-13,0.432824528625475,0.729,0.581,1.00441832011065e-08,"Atypical B (ABC/DN2)","CAP1"
1.23587522552669e-26,0.431223213982536,0.981,0.949,2.32369259903528e-22,"Atypical B (ABC/DN2)","LRRFIP1"
6.49526084141718e-08,0.431203247566855,0.359,0.252,0.00122123894340326,"Atypical B (ABC/DN2)","ZBTB43"
1.21197504263218e-06,0.429547779571242,0.384,0.282,0.0227875547515702,"Atypical B (ABC/DN2)","AHI1"
2.35201498099073e-07,0.428500749682047,0.494,0.382,0.00442225856725876,"Atypical B (ABC/DN2)","NRROS"
5.5503601706387e-09,0.42805260280783,0.363,0.252,0.000104357871928349,"Atypical B (ABC/DN2)","EMC3"
1.60776236948982e-12,0.42755211241549,0.934,0.875,3.02291480711476e-08,"Atypical B (ABC/DN2)","CDC37"
1.31544176995928e-12,0.424347949303024,0.637,0.483,2.47329361587743e-08,"Atypical B (ABC/DN2)","PHF20"
1.13375759831584e-09,0.423489743159299,0.73,0.622,2.13169103635344e-05,"Atypical B (ABC/DN2)","RSL24D1"
6.56517315300513e-15,0.422938944977166,0.746,0.592,1.23438385622802e-10,"Atypical B (ABC/DN2)","CTSS"
4.19943989594186e-22,0.421971698833255,0.934,0.82,7.89578689234989e-18,"Atypical B (ABC/DN2)","FUS"
7.48022548624089e-09,0.421720979234538,0.436,0.315,0.000140643199592301,"Atypical B (ABC/DN2)","NDUFB6"
2.48747576816737e-06,0.417746715789728,0.578,0.477,0.0467695193930828,"Atypical B (ABC/DN2)","CLK1"
4.81558683873744e-07,0.415916418687713,0.478,0.367,0.00905426637419413,"Atypical B (ABC/DN2)","DOCK2"
5.84280622151653e-13,0.412788563286645,0.767,0.625,1.09856442576954e-08,"Atypical B (ABC/DN2)","SELENOK"
3.75785132213594e-11,0.412635092227315,0.604,0.459,7.06551205588e-07,"Atypical B (ABC/DN2)","DIAPH1"
7.51954034717078e-20,0.411295263270912,0.893,0.766,1.41382397607505e-15,"Atypical B (ABC/DN2)","TMA7"
1.96339738725665e-12,0.410471510388829,0.737,0.597,3.69157976751995e-08,"Atypical B (ABC/DN2)","ODC1"
6.16038015203074e-10,0.410038379830025,0.53,0.394,1.15827467618482e-05,"Atypical B (ABC/DN2)","CDK13"
2.05516075579061e-08,0.409513847970468,0.58,0.459,0.000386411325303751,"Atypical B (ABC/DN2)","CLIC4"
4.09921157897801e-07,0.408902631436578,0.349,0.248,0.00770733761079446,"Atypical B (ABC/DN2)","PDE4A"
5.4536377276284e-09,0.408616092571131,0.599,0.476,0.000102539296554869,"Atypical B (ABC/DN2)","ARPP19"
4.4610594236798e-19,0.40837705837933,0.968,0.906,8.38768392840277e-15,"Atypical B (ABC/DN2)","MS4A1"
1.7758166868621e-08,0.405184476060251,0.407,0.292,0.000333889053463812,"Atypical B (ABC/DN2)","RPS19BP1"
3.34390760118449e-08,0.404743782109476,0.391,0.28,0.000628721507174708,"Atypical B (ABC/DN2)","SRSF6"
2.48866748233136e-07,0.402526105725032,0.346,0.246,0.00467919260027942,"Atypical B (ABC/DN2)","PIGT"
1.32463657901304e-08,0.400600413636033,0.527,0.401,0.000249058169586033,"Atypical B (ABC/DN2)","SEC11A"
1.13722745549044e-08,0.400222168215732,0.464,0.341,0.000213821506181313,"Atypical B (ABC/DN2)","ARL8A"
1.05243492546034e-09,0.400141577208641,0.703,0.585,1.97878814685052e-05,"Atypical B (ABC/DN2)","LSM14A"
4.53424642148564e-08,0.399611326322243,0.439,0.322,0.00085252901216773,"Atypical B (ABC/DN2)","USP9Y"
4.31945428917405e-10,0.399288877010163,0.635,0.5,8.12143795450505e-06,"Atypical B (ABC/DN2)","SH3BP5"
2.79131769248182e-07,0.398945423547645,0.444,0.333,0.00524823552540432,"Atypical B (ABC/DN2)","S1PR4"
1.22360225427846e-12,0.396939007507091,0.517,0.363,2.30061695849436e-08,"Atypical B (ABC/DN2)","INSIG1"
2.15311399590194e-07,0.395446140729594,0.381,0.277,0.00404828493509483,"Atypical B (ABC/DN2)","ZNF655"
1.06446574307453e-23,0.394384954835655,0.952,0.851,2.00140849012874e-19,"Atypical B (ABC/DN2)","IDS"
8.44917629082166e-11,0.39371467232218,0.532,0.392,1.58861412620029e-06,"Atypical B (ABC/DN2)","FBXO7"
1.46813873293693e-08,0.393372429464146,0.575,0.449,0.000276039444566802,"Atypical B (ABC/DN2)","RUNX1"
4.98437120949696e-08,0.389948288189639,0.52,0.399,0.000937161474809619,"Atypical B (ABC/DN2)","RBPJ"
2.6546707121934e-06,0.389680231015253,0.436,0.333,0.0499131187306603,"Atypical B (ABC/DN2)","UQCRC2"
2.77103679444714e-08,0.388352260092276,0.504,0.382,0.000521010338091951,"Atypical B (ABC/DN2)","NIPA2"
7.6846324951284e-09,0.388345428505839,0.519,0.391,0.000144486460173404,"Atypical B (ABC/DN2)","DPP7"
1.77586474363575e-06,0.387916544143454,0.237,0.162,0.0333898089098394,"Atypical B (ABC/DN2)","DDA1"
5.18299891505287e-29,0.387908081135365,1,0.999,9.74507456008241e-25,"Atypical B (ABC/DN2)","EIF1"
3.30609174136064e-11,0.387530377145912,0.577,0.431,6.21611369210627e-07,"Atypical B (ABC/DN2)","ATP1A1"
1.21240791154659e-07,0.386592337872778,0.473,0.357,0.0022795693552899,"Atypical B (ABC/DN2)","NRBP1"
8.35871573635636e-09,0.386068574727027,0.557,0.429,0.000157160573274972,"Atypical B (ABC/DN2)","SMARCA2"
3.19494499437145e-10,0.385180098493471,0.709,0.636,6.00713557841721e-06,"Atypical B (ABC/DN2)","CYTH1"
8.94060393685458e-10,0.384084634360541,0.711,0.589,1.6810123522074e-05,"Atypical B (ABC/DN2)","BMP2K"
3.49785371492569e-51,0.382844188638512,1,1,6.57666455480329e-47,"Atypical B (ABC/DN2)","CD74"
1.60436008198833e-07,0.381887462985422,0.452,0.339,0.00301651782615446,"Atypical B (ABC/DN2)","MKRN1"
3.78572757502973e-08,0.381517587519923,0.349,0.245,0.000711792498657089,"Atypical B (ABC/DN2)","SGMS1"
2.72843770733869e-09,0.37861741157095,0.708,0.589,5.13000857733821e-05,"Atypical B (ABC/DN2)","ELMO1"
1.82430906178951e-20,0.375726006023849,0.861,0.694,3.43006589797664e-16,"Atypical B (ABC/DN2)","EBF1"
1.36080929400014e-06,0.375530372847137,0.459,0.353,0.0255859363457906,"Atypical B (ABC/DN2)","NFATC1"
2.92650698780918e-13,0.374745216638322,0.754,0.607,5.50241843847881e-09,"Atypical B (ABC/DN2)","TPI1"
3.1883444234256e-11,0.374375189722757,0.817,0.717,5.99472518492481e-07,"Atypical B (ABC/DN2)","IRF2BP2"
3.24601862596591e-12,0.373948136931639,0.826,0.707,6.1031642205411e-08,"Atypical B (ABC/DN2)","GPR183"
9.48561295088502e-08,0.373749784180987,0.407,0.298,0.0017834849470254,"Atypical B (ABC/DN2)","YIPF3"
3.37341242447631e-07,0.373585506332964,0.258,0.177,0.00634269004050035,"Atypical B (ABC/DN2)","ARF3"
6.22035724956297e-08,0.371893051220845,0.661,0.557,0.00116955157006283,"Atypical B (ABC/DN2)","TXNL4A"
5.7213965413025e-07,0.371244116591824,0.538,0.428,0.010757369776957,"Atypical B (ABC/DN2)","GAB2"
6.17033965027812e-09,0.371173905156344,0.339,0.231,0.000116014726104529,"Atypical B (ABC/DN2)","CIITA"
3.01952830877449e-07,0.369246346846827,0.477,0.364,0.0056773171261578,"Atypical B (ABC/DN2)","TOMM5"
3.4663898540182e-08,0.368953797460425,0.462,0.344,0.000651750620352502,"Atypical B (ABC/DN2)","SNX8"
1.35390685146413e-16,0.368933299864329,0.606,0.427,2.54561566212286e-12,"Atypical B (ABC/DN2)","DUSP1"
3.31882969656097e-07,0.364587972220192,0.304,0.213,0.00624006359547393,"Atypical B (ABC/DN2)","ARMCX3"
1.15903086852942e-06,0.363906392301646,0.32,0.229,0.0217920983900901,"Atypical B (ABC/DN2)","TBK1"
2.23624580856749e-06,0.362730782530957,0.176,0.112,0.042045893692686,"Atypical B (ABC/DN2)","RNF144B"
1.6371331796e-06,0.362692688648138,0.263,0.179,0.0307813780428392,"Atypical B (ABC/DN2)","VAV3"
6.41651829378367e-08,0.361809079760662,0.391,0.283,0.0012064337695972,"Atypical B (ABC/DN2)","ADD3"
4.58328691641003e-10,0.359038971051647,0.85,0.764,8.61749606023414e-06,"Atypical B (ABC/DN2)","UQCRH"
6.98066248346340e-09,0.358041793303275,0.798,0.719,0.000131250416014079,"Atypical B (ABC/DN2)","STK17B"
7.65122426982638e-07,0.357454865120911,0.494,0.384,0.0143858318721276,"Atypical B (ABC/DN2)","LBR"
5.29902704776987e-11,0.35714145949655,0.667,0.524,9.9632306552169e-07,"Atypical B (ABC/DN2)","MTDH"
4.03249556374382e-08,0.356815874128749,0.456,0.339,0.000758189815895113,"Atypical B (ABC/DN2)","TRPC4AP"
6.5484732476603e-10,0.35624325067329,0.628,0.492,1.23124394002509e-05,"Atypical B (ABC/DN2)","SH3BGRL"
2.81451023765108e-08,0.355808272506299,0.236,0.152,0.000529184214883155,"Atypical B (ABC/DN2)","GRHPR"
1.04426140121013e-14,0.355642368233557,0.659,0.492,1.96342028655528e-10,"Atypical B (ABC/DN2)","PLEKHA2"
9.20860994321318e-32,0.354888088920788,0.997,0.976,1.73140284152294e-27,"Atypical B (ABC/DN2)","HLA-E"
1.54918773738262e-06,0.354730624833912,0.625,0.53,0.029127827838268,"Atypical B (ABC/DN2)","ZHX2"
2.73852130769138e-13,0.353080945643445,0.897,0.807,5.14896776272133e-09,"Atypical B (ABC/DN2)","SLC25A3"
4.18670916012917e-08,0.352635756026131,0.483,0.364,0.000787185056287487,"Atypical B (ABC/DN2)","MRPS6"
1.00990489879282e-08,0.351606040536308,0.567,0.44,0.000189882319071027,"Atypical B (ABC/DN2)","OGT"
1.17270405626047e-07,0.348966442427153,0.423,0.313,0.00220491816658094,"Atypical B (ABC/DN2)","NDUFC2"
2.31893523390041e-15,0.345908277447177,1,0.992,4.36006202677955e-11,"Atypical B (ABC/DN2)","H3-3B"
4.94831187781982e-13,0.34447450894277,0.761,0.616,9.30381599267683e-09,"Atypical B (ABC/DN2)","H2AZ2"
4.21291014777666e-09,0.3436074436803,0.556,0.426,7.92111365984967e-05,"Atypical B (ABC/DN2)","RFX3"
1.08283172788198e-10,0.342122410898777,0.493,0.355,2.03594021476371e-06,"Atypical B (ABC/DN2)","CHMP1B"
8.63441961657845e-08,0.342073548396526,0.585,0.465,0.00162344357630908,"Atypical B (ABC/DN2)","ZFAND6"
8.96863554052717e-09,0.341993763506645,0.599,0.472,0.000168628285432992,"Atypical B (ABC/DN2)","S100A6"
1.42680964212467e-08,0.340613005861652,0.554,0.429,0.00026826874891228,"Atypical B (ABC/DN2)","NUTM2A-AS1"
1.54210872224787e-09,0.340232739346082,0.59,0.456,2.89947281957045e-05,"Atypical B (ABC/DN2)","FILIP1L"
1.46118388351938e-07,0.339800173312683,0.662,0.557,0.00274731793779314,"Atypical B (ABC/DN2)","COX8A"
2.89142145607426e-12,0.339366098435264,0.897,0.815,5.43645062171082e-08,"Atypical B (ABC/DN2)","ST6GAL1"
2.78357398525244e-09,0.336651283279556,0.394,0.28,5.23367580707163e-05,"Atypical B (ABC/DN2)","GSTK1"
2.08774964017066e-18,0.336207356099866,0.969,0.896,3.92538687344888e-14,"Atypical B (ABC/DN2)","SIPA1L1"
3.03222907611765e-07,0.335619679221296,0.268,0.186,0.00570119710891641,"Atypical B (ABC/DN2)","MGST3"
1.71135180800335e-06,0.335246337216338,0.645,0.543,0.0321768366940789,"Atypical B (ABC/DN2)","NGLY1"
6.76189919335228e-07,0.335049818024297,0.475,0.366,0.012713722863341,"Atypical B (ABC/DN2)","RALGDS"
2.73931946772788e-07,0.334464493725857,0.559,0.443,0.00515046846322195,"Atypical B (ABC/DN2)","TNIP2"
9.29613119997748e-09,0.333775219816583,0.746,0.635,0.000174785858821977,"Atypical B (ABC/DN2)","RABAC1"
9.13911716456085e-20,0.333406475625277,0.918,0.782,1.71833680928073e-15,"Atypical B (ABC/DN2)","CD99"
3.34869797260313e-08,0.331837744500967,0.766,0.661,0.000629622192808841,"Atypical B (ABC/DN2)","GLS"
1.84665095799469e-11,0.331708978479278,0.792,0.662,3.47207313122162e-07,"Atypical B (ABC/DN2)","NCOA3"
7.60205721157905e-09,0.33136262936192,0.766,0.67,0.000142933879692109,"Atypical B (ABC/DN2)","ARHGDIA"
3.34707619788455e-14,0.331356225175433,0.845,0.704,6.29317266726254e-10,"Atypical B (ABC/DN2)","ARID5B"
1.88098925498593e-06,0.32971079312949,0.373,0.279,0.0353663599722454,"Atypical B (ABC/DN2)","FBXL3"
1.51414157533165e-12,0.327689056567658,0.935,0.85,2.84688898993857e-08,"Atypical B (ABC/DN2)","KLF6"
3.64589230911174e-10,0.327611350785439,0.422,0.297,6.8550067195919e-06,"Atypical B (ABC/DN2)","GABARAPL1"
8.64743743263926e-08,0.326851294920382,0.788,0.692,0.00162589118608483,"Atypical B (ABC/DN2)","ADK"
3.07669856707446e-09,0.3266655004403,0.68,0.552,5.7848086458134e-05,"Atypical B (ABC/DN2)","ATP6V0B"
5.44318602269051e-14,0.324721253399449,0.771,0.617,1.02342783598627e-09,"Atypical B (ABC/DN2)","PKM"
5.86882133150715e-14,0.324100319055906,0.512,0.356,1.10345578674997e-09,"Atypical B (ABC/DN2)","HVCN1"
2.00986636316125e-13,0.323084075374761,0.982,0.95,3.77895073601578e-09,"Atypical B (ABC/DN2)","DDX5"
4.45104456670457e-08,0.321796817746645,0.712,0.598,0.000836885399431794,"Atypical B (ABC/DN2)","EPC1"
2.64855058919499e-10,0.321761863290426,0.811,0.696,4.97980481780442e-06,"Atypical B (ABC/DN2)","CD81"
1.93765717876308e-15,0.320584513972793,0.948,0.882,3.64318302751035e-11,"Atypical B (ABC/DN2)","CLIC1"
1.87066677942495e-10,0.320568924767775,0.683,0.545,3.5172276786748e-06,"Atypical B (ABC/DN2)","ATP5F1D"
1.41497040128401e-07,0.317570785377253,0.417,0.308,0.0026604273484942,"Atypical B (ABC/DN2)","IL21R"
3.8280502270233e-07,0.314971415862555,0.499,0.387,0.00719750003684921,"Atypical B (ABC/DN2)","KANSL1"
5.4478511857705e-08,0.312907707390705,0.813,0.726,0.00102430497994857,"Atypical B (ABC/DN2)","MBP"
1.05287664660328e-07,0.31138686023685,0.683,0.57,0.00197961867094349,"Atypical B (ABC/DN2)","NR1H2"
1.05778621731844e-06,0.311157032756293,0.456,0.351,0.0198884964580212,"Atypical B (ABC/DN2)","TRAPPC10"
6.60579479576167e-07,0.310132560522191,0.475,0.367,0.0124202153749911,"Atypical B (ABC/DN2)","MICU2"
6.21243206219822e-09,0.309748029604152,0.759,0.645,0.000116806147633451,"Atypical B (ABC/DN2)","RAC1"
2.03837097109691e-11,0.308039757748944,0.821,0.7,3.8325450998564e-07,"Atypical B (ABC/DN2)","CMTM6"
3.5265054557199e-07,0.30799737388889,0.717,0.612,0.00663053555784456,"Atypical B (ABC/DN2)","CHPT1"
1.14525422320408e-07,0.307227239570335,0.683,0.568,0.00215330699046832,"Atypical B (ABC/DN2)","ERP29"
6.37400327682729e-27,0.306517566991394,0.585,0.379,1.19844009610907e-22,"Atypical B (ABC/DN2)","SAMSN1"
2.02904116211529e-29,0.303684992457958,0.998,0.975,3.81500319300918e-25,"Atypical B (ABC/DN2)","RPS26"
6.46572817917971e-25,0.302753876699818,0.997,0.99,1.21568621224937e-20,"Atypical B (ABC/DN2)","HLA-DQA1"
1.31870927807913e-06,0.301987739496113,0.656,0.55,0.0247943718464438,"Atypical B (ABC/DN2)","POMP"
4.98532037435866e-10,0.301509803214855,0.827,0.72,9.37339936786915e-06,"Atypical B (ABC/DN2)","PAK2"
5.44159107532341e-37,0.300784202908706,0.997,0.999,1.02312795398231e-32,"Atypical B (ABC/DN2)","HLA-DRA"
1.54852653146104e-16,0.300123651127382,0.982,0.97,2.91153958445305e-12,"Atypical B (ABC/DN2)","MYL6"
4.99548143568874e-15,0.298471626461971,0.929,0.823,9.39250419538196e-11,"Atypical B (ABC/DN2)","TRIR"
1.10964908062353e-08,0.297050328026409,0.827,0.733,0.000208636220138836,"Atypical B (ABC/DN2)","PGK1"
7.93474242900112e-08,0.296080981954827,0.512,0.396,0.00149189027150079,"Atypical B (ABC/DN2)","RNF181"
9.68859432550018e-15,0.294345668285711,0.935,0.871,1.82164950508054e-10,"Atypical B (ABC/DN2)","ATP5F1B"
5.67144845381301e-09,0.294151652682462,0.727,0.603,0.000106634573828592,"Atypical B (ABC/DN2)","CD48"
3.72989872669905e-43,0.293473152503578,0.998,1,7.01295558593955e-39,"Atypical B (ABC/DN2)","B2M"
1.88128036141625e-07,0.292044131587451,0.808,0.737,0.00353718333553482,"Atypical B (ABC/DN2)","BACH1"
1.00261230686725e-08,0.289810330870277,0.845,0.746,0.00018851116593718,"Atypical B (ABC/DN2)","CDKN1A"
2.02437860078451e-30,0.288730158036908,1,0.999,3.80623664519503e-26,"Atypical B (ABC/DN2)","MT-CO1"
2.63532321081869e-07,0.286256323543556,0.57,0.455,0.00495493470098131,"Atypical B (ABC/DN2)","PPP3CC"
7.09881543297097e-07,0.283524653812234,0.454,0.349,0.013347192777072,"Atypical B (ABC/DN2)","REV3L"
6.4402850603813e-10,0.279292556287601,0.769,0.646,1.21090239705289e-05,"Atypical B (ABC/DN2)","SMAP2"
1.5558130677357e-06,0.27881693629491,0.887,0.825,0.0292523972995666,"Atypical B (ABC/DN2)","MT-ND6"
1.22215968360283e-06,0.27802676933441,0.544,0.437,0.0229790463711003,"Atypical B (ABC/DN2)","CYB5R3"
7.47541816200758e-07,0.27455077921488,0.654,0.544,0.0140552812282067,"Atypical B (ABC/DN2)","BCLAF1"
1.17288986663376e-07,0.265613990308989,0.916,0.861,0.0022052675272448,"Atypical B (ABC/DN2)","ISG20"
5.73714112196294e-08,0.258981405537409,0.342,0.249,0.00107869727375147,"Atypical B (ABC/DN2)","DCTN4"
1.85945869628374e-06,0.25336888890324,0.619,0.512,0.0349615424075269,"Atypical B (ABC/DN2)","RERE"
3.74062016953544e-11,0.253232740971895,0.914,0.82,7.03311404276054e-07,"Atypical B (ABC/DN2)","LPXN"
1.73473261183594e-15,0.251639857394145,0.617,0.457,3.26164425677394e-11,"Atypical B (ABC/DN2)","SLAMF1"
