"p_val","avg_log2FC","pct.1","pct.2","p_val_adj","cluster","gene","direction"
1.05457981579532e-08,-4.86173587560239,0,0.019,0.000198282096965837,"Transitional B","HOMER3","down"
4.44780134617153e-07,-4.34850595480389,0,0.015,0.00836275609107171,"Transitional B","MSC","down"
2.17768746840402e-22,-3.1007137711168,0.016,0.098,4.09448797809324e-18,"Transitional B","TEX9","down"
4.28082494305201e-42,-2.83448867040435,0.021,0.164,8.04880705792639e-38,"Transitional B","HLA-G","down"
2.13981982014104e-28,-2.69386772678552,0.03,0.143,4.02328922582917e-24,"Transitional B","CXCR3","down"
2.59739383832748e-07,-2.64139084725525,0.003,0.027,0.00488361989482333,"Transitional B","TRERF1","down"
1.50473272317935e-11,-2.53394582226971,0.008,0.052,2.82919846612181e-07,"Transitional B","LINC00944","down"
2.89700474866733e-09,-2.4506213220422,0.007,0.043,5.44694832844432e-05,"Transitional B","RTN4R","down"
5.40318201714785e-08,-2.40139423377086,0.002,0.024,0.00101590628286414,"Transitional B","PIK3R6","down"
9.25473195207197e-15,-2.35756751707207,0.008,0.06,1.74007470162857e-10,"Transitional B","CALHM2","down"
1.72081266562471e-38,-2.34052752382866,0.036,0.184,3.23547197390758e-34,"Transitional B","ZBTB32","down"
2.07344654736486e-36,-2.18082612391909,0.049,0.201,3.89849419835541e-32,"Transitional B","COPDA1","down"
2.86862770251207e-14,-2.17251686002231,0.015,0.073,5.3935938062632e-10,"Transitional B","TMEM273","down"
2.19096080935286e-12,-2.16859318665678,0.023,0.082,4.11944451374524e-08,"Transitional B","TNFSF9","down"
3.56633273248196e-11,-2.1633291887678,0.003,0.036,6.70541880361257e-07,"Transitional B","NKG7","down"
2.88604857026698e-12,-2.1413307453659,0.003,0.038,5.42634852181598e-08,"Transitional B","NLGN4Y","down"
1.13562352274816e-09,-2.11973068208564,0.007,0.043,2.13519934747109e-05,"Transitional B","HIC1","down"
1.35048780276429e-10,-2.10087451358293,0.019,0.067,2.53918716675741e-06,"Transitional B","HOPX","down"
2.11090191749846e-26,-2.0882903675331,0.043,0.161,3.9689177852806e-22,"Transitional B","PBX4","down"
2.14031780892559e-28,-2.06491198757456,0.042,0.167,4.02422554434189e-24,"Transitional B","HMOX1","down"
5.63626913126923e-20,-2.00933682029855,0.017,0.093,1.05973132206124e-15,"Transitional B","CD27","down"
4.70786271763948e-07,-1.99870628754368,0.011,0.042,0.00885172348170575,"Transitional B","SMKR1","down"
2.66672376347976e-17,-1.99676040764114,0.025,0.102,5.01397402009465e-13,"Transitional B","SSPN","down"
1.23243683177692e-24,-1.99648060778285,0.031,0.134,2.31722773110696e-20,"Transitional B","ITGAX","down"
2.66106523718297e-07,-1.91868046007987,0.006,0.033,0.00500333485895142,"Transitional B","TRIM47","down"
6.42560615408107e-09,-1.90909652450204,0.031,0.08,0.000120814246909032,"Transitional B","ENSG00000284634","down"
2.39592825645926e-15,-1.85570035635212,0.029,0.102,4.50482430779471e-11,"Transitional B","SHISA8","down"
2.20498896106655e-09,-1.84821987162467,0.007,0.039,4.14582024459733e-05,"Transitional B","ENSG00000290698","down"
7.64496247149607e-10,-1.83499661208766,0.027,0.08,1.43740584389069e-05,"Transitional B","BHLHE41","down"
3.6833919210507e-08,-1.82412654180416,0.011,0.045,0.000692551348995953,"Transitional B","TRPV3","down"
1.66931619383648e-06,-1.78873961927736,0.012,0.042,0.0313864830765134,"Transitional B","MNDA","down"
3.02046426605306e-08,-1.76679076643455,0.007,0.037,0.000567907691303297,"Transitional B","SLC35D2","down"
7.15388919807635e-25,-1.75257300042102,0.025,0.121,1.34507424702232e-20,"Transitional B","CD80","down"
2.56638506662078e-07,-1.73887206946781,0.006,0.031,0.00482531720226039,"Transitional B","TMEM204","down"
1.82460420128463e-06,-1.72405264418061,0.013,0.043,0.0343062081925535,"Transitional B","DAPK2","down"
1.82508864386972e-14,-1.71981316793388,0.024,0.09,3.43153166820385e-10,"Transitional B","TBC1D12","down"
1.46846043750407e-17,-1.69413009602178,0.032,0.11,2.76099931459514e-13,"Transitional B","IGHG2","down"
3.28553181756201e-21,-1.68179023166743,0.043,0.146,6.17745692338009e-17,"Transitional B","TFEC","down"
6.91315554593698e-10,-1.67992417530394,0.018,0.064,1.29981150574707e-05,"Transitional B","LPAR2","down"
3.35618044910794e-39,-1.6446361628496,0.108,0.297,6.31029048041275e-35,"Transitional B","TNFRSF13B","down"
2.81972014999252e-22,-1.6407131825286,0.012,0.081,5.30163782601593e-18,"Transitional B","TESC","down"
3.14182556920665e-07,-1.62525940582434,0.002,0.019,0.00590726043522233,"Transitional B","CDC42EP3-AS1","down"
6.07775204012618e-11,-1.61111382725683,0.083,0.154,1.14273893858452e-06,"Transitional B","CYTOR","down"
5.15477053675707e-07,-1.55044816714208,0.016,0.051,0.00969199956321064,"Transitional B","TBXAS1","down"
1.56684172531693e-78,-1.54299154121826,0.369,0.656,2.94597581194089e-74,"Transitional B","S100A10","down"
9.13061937947921e-20,-1.53453371614667,0.053,0.156,1.71673905572968e-15,"Transitional B","PLEKHG2","down"
1.59433175320341e-06,-1.52120349630444,0.04,0.085,0.0299766256237305,"Transitional B","ARL4D","down"
3.68448252330658e-09,-1.50229427544172,0.013,0.052,6.92756404032103e-05,"Transitional B","COCH","down"
4.66332582988782e-09,-1.489363550427,0.025,0.074,8.76798522535508e-05,"Transitional B","SLC35E4","down"
1.19405243779627e-59,-1.48843922008687,0.168,0.435,2.24505739354454e-55,"Transitional B","SAMSN1","down"
2.96083812749565e-13,-1.46080236248845,0.022,0.08,5.56696784731733e-09,"Transitional B","MCOLN2","down"
2.1595150405001e-28,-1.44628452812088,0.132,0.289,4.06032017914829e-24,"Transitional B","WEE1","down"
2.42012585710076e-06,-1.41748481173415,0.008,0.033,0.0455032063652084,"Transitional B","ENSG00000249738","down"
3.22278011069237e-22,-1.4147568777451,0.1,0.223,6.0594711641238e-18,"Transitional B","HLA-DQA2","down"
5.14399282185451e-11,-1.40872851613065,0.031,0.089,9.67173530365086e-07,"Transitional B","MYO1F","down"
7.8989847002747e-31,-1.40630949432475,0.067,0.211,1.48516710334565e-26,"Transitional B","AIM2","down"
1.6828573283539e-14,-1.38960990299063,0.012,0.055,3.16410834877101e-10,"Transitional B","GSTM1","down"
8.42317340964334e-12,-1.38829276789082,0.206,0.27,1.58372506448114e-07,"Transitional B","DUSP2","down"
1.34545054887654e-07,-1.37522302622948,0.015,0.049,0.00252971612199767,"Transitional B","TBX21","down"
8.12132116989729e-09,-1.36112040995438,0.008,0.036,0.000152697080636409,"Transitional B","TIGD3","down"
1.1930196443453e-09,-1.34145504258848,0.024,0.073,2.24311553529804e-05,"Transitional B","ADAP1","down"
2.2179932300307e-12,-1.30077017253961,0.035,0.1,4.17027087110372e-08,"Transitional B","SERPINB6","down"
9.59533598761789e-10,-1.29335738386825,0.072,0.142,1.80411507239192e-05,"Transitional B","CD86","down"
4.29206596150954e-11,-1.28293715402267,0.036,0.097,8.06994242083023e-07,"Transitional B","SLC25A29","down"
2.79813812734986e-11,-1.27594198959903,0.037,0.1,5.26105930704321e-07,"Transitional B","THEMIS2","down"
6.69482171429727e-10,-1.26909522099949,0.034,0.09,1.25876037872217e-05,"Transitional B","TIMP1","down"
4.00629036196973e-12,-1.25997108656659,0.112,0.195,7.53262713857549e-08,"Transitional B","SOX5","down"
1.59169446171046e-29,-1.25528630066743,0.083,0.232,2.99270392690801e-25,"Transitional B","EEIG1","down"
1.27017303284786e-10,-1.24655404683151,0.06,0.129,2.38817933636055e-06,"Transitional B","IER5L","down"
3.16298572904327e-07,-1.23897845978632,0.024,0.064,0.00594704576774715,"Transitional B","YIF1B","down"
3.98328516326855e-08,-1.23325875365476,0.03,0.077,0.000748937276397753,"Transitional B","NIBAN1","down"
3.0412269234229e-09,-1.23301472415557,0.061,0.125,5.71811486141973e-05,"Transitional B","CD70","down"
4.51589325070657e-22,-1.2211223173342,0.141,0.283,8.49078248997849e-18,"Transitional B","LGMN","down"
3.58845861821179e-07,-1.21739110947293,0.132,0.181,0.00674701989396181,"Transitional B","MT2A","down"
1.65565638884337e-19,-1.18325868593967,0.087,0.204,3.1129651423033e-15,"Transitional B","CAPN2","down"
6.19038857587793e-07,-1.17595710112352,0.021,0.057,0.0116391686003657,"Transitional B","PLEKHG7","down"
5.4709634058693e-10,-1.17023061402273,0.145,0.235,1.02865053957154e-05,"Transitional B","HSPB1","down"
1.12593568499431e-23,-1.15967654835495,0.131,0.279,2.11698427492631e-19,"Transitional B","CDC42EP3","down"
9.89357367713157e-12,-1.15907171217361,0.043,0.111,1.86018972277428e-07,"Transitional B","PLEKHO2","down"
9.28231646293838e-08,-1.151059931744,0.015,0.048,0.00174526114136167,"Transitional B","TGM2","down"
5.1300092833459e-07,-1.1407061439493,0.021,0.058,0.00964544345454696,"Transitional B","LINC01679","down"
3.27450904409579e-14,-1.13764831516562,0.162,0.252,6.1567319047089e-10,"Transitional B","TXNDC5","down"
5.07715890431857e-07,-1.10828220572502,0.036,0.081,0.00954607417189978,"Transitional B","ENSG00000289474","down"
9.96970017002253e-07,-1.10340780871487,0.04,0.086,0.0187450302596764,"Transitional B","KLK1","down"
8.00743978736812e-17,-1.09645833392526,0.165,0.281,1.50555882882095e-12,"Transitional B","CRIP2","down"
1.69554913062902e-19,-1.08393056887423,0.251,0.379,3.18797147540867e-15,"Transitional B","LGALS1","down"
2.54440587771972e-06,-1.08160618361247,0.064,0.113,0.0478399193128861,"Transitional B","ENC1","down"
5.03675724082515e-07,-1.0810038060092,0.027,0.067,0.00947011096419946,"Transitional B","GDPD5","down"
7.74649184400485e-07,-1.07147050829545,0.01,0.034,0.0145649539650979,"Transitional B","BMP8A","down"
1.0997037275519e-15,-1.05360765712144,0.135,0.244,2.06766294854307e-11,"Transitional B","MIR23AHG","down"
1.63025607164472e-11,-1.05263956531248,0.09,0.175,3.06520746590641e-07,"Transitional B","EBI3","down"
1.00342891525502e-70,-1.04524992244281,0.855,0.934,1.88664704646248e-66,"Transitional B","CRIP1","down"
1.40859566992819e-16,-1.04442833524138,0.083,0.188,2.64844157859898e-12,"Transitional B","CCDC167","down"
2.3677256601902e-20,-1.04108929472868,0.266,0.391,4.45179778628962e-16,"Transitional B","RGCC","down"
2.40498293665185e-13,-1.03753131601978,0.086,0.178,4.52184891749281e-09,"Transitional B","HRAS","down"
4.29906066096585e-13,-1.03541336492154,0.033,0.093,8.08309385474799e-09,"Transitional B","SCIMP","down"
2.14324262902884e-06,-1.02331995490438,0.04,0.084,0.0402972479110003,"Transitional B","ENSG00000230709","down"
5.88431476128937e-14,-1.02199594957334,0.06,0.142,1.10636886141763e-09,"Transitional B","PRAG1","down"
1.49199330393699e-07,-1.01669021857842,0.04,0.089,0.00280524581006233,"Transitional B","CD68","down"
1.95050700151162e-12,-1.00985871446026,0.052,0.123,3.66734326424215e-08,"Transitional B","PYCARD","down"
9.12220185724464e-09,-1.00582690348693,0.039,0.091,0.000171515639319914,"Transitional B","BBC3","down"
1.44787206818484e-45,-1.00227731462367,0.414,0.629,2.72228906260114e-41,"Transitional B","NAPSB","down"
8.90651457295404e-30,-0.978436213606649,0.339,0.518,1.67460287000682e-25,"Transitional B","COTL1","down"
1.19896689168545e-71,-0.97107199208769,0.747,0.892,2.25429754974698e-67,"Transitional B","LMNA","down"
1.3096090959909e-06,-0.946504047180493,0.023,0.059,0.024623270222821,"Transitional B","SH3BP1","down"
1.83741931547649e-30,-0.940931999421959,0.319,0.512,3.4547157969589e-26,"Transitional B","YWHAH","down"
2.41472498300516e-11,-0.935889919999499,0.077,0.158,4.5401659130463e-07,"Transitional B","KCNN4","down"
1.59429617030672e-06,-0.932972243811764,0.027,0.065,0.029975956594107,"Transitional B","ATP2B4","down"
9.11460771174266e-14,-0.932095607200655,0.074,0.161,1.71372854196186e-09,"Transitional B","ZBTB38","down"
2.58566830884877e-08,-0.9272147404204,0.131,0.197,0.000486157355429745,"Transitional B","GPR137B","down"
1.14404821894158e-23,-0.921675935683908,0.099,0.236,2.15103946125396e-19,"Transitional B","IGHG3","down"
2.72964041532252e-07,-0.918515091569206,0.109,0.174,0.00513226990888941,"Transitional B","TRAF1","down"
4.69372776800026e-33,-0.892530216814256,0.579,0.738,8.8251469493941e-29,"Transitional B","IFI30","down"
1.72200426429956e-06,-0.887086438440963,0.062,0.115,0.0323771241773604,"Transitional B","PMVK","down"
1.21775640106775e-10,-0.884439275976787,0.112,0.199,2.28962558528758e-06,"Transitional B","ST14","down"
1.35280911947738e-06,-0.884331394337361,0.013,0.036,0.0254355170644137,"Transitional B","NAV2","down"
1.35307807750607e-17,-0.881536984654315,0.145,0.272,2.54405740132691e-13,"Transitional B","KYNU","down"
2.6228293002472e-07,-0.879351084371112,0.053,0.105,0.00493144365032478,"Transitional B","FAIM","down"
8.75150532402259e-14,-0.871218154173393,0.192,0.306,1.64545803102273e-09,"Transitional B","ATXN1","down"
5.15275995049542e-25,-0.866532708127102,0.235,0.407,9.68821925892148e-21,"Transitional B","RAB31","down"
1.62399929400827e-08,-0.865154397664018,0.03,0.07,0.000305344347259435,"Transitional B","SIGLEC10","down"
1.41517444839862e-06,-0.863791815049316,0.043,0.089,0.0266081099787909,"Transitional B","HEG1","down"
5.93673867626793e-09,-0.859533680876269,0.099,0.174,0.00011162256059119,"Transitional B","TNF","down"
1.2253728456031e-30,-0.852458410637731,0.483,0.626,2.30394602430295e-26,"Transitional B","MYADM","down"
4.15668251593487e-07,-0.845304390819734,0.054,0.105,0.00781539446646075,"Transitional B","CORO1B","down"
8.51859880659099e-07,-0.8452198919715,0.035,0.076,0.0160166694761524,"Transitional B","SLC2A4RG","down"
1.99073283133995e-06,-0.839262855420487,0.039,0.08,0.0374297586948538,"Transitional B","IGSF8","down"
4.57594861510946e-08,-0.833889630529755,0.006,0.024,0.00086036985861288,"Transitional B","ENSG00000258760","down"
1.76142841321291e-07,-0.827829227782543,0.082,0.146,0.00331183770252291,"Transitional B","PVT1","down"
2.16258043927666e-09,-0.818795708086672,0.154,0.243,4.06608374192798e-05,"Transitional B","DUSP4","down"
3.75870655180467e-13,-0.81219526791463,0.14,0.247,7.06712005870314e-09,"Transitional B","MDFIC","down"
1.19064010992989e-07,-0.811436547372814,0.077,0.14,0.00223864153469018,"Transitional B","ADCK2","down"
1.63322486316857e-09,-0.810343420950824,0.049,0.103,3.07078938772954e-05,"Transitional B","MAST3","down"
2.46609826525633e-06,-0.805315162412567,0.07,0.123,0.0463675795833496,"Transitional B","TCF7","down"
2.23493740708803e-30,-0.804747838266782,0.504,0.669,4.20212931280691e-26,"Transitional B","S100A11","down"
2.99348127576961e-14,-0.796221865825521,0.051,0.121,5.62834349470203e-10,"Transitional B","SCRN1","down"
2.98774158858922e-11,-0.793483179692525,0.152,0.246,5.61755173486546e-07,"Transitional B","IGHA1","down"
4.51021934186932e-13,-0.777243786271769,0.223,0.335,8.4801144065827e-09,"Transitional B","ITGB1","down"
2.58002297203745e-50,-0.773808081898887,0.614,0.806,4.85095919202482e-46,"Transitional B","ADGRE5","down"
1.37014848095409e-27,-0.766237578433461,0.719,0.828,2.57615317388988e-23,"Transitional B","UCP2","down"
4.07667775029697e-09,-0.764835300351085,0.119,0.2,7.66496950610837e-05,"Transitional B","LRWD1","down"
4.0786924209669e-08,-0.749280809824593,0.083,0.149,0.000766875748990197,"Transitional B","ZNF296","down"
1.25790824272254e-10,-0.748716373916499,0.02,0.055,2.36511907796692e-06,"Transitional B","DPYSL2","down"
2.06428664677613e-15,-0.7472598344427,0.1,0.2,3.88127175326849e-11,"Transitional B","ITGB7","down"
1.30318688193114e-10,-0.746797440292293,0.135,0.228,2.45025197540694e-06,"Transitional B","BCAS4","down"
1.76354006201985e-06,-0.745600229881545,0.053,0.1,0.0331580802460973,"Transitional B","SYT11","down"
3.4979756149634e-36,-0.742388948502531,0.559,0.723,6.57689375125418e-32,"Transitional B","LSP1","down"
3.69614454722161e-12,-0.738693125984285,0.155,0.26,6.94949097768606e-08,"Transitional B","ARID3A","down"
3.09517235093699e-07,-0.730818463920181,0.056,0.106,0.00581954305423172,"Transitional B","ECI2","down"
8.77552400036183e-07,-0.726619750948371,0.068,0.122,0.0164997402254803,"Transitional B","ENSG00000291228","down"
4.9226065245189e-07,-0.725859318759009,0.113,0.181,0.00925548478740043,"Transitional B","STK38L","down"
1.89038737762705e-06,-0.724158603917976,0.273,0.347,0.0355430634741437,"Transitional B","UBE2S","down"
5.30610068179802e-07,-0.718894352638026,0.102,0.167,0.00997653050191663,"Transitional B","TMEM163","down"
2.43107665995116e-14,-0.710571609035014,0.199,0.322,4.57091033604017e-10,"Transitional B","TMEM43","down"
1.86268023523922e-32,-0.70929298796164,0.624,0.77,3.50221137829679e-28,"Transitional B","AHNAK","down"
1.92633662455385e-10,-0.709227544682731,0.113,0.198,3.62189812148615e-06,"Transitional B","DSTN","down"
4.99513658255049e-08,-0.706539281469242,0.052,0.101,0.000939185580251143,"Transitional B","KCTD7","down"
5.97624571198369e-09,-0.704230349418486,0.196,0.286,0.000112365371876717,"Transitional B","SGK1","down"
8.37662647465147e-09,-0.69874392699822,0.144,0.228,0.000157497330976397,"Transitional B","TMEM70","down"
1.47321746472109e-06,-0.696817389429973,0.05,0.093,0.0276994347716859,"Transitional B","SYNGR3","down"
1.07833246814652e-19,-0.693461745874249,0.584,0.729,2.02748070660908e-15,"Transitional B","ATP1B3","down"
1.84558044398434e-06,-0.691888005938919,0.074,0.129,0.0347006035077935,"Transitional B","SERTAD3","down"
2.96150971810199e-07,-0.686259491410107,0.062,0.116,0.00556823057197536,"Transitional B","TEDC1","down"
1.96183088770221e-08,-0.685069526518034,0.116,0.193,0.00036886344350577,"Transitional B","UPP1","down"
2.25264551013801e-06,-0.684210077659038,0.133,0.198,0.0423542408816149,"Transitional B","SLC1A5","down"
3.61690115734294e-07,-0.673954849584533,0.247,0.316,0.00680049755603619,"Transitional B","NEU1","down"
1.36912877003348e-17,-0.6724613622197,0.355,0.495,2.57423591341696e-13,"Transitional B","CTSH","down"
2.43676468647078e-12,-0.671303214417198,0.173,0.282,4.58160496350235e-08,"Transitional B","SNN","down"
3.64859641980165e-07,-0.669453889422013,0.21,0.285,0.00686009098851106,"Transitional B","KLF10","down"
9.48853775643198e-08,-0.668874176366103,0.089,0.153,0.00178403486896434,"Transitional B","GRAMD1C","down"
2.99207342066014e-11,-0.668582813003853,0.265,0.373,5.62569644552519e-07,"Transitional B","MIDN","down"
2.60250581844202e-06,-0.667538690520737,0.069,0.118,0.0489323143983469,"Transitional B","CTSC","down"
4.33561139379049e-11,-0.664502679379491,0.211,0.318,8.15181654260488e-07,"Transitional B","PRXL2C","down"
2.34356569903847e-15,-0.657520601210178,0.271,0.405,4.40637222733212e-11,"Transitional B","NFATC2","down"
1.27987787659038e-06,-0.656391221538366,0.027,0.057,0.0240642638356524,"Transitional B","SLC12A9","down"
6.39604441279383e-12,-0.655573539842916,0.262,0.374,1.2025842704935e-07,"Transitional B","GLUD1","down"
3.75923348070775e-13,-0.653332076689128,0.199,0.316,7.06811079042672e-09,"Transitional B","C4orf48","down"
2.3422000069055e-14,-0.647943503425687,0.314,0.438,4.40380445298372e-10,"Transitional B","APOBEC3G","down"
1.14295960412704e-17,-0.64680896309769,0.25,0.396,2.14899264767966e-13,"Transitional B","RALGDS","down"
2.05471046636445e-15,-0.64049932620308,0.46,0.576,3.86326661885844e-11,"Transitional B","ESYT2","down"
9.07797964648638e-08,-0.640319131823524,0.129,0.204,0.00170684173313237,"Transitional B","MGST3","down"
1.39531278347066e-06,-0.638970314391243,0.06,0.108,0.0262346709548153,"Transitional B","NQO2","down"
5.60741139637863e-10,-0.635187690599265,0.166,0.261,1.05430549074711e-05,"Transitional B","SLC16A3","down"
1.83752083485135e-17,-0.63304537898545,0.341,0.482,3.4549066736875e-13,"Transitional B","CD63","down"
2.48689404460084e-33,-0.63179496361299,0.806,0.895,4.67585818265849e-29,"Transitional B","GAPDH","down"
3.39730514741598e-14,-0.630695452358052,0.303,0.43,6.38761313817153e-10,"Transitional B","ARHGAP31","down"
7.73301785285932e-12,-0.62621305324323,0.219,0.332,1.45396201669461e-07,"Transitional B","LPCAT1","down"
5.46879710397918e-10,-0.626050127173274,0.139,0.228,1.02824323149017e-05,"Transitional B","SSBP4","down"
4.22420390068384e-10,-0.625444973903291,0.129,0.214,7.94234817406576e-06,"Transitional B","THAP11","down"
3.39149117167096e-12,-0.624895045593722,0.022,0.069,6.37668170097575e-08,"Transitional B","ANK3","down"
8.87379423707731e-32,-0.617626454117651,0.776,0.894,1.66845079245528e-27,"Transitional B","ZFP36","down"
1.04960287849377e-12,-0.613920366607474,0.385,0.499,1.97346333214399e-08,"Transitional B","S100A6","down"
6.79042180245382e-13,-0.612097650169102,0.125,0.221,1.27673510729737e-08,"Transitional B","LINC01857","down"
2.62341239021389e-07,-0.606009915930572,0.352,0.41,0.00493253997608015,"Transitional B","GLA","down"
2.62936847653983e-08,-0.599942816278725,0.013,0.035,0.000494373860959019,"Transitional B","ABCC4","down"
2.48762197927862e-07,-0.595714948050261,0.074,0.13,0.00467722684543966,"Transitional B","SEMA4D","down"
2.43525283567255e-19,-0.595218929509203,0.464,0.597,4.57876238163152e-15,"Transitional B","PDLIM1","down"
1.46921180170551e-09,-0.591652520550028,0.226,0.325,2.7624120295667e-05,"Transitional B","MAP7D1","down"
9.60209971843764e-11,-0.590775345949269,0.263,0.37,1.80538678906064e-06,"Transitional B","MCM5","down"
1.12188799108048e-08,-0.587282283902665,0.163,0.25,0.000210937380082952,"Transitional B","PREX1","down"
6.22424290811154e-49,-0.585293572612727,0.957,0.981,1.17028215158313e-44,"Transitional B","RPS26","down"
1.67088914364713e-06,-0.58324172147629,0.21,0.282,0.0314160576788533,"Transitional B","TNFRSF1B","down"
1.90492606178276e-08,-0.581209511034985,0.014,0.041,0.000358164198136395,"Transitional B","BMPR1A","down"
9.52703964193891e-08,-0.58074617740873,0.037,0.074,0.00179127399347735,"Transitional B","RGS14","down"
5.28342197620368e-07,-0.578775472312197,0.219,0.295,0.00993388999965817,"Transitional B","CLIP1","down"
1.34430534178129e-13,-0.577299964213366,0.435,0.554,2.52756290361718e-09,"Transitional B","MARCKS","down"
1.99208485447137e-11,-0.561445886851773,0.086,0.159,3.74551794337706e-07,"Transitional B","RGS10","down"
1.84359233730684e-06,-0.56024144435858,0.218,0.294,0.0346632231260431,"Transitional B","TOR3A","down"
2.30953778263508e-06,-0.546292451470597,0.119,0.184,0.0434239293891048,"Transitional B","DALRD3","down"
1.04704356879299e-12,-0.538044042915816,0.687,0.769,1.96865131804458e-08,"Transitional B","HSPA8","down"
9.70957886863908e-09,-0.537831871349417,0.068,0.125,0.000182559501888152,"Transitional B","IFFO2","down"
2.6935978216314e-33,-0.537315987298429,0.763,0.876,5.06450262423135e-29,"Transitional B","IDS","down"
7.33527755852361e-07,-0.53701035871566,0.211,0.29,0.0137917888655361,"Transitional B","ACOT9","down"
1.6751327047557e-08,-0.535649171695442,0.177,0.265,0.000314958451148167,"Transitional B","RFX1","down"
2.42719207818226e-08,-0.53551959846477,0.288,0.373,0.000456360654539828,"Transitional B","RGS19","down"
9.79169114148441e-08,-0.534722014725724,0.157,0.237,0.0018410337684219,"Transitional B","JADE2","down"
9.66618409942057e-09,-0.534613357333741,0.241,0.337,0.000181743593437306,"Transitional B","TFEB","down"
2.3123669884515e-09,-0.534229595998537,0.038,0.077,4.34771241168651e-05,"Transitional B","ADPRH","down"
1.22003877853923e-06,-0.534135771416103,0.135,0.204,0.0229391691140946,"Transitional B","ITM2C","down"
1.54659157503914e-10,-0.53360942936183,0.206,0.309,2.90790147938859e-06,"Transitional B","ZNG1E","down"
7.82827823361835e-13,-0.529552182026504,0.437,0.556,1.47187287348492e-08,"Transitional B","BHLHE40","down"
2.62566805730589e-08,-0.526400256038779,0.232,0.325,0.000493678108134654,"Transitional B","FGR","down"
1.78543575452617e-11,-0.52398082941223,0.607,0.68,3.3569763056601e-07,"Transitional B","KLF2","down"
1.57901978546982e-06,-0.522389760615247,0.197,0.273,0.0296887300064036,"Transitional B","NHERF1","down"
4.95537889999906e-09,-0.513904514963834,0.259,0.359,9.31710340777823e-05,"Transitional B","TXN","down"
5.64128652893172e-08,-0.5103289819937,0.254,0.345,0.00106067469316974,"Transitional B","RAB11FIP1","down"
3.18398496244508e-15,-0.509937581989229,0.233,0.364,5.98652852638924e-11,"Transitional B","ZBTB7A","down"
6.11032661553188e-13,-0.509093623524243,0.334,0.462,1.14886361025231e-08,"Transitional B","ATP1A1","down"
9.2948754221576e-09,-0.506188610898193,0.246,0.343,0.000174762247687407,"Transitional B","RHOB","down"
5.01127548334652e-07,-0.505210849067761,0.021,0.048,0.00942220016378812,"Transitional B","DOK3","down"
1.65886540315705e-13,-0.503185934311487,0.094,0.169,3.11899873101589e-09,"Transitional B","ENSG00000291181","down"
7.86270175204572e-08,-0.501523319295355,0.134,0.209,0.00147834518341964,"Transitional B","IL27RA","down"
3.05142312952285e-10,-0.4991524050255,0.31,0.418,5.73728576812886e-06,"Transitional B","MEAF6","down"
3.62772741597649e-12,-0.497386651846936,0.551,0.651,6.82085308751899e-08,"Transitional B","LITAF","down"
6.03809747781557e-08,-0.49308049986477,0.17,0.252,0.00113528308777888,"Transitional B","FOXP4","down"
3.90386140487293e-10,-0.491027984545473,0.371,0.476,7.34004021344208e-06,"Transitional B","ORAI1","down"
2.84211782280549e-10,-0.489910333944751,0.241,0.348,5.34374993043887e-06,"Transitional B","ARHGAP30","down"
3.33255555275218e-07,-0.489845766402276,0.219,0.303,0.00626587095028466,"Transitional B","ARL2BP","down"
1.41232502111481e-08,-0.483979482319637,0.367,0.466,0.000265545350470007,"Transitional B","CDK2AP2","down"
3.79650977554367e-07,-0.483165778323001,0.202,0.284,0.00713819767997721,"Transitional B","HDAC7","down"
8.56423892346535e-11,-0.478297048151567,0.323,0.439,1.61024820238996e-06,"Transitional B","OGDH","down"
2.0930215740455e-06,-0.478025761090705,0.22,0.299,0.0393529916352036,"Transitional B","NCBP3","down"
1.10560238492274e-10,-0.472681478520135,0.471,0.569,2.07875360413174e-06,"Transitional B","PBXIP1","down"
5.94722592344595e-09,-0.467407831333742,0.186,0.276,0.000111819741812631,"Transitional B","MRPL41","down"
1.00865425736906e-68,-0.464131039769758,0.966,0.994,1.8964717347053e-64,"Transitional B","HLA-DQB1","down"
4.38316086541526e-10,-0.464078618909844,0.343,0.453,8.24121905915378e-06,"Transitional B","RFX3","down"
5.07634091379235e-07,-0.459973306520189,0.076,0.124,0.00954453618611238,"Transitional B","ANK2","down"
3.99695411163375e-15,-0.457648136233161,0.59,0.705,7.51507312069377e-11,"Transitional B","ANXA2","down"
7.87381127688921e-13,-0.455134814661207,0.343,0.472,1.48043399628071e-08,"Transitional B","TNIP2","down"
2.11471580238876e-06,-0.453941659303566,0.222,0.301,0.0397608865165135,"Transitional B","GSTK1","down"
9.21474643364769e-11,-0.453811461835702,0.352,0.468,1.73255662445444e-06,"Transitional B","RHBDF2","down"
1.19587956559736e-10,-0.446203591567923,0.383,0.5,2.24849275923616e-06,"Transitional B","ARL6IP5","down"
5.37665892240953e-07,-0.44191314416144,0.238,0.323,0.0101091941059144,"Transitional B","INPP5F","down"
9.42175641947401e-27,-0.441505782013097,0.971,0.991,1.7714786419895e-22,"Transitional B","JUND","down"
2.23416238009722e-08,-0.437382972176244,0.254,0.351,0.000420067210705879,"Transitional B","ACD","down"
8.05641157717751e-13,-0.437033938609144,0.353,0.482,1.51476650474092e-08,"Transitional B","WARS1","down"
2.92646517962062e-09,-0.436801419682769,0.431,0.531,5.50233983072269e-05,"Transitional B","TUBB","down"
1.04862058280097e-09,-0.435801457451164,0.525,0.614,1.97161641978238e-05,"Transitional B","ACP5","down"
4.60287277890431e-17,-0.435349765223556,0.787,0.869,8.65432139889588e-13,"Transitional B","KLF6","down"
9.95237091271013e-11,-0.433393151145778,0.414,0.527,1.87124477900776e-06,"Transitional B","PEA15","down"
1.97228261593657e-07,-0.431490569877049,0.262,0.352,0.00370828577448394,"Transitional B","SEC11C","down"
8.63288348692564e-11,-0.426723593529547,0.549,0.659,1.62315475321176e-06,"Transitional B","DYNLL1","down"
2.32059742371109e-15,-0.425238718597255,0.619,0.734,4.3631872760616e-11,"Transitional B","GPR183","down"
5.09643128805625e-23,-0.425079336175788,0.839,0.901,9.58231010780336e-19,"Transitional B","CORO1A","down"
3.57274769538833e-08,-0.424433956079467,0.289,0.387,0.000671748021686914,"Transitional B","GRN","down"
9.70085703305938e-08,-0.419896066610543,0.246,0.337,0.00182395513935582,"Transitional B","GET3","down"
1.26404816137434e-07,-0.418812479270603,0.118,0.182,0.00237666335301603,"Transitional B","STAT5B","down"
1.76764866609691e-06,-0.41855784558604,0.184,0.258,0.0332353302199541,"Transitional B","NPTN","down"
1.32386949635138e-09,-0.418121505014448,0.263,0.367,2.48913942703986e-05,"Transitional B","ARL8A","down"
1.93824754169619e-08,-0.417610773089671,0.678,0.748,0.000364429302789718,"Transitional B","IER2","down"
3.76801562348023e-14,-0.414869691949294,0.51,0.637,7.08462297526753e-10,"Transitional B","GNB2","down"
7.44709497924932e-22,-0.41469290253385,0.87,0.922,1.40020279799846e-17,"Transitional B","SH3BGRL3","down"
4.98560198319008e-14,-0.413178475604233,0.509,0.639,9.37392884879398e-10,"Transitional B","TPI1","down"
1.15352464378211e-09,-0.412275161014533,0.366,0.477,2.16885703523912e-05,"Transitional B","ANTXR2","down"
6.06139916862136e-07,-0.411342820120477,0.348,0.438,0.0113966427168419,"Transitional B","JPT1","down"
1.52234399447189e-06,-0.40506923593326,0.354,0.435,0.0286231117840605,"Transitional B","SS18L2","down"
1.38276983501461e-06,-0.398798569285686,0.202,0.279,0.0259988384379447,"Transitional B","MARCHF9","down"
2.16370383503252e-06,-0.397878055947321,0.11,0.171,0.0406819595062814,"Transitional B","SGPP1","down"
1.02370080784376e-10,-0.396736486042893,0.583,0.696,1.92476225890785e-06,"Transitional B","TUBA1A","down"
1.78248051797806e-29,-0.395694874363224,0.894,0.967,3.35141986990235e-25,"Transitional B","EMP3","down"
5.6042072659515e-14,-0.392904544196937,0.72,0.808,1.0537030501442e-09,"Transitional B","TSC22D3","down"
2.42920361398193e-09,-0.390009674020828,0.444,0.545,4.56738863500882e-05,"Transitional B","WNK1","down"
6.49450185795055e-08,-0.384334184495282,0.404,0.504,0.00122109623933186,"Transitional B","RILPL2","down"
1.67808166068801e-08,-0.383439426658359,0.629,0.714,0.00031551291384256,"Transitional B","PPP1R15A","down"
2.08082357159337e-06,-0.382328220247419,0.339,0.426,0.0391236447930986,"Transitional B","CFLAR","down"
1.0146995811961e-08,-0.381709390334718,0.293,0.394,0.00019078381525649,"Transitional B","RAB29","down"
4.62052197312836e-09,-0.380549269175356,0.823,0.884,8.68750541387595e-05,"Transitional B","JUNB","down"
1.45002432369309e-26,-0.375216516283945,0.846,0.938,2.72633573340775e-22,"Transitional B","CALM2","down"
2.97308406617195e-09,-0.372263640987127,0.23,0.327,5.58999266121651e-05,"Transitional B","APBB1IP","down"
1.50083145352646e-14,-0.371817966460599,0.721,0.807,2.82186329892045e-10,"Transitional B","CD99","down"
1.1815697193682e-07,-0.365191877213879,0.289,0.383,0.0022215873863561,"Transitional B","BCL7B","down"
3.05891364362688e-07,-0.365052622004686,0.122,0.188,0.00575136943274727,"Transitional B","GPHN","down"
3.39910915934246e-08,-0.359470436640272,0.473,0.566,0.000639100504139569,"Transitional B","PNP","down"
1.66194838568253e-06,-0.357813985826235,0.316,0.403,0.0312479535476029,"Transitional B","AP3S1","down"
5.09806222961096e-07,-0.354179922725155,0.091,0.14,0.00958537660411452,"Transitional B","TELO2","down"
4.97934657704441e-17,-0.353781534784758,0.696,0.813,9.3621674341589e-13,"Transitional B","ATP6V0E1","down"
9.56006444880452e-07,-0.353464042340575,0.206,0.284,0.0179748331766423,"Transitional B","BIN1","down"
1.16854667807958e-12,-0.349655720837537,0.719,0.797,2.19710146412522e-08,"Transitional B","PTPRCAP","down"
5.19149166785737e-13,-0.348179709642674,0.658,0.771,9.76104263390542e-09,"Transitional B","CDKN1A","down"
4.07212648642581e-13,-0.346137827375563,0.449,0.581,7.65641221977781e-09,"Transitional B","RHOF","down"
1.58968093981083e-06,-0.345263162270914,0.409,0.494,0.0298891810303232,"Transitional B","UFC1","down"
2.91287019214536e-11,-0.345065391472192,0.558,0.671,5.4767785352717e-07,"Transitional B","RIPOR1","down"
8.32918414673292e-07,-0.343979033271086,0.115,0.17,0.0156605320326872,"Transitional B","SAT2","down"
8.60823897704221e-09,-0.340634957160645,0.656,0.734,0.000161852109246348,"Transitional B","ATP2B1","down"
2.58096137446848e-07,-0.339250254698706,0.333,0.426,0.00485272357627563,"Transitional B","ILK","down"
3.96103370945442e-07,-0.337901402565912,0.496,0.59,0.00744753558051621,"Transitional B","IER5","down"
1.09781073991424e-09,-0.337569697494816,0.514,0.624,2.06410375318675e-05,"Transitional B","CD58","down"
4.19516662329381e-09,-0.336397787809455,0.338,0.443,7.88775228511702e-05,"Transitional B","SUN2","down"
3.28223790220539e-17,-0.334832162616718,0.056,0.109,6.17126370372658e-13,"Transitional B","VAV2","down"
4.06082070536199e-09,-0.332051091404658,0.625,0.724,7.63515509022161e-05,"Transitional B","TUBB4B","down"
5.48244129728413e-16,-0.326161900093253,0.817,0.875,1.03080861271536e-11,"Transitional B","PPDPF","down"
6.38424138586629e-07,-0.325589644044284,0.466,0.55,0.0120036506537058,"Transitional B","CYRIA","down"
5.26385913039779e-33,-0.324844987810484,0.882,0.97,9.89710793697392e-29,"Transitional B","TGFB1","down"
1.41389291619696e-07,-0.320262111919357,0.661,0.747,0.00265840146103352,"Transitional B","GUK1","down"
1.22454465509329e-06,-0.319065891642261,0.079,0.122,0.0230238886050641,"Transitional B","GLB1","down"
1.10256645497876e-09,-0.317947507897388,0.466,0.577,2.07304544865107e-05,"Transitional B","KRAS","down"
4.8504182875934e-08,-0.317753709377678,0.45,0.551,0.000911975646433311,"Transitional B","CXXC5","down"
2.53463229068764e-10,-0.315011701298319,0.633,0.734,4.7656156329509e-06,"Transitional B","ALDOA","down"
3.83689765556423e-07,-0.31331365106884,0.018,0.037,0.00721413497199186,"Transitional B","RAB37","down"
1.07538198935121e-06,-0.311574128967819,0.184,0.253,0.0202193321637815,"Transitional B","CFAP298","down"
2.36051913243151e-16,-0.309396045039261,0.756,0.843,4.43824807279773e-12,"Transitional B","FNBP1","down"
2.24701587157892e-06,-0.309028303698176,0.374,0.461,0.0422483924174269,"Transitional B","CAPG","down"
4.25066634151823e-16,-0.3088592730949,0.906,0.96,7.99210285532258e-12,"Transitional B","LRRFIP1","down"
1.90690337835235e-13,-0.304837234319922,0.852,0.913,3.58535973197809e-09,"Transitional B","CALM1","down"
1.38063178683064e-09,-0.301842253459841,0.535,0.644,2.59586388559897e-05,"Transitional B","NDUFS5","down"
9.69892208276256e-10,-0.301252312475339,0.611,0.712,1.82359133000102e-05,"Transitional B","BASP1","down"
1.54911605860498e-07,-0.300067267179313,0.185,0.257,0.00291264801338908,"Transitional B","ABHD14B","down"
4.45966646395896e-07,-0.292573503259723,0.859,0.905,0.00838506488553564,"Transitional B","SAT1","down"
1.39950761878677e-08,-0.289769883392554,0.456,0.561,0.000263135422484288,"Transitional B","MOB3A","down"
4.21328047696447e-08,-0.289043872361155,0.549,0.644,0.00079218099527886,"Transitional B","CDC42SE1","down"
1.73552972877321e-08,-0.287391124286555,0.635,0.712,0.000326314299603938,"Transitional B","ARPC1B","down"
6.93132457992444e-09,-0.28536550159925,0.102,0.156,0.000130322764751739,"Transitional B","LILRB1","down"
1.24077532933137e-10,-0.284793213659642,0.535,0.65,2.33290577420885e-06,"Transitional B","ORAI2","down"
2.28299697094878e-09,-0.283852805301153,0.518,0.627,4.2924909047779e-05,"Transitional B","EFHD2","down"
5.43971416074054e-08,-0.282920283169973,0.206,0.286,0.00102277505650244,"Transitional B","GYPC","down"
1.182015237193e-06,-0.28242678172461,0.155,0.215,0.0222242504897028,"Transitional B","RASSF1","down"
1.4938942091679e-14,-0.280096876052281,0.961,0.983,2.80881989207748e-10,"Transitional B","UBC","down"
1.49799663949143e-15,-0.274619119467048,0.63,0.761,2.81653328157178e-11,"Transitional B","HNRNPF","down"
1.17852051363118e-10,-0.271514293540017,0.686,0.775,2.21585426972934e-06,"Transitional B","NME2","down"
1.45479087449022e-30,-0.271068764939258,0.969,0.997,2.7352978022165e-26,"Transitional B","EZR","down"
3.39515963813736e-11,-0.268614100768595,0.815,0.893,6.38357915162586e-07,"Transitional B","ATP6V0C","down"
4.67408707066713e-08,-0.265458102517708,0.124,0.18,0.000878821851026833,"Transitional B","ZDHHC21","down"
3.34221278414315e-10,-0.265251413586274,0.681,0.777,6.28402847674595e-06,"Transitional B","SNX2","down"
8.76272238592639e-07,-0.264600316597681,0.698,0.766,0.0164756706300188,"Transitional B","MCL1","down"
3.94730159525172e-07,-0.263533144854733,0.553,0.643,0.00742171645939229,"Transitional B","PKM","down"
1.05455813925396e-06,-0.26236481372684,0.195,0.261,0.019827802134253,"Transitional B","ELOVL1","down"
3.92238903510457e-09,-0.260925160191697,0.266,0.356,7.37487586380361e-05,"Transitional B","PARVB","down"
5.5408192476657e-07,-0.258309064338332,0.304,0.391,0.010417848349461,"Transitional B","CORO7","down"
1.84615243807374e-06,-0.256069276716304,0.339,0.425,0.0347113581406625,"Transitional B","PAF1","down"
3.65473809111431e-38,-0.25380585410232,0.993,0.999,6.87163855891312e-34,"Transitional B","HLA-DRA","down"
5.50811598391391e-22,-6.46635354502464,0,0.022,1.03563596729549e-17,"Naive B","MSC","down"
6.39656392332336e-36,-6.22917278397876,0,0.04,1.20268194886326e-31,"Naive B","TRERF1","down"
5.06968310601571e-179,-6.21933334630731,0.005,0.201,9.53201817593073e-175,"Naive B","ITGAX","down"
5.94694292137148e-245,-5.75008574447669,0.008,0.273,1.11814420807627e-240,"Naive B","ZBTB32","down"
2.27178513698747e-30,-5.40876977549703,0.001,0.037,4.27141041456384e-26,"Naive B","ENSG00000289863","down"
5.69701224283224e-23,-5.35264300899807,0.001,0.03,1.07115224189732e-18,"Naive B","CST7","down"
3.09467274446014e-64,-5.24535616163951,0.001,0.073,5.81860369413395e-60,"Naive B","TGM2","down"
2.45016393511747e-246,-5.18819821635241,0.017,0.301,4.60679823080787e-242,"Naive B","SOX5","down"
3.53261957357146e-30,-5.17868367346537,0.001,0.037,6.64203132222905e-26,"Naive B","NRCAM","down"
1.61139723855029e-171,-5.14038107496918,0.009,0.21,3.02974908792226e-167,"Naive B","CXCR3","down"
5.62680469645637e-18,-5.12710813940492,0.001,0.023,1.05795181902773e-13,"Naive B","PIF1","down"
7.97302064940538e-15,-5.05683493082444,0,0.017,1.4990873425012e-10,"Naive B","MSC-AS1","down"
6.26871354215189e-102,-4.91703688335602,0.007,0.134,1.1786435201954e-97,"Naive B","CD27","down"
2.37547360171351e-144,-4.63992467124267,0.013,0.196,4.46636546594174e-140,"Naive B","IGHG1","down"
4.11605909459532e-21,-4.60224584167097,0.001,0.027,7.73901430965812e-17,"Naive B","RIC8B","down"
5.96435960803018e-14,-4.40856934551251,0.001,0.02,1.12141889350183e-09,"Naive B","ATP8B4","down"
1.43845327828219e-176,-4.40059436942942,0.016,0.235,2.70457985382618e-172,"Naive B","PBX4","down"
2.32050169647073e-24,-4.34212002636949,0.001,0.032,4.36300728970426e-20,"Naive B","CD226","down"
2.466261008128e-48,-4.18854130635076,0.003,0.065,4.63706394748226e-44,"Naive B","TOX","down"
1.11755071096269e-55,-4.18715002835101,0.004,0.075,2.10121884675205e-51,"Naive B","LINC00944","down"
4.40565263461002e-15,-4.17547754201412,0.001,0.02,8.28350808359376e-11,"Naive B","BCL11B","down"
2.66087002030512e-15,-4.10894053075365,0.001,0.021,5.00296781217769e-11,"Naive B","SIGLEC6","down"
1.56495935101892e-99,-4.07553529228372,0.01,0.141,2.94243657178577e-95,"Naive B","TEX9","down"
1.25840908746249e-82,-4.0303367862733,0.009,0.119,2.36606076624697e-78,"Naive B","TOX2","down"
7.97815242940946e-159,-4.00597313119979,0.014,0.214,1.50005221977757e-154,"Naive B","TFEC","down"
1.63877791454871e-99,-3.88567987152023,0.016,0.157,3.08123023493448e-95,"Naive B","IGHG2","down"
3.57395930591824e-24,-3.85467717460389,0.001,0.029,6.71975828698748e-20,"Naive B","UGGT2","down"
4.61953238961788e-63,-3.83639085404596,0.005,0.086,8.68564479895953e-59,"Naive B","CALHM2","down"
2.59997543395755e-23,-3.825218416584,0.002,0.034,4.88847381092699e-19,"Naive B","ENSG00000258760","down"
7.04017474740115e-20,-3.821760752543,0.001,0.027,1.32369365600636e-15,"Naive B","CDC42EP3-AS1","down"
9.32254005456005e-36,-3.78849388088562,0.004,0.053,1.75282398105838e-31,"Naive B","NLGN4Y","down"
1.42266639823896e-34,-3.77223239296162,0.003,0.048,2.67489736196889e-30,"Naive B","TRIM47","down"
1.09610807975007e-64,-3.68918931291633,0.01,0.103,2.06090241154608e-60,"Naive B","TMEM273","down"
4.1280775279288e-14,-3.65723566686273,0.001,0.02,7.76161136801173e-10,"Naive B","SLC12A8","down"
3.72793880214548e-30,-3.63894039869562,0.005,0.05,7.00927053579393e-26,"Naive B","NKG7","down"
2.19142766622725e-12,-3.62924646590686,0.001,0.018,4.12032229804047e-08,"Naive B","MIR3142HG","down"
5.81910779354094e-37,-3.6252244774215,0.006,0.06,1.09410864734157e-32,"Naive B","RTN4R","down"
2.1282569680463e-155,-3.60651766088547,0.025,0.237,4.00154875132065e-151,"Naive B","HMOX1","down"
4.40173642714914e-14,-3.58931465761951,0.001,0.02,8.27614483032582e-10,"Naive B","GIPR","down"
1.49155245716937e-17,-3.57302430988304,0.001,0.024,2.80441692996985e-13,"Naive B","OTUD7B","down"
2.82770054748818e-145,-3.50013813533292,0.026,0.227,5.31664256938727e-141,"Naive B","HLA-G","down"
7.96565791202448e-46,-3.4676995915935,0.007,0.073,1.49770300061884e-41,"Naive B","KIF21A","down"
2.80402692913227e-43,-3.45614647590704,0.005,0.065,5.2721314321545e-39,"Naive B","TRPV3","down"
7.15155966984156e-38,-3.44444399756029,0.006,0.062,1.34463624912361e-33,"Naive B","SGPP2","down"
1.87177807116034e-35,-3.37352206509645,0.005,0.056,3.51931712939567e-31,"Naive B","ENSG00000290698","down"
3.77124261022767e-12,-3.33918735304048,0.001,0.017,7.09069035575007e-08,"Naive B","TMEM178B","down"
2.37240761906248e-11,-3.33353205494646,0.001,0.017,4.46060080536127e-07,"Naive B","LINC01010","down"
3.03686208839223e-61,-3.30295186358253,0.016,0.113,5.70990809859506e-57,"Naive B","BHLHE41","down"
6.20669369185637e-11,-3.30096989930726,0.002,0.018,1.16698254794284e-06,"Naive B","P2RY12","down"
3.48423059985493e-13,-3.25576544849186,0.002,0.021,6.55105037384723e-09,"Naive B","LILRB2","down"
1.20389526492178e-11,-3.23301996563482,0.001,0.017,2.26356387710594e-07,"Naive B","LINC01754","down"
1.05779350957467e-20,-3.20260643106525,0.003,0.033,1.98886335670229e-16,"Naive B","PIK3R6","down"
8.01692764692405e-25,-3.16957457467141,0.004,0.04,1.50734273617466e-20,"Naive B","DGKG","down"
5.59632806831533e-20,-3.14435736707115,0.004,0.035,1.05222160340465e-15,"Naive B","CHODL","down"
8.03676650252557e-18,-3.12511204424341,0.002,0.028,1.51107283780486e-13,"Naive B","BCAS1","down"
6.88232916792032e-245,-3.11554170520556,0.073,0.41,1.29401553015238e-240,"Naive B","TNFRSF13B","down"
6.43198395998466e-19,-3.10286632373512,0.006,0.038,1.20934162415632e-14,"Naive B","DLGAP1","down"
2.71015811714299e-31,-3.08484875610254,0.007,0.056,5.09563929185225e-27,"Naive B","TSHZ2","down"
2.39295810696767e-33,-3.08069175841135,0.007,0.058,4.49923983272061e-29,"Naive B","BMPR1A","down"
8.72227766241586e-152,-3.07628209045383,0.045,0.274,1.63996264608743e-147,"Naive B","COPDA1","down"
9.559543190536e-289,-3.06677331565058,0.068,0.446,1.79738531068458e-284,"Naive B","ATXN1","down"
1.47417511131723e-15,-3.06487031532237,0.002,0.022,2.77174404429866e-11,"Naive B","ITPRIPL2","down"
2.99873333773283e-14,-3.06458983734977,0.002,0.021,5.63821842160527e-10,"Naive B","KCNH4","down"
6.20654196514268e-19,-3.06324288650357,0.006,0.038,1.16695402028613e-14,"Naive B","WNT16","down"
1.5845319838152e-12,-3.04443962188996,0.003,0.022,2.97923703596934e-08,"Naive B","ENSG00000290100","down"
1.38198866425208e-20,-3.03031810740568,0.004,0.036,2.59841508652675e-16,"Naive B","ITGAM","down"
1.24398954923661e-48,-3.02707890329553,0.013,0.092,2.33894915047468e-44,"Naive B","ATP2B4","down"
2.1014975436057e-22,-3.01194502215637,0.005,0.04,3.95123568148743e-18,"Naive B","MGLL","down"
3.80654969095887e-62,-3.00968253531521,0.012,0.104,7.15707472894087e-58,"Naive B","ADAP1","down"
1.12245912285266e-21,-3.00575026749595,0.002,0.031,2.11044764278758e-17,"Naive B","CTSW","down"
3.14574540615648e-35,-2.99946578139804,0.011,0.071,5.91463051265541e-31,"Naive B","COCH","down"
1.90261221317007e-105,-2.98833277222148,0.019,0.17,3.57729148320237e-101,"Naive B","CD80","down"
2.33744592794385e-93,-2.97303167898584,0.047,0.213,4.39486583372003e-89,"Naive B","CYTOR","down"
2.67151232366981e-29,-2.94406659724145,0.007,0.055,5.02297747096397e-25,"Naive B","ARHGAP6","down"
1.89341789330754e-63,-2.93350606860615,0.019,0.122,3.56000432299683e-59,"Naive B","KLK1","down"
1.26033783166288e-15,-2.93261102659326,0.004,0.028,2.36968719109256e-11,"Naive B","C3orf14","down"
3.02258692481054e-28,-2.91670014612051,0.005,0.047,5.68306793602877e-24,"Naive B","ENSG00000249738","down"
1.21940319169381e-65,-2.88492557500141,0.021,0.129,2.2927218810227e-61,"Naive B","SCIMP","down"
5.08833994165651e-18,-2.88239351507011,0.004,0.033,9.56709675830258e-14,"Naive B","SYT1","down"
7.4629964219322e-19,-2.86964772866861,0.004,0.034,1.40319258725169e-14,"Naive B","SLC11A1","down"
2.30119861070548e-78,-2.8600035739478,0.02,0.142,4.32671362784844e-74,"Naive B","SSPN","down"
4.87905225878479e-18,-2.80786783212604,0.003,0.028,9.17359405696716e-14,"Naive B","DTNB-AS1","down"
2.7001770438638e-21,-2.7603089167969,0.008,0.045,5.07687287787272e-17,"Naive B","RAMP1","down"
1.68425780809798e-75,-2.75915100959568,0.02,0.141,3.16674153078583e-71,"Naive B","THEMIS2","down"
4.64731200890405e-17,-2.74530220349786,0.001,0.022,8.7378760391414e-13,"Naive B","YES1","down"
3.05130360615117e-34,-2.73771833620052,0.006,0.057,5.73706104028543e-30,"Naive B","ATXN1-AS1","down"
2.10842249858303e-16,-2.73350811381892,0.005,0.033,3.96425598183582e-12,"Naive B","PYHIN1","down"
1.52282185667508e-08,-2.72699070486277,0.004,0.019,0.000286320965492049,"Naive B","BFSP2","down"
9.19473422191858e-18,-2.7189218315422,0.005,0.033,1.72879392840513e-13,"Naive B","FGD4","down"
5.5195694574133e-15,-2.69460884450276,0.003,0.026,1.03778944938285e-10,"Naive B","HOMER3","down"
3.68794684025712e-34,-2.6939082016748,0.007,0.059,6.93407764905144e-30,"Naive B","SMKR1","down"
4.04733319023763e-15,-2.68889945806009,0.003,0.026,7.6097958642848e-11,"Naive B","CDYL2","down"
4.00958046978892e-157,-2.68073863219252,0.049,0.29,7.53881319929713e-153,"Naive B","AIM2","down"
1.32871914417229e-25,-2.67704412285221,0.008,0.052,2.49825773487273e-21,"Naive B","SPTBN4","down"
5.41498256650702e-23,-2.66063484751665,0.004,0.036,1.01812502215465e-18,"Naive B","MNS1","down"
8.64781841045463e-17,-2.64220385840814,0.005,0.034,1.62596281753368e-12,"Naive B","CD274","down"
1.55628446109711e-28,-2.62205493823873,0.007,0.053,2.92612604375478e-24,"Naive B","LAX1","down"
4.70560299913614e-26,-2.59807320638634,0.006,0.047,8.84747475897577e-22,"Naive B","COL4A4","down"
1.93216508887784e-19,-2.59778174501747,0.005,0.035,3.63285680010812e-15,"Naive B","C1orf216","down"
5.21396811651455e-27,-2.59695656030146,0.007,0.051,9.80330285267065e-23,"Naive B","COL4A3","down"
8.71291273561991e-08,-2.59224561540114,0.013,0.033,0.00163820185255125,"Naive B","IGKV1D-39","down"
6.3511911413798e-31,-2.58540829705497,0.008,0.058,1.19415095840223e-26,"Naive B","MNDA","down"
3.07796265751409e-70,-2.58162901714129,0.023,0.14,5.78718538865799e-66,"Naive B","SHISA8","down"
1.76093203495963e-15,-2.55418940075922,0.003,0.026,3.31090441213109e-11,"Naive B","GGT1","down"
9.72049077774048e-10,-2.54651956673681,0.003,0.02,1.82764667603076e-05,"Naive B","IGHV3-74","down"
5.12334984213282e-16,-2.51631437812188,0.003,0.027,9.63292237317812e-12,"Naive B","LINC02541","down"
2.37665579804839e-21,-2.50209076598364,0.007,0.045,4.46858823149058e-17,"Naive B","LINC02416","down"
5.33601851568525e-37,-2.48537081615935,0.011,0.072,1.00327820131914e-32,"Naive B","CHST2","down"
5.16048844183139e-19,-2.47772124892107,0.004,0.032,9.70275036833138e-15,"Naive B","PDCD1","down"
1.86428157321268e-91,-2.47680570678819,0.042,0.204,3.50522221395448e-87,"Naive B","PVT1","down"
4.95601167564097e-51,-2.47406413451864,0.02,0.109,9.31829315254015e-47,"Naive B","MCOLN2","down"
7.1817275360378e-08,-2.47165497518181,0.005,0.019,0.00135030841132583,"Naive B","ENSG00000289521","down"
6.07705431778876e-138,-2.46258551574932,0.087,0.331,1.14260775283064e-133,"Naive B","DUSP4","down"
2.07930050385728e-60,-2.45349604543333,0.015,0.11,3.90950080735247e-56,"Naive B","TESC","down"
9.27184761603459e-33,-2.43697844023533,0.013,0.072,1.74329278876682e-28,"Naive B","SNTB1","down"
2.87111900393782e-28,-2.43294725116504,0.008,0.055,5.39827795120389e-24,"Naive B","FCGR2C","down"
4.10384583090749e-46,-2.43104509330586,0.014,0.089,7.71605093127227e-42,"Naive B","LPAR2","down"
3.23610168128809e-13,-2.42678270922106,0.005,0.027,6.08451838115788e-09,"Naive B","COL18A1","down"
1.7060145947823e-09,-2.4174090586823,0.002,0.017,3.20764864110969e-05,"Naive B","DENND2A","down"
2.94607076131045e-17,-2.40966313010839,0.005,0.034,5.53920224541591e-13,"Naive B","ENSG00000244676","down"
2.1478050791992e-27,-2.4060881211808,0.015,0.068,4.03830310991034e-23,"Naive B","TBXAS1","down"
1.0272677670252e-26,-2.39660040025593,0.009,0.055,1.93146885556078e-22,"Naive B","ENSG00000291212","down"
1.14206907012285e-09,-2.38565982814963,0.003,0.019,2.14731826564498e-05,"Naive B","PRRT1B","down"
4.07878652594762e-16,-2.3545471958104,0.008,0.038,7.66893442608672e-12,"Naive B","TVP23A","down"
1.67617971712466e-91,-2.34167431812885,0.045,0.209,3.15155310413778e-87,"Naive B","PLEKHG2","down"
2.64699014057657e-37,-2.32834803211717,0.027,0.105,4.97687086231207e-33,"Naive B","ENSG00000284634","down"
8.97531147938166e-10,-2.32515783400234,0.004,0.02,1.68753806435334e-05,"Naive B","LINC02156","down"
4.81215392726795e-115,-2.31450990071474,0.072,0.281,9.04781181404921e-111,"Naive B","ITM2C","down"
5.82727342114172e-150,-2.30160286019507,0.099,0.363,1.09564394864307e-145,"Naive B","KYNU","down"
6.35246081757018e-10,-2.2706622520106,0.002,0.017,1.19438968291954e-05,"Naive B","ENSG00000285651","down"
6.70008699541409e-13,-2.23237563252747,0.004,0.025,1.25975035687776e-08,"Naive B","SLC25A23","down"
4.39147809078317e-08,-2.22210157254478,0.004,0.019,0.000825685710629052,"Naive B","ENSG00000174171","down"
2.02876254979359e-26,-2.2160088564633,0.007,0.047,3.8144793461219e-22,"Naive B","HOTAIRM1","down"
4.97534167328632e-44,-2.20876104520588,0.023,0.107,9.35463741411294e-40,"Naive B","BCAT1","down"
1.62435343645742e-34,-2.20681891002038,0.02,0.089,3.05410933122724e-30,"Naive B","IGF2BP3","down"
8.7296844121018e-09,-2.20301209720128,0.004,0.02,0.000164135526316338,"Naive B","ASCL2","down"
9.4019931805508e-17,-2.19775084388793,0.008,0.039,1.76776275780716e-12,"Naive B","TLR7","down"
3.16078411100362e-51,-2.19264500739951,0.043,0.151,5.94290628550901e-47,"Naive B","ENC1","down"
9.71214194348455e-56,-2.18907647212173,0.028,0.132,1.82607692821396e-51,"Naive B","SLC25A29","down"
2.81754079416114e-17,-2.18106547906755,0.007,0.037,5.29754020118177e-13,"Naive B","SEMA6A","down"
2.01655246421555e-08,-2.18057278178633,0.004,0.019,0.000379152194321807,"Naive B","ENSG00000288838","down"
3.12014144590148e-25,-2.17476266657774,0.007,0.046,5.86648994658396e-21,"Naive B","LINC02384","down"
4.29460845189478e-32,-2.15258854072321,0.016,0.077,8.07472281125256e-28,"Naive B","BAIAP3","down"
3.23625846359443e-12,-2.13343558287468,0.005,0.027,6.08481316325024e-08,"Naive B","PLXNB2","down"
7.28755774443133e-50,-2.12986029739729,0.029,0.127,1.37020660710798e-45,"Naive B","MACROD2","down"
1.67074963323371e-76,-2.129821784565,0.045,0.191,3.14134346040602e-72,"Naive B","PRAG1","down"
1.53401258754368e-47,-2.1267150567876,0.02,0.105,2.88425046709963e-43,"Naive B","NIBAN1","down"
1.47774381016191e-07,-2.12199858561589,0.003,0.016,0.00277845391186642,"Naive B","WDR17","down"
4.88160161372593e-33,-2.11818508539489,0.012,0.067,9.17838735412749e-29,"Naive B","DOK3","down"
3.03670977005569e-46,-2.11372156230679,0.027,0.119,5.7096217096587e-42,"Naive B","MYO1F","down"
2.21123573278788e-14,-2.11242301982137,0.007,0.033,4.15756542478778e-10,"Naive B","CRACR2B","down"
2.63470120314599e-09,-2.10975977857432,0.004,0.019,4.95376520215509e-05,"Naive B","LINC02968","down"
8.34274124636116e-08,-2.10776844876229,0.004,0.018,0.00156860220914083,"Naive B","BTNL9","down"
2.99757831228922e-16,-2.1045610415419,0.006,0.034,5.63604674276619e-12,"Naive B","LCP2","down"
4.05718998200263e-34,-2.0802852808348,0.022,0.092,7.62832860416135e-30,"Naive B","ANK3","down"
7.11293070409971e-60,-2.0736000555145,0.041,0.163,1.33737323098483e-55,"Naive B","HCST","down"
1.59190176600011e-27,-2.07236134255124,0.013,0.064,2.99309370043341e-23,"Naive B","LIMS2","down"
1.95770359144169e-33,-2.07106203410722,0.014,0.071,3.68087429262866e-29,"Naive B","TLR9","down"
1.35488033547105e-11,-2.06312922857466,0.004,0.023,2.54744600675266e-07,"Naive B","SPNS2","down"
4.66505180490041e-21,-2.06303376394072,0.012,0.055,8.77123040357374e-17,"Naive B","PDGFA","down"
3.27471211658508e-18,-2.05602095904102,0.013,0.052,6.15711372160326e-14,"Naive B","UBASH3B","down"
3.48793151945547e-75,-2.05458923606586,0.07,0.229,6.55800884288017e-71,"Naive B","EBI3","down"
5.63305218657205e-81,-2.05386106607126,0.055,0.215,1.05912647211928e-76,"Naive B","ZBTB38","down"
3.512029500614e-34,-2.04433251160753,0.021,0.089,6.60331786705445e-30,"Naive B","LY96","down"
4.54214165425553e-11,-2.04060461044218,0.006,0.027,8.54013473833125e-07,"Naive B","EEPD1","down"
1.73751762552057e-18,-2.03988951340071,0.014,0.054,3.26688063950377e-14,"Naive B","CREB5","down"
8.3955626975503e-57,-2.03861704838141,0.04,0.156,1.57853369839341e-52,"Naive B","BICDL1","down"
2.97700877583103e-14,-2.03498862686583,0.006,0.032,5.59737190031751e-10,"Naive B","MIAT","down"
8.2058520457027e-11,-2.03210448408951,0.003,0.02,1.54286430163302e-06,"Naive B","ENSG00000289826","down"
9.8733739732463e-08,-2.03051301267724,0.003,0.017,0.00185639177444977,"Naive B","LRRC25","down"
7.68644962410126e-11,-2.03038240982306,0.006,0.027,1.44520625832352e-06,"Naive B","ALPL","down"
2.50372196946183e-10,-2.02689740692462,0.005,0.024,4.70749804698213e-06,"Naive B","GNAZ","down"
1.34044611007702e-18,-2.0215058634203,0.02,0.064,2.52030677616682e-14,"Naive B","IGHA2","down"
1.36751715814837e-32,-2.01525952217566,0.017,0.079,2.57120576075056e-28,"Naive B","LINC01679","down"
1.18154943577988e-145,-2.01187904006153,0.109,0.378,2.22154924915334e-141,"Naive B","WEE1","down"
5.74870146370774e-09,-2.00962186672599,0.004,0.021,0.000108087084920633,"Naive B","PLCL1","down"
1.89567261441063e-12,-2.00324373274517,0.002,0.018,3.56424364961487e-08,"Naive B","DST","down"
1.29519119920166e-18,-1.98997215147024,0.011,0.047,2.43521849273896e-14,"Naive B","SLC37A2","down"
6.99324311954197e-23,-1.98731035129503,0.009,0.046,1.31486957133628e-18,"Naive B","CLIP4","down"
2.3545512057275e-31,-1.98658835983714,0.018,0.079,4.42702717700884e-27,"Naive B","ENOSF1","down"
1.32161542518115e-100,-1.97904774104126,0.109,0.32,2.4849013224256e-96,"Naive B","IGHA1","down"
2.24343096343003e-26,-1.97868701175295,0.015,0.066,4.21809889744113e-22,"Naive B","LINC02100","down"
9.00063577774866e-10,-1.97631872678161,0.004,0.019,1.6922995389323e-05,"Naive B","SLX1A","down"
2.52844063399637e-41,-1.97593067294511,0.025,0.106,4.75397408003997e-37,"Naive B","FBXO10","down"
1.75160061738872e-30,-1.96827623971866,0.016,0.074,3.29335948081427e-26,"Naive B","DPYSL2","down"
1.47725244425718e-18,-1.95723712270517,0.009,0.044,2.77753004569235e-14,"Naive B","CCL5","down"
5.02241951313084e-07,-1.952390160913,0.007,0.024,0.00944315316858861,"Naive B","RGS13","down"
9.82835601605426e-47,-1.94864295354721,0.026,0.115,1.84792749813852e-42,"Naive B","ENSG00000230709","down"
3.59324459792686e-28,-1.94256617350174,0.019,0.077,6.75601849302208e-24,"Naive B","ABI3","down"
6.89483937366522e-59,-1.93388033708284,0.042,0.163,1.29636769903654e-54,"Naive B","PYCARD","down"
9.53834847163811e-41,-1.93345229563743,0.019,0.091,1.7934002796374e-36,"Naive B","GDPD5","down"
4.79801649978539e-31,-1.93145973215966,0.017,0.077,9.0212306228965e-27,"Naive B","PLEKHG7","down"
5.15381214783515e-34,-1.92901708210966,0.027,0.101,9.69019760035965e-30,"Naive B","LMO2","down"
8.26255281850146e-22,-1.92370049871411,0.013,0.056,1.55352518093464e-17,"Naive B","EPB41L4A","down"
7.19283521641523e-165,-1.92155070449302,0.194,0.5,1.35239687739039e-160,"Naive B","RGCC","down"
3.44827131813375e-49,-1.91474545121829,0.064,0.18,6.48343973235507e-45,"Naive B","CD86","down"
5.7523337175881e-28,-1.91351168813453,0.019,0.076,1.08155378558092e-23,"Naive B","ADAP2","down"
2.61988011375578e-06,-1.90732898683026,0.005,0.018,0.0492589858988361,"Naive B","BMS1P1","down"
2.59253991600709e-09,-1.89097392891178,0.005,0.022,4.87449355007654e-05,"Naive B","JSRP1","down"
1.05851796966496e-22,-1.88799017489266,0.011,0.051,1.99022548656406e-18,"Naive B","LINC01410","down"
5.39283162728687e-95,-1.87925878572214,0.075,0.266,1.01396020256248e-90,"Naive B","CAPN2","down"
3.94762317472722e-55,-1.86495225415773,0.05,0.171,7.42232109312212e-51,"Naive B","OAS1","down"
1.39909273459371e-47,-1.85719357330283,0.035,0.134,2.63057415958309e-43,"Naive B","SYT11","down"
2.91210073678392e-44,-1.85222956707548,0.028,0.115,5.47533180530113e-40,"Naive B","STAMBPL1","down"
8.2386611619702e-175,-1.85047306376749,0.499,0.699,1.54903307167364e-170,"Naive B","S100A10","down"
2.23940559140513e-09,-1.84180212568452,0.005,0.021,4.21053039295992e-05,"Naive B","BATF3","down"
4.30767692945045e-08,-1.8415088874954,0.005,0.02,0.000809929416275273,"Naive B","LRP11","down"
5.16193202523944e-15,-1.82344398828777,0.03,0.072,9.70546459385519e-11,"Naive B","EGR2","down"
1.65665768958026e-32,-1.81744273421248,0.022,0.089,3.11484778794881e-28,"Naive B","ADGRG5","down"
3.68856657204952e-22,-1.80742441926284,0.011,0.052,6.93524286876752e-18,"Naive B","EHD3","down"
1.03305460186385e-43,-1.80336996291826,0.035,0.129,1.94234926242442e-39,"Naive B","NEK6","down"
1.42809776448715e-36,-1.80126599970701,0.088,0.196,2.68510941678874e-32,"Naive B","PLEK","down"
3.10308365024591e-24,-1.79937855668776,0.017,0.068,5.83441787919236e-20,"Naive B","PIEZO1","down"
6.83065286465558e-15,-1.79868896172758,0.009,0.037,1.28429935161254e-10,"Naive B","ST7","down"
1.72021195664787e-21,-1.79666919539987,0.014,0.057,3.23434252088933e-17,"Naive B","KIF1C","down"
8.92524933641772e-131,-1.78426963574567,0.159,0.422,1.67812538023326e-126,"Naive B","APBB1IP","down"
1.02149570570493e-07,-1.78206112158156,0.007,0.024,0.00192061622586641,"Naive B","NIPAL2","down"
6.56762731913799e-19,-1.77842265844563,0.011,0.046,1.23484528854433e-14,"Naive B","TIGD3","down"
1.16754425771341e-09,-1.77111518725809,0.006,0.025,2.19521671335276e-05,"Naive B","PTMS","down"
3.82389615366006e-23,-1.76968249852672,0.012,0.055,7.18968954811164e-19,"Naive B","HIC1","down"
7.5716152197548e-31,-1.76714983084166,0.029,0.1,1.4236150936183e-26,"Naive B","RHEX","down"
8.38215848034157e-65,-1.75353769319023,0.076,0.225,1.57601343747382e-60,"Naive B","TP53I11","down"
1.03197505312934e-20,-1.7492864030775,0.017,0.063,1.94031949489378e-16,"Naive B","TBX21","down"
2.63428158122879e-06,-1.74438283014712,0.004,0.016,0.0495297622902638,"Naive B","ITPRIPL1","down"
5.56131692006039e-33,-1.73952562088188,0.068,0.159,1.04563880730976e-28,"Naive B","S100A4","down"
1.05605483821695e-08,-1.73626445224819,0.003,0.016,0.000198559430681551,"Naive B","SLC27A3","down"
1.04736357875215e-18,-1.73109290773233,0.01,0.044,1.96925300076979e-14,"Naive B","BMP8A","down"
4.09403721242512e-63,-1.71915009497114,0.098,0.251,7.69760876680171e-59,"Naive B","GPR137B","down"
2.18778331068709e-07,-1.71861262515256,0.004,0.017,0.00411347018075386,"Naive B","ENSG00000289007","down"
3.39727144165478e-66,-1.71251449669384,0.082,0.237,6.38754976459932e-62,"Naive B","PLD4","down"
4.78522422867936e-20,-1.71206414140981,0.015,0.056,8.99717859476294e-16,"Naive B","ARHGAP18","down"
9.81619450450951e-53,-1.71204417825267,0.048,0.164,1.84564089073788e-48,"Naive B","CD70","down"
2.10853961007595e-11,-1.70956470992247,0.007,0.03,3.9644761748648e-07,"Naive B","NCS1","down"
2.60433859770928e-85,-1.69398960710361,0.08,0.26,4.89667743141299e-81,"Naive B","ITGB7","down"
2.70530126335747e-38,-1.69155267036478,0.041,0.13,5.08650743536472e-34,"Naive B","FAS","down"
1.55141955709346e-79,-1.68924419684772,0.077,0.249,2.91697905124712e-75,"Naive B","ZMIZ1","down"
3.05022464525431e-222,-1.68713703389011,0.583,0.81,5.73503237800716e-218,"Naive B","IFI30","down"
4.31643155732262e-27,-1.68697677181189,0.017,0.069,8.11575461407798e-23,"Naive B","TRAC","down"
4.71826565593752e-08,-1.68634149242887,0.007,0.025,0.000887128308629372,"Naive B","L3MBTL1","down"
9.02173735362576e-32,-1.68482515469626,0.029,0.099,1.69626705722872e-27,"Naive B","ITGAL","down"
4.6536711275289e-09,-1.68407906853324,0.009,0.03,8.74983245397984e-05,"Naive B","ENSG00000289169","down"
7.43987917471592e-60,-1.68238759694465,0.153,0.3,1.39884608243009e-55,"Naive B","TXNDC5","down"
6.19825358780065e-46,-1.68007533972226,0.032,0.124,1.16539563957828e-41,"Naive B","TRIB1","down"
2.55977487230556e-17,-1.67478018490082,0.016,0.055,4.81288871490892e-13,"Naive B","IL6R","down"
8.09371710885614e-10,-1.67446622647055,0.005,0.023,1.52178069080713e-05,"Naive B","CAMSAP2","down"
1.29198527643128e-35,-1.66637061929117,0.033,0.113,2.4291907167461e-31,"Naive B","SPATA13","down"
2.1017773983262e-22,-1.66316714685338,0.014,0.057,3.95176186433292e-18,"Naive B","DAPK2","down"
5.68906995879364e-68,-1.66290535510421,0.058,0.201,1.06965893365238e-63,"Naive B","HCK","down"
2.6423265760812e-18,-1.66095911385054,0.014,0.051,4.96810242834787e-14,"Naive B","ZNF594-DT","down"
1.99821862654981e-14,-1.65998759890104,0.011,0.042,3.75705066163896e-10,"Naive B","GLMP","down"
1.33835860887383e-89,-1.65610276189909,0.15,0.358,2.51638185640457e-85,"Naive B","TNFRSF1B","down"
7.63857840164624e-20,-1.6541258675316,0.011,0.047,1.43620551107753e-15,"Naive B","ABCC4","down"
9.4729015708111e-13,-1.6520928700514,0.011,0.04,1.7810949533439e-08,"Naive B","SH2D2A","down"
1.37222204373803e-29,-1.6458173504762,0.025,0.088,2.58005188663624e-25,"Naive B","THEM4","down"
1.56421335478743e-37,-1.64226586277853,0.053,0.149,2.94103394967132e-33,"Naive B","BLVRB","down"
9.56620955853865e-11,-1.63443024178399,0.007,0.027,1.79863872119644e-06,"Naive B","TXK","down"
1.13352069553417e-16,-1.63321541668187,0.008,0.035,2.13124561174335e-12,"Naive B","SDC3","down"
9.57673444743348e-88,-1.63261441267557,0.113,0.313,1.80061761080644e-83,"Naive B","PAG1","down"
6.76834835322878e-08,-1.63205620683235,0.003,0.016,0.00127258485737408,"Naive B","TYROBP","down"
1.39726791808373e-13,-1.63135588238865,0.006,0.027,2.62714313958103e-09,"Naive B","SRXN1","down"
3.77451366718837e-80,-1.61795721100657,0.15,0.345,7.09684059704757e-76,"Naive B","CRIP2","down"
1.42589558109291e-11,-1.61172743902431,0.009,0.033,2.68096887157089e-07,"Naive B","RETSAT","down"
4.24951736677283e-10,-1.61033894646548,0.01,0.034,7.98994255300627e-06,"Naive B","NEXMIF","down"
2.19608380152131e-35,-1.60515133587086,0.035,0.115,4.12907676362037e-31,"Naive B","TIMP1","down"
1.62527358336912e-10,-1.58928081885891,0.011,0.036,3.05583939145061e-06,"Naive B","ENSG00000288531","down"
1.32885515221215e-07,-1.5873929140491,0.004,0.017,0.00249851345718928,"Naive B","HOXC4","down"
6.59653444791938e-16,-1.58367921535658,0.015,0.051,1.2402804068978e-11,"Naive B","PLPP3","down"
9.55851619914325e-165,-1.58215393641906,0.21,0.53,1.79719221576291e-160,"Naive B","SAMSN1","down"
5.31075839055898e-08,-1.57441973448536,0.008,0.027,0.000998528792592899,"Naive B","DDX43","down"
4.74699841236475e-107,-1.57234245956823,0.193,0.434,8.92530641492819e-103,"Naive B","BCAR3","down"
6.09653646768862e-19,-1.5721180754613,0.02,0.065,1.14627078665481e-14,"Naive B","CACNA1A","down"
1.76629414556903e-17,-1.56675577041154,0.022,0.067,3.32098625249889e-13,"Naive B","EPHA4","down"
1.25720776384144e-35,-1.56416060590863,0.035,0.116,2.36380203757467e-31,"Naive B","CD68","down"
7.5412612949501e-32,-1.56079307231964,0.026,0.093,1.41790794867652e-27,"Naive B","ENSG00000287168","down"
2.27392794626357e-35,-1.56018213663505,0.055,0.148,4.27543932456476e-31,"Naive B","TIAM2","down"
3.60067003215467e-15,-1.5447897315597,0.011,0.04,6.76997979445722e-11,"Naive B","SMCO4","down"
5.22149240193441e-24,-1.53979219422904,0.031,0.092,9.81745001411708e-20,"Naive B","SLC35E4","down"
1.35204646801636e-10,-1.52671469222213,0.009,0.032,2.54211776916436e-06,"Naive B","HSPA12A","down"
3.54981682523589e-11,-1.52525296352454,0.012,0.039,6.67436559480853e-07,"Naive B","NOTCH2NLB","down"
5.20206153022299e-39,-1.523597607531,0.088,0.199,9.78091608912527e-35,"Naive B","PPP1R14A","down"
2.24376424085538e-13,-1.5232772891796,0.017,0.051,4.21872552565628e-09,"Naive B","LINC01013","down"
1.11067433814321e-14,-1.52308890514989,0.01,0.036,2.08828989057687e-10,"Naive B","CSF2RB","down"
3.56357765236731e-28,-1.51880383837608,0.033,0.102,6.70023870198101e-24,"Naive B","MS4A7","down"
3.77066964802258e-13,-1.51151057352275,0.009,0.034,7.08961307221205e-09,"Naive B","RPS6KA6","down"
8.99129570177724e-08,-1.50199007679097,0.009,0.028,0.00169054341784816,"Naive B","PGPEP1","down"
1.92158077637716e-26,-1.49394545656233,0.037,0.105,3.61295617574433e-22,"Naive B","CYSLTR1","down"
1.49424919155159e-08,-1.49317910257581,0.008,0.027,0.00028094873299553,"Naive B","NCDN","down"
1.44759840450744e-41,-1.4903774249333,0.039,0.128,2.72177452015489e-37,"Naive B","SERPINB6","down"
1.81688624087245e-09,-1.48823112302788,0.005,0.019,3.41610951008837e-05,"Naive B","ENSG00000289318","down"
1.94023193472652e-17,-1.48790252763986,0.021,0.064,3.6480240836728e-13,"Naive B","CAMK4","down"
2.72140738025658e-91,-1.48548067411499,0.156,0.375,5.11679015635842e-87,"Naive B","CLIP1","down"
5.62609396929038e-38,-1.48117414240356,0.256,0.324,1.05781818810598e-33,"Naive B","ENSG00000235979","down"
1.55694266424396e-07,-1.48078226120218,0.006,0.021,0.00292736359731149,"Naive B","LRRK2-DT","down"
7.21622135293036e-19,-1.48063653425243,0.02,0.064,1.35679393877797e-14,"Naive B","ENSG00000288964","down"
7.46500890232572e-07,-1.47821355299543,0.004,0.016,0.0140357097381528,"Naive B","ENSG00000290853","down"
1.7086115505411e-11,-1.47717700220357,0.01,0.034,3.21253143732737e-07,"Naive B","RPP25","down"
6.03455824943234e-17,-1.47477082497151,0.014,0.049,1.13461764205827e-12,"Naive B","ADAM15","down"
3.87015294924511e-12,-1.47373848491258,0.011,0.036,7.27666157517066e-08,"Naive B","MLKL","down"
9.72483955465012e-08,-1.46925719479526,0.007,0.024,0.00182846433306532,"Naive B","LINC02798","down"
3.08480192741523e-143,-1.46670317053099,0.332,0.606,5.80004458392611e-139,"Naive B","COTL1","down"
4.10211386460128e-24,-1.45912282515143,0.027,0.083,7.71279448822333e-20,"Naive B","ITGB2-AS1","down"
1.87218177337653e-09,-1.45878594826456,0.009,0.029,3.52007617030256e-05,"Naive B","ENSG00000257925","down"
9.28018422613184e-07,-1.45677882801593,0.004,0.016,0.0174486023819731,"Naive B","PYCARD-AS1","down"
2.60807276432434e-09,-1.45519863134389,0.011,0.034,4.90369841148262e-05,"Naive B","AGAP3","down"
2.38006766662401e-32,-1.45491258053295,0.037,0.113,4.47500322678646e-28,"Naive B","TBC1D12","down"
1.42873292309293e-20,-1.45464115568031,0.046,0.108,2.68630364199932e-16,"Naive B","CD84","down"
1.35751353848614e-75,-1.45097182691623,0.249,0.44,2.55239695506163e-71,"Naive B","LGALS1","down"
1.36461229274473e-14,-1.45018609643835,0.023,0.062,2.56574403281864e-10,"Naive B","DTX1","down"
4.4050521301271e-80,-1.43988855216925,0.104,0.29,8.28237901506498e-76,"Naive B","DENND1B","down"
3.19925387175017e-17,-1.43553799423232,0.012,0.046,6.01523712966468e-13,"Naive B","PLAAT3","down"
3.84378990878628e-301,-1.43272634827748,0.873,0.958,7.22709378649997e-297,"Naive B","CRIP1","down"
1.65343162138099e-22,-1.42425010941292,0.019,0.064,3.10878213452053e-18,"Naive B","SOGA1","down"
7.79011068497523e-173,-1.42340518449527,0.499,0.749,1.46469661098904e-168,"Naive B","S100A11","down"
8.46542965730545e-100,-1.42167082103279,0.177,0.413,1.59167008416657e-95,"Naive B","LPCAT1","down"
1.97620087563597e-07,-1.417982834542,0.005,0.018,0.00371565288637075,"Naive B","MCF2","down"
1.83554537583341e-43,-1.41639572892901,0.05,0.152,3.45119241564198e-39,"Naive B","CLIP2","down"
3.71410179364754e-18,-1.41606524834813,0.025,0.071,6.9832541924161e-14,"Naive B","APOL6","down"
1.54904030763858e-08,-1.41436728225894,0.006,0.023,0.000291250558642207,"Naive B","KAZN","down"
1.91072946997629e-25,-1.41018713864203,0.031,0.092,3.59255354944943e-21,"Naive B","RGPD2","down"
5.05316515532423e-11,-1.40716511597928,0.01,0.033,9.50096112504062e-07,"Naive B","FBXO32","down"
2.80299345007121e-14,-1.4044266295587,0.015,0.046,5.27018828482389e-10,"Naive B","SLC35D2","down"
6.81484844722496e-19,-1.40178487820216,0.016,0.055,1.28132780504724e-14,"Naive B","ARHGAP21","down"
2.80420466087545e-45,-1.39616285190249,0.051,0.154,5.27246560337802e-41,"Naive B","SCRN1","down"
7.06034206537484e-26,-1.39277266193965,0.026,0.084,1.32748551513178e-21,"Naive B","ENSG00000226571","down"
1.41864251461305e-40,-1.3904393003022,0.115,0.243,2.66733165597546e-36,"Naive B","SLAMF7","down"
1.92458918782868e-07,-1.38503722612947,0.007,0.023,0.00361861259095549,"Naive B","MAP3K7CL","down"
8.06358578987285e-09,-1.38367231439174,0.01,0.029,0.000151611540021189,"Naive B","SLC22A15","down"
1.35699708790002e-12,-1.3769888681501,0.01,0.034,2.55142592466962e-08,"Naive B","FUCA2","down"
9.29863663636554e-20,-1.36792963027987,0.048,0.11,1.74832966036945e-15,"Naive B","CDK6","down"
3.16868513443928e-10,-1.36137523326606,0.015,0.041,5.95776178977274e-06,"Naive B","SH3RF1","down"
6.56768286133062e-07,-1.35292545914964,0.004,0.016,0.0123485573158738,"Naive B","RAB39A","down"
5.24596749926543e-07,-1.34893438015306,0.006,0.019,0.00986346809211886,"Naive B","CLCN4","down"
1.15490771384524e-08,-1.3488089182304,0.007,0.024,0.000217145748357182,"Naive B","LINC01781","down"
6.81342460245349e-16,-1.34382781290957,0.017,0.053,1.2810600937533e-11,"Naive B","SEMA6A-AS1","down"
4.06489020057784e-58,-1.3402453594685,0.069,0.201,7.64280655512645e-54,"Naive B","KCNN4","down"
2.12046439550933e-63,-1.34008453242363,0.115,0.282,3.98689715643665e-59,"Naive B","MIDEAS","down"
2.07301864723769e-24,-1.3384861577017,0.024,0.075,3.89768966053631e-20,"Naive B","KLHL42","down"
1.146509535991e-35,-1.33734937336236,0.059,0.154,2.15566722957027e-31,"Naive B","ARL17B","down"
9.31249152801116e-07,-1.33704451948427,0.006,0.019,0.0175093465709666,"Naive B","PRDM1","down"
3.72704891517833e-31,-1.33393422576069,0.051,0.134,7.0075973703183e-27,"Naive B","LRRK2","down"
2.05175547308975e-25,-1.33289607951359,0.068,0.149,3.85771064050334e-21,"Naive B","TCF7","down"
4.42659728406328e-28,-1.33077707354665,0.042,0.115,8.32288821349577e-24,"Naive B","CSGALNACT1","down"
3.91024695250178e-09,-1.32986078699811,0.011,0.033,7.35204632009384e-05,"Naive B","KCNK6","down"
2.20627576401158e-21,-1.32532367649839,0.029,0.082,4.14823969149458e-17,"Naive B","HOPX","down"
4.97660599043408e-41,-1.32464030144636,0.098,0.219,9.35701458321415e-37,"Naive B","GFOD1","down"
3.60324717624885e-56,-1.32170514134765,0.16,0.328,6.77482534078309e-52,"Naive B","CDC42EP3","down"
6.78143155434695e-14,-1.31114638658841,0.024,0.062,1.27504476084831e-09,"Naive B","ATOSB","down"
2.04952168518784e-58,-1.30415318566875,0.118,0.277,3.85351067249018e-54,"Naive B","EEIG1","down"
8.46064336713197e-19,-1.30396908239675,0.032,0.085,1.59077016588815e-14,"Naive B","RORA","down"
7.57542093627076e-08,-1.30288971264277,0.009,0.026,0.00142433064443763,"Naive B","GPT2","down"
1.58510740166353e-34,-1.30279255307982,0.051,0.138,2.98031893660777e-30,"Naive B","PLEKHO2","down"
3.95519542136356e-07,-1.30250751520435,0.005,0.018,0.00743655843124777,"Naive B","PRR16","down"
9.84784312341111e-46,-1.29672324698044,0.051,0.154,1.85159146406376e-41,"Naive B","CTSC","down"
6.9667921149288e-19,-1.29615812639326,0.02,0.06,1.30989625344891e-14,"Naive B","INKA1","down"
9.94129258830588e-19,-1.29561693285789,0.014,0.048,1.86916183245327e-14,"Naive B","CCDC154","down"
5.05513076908593e-17,-1.29293067526701,0.036,0.087,9.50465687203537e-13,"Naive B","BACE2","down"
1.57749298019867e-13,-1.29254164580229,0.011,0.036,2.96600230136954e-09,"Naive B","ENSG00000290008","down"
3.47703960200164e-14,-1.29112598174799,0.009,0.034,6.53752985968348e-10,"Naive B","PEBP4","down"
1.03023952506832e-13,-1.29081050789381,0.014,0.043,1.93705635503345e-09,"Naive B","RELL2","down"
5.7952653533349e-07,-1.28895586538544,0.004,0.016,0.0108962579173403,"Naive B","CASTOR1","down"
1.61098191318773e-18,-1.28576604930244,0.02,0.061,3.02896819317557e-14,"Naive B","ENSG00000290931","down"
7.59152070110843e-12,-1.28504057950612,0.01,0.032,1.42735772222241e-07,"Naive B","TSPOAP1","down"
2.69003297211435e-08,-1.2809565034797,0.013,0.035,0.000505779999416939,"Naive B","IFIT3","down"
8.77887662793992e-48,-1.27763156031904,0.094,0.226,1.65060438358526e-43,"Naive B","STK38L","down"
1.09332530685671e-12,-1.2773984111249,0.027,0.065,2.05567024195199e-08,"Naive B","NTNG1","down"
5.27349666893356e-13,-1.27550845838639,0.017,0.048,9.91522843692888e-09,"Naive B","MACC1","down"
2.6441025826442e-07,-1.26961873006601,0.016,0.037,0.00497144167588763,"Naive B","ENSG00000288990","down"
1.08739476071176e-08,-1.26730120437131,0.012,0.033,0.000204451962909025,"Naive B","OSBP2","down"
8.9291443023862e-09,-1.2671822973428,0.011,0.032,0.000167885771173465,"Naive B","RAP1GAP2","down"
1.50971819681277e-29,-1.26592230936611,0.066,0.154,2.83857215364737e-25,"Naive B","LDAF1","down"
1.54438973603836e-61,-1.26466290463577,0.133,0.302,2.90376158169933e-57,"Naive B","MDFIC","down"
5.31781351435991e-25,-1.26208943557263,0.033,0.094,9.9985529696995e-21,"Naive B","RGS14","down"
1.21777115733607e-58,-1.25229659344197,0.088,0.231,2.28965333002328e-54,"Naive B","ZDHHC21","down"
2.2797520575029e-09,-1.25228792350091,0.013,0.036,4.28638981851695e-05,"Naive B","TSBP1-AS1","down"
8.74035462571189e-19,-1.2503334940148,0.025,0.069,1.64336147672635e-14,"Naive B","ENSG00000269968","down"
2.38776524540531e-23,-1.24868802565198,0.036,0.096,4.48947621441107e-19,"Naive B","MEF2C-AS2","down"
4.08065900721087e-33,-1.24722956128252,0.061,0.152,7.67245506535788e-29,"Naive B","ENSG00000291228","down"
1.45457159008402e-17,-1.24551538260235,0.02,0.06,2.73488550367597e-13,"Naive B","PLAG1","down"
6.37207046230502e-11,-1.24492479125184,0.017,0.045,1.19807668832259e-06,"Naive B","LIME1","down"
8.15737634211517e-09,-1.24202954482773,0.011,0.031,0.000153374989984449,"Naive B","RHOBTB2","down"
3.51180276535682e-10,-1.23581966835941,0.006,0.022,6.6028915594239e-06,"Naive B","PPARGC1B","down"
3.16897034012122e-45,-1.2322059377914,0.139,0.281,5.95829803349592e-41,"Naive B","FABP5","down"
2.02434185210014e-24,-1.22645840226636,0.027,0.082,3.80616755031869e-20,"Naive B","PSAT1","down"
4.09551887586386e-11,-1.22619258314912,0.019,0.049,7.70039459039924e-07,"Naive B","ZFP64","down"
4.53188447799486e-09,-1.22302769247597,0.011,0.032,8.52084919552593e-05,"Naive B","ENSG00000262151","down"
1.08393199289946e-06,-1.22161364589775,0.011,0.028,0.0203800893304956,"Naive B","TXLNB","down"
1.5830191326352e-07,-1.22135951182413,0.014,0.035,0.00297639257318071,"Naive B","HERC6","down"
3.33353493936765e-15,-1.22105659754661,0.021,0.058,6.26771239299906e-11,"Naive B","IL12RB1","down"
9.93400598033686e-23,-1.22068116820884,0.055,0.126,1.86779180442294e-18,"Naive B","SLA","down"
7.72901192703316e-35,-1.21760367632774,0.066,0.163,1.45320882252077e-30,"Naive B","ENTPD1","down"
3.22311939681178e-10,-1.21649727909557,0.017,0.044,6.0601090898855e-06,"Naive B","ACSF2","down"
9.99200619790649e-16,-1.21461032272685,0.018,0.054,1.87869700533038e-11,"Naive B","ENSG00000188897","down"
5.46379505597601e-09,-1.21054828375436,0.005,0.019,0.000102730274642461,"Naive B","CPT1B","down"
3.93513351810916e-09,-1.20991008348436,0.049,0.085,7.39883804074884e-05,"Naive B","IGKV1-39","down"
6.7651520893076e-07,-1.20868251642305,0.008,0.023,0.0127198389583161,"Naive B","ENSG00000287180","down"
1.1479024765096e-68,-1.20831908246946,0.154,0.341,2.15828623633335e-64,"Naive B","SEL1L3","down"
4.98235472706676e-23,-1.20320298294515,0.038,0.098,9.36782335783091e-19,"Naive B","TRPV2","down"
4.80590309559673e-20,-1.20144328960671,0.025,0.07,9.03605900034097e-16,"Naive B","NINJ2","down"
6.0885550242755e-09,-1.19956647703609,0.007,0.023,0.000114477011566428,"Naive B","SLFN12L","down"
6.01243655393044e-22,-1.1992495612898,0.032,0.086,1.13045832087e-17,"Naive B","CPPED1","down"
2.7718500773479e-54,-1.19852718071391,0.104,0.249,5.21163251542952e-50,"Naive B","SLC1A5","down"
1.31081252886781e-24,-1.19544091815674,0.058,0.133,2.46458971677726e-20,"Naive B","NME1","down"
6.0353037990356e-10,-1.18824202671091,0.013,0.037,1.13475782029467e-05,"Naive B","CD1C","down"
1.78055102602708e-53,-1.18775936694232,0.122,0.274,3.34779203913611e-49,"Naive B","LINC00278","down"
2.76625570399967e-24,-1.17970411627858,0.031,0.087,5.20111397466018e-20,"Naive B","SIGLEC10","down"
5.85883478927454e-28,-1.17731249675051,0.139,0.243,1.1015781170794e-23,"Naive B","HIPK2","down"
5.05450775430348e-08,-1.17629239992718,0.017,0.041,0.00095034854796414,"Naive B","AEBP1","down"
2.50876943457738e-27,-1.1717583194322,0.055,0.132,4.71698829089239e-23,"Naive B","GAS7","down"
2.4752136764015e-09,-1.1716151328701,0.01,0.029,4.65389675437011e-05,"Naive B","MANEAL","down"
4.23721122491567e-10,-1.16808759923904,0.029,0.062,7.96680454508644e-06,"Naive B","FGFR1","down"
2.58269949930075e-10,-1.16796888866768,0.032,0.068,4.85599159858527e-06,"Naive B","CD96","down"
2.21160581107873e-47,-1.16647034090091,0.107,0.243,4.15826124599022e-43,"Naive B","ST14","down"
1.80173192959863e-35,-1.1654576026674,0.062,0.155,3.38761637403135e-31,"Naive B","FHOD1","down"
2.49084031151498e-08,-1.16284152673312,0.008,0.025,0.000468327795371047,"Naive B","CNPY4","down"
3.31752007390171e-42,-1.15867684741971,0.088,0.207,6.23760124294999e-38,"Naive B","C15orf39","down"
6.06022927551558e-10,-1.15615212411783,0.015,0.04,1.13944430838244e-05,"Naive B","CUBN","down"
2.53665165244535e-43,-1.15573018661168,0.125,0.261,4.76941243692774e-39,"Naive B","FCRLA","down"
4.72850108043599e-08,-1.15406325841133,0.009,0.026,0.000889052773143575,"Naive B","SPACA9","down"
1.53800803771377e-14,-1.15153313455736,0.027,0.067,2.89176271250944e-10,"Naive B","GPRIN3","down"
3.72622735344045e-25,-1.15142067891546,0.049,0.121,7.00605266993873e-21,"Naive B","PLXNC1","down"
5.51406977092306e-59,-1.1478642875381,0.245,0.428,1.03675539832895e-54,"Naive B","METRNL","down"
2.90783675213337e-07,-1.1471653070928,0.015,0.035,0.00546731466136117,"Naive B","CRYM","down"
7.465495411928e-14,-1.14569201513304,0.016,0.045,1.4036624473507e-09,"Naive B","VAMP1","down"
4.97533072994676e-09,-1.14457896824998,0.022,0.05,9.3546168384459e-05,"Naive B","CCDC141","down"
1.94167284424456e-34,-1.13814416464404,0.084,0.189,3.65073328174862e-30,"Naive B","CAMKK1","down"
7.79302508635013e-39,-1.13614550318545,0.099,0.217,1.46524457673555e-34,"Naive B","COL9A3","down"
1.01132154433212e-11,-1.1340996222675,0.015,0.041,1.90148676765325e-07,"Naive B","NCF2","down"
6.67629612415331e-22,-1.13392669020815,0.025,0.072,1.2552771972633e-17,"Naive B","ZFP69B","down"
2.11222569762032e-06,-1.13383957494027,0.005,0.017,0.0397140675666572,"Naive B","REC114","down"
1.21926559534847e-08,-1.12500281857385,0.014,0.035,0.00022924631723742,"Naive B","ENSG00000286546","down"
5.23194258360277e-12,-1.1243604598766,0.025,0.06,9.83709844568992e-08,"Naive B","TTC28","down"
5.7917479137566e-75,-1.12434177818968,0.263,0.473,1.08896444274452e-70,"Naive B","NFATC2","down"
3.68814932069235e-46,-1.11795986421867,0.058,0.163,6.93445835276576e-42,"Naive B","IER5L","down"
4.11358799598175e-07,-1.11386720853619,0.02,0.043,0.00773436815004488,"Naive B","CPED1","down"
8.90256647580925e-32,-1.11206482564063,0.034,0.098,1.67386054878166e-27,"Naive B","ADPRH","down"
1.31620794691064e-28,-1.11158761237274,0.045,0.116,2.47473418178138e-24,"Naive B","SYNGR3","down"
1.966444450642e-07,-1.10520923297366,0.017,0.04,0.0036973088560971,"Naive B","TLCD3A","down"
8.64845617910952e-48,-1.10138672734712,0.078,0.195,1.62608273079617e-43,"Naive B","PCED1B","down"
3.59276869262278e-09,-1.10002156720197,0.014,0.036,6.75512369586935e-05,"Naive B","LINC01762","down"
6.60301395458575e-18,-1.09823727754016,0.282,0.38,1.24149868374121e-13,"Naive B","MIR155HG","down"
1.01949535775369e-06,-1.08687683209771,0.02,0.042,0.0191685517164848,"Naive B","PRKCH","down"
2.6292455068811e-16,-1.08669310179309,0.031,0.075,4.94350740203785e-12,"Naive B","ENSG00000285280","down"
1.89284988536785e-36,-1.08340531057397,0.085,0.193,3.55893635446863e-32,"Naive B","LILRB1","down"
1.24778686637641e-11,-1.08264334724235,0.021,0.051,2.34608886616092e-07,"Naive B","RCBTB2","down"
7.81525059473133e-10,-1.08250965156629,0.017,0.043,1.46942341682138e-05,"Naive B","KANSL1-AS1","down"
8.64372019548681e-10,-1.07953720887994,0.021,0.049,1.62519227115543e-05,"Naive B","GPRIN1","down"
2.39599984714569e-08,-1.07874047728294,0.009,0.026,0.000450495891260332,"Naive B","ENSG00000258181","down"
1.45462777233197e-29,-1.07860012514693,0.067,0.154,2.73499113753856e-25,"Naive B","ABTB2","down"
2.28874230968005e-60,-1.07843195348852,0.154,0.328,4.30329329066043e-56,"Naive B","PIK3AP1","down"
1.94776103017322e-38,-1.07823705186217,0.089,0.202,3.66218028893168e-34,"Naive B","SERPINB8","down"
9.32980370416193e-12,-1.07647606617382,0.014,0.038,1.75418969245653e-07,"Naive B","ENSG00000256448","down"
9.6677096427286e-29,-1.07426107049203,0.067,0.152,1.81772276702583e-24,"Naive B","NCOA7","down"
7.65185371705991e-44,-1.0736633561165,0.097,0.221,1.43870153588161e-39,"Naive B","PCED1B-AS1","down"
1.07305772538865e-12,-1.06868508077837,0.019,0.049,2.01756313527573e-08,"Naive B","SNTA1","down"
2.87476862374531e-11,-1.06781332395674,0.023,0.054,5.40513996636593e-07,"Naive B","BLVRA","down"
1.42219035534848e-26,-1.06622860720751,0.105,0.202,2.6740023061262e-22,"Naive B","KCNQ5","down"
3.94946286608289e-10,-1.06602717157715,0.018,0.044,7.42578008080906e-06,"Naive B","ATXN7L1","down"
9.17006952553152e-44,-1.06464538709937,0.092,0.212,1.72415647219044e-39,"Naive B","SGPP1","down"
1.2308643626041e-07,-1.06398991159169,0.009,0.025,0.00231427117456822,"Naive B","C17orf58","down"
1.21732839927077e-45,-1.06206431643746,0.173,0.326,2.28882085630891e-41,"Naive B","LGMN","down"
2.48888842239704e-14,-1.05991274382234,0.019,0.051,4.67960801179092e-10,"Naive B","PPCDC","down"
6.00358160481167e-118,-1.05890020957163,0.452,0.702,1.12879341333669e-113,"Naive B","NAPSB","down"
1.77552313699169e-46,-1.05886484308455,0.22,0.377,3.33833860217177e-42,"Naive B","FGR","down"
3.91268676914721e-27,-1.05532105603242,0.108,0.206,7.35663366335059e-23,"Naive B","TRAF1","down"
5.67810049976067e-08,-1.05491670447522,0.008,0.022,0.001067596455965,"Naive B","TP53I3","down"
1.62104543795301e-07,-1.0547063337499,0.011,0.028,0.00304788963243925,"Naive B","CFAP54","down"
1.94367744651218e-24,-1.05419378830911,0.029,0.085,3.65450233493219e-20,"Naive B","ZBTB20-AS5","down"
7.9366464475539e-07,-1.0486865848671,0.007,0.019,0.0149224826506909,"Naive B","ENSG00000260145","down"
6.52526353697872e-34,-1.04867534073073,0.054,0.136,1.22688005022274e-29,"Naive B","FBXO31","down"
1.84892735884308e-06,-1.04689217269394,0.01,0.025,0.0347635322009675,"Naive B","ENSG00000259375","down"
8.76965119114942e-18,-1.04038179044422,0.029,0.072,1.64886981695991e-13,"Naive B","UNC13D","down"
7.52989889251002e-10,-1.03882532438415,0.016,0.041,1.41577158976973e-05,"Naive B","ENSG00000253690","down"
1.15476429058992e-67,-1.03680605312139,0.236,0.439,2.17118781916717e-63,"Naive B","PTPN6","down"
1.86741201241525e-09,-1.03671516967371,0.015,0.038,3.51110806574316e-05,"Naive B","ANKDD1A","down"
1.72856738389429e-06,-1.03515076727787,0.012,0.028,0.0325005239519804,"Naive B","VNN2","down"
8.95252406299602e-69,-1.03228961124936,0.257,0.463,1.68325357432451e-64,"Naive B","ARHGAP25","down"
1.13178726539968e-11,-1.03171912309032,0.021,0.051,2.12798641640448e-07,"Naive B","CPT1A","down"
5.44932268628837e-46,-1.031604588599,0.133,0.275,1.02458165147594e-41,"Naive B","LIMK1","down"
6.9770810865442e-28,-1.03144999647503,0.058,0.136,1.31183078589204e-23,"Naive B","SYTL3","down"
1.12052698402362e-06,-1.0281223124399,0.011,0.028,0.0210681483536121,"Naive B","NUDT19","down"
5.40242543201518e-23,-1.02529143280771,0.06,0.131,1.01576402972749e-18,"Naive B","NQO2","down"
1.11139205603987e-52,-1.02432321437289,0.31,0.487,2.08963934376617e-48,"Naive B","CFLAR","down"
7.58296158561629e-10,-1.02366546251282,0.015,0.038,1.42574843732757e-05,"Naive B","ATP6V0E2","down"
1.3392997262532e-29,-1.02292785689487,0.073,0.161,2.51815134530127e-25,"Naive B","DUSP18","down"
6.20570899879125e-51,-1.02208684435696,0.219,0.389,1.16679740595273e-46,"Naive B","ITGB1","down"
5.90733195586592e-32,-1.02200572833181,0.057,0.138,1.11069655434191e-27,"Naive B","NAAA","down"
5.18335250983207e-57,-1.01725213752348,0.143,0.305,9.74573938898626e-53,"Naive B","NCOR2","down"
7.06439996435457e-09,-1.0160811577617,0.011,0.029,0.000132824848129795,"Naive B","MAFIP","down"
1.58922285704156e-26,-1.01159488180798,0.055,0.128,2.98805681580955e-22,"Naive B","FAIM","down"
2.74082233804987e-10,-1.00846425932303,0.007,0.024,5.15329416000137e-06,"Naive B","VASN","down"
9.93229898714704e-30,-1.00817976045348,0.112,0.218,1.86747085556339e-25,"Naive B","FUT8","down"
2.64464715092231e-36,-1.00591582935931,0.106,0.222,4.97246557316414e-32,"Naive B","IL7","down"
5.60206330607279e-39,-1.00439198852716,0.117,0.241,1.05329994280781e-34,"Naive B","PPIF","down"
1.51754962452886e-64,-1.00294148080919,0.217,0.413,2.85329680403917e-60,"Naive B","ANXA6","down"
2.13022485301675e-43,-1.00156864326663,0.135,0.273,4.0052487686421e-39,"Naive B","SSBP4","down"
5.68737667251744e-37,-1.00079792948758,0.088,0.194,1.06934056196673e-32,"Naive B","ST3GAL5","down"
4.81151965586802e-17,-0.999620038608238,0.028,0.07,9.04661925696305e-13,"Naive B","CHAC1","down"
4.1509525321431e-75,-0.998969297222909,0.339,0.552,7.80462095093546e-71,"Naive B","WARS1","down"
7.94649248943977e-20,-0.998665303266714,0.038,0.091,1.49409951786447e-15,"Naive B","FXYD1","down"
1.70939014584883e-07,-0.997975877563287,0.015,0.034,0.00321399535222496,"Naive B","LY86-AS1","down"
1.29766459752714e-39,-0.992797658600733,0.064,0.157,2.43986897627054e-35,"Naive B","VGLL4","down"
1.13753178349698e-29,-0.99228952869777,0.073,0.16,2.13878725933101e-25,"Naive B","LRRK1","down"
1.10908881302709e-26,-0.992184798926336,0.065,0.144,2.08530878625354e-22,"Naive B","FCGR2B","down"
2.57123806164217e-08,-0.990131222198185,0.011,0.029,0.00048344418034996,"Naive B","ENSG00000289620","down"
1.99157823715413e-21,-0.989486360046471,0.059,0.127,3.7445654014972e-17,"Naive B","ADORA2A","down"
1.04553850488577e-07,-0.988477284075822,0.032,0.062,0.00196582149688623,"Naive B","BMP6","down"
3.2812969015967e-32,-0.985784339238716,0.117,0.229,6.16949443438211e-28,"Naive B","ITGB2","down"
6.16604390748165e-159,-0.985608328087116,0.823,0.925,1.1593395754847e-154,"Naive B","GAPDH","down"
9.02342055896568e-20,-0.984537660586088,0.042,0.097,1.69658353349673e-15,"Naive B","CHAMP1","down"
2.17311543267774e-13,-0.983852825687818,0.022,0.055,4.0858916365207e-09,"Naive B","ASPH","down"
8.14143051659976e-11,-0.983698000660109,0.028,0.061,1.53075176573109e-06,"Naive B","RBM47","down"
2.12071238172297e-48,-0.983633887142322,0.157,0.311,3.98736342011552e-44,"Naive B","CCR6","down"
6.9489522396407e-12,-0.981325222472635,0.013,0.036,1.30654200009724e-07,"Naive B","IL18BP","down"
1.64399079909075e-27,-0.980902278217373,0.055,0.128,3.09103150045042e-23,"Naive B","CORO1B","down"
9.3979381974879e-29,-0.979037236413596,0.141,0.252,1.76700033989167e-24,"Naive B","HLA-DQA2","down"
5.5579332858047e-19,-0.978322723753961,0.029,0.071,1.045002616397e-14,"Naive B","SH3BP1","down"
2.1766390991695e-38,-0.974636161631184,0.204,0.347,4.09251683425849e-34,"Naive B","NCBP3","down"
1.10303240450694e-22,-0.974581200843077,0.084,0.165,2.07392152695394e-18,"Naive B","PHF6","down"
1.76796028285965e-08,-0.967894133137585,0.007,0.02,0.000332411892383272,"Naive B","ENSG00000224950","down"
2.67741903808731e-31,-0.966622824743437,0.114,0.223,5.03408327541176e-27,"Naive B","MX2","down"
1.36165302618247e-21,-0.964602299301113,0.075,0.151,2.56018001982827e-17,"Naive B","ENSG00000267787","down"
1.1015140859542e-15,-0.964567492694212,0.052,0.107,2.07106678441108e-11,"Naive B","PVRIG","down"
2.17213641254624e-12,-0.964457117845469,0.021,0.051,4.08405088286944e-08,"Naive B","COA7","down"
1.25017059117381e-47,-0.963033005636584,0.282,0.453,2.350570745525e-43,"Naive B","NIN","down"
3.10195533642101e-39,-0.96115398342482,0.139,0.271,5.83229642353879e-35,"Naive B","DOCK10","down"
1.14777409454727e-07,-0.960581438149564,0.018,0.039,0.00215804485256777,"Naive B","ENSG00000283118","down"
1.87762464481152e-15,-0.960018407496575,0.047,0.098,3.53030985717462e-11,"Naive B","CYTH4","down"
9.64305344250816e-72,-0.958744343296414,0.358,0.571,1.81308690826039e-67,"Naive B","S100A6","down"
7.66702630940756e-16,-0.958167453420327,0.052,0.106,1.44155428669481e-11,"Naive B","ABHD6","down"
3.73597983833568e-12,-0.956688086145611,0.02,0.05,7.02438929203875e-08,"Naive B","METTL7A","down"
7.29475870871148e-21,-0.951229632278711,0.123,0.211,1.37156053241193e-16,"Naive B","MT2A","down"
3.63859030356698e-19,-0.947385648998036,0.016,0.045,6.84127748876663e-15,"Naive B","CAMKK2","down"
8.8760606963105e-36,-0.946894811179613,0.164,0.296,1.6688769321203e-31,"Naive B","CIITA","down"
1.81670057791735e-07,-0.946053768704934,0.015,0.035,0.00341576042660019,"Naive B","SOX12","down"
3.20758450737133e-32,-0.945575684323791,0.084,0.18,6.03090039075957e-28,"Naive B","SACS","down"
3.67823182799834e-28,-0.945353014647663,0.043,0.106,6.91581148300248e-24,"Naive B","DYNLT2B","down"
1.10883244478232e-13,-0.943942262380858,0.034,0.074,2.08482676267973e-09,"Naive B","WDR81","down"
4.15496379270739e-44,-0.943614393731778,0.109,0.234,7.81216292304843e-40,"Naive B","MAP4K1","down"
3.38824344953048e-12,-0.940192733209281,0.021,0.049,6.3705753338072e-08,"Naive B","SGCB","down"
2.68721957363176e-23,-0.939486795157024,0.061,0.131,5.05251024234243e-19,"Naive B","VAV2","down"
2.5231662062886e-16,-0.939029207604913,0.028,0.066,4.74405710106383e-12,"Naive B","PAFAH1B3","down"
8.64561918374345e-22,-0.93586599065458,0.061,0.129,1.62554931892744e-17,"Naive B","FCRL2","down"
3.85662086163794e-32,-0.935720361322627,0.102,0.207,7.25121854405165e-28,"Naive B","GPR65","down"
2.03375379802885e-17,-0.935105169240157,0.032,0.076,3.82386389105384e-13,"Naive B","CASP10","down"
1.30471726754417e-31,-0.933105445032161,0.092,0.191,2.45312940643654e-27,"Naive B","TTN","down"
6.51309961274705e-09,-0.931893946044977,0.009,0.024,0.00012245929891887,"Naive B","PCBP4","down"
5.74633348664146e-11,-0.930296171956555,0.018,0.044,1.08042562215833e-06,"Naive B","TMEM231","down"
6.19860717320217e-09,-0.928991327991203,0.038,0.073,0.000116546212070547,"Naive B","LINC02149","down"
1.85372708878261e-24,-0.928685122402643,0.111,0.204,3.48537767232907e-20,"Naive B","PTPN22","down"
1.75805919881644e-08,-0.927898205701519,0.017,0.039,0.000330550290561467,"Naive B","LINC01800","down"
9.28876464304539e-07,-0.927267142888083,0.007,0.02,0.0174647352818539,"Naive B","ENSG00000284685","down"
1.1138837791715e-17,-0.924690368784632,0.03,0.07,2.09432428159826e-13,"Naive B","CRYZ","down"
2.17950341735336e-15,-0.924012099301012,0.033,0.075,4.09790232530778e-11,"Naive B","ARMC2","down"
7.28494270374009e-26,-0.923172016557327,0.056,0.124,1.36971492715721e-21,"Naive B","FAM219B","down"
6.78084533239041e-08,-0.921957503784605,0.019,0.041,0.00127493453939604,"Naive B","CETP","down"
4.75057201445067e-32,-0.92173344184808,0.15,0.271,8.93202550157016e-28,"Naive B","SETBP1","down"
2.630274699378e-16,-0.920988998331848,0.044,0.094,4.94544248977051e-12,"Naive B","MPEG1","down"
1.95575732593852e-06,-0.919519657149265,0.015,0.033,0.0367721492422961,"Naive B","RAB20","down"
1.95117615810038e-09,-0.919292908404636,0.016,0.038,3.66860141246033e-05,"Naive B","SAMHD1","down"
4.75397343948031e-13,-0.919200328403984,0.042,0.087,8.93842086091088e-09,"Naive B","CHST7","down"
1.28728442331549e-125,-0.917892755253281,0.574,0.8,2.42035217271779e-121,"Naive B","CD82","down"
2.12084015484456e-17,-0.917515689176321,0.048,0.101,3.98760365913875e-13,"Naive B","MIR3667HG","down"
1.02320673161495e-16,-0.915831840263394,0.032,0.073,1.92383329678244e-12,"Naive B","TASL","down"
2.4918861581703e-24,-0.914241592964118,0.068,0.143,4.6852443545918e-20,"Naive B","DNAJC5","down"
2.63100166860697e-34,-0.913856629083011,0.101,0.207,4.94680933731482e-30,"Naive B","FERMT3","down"
1.20886637364946e-38,-0.912993079036869,0.112,0.231,2.27291055573571e-34,"Naive B","UPP1","down"
1.25326886620407e-08,-0.912014591951902,0.019,0.042,0.00023563961222369,"Naive B","CASP1","down"
1.86613061538225e-55,-0.91002344179211,0.151,0.311,3.50869878304171e-51,"Naive B","ARID3A","down"
7.04736361953587e-09,-0.90956288115332,0.017,0.039,0.000132504530774513,"Naive B","SCCPDH","down"
4.82754281663676e-14,-0.909457572181433,0.121,0.19,9.07674600384043e-10,"Naive B","HDAC9","down"
3.84217019473471e-07,-0.907908345922988,0.016,0.036,0.00722404840014021,"Naive B","TEKT4P2","down"
6.81715174250108e-19,-0.907777254705326,0.031,0.074,1.28176087062505e-14,"Naive B","IVD","down"
4.55504706073234e-28,-0.903436483664778,0.102,0.198,8.56439948358894e-24,"Naive B","SPAG1","down"
1.66180717256189e-42,-0.902510713461304,0.2,0.353,3.12452984585087e-38,"Naive B","GSTK1","down"
1.84530107934961e-22,-0.89974485939737,0.053,0.116,3.46953508939313e-18,"Naive B","MIR22HG","down"
3.17087742285901e-09,-0.899141426796024,0.023,0.049,5.96188373045951e-05,"Naive B","PCBD1","down"
4.77696040813313e-39,-0.898817333436987,0.325,0.483,8.98164095937191e-35,"Naive B","RNF19A","down"
4.26599463204369e-08,-0.898723520703059,0.023,0.047,0.000802092310716855,"Naive B","NSUN5P1","down"
1.20325205765259e-29,-0.898491023308667,0.141,0.255,2.2623545187984e-25,"Naive B","MARCHF1","down"
6.91317279074795e-07,-0.898203541073667,0.013,0.029,0.0129981474811643,"Naive B","C19orf38","down"
5.25848723327351e-13,-0.897246697809476,0.07,0.125,9.88700769600085e-09,"Naive B","GK","down"
1.48600986606695e-17,-0.896881640473624,0.063,0.124,2.79399575017909e-13,"Naive B","TTC39C","down"
2.04718308780218e-10,-0.896686109200438,0.038,0.075,3.84911364168567e-06,"Naive B","ENSG00000251309","down"
8.40883418270077e-07,-0.896107771711996,0.021,0.042,0.015810290030314,"Naive B","EML4-AS1","down"
1.82464686422239e-12,-0.894089577151046,0.03,0.065,3.43070103411094e-08,"Naive B","CHAF1A","down"
4.33189758789762e-15,-0.893568134453654,0.057,0.111,8.1448338447651e-11,"Naive B","PTPRJ","down"
1.38188890514126e-18,-0.893338256410884,0.042,0.092,2.5982275194466e-14,"Naive B","ZDHHC18","down"
5.85247293955494e-38,-0.892019267390192,0.107,0.22,1.10038196209512e-33,"Naive B","STAT5B","down"
1.04572950690839e-10,-0.889864628237423,0.019,0.043,1.96618061888916e-06,"Naive B","NCEH1","down"
1.77488802847578e-40,-0.887950606129699,0.179,0.324,3.33714447114017e-36,"Naive B","HSH2D","down"
3.05367030825156e-07,-0.886996545978301,0.014,0.032,0.00574151091357458,"Naive B","FICD","down"
7.48017678788048e-23,-0.886958910319946,0.086,0.167,1.40642283965729e-18,"Naive B","SEMA4B","down"
2.12966914970551e-18,-0.886566137444061,0.027,0.065,4.0042039352763e-14,"Naive B","ACAP3","down"
1.38959189757482e-11,-0.886123215919976,0.012,0.033,2.61271068582017e-07,"Naive B","KANK1","down"
3.59251904164653e-13,-0.885327628015432,0.03,0.066,6.7546543021038e-09,"Naive B","LRRC61","down"
5.25628655584633e-57,-0.883673797808946,0.217,0.399,9.88286998230228e-53,"Naive B","TFEB","down"
1.04847948328328e-06,-0.882019744656773,0.017,0.036,0.0197135112446923,"Naive B","DNM3","down"
6.11443544848193e-07,-0.881422057638066,0.009,0.022,0.0114963615302357,"Naive B","KCTD12","down"
4.50229930571017e-11,-0.880227010947406,0.021,0.048,8.46522315459626e-07,"Naive B","ZEB2-AS1","down"
6.47357369884137e-18,-0.879708536262351,0.05,0.105,1.21716132685615e-13,"Naive B","TAX1BP3","down"
1.15020788495528e-14,-0.878741486700088,0.049,0.099,2.16262086529292e-10,"Naive B","MAP7D3","down"
5.37773171301617e-09,-0.877878344038347,0.017,0.04,0.00010111211166813,"Naive B","OAS3","down"
2.43189806744771e-24,-0.875489591110935,0.056,0.122,4.57245474641519e-20,"Naive B","KCTD7","down"
4.67571000682827e-15,-0.875094164143646,0.026,0.061,8.79126995483851e-11,"Naive B","SIT1","down"
1.67870962041628e-06,-0.874377278671992,0.016,0.033,0.0315630982830669,"Naive B","PIGM","down"
4.66595617441383e-07,-0.872952376866281,0.049,0.081,0.00877293079913289,"Naive B","FMNL2","down"
1.01947503348718e-17,-0.872325313900631,0.057,0.114,1.91681695796259e-13,"Naive B","SRGAP2C","down"
1.72862624945953e-19,-0.872283351777233,0.044,0.096,3.25016307423382e-15,"Naive B","RPS6KA1","down"
7.71414634624901e-17,-0.871231532140754,0.047,0.097,1.45041379602174e-12,"Naive B","TNK2","down"
2.72719680801489e-08,-0.871064174501281,0.015,0.034,0.00051276754384296,"Naive B","PKD2","down"
1.84154584518631e-56,-0.87061798840197,0.226,0.41,3.46247449811929e-52,"Naive B","MBD2","down"
5.22297824865135e-22,-0.870403460922163,0.051,0.111,9.82024370311426e-18,"Naive B","AKAP13-AS1","down"
6.08428011147554e-08,-0.869889975148213,0.007,0.02,0.00114396634655963,"Naive B","SLC19A1","down"
1.56365368472595e-31,-0.869734880718435,0.171,0.295,2.93998165802174e-27,"Naive B","GEN1","down"
5.8143317006314e-28,-0.869704703184716,0.078,0.162,1.09321064635272e-23,"Naive B","ARL3","down"
7.9448315105947e-17,-0.86894052353121,0.05,0.102,1.49378722062201e-12,"Naive B","BCL10-AS1","down"
1.33642169617428e-24,-0.867956404783878,0.117,0.212,2.51274007314688e-20,"Naive B","MX1","down"
9.04155676304294e-19,-0.867511485882986,0.031,0.072,1.69999350258733e-14,"Naive B","MPST","down"
2.81357520969814e-72,-0.866244883329689,0.574,0.738,5.29008410927445e-68,"Naive B","PSAP","down"
1.13637752669857e-26,-0.862608374750834,0.077,0.157,2.13661702569866e-22,"Naive B","PLEKHA7","down"
2.32495638649442e-23,-0.861233444173412,0.094,0.179,4.37138299788681e-19,"Naive B","GRAMD1C","down"
1.57890047408688e-08,-0.858241546268688,0.01,0.024,0.000296864867137816,"Naive B","MAPK11","down"
3.23794945415292e-13,-0.858042553338549,0.029,0.065,6.08799256369832e-09,"Naive B","CBR1","down"
3.583709868865e-23,-0.857988234656377,0.069,0.14,6.73809129543997e-19,"Naive B","C16orf54","down"
1.57686459850145e-16,-0.856529132804046,0.031,0.07,2.96482081810242e-12,"Naive B","ICMT","down"
8.95025222499284e-10,-0.855905163946742,0.029,0.059,1.68282642334315e-05,"Naive B","SLC35E3","down"
4.2308126050662e-39,-0.84998953056907,0.222,0.371,7.95477386004548e-35,"Naive B","TYMP","down"
2.31171390117834e-09,-0.849005761875199,0.016,0.038,4.34648447699551e-05,"Naive B","SANBR","down"
1.34757839744198e-30,-0.848137132084638,0.094,0.191,2.53371690287041e-26,"Naive B","ENTPD1-AS1","down"
7.20558490733161e-16,-0.84777630063486,0.03,0.067,1.35479407427649e-11,"Naive B","CAMTA2","down"
2.12448203900676e-06,-0.847400530406299,0.017,0.036,0.0399445112974051,"Naive B","ZBTB37","down"
6.03211008304675e-11,-0.846843128298179,0.299,0.335,1.13415733781445e-06,"Naive B","MYC","down"
4.38285639561145e-08,-0.844185250302365,0.016,0.035,0.000824064659502865,"Naive B","GAA","down"
1.83240884607248e-39,-0.840961690024095,0.121,0.241,3.44529511238547e-35,"Naive B","TRIM8","down"
1.36793181248841e-32,-0.840777951176188,0.151,0.273,2.57198539384071e-28,"Naive B","TBC1D9","down"
2.50648019963491e-06,-0.839153217185745,0.007,0.018,0.0471268407135356,"Naive B","TMCC3","down"
6.80586875915314e-13,-0.839019551076388,0.04,0.08,1.27963944409597e-08,"Naive B","ENSG00000289293","down"
3.06596241714692e-20,-0.838723143765897,0.08,0.152,5.76462253671963e-16,"Naive B","SEMA4D","down"
2.10796396883386e-07,-0.837880478480524,0.019,0.04,0.00396339385420143,"Naive B","POLA1","down"
5.73488123056964e-11,-0.836433116434353,0.021,0.049,1.0782723689717e-06,"Naive B","INPP1","down"
3.43830706164923e-16,-0.835395454616366,0.061,0.118,6.46470493731287e-12,"Naive B","PARD6A","down"
2.03055545701198e-16,-0.834069135228843,0.029,0.065,3.81785037027393e-12,"Naive B","TICAM2","down"
1.71544748408845e-73,-0.833219232929117,0.632,0.766,3.22538435958311e-69,"Naive B","ZEB2","down"
5.92140938199689e-35,-0.831454231436526,0.089,0.187,1.11334339200305e-30,"Naive B","MLLT10","down"
6.86219578071221e-09,-0.831139125366798,0.026,0.053,0.000129023005068951,"Naive B","GRIK1","down"
3.52188061603179e-12,-0.831084083755147,0.025,0.054,6.62183993426297e-08,"Naive B","VPS26B","down"
9.15186686608324e-33,-0.8300337100158,0.071,0.153,1.72073400816097e-28,"Naive B","ANTKMT","down"
8.32885279781145e-12,-0.829989624902348,0.043,0.084,1.56599090304451e-07,"Naive B","SLC7A7","down"
4.81606773548708e-17,-0.829942212855806,0.055,0.109,9.05517055626282e-13,"Naive B","EEF2K","down"
2.83248241489711e-26,-0.828873084812323,0.096,0.186,5.32563343648954e-22,"Naive B","AFDN","down"
4.62434750931019e-38,-0.827218750117504,0.162,0.296,8.69469818700502e-34,"Naive B","TMEM154","down"
4.84388513181785e-09,-0.827078402526329,0.022,0.046,9.10747282484392e-05,"Naive B","HS1BP3","down"
1.26109858924508e-22,-0.826809206500612,0.063,0.13,2.3711175674986e-18,"Naive B","PTPA","down"
9.59816453453223e-11,-0.826320270152632,0.049,0.09,1.80464689578275e-06,"Naive B","PIP5K1B","down"
1.04087575458932e-19,-0.824668160569102,0.05,0.107,1.95705459377883e-15,"Naive B","BBC3","down"
1.60768146558868e-28,-0.823651397934708,0.096,0.187,3.02276269159984e-24,"Naive B","RGS10","down"
3.39664885994744e-10,-0.823251932751383,0.018,0.04,6.38637918647318e-06,"Naive B","TMEM14A","down"
3.22124672623736e-39,-0.821534446688452,0.176,0.316,6.05658809467148e-35,"Naive B","WDFY1","down"
4.71070597788276e-26,-0.820604859259421,0.069,0.143,8.85706937961517e-22,"Naive B","KLHDC4","down"
2.80057162325164e-32,-0.819995342093449,0.093,0.19,5.26563476603774e-28,"Naive B","EIF4EBP1","down"
4.45330822928964e-28,-0.81994436557335,0.09,0.18,8.37311013271038e-24,"Naive B","SLC7A6","down"
3.64337002479618e-12,-0.819605638056584,0.043,0.085,6.85026432062178e-08,"Naive B","RFX2","down"
6.15373836998241e-10,-0.818425858682747,0.052,0.094,1.15702588832409e-05,"Naive B","CNIH2","down"
1.47577881898071e-07,-0.817001286257366,0.027,0.052,0.00277475933544754,"Naive B","DNAAF10","down"
9.77863785421351e-21,-0.815811268612358,0.051,0.107,1.83857948934922e-16,"Naive B","STK39","down"
1.81628853193608e-57,-0.815575109027012,0.309,0.503,3.41498569774622e-53,"Naive B","OGDH","down"
5.35522246560024e-12,-0.815487783207386,0.038,0.077,1.00688892798216e-07,"Naive B","DGAT2","down"
1.02083180941447e-06,-0.81521574852507,0.01,0.024,0.0191936796806108,"Naive B","ENSG00000258666","down"
2.6606217390412e-23,-0.813183458204782,0.074,0.146,5.00250099374526e-19,"Naive B","TMEM250","down"
4.156347021316e-36,-0.812933070966028,0.064,0.15,7.81476366947833e-32,"Naive B","NETO2","down"
8.94274194943598e-19,-0.812847557667456,0.051,0.106,1.68141434133295e-14,"Naive B","TMEM181","down"
3.85552664834661e-14,-0.811723611337843,0.023,0.052,7.24916120422129e-10,"Naive B","ENSG00000267379","down"
1.21617157901303e-21,-0.811025236960134,0.154,0.251,2.2866458028603e-17,"Naive B","CD72","down"
6.75218486348042e-91,-0.810847930686951,0.702,0.833,1.26954579803159e-86,"Naive B","ADGRE5","down"
4.88571669298384e-10,-0.809101590458408,0.029,0.059,9.18612452614821e-06,"Naive B","LRSAM1","down"
4.81520125638934e-22,-0.808183414120829,0.069,0.137,9.05354140226324e-18,"Naive B","TSPAN14","down"
3.7273611428877e-08,-0.807615019267335,0.015,0.032,0.000700818442085745,"Naive B","MORN3","down"
4.23573043254355e-56,-0.805308215132277,0.226,0.406,7.96402035926837e-52,"Naive B","TWF2","down"
1.6732158323354e-17,-0.804660171563742,0.028,0.064,3.14598040795702e-13,"Naive B","TRIB3","down"
5.39319035095277e-40,-0.80384439976622,0.232,0.385,1.01402764978614e-35,"Naive B","SOCS1","down"
2.32221289577837e-47,-0.802642635353342,0.258,0.429,4.36622468664249e-43,"Naive B","GLUD1","down"
3.65035861318923e-24,-0.80202009334763,0.068,0.137,6.8634042645184e-20,"Naive B","TEDC1","down"
9.85365929637974e-08,-0.800695170429425,0.02,0.041,0.00185268502090532,"Naive B","ERFL","down"
4.45051466856383e-07,-0.800546757281081,0.016,0.034,0.00836785767983371,"Naive B","ABHD14A","down"
2.62631190926794e-23,-0.799219766493494,0.122,0.215,4.93799165180558e-19,"Naive B","ANXA4","down"
4.89633887514925e-09,-0.797190375282948,0.025,0.051,9.20609635305562e-05,"Naive B","SLC25A42","down"
1.53910046942107e-17,-0.796108769145692,0.061,0.12,2.8938167026055e-13,"Naive B","SFXN1","down"
5.92000141900175e-10,-0.794837221332688,0.036,0.069,1.11307866680071e-05,"Naive B","SAMD1","down"
2.6418280495499e-38,-0.794828771585446,0.158,0.29,4.96716509876372e-34,"Naive B","CRYBG1","down"
9.31559073422709e-09,-0.794760217073639,0.027,0.053,0.000175151736984938,"Naive B","PLEKHF1","down"
5.18671211987572e-08,-0.793128348398426,0.03,0.056,0.000975205612779033,"Naive B","ALG6","down"
3.07888406778276e-17,-0.793120738477194,0.052,0.104,5.78891782424515e-13,"Naive B","HEG1","down"
5.37511687227993e-11,-0.791230561880904,0.023,0.049,1.01062947432607e-06,"Naive B","ENSG00000290854","down"
1.07217027367835e-09,-0.79063932088531,0.016,0.037,2.01589454857003e-05,"Naive B","PIK3R2","down"
6.30646718902487e-07,-0.789245587956565,0.009,0.022,0.0118574196088046,"Naive B","PABPC4-AS1","down"
6.62539662936263e-14,-0.788400268664787,0.11,0.178,1.24570707425276e-09,"Naive B","RRBP1","down"
2.46629200738086e-08,-0.788322559192209,0.024,0.049,0.000463712223227749,"Naive B","CCDC102A","down"
1.92626355409069e-08,-0.787997607120087,0.019,0.04,0.000362176073440132,"Naive B","PTP4A3","down"
1.43060570877963e-18,-0.785690269188347,0.044,0.092,2.68982485364746e-14,"Naive B","INF2","down"
1.10014174798074e-60,-0.78565603259834,0.32,0.521,2.06848651455339e-56,"Naive B","RFX3","down"
6.37306330105049e-45,-0.784824232722449,0.276,0.444,1.19826336186351e-40,"Naive B","SYK","down"
5.66063830266957e-13,-0.783897725705295,0.024,0.051,1.06431321366793e-08,"Naive B","RPS6KA4","down"
3.12262762195625e-11,-0.783659800271046,0.029,0.06,5.87116445480214e-07,"Naive B","NAIP","down"
7.34602341589246e-41,-0.783637667105103,0.141,0.269,1.3811993226561e-36,"Naive B","TMEM70","down"
6.88692931595115e-17,-0.783458557650952,0.045,0.092,1.29488044998513e-12,"Naive B","ESRRA","down"
2.7756750166133e-95,-0.783260011694085,0.617,0.793,5.21882416623633e-91,"Naive B","AKAP13","down"
8.48317730930547e-10,-0.781787447602217,0.069,0.114,1.59500699769561e-05,"Naive B","NEDD4L","down"
1.67275004982489e-58,-0.781712380240199,0.369,0.566,3.14510464368076e-54,"Naive B","YWHAH","down"
1.68208607990191e-08,-0.780518402568996,0.009,0.021,0.000316265824743157,"Naive B","DVL1","down"
4.86674926108886e-30,-0.78047378282047,0.097,0.19,9.15046196069927e-26,"Naive B","HMGN3","down"
3.14055852380584e-07,-0.779043459534146,0.031,0.057,0.00590487813645973,"Naive B","SV2C","down"
1.859851964573e-07,-0.778558686265103,0.023,0.045,0.00349689366379016,"Naive B","SLC10A7","down"
9.87131787558283e-21,-0.777342159277307,0.048,0.1,1.85600518696708e-16,"Naive B","BRI3BP","down"
5.99467502367661e-10,-0.774193106713239,0.051,0.091,1.12711879795168e-05,"Naive B","SRGAP2B","down"
1.3142295872955e-08,-0.772938150755458,0.02,0.043,0.0002471014470033,"Naive B","ZNF714","down"
5.57784958815192e-28,-0.771027418557907,0.104,0.197,1.04874727956432e-23,"Naive B","SRGAP2","down"
1.83330432803723e-68,-0.771018143750205,0.484,0.675,3.44697879757561e-64,"Naive B","PTPN1","down"
1.10106613566222e-10,-0.770733430738702,0.026,0.054,2.07022454827211e-06,"Naive B","PCCA","down"
1.5067333407151e-45,-0.770347328999923,0.163,0.304,2.83296002721254e-41,"Naive B","DYNLT1","down"
5.6993187796162e-14,-0.770023696143423,0.03,0.065,1.07158591694344e-09,"Naive B","TRIM34","down"
1.08602708992379e-10,-0.769419945987731,0.11,0.167,2.04194813447472e-06,"Naive B","MIR4435-2HG","down"
1.15280183697577e-12,-0.767557552339945,0.036,0.072,2.16749801388184e-08,"Naive B","STS","down"
1.67114187091623e-41,-0.766970526988898,0.132,0.255,3.14208094569669e-37,"Naive B","NCF4","down"
1.33737487858709e-74,-0.764412066855214,0.478,0.689,2.51453224671944e-70,"Naive B","ACP5","down"
9.43099328928996e-31,-0.76430334781782,0.119,0.221,1.7732153582523e-26,"Naive B","PARP4","down"
6.05458724410961e-60,-0.764233147433915,0.345,0.546,1.13838349363749e-55,"Naive B","CD63","down"
5.11153765372878e-16,-0.763214414995863,0.063,0.12,9.61071309654086e-12,"Naive B","CCSAP","down"
1.433353988386e-06,-0.763112941791175,0.021,0.04,0.0269499216896336,"Naive B","FPGT","down"
3.30997246739782e-15,-0.761173137617502,0.074,0.134,6.22341023320137e-11,"Naive B","DIP2A","down"
1.47173333713811e-13,-0.760176260812833,0.019,0.045,2.76715302048707e-09,"Naive B","PMS2","down"
7.67956923928419e-11,-0.759372477615945,0.017,0.04,1.44391260837021e-06,"Naive B","ENSG00000228427","down"
5.42230759317025e-75,-0.759212853783672,0.66,0.812,1.01950227366787e-70,"Naive B","AHNAK","down"
1.30498570037201e-86,-0.759122025947876,0.568,0.77,2.45363411383946e-82,"Naive B","VOPP1","down"
9.38747777214324e-12,-0.759014194374489,0.025,0.053,1.76503357071837e-07,"Naive B","HEATR3","down"
7.92078746291225e-21,-0.758523205686349,0.12,0.206,1.48926645877676e-16,"Naive B","JAK2","down"
3.42223843456366e-10,-0.757175795081586,0.019,0.041,6.43449270466659e-06,"Naive B","NAA40","down"
9.53375096916257e-08,-0.757007391941485,0.017,0.036,0.00179253585722195,"Naive B","HHAT","down"
2.80449709982647e-24,-0.756910071632289,0.044,0.096,5.27301544709372e-20,"Naive B","CSRP1","down"
9.65784070205933e-84,-0.756320551249568,0.506,0.718,1.81586720880119e-79,"Naive B","PKM","down"
2.07716942816038e-06,-0.754603216843638,0.017,0.034,0.0390549395882715,"Naive B","PCYOX1","down"
1.19078884161856e-09,-0.754544817063348,0.02,0.042,2.23892118001121e-05,"Naive B","MORC2","down"
3.22274723823644e-51,-0.754484440331931,0.284,0.466,6.05940935733216e-47,"Naive B","NLRC5","down"
6.73012525320315e-28,-0.754420704674399,0.089,0.171,1.26539815010726e-23,"Naive B","CTSA","down"
8.01617863070154e-40,-0.754289184420803,0.141,0.268,1.5072019061445e-35,"Naive B","IGFLR1","down"
1.55236829802109e-22,-0.753926721225282,0.066,0.129,2.91876287393926e-18,"Naive B","INPP5B","down"
1.46357839687678e-13,-0.753543028471042,0.023,0.051,2.75182010180772e-09,"Naive B","MVP-DT","down"
4.60005795323027e-87,-0.753479039153077,0.728,0.865,8.64902896366355e-83,"Naive B","CD52","down"
8.20164450466197e-27,-0.752811037063377,0.103,0.193,1.54207319976654e-22,"Naive B","GTDC1","down"
2.49559840249186e-06,-0.752292414899666,0.016,0.034,0.046922241163652,"Naive B","INSL6","down"
3.73620682222566e-23,-0.75205531638016,0.145,0.243,7.02481606714869e-19,"Naive B","LYPLAL1","down"
7.80106384147182e-32,-0.751696402029892,0.093,0.183,1.46675602347353e-27,"Naive B","RPA1","down"
4.21373540764097e-23,-0.750768260383139,0.05,0.106,7.92266531344654e-19,"Naive B","SLC12A2-DT","down"
1.15647687624597e-09,-0.74968758507017,0.014,0.031,2.17440782271767e-05,"Naive B","AP1S1","down"
3.25666965427972e-13,-0.74900352007684,0.046,0.088,6.12319028397672e-09,"Naive B","WDR3","down"
8.43432608622849e-15,-0.747991648806177,0.032,0.068,1.58582199073268e-10,"Naive B","ZC2HC1A","down"
4.72370707114894e-21,-0.747954113597915,0.089,0.165,8.88151403517424e-17,"Naive B","CAMKMT","down"
4.43323383736331e-25,-0.747237921864255,0.102,0.187,8.33536626101049e-21,"Naive B","SLC25A13","down"
8.55323839378032e-13,-0.747110016986336,0.029,0.061,1.60817988279858e-08,"Naive B","PRKAR1B","down"
3.14960059120941e-16,-0.746624593954395,0.04,0.082,5.92187903159193e-12,"Naive B","COX10-DT","down"
4.72156248106522e-09,-0.746295895589705,0.025,0.051,8.87748177689882e-05,"Naive B","TTYH3","down"
5.65426850506717e-31,-0.745288339952471,0.172,0.293,1.06311556432273e-26,"Naive B","NUDT4","down"
4.6193494498399e-10,-0.74518627464823,0.029,0.058,8.68530083558898e-06,"Naive B","ANXA2R-AS1","down"
1.04613108657857e-13,-0.744529795891072,0.05,0.094,1.96693566898503e-09,"Naive B","NEK11","down"
1.2780461745799e-19,-0.741829297356212,0.051,0.103,2.40298241744513e-15,"Naive B","VPS18","down"
1.50230893798922e-47,-0.740461352523234,0.59,0.715,2.82464126520733e-43,"Naive B","MEF2C","down"
7.02494261331262e-17,-0.738862235946415,0.022,0.058,1.32082971015504e-12,"Naive B","IFIT2","down"
2.92218637915921e-44,-0.73811437215857,0.316,0.486,5.49429483009515e-40,"Naive B","IFITM2","down"
2.13727406347408e-07,-0.737817682442254,0.015,0.032,0.00401850269414396,"Naive B","GRPEL2","down"
1.04003402637317e-06,-0.73683079260311,0.025,0.047,0.0195547197638683,"Naive B","USP13","down"
4.26494079992391e-12,-0.733989169090034,0.027,0.056,8.01894169201694e-08,"Naive B","SLC15A3","down"
3.44958232290881e-11,-0.732905419483881,0.033,0.066,6.48590468353315e-07,"Naive B","TSEN54","down"
4.11799971210883e-13,-0.729182211719349,0.042,0.082,7.74266305870703e-09,"Naive B","SLC25A43","down"
2.37693290293136e-18,-0.72891509839588,0.039,0.082,4.46910924409154e-14,"Naive B","RIOX2","down"
3.08688039890589e-19,-0.728263401681789,0.062,0.12,5.80395252602286e-15,"Naive B","AGPS","down"
9.40268938629825e-16,-0.728056022978455,0.05,0.097,1.7678936584118e-11,"Naive B","IQCG","down"
5.87878065499973e-62,-0.727762663475358,0.409,0.61,1.10532833875305e-57,"Naive B","CTSZ","down"
1.25748323425399e-14,-0.727153055462911,0.065,0.118,2.36431997704435e-10,"Naive B","MAST3","down"
4.71958962734343e-14,-0.726602160602349,0.026,0.057,8.87377241733111e-10,"Naive B","GSS","down"
3.5740751814076e-16,-0.725991629327749,0.036,0.076,6.71997615608257e-12,"Naive B","TM7SF3","down"
7.25578766981788e-42,-0.724600448961401,0.26,0.421,1.36423319767916e-37,"Naive B","MTHFD2","down"
1.75639279931693e-08,-0.722868671205706,0.01,0.024,0.000330236974127569,"Naive B","NOTCH2NLR","down"
3.81842484878329e-11,-0.722408184530816,0.029,0.059,7.17940240068235e-07,"Naive B","NLRC3","down"
2.89363671337035e-16,-0.721190897690805,0.078,0.14,5.44061574847894e-12,"Naive B","PITPNC1","down"
1.86400664815167e-19,-0.721173802266194,0.055,0.108,3.50470529985476e-15,"Naive B","NIPA1","down"
8.40713425704648e-39,-0.720250571756772,0.218,0.365,1.58070938300988e-34,"Naive B","TMEM43","down"
1.51538213499606e-16,-0.717538238242298,0.016,0.045,2.84922149021959e-12,"Naive B","BATF","down"
2.52390835795821e-10,-0.71742864086684,0.03,0.059,4.74545249463303e-06,"Naive B","CDKN2A","down"
1.83508386038563e-38,-0.717168190686069,0.146,0.269,3.45032467429706e-34,"Naive B","UPF3A","down"
4.68033085612349e-58,-0.716951142155694,0.418,0.61,8.79995807568339e-54,"Naive B","WNK1","down"
6.97788481954122e-14,-0.716227778136959,0.036,0.074,1.31198190377014e-09,"Naive B","PUS7","down"
7.32662244423562e-13,-0.714494186845759,0.047,0.089,1.37755155196518e-08,"Naive B","BTN3A1","down"
1.09031635504057e-43,-0.713364539732958,0.149,0.28,2.05001281074727e-39,"Naive B","SUN1","down"
1.37655989931744e-64,-0.713298993733357,0.495,0.689,2.58820792269665e-60,"Naive B","CD58","down"
6.18011833819467e-32,-0.713170385722088,0.167,0.287,1.16198584994736e-27,"Naive B","PREX1","down"
9.76013614139088e-41,-0.71294214983067,0.423,0.576,1.83510079730431e-36,"Naive B","GGA2","down"
3.52401035124888e-21,-0.712214367181718,0.11,0.193,6.62584426241814e-17,"Naive B","PIK3R5","down"
1.17349663866857e-14,-0.711807062968902,0.047,0.09,2.20640838002465e-10,"Naive B","PHF2","down"
1.22656295749539e-11,-0.710666077646882,0.036,0.069,2.30618367268283e-07,"Naive B","CC2D1A","down"
1.09231887339107e-41,-0.710630053891638,0.565,0.688,2.05377794574989e-37,"Naive B","LITAF","down"
2.99749199174328e-08,-0.710553551771554,0.032,0.059,0.000563588444287571,"Naive B","ENSG00000261573","down"
2.32751105108259e-12,-0.709782752510035,0.027,0.056,4.37618627824548e-08,"Naive B","TUBG1","down"
1.67572905351842e-27,-0.70815860527412,0.196,0.314,3.15070576642534e-23,"Naive B","VSIR","down"
4.15128865457176e-08,-0.708020227704987,0.01,0.025,0.000780525292832583,"Naive B","NETO1","down"
4.87544570134856e-12,-0.707129427443524,0.052,0.095,9.16681300767557e-08,"Naive B","MGAT4A","down"
4.21008822345442e-49,-0.706426224843909,0.206,0.365,7.91580787773899e-45,"Naive B","C4orf48","down"
1.10399211010351e-14,-0.706071656336532,0.056,0.104,2.07572596541662e-10,"Naive B","ENO2","down"
1.66199229516428e-46,-0.704541900428926,0.377,0.551,3.12487791336788e-42,"Naive B","PPP1R16B","down"
1.21091700072191e-30,-0.702926951739209,0.203,0.33,2.27676614475733e-26,"Naive B","ENSG00000290192","down"
8.60245711942335e-39,-0.702628139074645,0.114,0.219,1.61743398759398e-34,"Naive B","MLX","down"
1.56063317648209e-12,-0.701874418149058,0.035,0.069,2.93430249842162e-08,"Naive B","TRMT61A","down"
2.38124800625999e-60,-0.701169540786949,0.527,0.698,4.47722250137004e-56,"Naive B","RAPGEF1","down"
1.90635784950885e-20,-0.701073671322197,0.097,0.171,3.58433402864655e-16,"Naive B","ENSG00000291055","down"
2.84668857006898e-09,-0.700927052604293,0.021,0.044,5.35234384944369e-05,"Naive B","LINC02976","down"
1.47647689118452e-15,-0.700740573305265,0.028,0.061,2.77607185080513e-11,"Naive B","BPNT1","down"
5.78261788368323e-13,-0.700431502451675,0.064,0.113,1.08724781449012e-08,"Naive B","ENSG00000290548","down"
1.0187864536936e-18,-0.700088989709026,0.046,0.092,1.91552229023471e-14,"Naive B","LMNB1","down"
1.6565753274587e-11,-0.700019226208107,0.035,0.069,3.11469293068785e-07,"Naive B","LSS","down"
9.39184779072233e-22,-0.699744092135026,0.141,0.233,1.76585522161161e-17,"Naive B","UGCG","down"
1.32851814367616e-12,-0.697775992764718,0.036,0.072,2.49787981373991e-08,"Naive B","PHACTR2","down"
2.494710252795e-08,-0.697665662468145,0.021,0.042,0.000469055421730516,"Naive B","ENSG00000231873","down"
6.34706131145694e-07,-0.697375073445602,0.03,0.055,0.0119337446778013,"Naive B","GCNT2","down"
2.17829640612124e-43,-0.696586114720696,0.259,0.422,4.09563290278916e-39,"Naive B","MCM5","down"
1.05850406167113e-23,-0.695616296799832,0.081,0.153,1.99019933675406e-19,"Naive B","RNF121","down"
2.17100319445931e-39,-0.693660169123293,0.151,0.277,4.0819202062224e-35,"Naive B","ARRB2","down"
2.23648612407678e-09,-0.692898152400548,0.019,0.04,4.20504121048917e-05,"Naive B","LRRC56","down"
8.12267881862696e-14,-0.692174631364506,0.066,0.117,1.52722607147824e-09,"Naive B","PPM1L","down"
2.87922286643264e-32,-0.692015668142683,0.167,0.287,5.41351483346665e-28,"Naive B","ODF3B","down"
2.12842805654337e-20,-0.691497573185858,0.073,0.138,4.00187043191285e-16,"Naive B","KIF21B","down"
1.090280936549e-07,-0.690860408592286,0.031,0.056,0.00204994621689944,"Naive B","APOBEC3D","down"
7.8872386635018e-14,-0.690789791386083,0.03,0.064,1.48295861351161e-09,"Naive B","ENSG00000273272","down"
2.82283231754374e-07,-0.690777115277843,0.03,0.055,0.00530748932344575,"Naive B","LINC01374","down"
1.65759620262455e-37,-0.690219181191399,0.21,0.352,3.11661238017469e-33,"Naive B","PIP4K2A","down"
1.39503979843983e-12,-0.690116476927741,0.101,0.161,2.62295382902656e-08,"Naive B","FCRL5","down"
2.21401643661441e-19,-0.688294110726508,0.056,0.109,4.16279370412241e-15,"Naive B","MYBBP1A","down"
9.22482095833327e-57,-0.685417119314751,0.469,0.651,1.73445083658582e-52,"Naive B","POU2F2","down"
2.14450876920561e-06,-0.685415269168169,0.011,0.023,0.0403210538786039,"Naive B","MBOAT1","down"
2.76926051112778e-09,-0.685045806620039,0.023,0.046,5.20676361302245e-05,"Naive B","INSYN2B","down"
5.30716652469094e-36,-0.684715107913377,0.206,0.343,9.9785344997239e-32,"Naive B","TBL1XR1","down"
3.86433113876641e-12,-0.684553893048094,0.045,0.083,7.2657154071086e-08,"Naive B","LRRC37A2","down"
1.65916346154653e-44,-0.684492045235864,0.329,0.501,3.11955914039978e-40,"Naive B","SH3KBP1","down"
9.28300737814505e-10,-0.684267133282065,0.04,0.074,1.74539104723883e-05,"Naive B","FRY","down"
2.40283812283351e-27,-0.683897705499623,0.097,0.181,4.51781623855157e-23,"Naive B","TBC1D9B","down"
4.41428823447864e-10,-0.682700597034389,0.038,0.071,8.29974473846673e-06,"Naive B","MAGEF1","down"
1.56919418578925e-11,-0.682517914957476,0.029,0.058,2.95039890812095e-07,"Naive B","PPM1M","down"
4.36688040129675e-17,-0.682307165117472,0.089,0.156,8.21060853051815e-13,"Naive B","SLC1A4","down"
1.73087765217293e-08,-0.681964508257898,0.015,0.033,0.000325439616161555,"Naive B","TMEM116","down"
3.92320690650525e-11,-0.681072441614949,0.021,0.045,7.37641362561117e-07,"Naive B","PTER","down"
5.98143953771174e-29,-0.680535255855692,0.161,0.272,1.12463026188056e-24,"Naive B","JADE2","down"
3.64557632296881e-17,-0.680265196666108,0.044,0.088,6.85441260244596e-13,"Naive B","RHOT1","down"
3.83683860290984e-39,-0.68002072278226,0.27,0.426,7.21402394119108e-35,"Naive B","RGS19","down"
1.01071030208157e-24,-0.679653986471312,0.166,0.273,1.90033750997376e-20,"Naive B","LRRC8C","down"
1.05529095492354e-16,-0.679415062767352,0.062,0.115,1.98415805344724e-12,"Naive B","FBXW8","down"
3.52438243117254e-07,-0.679158093139678,0.023,0.044,0.00662654384709062,"Naive B","ENSG00000283696","down"
3.52743238541756e-28,-0.678577142656807,0.141,0.245,6.63227837106209e-24,"Naive B","TMEM65","down"
5.61428285343775e-12,-0.677501123426636,0.047,0.087,1.05559746210337e-07,"Naive B","METTL8","down"
1.24987963904154e-35,-0.676685906619836,0.238,0.381,2.35002369732591e-31,"Naive B","IL10RA","down"
1.12148633299801e-20,-0.675483029322995,0.111,0.192,2.10861860330286e-16,"Naive B","TMEM163","down"
2.83885865928484e-35,-0.675239086092472,0.19,0.32,5.33762205118737e-31,"Naive B","SNN","down"
7.0079574198655e-14,-0.674649576893577,0.049,0.092,1.31763615408311e-09,"Naive B","CIC","down"
1.3557903897365e-49,-0.674213600291152,0.25,0.419,2.54915709078256e-45,"Naive B","LDHB","down"
1.85735325745329e-08,-0.67391056549297,0.05,0.085,0.000349219559466368,"Naive B","CNR1","down"
1.65631522088617e-31,-0.673659978550615,0.335,0.474,3.11420387831018e-27,"Naive B","SMIM14","down"
9.70638778003597e-85,-0.673105463670602,0.838,0.92,1.82499503040236e-80,"Naive B","ACTG1","down"
1.42523740582811e-15,-0.672950717956992,0.081,0.142,2.67973137043801e-11,"Naive B","DOCK4","down"
2.97876129177518e-12,-0.672507603067779,0.037,0.071,5.6006669807957e-08,"Naive B","POU2F2-AS1","down"
2.56571856069182e-39,-0.672250163604811,0.394,0.546,4.82406403781275e-35,"Naive B","ARL6IP5","down"
1.33663104450528e-28,-0.671852032612752,0.088,0.166,2.51313368987883e-24,"Naive B","GLRX2","down"
2.25298539765697e-11,-0.671559412858833,0.022,0.047,4.23606314467463e-07,"Naive B","RRAGD","down"
2.79965643790243e-29,-0.6709514467517,0.103,0.191,5.26391403454414e-25,"Naive B","TFDP1","down"
3.39637632406125e-07,-0.670137746199351,0.032,0.057,0.00638586676449996,"Naive B","DPY19L2P2","down"
1.74731142182249e-06,-0.669213747219393,0.021,0.04,0.0328529493531065,"Naive B","L3HYPDH","down"
8.0126229404474e-16,-0.668907599156065,0.045,0.088,1.50653336526292e-11,"Naive B","B3GNT7","down"
1.32327160871194e-17,-0.666358399551895,0.043,0.085,2.48801527870019e-13,"Naive B","RMND1","down"
6.35203389841011e-22,-0.665298425177995,0.063,0.122,1.19430941357907e-17,"Naive B","NCR3","down"
6.95337793081609e-09,-0.66428530061733,0.05,0.085,0.000130737411855204,"Naive B","TMEM268","down"
1.90490824154362e-19,-0.664235484489201,0.045,0.091,3.58160847575031e-15,"Naive B","TBC1D19","down"
1.12953250018772e-08,-0.664212869176275,0.031,0.058,0.000212374700685295,"Naive B","CNFN","down"
2.11338667009841e-16,-0.663298276055139,0.151,0.233,3.97358961711903e-12,"Naive B","IFITM1","down"
2.52723020235976e-22,-0.663234611039155,0.092,0.166,4.75169822647683e-18,"Naive B","TAF1B","down"
2.72652082208829e-34,-0.662061711778963,0.111,0.209,5.12640444969041e-30,"Naive B","MED29","down"
2.95422222964374e-12,-0.661645866829387,0.025,0.052,5.55452863617617e-08,"Naive B","VWA8","down"
1.91166485857361e-24,-0.66052446613116,0.092,0.168,3.5943122670901e-20,"Naive B","RAB24","down"
1.55504743836254e-13,-0.657997272543002,0.073,0.125,2.92380019360926e-09,"Naive B","DUS2","down"
2.94562034969518e-30,-0.657952599196122,0.159,0.27,5.53835538149688e-26,"Naive B","DCTPP1","down"
7.4593946532824e-20,-0.657780679251885,0.085,0.153,1.40251538271016e-15,"Naive B","ENSG00000291066","down"
1.01699886549845e-08,-0.657441093560311,0.037,0.066,0.000191216126691019,"Naive B","ENSG00000269954","down"
6.65579146518319e-09,-0.657052469732204,0.017,0.036,0.000125142191128374,"Naive B","UNG","down"
9.01448939638436e-50,-0.656515000374477,0.503,0.669,1.69490429630819e-45,"Naive B","MTSS1","down"
4.23266025369431e-07,-0.656102542065947,0.014,0.029,0.00795824780899604,"Naive B","KIFC2","down"
1.34576587242067e-38,-0.655752313383763,0.302,0.46,2.53030899332534e-34,"Naive B","EEA1","down"
3.36063767483845e-87,-0.655461891091286,0.813,0.912,6.31867095623126e-83,"Naive B","LMNA","down"
1.9104190511938e-28,-0.655333720782167,0.116,0.208,3.59196990005458e-24,"Naive B","FGD2","down"
5.26302953193202e-12,-0.654813771222726,0.035,0.068,9.89554812593858e-08,"Naive B","HRK","down"
1.21423549193815e-26,-0.654270891215553,0.156,0.26,2.28300557194212e-22,"Naive B","MGMT","down"
9.4461661447769e-09,-0.654232809174111,0.009,0.022,0.000177606815854095,"Naive B","POLR1G","down"
5.95657134604102e-24,-0.653786284717367,0.099,0.178,1.11995454448263e-19,"Naive B","RAD50","down"
3.33505404334952e-07,-0.653637136686007,0.02,0.039,0.00627056861230577,"Naive B","GHDC","down"
1.33731150609648e-23,-0.653562282153563,0.073,0.139,2.5144130937626e-19,"Naive B","KIF3B","down"
2.21013631573757e-07,-0.653050822561144,0.025,0.046,0.00415549830084978,"Naive B","PPP2R5B","down"
1.83331592885461e-09,-0.652914584067473,0.024,0.046,3.44700060943243e-05,"Naive B","SFT2D3","down"
3.47183365440507e-37,-0.652900301229129,0.347,0.504,6.52774163701242e-33,"Naive B","CNIH1","down"
3.37864445310481e-11,-0.652241822909494,0.038,0.072,6.35252730072767e-07,"Naive B","SPATA5L1","down"
1.74122019112143e-29,-0.652221462970762,0.134,0.236,3.27384220334651e-25,"Naive B","NSMAF","down"
7.60338364190052e-21,-0.652101605268431,0.076,0.139,1.42958819235014e-16,"Naive B","NFE2L1","down"
1.17858413442785e-14,-0.652019650580598,0.055,0.101,2.21597388955124e-10,"Naive B","PTPRO","down"
7.00610442985768e-15,-0.651520480236258,0.037,0.074,1.31728775490184e-10,"Naive B","AMZ1","down"
3.68986333976312e-12,-0.651342184561778,0.026,0.052,6.93768105142262e-08,"Naive B","ENSG00000291159","down"
1.31491531174724e-58,-0.650411209868423,0.274,0.464,2.47230376914716e-54,"Naive B","SIK1","down"
3.8925464674938e-18,-0.649841216768915,0.055,0.104,7.31876586818184e-14,"Naive B","EXOSC5","down"
2.24276817015489e-34,-0.648898805490844,0.339,0.489,4.21685271352522e-30,"Naive B","CBLB","down"
9.06488227353688e-14,-0.64889757271219,0.048,0.088,1.7043791650704e-09,"Naive B","STYXL1","down"
1.46263495017934e-13,-0.648770888702454,0.04,0.077,2.7500462333272e-09,"Naive B","MTHFD1","down"
3.17091526964006e-58,-0.648554561556173,0.599,0.752,5.96195488997724e-54,"Naive B","ANXA2","down"
2.87437870292067e-10,-0.648313796760807,0.06,0.102,5.40440683723144e-06,"Naive B","VPS45","down"
4.12382869389019e-09,-0.64820312635189,0.038,0.068,7.75362271025234e-05,"Naive B","CEP250","down"
7.90805672058605e-15,-0.648173684471148,0.044,0.084,1.48687282460459e-10,"Naive B","EHMT2","down"
2.71699850184361e-10,-0.647356574331308,0.022,0.044,5.10850058316636e-06,"Naive B","PRH1","down"
7.24166911523108e-27,-0.64725667972589,0.074,0.145,1.36157862704575e-22,"Naive B","SEPTIN11","down"
4.0496756392144e-16,-0.64690334811779,0.086,0.147,7.61420013685091e-12,"Naive B","CPEB4","down"
5.31130449504163e-14,-0.646453246333896,0.039,0.076,9.98631471157728e-10,"Naive B","APPAT","down"
8.1812654187547e-60,-0.646025928311088,0.272,0.462,1.53824152403426e-55,"Naive B","RAB31","down"
1.01992766175443e-07,-0.645572940581046,0.022,0.042,0.00191766798963068,"Naive B","PTGR3","down"
2.21076470699186e-16,-0.644710536397874,0.061,0.114,4.1566798020861e-12,"Naive B","JDP2","down"
7.43834016546866e-15,-0.644602036748431,0.07,0.124,1.39855671791142e-10,"Naive B","TLR10","down"
6.64793723957424e-08,-0.644155108730402,0.03,0.054,0.00124994515978475,"Naive B","ZFYVE21","down"
1.81414918328563e-18,-0.644154432514668,0.033,0.069,3.41096329441364e-14,"Naive B","NAXD","down"
5.86958010295547e-33,-0.642697578872249,0.157,0.27,1.10359845095769e-28,"Naive B","ABHD17A","down"
2.88497359796261e-12,-0.641629415632544,0.032,0.063,5.4243273588893e-08,"Naive B","ENSG00000275119","down"
1.70258638582646e-06,-0.639952034063736,0.011,0.024,0.0320120292263091,"Naive B","RDH13","down"
1.8316859647487e-07,-0.639195903405925,0.018,0.036,0.0034439359509205,"Naive B","FAM78A","down"
2.56520895859227e-07,-0.63878556006885,0.043,0.073,0.00482310588394518,"Naive B","DNHD1","down"
3.3250745997943e-10,-0.638407332396098,0.047,0.083,6.25180526253324e-06,"Naive B","ZNF827","down"
8.42284072169122e-09,-0.638307212788361,0.021,0.043,0.000158366251249238,"Naive B","ENSG00000227741","down"
6.45128491463952e-38,-0.638298204140594,0.199,0.335,1.21297058965052e-33,"Naive B","ACOT9","down"
6.68250744419972e-28,-0.638275225995882,0.133,0.23,1.25644504965843e-23,"Naive B","SELENOW","down"
4.60052375723056e-27,-0.637697932544113,0.271,0.399,8.64990476834491e-23,"Naive B","LY6E","down"
2.49358088110908e-26,-0.637001653753169,0.124,0.215,4.6884307726613e-22,"Naive B","TCIRG1","down"
1.84104297587245e-11,-0.636661331888866,0.175,0.246,3.46152900323537e-07,"Naive B","IGHG3","down"
1.24939015673552e-43,-0.636586701194941,0.192,0.334,2.34910337269412e-39,"Naive B","MFSD10","down"
3.35989362889692e-25,-0.636513267264811,0.143,0.238,6.31727200105199e-21,"Naive B","USF1","down"
5.76252887321056e-48,-0.636386485973361,0.432,0.611,1.08347067874105e-43,"Naive B","CXXC5","down"
2.30118747728698e-58,-0.636139009073577,0.627,0.781,4.32669269479499e-54,"Naive B","GPR183","down"
1.92144795832258e-28,-0.635482774905084,0.124,0.219,3.61270645123812e-24,"Naive B","DNAAF2","down"
4.57432614205474e-32,-0.63521170543625,0.156,0.269,8.60064801229132e-28,"Naive B","UBE2J1","down"
5.72338142544079e-17,-0.635116287298175,0.089,0.152,1.07611017561138e-12,"Naive B","RALB","down"
2.41995764367193e-21,-0.634910686990316,0.226,0.333,4.55000436163197e-17,"Naive B","RIN3","down"
1.77363576649578e-86,-0.633816755581742,0.702,0.859,3.33478996816537e-82,"Naive B","CD99","down"
1.15080160957155e-15,-0.633308029689251,0.081,0.139,2.16373718631642e-11,"Naive B","PDLIM7","down"
2.70935548889664e-09,-0.632224644903093,0.026,0.049,5.09413019022347e-05,"Naive B","PPP1R3D","down"
1.19539577225229e-22,-0.631779469782498,0.206,0.314,2.24758313098875e-18,"Naive B","MACF1","down"
4.68253385728418e-23,-0.63164906871533,0.142,0.236,8.80410015846571e-19,"Naive B","AHR","down"
1.36565948124923e-30,-0.631574699074397,0.112,0.205,2.5677129566448e-26,"Naive B","SLC43A2","down"
5.29333328281262e-40,-0.631297080214308,0.268,0.424,9.95252523834429e-36,"Naive B","PXK","down"
4.70523333404611e-21,-0.630906626307079,0.135,0.222,8.8467797146735e-17,"Naive B","SERTAD2","down"
1.21503885760535e-38,-0.630824314729224,0.18,0.307,2.28451606006958e-34,"Naive B","PIGT","down"
2.54193235931535e-28,-0.630527091460845,0.343,0.476,4.77934122198471e-24,"Naive B","BLK","down"
1.94209327923226e-16,-0.630180192382428,0.046,0.089,3.6515237836125e-12,"Naive B","GLRX","down"
2.34776441386461e-07,-0.62991947275273,0.016,0.034,0.00441426665094824,"Naive B","H2AC25","down"
4.09754319923188e-08,-0.629843056617415,0.023,0.045,0.000770420072319579,"Naive B","KLF8","down"
1.47568662557293e-16,-0.629382140294144,0.062,0.113,2.77458599340222e-12,"Naive B","KLHL21","down"
1.47655095786018e-06,-0.629262833762673,0.009,0.02,0.0277621111096872,"Naive B","AGFG2","down"
6.1731298849774e-14,-0.628365894461523,0.056,0.101,1.16067188097345e-09,"Naive B","UBXN11","down"
3.52730941131431e-21,-0.627696829147495,0.081,0.148,6.63204715515316e-17,"Naive B","HIVEP3","down"
2.69802234648047e-07,-0.627468629898725,0.008,0.019,0.00507282161585258,"Naive B","GALNT14","down"
2.79440238542674e-28,-0.62657781873582,0.191,0.307,5.25403536507936e-24,"Naive B","ASAH1","down"
7.85933029432694e-49,-0.626422775946721,0.342,0.524,1.47771128193935e-44,"Naive B","CAPG","down"
1.89289919385362e-16,-0.625794304596495,0.084,0.145,3.55902906428358e-12,"Naive B","MMS19","down"
3.64262214486573e-19,-0.625596345866807,0.052,0.101,6.84885815677655e-15,"Naive B","NBEAL2","down"
2.36887609648447e-37,-0.62482296920179,0.339,0.496,4.45396083661009e-33,"Naive B","MYO9B","down"
2.39500987836372e-16,-0.623664162476453,0.028,0.058,4.50309757329946e-12,"Naive B","SLC27A4","down"
4.95344395685438e-25,-0.623631318237674,0.089,0.164,9.3134653276776e-21,"Naive B","COA6","down"
7.42470972240522e-11,-0.623140087478909,0.03,0.058,1.39599392200663e-06,"Naive B","LZTR1","down"
5.7070907605469e-20,-0.623094357796532,0.077,0.137,1.07304720479803e-15,"Naive B","ALG3","down"
8.74981727366509e-22,-0.622502474446636,0.112,0.191,1.64514064379451e-17,"Naive B","ERCC6","down"
4.76069276056877e-09,-0.622289810440152,0.048,0.082,8.9510545284214e-05,"Naive B","SH2D3C","down"
6.34901922269641e-29,-0.622176003046965,0.143,0.244,1.19374259425138e-24,"Naive B","BCL7C","down"
3.80856682131213e-09,-0.622156889453001,0.023,0.045,7.16086733743107e-05,"Naive B","TOR4A","down"
4.14166101519157e-36,-0.620437816803965,0.407,0.563,7.78715104076319e-32,"Naive B","BCL2A1","down"
1.24664784792875e-11,-0.620203796857254,0.062,0.106,2.34394728367564e-07,"Naive B","SCML4","down"
3.89654868438042e-29,-0.620098053404887,0.087,0.162,7.32629083637207e-25,"Naive B","ADCK2","down"
1.38950025313062e-26,-0.619465882955974,0.15,0.251,2.6125383759362e-22,"Naive B","LY86","down"
1.4425251139713e-11,-0.619374507421861,0.019,0.039,2.71223571928883e-07,"Naive B","EEF1AKMT4","down"
3.71061638485606e-41,-0.618683155252493,0.377,0.544,6.97670092680636e-37,"Naive B","IRAG2","down"
1.58907831804745e-43,-0.618512520626365,0.222,0.372,2.98778505359282e-39,"Naive B","CASP8","down"
8.37438647937806e-16,-0.617547125410607,0.042,0.08,1.57455214585266e-11,"Naive B","CPTP","down"
2.24127221778664e-21,-0.616816142831782,0.064,0.121,4.21404002388245e-17,"Naive B","LDAH","down"
1.85183110237777e-32,-0.616715787670064,0.198,0.324,3.48181283869068e-28,"Naive B","ACSL1","down"
1.87552944897979e-11,-0.614013403395844,0.036,0.068,3.52637046997179e-07,"Naive B","MIATNB","down"
6.49709824725352e-24,-0.613230174526785,0.067,0.127,1.22158441244861e-19,"Naive B","ITPK1","down"
6.02099504376547e-16,-0.613022824978441,0.064,0.113,1.13206748812878e-11,"Naive B","SLC35B2","down"
5.38242773848261e-22,-0.612756524806429,0.245,0.357,1.0120040633895e-17,"Naive B","INPP5F","down"
1.26575900177452e-16,-0.612379421361454,0.048,0.091,2.37988007513645e-12,"Naive B","ORMDL3","down"
4.84130608717077e-40,-0.612253716464662,0.38,0.544,9.10262370509849e-36,"Naive B","CEP170","down"
1.64564364562233e-14,-0.612176800641914,0.078,0.132,3.09413918249911e-10,"Naive B","ATAD3B","down"
1.09990933365651e-37,-0.611610480009203,0.216,0.355,2.06804952914096e-33,"Naive B","PRKX","down"
3.14040961506223e-09,-0.611571235281067,0.033,0.06,5.90459815824001e-05,"Naive B","CDKL1","down"
2.78492385422167e-28,-0.611499632213726,0.085,0.161,5.23621383070759e-24,"Naive B","HK1","down"
1.45145611586442e-16,-0.610105770472037,0.076,0.132,2.72902778904828e-12,"Naive B","TBC1D7","down"
2.70626464520973e-11,-0.609161006253608,0.018,0.038,5.08831878592333e-07,"Naive B","ZNF25","down"
6.56580226354054e-09,-0.6090963252649,0.023,0.044,0.000123450214159089,"Naive B","LTBP4","down"
2.21235380121241e-22,-0.608906096087951,0.078,0.143,4.15966761703958e-18,"Naive B","GLB1","down"
1.40573623813046e-14,-0.608846193564423,0.057,0.103,2.64306527493288e-10,"Naive B","MINK1","down"
8.76878721206358e-09,-0.608817894858792,0.018,0.037,0.000164870737161219,"Naive B","CENPV","down"
5.16498834047173e-07,-0.608668652180323,0.019,0.037,0.00971121107775495,"Naive B","ENSG00000272918","down"
2.89033512003134e-20,-0.608584038602638,0.061,0.115,5.43440809268293e-16,"Naive B","RABGGTA","down"
4.30340519467138e-10,-0.608425638107964,0.035,0.064,8.09126244702113e-06,"Naive B","ZNF337","down"
6.01735726976735e-10,-0.608039360668172,0.039,0.069,1.13138351386166e-05,"Naive B","IQCN","down"
4.2973330597712e-16,-0.607802450652359,0.031,0.063,8.0798456189818e-12,"Naive B","RNF135","down"
9.4110584206482e-26,-0.60730931613513,0.1,0.181,1.76946720425027e-21,"Naive B","BMI1","down"
2.64824362637302e-12,-0.606579208171516,0.024,0.048,4.97922766630655e-08,"Naive B","ZNG1C","down"
2.06427949260872e-23,-0.60635053145271,0.179,0.283,3.88125830200292e-19,"Naive B","RASGRP1","down"
1.6238219708391e-20,-0.605344193061614,0.105,0.179,3.05311006957168e-16,"Naive B","PTPN12","down"
3.40701562204479e-13,-0.604810468817605,0.077,0.128,6.40587077256862e-09,"Naive B","PAICS","down"
9.92494839695807e-11,-0.604592642744952,0.039,0.069,1.86608879759606e-06,"Naive B","PRR12","down"
2.70533979154996e-08,-0.604370495856314,0.025,0.046,0.000508657987607223,"Naive B","CEP85","down"
1.15193820740704e-08,-0.603670001094791,0.064,0.103,0.000216587421756672,"Naive B","PTPRE","down"
1.21955466207581e-30,-0.603482360568538,0.197,0.319,2.29300667563494e-26,"Naive B","SHLD2","down"
2.79386829663298e-33,-0.603055844963121,0.227,0.36,5.25303117132932e-29,"Naive B","PIK3CD","down"
1.29595905363651e-12,-0.603049859231781,0.083,0.136,2.43666221264737e-08,"Naive B","MEF2C-AS1","down"
2.82998827099739e-13,-0.602662722229879,0.066,0.114,5.32094394712929e-09,"Naive B","PTPN18","down"
4.77107601783049e-08,-0.602034641924823,0.019,0.037,0.000897057712872489,"Naive B","GORASP1","down"
9.95236734846003e-13,-0.600661954620781,0.041,0.075,1.87124410885746e-08,"Naive B","NACC1","down"
4.02735855146727e-07,-0.599715473265709,0.025,0.045,0.00757223954846876,"Naive B","PPIP5K1","down"
1.49906424715427e-06,-0.598504774153397,0.042,0.069,0.0281854059749945,"Naive B","NAGLU","down"
1.99485060895712e-25,-0.598458492970484,0.115,0.2,3.75071811496117e-21,"Naive B","MDM2","down"
1.7566868026566e-08,-0.597987766878961,0.027,0.051,0.000330292252635494,"Naive B","CFAP44","down"
9.56519187340627e-28,-0.597531165498867,0.161,0.266,1.79844737603785e-23,"Naive B","PHTF2","down"
8.82696941094024e-11,-0.597238068963858,0.05,0.087,1.65964678864498e-06,"Naive B","LEPROT","down"
5.29013861219364e-32,-0.596434649513253,0.141,0.246,9.94651861864648e-28,"Naive B","AKAP11","down"
9.0267685118432e-33,-0.596305041443559,0.361,0.508,1.69721301559676e-28,"Naive B","ANKRD13A","down"
3.24542364070189e-40,-0.596269146870549,0.287,0.445,6.10204552924769e-36,"Naive B","EPRS1","down"
3.13052660985295e-12,-0.594893235098128,0.035,0.066,5.88601613184552e-08,"Naive B","SLC12A9","down"
5.67332485155827e-11,-0.594740512670458,0.035,0.064,1.06669853858999e-06,"Naive B","URB1","down"
1.01419519243107e-07,-0.594691002369736,0.021,0.04,0.00190688980080889,"Naive B","ENSG00000254538","down"
8.56728327067466e-17,-0.594556420582729,0.042,0.081,1.61082060055225e-12,"Naive B","GALK1","down"
2.31475599432906e-28,-0.594517616245702,0.274,0.406,4.3522042205375e-24,"Naive B","CELF2","down"
6.99484403897356e-33,-0.593483490646247,0.151,0.26,1.31517057620781e-28,"Naive B","BCAS4","down"
7.59205569618494e-34,-0.593413350354632,0.497,0.631,1.42745831199669e-29,"Naive B","RABGAP1L","down"
3.61839760045033e-22,-0.593231024182905,0.052,0.103,6.80331116836671e-18,"Naive B","ZNF532","down"
5.46833182550627e-21,-0.59302179169441,0.107,0.182,1.02815574983169e-16,"Naive B","LHPP","down"
1.01235245587594e-297,-0.592928482342824,1,0.999,1.90342508753795e-293,"Naive B","HLA-B","down"
6.69722632592537e-23,-0.59224889014172,0.213,0.323,1.25921249380049e-18,"Naive B","CPNE5","down"
3.77853412760135e-28,-0.591192994417119,0.096,0.174,7.10439986671606e-24,"Naive B","FLOT1","down"
4.69957882354457e-32,-0.590587212423467,0.152,0.259,8.8361481040285e-28,"Naive B","ACSL4","down"
8.18804063020171e-18,-0.590556955209715,0.086,0.147,1.53951539929053e-13,"Naive B","HPS3","down"
1.68772415234233e-28,-0.589337842899894,0.098,0.178,3.17325895123404e-24,"Naive B","ARL2","down"
5.75101413906546e-08,-0.589266101485207,0.049,0.081,0.00108130567842709,"Naive B","SFMBT2","down"
4.3740984727223e-10,-0.589161833602613,0.031,0.058,8.22417994841247e-06,"Naive B","UGDH-AS1","down"
3.65504951167981e-09,-0.588702400137668,0.031,0.057,6.87222409186037e-05,"Naive B","NNT-AS1","down"
4.79751702519832e-22,-0.588513070265793,0.099,0.171,9.02029151077789e-18,"Naive B","KIF3A","down"
2.94530826449077e-21,-0.587962865760311,0.119,0.198,5.53776859889554e-17,"Naive B","MIR29B2CHG","down"
2.13831434713068e-08,-0.587907678606934,0.026,0.05,0.00040204586354751,"Naive B","CENPK","down"
1.36405320061806e-17,-0.587362893366226,0.051,0.094,2.56469282780207e-13,"Naive B","DYNC2I2","down"
1.70833026196392e-07,-0.587301471920993,0.032,0.056,0.00321200255854456,"Naive B","CLUH","down"
4.04051090156516e-36,-0.586576186246716,0.288,0.438,7.59696859712281e-32,"Naive B","RALGDS","down"
3.8611838486108e-19,-0.586467027051753,0.087,0.152,7.25979787215802e-15,"Naive B","PCK2","down"
5.34693008710589e-45,-0.585407019603728,0.413,0.588,1.00532979497765e-40,"Naive B","RNF149","down"
1.36281498569838e-23,-0.585382862189735,0.141,0.232,2.56236473611009e-19,"Naive B","CORO1C","down"
1.67289127931922e-24,-0.585130039114711,0.19,0.298,3.14537018337599e-20,"Naive B","IFNAR2","down"
1.77888074165035e-06,-0.585097213238532,0.016,0.031,0.0334465157045098,"Naive B","ZFP69","down"
2.93859377006865e-33,-0.585051398543919,0.141,0.246,5.52514400648307e-29,"Naive B","CEP43","down"
9.19125671374853e-20,-0.584990233585767,0.044,0.086,1.728140087319e-15,"Naive B","GCNA","down"
9.56299841867275e-16,-0.58478567450152,0.149,0.228,1.79803496267885e-11,"Naive B","KLHL6","down"
4.19673648397599e-65,-0.584518588111566,0.786,0.874,7.89070393717166e-61,"Naive B","PTPRC","down"
2.8853145224176e-09,-0.584140221370783,0.026,0.05,5.42496836504957e-05,"Naive B","C1GALT1C1","down"
2.2649910887904e-08,-0.583782414579829,0.016,0.032,0.000425863624514371,"Naive B","ENSG00000239300","down"
1.14969956716387e-17,-0.583763433115918,0.08,0.137,2.1616651261815e-13,"Naive B","RNF166","down"
1.58402108008932e-14,-0.583756592332309,0.07,0.12,2.97827643478395e-10,"Naive B","TANGO2","down"
2.38576966373632e-25,-0.583303435804698,0.123,0.209,4.48572412175703e-21,"Naive B","GYG1","down"
7.29684354472688e-49,-0.582403430289381,0.474,0.651,1.37195252327955e-44,"Naive B","PDLIM1","down"
5.1333867209076e-27,-0.582367788894281,0.22,0.339,9.65179371265047e-23,"Naive B","P2RX5","down"
8.58575177175047e-48,-0.582228911004014,0.622,0.755,1.61429304812452e-43,"Naive B","LSP1","down"
7.34627610987824e-51,-0.581475741349767,0.639,0.781,1.38124683417931e-46,"Naive B","ATP2B1","down"
6.73478739413472e-08,-0.581420589163414,0.03,0.052,0.00126627472584521,"Naive B","AGAP2","down"
1.21631171320289e-18,-0.581092030097798,0.087,0.15,2.28690928316407e-14,"Naive B","TENT4A","down"
2.9490258197309e-38,-0.580621428619506,0.348,0.508,5.54475834625803e-34,"Naive B","PARP15","down"
2.53991299045769e-31,-0.580324060227385,0.089,0.166,4.77554440465855e-27,"Naive B","POLR3K","down"
2.11534259447075e-13,-0.580181110991873,0.02,0.044,3.97726714612391e-09,"Naive B","DNASE1L1","down"
1.59934533738999e-46,-0.579913352595324,0.337,0.512,3.00708910336067e-42,"Naive B","NUTM2A-AS1","down"
9.83980729362862e-10,-0.579488833262046,0.041,0.072,1.85008056734805e-05,"Naive B","NLN","down"
3.41993706272995e-11,-0.579364325457261,0.074,0.12,6.43016566534486e-07,"Naive B","SRD5A1","down"
2.07395396974336e-08,-0.578429834016441,0.047,0.079,0.000389944825391147,"Naive B","ENSG00000237705","down"
4.0526367051939e-29,-0.578349225807047,0.102,0.182,7.61976753310557e-25,"Naive B","UCHL5","down"
1.12044859482818e-09,-0.577908571195957,0.026,0.049,2.10666744799594e-05,"Naive B","TMEM184B","down"
4.38326053851897e-08,-0.575720060204743,0.032,0.057,0.000824140646452337,"Naive B","ENSG00000240963","down"
1.5124937208681e-09,-0.575661868211528,0.077,0.123,2.84379069397621e-05,"Naive B","MYO5C","down"
2.3842441659474e-14,-0.575521955446863,0.048,0.087,4.48285588081431e-10,"Naive B","ADO","down"
2.47341654888051e-25,-0.575317010748956,0.066,0.124,4.65051779520514e-21,"Naive B","KEAP1","down"
5.85555531263705e-31,-0.574974463108162,0.254,0.388,1.10096150988202e-26,"Naive B","ARHGAP30","down"
1.3129529518015e-36,-0.574556145277691,0.465,0.618,2.46861413997719e-32,"Naive B","ZBTB20","down"
3.46717221550975e-07,-0.574529789041217,0.026,0.046,0.00651897719960143,"Naive B","IKBKE","down"
4.31617775295821e-21,-0.574415549977869,0.067,0.123,8.11527741111202e-17,"Naive B","PCGF1","down"
4.66060029452707e-12,-0.574240909919494,0.046,0.082,8.76286067376979e-08,"Naive B","IDE","down"
8.60770127418816e-09,-0.57399496615782,0.038,0.065,0.000161841999357286,"Naive B","XXYLT1","down"
2.0096732468713e-14,-0.572032755914238,0.07,0.12,3.77858763876743e-10,"Naive B","THUMPD2","down"
9.59266583519455e-12,-0.570988887946321,0.112,0.171,1.80361303033328e-07,"Naive B","ALCAM","down"
1.30330378761044e-27,-0.570933248248952,0.191,0.31,2.45047178146515e-23,"Naive B","DUSP2","down"
1.25912898690395e-17,-0.569594169130333,0.074,0.13,2.36741432117681e-13,"Naive B","PMS1","down"
4.53949472647395e-13,-0.569288512902271,0.035,0.066,8.53515798471632e-09,"Naive B","INPP5E","down"
1.66429009399545e-08,-0.569202319370328,0.04,0.068,0.000312919823473025,"Naive B","DIS3L","down"
1.73703239785142e-15,-0.569144691283074,0.06,0.107,3.26596831444024e-11,"Naive B","BRAT1","down"
1.01071022870995e-06,-0.569094348021452,0.022,0.04,0.0190033737202046,"Naive B","SMUG1","down"
1.45351514037111e-51,-0.568972120538624,0.533,0.707,2.73289916692576e-47,"Naive B","FLNA","down"
1.46433321092583e-46,-0.568594379995079,0.459,0.634,2.75323930318275e-42,"Naive B","KRAS","down"
2.00733621919642e-10,-0.567663222356177,0.06,0.099,3.77419355933311e-06,"Naive B","SSBP3","down"
2.91503756758053e-11,-0.567430540595985,0.027,0.053,5.48085363456491e-07,"Naive B","SLC35B4","down"
7.15731236546484e-34,-0.567318143959995,0.293,0.439,1.3457178709547e-29,"Naive B","CORO7","down"
2.55421658756953e-17,-0.566204574189725,0.053,0.096,4.80243802794824e-13,"Naive B","ASF1A","down"
4.04551745935397e-81,-0.566017347444178,0.799,0.903,7.60638192707733e-77,"Naive B","IDS","down"
1.88822732956621e-44,-0.565723816197191,0.355,0.527,3.5502450250504e-40,"Naive B","DEK","down"
2.1367276669275e-07,-0.5653619284314,0.052,0.085,0.00401747535935709,"Naive B","IL2RA","down"
7.718857184136e-22,-0.565242144607406,0.097,0.167,1.45129952776125e-17,"Naive B","ARAP1","down"
1.07386291157088e-21,-0.564989698368587,0.18,0.279,2.01907704633557e-17,"Naive B","EPSTI1","down"
5.62906499848498e-08,-0.5641427966935,0.028,0.05,0.00105837680101515,"Naive B","TTLL3","down"
5.89716922039317e-08,-0.563974359988122,0.027,0.049,0.00110878575681832,"Naive B","IQCE","down"
8.48536817317134e-25,-0.563346826600369,0.1,0.176,1.59541892391968e-20,"Naive B","ELAC2","down"
1.34453353470075e-16,-0.562810650519575,0.19,0.279,2.52799195194435e-12,"Naive B","PALS2","down"
4.32428189081026e-34,-0.562600975578058,0.27,0.412,8.13051481110144e-30,"Naive B","DBNL","down"
1.58879735187452e-14,-0.562577029226024,0.172,0.25,2.98725678099448e-10,"Naive B","ISG15","down"
1.50508190853633e-35,-0.562421031216564,0.192,0.318,2.82985500443e-31,"Naive B","SKAP2","down"
4.64586915480456e-08,-0.562201167638514,0.045,0.075,0.000873516318486353,"Naive B","KLHL11","down"
1.9400014384095e-14,-0.562005750476334,0.035,0.065,3.64759070449755e-10,"Naive B","COMTD1","down"
9.58800927363462e-12,-0.56127983802035,0.13,0.193,1.80273750362878e-07,"Naive B","CCND2","down"
1.57268826742248e-15,-0.560829584964567,0.047,0.086,2.95696848040775e-11,"Naive B","INPP4A","down"
9.19512320713697e-09,-0.560315557348799,0.028,0.051,0.000172886706540589,"Naive B","ABCA7","down"
1.2881002845673e-11,-0.559799512740097,0.05,0.086,2.42188615504344e-07,"Naive B","KIFBP","down"
2.77387736174803e-09,-0.559730864492374,0.027,0.051,5.21544421555864e-05,"Naive B","CDKN2B-AS1","down"
5.36824918027512e-73,-0.559534906825252,0.874,0.938,1.00933821087533e-68,"Naive B","MS4A1","down"
2.12183718245832e-47,-0.558211240186552,0.449,0.628,3.98947827045813e-43,"Naive B","RNASET2","down"
7.05932083061766e-10,-0.557872020709944,0.031,0.057,1.32729350257273e-05,"Naive B","TRIM25","down"
1.05559224026242e-31,-0.557279234461392,0.304,0.445,1.9847245301414e-27,"Naive B","ATM","down"
3.46686428215966e-15,-0.556365702319579,0.076,0.127,6.51839822331659e-11,"Naive B","SNX20","down"
2.80951534326619e-22,-0.5563453432907,0.047,0.101,5.2824507484091e-18,"Naive B","ARL4D","down"
4.33686028662266e-08,-0.556223944441281,0.049,0.084,0.000815416471090793,"Naive B","IGHV4-34","down"
1.26961966540932e-22,-0.555711119392669,0.094,0.166,2.38713889490261e-18,"Naive B","MFHAS1","down"
1.15498061905573e-06,-0.554761934864332,0.048,0.076,0.0217159455994858,"Naive B","GSN","down"
4.81121337592947e-16,-0.554565589279913,0.076,0.127,9.04604338942259e-12,"Naive B","TUBGCP3","down"
1.55433855510282e-06,-0.554453675575348,0.025,0.044,0.0292246735130431,"Naive B","PCGF3-AS1","down"
1.27073230329041e-31,-0.554328865347127,0.232,0.361,2.38923087664663e-27,"Naive B","ERCC1","down"
5.18565666650698e-25,-0.552153540779152,0.208,0.318,9.75007166436642e-21,"Naive B","BIN1","down"
1.72775077942453e-09,-0.550882021947441,0.045,0.076,3.24851701547399e-05,"Naive B","ENSG00000257221","down"
2.28013155584176e-09,-0.550813964231358,0.02,0.038,4.28710335129368e-05,"Naive B","TWNK","down"
6.63434643174383e-16,-0.550081744992085,0.156,0.235,1.24738981609648e-11,"Naive B","TFRC","down"
8.56703312566971e-11,-0.549946613947306,0.043,0.075,1.61077356828842e-06,"Naive B","RTL8A","down"
1.71174953983801e-07,-0.549908939783097,0.01,0.022,0.00321843148480343,"Naive B","FBXO2","down"
1.67241700852146e-09,-0.549826934487849,0.026,0.048,3.14447845942205e-05,"Naive B","NUDT2","down"
2.21721622088537e-06,-0.549771318656471,0.019,0.035,0.0416880993850867,"Naive B","PDK2","down"
4.38734860827658e-14,-0.549682587075512,0.079,0.131,8.24909285328162e-10,"Naive B","LYAR","down"
1.22859477224496e-19,-0.549552177645565,0.086,0.148,2.31000389077498e-15,"Naive B","TCHP","down"
8.36828651140625e-24,-0.549419352149425,0.12,0.203,1.5734052298746e-19,"Naive B","XKR6","down"
1.41110886859124e-12,-0.548006117573274,0.067,0.111,2.65316689472525e-08,"Naive B","GM2A","down"
4.83733577602071e-14,-0.54785313459692,0.062,0.106,9.09515872607414e-10,"Naive B","BCL2L1","down"
1.17587351177408e-06,-0.547635911360571,0.031,0.052,0.0221087737683763,"Naive B","PARM1","down"
8.95452200109811e-11,-0.547151205062771,0.055,0.092,1.68362922664647e-06,"Naive B","NT5C3B","down"
1.8427482435989e-59,-0.546772556789408,0.888,0.949,3.46473524761465e-55,"Naive B","VIM","down"
8.9021666389975e-28,-0.546123984927733,0.334,0.468,1.67378537146431e-23,"Naive B","ARHGAP31","down"
2.25941050934143e-17,-0.545639461625643,0.043,0.081,4.24814363966375e-13,"Naive B","AGK","down"
3.76011888757035e-11,-0.545297235308521,0.055,0.093,7.06977553240978e-07,"Naive B","SH3TC1","down"
1.47689644521903e-11,-0.544743007666245,0.052,0.089,2.77686069630082e-07,"Naive B","ATP1A1-AS1","down"
1.52666163731314e-29,-0.544513270765016,0.214,0.336,2.87042921047617e-25,"Naive B","ALOX5AP","down"
1.767568923207e-24,-0.543821753125405,0.141,0.232,3.32338308941379e-20,"Naive B","VIM-AS1","down"
6.53185293187708e-25,-0.543573429279925,0.146,0.237,1.22811898825153e-20,"Naive B","MED25","down"
1.76831268337432e-26,-0.542901934274129,0.07,0.129,3.3247815072804e-22,"Naive B","CDCA4","down"
2.3995027705604e-19,-0.542842699849682,0.229,0.331,4.51154510920766e-15,"Naive B","OSBPL10","down"
1.53964566811026e-07,-0.542750757838502,0.034,0.058,0.00289484178518092,"Naive B","TARBP1","down"
5.9802489081602e-07,-0.542310152451128,0.013,0.025,0.0112440639971228,"Naive B","GEMIN7-AS1","down"
7.20787264606756e-17,-0.541873776694648,0.057,0.102,1.35522421491362e-12,"Naive B","GCLC","down"
1.5238419022198e-14,-0.541873590875567,0.068,0.115,2.86512754455367e-10,"Naive B","DNAAF5","down"
1.63183525692169e-07,-0.541619303456801,0.019,0.037,0.00306817665006416,"Naive B","CYFIP1","down"
3.87286261114088e-16,-0.540690629523677,0.074,0.127,7.28175628146709e-12,"Naive B","MRM2","down"
1.68699909760204e-54,-0.539857076347795,0.579,0.752,3.17189570331135e-50,"Naive B","SWAP70","down"
2.21874660161313e-08,-0.539767425873555,0.022,0.04,0.000417168736035301,"Naive B","GLUD1P3","down"
2.01188179891418e-36,-0.539309276520634,0.592,0.724,3.78274015831845e-32,"Naive B","KLF2","down"
2.31803661749527e-17,-0.538742902063529,0.275,0.376,4.3583724482146e-13,"Naive B","CCDC50","down"
1.10947690314182e-19,-0.538096015213769,0.104,0.173,2.08603847328725e-15,"Naive B","WASHC5","down"
2.49258943652581e-11,-0.538082975932001,0.039,0.069,4.68656665855582e-07,"Naive B","MICA","down"
1.13146764994041e-16,-0.537814300206754,0.09,0.148,2.12738547541797e-12,"Naive B","KAT2B","down"
5.13284899476391e-34,-0.537801482366363,0.264,0.404,9.6507826799551e-30,"Naive B","ZBTB7A","down"
1.39661195403728e-20,-0.537679969886373,0.155,0.241,2.62590979598089e-16,"Naive B","HEATR1","down"
8.73468608803213e-24,-0.537648396475713,0.132,0.216,1.6422956782718e-19,"Naive B","EPS15L1","down"
5.91248169931598e-207,-0.537561648600256,0.996,0.998,1.11166480910539e-202,"Naive B","HLA-A","down"
7.2626466335083e-11,-0.537179088851992,0.116,0.174,1.36552282003223e-06,"Naive B","TNS3","down"
2.49338795860664e-38,-0.536794443468306,0.409,0.571,4.6880680397722e-34,"Naive B","MAP3K1","down"
3.14656233825988e-12,-0.536598608928829,0.061,0.103,5.91616650839623e-08,"Naive B","ZYG11B","down"
8.14850640699642e-09,-0.535532368309227,0.03,0.053,0.000153208217464347,"Naive B","ZNF236-DT","down"
1.45170233160325e-09,-0.535495158517018,0.033,0.058,2.72949072388042e-05,"Naive B","DTD2","down"
1.34725343873909e-17,-0.534215475413924,0.091,0.151,2.53310591551724e-13,"Naive B","CAT","down"
1.60980166012527e-14,-0.533913325547425,0.049,0.086,3.02674908136753e-10,"Naive B","C9orf40","down"
1.11916168248494e-43,-0.533591125846323,0.423,0.596,2.10424779540819e-39,"Naive B","MAP2K3","down"
2.84775729103304e-33,-0.533332333125585,0.324,0.471,5.35435325860032e-29,"Naive B","RBPJ","down"
1.66323381816531e-25,-0.533270152898319,0.252,0.372,3.12721222491442e-21,"Naive B","MICAL1","down"
3.27599931339037e-33,-0.533119788688146,0.186,0.302,6.15953390903657e-29,"Naive B","TMEM109","down"
1.25019539471405e-07,-0.531726290547922,0.032,0.055,0.00235061738114137,"Naive B","TTLL11","down"
4.89603440595398e-10,-0.531464383272318,0.07,0.112,9.20552389007468e-06,"Naive B","ATP8B1","down"
8.0775815994527e-07,-0.531016972905715,0.041,0.066,0.015187468923291,"Naive B","TBC1D8","down"
4.14115374910236e-09,-0.530598159431931,0.026,0.048,7.78619727906226e-05,"Naive B","PDSS1","down"
8.93433665926156e-07,-0.53018642140531,0.044,0.07,0.0167983397867436,"Naive B","GALC","down"
7.22643952372363e-26,-0.529985936226808,0.343,0.473,1.35871515925052e-21,"Naive B","CARD11","down"
8.99206524330238e-12,-0.52873452911383,0.036,0.063,1.69068810704571e-07,"Naive B","CHID1","down"
3.16622899968585e-14,-0.528618916050543,0.078,0.129,5.95314376520934e-10,"Naive B","PAK1IP1","down"
7.568978517035e-14,-0.528545182818299,0.128,0.194,1.42311934077292e-09,"Naive B","DAAM1","down"
1.18668012624518e-06,-0.528444160509604,0.022,0.039,0.0223119597336619,"Naive B","ENTREP3","down"
3.6058006409891e-22,-0.528352216304692,0.097,0.164,6.77962636518771e-18,"Naive B","UBP1","down"
7.49599977056854e-21,-0.528000919891678,0.102,0.17,1.4093978768623e-16,"Naive B","PCSK7","down"
1.89624075729346e-37,-0.527555861322005,0.256,0.399,3.56531187186316e-33,"Naive B","SEC11C","down"
9.91121721575801e-14,-0.527350129045406,0.029,0.055,1.86350706090682e-09,"Naive B","NABP2","down"
3.459891258214e-08,-0.527258062457725,0.061,0.096,0.000650528754369397,"Naive B","GAPT","down"
1.311216842225e-06,-0.527184951140216,0.017,0.031,0.0246534990675144,"Naive B","ANKRD6","down"
3.19374083327953e-25,-0.527132290290368,0.103,0.177,6.00487151473218e-21,"Naive B","EIF2B1","down"
2.02787723655e-07,-0.527000480475333,0.04,0.067,0.0038128147801613,"Naive B","CHRNE","down"
3.17445466927545e-32,-0.525998822721972,0.164,0.27,5.9686096691717e-28,"Naive B","HDGF","down"
2.31090978300831e-23,-0.525525996478807,0.154,0.244,4.34497257401223e-19,"Naive B","ARHGAP17","down"
2.42704701634409e-09,-0.52539680216607,0.042,0.071,4.56333380013016e-05,"Naive B","ARHGEF12","down"
7.13595958853295e-18,-0.52486802886678,0.048,0.087,1.34170312183597e-13,"Naive B","ARMC6","down"
4.71556805515054e-10,-0.524424470491462,0.061,0.099,8.86621105729404e-06,"Naive B","OAS2","down"
4.1364654553208e-12,-0.523872975670125,0.046,0.08,7.77738234909417e-08,"Naive B","NPRL2","down"
1.40762515567199e-22,-0.523715603900819,0.336,0.457,2.64661681769448e-18,"Naive B","FCHSD2","down"
5.96610014586097e-15,-0.523694112842622,0.062,0.106,1.12174614942478e-10,"Naive B","GRAMD4","down"
2.72726756318487e-10,-0.523370906250257,0.033,0.059,5.12780847230019e-06,"Naive B","IDNK","down"
2.08758296524246e-22,-0.523351502111159,0.097,0.165,3.92507349124886e-18,"Naive B","PCYT1A","down"
3.2824810599213e-12,-0.523201671821893,0.135,0.2,6.17172088886403e-08,"Naive B","CCDC167","down"
4.29013314872896e-20,-0.52278309649077,0.109,0.178,8.06630834624019e-16,"Naive B","AIMP2","down"
3.20389583145744e-09,-0.522328717251515,0.102,0.151,6.02396494230627e-05,"Naive B","RGS1","down"
7.69115573840086e-14,-0.522242497210419,0.103,0.161,1.44609110193413e-09,"Naive B","EIF2AK2","down"
7.70029741677884e-07,-0.522093974293828,0.013,0.025,0.0144780992030276,"Naive B","MRM1","down"
6.81383911766985e-22,-0.520906655686187,0.113,0.187,1.28113803090428e-17,"Naive B","ZBTB17","down"
3.26098749994645e-09,-0.520864661017869,0.049,0.081,6.13130869739931e-05,"Naive B","METTL25","down"
5.13097013329436e-08,-0.520604716386302,0.028,0.05,0.000964725004462005,"Naive B","PRICKLE3","down"
1.40578512024569e-27,-0.520370487364715,0.079,0.145,2.64315718308594e-23,"Naive B","POLR1A","down"
3.07738844794141e-12,-0.519191740661763,0.066,0.109,5.78610575981944e-08,"Naive B","RBL1","down"
8.31336132451505e-33,-0.518983419951759,0.129,0.223,1.56307819623532e-28,"Naive B","TXNDC15","down"
2.88005957331284e-14,-0.518740235091602,0.051,0.09,5.41508800974281e-10,"Naive B","HECTD3","down"
5.72793401500491e-13,-0.518235720064528,0.064,0.107,1.07696615350122e-08,"Naive B","HAGHL","down"
2.78822431627867e-23,-0.518183544014759,0.247,0.359,5.24241935946715e-19,"Naive B","GTF2I","down"
9.14122334743879e-09,-0.5181442279319,0.033,0.058,0.000171873281378544,"Naive B","SLC39A13","down"
2.26035085197737e-06,-0.517971484529321,0.014,0.026,0.0424991167188786,"Naive B","ANO9","down"
2.94278710959295e-14,-0.517706937308748,0.051,0.089,5.53302832345666e-10,"Naive B","GTF2H2","down"
2.5490979972504e-29,-0.517257564516422,0.268,0.398,4.79281405443021e-25,"Naive B","PHKB","down"
4.44242983036061e-20,-0.517245779829717,0.08,0.138,8.35265656704401e-16,"Naive B","DENND6A","down"
8.18375758658722e-13,-0.51700947326878,0.041,0.073,1.53871010143013e-08,"Naive B","CIAO3","down"
9.71216732632923e-14,-0.516484306536924,0.068,0.114,1.82608170069642e-09,"Naive B","ORC5","down"
5.8442771632955e-28,-0.516201280603629,0.14,0.232,1.09884099224282e-23,"Naive B","SLC39A3","down"
4.59035797679334e-10,-0.516149244549992,0.015,0.031,8.63079106796684e-06,"Naive B","CAD","down"
2.17022861365766e-32,-0.515960556834359,0.264,0.402,4.08046383939912e-28,"Naive B","TXN","down"
1.03635391356527e-06,-0.515585278608843,0.04,0.065,0.0194855262828543,"Naive B","ZNF587B","down"
1.5828751494026e-17,-0.514918275179168,0.062,0.108,2.97612185590676e-13,"Naive B","INTS7","down"
2.11112962303939e-11,-0.514846977670361,0.042,0.072,3.96934591723866e-07,"Naive B","IRAK1BP1","down"
8.36228808354771e-08,-0.514560406947032,0.025,0.046,0.00157227740546864,"Naive B","CEP250-AS1","down"
2.94515010788476e-15,-0.514022777928236,0.077,0.128,5.53747123284492e-11,"Naive B","FSD1L","down"
2.70208238104044e-09,-0.513897093625328,0.267,0.338,5.08045529283224e-05,"Naive B","NR4A3","down"
2.16932776094867e-11,-0.513508685479749,0.056,0.093,4.07877005613569e-07,"Naive B","MSH3","down"
2.22091223348058e-28,-0.512424617877234,0.428,0.566,4.17575918139018e-24,"Naive B","MAP3K8","down"
3.40314805278106e-21,-0.512393432366457,0.091,0.155,6.39859896883895e-17,"Naive B","ENSG00000286162","down"
3.47247980964605e-12,-0.512245998832801,0.031,0.057,6.52895653809649e-08,"Naive B","RAB40C","down"
1.47323491929984e-12,-0.512070186235887,0.069,0.115,2.76997629526756e-08,"Naive B","FAM168A","down"
8.85797565145846e-09,-0.511786637132153,0.03,0.053,0.000166547658198722,"Naive B","SLC25A22","down"
5.97294416546919e-29,-0.510728135584517,0.212,0.325,1.12303296199152e-24,"Naive B","GLRX3","down"
1.24588423749199e-31,-0.510209462173296,0.323,0.465,2.34251154333244e-27,"Naive B","RASSF5","down"
6.78819252062109e-15,-0.510006814438214,0.048,0.085,1.27631595772718e-10,"Naive B","TBC1D13","down"
5.75745478626704e-09,-0.509927568932135,0.069,0.109,0.000108251664891393,"Naive B","ERMP1","down"
4.4576841926469e-32,-0.509920088719214,0.122,0.211,8.3813378190147e-28,"Naive B","ZNF106","down"
9.12719659222934e-09,-0.509654710521976,0.047,0.077,0.000171609550327096,"Naive B","MRTFB","down"
2.63321730310723e-14,-0.5089116478348,0.135,0.204,4.95097517330221e-10,"Naive B","EXOC3","down"
1.88633278663937e-21,-0.507693531794791,0.051,0.095,3.54668290543934e-17,"Naive B","RCC1","down"
4.49324040986835e-13,-0.507507578720623,0.16,0.231,8.44819061863447e-09,"Naive B","UGT8","down"
8.79266700486922e-32,-0.507471920199568,0.425,0.572,1.65319725025551e-27,"Naive B","PEA15","down"
4.4158814537829e-17,-0.507238938579496,0.098,0.16,8.30274030940261e-13,"Naive B","UNC93B1","down"
3.20371359756034e-22,-0.507101418371921,0.128,0.207,6.02362230613295e-18,"Naive B","MPRIP","down"
8.87945778538007e-09,-0.506165328941947,0.025,0.046,0.000166951565280716,"Naive B","USP31","down"
4.6135833287054e-24,-0.505669828337519,0.298,0.42,8.6744593746319e-20,"Naive B","CD19","down"
1.59301431362616e-13,-0.505385820805707,0.035,0.065,2.9951855124799e-09,"Naive B","P4HTM","down"
2.32063218815141e-16,-0.505317884163466,0.072,0.123,4.36325264016228e-12,"Naive B","PNOC","down"
4.32699859358891e-41,-0.505159838212586,0.231,0.368,8.13562275566587e-37,"Naive B","RNF126","down"
3.69961093846318e-31,-0.504895383174922,0.177,0.285,6.95600848649848e-27,"Naive B","GMIP","down"
1.30921443416189e-10,-0.504695652147936,0.053,0.087,2.46158497911118e-06,"Naive B","ZMYND8","down"
2.47032518427484e-27,-0.504563521091447,0.282,0.41,4.64470541147356e-23,"Naive B","P2RY8","down"
1.03355318744025e-12,-0.504221683084947,0.021,0.044,1.94328670302517e-08,"Naive B","TUBGCP5","down"
1.41335659566867e-18,-0.504196588703113,0.118,0.188,2.65739307117624e-14,"Naive B","TCTN3","down"
4.05274214556734e-14,-0.503548560151379,0.105,0.163,7.61996578209572e-10,"Naive B","PPP1R9B","down"
8.18528758938639e-29,-0.502867069161808,0.39,0.529,1.53899777255643e-24,"Naive B","TRABD","down"
4.73109764482124e-28,-0.502839428698799,0.177,0.279,8.8954097917929e-24,"Naive B","HM13","down"
3.18326266562876e-21,-0.502754824297795,0.119,0.193,5.9851704639152e-17,"Naive B","SNRNP25","down"
4.9028400865642e-28,-0.502020664315359,0.12,0.202,9.218319930758e-24,"Naive B","PEPD","down"
3.91906245106743e-08,-0.501983648940783,0.042,0.068,0.000736862122049698,"Naive B","RPS6KA2","down"
4.08816509412297e-22,-0.501552985888106,0.308,0.425,7.68656800997001e-18,"Naive B","POU2AF1","down"
3.27363380745568e-22,-0.500790646273608,0.139,0.222,6.15508628477817e-18,"Naive B","UNC119","down"
4.74961775773506e-07,-0.500739996941883,0.045,0.072,0.00893023130809345,"Naive B","FAM13A","down"
4.21833575054662e-74,-0.500270828212038,0.869,0.946,7.93131487817775e-70,"Naive B","SH3BGRL3","down"
4.04065478736265e-14,-0.50001051120475,0.073,0.12,7.59723913119926e-10,"Naive B","ARHGAP27","down"
1.42977702262093e-06,-0.499775705560064,0.02,0.037,0.0268826675793188,"Naive B","AFMID","down"
1.28213646580866e-06,-0.499503873152596,0.029,0.048,0.0241067298301345,"Naive B","FAM24B","down"
5.47220573588853e-38,-0.499442198744296,0.556,0.702,1.02888412246176e-33,"Naive B","RAC2","down"
1.74839014016898e-24,-0.499111542266232,0.325,0.45,3.28732314154571e-20,"Naive B","TBC1D5","down"
1.12259891474826e-26,-0.498560600941279,0.151,0.244,2.11071047950969e-22,"Naive B","ATG7","down"
7.73305707532635e-08,-0.497778088785941,0.035,0.058,0.00145396939130286,"Naive B","NOL6","down"
6.42974493210697e-27,-0.497683652906052,0.302,0.43,1.20892064213475e-22,"Naive B","DOCK2","down"
1.8169763922134e-09,-0.496505623923599,0.026,0.046,3.41627901263964e-05,"Naive B","ENSG00000285043","down"
2.23972946241268e-06,-0.495570538012739,0.012,0.023,0.0421113933522831,"Naive B","PYCR1","down"
1.08755274218765e-26,-0.495508251304237,0.135,0.222,2.04481666586121e-22,"Naive B","DSTN","down"
1.55144195907018e-13,-0.495020738506558,0.077,0.125,2.91702117144375e-09,"Naive B","PWWP2B","down"
1.00650656913415e-29,-0.494598833477838,0.107,0.186,1.89243365128603e-25,"Naive B","CARS2","down"
3.21921590176563e-15,-0.493621949365705,0.068,0.113,6.05276973849974e-11,"Naive B","LPAR5","down"
6.10425630769886e-46,-0.493533388614744,0.438,0.614,1.14772227097354e-41,"Naive B","PRELID1","down"
1.44755228083753e-23,-0.493094309223262,0.161,0.251,2.72168779843072e-19,"Naive B","SYTL1","down"
2.12193897019115e-16,-0.492830813041801,0.101,0.161,3.98966965175341e-12,"Naive B","STAT5A","down"
3.18685192921745e-15,-0.492505219594993,0.069,0.117,5.99191899731465e-11,"Naive B","EIF4ENIF1","down"
3.80413066624531e-16,-0.492254942701909,0.053,0.091,7.15252647867442e-12,"Naive B","MRS2","down"
1.38899571872248e-31,-0.491773343010396,0.339,0.481,2.61158975034201e-27,"Naive B","UPF2","down"
9.59811046814974e-08,-0.4916470284284,0.04,0.066,0.00180463673022151,"Naive B","ZNF439","down"
1.12302595454292e-07,-0.491328996479835,0.025,0.043,0.00211151339973161,"Naive B","CPOX","down"
7.08966773773158e-15,-0.491306186270871,0.089,0.142,1.33299932804829e-10,"Naive B","SMIM20","down"
1.15428395223902e-30,-0.490854030717902,0.139,0.233,2.1702846869998e-26,"Naive B","SRPRB","down"
1.87344326951914e-13,-0.490793630099716,0.094,0.148,3.52244803534988e-09,"Naive B","ENSG00000288891","down"
2.74716533579018e-32,-0.490671265537763,0.451,0.599,5.1652202643527e-28,"Naive B","CYRIA","down"
7.4249335016713e-07,-0.490181268364917,0.021,0.036,0.0139603599698424,"Naive B","WNT5B","down"
6.36228043094676e-16,-0.489290816915405,0.115,0.178,1.19623596662661e-11,"Naive B","FARS2","down"
1.2029800328654e-31,-0.488884303298965,0.207,0.322,2.26184305779353e-27,"Naive B","AP1M1","down"
2.72433545591379e-11,-0.488522549273636,0.046,0.077,5.1222955242091e-07,"Naive B","PPIL1","down"
1.1564833167642e-17,-0.488093673010294,0.058,0.102,2.17441993218006e-13,"Naive B","FBXL15","down"
7.19950228191551e-15,-0.48709969855402,0.119,0.183,1.35365041904575e-10,"Naive B","SLAMF6","down"
3.4003616052412e-19,-0.486759280234967,0.071,0.125,6.39335989017451e-15,"Naive B","SLC16A1-AS1","down"
7.17578798290833e-17,-0.486378423829065,0.157,0.235,1.34919165654642e-12,"Naive B","AMPD3","down"
2.10200931104326e-06,-0.485828266728505,0.013,0.025,0.0395219790662354,"Naive B","SLC25A20","down"
1.58342458527746e-10,-0.485608787399494,0.028,0.049,2.97715490523869e-06,"Naive B","IFFO1","down"
3.751859849106e-12,-0.485193022719264,0.106,0.16,7.05424688828911e-08,"Naive B","LINC01588","down"
6.61684360028568e-13,-0.484646229806131,0.091,0.143,1.24409893372571e-08,"Naive B","SUMF1","down"
1.14447756087698e-24,-0.484213375302063,0.545,0.649,2.15184670996089e-20,"Naive B","MYADM","down"
8.39559303751346e-18,-0.483066794176337,0.084,0.14,1.57853940291328e-13,"Naive B","PTPN9","down"
4.63562416785064e-17,-0.482927408774802,0.121,0.19,8.71590056039278e-13,"Naive B","ENSG00000291156","down"
1.46598912602428e-31,-0.482696221293114,0.29,0.425,2.75635275475085e-27,"Naive B","TMC6","down"
1.53609937271919e-16,-0.482162773939705,0.069,0.117,2.88817404058663e-12,"Naive B","COX10","down"
1.36253416679888e-26,-0.482128791273799,0.145,0.236,2.56183674041525e-22,"Naive B","OTULIN","down"
4.5319317691221e-17,-0.481684329932543,0.095,0.154,8.52093811230338e-13,"Naive B","IFIT5","down"
2.58779761600466e-08,-0.481614941160927,0.025,0.044,0.000486557707761195,"Naive B","LINC00571","down"
2.27169699560232e-16,-0.481347666808816,0.093,0.149,4.27124469113147e-12,"Naive B","SLC6A6","down"
3.78902341637077e-11,-0.481304036691718,0.095,0.144,7.12412182746032e-07,"Naive B","BTN3A2","down"
3.69557779867087e-28,-0.481080464359548,0.319,0.452,6.94842537706097e-24,"Naive B","CMTM7","down"
1.05311712195181e-20,-0.4807742757199,0.151,0.235,1.9800708126938e-16,"Naive B","ULK4","down"
1.00426219817832e-16,-0.480531193016851,0.081,0.133,1.88821378501489e-12,"Naive B","ANKRD13D","down"
6.59718156039364e-08,-0.480326244302717,0.024,0.042,0.00124040207698521,"Naive B","BOLA2B","down"
3.59169964512662e-33,-0.47960755065682,0.269,0.403,6.75311367276707e-29,"Naive B","CARS1","down"
3.22639542130095e-14,-0.479186913844734,0.096,0.151,6.06626867113004e-10,"Naive B","CBX6","down"
2.45988535524429e-16,-0.479126086522155,0.051,0.09,4.62507644493031e-12,"Naive B","TMCO3","down"
1.13245466201117e-23,-0.478829800910761,0.121,0.196,2.1292412555134e-19,"Naive B","HRAS","down"
4.48659576201746e-29,-0.478811299425881,0.385,0.525,8.43569735174522e-25,"Naive B","MAT2A","down"
1.603839929576e-08,-0.478773593331711,0.059,0.091,0.000301553983558879,"Naive B","HEXIM2-AS1","down"
7.04084261122035e-11,-0.478367620089676,0.037,0.064,1.32381922776165e-06,"Naive B","RABEPK","down"
1.23966470691335e-12,-0.477886421446192,0.083,0.13,2.33081758193849e-08,"Naive B","PPIL2","down"
5.84065579547622e-10,-0.477665186992648,0.029,0.052,1.09816010266544e-05,"Naive B","FAM217B","down"
5.44837114488203e-21,-0.477188957063453,0.134,0.213,1.02440274266072e-16,"Naive B","HTT","down"
8.12820613612976e-39,-0.476755342745403,0.361,0.519,1.52826531771512e-34,"Naive B","TNIP2","down"
1.42965261399616e-16,-0.476500644683093,0.087,0.14,2.68803284483558e-12,"Naive B","TXLNA","down"
6.53053520004251e-34,-0.475980842774672,0.346,0.493,1.22787122831199e-29,"Naive B","MIR142HG","down"
2.30990639675255e-32,-0.47587809797646,0.302,0.441,4.34308600717415e-28,"Naive B","MAP4","down"
4.33311774284162e-16,-0.475805964432315,0.135,0.206,8.14712798009081e-12,"Naive B","MYO1D","down"
2.77107227032155e-09,-0.475787208317337,0.026,0.046,5.21017008265858e-05,"Naive B","ZNF35","down"
2.71683362170706e-15,-0.475457556922334,0.031,0.063,5.10819057553362e-11,"Naive B","ENSG00000241490","down"
7.30957501049657e-31,-0.475066394781263,0.159,0.259,1.37434629347356e-26,"Naive B","CNDP2","down"
2.25542230460214e-08,-0.474495914016823,0.034,0.057,0.000424064501711294,"Naive B","FKTN","down"
1.76670106975772e-07,-0.474163698972138,0.035,0.058,0.00332175135135846,"Naive B","NIPSNAP3B","down"
9.79015989777213e-19,-0.474033641506734,0.067,0.113,1.84074586397912e-14,"Naive B","MTX2","down"
5.31617775584523e-07,-0.473378628508407,0.056,0.085,0.0099954774165402,"Naive B","ERCC8","down"
6.38655768493908e-16,-0.473015204046105,0.039,0.071,1.20080057592225e-11,"Naive B","UBL4A","down"
6.89981885489723e-22,-0.47279028619466,0.114,0.188,1.29730394109778e-17,"Naive B","MTAP","down"
6.93325753210889e-07,-0.471918771955434,0.046,0.071,0.0130359108118711,"Naive B","PRDM10","down"
1.68186332800079e-27,-0.471899471686274,0.121,0.202,3.16223942930708e-23,"Naive B","COMMD3","down"
2.2480812248843e-12,-0.471223358920064,0.079,0.125,4.22684231902746e-08,"Naive B","PRMT3","down"
5.32603090838063e-20,-0.470062641719601,0.177,0.267,1.00140033139373e-15,"Naive B","TRANK1","down"
1.99822411812133e-44,-0.469022562295867,0.196,0.322,3.75706098689173e-40,"Naive B","TSR3","down"
3.07568967566576e-68,-0.468576441870844,0.841,0.928,5.78291172818676e-64,"Naive B","CORO1A","down"
8.40608054174116e-16,-0.468552196368623,0.061,0.104,1.58051126345817e-11,"Naive B","WDSUB1","down"
1.22421821124618e-18,-0.468377251640855,0.147,0.223,2.30177508078507e-14,"Naive B","EYA3","down"
1.75178036779529e-36,-0.468205377302495,0.269,0.407,3.2936974475287e-32,"Naive B","GOLPH3","down"
1.83577295252716e-36,-0.46802359663311,0.455,0.612,3.45162030534156e-32,"Naive B","TLN1","down"
2.33680796475797e-08,-0.467685230275828,0.057,0.089,0.000439366633533793,"Naive B","SPATA33","down"
1.78520054828579e-11,-0.467378079931679,0.689,0.745,3.35653407088694e-07,"Naive B","SRGN","down"
2.0964182506021e-10,-0.466303157927786,0.035,0.062,3.94168559478207e-06,"Naive B","CRACR2A","down"
2.73516973878772e-25,-0.466146287087484,0.14,0.224,5.14266614286868e-21,"Naive B","TIMM13","down"
2.32184978483229e-19,-0.465874730586202,0.104,0.168,4.36554196544167e-15,"Naive B","POLM","down"
6.40706701838154e-12,-0.465809489105687,0.017,0.034,1.2046567407961e-07,"Naive B","TRAM2","down"
7.77741110980489e-13,-0.465680985594824,0.065,0.105,1.46230883686552e-08,"Naive B","MAP2K5","down"
1.33200412037436e-12,-0.465468328854292,0.054,0.09,2.50443414712787e-08,"Naive B","ZNF487","down"
1.12216573898021e-13,-0.46525619001427,0.108,0.165,2.10989602243059e-09,"Naive B","TMEM14C","down"
1.50729627551766e-23,-0.46476657280622,0.169,0.259,2.8340184572283e-19,"Naive B","FBXL17","down"
4.2429813469195e-08,-0.464525671358628,0.022,0.041,0.000797765352847804,"Naive B","STPG1","down"
2.05839556195562e-35,-0.464153644331294,0.309,0.452,3.87019533558895e-31,"Naive B","PITPNA","down"
1.12480049283746e-22,-0.463973231981986,0.12,0.193,2.11484988663299e-18,"Naive B","MGAT2","down"
1.97977247025263e-22,-0.463901803307784,0.431,0.552,3.722368198569e-18,"Naive B","TPD52","down"
3.4337274178531e-11,-0.46385393269122,0.05,0.082,6.45609429104741e-07,"Naive B","KDM1B","down"
2.0685816843292e-31,-0.463821453998402,0.144,0.236,3.88934728287577e-27,"Naive B","MRPS34","down"
3.5513894656717e-24,-0.463618436405346,0.133,0.213,6.67732247335593e-20,"Naive B","PISD","down"
1.29160595807527e-27,-0.463282062718546,0.234,0.349,2.42847752237312e-23,"Naive B","PABPC4","down"
9.25400657316746e-31,-0.462259746337092,0.368,0.51,1.73993831588695e-26,"Naive B","TMEM131","down"
1.2920492932781e-21,-0.461719850420058,0.311,0.426,2.42931108122149e-17,"Naive B","LBH","down"
1.93423993294906e-17,-0.460973018275741,0.053,0.094,3.63675792193082e-13,"Naive B","YEATS2","down"
7.89014074236072e-15,-0.460966766113139,0.075,0.121,1.48350426237866e-10,"Naive B","ANKRD52","down"
1.35423915141467e-39,-0.459691184576005,0.499,0.661,2.54624045248987e-35,"Naive B","CAP1","down"
7.78277707441654e-09,-0.459506939161662,0.031,0.054,0.00014633177455318,"Naive B","ZNF341","down"
2.02150198690119e-13,-0.45929469505142,0.036,0.063,3.80082803577162e-09,"Naive B","PDCD2L","down"
9.05291180342934e-23,-0.459268102012494,0.249,0.357,1.70212847728078e-18,"Naive B","RAB3GAP2","down"
1.21612628059931e-23,-0.45879207092071,0.144,0.227,2.28656063278282e-19,"Naive B","TOLLIP","down"
2.6061437133998e-14,-0.458410405216499,0.093,0.145,4.90007140993431e-10,"Naive B","TESK1","down"
6.78461689661964e-17,-0.457992250310637,0.132,0.202,1.27564366890243e-12,"Naive B","KATNAL1","down"
1.07291620935458e-16,-0.457615149230422,0.059,0.101,2.01729705682848e-12,"Naive B","SLC39A7","down"
1.51741541622761e-36,-0.456950831288742,0.442,0.599,2.85304446559115e-32,"Naive B","GSPT1","down"
5.40249500829608e-13,-0.456353582646833,0.056,0.094,1.01577711145983e-08,"Naive B","TEP1","down"
4.81187907939521e-09,-0.456311273936708,0.05,0.08,9.04729504507887e-05,"Naive B","MPV17","down"
2.09707794923304e-35,-0.456069657631916,0.592,0.731,3.94292596014796e-31,"Naive B","NCOA3","down"
9.61237216859777e-26,-0.456040152340144,0.302,0.425,1.80731821513975e-21,"Naive B","TOMM5","down"
4.47842573445784e-28,-0.45603089013845,0.178,0.277,8.42033606592763e-24,"Naive B","TMX1","down"
1.47103343788274e-24,-0.45602456692219,0.37,0.497,2.76583706990712e-20,"Naive B","ATP1A1","down"
7.50344788902939e-09,-0.455565199354297,0.047,0.076,0.000141079827209531,"Naive B","MYCBP2-AS1","down"
6.59379369079492e-49,-0.455475491474433,0.565,0.737,1.23976508974326e-44,"Naive B","VASP","down"
7.45359631123794e-09,-0.455391127639888,0.038,0.063,0.000140142517843896,"Naive B","BCAT2","down"
1.37700129727563e-08,-0.454879163480385,0.038,0.063,0.000258903783913764,"Naive B","DUSP23","down"
5.81826468455323e-22,-0.454737939115931,0.102,0.166,1.0939501259897e-17,"Naive B","GANC","down"
2.79737098681798e-11,-0.454590447399032,0.042,0.072,5.25961692941516e-07,"Naive B","SLC43A3","down"
9.44762380228336e-34,-0.454543717771683,0.253,0.388,1.77634222730532e-29,"Naive B","RAB11FIP1","down"
5.69043175993872e-08,-0.454287013690543,0.05,0.078,0.00106991497950368,"Naive B","GLT8D1","down"
2.15323134082157e-11,-0.453867051804089,0.037,0.065,4.04850556701271e-07,"Naive B","DNAAF4","down"
2.51431051130812e-37,-0.453820491065949,0.127,0.215,4.72740662336153e-33,"Naive B","MRPL34","down"
2.06958867000123e-09,-0.453244975359738,0.264,0.332,3.89124061733632e-05,"Naive B","CEMIP2","down"
5.89508683243289e-15,-0.452818740668987,0.069,0.112,1.10839422623403e-10,"Naive B","WDR5","down"
2.2953523781093e-09,-0.452755770914194,0.027,0.047,4.3157215413211e-05,"Naive B","XKR8","down"
3.16229749190901e-25,-0.452658989414021,0.125,0.203,5.94575174428732e-21,"Naive B","DESI1","down"
2.34362726087774e-19,-0.452657216479687,0.685,0.769,4.40648797590233e-15,"Naive B","GUK1","down"
1.45533767632415e-22,-0.45235205855371,0.149,0.233,2.73632589902466e-18,"Naive B","SYNJ2","down"
3.0401248393212e-10,-0.452068429402437,0.075,0.115,5.71604272289172e-06,"Naive B","CLSTN1","down"
8.02176795626429e-28,-0.451742061431256,0.5,0.635,1.50825281113681e-23,"Naive B","USP24","down"
1.78826055216186e-07,-0.451115119949197,0.056,0.085,0.00336228749017473,"Naive B","DGLUCY","down"
7.24863927348619e-31,-0.451074538723446,0.144,0.237,1.36288915620087e-26,"Naive B","DECR1","down"
2.01948442111551e-06,-0.450921941799872,0.017,0.031,0.0379703460858137,"Naive B","CCDC24","down"
4.76571157556496e-20,-0.450676601327331,0.136,0.213,8.96049090437723e-16,"Naive B","PRDX2","down"
7.38288338048274e-58,-0.450622633972444,0.778,0.885,1.38812973319837e-53,"Naive B","TPM3","down"
2.24234986110523e-12,-0.450491675410579,0.158,0.226,4.21606620885006e-08,"Naive B","ZCCHC2","down"
1.33014337580824e-06,-0.450292240838316,0.02,0.035,0.0250093557519465,"Naive B","PALB2","down"
3.03994270040277e-08,-0.449781809600891,0.059,0.091,0.000571570026529729,"Naive B","PABIR3","down"
1.24064886689837e-17,-0.449187061551821,0.092,0.147,2.33266799954232e-13,"Naive B","PPME1","down"
1.59037903388287e-23,-0.448919874196267,0.115,0.188,2.99023065950657e-19,"Naive B","MDN1","down"
3.34533481564142e-12,-0.448917745692258,0.055,0.089,6.28989852036899e-08,"Naive B","UROS","down"
6.36681821065401e-18,-0.448890039824179,0.079,0.133,1.19708915996717e-13,"Naive B","KIF1B","down"
8.0503109334021e-12,-0.448872067724004,0.121,0.179,1.51361946169826e-07,"Naive B","ENSG00000234961","down"
2.01838861362492e-25,-0.448698328688463,0.235,0.347,3.79497427133758e-21,"Naive B","ADAM8","down"
8.31936235810899e-26,-0.448579782778051,0.134,0.214,1.56420651057165e-21,"Naive B","ROCK2","down"
6.57130062946612e-35,-0.448427731398232,0.264,0.396,1.23553594435222e-30,"Naive B","IARS1","down"
3.8892491509114e-14,-0.448411010509288,0.074,0.12,7.31256625354361e-10,"Naive B","LINC00342","down"
6.48672636427486e-19,-0.448286225920934,0.085,0.139,1.21963429101096e-14,"Naive B","FZR1","down"
2.35341357091306e-20,-0.44743868983294,0.076,0.128,4.42488819603074e-16,"Naive B","STRN4","down"
3.21466652286613e-22,-0.446074322190376,0.113,0.183,6.0442159962929e-18,"Naive B","C11orf24","down"
1.57290285501408e-21,-0.445858372528176,0.134,0.209,2.95737194799747e-17,"Naive B","TYW1","down"
6.79646951682829e-11,-0.445470252741035,0.036,0.06,1.27787219855405e-06,"Naive B","VPS37C","down"
2.02760989127078e-28,-0.445423352829271,0.227,0.343,3.81231211756732e-24,"Naive B","OPTN","down"
1.26569515530102e-22,-0.445022820632029,0.45,0.572,2.37976003099698e-18,"Naive B","JAZF1","down"
1.2118091094478e-11,-0.444193547831084,0.033,0.06,2.27844348758374e-07,"Naive B","NOP14-AS1","down"
3.39315526835055e-27,-0.443906700429506,0.333,0.465,6.3798105355527e-23,"Naive B","PELI1","down"
3.82344263225474e-18,-0.443844171460768,0.678,0.76,7.18883683716536e-14,"Naive B","BANK1","down"
1.52437546499167e-10,-0.443760797281376,0.036,0.061,2.86613074927733e-06,"Naive B","TRIM65","down"
3.97765534151536e-20,-0.443596138659114,0.084,0.141,7.47878757311717e-16,"Naive B","SLC25A12","down"
1.90369945721669e-23,-0.442683612422588,0.087,0.144,3.57933571945883e-19,"Naive B","DCTD","down"
1.35308760737831e-12,-0.442623925014786,0.057,0.094,2.5440753193927e-08,"Naive B","DNMT3A","down"
6.42461023385215e-15,-0.442367647314433,0.063,0.106,1.20795521616888e-10,"Naive B","ERAP2","down"
9.81468073926601e-28,-0.441843927355508,0.128,0.207,1.8453562725968e-23,"Naive B","SCP2","down"
5.1619609495946e-17,-0.441656601678628,0.108,0.168,9.70551897742776e-13,"Naive B","VAMP3","down"
3.42219278697969e-12,-0.440963517367837,0.08,0.126,6.43440687807921e-08,"Naive B","OXR1","down"
1.9153714133725e-06,-0.440808838023047,0.031,0.05,0.0360128133142298,"Naive B","LINC00265","down"
1.3632067593064e-17,-0.440783672536548,0.059,0.101,2.56310134884789e-13,"Naive B","POLRMT","down"
8.84593174644449e-21,-0.440777239347834,0.143,0.221,1.66321208696649e-16,"Naive B","LRWD1","down"
6.84130700066782e-31,-0.440521026117859,0.297,0.43,1.28630254226556e-26,"Naive B","MRPS6","down"
1.68333567013137e-14,-0.440452177516843,0.098,0.151,3.16500772698101e-10,"Naive B","CDK5RAP1","down"
5.2365041316035e-21,-0.440366493482505,0.186,0.276,9.84567506824091e-17,"Naive B","TLNRD1","down"
2.07149673749127e-15,-0.440303875998523,0.143,0.212,3.89482816583109e-11,"Naive B","CBFA2T3","down"
4.18234962291423e-10,-0.440025375316456,0.039,0.065,7.86365376100333e-06,"Naive B","GATD1","down"
1.83287247648471e-19,-0.439809853471216,0.108,0.173,3.44616683028656e-15,"Naive B","DOT1L","down"
1.00375859229166e-13,-0.439756391561099,0.048,0.08,1.88726690522678e-09,"Naive B","SH2B1","down"
2.94065937461375e-17,-0.439645489652444,0.106,0.166,5.52902775614877e-13,"Naive B","ANKRD36","down"
2.67453268021072e-12,-0.439031232339266,0.059,0.097,5.0286563453322e-08,"Naive B","ZNF75D","down"
4.64049449572744e-07,-0.438529074463303,0.038,0.059,0.00872505775086674,"Naive B","HIRIP3","down"
8.80206544531609e-20,-0.438491975945253,0.36,0.474,1.65496434502833e-15,"Naive B","B4GALT1","down"
5.91301295375276e-07,-0.438476506143449,0.052,0.079,0.0111176469556459,"Naive B","CDC42BPB","down"
5.23145193664591e-28,-0.438074577147394,0.335,0.467,9.83617593128164e-24,"Naive B","PDIA6","down"
9.42485452004132e-09,-0.437678947376433,0.046,0.074,0.000177206114685817,"Naive B","MFAP3","down"
1.31058787544997e-07,-0.43739315024811,0.03,0.051,0.00246416732342103,"Naive B","TSHZ1","down"
2.41885900323874e-07,-0.437140236436265,0.066,0.1,0.00454793869788947,"Naive B","MIR4422HG","down"
3.44874398926463e-12,-0.436884035956525,0.073,0.116,6.48432844861536e-08,"Naive B","PPP1R12B","down"
4.46058080570849e-16,-0.436656142430646,0.09,0.143,8.38678403089311e-12,"Naive B","DTD1","down"
4.31276831291416e-07,-0.436622305110397,0.239,0.298,0.0081088669819412,"Naive B","SGK1","down"
1.34256352810911e-25,-0.436104856054814,0.177,0.271,2.52428794555076e-21,"Naive B","USP48","down"
3.01201912174516e-15,-0.435989770482511,0.135,0.2,5.66319835270526e-11,"Naive B","PRKAG2","down"
2.8680521829664e-42,-0.435684099749315,0.314,0.466,5.39251171441342e-38,"Naive B","MEAF6","down"
3.66873006060872e-18,-0.435494349734176,0.179,0.262,6.89794625995652e-14,"Naive B","NOP16","down"
3.88964741174362e-35,-0.435442912460119,0.351,0.498,7.31331506356036e-31,"Naive B","PARP1","down"
8.415370982785e-15,-0.435434702170192,0.07,0.114,1.58225805218324e-10,"Naive B","POGLUT1","down"
1.28982788036991e-10,-0.435207883527461,0.069,0.106,2.4251343806715e-06,"Naive B","ARMC9","down"
1.2484971083196e-15,-0.435063998551459,0.087,0.136,2.34742426306251e-11,"Naive B","JKAMP","down"
5.91600987596757e-09,-0.435063104096082,0.061,0.093,0.000111232817687942,"Naive B","MANBAL","down"
6.89562800377492e-30,-0.435037339954645,0.162,0.255,1.29651597726976e-25,"Naive B","RETREG2","down"
1.74070865895899e-13,-0.433765860688142,0.406,0.499,3.27288042057469e-09,"Naive B","IGKC","down"
5.045746635826e-38,-0.433273657603104,0.618,0.759,9.48701282468005e-34,"Naive B","ARPC1B","down"
6.02414091010596e-18,-0.433197736068224,0.214,0.304,1.13265897391812e-13,"Naive B","LIMS1","down"
1.11367086390189e-24,-0.433086839188228,0.372,0.5,2.09392395830834e-20,"Naive B","DAPP1","down"
7.70890376813771e-11,-0.433066469595217,0.083,0.126,1.44942808648525e-06,"Naive B","EOLA2","down"
9.54125836291668e-11,-0.432600219126261,0.032,0.055,1.79394739739559e-06,"Naive B","TRIM35","down"
7.16499809590399e-27,-0.432585137101935,0.425,0.56,1.34716294199187e-22,"Naive B","ABI1","down"
3.54401366173987e-25,-0.432487179410617,0.148,0.232,6.66345448680331e-21,"Naive B","APOBEC3C","down"
3.26901310065666e-45,-0.432421231031213,0.943,0.967,6.14639843185465e-41,"Naive B","EMP3","down"
1.8078710820081e-10,-0.431903446366575,0.078,0.118,3.39915920839163e-06,"Naive B","LIMD1","down"
3.43411613694092e-11,-0.431722487873197,0.074,0.116,6.45682516067633e-07,"Naive B","ITGAV","down"
8.78092038935397e-31,-0.431573421481556,0.384,0.526,1.65098865160633e-26,"Naive B","DOCK8","down"
1.93996750956933e-17,-0.431269037941712,0.12,0.184,3.64752691149225e-13,"Naive B","MAP3K4","down"
7.84374634178835e-19,-0.431230570968241,0.1,0.159,1.47478118718305e-14,"Naive B","PTTG1IP","down"
5.14770127172316e-16,-0.430549125817931,0.071,0.115,9.67870793109388e-12,"Naive B","RRP9","down"
2.03854897747304e-12,-0.430492938106129,0.123,0.182,3.83287978744482e-08,"Naive B","NEDD9","down"
9.44213217682795e-10,-0.429271531269872,0.04,0.065,1.77530969188719e-05,"Naive B","CHST12","down"
3.95089861907111e-11,-0.428873851936298,0.031,0.055,7.4284795835775e-07,"Naive B","CAMK2G","down"
6.5679124609249e-12,-0.428792778429953,0.059,0.094,1.2348989009031e-07,"Naive B","TIMM29","down"
1.37331035327431e-17,-0.428652236513936,0.093,0.148,2.58209812622635e-13,"Naive B","CRELD2","down"
2.61062385810029e-09,-0.428203040976866,0.058,0.09,4.90849497800016e-05,"Naive B","POLR3A","down"
2.14600532322985e-18,-0.428034776623408,0.109,0.17,4.03491920873676e-14,"Naive B","GTF3C2","down"
2.80137093143554e-10,-0.427802009954859,0.072,0.111,5.2671376252851e-06,"Naive B","DHTKD1","down"
2.69893601479362e-15,-0.427228946242392,0.089,0.142,5.07453949501497e-11,"Naive B","LCLAT1","down"
1.84076961060226e-12,-0.427118700408803,0.065,0.104,3.46101502185436e-08,"Naive B","ENSG00000291143","down"
2.69623092884307e-21,-0.426728018570122,0.272,0.378,5.06945339241073e-17,"Naive B","DEGS1","down"
6.37444382831611e-30,-0.426516865217481,0.189,0.29,1.1985229286e-25,"Naive B","NPTN","down"
1.01664882124864e-14,-0.426152289253618,0.099,0.152,1.91150311371169e-10,"Naive B","DENND4B","down"
4.45885170324118e-28,-0.426145193869235,0.28,0.402,8.38353297243407e-24,"Naive B","SMARCB1","down"
9.22086492175008e-17,-0.425994098118226,0.107,0.166,1.73370702258745e-12,"Naive B","RBFA","down"
4.74093216763404e-11,-0.425348393785086,0.043,0.072,8.91390066158552e-07,"Naive B","STX10","down"
4.68950072744138e-34,-0.425018544264631,0.23,0.35,8.81719926773529e-30,"Naive B","SELENOS","down"
1.1659436119945e-06,-0.424883838984402,0.018,0.032,0.0219220717927206,"Naive B","TMEM79","down"
4.9600590615232e-28,-0.424866372946556,0.399,0.536,9.32590304747592e-24,"Naive B","GARS1","down"
8.9803524173186e-07,-0.424648668902541,0.034,0.054,0.0168848586150424,"Naive B","IDUA","down"
1.05551513779687e-08,-0.424635235092603,0.024,0.042,0.000198457956208567,"Naive B","MARS2","down"
3.41328892479524e-32,-0.424477833284021,0.18,0.283,6.41766583640002e-28,"Naive B","TERF2","down"
8.56849712028731e-26,-0.424418737848159,0.138,0.218,1.61104882855642e-21,"Naive B","RABL6","down"
3.95347391112488e-08,-0.42431732616492,0.019,0.036,0.000743332164769701,"Naive B","NEB","down"
9.36192596420875e-30,-0.423959387060338,0.183,0.282,1.76022931979053e-25,"Naive B","CDK4","down"
2.06801539288612e-14,-0.423957821412283,0.126,0.188,3.88828254170449e-10,"Naive B","DOP1A","down"
7.12502866172755e-38,-0.423491774806293,0.691,0.812,1.33964788897801e-33,"Naive B","NME2","down"
5.17982278202402e-18,-0.422674884491113,0.091,0.145,9.73910279476157e-14,"Naive B","ECHS1","down"
1.36473553754225e-20,-0.422424930047689,0.205,0.296,2.56597575768693e-16,"Naive B","PTK2B","down"
1.27090012593081e-15,-0.422265333632879,0.398,0.499,2.38954641677511e-11,"Naive B","SDCBP","down"
1.85697925126641e-16,-0.422165433122537,0.056,0.094,3.49149238823111e-12,"Naive B","TNFSF12","down"
2.93450402840255e-22,-0.421947452596256,0.08,0.134,5.51745447420247e-18,"Naive B","GSDMD","down"
3.4675405039274e-39,-0.421735194484803,0.626,0.768,6.51966965548429e-35,"Naive B","ENO1","down"
3.13723795950727e-07,-0.421364898708964,0.024,0.04,0.00589863481146558,"Naive B","POMT1","down"
2.12291362768728e-32,-0.420941434796911,0.197,0.305,3.99150220277762e-28,"Naive B","ADAM17","down"
1.90663792685713e-20,-0.420936176587036,0.094,0.153,3.58486063007678e-16,"Naive B","FADD","down"
8.74589180584794e-16,-0.420931689481219,0.154,0.226,1.64440257733553e-11,"Naive B","RUFY3","down"
3.05127985201158e-16,-0.420776449633899,0.077,0.123,5.73701637775218e-12,"Naive B","ZNF142","down"
1.69301447248017e-06,-0.420389027613627,0.016,0.028,0.0318320581115722,"Naive B","ZNF799","down"
4.39260242069601e-09,-0.42034856032318,0.036,0.06,8.25897107139263e-05,"Naive B","KCTD17","down"
1.58408964202627e-09,-0.420292345045896,0.026,0.047,2.9784053449378e-05,"Naive B","ZMYM1","down"
1.49228568038067e-33,-0.420082582470172,0.388,0.536,2.80579553625174e-29,"Naive B","MICOS10","down"
2.39597242617001e-14,-0.419847995962793,0.112,0.168,4.50490735568485e-10,"Naive B","NME3","down"
1.96348167812243e-21,-0.419254720962162,0.172,0.257,3.6917382512058e-17,"Naive B","CARHSP1","down"
1.58959934761196e-18,-0.419138754821622,0.273,0.375,2.98876469338001e-14,"Naive B","TUBB6","down"
1.4626626125003e-13,-0.418914411537821,0.044,0.075,2.75009824402307e-09,"Naive B","COG7","down"
3.39509901834065e-38,-0.418805296178181,0.234,0.361,6.38346517428409e-34,"Naive B","SRI","down"
7.13242399553e-26,-0.418673308603376,0.305,0.427,1.34103835963955e-21,"Naive B","MICU2","down"
8.64078785109806e-25,-0.4184778190583,0.189,0.281,1.62464093176346e-20,"Naive B","CERS2","down"
1.61669921062076e-22,-0.418353378775877,0.39,0.512,3.03971785580915e-18,"Naive B","ANTXR2","down"
9.7272308856548e-16,-0.417920479922995,0.089,0.142,1.82891395112082e-11,"Naive B","ANKRD36C","down"
5.50207876703367e-11,-0.417770129739435,0.103,0.151,1.03450084977767e-06,"Naive B","LINC00426","down"
2.80707159661124e-19,-0.41774925089822,0.181,0.264,5.27785601594845e-15,"Naive B","MRPL4","down"
3.06877684652203e-19,-0.417522359744583,0.109,0.172,5.76991422683072e-15,"Naive B","ZNF236","down"
1.07661874175066e-17,-0.417500937160063,0.211,0.298,2.02425855823959e-13,"Naive B","LYL1","down"
3.45050793556199e-14,-0.417194513710913,0.102,0.157,6.48764502044365e-10,"Naive B","RBM15","down"
1.59134743624705e-06,-0.417186393461259,0.01,0.02,0.0299205144963171,"Naive B","PSPH","down"
5.89184560981083e-25,-0.417121345173101,0.18,0.271,1.10778481155663e-20,"Naive B","ECHDC1","down"
5.66681429660643e-08,-0.417026790881627,0.031,0.053,0.00106547442404794,"Naive B","CFLAR-AS1","down"
1.41472364473374e-06,-0.417021199598242,0.036,0.055,0.0265996339682837,"Naive B","PHF13","down"
6.0617796619586e-18,-0.416941485500278,0.115,0.177,1.13973581204146e-13,"Naive B","TEX264","down"
1.84755862421857e-07,-0.416506230580312,0.041,0.063,0.00347377972525576,"Naive B","ZNF710","down"
5.315423956067e-20,-0.416317122767533,0.1,0.159,9.99406012219717e-16,"Naive B","RDX","down"
1.51041231304664e-32,-0.416083637450791,0.217,0.33,2.8398772309903e-28,"Naive B","STARD7","down"
5.35028971175026e-15,-0.416051734903301,0.073,0.117,1.00596147160328e-10,"Naive B","MTHFR","down"
3.65685814317055e-08,-0.41539865604136,0.04,0.063,0.000687562468078927,"Naive B","HDAC10","down"
1.62644570056228e-37,-0.415392301493599,0.686,0.813,3.05804320619719e-33,"Naive B","CAMK1D","down"
2.63464982147146e-09,-0.414895209748643,0.058,0.089,4.95366859433064e-05,"Naive B","TOR2A","down"
2.53927920845067e-30,-0.414543138586517,0.482,0.625,4.77435276772894e-26,"Naive B","PSMB9","down"
2.85839693470246e-25,-0.414297060077475,0.191,0.286,5.37435791662757e-21,"Naive B","EXOC2","down"
1.98282702013661e-06,-0.414103304060283,0.014,0.026,0.0372811136326085,"Naive B","C9orf64","down"
1.18971638262077e-11,-0.413906093014066,0.049,0.08,2.23690474260357e-07,"Naive B","ENSG00000273748","down"
2.32740420642711e-25,-0.41344189369729,0.124,0.198,4.37598538892425e-21,"Naive B","TXLNGY","down"
6.1298806383799e-31,-0.413120713635645,0.209,0.316,1.15254015762819e-26,"Naive B","NARS1","down"
2.32321555443898e-08,-0.412472299861848,0.022,0.038,0.000436810988545618,"Naive B","ENSG00000254263","down"
8.29436149461395e-24,-0.412074931797526,0.146,0.226,1.55950584821732e-19,"Naive B","FLII","down"
7.47191223687719e-08,-0.411732284011888,0.028,0.046,0.00140486893877765,"Naive B","TRIM14","down"
1.94381279054893e-30,-0.411666210257872,0.28,0.404,3.65475680879009e-26,"Naive B","ELOF1","down"
6.50095887238375e-08,-0.41138839907168,0.072,0.105,0.00122231028718559,"Naive B","QSER1","down"
5.83911222665862e-11,-0.411256684220255,0.03,0.052,1.09786988085635e-06,"Naive B","TRMT2A","down"
1.83817936575234e-09,-0.411122721280006,0.022,0.04,3.45614484348755e-05,"Naive B","NR1D1","down"
2.16963018625238e-35,-0.410501984325827,0.204,0.317,4.07933867619173e-31,"Naive B","ENSG00000284707","down"
6.52160880824411e-19,-0.410331949159997,0.105,0.164,1.22619288812606e-14,"Naive B","DNAJC13","down"
2.6224002250468e-07,-0.410227838117633,0.047,0.072,0.00493063690313299,"Naive B","ENSG00000235119","down"
3.9362979563755e-34,-0.410118827661611,0.285,0.418,7.40102741757721e-30,"Naive B","ANKLE2","down"
6.16292437382361e-19,-0.409502903129614,0.073,0.121,1.15875304076631e-14,"Naive B","TMED3","down"
6.7059126214031e-17,-0.409496218071858,0.103,0.159,1.26084569107621e-12,"Naive B","MTLN","down"
1.22656121526536e-07,-0.409275899021293,0.036,0.057,0.00230618039694194,"Naive B","PIP5K1C","down"
1.31920327367405e-19,-0.408909609175188,0.078,0.129,2.48036599516196e-15,"Naive B","STX8","down"
1.45464437450258e-29,-0.408835427786406,0.298,0.424,2.73502235293974e-25,"Naive B","CPNE1","down"
5.89385214578854e-14,-0.408413482252473,0.052,0.09,1.10816208045116e-09,"Naive B","LINC02202","down"
1.68192597358457e-37,-0.40789582605428,0.377,0.528,3.16235721553372e-33,"Naive B","OSTF1","down"
1.50950360357067e-23,-0.407696594475246,0.1,0.163,2.83816867543357e-19,"Naive B","SGTA","down"
9.01197774658454e-35,-0.407448445362582,0.198,0.306,1.69443205591283e-30,"Naive B","PHB1","down"
6.40971774641566e-55,-0.407163029085158,0.845,0.919,1.20515513068107e-50,"Naive B","CLIC1","down"
1.54263585035604e-15,-0.407046916130062,0.076,0.121,2.90046392583943e-11,"Naive B","RAD17","down"
2.60084586436479e-10,-0.407041699545584,0.124,0.176,4.89011039417868e-06,"Naive B","HCG17","down"
7.92148065186049e-07,-0.406914096988816,0.015,0.027,0.0148939679216281,"Naive B","ENSG00000291046","down"
9.23925920622602e-22,-0.406769622070698,0.131,0.2,1.73716551595462e-17,"Naive B","RAB35","down"
2.13021914700232e-06,-0.406623612917024,0.024,0.04,0.0400523804019377,"Naive B","PTDSS2","down"
1.05681097033763e-24,-0.406482130744271,0.411,0.539,1.9870159864288e-20,"Naive B","EIF4E","down"
3.42834056128018e-12,-0.406086789748172,0.054,0.088,6.44596592331899e-08,"Naive B","DDX55","down"
1.17229001509745e-21,-0.405865060875077,0.355,0.472,2.20413968638623e-17,"Naive B","CAPNS1","down"
4.34780505153103e-12,-0.405337126954211,0.082,0.125,8.17474305788865e-08,"Naive B","GPD2","down"
4.39570491866901e-11,-0.405133847339783,0.069,0.106,8.26480438808147e-07,"Naive B","GET1","down"
2.02086178726894e-22,-0.405046641581567,0.485,0.605,3.79962433242307e-18,"Naive B","PBXIP1","down"
1.90618863098545e-21,-0.404388580396748,0.091,0.146,3.58401586397884e-17,"Naive B","CEP104","down"
3.37290386959603e-07,-0.404370448458812,0.055,0.082,0.00634173385561446,"Naive B","EFHC1","down"
2.64867935073681e-07,-0.404141697019956,0.023,0.04,0.00498004691525536,"Naive B","ZNF823","down"
3.61600851401751e-25,-0.404078768886302,0.157,0.24,6.79881920805572e-21,"Naive B","LARP1","down"
5.49428400202062e-18,-0.40368408042642,0.094,0.15,1.03303527805992e-13,"Naive B","TTN-AS1","down"
3.09371145511122e-13,-0.402871212041748,0.081,0.126,5.81679627790013e-09,"Naive B","PAPSS1","down"
2.09430447443706e-34,-0.402443861315445,0.323,0.459,3.93771127283657e-30,"Naive B","DPP7","down"
3.2884980063046e-20,-0.402387607054924,0.183,0.266,6.18303395145391e-16,"Naive B","FARP2","down"
1.60211508808823e-10,-0.402349076747067,0.035,0.059,3.01229678862349e-06,"Naive B","SKA2","down"
1.43411750637177e-19,-0.402249440833134,0.106,0.166,2.6964277354802e-15,"Naive B","TMEM115","down"
2.26214564679358e-40,-0.402194935630184,0.688,0.817,4.2532862451013e-36,"Naive B","PLP2","down"
6.1184300864543e-15,-0.40218151006928,0.086,0.134,1.15038722485514e-10,"Naive B","ESYT1","down"
8.13950657771992e-11,-0.401669671985099,0.044,0.073,1.5303900267429e-06,"Naive B","MYO19","down"
6.80309215563752e-14,-0.401564136016844,0.06,0.097,1.27911738710297e-09,"Naive B","DUSP16","down"
1.52068906080782e-16,-0.401404467109109,0.08,0.128,2.85919957213087e-12,"Naive B","PELP1","down"
1.32548708247411e-14,-0.401341303328011,0.108,0.164,2.49218081246782e-10,"Naive B","MRTO4","down"
3.35773191310364e-18,-0.401186942752624,0.072,0.12,6.31320754301747e-14,"Naive B","LMO4","down"
6.01713816168437e-16,-0.400807837044522,0.039,0.069,1.13134231715989e-11,"Naive B","DHRS4","down"
2.53593858878807e-26,-0.400128195292743,0.249,0.361,4.76807173463933e-22,"Naive B","RASGRP3","down"
6.18273582961661e-28,-0.400054587670982,0.138,0.217,1.16247799068451e-23,"Naive B","ARF3","down"
4.14682494011429e-13,-0.400045486761723,0.078,0.122,7.79686025240289e-09,"Naive B","SYNE1","down"
7.96038640846011e-24,-0.39997491509262,0.19,0.281,1.49671185251867e-19,"Naive B","CFAP298","down"
3.15279703820299e-07,-0.399429343381695,0.04,0.062,0.00592788899122926,"Naive B","CCDC7","down"
1.02372544202866e-06,-0.399396673276806,0.043,0.065,0.0192480857610228,"Naive B","GBA1","down"
1.78928516988078e-11,-0.3993446314414,0.05,0.081,3.36421397640983e-07,"Naive B","PSMG3","down"
9.01010225314973e-22,-0.399209684850911,0.103,0.164,1.69407942563721e-17,"Naive B","COQ4","down"
4.43861577811869e-07,-0.398937225190896,0.038,0.06,0.00834548538601875,"Naive B","UBOX5","down"
7.3510421434019e-27,-0.398875431264277,0.253,0.366,1.38214294380242e-22,"Naive B","FNDC3A","down"
2.33577260013306e-22,-0.398181598039676,0.118,0.188,4.39171964277019e-18,"Naive B","ENSG00000287555","down"
5.87252983722023e-12,-0.397990326640654,0.094,0.141,1.10415305999415e-07,"Naive B","RNF20","down"
3.93389063114275e-21,-0.397936415807486,0.206,0.298,7.3965011646746e-17,"Naive B","ARID1A","down"
4.1076639870621e-12,-0.397666090493356,0.069,0.107,7.72322982847415e-08,"Naive B","TMEM64","down"
1.11702848513802e-15,-0.397409953730534,0.044,0.076,2.10023695775651e-11,"Naive B","PIP4K2C","down"
1.0440882521948e-31,-0.397393607604142,0.313,0.447,1.96309473177667e-27,"Naive B","YARS1","down"
7.11809983318695e-24,-0.397332520666703,0.07,0.12,1.33834513063581e-19,"Naive B","PPP5C","down"
1.56045286272198e-12,-0.397278396638238,0.149,0.211,2.93396347248987e-08,"Naive B","TRRAP","down"
1.0869643511436e-18,-0.397213556592746,0.246,0.339,2.0437103730202e-14,"Naive B","FTX","down"
2.93249274808552e-28,-0.397201577992587,0.181,0.276,5.5136728649504e-24,"Naive B","MVP","down"
1.97813915219383e-09,-0.397164879392581,0.061,0.094,3.71929723395485e-05,"Naive B","TEC","down"
5.11712452526074e-09,-0.396927152546333,0.043,0.068,9.62121753239524e-05,"Naive B","CCDC142","down"
4.90962867511639e-34,-0.396819380270776,0.413,0.563,9.23108383495384e-30,"Naive B","SERPINB1","down"
6.66252009622544e-19,-0.396013739339263,0.133,0.2,1.25268702849231e-14,"Naive B","SLC25A46","down"
1.24188018042849e-22,-0.395906672710023,0.186,0.273,2.33498311524164e-18,"Naive B","TBK1","down"
4.02954175977423e-12,-0.39544911164498,0.194,0.266,7.57634441672751e-08,"Naive B","SLC7A5","down"
8.80876483315895e-16,-0.395166519755328,0.367,0.467,1.65622396393055e-11,"Naive B","JPT1","down"
5.3240379854302e-29,-0.395137972871715,0.445,0.584,1.00102562202059e-24,"Naive B","HIGD2A","down"
2.88041371462857e-07,-0.395010557803585,0.025,0.043,0.00541575386624463,"Naive B","SNTB2","down"
4.44181577957399e-22,-0.394751164936689,0.101,0.162,8.35150202875501e-18,"Naive B","NNT","down"
4.71264882533756e-19,-0.394748221525296,0.137,0.208,8.86072232139968e-15,"Naive B","R3HDM1","down"
1.83071885205558e-24,-0.394664430198198,0.107,0.172,3.4421175856349e-20,"Naive B","SLC35E1","down"
1.7204371737333e-23,-0.394556801220435,0.243,0.346,3.23476597405336e-19,"Naive B","AKNA","down"
3.08060164139621e-15,-0.394221963073484,0.088,0.136,5.79214720615316e-11,"Naive B","NT5DC1","down"
3.76133145658529e-16,-0.393762549644579,0.174,0.247,7.07205540467166e-12,"Naive B","SMYD3","down"
5.2423002530771e-20,-0.393187882640624,0.245,0.345,9.85657293583556e-16,"Naive B","ANKRD33B","down"
7.44328760887312e-14,-0.393039275085662,0.065,0.103,1.39948693622032e-09,"Naive B","PLOD3","down"
2.13053835395061e-13,-0.392998315427657,0.046,0.077,4.00583821309794e-09,"Naive B","ZNF559","down"
1.39898030571853e-30,-0.392986465470302,0.321,0.451,2.63036277081198e-26,"Naive B","KANSL1","down"
1.413531142924e-18,-0.392939037432669,0.127,0.191,2.65772125492571e-14,"Naive B","HCFC1R1","down"
1.3999546475412e-06,-0.392460246342018,0.091,0.126,0.0263219472830697,"Naive B","SUCLG2","down"
4.26658596960673e-18,-0.391774230081213,0.309,0.411,8.02203494005457e-14,"Naive B","PPP2R5C","down"
1.32938701107168e-06,-0.391636702702264,0.009,0.019,0.0249951345821697,"Naive B","ENSG00000274383","down"
2.48486110255665e-13,-0.391534786704206,0.152,0.217,4.67203584502702e-09,"Naive B","SLC39A10","down"
5.21118952368993e-39,-0.391335602073701,0.709,0.837,9.79807854244181e-35,"Naive B","NEAT1","down"
1.61613817156284e-11,-0.390469609982561,0.055,0.087,3.03866299017245e-07,"Naive B","PGAM5","down"
3.98171270579827e-19,-0.390195006944157,0.17,0.249,7.48641622944191e-15,"Naive B","GTF2IRD2B","down"
2.99674784220787e-27,-0.3901191074207,0.398,0.531,5.63448529291923e-23,"Naive B","ZFAND6","down"
3.10576795916712e-14,-0.389842601728909,0.122,0.179,5.83946491682603e-10,"Naive B","MFSD6","down"
2.72059703303063e-15,-0.389759019105199,0.063,0.102,5.11526654150419e-11,"Naive B","SLC25A17","down"
1.33989927615298e-22,-0.389730279653657,0.158,0.236,2.51927861902284e-18,"Naive B","KIAA2013","down"
7.97382921964176e-27,-0.389095960941519,0.266,0.378,1.49923936987704e-22,"Naive B","SRM","down"
3.36398823635774e-68,-0.388951693314047,0.996,0.996,6.32497068199981e-64,"Naive B","ACTB","down"
7.28879257766256e-11,-0.388925991780481,0.124,0.177,1.37043878045211e-06,"Naive B","ENSG00000227486","down"
2.61500927264749e-20,-0.388736680020641,0.101,0.159,4.91674043443181e-16,"Naive B","LYRM4","down"
2.05643046740481e-21,-0.388643808693175,0.109,0.17,3.86650056481453e-17,"Naive B","TXNDC11","down"
2.68290875204957e-16,-0.388416587656246,0.1,0.151,5.0444050356036e-12,"Naive B","COMT","down"
4.8174599140558e-18,-0.38834560741163,0.139,0.207,9.05778813040772e-14,"Naive B","ITGAE","down"
1.35479071558209e-06,-0.387381075033735,0.025,0.041,0.0254727750343744,"Naive B","SPIRE1","down"
1.21400514582808e-30,-0.387007016942729,0.692,0.802,2.28257247518595e-26,"Naive B","MCL1","down"
4.54832203470946e-08,-0.386897380270716,0.043,0.067,0.000855175508966072,"Naive B","MNT","down"
3.39005130371402e-08,-0.386820598626407,0.064,0.095,0.000637397446124311,"Naive B","PUS7L","down"
2.81765874042023e-21,-0.386617697222277,0.156,0.234,5.29776196373811e-17,"Naive B","UBE3C","down"
1.03949066523111e-14,-0.386558216343075,0.039,0.067,1.95445034876752e-10,"Naive B","USP5","down"
4.06913210708765e-09,-0.386132480574081,0.047,0.074,7.65078218774621e-05,"Naive B","NIPAL3","down"
6.21225418751689e-13,-0.386010734107143,0.088,0.133,1.16802803233693e-08,"Naive B","WDR35","down"
1.06323171002869e-21,-0.38598901063275,0.188,0.276,1.99908826119594e-17,"Naive B","PPP1R18","down"
1.99217330054258e-12,-0.385979048660783,0.076,0.117,3.74568423968015e-08,"Naive B","ENSG00000279168","down"
8.27874164732608e-16,-0.3856915300114,0.083,0.13,1.55656900453025e-11,"Naive B","SLC38A10","down"
2.28504082381926e-28,-0.385625790476972,0.203,0.302,4.29633375694497e-24,"Naive B","ZNF217","down"
3.93646880875853e-19,-0.384931785603576,0.28,0.382,7.40134865422779e-15,"Naive B","LRRFIP2","down"
2.42806002155515e-14,-0.384503201515786,0.086,0.134,4.56523845252799e-10,"Naive B","DRAM1","down"
4.3225415888751e-14,-0.384055477143393,0.103,0.154,8.12724269540296e-10,"Naive B","TMEM138","down"
3.66705417014866e-14,-0.383553944757663,0.171,0.24,6.89479525071351e-10,"Naive B","MOB1B","down"
4.64994605706945e-34,-0.383276417750226,0.25,0.374,8.74282857650199e-30,"Naive B","SNAP23","down"
1.6880923483498e-10,-0.382600542391516,0.057,0.09,3.17395123336729e-06,"Naive B","RNF170","down"
3.2322287766074e-07,-0.382479410513831,0.031,0.05,0.00607723654577724,"Naive B","MAPKBP1","down"
8.76116996995803e-27,-0.382360182488932,0.41,0.542,1.64727517775151e-22,"Naive B","TRAK1","down"
3.36876504216367e-24,-0.382206916145815,0.16,0.242,6.33395203227613e-20,"Naive B","MRPL44","down"
8.49858241230056e-14,-0.382121836640382,0.052,0.087,1.59790346516075e-09,"Naive B","CHCHD4","down"
1.02205103476044e-28,-0.381869089886194,0.283,0.4,1.92166035555657e-24,"Naive B","ARL8A","down"
5.72533025136031e-13,-0.381795053532644,0.102,0.153,1.07647659386077e-08,"Naive B","CEP126","down"
1.86855065819912e-06,-0.381788442559035,0.022,0.037,0.0351324894754598,"Naive B","PRADC1","down"
2.92250251889428e-19,-0.381343538197451,0.4,0.512,5.49488923602503e-15,"Naive B","CNOT2","down"
7.09700974717092e-08,-0.381324922643287,0.023,0.038,0.00133437977266308,"Naive B","LXN","down"
6.97036091068063e-15,-0.380816720644498,0.13,0.193,1.31056725842617e-10,"Naive B","SLC9B2","down"
2.92670165508518e-23,-0.380543075467611,0.176,0.261,5.50278445189116e-19,"Naive B","LDB1","down"
3.49517840755995e-25,-0.380542665315814,0.44,0.571,6.57163444189421e-21,"Naive B","TUBB","down"
1.68805278455732e-09,-0.380447151516644,0.059,0.089,3.17387684552467e-05,"Naive B","ZFAT","down"
4.57126151271529e-66,-0.380339841748324,0.946,0.977,8.5948858962073e-62,"Naive B","PFN1","down"
5.66670553154335e-28,-0.379936294585699,0.543,0.677,1.06545397404078e-23,"Naive B","MEF2A","down"
4.5126551991119e-11,-0.379920564275256,0.046,0.074,8.4846943053702e-07,"Naive B","IMPDH1","down"
1.30754868211548e-10,-0.379766862388605,0.142,0.197,2.45845303211352e-06,"Naive B","SUPV3L1","down"
9.92310636396377e-18,-0.379752933205827,0.083,0.131,1.86574245855247e-13,"Naive B","ZNF428","down"
4.86110076387066e-19,-0.379718808362916,0.091,0.143,9.13984165622961e-15,"Naive B","PPIE","down"
2.91982686906877e-14,-0.379608467951282,0.085,0.13,5.4898584792231e-10,"Naive B","WWP1","down"
1.59779110810898e-09,-0.379406732594101,0.038,0.061,3.00416684146651e-05,"Naive B","PIGQ","down"
3.33200772292531e-33,-0.37926788886442,0.448,0.596,6.26484092064416e-29,"Naive B","PTP4A2","down"
6.54486612956482e-09,-0.379128230436756,0.034,0.056,0.000123056572968078,"Naive B","EEF2KMT","down"
9.15029954620576e-12,-0.379034899636832,0.076,0.116,1.72043932067761e-07,"Naive B","TMA16","down"
3.65852167994627e-23,-0.378922103210406,0.237,0.337,6.87875246263498e-19,"Naive B","FAM172A","down"
3.25703441542078e-12,-0.37865885003865,0.06,0.094,6.12387610787415e-08,"Naive B","NBPF8","down"
8.82049512957641e-22,-0.378163835529524,0.119,0.186,1.65842949426296e-17,"Naive B","HEXB","down"
2.11263804370949e-09,-0.377921215952985,0.042,0.066,3.97218204978259e-05,"Naive B","ENSG00000272368","down"
1.91661057646077e-08,-0.377905435120981,0.041,0.065,0.000360361120586154,"Naive B","TNPO2","down"
1.3620970331919e-07,-0.377834275524533,0.093,0.131,0.00256101484180742,"Naive B","MAST4","down"
3.45780047109024e-11,-0.377634608697976,0.272,0.351,6.50135644574388e-07,"Naive B","IQGAP2","down"
6.72031749810532e-17,-0.377219986260571,0.097,0.149,1.26355409599376e-12,"Naive B","ANKFY1","down"
8.42883316388762e-23,-0.377004012699777,0.397,0.519,1.58478921147415e-18,"Naive B","TPM4","down"
2.0296314835192e-28,-0.376961344854409,0.202,0.305,3.8161131153128e-24,"Naive B","PARP9","down"
2.95409891730667e-25,-0.376788076529496,0.077,0.129,5.55429678432001e-21,"Naive B","PMVK","down"
7.70528059438738e-31,-0.376558934057915,0.774,0.856,1.44874685735672e-26,"Naive B","ARF6","down"
3.2370803927635e-12,-0.376519053121554,0.046,0.073,6.08635855447394e-08,"Naive B","PYGB","down"
2.06247066007579e-09,-0.376441909100707,0.028,0.049,3.8778573350745e-05,"Naive B","NFIX","down"
2.51474384361705e-15,-0.376045570954512,0.185,0.261,4.72822137476877e-11,"Naive B","ENSG00000284691","down"
9.16350253620282e-25,-0.375921297046989,0.169,0.254,1.72292174685685e-20,"Naive B","RAP2B","down"
8.71363532399515e-11,-0.375531451029591,0.184,0.248,1.63833771361757e-06,"Naive B","ST3GAL1","down"
3.69497915724742e-12,-0.375486510418361,0.126,0.182,6.94729981145659e-08,"Naive B","ENSG00000291181","down"
1.20965957816149e-19,-0.375446443851197,0.506,0.619,2.27440193885924e-15,"Naive B","MAPRE2","down"
2.34033114236253e-10,-0.375204094482084,0.073,0.11,4.40029061387003e-06,"Naive B","TDRD3","down"
3.79210449360062e-14,-0.375169093947766,0.396,0.492,7.12991486886789e-10,"Naive B","CDK2AP2","down"
2.260101042089e-15,-0.375126445568557,0.063,0.1,4.24944197933574e-11,"Naive B","USB1","down"
1.21018143374923e-16,-0.375002464711935,0.062,0.102,2.27538313173531e-12,"Naive B","WDR12","down"
6.14339104894259e-11,-0.374969838776953,0.056,0.088,1.15508038502219e-06,"Naive B","NISCH","down"
7.24353910976967e-21,-0.374964255514168,0.088,0.139,1.36193022341889e-16,"Naive B","BOP1","down"
1.49462856411718e-32,-0.374713648297351,0.174,0.27,2.81020062625312e-28,"Naive B","YIF1A","down"
8.63276785277732e-14,-0.374589366438463,0.129,0.188,1.62313301167919e-09,"Naive B","ENSG00000291015","down"
7.01286828828149e-11,-0.374542218740909,0.055,0.086,1.31855949556269e-06,"Naive B","DEPDC5","down"
3.46457686404611e-14,-0.373994307821057,0.075,0.116,6.51409741977951e-10,"Naive B","YIPF6","down"
4.16262178121626e-23,-0.373833446151533,0.121,0.188,7.8265614730428e-19,"Naive B","FAM136A","down"
2.24810890800586e-31,-0.373791767430499,0.202,0.307,4.22689436883261e-27,"Naive B","MRPL41","down"
9.44792209874812e-17,-0.373790511286603,0.134,0.198,1.77639831300662e-12,"Naive B","FTO","down"
1.5555116135229e-17,-0.37365826457982,0.173,0.247,2.92467293574576e-13,"Naive B","RABEP2","down"
2.08155089989972e-06,-0.373455273731734,0.048,0.071,0.0391373200199145,"Naive B","DGCR8","down"
2.66836171595468e-18,-0.373408406400211,0.118,0.178,5.01705369833799e-14,"Naive B","ACLY","down"
9.87098291645341e-17,-0.373408302870996,0.285,0.381,1.85594220795157e-12,"Naive B","ITFG1","down"
2.24028399507749e-16,-0.373144628792921,0.127,0.189,4.2121819675447e-12,"Naive B","HDAC8","down"
1.42224745827955e-14,-0.373008198586935,0.042,0.07,2.67410967105721e-10,"Naive B","YIF1B","down"
2.55075657695194e-19,-0.372761539325416,0.309,0.416,4.79593251598504e-15,"Naive B","RGS2","down"
2.66180070252952e-23,-0.372448942807043,0.529,0.65,5.004717680896e-19,"Naive B","RIPOR2","down"
1.83834176148911e-17,-0.372377238253487,0.163,0.237,3.45645017995182e-13,"Naive B","AP1S3","down"
3.52101139894243e-22,-0.372357689678116,0.475,0.597,6.62020563229157e-18,"Naive B","MOB3A","down"
1.28803979801925e-08,-0.372270094895665,0.035,0.057,0.00024217724282358,"Naive B","ZNF23","down"
4.25456020271258e-09,-0.371927577079624,0.027,0.045,7.9994240931402e-05,"Naive B","ZBTB39","down"
3.09280216776329e-29,-0.371880069937124,0.341,0.47,5.81508663582854e-25,"Naive B","PPP1CC","down"
6.78322221845641e-22,-0.37184097668227,0.271,0.376,1.27538144151417e-17,"Naive B","ANP32E","down"
7.22433002692315e-10,-0.371719187947751,0.509,0.578,1.35831853166209e-05,"Naive B","ARHGAP24","down"
1.51262563824679e-06,-0.37168394274207,0.042,0.065,0.0284403872503162,"Naive B","MAP3K20","down"
4.66844083944561e-20,-0.371360984193649,0.128,0.192,8.77760246632564e-16,"Naive B","MRPS27","down"
2.58186901207053e-26,-0.371280240335075,0.345,0.469,4.85443011649501e-22,"Naive B","SCAMP2","down"
2.41143779468523e-15,-0.371150420065734,0.128,0.188,4.53398534156716e-11,"Naive B","OOEP","down"
2.45452384108319e-18,-0.371104947512563,0.089,0.139,4.61499572600462e-14,"Naive B","RNF14","down"
6.73149389949127e-13,-0.371047695196502,0.056,0.09,1.26565548298235e-08,"Naive B","GMPR2","down"
1.49772254958937e-09,-0.370896042896946,0.033,0.054,2.81601793773794e-05,"Naive B","DHRS13","down"
6.47193349245879e-10,-0.370586716984969,0.049,0.078,1.2168529352521e-05,"Naive B","CAMSAP1","down"
1.39311420612142e-24,-0.369999371358732,0.222,0.321,2.61933333034949e-20,"Naive B","NUB1","down"
2.70813447040095e-07,-0.369911315162261,0.047,0.071,0.00509183443124787,"Naive B","RUSC1","down"
1.34482039431469e-07,-0.369462911567967,0.069,0.1,0.00252853130539048,"Naive B","FIG4","down"
1.02786667441857e-09,-0.369353165398483,0.042,0.067,1.93259492124179e-05,"Naive B","LPCAT4","down"
1.26005242747991e-31,-0.369271343930785,0.272,0.392,2.36915057414773e-27,"Naive B","TBCB","down"
1.47318579717098e-20,-0.369245386546823,0.133,0.202,2.76988393584087e-16,"Naive B","NCOA6","down"
3.77154219172014e-19,-0.368125167828614,0.149,0.22,7.0912536288722e-15,"Naive B","UTP18","down"
6.6971260964993e-20,-0.368055431583337,0.283,0.386,1.2591936486638e-15,"Naive B","PARVB","down"
6.84695782582324e-28,-0.367612927932042,0.169,0.256,1.28736501041129e-23,"Naive B","PAGR1","down"
1.9359461471201e-11,-0.367426990760647,0.082,0.122,3.63996594581522e-07,"Naive B","HEXD","down"
4.57538938826632e-11,-0.367417843794667,0.031,0.055,8.60264712781834e-07,"Naive B","GATM","down"
2.8949213208834e-26,-0.367179730399307,0.132,0.206,5.44303106752498e-22,"Naive B","REXO2","down"
4.37052730799794e-10,-0.367031029403644,0.038,0.061,8.21746544449772e-06,"Naive B","RIPK3","down"
2.78638060463225e-26,-0.366974462608072,0.193,0.285,5.23895281282956e-22,"Naive B","RAB4A","down"
1.11635538455631e-09,-0.366574332154862,0.506,0.559,2.09897139404278e-05,"Naive B","MARCKS","down"
1.84486772070154e-11,-0.366422790084127,0.052,0.083,3.46872028846303e-07,"Naive B","CARD16","down"
2.96153132273506e-09,-0.366351786634058,0.071,0.105,5.56827119300646e-05,"Naive B","CNR2","down"
2.61658624816022e-11,-0.366321803980495,0.043,0.071,4.91970546379084e-07,"Naive B","TBCCD1","down"
9.6423597244447e-13,-0.365928338030982,0.029,0.053,1.81295647539009e-08,"Naive B","TRIM41","down"
5.53320697552396e-21,-0.365385509967221,0.293,0.398,1.04035357553802e-16,"Naive B","SUPT5H","down"
5.19236600909059e-29,-0.365222437212922,0.295,0.416,9.76268657029213e-25,"Naive B","CAPRIN1","down"
4.13274259490567e-25,-0.365215620533661,0.234,0.334,7.77038262694164e-21,"Naive B","SHKBP1","down"
5.90585324331987e-15,-0.365111252560739,0.121,0.177,1.110418526809e-10,"Naive B","SETD1B","down"
1.14082116597369e-10,-0.365046946020511,0.052,0.081,2.14497195626373e-06,"Naive B","ZNF429","down"
5.51783788037601e-16,-0.365014480799208,0.094,0.149,1.0374638782683e-11,"Naive B","DIPK2A","down"
1.27007578719176e-16,-0.364716864668073,0.157,0.225,2.38799649507796e-12,"Naive B","DIAPH2","down"
2.71699921282351e-08,-0.364616534321663,0.027,0.045,0.000510850191995076,"Naive B","REPIN1-AS1","down"
7.3572986579533e-07,-0.364477721009632,0.032,0.051,0.0138331929366838,"Naive B","CETN3","down"
6.09370538079118e-26,-0.364474830675282,0.157,0.237,1.14573848569636e-21,"Naive B","MRPL39","down"
2.83410668162423e-21,-0.364348854973327,0.176,0.255,5.32868738278987e-17,"Naive B","FAM174C","down"
7.41081452233658e-21,-0.364167439416815,0.145,0.216,1.39338134648972e-16,"Naive B","GGA3","down"
2.3831626745738e-21,-0.364077618781782,0.156,0.233,4.48082246073367e-17,"Naive B","ACAP1","down"
5.56130763910033e-21,-0.36389929976089,0.163,0.241,1.04563706230364e-16,"Naive B","SLC4A7","down"
1.22982043335193e-06,-0.363710054430323,0.032,0.049,0.023123083787883,"Naive B","ZBTB47-AS1","down"
1.25394486460419e-25,-0.363683563530362,0.398,0.526,2.3576671344288e-21,"Naive B","RUNX3","down"
2.26542499527449e-13,-0.363626702115962,0.142,0.202,4.2594520761151e-09,"Naive B","FOXO3","down"
9.14527775497045e-16,-0.363290048411674,0.107,0.16,1.71949512348954e-11,"Naive B","LGALS8","down"
1.39562929797726e-23,-0.363219623594628,0.16,0.238,2.62406220605684e-19,"Naive B","DCAF15","down"
7.43032255855503e-12,-0.363216574536632,0.067,0.103,1.39704924745952e-07,"Naive B","DCLRE1C","down"
3.11264349232288e-16,-0.363200524949899,0.336,0.435,5.85239229426549e-12,"Naive B","PACSIN2","down"
4.20849325311322e-15,-0.363005388503961,0.054,0.087,7.91280901450347e-11,"Naive B","LINC03006","down"
1.00141648284891e-16,-0.36300159372072,0.036,0.065,1.88286327105252e-12,"Naive B","TNFAIP8L1","down"
3.31260843009011e-09,-0.362927154221801,0.033,0.053,6.22836637025543e-05,"Naive B","MRI1","down"
4.70249704518356e-10,-0.362447143647086,0.076,0.111,8.84163494435413e-06,"Naive B","TMEM209","down"
4.17659788447266e-12,-0.362367299991712,0.777,0.837,7.8528393423855e-08,"Naive B","UCP2","down"
5.57986095465941e-22,-0.36211717623217,0.12,0.185,1.04912545669506e-17,"Naive B","NMI","down"
6.31218949824963e-16,-0.362011148639608,0.071,0.112,1.1868178694609e-11,"Naive B","PLD3","down"
5.05952291293437e-11,-0.361924548385861,0.047,0.076,9.5129149808992e-07,"Naive B","DUSP14","down"
2.04869153954204e-06,-0.361665449158602,0.043,0.065,0.0385194983264694,"Naive B","ZNF571","down"
2.65117713375121e-11,-0.361563409910036,0.082,0.122,4.98474324687902e-07,"Naive B","ENSG00000291203","down"
4.82914984303144e-26,-0.361502535152043,0.161,0.248,9.07976753486771e-22,"Naive B","ADAM19","down"
1.76548394807743e-10,-0.36052556491854,0.061,0.094,3.31946291917518e-06,"Naive B","SLC35E2B","down"
1.58513910692435e-12,-0.360442956205047,0.073,0.112,2.98037854883917e-08,"Naive B","XPO5","down"
2.46641075310225e-14,-0.3604102491218,0.089,0.135,4.63734549798284e-10,"Naive B","ZNF276","down"
8.3138844685229e-17,-0.359990785090288,0.1,0.153,1.56317655777168e-12,"Naive B","AP3M1","down"
1.34509806906094e-11,-0.359962792160118,0.083,0.123,2.52905338944838e-07,"Naive B","C6orf136","down"
1.62106930286904e-09,-0.359909479963481,0.023,0.041,3.04793450325437e-05,"Naive B","CFAP161","down"
4.61268936607635e-10,-0.359810936066475,0.049,0.076,8.67277854609675e-06,"Naive B","CLCC1","down"
9.18681928734836e-25,-0.359763905563756,0.116,0.184,1.72730576240724e-20,"Naive B","NABP1","down"
3.34811895974788e-17,-0.359745669235403,0.099,0.151,6.29513326811796e-13,"Naive B","SIGIRR","down"
3.04713895105718e-07,-0.359726419069117,0.032,0.052,0.00572923065577772,"Naive B","MLYCD","down"
2.03954446533694e-08,-0.359447135874856,0.038,0.06,0.000383475150372651,"Naive B","ZNF71","down"
4.08866100262121e-18,-0.359302716281382,0.474,0.584,7.6875004171284e-14,"Naive B","IKZF3","down"
8.27925551699909e-32,-0.359201313527047,0.326,0.456,1.55666562230617e-27,"Naive B","CHCHD10","down"
8.63674286580906e-08,-0.359044380163224,0.03,0.047,0.00162388039362942,"Naive B","ENSG00000273275","down"
2.1653570630064e-09,-0.358818265793328,0.076,0.11,4.07130434986463e-05,"Naive B","TRIM11","down"
1.03842597932159e-07,-0.35877570440781,0.045,0.069,0.00195244852632045,"Naive B","DHX37","down"
4.58851464843902e-10,-0.358530298428632,0.087,0.126,8.62732524199505e-06,"Naive B","SCAMP1","down"
6.19142236846942e-07,-0.358445447575753,0.042,0.063,0.0116411123371962,"Naive B","HLTF","down"
4.66298650640532e-24,-0.358315334236391,0.272,0.38,8.76734722934328e-20,"Naive B","NBDY","down"
1.00959093218469e-15,-0.357991003648148,0.104,0.155,1.89823287069366e-11,"Naive B","BTBD6","down"
1.12418841811731e-25,-0.357754963940026,0.122,0.192,2.11369906374416e-21,"Naive B","NIP7","down"
6.61018726889244e-12,-0.357631108185308,0.061,0.095,1.24284741029716e-07,"Naive B","GEMIN4","down"
9.74041778254269e-13,-0.357313507551906,0.057,0.09,1.83139335147368e-08,"Naive B","VARS1","down"
2.60706566068718e-21,-0.356941756613317,0.111,0.17,4.90180485522404e-17,"Naive B","B3GALT6","down"
8.77929442963347e-08,-0.35668087928272,0.057,0.084,0.00165068293865969,"Naive B","ZNF562","down"
1.43715955652837e-29,-0.356529353949139,0.49,0.63,2.70214739818464e-25,"Naive B","YPEL3","down"
8.22670969348166e-21,-0.356200923931692,0.096,0.151,1.54678595656842e-16,"Naive B","TMEM216","down"
3.04621280257498e-11,-0.356200193436413,0.045,0.071,5.72748931140148e-07,"Naive B","NPIPB13","down"
7.99549413111711e-22,-0.356029189150668,0.304,0.413,1.50331280653264e-17,"Naive B","KPNA2","down"
1.74637883623497e-11,-0.355832533676969,0.046,0.073,3.28354148788899e-07,"Naive B","MRPL48","down"
2.76814034020505e-08,-0.355630354212027,0.042,0.066,0.000520465746765353,"Naive B","LRRC23","down"
1.1519887531638e-27,-0.355482867783638,0.589,0.717,2.16596925369858e-23,"Naive B","TCEA1","down"
1.40589026772916e-28,-0.355474324250098,0.357,0.489,2.64335488138436e-24,"Naive B","TARS1","down"
5.6423716381724e-22,-0.355455881202432,0.1,0.157,1.06087871540917e-17,"Naive B","ZNF511","down"
3.30293847436702e-17,-0.355300821963675,0.032,0.06,6.21018491950487e-13,"Naive B","DGKE","down"
1.90115898497254e-20,-0.354913118222423,0.217,0.305,3.57455912354537e-16,"Naive B","SPOP","down"
4.19155150480598e-18,-0.354415158790028,0.156,0.226,7.88095513933621e-14,"Naive B","ACADM","down"
9.5520073178379e-16,-0.354188265580418,0.093,0.14,1.79596841589988e-11,"Naive B","ASPHD2","down"
7.84828339002892e-09,-0.353963156189288,0.049,0.076,0.000147563424299324,"Naive B","GTF2H2C","down"
1.20250885458208e-13,-0.353918998204388,0.118,0.172,2.26095714838523e-09,"Naive B","GPATCH2","down"
4.8443802941134e-15,-0.353743766189055,0.079,0.123,9.10840382899201e-11,"Naive B","ANKRD42","down"
1.22511087589033e-07,-0.353703515688347,0.042,0.064,0.002303453468849,"Naive B","TMEM185A","down"
9.03498513650566e-22,-0.353686743485504,0.118,0.18,1.69875790536579e-17,"Naive B","CABIN1","down"
1.34730207976065e-09,-0.353545197059261,0.045,0.069,2.53319737036597e-05,"Naive B","DPP3","down"
3.50841393933248e-11,-0.353288986165532,0.068,0.103,6.59651988873293e-07,"Naive B","WDR89","down"
1.06271362640976e-08,-0.353193439365718,0.046,0.07,0.000199811416037562,"Naive B","OGG1","down"
2.22422815333464e-23,-0.353115864922588,0.326,0.439,4.18199377389979e-19,"Naive B","NRROS","down"
1.01179270630075e-11,-0.352998294069698,0.071,0.108,1.90237264638667e-07,"Naive B","VPS54","down"
3.45473036919779e-09,-0.35298288463414,0.058,0.087,6.49558404016568e-05,"Naive B","BRD3OS","down"
4.02389192939649e-22,-0.352874223781543,0.128,0.195,7.56572160565129e-18,"Naive B","RNFT1","down"
4.39559131085633e-15,-0.352810485006655,0.119,0.173,8.26459078267207e-11,"Naive B","NUCB1","down"
1.7226137944686e-25,-0.352738928196369,0.323,0.441,3.23885845635987e-21,"Naive B","SDCCAG8","down"
4.55912471749706e-21,-0.352618720043608,0.147,0.217,8.57206629383798e-17,"Naive B","ELF4","down"
5.40882392584651e-18,-0.352616867315936,0.129,0.192,1.01696707453766e-13,"Naive B","ATOX1","down"
1.41558069913718e-14,-0.352479906103277,0.18,0.249,2.66157483051772e-10,"Naive B","NUP133","down"
4.55815186078662e-10,-0.351954936045511,0.099,0.142,8.57023712865101e-06,"Naive B","C8orf33","down"
6.09605755315131e-28,-0.351945911340447,0.319,0.441,1.14618074114351e-23,"Naive B","AP3S1","down"
1.28780846538128e-17,-0.351941261899491,0.094,0.146,2.42133747660988e-13,"Naive B","MAP4K2","down"
1.70434677792868e-28,-0.351786821607224,0.161,0.246,3.20451281186151e-24,"Naive B","LASP1","down"
5.91444242111019e-21,-0.351733541469087,0.124,0.188,1.11203346401714e-16,"Naive B","AP3D1","down"
4.33670057878268e-07,-0.351705618715482,0.024,0.039,0.00815386442822719,"Naive B","PPP1R3F","down"
6.84851928261773e-23,-0.351132555372025,0.099,0.159,1.28765859551779e-18,"Naive B","SCO2","down"
1.25606528943568e-25,-0.351022210558726,0.145,0.222,2.36165395719696e-21,"Naive B","HPS1","down"
9.39215466591308e-07,-0.350864841087828,0.076,0.107,0.0176591292028498,"Naive B","CPQ","down"
2.44641048135586e-07,-0.350860004113702,0.042,0.063,0.00459974098704529,"Naive B","MAPK7","down"
2.47416270815945e-19,-0.350569545768454,0.138,0.203,4.65192072388139e-15,"Naive B","ELOA","down"
6.81964540205121e-20,-0.350489115921192,0.117,0.179,1.28222972849367e-15,"Naive B","SOCS4","down"
2.89239630644053e-25,-0.350409853378635,0.105,0.168,5.43828353536949e-21,"Naive B","ENSG00000290833","down"
1.045273702e-06,-0.350383052152802,0.032,0.05,0.0196532361450041,"Naive B","PIERCE2","down"
3.44782789173424e-09,-0.350295091086252,0.055,0.084,6.48260600203871e-05,"Naive B","INTS1","down"
7.42159451539906e-22,-0.350125429111692,0.205,0.292,1.39540820078533e-17,"Naive B","POLR1C","down"
5.60846483799831e-19,-0.350088095863641,0.053,0.091,1.05450355884044e-14,"Naive B","PDXP","down"
5.39249574441939e-36,-0.349557740152315,0.345,0.486,1.01389704986573e-31,"Naive B","TMBIM1","down"
8.85730065684e-20,-0.349401207425799,0.168,0.242,1.66534966949906e-15,"Naive B","DAP","down"
8.55975743237776e-27,-0.349383550346524,0.208,0.303,1.60940559243567e-22,"Naive B","RNF34","down"
4.71605668934272e-24,-0.3491815708259,0.314,0.429,8.86712978730219e-20,"Naive B","SINHCAF","down"
3.71186471204503e-20,-0.349002953763237,0.105,0.162,6.97904803158707e-16,"Naive B","BICD2","down"
1.13811411370136e-21,-0.34887379848432,0.529,0.648,2.13988215658129e-17,"Naive B","LCP1","down"
1.42693717190691e-19,-0.348600588668452,0.208,0.292,2.68292727061937e-15,"Naive B","MYO1G","down"
5.41258687039237e-36,-0.348125827667545,0.573,0.722,1.01767458337117e-31,"Naive B","TES","down"
5.13320064796859e-17,-0.347436037398321,0.093,0.143,9.65144385831055e-13,"Naive B","EPHB6","down"
1.30110583088915e-15,-0.346897435764506,0.098,0.146,2.44633918323777e-11,"Naive B","TRIP4","down"
6.20960057853468e-16,-0.346478302855216,0.101,0.152,1.16752910077609e-11,"Naive B","CAPN1","down"
8.40099565773881e-13,-0.346380581276639,0.094,0.14,1.57955520356805e-08,"Naive B","RPF2","down"
3.12396967652307e-14,-0.346359760543979,0.102,0.149,5.87368778579867e-10,"Naive B","CASP7","down"
3.65759453942815e-14,-0.345797494811151,0.072,0.112,6.8770092530328e-10,"Naive B","CMC1","down"
9.1962442593771e-15,-0.34573072986719,0.212,0.29,1.72907784564808e-10,"Naive B","IFNLR1","down"
6.36456002583103e-16,-0.345725543246992,0.096,0.145,1.19666457605675e-11,"Naive B","WDR41","down"
6.01708922691788e-33,-0.345678635715094,0.254,0.372,1.1313331164451e-28,"Naive B","NDUFC2","down"
1.52449063460929e-11,-0.345666210166011,0.084,0.124,2.86634729119238e-07,"Naive B","PHRF1","down"
4.18896091632101e-26,-0.345356079364902,0.151,0.231,7.87608431486676e-22,"Naive B","TIGAR","down"
8.10227172617018e-07,-0.345266346058134,0.027,0.043,0.0152338912995452,"Naive B","EFCAB11","down"
2.39539225899769e-06,-0.345172827188304,0.046,0.068,0.0450381652536745,"Naive B","LINC00847","down"
2.19438721386432e-22,-0.344651575215638,0.513,0.634,4.12588683950769e-18,"Naive B","WIPF1","down"
5.0607804036987e-12,-0.344621809381755,0.064,0.098,9.5152793150343e-08,"Naive B","WRAP73","down"
2.04629144593547e-24,-0.344375812979589,0.382,0.505,3.84743717664787e-20,"Naive B","EHMT1","down"
5.92574429784632e-41,-0.344243245994996,0.699,0.833,1.11415844288106e-36,"Naive B","TMA7","down"
5.89895115338909e-14,-0.344054205684431,0.099,0.146,1.10912079586022e-09,"Naive B","U2AF1L4","down"
1.80987831156754e-17,-0.343912702660741,0.093,0.143,3.40293320140929e-13,"Naive B","PRKAB1","down"
2.67037569492319e-08,-0.343900010498297,0.05,0.074,0.000502084038159457,"Naive B","FANCL","down"
6.97893515641123e-09,-0.343898379588582,0.049,0.074,0.000131217938810844,"Naive B","CENPX","down"
5.96753892266362e-11,-0.343429172916492,0.073,0.109,1.12201666823921e-06,"Naive B","INTS3","down"
4.10830262036494e-10,-0.343330817254568,0.05,0.078,7.72443058681016e-06,"Naive B","SLC4A2","down"
1.55448777339686e-14,-0.343220897650516,0.087,0.13,2.92274791154078e-10,"Naive B","KCNAB2","down"
4.04541073226061e-22,-0.343208991179928,0.305,0.414,7.6061812587964e-18,"Naive B","COMMD10","down"
3.0294257091212e-16,-0.343171576577755,0.1,0.151,5.69592621828968e-12,"Naive B","NSD2","down"
1.71111219673325e-16,-0.343083025078971,0.095,0.143,3.21723315229786e-12,"Naive B","ACAA2","down"
1.96320483744105e-09,-0.342985048552286,0.053,0.08,3.69121773535666e-05,"Naive B","KNOP1","down"
6.91375399510642e-21,-0.342894207564,0.113,0.175,1.29992402615991e-16,"Naive B","WDR7","down"
7.39779966550889e-19,-0.342651139034041,0.212,0.297,1.39093429310898e-14,"Naive B","DDX42","down"
2.3617986007753e-23,-0.342556217385645,0.445,0.568,4.44065372917772e-19,"Naive B","SRPK2","down"
5.51080124244131e-17,-0.342414990737085,0.058,0.095,1.03614084960382e-12,"Naive B","SPRYD3","down"
3.72751896005861e-23,-0.342300005044627,0.572,0.692,7.0084811487022e-19,"Naive B","CYTH1","down"
5.28555710641685e-11,-0.342252514811766,0.068,0.103,9.93790447148496e-07,"Naive B","POLH","down"
5.19759988665209e-11,-0.34225127580843,0.088,0.129,9.77252730688326e-07,"Naive B","CDC14A","down"
1.1537300018318e-18,-0.342211166631472,0.268,0.363,2.16924314944416e-14,"Naive B","EMB","down"
1.15502758046154e-29,-0.342113716532998,0.272,0.384,2.17168285678379e-25,"Naive B","HMGN4","down"
4.55924199391079e-32,-0.341890646988412,0.383,0.521,8.57228679695107e-28,"Naive B","SARS1","down"
5.29612623826128e-24,-0.341887437418915,0.111,0.173,9.95777655317886e-20,"Naive B","COPG1","down"
5.8755777066832e-13,-0.341832503757339,0.084,0.126,1.10472612041058e-08,"Naive B","PGS1","down"
2.94534249764055e-29,-0.341695784777128,0.449,0.586,5.53783296406375e-25,"Naive B","COX17","down"
2.15873422387728e-16,-0.341680977607383,0.113,0.168,4.05885208773405e-12,"Naive B","XRRA1","down"
1.47185285648896e-18,-0.34151096023601,0.212,0.296,2.76737774077054e-14,"Naive B","ANKIB1","down"
2.8617644695804e-21,-0.341503616919049,0.129,0.193,5.38068955570506e-17,"Naive B","C1orf174","down"
5.11418029317579e-24,-0.341403267114677,0.124,0.195,9.61568178722912e-20,"Naive B","GLUL","down"
4.07465818191699e-21,-0.341112261999671,0.126,0.189,7.66117231364032e-17,"Naive B","MED16","down"
1.04744248079415e-21,-0.341021659915223,0.351,0.463,1.96940135238916e-17,"Naive B","PICALM","down"
2.15579011061048e-13,-0.340851794906487,0.105,0.153,4.05331656596983e-09,"Naive B","TELO2","down"
6.14680620226533e-17,-0.340586995143781,0.067,0.107,1.15572250214993e-12,"Naive B","GATC","down"
1.55157621243207e-08,-0.340566515999905,0.026,0.042,0.000291727359461478,"Naive B","CHST10","down"
4.07343119407597e-23,-0.34030766382921,0.433,0.556,7.65886533110163e-19,"Naive B","TBC1D22A","down"
7.68149808518449e-18,-0.340300958451957,0.102,0.154,1.44427526997639e-13,"Naive B","MTF1","down"
3.54721283036351e-26,-0.340239651423068,0.196,0.283,6.66946956364947e-22,"Naive B","CDS2","down"
2.02759640694444e-16,-0.340227723823401,0.11,0.164,3.81228676433694e-12,"Naive B","SMARCA4","down"
9.45055279242529e-08,-0.340137813720125,0.027,0.044,0.0017768929360318,"Naive B","SSX2IP","down"
2.71419003557824e-12,-0.340038811045474,0.086,0.126,5.10322010489421e-08,"Naive B","RMDN3","down"
3.54708820358465e-14,-0.340028588415858,0.036,0.06,6.66923524037985e-10,"Naive B","SARM1","down"
7.84222792837027e-31,-0.339843877842937,0.338,0.466,1.47449569509218e-26,"Naive B","ILK","down"
2.55956613027395e-11,-0.33980999089127,0.078,0.116,4.81249623814107e-07,"Naive B","PDSS2","down"
1.12863608638966e-11,-0.339793807968022,0.076,0.113,2.12206156962984e-07,"Naive B","PI4K2A","down"
1.76863308153161e-34,-0.33952978826109,0.504,0.653,3.32538391989573e-30,"Naive B","ATP5MK","down"
3.4322457863087e-13,-0.339396066407436,0.087,0.13,6.45330852741762e-09,"Naive B","PSMD5","down"
1.7362125687704e-09,-0.339358674772949,0.051,0.078,3.26442687180211e-05,"Naive B","CLN8","down"
1.83244109300577e-26,-0.339259703885747,0.418,0.547,3.44535574306945e-22,"Naive B","STK24","down"
3.37087657084929e-19,-0.339010642156232,0.121,0.182,6.33792212851083e-15,"Naive B","ATIC","down"
2.25070952006984e-11,-0.338947868635638,0.114,0.161,4.23178403963532e-07,"Naive B","IFRD2","down"
4.89600236969856e-21,-0.338493898970018,0.153,0.228,9.20546365550723e-17,"Naive B","CFAP97","down"
6.8603126405354e-12,-0.338154527556454,0.088,0.129,1.28987598267347e-07,"Naive B","TYK2","down"
5.28076860100313e-10,-0.338014537178823,0.117,0.165,9.92890112360608e-06,"Naive B","GLCCI1","down"
1.42687126883138e-12,-0.337945887915426,0.113,0.161,2.68280335965676e-08,"Naive B","STRADA","down"
1.28758716023278e-22,-0.33793158326573,0.183,0.265,2.42092137866968e-18,"Naive B","USO1","down"
5.2517250740346e-13,-0.337647415180077,0.103,0.152,9.87429348419985e-09,"Naive B","NADK","down"
3.45788377108945e-15,-0.337594655767872,0.08,0.123,6.50151306640239e-11,"Naive B","TFB1M","down"
6.98954912684901e-11,-0.33747779214602,0.033,0.054,1.31417502683015e-06,"Naive B","NAPRT","down"
4.36368153593722e-27,-0.337374317403098,0.516,0.649,8.20459402386916e-23,"Naive B","ATP5MC3","down"
1.33405039232522e-12,-0.337244518202628,0.045,0.072,2.50828154764988e-08,"Naive B","ALG1","down"
9.39609515562198e-25,-0.337196837926273,0.344,0.461,1.76665381116004e-20,"Naive B","SEC11A","down"
2.67989239563982e-11,-0.337042554238624,0.046,0.073,5.03873368228198e-07,"Naive B","E2F6","down"
1.4614177975339e-08,-0.336996410941903,0.037,0.057,0.000274775774292323,"Naive B","R3HCC1","down"
1.70057196789017e-19,-0.336884217525748,0.106,0.161,3.1974154140271e-15,"Naive B","FBXW2","down"
7.92170500859802e-18,-0.336725113948901,0.185,0.26,1.4894389757166e-13,"Naive B","PAFAH1B2","down"
3.00134467972964e-23,-0.336453455964819,0.112,0.177,5.64312826682767e-19,"Naive B","OSBPL3","down"
5.13464480303515e-43,-0.336431325292703,0.36,0.508,9.65415915866668e-39,"Naive B","CYB5R3","down"
2.35421830637693e-09,-0.336365483852625,0.044,0.068,4.42640125964991e-05,"Naive B","SMIM30","down"
1.89957264047851e-09,-0.33627673867654,0.074,0.108,3.5715764786277e-05,"Naive B","ENSG00000285080","down"
2.77479810807705e-19,-0.336180133188964,0.267,0.363,5.21717540280647e-15,"Naive B","MYO5A","down"
1.40576534005383e-09,-0.336023116899012,0.045,0.069,2.64311999236922e-05,"Naive B","ENSG00000268205","down"
3.22356919282901e-27,-0.335909716342143,0.241,0.344,6.06095479635711e-23,"Naive B","TMED4","down"
2.0884195274481e-23,-0.335721430336362,0.238,0.335,3.92664639550791e-19,"Naive B","CCDC107","down"
2.64421142559224e-12,-0.335569509282469,0.172,0.233,4.97164632239854e-08,"Naive B","TSPO","down"
5.38178704315136e-18,-0.335552628240052,0.106,0.16,1.01188359985332e-13,"Naive B","EFL1","down"
3.23503779505768e-09,-0.335495813101654,0.667,0.719,6.08251806226746e-05,"Naive B","BASP1","down"
2.71006687043844e-13,-0.335436125770456,0.054,0.086,5.09546772979836e-09,"Naive B","SNX15","down"
8.77606079994305e-19,-0.335418199185395,0.172,0.246,1.65007495160529e-14,"Naive B","PPAN","down"
1.50289256969705e-25,-0.334856724865817,0.224,0.325,2.82573860954439e-21,"Naive B","TOR3A","down"
9.16825536999506e-15,-0.334490435048074,0.111,0.162,1.72381537466647e-10,"Naive B","ATP6V0A2","down"
2.24360845239769e-06,-0.334396117004603,0.035,0.052,0.0421843261219814,"Naive B","CNNM3","down"
5.1996170467815e-27,-0.334274533820948,0.286,0.399,9.77631997135857e-23,"Naive B","SPIDR","down"
7.99702357022277e-15,-0.333465945423432,0.078,0.12,1.50360037167328e-10,"Naive B","UBAC1","down"
1.91131852183963e-13,-0.333358809283024,0.056,0.087,3.59366108476287e-09,"Naive B","MTFMT","down"
2.27281488637982e-33,-0.333313284599826,0.318,0.446,4.27334654937134e-29,"Naive B","NIPA2","down"
4.21494008866173e-34,-0.333092702117512,0.247,0.36,7.92493035470179e-30,"Naive B","SCAMP3","down"
7.71000562299171e-07,-0.332844084421408,0.007,0.014,0.014496352572349,"Naive B","ARSD","down"
1.35013202147209e-13,-0.33266977793776,0.058,0.093,2.53851822677182e-09,"Naive B","LINC01237","down"
1.12848835655777e-08,-0.332642186902103,0.04,0.061,0.000212178380799992,"Naive B","YIPF1","down"
5.26308183827703e-23,-0.332590313647663,0.152,0.225,9.89564647232847e-19,"Naive B","RHOQ","down"
3.8905369783141e-18,-0.332398047323022,0.098,0.148,7.31498762662617e-14,"Naive B","DGKZ","down"
7.09157490332294e-17,-0.332359588104866,0.082,0.127,1.33335791332278e-12,"Naive B","MRPS17","down"
1.11571371169251e-14,-0.332193745680223,0.089,0.134,2.09776492072425e-10,"Naive B","VKORC1L1","down"
7.76319177025925e-15,-0.332116329081773,0.054,0.086,1.45963531664414e-10,"Naive B","FAM118A","down"
2.22042710276768e-07,-0.331930256744661,0.038,0.058,0.0041748470386238,"Naive B","TP53TG1","down"
9.64765900173341e-27,-0.331666715348285,0.181,0.266,1.81395284550592e-22,"Naive B","MCRS1","down"
7.16076379985752e-16,-0.331636298979531,0.131,0.188,1.34636680964921e-11,"Naive B","APMAP","down"
4.06626038004541e-27,-0.331622480681578,0.163,0.246,7.64538276656139e-23,"Naive B","DUT","down"
1.15009285899191e-21,-0.331540700293828,0.23,0.32,2.16240459347658e-17,"Naive B","CLPTM1L","down"
8.53935677816195e-34,-0.331418151445912,0.315,0.442,1.60556986143001e-29,"Naive B","VTI1A","down"
5.18366709739312e-07,-0.331273872492596,0.026,0.041,0.00974633087651854,"Naive B","GPR180","down"
6.61017824926874e-14,-0.330931370653804,0.107,0.156,1.24284571442751e-09,"Naive B","FGD3","down"
9.78323799746349e-11,-0.330852338594268,0.054,0.082,1.83944440828309e-06,"Naive B","EML2","down"
4.77276749603424e-19,-0.330846925238356,0.174,0.246,8.97375744604357e-15,"Naive B","SPECC1L","down"
3.17076480454636e-17,-0.330670298890212,0.087,0.137,5.96167198550806e-13,"Naive B","LINC02245","down"
6.41460598415528e-11,-0.330583933699283,0.069,0.103,1.20607421714088e-06,"Naive B","YBEY","down"
2.30601035551668e-21,-0.330094730888844,0.149,0.219,4.33576067044247e-17,"Naive B","CLEC16A","down"
2.86392923949226e-22,-0.32950951683465,0.217,0.309,5.38475975609334e-18,"Naive B","AARS1","down"
2.01247557349023e-10,-0.329060814286821,0.024,0.043,3.78385657327633e-06,"Naive B","ENSG00000237773","down"
5.18756210240747e-28,-0.328937255906976,0.409,0.541,9.75365426494652e-24,"Naive B","TAP1","down"
2.72300730838115e-07,-0.328850941715859,0.196,0.25,0.00511979834121823,"Naive B","ANKRD28","down"
1.21724444102856e-10,-0.328588807715472,0.044,0.07,2.28866299802189e-06,"Naive B","C12orf4","down"
8.17625581444753e-10,-0.328263127448375,0.082,0.118,1.53729961823242e-05,"Naive B","GCHFR","down"
1.34362560976592e-29,-0.328200704411669,0.256,0.371,2.52628487148188e-25,"Naive B","DUSP10","down"
3.54247676305332e-25,-0.328051200646539,0.249,0.349,6.66056480989285e-21,"Naive B","UHMK1","down"
5.82674022625947e-12,-0.327939995183569,0.085,0.124,1.09554369734131e-07,"Naive B","ENSG00000214719","down"
6.15412687161658e-07,-0.327882590606334,0.028,0.047,0.0115709893440135,"Naive B","TMEM107","down"
5.58175452332986e-12,-0.327626590095128,0.049,0.077,1.04948148547648e-07,"Naive B","TMEM101","down"
8.21081430835438e-20,-0.327540695118823,0.088,0.136,1.54379730625679e-15,"Naive B","EMC2","down"
1.34966357336169e-24,-0.327385338822889,0.098,0.155,2.53763745063465e-20,"Naive B","COMMD7","down"
2.18395084606133e-20,-0.32719376236902,0.14,0.208,4.10626438076451e-16,"Naive B","BICRAL","down"
5.18793479656067e-13,-0.327055081353089,0.062,0.094,9.75435500449337e-09,"Naive B","WDR59","down"
7.83677455916635e-21,-0.326928445040051,0.212,0.297,1.47347035261446e-16,"Naive B","MFSD12","down"
9.81899371774715e-14,-0.326773006364429,0.07,0.107,1.84616719881082e-09,"Naive B","PDCD11","down"
2.60195717935118e-12,-0.326702661930125,0.075,0.112,4.89219988861609e-08,"Naive B","ELMOD3","down"
2.68623830475142e-24,-0.326680716864842,0.438,0.563,5.05066526059363e-20,"Naive B","TERF2IP","down"
2.77270393445436e-20,-0.326466638587552,0.108,0.164,5.21323793756109e-16,"Naive B","ENSG00000290560","down"
2.60115101453083e-20,-0.326417712346279,0.268,0.363,4.89068413752086e-16,"Naive B","HERC4","down"
3.02248260467797e-17,-0.326250833512268,0.094,0.14,5.68287179331551e-13,"Naive B","SLC35A1","down"
1.90688072782917e-06,-0.326249055506175,0.033,0.051,0.0358531714446441,"Naive B","ENSG00000289526","down"
2.06588655216911e-06,-0.32619518922909,0.036,0.055,0.0388427989538835,"Naive B","IFT27","down"
5.22466770591551e-07,-0.326100996288945,0.055,0.079,0.00982342022066234,"Naive B","CYB5R1","down"
2.10842046494661e-21,-0.326086096647635,0.466,0.584,3.96425215819261e-17,"Naive B","UBE2N","down"
4.61564838175698e-29,-0.325975696062782,0.229,0.329,8.67834208737948e-25,"Naive B","EPN1","down"
1.27218627360271e-24,-0.325950544058636,0.275,0.381,2.39196463162782e-20,"Naive B","TKT","down"
5.81453502205592e-14,-0.325626623641031,0.061,0.095,1.09324887484696e-09,"Naive B","COX11","down"
2.35507096618597e-13,-0.325594459830418,0.063,0.098,4.42800443062286e-09,"Naive B","GALK2","down"
2.98582815083353e-12,-0.325301991729603,0.052,0.083,5.6139540891972e-08,"Naive B","ACVR1","down"
1.18102490914936e-15,-0.325215913849811,0.134,0.192,2.22056303418262e-11,"Naive B","RRP1B","down"
1.23568171971353e-14,-0.325165973499006,0.081,0.123,2.32332876940538e-10,"Naive B","MRPL55","down"
1.51809137082754e-23,-0.325149473189929,0.366,0.482,2.85431539542994e-19,"Naive B","RASSF2","down"
2.52690953088896e-10,-0.325123400165505,0.031,0.052,4.75109529997742e-06,"Naive B","ACAD8","down"
1.08421748183864e-12,-0.325118820927942,0.104,0.149,2.03854570935301e-08,"Naive B","MAPK14","down"
3.63814452868569e-09,-0.324927532209607,0.073,0.107,6.84043934283483e-05,"Naive B","EMC1","down"
5.26951868778658e-20,-0.324652648082447,0.145,0.211,9.90774903677632e-16,"Naive B","MTA2","down"
5.59103489888601e-15,-0.32464532207466,0.111,0.161,1.05122638168855e-10,"Naive B","PREP","down"
7.59971546665998e-09,-0.324576826284281,0.069,0.099,0.000142889850204141,"Naive B","MIIP","down"
7.2945377973934e-07,-0.324103261557873,0.074,0.104,0.0137151899666591,"Naive B","HIBCH","down"
5.50748887688054e-23,-0.324053625856922,0.263,0.361,1.03551805863108e-18,"Naive B","LRP10","down"
4.20031172391342e-10,-0.323381822652375,0.041,0.064,7.89742610330201e-06,"Naive B","SNAPC2","down"
5.65734764174234e-31,-0.323321711126947,0.432,0.569,1.0636945036004e-26,"Naive B","WDR1","down"
5.82959724559119e-15,-0.323318682458539,0.292,0.381,1.09608087411606e-10,"Naive B","TLE3","down"
2.11213307179083e-18,-0.323103609933618,0.068,0.109,3.97123260158111e-14,"Naive B","APAF1","down"
5.24782765309875e-11,-0.322888874879186,0.056,0.086,9.86696555335626e-07,"Naive B","RFX3-DT","down"
3.28004016177688e-09,-0.322774790683789,0.061,0.091,6.16713151217288e-05,"Naive B","ERCC6L2-AS1","down"
3.29778952657761e-17,-0.322714482879981,0.142,0.206,6.20050386787122e-13,"Naive B","GMDS-DT","down"
3.58830351747354e-12,-0.32263810969808,0.047,0.075,6.74672827355374e-08,"Naive B","ACOT8","down"
6.33773974674265e-13,-0.322585580245744,0.063,0.098,1.19162182718255e-08,"Naive B","FAM193B","down"
1.58233264433058e-10,-0.322569801964799,0.047,0.074,2.97510183787036e-06,"Naive B","RRS1","down"
1.9668451093585e-13,-0.322518034118783,0.132,0.184,3.69806217461585e-09,"Naive B","ATP6V1B2","down"
5.79246101762861e-19,-0.322517888073775,0.29,0.387,1.08909852053453e-14,"Naive B","TAOK3","down"
2.25648907633847e-20,-0.322498267893921,0.318,0.421,4.24265076133159e-16,"Naive B","CTR9","down"
3.74380492475204e-20,-0.322083694198185,0.236,0.324,7.03910201951878e-16,"Naive B","RO60","down"
8.43750523734494e-26,-0.321995786957182,0.155,0.229,1.5864197347256e-21,"Naive B","HDAC3","down"
8.74976897798604e-12,-0.321987056199897,0.06,0.092,1.64513156324094e-07,"Naive B","ERI1","down"
6.85088480353445e-26,-0.321849831421671,0.153,0.231,1.28810336076055e-21,"Naive B","CHCHD1","down"
1.52263106432518e-14,-0.321801603613441,0.084,0.126,2.86285092714419e-10,"Naive B","DNASE2","down"
6.40117049021969e-10,-0.321710486297125,0.053,0.08,1.20354807557111e-05,"Naive B","NAB1","down"
1.31503117462255e-12,-0.321693553124403,0.071,0.106,2.47252161452532e-08,"Naive B","PCNT","down"
5.40103479421939e-08,-0.321666882308695,0.06,0.088,0.00101550256200913,"Naive B","SH3PXD2A","down"
2.30092448972104e-09,-0.321662572337334,0.056,0.081,4.3261982255735e-05,"Naive B","ZNF862","down"
1.52268134987861e-07,-0.321530540531763,0.022,0.037,0.00286294547404176,"Naive B","NMNAT1","down"
2.09771450865434e-08,-0.321508036699106,0.071,0.102,0.000394412281917189,"Naive B","APOLD1","down"
2.8375024397417e-13,-0.321427989778906,0.134,0.19,5.33507208720234e-09,"Naive B","MTMR12","down"
1.05873664359342e-06,-0.321294981665087,0.038,0.056,0.0199063663728435,"Naive B","ZNF777","down"
3.16926844345753e-19,-0.321158970703995,0.108,0.163,5.95885852738885e-15,"Naive B","ZMPSTE24","down"
2.81591878926686e-09,-0.321158715846555,0.053,0.08,5.29449050757955e-05,"Naive B","DCP1B","down"
1.61498168888617e-12,-0.321146908520857,0.113,0.161,3.03648857144377e-08,"Naive B","MAPKAPK5","down"
1.64500511119237e-14,-0.321033303818814,0.049,0.08,3.09293861006389e-10,"Naive B","TBCD","down"
2.86002226620347e-26,-0.320885871728303,0.115,0.182,5.37741386491576e-22,"Naive B","BOLA2","down"
9.12933331561623e-19,-0.320834082159961,0.106,0.157,1.71649725000216e-14,"Naive B","EXOSC7","down"
1.08787868010741e-10,-0.320803457622139,0.114,0.161,2.04542949433796e-06,"Naive B","PRKACB","down"
3.04733451448e-24,-0.320706053893913,0.288,0.392,5.72959835412529e-20,"Naive B","LPGAT1","down"
4.29660862748933e-14,-0.320689396192729,0.224,0.299,8.07848354140543e-10,"Naive B","RFX7","down"
2.0624057739731e-21,-0.320361898522953,0.325,0.434,3.87773533622423e-17,"Naive B","NSF","down"
1.88956478684291e-07,-0.320304293275353,0.093,0.127,0.00355275971222204,"Naive B","HCFC1","down"
1.48062199715363e-16,-0.320154710029605,0.08,0.122,2.78386547904826e-12,"Naive B","NME6","down"
5.98524979368713e-11,-0.319753376407875,0.047,0.072,1.12534666620905e-06,"Naive B","AAAS","down"
9.44585193632901e-08,-0.319624833277032,0.038,0.059,0.00177600908106858,"Naive B","PRPF40B","down"
8.81702985947813e-27,-0.319618631927751,0.175,0.259,1.65777795417908e-22,"Naive B","POLK","down"
4.08243451985579e-21,-0.319542073563083,0.136,0.199,7.67579338423285e-17,"Naive B","SLC52A2","down"
2.51796545259297e-18,-0.31930622915239,0.098,0.148,4.7342786439653e-14,"Naive B","NIT2","down"
1.6688259398422e-18,-0.318939363877493,0.486,0.596,3.13772653209131e-14,"Naive B","ARFGAP3","down"
6.74037559957738e-17,-0.318795868336415,0.147,0.211,1.26732542023254e-12,"Naive B","MAPK6","down"
4.16458942508129e-15,-0.318736973071921,0.099,0.145,7.83026103703784e-11,"Naive B","NVL","down"
1.09019277837095e-07,-0.318605152368128,0.068,0.095,0.00204978046189306,"Naive B","RMI2","down"
8.40926921874423e-21,-0.318353780899465,0.181,0.256,1.58111079850829e-16,"Naive B","ABHD16A","down"
6.98828207872952e-10,-0.318270688453122,0.093,0.13,1.31393679644272e-05,"Naive B","DDX41","down"
1.09352351016753e-27,-0.318091577468306,0.259,0.362,2.05604290381698e-23,"Naive B","HSF1","down"
9.21357715541974e-17,-0.317786540778457,0.189,0.263,1.73233677676202e-12,"Naive B","BID","down"
2.89776165961055e-21,-0.317628158323484,0.546,0.663,5.44837147239976e-17,"Naive B","CD48","down"
1.22777026384527e-23,-0.317445944098718,0.217,0.307,2.30845365008187e-19,"Naive B","TMEM170A","down"
9.41187403924336e-24,-0.317324220505481,0.2,0.286,1.76962055685854e-19,"Naive B","RIC8A","down"
2.3242105981562e-29,-0.3170668404844,0.164,0.246,4.36998076665328e-25,"Naive B","FAM120A","down"
6.44013365729945e-21,-0.316860092198411,0.519,0.636,1.21087393024544e-16,"Naive B","GNAI2","down"
5.31702425837699e-22,-0.316833291631177,0.103,0.158,9.99706901060042e-18,"Naive B","ENSG00000236449","down"
9.10108753429032e-07,-0.316822676766775,0.024,0.038,0.0171118647819727,"Naive B","FANCI","down"
6.17840910280583e-17,-0.316707213614377,0.082,0.127,1.16166447950955e-12,"Naive B","EIF2B3","down"
9.28698473351651e-18,-0.31652552858645,0.074,0.117,1.74613886959578e-13,"Naive B","FANCF","down"
1.95473446052421e-09,-0.315934699577608,0.038,0.06,3.67529173267763e-05,"Naive B","MAP3K10","down"
6.62674245258185e-26,-0.315825651214046,0.363,0.482,1.24596011593444e-21,"Naive B","BUB3","down"
5.96032631850657e-11,-0.315814921794372,0.046,0.071,1.12066055440561e-06,"Naive B","ABCB10","down"
2.78017892490598e-12,-0.315762840492953,0.084,0.124,5.22729241460822e-08,"Naive B","MADD","down"
2.5178539809691e-13,-0.315692244010039,0.081,0.121,4.7340690550181e-09,"Naive B","ALOX12-AS1","down"
1.02829809154831e-17,-0.315686093230147,0.071,0.11,1.93340607172913e-13,"Naive B","BAK1","down"
1.16923564951087e-18,-0.315641364701984,0.13,0.19,2.19839686821035e-14,"Naive B","SOAT1","down"
9.00399496392324e-23,-0.315602309001913,0.253,0.349,1.69293113311685e-18,"Naive B","GALNT1","down"
1.3339972421798e-14,-0.315588037318224,0.157,0.218,2.50818161474645e-10,"Naive B","C21orf91","down"
9.25039670248646e-21,-0.315577812901548,0.677,0.774,1.7392595880015e-16,"Naive B","MBP","down"
2.33238848212989e-20,-0.315491193529543,0.17,0.243,4.38535682410062e-16,"Naive B","SHFL","down"
5.07328946255617e-20,-0.315403789930117,0.153,0.221,9.5387988474981e-16,"Naive B","MTX1","down"
7.50388882192114e-33,-0.315391237114517,0.453,0.596,1.41088117629761e-28,"Naive B","MTDH","down"
4.08272570813302e-26,-0.315279614916777,0.254,0.358,7.6763408764317e-22,"Naive B","PRDX4","down"
2.22586837347311e-32,-0.315215802722413,0.508,0.652,4.18507771580414e-28,"Naive B","SELENOT","down"
1.73129889282027e-25,-0.314693008668891,0.431,0.557,3.25518817828068e-21,"Naive B","RNH1","down"
7.76767382420817e-08,-0.314671721321553,0.051,0.076,0.00146047803242762,"Naive B","STIMATE","down"
9.57313107204835e-13,-0.314652480973136,0.077,0.116,1.79994010416653e-08,"Naive B","ACACA","down"
1.72865161925843e-12,-0.314537995239502,0.304,0.385,3.2502107745297e-08,"Naive B","TBC1D10C","down"
5.87987963822246e-20,-0.314534059499989,0.132,0.194,1.10553496957859e-15,"Naive B","SBF1","down"
6.25301357304374e-27,-0.314513021564949,0.164,0.243,1.17569161200368e-22,"Naive B","MRPL27","down"
9.96753254019701e-19,-0.314489190927828,0.353,0.457,1.87409546820784e-14,"Naive B","DYNC1H1","down"
3.54020919348958e-15,-0.314418919173128,0.065,0.105,6.65630132559912e-11,"Naive B","MTFP1","down"
1.82780785200688e-40,-0.314417210958852,0.272,0.396,3.43664432334333e-36,"Naive B","RER1","down"
1.4155983304294e-16,-0.314367107422761,0.141,0.203,2.66160798087336e-12,"Naive B","CDK5RAP2","down"
1.90954435830913e-11,-0.314307739268869,0.371,0.456,3.59032530249283e-07,"Naive B","APOBEC3G","down"
1.237027425949e-18,-0.314087947941678,0.2,0.277,2.3258589662693e-14,"Naive B","GAPVD1","down"
9.93124596764832e-09,-0.314003370274098,0.054,0.08,0.000186727286683724,"Naive B","RNF8","down"
7.74162269320135e-34,-0.313812077540317,0.182,0.274,1.45557989877572e-29,"Naive B","MRPS26","down"
2.80298369511437e-24,-0.313702170926787,0.126,0.191,5.27016994355405e-20,"Naive B","IDH3G","down"
5.79960045721612e-11,-0.31354666902608,0.064,0.094,1.09044087796577e-06,"Naive B","THOP1","down"
1.05007668388963e-10,-0.31339071915719,0.042,0.067,1.97435418104929e-06,"Naive B","CLPB","down"
3.47952298255396e-11,-0.313332011187562,0.057,0.086,6.54219911179796e-07,"Naive B","SETD4","down"
1.88616813708972e-21,-0.31332440613077,0.351,0.46,3.54637333135608e-17,"Naive B","DDAH2","down"
4.23137305758766e-26,-0.313253955807652,0.212,0.302,7.95582762287632e-22,"Naive B","PRELID3B","down"
1.15558030297024e-09,-0.313038974558207,0.04,0.064,2.17272208564465e-05,"Naive B","SMAGP","down"
1.09513365841062e-15,-0.312849870550689,0.077,0.119,2.05907030454365e-11,"Naive B","WDR91","down"
7.28566667678138e-30,-0.312842599502695,0.247,0.35,1.36985104856843e-25,"Naive B","YIPF3","down"
1.82896561141281e-12,-0.312673793664281,0.055,0.084,3.43882114257837e-08,"Naive B","CSTF2","down"
1.32733092168673e-26,-0.312455989480093,0.252,0.355,2.49564759895539e-22,"Naive B","CCDC88C","down"
1.33823788529979e-09,-0.31224786399149,0.199,0.258,2.51615487194066e-05,"Naive B","CYB561A3","down"
2.38402215458417e-16,-0.312214093666384,0.061,0.096,4.48243845504916e-12,"Naive B","CDKN2AIPNL","down"
2.70463031221706e-10,-0.311596538238356,0.06,0.089,5.08524591303052e-06,"Naive B","BBS2","down"
2.88744006202357e-33,-0.311390525160086,0.452,0.595,5.42896480461672e-29,"Naive B","ATP5F1A","down"
8.58438206013327e-07,-0.311231572059158,0.032,0.05,0.0161403551494626,"Naive B","AHDC1","down"
2.42852187047609e-20,-0.311043382606716,0.532,0.647,4.56610682086915e-16,"Naive B","ELMO1","down"
7.4665501296796e-10,-0.311015759959328,0.056,0.083,1.40386075538236e-05,"Naive B","MSANTD2","down"
1.59668404980791e-09,-0.31080594639688,0.072,0.103,3.00208535044883e-05,"Naive B","IFI6","down"
1.37295675779626e-17,-0.310739309234354,0.203,0.283,2.58143329600853e-13,"Naive B","SMS","down"
3.1400995561954e-16,-0.310501308312684,0.076,0.119,5.90401518555858e-12,"Naive B","ST20","down"
1.27542130610171e-11,-0.310456386081902,0.088,0.128,2.39804713973244e-07,"Naive B","ZBTB4","down"
2.57866983219047e-18,-0.310426367251939,0.099,0.149,4.84841501848453e-14,"Naive B","DMWD","down"
3.40369589590294e-25,-0.310319750655614,0.677,0.787,6.39962902347671e-21,"Naive B","PGK1","down"
4.4169757242697e-10,-0.31005635909791,0.099,0.139,8.30479775677189e-06,"Naive B","C12orf75","down"
1.7508338029624e-13,-0.309997857796552,0.139,0.194,3.29191771632991e-09,"Naive B","GPX7","down"
4.9833664795002e-09,-0.309782820712752,0.112,0.155,9.36972565475627e-05,"Naive B","ING1","down"
2.05384349529284e-26,-0.309729462126251,0.184,0.268,3.86163653984959e-22,"Naive B","XIAP","down"
2.02693179186594e-15,-0.309694353112403,0.14,0.199,3.81103715506634e-11,"Naive B","UTP23","down"
1.82815710050091e-17,-0.309673157474392,0.171,0.239,3.43730098036181e-13,"Naive B","NUP210","down"
1.04449222851023e-18,-0.309579628922524,0.1,0.152,1.96385428804494e-14,"Naive B","DTWD1","down"
1.17578899025664e-11,-0.309360451208469,0.069,0.102,2.21071845948053e-07,"Naive B","PGP","down"
1.43219183542135e-21,-0.309344582145158,0.135,0.198,2.69280708895921e-17,"Naive B","CCNQ","down"
2.75185224657007e-11,-0.309145829608008,0.065,0.094,5.17403259400104e-07,"Naive B","PDF","down"
7.74134637469837e-25,-0.30910863595229,0.344,0.46,1.45552794537079e-20,"Naive B","RUBCN","down"
2.15210593285265e-31,-0.309095245747388,0.236,0.339,4.04638957494955e-27,"Naive B","PSENEN","down"
6.25282268198615e-21,-0.308964714344824,0.202,0.285,1.17565572066704e-16,"Naive B","N4BP1","down"
5.78535874928482e-23,-0.308565248372047,0.165,0.242,1.08776315204053e-18,"Naive B","DKC1","down"
3.88962996324258e-17,-0.308408964114893,0.09,0.137,7.31328225688871e-13,"Naive B","KSR1","down"
7.69457739772557e-14,-0.30839518507999,0.077,0.114,1.44673444232036e-09,"Naive B","CNEP1R1","down"
1.96006514465325e-21,-0.308279877436741,0.166,0.24,3.68531448497705e-17,"Naive B","ZZEF1","down"
5.90300846216377e-12,-0.30808925394143,0.081,0.12,1.10988365105603e-07,"Naive B","ENSG00000291100","down"
7.71335341985989e-12,-0.307374145913951,0.037,0.06,1.45026471000206e-07,"Naive B","HDDC3","down"
1.52927222581976e-09,-0.307301596129653,0.05,0.075,2.87533763898632e-05,"Naive B","ZNF623","down"
4.94876426891841e-08,-0.3072633477618,0.026,0.043,0.000930466657842039,"Naive B","ZNF79","down"
1.17367447410073e-17,-0.307031256889761,0.116,0.17,2.20674274620419e-13,"Naive B","MIF4GD","down"
6.79100156041354e-27,-0.307028862251656,0.222,0.319,1.27684411338895e-22,"Naive B","UBE2Q2","down"
6.58155240806659e-36,-0.306977328262586,0.238,0.348,1.23746348376468e-31,"Naive B","RPS19BP1","down"
6.8744106463429e-08,-0.306943743477119,0.048,0.071,0.00129252668972539,"Naive B","ENSG00000291054","down"
3.98180250422541e-27,-0.306679691250029,0.176,0.262,7.48658506844461e-23,"Naive B","FOXN2","down"
1.32159714831991e-13,-0.306419714277029,0.146,0.201,2.48486695827109e-09,"Naive B","MYD88","down"
1.11631609283147e-07,-0.306337836540447,0.672,0.735,0.00209889751774173,"Naive B","ATP1B3","down"
1.64017753590533e-09,-0.306253064285536,0.068,0.1,3.0838618030092e-05,"Naive B","MR1","down"
7.31236408270428e-42,-0.306176002064765,0.918,0.961,1.37487069483006e-37,"Naive B","CYBA","down"
1.71762188778652e-22,-0.306110740838231,0.138,0.203,3.22947267341621e-18,"Naive B","POLDIP2","down"
2.80970445214367e-07,-0.30587770499739,0.06,0.085,0.00528280631092053,"Naive B","ALG9","down"
1.28749440160834e-08,-0.305582825670536,0.021,0.035,0.0002420746973904,"Naive B","RITA1","down"
6.20791581916036e-23,-0.305381464690123,0.23,0.318,1.16721233231853e-18,"Naive B","SPCS3","down"
1.27049577374021e-10,-0.305301278539647,0.049,0.075,2.38878615378634e-06,"Naive B","CISD1","down"
6.21440669335167e-14,-0.305252619732421,0.067,0.103,1.16843274648398e-09,"Naive B","LINC02422","down"
3.53275974748809e-17,-0.305247514868594,0.162,0.227,6.6422948772271e-13,"Naive B","GALNT10","down"
1.62644066154529e-24,-0.305098453647542,0.211,0.299,3.05803373183745e-20,"Naive B","SDAD1","down"
2.55495372898709e-08,-0.305060240883061,0.021,0.037,0.000480382400124153,"Naive B","NMRK1","down"
2.1619809274606e-21,-0.304916053540379,0.136,0.201,4.06495653981141e-17,"Naive B","TMX3","down"
9.99858884664387e-27,-0.30444845003763,0.753,0.848,1.87993467494598e-22,"Naive B","RBM3","down"
1.34939002840317e-09,-0.304365878480534,0.303,0.375,2.53712313140365e-05,"Naive B","LARGE1","down"
2.81657525570484e-26,-0.304214789985938,0.306,0.416,5.29572479577624e-22,"Naive B","CDC123","down"
3.05718192973321e-16,-0.304188410431134,0.141,0.201,5.74811346428439e-12,"Naive B","SCFD2","down"
2.42962910920028e-11,-0.303986184962874,0.074,0.109,4.56818865111837e-07,"Naive B","CCDC71L","down"
1.09193884050523e-14,-0.303947850188724,0.071,0.109,2.05306340791794e-10,"Naive B","PPT1","down"
6.96824547565301e-18,-0.3039301681591,0.081,0.123,1.31016951433228e-13,"Naive B","PRPSAP1","down"
2.01475414992031e-33,-0.303884562989059,0.348,0.477,3.78814075268017e-29,"Naive B","MARS1","down"
2.11971641629013e-29,-0.303808993477065,0.301,0.414,3.9854908059087e-25,"Naive B","TGOLN2","down"
1.98025866673783e-06,-0.303589090726423,0.047,0.067,0.0372328234520048,"Naive B","MAP3K2-DT","down"
1.36125338716826e-17,-0.303543533783907,0.092,0.139,2.55942861855375e-13,"Naive B","BRCC3","down"
1.14140005854978e-25,-0.303186733298243,0.384,0.504,2.1460603900853e-21,"Naive B","CCDC12","down"
5.12156142979557e-24,-0.303160510127378,0.184,0.264,9.62955980030163e-20,"Naive B","UBN1","down"
1.69305983157839e-18,-0.303058176452349,0.151,0.216,3.18329109533368e-14,"Naive B","PRR14L","down"
3.07284590504935e-11,-0.303015029869082,0.058,0.088,5.77756487067378e-07,"Naive B","MRPL20-AS1","down"
2.83323308066844e-13,-0.302722289470738,0.142,0.199,5.3270448382728e-09,"Naive B","SUPT3H","down"
8.02203947980076e-25,-0.302548922053943,0.194,0.28,1.50830386299214e-20,"Naive B","YWHAG","down"
7.42902831773522e-13,-0.302514065195565,0.097,0.141,1.39680590430058e-08,"Naive B","TTLL5","down"
1.55820603166249e-22,-0.302297009608508,0.118,0.177,2.92973898073182e-18,"Naive B","PRKAG1","down"
2.334696712987e-08,-0.302219225533221,0.049,0.073,0.000438969675975817,"Naive B","DNAJC14","down"
1.29660324176315e-07,-0.302206083008983,0.043,0.065,0.00243787341516307,"Naive B","CCDC112","down"
5.59714259937506e-09,-0.302205110786475,0.039,0.059,0.00010523747515345,"Naive B","MTFR1L","down"
5.61523423592608e-16,-0.302140712043793,0.32,0.411,1.05577634103882e-11,"Naive B","GRN","down"
2.90486754114783e-15,-0.302124092640644,0.093,0.138,5.46173195086616e-11,"Naive B","ZHX1","down"
4.55287131528172e-09,-0.302102270658395,0.066,0.094,8.56030864699269e-05,"Naive B","DDB2","down"
6.33667433316294e-32,-0.301978356200764,0.77,0.87,1.1914215081213e-27,"Naive B","LPXN","down"
8.07601753274683e-19,-0.301957606903711,0.401,0.509,1.51845281650706e-14,"Naive B","IFT57","down"
2.58163055735919e-08,-0.301616731934999,0.433,0.505,0.000485398177394674,"Naive B","CTSH","down"
9.13946739580739e-10,-0.301481532211247,0.025,0.043,1.7184026597597e-05,"Naive B","FLACC1","down"
1.88811802550487e-14,-0.301463271454319,0.065,0.099,3.55003951155426e-10,"Naive B","ENDOG","down"
3.17082839438834e-22,-0.301381732672203,0.136,0.2,5.96179154712897e-18,"Naive B","METTL5","down"
2.95680545349051e-31,-0.301181333954396,0.315,0.436,5.55938561365286e-27,"Naive B","SFT2D1","down"
9.25781201928408e-32,-0.301009510996108,0.32,0.441,1.74065381586579e-27,"Naive B","RAB1B","down"
1.58947864368378e-12,-0.300979209908017,0.097,0.139,2.98853774585423e-08,"Naive B","MFSD8","down"
2.56137529792695e-25,-0.300935183515454,0.278,0.381,4.81589783516226e-21,"Naive B","PGLS","down"
1.24190057444556e-11,-0.300893788873181,0.076,0.111,2.33502146007254e-07,"Naive B","PJA1","down"
6.52150224893428e-08,-0.300716901510997,0.041,0.062,0.00122617285284462,"Naive B","AGPAT1","down"
3.87485476826579e-16,-0.300676934730524,0.122,0.177,7.28550193529333e-12,"Naive B","IKBIP","down"
2.76953647436552e-13,-0.300576038543645,0.089,0.13,5.20728247910205e-09,"Naive B","FEM1C","down"
2.12230136997596e-07,-0.300418067680555,0.072,0.102,0.0039903510358288,"Naive B","GOLGA8A","down"
1.67782338688686e-20,-0.300342224568949,0.544,0.659,3.15464353202468e-16,"Naive B","EFHD2","down"
2.69652518707322e-11,-0.300254242679666,0.042,0.067,5.07000665673507e-07,"Naive B","ULK3","down"
1.26567021878446e-25,-0.300243909458845,0.34,0.453,2.37971314535854e-21,"Naive B","ARL6IP4","down"
4.55703396889828e-28,-0.300211812578454,0.243,0.343,8.56813526832255e-24,"Naive B","CIAO2A","down"
1.48431567581393e-19,-0.300039985940014,0.083,0.129,2.79081033366535e-15,"Naive B","CDIPT","down"
7.62132063845009e-17,-0.299998049607487,0.17,0.236,1.43296070644139e-12,"Naive B","ARFIP1","down"
3.78997714593012e-29,-0.299829107923245,0.501,0.638,7.12591502977781e-25,"Naive B","TNFRSF13C","down"
5.97358855674182e-29,-0.299804090341325,0.233,0.332,1.1231541204386e-24,"Naive B","CYBC1","down"
1.25228116352648e-13,-0.299576604792978,0.096,0.138,2.35453904366249e-09,"Naive B","UBR7","down"
1.11280239221973e-16,-0.299454173513914,0.27,0.359,2.09229105785154e-12,"Naive B","DENND5B","down"
2.01469454937173e-13,-0.299368058908392,0.068,0.102,3.78802869172872e-09,"Naive B","EIPR1","down"
8.96763000660433e-12,-0.298860406468321,0.083,0.119,1.68609379384175e-07,"Naive B","PEDS1","down"
3.61173401175015e-10,-0.298850318638008,0.041,0.063,6.79078228889263e-06,"Naive B","TIMM8A","down"
1.25307812349431e-07,-0.298478515970364,0.084,0.118,0.002356037487794,"Naive B","QSOX2","down"
1.19340175887344e-21,-0.298383300027476,0.189,0.265,2.24383398703385e-17,"Naive B","DCTN3","down"
6.42610564469568e-10,-0.298154716046671,0.092,0.128,1.20823638331568e-05,"Naive B","IFT80","down"
5.49260815731486e-24,-0.298001139624412,0.124,0.187,1.03272018573834e-19,"Naive B","NUP42","down"
3.11052526025368e-07,-0.297484589798989,0.036,0.055,0.00584840959432897,"Naive B","LMLN","down"
1.76727424132139e-27,-0.297390131026287,0.337,0.452,3.32282902853249e-23,"Naive B","FBXO7","down"
4.05432132612215e-37,-0.297369784188352,0.224,0.331,7.62293495737487e-33,"Naive B","PDCD5","down"
3.92863528797714e-08,-0.297252407072428,0.104,0.14,0.000738662006845461,"Naive B","NBPF1","down"
3.71038503249046e-21,-0.297249573382106,0.787,0.861,6.97626593808857e-17,"Naive B","FNBP1","down"
3.42756910003295e-19,-0.297191086711605,0.351,0.453,6.44451542188194e-15,"Naive B","DYNLRB1","down"
2.28247578454426e-07,-0.297176314603336,0.029,0.044,0.00429151097010012,"Naive B","SPATA20","down"
7.88646831443733e-23,-0.29712195515692,0.566,0.686,1.48281377248051e-18,"Naive B","CDV3","down"
5.23878210554243e-20,-0.297015174023848,0.23,0.313,9.84995811484088e-16,"Naive B","SELENOO","down"
1.17416357976332e-06,-0.296892997455131,0.032,0.051,0.0220766236267099,"Naive B","PXDC1","down"
1.98319411169818e-15,-0.296857134942917,0.153,0.212,3.72880156881492e-11,"Naive B","CDC16","down"
4.39593313958754e-11,-0.296652935039846,0.095,0.133,8.26523348905249e-07,"Naive B","LIX1L","down"
3.63927514200798e-13,-0.296595827147144,0.06,0.091,6.8425651220034e-09,"Naive B","THG1L","down"
2.27111781939974e-10,-0.296224586400535,0.083,0.117,4.27015572403539e-06,"Naive B","MLLT6","down"
1.50029285775071e-14,-0.296085113484752,0.047,0.075,2.82085063114289e-10,"Naive B","ARFGAP1","down"
4.90401436626161e-18,-0.296028083777172,0.173,0.241,9.22052781144508e-14,"Naive B","MFSD14CP","down"
4.5560274801428e-19,-0.296013104235214,0.221,0.301,8.56624286816448e-15,"Naive B","RNF4","down"
1.16512225926561e-08,-0.295911572186349,0.019,0.032,0.000219066287187121,"Naive B","SIGMAR1","down"
1.14234944316701e-14,-0.295552696448336,0.14,0.196,2.14784542304261e-10,"Naive B","MOGS","down"
8.21626993944719e-09,-0.295550120937543,0.043,0.064,0.000154482307401486,"Naive B","DHX33","down"
9.28007745755439e-26,-0.295394750637854,0.093,0.16,1.74484016356938e-21,"Naive B","PLIN2","down"
1.25478115226036e-16,-0.294998592085316,0.066,0.102,2.35923952247994e-12,"Naive B","ALDH18A1","down"
2.48302592990279e-24,-0.294723192929065,0.174,0.249,4.66858535340322e-20,"Naive B","WRNIP1","down"
5.73630850949972e-27,-0.294607870100985,0.473,0.602,1.07854072595614e-22,"Naive B","VDAC1","down"
1.87086767239102e-36,-0.294334882091196,0.179,0.27,3.51760539762959e-32,"Naive B","TRAPPC4","down"
3.28920637741415e-13,-0.294156412976964,0.111,0.159,6.18436583081409e-09,"Naive B","SLF2","down"
1.67591041139077e-12,-0.293867340372767,0.299,0.378,3.15104675549692e-08,"Naive B","ABR","down"
1.71978508505859e-18,-0.293741715062809,0.15,0.214,3.23353991692715e-14,"Naive B","ZNF593","down"
9.64770022712504e-13,-0.293667511827108,0.2,0.265,1.81396059670405e-08,"Naive B","SUMO3","down"
1.41955656982758e-24,-0.293604596164068,0.167,0.241,2.66905026258981e-20,"Naive B","INTS11","down"
4.43810528775261e-10,-0.293526693589968,0.203,0.261,8.34452556203246e-06,"Naive B","SLCO4A1","down"
2.62358241659738e-17,-0.293042599176708,0.081,0.125,4.9328596596864e-13,"Naive B","MSRA","down"
9.45353647898249e-14,-0.293022458892867,0.084,0.126,1.77745392877829e-09,"Naive B","SBF2-AS1","down"
2.67856548401681e-09,-0.292988963176535,0.055,0.082,5.0362388230484e-05,"Naive B","ZNF346","down"
4.69888034624418e-18,-0.292507818569194,0.31,0.406,8.83483482700832e-14,"Naive B","PPP3R1","down"
1.95308158605647e-10,-0.292103802002783,0.054,0.083,3.67218399810337e-06,"Naive B","ENSG00000283103","down"
3.04908227419857e-17,-0.292062927586314,0.104,0.153,5.73288449194816e-13,"Naive B","ARHGAP1","down"
9.39047005268521e-27,-0.292023727813614,0.088,0.142,1.76559617930587e-22,"Naive B","MCM6","down"
6.31684385710472e-22,-0.291900293918949,0.112,0.166,1.18769298201283e-17,"Naive B","TPGS1","down"
4.08780812707727e-28,-0.291822018573664,0.185,0.27,7.68589684053069e-24,"Naive B","ELK4","down"
5.93546307487347e-17,-0.291788859436736,0.169,0.235,1.11598576733771e-12,"Naive B","ATP13A3","down"
5.72960948358052e-15,-0.291685665594575,0.268,0.349,1.07728117510281e-10,"Naive B","PPFIBP2","down"
4.62939998072157e-25,-0.291674645987752,0.382,0.5,8.7041978437527e-21,"Naive B","UBE2V1","down"
2.59222419932267e-16,-0.291157093292778,0.152,0.214,4.87389993956649e-12,"Naive B","REEP3","down"
5.22161036836236e-10,-0.291108713046274,0.046,0.071,9.81767181459491e-06,"Naive B","TSC2","down"
5.10122985452326e-26,-0.291080388803686,0.38,0.499,9.59133237247464e-22,"Naive B","ICAM3","down"
2.80619427952656e-26,-0.291071474175636,0.316,0.426,5.27620648436584e-22,"Naive B","THOC2","down"
1.08603842694997e-20,-0.290972077096665,0.305,0.403,2.04196945035134e-16,"Naive B","ARL5A","down"
1.37144672052319e-09,-0.290905194061176,0.052,0.076,2.57859412392769e-05,"Naive B","MTURN","down"
3.2736261444617e-09,-0.290889536162993,0.054,0.079,6.15507187681689e-05,"Naive B","NHLRC3","down"
4.46417807467533e-10,-0.290784587754323,0.04,0.062,8.39354761600456e-06,"Naive B","SLC25A14","down"
3.3898066446633e-19,-0.290688043743267,0.181,0.253,6.37351445329593e-15,"Naive B","SEC63","down"
1.13524342150376e-10,-0.29061736075541,0.061,0.09,2.13448468111137e-06,"Naive B","SZT2","down"
3.28736343723005e-16,-0.290303276775101,0.072,0.11,6.18090073467994e-12,"Naive B","ACAT1","down"
7.41365840341399e-08,-0.29024680587849,0.067,0.095,0.0013939160530099,"Naive B","BMF","down"
4.54724835797633e-22,-0.290172584383654,0.083,0.128,8.5497363626671e-18,"Naive B","GEMIN8","down"
1.35162766317483e-24,-0.29012507982875,0.613,0.733,2.54133033230131e-20,"Naive B","ISCU","down"
1.16306190242482e-25,-0.289873595677201,0.185,0.265,2.18678898893914e-21,"Naive B","PDHA1","down"
2.51570129958051e-14,-0.289823514144329,0.052,0.084,4.73002158347128e-10,"Naive B","THYN1","down"
1.34669000874428e-23,-0.28973758085413,0.184,0.264,2.532046554441e-19,"Naive B","FDX1","down"
2.00108419964933e-18,-0.289717677111195,0.138,0.198,3.76243851218067e-14,"Naive B","UNC50","down"
1.41153769996359e-42,-0.289707266046242,0.256,0.373,2.65397318347155e-38,"Naive B","GET3","down"
9.57272163998738e-12,-0.289460030027398,0.08,0.117,1.79986312275043e-07,"Naive B","TRMO","down"
3.31448665650622e-15,-0.289420145427591,0.256,0.336,6.23189781156299e-11,"Naive B","ARHGAP45","down"
4.39528668939075e-24,-0.289380114766384,0.849,0.898,8.26401803339248e-20,"Naive B","ZFP36","down"
2.1673075723919e-06,-0.289331809085435,0.153,0.196,0.0407497169761124,"Naive B","PTGER4","down"
1.15101004918107e-09,-0.289254322120574,0.118,0.162,2.16412909447024e-05,"Naive B","LINC00662","down"
5.24606644003038e-12,-0.289239431042468,0.09,0.131,9.86365412054512e-08,"Naive B","ANO6","down"
1.18878888781528e-16,-0.289095521304678,0.188,0.257,2.23516086687028e-12,"Naive B","UBTF","down"
5.56371824054294e-17,-0.288989305780036,0.245,0.327,1.04609030358688e-12,"Naive B","SLC7A1","down"
7.04534874500453e-16,-0.288967233129856,0.222,0.298,1.32466647103575e-11,"Naive B","ASCC3","down"
5.13241296899673e-10,-0.288772579540033,0.055,0.082,9.64996286430766e-06,"Naive B","PCBD2","down"
7.86379005226655e-14,-0.288510831701589,0.095,0.137,1.47854980562716e-09,"Naive B","PIGC","down"
9.38671475389687e-12,-0.288373719051522,0.084,0.121,1.76489010802769e-07,"Naive B","QPCTL","down"
1.06191021101141e-27,-0.288340169718772,0.15,0.225,1.99660357874366e-23,"Naive B","MGST3","down"
1.31843936789433e-13,-0.287593499112886,0.313,0.394,2.47892969951492e-09,"Naive B","CMIP","down"
7.24034416631485e-11,-0.287402812360716,0.079,0.114,1.36132951015052e-06,"Naive B","RAB39B","down"
1.86500869057226e-24,-0.287298547933948,0.498,0.621,3.50658934001396e-20,"Naive B","TRAF3","down"
2.89105824936946e-24,-0.28719855704393,0.146,0.212,5.43576772046446e-20,"Naive B","TSC22D4","down"
1.5829540734401e-07,-0.286998497877026,0.05,0.072,0.00297627024888208,"Naive B","RORA-AS1","down"
4.93235064839396e-14,-0.286979772975334,0.128,0.179,9.27380568911032e-10,"Naive B","MAML1","down"
2.96976454231351e-08,-0.286798569407826,0.049,0.074,0.000558375129245787,"Naive B","MT1X","down"
6.11132717795305e-34,-0.286638331415386,0.912,0.956,1.14905173599873e-29,"Naive B","RHOA","down"
3.02372113048281e-08,-0.286554845614516,0.053,0.082,0.000568520046953378,"Naive B","HOMER1","down"
7.04036582625213e-14,-0.286377008483942,0.081,0.118,1.32372958265192e-09,"Naive B","AP2A1","down"
3.64999077981394e-10,-0.286372677747698,0.045,0.07,6.86271266420616e-06,"Naive B","CLN6","down"
1.35861643213457e-11,-0.286201069237504,0.045,0.07,2.55447061569943e-07,"Naive B","PSMG1","down"
2.88943862952408e-07,-0.286089758859741,0.036,0.054,0.00543272251123118,"Naive B","SMYD4","down"
8.20981501448356e-17,-0.285974187688159,0.169,0.233,1.5436094190232e-12,"Naive B","TMC8","down"
1.63167147205604e-09,-0.285753230171666,0.071,0.104,3.06786870175976e-05,"Naive B","SEC24D","down"
2.74446422448147e-20,-0.285431556997124,0.098,0.148,5.16014163487007e-16,"Naive B","TOR1AIP2","down"
1.73018951633955e-17,-0.285404383783517,0.083,0.125,3.25310232862162e-13,"Naive B","STK11","down"
6.80760401667193e-07,-0.28536792192119,0.033,0.049,0.0127996570721466,"Naive B","WDR25","down"
1.93016169351964e-20,-0.285288738561727,0.094,0.142,3.62909001615563e-16,"Naive B","GPS1","down"
3.49828398627602e-11,-0.28510249138166,0.094,0.135,6.57747355099617e-07,"Naive B","SGTB","down"
1.68498098275631e-06,-0.284493679561079,0.108,0.142,0.0316810124377841,"Naive B","CRY2","down"
3.21146758361363e-09,-0.284178183492708,0.038,0.059,6.03820135071034e-05,"Naive B","TBL2","down"
1.5027739174621e-12,-0.284037311473401,0.092,0.133,2.82551551961224e-08,"Naive B","ZFP90","down"
1.1777611353288e-13,-0.28384908020841,0.175,0.235,2.21442648664521e-09,"Naive B","WDR36","down"
3.02871557075868e-14,-0.283820514802544,0.094,0.135,5.69459101614046e-10,"Naive B","TMEM60","down"
2.02462380566716e-12,-0.283772963310643,0.06,0.094,3.80669767941539e-08,"Naive B","FAM228B","down"
4.40878584032827e-13,-0.283728822356457,0.061,0.091,8.28939913698522e-09,"Naive B","TMEM102","down"
1.65083904745392e-09,-0.283724431804045,0.051,0.075,3.10390757702287e-05,"Naive B","ATP8B1-AS1","down"
1.91532858967126e-11,-0.283313452539788,0.125,0.171,3.60120081429991e-07,"Naive B","CCDC88B","down"
3.39757832937706e-13,-0.283185674233099,0.063,0.094,6.38812677489476e-09,"Naive B","ANKRD46","down"
3.62153937334808e-32,-0.283129973387726,0.433,0.566,6.80921832976905e-28,"Naive B","AUP1","down"
1.71360852589997e-27,-0.282863768351341,0.151,0.225,3.22192675039711e-23,"Naive B","ANKH","down"
1.87351356837759e-10,-0.282843314668423,0.057,0.084,3.52258021126354e-06,"Naive B","DCAF17","down"
5.17986525601751e-15,-0.282808247682283,0.105,0.151,9.73918265436412e-11,"Naive B","MRPL19","down"
5.20735003539101e-19,-0.282763114105892,0.216,0.293,9.79085953654219e-15,"Naive B","AKT2","down"
5.14845793677352e-10,-0.282508147321008,0.068,0.096,9.68013061272157e-06,"Naive B","TMEM242","down"
2.24548384792523e-14,-0.282503709112635,0.079,0.117,4.22195873086901e-10,"Naive B","TSEN15","down"
3.22165302484616e-11,-0.282421284816407,0.077,0.111,6.05735201731574e-07,"Naive B","TANGO6","down"
9.30837703758463e-23,-0.282413745006608,0.16,0.23,1.75016105060666e-18,"Naive B","NIPSNAP2","down"
3.90674502393287e-11,-0.282378821603941,0.137,0.186,7.34546199399858e-07,"Naive B","PLAAT4","down"
4.75199349391813e-20,-0.282297214112232,0.366,0.472,8.93469816726487e-16,"Naive B","SUN2","down"
1.21256321909236e-23,-0.282263599484152,0.471,0.592,2.27986136453745e-19,"Naive B","HNRNPUL1","down"
1.51923192109898e-16,-0.282162702633137,0.078,0.116,2.8564598580503e-12,"Naive B","PIGH","down"
2.75152955855906e-10,-0.282133906334853,0.017,0.031,5.17342587600274e-06,"Naive B","PARP2","down"
4.27749325179928e-09,-0.282043789802689,0.083,0.116,8.04254281203301e-05,"Naive B","NBPF14","down"
5.36399219126983e-17,-0.282016863324233,0.712,0.795,1.00853781180255e-12,"Naive B","SUB1","down"
5.3265625540631e-07,-0.281985193668106,0.045,0.065,0.0100150029141494,"Naive B","PHAF1","down"
4.41019762282773e-11,-0.28196034334343,0.029,0.047,8.29205357044069e-07,"Naive B","ASNS","down"
1.97410603983419e-19,-0.281919814707744,0.553,0.664,3.71171417609625e-15,"Naive B","PGAM1","down"
5.42188775643223e-29,-0.281919317820931,0.313,0.425,1.01942333596439e-24,"Naive B","GNAI3","down"
1.47075122273606e-22,-0.281864546028037,0.161,0.231,2.76530644898834e-18,"Naive B","LONP2","down"
2.67386354704349e-16,-0.281703951568122,0.065,0.102,5.02739824115118e-12,"Naive B","PHF19","down"
1.44791091310615e-27,-0.281580427859199,0.208,0.298,2.72236209882219e-23,"Naive B","PLEKHJ1","down"
3.76182400180831e-09,-0.281518543890977,0.081,0.113,7.07298148819999e-05,"Naive B","NBPF15","down"
5.46206902197476e-24,-0.281341430540382,0.279,0.376,1.02697821751169e-19,"Naive B","TMED5","down"
1.60183607160073e-24,-0.281208029540081,0.244,0.337,3.01177218182369e-20,"Naive B","DNAJC10","down"
1.54914797005425e-27,-0.281152080579763,0.355,0.472,2.912708013296e-23,"Naive B","TM9SF2","down"
1.9429751224008e-15,-0.281123500419162,0.34,0.429,3.65318182513798e-11,"Naive B","IQSEC1","down"
9.88707538901463e-15,-0.281000957706331,0.103,0.148,1.85896791464253e-10,"Naive B","PPP1R8","down"
2.74984769065405e-18,-0.280809929103179,0.201,0.273,5.17026362796775e-14,"Naive B","PTOV1","down"
7.91007269589325e-20,-0.280777713457335,0.522,0.635,1.48725186828185e-15,"Naive B","LAT2","down"
2.4572299534603e-22,-0.280776968654991,0.392,0.506,4.62008375849606e-18,"Naive B","ARPC5L","down"
2.73876090484384e-14,-0.280677605738706,0.145,0.2,5.14941825328739e-10,"Naive B","C3orf38","down"
2.2019938451535e-14,-0.280214343108216,0.063,0.098,4.14018882765761e-10,"Naive B","DLAT","down"
1.8993678613302e-15,-0.280210866289521,0.084,0.124,3.57119145287305e-11,"Naive B","SUGP2","down"
3.57645875124026e-23,-0.280019727334308,0.195,0.274,6.72445774408193e-19,"Naive B","ATP5IF1","down"
5.29320976996315e-31,-0.280016545523973,0.492,0.629,9.95229300948472e-27,"Naive B","NDUFB9","down"
3.98261056123047e-32,-0.279955368010095,0.228,0.329,7.48810437722553e-28,"Naive B","ARL14EP","down"
1.7509596883119e-17,-0.279828099981009,0.134,0.19,3.29215440596404e-13,"Naive B","EEF1E1","down"
1.53046647841468e-17,-0.279593374917048,0.152,0.215,2.87758307271528e-13,"Naive B","PPIP5K2","down"
8.72309440579341e-10,-0.279546001091381,0.04,0.062,1.64011621017728e-05,"Naive B","IPO13","down"
4.97768754786839e-17,-0.279534697605934,0.111,0.16,9.35904812750215e-13,"Naive B","RPL23AP7","down"
8.25593611087166e-23,-0.27946646762024,0.167,0.239,1.55228110756609e-18,"Naive B","ZNHIT1","down"
1.7439366218397e-10,-0.279297988399976,0.049,0.073,3.278949636383e-06,"Naive B","YIPF2","down"
2.04709652198918e-16,-0.27894248609962,0.269,0.352,3.84895088064405e-12,"Naive B","CCDC47","down"
4.48455611083298e-12,-0.278794670654855,0.284,0.361,8.43186239958816e-08,"Naive B","NSMCE2","down"
6.24791422141117e-18,-0.278605166340348,0.207,0.284,1.17473283190973e-13,"Naive B","DANCR","down"
2.08588772361334e-09,-0.278595218139628,0.081,0.112,3.92188609793779e-05,"Naive B","CZIB","down"
2.18708948390636e-20,-0.278459700519742,0.124,0.182,4.11216564764074e-16,"Naive B","PGGT1B","down"
1.26675019763046e-19,-0.278375043058051,0.219,0.297,2.3817437215848e-15,"Naive B","RNGTT","down"
4.45764749084069e-10,-0.278351429239245,0.118,0.159,8.38126881227866e-06,"Naive B","NBPF26","down"
3.2789412231688e-14,-0.278245350199188,0.124,0.174,6.16506528780199e-10,"Naive B","EEFSEC","down"
3.88535312551317e-14,-0.278192384199065,0.539,0.634,7.30524094658987e-10,"Naive B","MYCBP2","down"
1.62893358152032e-10,-0.277893358137038,0.122,0.165,3.0627209199745e-06,"Naive B","SPRING1","down"
1.24348351466273e-07,-0.277848824949178,0.046,0.067,0.00233799770426887,"Naive B","OGFOD3","down"
2.83504422110817e-12,-0.277825168782143,0.11,0.153,5.33045014452758e-08,"Naive B","PDE12","down"
2.61810390192743e-22,-0.277572387014437,0.129,0.189,4.92255895640395e-18,"Naive B","OSTM1","down"
3.27509045080503e-15,-0.277513187275209,0.165,0.225,6.15782506560361e-11,"Naive B","MCRIP1","down"
2.44089637458044e-06,-0.277312753264006,0.083,0.111,0.0458937336348614,"Naive B","PARP11","down"
3.76784327632035e-08,-0.27728814965331,0.091,0.123,0.000708429892813752,"Naive B","SLC23A2","down"
8.55284225786019e-09,-0.277100626084193,0.064,0.091,0.000160810540132287,"Naive B","BLTP3A","down"
1.05361643122832e-21,-0.27701936107002,0.145,0.209,1.98100961399548e-17,"Naive B","VPS26C","down"
2.89229957475711e-24,-0.276931447657145,0.561,0.683,5.43810166045832e-20,"Naive B","MOB1A","down"
3.8722163190906e-11,-0.276883640628052,0.038,0.061,7.28054112315414e-07,"Naive B","ANXA2R-OT1","down"
1.45439941776871e-11,-0.276811986697107,0.109,0.152,2.73456178528873e-07,"Naive B","RNF130","down"
2.99659314299032e-13,-0.276684799868785,0.082,0.119,5.63419442745039e-09,"Naive B","SCAMP4","down"
1.36361249679858e-12,-0.276679270440333,0.101,0.148,2.56386421648069e-08,"Naive B","FAM43A","down"
7.58770354357464e-13,-0.276285618825687,0.186,0.245,1.4266400202629e-08,"Naive B","UBR3","down"
8.52358155157586e-10,-0.276267290575315,0.115,0.156,1.60260380332729e-05,"Naive B","PYROXD1","down"
1.02363767303423e-09,-0.276232209367632,0.065,0.094,1.92464355283897e-05,"Naive B","TRAPPC13","down"
3.03050333332393e-20,-0.276210301619724,0.503,0.616,5.69795236731565e-16,"Naive B","CDK17","down"
2.9122072588535e-15,-0.276177477343129,0.148,0.204,5.47553208809636e-11,"Naive B","CTDSP2","down"
2.32669804176904e-20,-0.27614454949005,0.209,0.286,4.37465765813416e-16,"Naive B","SYVN1","down"
1.82207006704403e-23,-0.276042371296711,0.129,0.192,3.42585614005619e-19,"Naive B","BLTP2","down"
5.69155725337929e-22,-0.275993492132712,0.208,0.289,1.07012659478037e-17,"Naive B","REPIN1","down"
7.18363239336854e-24,-0.275960254636785,0.394,0.509,1.35066656260115e-19,"Naive B","KDM2A","down"
1.25405515385719e-21,-0.275778673889064,0.172,0.246,2.35787450028229e-17,"Naive B","RRP36","down"
4.30971159770461e-29,-0.275726312108015,0.257,0.357,8.10311974600422e-25,"Naive B","WAS","down"
7.5348106199251e-10,-0.27548252385314,0.025,0.042,1.41669509275832e-05,"Naive B","CARM1","down"
1.36128785584725e-15,-0.274900818981501,0.126,0.177,2.559493426564e-11,"Naive B","RPIA","down"
2.87587399693008e-07,-0.274878216337664,0.041,0.06,0.00540721828902794,"Naive B","ENSG00000290872","down"
8.52447458859731e-28,-0.274735445540768,0.176,0.253,1.60277171214807e-23,"Naive B","LAMTOR2","down"
4.88250297094164e-24,-0.274581236531215,0.319,0.426,9.18008208596448e-20,"Naive B","PRMT2","down"
6.73793573522269e-11,-0.274523261958361,0.043,0.068,1.26686667693657e-06,"Naive B","DENND10","down"
7.38022248614575e-07,-0.274505130011581,0.024,0.039,0.0138762943184512,"Naive B","FASN","down"
3.37779247371436e-27,-0.274174023584,0.164,0.239,6.35092540907774e-23,"Naive B","BRIX1","down"
5.66870168439635e-18,-0.274139786393402,0.191,0.262,1.0658292907002e-13,"Naive B","UBE2E3","down"
7.04750737067155e-30,-0.274113139793523,0.189,0.274,1.32507233583367e-25,"Naive B","NDUFB7","down"
1.04910085190448e-25,-0.274032639508597,0.148,0.215,1.9725194217508e-21,"Naive B","MFSD5","down"
4.13930426140882e-26,-0.273780198685135,0.347,0.46,7.78271987230087e-22,"Naive B","SYNCRIP","down"
3.17092551393789e-28,-0.273757668838583,0.293,0.402,5.96197415130602e-24,"Naive B","IMP3","down"
7.71700610122342e-19,-0.273731176938835,0.105,0.156,1.45095148715203e-14,"Naive B","POLR2H","down"
1.90400546194858e-08,-0.273672268137689,0.059,0.084,0.000357991106955573,"Naive B","TCP11L1","down"
5.50819384031985e-10,-0.273024754001179,0.034,0.054,1.03565060585694e-05,"Naive B","TSEN2","down"
3.6496683797009e-13,-0.272994309046264,0.065,0.099,6.86210648751363e-09,"Naive B","PLGRKT","down"
2.83619994086055e-10,-0.272906811717543,0.081,0.115,5.332623128806e-06,"Naive B","UBXN2B","down"
2.58897112946646e-18,-0.272787863371875,0.337,0.434,4.86778351762283e-14,"Naive B","LBR","down"
4.51207212347101e-18,-0.272631273161046,0.495,0.602,8.48359800655019e-14,"Naive B","STAT3","down"
2.02977180109061e-30,-0.272482624837209,0.353,0.474,3.81637694041056e-26,"Naive B","MCUB","down"
1.50810020377515e-20,-0.272340150334622,0.166,0.235,2.83553000313803e-16,"Naive B","GRPEL1","down"
3.02469732448897e-18,-0.272340106257949,0.248,0.331,5.68703590950416e-14,"Naive B","PTEN","down"
1.65113955215276e-21,-0.272323669779398,0.151,0.218,3.10447258595761e-17,"Naive B","KLHL18","down"
1.87069326446381e-16,-0.272250975680387,0.15,0.207,3.51727747584486e-12,"Naive B","MRPL16","down"
4.95161753702351e-26,-0.272139502636917,0.198,0.282,9.3100312931116e-22,"Naive B","ACBD6","down"
5.57347051387259e-11,-0.271995828002927,0.149,0.201,1.04792392601832e-06,"Naive B","GPHN","down"
1.16194319034088e-24,-0.271878731495997,0.215,0.299,2.18468558647892e-20,"Naive B","CIAO1","down"
5.91816057844813e-11,-0.271858059753744,0.353,0.431,1.11273255195982e-06,"Naive B","TET2","down"
1.2461125189276e-16,-0.271610578854732,0.128,0.181,2.34294075808767e-12,"Naive B","DPP9","down"
7.05444092007401e-24,-0.271588351580021,0.151,0.216,1.32637598179232e-19,"Naive B","SLC25A39","down"
2.52728064705306e-14,-0.27127341075894,0.093,0.134,4.75179307258917e-10,"Naive B","SNX11","down"
8.87236486682605e-07,-0.271152630366941,0.103,0.136,0.0166818204226063,"Naive B","ANGPTL1","down"
4.20585828722661e-40,-0.271118528228417,0.485,0.635,7.90785475164348e-36,"Naive B","WDR83OS","down"
9.78470160684069e-09,-0.271040563992266,0.048,0.072,0.000183971959611819,"Naive B","DNAL1","down"
1.2913641575077e-22,-0.270906344416498,0.794,0.873,2.42802288894597e-18,"Naive B","MYL12A","down"
3.28526299622343e-28,-0.27087968459649,0.334,0.448,6.17695148549929e-24,"Naive B","SEM1","down"
1.41375461309948e-09,-0.270808658063684,0.065,0.093,2.65814142354965e-05,"Naive B","EDEM2","down"
1.62568621950799e-12,-0.270704075793006,0.072,0.106,3.05661522991891e-08,"Naive B","PACC1","down"
7.83018589955828e-12,-0.270620815948666,0.081,0.116,1.47223155283495e-07,"Naive B","SIDT2","down"
1.23666282461286e-45,-0.270595012686176,0.967,0.985,2.32517344283711e-41,"Naive B","HLA-E","down"
3.64629292124294e-07,-0.270558325639865,0.017,0.029,0.00685575995052097,"Naive B","ZBTB14","down"
3.53883327088076e-16,-0.270501774681078,0.131,0.184,6.65371431591001e-12,"Naive B","NAA60","down"
1.271614604647e-08,-0.270498796534306,0.058,0.083,0.000239088977965729,"Naive B","AGO1","down"
8.6774471389595e-15,-0.270379920100541,0.09,0.132,1.63153361106716e-10,"Naive B","UTP25","down"
4.97131551777531e-08,-0.27033929492546,0.035,0.053,0.000934706743652114,"Naive B","ADAT1","down"
1.1771503971779e-11,-0.270311114594733,0.148,0.197,2.21327817677388e-07,"Naive B","ASCC2","down"
1.97534982811444e-18,-0.270175898509693,0.15,0.211,3.71405274682076e-14,"Naive B","PRDX3","down"
2.80707258771938e-10,-0.270002084832289,0.06,0.089,5.27785787942997e-06,"Naive B","GLIPR2","down"
1.1938648493355e-13,-0.269986605644232,0.129,0.178,2.24470468972061e-09,"Naive B","SNX4","down"
3.63867467985207e-17,-0.26982268463758,0.095,0.138,6.84143613305786e-13,"Naive B","TAF6","down"
1.87720209861215e-26,-0.269747186627005,0.308,0.413,3.52951538581057e-22,"Naive B","TMEM9B","down"
2.45449918582419e-13,-0.269735463944792,0.093,0.134,4.61494936918663e-09,"Naive B","CROCCP2","down"
6.35810244114132e-26,-0.26973482425008,0.202,0.285,1.19545042098339e-21,"Naive B","VPS36","down"
7.78102720710087e-15,-0.269487813283138,0.091,0.133,1.46298873547911e-10,"Naive B","PEX3","down"
1.62825994511626e-28,-0.269334221573076,0.598,0.728,3.06145434880759e-24,"Naive B","COX6C","down"
4.36102905019391e-24,-0.269273602263515,0.741,0.84,8.19960682017459e-20,"Naive B","GRB2","down"
1.8648793038643e-24,-0.269269618469853,0.156,0.227,3.50634606712565e-20,"Naive B","FARSA","down"
1.25894749699987e-12,-0.2691760409642,0.049,0.075,2.36707308385916e-08,"Naive B","HDGFL2","down"
4.77748814116091e-25,-0.268987697550472,0.491,0.615,8.98263320301075e-21,"Naive B","ATP6V0B","down"
1.5040021743449e-10,-0.268942184559162,0.081,0.116,2.82782488820329e-06,"Naive B","SNAPC3","down"
2.90206615145391e-17,-0.268918166415349,0.145,0.204,5.45646477796363e-13,"Naive B","CSTPP1","down"
2.18041426274774e-06,-0.26870642807372,0.025,0.038,0.040996148968183,"Naive B","C17orf75","down"
9.50513677688954e-27,-0.268313696749031,0.208,0.294,1.78715581679077e-22,"Naive B","PURA","down"
4.41795552662319e-08,-0.268222081563666,0.077,0.108,0.000830663998115693,"Naive B","MEGF9","down"
4.04255179678883e-17,-0.268182537965921,0.07,0.107,7.60080588832237e-13,"Naive B","SNX12","down"
1.47464549590399e-22,-0.268131351749347,0.146,0.211,2.77262846139869e-18,"Naive B","RNF11","down"
1.11073953293438e-12,-0.267858807560295,0.082,0.119,2.08841246982323e-08,"Naive B","BLMH","down"
3.95188674944678e-07,-0.267522447695145,0.041,0.06,0.00743033746630983,"Naive B","PLXNA3","down"
9.00187314202756e-26,-0.267517803854132,0.23,0.319,1.69253218816402e-21,"Naive B","NSD1","down"
1.0283413882222e-30,-0.267475797293236,0.54,0.675,1.93348747813538e-26,"Naive B","GNB2","down"
7.77041144184524e-26,-0.267320677530525,0.289,0.391,1.46099275929574e-21,"Naive B","NAGK","down"
2.05998701766421e-22,-0.267300727760537,0.4,0.512,3.87318759061225e-18,"Naive B","PPP3CC","down"
3.42480510628216e-17,-0.267145694427199,0.143,0.199,6.43931856083171e-13,"Naive B","TVP23B","down"
1.25635308875156e-09,-0.26710205143804,0.042,0.066,2.36219507747069e-05,"Naive B","SLX9","down"
4.21250215653719e-10,-0.267070939509761,0.092,0.126,7.92034655472122e-06,"Naive B","SKIC8","down"
7.74486474011174e-16,-0.267043330613946,0.099,0.143,1.45618946843581e-11,"Naive B","SURF6","down"
1.79429598212066e-17,-0.267015621011834,0.573,0.677,3.37363530558326e-13,"Naive B","ORAI2","down"
6.24011214528538e-16,-0.266974903558391,0.109,0.156,1.17326588555656e-11,"Naive B","KMT5A","down"
7.35039401431768e-15,-0.266945244384519,0.097,0.138,1.38202108257201e-10,"Naive B","CTU1","down"
2.26754492057488e-15,-0.266940701617128,0.623,0.717,4.26343795966489e-11,"Naive B","WSB1","down"
8.93071871263045e-17,-0.266813867541375,0.346,0.44,1.67915373234878e-12,"Naive B","SSB","down"
3.76609629204927e-18,-0.266785125177225,0.432,0.538,7.08101424831104e-14,"Naive B","NAA50","down"
3.80649081232657e-07,-0.266758349602271,0.034,0.05,0.00715696402533642,"Naive B","MTPAP","down"
1.25936567742304e-12,-0.266715696732094,0.069,0.102,2.36785934669081e-08,"Naive B","CINP","down"
8.41559147174385e-35,-0.266633967034022,0.297,0.41,1.58229950851728e-30,"Naive B","OGFR","down"
8.10964638384044e-08,-0.266475038328875,0.021,0.035,0.00152477571308968,"Naive B","TEX22","down"
8.46892627983056e-22,-0.266205349200542,0.374,0.481,1.59232751913374e-17,"Naive B","PEBP1","down"
9.2684028897083e-11,-0.266201804766428,0.08,0.113,1.74264511132296e-06,"Naive B","UQCC4","down"
8.97818566465032e-12,-0.266183105557438,0.419,0.504,1.68807846866755e-07,"Naive B","MALT1","down"
1.53160222656072e-16,-0.266160585404297,0.134,0.187,2.87971850637947e-12,"Naive B","MTG1","down"
1.45695612617674e-08,-0.266043745396744,0.053,0.076,0.00027393689084375,"Naive B","TMEM185B","down"
6.94759379462025e-09,-0.265806402837045,0.066,0.092,0.00013062865852645,"Naive B","C2orf69","down"
2.82240365007544e-19,-0.265694591846657,0.639,0.743,5.30668334287185e-15,"Naive B","UBE2I","down"
1.59627180411906e-28,-0.265686369169506,0.181,0.263,3.00131024610466e-24,"Naive B","COA4","down"
1.10191178400003e-10,-0.265680268782354,0.26,0.327,2.07181453627686e-06,"Naive B","WDR43","down"
3.78054717149199e-09,-0.265413413046589,0.046,0.067,7.10818479183924e-05,"Naive B","CAPN15","down"
1.13746094420081e-15,-0.265340955911757,0.088,0.13,2.13865406728635e-11,"Naive B","MTRR","down"
2.20863822929159e-13,-0.265133937090338,0.099,0.142,4.15268159871404e-09,"Naive B","GCLM","down"
3.37810427709262e-18,-0.265023985176605,0.125,0.179,6.35151166178954e-14,"Naive B","DDX1","down"
1.20543240760349e-22,-0.26501719177783,0.209,0.289,2.26645401277608e-18,"Naive B","ENSG00000291136","down"
2.10013509283442e-11,-0.265004082137538,0.11,0.151,3.94867400154728e-07,"Naive B","ENSG00000290832","down"
1.03435209524157e-08,-0.264999739868139,0.111,0.15,0.00019447888094732,"Naive B","ZNF33B","down"
1.35003002744426e-13,-0.264963889721788,0.124,0.172,2.53832645760069e-09,"Naive B","VPS35L","down"
4.53715435849727e-07,-0.264932090501249,0.026,0.041,0.00853075762484657,"Naive B","GLIDR","down"
8.36299568917539e-13,-0.264919302748072,0.64,0.724,1.57241044947876e-08,"Naive B","SERPINB9","down"
4.13157085031858e-17,-0.264893967908524,0.096,0.141,7.76817951276899e-13,"Naive B","TPGS2","down"
2.20637437856448e-21,-0.264751790110005,0.292,0.386,4.14842510657693e-17,"Naive B","CDC40","down"
6.02625936264311e-14,-0.26473605030923,0.145,0.2,1.13305728536416e-09,"Naive B","SLC25A24","down"
1.79218380936429e-14,-0.264676248490904,0.102,0.144,3.36966399836674e-10,"Naive B","RUVBL1","down"
2.91896407296664e-13,-0.264596116710869,0.175,0.235,5.48823624999188e-09,"Naive B","TBCK","down"
2.41695886047939e-13,-0.264486625223869,0.14,0.195,4.54436604947334e-09,"Naive B","AKAP10","down"
1.42408637988649e-20,-0.264196220540557,0.163,0.229,2.67756721146258e-16,"Naive B","CSNK1G1","down"
9.38912156181125e-19,-0.263882572281879,0.658,0.759,1.76534263605175e-14,"Naive B","GDI2","down"
1.9544662048641e-20,-0.263836322300731,0.375,0.479,3.67478735838548e-16,"Naive B","C1QBP","down"
1.33383209539178e-07,-0.263675032332794,0.055,0.079,0.00250787110575563,"Naive B","PRR3","down"
1.15950927395037e-08,-0.263627377016779,0.092,0.126,0.000218010933688149,"Naive B","GALNT11","down"
4.56385942699827e-19,-0.263471459725859,0.098,0.147,8.58096849464215e-15,"Naive B","TTC13","down"
1.80523007114856e-17,-0.263332543433288,0.101,0.147,3.39419357977351e-13,"Naive B","TBC1D10B","down"
2.419606774348e-07,-0.263265246015509,0.035,0.052,0.0045493446571291,"Naive B","ENSG00000291220","down"
4.26394085309483e-11,-0.262964974731434,0.045,0.068,8.01706159198889e-07,"Naive B","PUS1","down"
5.24589479669065e-17,-0.262746286621751,0.122,0.173,9.86333139673777e-13,"Naive B","GNL3L","down"
9.72048578885195e-10,-0.262680574662812,0.128,0.17,1.82764573801994e-05,"Naive B","RMND5B","down"
9.09596810243684e-08,-0.262544956800079,0.029,0.045,0.00171022392262017,"Naive B","SLC29A3","down"
2.22926866824734e-18,-0.262461957742028,0.083,0.126,4.19147095003866e-14,"Naive B","CRTAP","down"
2.31261952110243e-15,-0.262327257561213,0.095,0.137,4.34818722357679e-11,"Naive B","COMMD9","down"
2.53947418530238e-10,-0.262254461674414,0.083,0.115,4.77471936320553e-06,"Naive B","COPS7B","down"
5.89288869247099e-21,-0.261969874842284,0.083,0.126,1.1079809319584e-16,"Naive B","TTC4","down"
2.22462967078155e-19,-0.261963518572085,0.133,0.192,4.18274870700347e-15,"Naive B","RPRD1A","down"
6.55256890784734e-17,-0.261955176661589,0.283,0.369,1.23201400605346e-12,"Naive B","GIT2","down"
1.93095414677704e-11,-0.261676586015935,0.063,0.093,3.63057998677019e-07,"Naive B","AMMECR1L","down"
1.42523313278608e-06,-0.261672089977609,0.044,0.063,0.0267972333626438,"Naive B","SSH1","down"
4.29489893627e-30,-0.261653833050432,0.899,0.947,8.07526897997485e-26,"Naive B","ARPC2","down"
6.6490463096887e-19,-0.261452398542359,0.207,0.284,1.25015368714767e-14,"Naive B","RPS6KC1","down"
2.376035502186e-15,-0.261448536977642,0.104,0.148,4.46742195121013e-11,"Naive B","STAU2","down"
2.21721422142614e-07,-0.261429141024376,0.038,0.056,0.00416880617912543,"Naive B","KCTD2","down"
5.6906279295148e-21,-0.261363053676329,0.191,0.265,1.06995186330737e-16,"Naive B","AEBP2","down"
4.01656632156862e-13,-0.261277848524065,0.064,0.098,7.55194799781333e-09,"Naive B","ANKRD36B","down"
2.17078550231018e-11,-0.261165539036007,0.096,0.134,4.08151090144361e-07,"Naive B","TCEA2","down"
7.4132015498277e-27,-0.261112210342948,0.169,0.243,1.3938301553986e-22,"Naive B","TMEM147","down"
9.78872073395223e-32,-0.261064297337745,0.479,0.614,1.8404752723977e-27,"Naive B","SSU72","down"
1.60130547605554e-13,-0.260967812026545,0.077,0.112,3.01077455607963e-09,"Naive B","ERI3","down"
2.38463800259134e-06,-0.260850694098742,0.046,0.066,0.0448359637247224,"Naive B","TSNARE1","down"
5.58475345938513e-22,-0.260707249530302,0.171,0.241,1.05004534543359e-17,"Naive B","NDUFAF8","down"
2.19234779238953e-13,-0.260677010033301,0.041,0.065,4.12205231925079e-09,"Naive B","VPS52","down"
2.37309680939762e-09,-0.260652716758367,0.058,0.085,4.46189662102941e-05,"Naive B","SMG9","down"
5.00533024021108e-17,-0.260636921658672,0.185,0.26,9.41102191764488e-13,"Naive B","MIR23AHG","down"
2.27147658441538e-20,-0.260381025176306,0.086,0.133,4.27083027401779e-16,"Naive B","LCMT1","down"
6.07202914134387e-16,-0.260228062816536,0.139,0.194,1.14166291915547e-11,"Naive B","WDR37","down"
2.62676025353505e-09,-0.260159027167683,0.074,0.104,4.93883462869661e-05,"Naive B","ZNF780B","down"
1.59890236630909e-19,-0.260045480653959,0.726,0.817,3.00625622913435e-15,"Naive B","SEC61B","down"
2.38636349591097e-11,-0.25997839008504,0.067,0.096,4.48684064501181e-07,"Naive B","MAK16","down"
2.13959139104248e-15,-0.259931896142854,0.135,0.187,4.02285973343807e-11,"Naive B","SYMPK","down"
2.28060556876597e-17,-0.259742050807035,0.663,0.759,4.28799459039378e-13,"Naive B","ALDOA","down"
2.61348453697975e-10,-0.259467688699634,0.107,0.148,4.91387362642933e-06,"Naive B","ZBTB18","down"
2.32954570563942e-21,-0.259439283849721,0.318,0.417,4.38001183574324e-17,"Naive B","AMZ2","down"
3.21534787976041e-29,-0.25939790922244,0.16,0.235,6.04549708352553e-25,"Naive B","TRIM27","down"
8.50701912054807e-17,-0.259345797532122,0.18,0.246,1.59948973504545e-12,"Naive B","PHF14","down"
4.87310354470745e-23,-0.259095613456482,0.375,0.485,9.16240928475895e-19,"Naive B","ELK3","down"
6.27380700022647e-07,-0.258922735780402,0.022,0.035,0.0117960119218258,"Naive B","ISOC2","down"
2.71156755372896e-21,-0.25879232531725,0.295,0.39,5.09828931452119e-17,"Naive B","REST","down"
5.80981422310484e-17,-0.258706676912147,0.114,0.163,1.09236127022817e-12,"Naive B","GOLGA3","down"
8.47926358512215e-09,-0.258700473528304,0.089,0.121,0.000159427113927467,"Naive B","KANSL3","down"
7.40288672453571e-18,-0.258665326594406,0.247,0.325,1.3918907619472e-13,"Naive B","ADD3","down"
1.1539471176902e-15,-0.258619485109119,0.14,0.195,2.16965137068112e-11,"Naive B","EDEM3","down"
2.00096171625997e-19,-0.258581098434427,0.066,0.104,3.76220821891199e-15,"Naive B","AGA","down"
1.51696885297152e-21,-0.258537098286838,0.245,0.328,2.85220483735705e-17,"Naive B","ARHGAP4","down"
8.10538587623109e-22,-0.258536762404406,0.121,0.178,1.52397465244897e-17,"Naive B","VPS33A","down"
7.29947525042488e-13,-0.258356890168936,0.172,0.228,1.37244733658489e-08,"Naive B","EZH1","down"
1.72417397109399e-06,-0.258130907654999,0.036,0.052,0.0324179190045092,"Naive B","ZCCHC4","down"
2.28648995979729e-08,-0.258129491723597,0.044,0.065,0.000429905842241086,"Naive B","CCDC86","down"
3.98622692666739e-30,-0.258128538058181,0.333,0.446,7.49490386752003e-26,"Naive B","TRAPPC1","down"
7.12213415448077e-09,-0.258085077056279,0.062,0.087,0.000133910366372547,"Naive B","TYW5","down"
1.10597441417864e-21,-0.258074924670243,0.504,0.619,2.07945309353868e-17,"Naive B","CNPPD1","down"
2.36068516262414e-06,-0.258060235304632,0.021,0.033,0.0443856024276591,"Naive B","WDCP","down"
5.82316008618807e-10,-0.258033543215966,0.081,0.113,1.09487055940508e-05,"Naive B","KIF27","down"
5.43961909115874e-22,-0.257864512525583,0.374,0.481,1.02275718151967e-17,"Naive B","CSK","down"
8.91659100338429e-16,-0.2575601404021,0.112,0.16,1.67649744045631e-11,"Naive B","DDX19B","down"
2.44028591417271e-17,-0.257399249029829,0.074,0.113,4.58822557582753e-13,"Naive B","SPATA2L","down"
2.82806571952986e-12,-0.257344174219662,0.085,0.123,5.31732916586004e-08,"Naive B","CALU","down"
2.65882278691664e-25,-0.25733806090995,0.266,0.358,4.99911860396067e-21,"Naive B","TMUB1","down"
7.90841061502477e-22,-0.257288086274194,0.244,0.331,1.48693936383696e-17,"Naive B","ZNG1E","down"
2.6349860068793e-27,-0.257261306205766,0.12,0.183,4.95430069013447e-23,"Naive B","UBALD1","down"
7.39153502993449e-19,-0.256974071873624,0.123,0.175,1.38975641632828e-14,"Naive B","FAM199X","down"
1.36476792432324e-28,-0.256963543845344,0.221,0.313,2.56603665131256e-24,"Naive B","MRPL15","down"
1.24201118655257e-14,-0.256847512790368,0.116,0.161,2.33522943295615e-10,"Naive B","SMG5","down"
6.94140636738628e-07,-0.256811841611385,0.042,0.06,0.0130512322519597,"Naive B","JOSD2","down"
6.57900419687909e-21,-0.256795668746464,0.179,0.249,1.23698436909721e-16,"Naive B","VPS13D","down"
1.74443152719512e-07,-0.256791603174964,0.046,0.066,0.00327988015743227,"Naive B","TTC31","down"
4.25968667702128e-11,-0.256682136967302,0.068,0.099,8.0090628901354e-07,"Naive B","AK3","down"
2.37027456050527e-06,-0.256669439447211,0.035,0.051,0.0445659022866201,"Naive B","DHX34","down"
4.05764134522142e-14,-0.256643913051457,0.091,0.131,7.62917725728531e-10,"Naive B","ZRANB3","down"
1.82614786046084e-08,-0.256357243706097,0.047,0.068,0.000343352320723848,"Naive B","ETHE1","down"
2.91537193588584e-19,-0.25618152983326,0.174,0.239,5.48148231385256e-15,"Naive B","PPP2R5A","down"
9.43035162620125e-30,-0.256178006132616,0.205,0.294,1.77309471275836e-25,"Naive B","TTC1","down"
1.44487003905651e-23,-0.256166535379076,0.148,0.211,2.71664464743406e-19,"Naive B","MRPL36","down"
1.32204677911272e-10,-0.255904561442013,0.137,0.182,2.48571235408774e-06,"Naive B","ANKRD49","down"
1.67838683526785e-18,-0.255565892781288,0.167,0.232,3.1557029276706e-14,"Naive B","SYNE3","down"
1.15817272843891e-12,-0.255558083249045,0.063,0.092,2.17759636401083e-08,"Naive B","FDX2","down"
5.71869009210192e-21,-0.255300426453337,0.155,0.219,1.075228111117e-16,"Naive B","EBNA1BP2","down"
5.07958316642061e-16,-0.255202957744645,0.097,0.14,9.55063226950403e-12,"Naive B","TRMT11","down"
9.64334865448033e-12,-0.255171177385374,0.129,0.176,1.81314241401539e-07,"Naive B","TSR1","down"
1.38301123737359e-22,-0.254716780834855,0.603,0.719,2.60033772850983e-18,"Naive B","CAPZB","down"
1.2564334376351e-19,-0.254679342294314,0.104,0.152,2.36234614944151e-15,"Naive B","CTDP1","down"
9.0489120944624e-21,-0.254616606471713,0.164,0.229,1.70137645200082e-16,"Naive B","NFATC2IP","down"
4.50700845122174e-09,-0.254567403327208,0.071,0.099,8.47407728998712e-05,"Naive B","RABL3","down"
1.23258949353762e-17,-0.254308256885487,0.13,0.183,2.31751476574942e-13,"Naive B","TMED8","down"
4.8194030738389e-20,-0.254270516723411,0.201,0.274,9.0614416594319e-16,"Naive B","TAP2","down"
2.90426566287073e-18,-0.254222611152409,0.134,0.188,5.46060029932954e-14,"Naive B","FASTKD2","down"
1.67175049624395e-17,-0.254200867634211,0.346,0.441,3.14322528303787e-13,"Naive B","SREBF2","down"
3.46968693117697e-18,-0.254128607436197,0.352,0.45,6.52370536799894e-14,"Naive B","SMC6","down"
7.36489347714165e-10,-0.254040267608368,0.353,0.427,1.38474727157217e-05,"Naive B","SPTBN1","down"
6.49149829151733e-09,-0.253650012848792,0.076,0.106,0.000122053150877109,"Naive B","CHIC1","down"
6.55439444500272e-18,-0.253473052446833,0.073,0.111,1.23235724354941e-13,"Naive B","POLR1B","down"
8.73590722020388e-17,-0.253293599827568,0.162,0.222,1.64252527554273e-12,"Naive B","GNPTG","down"
9.13638272055968e-07,-0.253259547460255,0.052,0.072,0.0171782267911963,"Naive B","SCAI","down"
4.6779004265557e-22,-0.253212099974902,0.259,0.348,8.79538838201003e-18,"Naive B","IWS1","down"
1.43466864655197e-10,-0.253189655810544,0.115,0.157,2.69746398924701e-06,"Naive B","CCDC191","down"
9.39329131361763e-19,-0.253137821038407,0.193,0.261,1.76612663278639e-14,"Naive B","DIDO1","down"
5.14125094209141e-13,-0.253026415335188,0.511,0.601,9.66658002132027e-09,"Naive B","NOP58","down"
2.08002356456157e-15,-0.253008776725981,0.144,0.197,3.91086030608866e-11,"Naive B","NDUFS4","down"
1.76617084598135e-15,-0.252943975616266,0.121,0.171,3.32075442461413e-11,"Naive B","ANKMY1","down"
3.08446601384692e-18,-0.252763624820481,0.104,0.153,5.79941299923499e-14,"Naive B","SLC39A6","down"
2.97718865530916e-07,-0.252734938393147,0.046,0.066,0.00559771010971229,"Naive B","MRPL35","down"
2.84960573523013e-09,-0.252662126891614,0.112,0.148,5.35782870337969e-05,"Naive B","SPIN1","down"
5.08703536249201e-10,-0.252585422200553,0.064,0.091,9.56464388855747e-06,"Naive B","NAGPA","down"
7.83804927312672e-19,-0.25256722622272,0.104,0.152,1.47371002433329e-14,"Naive B","NAT10","down"
1.45216648285202e-25,-0.252538836583379,0.201,0.283,2.73036342105837e-21,"Naive B","OPA1","down"
5.6153440774054e-19,-0.252436070213722,0.161,0.221,1.05579699343376e-14,"Naive B","RABIF","down"
3.03774846526661e-18,-0.252355949232263,0.118,0.17,5.71157466439428e-14,"Naive B","TRIM56","down"
5.34443370377545e-08,-0.252272824825279,0.067,0.095,0.00100486042498386,"Naive B","ZMAT3","down"
1.67411839637249e-17,-0.252258081961434,0.21,0.281,3.14767740885955e-13,"Naive B","SLK","down"
2.61681227370025e-07,-0.252155451485569,0.068,0.094,0.00492013043701121,"Naive B","BMAL1","down"
1.96621537589847e-10,-0.252096349092901,0.029,0.047,3.6968781497643e-06,"Naive B","RPP14","down"
3.88315851647653e-16,-0.252012006731368,0.15,0.204,7.30111464267917e-12,"Naive B","IFT25","down"
2.27623673603464e-17,-0.251908146127848,0.292,0.377,4.27978031109233e-13,"Naive B","NOTCH2","down"
6.29410704391279e-21,-0.251865001314357,0.148,0.211,1.18341800639648e-16,"Naive B","EGLN1","down"
2.22296025999782e-08,-0.251661193733095,0.034,0.053,0.00041796098808479,"Naive B","GNPNAT1","down"
3.53274152585515e-12,-0.251366517122966,0.329,0.409,6.64226061691286e-08,"Naive B","TUBA1C","down"
3.93390119242327e-21,-0.251362215376252,0.259,0.347,7.39652102199423e-17,"Naive B","RNF5","down"
3.05363339689027e-12,-0.251349979823622,0.066,0.095,5.74144151283308e-08,"Naive B","CHMP6","down"
3.47216484883609e-21,-0.251326184041239,0.206,0.282,6.52836434878162e-17,"Naive B","CCDC85B","down"
1.80534266376564e-16,-0.251146492974733,0.114,0.16,3.39440527641215e-12,"Naive B","ZGPAT","down"
2.48897752574626e-12,-0.251098946210093,0.057,0.087,4.67977554390812e-08,"Naive B","PLIN3","down"
4.72881687152753e-19,-0.250957028126387,0.157,0.221,8.89112148184607e-15,"Naive B","ISG20L2","down"
5.55072484212323e-08,-0.250837423204518,0.027,0.041,0.00104364728481601,"Naive B","ZSCAN22","down"
1.5384359078642e-25,-0.250776265122259,0.275,0.373,2.89256719396627e-21,"Naive B","RTN3","down"
4.22975649920852e-07,-0.250707721875432,0.037,0.054,0.00795278816981185,"Naive B","NLE1","down"
5.13014066877735e-11,-0.250660372045378,0.103,0.141,9.64569048543518e-07,"Naive B","TMEM267","down"
3.69266184479859e-21,-0.250640979604822,0.374,0.478,6.94294280059031e-17,"Naive B","SMARCC1","down"
2.89953071621989e-13,-0.250607621351643,0.037,0.06,5.45169765263664e-09,"Naive B","ENPP4","down"
2.53770050872111e-09,-0.25054152694366,0.052,0.076,4.77138449649743e-05,"Naive B","SRRD","down"
1.80043603671486e-07,-0.250521512574558,0.029,0.044,0.00338517983623128,"Naive B","LLGL2","down"
1.75343831023669e-17,-0.25048331469039,0.736,0.822,3.29681471090703e-13,"Naive B","PTPRCAP","down"
2.35567592702464e-15,-0.25043605873457,0.1,0.144,4.42914187799173e-11,"Naive B","PEX14","down"
2.36188291093982e-30,-0.250347166792655,0.28,0.384,4.44081224914905e-26,"Naive B","HSBP1","down"
1.91899769909982e-22,-8.80472222458974,0,0.045,3.60809947384748e-18,"Intermediate B (HLA-G+)","IGHV4-31","down"
4.00686596299231e-17,-6.39426497841399,0,0.034,7.53370938361815e-13,"Intermediate B (HLA-G+)","ENSG00000263551","down"
1.30418230092817e-15,-6.09904061569817,0,0.031,2.45212356220514e-11,"Intermediate B (HLA-G+)","ZDHHC19","down"
1.94908314705999e-14,-5.64663760859256,0,0.028,3.66466613310219e-10,"Intermediate B (HLA-G+)","HLA-DRB6","down"
6.39178076656891e-11,-5.52614510288879,0,0.021,1.20178261973029e-06,"Intermediate B (HLA-G+)","NIPAL2","down"
3.67535882248011e-08,-5.42177547366173,0,0.015,0.00069104096580271,"Intermediate B (HLA-G+)","ID1","down"
7.80818782498473e-10,-5.20348910702348,0,0.018,1.46809547485363e-05,"Intermediate B (HLA-G+)","LCN8","down"
2.71062547546577e-13,-4.95826237772143,0.001,0.031,5.09651801897074e-09,"Intermediate B (HLA-G+)","XIST","down"
1.17841502521926e-38,-4.40943644883822,0.004,0.098,2.21565593041725e-34,"Intermediate B (HLA-G+)","DSP","down"
1.07538268525582e-28,-4.27238275388738,0.005,0.079,2.021934524818e-24,"Intermediate B (HLA-G+)","IGHV3-30","down"
2.0786339240968e-07,-3.96803291348863,0.002,0.02,0.00390824750408681,"Intermediate B (HLA-G+)","WDR86","down"
4.4024649628606e-09,-3.82599928131376,0.002,0.025,8.27751462317051e-05,"Intermediate B (HLA-G+)","CNTNAP2","down"
1.33433486489228e-17,-3.7575132143219,0.09,0.156,2.50881641297046e-13,"Intermediate B (HLA-G+)","HSPA1A","down"
1.30792322429067e-20,-3.7278900839552,0.101,0.179,2.45915724631132e-16,"Intermediate B (HLA-G+)","HSPA1B","down"
6.69716754787343e-07,-3.72354236038187,0.003,0.021,0.0125920144235116,"Intermediate B (HLA-G+)","CST7","down"
1.02933197173094e-11,-3.70335059699595,0.004,0.037,1.93534997324852e-07,"Intermediate B (HLA-G+)","NKG7","down"
9.29606980608412e-22,-3.3153015398264,0.012,0.078,1.74784704493994e-17,"Intermediate B (HLA-G+)","RGPD2","down"
1.26757524199353e-16,-3.23495403416552,0.005,0.052,2.38329496999624e-12,"Intermediate B (HLA-G+)","CTH","down"
8.95222473646325e-22,-3.07259528292897,0.14,0.235,1.68319729494982e-17,"Intermediate B (HLA-G+)","DNAJB1","down"
2.93502410589923e-07,-3.03949186222682,0.003,0.024,0.00551843232391174,"Intermediate B (HLA-G+)","NCS1","down"
9.30532417681355e-08,-2.91313393686851,0.003,0.026,0.00174958705172448,"Intermediate B (HLA-G+)","NRCAM","down"
5.96460971333832e-07,-2.91271618889483,0.004,0.025,0.0112146591830187,"Intermediate B (HLA-G+)","ENSG00000273702","down"
8.19467710306678e-10,-2.84151615283763,0.009,0.04,1.54076318891862e-05,"Intermediate B (HLA-G+)","ENSG00000289340","down"
1.09116931603637e-08,-2.79559987324354,0.008,0.038,0.000205161654801159,"Intermediate B (HLA-G+)","RRAD","down"
2.23575638197532e-22,-2.79523002446173,0.016,0.089,4.20366914939e-18,"Intermediate B (HLA-G+)","ENSG00000224610","down"
1.61692785107558e-07,-2.7609381014049,0.006,0.03,0.0030401477455923,"Intermediate B (HLA-G+)","RND1","down"
2.0783436374506e-15,-2.75856395119786,0.025,0.084,3.90770170713462e-11,"Intermediate B (HLA-G+)","TNFSF9","down"
2.48962602606249e-42,-2.75530005857613,0.184,0.319,4.68099485420269e-38,"Intermediate B (HLA-G+)","ENSG00000235979","down"
8.65197554744103e-10,-2.74673806675632,0.007,0.039,1.62674444242986e-05,"Intermediate B (HLA-G+)","IL7R","down"
2.96433762500802e-25,-2.70433424906426,0.023,0.107,5.57354760254008e-21,"Intermediate B (HLA-G+)","FOSL2","down"
4.47508457419073e-204,-2.68503525036519,0.216,0.661,8.4140540163934e-200,"Intermediate B (HLA-G+)","HLA-DRB5","down"
1.58882987777909e-07,-2.68018536102073,0.008,0.034,0.00298731793620025,"Intermediate B (HLA-G+)","LINC02416","down"
9.99099246933381e-08,-2.67261112504376,0.003,0.026,0.00187850640408414,"Intermediate B (HLA-G+)","CD274","down"
5.5228729946134e-07,-2.63508717767598,0.003,0.024,0.0103841058044721,"Intermediate B (HLA-G+)","ENSG00000288999","down"
3.00248780440966e-19,-2.61599753547624,0.228,0.322,5.64527756985105e-15,"Intermediate B (HLA-G+)","FOS","down"
1.54140891804147e-07,-2.59868481397377,0.007,0.033,0.00289815704770158,"Intermediate B (HLA-G+)","ID2","down"
3.34003457649603e-21,-2.59073429732458,0.025,0.103,6.27993301072784e-17,"Intermediate B (HLA-G+)","NRARP","down"
1.56119037958296e-11,-2.45722730112246,0.01,0.05,2.93535015169189e-07,"Intermediate B (HLA-G+)","GEM","down"
5.21710317064109e-27,-2.44048770929326,0.031,0.13,9.80919738143937e-23,"Intermediate B (HLA-G+)","HES4","down"
3.1340872950118e-07,-2.38858129287118,0.003,0.022,0.00589271093208119,"Intermediate B (HLA-G+)","NOTCH2NLR","down"
8.52564352660428e-42,-2.38163252830288,0.125,0.288,1.60299149587214e-37,"Intermediate B (HLA-G+)","DUSP2","down"
7.71746340678567e-86,-2.37410600315771,0.16,0.435,1.45103746974384e-81,"Intermediate B (HLA-G+)","ZNF331","down"
6.0803323538657e-09,-2.36544667779455,0.01,0.043,0.000114322408917383,"Intermediate B (HLA-G+)","ENSG00000289298","down"
7.22448290535897e-67,-2.36520278590468,0.246,0.466,1.35834727586559e-62,"Intermediate B (HLA-G+)","NR4A2","down"
1.21087576836842e-19,-2.33934428767683,0.019,0.089,2.2766886196863e-15,"Intermediate B (HLA-G+)","ENSG00000284977","down"
1.18250690673043e-09,-2.33204263603512,0.01,0.044,2.22334948603456e-05,"Intermediate B (HLA-G+)","GNG4","down"
4.9844280954289e-10,-2.31153427117944,0.005,0.035,9.37172170502542e-06,"Intermediate B (HLA-G+)","NMRAL1","down"
1.09562511171802e-06,-2.29754268859904,0.01,0.035,0.0205999433505222,"Intermediate B (HLA-G+)","ENSG00000287070","down"
6.88019559112629e-08,-2.28493353324119,0.007,0.034,0.00129361437504356,"Intermediate B (HLA-G+)","ENSG00000290013","down"
1.07015607365876e-70,-2.27163262194705,0.105,0.345,2.01210744969319e-66,"Intermediate B (HLA-G+)","DUSP5","down"
1.37013940482419e-25,-2.25494325235499,0.03,0.125,2.57613610895044e-21,"Intermediate B (HLA-G+)","STX17-DT","down"
1.55618524131334e-10,-2.13426066352503,0.017,0.06,2.92593949071734e-06,"Intermediate B (HLA-G+)","HSPA2","down"
1.96726946152287e-07,-2.12790802521105,0.004,0.026,0.0036988600415553,"Intermediate B (HLA-G+)","COL1A1","down"
1.95678440775617e-09,-2.11342432132545,0.011,0.046,3.67914604346315e-05,"Intermediate B (HLA-G+)","NFIL3","down"
1.51529026439846e-39,-2.11195833257546,0.235,0.405,2.84904875512198e-35,"Intermediate B (HLA-G+)","GADD45B","down"
1.79435862440871e-07,-2.1056532025848,0.011,0.04,0.00337375308561327,"Intermediate B (HLA-G+)","MACC1","down"
9.84336175736651e-58,-2.09449057216203,0.13,0.345,1.85074887762005e-53,"Intermediate B (HLA-G+)","NR4A3","down"
3.04742565169235e-08,-2.09358494514432,0.025,0.063,0.000572976971031195,"Intermediate B (HLA-G+)","BAG3","down"
7.52211766968412e-26,-2.06709057149497,0.037,0.137,1.41430856425401e-21,"Intermediate B (HLA-G+)","IKZF2","down"
7.64603162316422e-23,-2.03995668905694,0.051,0.148,1.43760686578734e-18,"Intermediate B (HLA-G+)","CD86","down"
3.12626456326413e-17,-2.03279530664325,0.032,0.102,5.87800263184921e-13,"Intermediate B (HLA-G+)","CBX4","down"
3.33571705203725e-07,-2.02901355716407,0.009,0.035,0.00627181520124043,"Intermediate B (HLA-G+)","RGS9","down"
2.2084985384296e-06,-2.0274964478279,0.002,0.015,0.0415241895195534,"Intermediate B (HLA-G+)","F8A3","down"
1.17093828292494e-11,-2.00736392135708,0.022,0.071,2.20159815955548e-07,"Intermediate B (HLA-G+)","MAML3","down"
3.96563021249072e-15,-2.00267677348419,0.039,0.109,7.45617792552506e-11,"Intermediate B (HLA-G+)","EGR1","down"
8.14387546414657e-26,-1.99043408086861,0.193,0.304,1.53121146476884e-21,"Intermediate B (HLA-G+)","FOSB","down"
1.12551939451434e-12,-1.94040415032172,0.023,0.077,2.11620156556585e-08,"Intermediate B (HLA-G+)","EGR3","down"
1.40911180492755e-15,-1.93257499346966,0.029,0.096,2.64941201562478e-11,"Intermediate B (HLA-G+)","CD9","down"
1.25721486849166e-27,-1.92016671237425,0.122,0.251,2.36381539573802e-23,"Intermediate B (HLA-G+)","CKS2","down"
1.04724038111226e-15,-1.9179122141983,0.083,0.165,1.96902136456727e-11,"Intermediate B (HLA-G+)","PLEK","down"
1.77500375372571e-06,-1.90630478016289,0.015,0.042,0.0333736205775507,"Intermediate B (HLA-G+)","ENSG00000289872","down"
1.89619992428299e-06,-1.88294811669969,0.008,0.031,0.0356523509763687,"Intermediate B (HLA-G+)","MDGA1","down"
1.41118115071091e-06,-1.87707093344068,0.016,0.042,0.0265330279956665,"Intermediate B (HLA-G+)","RTN4R","down"
6.32018407861964e-08,-1.76968787274323,0.019,0.054,0.00118832101046207,"Intermediate B (HLA-G+)","FGFR1","down"
2.03112307884904e-06,-1.76432449045454,0.003,0.021,0.0381891761285197,"Intermediate B (HLA-G+)","ST8SIA1","down"
1.56599909161906e-12,-1.76199486939927,0.036,0.095,2.94439149206216e-08,"Intermediate B (HLA-G+)","CDK6","down"
1.79729363039599e-06,-1.75755824471826,0.014,0.042,0.0337927148387054,"Intermediate B (HLA-G+)","MAFF","down"
5.91345014495739e-14,-1.74133651934329,0.041,0.107,1.11184689625489e-09,"Intermediate B (HLA-G+)","GADD45A","down"
3.89367567194531e-15,-1.73643814049424,0.162,0.235,7.32088899839156e-11,"Intermediate B (HLA-G+)","HSPB1","down"
4.41103771355274e-12,-1.71196094602066,0.029,0.083,8.29363310902187e-08,"Intermediate B (HLA-G+)","NR4A1AS","down"
8.44921455029866e-14,-1.70874107096757,0.03,0.092,1.58862131974715e-09,"Intermediate B (HLA-G+)","PHLDB3","down"
8.42264352961358e-32,-1.70097437812064,0.252,0.391,1.58362543643795e-27,"Intermediate B (HLA-G+)","CHMP1B","down"
2.04326333679863e-78,-1.68915687153298,0.34,0.589,3.84174372584879e-74,"Intermediate B (HLA-G+)","LY9","down"
9.72677024234532e-70,-1.65949489767485,0.255,0.501,1.82882734096577e-65,"Intermediate B (HLA-G+)","ELL2","down"
2.51090556637487e-13,-1.65306541248863,0.025,0.082,4.72100464589803e-09,"Intermediate B (HLA-G+)","CNN3","down"
1.15070650802765e-08,-1.64809507961495,0.023,0.063,0.000216355837639359,"Intermediate B (HLA-G+)","PHLDB2","down"
8.70081626232226e-27,-1.63767101659279,0.089,0.214,1.63592747364183e-22,"Intermediate B (HLA-G+)","PER1","down"
1.56676744827492e-25,-1.62847359396162,0.089,0.211,2.94583615624651e-21,"Intermediate B (HLA-G+)","IGFBP4","down"
9.87094609508906e-25,-1.59649653319708,0.085,0.204,1.85593528479865e-20,"Intermediate B (HLA-G+)","NINJ1","down"
4.31674600838096e-09,-1.57616996918122,0.037,0.081,8.11634584495788e-05,"Intermediate B (HLA-G+)","TOX2","down"
2.01614698241833e-09,-1.57143280943373,0.013,0.047,3.79075955634294e-05,"Intermediate B (HLA-G+)","ENSG00000285756","down"
1.8466028107413e-06,-1.56894240320036,0.02,0.051,0.0347198260475578,"Intermediate B (HLA-G+)","DTX1","down"
2.88994496509283e-49,-1.56338079092758,0.142,0.348,5.43367452336755e-45,"Intermediate B (HLA-G+)","GPX1","down"
9.9722453415897e-08,-1.54602815831945,0.035,0.077,0.0018749815691257,"Intermediate B (HLA-G+)","ENSG00000289341","down"
3.74348338398819e-09,-1.54428847984484,0.027,0.071,7.03849745857459e-05,"Intermediate B (HLA-G+)","CD38","down"
4.61356859599486e-09,-1.54264664580392,0.032,0.079,8.67443167418954e-05,"Intermediate B (HLA-G+)","TBC1D22A-DT","down"
1.08255163291316e-06,-1.52003862371569,0.011,0.038,0.0203541358020332,"Intermediate B (HLA-G+)","NAV2","down"
5.30323196104398e-09,-1.50596156535941,0.023,0.066,9.97113673315489e-05,"Intermediate B (HLA-G+)","MREG","down"
4.22054136008559e-21,-1.4994467816177,0.059,0.159,7.93546186523293e-17,"Intermediate B (HLA-G+)","NBPF26","down"
4.74367865410149e-18,-1.49891797326446,0.062,0.152,8.91906460544162e-14,"Intermediate B (HLA-G+)","FCRL5","down"
8.71706323258019e-09,-1.49681269537378,0.036,0.082,0.000163898222898973,"Intermediate B (HLA-G+)","IL3RA","down"
1.41264859956716e-07,-1.49057128645687,0.023,0.059,0.00265606189690617,"Intermediate B (HLA-G+)","LINC01679","down"
7.5671109527917e-22,-1.48564139872013,0.127,0.24,1.4227682013439e-17,"Intermediate B (HLA-G+)","JMY","down"
8.11226228280198e-08,-1.48404620208844,0.019,0.055,0.00152526755441243,"Intermediate B (HLA-G+)","GNG8","down"
9.97611969924834e-12,-1.48027295449941,0.031,0.087,1.87571002585267e-07,"Intermediate B (HLA-G+)","SH3TC1","down"
8.00602174483378e-15,-1.47525672165564,0.055,0.133,1.50529220846365e-10,"Intermediate B (HLA-G+)","ENSG00000287092","down"
2.11020038492377e-16,-1.47360054457158,0.07,0.159,3.96759876373368e-12,"Intermediate B (HLA-G+)","MIR4435-2HG","down"
6.63498580863396e-07,-1.47258567822599,0.024,0.06,0.0124751003173936,"Intermediate B (HLA-G+)","DNAJA4","down"
4.25108153386917e-09,-1.47031100213438,0.049,0.101,7.99288349998082e-05,"Intermediate B (HLA-G+)","ENSG00000272449","down"
9.19915875056158e-07,-1.45794202356806,0.014,0.042,0.0172962582828059,"Intermediate B (HLA-G+)","NET1","down"
7.07699760967851e-28,-1.44551962119612,0.122,0.262,1.33061709057175e-23,"Intermediate B (HLA-G+)","POLB","down"
5.16819874764356e-14,-1.44330384919532,0.04,0.108,9.71724728531942e-10,"Intermediate B (HLA-G+)","ADARB1","down"
5.35788738098281e-09,-1.440897182624,0.023,0.064,0.000100738998537239,"Intermediate B (HLA-G+)","ENSG00000285280","down"
8.07329353723109e-34,-1.43511455819463,0.232,0.4,1.51794065087019e-29,"Intermediate B (HLA-G+)","RGS2","down"
2.35513807930108e-22,-1.43492163651703,0.246,0.355,4.42813061670189e-18,"Intermediate B (HLA-G+)","UBE2S","down"
1.64240116091757e-16,-1.43314536787613,0.075,0.166,3.08804266275721e-12,"Intermediate B (HLA-G+)","AREG","down"
5.96169984825689e-18,-1.42390482230866,0.051,0.137,1.12091880546926e-13,"Intermediate B (HLA-G+)","ENSG00000285976","down"
4.91917518056332e-25,-1.42312693061189,0.086,0.209,9.24903317449516e-21,"Intermediate B (HLA-G+)","BRD1","down"
6.2685362727707e-89,-1.41962273558247,0.554,0.747,1.17861019000635e-84,"Intermediate B (HLA-G+)","CREM","down"
1.51469326796907e-51,-1.41631120745467,0.266,0.499,2.84792628243545e-47,"Intermediate B (HLA-G+)","NR4A1","down"
3.14498862446258e-24,-1.41508730323336,0.089,0.211,5.91320761171454e-20,"Intermediate B (HLA-G+)","GPR18","down"
1.12979848422309e-13,-1.41367024568905,0.056,0.129,2.12424711003625e-09,"Intermediate B (HLA-G+)","DOCK4","down"
1.96200613078903e-29,-1.40014908370703,0.168,0.316,3.68896392710953e-25,"Intermediate B (HLA-G+)","USP36","down"
1.32702572253739e-13,-1.39797817596277,0.043,0.111,2.49507376351481e-09,"Intermediate B (HLA-G+)","PCBP3","down"
2.75849975005137e-27,-1.39555133267637,0.238,0.371,5.18653123004658e-23,"Intermediate B (HLA-G+)","ENSG00000289901","down"
6.14178570986663e-17,-1.39531963195065,0.071,0.16,1.15477854916912e-12,"Intermediate B (HLA-G+)","ENSG00000256152","down"
7.07801310056695e-14,-1.39472133567004,0.045,0.115,1.3308080231686e-09,"Intermediate B (HLA-G+)","ROR1","down"
8.3178650970863e-08,-1.3814833303924,0.036,0.081,0.00156392499555417,"Intermediate B (HLA-G+)","ENSG00000284634","down"
1.77213359417862e-09,-1.37135428830895,0.024,0.068,3.33196558377464e-05,"Intermediate B (HLA-G+)","ARHGAP32","down"
2.32952082405513e-12,-1.36383950587146,0.056,0.123,4.37996505338846e-08,"Intermediate B (HLA-G+)","MPZL1","down"
2.58406127980642e-09,-1.35648413167163,0.04,0.091,4.85855201829203e-05,"Intermediate B (HLA-G+)","MOB3B","down"
8.9228558145489e-25,-1.35244948803046,0.089,0.214,1.67767535025148e-20,"Intermediate B (HLA-G+)","CSNK2A2","down"
3.56286296987741e-12,-1.34478892850355,0.037,0.097,6.69889495596352e-08,"Intermediate B (HLA-G+)","GPR89A","down"
4.04599381668375e-18,-1.34044598257379,0.093,0.191,7.60727757412879e-14,"Intermediate B (HLA-G+)","MCTP2","down"
3.19953534255829e-07,-1.3376651706476,0.028,0.066,0.00601576635107809,"Intermediate B (HLA-G+)","DUSP8","down"
2.55432446627111e-08,-1.33743786111263,0.098,0.154,0.000480264086148294,"Intermediate B (HLA-G+)","CYTOR","down"
1.39016692041029e-08,-1.32750428070525,0.028,0.071,0.000261379184375542,"Intermediate B (HLA-G+)","SOX4","down"
1.95586985328596e-15,-1.32606127817856,0.058,0.139,3.67742649814826e-11,"Intermediate B (HLA-G+)","CD200","down"
3.15395632233041e-54,-1.32546447471666,0.409,0.602,5.93006867724564e-50,"Intermediate B (HLA-G+)","VPS37B","down"
1.49354674591369e-68,-1.31387367715801,0.296,0.553,2.80816659166692e-64,"Intermediate B (HLA-G+)","SMDT1","down"
1.17913669974824e-06,-1.29453396542979,0.039,0.079,0.0221701282286664,"Intermediate B (HLA-G+)","BCAT1","down"
1.07482217081276e-07,-1.29449231526437,0.044,0.09,0.00202088064556215,"Intermediate B (HLA-G+)","CD84","down"
9.68694005634623e-09,-1.28527128257258,0.066,0.115,0.000182133846939422,"Intermediate B (HLA-G+)","ENC1","down"
5.42740027197029e-16,-1.28332809326359,0.415,0.449,1.02045979913585e-11,"Intermediate B (HLA-G+)","DUSP1","down"
3.79664433026721e-32,-1.26654629883773,0.29,0.445,7.13845066976841e-28,"Intermediate B (HLA-G+)","IDI1","down"
1.62891412686971e-22,-1.2554276457248,0.127,0.254,3.06268434134042e-18,"Intermediate B (HLA-G+)","LGALS3","down"
1.57992140135256e-13,-1.25483687523243,0.034,0.093,2.97056821882309e-09,"Intermediate B (HLA-G+)","TADA2B","down"
1.23192088278047e-41,-1.24930597235726,0.367,0.539,2.31625764380384e-37,"Intermediate B (HLA-G+)","TUBA4A","down"
9.24909014414827e-12,-1.24752648537875,0.058,0.126,1.73901392890276e-07,"Intermediate B (HLA-G+)","DRAM1","down"
9.38021993964272e-29,-1.24734988866327,0.179,0.334,1.76366895305162e-24,"Intermediate B (HLA-G+)","GABARAPL1","down"
1.11666121462775e-28,-1.24508871952789,0.185,0.336,2.0995464157431e-24,"Intermediate B (HLA-G+)","SNHG16","down"
3.76980794877515e-12,-1.24419946706415,0.071,0.145,7.08799290528704e-08,"Intermediate B (HLA-G+)","PLIN2","down"
3.59142825936888e-17,-1.24189366979055,0.068,0.159,6.75260341326536e-13,"Intermediate B (HLA-G+)","EZH2","down"
9.90739524234325e-10,-1.23284743959473,0.054,0.111,1.86278845346538e-05,"Intermediate B (HLA-G+)","CTNNAL1","down"
1.61906306695076e-07,-1.23001756866042,0.018,0.051,0.00304416237848081,"Intermediate B (HLA-G+)","CABLES1","down"
9.84904144120693e-16,-1.2246830654987,0.159,0.245,1.85181677177573e-11,"Intermediate B (HLA-G+)","DUSP4","down"
1.33919226377481e-11,-1.21821186760733,0.129,0.197,2.51794929434939e-07,"Intermediate B (HLA-G+)","PGAP1","down"
1.56631766849124e-07,-1.20864179578305,0.024,0.061,0.00294499048029723,"Intermediate B (HLA-G+)","EGR2","down"
3.94432623235212e-09,-1.20772890099293,0.029,0.073,7.41612218206846e-05,"Intermediate B (HLA-G+)","UBE2Q2P2","down"
2.2956308513559e-14,-1.20695888348416,0.042,0.111,4.31624512671936e-10,"Intermediate B (HLA-G+)","MYBL2","down"
6.02550531697537e-07,-1.20269901001786,0.018,0.049,0.0113291550969771,"Intermediate B (HLA-G+)","ENSG00000290931","down"
1.22822685738739e-09,-1.1996336047243,0.066,0.125,2.30931213725978e-05,"Intermediate B (HLA-G+)","ARL5B","down"
1.37281950631995e-47,-1.19854841267308,0.857,0.902,2.58117523578278e-43,"Intermediate B (HLA-G+)","HSP90AA1","down"
5.17225578693549e-09,-1.18934266458467,0.036,0.084,9.72487533059611e-05,"Intermediate B (HLA-G+)","GZF1","down"
7.73436560211673e-13,-1.18816325333435,0.075,0.151,1.45421542050999e-08,"Intermediate B (HLA-G+)","SNED1-AS1","down"
6.05176692269846e-08,-1.17593550494346,0.031,0.073,0.00113785321680576,"Intermediate B (HLA-G+)","ADNP2","down"
5.47399121517271e-24,-1.17568509692707,0.393,0.501,1.02921982827677e-19,"Intermediate B (HLA-G+)","HSPH1","down"
1.50665802151226e-06,-1.16799704771486,0.048,0.091,0.0283281841204736,"Intermediate B (HLA-G+)","ENSG00000291078","down"
6.51534553499933e-07,-1.16362010824068,0.033,0.072,0.0122501526749057,"Intermediate B (HLA-G+)","DPEP2","down"
4.10833756370542e-22,-1.1632154377019,0.293,0.395,7.72449628727893e-18,"Intermediate B (HLA-G+)","INSIG1","down"
1.45367220443469e-17,-1.16193265221746,0.104,0.208,2.7331944787781e-13,"Intermediate B (HLA-G+)","PDE3B","down"
2.10407647275352e-07,-1.1543791235454,0.032,0.073,0.00395608458407116,"Intermediate B (HLA-G+)","ATP6V1C2","down"
1.77682585173381e-24,-1.15031626193818,0.157,0.296,3.3407879664299e-20,"Intermediate B (HLA-G+)","C9orf72","down"
9.23409294490392e-24,-1.14560848162619,0.182,0.318,1.73619415550084e-19,"Intermediate B (HLA-G+)","ZBTB10","down"
1.17596251716282e-06,-1.14459131623885,0.036,0.076,0.0221104472476953,"Intermediate B (HLA-G+)","TPCN2","down"
3.89422393699713e-23,-1.13735261830359,0.539,0.626,7.32191984634201e-19,"Intermediate B (HLA-G+)","DNAJA1","down"
4.7594860617369e-07,-1.13511698984181,0.029,0.067,0.00894878569327771,"Intermediate B (HLA-G+)","FAM222A","down"
9.0359740736849e-15,-1.13003516718913,0.09,0.18,1.69894384533423e-10,"Intermediate B (HLA-G+)","MYO1E","down"
3.40309200023684e-09,-1.11829478143461,0.068,0.128,6.39849357884531e-05,"Intermediate B (HLA-G+)","RNF144B","down"
2.98962274469132e-08,-1.11720893945048,0.08,0.128,0.000562108868456863,"Intermediate B (HLA-G+)","ITGAX","down"
1.23925571801868e-13,-1.11586895953627,0.096,0.182,2.33004860101873e-09,"Intermediate B (HLA-G+)","CCND2","down"
1.0276989237038e-33,-1.11543428772241,0.468,0.594,1.93227951634788e-29,"Intermediate B (HLA-G+)","HSPE1","down"
2.81186755669614e-105,-1.1132326580822,0.713,0.873,5.28687338010009e-101,"Intermediate B (HLA-G+)","REL","down"
1.51283010707124e-11,-1.11083326006749,0.101,0.178,2.84442316731534e-07,"Intermediate B (HLA-G+)","TUBB2A","down"
4.92251208822525e-12,-1.11043431367254,0.122,0.205,9.25530722828111e-08,"Intermediate B (HLA-G+)","TCL1A","down"
3.15156498131635e-14,-1.10754997177679,0.068,0.15,5.92557247787099e-10,"Intermediate B (HLA-G+)","EMILIN2","down"
9.25938459311879e-11,-1.10710334698146,0.048,0.107,1.7409494911982e-06,"Intermediate B (HLA-G+)","LIX1-AS1","down"
9.81318525711186e-20,-1.10137842642888,0.139,0.257,1.84507509204217e-15,"Intermediate B (HLA-G+)","SLCO4A1","down"
5.31719468171707e-08,-1.09208189400689,0.055,0.107,0.000999738944056444,"Intermediate B (HLA-G+)","ITGAV","down"
2.49523313945193e-08,-1.08317943249708,0.037,0.083,0.000469153734879752,"Intermediate B (HLA-G+)","TIMP2","down"
1.55818189504292e-24,-1.07833168701246,0.144,0.285,2.9296935990597e-20,"Intermediate B (HLA-G+)","BCL2L11","down"
3.31776406667786e-14,-1.0667494187566,0.112,0.204,6.23805999816771e-10,"Intermediate B (HLA-G+)","ZNF10","down"
1.15233249927326e-07,-1.06529165589907,0.042,0.087,0.00216661556513359,"Intermediate B (HLA-G+)","TP53INP2","down"
1.70056773954528e-16,-1.06507624092164,0.118,0.223,3.19740746389304e-12,"Intermediate B (HLA-G+)","ERO1B","down"
3.68129071420334e-07,-1.05216591920222,0.042,0.087,0.00692156280084512,"Intermediate B (HLA-G+)","SERINC5","down"
5.02106944476604e-07,-1.05014112106334,0.033,0.072,0.00944061477004912,"Intermediate B (HLA-G+)","MIR181A1HG","down"
8.30148311402374e-15,-1.04577915403864,0.149,0.244,1.56084485509874e-10,"Intermediate B (HLA-G+)","ENSG00000285639","down"
2.8861962709633e-07,-1.04555589035813,0.084,0.14,0.00542662622866519,"Intermediate B (HLA-G+)","RGS1","down"
4.99335016746373e-16,-1.04079070563722,0.221,0.324,9.3884969848653e-12,"Intermediate B (HLA-G+)","NEU1","down"
2.37472090731312e-12,-1.0389583764082,0.098,0.181,4.46495024993013e-08,"Intermediate B (HLA-G+)","SLC9B2","down"
3.41719216208708e-07,-1.03820182031481,0.037,0.079,0.00642500470315613,"Intermediate B (HLA-G+)","GCNT1","down"
1.64932723295638e-22,-1.0363442033226,0.261,0.398,3.10106506340458e-18,"Intermediate B (HLA-G+)","SNHG15","down"
3.69711905291412e-18,-1.03494071224643,0.099,0.204,6.95132324328913e-14,"Intermediate B (HLA-G+)","MSI2","down"
1.6552796261322e-21,-1.03430919667205,0.154,0.283,3.11225675305376e-17,"Intermediate B (HLA-G+)","SLC15A4","down"
3.64830299196888e-20,-1.02360438966252,0.208,0.335,6.85953928549989e-16,"Intermediate B (HLA-G+)","NAMPT","down"
1.19465243711339e-19,-1.02057967299088,0.153,0.278,2.2461855122606e-15,"Intermediate B (HLA-G+)","PDE4A","down"
1.75441640789307e-06,-1.01743322702309,0.038,0.078,0.0329865373012055,"Intermediate B (HLA-G+)","IL2RA","down"
1.64190729899345e-07,-1.01433601178527,0.068,0.122,0.00308711410356749,"Intermediate B (HLA-G+)","GBP5","down"
2.69767831469151e-27,-1.01425055160152,0.186,0.345,5.07217476728298e-23,"Intermediate B (HLA-G+)","IL21R","down"
2.84123969281914e-09,-1.01322627045145,0.048,0.101,5.34209887043855e-05,"Intermediate B (HLA-G+)","CHKA","down"
5.5569307505667e-28,-1.00976944694569,0.274,0.432,1.04481411972155e-23,"Intermediate B (HLA-G+)","SNED1","down"
5.4308119284938e-08,-1.00900113517976,0.089,0.147,0.0010211012587954,"Intermediate B (HLA-G+)","PVT1","down"
1.38107396267677e-13,-1.00542156677396,0.14,0.231,2.59669526462487e-09,"Intermediate B (HLA-G+)","STAT4","down"
3.63541555159187e-10,-1.0028302472753,0.068,0.133,6.83530832010303e-06,"Intermediate B (HLA-G+)","CPEB4","down"
8.91479743908466e-07,-1.00141267545929,0.052,0.098,0.016761602144967,"Intermediate B (HLA-G+)","TFDP2","down"
4.291622316967e-09,-0.989601553219984,0.045,0.096,8.06910828036135e-05,"Intermediate B (HLA-G+)","SLC16A1","down"
1.32153436010215e-45,-0.983877923446961,0.422,0.62,2.48474890386406e-41,"Intermediate B (HLA-G+)","EIF2AK3","down"
3.40607227176806e-25,-0.976292303741003,0.229,0.382,6.40409708537831e-21,"Intermediate B (HLA-G+)","JARID2","down"
2.00019549232154e-06,-0.974416102047321,0.06,0.104,0.0376076756466297,"Intermediate B (HLA-G+)","FAM53C","down"
1.78073193421425e-06,-0.970483926020936,0.037,0.076,0.0334813218270963,"Intermediate B (HLA-G+)","MIR222HG","down"
2.79750010147523e-15,-0.965554289580798,0.133,0.236,5.25985969079373e-11,"Intermediate B (HLA-G+)","MAP4K3","down"
1.81292835824558e-17,-0.959538712114255,0.152,0.268,3.40866789917333e-13,"Intermediate B (HLA-G+)","GCH1","down"
3.04242331207379e-07,-0.957191977220092,0.067,0.118,0.00572036431136114,"Intermediate B (HLA-G+)","SLC23A2","down"
1.72391722925117e-30,-0.954796602612267,0.518,0.643,3.24130917443805e-26,"Intermediate B (HLA-G+)","SLC2A3","down"
1.15921121487995e-09,-0.95273741590719,0.12,0.194,2.17954892621728e-05,"Intermediate B (HLA-G+)","NAF1","down"
2.03596877716558e-07,-0.952070265225679,0.071,0.125,0.00382802849482673,"Intermediate B (HLA-G+)","RNF24","down"
9.03160347882884e-08,-0.946716739184162,0.064,0.118,0.0016981220860894,"Intermediate B (HLA-G+)","INSR","down"
9.80246919538641e-09,-0.945363895545613,0.074,0.135,0.000184306025811655,"Intermediate B (HLA-G+)","SESN1","down"
8.80940369380419e-11,-0.944429438676978,0.094,0.17,1.65634408250906e-06,"Intermediate B (HLA-G+)","KBTBD8","down"
8.94719375759199e-31,-0.943272837048934,0.252,0.427,1.68225137030245e-26,"Intermediate B (HLA-G+)","RRP7A","down"
3.09677255896792e-09,-0.940066783289599,0.105,0.173,5.82255176537148e-05,"Intermediate B (HLA-G+)","HDAC9","down"
5.88132430241724e-11,-0.939600442040015,0.099,0.176,1.10580659534049e-06,"Intermediate B (HLA-G+)","SNHG3","down"
1.93443760674197e-11,-0.934922103516595,0.092,0.17,3.63712958819625e-07,"Intermediate B (HLA-G+)","TCF3","down"
7.42722823411388e-14,-0.930182872175186,0.198,0.287,1.39646745257809e-09,"Intermediate B (HLA-G+)","TNFRSF1B","down"
4.20004237537035e-20,-0.927631165565049,0.281,0.402,7.89691967417132e-16,"Intermediate B (HLA-G+)","IFRD1","down"
1.04258425474954e-07,-0.925418837858941,0.075,0.13,0.00196026691578008,"Intermediate B (HLA-G+)","TIFA","down"
1.33301515076869e-06,-0.924518517684968,0.05,0.095,0.0250633508647529,"Intermediate B (HLA-G+)","GOLIM4","down"
5.02566521346233e-12,-0.92026783221639,0.105,0.189,9.44925573435188e-08,"Intermediate B (HLA-G+)","FAM241A","down"
7.21868682256844e-10,-0.918145737457704,0.068,0.131,1.35725749637932e-05,"Intermediate B (HLA-G+)","TNFRSF10B","down"
1.11857743060627e-07,-0.917901759446015,0.038,0.08,0.0021031492850259,"Intermediate B (HLA-G+)","FAM118A","down"
4.50067584786556e-07,-0.916790127870353,0.073,0.125,0.00846217072915682,"Intermediate B (HLA-G+)","CERS6","down"
1.19515960212773e-19,-0.914764455314983,0.201,0.332,2.24713908392056e-15,"Intermediate B (HLA-G+)","TYMP","down"
7.02726004472463e-25,-0.91112834664563,0.275,0.424,1.32126543360912e-20,"Intermediate B (HLA-G+)","TET2","down"
2.8463100978122e-24,-0.911079541487037,0.228,0.38,5.35163224590651e-20,"Intermediate B (HLA-G+)","SNX8","down"
1.73861317488638e-10,-0.910971378316201,0.102,0.178,3.26894049142138e-06,"Intermediate B (HLA-G+)","TRAF1","down"
5.88242787961353e-08,-0.910896767678667,0.14,0.205,0.00110601408992494,"Intermediate B (HLA-G+)","H2AX","down"
9.42142400870606e-08,-0.90882062779016,0.066,0.12,0.00177141614211691,"Intermediate B (HLA-G+)","IL15","down"
4.45385445244419e-13,-0.908465589839556,0.111,0.201,8.37413714148557e-09,"Intermediate B (HLA-G+)","IL6ST","down"
1.44246281031951e-34,-0.906795577349219,0.355,0.531,2.71211857596275e-30,"Intermediate B (HLA-G+)","TRIO","down"
2.2401348501724e-29,-0.897742665168971,0.439,0.581,4.21190154529415e-25,"Intermediate B (HLA-G+)","CCNL1","down"
7.16137219818299e-09,-0.894768197013686,0.096,0.164,0.000134648120070237,"Intermediate B (HLA-G+)","EAF2","down"
4.69701513673776e-09,-0.89081874231705,0.076,0.139,8.83132786009433e-05,"Intermediate B (HLA-G+)","FNDC3B","down"
7.83087719461949e-14,-0.890801051377356,0.172,0.272,1.47236153013236e-09,"Intermediate B (HLA-G+)","ENSG00000266049","down"
2.81194256606084e-10,-0.889855635085067,0.049,0.105,5.28701441270759e-06,"Intermediate B (HLA-G+)","PPM1L","down"
2.07524170331148e-15,-0.889314984576398,0.288,0.397,3.90186945056624e-11,"Intermediate B (HLA-G+)","TNFAIP3","down"
8.3656306493108e-07,-0.886977066048045,0.057,0.105,0.0157290587468342,"Intermediate B (HLA-G+)","ENSG00000291207","down"
1.03343267347859e-20,-0.885985209659937,0.255,0.391,1.94306011267444e-16,"Intermediate B (HLA-G+)","KPNA2","down"
8.18795761786045e-43,-0.885806151970652,0.476,0.658,1.53949979131012e-38,"Intermediate B (HLA-G+)","MANBA","down"
1.12850853153798e-33,-0.885590531982229,0.364,0.539,2.1218217409977e-29,"Intermediate B (HLA-G+)","INPP5A","down"
1.49537512449064e-15,-0.884189265943922,0.172,0.284,2.8116043090673e-11,"Intermediate B (HLA-G+)","SC5D","down"
7.53461418393369e-11,-0.88350052886999,0.153,0.237,1.41665815886321e-06,"Intermediate B (HLA-G+)","PLPP5","down"
8.69226972215583e-19,-0.881123874744887,0.243,0.371,1.63432055315974e-14,"Intermediate B (HLA-G+)","LINC01619","down"
1.50669809230524e-12,-0.876667908582307,0.108,0.195,2.83289375315231e-08,"Intermediate B (HLA-G+)","GTPBP1","down"
6.49923991046352e-07,-0.876642224224311,0.034,0.072,0.0122198708796535,"Intermediate B (HLA-G+)","PPAT","down"
1.54324290908487e-12,-0.875109452258064,0.127,0.217,2.90160531766137e-08,"Intermediate B (HLA-G+)","TFRC","down"
3.38329141424708e-08,-0.874363800914897,0.05,0.1,0.000636126451706735,"Intermediate B (HLA-G+)","JDP2","down"
3.58254372749416e-35,-0.868064222255928,0.386,0.57,6.73589871643451e-31,"Intermediate B (HLA-G+)","ZHX2","down"
4.06760366040769e-20,-0.866874604121386,0.406,0.517,7.64790840229854e-16,"Intermediate B (HLA-G+)","BCL2A1","down"
2.99005497761482e-22,-0.863492964296235,0.358,0.49,5.62190136891139e-18,"Intermediate B (HLA-G+)","FILIP1L","down"
8.31292876359052e-33,-0.860740650629795,0.364,0.545,1.56299686613029e-28,"Intermediate B (HLA-G+)","PDE7A","down"
7.71286789783114e-15,-0.853445373073713,0.182,0.292,1.45017342215021e-10,"Intermediate B (HLA-G+)","AGPAT5","down"
1.22464387632473e-14,-0.852554192773777,0.293,0.4,2.30257541626576e-10,"Intermediate B (HLA-G+)","NIN","down"
1.47771779377779e-10,-0.851222266153112,0.137,0.221,2.778404995861e-06,"Intermediate B (HLA-G+)","JCHAIN","down"
1.41033893622986e-37,-0.849016391192082,0.458,0.633,2.65171926789938e-33,"Intermediate B (HLA-G+)","ZSWIM6","down"
4.56259747839816e-10,-0.847879972035616,0.166,0.252,8.57859577888422e-06,"Intermediate B (HLA-G+)","H1-10","down"
5.46236503613077e-16,-0.843601902484812,0.202,0.32,1.02703387409331e-11,"Intermediate B (HLA-G+)","AUTS2","down"
5.18373962012183e-17,-0.84294794798526,0.227,0.347,9.74646723375307e-13,"Intermediate B (HLA-G+)","HCG18","down"
4.40511428508435e-25,-0.839517751826452,0.627,0.701,8.2824958788156e-21,"Intermediate B (HLA-G+)","YPEL5","down"
1.75547656450374e-09,-0.839412870473625,0.127,0.202,3.30064703657994e-05,"Intermediate B (HLA-G+)","ZNF141","down"
3.6452417381488e-28,-0.83714120914285,0.366,0.531,6.85378351606737e-24,"Intermediate B (HLA-G+)","MARCHF3","down"
6.99486166680512e-20,-0.836628596284475,0.328,0.459,1.3151738905927e-15,"Intermediate B (HLA-G+)","ATF7IP","down"
2.44122758481206e-19,-0.835937962562712,0.723,0.765,4.58999610496364e-15,"Intermediate B (HLA-G+)","HSPA8","down"
2.41362135672584e-59,-0.834997116046607,0.742,0.859,4.53809087491592e-55,"Intermediate B (HLA-G+)","BACH2","down"
6.81762920242864e-13,-0.834504357641737,0.19,0.286,1.28185064264063e-08,"Intermediate B (HLA-G+)","MACF1","down"
8.11735980379839e-19,-0.832140473648551,0.223,0.353,1.52622599031017e-14,"Intermediate B (HLA-G+)","PSME4","down"
9.90086809186812e-12,-0.83076001166825,0.139,0.229,1.86156121863304e-07,"Intermediate B (HLA-G+)","TLE1","down"
3.83304002045963e-10,-0.830721561374387,0.095,0.168,7.20688184646819e-06,"Intermediate B (HLA-G+)","DYNLL2","down"
1.66051084670764e-17,-0.830362782691536,0.224,0.346,3.12209249397971e-13,"Intermediate B (HLA-G+)","UBAC2","down"
1.31900938772652e-11,-0.828898173404657,0.334,0.416,2.4800014508034e-07,"Intermediate B (HLA-G+)","GLA","down"
7.29600054095941e-13,-0.8277733708749,0.265,0.363,1.37179402171119e-08,"Intermediate B (HLA-G+)","FCRL1","down"
1.46273551034479e-28,-0.826743446084391,0.474,0.623,2.75023530655028e-24,"Intermediate B (HLA-G+)","UBALD2","down"
2.64700376174052e-18,-0.82511758287569,0.219,0.349,4.97689647282453e-14,"Intermediate B (HLA-G+)","PDXK","down"
4.09344761822235e-20,-0.82328003757277,0.213,0.35,7.69650021178166e-16,"Intermediate B (HLA-G+)","ITPKB","down"
3.70927784007238e-08,-0.8230805002072,0.085,0.147,0.00069741841949041,"Intermediate B (HLA-G+)","TRIM39","down"
6.50167234609559e-27,-0.822517720073214,0.539,0.631,1.22244443451289e-22,"Intermediate B (HLA-G+)","PRNP","down"
3.90614031037697e-08,-0.819411426294716,0.092,0.155,0.000734432501157077,"Intermediate B (HLA-G+)","RIPK2","down"
3.84010112870815e-40,-0.816693862276001,0.601,0.732,7.22015814219706e-36,"Intermediate B (HLA-G+)","EBF1","down"
3.55388809802785e-08,-0.816660569934344,0.129,0.199,0.000668202040191196,"Intermediate B (HLA-G+)","VAV3","down"
2.16081713381977e-14,-0.808791954765622,0.195,0.304,4.06276837500793e-10,"Intermediate B (HLA-G+)","PAX5","down"
1.38471186080931e-10,-0.807081251796196,0.161,0.247,2.60353524069366e-06,"Intermediate B (HLA-G+)","PPP1R15B","down"
4.53892397467812e-07,-0.804120752758563,0.089,0.147,0.00853408485718981,"Intermediate B (HLA-G+)","CD24","down"
1.05289233800921e-44,-0.801990915310621,0.542,0.708,1.97964817392492e-40,"Intermediate B (HLA-G+)","MAP4K4","down"
7.7601246391854e-10,-0.800154880396735,0.125,0.203,1.45905863465964e-05,"Intermediate B (HLA-G+)","TAF4B","down"
2.29388878334439e-35,-0.800114310712557,0.662,0.798,4.31296969044413e-31,"Intermediate B (HLA-G+)","CD69","down"
3.90916836441329e-28,-0.797233903194556,0.384,0.545,7.35001835876987e-24,"Intermediate B (HLA-G+)","HIVEP2","down"
1.24934426009816e-11,-0.79150356028447,0.15,0.241,2.34901707783657e-07,"Intermediate B (HLA-G+)","ATF7IP2","down"
1.88891195429091e-10,-0.791447209207562,0.231,0.313,3.55153225645778e-06,"Intermediate B (HLA-G+)","SNHG1","down"
4.8619688488897e-11,-0.791348005135896,0.196,0.288,9.14147382968242e-07,"Intermediate B (HLA-G+)","CAMK2D","down"
2.77394578717669e-24,-0.784437207758377,0.205,0.358,5.2155728690496e-20,"Intermediate B (HLA-G+)","PLEKHM2","down"
6.6428795152554e-08,-0.782609592932139,0.122,0.19,0.00124899420645832,"Intermediate B (HLA-G+)","PTGER4","down"
1.03771146349424e-13,-0.782478944570129,0.152,0.254,1.95110509366186e-09,"Intermediate B (HLA-G+)","SLC7A5","down"
6.346744972483e-15,-0.781866710031981,0.176,0.287,1.19331498972625e-10,"Intermediate B (HLA-G+)","SYNE2","down"
8.13078165633294e-08,-0.781121400391031,0.164,0.229,0.00152874956702372,"Intermediate B (HLA-G+)","ISG15","down"
1.45830978446831e-27,-0.780207394549557,0.666,0.733,2.74191405675732e-23,"Intermediate B (HLA-G+)","SRGN","down"
6.36213282198974e-08,-0.777375083822115,0.075,0.131,0.00119620821319051,"Intermediate B (HLA-G+)","HMCES","down"
8.15330830706248e-13,-0.776040952326796,0.095,0.178,1.53298502789389e-08,"Intermediate B (HLA-G+)","PKP4","down"
7.20151736518452e-08,-0.775023068316306,0.103,0.168,0.00135402929500199,"Intermediate B (HLA-G+)","PLAC8","down"
6.49759688419987e-13,-0.77469823573061,0.249,0.351,1.22167816616726e-08,"Intermediate B (HLA-G+)","TSC22D2","down"
1.94823949376494e-09,-0.774564268914458,0.115,0.19,3.66307989617685e-05,"Intermediate B (HLA-G+)","FOXO3","down"
3.52172023639124e-18,-0.770749391329947,0.232,0.364,6.6215383884628e-14,"Intermediate B (HLA-G+)","MBNL2","down"
1.20232043668578e-07,-0.7681288895989,0.164,0.22,0.0022606028850566,"Intermediate B (HLA-G+)","CD72","down"
7.33885901687296e-08,-0.76432882882306,0.116,0.182,0.00137985227235245,"Intermediate B (HLA-G+)","BZW2","down"
6.83819190999145e-09,-0.761498973750633,0.114,0.186,0.000128571684291659,"Intermediate B (HLA-G+)","POLR1F","down"
1.70268556330051e-25,-0.761062595695929,0.497,0.605,3.20138939611763e-21,"Intermediate B (HLA-G+)","ZEB1","down"
1.24016479500654e-27,-0.758172234225678,0.531,0.659,2.33175784757129e-23,"Intermediate B (HLA-G+)","LITAF","down"
8.37640877090133e-51,-0.757993428469314,0.542,0.752,1.57493237710487e-46,"Intermediate B (HLA-G+)","ARID5B","down"
5.58213015305494e-20,-0.757901462454065,0.253,0.395,1.04955211137739e-15,"Intermediate B (HLA-G+)","HVCN1","down"
3.40538046295177e-20,-0.757439576347204,0.209,0.347,6.40279634644192e-16,"Intermediate B (HLA-G+)","FCRL3","down"
2.17726866157391e-06,-0.754850293715773,0.118,0.174,0.0409370053749127,"Intermediate B (HLA-G+)","UAP1","down"
3.97057855101377e-18,-0.754004816931596,0.26,0.392,7.46548179161609e-14,"Intermediate B (HLA-G+)","PAK1","down"
3.45465164737402e-11,-0.751536657934132,0.224,0.32,6.49543602739263e-07,"Intermediate B (HLA-G+)","CEMIP2","down"
2.93108272520299e-07,-0.750937154835223,0.234,0.303,0.00551102173992667,"Intermediate B (HLA-G+)","ANKRD37","down"
3.24673958548167e-09,-0.749542292287536,0.134,0.211,6.10451976862264e-05,"Intermediate B (HLA-G+)","ZCCHC2","down"
8.02799597180986e-09,-0.749398928616461,0.084,0.147,0.000150942380261969,"Intermediate B (HLA-G+)","CRIM1","down"
1.11924329720079e-14,-0.748354876466151,0.193,0.306,2.10440124739692e-10,"Intermediate B (HLA-G+)","FBRSL1","down"
2.32622382852864e-06,-0.747722335140494,0.118,0.173,0.0437376604239954,"Intermediate B (HLA-G+)","ZBTB32","down"
1.15165838903861e-19,-0.743616254672205,0.397,0.522,2.16534810307039e-15,"Intermediate B (HLA-G+)","IRF4","down"
2.0032378009124e-07,-0.742794072816313,0.081,0.137,0.0037664877132755,"Intermediate B (HLA-G+)","AKT1","down"
9.4294829555312e-25,-0.742552705896245,0.683,0.765,1.77293138529898e-20,"Intermediate B (HLA-G+)","JUN","down"
3.47001748403962e-10,-0.74173541503057,0.231,0.32,6.52432687349129e-06,"Intermediate B (HLA-G+)","CHORDC1","down"
5.58949516050341e-15,-0.739908548967528,0.192,0.306,1.05093688007785e-10,"Intermediate B (HLA-G+)","MAN1A1","down"
2.46127942310511e-19,-0.739900413834679,0.421,0.541,4.62769757132222e-15,"Intermediate B (HLA-G+)","TAMALIN","down"
1.1692236825603e-22,-0.738348884500012,0.437,0.572,2.19837436794987e-18,"Intermediate B (HLA-G+)","TRA2B","down"
2.0504601225544e-08,-0.737607594025404,0.105,0.172,0.000385527512242679,"Intermediate B (HLA-G+)","ABHD17B","down"
3.64730000574119e-08,-0.735556023414064,0.075,0.131,0.000685765347079459,"Intermediate B (HLA-G+)","CPB2-AS1","down"
1.04781087757464e-33,-0.735052792139951,0.216,0.401,1.97009401201583e-29,"Intermediate B (HLA-G+)","PDE4D","down"
2.76129790751665e-07,-0.734220385213813,0.178,0.243,0.0051917923257128,"Intermediate B (HLA-G+)","H1-3","down"
3.29872079209344e-08,-0.733407295429106,0.074,0.13,0.000620225483329409,"Intermediate B (HLA-G+)","RIPK2-DT","down"
7.51021126285538e-16,-0.731833666757274,0.292,0.405,1.41206992164207e-11,"Intermediate B (HLA-G+)","SIK1","down"
1.17782134481179e-06,-0.73125537647294,0.239,0.293,0.0221453969251513,"Intermediate B (HLA-G+)","SERTAD1","down"
9.07571334566339e-54,-0.728462998654142,0.821,0.895,1.70641562325163e-49,"Intermediate B (HLA-G+)","NFKB1","down"
2.48526929148276e-16,-0.728173345382613,0.414,0.52,4.67280332184589e-12,"Intermediate B (HLA-G+)","ALG13","down"
2.78628416771191e-52,-0.727897811067061,0.799,0.878,5.23877149213193e-48,"Intermediate B (HLA-G+)","LINC-PINT","down"
2.37920832381411e-08,-0.725315624583265,0.138,0.211,0.000447338749043529,"Intermediate B (HLA-G+)","SYNJ2","down"
1.89165453869466e-07,-0.724594161538822,0.096,0.157,0.0035566888636537,"Intermediate B (HLA-G+)","ALCAM","down"
1.68094248323124e-22,-0.721020324569142,0.412,0.545,3.16050805697138e-18,"Intermediate B (HLA-G+)","RAB8B","down"
2.47604214319385e-08,-0.720256727074659,0.19,0.182,0.000465545443763307,"Intermediate B (HLA-G+)","SOX5","down"
1.67554234756023e-16,-0.717219562336615,0.295,0.418,3.15035472188274e-12,"Intermediate B (HLA-G+)","SMAD3","down"
1.24968139545403e-13,-0.712924637242111,0.155,0.257,2.34965095973266e-09,"Intermediate B (HLA-G+)","RASGRP1","down"
4.55968464014218e-11,-0.710435274983734,0.18,0.274,8.57311906039533e-07,"Intermediate B (HLA-G+)","STAP1","down"
1.5298501196133e-10,-0.706780056751688,0.116,0.195,2.87642419489694e-06,"Intermediate B (HLA-G+)","TXLNG","down"
6.2466120138733e-09,-0.706247220393045,0.091,0.156,0.000117448799084846,"Intermediate B (HLA-G+)","NOTCH2NLA","down"
1.64615474980101e-20,-0.705982661328835,0.439,0.574,3.09510016057585e-16,"Intermediate B (HLA-G+)","SNHG8","down"
2.86409482467513e-25,-0.704743231947847,0.582,0.663,5.38507108935418e-21,"Intermediate B (HLA-G+)","RUBCNL","down"
4.42928707460532e-08,-0.704217832743233,0.194,0.267,0.000832794555767293,"Intermediate B (HLA-G+)","CD22","down"
6.44591726368395e-25,-0.702406638951849,0.466,0.61,1.21196136391786e-20,"Intermediate B (HLA-G+)","CHD1","down"
6.69978649568961e-15,-0.702016053579362,0.44,0.523,1.25969385691956e-10,"Intermediate B (HLA-G+)","MAP3K8","down"
1.96641622907451e-07,-0.70165559475783,0.114,0.178,0.00369725579390589,"Intermediate B (HLA-G+)","DNMBP","down"
3.28622231339578e-15,-0.701192167022401,0.338,0.442,6.17875519364675e-11,"Intermediate B (HLA-G+)","ZC3HAV1","down"
9.39586344644284e-12,-0.701155551867214,0.246,0.338,1.76661024520018e-07,"Intermediate B (HLA-G+)","CCDC93","down"
1.35784699733903e-29,-0.699698480019935,0.853,0.905,2.55302392439685e-25,"Intermediate B (HLA-G+)","ENSG00000278996","down"
2.02270685969835e-06,-0.697046991065827,0.263,0.332,0.0380309343760484,"Intermediate B (HLA-G+)","MYC","down"
1.1366216393736e-26,-0.695422149535313,0.674,0.76,2.13707600635024e-22,"Intermediate B (HLA-G+)","HSP90B1","down"
2.15779896993715e-18,-0.69476456819724,0.343,0.468,4.05709362327583e-14,"Intermediate B (HLA-G+)","RAB21","down"
2.5592917532017e-18,-0.693686919039181,0.378,0.508,4.81198035436984e-14,"Intermediate B (HLA-G+)","CLK1","down"
3.94309080855609e-40,-0.693339205138636,0.588,0.757,7.41379933824716e-36,"Intermediate B (HLA-G+)","RHOH","down"
2.58540301733373e-08,-0.690692118595345,0.287,0.362,0.000486107475319088,"Intermediate B (HLA-G+)","BCAS2","down"
6.09311346770882e-30,-0.690518646137812,0.584,0.697,1.14562719419861e-25,"Intermediate B (HLA-G+)","GNA13","down"
1.44241014559498e-12,-0.685336270891109,0.142,0.236,2.71201955574768e-08,"Intermediate B (HLA-G+)","BTLA","down"
1.37497718416185e-06,-0.684482796916921,0.117,0.177,0.0258523210166111,"Intermediate B (HLA-G+)","PHLPP1","down"
5.00099999992782e-20,-0.683506976150746,0.428,0.561,9.40288019986429e-16,"Intermediate B (HLA-G+)","IRF8","down"
1.02053644958198e-07,-0.683261371847713,0.198,0.268,0.00191881263250405,"Intermediate B (HLA-G+)","HOOK2","down"
6.69781023663844e-14,-0.68036461180191,0.381,0.481,1.25932228069276e-09,"Intermediate B (HLA-G+)","DNAJB6","down"
7.31003195921185e-46,-0.678346463590872,0.668,0.812,1.37443220897101e-41,"Intermediate B (HLA-G+)","SNX9","down"
4.19134093869943e-08,-0.678247210491064,0.114,0.182,0.000788055923294267,"Intermediate B (HLA-G+)","HIF1A-AS3","down"
3.66846644037154e-11,-0.674868177720588,0.444,0.495,6.89745060118658e-07,"Intermediate B (HLA-G+)","EIF4A3","down"
1.35525715245467e-14,-0.674751637208625,0.3,0.417,2.54815449804527e-10,"Intermediate B (HLA-G+)","SPTBN1","down"
7.11928133795142e-20,-0.670822911893256,0.445,0.557,1.33856727716163e-15,"Intermediate B (HLA-G+)","CYRIA","down"
1.00127781805858e-06,-0.670767394789425,0.143,0.206,0.0188260255351374,"Intermediate B (HLA-G+)","KLHL6","down"
1.39360485761741e-09,-0.670502762542297,0.149,0.231,2.62025585329226e-05,"Intermediate B (HLA-G+)","SAMD4A","down"
6.63157663073818e-15,-0.670238765334637,0.317,0.434,1.24686903811139e-10,"Intermediate B (HLA-G+)","FAM3C","down"
4.40906006157156e-12,-0.669324756344018,0.241,0.345,8.28991472776685e-08,"Intermediate B (HLA-G+)","NUP58","down"
1.82499648585468e-08,-0.668320825734438,0.205,0.288,0.000343135839270398,"Intermediate B (HLA-G+)","SGK1","down"
4.42844140361389e-22,-0.667681650534977,0.385,0.533,8.32635552707483e-18,"Intermediate B (HLA-G+)","PLEKHA2","down"
5.7742287510392e-09,-0.664958570910639,0.132,0.207,0.000108567048977039,"Intermediate B (HLA-G+)","BTG3","down"
4.8936921983356e-10,-0.66374116816359,0.22,0.31,9.2011200713106e-06,"Intermediate B (HLA-G+)","RBBP8","down"
1.13568301002259e-21,-0.663051505318405,0.466,0.584,2.13531119544448e-17,"Intermediate B (HLA-G+)","NOP58","down"
4.69801918212806e-27,-0.662540621698605,0.656,0.751,8.83321566623718e-23,"Intermediate B (HLA-G+)","MAP1LC3B","down"
4.13067742281843e-11,-0.659780031703365,0.162,0.254,7.76649969038322e-07,"Intermediate B (HLA-G+)","PIK3IP1","down"
6.4239495451782e-07,-0.65915239028102,0.194,0.259,0.0120783099348441,"Intermediate B (HLA-G+)","FAM210A","down"
8.80874901982199e-11,-0.658703456943365,0.14,0.225,1.65622099070693e-06,"Intermediate B (HLA-G+)","FOXK2","down"
1.22365211707913e-07,-0.654464038044625,0.124,0.191,0.00230071071053218,"Intermediate B (HLA-G+)","SNHG17","down"
3.43277830000374e-22,-0.65440894274298,0.405,0.551,6.45430975966703e-18,"Intermediate B (HLA-G+)","RAPGEF6","down"
7.28812009908731e-18,-0.653012452440864,0.646,0.704,1.3703123410304e-13,"Intermediate B (HLA-G+)","HSPD1","down"
1.46010064983375e-08,-0.651468941596329,0.13,0.203,0.000274528124181741,"Intermediate B (HLA-G+)","TIMM23B","down"
8.80131237641401e-13,-0.650726935901371,0.262,0.372,1.65482275301336e-08,"Intermediate B (HLA-G+)","IL4R","down"
2.4763155135249e-07,-0.64819748270172,0.147,0.217,0.00465596842852952,"Intermediate B (HLA-G+)","SLC20A1","down"
7.54531324585572e-13,-0.647914814483839,0.271,0.381,1.41866979648579e-08,"Intermediate B (HLA-G+)","NFATC1","down"
1.4639678483083e-06,-0.646016343190787,0.129,0.191,0.0275255234838927,"Intermediate B (HLA-G+)","NPC1","down"
6.33182586090793e-11,-0.64348779770512,0.237,0.332,1.19050989836791e-06,"Intermediate B (HLA-G+)","PPFIBP2","down"
2.52279281708547e-11,-0.643420274667246,0.158,0.249,4.7433550546841e-07,"Intermediate B (HLA-G+)","ECD","down"
7.55705989573407e-10,-0.641488505549321,0.169,0.256,1.42087840159592e-05,"Intermediate B (HLA-G+)","DHRSX","down"
7.83998889071387e-07,-0.638260761618459,0.16,0.227,0.0147407471123202,"Intermediate B (HLA-G+)","EPB41L2","down"
2.03840876851903e-10,-0.636593084596208,0.272,0.367,3.83261616656948e-06,"Intermediate B (HLA-G+)","NSMCE3","down"
3.79512993553916e-11,-0.636514407472209,0.351,0.447,7.13560330480074e-07,"Intermediate B (HLA-G+)","PHACTR1","down"
5.33766645182683e-13,-0.635999351247359,0.302,0.41,1.00358804627248e-08,"Intermediate B (HLA-G+)","HBP1","down"
7.68069488730163e-11,-0.635906363484709,0.178,0.271,1.44412425271045e-06,"Intermediate B (HLA-G+)","LINC00513","down"
1.35915271873586e-06,-0.635005257014967,0.142,0.206,0.0255547894176716,"Intermediate B (HLA-G+)","UGCG","down"
4.12637684373328e-11,-0.634284488252325,0.336,0.43,7.75841374158732e-07,"Intermediate B (HLA-G+)","CFLAR","down"
1.61344583183126e-14,-0.631972162872825,0.423,0.504,3.03360085300914e-10,"Intermediate B (HLA-G+)","RILPL2","down"
1.69274992378695e-06,-0.631628946014352,0.113,0.172,0.0318270840670423,"Intermediate B (HLA-G+)","SERPINB9P1","down"
3.10760943774026e-11,-0.631092074041521,0.235,0.336,5.84292726483924e-07,"Intermediate B (HLA-G+)","SNX25","down"
2.04957055919462e-06,-0.630984320210972,0.075,0.122,0.0385360256539773,"Intermediate B (HLA-G+)","OXNAD1","down"
2.01405805799715e-06,-0.627972693772449,0.137,0.2,0.0378683196064624,"Intermediate B (HLA-G+)","PAM","down"
1.0341879794835e-12,-0.627106854325569,0.213,0.32,1.94448023902487e-08,"Intermediate B (HLA-G+)","LRCH1","down"
2.6433439443017e-06,-0.626404709285138,0.063,0.107,0.0497001528407606,"Intermediate B (HLA-G+)","NBPF11","down"
3.66840540580426e-16,-0.625862713384949,0.438,0.539,6.89733584399318e-12,"Intermediate B (HLA-G+)","ARIH1","down"
2.1742130226125e-08,-0.62581960357657,0.156,0.233,0.000408795532511603,"Intermediate B (HLA-G+)","SLC39A8","down"
1.13262333526159e-28,-0.622578650990506,0.659,0.747,2.12955839495885e-24,"Intermediate B (HLA-G+)","TMEM123","down"
1.45643169601463e-06,-0.619328143070752,0.1,0.156,0.0273838287484671,"Intermediate B (HLA-G+)","L3MBTL4","down"
1.67499145029969e-07,-0.618692292859621,0.202,0.277,0.00314931892485347,"Intermediate B (HLA-G+)","GRK3","down"
4.08977302359879e-18,-0.617764709987136,0.472,0.588,7.68959123897045e-14,"Intermediate B (HLA-G+)","KDM4B","down"
1.24848833242263e-09,-0.617540230327516,0.273,0.361,2.34740776262102e-05,"Intermediate B (HLA-G+)","BANP","down"
9.06720910674985e-09,-0.616322232224915,0.338,0.412,0.000170481665625111,"Intermediate B (HLA-G+)","SELL","down"
8.83000944422269e-07,-0.615895672845232,0.101,0.159,0.0166021837570275,"Intermediate B (HLA-G+)","TPST1","down"
1.20709523410881e-08,-0.614933063580505,0.23,0.311,0.000226958045917138,"Intermediate B (HLA-G+)","TNFRSF18","down"
1.56443101747657e-14,-0.613977544711374,0.386,0.489,2.94144319905945e-10,"Intermediate B (HLA-G+)","CHST11","down"
1.20238963162613e-15,-0.611918879887494,0.395,0.511,2.26073298538346e-11,"Intermediate B (HLA-G+)","LDLRAD4","down"
1.40388906035064e-08,-0.611494770716533,0.163,0.242,0.000263959221127127,"Intermediate B (HLA-G+)","SLC25A19","down"
2.03428596855131e-07,-0.610660501374739,0.146,0.216,0.00382486447807017,"Intermediate B (HLA-G+)","PIGB","down"
1.64955341959562e-07,-0.610279447193811,0.094,0.152,0.00310149033952368,"Intermediate B (HLA-G+)","C1orf162","down"
9.27451585201868e-15,-0.609553495616065,0.35,0.468,1.74379447049655e-10,"Intermediate B (HLA-G+)","RNMT","down"
8.08266903164407e-24,-0.607844402498676,0.555,0.678,1.51970343132972e-19,"Intermediate B (HLA-G+)","SMAP2","down"
1.89151729331638e-11,-0.607330051833725,0.246,0.35,3.55643081489345e-07,"Intermediate B (HLA-G+)","SLC49A4","down"
3.84235842609741e-11,-0.601981801228722,0.309,0.405,7.22440231274834e-07,"Intermediate B (HLA-G+)","RLF","down"
7.38468578071001e-23,-0.600087348143619,0.581,0.683,1.3884686204891e-18,"Intermediate B (HLA-G+)","PIKFYVE","down"
1.39080442965365e-19,-0.597523793618339,0.698,0.713,2.61499048863479e-15,"Intermediate B (HLA-G+)","TUBB4B","down"
3.20959138550388e-09,-0.59574209531521,0.238,0.325,6.0346737230244e-05,"Intermediate B (HLA-G+)","OTUD4","down"
2.6453685053097e-09,-0.593308926587143,0.203,0.291,4.9738218636833e-05,"Intermediate B (HLA-G+)","FBXO34","down"
7.09762853714836e-27,-0.591812707113837,0.724,0.801,1.33449611755464e-22,"Intermediate B (HLA-G+)","SMCHD1","down"
2.2486041239859e-06,-0.591164801211204,0.124,0.184,0.0422782547391829,"Intermediate B (HLA-G+)","LGALS9","down"
4.61095671013583e-08,-0.589871500354151,0.148,0.221,0.000866952080639738,"Intermediate B (HLA-G+)","BCL7A","down"
2.01256608279383e-11,-0.589000715495966,0.485,0.546,3.78402674886897e-07,"Intermediate B (HLA-G+)","CYCS","down"
4.08585890881758e-07,-0.588414273521667,0.094,0.149,0.00768223192035882,"Intermediate B (HLA-G+)","BEX4","down"
1.37329598902495e-10,-0.586279797225852,0.322,0.412,2.58207111856472e-06,"Intermediate B (HLA-G+)","SNHG7","down"
3.1532607438934e-07,-0.58521887868078,0.238,0.308,0.00592876085066838,"Intermediate B (HLA-G+)","ZFAND5","down"
2.10713783759281e-08,-0.58425422632647,0.33,0.382,0.000396184056224201,"Intermediate B (HLA-G+)","DDX3Y","down"
1.99555672475316e-17,-0.583347885382904,0.477,0.587,3.7520457538809e-13,"Intermediate B (HLA-G+)","NFE2L2","down"
8.35232216499484e-12,-0.583265415733454,0.337,0.434,1.57040361346233e-07,"Intermediate B (HLA-G+)","SIPA1L3","down"
6.53434928074165e-07,-0.582958004723691,0.317,0.36,0.0122858835176504,"Intermediate B (HLA-G+)","METRNL","down"
6.78025791385772e-12,-0.581970878134686,0.373,0.467,1.27482409296353e-07,"Intermediate B (HLA-G+)","GALNT2","down"
4.07995424696428e-09,-0.581963381710858,0.264,0.349,7.67112997514224e-05,"Intermediate B (HLA-G+)","STAT1","down"
2.37850717470451e-13,-0.573284941448647,0.396,0.499,4.47206918987941e-09,"Intermediate B (HLA-G+)","SPAG9","down"
1.29850380919752e-11,-0.573171468232809,0.346,0.444,2.44144686205318e-07,"Intermediate B (HLA-G+)","PLCL2","down"
8.60030776930228e-16,-0.572569341833717,0.445,0.556,1.61702986678422e-11,"Intermediate B (HLA-G+)","TRA2A","down"
1.99150981403847e-09,-0.570410670748801,0.244,0.337,3.74443675235513e-05,"Intermediate B (HLA-G+)","TSPYL2","down"
1.48996421112764e-31,-0.568781498739216,0.976,0.975,2.80143070976218e-27,"Intermediate B (HLA-G+)","HSP90AB1","down"
2.79498651148775e-10,-0.568038359077521,0.312,0.409,5.25513363889927e-06,"Intermediate B (HLA-G+)","NFKBIZ","down"
2.38302946839898e-07,-0.566174729035209,0.172,0.245,0.00448057200648377,"Intermediate B (HLA-G+)","N4BP2L1","down"
1.58840248931561e-09,-0.564556351044954,0.285,0.376,2.98651436041122e-05,"Intermediate B (HLA-G+)","JOSD1","down"
3.70501924034887e-09,-0.563772212795407,0.258,0.347,6.96617717570394e-05,"Intermediate B (HLA-G+)","VPS13A","down"
5.52238092246494e-20,-0.561062685670536,0.535,0.646,1.03831806104186e-15,"Intermediate B (HLA-G+)","RAPGEF1","down"
1.7881252217419e-08,-0.558274374282082,0.26,0.343,0.000336203304191912,"Intermediate B (HLA-G+)","PNPLA8","down"
2.47117179418106e-07,-0.556485454417877,0.133,0.198,0.00464629720741924,"Intermediate B (HLA-G+)","PNO1","down"
7.05112245304751e-07,-0.553132952721879,0.189,0.259,0.0132575204362199,"Intermediate B (HLA-G+)","MAZ","down"
1.49313403290985e-21,-0.553128116589873,0.49,0.629,2.80739060867711e-17,"Intermediate B (HLA-G+)","ANKRD11","down"
1.21133880513733e-07,-0.550515224984998,0.237,0.318,0.00227755922141922,"Intermediate B (HLA-G+)","TXNRD1","down"
2.22718756090723e-06,-0.549209244546209,0.187,0.255,0.0418755805201777,"Intermediate B (HLA-G+)","NUDT4","down"
1.89843683375869e-22,-0.54581933276018,0.701,0.786,3.56944093483308e-18,"Intermediate B (HLA-G+)","BIRC3","down"
7.60758941061786e-08,-0.54556422294565,0.169,0.245,0.00143037896098437,"Intermediate B (HLA-G+)","CDYL","down"
2.5557872017676e-09,-0.544227002647569,0.281,0.375,4.80539109676344e-05,"Intermediate B (HLA-G+)","REV3L","down"
2.87749205735816e-08,-0.543753093622891,0.212,0.296,0.000541026056624481,"Intermediate B (HLA-G+)","DENND5A","down"
7.56676997527563e-07,-0.543409732657897,0.204,0.276,0.0142270409075132,"Intermediate B (HLA-G+)","ARL4C","down"
2.12004623480256e-27,-0.542501669916215,0.651,0.761,3.98611093067578e-23,"Intermediate B (HLA-G+)","RFTN1","down"
8.27882026556269e-07,-0.542128534820405,0.2,0.272,0.015565837863311,"Intermediate B (HLA-G+)","MEF2D","down"
1.05870964244679e-12,-0.539715734814479,0.375,0.484,1.99058586972846e-08,"Intermediate B (HLA-G+)","WHAMM","down"
2.42028384197096e-10,-0.539617897267916,0.294,0.393,4.55061767967379e-06,"Intermediate B (HLA-G+)","AMZ2","down"
4.22544085992201e-07,-0.539222390018392,0.255,0.328,0.00794467390482535,"Intermediate B (HLA-G+)","RASGRP3","down"
1.86505790173831e-09,-0.538485847931487,0.231,0.323,3.50668186684838e-05,"Intermediate B (HLA-G+)","RBM33","down"
2.11493737460121e-11,-0.538387231662768,0.393,0.485,3.9765052517252e-07,"Intermediate B (HLA-G+)","MALT1","down"
1.42068811996385e-15,-0.537705327675994,0.567,0.653,2.67117780315603e-11,"Intermediate B (HLA-G+)","SELENOK","down"
9.65896173256648e-08,-0.537445060977014,0.179,0.255,0.00181607798495715,"Intermediate B (HLA-G+)","DLEU1","down"
1.17617701798896e-10,-0.53673019640913,0.31,0.413,2.21144802922284e-06,"Intermediate B (HLA-G+)","FCER2","down"
1.00959662637241e-07,-0.536718830550292,0.278,0.362,0.00189824357690541,"Intermediate B (HLA-G+)","SNX29","down"
4.08049672845283e-23,-0.535769083978127,0.688,0.76,7.67214994883701e-19,"Intermediate B (HLA-G+)","BCL2","down"
2.15971089746315e-24,-0.533307114491864,0.688,0.769,4.06068842941021e-20,"Intermediate B (HLA-G+)","PLEKHG1","down"
1.01092011308746e-09,-0.533099684357605,0.328,0.421,1.90073199662704e-05,"Intermediate B (HLA-G+)","BORCS5","down"
1.93453071281763e-06,-0.532893528115392,0.168,0.235,0.0363730464623971,"Intermediate B (HLA-G+)","MSL2","down"
9.13934325374254e-07,-0.532635409483609,0.204,0.275,0.0171837931856867,"Intermediate B (HLA-G+)","FYN","down"
5.91726841568043e-21,-0.53006836597725,0.669,0.766,1.11256480751623e-16,"Intermediate B (HLA-G+)","CLEC2D","down"
2.1608643605998e-08,-0.529746507365661,0.272,0.353,0.000406285717079975,"Intermediate B (HLA-G+)","GRK2","down"
1.06255270509855e-36,-0.528048836191511,0.841,0.915,1.99781159612629e-32,"Intermediate B (HLA-G+)","SIPA1L1","down"
3.82241991027493e-13,-0.52783178096806,0.419,0.518,7.18691391529892e-09,"Intermediate B (HLA-G+)","TPD52","down"
8.74852460991136e-08,-0.526450295474848,0.17,0.245,0.00164489759715553,"Intermediate B (HLA-G+)","FARP2","down"
5.70602020035122e-08,-0.525929087144282,0.321,0.405,0.00107284591807004,"Intermediate B (HLA-G+)","H1-2","down"
4.47944640666798e-08,-0.525533063673775,0.289,0.367,0.000842225513381714,"Intermediate B (HLA-G+)","NOLC1","down"
3.74905612767332e-11,-0.524910364507221,0.38,0.474,7.04897533125137e-07,"Intermediate B (HLA-G+)","SLBP","down"
1.0956958121663e-09,-0.524843773251166,0.406,0.487,2.06012726603508e-05,"Intermediate B (HLA-G+)","COL19A1","down"
2.16637819097642e-18,-0.52446374913812,0.618,0.704,4.07322427467386e-14,"Intermediate B (HLA-G+)","ARID4B","down"
3.85177423911205e-20,-0.523696308074006,0.558,0.675,7.24210592437848e-16,"Intermediate B (HLA-G+)","SRSF5","down"
1.35251357696288e-18,-0.5232273267394,0.516,0.647,2.5429960274056e-14,"Intermediate B (HLA-G+)","BRAF","down"
1.02481955194577e-11,-0.522856722261441,0.315,0.425,1.92686572156844e-07,"Intermediate B (HLA-G+)","RASSF5","down"
7.46020452527384e-11,-0.521971463201361,0.386,0.482,1.40266765484199e-06,"Intermediate B (HLA-G+)","CNOT2","down"
1.87886393521409e-07,-0.521360888199923,0.328,0.396,0.00353263997098953,"Intermediate B (HLA-G+)","PIM2","down"
5.4998889345001e-11,-0.516747316521143,0.432,0.523,1.03408911746471e-06,"Intermediate B (HLA-G+)","FAM177A1","down"
6.08165211997767e-07,-0.515211999834043,0.193,0.267,0.011434722315982,"Intermediate B (HLA-G+)","NFKBIB","down"
3.499934730646e-08,-0.515209278458698,0.279,0.366,0.00065805772805606,"Intermediate B (HLA-G+)","ISCA1","down"
2.78922141140318e-08,-0.514058007072795,0.086,0.139,0.000524429409772025,"Intermediate B (HLA-G+)","TOMM34","down"
9.70551218383232e-16,-0.514012863572698,0.572,0.66,1.82483040080415e-11,"Intermediate B (HLA-G+)","RALGAPA1","down"
8.9669003623762e-07,-0.513670009176522,0.208,0.281,0.0168595660613397,"Intermediate B (HLA-G+)","RCOR1","down"
2.14929182059914e-07,-0.511484969412266,0.304,0.386,0.00404109848109051,"Intermediate B (HLA-G+)","GBP4","down"
2.51715955588881e-12,-0.510156249086145,0.384,0.494,4.73276339698215e-08,"Intermediate B (HLA-G+)","DDT","down"
2.06402975953002e-10,-0.509314503353712,0.282,0.385,3.88078875386835e-06,"Intermediate B (HLA-G+)","RPS6KA3","down"
9.41582819907111e-07,-0.508747673162456,0.279,0.346,0.0177036401798935,"Intermediate B (HLA-G+)","CCDC50","down"
3.09461331522167e-08,-0.507995745782042,0.328,0.408,0.000581849195527978,"Intermediate B (HLA-G+)","BIRC2","down"
2.20438946625113e-07,-0.507458980548543,0.328,0.401,0.00414469307444537,"Intermediate B (HLA-G+)","ZMYM2","down"
3.09950934680708e-09,-0.50560392586972,0.453,0.507,5.82769747386667e-05,"Intermediate B (HLA-G+)","PALM2AKAP2","down"
1.41957828659362e-06,-0.502659914823574,0.24,0.314,0.0266909109445333,"Intermediate B (HLA-G+)","PABPC4","down"
1.27325994941855e-20,-0.501737612246586,0.599,0.712,2.39398335689676e-16,"Intermediate B (HLA-G+)","GPBP1","down"
1.98538846502318e-12,-0.500728959929433,0.371,0.482,3.73292739193658e-08,"Intermediate B (HLA-G+)","ZFC3H1","down"
1.08805473794316e-08,-0.500434744119583,0.362,0.451,0.000204576051828072,"Intermediate B (HLA-G+)","OSER1","down"
5.28434432001779e-08,-0.499689921719364,0.306,0.39,0.000993562419049746,"Intermediate B (HLA-G+)","SNHG5","down"
5.86011041551057e-07,-0.49878484199392,0.069,0.112,0.011018179603243,"Intermediate B (HLA-G+)","OPA3","down"
7.30790868688209e-10,-0.498225810434842,0.441,0.516,1.37403299130757e-05,"Intermediate B (HLA-G+)","HSPA5","down"
7.34045896000379e-16,-0.496919585363939,0.582,0.661,1.38015309365991e-11,"Intermediate B (HLA-G+)","DLEU2","down"
9.48157689861369e-09,-0.496575068804268,0.397,0.472,0.000178272608847735,"Intermediate B (HLA-G+)","CCNH","down"
1.01427554603383e-08,-0.496536186739705,0.338,0.422,0.00019070408816528,"Intermediate B (HLA-G+)","TRAF4","down"
1.5481438148893e-23,-0.495467915389008,0.729,0.773,2.91082000075487e-19,"Intermediate B (HLA-G+)","DDX21","down"
7.00824330972018e-09,-0.49286681165344,0.323,0.413,0.000131768990709359,"Intermediate B (HLA-G+)","TACC1","down"
6.0405355126239e-08,-0.492027572637476,0.893,0.872,0.00113574148708354,"Intermediate B (HLA-G+)","JUNB","down"
5.61740745976549e-12,-0.491062675246248,0.419,0.524,1.05618495058511e-07,"Intermediate B (HLA-G+)","DNTTIP2","down"
2.99062021086646e-08,-0.487552561862102,0.293,0.379,0.000562296412047113,"Intermediate B (HLA-G+)","DMXL1","down"
2.09087580990594e-06,-0.486574402021506,0.276,0.351,0.0393126469778515,"Intermediate B (HLA-G+)","IKZF1","down"
3.75470032447096e-07,-0.486433593621828,0.185,0.259,0.00705958755007029,"Intermediate B (HLA-G+)","PDE8A","down"
5.16041862601879e-10,-0.486196116081806,0.527,0.601,9.70261910064053e-06,"Intermediate B (HLA-G+)","RSRC2","down"
8.2718554750681e-08,-0.484765838317365,0.237,0.321,0.0015552742664223,"Intermediate B (HLA-G+)","BTAF1","down"
4.27266666293418e-07,-0.484517341333071,0.25,0.329,0.00803346785964884,"Intermediate B (HLA-G+)","ETF1","down"
8.08452543986588e-09,-0.479001896870064,0.504,0.568,0.000152005247320358,"Intermediate B (HLA-G+)","DDX3X","down"
7.78542859595814e-10,-0.478900866360833,0.398,0.483,1.46381628461205e-05,"Intermediate B (HLA-G+)","TPM4","down"
6.06125237517253e-07,-0.47820253830692,0.205,0.279,0.0113963667157994,"Intermediate B (HLA-G+)","BCL6","down"
4.78281583385408e-15,-0.475598814222416,0.516,0.632,8.99265033081245e-11,"Intermediate B (HLA-G+)","C12orf57","down"
8.96839437363646e-19,-0.474346309226366,0.627,0.709,1.68623751013113e-14,"Intermediate B (HLA-G+)","CHD2","down"
7.90026242439326e-23,-0.473197619239902,0.83,0.877,1.48540734103442e-18,"Intermediate B (HLA-G+)","ZFAS1","down"
2.86273476478944e-09,-0.469138330847827,0.448,0.536,5.38251390475711e-05,"Intermediate B (HLA-G+)","UVRAG","down"
2.8536986811219e-09,-0.468892181695097,0.387,0.48,5.3655242602454e-05,"Intermediate B (HLA-G+)","SESTD1","down"
3.38902730523877e-07,-0.468092543324095,0.139,0.204,0.00637204913930994,"Intermediate B (HLA-G+)","C21orf91","down"
1.36599375200262e-06,-0.467010748399573,0.278,0.355,0.0256834145251532,"Intermediate B (HLA-G+)","RIC1","down"
2.93385198201531e-07,-0.466937549567539,0.29,0.373,0.00551622849658519,"Intermediate B (HLA-G+)","TMEM156","down"
7.97639540274697e-10,-0.463767077961001,0.559,0.6,1.49972186362449e-05,"Intermediate B (HLA-G+)","RASGEF1B","down"
3.58739441233033e-10,-0.462754362258561,0.558,0.62,6.74501897406348e-06,"Intermediate B (HLA-G+)","ODC1","down"
2.89094558230059e-15,-0.461972857095754,0.568,0.676,5.43555588384158e-11,"Intermediate B (HLA-G+)","TANK","down"
1.35348511501532e-09,-0.46072867265894,0.338,0.438,2.5448227132518e-05,"Intermediate B (HLA-G+)","TAF7","down"
2.90153798705889e-10,-0.45840403701966,0.434,0.529,5.45547172326813e-06,"Intermediate B (HLA-G+)","ST8SIA4","down"
2.40803386759612e-12,-0.452633422258246,0.512,0.617,4.52758527785423e-08,"Intermediate B (HLA-G+)","LCP1","down"
1.24570930710665e-11,-0.452146787495297,0.401,0.512,2.34218263922192e-07,"Intermediate B (HLA-G+)","RBM4","down"
1.01027082895014e-10,-0.451898005951599,0.483,0.578,1.89951121259205e-06,"Intermediate B (HLA-G+)","ZFAND3","down"
2.01958070187761e-11,-0.450028106680954,0.432,0.54,3.79721563567027e-07,"Intermediate B (HLA-G+)","USP47","down"
2.31643956417651e-09,-0.449197293008393,0.521,0.602,4.35536966856468e-05,"Intermediate B (HLA-G+)","CDK14","down"
1.29922461823739e-14,-0.449160996411439,0.436,0.561,2.44280212720993e-10,"Intermediate B (HLA-G+)","HNRNPH3","down"
5.32342934522579e-14,-0.449125606090446,0.534,0.64,1.00091118548935e-09,"Intermediate B (HLA-G+)","CHPT1","down"
3.12126217704907e-11,-0.448346229242163,0.398,0.507,5.86859714528765e-07,"Intermediate B (HLA-G+)","CSNK1D","down"
2.74993654090358e-16,-0.447610842549531,0.872,0.884,5.17043068420692e-12,"Intermediate B (HLA-G+)","ATP6V0C","down"
5.2615280047213e-07,-0.447007460920509,0.418,0.483,0.00989272495447699,"Intermediate B (HLA-G+)","ARF4","down"
1.0248352447123e-21,-0.443414865614018,0.814,0.873,1.92689522710806e-17,"Intermediate B (HLA-G+)","RBM39","down"
3.49164414753461e-08,-0.442848188723812,0.38,0.469,0.000656498932619458,"Intermediate B (HLA-G+)","TSPAN33","down"
2.93613662491553e-09,-0.442635125032244,0.543,0.602,5.52052408216618e-05,"Intermediate B (HLA-G+)","RANBP2","down"
2.56171890465879e-07,-0.442117761777778,0.431,0.513,0.00481654388453946,"Intermediate B (HLA-G+)","LINC00926","down"
1.30738415689907e-06,-0.442042864506958,0.34,0.409,0.0245814369180162,"Intermediate B (HLA-G+)","SMC5","down"
1.67020822817814e-06,-0.441943795025896,0.295,0.369,0.0314032551062054,"Intermediate B (HLA-G+)","FXR1","down"
1.66174665138903e-07,-0.441360236223392,0.285,0.37,0.00312441605394165,"Intermediate B (HLA-G+)","PDXDC1","down"
1.42583107949773e-06,-0.440186851957282,0.262,0.338,0.0268084759567162,"Intermediate B (HLA-G+)","KAT6B","down"
1.23199873366563e-10,-0.434225974914352,0.259,0.36,2.31640401903811e-06,"Intermediate B (HLA-G+)","HMGB2","down"
1.40019241837683e-06,-0.433074392689073,0.226,0.301,0.0263264178503211,"Intermediate B (HLA-G+)","UHRF2","down"
2.69179058997022e-07,-0.432123320886895,0.233,0.313,0.00506110466726201,"Intermediate B (HLA-G+)","WDR43","down"
1.25816543684824e-06,-0.431731511393589,0.311,0.389,0.0236560265436207,"Intermediate B (HLA-G+)","TUBA1C","down"
2.43051795165382e-06,-0.428186591593909,0.145,0.204,0.045698598526995,"Intermediate B (HLA-G+)","IGF2R","down"
7.66254616048105e-26,-0.427985409343488,0.763,0.836,1.44071192909365e-21,"Intermediate B (HLA-G+)","UBE2D3","down"
1.44036945562376e-27,-0.427129304165381,0.808,0.871,2.70818265046379e-23,"Intermediate B (HLA-G+)","HNRNPC","down"
3.42686155915874e-19,-0.426539048180946,0.681,0.736,6.44318510353026e-15,"Intermediate B (HLA-G+)","IRF2BP2","down"
3.61849982442112e-08,-0.42324630345882,0.398,0.486,0.000680350336987659,"Intermediate B (HLA-G+)","RRAS2","down"
1.73991554422808e-08,-0.423124674876666,0.371,0.459,0.000327138920625763,"Intermediate B (HLA-G+)","USP12","down"
6.90923761019533e-16,-0.423119129792925,0.698,0.778,1.29907485546893e-11,"Intermediate B (HLA-G+)","LYN","down"
8.91286490618045e-09,-0.422260023450706,0.488,0.571,0.000167579685966005,"Intermediate B (HLA-G+)","ZCCHC7","down"
7.50501602492109e-29,-0.421654458030511,0.971,0.974,1.41109311300566e-24,"Intermediate B (HLA-G+)","CD83","down"
2.3010327938948e-07,-0.420061994934904,0.393,0.474,0.00432640185908101,"Intermediate B (HLA-G+)","RUNX1","down"
1.75568887212014e-10,-0.41915697316967,0.561,0.634,3.30104621736029e-06,"Intermediate B (HLA-G+)","RPL22L1","down"
1.02165226307204e-06,-0.417143766639768,0.179,0.246,0.0192091058502805,"Intermediate B (HLA-G+)","TBC1D15","down"
1.77793559382047e-07,-0.416926766913915,0.383,0.469,0.00334287450350124,"Intermediate B (HLA-G+)","PPP1R2","down"
5.65074607995083e-09,-0.416227226534742,0.367,0.464,0.000106245327795236,"Intermediate B (HLA-G+)","DAPP1","down"
1.81894367652075e-06,-0.415379028823929,0.218,0.291,0.0341997790059431,"Intermediate B (HLA-G+)","RRM2B","down"
8.21838017670555e-09,-0.413249714198057,0.263,0.355,0.000154521984082418,"Intermediate B (HLA-G+)","CLASP2","down"
8.86552833111133e-08,-0.412261462685371,0.426,0.497,0.00166689663681555,"Intermediate B (HLA-G+)","PNN","down"
2.14367771641667e-15,-0.409298850619131,0.788,0.785,4.03054284240662e-11,"Intermediate B (HLA-G+)","TUBA1B","down"
5.92492822767578e-07,-0.404446663654986,0.36,0.44,0.011140050053676,"Intermediate B (HLA-G+)","TNFRSF14","down"
9.34523326575404e-08,-0.401893265072792,0.615,0.648,0.00175709075862707,"Intermediate B (HLA-G+)","RSRP1","down"
2.54613018202093e-06,-0.399840488275623,0.391,0.462,0.0478723396823574,"Intermediate B (HLA-G+)","MORF4L2","down"
5.77481344662078e-11,-0.398035252471416,0.607,0.684,1.08578042423364e-06,"Intermediate B (HLA-G+)","GLS","down"
6.21161975975842e-08,-0.397592106046802,0.342,0.433,0.00116790874722978,"Intermediate B (HLA-G+)","UBR4","down"
2.74998048360585e-10,-0.397128849884527,0.529,0.609,5.17051330527571e-06,"Intermediate B (HLA-G+)","PTPN1","down"
3.86005997337859e-07,-0.396045096901324,0.068,0.111,0.00725768476194643,"Intermediate B (HLA-G+)","IL13RA1","down"
2.98624561147954e-07,-0.392396756819483,0.481,0.548,0.00561473899870383,"Intermediate B (HLA-G+)","NSD3","down"
7.56806896207249e-07,-0.39177359316773,0.52,0.589,0.0142294832624887,"Intermediate B (HLA-G+)","BRD2","down"
2.12304634593261e-08,-0.391731288359725,0.421,0.512,0.000399175173962249,"Intermediate B (HLA-G+)","PHF20","down"
1.36823528772568e-06,-0.389258679607182,0.263,0.339,0.0257255598798182,"Intermediate B (HLA-G+)","ARID2","down"
1.91024470733707e-71,-0.389044898095724,0.993,0.996,3.59164209873516e-67,"Intermediate B (HLA-G+)","RPL41","down"
7.5903577342464e-07,-0.388957869236161,0.456,0.517,0.0142713906119301,"Intermediate B (HLA-G+)","HNRNPAB","down"
9.53911977091045e-07,-0.388267106949663,0.334,0.413,0.0179354529932658,"Intermediate B (HLA-G+)","PLEKHB2","down"
1.53662988938659e-08,-0.385848285971459,0.458,0.546,0.000288917151802467,"Intermediate B (HLA-G+)","BAZ1A","down"
1.18020696201643e-53,-0.385263787138026,0.998,0.995,2.2190251299833e-49,"Intermediate B (HLA-G+)","HLA-C","down"
5.71537493706084e-12,-0.384312351445681,0.627,0.695,1.07460479566618e-07,"Intermediate B (HLA-G+)","BZW1","down"
1.86512866147254e-34,-0.382231657123811,0.982,0.993,3.50681490930068e-30,"Intermediate B (HLA-G+)","BTG1","down"
6.20589411635291e-09,-0.380531542882988,0.649,0.697,0.000116683221175667,"Intermediate B (HLA-G+)","SERPINB9","down"
1.15942341437646e-07,-0.378061449096023,0.535,0.584,0.00217994790371063,"Intermediate B (HLA-G+)","RABGAP1L","down"
1.45098862768668e-07,-0.377074088806295,0.508,0.577,0.00272814881777649,"Intermediate B (HLA-G+)","CSTB","down"
1.86161243513609e-06,-0.376153639527952,0.386,0.465,0.0350020370054288,"Intermediate B (HLA-G+)","OGT","down"
1.13403930820103e-06,-0.376073622960566,0.29,0.37,0.0213222070727959,"Intermediate B (HLA-G+)","ITPR1","down"
1.93869753428454e-07,-0.375105412028198,0.326,0.413,0.00364513910396179,"Intermediate B (HLA-G+)","AFF1","down"
2.23274153493031e-08,-0.37310909506509,0.564,0.632,0.000419800063397596,"Intermediate B (HLA-G+)","NFAT5","down"
1.72944868293446e-06,-0.372542958496594,0.343,0.424,0.0325170941365337,"Intermediate B (HLA-G+)","PELI1","down"
6.39418289532186e-14,-0.3670754172685,0.756,0.785,1.20223426797842e-09,"Intermediate B (HLA-G+)","PRDX1","down"
5.44480704305908e-07,-0.366615170951946,0.427,0.499,0.0102373262023597,"Intermediate B (HLA-G+)","CCT4","down"
1.69497389865106e-26,-0.365670095640299,0.882,0.907,3.18688992424372e-22,"Intermediate B (HLA-G+)","SLC25A6","down"
7.47239113756521e-10,-0.362869481349965,0.666,0.732,1.40495898168501e-05,"Intermediate B (HLA-G+)","SIK3","down"
5.36274971007616e-09,-0.362465915650885,0.537,0.62,0.000100830420048852,"Intermediate B (HLA-G+)","HIF1A","down"
7.50350303229106e-13,-0.361201867656047,0.659,0.724,1.41080864013137e-08,"Intermediate B (HLA-G+)","USP15","down"
3.67538409431313e-11,-0.359453617626286,0.502,0.61,6.91045717412755e-07,"Intermediate B (HLA-G+)","PDIA3","down"
9.97179403235144e-07,-0.35797742518206,0.447,0.524,0.0187489671396272,"Intermediate B (HLA-G+)","PEA15","down"
2.17067022661692e-07,-0.357117578274585,0.574,0.623,0.00408129416008514,"Intermediate B (HLA-G+)","CD48","down"
1.70505188760739e-08,-0.356879525085243,0.135,0.196,0.000320583855907941,"Intermediate B (HLA-G+)","PPA2","down"
2.91047038847549e-07,-0.353868047358071,0.484,0.566,0.00547226642441161,"Intermediate B (HLA-G+)","NGLY1","down"
3.3333727312694e-07,-0.350833987638236,0.185,0.252,0.00626740740933273,"Intermediate B (HLA-G+)","TIMM23","down"
1.1448452282531e-06,-0.348710544492611,0.407,0.488,0.0215253799816148,"Intermediate B (HLA-G+)","EIF1AX","down"
2.51586367320214e-10,-0.347683278948739,0.595,0.683,4.73032687835466e-06,"Intermediate B (HLA-G+)","EML4","down"
8.36504190040952e-15,-0.347175417217912,0.763,0.812,1.572795178115e-10,"Intermediate B (HLA-G+)","ELF1","down"
3.50988395975761e-07,-0.345210399510176,0.294,0.376,0.00659928382113626,"Intermediate B (HLA-G+)","USP9X","down"
3.90757903886867e-07,-0.342782242560303,0.499,0.565,0.00734703010888087,"Intermediate B (HLA-G+)","EIF4H","down"
1.03709231164721e-08,-0.341020522234642,0.64,0.714,0.000194994096435909,"Intermediate B (HLA-G+)","ADK","down"
1.56811332660047e-10,-0.33973193766903,0.726,0.782,2.9483666766742e-06,"Intermediate B (HLA-G+)","CALR","down"
1.63888839279733e-09,-0.338054639715786,0.644,0.698,3.08143795613754e-05,"Intermediate B (HLA-G+)","RAB7A","down"
6.79659366407607e-07,-0.337712837534417,0.497,0.565,0.0127789554071958,"Intermediate B (HLA-G+)","MED13L","down"
1.42887963796483e-07,-0.335666480906154,0.526,0.6,0.00268657949530148,"Intermediate B (HLA-G+)","DDX6","down"
8.31684668983111e-10,-0.335428594092598,0.812,0.835,1.56373351462205e-05,"Intermediate B (HLA-G+)","SRSF7","down"
2.99976288300667e-11,-0.335285627829674,0.715,0.741,5.64015417262914e-07,"Intermediate B (HLA-G+)","KDM6B","down"
9.49656948333565e-09,-0.332681936677805,0.588,0.665,0.000178554499425677,"Intermediate B (HLA-G+)","TAF1D","down"
5.714647958581e-67,-0.329245970236951,1,1,1.0744681091724e-62,"Intermediate B (HLA-G+)","RPL34","down"
2.8173717636749e-14,-0.327361320657928,0.83,0.857,5.29722239006155e-10,"Intermediate B (HLA-G+)","SFPQ","down"
3.42976491398656e-13,-0.327242474272396,0.916,0.939,6.44864399127754e-09,"Intermediate B (HLA-G+)","ZFP36L1","down"
3.94206057489096e-08,-0.318875649753364,0.563,0.642,0.000741186229290998,"Intermediate B (HLA-G+)","H2AZ2","down"
9.15516753310475e-07,-0.318334587498283,0.31,0.391,0.0172135459957436,"Intermediate B (HLA-G+)","VEGFB","down"
4.56555720222366e-08,-0.316390519611547,0.594,0.659,0.000858416065162092,"Intermediate B (HLA-G+)","WTAP","down"
4.53889919493859e-23,-0.314455960172064,0.946,0.956,8.53403826632353e-19,"Intermediate B (HLA-G+)","GNAS","down"
1.55504720562955e-06,-0.304793976985138,0.095,0.134,0.0292379975602467,"Intermediate B (HLA-G+)","CRY2","down"
2.25330285872691e-06,-0.304704578075819,0.503,0.571,0.0423666003497834,"Intermediate B (HLA-G+)","RSL1D1","down"
5.39538462596626e-08,-0.301973084041559,0.672,0.737,0.00101444021737418,"Intermediate B (HLA-G+)","STK17B","down"
5.82573391587295e-37,-0.30178502460902,0.997,0.995,1.09535449086243e-32,"Intermediate B (HLA-G+)","RPL21","down"
5.98173026644535e-09,-0.300232185202429,0.895,0.889,0.000112468492469705,"Intermediate B (HLA-G+)","CCR7","down"
1.27287667654887e-09,-0.297885375095538,0.657,0.711,2.39326272724719e-05,"Intermediate B (HLA-G+)","NAP1L1","down"
2.44084698377951e-07,-0.297018837618542,0.646,0.711,0.00458928049890224,"Intermediate B (HLA-G+)","PRDM2","down"
4.32528674361788e-11,-0.295232780267547,0.82,0.855,8.13240413535033e-07,"Intermediate B (HLA-G+)","RAN","down"
6.44977683182538e-07,-0.290960729762643,0.59,0.664,0.0121268703991981,"Intermediate B (HLA-G+)","HMGN2","down"
1.88223346725058e-12,-0.290563758284309,0.944,0.958,3.53897536512454e-08,"Intermediate B (HLA-G+)","PNRC1","down"
2.29049411555034e-07,-0.288724371977125,0.67,0.718,0.00430658703605775,"Intermediate B (HLA-G+)","RBM8A","down"
2.29772500004687e-10,-0.287295739829753,0.816,0.833,4.32018254508812e-06,"Intermediate B (HLA-G+)","FNBP1","down"
1.7743444431534e-06,-0.283469448841991,0.51,0.585,0.0333612242201702,"Intermediate B (HLA-G+)","TOP1","down"
1.83858796576387e-11,-0.281976073809383,0.827,0.845,3.45691309322923e-07,"Intermediate B (HLA-G+)","GPX4","down"
1.59451986053969e-06,-0.271291941220656,0.718,0.74,0.0299801624178672,"Intermediate B (HLA-G+)","TCF4","down"
8.59080287794395e-08,-0.270982493712758,0.653,0.723,0.00161524275711102,"Intermediate B (HLA-G+)","CMTM6","down"
1.7246545419563e-10,-0.270440026268683,0.919,0.922,3.24269546978624e-06,"Intermediate B (HLA-G+)","EIF4A1","down"
2.96336191964833e-07,-0.269025114225912,0.589,0.668,0.0055717130813228,"Intermediate B (HLA-G+)","RBM25","down"
5.24586682852059e-12,-0.268939200883763,0.939,0.956,9.86327881098442e-08,"Intermediate B (HLA-G+)","DDX5","down"
2.67294758063986e-07,-0.267126342223272,0.514,0.602,0.00502567604111907,"Intermediate B (HLA-G+)","PAPOLA","down"
2.97101076958255e-18,-0.26422390854024,0.946,0.958,5.5860944489691e-14,"Intermediate B (HLA-G+)","HNRNPA2B1","down"
2.10444317283283e-06,-0.263053809362861,0.695,0.698,0.0395677405356028,"Intermediate B (HLA-G+)","BASP1","down"
4.76290758993441e-07,-0.259296284123801,0.728,0.761,0.00895521885059467,"Intermediate B (HLA-G+)","SNU13","down"
6.60469381025964e-09,-5.11689275487675,0,0.015,0.000124181453020502,"Memory B","SMAD6","down"
6.06838444682492e-11,-5.01070778816965,0.001,0.024,1.14097764369202e-06,"Memory B","ENSG00000257275","down"
1.51764027674199e-23,-4.30361453022914,0.006,0.058,2.8534672483303e-19,"Memory B","ENSG00000267568","down"
1.57541637030243e-13,-3.96876782732223,0.005,0.035,2.96209785944263e-09,"Memory B","TCL6","down"
1.35004769189413e-06,-3.91947637252425,0.007,0.02,0.0253835967029934,"Memory B","IGHV3-43","down"
1.58092910579791e-75,-3.49013934558479,0.041,0.217,2.97246290472123e-71,"Memory B","SPRY1","down"
1.0823291623456e-19,-3.40509233288793,0.014,0.069,2.03499529104221e-15,"Memory B","MMP7","down"
5.68491027873684e-09,-3.25815727831285,0.005,0.025,0.00010688768306081,"Memory B","TUNAR","down"
3.14151736751434e-21,-3.24255210407103,0.018,0.073,5.90668095440046e-17,"Memory B","MAML3","down"
1.4806689720565e-13,-3.21165976972663,0.007,0.044,2.78395380126063e-09,"Memory B","LINC01013","down"
1.72443335659515e-06,-3.17764618288171,0.005,0.025,0.0324227959707021,"Memory B","IGHV1-69","down"
5.50932372639306e-68,-3.15624665574395,0.047,0.224,1.03586304703642e-63,"Memory B","TCL1A","down"
4.98859828015001e-10,-3.14608463778844,0.006,0.028,9.37956248633805e-06,"Memory B","DIPK1B","down"
2.03139004202622e-18,-3.09560306777681,0.014,0.057,3.81941955701769e-14,"Memory B","KCNG1","down"
4.29509289654011e-07,-3.07326706119047,0.005,0.02,0.00807563366407472,"Memory B","THRB","down"
6.73568238679816e-13,-2.92357284773755,0.01,0.041,1.26644300236579e-08,"Memory B","NSUN7","down"
1.20192982594575e-10,-2.91479993385109,0.019,0.046,2.2598684587432e-06,"Memory B","IGHV1-18","down"
5.24915643009611e-21,-2.86236124699128,0.025,0.088,9.86946391986671e-17,"Memory B","ENSG00000224610","down"
2.1557184199353e-38,-2.83153968437227,0.038,0.14,4.05318177316235e-34,"Memory B","IKZF2","down"
2.58459208852204e-11,-2.80843808488961,0.01,0.037,4.85955004483914e-07,"Memory B","ZBTB16","down"
3.0399014696077e-10,-2.77512628959575,0.024,0.051,5.71562274315639e-06,"Memory B","IGHV1-69D","down"
4.81908111273232e-14,-2.75405626818227,0.02,0.059,9.06083630815931e-10,"Memory B","ADARB2","down"
1.90318870190367e-08,-2.71593427547757,0.008,0.029,0.000357837539731927,"Memory B","KLRK1-AS1","down"
1.5948583235612e-17,-2.70846487819775,0.039,0.087,2.99865261995977e-13,"Memory B","IGLL5","down"
1.24713775499456e-07,-2.68427781108038,0.006,0.023,0.00234486840694076,"Memory B","ENSG00000288788","down"
1.96347917840442e-19,-2.66758969270941,0.019,0.074,3.69173355123599e-15,"Memory B","CD38","down"
1.216881704325e-07,-2.6092038155952,0.007,0.024,0.00228798098047187,"Memory B","TBXA2R","down"
3.73260508420273e-09,-2.58096559185275,0.008,0.031,7.01804407931798e-05,"Memory B","SYN3","down"
1.43573282416337e-08,-2.55774190913275,0.012,0.038,0.000269946485599197,"Memory B","IL7R","down"
2.58588408763603e-06,-2.49695025322176,0.005,0.014,0.0486197926157326,"Memory B","UACA","down"
2.50249063487025e-07,-2.38925138504782,0.009,0.029,0.00470518289168304,"Memory B","ENSG00000288531","down"
3.31397648359196e-56,-2.38553250087535,0.081,0.221,6.23093858444961e-52,"Memory B","SATB1","down"
4.3004532139289e-37,-2.37319481550476,0.055,0.155,8.08571213282912e-33,"Memory B","CRIM1","down"
9.0459786731412e-08,-2.36354827009836,0.01,0.032,0.00170082491012401,"Memory B","ENSG00000263551","down"
1.83896857812499e-06,-2.36105031204043,0.009,0.024,0.0345762872059061,"Memory B","ZNF704","down"
4.80739107420548e-17,-2.32368543319622,0.022,0.06,9.03885669772113e-13,"Memory B","APBB2","down"
6.16334604871544e-08,-2.30785793401004,0.009,0.026,0.00115883232407948,"Memory B","MMP17","down"
2.38530975559764e-21,-2.30447712264735,0.041,0.094,4.48485940247468e-17,"Memory B","CD9","down"
3.09557715964986e-07,-2.26626466927382,0.009,0.02,0.00582030417557366,"Memory B","ITGA5","down"
2.84544320146688e-09,-2.25474390883337,0.009,0.022,5.35000230739802e-05,"Memory B","FHL3","down"
7.03152284476132e-25,-2.24775131747549,0.037,0.101,1.32206692527202e-20,"Memory B","SATB1-AS1","down"
2.11317504263396e-07,-2.22205845105671,0.009,0.025,0.00397319171516037,"Memory B","NCR3LG1","down"
2.21315464981243e-24,-2.21504138452021,0.046,0.109,4.16117337257732e-20,"Memory B","LIX1-AS1","down"
5.07096867857661e-11,-2.20664793179492,0.015,0.046,9.53443530945974e-07,"Memory B","ZNF667","down"
1.07630953018014e-20,-2.17336014676657,0.034,0.093,2.0236771786447e-16,"Memory B","DSP","down"
1.76188375567751e-14,-2.10632265578599,0.026,0.068,3.31269383742485e-10,"Memory B","ARHGAP32","down"
7.60221070635688e-16,-2.07476534595816,0.03,0.074,1.42936765700922e-11,"Memory B","ATP6V1C2","down"
1.0713118814488e-08,-2.02770962153392,0.015,0.043,0.000201428059950003,"Memory B","RTN4R","down"
2.92306485303039e-11,-1.99079850243506,0.02,0.053,5.49594653666774e-07,"Memory B","FOXP1-AS1","down"
6.91014689599378e-07,-1.9857062995669,0.012,0.034,0.0129924581938475,"Memory B","ENSG00000270659","down"
7.00259807482899e-15,-1.9699773896758,0.032,0.084,1.31662849002935e-10,"Memory B","IL3RA","down"
1.43111526950165e-62,-1.96422990950984,0.151,0.344,2.690782929717e-58,"Memory B","GABARAPL1","down"
7.63103706396318e-11,-1.95810145691679,0.02,0.045,1.43478758876636e-06,"Memory B","TCF4-AS1","down"
9.03836961716741e-09,-1.95172166781171,0.015,0.031,0.000169939425541982,"Memory B","ENSG00000232124","down"
7.88663237750633e-37,-1.93692333111856,0.079,0.18,1.48284461961874e-32,"Memory B","ABCB1","down"
4.84316179768462e-09,-1.90922287505077,0.022,0.049,9.10611281200663e-05,"Memory B","ARRDC4","down"
6.39155725673923e-12,-1.88713630159252,0.031,0.068,1.20174059541211e-07,"Memory B","EMP1","down"
5.77910823547612e-09,-1.88226231838808,0.016,0.036,0.000108658793043422,"Memory B","NREP","down"
2.19396508673651e-228,-1.8743942132126,0.449,0.805,4.12509315608198e-224,"Memory B","YBX3","down"
6.26229221871294e-23,-1.85385365179623,0.053,0.122,1.17743618296241e-18,"Memory B","INSR","down"
4.88075708439963e-92,-1.83388524005866,0.225,0.435,9.17679947008818e-88,"Memory B","FCER2","down"
3.20252036778412e-07,-1.82969125636253,0.019,0.034,0.00602137879550769,"Memory B","TTTY14","down"
1.31367947179296e-30,-1.82260145467091,0.066,0.151,2.46998014286512e-26,"Memory B","ZNF318","down"
5.32172075821714e-54,-1.80680936047462,0.132,0.258,1.00058993695999e-49,"Memory B","XYLT1","down"
8.56784450366782e-99,-1.79377276843081,0.227,0.487,1.61092612357962e-94,"Memory B","IGHD","down"
6.81257176574765e-36,-1.78620573289248,0.134,0.261,1.28089974339587e-31,"Memory B","H1-10","down"
8.9559125433788e-28,-1.7842412280971,0.063,0.163,1.68389067640608e-23,"Memory B","HLA-G","down"
5.88953994644266e-20,-1.75797742819763,0.051,0.113,1.10735130073015e-15,"Memory B","ENSG00000277855","down"
1.92368733429387e-07,-1.7406866617886,0.012,0.019,0.00361691692593934,"Memory B","CASP4LP","down"
2.61098230130562e-32,-1.73548899631669,0.106,0.21,4.90916892291482e-28,"Memory B","PDE3B","down"
9.37957417749932e-27,-1.73185587859922,0.059,0.117,1.76354753685342e-22,"Memory B","CMTM3","down"
6.04926707507508e-09,-1.72291271802067,0.023,0.047,0.000113738319545562,"Memory B","MIR223HG","down"
2.20237517508417e-12,-1.71315723261577,0.027,0.058,4.14090580419326e-08,"Memory B","SEMA4A","down"
7.06434608850894e-09,-1.70952530055093,0.016,0.034,0.000132823835156145,"Memory B","TREML2","down"
1.04863247935576e-20,-1.70837513950994,0.051,0.11,1.97163878768471e-16,"Memory B","ZNF667-AS1","down"
6.96651999321202e-08,-1.70461203520986,0.025,0.05,0.00130984508912372,"Memory B","CABLES1","down"
1.14767417868773e-08,-1.6803127235188,0.022,0.043,0.000215785699076867,"Memory B","LAIR1","down"
1.98877906280379e-07,-1.67280655900072,0.017,0.037,0.00373930239388368,"Memory B","ITGB3","down"
4.46841747177837e-11,-1.66435988971731,0.031,0.056,8.40151853043769e-07,"Memory B","ENSG00000255240","down"
1.58197256736439e-10,-1.66244185117935,0.028,0.047,2.97442482115852e-06,"Memory B","PSD3","down"
2.09454343592905e-11,-1.63495081767165,0.036,0.072,3.9381605682338e-07,"Memory B","MIR181A1HG","down"
1.34796114657509e-13,-1.61974816188533,0.061,0.096,2.53443654779049e-09,"Memory B","NRARP","down"
1.00848532795433e-23,-1.61748690718748,0.07,0.134,1.89615411361973e-19,"Memory B","HMCES","down"
9.87402642499183e-12,-1.61669113383122,0.034,0.061,1.85651444842696e-07,"Memory B","PHLDB2","down"
9.64471703703988e-10,-1.6145157859335,0.049,0.063,1.81339969730424e-05,"Memory B","IGHV4-61","down"
5.14455164893639e-15,-1.60094403855841,0.041,0.079,9.6727860103302e-11,"Memory B","CNN3","down"
9.25201705823335e-45,-1.58914184250096,0.156,0.293,1.73956424728904e-40,"Memory B","ST6GALNAC3","down"
7.5717903984295e-34,-1.58862344629144,0.106,0.188,1.42364803071272e-29,"Memory B","JUP","down"
4.60585508628816e-26,-1.58791654644034,0.078,0.159,8.659928733239e-22,"Memory B","ENSG00000287378","down"
8.13450461654334e-07,-1.58719090327621,0.034,0.038,0.0152944955800248,"Memory B","IGHV3-7","down"
5.81595773217481e-07,-1.56990962520125,0.016,0.033,0.0109351637280351,"Memory B","TRABD2A","down"
1.28428365266765e-39,-1.56682737238175,0.127,0.241,2.41471012374571e-35,"Memory B","SLC39A8","down"
3.75300981541873e-43,-1.56667584886232,0.127,0.228,7.05640905495029e-39,"Memory B","BCL7A","down"
1.62968761541166e-20,-1.5655160088907,0.073,0.138,3.06413865449701e-16,"Memory B","CD200","down"
1.00589114098665e-08,-1.54017314986819,0.025,0.053,0.00018912765232831,"Memory B","KLF3-AS1","down"
3.14337208967826e-08,-1.52787190162077,0.021,0.031,0.000591016820301306,"Memory B","SYT17","down"
9.80401396050297e-07,-1.50427262480449,0.013,0.019,0.0184335070485377,"Memory B","MTCL1","down"
2.82856217028595e-08,-1.50328155912293,0.055,0.069,0.000531826259257164,"Memory B","IGHV4-39","down"
4.18886983884903e-29,-1.49548393919188,0.114,0.185,7.87591307100394e-25,"Memory B","SKAP1","down"
1.16338831966543e-67,-1.49384107284695,0.329,0.5,2.18740271863495e-63,"Memory B","FILIP1L","down"
8.00157652635318e-18,-1.47270034555317,0.061,0.111,1.50445641848493e-13,"Memory B","CCDC200","down"
5.90466299816641e-13,-1.46691887158963,0.036,0.058,1.11019473691525e-08,"Memory B","HOMER2","down"
1.82711853394853e-26,-1.46679130061688,0.119,0.207,3.43534826753002e-22,"Memory B","GPR18","down"
2.54236420994981e-57,-1.46245435855112,0.292,0.425,4.78015318754764e-53,"Memory B","SELL","down"
5.02925391664501e-52,-1.45733960387234,0.245,0.37,9.45600321407595e-48,"Memory B","FCRL1","down"
1.10355946716738e-35,-1.45374907116446,0.12,0.216,2.07491251016811e-31,"Memory B","CTNND1","down"
6.67986841651775e-19,-1.45354171664873,0.07,0.127,1.25594885967367e-14,"Memory B","ACSM1","down"
3.62421346685907e-41,-1.43633773193323,0.165,0.278,6.81424616038842e-37,"Memory B","PDE4A","down"
6.58781786072484e-07,-1.43380648626252,0.019,0.031,0.0123864151417348,"Memory B","RNF122","down"
4.86957933031938e-74,-1.43146984396917,0.345,0.503,9.15578305686649e-70,"Memory B","COL19A1","down"
2.98703412353713e-13,-1.43082384867124,0.048,0.081,5.61622155907451e-09,"Memory B","SLC2A5","down"
9.2014770627082e-14,-1.41965562489091,0.081,0.129,1.7300617173304e-09,"Memory B","ENSG00000287092","down"
5.35378321598129e-35,-1.40690760447173,0.143,0.237,1.0066183202688e-30,"Memory B","SORL1","down"
3.72661090815589e-12,-1.40538578370933,0.043,0.079,7.00677382951471e-08,"Memory B","ENSG00000289974","down"
7.97370727559332e-07,-1.40373293703005,0.023,0.047,0.0149921644195706,"Memory B","HS3ST3B1","down"
8.08160905679719e-25,-1.39746226109223,0.102,0.176,1.51950413485901e-20,"Memory B","TSPAN13","down"
6.27697602226812e-09,-1.39101047160227,0.023,0.036,0.000118019703170685,"Memory B","ENSG00000286153","down"
7.97428630982424e-10,-1.39075122316823,0.045,0.069,1.49932531197315e-05,"Memory B","CA2","down"
9.70359265103473e-11,-1.38969364437035,0.041,0.071,1.82446949024755e-06,"Memory B","SERPINE2","down"
7.18650089448516e-14,-1.38630854029033,0.052,0.088,1.3512058981811e-09,"Memory B","SCML1","down"
3.04733039606918e-19,-1.37382511817228,0.077,0.125,5.72959061068928e-15,"Memory B","RNF24","down"
1.05127863675647e-39,-1.3731746013225,0.139,0.225,1.97661409282952e-35,"Memory B","OGFRL1","down"
3.36829147498041e-08,-1.37112364448879,0.023,0.037,0.000633306163125817,"Memory B","RELL1","down"
2.01992930237325e-09,-1.37027769142454,0.023,0.036,3.79787107432218e-05,"Memory B","ZNF135","down"
1.19762058583693e-19,-1.36138216493465,0.079,0.129,2.2517662254906e-15,"Memory B","P2RX1","down"
7.06620716798459e-13,-1.36047750397827,0.284,0.312,1.32858827172446e-08,"Memory B","FOS","down"
2.75188560171275e-21,-1.34067357221659,0.088,0.143,5.17409530834031e-17,"Memory B","PDE7B","down"
3.42141205309073e-09,-1.33789556429819,0.027,0.042,6.4329389422212e-05,"Memory B","HDGFL3","down"
1.10842653325664e-11,-1.33476251598222,0.059,0.095,2.08406356782914e-07,"Memory B","H2BC18","down"
1.6388284675452e-12,-1.33228925748853,0.043,0.075,3.08132528467849e-08,"Memory B","ENSG00000176593","down"
1.59550907126215e-16,-1.32975379770209,0.063,0.094,2.99987615578709e-12,"Memory B","IRS2","down"
5.82279727567072e-40,-1.32837681335716,0.191,0.29,1.09480234377161e-35,"Memory B","MXI1","down"
7.34961371293412e-29,-1.31224042794973,0.116,0.186,1.38187437030587e-24,"Memory B","DPYD","down"
4.25775820574961e-127,-1.30477051250371,0.638,0.798,8.00543697845043e-123,"Memory B","CMSS1","down"
3.3340144054209e-119,-1.29383941391518,0.604,0.782,6.26861388507237e-115,"Memory B","AFF3","down"
8.52452929485561e-08,-1.28739218575051,0.032,0.049,0.00160278199801875,"Memory B","IGHV3-33","down"
4.12797264406179e-11,-1.24839639705494,0.045,0.07,7.76141416536497e-07,"Memory B","MAMLD1","down"
5.4117570947994e-21,-1.24784094031989,0.097,0.153,1.01751856896418e-16,"Memory B","C1orf162","down"
3.36668270363455e-52,-1.24481627897223,0.289,0.392,6.33003681937368e-48,"Memory B","GBP4","down"
2.05514336406663e-22,-1.24316679087847,0.121,0.187,3.86408055311807e-18,"Memory B","MCTP2","down"
1.94269067461102e-45,-1.23442930835236,0.33,0.469,3.65264700640363e-41,"Memory B","CLEC2B","down"
1.85224225270616e-07,-1.21830761159371,0.021,0.031,0.00348258588353812,"Memory B","ZNF347","down"
1.66123125944632e-07,-1.21414754473255,0.023,0.034,0.00312344701401097,"Memory B","ERFL","down"
1.315765268824e-26,-1.21045239339513,0.302,0.383,2.47390185844289e-22,"Memory B","CHMP1B","down"
6.95322356379282e-09,-1.20921548056787,0.029,0.039,0.000130734509446433,"Memory B","AFF2","down"
2.52764473561839e-14,-1.20371413862083,0.061,0.093,4.7524776319097e-10,"Memory B","RETREG1","down"
1.10929191582695e-27,-1.20088411461579,0.131,0.198,2.08569066013782e-23,"Memory B","IL6ST","down"
6.56633791578076e-11,-1.1970116385953,0.077,0.119,1.2346028549251e-06,"Memory B","PCDH9","down"
6.22412405992583e-12,-1.18874062172356,0.05,0.064,1.17025980574725e-07,"Memory B","ABCA1","down"
1.45621593126088e-16,-1.18763958825655,0.128,0.199,2.73797719395671e-12,"Memory B","PGAP1","down"
1.6578717133538e-14,-1.18728632776479,0.097,0.163,3.11713039544782e-10,"Memory B","AREG","down"
8.25819487607598e-52,-1.18229124460586,0.299,0.396,1.55270580059981e-47,"Memory B","BEST1","down"
2.02274817104274e-23,-1.17850357068335,0.113,0.171,3.80317111119456e-19,"Memory B","YPEL2","down"
2.08275497374489e-20,-1.17788418693674,0.138,0.202,3.91599590163514e-16,"Memory B","IGFBP4","down"
1.85103718992303e-12,-1.16937613440925,0.231,0.216,3.48032012449328e-08,"Memory B","DNAJB1","down"
6.76555289287818e-12,-1.15118327444632,0.087,0.139,1.27205925491896e-07,"Memory B","KHDRBS2","down"
4.06802202904282e-64,-1.14949496786345,0.353,0.49,7.64869501900631e-60,"Memory B","SESTD1","down"
4.51661632747499e-24,-1.1464452170214,0.149,0.196,8.49214201891847e-20,"Memory B","VAV3","down"
1.50162395181939e-06,-1.13727962034742,0.021,0.03,0.0282335335421081,"Memory B","FANCB","down"
3.08416991015715e-48,-1.137073634082,0.271,0.384,5.79885626507748e-44,"Memory B","KLHL2","down"
8.40552248758835e-19,-1.13491297067362,0.094,0.125,1.58040633811636e-14,"Memory B","CALHM6","down"
5.93185823475628e-18,-1.13323728669175,0.084,0.118,1.11530798529888e-13,"Memory B","C1orf112","down"
3.55236334995552e-07,-1.13295439109142,0.018,0.025,0.00667915357058637,"Memory B","FZD6","down"
1.12290668444858e-15,-1.12992373436504,0.07,0.102,2.11128914810022e-11,"Memory B","ADARB1","down"
4.77528554671224e-08,-1.11811898120403,0.03,0.041,0.000897849188492834,"Memory B","ENSG00000250075","down"
8.62502648700058e-28,-1.11739367233935,0.224,0.343,1.62167748008585e-23,"Memory B","ACSM3","down"
9.35357244239257e-10,-1.11342769362832,0.037,0.055,1.75865869061865e-05,"Memory B","ZNF563","down"
1.05066105897352e-11,-1.10857960264319,0.077,0.109,1.97545292308201e-07,"Memory B","PELI2","down"
4.26617348986363e-109,-1.10290328711067,0.646,0.752,8.02125939564159e-105,"Memory B","TMEM123","down"
1.75707644427858e-11,-1.09840330572175,0.064,0.089,3.30365513053258e-07,"Memory B","P2RY14","down"
5.12461482894331e-67,-1.09645964749998,0.694,0.712,9.63530080137921e-63,"Memory B","ATP1B3","down"
1.13337770387523e-06,-1.09198076792402,0.019,0.024,0.0213097675882622,"Memory B","TMPO-AS1","down"
1.78558519048005e-23,-1.09194078773249,0.166,0.213,3.35725727514059e-19,"Memory B","CASP9","down"
8.64372712710921e-40,-1.08927515820864,0.313,0.401,1.62519357443907e-35,"Memory B","INSIG2","down"
4.80066960099663e-23,-1.0886570492955,0.127,0.175,9.02621898379387e-19,"Memory B","EIF2AK4","down"
2.5398837484994e-25,-1.0861427364692,0.414,0.45,4.77548942392856e-21,"Memory B","DUSP1","down"
1.96408087944813e-10,-1.08537500284404,0.052,0.07,3.69286486953837e-06,"Memory B","ARMH1","down"
7.74859112568571e-08,-1.07607600605684,0.042,0.064,0.00145689010345143,"Memory B","EEF1A2","down"
5.51627020970567e-08,-1.06924795162183,0.039,0.05,0.00103716912482886,"Memory B","RNF125","down"
4.19718069958868e-27,-1.06226187339982,0.203,0.278,7.89153915136663e-23,"Memory B","ARL4C","down"
7.51508881781124e-12,-1.05112642296537,0.09,0.136,1.41298699952487e-07,"Memory B","KHDRBS3","down"
4.06696427550211e-33,-1.05108557582776,0.122,0.152,7.64670623079907e-29,"Memory B","CYP2R1","down"
1.41014531192666e-10,-1.04207086846718,0.038,0.049,2.65135521548451e-06,"Memory B","ENSG00000238142","down"
3.61753758249753e-36,-1.04090155612111,0.203,0.227,6.80169416261185e-32,"Memory B","PLPP5","down"
1.88504022162961e-06,-1.03297386121098,0.027,0.036,0.03544252624708,"Memory B","DIRAS1","down"
1.08067956572948e-13,-1.02992781020142,0.051,0.07,2.03189371948457e-09,"Memory B","ENSG00000226455","down"
2.38980990830775e-14,-1.02916286852142,0.061,0.077,4.49332058960024e-10,"Memory B","ENSG00000258623","down"
1.86243437480151e-07,-1.02269799796833,0.041,0.054,0.00350174911150181,"Memory B","ENSG00000250850","down"
3.69881860664876e-30,-1.01929002567993,0.209,0.278,6.95451874422101e-26,"Memory B","SC5D","down"
7.45221455902919e-09,-1.01898194487021,0.032,0.044,0.000140116538138867,"Memory B","RARA-AS1","down"
1.46798557279752e-14,-1.01252914160082,0.059,0.073,2.76010647397391e-10,"Memory B","ZNF844","down"
5.90880014030427e-31,-1.01163338640963,0.153,0.199,1.11097260238001e-26,"Memory B","CDCA7L","down"
2.01782052610683e-08,-1.00816803474277,0.03,0.036,0.000379390615318607,"Memory B","MCM8","down"
6.54617573406289e-09,-1.00796142372522,0.026,0.033,0.00012308119615185,"Memory B","ZNF677","down"
4.27474011152715e-58,-1.0076871744757,0.68,0.767,8.03736635769334e-54,"Memory B","JUN","down"
1.89124613799507e-09,-1.00759009509101,0.043,0.055,3.55592098865833e-05,"Memory B","SH3BP2","down"
5.77550582357527e-146,-1.00617298305094,0.999,0.997,1.08591060494862e-141,"Memory B","FTH1","down"
6.93863689813877e-07,-1.00528056486291,0.038,0.054,0.0130460250958805,"Memory B","PITPNM2","down"
3.67510031375175e-07,-1.00421933269304,0.038,0.051,0.00690992360991604,"Memory B","IGHV3-21","down"
4.14906656164876e-07,-1.00255044617127,0.026,0.034,0.00780107494921199,"Memory B","TMEM220","down"
2.70455241439007e-07,-1.00248448409922,0.035,0.045,0.00508509944953621,"Memory B","VAV3-AS1","down"
3.26672870429493e-33,-0.997877874733868,0.191,0.264,6.14210330981532e-29,"Memory B","ZSCAN18","down"
2.25681077863098e-22,-0.985124110328257,0.07,0.079,4.24325562598198e-18,"Memory B","KCNA3","down"
2.15286748576945e-06,-0.982065183571865,0.052,0.083,0.0404782144674373,"Memory B","KLRK1","down"
5.40619834695364e-15,-0.981804005804493,0.07,0.089,1.01647341319422e-10,"Memory B","SGK3","down"
2.44315377687158e-10,-0.979170937220396,0.047,0.064,4.59361773127394e-06,"Memory B","LINC00963","down"
2.8215518260506e-08,-0.977784094274762,0.041,0.052,0.000530508174334033,"Memory B","PRICKLE1","down"
1.05318816589566e-25,-0.974051456877143,0.216,0.245,1.98020438951702e-21,"Memory B","TXNDC5","down"
3.46309421132829e-15,-0.970291449153986,0.073,0.093,6.51130973613945e-11,"Memory B","TMEM263","down"
2.07941999246303e-19,-0.969732606099733,0.099,0.128,3.909725469829e-15,"Memory B","ENSG00000278158","down"
4.45573734297958e-54,-0.964939402160801,0.409,0.518,8.37767735227021e-50,"Memory B","ABLIM1","down"
9.21638207724875e-15,-0.964720187074403,0.111,0.155,1.73286415816431e-10,"Memory B","L3MBTL4","down"
2.68114573463867e-18,-0.962417419152377,0.121,0.155,5.04109021026763e-14,"Memory B","AGPAT4","down"
7.28768240627544e-18,-0.956697041864959,0.139,0.17,1.37023004602791e-13,"Memory B","PKP4","down"
7.50080804035948e-25,-0.955934696175375,0.169,0.232,1.41030192774839e-20,"Memory B","BTLA","down"
1.13599941042127e-55,-0.954290955736536,0.329,0.375,2.13590609147408e-51,"Memory B","MAD1L1","down"
2.83645427678969e-08,-0.951653924098778,0.054,0.076,0.000533310133121998,"Memory B","GCNT1","down"
1.01027140995246e-06,-0.950075607916752,0.016,0.016,0.0189951230499262,"Memory B","ENSG00000274460","down"
6.51239823962487e-14,-0.948387314288917,0.076,0.095,1.22446111701427e-09,"Memory B","ENSG00000272256","down"
2.03281330629541e-25,-0.945263340888728,0.126,0.148,3.82209557849663e-21,"Memory B","KANSL1L","down"
2.41216643307777e-70,-0.943532137729993,0.58,0.666,4.53535532747283e-66,"Memory B","RUBCNL","down"
2.74348326813017e-08,-0.941620244807476,0.04,0.054,0.000515829724073835,"Memory B","ALDH2","down"
3.18290178937734e-07,-0.940844784276384,0.032,0.038,0.00598449194438728,"Memory B","ENSG00000283674","down"
6.01895775667436e-11,-0.938295181261775,0.093,0.13,1.13168443740991e-06,"Memory B","NRP2","down"
1.05635194819477e-07,-0.937603752258368,0.03,0.037,0.00198615293299581,"Memory B","C1orf56","down"
1.11950606810136e-06,-0.937244720078583,0.034,0.042,0.0210489530924418,"Memory B","AKAP7","down"
1.35560923696979e-06,-0.936718000467406,0.027,0.032,0.0254881648735061,"Memory B","SGO2","down"
6.81873657089059e-34,-0.930471820596868,0.322,0.431,1.28205885005885e-29,"Memory B","STMN1","down"
3.96608765938951e-31,-0.929573856966398,0.319,0.407,7.45703801718415e-27,"Memory B","H1-2","down"
2.42348377597589e-07,-0.92940653197359,0.034,0.041,0.00455663419558987,"Memory B","TMEM241","down"
2.57286953995047e-10,-0.927799150300136,0.057,0.079,4.83750930901488e-06,"Memory B","TIMP2","down"
1.5501159792989e-41,-0.924025782987319,0.297,0.345,2.9145280642778e-37,"Memory B","NEIL1","down"
5.30412111021889e-51,-0.921321929445501,0.31,0.356,9.97280851143356e-47,"Memory B","SNX29","down"
2.09838319178976e-09,-0.921273277718416,0.072,0.099,3.94538007720311e-05,"Memory B","MID1IP1","down"
3.00556310123056e-10,-0.920125261768868,0.045,0.057,5.65105974293371e-06,"Memory B","HEBP1","down"
1.06394602240406e-22,-0.917791349484958,0.199,0.282,2.00043131132411e-18,"Memory B","BCL6","down"
6.42998365732506e-12,-0.916927352728879,0.066,0.09,1.20896552725026e-07,"Memory B","LINC01678","down"
5.87387971385854e-41,-0.915928534776804,0.371,0.481,1.10440686379968e-36,"Memory B","KLF3","down"
5.44759431106027e-23,-0.913768487915874,0.141,0.173,1.02425668236555e-18,"Memory B","PHLPP1","down"
2.68036143440606e-49,-0.912062457084131,0.478,0.643,5.03961556897028e-45,"Memory B","IGHM","down"
2.61912449750948e-33,-0.91174732305425,0.181,0.215,4.92447788021732e-29,"Memory B","TAPT1","down"
3.65095899689984e-08,-0.907668115279734,0.063,0.087,0.000686453310597108,"Memory B","CYTH3","down"
8.61188415462964e-22,-0.906746776234288,0.206,0.246,1.61920645875346e-17,"Memory B","POLB","down"
2.55096204624878e-06,-0.90593987858543,0.034,0.038,0.0479631883935696,"Memory B","ETS2","down"
4.35038124041919e-26,-0.902413403677374,0.152,0.178,8.17958680823617e-22,"Memory B","ABCB4","down"
4.18714019760432e-30,-0.902194942456013,0.206,0.259,7.87266099953564e-26,"Memory B","C16orf74","down"
7.53816308752894e-62,-0.901146501540466,0.48,0.601,1.41732542371719e-57,"Memory B","PRKCE","down"
3.45796784457124e-07,-0.893829910075191,0.031,0.04,0.00650167114136285,"Memory B","UBL7-DT","down"
5.4328330698076e-22,-0.893789096626088,0.122,0.15,1.02148127378523e-17,"Memory B","ENSG00000256152","down"
7.5973522053621e-14,-0.89238773928969,0.047,0.051,1.42845416165218e-09,"Memory B","ENSG00000287382","down"
1.05355040817978e-11,-0.891309120320972,0.085,0.106,1.98088547745962e-07,"Memory B","CTNNAL1","down"
1.53995069268788e-17,-0.889902587641547,0.133,0.223,2.89541529239176e-13,"Memory B","HLA-DQA2","down"
4.32772430829501e-65,-0.889869334192074,0.605,0.664,8.13698724445628e-61,"Memory B","ADAM28","down"
2.18043555190776e-06,-0.885383047856291,0.025,0.032,0.0409965492469696,"Memory B","ENSG00000267469","down"
2.25753827521456e-19,-0.881709553437437,0.115,0.149,4.24462346505841e-15,"Memory B","CLCF1","down"
7.48227035978339e-13,-0.87933669856586,0.045,0.051,1.40681647304647e-08,"Memory B","NOD1","down"
2.83418355131447e-11,-0.877549037754738,0.071,0.09,5.32883191318147e-07,"Memory B","PTPRE","down"
1.86419193333081e-21,-0.875126973620957,0.131,0.156,3.50505367304858e-17,"Memory B","BAZ2B","down"
6.07247659262576e-07,-0.874318783303878,0.045,0.035,0.011417470489455,"Memory B","IGHV4-31","down"
1.24733590987957e-10,-0.872849865716319,0.049,0.06,2.34524097775557e-06,"Memory B","CLN8-AS1","down"
2.43110734603989e-40,-0.872418120403338,0.218,0.243,4.57096803202421e-36,"Memory B","PIK3IP1","down"
1.45843837837873e-06,-0.868905150248156,0.033,0.04,0.0274215583902769,"Memory B","REPS2","down"
2.44492607056651e-07,-0.868857460362337,0.026,0.031,0.00459694999787915,"Memory B","LINGO3","down"
4.08550996854034e-08,-0.868369354554638,0.061,0.074,0.000768157584284954,"Memory B","IGKV3-11","down"
1.34589923691506e-11,-0.866185658487313,0.045,0.055,2.53055974524769e-07,"Memory B","ZNF516","down"
6.67515670697654e-08,-0.864789335376416,0.038,0.042,0.00125506296404573,"Memory B","ENSG00000223969","down"
2.20532456860801e-11,-0.864731919465918,0.043,0.051,4.14645125389678e-07,"Memory B","CDKL5","down"
6.71458991994162e-89,-0.86425361198403,0.867,0.921,1.26247719674742e-84,"Memory B","CD55","down"
1.97574549499721e-52,-0.860570876176901,0.517,0.658,3.71479667969376e-48,"Memory B","PMEPA1","down"
1.36027919327961e-19,-0.859690712995794,0.231,0.267,2.55759693920433e-15,"Memory B","H2AC6","down"
4.26591079875059e-24,-0.85864770765391,0.228,0.305,8.02076548381086e-20,"Memory B","C12orf42","down"
3.14461184603223e-13,-0.856986611248943,0.101,0.119,5.9124991929098e-09,"Memory B","CERS6","down"
5.17296991552848e-17,-0.856873591503893,0.073,0.086,9.72621803517664e-13,"Memory B","TBC1D16","down"
4.40106115629114e-09,-0.852390671120247,0.043,0.051,8.2748751860586e-05,"Memory B","LETM2","down"
1.7736103025444e-38,-0.851583734215653,0.295,0.324,3.33474209084399e-34,"Memory B","NIBAN3","down"
5.63008367540336e-12,-0.851489190981067,0.068,0.081,1.05856833264934e-07,"Memory B","APBB3","down"
2.08577368873143e-06,-0.84795040697679,0.016,0.016,0.0392167168955284,"Memory B","ENSG00000237461","down"
8.17844431496457e-21,-0.845483714222807,0.099,0.116,1.53771110009964e-16,"Memory B","GIHCG","down"
7.30025471123719e-18,-0.84523349797203,0.134,0.152,1.37259389080682e-13,"Memory B","TPST1","down"
7.76313518501028e-08,-0.844296128925285,0.046,0.058,0.00145962467748563,"Memory B","CEP68","down"
8.20963181292872e-11,-0.841939506152567,0.035,0.038,1.54357497346686e-06,"Memory B","ENSG00000290796","down"
1.78762266518917e-11,-0.836514653958283,0.097,0.13,3.36108813508868e-07,"Memory B","NUMBL","down"
9.60093092330384e-18,-0.834099380383477,0.144,0.169,1.80516703219959e-13,"Memory B","ZDBF2","down"
5.66846287186662e-22,-0.829647775579041,0.11,0.128,1.06578438916836e-17,"Memory B","SLC5A6","down"
1.02592884480696e-42,-0.828643470100102,0.538,0.577,1.92895141400604e-38,"Memory B","VPS37B","down"
6.37553153525957e-08,-0.825989411478681,0.034,0.038,0.0011987274392595,"Memory B","LINC01684","down"
4.74045068599091e-14,-0.81191717224306,0.067,0.078,8.91299537980011e-10,"Memory B","EFCAB5","down"
3.25470653405094e-23,-0.811219114051641,0.189,0.241,6.11949922532257e-19,"Memory B","KLF7","down"
4.23526107086643e-08,-0.800600393411598,0.051,0.062,0.000796313786544306,"Memory B","SLC30A4","down"
1.92284739681308e-14,-0.800248973451026,0.195,0.241,3.61533767548796e-10,"Memory B","H1-3","down"
2.03204061867496e-45,-0.797842937333127,0.324,0.36,3.82064277123267e-41,"Memory B","IL4R","down"
9.71250217256405e-11,-0.790535174035727,0.039,0.045,1.82614465848549e-06,"Memory B","AKIP1","down"
1.29779907801843e-09,-0.788715607035813,0.082,0.101,2.44012182649024e-05,"Memory B","ZHX3","down"
4.10316291410856e-09,-0.788183068342661,0.047,0.056,7.71476691110692e-05,"Memory B","CHML","down"
4.37035467159815e-38,-0.787628420402124,0.332,0.379,8.21714085353884e-34,"Memory B","PAK1","down"
4.32028349619225e-147,-0.786362726247059,0.986,0.976,8.12299702954066e-143,"Memory B","RPS26","down"
1.85355244940001e-14,-0.785607650775198,0.093,0.111,3.4850493153619e-10,"Memory B","KLF9","down"
3.90628392716415e-42,-0.783323880973962,0.339,0.391,7.34459503985403e-38,"Memory B","HGSNAT","down"
1.5963245798367e-19,-0.781016560386026,0.146,0.172,3.00140947500897e-15,"Memory B","DNMBP","down"
1.70950164438919e-09,-0.776672603244266,0.028,0.029,3.21420499178056e-05,"Memory B","OMD","down"
2.31449558154788e-08,-0.775754940582534,0.026,0.026,0.000435171459242632,"Memory B","DTX4","down"
2.51558073968692e-31,-0.772539940902849,0.522,0.626,4.72979490675935e-27,"Memory B","MYADM","down"
4.22636261530528e-13,-0.771364580931905,0.06,0.066,7.94640698929699e-09,"Memory B","TUBD1","down"
2.21965163569721e-57,-0.770970747179534,0.483,0.53,4.1733890054379e-53,"Memory B","RERE","down"
1.22097314924375e-06,-0.769785603041055,0.034,0.036,0.0229567371520809,"Memory B","PECAM1","down"
2.7851999314988e-24,-0.769582322618595,0.171,0.157,5.23673291120405e-20,"Memory B","TIPARP","down"
2.05045639796941e-11,-0.768693256009557,0.112,0.119,3.85526811946208e-07,"Memory B","RNF144B","down"
5.68579904509432e-36,-0.768062375754515,0.371,0.439,1.06904393645863e-31,"Memory B","FADS3","down"
8.37267397115655e-27,-0.767610620256981,0.284,0.344,1.57423016005685e-22,"Memory B","SLC49A4","down"
1.31868413821473e-19,-0.767448727185382,0.287,0.34,2.47938991667134e-15,"Memory B","RHOB","down"
1.86029974811232e-07,-0.765104836935592,0.024,0.025,0.00349773558640079,"Memory B","ENSG00000264895","down"
5.90131861660136e-20,-0.762040267803934,0.113,0.126,1.10956592629339e-15,"Memory B","TTC9","down"
1.00861665409497e-18,-0.758712131655417,0.228,0.151,1.89640103302937e-14,"Memory B","HSPA1B","down"
7.84660823051229e-07,-0.752563412460997,0.027,0.028,0.0147531927950092,"Memory B","HTRA4","down"
5.11298807190523e-12,-0.752497606740998,0.292,0.284,9.61344017279622e-08,"Memory B","FOSB","down"
1.19653218270091e-12,-0.749179856329822,0.048,0.049,2.24971980991425e-08,"Memory B","GPR160","down"
3.00468506477705e-38,-0.747630478290832,0.355,0.406,5.64940885879381e-34,"Memory B","SMAD3","down"
1.80559572275409e-07,-0.744556000276189,0.031,0.035,0.00339488107792225,"Memory B","RADX","down"
2.99605845319492e-15,-0.744432136007555,0.106,0.122,5.6331891036971e-11,"Memory B","MTMR10","down"
6.28748967623642e-07,-0.740378419301171,0.03,0.034,0.0118217380892597,"Memory B","C17orf97","down"
5.84083720148001e-07,-0.7400510867342,0.029,0.032,0.0109819421062227,"Memory B","HAPLN3","down"
4.30934361513956e-34,-0.739804489477184,0.265,0.275,8.1024278651854e-30,"Memory B","AGPAT5","down"
5.58684824917816e-11,-0.739178454395468,0.082,0.094,1.05043920781048e-06,"Memory B","ARHGAP42","down"
1.04349729342962e-10,-0.73511260441594,0.077,0.068,1.96198361110638e-06,"Memory B","ENSG00000289341","down"
5.70682354802531e-15,-0.735111693185113,0.071,0.081,1.07299696349972e-10,"Memory B","SMPD1","down"
2.35697009994848e-16,-0.734210328275834,0.166,0.202,4.43157518192314e-12,"Memory B","PRDM8","down"
1.85918988971592e-44,-0.730523850703908,0.42,0.459,3.49564883064387e-40,"Memory B","CDK2AP2","down"
7.82329817728017e-78,-0.728547055157236,0.883,0.88,1.47093652329222e-73,"Memory B","CDC37","down"
1.98228940117549e-22,-0.727817457785139,0.102,0.107,3.72710053209016e-18,"Memory B","CA5B","down"
1.73296918875016e-14,-0.726870139646984,0.072,0.081,3.25832866868805e-10,"Memory B","ADPRM","down"
3.53173937764309e-23,-0.725749884965704,0.166,0.195,6.64037637784454e-19,"Memory B","PLEKHA1","down"
4.99324643194006e-09,-0.72564309027235,0.021,0.021,9.3883019413337e-05,"Memory B","CHTF18","down"
2.0535419210782e-08,-0.725246999458076,0.062,0.071,0.000386106952001123,"Memory B","IGF1R","down"
3.20199360597376e-09,-0.724352593630549,0.1,0.108,6.02038837795187e-05,"Memory B","ENC1","down"
1.61809246149491e-24,-0.722268575378843,0.219,0.128,3.04233744610273e-20,"Memory B","HSPA1A","down"
1.91823736082306e-38,-0.72134767563256,0.245,0.261,3.60666988581952e-34,"Memory B","STAP1","down"
4.32794078281798e-12,-0.719963021443888,0.048,0.049,8.13739425985437e-08,"Memory B","TBCEL","down"
9.94119577796644e-11,-0.717674522626558,0.052,0.056,1.86914363017325e-06,"Memory B","GPR146","down"
3.63665922194441e-08,-0.717096970946893,0.028,0.026,0.000683764666909988,"Memory B","WAKMAR2","down"
1.29518647617044e-28,-0.716481032008096,0.206,0.211,2.43520961249566e-24,"Memory B","ABRACL","down"
3.13384000217079e-17,-0.713882178411338,0.094,0.106,5.89224597208151e-13,"Memory B","CCDC117","down"
2.57523172114013e-08,-0.713686523392077,0.053,0.062,0.000484195068208768,"Memory B","BDH2","down"
2.10971092597081e-07,-0.713684184882955,0.052,0.056,0.00396667848301031,"Memory B","ENSG00000235978","down"
5.75030832537757e-22,-0.7135289257689,0.148,0.173,1.08117297133749e-17,"Memory B","PAQR3","down"
7.82309162484978e-19,-0.712098401328083,0.094,0.095,1.47089768730426e-14,"Memory B","H2AJ","down"
6.73388462423052e-13,-0.711640355653218,0.058,0.065,1.26610498704782e-08,"Memory B","APBB1","down"
8.61837514599965e-13,-0.711573141242516,0.065,0.069,1.62042689495086e-08,"Memory B","CDC25B","down"
5.56881124554606e-24,-0.708493360198504,0.144,0.16,1.04704789038757e-19,"Memory B","B3GLCT","down"
9.39750831244497e-09,-0.708258900801016,0.055,0.059,0.00017669195129059,"Memory B","ENSG00000253736","down"
3.0474992307824e-08,-0.705647791227254,0.027,0.028,0.000572990805371707,"Memory B","SBNO1-AS1","down"
1.6830217876828e-25,-0.705018634754971,0.14,0.152,3.16441756520121e-21,"Memory B","UXS1","down"
9.08705168784761e-09,-0.704406320152642,0.074,0.086,0.000170854745834911,"Memory B","BAIAP2","down"
4.8817430629755e-25,-0.70425607918659,0.169,0.17,9.17865330700653e-21,"Memory B","LSR","down"
3.74591145356831e-07,-0.703632092810583,0.036,0.039,0.00704306271499913,"Memory B","GLCE","down"
3.57452516192313e-26,-0.703016235410308,0.177,0.19,6.72082220944786e-22,"Memory B","STAM","down"
4.35532361361189e-30,-0.702844406630734,0.137,0.141,8.18887945831308e-26,"Memory B","FEZ2","down"
3.93685846667638e-41,-0.700088186418454,0.206,0.214,7.40208128904492e-37,"Memory B","GCDH","down"
1.20948295068942e-14,-0.697431216364871,0.07,0.075,2.27406984388624e-10,"Memory B","LINC01135","down"
3.03485609873252e-15,-0.697257832891744,0.145,0.164,5.70613643683689e-11,"Memory B","ENSG00000290680","down"
9.98605355322737e-19,-0.696857300867088,0.136,0.135,1.87757778907781e-14,"Memory B","ETV3","down"
1.22898898749229e-06,-0.694424028259218,0.052,0.064,0.02310745094283,"Memory B","SLC12A7","down"
4.87327725353207e-31,-0.694293665024561,0.275,0.273,9.16273589209099e-27,"Memory B","GOT1","down"
8.46891402005408e-29,-0.69182265490118,0.385,0.442,1.59232521405057e-24,"Memory B","SSBP2","down"
4.25395259645047e-08,-0.690400872245823,0.07,0.081,0.000799828167184617,"Memory B","TANC2","down"
5.70262279592187e-27,-0.689658817330919,0.246,0.286,1.07220713808923e-22,"Memory B","TNRC6C","down"
1.06071591974283e-29,-0.688831329482518,0.286,0.328,1.99435807230046e-25,"Memory B","NRIP1","down"
2.77707873497862e-42,-0.68675732830187,0.704,0.745,5.2214634375068e-38,"Memory B","ZFP36L2","down"
1.78513874043545e-33,-0.684406364787245,0.303,0.333,3.35641785976673e-29,"Memory B","ITPKB","down"
1.86683753214738e-11,-0.684131237285595,0.041,0.043,3.5100279279435e-07,"Memory B","SNX30","down"
1.02174055086089e-10,-0.683676321446318,0.048,0.053,1.92107658372865e-06,"Memory B","ZNF230","down"
4.43511101325661e-29,-0.683274397336688,0.231,0.25,8.33889572712508e-25,"Memory B","BTG1-DT","down"
4.76962747802727e-46,-0.68238493941581,0.489,0.543,8.96785358418688e-42,"Memory B","FOXO1","down"
5.80197839354476e-36,-0.682005708682673,0.262,0.275,1.09088797755428e-31,"Memory B","C9orf72","down"
1.19658933505863e-14,-0.681120385464678,0.102,0.112,2.24982726777724e-10,"Memory B","KIAA1958","down"
2.5730400085274e-32,-0.679110446195307,0.228,0.244,4.83782982403321e-28,"Memory B","FOXP4","down"
7.73821387537878e-31,-0.67669864932774,0.415,0.471,1.45493897284872e-26,"Memory B","RUNX1","down"
1.29976935100221e-17,-0.67552823438296,0.278,0.31,2.44382633375435e-13,"Memory B","CEMIP2","down"
1.71807723447302e-36,-0.67541785426225,0.42,0.488,3.23032881625617e-32,"Memory B","APLP2","down"
3.60948615550715e-07,-0.672505632247673,0.042,0.044,0.00678655586958454,"Memory B","MYO15B","down"
1.55313843513392e-06,-0.672242396350302,0.018,0.017,0.0292021088573879,"Memory B","CPNE8","down"
2.74838723005951e-10,-0.671389951991822,0.069,0.075,5.1675176699579e-06,"Memory B","ENSG00000278743","down"
1.21891090603363e-26,-0.671159836447231,0.299,0.334,2.29179628552443e-22,"Memory B","ABCG1","down"
2.35452765979088e-52,-0.670557472872855,0.443,0.471,4.42698290593881e-48,"Memory B","WHAMM","down"
3.63813767358226e-18,-0.670330708524983,0.157,0.156,6.84042645386937e-14,"Memory B","DEDD2","down"
5.01363475245093e-38,-0.670220037409343,0.275,0.294,9.42663606155825e-34,"Memory B","CLCN3","down"
4.86500891341584e-10,-0.669006144522409,0.055,0.062,9.14718975900447e-06,"Memory B","CDK5R1","down"
8.09223974093915e-09,-0.667795506157762,0.037,0.038,0.000152150291609138,"Memory B","HYPK","down"
2.47659542904957e-36,-0.66727109391288,0.377,0.418,4.656494725699e-32,"Memory B","HIP1R","down"
9.79625032209892e-93,-0.667099266571603,0.948,0.953,1.84189098556104e-88,"Memory B","LRRFIP1","down"
1.14022074346009e-20,-0.666096627887343,0.145,0.155,2.14384304185367e-16,"Memory B","SPAG4","down"
2.68378371548911e-13,-0.6653635982714,0.044,0.037,5.04605014186263e-09,"Memory B","KANTR","down"
3.92894544083021e-20,-0.661885121774008,0.271,0.307,7.38720321784896e-16,"Memory B","AUTS2","down"
9.80348448067549e-33,-0.661368638892629,0.304,0.33,1.84325115205661e-28,"Memory B","UBAC2","down"
6.01481488431805e-09,-0.659690208486877,0.034,0.034,0.000113090549454948,"Memory B","OCEL1","down"
1.81875878224425e-16,-0.659360476483553,0.164,0.196,3.41963026237564e-12,"Memory B","APP","down"
2.24607208976804e-35,-0.657775665745863,0.417,0.484,4.22306474318188e-31,"Memory B","CLEC17A","down"
2.7399694397036e-29,-0.657703905953927,0.389,0.449,5.15169054053071e-25,"Memory B","NUAK2","down"
6.72723704414336e-14,-0.656109754596328,0.067,0.065,1.26485510903984e-09,"Memory B","DPEP2","down"
1.28770712266098e-07,-0.655587088109448,0.054,0.062,0.00242114693202717,"Memory B","ZNF432","down"
2.4801214986268e-16,-0.653428475277637,0.12,0.125,4.6631244417181e-12,"Memory B","SESN1","down"
2.04684705255768e-103,-0.652284779174833,0.955,0.97,3.84848182821895e-99,"Memory B","SARAF","down"
1.7345911699486e-22,-0.652140765269839,0.166,0.185,3.26137831773736e-18,"Memory B","NCAPH2","down"
2.21386868856408e-18,-0.652038819330302,0.258,0.332,4.16251590823819e-14,"Memory B","IL21R","down"
7.56832621244816e-35,-0.651321287621326,0.378,0.412,1.4229966944645e-30,"Memory B","BORCS5","down"
1.6840559617691e-08,-0.650913225854163,0.04,0.041,0.000316636201931826,"Memory B","SETD7","down"
7.40697447773926e-19,-0.649948975338071,0.14,0.155,1.39265934130454e-14,"Memory B","CRY1","down"
8.43086725342918e-07,-0.648642478366512,0.02,0.019,0.0158517166098976,"Memory B","DBF4B","down"
2.03263043477654e-06,-0.647343160294375,0.016,0.014,0.0382175174346684,"Memory B","ENSG00000289226","down"
6.79498905466031e-10,-0.645175015529962,0.047,0.049,1.27759384205723e-05,"Memory B","LST1","down"
1.4010692503943e-34,-0.644895654806302,0.267,0.282,2.63429040459136e-30,"Memory B","RRM2B","down"
1.73029082939571e-32,-0.644103898135913,0.333,0.362,3.25329281742982e-28,"Memory B","ITPR1","down"
1.50496951423013e-19,-0.642662731268838,0.289,0.307,2.82964368065548e-15,"Memory B","DUSP5","down"
2.75695631734954e-07,-0.642025007095421,0.071,0.074,0.00518362926788061,"Memory B","TOX2","down"
5.89039219229376e-26,-0.641355606528473,0.236,0.27,1.10751153999507e-21,"Memory B","ICOSLG","down"
1.87473998322817e-41,-0.639202985922162,0.47,0.511,3.52488611646561e-37,"Memory B","KLHL5","down"
1.83688941097156e-31,-0.639085792034734,0.561,0.648,3.45371947050873e-27,"Memory B","RCSD1","down"
3.46560875948418e-39,-0.638582512165712,0.524,0.473,6.51603758958215e-35,"Memory B","HSPH1","down"
7.10578946675812e-14,-0.636774113278005,0.063,0.062,1.33603053553986e-09,"Memory B","DHX57","down"
1.03141440318739e-07,-0.634462855039118,0.06,0.066,0.00193926536087292,"Memory B","MAP4K3-DT","down"
8.15336709604954e-17,-0.632626823311364,0.113,0.119,1.53299608139923e-12,"Memory B","ANK2","down"
7.57507841741118e-07,-0.632200739121143,0.052,0.059,0.0142426624404165,"Memory B","CHD1-DT","down"
5.80941035594478e-44,-0.63203758307731,0.376,0.393,1.09228533512474e-39,"Memory B","CENPC","down"
4.51625263761681e-63,-0.631833871261601,0.682,0.718,8.49145820924713e-59,"Memory B","ARID5A","down"
9.77130030289733e-43,-0.629327143677502,0.325,0.325,1.83719988295076e-38,"Memory B","KAT6B","down"
2.04598951386934e-17,-0.628251347380028,0.122,0.134,3.84686948397713e-13,"Memory B","THSD4-AS1","down"
2.5036377339813e-36,-0.627972873019009,0.398,0.418,4.70733966743165e-32,"Memory B","ADAM7-AS1","down"
9.25442428560859e-26,-0.625826657670773,0.319,0.338,1.74001685418013e-21,"Memory B","PIM1","down"
3.81989510796058e-134,-0.625614996063968,0.993,0.996,7.18216678198748e-130,"Memory B","LAPTM5","down"
6.60686465746467e-15,-0.624242921842163,0.195,0.233,1.24222269289651e-10,"Memory B","MPP7","down"
9.16844865187629e-07,-0.623617774189355,0.04,0.037,0.0172385171552578,"Memory B","ENSG00000289872","down"
2.07394322491768e-26,-0.623401426355863,0.179,0.177,3.89942805149021e-22,"Memory B","MHENCR","down"
9.86740232386491e-07,-0.621592855491207,0.032,0.034,0.0185526898493308,"Memory B","H2BC15","down"
4.87256264790933e-51,-0.619506918591498,0.687,0.717,9.16139229059913e-47,"Memory B","EVI2B","down"
1.47927002715387e-17,-0.619255943871843,0.151,0.153,2.7813235050547e-13,"Memory B","EAF2","down"
1.19027152910537e-15,-0.617959172202801,0.099,0.105,2.23794852902391e-11,"Memory B","ENSG00000287263","down"
1.41924460798167e-25,-0.616116703017282,0.214,0.231,2.66846371192714e-21,"Memory B","LINC01004","down"
1.74665875487226e-07,-0.615410538358837,0.027,0.026,0.00328406779091081,"Memory B","CCNJ","down"
1.66765131056511e-30,-0.615184027838507,0.572,0.593,3.13551799412453e-26,"Memory B","H1-4","down"
2.02558861352194e-25,-0.614890892591233,0.443,0.517,3.80851171114396e-21,"Memory B","MARCHF3","down"
1.15158511362636e-29,-0.614276284830283,0.206,0.206,2.16521033064028e-25,"Memory B","PFKFB3","down"
2.99177949289201e-18,-0.614188887537358,0.213,0.231,5.62514380253556e-14,"Memory B","ENSG00000285639","down"
2.64211365871641e-10,-0.613529436683439,0.035,0.032,4.9677021011186e-06,"Memory B","LZTS2","down"
1.15796085677637e-07,-0.612618248168717,0.04,0.042,0.00217719800291094,"Memory B","CCDC157","down"
6.17785795035258e-18,-0.611198464047721,0.092,0.093,1.16156085182529e-13,"Memory B","ZNF841","down"
1.04568248299129e-34,-0.611073112896156,0.343,0.349,1.96609220452022e-30,"Memory B","SYAP1","down"
4.93795771371948e-105,-0.611011416234856,0.984,0.988,9.28434809333537e-101,"Memory B","CD79A","down"
4.89051804978722e-13,-0.610712867278916,0.163,0.175,9.19515203720994e-09,"Memory B","PLD4","down"
4.14686949916278e-10,-0.609610546521354,0.07,0.081,7.79694403232586e-06,"Memory B","ENSG00000287510","down"
2.84447475241001e-16,-0.608798317381443,0.091,0.089,5.34818142948129e-12,"Memory B","LUZP1","down"
2.10296915126809e-17,-0.606869286523933,0.109,0.111,3.95400259821427e-13,"Memory B","TCTN1","down"
5.3843319209667e-25,-0.606829102137505,0.213,0.229,1.01236208778016e-20,"Memory B","HLA-DOA","down"
1.07573074282676e-17,-0.606573487117039,0.087,0.086,2.02258894266287e-13,"Memory B","AGO4","down"
4.27770018551251e-22,-0.605297943055006,0.106,0.108,8.04293188880063e-18,"Memory B","RANBP10","down"
1.09421206656036e-30,-0.605228552532866,0.331,0.345,2.0573375275468e-26,"Memory B","MBNL2","down"
2.0474744833912e-08,-0.603652354001659,0.051,0.054,0.000384966152367213,"Memory B","ELAPOR2","down"
2.50579379380034e-36,-0.603627870181819,0.827,0.809,4.71139349110339e-32,"Memory B","UCP2","down"
2.77032463326368e-47,-0.603502645822597,0.676,0.715,5.20876437546237e-43,"Memory B","OSBPL8","down"
1.82704093508014e-08,-0.602747752093345,0.034,0.031,0.000343520236613768,"Memory B","CROT","down"
6.41792686423158e-16,-0.602636445803052,0.078,0.077,1.20669860901282e-11,"Memory B","FAM200A","down"
1.89336427669087e-16,-0.602635240414332,0.156,0.176,3.55990351303417e-12,"Memory B","NDUFV2-AS1","down"
1.126032011772e-31,-0.601754307923276,0.376,0.403,2.11716538853371e-27,"Memory B","AFF1","down"
8.02910695819263e-34,-0.600919483050372,0.249,0.258,1.50963269027938e-29,"Memory B","RCN2","down"
2.52197602689735e-17,-0.600556470678113,0.156,0.17,4.74181932577239e-13,"Memory B","NAA16","down"
1.83244046682466e-17,-0.599564564755732,0.064,0.063,3.44535456572373e-13,"Memory B","ENSG00000289293","down"
1.88139187198861e-21,-0.598547162660185,0.234,0.248,3.53739299771298e-17,"Memory B","LINC02397","down"
1.83440535308815e-35,-0.598489207657526,0.482,0.514,3.44904894487633e-31,"Memory B","PLEKHA2","down"
9.25784487154567e-52,-0.598182320928849,0.375,0.345,1.74065999274802e-47,"Memory B","NSMCE3","down"
7.93794571777293e-22,-0.597575457557721,0.195,0.207,1.49249255385567e-17,"Memory B","PIGB","down"
5.11751529246236e-13,-0.595900683269294,0.05,0.048,9.62195225288773e-09,"Memory B","ZNF181","down"
3.58880053117648e-09,-0.595691412606643,0.049,0.051,6.74766275871802e-05,"Memory B","KLHL15","down"
4.30809659354182e-27,-0.595494275266106,0.658,0.673,8.10008321517732e-23,"Memory B","KLF2","down"
6.57777443587633e-26,-0.594895796913506,0.278,0.292,1.23675314943347e-21,"Memory B","P2RX5","down"
7.0820052137414e-27,-0.593888846444182,0.184,0.189,1.33155862028766e-22,"Memory B","DOP1B","down"
6.31197164575448e-45,-0.591908091134651,0.449,0.461,1.18677690883476e-40,"Memory B","SOS2","down"
1.82114015797406e-15,-0.591536018331549,0.046,0.043,3.42410772502284e-11,"Memory B","SUV39H1","down"
3.57369713661218e-12,-0.590891573077662,0.082,0.077,6.71926535625823e-08,"Memory B","ENSG00000272009","down"
2.1642317007421e-16,-0.590592083675247,0.12,0.125,4.0691884437353e-12,"Memory B","NMT2","down"
2.94598268899337e-35,-0.588544561457976,0.772,0.801,5.53903665184533e-31,"Memory B","TSC22D3","down"
1.40409306846022e-08,-0.587716910235998,0.045,0.046,0.000263997578731891,"Memory B","ZNF542P","down"
2.62017566913889e-47,-0.585441404756218,0.643,0.679,4.92645429311495e-43,"Memory B","TTC3","down"
1.48534502541457e-38,-0.584455028329344,0.525,0.551,2.79274571678447e-34,"Memory B","LYST","down"
5.35368997383882e-19,-0.582540345261819,0.139,0.144,1.00660078888117e-14,"Memory B","ABHD15-AS1","down"
1.91252783823741e-10,-0.579947447638916,0.034,0.029,3.59593484145399e-06,"Memory B","ALKBH4","down"
8.34923731185853e-12,-0.578289695587857,0.064,0.064,1.56982359937564e-07,"Memory B","ZNF273","down"
2.01022223573813e-22,-0.576670702940323,0.414,0.383,3.77961984763483e-18,"Memory B","ZNF331","down"
2.87952366686738e-10,-0.575320331046262,0.088,0.085,5.41408039844404e-06,"Memory B","EXT1","down"
3.47697191904376e-10,-0.574734241094158,0.14,0.14,6.53740260218607e-06,"Memory B","IGLC3","down"
7.26381731013748e-20,-0.574153615054169,0.181,0.185,1.36574293065205e-15,"Memory B","ZNF821","down"
7.87788350688766e-21,-0.573738252278436,0.102,0.104,1.48119965696502e-16,"Memory B","SPICE1","down"
6.58885457396085e-32,-0.573364270169295,0.422,0.446,1.23883643699612e-27,"Memory B","UTRN","down"
1.16786349200491e-10,-0.573287239734634,0.056,0.057,2.19581693766764e-06,"Memory B","ENSG00000290709","down"
1.82737432388471e-18,-0.572956661565424,0.113,0.1,3.43582920376803e-14,"Memory B","PRMT9","down"
6.07644574667763e-13,-0.570375939419101,0.098,0.1,1.14249332929033e-08,"Memory B","KMT2E-AS1","down"
5.02371027601673e-25,-0.5688601795263,0.177,0.182,9.44558006096665e-21,"Memory B","UBE2O","down"
2.99473491646715e-18,-0.568788901828572,0.174,0.195,5.63070058994153e-14,"Memory B","MED30","down"
1.13834664919118e-24,-0.568253370575626,0.258,0.274,2.14031936980925e-20,"Memory B","NDRG1","down"
3.27960511085059e-17,-0.567807185059703,0.108,0.101,6.16631352942128e-13,"Memory B","ANKAR","down"
4.90665403725179e-24,-0.567377390029328,0.163,0.162,9.22549092084081e-20,"Memory B","CERK","down"
2.44977106911707e-15,-0.567371849662868,0.084,0.082,4.60605956415392e-11,"Memory B","FCHO2","down"
9.15476168830387e-07,-0.566357397937688,0.03,0.03,0.0172127829263489,"Memory B","ENSG00000229502","down"
5.15723353151141e-26,-0.565913551416494,0.215,0.222,9.69663048594776e-22,"Memory B","USF3","down"
3.17989022350419e-15,-0.565511231318601,0.111,0.114,5.97882959823258e-11,"Memory B","LARGE2","down"
8.53743698137179e-28,-0.565144566600673,0.537,0.579,1.60520890123752e-23,"Memory B","MARCKSL1","down"
2.80537577861159e-08,-0.56496101663506,0.08,0.088,0.000527466753894551,"Memory B","CPD","down"
4.68305592570241e-43,-0.564734307997956,0.279,0.276,8.80508175150567e-39,"Memory B","ZCCHC10","down"
8.32384662792785e-33,-0.563479082296777,0.31,0.325,1.56504964298299e-28,"Memory B","MICAL1","down"
1.93089113194094e-29,-0.562103666989296,0.155,0.153,3.63046150627535e-25,"Memory B","CARD8-AS1","down"
2.73400997917859e-09,-0.56206279997451,0.07,0.073,5.14048556285159e-05,"Memory B","CNKSR2","down"
1.45922428522904e-09,-0.561860856581358,0.045,0.043,2.74363350108764e-05,"Memory B","ENSG00000290476","down"
1.70971141544407e-39,-0.561560214252056,0.57,0.607,3.21459940331795e-35,"Memory B","BMP2K","down"
1.79135891202735e-46,-0.56147874614239,0.298,0.285,3.36811302639383e-42,"Memory B","EBLN3P","down"
1.79833472518279e-52,-0.559648328214894,0.692,0.701,3.38122895028867e-48,"Memory B","BPTF","down"
1.9257999518287e-30,-0.559231823560465,0.204,0.187,3.62088906942833e-26,"Memory B","NCF1B","down"
4.53065508214609e-11,-0.558351260195134,0.051,0.05,8.51853768545108e-07,"Memory B","STMN3","down"
3.12144433505632e-12,-0.557531366216709,0.082,0.086,5.8689396387729e-08,"Memory B","MMD","down"
2.27215381766271e-06,-0.557356779796439,0.067,0.071,0.0427210360796942,"Memory B","ILF3-DT","down"
2.04367357723855e-25,-0.556741980892278,0.402,0.433,3.84251505992393e-21,"Memory B","MYLIP","down"
3.33978632629393e-07,-0.555005778985826,0.029,0.027,0.00627946625069784,"Memory B","SLC3A1","down"
1.47235327928913e-25,-0.554348283699575,0.317,0.323,2.76831863571942e-21,"Memory B","TSPYL2","down"
2.21802604036903e-36,-0.554010907656232,0.375,0.383,4.17033256110186e-32,"Memory B","NCK2","down"
1.15386762326278e-22,-0.553994354840191,0.235,0.254,2.16950190525868e-18,"Memory B","TLR1","down"
1.75972973164094e-33,-0.553597926673729,0.468,0.503,3.3086438414313e-29,"Memory B","GNB5","down"
1.9161123910413e-06,-0.553062504679251,0.053,0.056,0.0360267451763585,"Memory B","CHRNE","down"
8.69501760274653e-34,-0.553022277469682,0.331,0.338,1.6348372096684e-29,"Memory B","LTA4H","down"
3.64216431993833e-07,-0.552535513698241,0.032,0.031,0.00684799735434804,"Memory B","ZNF597","down"
5.88003037974552e-38,-0.552101958252989,0.367,0.377,1.10556331199975e-33,"Memory B","TBC1D1","down"
2.479970082977e-15,-0.552030369174964,0.084,0.083,4.66283975001335e-11,"Memory B","PIK3C2B","down"
1.14319211682913e-07,-0.551890961239664,0.04,0.042,0.00214942981806214,"Memory B","ZNF579","down"
1.01128064817061e-28,-0.551753949979147,0.356,0.344,1.90140987469038e-24,"Memory B","CDK11B","down"
1.35443924721401e-22,-0.551236923995952,0.289,0.296,2.54661667261178e-18,"Memory B","ZBTB10","down"
1.2359250766356e-16,-0.551107783415617,0.12,0.115,2.32378632909026e-12,"Memory B","H2BC4","down"
2.27799657915505e-07,-0.549893208378675,0.043,0.04,0.00428308916812733,"Memory B","NT5E","down"
1.26641419633706e-12,-0.549382777294033,0.094,0.081,2.38111197195294e-08,"Memory B","ENSG00000291078","down"
1.33321282261267e-25,-0.548530669733547,0.199,0.2,2.50670674907633e-21,"Memory B","HSPBAP1","down"
6.24065791120511e-12,-0.548198405013389,0.063,0.064,1.17336850046478e-07,"Memory B","ST3GAL2","down"
1.57059386198458e-06,-0.548133891174429,0.022,0.02,0.0295303057930341,"Memory B","NMNAT3","down"
1.98578278099593e-11,-0.547583620792989,0.075,0.079,3.73366878482854e-07,"Memory B","ZNF701","down"
1.15574183481064e-26,-0.546260431626997,0.435,0.454,2.17302579781096e-22,"Memory B","GALNT2","down"
9.23626858984461e-12,-0.545541620015961,0.059,0.057,1.73660322026258e-07,"Memory B","ZNF154","down"
4.25271632571912e-10,-0.545382116932893,0.104,0.106,7.99595723561709e-06,"Memory B","TENT5A","down"
6.00682771400085e-28,-0.543719707673536,0.269,0.275,1.12940374678644e-23,"Memory B","E2F5","down"
3.3945422760689e-08,-0.543198656792778,0.062,0.063,0.000638241838746474,"Memory B","DZIP3","down"
2.31410987676807e-12,-0.54183310088338,0.093,0.085,4.35098939029932e-08,"Memory B","EOLA1","down"
8.04478389170401e-18,-0.539102958025364,0.109,0.102,1.51258026731819e-13,"Memory B","GCHFR","down"
1.92720677879388e-27,-0.53782059787794,0.188,0.189,3.62353418548826e-23,"Memory B","ENSG00000291214","down"
4.38994014584811e-09,-0.537447693392203,0.038,0.037,8.25396546222361e-05,"Memory B","NIPBL-DT","down"
1.44677395677253e-12,-0.535875900160443,0.09,0.09,2.7202243935237e-08,"Memory B","TFDP2","down"
8.06877181409218e-41,-0.535829235146493,0.443,0.438,1.51709047648561e-36,"Memory B","WDFY2","down"
4.59651592649812e-32,-0.534868509213577,0.456,0.453,8.64236924500176e-28,"Memory B","TSPAN33","down"
1.49436410666434e-35,-0.534416822663297,0.242,0.235,2.80970339335028e-31,"Memory B","CEP135","down"
1.6132800553072e-18,-0.532907340187294,0.113,0.109,3.03328915998859e-14,"Memory B","ZNF626","down"
8.58498662987538e-29,-0.532748751464501,0.296,0.283,1.61414918614917e-24,"Memory B","PAX5","down"
2.82621208479964e-26,-0.529881012205862,0.153,0.152,5.31384396184029e-22,"Memory B","ENSG00000291067","down"
4.02339411610447e-12,-0.529621389935178,0.093,0.096,7.56478561709962e-08,"Memory B","TRIM5","down"
1.53726830358415e-14,-0.529445112955492,0.069,0.067,2.89037186439893e-10,"Memory B","CLN3","down"
7.8805741208767e-37,-0.527994145042289,0.188,0.179,1.48170554620724e-32,"Memory B","LMBR1L","down"
8.93314046237365e-21,-0.527302884648879,0.12,0.116,1.67960906973549e-16,"Memory B","CROCCP2","down"
2.12526964569138e-09,-0.527256659481802,0.06,0.06,3.99593198782893e-05,"Memory B","ZNF606","down"
4.64356714998908e-23,-0.527149236694112,0.403,0.434,8.73083495540947e-19,"Memory B","S1PR1","down"
2.76324371516168e-07,-0.526894026628008,0.059,0.063,0.00519545083324699,"Memory B","GABBR1","down"
1.02436477998582e-36,-0.526838080301341,0.357,0.362,1.92601065932933e-32,"Memory B","CMIP","down"
2.38545927760628e-49,-0.52590929790956,0.636,0.632,4.48514053375532e-45,"Memory B","UBE2R2","down"
9.75918264244729e-22,-0.525388626399328,0.127,0.129,1.83492152043294e-17,"Memory B","ENSG00000259945","down"
5.47048668999429e-16,-0.525152425588582,0.117,0.106,1.02856090745273e-11,"Memory B","TSC22D1","down"
6.06466501885125e-39,-0.524888030541228,0.569,0.592,1.14027831684441e-34,"Memory B","HLA-DMB","down"
9.83738809229295e-16,-0.524678557442094,0.124,0.13,1.84962570911292e-11,"Memory B","RBM4B","down"
2.3668901051993e-18,-0.524282063173985,0.199,0.191,4.45022677579572e-14,"Memory B","PER1","down"
2.77483920984415e-09,-0.522994978950834,0.062,0.064,5.21725268234898e-05,"Memory B","SYCP3","down"
7.90521464097177e-12,-0.522613244615004,0.044,0.039,1.48633845679551e-07,"Memory B","ENSG00000291121","down"
1.55408318917721e-14,-0.522326429864276,0.114,0.121,2.92198721229099e-10,"Memory B","ENSG00000272742","down"
5.91100294877434e-19,-0.521551305121579,0.17,0.172,1.11138677442855e-14,"Memory B","ATP10D","down"
2.74478562308269e-43,-0.521458543607932,0.374,0.354,5.16074592852008e-39,"Memory B","CCPG1","down"
7.74513178468669e-28,-0.521308065096854,0.193,0.192,1.45623967815679e-23,"Memory B","HDAC5","down"
3.69693382312591e-38,-0.521277283879971,0.543,0.553,6.95097497424134e-34,"Memory B","ARFGAP3","down"
2.40652509849907e-08,-0.520377459337612,0.032,0.03,0.000452474849019795,"Memory B","ZNF613","down"
2.33797102209555e-23,-0.520157160641256,0.228,0.226,4.39585311574404e-19,"Memory B","EEIG2","down"
2.50169204179394e-24,-0.519677290747663,0.131,0.126,4.70368137698097e-20,"Memory B","RGP1","down"
3.9057429982265e-24,-0.519076597862434,0.213,0.211,7.34357798526546e-20,"Memory B","MOB1B","down"
6.71587082424687e-51,-0.518868666345901,0.891,0.907,1.2627180323749e-46,"Memory B","FXYD5","down"
1.87476924786022e-10,-0.518552179180281,0.071,0.07,3.52494113982678e-06,"Memory B","ZNF738","down"
4.34184533383468e-22,-0.517775691652335,0.066,0.056,8.16353759667597e-18,"Memory B","SMIM27","down"
8.19696545502542e-22,-0.516957289153928,0.188,0.185,1.54119344485388e-17,"Memory B","SLC35D1","down"
1.55185049823789e-08,-0.51603658413636,0.035,0.029,0.000291778930678689,"Memory B","CYB5D2","down"
2.88377999601808e-09,-0.515969469233456,0.038,0.035,5.42208314851319e-05,"Memory B","ENKD1","down"
6.03610039190113e-28,-0.515107420914997,0.55,0.559,1.13490759568525e-23,"Memory B","ZCCHC7","down"
2.09424913117535e-28,-0.515100203006776,0.186,0.184,3.93760721643589e-24,"Memory B","ZNF274","down"
6.92065930938967e-57,-0.515012227997215,0.934,0.974,1.30122236335145e-52,"Memory B","CXCR4","down"
3.53648426908784e-18,-0.514696330130064,0.102,0.099,6.64929772273897e-14,"Memory B","BCR","down"
5.93509413891321e-14,-0.514237473093092,0.059,0.056,1.11591639999846e-09,"Memory B","ATXN7L2","down"
1.825498741906e-33,-0.513774690090609,0.417,0.417,3.43230273453166e-29,"Memory B","ETS1","down"
5.09449076629052e-26,-0.512005962796829,0.162,0.155,9.57866153877943e-22,"Memory B","ENSG00000249207","down"
3.72929648407375e-24,-0.511494840480021,0.164,0.163,7.01182324935546e-20,"Memory B","POLR2M","down"
9.27080431122263e-13,-0.510828847137004,0.069,0.065,1.74309662659608e-08,"Memory B","MYEF2","down"
1.39748534531215e-26,-0.510485424382096,0.309,0.322,2.62755194625591e-22,"Memory B","DGKD","down"
2.94293144980997e-23,-0.507864419937387,0.199,0.186,5.53329971193271e-19,"Memory B","ZNF10","down"
2.48695226562953e-34,-0.507117927364872,0.674,0.758,4.67596764983665e-30,"Memory B","RFTN1","down"
6.27268816735503e-30,-0.506047481056426,0.211,0.2,1.17939082922609e-25,"Memory B","UGT8","down"
3.73409296331029e-38,-0.505488494644558,0.292,0.286,7.02084158961601e-34,"Memory B","BLOC1S6","down"
3.57920605704157e-34,-0.505453374375086,0.549,0.563,6.72962322844955e-30,"Memory B","ESYT2","down"
1.7880470356511e-07,-0.505394324923132,0.034,0.032,0.0033618860364312,"Memory B","ZNF496","down"
3.27627247151914e-08,-0.505011374006943,0.048,0.046,0.000616004750095028,"Memory B","ADAM9","down"
3.36577264240932e-07,-0.504764271858837,0.025,0.022,0.00632832572225799,"Memory B","ZNF681","down"
4.68767146397467e-19,-0.504287692461153,0.21,0.217,8.81375988656518e-15,"Memory B","EPB41L2","down"
9.44584968689105e-07,-0.503747282831644,0.038,0.037,0.0177600865812926,"Memory B","CCDC62","down"
1.20441188653674e-41,-0.503374176279023,0.296,0.289,2.26453522906639e-37,"Memory B","OXCT1","down"
2.40207897712321e-13,-0.502752140386003,0.101,0.104,4.51638889278706e-09,"Memory B","EFCAB13","down"
5.62310075678473e-34,-0.502081617394036,0.228,0.211,1.05725540429067e-29,"Memory B","STIM1","down"
9.33592662649969e-20,-0.502056511195108,0.124,0.118,1.75534092431447e-15,"Memory B","ACER3","down"
1.23621207696522e-11,-0.501852870935054,0.052,0.049,2.32432594711e-07,"Memory B","H6PD","down"
4.37221876820207e-19,-0.501746323949013,0.087,0.069,8.22064572797353e-15,"Memory B","ATP6V0A1","down"
1.54548379710309e-08,-0.499743040822725,0.063,0.066,0.000290581863531323,"Memory B","ATP7A","down"
4.2736387154237e-08,-0.499444962567881,0.089,0.095,0.000803529551273964,"Memory B","CPQ","down"
1.02346443970685e-14,-0.49915696572812,0.099,0.101,1.92431783953681e-10,"Memory B","LIN54","down"
1.33326938891771e-22,-0.499055241002608,0.125,0.117,2.50681310504307e-18,"Memory B","FUOM","down"
1.94654962892922e-08,-0.498278351182802,0.041,0.037,0.000365990261231271,"Memory B","WDHD1","down"
3.88414964063576e-11,-0.498049350726973,0.088,0.084,7.30297815432335e-07,"Memory B","MXD1","down"
1.27166342764268e-48,-0.497618121306284,0.552,0.547,2.39098157665376e-44,"Memory B","STX5","down"
2.62085192415548e-40,-0.495972606878719,0.589,0.585,4.92772578779714e-36,"Memory B","PNPLA2","down"
4.55202611966915e-37,-0.495196051406942,0.839,0.9,8.55871951020194e-33,"Memory B","FOXP1","down"
5.60753073070261e-39,-0.495125763151779,0.633,0.626,1.05432792798671e-34,"Memory B","MANBA","down"
7.26210239051692e-39,-0.495102390541994,0.712,0.748,1.36542049146499e-34,"Memory B","ITM2B","down"
2.76534456351023e-45,-0.494349971278196,0.941,0.945,5.19940084831193e-41,"Memory B","UBB","down"
5.92723356349995e-18,-0.493027382718886,0.119,0.113,1.11443845460926e-13,"Memory B","ZNF407-AS1","down"
1.34878283482212e-07,-0.492873274439416,0.027,0.022,0.00253598148603255,"Memory B","SP2-DT","down"
2.39846376033734e-28,-0.492375136275839,0.328,0.318,4.50959156218627e-24,"Memory B","BCL11A","down"
7.05723111644587e-37,-0.492176385978708,0.313,0.304,1.32690059451415e-32,"Memory B","NXF1","down"
2.12134908417308e-15,-0.491978364000932,0.112,0.11,3.98856054806223e-11,"Memory B","BARD1","down"
1.96174489621745e-22,-0.49100059557697,0.228,0.227,3.68847275386805e-18,"Memory B","ARRDC3","down"
2.40078543784282e-37,-0.490360246066584,0.41,0.412,4.51395678023208e-33,"Memory B","TTC7A","down"
1.9894455102316e-27,-0.490282295136374,0.351,0.353,3.74055544833746e-23,"Memory B","NEK1","down"
3.76067122962523e-07,-0.48989080983652,0.059,0.054,0.00707081404594135,"Memory B","PCAT1","down"
4.30080158343847e-37,-0.488977490436909,0.358,0.344,8.08636713718102e-33,"Memory B","SP140L","down"
1.52943513073224e-26,-0.488477409853652,0.217,0.217,2.87564393280275e-22,"Memory B","RABEP2","down"
1.56821795283e-39,-0.488229332302486,0.919,0.936,2.94856339491097e-35,"Memory B","CYTIP","down"
1.10774908049638e-29,-0.487961246000164,0.937,0.935,2.08278982114929e-25,"Memory B","ZFP36L1","down"
1.26747666254378e-43,-0.487689977273126,0.632,0.614,2.38310962091482e-39,"Memory B","LYSMD2","down"
7.70114369089105e-11,-0.48680366757075,0.084,0.076,1.44796903676133e-06,"Memory B","CENPP","down"
1.28032618972861e-33,-0.486635982184838,0.464,0.469,2.40726930192773e-29,"Memory B","DCXR","down"
1.07664911771247e-11,-0.486071782219776,0.109,0.102,2.02431567112298e-07,"Memory B","CCNG2","down"
2.58504968893942e-91,-0.485947424614764,0.998,0.997,4.8604104251439e-87,"Memory B","CD37","down"
2.5628707296622e-10,-0.485641379428333,0.087,0.088,4.81870954591087e-06,"Memory B","SWT1","down"
2.56768765285045e-09,-0.485563422924109,0.058,0.056,4.82776632488942e-05,"Memory B","LINC00863","down"
1.02124219946432e-38,-0.485056127124947,0.346,0.329,1.92013958343281e-34,"Memory B","PHF20L1","down"
1.43054345764719e-30,-0.484834205853628,0.517,0.495,2.68970780906824e-26,"Memory B","LINC00926","down"
2.24186673464043e-09,-0.484722442286135,0.044,0.039,4.21515783447094e-05,"Memory B","POFUT1","down"
2.05215035603597e-18,-0.48403383331727,0.131,0.127,3.85845309941884e-14,"Memory B","GABPB1-IT1","down"
1.08382035476385e-31,-0.483525097226795,0.228,0.218,2.03779903102698e-27,"Memory B","ICAM2","down"
2.60695237193786e-15,-0.483491742857471,0.084,0.073,4.90159184971757e-11,"Memory B","EHBP1","down"
8.84666072415299e-65,-0.482641930431741,0.748,0.715,1.66334914935525e-60,"Memory B","PAIP2","down"
2.35200328075496e-11,-0.481232328821686,0.07,0.066,4.42223656847547e-07,"Memory B","NSMF","down"
3.52091965906936e-37,-0.480400703126315,0.28,0.268,6.62003314298221e-33,"Memory B","VEZF1","down"
1.04800936871833e-57,-0.480323103396,0.776,0.755,1.9704672150642e-53,"Memory B","NDUFV2","down"
6.0055850549348e-32,-0.47929916332975,0.237,0.219,1.12917010202884e-27,"Memory B","GSAP","down"
6.89391454124046e-10,-0.479204764581119,0.043,0.036,1.29619381204403e-05,"Memory B","SLC45A4","down"
3.69389678962233e-22,-0.478238122321775,0.335,0.346,6.94526474384791e-18,"Memory B","TLE3","down"
2.68168290525877e-08,-0.477638660621522,0.053,0.05,0.000504210019846755,"Memory B","SHF","down"
3.0430901276222e-28,-0.477461403901717,0.292,0.301,5.72161805795525e-24,"Memory B","SMURF2","down"
1.77956531346254e-25,-0.47603139597714,0.536,0.549,3.34593870237227e-21,"Memory B","FCMR","down"
1.23504628778688e-34,-0.475841181968684,0.198,0.186,2.32213403029689e-30,"Memory B","INPP5K","down"
2.12301492158306e-13,-0.474365229516716,0.082,0.074,3.99169265556048e-09,"Memory B","ARL11","down"
2.94428932476252e-29,-0.474328280981298,0.233,0.214,5.53585278841849e-25,"Memory B","CCND3","down"
3.51261760409291e-54,-0.47389140435103,0.991,0.991,6.60442361921549e-50,"Memory B","BTG1","down"
1.71125953836585e-07,-0.473723595941269,0.039,0.037,0.00321751018403547,"Memory B","PLCG1","down"
1.68022875619882e-06,-0.473146298761892,0.038,0.038,0.0315916610740503,"Memory B","GALNS","down"
4.4518561524767e-15,-0.47297740341752,0.063,0.055,8.3703799378867e-11,"Memory B","CRAMP1","down"
8.98237772118744e-38,-0.472577436673102,0.643,0.645,1.68886665913766e-33,"Memory B","RALGAPA1","down"
8.55782440955213e-14,-0.471885931560662,0.061,0.057,1.60904214548399e-09,"Memory B","MTCP1","down"
2.86999807456744e-25,-0.471814699553596,0.334,0.333,5.3961703798017e-21,"Memory B","FER","down"
1.96322152413952e-32,-0.47125499078895,0.561,0.552,3.69124910968712e-28,"Memory B","PNP","down"
2.9784926039625e-21,-0.469736171112575,0.566,0.591,5.60016179397029e-17,"Memory B","EIF2AK3","down"
1.47958185781168e-13,-0.469562656976856,0.068,0.066,2.78190980905752e-09,"Memory B","SLC17A9","down"
1.93388897565152e-21,-0.469091520567646,0.168,0.159,3.63609805201999e-17,"Memory B","ABHD17B","down"
6.13846854116086e-31,-0.46895503777053,0.362,0.361,1.15415485510906e-26,"Memory B","PFKL","down"
3.09799875635938e-15,-0.468385308389287,0.112,0.11,5.82485726170691e-11,"Memory B","RRM1","down"
6.12341832956052e-41,-0.467889889667382,0.224,0.201,1.15132511432397e-36,"Memory B","GATD3","down"
7.59701998076453e-22,-0.46788885969716,0.102,0.091,1.42839169678335e-17,"Memory B","TMEM106A","down"
5.46374347766232e-09,-0.467352004080412,0.035,0.032,0.000102729304867007,"Memory B","ZNF213-AS1","down"
1.93312378206288e-31,-0.467163404685381,0.522,0.498,3.63465933503463e-27,"Memory B","ALG13","down"
6.56785503262322e-22,-0.466852353588954,0.089,0.077,1.23488810323382e-17,"Memory B","RAD18","down"
5.57132129962319e-07,-0.466715833597027,0.062,0.065,0.0104751983075515,"Memory B","ZNF441","down"
2.03113375720864e-16,-0.4657465699226,0.075,0.068,3.81893769030369e-12,"Memory B","RAB34","down"
4.00228067727839e-14,-0.465746192998842,0.117,0.116,7.52508812941883e-10,"Memory B","ZNF490","down"
1.68822630455079e-53,-0.465520584803985,0.978,0.969,3.1742030978164e-49,"Memory B","HMGB1","down"
3.1906209354325e-08,-0.464761380131279,0.036,0.032,0.000599900548280019,"Memory B","C4orf46","down"
1.33719776479379e-06,-0.46470319367413,0.07,0.076,0.0251419923736529,"Memory B","ENSG00000289474","down"
2.39480589662847e-10,-0.463685651222572,0.07,0.069,4.50271404684084e-06,"Memory B","HS6ST1","down"
2.13653143973306e-32,-0.463534339413559,0.603,0.615,4.01710641298609e-28,"Memory B","C12orf57","down"
5.32707117901251e-28,-0.463475810132062,0.26,0.246,1.00159592307793e-23,"Memory B","LPP","down"
3.37082357284601e-07,-0.462556162105983,0.056,0.054,0.00633782248166507,"Memory B","ZNF891","down"
7.04105639116276e-15,-0.462285853577705,0.113,0.113,1.32385942266642e-10,"Memory B","EXOC8","down"
1.76272434477734e-25,-0.4618330212986,0.204,0.187,3.31427431305036e-21,"Memory B","FAM117B","down"
5.96892424948467e-29,-0.461750998480006,0.177,0.166,1.12227713738811e-24,"Memory B","SREBF1","down"
3.74024434080165e-42,-0.46092589599974,0.589,0.577,7.03240740957526e-38,"Memory B","NASP","down"
2.05810885975519e-24,-0.460708731767659,0.586,0.604,3.86965627811171e-20,"Memory B","MTSS1","down"
2.93739720521406e-52,-0.460403479625945,0.839,0.814,5.52289422524348e-48,"Memory B","CHASERR","down"
6.54458883964643e-08,-0.46028107729106,0.041,0.039,0.00123051359363032,"Memory B","FOXJ2","down"
6.75229653673793e-15,-0.459978467373672,0.133,0.131,1.26956679483747e-10,"Memory B","ZBTB18","down"
6.72201211520445e-16,-0.459839473203494,0.116,0.109,1.26387271790074e-11,"Memory B","SLF1","down"
6.57210819033076e-07,-0.459298184118357,0.039,0.037,0.0123568778194599,"Memory B","H2AC8","down"
1.17214419883241e-09,-0.458865371989799,0.043,0.04,2.20386552264469e-05,"Memory B","ENSG00000275807","down"
6.31953869110042e-09,-0.458693594173193,0.067,0.066,0.00011881996647007,"Memory B","FCGRT","down"
1.01735461025504e-09,-0.458656871185809,0.044,0.041,1.91283013820154e-05,"Memory B","ENSG00000257277","down"
7.27778961119228e-25,-0.458387019285481,0.115,0.106,1.36837000269637e-20,"Memory B","NHEJ1","down"
3.75102137388069e-07,-0.457949131444829,0.07,0.066,0.00705267038717047,"Memory B","DNAJB4","down"
4.01918726173044e-23,-0.456706367970325,0.149,0.133,7.55687588950558e-19,"Memory B","MBNL3","down"
8.11091698324033e-24,-0.456296609258557,0.108,0.098,1.52501461118885e-19,"Memory B","ZNF444","down"
2.98144006602444e-34,-0.456038132988239,0.297,0.289,5.60570361213915e-30,"Memory B","CCDC32","down"
1.3569747695102e-32,-0.455925910557935,0.378,0.372,2.55138396163308e-28,"Memory B","AP1B1","down"
1.9833317516068e-17,-0.455824408139499,0.104,0.097,3.72906035937111e-13,"Memory B","NFYA","down"
2.17793641914697e-11,-0.455790325247357,0.088,0.082,4.09495605528013e-07,"Memory B","ZMAT3","down"
9.24807818409837e-09,-0.455687233931926,0.038,0.035,0.000173882366017417,"Memory B","SLC8B1","down"
2.75640130826211e-25,-0.455635149100558,0.125,0.117,5.18258573979442e-21,"Memory B","ZNF134","down"
1.14132115683732e-07,-0.45538240211661,0.027,0.024,0.00214591203908553,"Memory B","ENSG00000286009","down"
2.6258644166549e-15,-0.454768451050075,0.058,0.05,4.93715027619454e-11,"Memory B","STX3","down"
2.88758234853035e-12,-0.454678497294864,0.073,0.068,5.42923233170677e-08,"Memory B","FBXO30","down"
1.30673239246673e-11,-0.453626707558893,0.048,0.041,2.45691824431594e-07,"Memory B","VPS26B","down"
2.04957510819971e-07,-0.453447778065244,0.065,0.06,0.0038536111184371,"Memory B","ZC4H2","down"
2.68509943822158e-10,-0.451865658902786,0.038,0.033,5.04852396374422e-06,"Memory B","NEMP2","down"
1.04972580192844e-26,-0.451738099585889,0.275,0.274,1.97369445278585e-22,"Memory B","NFATC3","down"
1.6486516069396e-33,-0.45143364682074,0.79,0.787,3.09979475136783e-29,"Memory B","SMCHD1","down"
1.60205351756097e-26,-0.451085005550274,0.539,0.516,3.01218102371813e-22,"Memory B","TAMALIN","down"
6.98113730532032e-07,-0.450350631617844,0.048,0.048,0.0131259343614633,"Memory B","FAM104B","down"
6.0120399888719e-30,-0.450153248823228,0.712,0.683,1.1303837587077e-25,"Memory B","YPEL5","down"
1.95806894133406e-18,-0.449995145358292,0.213,0.194,3.6815612234963e-14,"Memory B","WWOX","down"
1.43677464699074e-30,-0.448915457946031,0.173,0.152,2.70142369127198e-26,"Memory B","WBP4","down"
6.46166022921813e-12,-0.448575855855493,0.089,0.075,1.21492135629759e-07,"Memory B","ZNF184","down"
1.50246200334763e-20,-0.448394706774513,0.095,0.09,2.82492905869422e-16,"Memory B","ESS2","down"
8.37323602787517e-07,-0.448069546743299,0.032,0.028,0.0157433583796109,"Memory B","MDS2","down"
2.21479197101698e-19,-0.447252943217414,0.129,0.124,4.16425186390613e-15,"Memory B","NBPF1","down"
5.23535225958165e-10,-0.447118876536624,0.055,0.051,9.84350931846541e-06,"Memory B","SWI5","down"
6.57965615131709e-36,-0.446820807524177,0.193,0.172,1.23710694957064e-31,"Memory B","BBIP1","down"
1.29877947874421e-41,-0.446698516033861,0.715,0.698,2.44196517593487e-37,"Memory B","ADK","down"
6.61373267981502e-19,-0.444836564211643,0.163,0.159,1.24351401845882e-14,"Memory B","H2AC20","down"
6.74004166867878e-37,-0.444721794284084,0.572,0.569,1.26726263454498e-32,"Memory B","PPP1CB","down"
2.56911571973983e-06,-0.44471155928599,0.026,0.021,0.0483045137625483,"Memory B","ENSG00000288851","down"
3.94580687676522e-27,-0.443786023079989,0.264,0.256,7.41890608969396e-23,"Memory B","IFNLR1","down"
4.04368281133752e-26,-0.443522225445285,0.465,0.465,7.6029324218768e-22,"Memory B","SPOCK2","down"
7.49714935192134e-32,-0.443319175656952,0.762,0.753,1.40961402114825e-27,"Memory B","TRBC2","down"
7.8870484889003e-20,-0.443310006504686,0.112,0.097,1.48292285688304e-15,"Memory B","MYBL2","down"
7.93722185799746e-13,-0.443297964947952,0.054,0.046,1.49235645374068e-08,"Memory B","FBXO4","down"
2.58682859314247e-11,-0.442621728161547,0.069,0.064,4.86375512082648e-07,"Memory B","ZNF253","down"
2.04797589198132e-10,-0.442196602469659,0.249,0.217,3.85060427210328e-06,"Memory B","HSPB1","down"
1.36431183789799e-20,-0.441710544125404,0.113,0.103,2.56517911761581e-16,"Memory B","RBM12B","down"
3.86463101419065e-33,-0.441638546904585,0.815,0.849,7.26627923288127e-29,"Memory B","HLA-DMA","down"
5.73320439315346e-07,-0.441421299692669,0.041,0.037,0.0107795709000071,"Memory B","TTC21A","down"
3.50820509643842e-09,-0.44142071416384,0.116,0.108,6.59612722232352e-05,"Memory B","BLVRB","down"
1.07817164083519e-42,-0.440892702119243,0.45,0.404,2.02717831909832e-38,"Memory B","WDR74","down"
2.10720019471694e-29,-0.440159435511995,0.287,0.28,3.96195780610679e-25,"Memory B","GNB4","down"
1.94644430006727e-12,-0.439593268829327,0.099,0.098,3.65970457298648e-08,"Memory B","ZNF322","down"
2.15176723198751e-24,-0.438564362497868,0.152,0.139,4.04575274958292e-20,"Memory B","CKS1B","down"
7.38586517264745e-09,-0.438546367726032,0.041,0.039,0.000138869036976117,"Memory B","GATB","down"
5.59747280679887e-20,-0.438485385041029,0.33,0.346,1.05243683713432e-15,"Memory B","S1PR4","down"
6.36487840885708e-20,-0.437886182865451,0.167,0.157,1.19672443843331e-15,"Memory B","SRGAP2","down"
2.74164525073955e-17,-0.43776813643854,0.109,0.101,5.1548414004405e-13,"Memory B","KIZ","down"
2.69787038552871e-20,-0.43766877336439,0.217,0.213,5.07253589887108e-16,"Memory B","PRCP","down"
5.29432609281387e-23,-0.437561531198289,0.159,0.145,9.95439191970863e-19,"Memory B","STAT2","down"
4.73693804517057e-23,-0.437429525643776,0.192,0.173,8.90639091252971e-19,"Memory B","CKAP2","down"
1.65792285863579e-15,-0.436753750692974,0.12,0.107,3.11722655880702e-11,"Memory B","GALNT3","down"
1.68656880465984e-10,-0.436553315952727,0.412,0.368,3.17108666652142e-06,"Memory B","GADD45B","down"
3.62896774401097e-18,-0.43608704379081,0.178,0.175,6.82318515228943e-14,"Memory B","TACC3","down"
3.41174755981074e-19,-0.435229541353791,0.102,0.096,6.41476776195616e-15,"Memory B","RBM34","down"
4.50433265616774e-24,-0.435012081436968,0.295,0.284,8.46904626012659e-20,"Memory B","MAN1A1","down"
9.51658413312088e-16,-0.43426950444289,0.129,0.122,1.78930814870939e-11,"Memory B","BIN2","down"
5.06188616724315e-24,-0.434015263572587,0.186,0.173,9.51735837165058e-20,"Memory B","EXOC3","down"
6.32966660191382e-22,-0.433683113810031,0.339,0.348,1.19010391449184e-17,"Memory B","BANP","down"
2.71105604147567e-18,-0.433488114913425,0.064,0.053,5.09732756918255e-14,"Memory B","SMG8","down"
2.05683456872917e-08,-0.433363172095584,0.097,0.1,0.000386726035612458,"Memory B","TNFRSF12A","down"
3.10309436120313e-18,-0.432962547613877,0.172,0.172,5.83443801793413e-14,"Memory B","FRS2","down"
2.86995094081648e-26,-0.432814830525566,0.398,0.401,5.39608175892314e-22,"Memory B","MAPK8","down"
1.43550162754234e-10,-0.432401430964195,0.043,0.037,2.6990301601051e-06,"Memory B","ERICH6-AS1","down"
3.31153393405636e-11,-0.432060690737336,0.064,0.056,6.22634610281277e-07,"Memory B","SPAG16","down"
2.98133809354773e-11,-0.431139682466277,0.096,0.099,5.60551188348845e-07,"Memory B","ABCB8","down"
4.10217086643793e-35,-0.430926886080955,0.622,0.578,7.71290166307659e-31,"Memory B","ZEB1","down"
2.09998032158598e-18,-0.430784516415754,0.232,0.229,3.94838300064596e-14,"Memory B","HHEX","down"
2.7470355761841e-24,-0.430616592445162,0.15,0.137,5.16497629034135e-20,"Memory B","BEX4","down"
1.20134655879979e-21,-0.429699831215296,0.145,0.129,2.25877179985537e-17,"Memory B","EFCAB2","down"
1.04081063474084e-27,-0.429415865746666,0.292,0.28,1.95693215543973e-23,"Memory B","ZC3H12D","down"
3.67266329739086e-12,-0.429230051324184,0.086,0.076,6.90534153175429e-08,"Memory B","COQ7","down"
5.72656736925221e-28,-0.429135806266081,0.199,0.182,1.0767091967668e-23,"Memory B","CHMP7","down"
3.74753113924828e-10,-0.428882527531409,0.059,0.056,7.04610804801461e-06,"Memory B","ZNF486","down"
1.30262547038614e-37,-0.428858575718384,0.496,0.486,2.44919640942002e-33,"Memory B","TRAK1","down"
3.36818369635626e-09,-0.428799036033686,0.046,0.04,6.33285898588905e-05,"Memory B","PPP2R5D","down"
5.87652283023096e-16,-0.428553875709438,0.063,0.055,1.10490382254003e-11,"Memory B","LINC01003","down"
1.7754941169795e-24,-0.428542846379471,0.43,0.416,3.33828403874486e-20,"Memory B","IFNGR1","down"
3.05879534071761e-09,-0.427735015356403,0.07,0.069,5.75114699961726e-05,"Memory B","ENSG00000288853","down"
2.29448554713746e-26,-0.427456615250264,0.164,0.14,4.31409172572784e-22,"Memory B","WDR55","down"
2.03658014679307e-09,-0.427255416373307,0.12,0.112,3.82917799200033e-05,"Memory B","GBP5","down"
1.37799788306094e-09,-0.427200881902896,0.056,0.05,2.59091161973118e-05,"Memory B","HELZ2","down"
1.00042573471418e-21,-0.426818751799864,0.181,0.171,1.8810004664096e-17,"Memory B","KATNAL1","down"
8.9330666770704e-23,-0.426181679738605,0.34,0.332,1.67959519662278e-18,"Memory B","TUBB6","down"
2.07919751651102e-07,-0.425926324504084,0.029,0.026,0.00390930717054402,"Memory B","ZNF222","down"
3.11199992931349e-38,-0.425857156042348,0.272,0.251,5.85118226709523e-34,"Memory B","ZNF592","down"
2.42352374258886e-07,-0.42559741185808,0.028,0.024,0.00455670934081557,"Memory B","FAM219A","down"
1.48503560194186e-13,-0.424606890495487,0.045,0.037,2.79216393877109e-09,"Memory B","ARRDC1-AS1","down"
1.02858975492384e-24,-0.424010415681411,0.232,0.219,1.93395445720781e-20,"Memory B","ST3GAL1","down"
5.95714962740258e-24,-0.423870902574265,0.213,0.205,1.12006327294423e-19,"Memory B","FAM53B","down"
1.90608411005268e-18,-0.423868047417012,0.106,0.1,3.58381934372105e-14,"Memory B","ZC3H7B","down"
4.64399132518562e-07,-0.42386670779402,0.081,0.085,0.00873163248961399,"Memory B","DCAF16","down"
4.42900106668052e-33,-0.42380244220193,0.658,0.654,8.32740780557272e-29,"Memory B","RIPOR1","down"
1.66175855703043e-21,-0.423597897179531,0.285,0.269,3.12443843892862e-17,"Memory B","SIK2","down"
6.96610945279354e-18,-0.42341699338802,0.134,0.123,1.30976789931424e-13,"Memory B","HS2ST1","down"
8.15577043926633e-18,-0.423388844749197,0.083,0.075,1.53344795799086e-13,"Memory B","ERV3-1","down"
2.61182863032804e-06,-0.423350246570968,0.027,0.023,0.0491076019074278,"Memory B","ENSG00000287825","down"
2.69736312866965e-21,-0.422432952314334,0.589,0.636,5.07158215452468e-17,"Memory B","GSTP1","down"
7.27663373838566e-19,-0.421764564415199,0.118,0.107,1.36815267549127e-14,"Memory B","ZNF124","down"
9.17526080222865e-12,-0.421266862420107,0.066,0.061,1.72513253603503e-07,"Memory B","ZNF548","down"
8.38048367970329e-07,-0.420870335898291,0.023,0.02,0.0157569854145781,"Memory B","CARNS1","down"
2.68564923944393e-29,-0.42045581297368,0.85,0.88,5.04955770000249e-25,"Memory B","PDE4B","down"
1.12119768209493e-06,-0.420378154682076,0.029,0.026,0.0210807588187488,"Memory B","ENSG00000261386","down"
2.2004392598438e-07,-0.41973984397644,0.017,0.012,0.00413726589635831,"Memory B","BCL2L1-AS1","down"
7.6485565784497e-20,-0.419556634437175,0.079,0.066,1.43808160788011e-15,"Memory B","ZNF678","down"
1.27467665634284e-30,-0.419022948012461,0.557,0.544,2.39664704925581e-26,"Memory B","C7orf50","down"
6.49753474327082e-26,-0.418681186698099,0.688,0.692,1.22166648242978e-21,"Memory B","TLE5","down"
2.02500518533928e-16,-0.417958852195628,0.217,0.22,3.80741474947492e-12,"Memory B","MAP4K3","down"
9.19522946751638e-32,-0.417304140013691,0.452,0.422,1.72888704448243e-27,"Memory B","PLCL2","down"
3.45511438022972e-07,-0.417037515021173,0.038,0.033,0.00649630605770792,"Memory B","MCPH1-AS1","down"
4.79347582635799e-14,-0.416833492849432,0.143,0.142,9.0126932487183e-10,"Memory B","SNX22","down"
2.13962926513832e-10,-0.416620214165626,0.06,0.051,4.02293094431307e-06,"Memory B","IDH1","down"
4.06234260628997e-21,-0.416331577583642,0.125,0.113,7.63801656834641e-17,"Memory B","GMCL1","down"
1.27618200242912e-40,-0.416197032029563,0.343,0.305,2.39947740096722e-36,"Memory B","EIF1AY","down"
8.35251268071683e-16,-0.415726683905542,0.073,0.063,1.57043943422838e-11,"Memory B","MMUT","down"
2.81622502645493e-41,-0.415641157054262,0.919,0.926,5.29506629474056e-37,"Memory B","ARHGDIB","down"
5.69564694944459e-08,-0.415429304310925,0.024,0.02,0.00107089553943457,"Memory B","SLC27A5","down"
4.7784806991267e-28,-0.414736103383964,0.316,0.31,8.98449941049802e-24,"Memory B","EHBP1L1","down"
1.19204605246939e-09,-0.414360376075792,0.05,0.046,2.24128498785296e-05,"Memory B","LIMK2","down"
4.46549770048039e-30,-0.41430458309728,0.177,0.16,8.39602877644323e-26,"Memory B","NEK9","down"
4.3215176109214e-10,-0.414130991608793,0.048,0.043,8.12531741205441e-06,"Memory B","TSPYL4","down"
1.94005826736214e-06,-0.414099666253254,0.041,0.04,0.0364769755429429,"Memory B","NRL","down"
4.5609455457608e-39,-0.413195803839738,0.74,0.716,8.57548981513945e-35,"Memory B","SIK3","down"
9.15457801075875e-16,-0.413187626435064,0.07,0.061,1.72124375758286e-11,"Memory B","DHFR","down"
1.30369282426197e-22,-0.411246748104874,0.147,0.139,2.45120324817735e-18,"Memory B","SMAD7","down"
3.38913805552951e-15,-0.410906295421398,0.089,0.083,6.37225737200658e-11,"Memory B","RHOC","down"
5.93696139206335e-30,-0.410649676166822,0.4,0.391,1.11626748093575e-25,"Memory B","IQSEC1","down"
3.24846932545522e-29,-0.4100846156821,0.735,0.758,6.10777202572091e-25,"Memory B","SSH2","down"
5.36791323508132e-34,-0.409375481786797,0.662,0.619,1.00927504645999e-29,"Memory B","DBI","down"
1.25196029996445e-23,-0.408437610957457,0.156,0.137,2.35393575599317e-19,"Memory B","WDR19","down"
9.16167490765599e-29,-0.408357031930345,0.987,0.989,1.72257811613748e-24,"Memory B","JUND","down"
2.11381824596606e-12,-0.408301827141749,0.071,0.066,3.97440106606538e-08,"Memory B","NPHP4","down"
7.3876119591627e-11,-0.408215168278947,0.155,0.149,1.38901880056177e-06,"Memory B","RRBP1","down"
9.49857835378877e-35,-0.408172975248878,0.412,0.39,1.78592270207936e-30,"Memory B","LBR","down"
2.88151009663794e-12,-0.408171673693011,0.03,0.025,5.41781528369865e-08,"Memory B","ZNF175","down"
8.12867382189305e-10,-0.408097271778433,0.051,0.044,1.52835325199233e-05,"Memory B","CEP112","down"
1.60389386865125e-09,-0.408007420644792,0.046,0.041,3.01564125183809e-05,"Memory B","MYL5","down"
3.27414349270452e-42,-0.407757630076492,0.308,0.277,6.15604459498305e-38,"Memory B","RPS6KB1","down"
2.34842430804332e-34,-0.407591276845011,0.256,0.229,4.41550738398304e-30,"Memory B","TBC1D15","down"
4.64953603294828e-22,-0.407371519746649,0.418,0.418,8.74205764914936e-18,"Memory B","SIPA1L3","down"
1.19241946450931e-30,-0.406809361963507,0.486,0.48,2.24198707717041e-26,"Memory B","ELF2","down"
3.04719823421252e-07,-0.406804617666292,0.048,0.046,0.00572934211996638,"Memory B","AKT1S1","down"
7.83138151488653e-34,-0.406343814398394,0.259,0.245,1.47245635242897e-29,"Memory B","RING1","down"
1.13145147972562e-20,-0.406175618932938,0.264,0.26,2.1273550721801e-16,"Memory B","RASA3","down"
9.86972193321486e-19,-0.406126141006242,0.113,0.1,1.85570511788306e-14,"Memory B","PTPA","down"
4.035408521669e-17,-0.405961747849159,0.209,0.167,7.58737510244206e-13,"Memory B","ZFAND2A","down"
7.26814235664061e-23,-0.405456024779706,0.206,0.2,1.36655612589557e-18,"Memory B","RANGAP1","down"
9.41023903166191e-18,-0.405371095989354,0.116,0.108,1.76931314273307e-13,"Memory B","RNF103","down"
1.83197748656911e-08,-0.405286381185798,0.052,0.049,0.000344448407024724,"Memory B","FRAT1","down"
4.49009910823116e-35,-0.405024042450216,0.641,0.621,8.44228434329623e-31,"Memory B","GLIPR1","down"
1.39844299459664e-10,-0.404105289069733,0.073,0.069,2.62935251844061e-06,"Memory B","TCEAL3","down"
1.08052378346694e-15,-0.403903066041878,0.128,0.112,2.03160081767454e-11,"Memory B","ENSG00000268027","down"
8.14607664105282e-22,-0.403665537612234,0.145,0.132,1.53162533005075e-17,"Memory B","THAP5","down"
4.54804616148503e-41,-0.403615420853394,0.764,0.699,8.55123639282416e-37,"Memory B","LSM7","down"
7.91844119126577e-22,-0.403432590360991,0.271,0.269,1.48882531278179e-17,"Memory B","IRF2BPL","down"
1.54732339764185e-13,-0.40324582147975,0.082,0.071,2.9092774522462e-09,"Memory B","KNL1","down"
4.70198709556975e-24,-0.403175565709683,0.327,0.316,8.84067613709024e-20,"Memory B","TLE4","down"
7.84793047159197e-15,-0.402029678053512,0.061,0.055,1.47556788726872e-10,"Memory B","ZNF45","down"
1.19842460026054e-28,-0.401963025019811,0.231,0.217,2.25327793340987e-24,"Memory B","CCDC97","down"
3.17756253245163e-22,-0.4016179092615,0.152,0.139,5.97445307351556e-18,"Memory B","ACSS1","down"
1.81527187200267e-06,-0.40142727393772,0.046,0.045,0.0341307417373942,"Memory B","QSOX1","down"
2.51388605665205e-39,-0.401279138714272,0.774,0.761,4.72660856371718e-35,"Memory B","SNX2","down"
9.02633350700904e-25,-0.401009618875941,0.224,0.21,1.69713122598784e-20,"Memory B","SIMC1","down"
4.19521317599431e-12,-0.400510125441221,0.081,0.075,7.88783981350451e-08,"Memory B","ZNF718","down"
1.44725452471138e-22,-0.39940383635512,0.203,0.183,2.72112795736233e-18,"Memory B","MSI2","down"
5.6687451579423e-08,-0.399231344157076,0.071,0.066,0.00106583746459631,"Memory B","HIP1","down"
3.48130029170266e-34,-0.399023937247241,0.457,0.443,6.54554080845935e-30,"Memory B","DTNBP1","down"
3.32121072945798e-17,-0.398958424464108,0.124,0.11,6.24454041352689e-13,"Memory B","HLA-DOB","down"
1.87197296486497e-23,-0.398436865707099,0.084,0.071,3.51968356853912e-19,"Memory B","GMEB2","down"
1.1521913429133e-09,-0.398171700922356,0.059,0.054,2.16635016294559e-05,"Memory B","MASTL","down"
1.64592082459578e-41,-0.397720474704983,0.292,0.26,3.09466033440499e-37,"Memory B","CWF19L2","down"
7.67886812912427e-22,-0.39716535651697,0.203,0.187,1.44378078563794e-17,"Memory B","ZNF141","down"
1.58376265272082e-34,-0.396978755137797,0.321,0.304,2.97779053964568e-30,"Memory B","TMPO","down"
3.18360117930076e-22,-0.396929844170699,0.777,0.853,5.9858069373213e-18,"Memory B","BACH2","down"
1.14217660910861e-24,-0.396664901986968,0.324,0.275,2.147520460446e-20,"Memory B","SERTAD1","down"
4.9043221179352e-07,-0.396280694571996,0.057,0.057,0.00922110644614177,"Memory B","ENSG00000284428","down"
1.16742042541552e-06,-0.395270179407921,0.043,0.037,0.0219498388386626,"Memory B","RAD51-AS1","down"
1.28091901922504e-16,-0.395143538145225,0.284,0.269,2.40838393994693e-12,"Memory B","CAMK2D","down"
1.00713747910647e-27,-0.394598519580475,0.32,0.3,1.89361988821599e-23,"Memory B","OAT","down"
4.11022569688084e-11,-0.393813716587638,0.058,0.052,7.72804635527535e-07,"Memory B","ENSG00000255139","down"
3.17920586265885e-13,-0.39367327966806,0.057,0.049,5.97754286297116e-09,"Memory B","EOGT-DT","down"
2.96548270328628e-38,-0.393120055041252,0.256,0.23,5.57570057871886e-34,"Memory B","PARVG","down"
3.38424883641869e-15,-0.39306122671197,0.137,0.132,6.36306466223443e-11,"Memory B","DYRK1B","down"
3.41153468687071e-38,-0.392256173872809,0.394,0.358,6.4143675182543e-34,"Memory B","LINC01138","down"
4.91740608333136e-10,-0.392134396569192,0.066,0.059,9.24570691787963e-06,"Memory B","PPP1R3E","down"
7.66780453970452e-14,-0.391807038759132,0.054,0.045,1.44170060955524e-09,"Memory B","RFC5","down"
1.56754190674598e-31,-0.391685369743406,0.409,0.391,2.94729229306379e-27,"Memory B","PACSIN2","down"
2.26883199711067e-08,-0.391140414265735,0.052,0.05,0.000426585792096747,"Memory B","ZNF426","down"
1.9858430570885e-27,-0.391108242037836,0.256,0.239,3.7337821159378e-23,"Memory B","MPC1","down"
4.07955936182213e-09,-0.39067813225829,0.025,0.021,7.67038751209796e-05,"Memory B","BLOC1S3","down"
4.82843064061505e-13,-0.390517642714606,0.11,0.104,9.07841529048443e-09,"Memory B","PWWP2B","down"
8.59599442625801e-34,-0.390514403740493,0.316,0.289,1.61621887202503e-29,"Memory B","ZNF107","down"
4.22182004513909e-09,-0.390183572017032,0.066,0.059,7.93786604887052e-05,"Memory B","NBEA","down"
1.81090770620112e-10,-0.390093079588531,0.06,0.054,3.40486866919935e-06,"Memory B","MOK","down"
4.77349893562142e-15,-0.389659804202682,0.059,0.048,8.97513269875539e-11,"Memory B","POC1B-AS1","down"
2.3416733479547e-07,-0.389191825566432,0.071,0.054,0.00440281422882442,"Memory B","BAG3","down"
7.66204860356969e-24,-0.389171607710663,0.198,0.174,1.44061837844317e-19,"Memory B","MX2","down"
1.33542709175865e-09,-0.389163282537159,0.046,0.039,2.51087001792462e-05,"Memory B","GABPB2","down"
1.9780543267303e-15,-0.389155476050488,0.106,0.095,3.71913774511831e-11,"Memory B","FAM53C","down"
1.35075534455359e-15,-0.388761650065563,0.085,0.076,2.53969019882966e-11,"Memory B","FBXO25","down"
2.49140950378526e-23,-0.388759401595101,0.593,0.593,4.68434814901705e-19,"Memory B","RASGEF1B","down"
2.61292355271974e-28,-0.387728265821157,0.213,0.193,4.91281886382366e-24,"Memory B","UQCC2","down"
2.95623750176966e-18,-0.387229031341543,0.111,0.096,5.55831775082732e-14,"Memory B","BNIP3","down"
9.57032698729834e-41,-0.387088398270629,0.629,0.609,1.79941288015183e-36,"Memory B","LAPTM4A","down"
4.8374835909401e-34,-0.386980180436782,0.389,0.36,9.09543664768558e-30,"Memory B","SHISAL2A","down"
9.45755404332885e-41,-0.386682428875877,0.402,0.366,1.77820931122669e-36,"Memory B","LNPEP","down"
8.63454568836317e-34,-0.386310541437562,0.489,0.466,1.62346728032604e-29,"Memory B","RRAS2","down"
2.20606721962117e-42,-0.385932052076938,0.449,0.412,4.14784758633173e-38,"Memory B","USP11","down"
5.31746104322e-27,-0.38575716401363,0.228,0.214,9.99789025346224e-23,"Memory B","STK26","down"
2.54169747540284e-16,-0.384524112845055,0.159,0.152,4.77889959325242e-12,"Memory B","TARS3","down"
2.57256800673535e-09,-0.384412582356846,0.036,0.03,4.83694236626381e-05,"Memory B","GSTZ1","down"
2.86257434258096e-28,-0.384257159363858,0.207,0.197,5.38221227892072e-24,"Memory B","RDH14","down"
5.30180789293849e-26,-0.384244192491807,0.335,0.307,9.96845920030295e-22,"Memory B","FGR","down"
1.73099919875972e-10,-0.383895774448916,0.039,0.033,3.25462469350803e-06,"Memory B","NUDT18","down"
4.64180261282714e-20,-0.38363651274096,0.142,0.132,8.7275172726376e-16,"Memory B","ZNF44","down"
4.45708660173335e-28,-0.383252755086727,0.221,0.201,8.38021422857904e-24,"Memory B","ZNF92","down"
5.79883712746876e-08,-0.383250481439285,0.019,0.014,0.00109029735670668,"Memory B","ENSG00000278730","down"
4.52894081484834e-77,-0.383240894206707,1,1,8.51531452007785e-73,"Memory B","CD74","down"
1.00492315109664e-27,-0.383051261086623,0.194,0.176,1.8894565086919e-23,"Memory B","MARCHF5","down"
1.31739028044968e-06,-0.382978415872336,0.063,0.06,0.0247695720530148,"Memory B","FAM222A","down"
3.05517260443989e-09,-0.38266112863162,0.05,0.045,5.74433553086788e-05,"Memory B","CENPL","down"
5.2883193467695e-44,-0.382494672960342,0.404,0.37,9.94309803579602e-40,"Memory B","MAP2K1","down"
7.97296914952893e-36,-0.382452783632413,0.918,0.918,1.49907765949443e-31,"Memory B","ANKRD12","down"
1.3159622022843e-11,-0.381661135842116,0.059,0.05,2.47427213273494e-07,"Memory B","FAM169A","down"
1.91311604424274e-19,-0.381642500788976,0.219,0.188,3.59704078638519e-15,"Memory B","H2AX","down"
8.00463280057879e-47,-0.381084390813898,0.669,0.62,1.50503105916482e-42,"Memory B","NDUFS5","down"
4.0374665782265e-10,-0.381009670991336,0.036,0.029,7.59124466038146e-06,"Memory B","PDE6B","down"
4.31448946430227e-21,-0.380851253578216,0.131,0.112,8.11210309078114e-17,"Memory B","AP3M2","down"
1.618516777735e-24,-0.380123127458773,0.342,0.332,3.04313524549735e-20,"Memory B","RAPGEF2","down"
8.67810710145496e-46,-0.379517327011923,0.368,0.322,1.63165769721556e-41,"Memory B","PSME4","down"
6.60846610092258e-09,-0.379504550702311,0.037,0.03,0.000124252379629546,"Memory B","MAP3K9","down"
7.78132090761345e-30,-0.379468061170112,0.242,0.226,1.46304395704948e-25,"Memory B","USE1","down"
1.86569033651583e-19,-0.37942666899436,0.18,0.176,3.50787097071706e-15,"Memory B","ZNF100","down"
2.50404906486267e-12,-0.379152751435237,0.064,0.056,4.70811305175479e-08,"Memory B","OPN3","down"
7.22303667608905e-23,-0.378915664003434,0.084,0.068,1.35807535583826e-18,"Memory B","MTIF2","down"
2.90670932483711e-18,-0.378820659730034,0.172,0.162,5.46519487255874e-14,"Memory B","PGM2L1","down"
1.05105144419143e-22,-0.378679873312472,0.152,0.136,1.97618692536873e-18,"Memory B","SLF2","down"
8.84479530082469e-38,-0.378642889611036,0.346,0.314,1.66299841246106e-33,"Memory B","NORAD","down"
6.21194869754101e-45,-0.37862455154229,0.468,0.439,1.16797059411166e-40,"Memory B","BLOC1S2","down"
5.74217916855026e-37,-0.378110154786313,0.921,0.914,1.07964452727082e-32,"Memory B","KMT2E","down"
1.32640635428757e-06,-0.37749445207905,0.027,0.023,0.024939092273315,"Memory B","ENSG00000254907","down"
3.58850653288284e-11,-0.37741012476032,0.052,0.044,6.74710998312632e-07,"Memory B","TRMT12","down"
1.39285302839491e-30,-0.377330387652934,0.258,0.222,2.6188422639881e-26,"Memory B","SLC25A19","down"
7.00877340895598e-36,-0.376476871309742,0.282,0.254,1.3177895763519e-31,"Memory B","TMEM50B","down"
9.21048111297504e-15,-0.376409515618548,0.122,0.115,1.73175465886157e-10,"Memory B","CALCOCO1","down"
2.29064851760271e-36,-0.376291080312276,0.47,0.428,4.30687734279661e-32,"Memory B","OSER1","down"
9.31146995238137e-39,-0.375948385897313,0.754,0.73,1.75074258044675e-34,"Memory B","PRKAR1A","down"
7.3623885648256e-25,-0.375877131881414,0.177,0.161,1.38427629795851e-20,"Memory B","APMAP","down"
2.54985607750335e-13,-0.375832498618052,0.088,0.067,4.79423939692179e-09,"Memory B","TBC1D22A-DT","down"
2.18809676583861e-26,-0.375778470839757,0.228,0.214,4.11405953912975e-22,"Memory B","GTF2IRD2B","down"
6.46329590892263e-09,-0.375280371625789,0.056,0.05,0.000121522889679563,"Memory B","EIF4EBP3","down"
9.65490384888855e-10,-0.375259218722272,0.085,0.081,1.81531502166802e-05,"Memory B","DUSP16","down"
1.73940663047999e-14,-0.375086686972138,0.067,0.058,3.27043234662847e-10,"Memory B","COQ8B","down"
1.4578755355713e-06,-0.374837469546022,0.03,0.026,0.0274109758198115,"Memory B","ENSG00000285999","down"
4.90911669145932e-33,-0.374288273743381,0.355,0.322,9.23012120328182e-29,"Memory B","PNPLA8","down"
1.0810238043273e-41,-0.373513343136558,0.69,0.659,2.03254095689619e-37,"Memory B","SEC62","down"
1.8848282801298e-08,-0.373411402860349,0.056,0.052,0.000354385413230004,"Memory B","ENSG00000290073","down"
5.23634363341121e-14,-0.37279485472805,0.081,0.071,9.84537329953975e-10,"Memory B","GALNT6","down"
5.82452918195552e-20,-0.37184280172297,0.083,0.071,1.09512797679128e-15,"Memory B","NUP35","down"
1.92339415254006e-26,-0.371756978568771,0.221,0.202,3.61636568560583e-22,"Memory B","TTF1","down"
5.64831519127297e-16,-0.371743697595162,0.114,0.102,1.06199622226314e-11,"Memory B","QSOX2","down"
1.07887723706768e-09,-0.37170263819684,0.063,0.058,2.02850498113465e-05,"Memory B","ZNF329","down"
1.28185646979105e-09,-0.371485027835444,0.092,0.089,2.41014653450113e-05,"Memory B","ANKRA2","down"
7.34764687975427e-33,-0.371358673477278,0.383,0.356,1.3815045663314e-28,"Memory B","ADAM10","down"
1.93078928765045e-06,-0.370938198271158,0.031,0.028,0.0363027001864038,"Memory B","FBF1","down"
1.75732705540818e-14,-0.370786998034974,0.199,0.193,3.30412632957846e-10,"Memory B","HYCC1","down"
6.37136593843202e-37,-0.369863763803366,0.546,0.516,1.19794422374399e-32,"Memory B","USP47","down"
4.15285221304645e-28,-0.369314686754839,0.229,0.207,7.80819273096993e-24,"Memory B","NF1","down"
5.71010665298095e-17,-0.368436127564992,0.107,0.096,1.07361425289348e-12,"Memory B","ZNF14","down"
6.89978179986362e-15,-0.368262327692604,0.073,0.062,1.29729697401036e-10,"Memory B","LIG3","down"
7.59289461039364e-20,-0.367384892223317,0.724,0.756,1.42761604464621e-15,"Memory B","CLEC2D","down"
1.93546271067497e-30,-0.367341066312523,0.327,0.303,3.63905698861108e-26,"Memory B","ERGIC1","down"
1.93302715802387e-17,-0.366863783729831,0.11,0.1,3.63447766251648e-13,"Memory B","SIDT2","down"
1.17922693331752e-16,-0.366796469242962,0.127,0.115,2.2171824800236e-12,"Memory B","N4BP2","down"
8.29104076861277e-27,-0.366721928249935,0.33,0.3,1.55888148531457e-22,"Memory B","ARL4A","down"
8.18559341508366e-12,-0.366717145636619,0.068,0.06,1.53905527390403e-07,"Memory B","ZNF709","down"
2.09441735762923e-28,-0.365664541562546,0.267,0.254,3.93792351581448e-24,"Memory B","CARD8","down"
8.96982164299703e-37,-0.365661196025573,0.464,0.436,1.6865058653163e-32,"Memory B","SMARCA2","down"
8.03493233011173e-11,-0.365465647576726,0.065,0.058,1.51072797670761e-06,"Memory B","ZNF268","down"
2.77321063688393e-26,-0.365410203926102,0.085,0.068,5.21419063946916e-22,"Memory B","BTBD2","down"
2.77619622578164e-09,-0.36536400073002,0.072,0.067,5.21980414371465e-05,"Memory B","STK32C","down"
1.19328258492985e-29,-0.365157517597959,0.25,0.232,2.2436099161851e-25,"Memory B","ZNF431","down"
6.31472131466209e-47,-0.364845270202882,0.532,0.491,1.18729390158277e-42,"Memory B","PJA2","down"
5.36949414131611e-09,-0.364811427377634,0.049,0.042,0.000100957228845026,"Memory B","SPATA1","down"
6.114351477099e-20,-0.363970305793719,0.14,0.131,1.14962036472415e-15,"Memory B","RAB11FIP4","down"
2.74856005039421e-19,-0.363652487965574,0.726,0.802,5.16784260675119e-15,"Memory B","SNX9","down"
5.33284895666027e-25,-0.363593827526011,0.137,0.117,1.00268226083126e-20,"Memory B","PHC2","down"
1.12073663998287e-31,-0.363367408398163,0.209,0.186,2.10720903049579e-27,"Memory B","NBPF12","down"
2.81032757326816e-45,-0.363235518978102,0.443,0.376,5.2839779032588e-41,"Memory B","ZMYM2","down"
7.35040046843649e-13,-0.362997779329866,0.07,0.062,1.38202229607543e-08,"Memory B","NRDE2","down"
1.01953900624411e-23,-0.362645800891328,0.169,0.151,1.91693723954018e-19,"Memory B","C11orf24","down"
9.66741187442847e-16,-0.362551018610998,0.426,0.427,1.81766678063004e-11,"Memory B","CBLB","down"
2.87416079710196e-08,-0.362162986550612,0.051,0.045,0.000540399713071111,"Memory B","ENSG00000291283","down"
2.99744041884497e-71,-0.361535582439394,1,0.997,5.63578747551231e-67,"Memory B","HLA-DRB1","down"
5.22643149797656e-40,-0.361197790742375,0.56,0.518,9.82673650249553e-36,"Memory B","RAPGEF6","down"
1.94981366163441e-33,-0.360968804805415,0.249,0.228,3.66603964660501e-29,"Memory B","POR","down"
8.94818921624567e-34,-0.360751302210118,0.251,0.228,1.68243853643851e-29,"Memory B","KAT5","down"
4.40406204161032e-10,-0.360347465521958,0.041,0.034,8.28051745063572e-06,"Memory B","CNPY2-AS1","down"
4.62811376485658e-33,-0.360233394724857,0.478,0.445,8.70177950068334e-29,"Memory B","SLC12A6","down"
1.04401478756819e-29,-0.359463898598679,0.435,0.41,1.96295660358572e-25,"Memory B","SECISBP2L","down"
5.78431181260664e-40,-0.359415278346759,0.428,0.379,1.0875663070063e-35,"Memory B","RLF","down"
3.33546767884326e-39,-0.359106475361691,0.42,0.39,6.27134632976109e-35,"Memory B","GPR132","down"
1.60791976955881e-31,-0.358950852682423,0.375,0.336,3.02321075072447e-27,"Memory B","HMGB2","down"
1.36237982122423e-30,-0.358475461562777,0.335,0.315,2.56154653986581e-26,"Memory B","DENND3","down"
2.60047198835496e-09,-0.358338217869568,0.044,0.039,4.88940743250499e-05,"Memory B","ENSG00000267379","down"
2.36966036353883e-16,-0.358253659976624,0.193,0.181,4.45543541552571e-12,"Memory B","ITGB2","down"
7.87374482805522e-10,-0.358115988969715,0.087,0.08,1.48042150257094e-05,"Memory B","PHLDB3","down"
6.33383501054497e-33,-0.358085930128535,0.167,0.139,1.19088765868267e-28,"Memory B","TMEM41B","down"
2.91412653789021e-07,-0.357323949560143,0.04,0.035,0.00547914071654118,"Memory B","TPRN","down"
4.98513288307379e-20,-0.357146619373222,0.112,0.1,9.37304684675534e-16,"Memory B","CRYBB2P1","down"
4.45560445188351e-17,-0.357085276012951,0.176,0.163,8.37742749043138e-13,"Memory B","GLUL","down"
4.36375499518178e-31,-0.356950990146293,0.157,0.13,8.20473214194078e-27,"Memory B","ZNF766","down"
2.21314830135529e-23,-0.356495123412886,0.178,0.164,4.16116143620822e-19,"Memory B","ENSG00000197813","down"
3.43427426636068e-09,-0.356439247799001,0.035,0.03,6.45712247561135e-05,"Memory B","SLC35F6","down"
3.00807601044355e-20,-0.356057238724858,0.197,0.182,5.65578451483596e-16,"Memory B","SIDT1","down"
2.75214960730512e-19,-0.354932450270288,0.105,0.09,5.17459169165509e-15,"Memory B","SNX16","down"
6.82577954350963e-21,-0.354684099606132,0.142,0.129,1.28338306977068e-16,"Memory B","LRRC37A3","down"
1.10188494764811e-22,-0.354601663059699,0.227,0.2,2.07176407856797e-18,"Memory B","ERO1B","down"
1.22031610642004e-37,-0.354172942403192,0.342,0.317,2.29443834329097e-33,"Memory B","OIP5-AS1","down"
3.71126892158905e-24,-0.354112786817866,0.983,0.951,6.97792782637173e-20,"Memory B","EMP3","down"
2.13048860097633e-31,-0.353869687510604,0.192,0.162,4.0057446675557e-27,"Memory B","RMND5A","down"
2.62008722559705e-31,-0.353736111192219,0.482,0.454,4.92628800156758e-27,"Memory B","TCP11L2","down"
4.45883118358557e-42,-0.35363851941944,0.422,0.375,8.38349439137759e-38,"Memory B","MDM4","down"
8.21895758689363e-29,-0.353465417644829,0.577,0.554,1.54532840548774e-24,"Memory B","ARRDC2","down"
8.42720233869514e-37,-0.353231499763665,0.651,0.619,1.58448258372146e-32,"Memory B","BRAF","down"
3.55165783775796e-11,-0.352870539478371,0.056,0.049,6.67782706655251e-07,"Memory B","ZNF232","down"
2.75664343131148e-07,-0.352869467928219,0.039,0.035,0.00518304097955184,"Memory B","CMC4","down"
2.36987026112196e-09,-0.35216685270744,0.034,0.029,4.45583006496152e-05,"Memory B","HGH1","down"
1.44258217858171e-44,-0.352153189068736,0.324,0.284,2.71234301216932e-40,"Memory B","PRPS1","down"
1.70295539549139e-07,-0.351999680174952,0.024,0.019,0.00320189673460292,"Memory B","PPP1R15B-AS1","down"
6.58826459663982e-08,-0.351581259763019,0.071,0.067,0.00123872550946022,"Memory B","RFX2","down"
3.78191909100726e-25,-0.35147088862962,0.179,0.155,7.11076427491185e-21,"Memory B","RYBP","down"
1.5010692778165e-35,-0.351140920701945,0.333,0.293,2.82231045615058e-31,"Memory B","UMAD1","down"
2.3884344924646e-32,-0.35103424879149,0.679,0.659,4.49073453273194e-28,"Memory B","RB1","down"
9.60896953000297e-07,-0.350726185813386,0.388,0.405,0.0180667845103116,"Memory B","GLA","down"
1.12537479897228e-15,-0.350603265091185,0.084,0.069,2.11592969702769e-11,"Memory B","ABCA5","down"
1.03746647304253e-30,-0.350285679899428,0.815,0.795,1.95064446261456e-26,"Memory B","CIB1","down"
3.27048515417574e-31,-0.349605445301326,0.356,0.335,6.14916618688123e-27,"Memory B","ZNF326","down"
5.52368330470839e-27,-0.349136690610013,0.667,0.655,1.03856293495127e-22,"Memory B","AKT3","down"
3.91647794519973e-29,-0.348707403169335,0.396,0.339,7.36376183256453e-25,"Memory B","BCAS2","down"
6.36404854818175e-33,-0.34810499689327,0.364,0.33,1.19656840802913e-28,"Memory B","PPM1K","down"
2.07895472713108e-23,-0.346823227847946,0.149,0.132,3.90885067795185e-19,"Memory B","APIP","down"
2.79272354088909e-18,-0.346810979016235,0.104,0.09,5.25087880157966e-14,"Memory B","ZNF565","down"
5.9417517471408e-25,-0.346614142030898,0.192,0.168,1.11716816349741e-20,"Memory B","GKAP1","down"
3.58475640276876e-27,-0.346591240105834,0.259,0.24,6.74005898848582e-23,"Memory B","SDHAP1","down"
9.05186410456972e-17,-0.346472892518415,0.056,0.043,1.7019314889412e-12,"Memory B","ZCCHC4","down"
3.84850610759096e-23,-0.34540672940836,0.122,0.103,7.23596118349253e-19,"Memory B","HEIH","down"
1.20130649192312e-12,-0.345240642296686,0.065,0.056,2.25869646611385e-08,"Memory B","MAGEF1","down"
3.73381903522447e-37,-0.345088825985116,0.314,0.284,7.02032655002904e-33,"Memory B","MARCHF8","down"
1.83065590984245e-14,-0.344761412067631,0.192,0.189,3.44199924168577e-10,"Memory B","CXCL16","down"
8.70432609030911e-18,-0.344740358909008,0.121,0.108,1.63658739149992e-13,"Memory B","RAD9A","down"
1.07365220788194e-22,-0.344618122478086,0.679,0.684,2.01868088125962e-18,"Memory B","RBM38","down"
7.78033102081328e-34,-0.344119118143115,0.754,0.729,1.46285783853331e-29,"Memory B","LMBRD1","down"
1.7749241046358e-16,-0.343712552476555,0.174,0.157,3.33721230153623e-12,"Memory B","ENSG00000282885","down"
1.70816141092748e-19,-0.343593592275899,0.149,0.136,3.21168508482585e-15,"Memory B","LGALS8","down"
2.84078536375687e-36,-0.343568717848485,0.527,0.503,5.34124464093568e-32,"Memory B","STAG2","down"
1.09546810325025e-17,-0.343514009626875,0.102,0.089,2.05969912773112e-13,"Memory B","CD99P1","down"
3.5548880431945e-18,-0.343351529403281,0.126,0.111,6.68390049881431e-14,"Memory B","GPANK1","down"
4.50577807452744e-25,-0.343253289631577,0.436,0.389,8.47176393572649e-21,"Memory B","CD79B","down"
5.21799978611461e-29,-0.343172053406077,0.597,0.593,9.81088319785268e-25,"Memory B","AGO2","down"
1.79611623370412e-18,-0.342871372192035,0.084,0.069,3.37705774261049e-14,"Memory B","MOSPD2","down"
4.56189948605305e-27,-0.341414132474477,0.538,0.511,8.57728341367694e-23,"Memory B","BTBD9","down"
9.39667277080811e-17,-0.341411225848035,0.082,0.069,1.76676241436734e-12,"Memory B","FRAT2","down"
8.57649689832129e-25,-0.341382078063214,0.172,0.145,1.61255294682237e-20,"Memory B","NLRP1","down"
5.16905113082647e-20,-0.341105311968479,0.726,0.729,9.71884993617994e-16,"Memory B","RHOH","down"
7.65941260717928e-27,-0.34099017727409,0.228,0.207,1.44012275840185e-22,"Memory B","CCS","down"
1.26540059861388e-06,-0.340743052193655,0.03,0.023,0.0237920620551382,"Memory B","RNLS","down"
2.12295320129324e-08,-0.340561675139345,0.044,0.037,0.000399157660907156,"Memory B","SLC41A1","down"
3.43950889424712e-15,-0.340496034781787,0.065,0.055,6.46696462296344e-11,"Memory B","DYRK4","down"
6.0093829148512e-12,-0.340465689082524,0.065,0.055,1.12988417565032e-07,"Memory B","ZNF525","down"
4.73034449638766e-13,-0.340444214130291,0.076,0.068,8.89399372210807e-09,"Memory B","TADA2A","down"
4.15439433505701e-16,-0.340220584418764,0.15,0.133,7.81109222877418e-12,"Memory B","TRPS1","down"
3.83311607788769e-18,-0.340172131427666,0.06,0.05,7.20702484964443e-14,"Memory B","CHST14","down"
2.46789197569019e-07,-0.339936528964443,0.036,0.03,0.0046401304926927,"Memory B","MIR3936HG","down"
1.38977632560449e-07,-0.339359301374938,0.061,0.055,0.00261305744740155,"Memory B","ZNF571","down"
8.7512022116519e-20,-0.339270189355209,0.145,0.129,1.64540103983479e-15,"Memory B","ENSG00000290020","down"
6.7174112883337e-09,-0.338870882887613,0.088,0.08,0.00012630076704325,"Memory B","GAPT","down"
3.74836048366958e-35,-0.338764068301399,0.193,0.161,7.04766738139554e-31,"Memory B","NUP160","down"
1.73862578118537e-16,-0.338377429777319,0.1,0.082,3.26896419378474e-12,"Memory B","IFT74","down"
1.45506371526003e-25,-0.338228996121597,0.191,0.17,2.73581079743191e-21,"Memory B","RNF141","down"
1.56777393330639e-06,-0.337537950794715,0.052,0.048,0.0294772854940267,"Memory B","LRRC8C-DT","down"
7.78922163422838e-29,-0.336952251222331,0.45,0.421,1.46452945166762e-24,"Memory B","B4GALT1","down"
1.65708995834135e-42,-0.336073189450412,0.313,0.273,3.11566053967341e-38,"Memory B","GMFB","down"
1.27340443524147e-11,-0.335822198167912,0.221,0.214,2.394255019141e-07,"Memory B","STAT4","down"
6.26380828712736e-20,-0.335156804257386,0.238,0.225,1.17772123414569e-15,"Memory B","ARHGAP5","down"
9.11091332842932e-30,-0.335046412680146,0.708,0.589,1.71303392401128e-25,"Memory B","DNAJA1","down"
1.83403898632974e-14,-0.3346157187777,0.09,0.077,3.44836010209718e-10,"Memory B","ENSG00000273175","down"
2.65432169518714e-35,-0.33443427284977,0.365,0.324,4.99065565129086e-31,"Memory B","VPS13A","down"
3.0795467990105e-41,-0.334369455965138,0.385,0.343,5.79016389149954e-37,"Memory B","HIPK3","down"
7.73232950726412e-24,-0.333916619554835,0.234,0.215,1.4538325939558e-19,"Memory B","RBMS1","down"
2.43710185898583e-28,-0.333686178387108,0.336,0.28,4.58223891526515e-24,"Memory B","USP36","down"
9.98068353236071e-07,-0.333613901690795,0.038,0.034,0.0187656811775446,"Memory B","SGSH","down"
7.08064123167494e-17,-0.333501220690509,0.07,0.059,1.33130216437952e-12,"Memory B","ZNF212","down"
9.40601413085796e-12,-0.333322637025418,0.719,0.713,1.76851877688391e-07,"Memory B","CREM","down"
8.27598463568758e-14,-0.332921785310693,0.058,0.049,1.55605063120198e-09,"Memory B","ZNF17","down"
9.45749131314767e-22,-0.332855355363896,0.164,0.147,1.77819751669802e-17,"Memory B","PPARD","down"
1.13155547050051e-28,-0.332441417743203,0.218,0.19,2.12755059563506e-24,"Memory B","DNAJC4","down"
1.4336808573002e-32,-0.331680480047196,0.325,0.291,2.69560674789584e-28,"Memory B","KDM6A","down"
4.56143323915164e-19,-0.331332110031654,0.128,0.115,8.57640677625292e-15,"Memory B","DMAP1","down"
1.19856810862675e-12,-0.330974636963355,0.061,0.051,2.25354775784001e-08,"Memory B","FAM200B","down"
2.24370877288591e-41,-0.330964727899878,0.412,0.37,4.21862123478009e-37,"Memory B","RPP21","down"
6.17397991839807e-16,-0.330954801492759,0.113,0.101,1.16083170425721e-11,"Memory B","UNK","down"
3.041658515592e-11,-0.330342301926838,0.142,0.133,5.71892634101608e-07,"Memory B","EPB41L5","down"
2.17001704723137e-15,-0.3299545298284,0.216,0.203,4.08006605220443e-11,"Memory B","FCRLA","down"
1.71299570787314e-09,-0.329876268907149,0.048,0.04,3.22077452994309e-05,"Memory B","SNX24","down"
8.04252835289315e-10,-0.329330043185251,0.063,0.056,1.51215618091097e-05,"Memory B","ZCWPW1","down"
1.87867059913656e-08,-0.328816863526828,0.052,0.045,0.000353227646049656,"Memory B","TRABD-AS1","down"
1.60046249979065e-26,-0.328760458122327,0.813,0.788,3.00918959210639e-22,"Memory B","H4C3","down"
5.62215472725659e-25,-0.328435072159917,0.36,0.342,1.05707753181878e-20,"Memory B","ABR","down"
1.12484470793327e-24,-0.328322459815898,0.192,0.166,2.11493301985613e-20,"Memory B","TERF1","down"
3.07141025075869e-07,-0.328313505568768,0.058,0.051,0.00577486555347649,"Memory B","ZFP30","down"
9.34295768525376e-18,-0.328307039316909,0.181,0.165,1.75666290398141e-13,"Memory B","TSPAN5","down"
2.14005481288319e-15,-0.327858890830997,0.081,0.069,4.02373105918298e-11,"Memory B","HIRA","down"
4.41748268906263e-37,-0.327290395561163,0.532,0.502,8.30575095197556e-33,"Memory B","SIPA1","down"
4.06234115488598e-15,-0.326730249325961,0.103,0.089,7.63801383941662e-11,"Memory B","TMLHE","down"
4.28376694041823e-12,-0.326620321278087,0.762,0.778,8.05433860137436e-08,"Memory B","CD69","down"
6.12030637838381e-14,-0.326608516212534,0.091,0.082,1.15074000526372e-09,"Memory B","IFT22","down"
8.84388911888785e-08,-0.326376785558458,0.029,0.024,0.00166282803213329,"Memory B","ZNF547","down"
1.38227505232167e-15,-0.326230753909839,0.064,0.05,2.5989535533752e-11,"Memory B","SPRYD4","down"
5.33078522112437e-18,-0.326056050474312,0.113,0.099,1.0022942372758e-13,"Memory B","SNAPC3","down"
8.02960417476338e-26,-0.325704301520378,0.159,0.136,1.50972617693901e-21,"Memory B","RAD54L2","down"
2.20368972386057e-27,-0.325354866832401,0.285,0.248,4.14337741880264e-23,"Memory B","ENSG00000266049","down"
8.07025991581394e-13,-0.325309959189829,0.061,0.048,1.51737026937134e-08,"Memory B","CNNM4","down"
2.04324206716099e-25,-0.325098819153546,0.078,0.059,3.84170373467609e-21,"Memory B","C2orf68","down"
7.08649281366719e-07,-0.325027982181062,0.029,0.024,0.0133240237882571,"Memory B","ATXN7L3-AS1","down"
4.27151372132305e-14,-0.324783804265282,0.084,0.071,8.03130009883161e-10,"Memory B","PABIR2","down"
4.4872622911603e-33,-0.324479598312464,0.153,0.125,8.4369505598396e-29,"Memory B","ZNF266","down"
1.68730364575802e-09,-0.324133353369051,0.078,0.073,3.17246831475423e-05,"Memory B","BCDIN3D","down"
2.24709305971121e-18,-0.323290855426684,0.145,0.122,4.22498437086901e-14,"Memory B","DIPK2A","down"
1.60172213153369e-09,-0.323222149631857,0.056,0.049,3.01155795170965e-05,"Memory B","FAM185A","down"
6.11786849262813e-28,-0.323081520103287,0.169,0.146,1.15028163398394e-23,"Memory B","HMGXB4","down"
1.99296493980591e-11,-0.322795772415106,0.068,0.059,3.74717267982308e-07,"Memory B","LINC00938","down"
1.92524335460489e-23,-0.322753157386419,0.125,0.106,3.61984255532812e-19,"Memory B","MUTYH","down"
5.61137341974889e-33,-0.322628740406194,0.438,0.397,1.05505043038119e-28,"Memory B","BNIP3L","down"
1.26258570567141e-12,-0.322495347393427,0.053,0.039,2.37391364380338e-08,"Memory B","ABCA7","down"
1.48425678896562e-13,-0.322484918214067,0.128,0.11,2.79069961461316e-09,"Memory B","MEF2C-AS1","down"
5.41959162252238e-19,-0.322427871146144,0.359,0.355,1.01899161686666e-14,"Memory B","JARID2","down"
3.53491699608698e-25,-0.322172376896591,0.244,0.206,6.64635093604275e-21,"Memory B","TLE1","down"
1.09454279999219e-27,-0.322095135313274,0.144,0.122,2.05795937254532e-23,"Memory B","ENSG00000290683","down"
3.27516802869467e-13,-0.321591332547694,0.106,0.095,6.15797092755172e-09,"Memory B","CHD3","down"
6.56025199767924e-07,-0.321240600787116,0.046,0.041,0.0123345858060365,"Memory B","MAPKBP1","down"
4.93093201055215e-38,-0.320911182967277,0.446,0.4,9.27113836624015e-34,"Memory B","NEK7","down"
2.72001086810908e-09,-0.320716976879703,0.047,0.037,5.11416443421869e-05,"Memory B","CIP2A","down"
7.64637524883548e-15,-0.320395029362233,0.083,0.069,1.43767147428605e-10,"Memory B","PCGF6","down"
1.81651795669572e-18,-0.320356817038871,0.124,0.109,3.41541706217929e-14,"Memory B","RNF44","down"
1.02099336697217e-39,-0.320308861018502,0.49,0.45,1.91967172858107e-35,"Memory B","TMF1","down"
9.08045176996814e-08,-0.319638224218811,0.036,0.029,0.00170730654178941,"Memory B","TRIM62","down"
5.91443519132579e-09,-0.319315427782435,0.061,0.055,0.000111203210467308,"Memory B","FANCM","down"
9.71735662614866e-15,-0.31909506748647,0.163,0.151,1.82705739284847e-10,"Memory B","ENSG00000290968","down"
1.55384817679185e-22,-0.319089944943578,0.125,0.107,2.92154534200404e-18,"Memory B","PPIL2","down"
2.72492125525088e-15,-0.319072826555956,0.096,0.085,5.1233969441227e-11,"Memory B","NPHP3","down"
1.4888097852295e-40,-0.319067761548741,0.343,0.294,2.79926015818851e-36,"Memory B","CIR1","down"
3.25388089035491e-43,-0.318983516779645,0.372,0.317,6.11794685004531e-39,"Memory B","NUP58","down"
2.92488674942284e-11,-0.318861052387856,0.053,0.045,5.49937206626483e-07,"Memory B","HIC2","down"
1.27332078115297e-21,-0.318795565567242,0.118,0.101,2.39409773272381e-17,"Memory B","SP1","down"
7.77407246678915e-11,-0.318572199630454,0.116,0.111,1.4616811052057e-06,"Memory B","ENSG00000267476","down"
1.10846269628259e-31,-0.31795693411578,0.463,0.438,2.08413156155052e-27,"Memory B","GNL1","down"
3.79082782152382e-20,-0.317913334390053,0.159,0.142,7.12751447002908e-16,"Memory B","GPR89B","down"
1.0749440126941e-11,-0.317889830582356,0.067,0.058,2.02110973266744e-07,"Memory B","ENSG00000272501","down"
2.31561766168613e-16,-0.317544168234948,0.18,0.161,4.35382432750225e-12,"Memory B","UAP1","down"
1.50971116321032e-42,-0.317042260844748,0.579,0.522,2.83855892906804e-38,"Memory B","RPA3","down"
5.48486842815323e-11,-0.316934410939756,0.074,0.064,1.03126496186137e-06,"Memory B","ZNF680","down"
2.60771427239021e-21,-0.316777628668693,0.199,0.179,4.90302437494807e-17,"Memory B","DNAJB9","down"
7.09130035006507e-20,-0.316585725669042,0.109,0.094,1.33330629181923e-15,"Memory B","MIB2","down"
1.29714749146228e-10,-0.316192221026549,0.04,0.032,2.43889671344738e-06,"Memory B","KATNB1","down"
7.53212771319737e-08,-0.316100210672465,0.043,0.04,0.00141619065263537,"Memory B","ZNF561","down"
2.39827139504856e-07,-0.316023356654025,0.038,0.032,0.0045092298769703,"Memory B","ERMAP","down"
2.86222643872421e-07,-0.315245419770434,0.102,0.096,0.00538155815008925,"Memory B","SLA","down"
7.92900933501533e-11,-0.315124518536008,0.063,0.055,1.49081233516958e-06,"Memory B","IQCN","down"
8.90043716343609e-19,-0.315026791135918,0.143,0.132,1.67346019546925e-14,"Memory B","ZNF224","down"
4.59429634587245e-40,-0.314957342485803,0.325,0.279,8.63819598950937e-36,"Memory B","MACO1","down"
1.1391510462435e-16,-0.314927828084114,0.099,0.085,2.14183179714702e-12,"Memory B","ZNF254","down"
5.35718947051413e-23,-0.314862115507715,0.163,0.143,1.00725876424607e-18,"Memory B","ZNF708","down"
2.85601098357757e-12,-0.314282281068195,0.141,0.129,5.36987185132255e-08,"Memory B","CEP126","down"
3.86232925136298e-32,-0.313916999425037,0.195,0.166,7.26195145841268e-28,"Memory B","SNRNP27","down"
2.05764327652137e-18,-0.31343062824765,0.126,0.112,3.86878088851548e-14,"Memory B","OXNAD1","down"
2.41902189200786e-07,-0.313329475651446,0.036,0.031,0.00454824496135318,"Memory B","TM7SF2","down"
6.06871342924265e-09,-0.312613377613065,0.073,0.066,0.00011410394989662,"Memory B","CCDC14","down"
1.98419361405492e-34,-0.312361192514695,0.217,0.184,3.73068083314606e-30,"Memory B","MED23","down"
5.59870395022245e-21,-0.312150942158596,0.099,0.082,1.05266831672082e-16,"Memory B","MICALL1","down"
9.77858760243469e-30,-0.312055422893869,0.207,0.175,1.83857004100977e-25,"Memory B","GABPB1-AS1","down"
5.08074577069907e-08,-0.311984981333039,0.034,0.027,0.000955281819806839,"Memory B","USP30","down"
2.57020993912534e-10,-0.311857164928611,0.039,0.029,4.83250872754347e-06,"Memory B","SLC9B1","down"
3.23654900917432e-18,-0.311802625598939,0.618,0.593,6.08535944704955e-14,"Memory B","UBALD2","down"
2.39658138072237e-11,-0.311657156286195,0.095,0.088,4.50605231203421e-07,"Memory B","CREBL2","down"
4.56913106466552e-15,-0.31108607318141,0.147,0.134,8.5908802277841e-11,"Memory B","ENSG00000291147","down"
1.39427505675877e-28,-0.310909885189479,0.293,0.263,2.62151596171785e-24,"Memory B","RCOR1","down"
1.74168139127071e-19,-0.310733498738351,0.199,0.183,3.27470935186719e-15,"Memory B","SAMD9","down"
1.05900370016024e-09,-0.310563185235244,0.063,0.054,1.99113875704128e-05,"Memory B","DONSON","down"
2.47474300235092e-29,-0.310346262492563,0.256,0.222,4.6530117930202e-25,"Memory B","GSTO1","down"
5.06550054914622e-13,-0.310326717419372,0.059,0.048,9.52415413250473e-09,"Memory B","ABHD15","down"
2.58551745490033e-12,-0.310233081998693,0.072,0.062,4.8612899187036e-08,"Memory B","ZNF699","down"
3.71033461596872e-13,-0.310124117480391,0.082,0.071,6.97617114494439e-09,"Memory B","DDX28","down"
2.11714533836854e-13,-0.309720722956143,0.064,0.054,3.98065666520052e-09,"Memory B","SNX9-AS1","down"
1.30311417228905e-08,-0.309662001036529,0.071,0.062,0.000245011526673788,"Memory B","SPEN-AS1","down"
1.88218594071882e-20,-0.308885394737418,0.117,0.098,3.53888600573953e-16,"Memory B","AZI2","down"
2.03038829012241e-32,-0.30856568930125,0.501,0.461,3.81753606308816e-28,"Memory B","CDKN1B","down"
1.00025103191968e-31,-0.308478927492654,0.229,0.201,1.88067199021538e-27,"Memory B","STRIP1","down"
2.6640400021884e-15,-0.308330475363946,0.075,0.062,5.00892801211463e-11,"Memory B","ZNF333","down"
1.02071494035842e-26,-0.308137423141477,0.979,0.975,1.9191482308619e-22,"Memory B","MT-ND5","down"
1.59352650550996e-25,-0.307937784751821,0.678,0.609,2.99614853565982e-21,"Memory B","SLC2A3","down"
2.78400588527614e-39,-0.307912938888308,0.802,0.719,5.23448786549619e-35,"Memory B","GUK1","down"
5.52191750611907e-21,-0.307256688009119,0.189,0.17,1.03823092950051e-16,"Memory B","ST6GALNAC4","down"
2.01006089670543e-12,-0.307144118376098,0.07,0.062,3.77931649798555e-08,"Memory B","DHX32","down"
3.51494684077862e-24,-0.307036128258292,0.975,0.953,6.60880305003196e-20,"Memory B","TGFB1","down"
1.55529543048205e-31,-0.306929144250475,0.654,0.614,2.92426646839234e-27,"Memory B","CHPT1","down"
1.46988368572416e-14,-0.306630026952541,0.054,0.037,2.76367530589857e-10,"Memory B","EMC1-AS1","down"
1.24130313510594e-28,-0.306256427384915,0.339,0.292,2.33389815462619e-24,"Memory B","ARHGEF18","down"
3.93564724556434e-41,-0.306166216017112,0.359,0.316,7.39980395111007e-37,"Memory B","RBM23","down"
3.39931395142238e-24,-0.305551571985903,0.131,0.109,6.39139009146435e-20,"Memory B","C6orf120","down"
2.87213692323209e-11,-0.305436205687601,0.088,0.078,5.40019184306098e-07,"Memory B","ZNF568","down"
1.04760069253654e-19,-0.304841894490592,0.206,0.182,1.96969882210719e-15,"Memory B","PRR7","down"
3.32852789888292e-30,-0.304475491534775,0.375,0.349,6.25829815547966e-26,"Memory B","UBR1","down"
6.35108173656411e-42,-0.304296034060027,0.307,0.265,1.19413038810878e-37,"Memory B","RAP2C","down"
1.45188480655353e-07,-0.304101394498679,0.041,0.037,0.00272983381328195,"Memory B","CENPH","down"
4.62497491486163e-26,-0.303993184180246,0.276,0.26,8.69587783492284e-22,"Memory B","POLDIP3","down"
1.04518913455665e-06,-0.303608474216857,0.071,0.052,0.0196516461079341,"Memory B","HILPDA","down"
2.1649070302406e-20,-0.303516228971356,0.475,0.459,4.07045819825838e-16,"Memory B","POLD4","down"
2.11934854449869e-15,-0.3033592254015,0.081,0.066,3.98479913336643e-11,"Memory B","ZNF66","down"
4.13452809293079e-09,-0.303354897308715,0.074,0.066,7.77373972032847e-05,"Memory B","ATP11A","down"
1.04830996738219e-09,-0.303315842320396,0.035,0.028,1.97103240067199e-05,"Memory B","ALG10","down"
4.93626206560401e-43,-0.302563656095162,0.31,0.266,9.28115993574865e-39,"Memory B","USP22","down"
6.49309790962646e-39,-0.302473552902364,0.449,0.403,1.22083226896797e-34,"Memory B","RBBP6","down"
4.69664596290494e-23,-0.302107525554596,0.273,0.244,8.83063373945387e-19,"Memory B","CDKN2D","down"
2.61631742872491e-23,-0.302031503376742,0.15,0.126,4.91920002948858e-19,"Memory B","TMEM245","down"
3.5782452537807e-38,-0.301800562011805,0.302,0.269,6.72781672615848e-34,"Memory B","PMF1","down"
7.36486824582066e-19,-0.301404569547633,0.091,0.075,1.3847425275792e-14,"Memory B","NDOR1","down"
7.84093050284085e-15,-0.30077842724732,0.736,0.719,1.47425175314414e-10,"Memory B","SRGN","down"
2.08768320859667e-21,-0.300729875917513,0.224,0.208,3.92526196880345e-17,"Memory B","ZMYM6","down"
2.22358849014789e-16,-0.300645333598522,0.958,0.977,4.18079107917606e-12,"Memory B","CD83","down"
1.71342598447626e-36,-0.300485102921407,0.415,0.375,3.22158353601227e-32,"Memory B","DDX27","down"
1.14714334016168e-22,-0.300474961674732,0.17,0.151,2.156858908172e-18,"Memory B","BUD13","down"
1.51719141926518e-13,-0.300444130728969,0.152,0.143,2.85262330650239e-09,"Memory B","UBR5-DT","down"
3.3782073197396e-40,-0.300409019889975,0.651,0.601,6.3517054025744e-36,"Memory B","TRIM28","down"
5.02016549667103e-27,-0.299959950159852,0.5,0.462,9.43891516684087e-23,"Memory B","MALT1","down"
7.4446434970876e-41,-0.299906441741742,0.397,0.348,1.39974187032241e-36,"Memory B","OCIAD2","down"
1.95652426897609e-24,-0.299719452441903,0.116,0.093,3.67865693052885e-20,"Memory B","MON1B","down"
3.04593149584786e-15,-0.299706403201694,0.414,0.362,5.72696039849314e-11,"Memory B","RGS2","down"
4.06003723420671e-12,-0.299244834364805,0.058,0.047,7.63368200775545e-08,"Memory B","PTRH1","down"
3.5859086259392e-09,-0.298568389615718,0.049,0.042,6.74222539849088e-05,"Memory B","OTUD3","down"
4.68337995547703e-22,-0.298509679949664,0.257,0.233,8.80569099228791e-18,"Memory B","TESK2","down"
9.58033121841506e-07,-0.298178462586232,0.052,0.047,0.018012938756864,"Memory B","ENSG00000290383","down"
4.61453474762114e-26,-0.29773140430617,0.563,0.517,8.67624823247727e-22,"Memory B","PACS1","down"
1.32263693458669e-11,-0.297456188115439,0.063,0.055,2.4868219644099e-07,"Memory B","ZNF845","down"
2.65089258347655e-06,-0.296958212993188,0.025,0.02,0.0498420823545262,"Memory B","ENSG00000287805","down"
1.06041476898896e-11,-0.296937672687396,0.052,0.04,1.99379184865305e-07,"Memory B","WDR25","down"
7.82501986695214e-69,-0.296840389350413,0.999,0.999,1.47126023538434e-64,"Memory B","MT-CO1","down"
6.16669998039867e-15,-0.296818111232268,0.116,0.103,1.15946293031456e-10,"Memory B","B4GALT4","down"
2.02012974092775e-30,-0.296619393775605,0.193,0.164,3.79824793889236e-26,"Memory B","ATXN7L3B","down"
1.35888722348689e-26,-0.295687347204653,0.189,0.16,2.55497975760006e-22,"Memory B","TMEM62","down"
2.5733743299386e-35,-0.295260785234472,0.994,0.992,4.83845841515056e-31,"Memory B","EEF1D","down"
2.88890546794653e-15,-0.295219821403405,0.071,0.058,5.43172006083306e-11,"Memory B","ENTPD6","down"
1.59038534597393e-06,-0.294966545015594,0.091,0.085,0.0299024252750018,"Memory B","MIR4422HG","down"
1.49025849613175e-23,-0.294932437215366,0.274,0.235,2.80198402442693e-19,"Memory B","PALS2","down"
3.69790348892482e-26,-0.294873084704655,0.173,0.146,6.95279813987644e-22,"Memory B","BLZF1","down"
1.3456353361081e-17,-0.294580038915549,0.099,0.084,2.53006355895045e-13,"Memory B","MR1","down"
1.23330987664566e-06,-0.294542354104588,0.026,0.019,0.0231886923006917,"Memory B","CD27-AS1","down"
1.4056623237236e-27,-0.294455695154854,0.207,0.179,2.64292630106511e-23,"Memory B","PREPL","down"
1.56707145588301e-36,-0.29444853061368,0.986,0.968,2.94640775135123e-32,"Memory B","MYL6","down"
1.01677548985671e-29,-0.294070067090648,0.195,0.161,1.91174127602859e-25,"Memory B","NME4","down"
7.72148443076726e-16,-0.294054674580818,0.109,0.095,1.45179350267286e-11,"Memory B","PINK1","down"
5.04176356722707e-32,-0.293918853023862,0.177,0.145,9.47952385910034e-28,"Memory B","EXOC7","down"
5.67963976614734e-15,-0.293811288512936,0.102,0.088,1.06788586883102e-10,"Memory B","CASZ1","down"
2.34699564760688e-42,-0.293793728202361,0.722,0.671,4.41282121663046e-38,"Memory B","THRAP3","down"
6.23538867664051e-17,-0.293220861614339,0.22,0.204,1.17237777898195e-12,"Memory B","RPGR","down"
9.1641136130457e-37,-0.293200421581488,0.353,0.322,1.72303664152485e-32,"Memory B","CPSF7","down"
5.99978862296919e-07,-0.292736958001356,0.052,0.048,0.0112808025689067,"Memory B","ENSG00000289405","down"
1.95216579403757e-27,-0.292405770487584,0.181,0.148,3.67046212594945e-23,"Memory B","KIAA0040","down"
1.30258374064716e-25,-0.292148581143792,0.159,0.132,2.44911794916479e-21,"Memory B","TRAPPC2B","down"
9.62296104469657e-24,-0.29186884207384,0.237,0.216,1.80930913562385e-19,"Memory B","NUP133","down"
2.05356667877363e-11,-0.291766318488413,0.041,0.029,3.86111606943017e-07,"Memory B","ZNF813","down"
1.08732006311047e-29,-0.291689367862182,0.316,0.282,2.0443791826603e-25,"Memory B","UHRF2","down"
1.08492457569574e-40,-0.291540752144467,0.183,0.14,2.03987518722313e-36,"Memory B","GXYLT1","down"
6.38628383597035e-44,-0.291385673678342,0.424,0.372,1.20074908683914e-39,"Memory B","SERINC3","down"
7.13921080923604e-45,-0.291221656978514,0.349,0.306,1.34231441635256e-40,"Memory B","ATP6AP2","down"
3.43877224065487e-25,-0.29087534185049,0.199,0.172,6.46557956687929e-21,"Memory B","CDK5RAP2","down"
3.17224628305915e-16,-0.290831261302637,0.154,0.137,5.96445746140781e-12,"Memory B","PIK3CG","down"
1.66403095374044e-24,-0.29045545039772,0.179,0.151,3.12871099922278e-20,"Memory B","DYNLL2","down"
4.69075366914151e-12,-0.290398270962661,0.074,0.066,8.81955504871988e-08,"Memory B","FAM174A","down"
4.12472640547962e-19,-0.290190348130743,0.09,0.073,7.75531058758279e-15,"Memory B","PEX6","down"
2.85759856382425e-27,-0.290012494911291,0.151,0.128,5.37285681970236e-23,"Memory B","ZNF484","down"
2.84684886030634e-15,-0.289902671309689,0.096,0.083,5.35264522714799e-11,"Memory B","ENSG00000291117","down"
9.3984232116548e-23,-0.289319516891303,0.142,0.119,1.76709153225534e-18,"Memory B","TFE3","down"
2.26457068902851e-07,-0.289107323058995,0.032,0.024,0.0042578458095114,"Memory B","WDR24","down"
5.22842186669509e-27,-0.288784218495887,0.469,0.44,9.8304787937601e-23,"Memory B","RASA2","down"
4.78441849989476e-21,-0.28860693186023,0.106,0.082,8.99566366350212e-17,"Memory B","ZNF669","down"
3.05518766923545e-14,-0.288588222812092,0.116,0.102,5.7443638556965e-10,"Memory B","ENSG00000288528","down"
4.57166604554467e-27,-0.288335988656878,0.332,0.307,8.59564649883309e-23,"Memory B","MAP7D1","down"
5.94905440423624e-09,-0.28821207158555,0.041,0.033,0.00011185412090845,"Memory B","USP49","down"
1.75266676476991e-13,-0.287480428246671,0.426,0.448,3.29536405112039e-09,"Memory B","MGAT5","down"
2.54920578863255e-06,-0.287425220379497,0.038,0.031,0.0479301672378692,"Memory B","SREBF2-AS1","down"
1.46382602838177e-06,-0.287226428331894,0.02,0.014,0.027522856985634,"Memory B","ENSG00000290578","down"
1.94280841755247e-12,-0.286870643770543,0.07,0.058,3.65286838668216e-08,"Memory B","HDAC6","down"
5.96521601822475e-07,-0.286737260733962,0.036,0.03,0.0112157991574662,"Memory B","RHEBL1","down"
4.73018753361484e-13,-0.286506057349808,0.066,0.056,8.89369860070263e-09,"Memory B","ENSG00000289788","down"
6.7892838190771e-25,-0.286455547725891,0.252,0.231,1.27652114366288e-20,"Memory B","MPC2","down"
4.36451493082195e-11,-0.286404640259691,0.053,0.04,8.20616097293142e-07,"Memory B","TAPT1-AS1","down"
2.13635666524991e-20,-0.28636796888546,0.132,0.103,4.01677780200288e-16,"Memory B","CENPM","down"
1.24863739031055e-07,-0.286281848150285,0.056,0.05,0.0023476880212619,"Memory B","ANXA2R","down"
4.33300890060961e-17,-0.286092518544297,0.075,0.06,8.1469233349262e-13,"Memory B","TNFAIP1","down"
6.17282944172966e-21,-0.285699721885538,0.169,0.148,1.16061539163401e-16,"Memory B","ZNF160","down"
1.52008169098814e-32,-0.285683651844669,0.253,0.22,2.85805759539591e-28,"Memory B","ZFX","down"
2.27919314659522e-27,-0.285403821861321,0.615,0.582,4.28533895422834e-23,"Memory B","RASGRP2","down"
1.70778102278804e-46,-0.285035149550472,0.999,0.998,3.21096987904607e-42,"Memory B","HLA-DRA","down"
3.67752845384335e-17,-0.284987017551264,0.107,0.091,6.91448899891626e-13,"Memory B","CCDC71L","down"
6.53831168884688e-30,-0.284593602553907,0.651,0.579,1.22933336373699e-25,"Memory B","RANBP2","down"
3.8907380362021e-23,-0.284445741791645,0.152,0.13,7.31536565566718e-19,"Memory B","ASH2L","down"
2.80786570579115e-12,-0.284225126530147,0.064,0.051,5.27934910002852e-08,"Memory B","IL23A","down"
9.01287298131284e-17,-0.284084292593236,0.142,0.118,1.69460037794644e-12,"Memory B","ANGPTL1","down"
2.99165147111488e-17,-0.284082149835363,0.619,0.61,5.6249030959902e-13,"Memory B","TENT5C","down"
2.72367176421015e-38,-0.284001826233356,0.26,0.222,5.12104765106792e-34,"Memory B","ZBED5","down"
5.19828581247207e-24,-0.283948726774785,0.184,0.16,9.77381698460998e-20,"Memory B","ACTR6","down"
2.27839558913135e-24,-0.283940786757274,0.585,0.556,4.28383938668476e-20,"Memory B","LFNG","down"
1.69242342368519e-23,-0.283741997792737,0.177,0.152,3.18209452121289e-19,"Memory B","PHF10","down"
4.32256364326981e-07,-0.283721073285383,0.057,0.05,0.00812728416207589,"Memory B","ANKRD42-DT","down"
1.99311995096388e-31,-0.283638755579094,0.41,0.365,3.74746413180228e-27,"Memory B","TBL1X","down"
6.22990922064689e-27,-0.283563311937969,0.493,0.461,1.17134753166603e-22,"Memory B","P2RY10","down"
2.1045523426398e-15,-0.283473002345482,0.059,0.045,3.95697931463135e-11,"Memory B","GBGT1","down"
7.63541974325327e-27,-0.282716475148017,0.595,0.562,1.43561162012648e-22,"Memory B","KDM4B","down"
4.5374216805392e-12,-0.282280341388643,0.076,0.064,8.53126024374981e-08,"Memory B","EBPL","down"
2.4431673220735e-14,-0.282174521922239,0.089,0.074,4.5936431989626e-10,"Memory B","PIGA","down"
1.00337551674162e-06,-0.282164967943253,0.034,0.027,0.0188654664657759,"Memory B","MCOLN1","down"
3.32887238899685e-08,-0.282077942349364,0.411,0.435,0.000625894586579187,"Memory B","PHACTR1","down"
1.05889293566948e-07,-0.28191093474912,0.045,0.039,0.00199093049764576,"Memory B","ZNF438","down"
1.05905751246199e-16,-0.281841058737598,0.099,0.084,1.99123993493104e-12,"Memory B","ZNF808","down"
6.20684462694978e-23,-0.281682844089271,0.374,0.355,1.1670109267591e-18,"Memory B","SPINT2","down"
2.68298584460191e-11,-0.281392024329277,0.066,0.054,5.04454998502051e-07,"Memory B","TRIM52-AS1","down"
2.2899255534084e-16,-0.281275323300378,0.079,0.064,4.30551802551848e-12,"Memory B","ZNF549","down"
9.13479526152033e-25,-0.280787130775346,0.196,0.169,1.71752420507105e-20,"Memory B","LGALS9","down"
5.47606452942838e-32,-0.280615305444462,0.318,0.277,1.02960965282312e-27,"Memory B","MSL3","down"
2.95369976547356e-30,-0.280237155637448,0.241,0.202,5.55354629904339e-26,"Memory B","CFAP36","down"
1.46142877638128e-12,-0.280204372440971,0.058,0.048,2.74777838535207e-08,"Memory B","TMEM41A","down"
4.96853637840197e-36,-0.280199171535583,0.403,0.349,9.34184209867139e-32,"Memory B","UBE2D1","down"
1.64222047797308e-16,-0.280188461863027,0.134,0.118,3.08770294268498e-12,"Memory B","MLXIP","down"
3.19447004704208e-28,-0.280111651840666,0.276,0.239,6.00624258244851e-24,"Memory B","DDI2","down"
9.55116120959723e-31,-0.280098658034368,0.634,0.578,1.79580933062847e-26,"Memory B","CDK14","down"
7.8025177486871e-47,-0.279815464011186,0.455,0.392,1.46702938710815e-42,"Memory B","NPC2","down"
9.2505359985976e-14,-0.279585262080355,0.08,0.063,1.73928577845632e-09,"Memory B","AMMECR1","down"
8.48622608701458e-10,-0.27944426110949,0.081,0.072,1.59558022888048e-05,"Memory B","LIN52","down"
1.19380243703847e-35,-0.27943916996457,0.292,0.256,2.24458734211972e-31,"Memory B","PNKP","down"
1.30259795441417e-11,-0.279216163674058,0.042,0.03,2.44914467388951e-07,"Memory B","NSUN5P2","down"
1.28533915344142e-18,-0.278968210639507,0.1,0.08,2.41669467630055e-14,"Memory B","PPP2R1B","down"
1.79665184575897e-17,-0.278799295250935,0.112,0.092,3.37806480039601e-13,"Memory B","SMIM11","down"
5.12443527023354e-18,-0.278485548779746,0.081,0.064,9.6349631950931e-14,"Memory B","B4GALT7","down"
2.86820449150029e-15,-0.278387237392255,0.045,0.032,5.39279808491884e-11,"Memory B","ARSK","down"
1.3696069196922e-17,-0.278225843348797,0.098,0.083,2.57513493040528e-13,"Memory B","POFUT2","down"
3.78218197164401e-31,-0.278177690041568,0.586,0.526,7.11125854308506e-27,"Memory B","SOD2","down"
1.38941493947018e-48,-0.278133444535927,0.417,0.355,2.61237796919182e-44,"Memory B","TRAPPC5","down"
2.06839687072052e-31,-0.278013058414503,0.3,0.254,3.88899979632872e-27,"Memory B","HMGCS1","down"
7.18024162036381e-15,-0.277995151287742,0.123,0.11,1.3500290294608e-10,"Memory B","CFAP20","down"
1.27561420896433e-25,-0.277921082900702,0.128,0.101,2.39840983569473e-21,"Memory B","MZF1","down"
1.13652760580201e-42,-0.277556747093633,0.56,0.495,2.13689920442894e-38,"Memory B","AFF4","down"
2.7379265765794e-13,-0.277468569313567,0.116,0.101,5.14784954928459e-09,"Memory B","DMAC1","down"
1.33426351320827e-22,-0.277431944884836,0.219,0.196,2.5086822575342e-18,"Memory B","CTDSPL2","down"
7.96134439925031e-13,-0.277266241461986,0.069,0.059,1.49689197394704e-08,"Memory B","SFR1","down"
2.42486800068356e-11,-0.277180703667442,0.058,0.046,4.55923681488522e-07,"Memory B","GSTCD","down"
1.22736606304159e-14,-0.277101141790955,0.09,0.076,2.3076936717308e-10,"Memory B","ZNF875","down"
3.38692361551972e-15,-0.277029913225039,0.088,0.077,6.36809378190018e-11,"Memory B","ATG4D","down"
5.6059401207366e-16,-0.276709761173772,0.099,0.086,1.05402886150089e-11,"Memory B","ZNF211","down"
1.26581698731186e-10,-0.276454316600255,0.059,0.049,2.37998909954375e-06,"Memory B","ZNF671","down"
6.16299178958482e-16,-0.276401104392715,0.182,0.169,1.15876571627774e-11,"Memory B","ENSG00000285612","down"
7.6750800532538e-08,-0.276202919038968,0.041,0.034,0.00144306855161278,"Memory B","VPS13B-DT","down"
1.15902003712628e-32,-0.276123113700945,0.645,0.593,2.17918947380484e-28,"Memory B","EIF1B","down"
8.2703471446281e-08,-0.275839749651675,0.066,0.059,0.00155499067013298,"Memory B","ZNF551","down"
5.57158791754292e-36,-0.275344594179774,0.352,0.298,1.04756996025642e-31,"Memory B","ERCC1","down"
9.29686496077568e-08,-0.275059172528691,0.061,0.054,0.00174799654992504,"Memory B","ZNF439","down"
2.04681180318653e-16,-0.274739639023589,0.214,0.183,3.84841555235132e-12,"Memory B","PAM","down"
4.27186150878778e-15,-0.274377587941945,0.104,0.088,8.03195400882278e-11,"Memory B","TOM1L2","down"
2.23267816152755e-09,-0.274177962579562,0.056,0.049,4.1978814793041e-05,"Memory B","CSRNP2","down"
4.32321619732606e-18,-0.274169335462739,0.147,0.132,8.12851109421245e-14,"Memory B","ST6GALNAC6","down"
3.78781254244848e-29,-0.274159786176322,0.218,0.17,7.12184514231164e-25,"Memory B","MGAT1","down"
7.79570491142794e-35,-0.274078339280708,0.359,0.318,1.46574843744668e-30,"Memory B","WIPI2","down"
8.35063387924326e-36,-0.274036626265086,0.289,0.245,1.57008618197532e-31,"Memory B","KBTBD2","down"
4.8339809674433e-11,-0.273967633038083,0.076,0.066,9.08885101498689e-07,"Memory B","LINC00680","down"
1.1922452821242e-09,-0.273497992721101,0.044,0.035,2.24165957944993e-05,"Memory B","ZSCAN30","down"
5.10932466259696e-22,-0.27334361825571,0.93,0.918,9.6065522306148e-18,"Memory B","STK4","down"
1.74702890662559e-06,-0.273338317122235,0.016,0.01,0.0328476375023744,"Memory B","F2RL2","down"
8.70061667114111e-31,-0.273333871113483,0.318,0.285,1.63588994650795e-26,"Memory B","PPCS","down"
5.35955626279138e-37,-0.273236603674545,0.367,0.322,1.00770376853004e-32,"Memory B","PSEN1","down"
6.85118415651641e-28,-0.273233845419825,0.224,0.194,1.28815964510822e-23,"Memory B","DNAJB2","down"
8.94835164514759e-10,-0.272943782669314,0.052,0.043,1.68246907632065e-05,"Memory B","MORC4","down"
1.5352392490616e-28,-0.272748155583335,0.186,0.157,2.88655683608562e-24,"Memory B","C22orf39","down"
7.4723688740781e-30,-0.272613660870029,0.217,0.186,1.40495479570416e-25,"Memory B","KLHDC2","down"
5.72319338357931e-30,-0.272228103402421,0.202,0.17,1.07607481998058e-25,"Memory B","ZNF395","down"
6.02471240922932e-15,-0.271951077849159,0.143,0.129,1.1327664271833e-10,"Memory B","ZNF518A","down"
2.25006899230671e-44,-0.271886322505684,0.653,0.591,4.23057971933508e-40,"Memory B","KRT10","down"
1.28652703681736e-09,-0.271797219331746,0.041,0.033,2.418928134624e-05,"Memory B","GIN1","down"
5.11108444708205e-32,-0.271717405842682,0.34,0.299,9.60986097740367e-28,"Memory B","PPM1B","down"
2.16474326002096e-23,-0.27119832336102,0.479,0.459,4.07015027749141e-19,"Memory B","MORC3","down"
3.8859781935011e-25,-0.270974204610959,0.199,0.169,7.30641619942077e-21,"Memory B","FBXO38","down"
5.93579302134541e-10,-0.270569914456192,0.04,0.03,1.11604780387336e-05,"Memory B","CENPQ","down"
1.13851309253888e-30,-0.270434084548693,0.267,0.233,2.14063231659159e-26,"Memory B","IP6K2","down"
1.58260941407726e-19,-0.270161360226689,0.121,0.097,2.97562222034806e-15,"Memory B","LIMD1","down"
5.40682130293836e-21,-0.270007428777473,0.2,0.172,1.01659054137847e-16,"Memory B","ACYP2","down"
5.77910534140101e-17,-0.269946359626948,0.127,0.113,1.08658738629022e-12,"Memory B","WBP1L","down"
1.52830559950686e-06,-0.269945266836752,0.019,0.012,0.0287352018819279,"Memory B","ENSG00000287839","down"
2.54685388752733e-30,-0.269159941466853,0.397,0.361,4.78859467932888e-26,"Memory B","STAG3L5P","down"
2.27340114611467e-27,-0.26880252822673,0.546,0.506,4.27444883492479e-23,"Memory B","STRBP","down"
6.60985218952047e-21,-0.268776928204531,0.508,0.478,1.24278440867364e-16,"Memory B","CSRNP1","down"
8.27396398786575e-07,-0.26861649825182,0.045,0.039,0.0155567070899852,"Memory B","ZNF543","down"
3.33095989404837e-33,-0.268611102029831,0.288,0.246,6.26287079278975e-29,"Memory B","SHISA5","down"
2.13962970492709e-18,-0.268237772087101,0.096,0.075,4.02293177120392e-14,"Memory B","ZNF226","down"
1.51966262564331e-35,-0.268137241407421,0.611,0.563,2.85726966873455e-31,"Memory B","CNPPD1","down"
1.40528400911981e-25,-0.267845082064606,0.214,0.183,2.64221499394706e-21,"Memory B","OTUD6B-AS1","down"
1.36437905001016e-24,-0.267505797445164,0.14,0.114,2.56530548982911e-20,"Memory B","YEATS4","down"
1.44463858141815e-11,-0.267447054636823,0.072,0.063,2.7162094607824e-07,"Memory B","MAFK","down"
1.09550525609186e-30,-0.267204654741314,0.405,0.369,2.05976898250391e-26,"Memory B","STK40","down"
7.22959052346711e-20,-0.267067359907685,0.128,0.11,1.35930761022229e-15,"Memory B","RBMXL1","down"
7.96949397586213e-07,-0.26628953899401,0.025,0.019,0.014984242573416,"Memory B","ENSG00000280383","down"
2.8751614355862e-28,-0.26619032269618,0.246,0.203,5.40587853118918e-24,"Memory B","CKLF","down"
2.23623501242391e-19,-0.266148465735199,0.188,0.154,4.20456907035944e-15,"Memory B","GRHPR","down"
2.21828459198588e-32,-0.265996035301327,0.332,0.294,4.17081868985186e-28,"Memory B","NUP88","down"
9.41941539058296e-10,-0.265945034567114,0.066,0.059,1.77103848173741e-05,"Memory B","AP4B1","down"
3.49315370029675e-40,-0.26587224587316,0.619,0.564,6.56782758729796e-36,"Memory B","PIAS1","down"
2.01381995924865e-29,-0.265046385938698,0.774,0.737,3.7863842873793e-25,"Memory B","EMD","down"
1.20088835625277e-37,-0.26454447077263,0.26,0.22,2.25791028742646e-33,"Memory B","FAM32A","down"
5.42616213275265e-22,-0.26451425810293,0.179,0.155,1.02022700420015e-17,"Memory B","SENP2","down"
8.08381098584039e-08,-0.264448755788508,0.051,0.044,0.00151991814155771,"Memory B","ZNF773","down"
4.07222984336031e-30,-0.264373643581089,0.284,0.245,7.65660655148605e-26,"Memory B","SGF29","down"
2.69259893600245e-37,-0.264263755437296,0.407,0.355,5.06262451947181e-33,"Memory B","CEP57","down"
1.79291256903863e-09,-0.264188805040527,0.063,0.054,3.37103421230643e-05,"Memory B","ULK1","down"
4.41867265806717e-28,-0.264151246904158,0.213,0.183,8.3079883316979e-24,"Memory B","MCFD2","down"
1.79349663427056e-06,-0.26414089842555,0.03,0.024,0.033721323717555,"Memory B","CENPW","down"
6.25256962105828e-27,-0.264065875294314,0.284,0.255,1.17560814015138e-22,"Memory B","RAB4B","down"
1.7787952360122e-11,-0.263887297837922,0.628,0.653,3.34449080275014e-07,"Memory B","DLEU2","down"
8.49843043287653e-07,-0.263718178899098,0.046,0.04,0.0159787488998945,"Memory B","TMEM129","down"
1.17722507898951e-13,-0.263689681449614,0.076,0.061,2.21341859351608e-09,"Memory B","TRIM52","down"
2.1495589029323e-36,-0.263284502180301,0.354,0.304,4.0416006492933e-32,"Memory B","CHMP3","down"
1.44231602707505e-35,-0.263109931646083,0.405,0.35,2.71184259410651e-31,"Memory B","JOSD1","down"
1.36290723678169e-24,-0.263104723207495,0.296,0.26,2.56253818659693e-20,"Memory B","FAM117A","down"
8.29366305088259e-11,-0.262648642253215,0.084,0.074,1.55937452682694e-06,"Memory B","POLR3F","down"
7.9392621792133e-29,-0.262464218971113,0.173,0.141,1.49274007493568e-24,"Memory B","GABPA","down"
1.48962180980534e-28,-0.262077712310009,0.526,0.477,2.80078692679599e-24,"Memory B","CLK1","down"
1.48734215608272e-11,-0.262011060518494,0.073,0.061,2.79650072186674e-07,"Memory B","LINC00339","down"
1.2550335434508e-07,-0.261989519168175,0.023,0.018,0.00235971406839619,"Memory B","METRN","down"
1.79096337659811e-09,-0.261652287198084,0.041,0.033,3.36736934067976e-05,"Memory B","ENSG00000253607","down"
5.80239588855646e-22,-0.26164697401843,0.206,0.181,1.09096647496639e-17,"Memory B","G6PD","down"
1.32899199039942e-06,-0.261537402689413,0.05,0.045,0.0249877074034899,"Memory B","JRKL","down"
1.80042111085282e-30,-0.2613361681457,0.216,0.176,3.38515177262548e-26,"Memory B","CRTC3","down"
3.75863152300828e-31,-0.261275899472874,0.253,0.219,7.06697898956017e-27,"Memory B","DHX8","down"
1.89640704367366e-20,-0.260939724606895,0.12,0.098,3.56562452351521e-16,"Memory B","TTBK2","down"
1.11228313589078e-16,-0.260916071111159,0.088,0.072,2.09131475210185e-12,"Memory B","CES2","down"
2.42451834589376e-10,-0.260849470934706,0.044,0.036,4.55857939394945e-06,"Memory B","SPATA20","down"
1.25501041050385e-30,-0.260703079410854,0.242,0.204,2.35967057382934e-26,"Memory B","NFU1","down"
2.22886554484497e-17,-0.260598330074049,0.378,0.355,4.19071299741751e-13,"Memory B","TMEM156","down"
1.54805339635062e-09,-0.260481810336205,0.036,0.026,2.91064999581844e-05,"Memory B","C19orf47","down"
5.61900402326484e-09,-0.260407920689601,0.134,0.116,0.000105648513645426,"Memory B","IER5L","down"
9.90755410647256e-20,-0.260121043123244,0.841,0.826,1.86281832309897e-15,"Memory B","SLC38A1","down"
9.33814752928679e-17,-0.259486728823338,0.091,0.075,1.7557584984565e-12,"Memory B","ZNF260","down"
2.94505400509312e-17,-0.25934439349742,0.143,0.122,5.53729054037608e-13,"Memory B","LPAR6","down"
5.18406647700061e-32,-0.259272728499821,0.356,0.313,9.74708179005654e-28,"Memory B","ARID4A","down"
4.52923070623945e-15,-0.25925551535613,0.086,0.067,8.51585957387142e-11,"Memory B","TMEM268","down"
7.11706691107188e-37,-0.259041353305944,0.557,0.49,1.33815092061973e-32,"Memory B","ERBIN","down"
1.83439073377666e-16,-0.25903137223568,0.107,0.089,3.44902145764688e-12,"Memory B","ZMAT1","down"
8.6056756733592e-08,-0.258843834509343,0.038,0.032,0.001618039140105,"Memory B","ELMO1-AS1","down"
2.93388230505399e-40,-0.258595124770194,0.62,0.532,5.51628550996251e-36,"Memory B","TRA2B","down"
1.25987930948733e-23,-0.257961267939275,0.204,0.177,2.36882507769808e-19,"Memory B","SENP7","down"
9.7967224515697e-19,-0.257934222218314,0.131,0.11,1.84197975534414e-14,"Memory B","SH2D3A","down"
7.40947687700353e-07,-0.257905967496823,0.025,0.02,0.013931298424142,"Memory B","LMAN2L","down"
8.45364490993433e-29,-0.257879197210867,0.999,0.992,1.58945431596585e-24,"Memory B","EZR","down"
4.0186155603157e-29,-0.257746485557667,0.217,0.18,7.55580097650558e-25,"Memory B","CHST15","down"
2.98556723395784e-33,-0.25756895092056,0.468,0.416,5.61346351328753e-29,"Memory B","IRF7","down"
6.62801963608853e-17,-0.257480891313794,0.965,0.953,1.24620025197737e-12,"Memory B","PNRC1","down"
9.43623453684543e-37,-0.257244390934027,0.303,0.247,1.77420081761768e-32,"Memory B","CD59","down"
6.8790698762413e-08,-0.257122527233492,0.048,0.04,0.00129340271813089,"Memory B","TECPR2","down"
4.66568920258551e-47,-0.256600216487424,0.999,0.999,8.77242883870128e-43,"Memory B","RPL8","down"
1.93899085721048e-08,-0.256591008374042,0.053,0.046,0.000364569060972714,"Memory B","ENSG00000260618","down"
2.277621324936e-25,-0.256349259575557,0.421,0.385,4.28238361514467e-21,"Memory B","HBP1","down"
2.95907817452626e-22,-0.256123127589105,0.636,0.596,5.56365878374428e-18,"Memory B","ZSWIM6","down"
3.31661870937445e-30,-0.256045876108745,0.492,0.446,6.23590649736585e-26,"Memory B","RIOK3","down"
3.04912553602502e-09,-0.255970736741088,0.073,0.063,5.73296583283424e-05,"Memory B","CCNB1","down"
3.98101202304236e-14,-0.25592893853413,0.071,0.059,7.48509880572424e-10,"Memory B","ZNF641","down"
8.83479276534245e-12,-0.255809160349039,0.074,0.062,1.66111773573969e-07,"Memory B","CBX7","down"
3.93352097926186e-39,-0.255228003160037,0.316,0.267,7.39580614520814e-35,"Memory B","GAK","down"
4.61699473862632e-34,-0.255176152070563,0.257,0.214,8.6808735075652e-30,"Memory B","DNAJC3","down"
2.01605193433896e-11,-0.255166821733849,0.073,0.062,3.7905808469441e-07,"Memory B","DNAJC18","down"
3.36335653620206e-24,-0.255118294349471,0.475,0.433,6.32378295936711e-20,"Memory B","STX7","down"
2.93784026131064e-34,-0.254920751949592,0.321,0.278,5.52372725931627e-30,"Memory B","MAP3K14","down"
2.23087696629526e-32,-0.254396605830091,0.738,0.691,4.19449487202835e-28,"Memory B","TAF10","down"
1.96236045160976e-19,-0.253947267358618,0.132,0.105,3.68963012111667e-15,"Memory B","AOPEP","down"
4.30968381188114e-20,-0.253915850463563,0.263,0.234,8.10306750309892e-16,"Memory B","ADI1","down"
5.19117964992732e-28,-0.253473096340005,0.45,0.415,9.76045597779335e-24,"Memory B","GPCPD1","down"
2.44057222944117e-26,-0.253070999608148,0.292,0.255,4.58876390579528e-22,"Memory B","AGTPBP1","down"
1.45486802681022e-25,-0.252961741812193,0.163,0.136,2.73544286400857e-21,"Memory B","EXOG","down"
9.25870323604222e-25,-0.252905676473175,0.114,0.089,1.74082138244066e-20,"Memory B","TEFM","down"
3.12685778623493e-33,-0.252784795061032,0.256,0.22,5.87911800967892e-29,"Memory B","RLIM","down"
9.61182323415314e-25,-0.2526276114856,0.142,0.116,1.80721500448547e-20,"Memory B","HPS4","down"
8.06344865157479e-21,-0.252304188796546,0.332,0.303,1.51608961546909e-16,"Memory B","STIM2","down"
1.05752018830711e-10,-0.252219793359003,0.077,0.067,1.98834945805503e-06,"Memory B","NOTCH1","down"
1.8440831204875e-11,-0.25215843793656,0.073,0.061,3.46724508314059e-07,"Memory B","FAM149B1","down"
1.77919839086661e-09,-0.251678128244088,0.034,0.026,3.3452488145074e-05,"Memory B","ZSWIM4","down"
1.14329305116681e-17,-0.251349172290989,0.815,0.824,2.14961959480384e-13,"Memory B","ST6GAL1","down"
2.41584453313536e-22,-0.251314078654337,0.106,0.085,4.5422708912011e-18,"Memory B","PITRM1","down"
1.23303405590606e-17,-0.251311831625308,0.077,0.061,2.31835063191458e-13,"Memory B","TBC1D22B","down"
5.83108811407101e-20,-0.251175374561772,0.791,0.75,1.09636118720763e-15,"Memory B","STK17A","down"
7.37029417097689e-21,-0.250675589537612,0.541,0.488,1.38576271002707e-16,"Memory B","PALM2AKAP2","down"
1.36723783044715e-17,-0.250453539601416,0.168,0.147,2.57068056880674e-13,"Memory B","CASP3","down"
6.18359063385411e-17,-0.250265019109546,0.117,0.098,1.16263871097725e-12,"Memory B","ZNF350","down"
1.25490722587377e-37,-0.250027586649065,0.507,0.453,2.35947656608786e-33,"Memory B","YTHDC1","down"
6.24008846633801e-24,-7.71543515894247,0,0.084,1.17326143344087e-19,"Atypical B (ABC/DN2)","ENSG00000224610","down"
1.167809264424e-25,-6.91289582250532,0,0.09,2.19571497897e-21,"Atypical B (ABC/DN2)","DSP","down"
6.67492985626827e-32,-6.19754161158554,0.005,0.132,1.25502031157556e-27,"Atypical B (ABC/DN2)","ENSG00000287092","down"
2.82132710226721e-16,-5.87096850218606,0,0.056,5.3046592176828e-12,"Atypical B (ABC/DN2)","PITPNM2","down"
9.6269789622396e-10,-5.42264796390211,0,0.032,1.81006458448029e-05,"Atypical B (ABC/DN2)","TCL6","down"
2.55564938722612e-13,-5.36705835306556,0.002,0.054,4.80513197786254e-09,"Atypical B (ABC/DN2)","GNG8","down"
2.14604162813374e-09,-5.36513242474428,0,0.031,4.03498746921706e-05,"Atypical B (ABC/DN2)","ENSG00000263551","down"
2.3646832314745e-10,-5.24504435036787,0,0.034,4.44607741181835e-06,"Atypical B (ABC/DN2)","HAPLN3","down"
2.37248171696502e-08,-5.15101064883714,0,0.027,0.000446074012423762,"Atypical B (ABC/DN2)","FAM111B","down"
1.30140152904223e-08,-5.06990806202845,0,0.028,0.000244689515490521,"Atypical B (ABC/DN2)","ZDHHC19","down"
1.94923969968654e-90,-5.04812859538843,0.019,0.351,3.66496048335063e-86,"Atypical B (ABC/DN2)","ACSM3","down"
8.03203310278377e-22,-5.03892670835465,0.003,0.092,1.5101828639854e-17,"Atypical B (ABC/DN2)","P2RY14","down"
3.59736407332799e-55,-5.03501545140023,0.01,0.226,6.76376393067129e-51,"Atypical B (ABC/DN2)","JCHAIN","down"
3.5027458444219e-18,-5.02550749753465,0.003,0.078,6.58586273668205e-14,"Atypical B (ABC/DN2)","IL2RA","down"
1.72335399494458e-16,-4.99739273236871,0.002,0.067,3.24025018129481e-12,"Atypical B (ABC/DN2)","IFNG-AS1","down"
1.66891366783242e-16,-4.96686901328759,0.002,0.067,3.13789147825852e-12,"Atypical B (ABC/DN2)","CR1","down"
4.32646124612334e-09,-4.91951234800614,0,0.03,8.1346124349611e-05,"Atypical B (ABC/DN2)","EIF4E3","down"
2.69538835807017e-29,-4.90923272224646,0.006,0.127,5.06786919084354e-25,"Atypical B (ABC/DN2)","ACSM1","down"
1.94146265250048e-09,-4.90170885686861,0,0.031,3.65033807923141e-05,"Atypical B (ABC/DN2)","TC2N","down"
9.67155886224615e-20,-4.76839481400848,0.003,0.085,1.81844649727952e-15,"Atypical B (ABC/DN2)","KCNA3","down"
4.7732186900459e-07,-4.76411818658301,0,0.022,0.0089746057810243,"Atypical B (ABC/DN2)","KRT18","down"
1.07100622749959e-19,-4.76333554143454,0.003,0.085,2.01370590894474e-15,"Atypical B (ABC/DN2)","KLRK1","down"
1.62168782649024e-27,-4.75123032208015,0.003,0.113,3.04909745136694e-23,"Atypical B (ABC/DN2)","VPREB3","down"
5.28271987174079e-08,-4.74272393343302,0,0.026,0.000993256990284704,"Atypical B (ABC/DN2)","HNRNPLL","down"
3.65688010215695e-14,-4.73165100279703,0.002,0.059,6.8756659680755e-10,"Atypical B (ABC/DN2)","IL23A","down"
2.36932624278564e-07,-4.69575703865618,0,0.023,0.00445480720168555,"Atypical B (ABC/DN2)","TUNAR","down"
1.58654584279666e-06,-4.67794716351542,0,0.02,0.0298302349362627,"Atypical B (ABC/DN2)","ALPL","down"
1.06418772634744e-07,-4.671890660592,0,0.025,0.00200088576307845,"Atypical B (ABC/DN2)","COL1A1","down"
6.99322205761405e-16,-4.61269746854802,0.003,0.07,1.31486561127259e-11,"Atypical B (ABC/DN2)","CD38","down"
5.07420664912753e-12,-4.58210498555034,0.002,0.05,9.54052334168957e-08,"Atypical B (ABC/DN2)","PRCD","down"
7.87274105240349e-07,-4.57106004494908,0,0.021,0.014802327726729,"Atypical B (ABC/DN2)","SDK2","down"
2.22449852066074e-24,-4.53255395903844,0.008,0.113,4.18250211854632e-20,"Atypical B (ABC/DN2)","IL13RA1","down"
4.77770625531132e-10,-4.50402308278865,0.002,0.042,8.98304330123634e-06,"Atypical B (ABC/DN2)","CR2","down"
4.2535515154811e-110,-4.4535105818409,0.034,0.432,7.99752755940757e-106,"Atypical B (ABC/DN2)","FCER2","down"
1.09656680633274e-40,-4.43723616097005,0.013,0.185,2.06176490926682e-36,"Atypical B (ABC/DN2)","LSR","down"
1.89573156271566e-10,-4.43643276773603,0.002,0.044,3.56435448421799e-06,"Atypical B (ABC/DN2)","S1PR1-DT","down"
6.8454418113451e-12,-4.42960195960351,0.003,0.053,1.28707996936911e-07,"Atypical B (ABC/DN2)","ENSG00000267568","down"
6.33533121613045e-12,-4.40181392650494,0.003,0.054,1.19116897525685e-07,"Atypical B (ABC/DN2)","KCNG1","down"
9.25593888590297e-08,-4.39535659072016,0.002,0.033,0.00174030162932748,"Atypical B (ABC/DN2)","PTPRK","down"
2.61766297585037e-06,-4.3240573640965,0,0.019,0.0492172992719386,"Atypical B (ABC/DN2)","SAXO2","down"
1.78994543696749e-19,-4.30923412779664,0.006,0.092,3.36545541058627e-15,"Atypical B (ABC/DN2)","CD9","down"
4.64221027220224e-11,-4.24116751016878,0.002,0.047,8.72828375379466e-07,"Atypical B (ABC/DN2)","SIRPA","down"
4.54764788468619e-11,-4.11229350862149,0.002,0.047,8.55048755278697e-07,"Atypical B (ABC/DN2)","S1PR2","down"
6.54190102331816e-21,-3.99258777114466,0.01,0.106,1.23000823040428e-16,"Atypical B (ABC/DN2)","LIX1-AS1","down"
2.2319178640554e-08,-3.9260244298956,0.002,0.036,0.000419645196799697,"Atypical B (ABC/DN2)","NAV2","down"
2.14397250379934e-39,-3.88606858798804,0.016,0.189,4.03109710164352e-35,"Atypical B (ABC/DN2)","N4BP3","down"
2.11355655942895e-07,-3.87100205767648,0.003,0.036,0.00397390904303832,"Atypical B (ABC/DN2)","IL7R","down"
4.60586305142513e-96,-3.85223490989001,0.055,0.434,8.65994370928953e-92,"Atypical B (ABC/DN2)","SELL","down"
1.92688993539513e-38,-3.75937651640831,0.027,0.207,3.62293845652992e-34,"Atypical B (ABC/DN2)","PDE3B","down"
7.70358494484243e-16,-3.74993985602643,0.006,0.079,1.44842804132927e-11,"Atypical B (ABC/DN2)","ENSG00000289974","down"
2.54662898809215e-07,-3.73245775621655,0.005,0.041,0.00478817182341085,"Atypical B (ABC/DN2)","IGHV4-31","down"
1.44480892186293e-39,-3.72464945507227,0.024,0.208,2.71652973488668e-35,"Atypical B (ABC/DN2)","TCL1A","down"
1.10299893081145e-15,-3.6536984682754,0.006,0.079,2.07385858971169e-11,"Atypical B (ABC/DN2)","CNN3","down"
6.35388135700639e-30,-3.65178040174428,0.016,0.155,1.19465677274434e-25,"Atypical B (ABC/DN2)","C1orf162","down"
7.63232561149371e-28,-3.64940589804861,0.015,0.144,1.43502986147305e-23,"Atypical B (ABC/DN2)","ENSG00000290020","down"
1.56234802946687e-33,-3.64522853867463,0.021,0.179,2.93752676500361e-29,"Atypical B (ABC/DN2)","PKP4","down"
2.58878690596157e-16,-3.64097621961897,0.005,0.077,4.86743714058895e-12,"Atypical B (ABC/DN2)","CNR1","down"
2.28539701854124e-06,-3.62276484523891,0.002,0.028,0.0429700347426124,"Atypical B (ABC/DN2)","SVIL","down"
5.54951282733568e-15,-3.53552710609775,0.01,0.081,1.04341940179565e-10,"Atypical B (ABC/DN2)","SLC2A5","down"
1.04211750049036e-36,-3.51947408481493,0.029,0.206,1.95938932442198e-32,"Atypical B (ABC/DN2)","IGFBP4","down"
8.84346477245516e-09,-3.47970202665644,0.005,0.046,0.000166274824651702,"Atypical B (ABC/DN2)","MIR223HG","down"
3.8933801226201e-11,-3.44871572368013,0.005,0.056,7.32033330655032e-07,"Atypical B (ABC/DN2)","ENSG00000255240","down"
4.6314908582677e-12,-3.44465893199552,0.006,0.064,8.70812911171493e-08,"Atypical B (ABC/DN2)","MMP7","down"
4.69361910645418e-07,-3.43918347578363,0.003,0.035,0.00882494264395514,"Atypical B (ABC/DN2)","NREP","down"
8.19798904244024e-112,-3.37720023709023,0.082,0.513,1.54138589975961e-107,"Atypical B (ABC/DN2)","COL19A1","down"
1.9465083682712e-43,-3.34810780019239,0.015,0.201,3.65982503402352e-39,"Atypical B (ABC/DN2)","SPRY1","down"
1.27611675597201e-08,-3.33711014564074,0.002,0.036,0.000239935472457857,"Atypical B (ABC/DN2)","APOBEC3B","down"
5.00199731297184e-24,-3.24397700606982,0.018,0.137,9.40475534784966e-20,"Atypical B (ABC/DN2)","IGHV5-78","down"
1.16487711593709e-18,-3.23124132851925,0.01,0.099,2.19020195338491e-14,"Atypical B (ABC/DN2)","PATJ","down"
5.27916218553365e-26,-3.22975134851743,0.019,0.149,9.92588074124036e-22,"Atypical B (ABC/DN2)","CD24","down"
2.50234711769874e-22,-3.20953801922053,0.015,0.124,4.70491305069716e-18,"Atypical B (ABC/DN2)","SH2D3A","down"
1.60086362288574e-31,-3.20616544401027,0.031,0.187,3.00994378374977e-27,"Atypical B (ABC/DN2)","JUP","down"
7.16952903403689e-13,-3.18409951006774,0.008,0.071,1.34801484897962e-08,"Atypical B (ABC/DN2)","SERPINE2","down"
1.71110902697777e-10,-3.13995086876259,0.01,0.062,3.21722719252361e-06,"Atypical B (ABC/DN2)","NIPAL4","down"
2.44878024929545e-21,-3.12941487299091,0.019,0.129,4.6041966247253e-17,"Atypical B (ABC/DN2)","CALHM6","down"
6.98030033245007e-114,-3.1060378555216,0.068,0.505,1.31243606850726e-109,"Atypical B (ABC/DN2)","SPOCK2","down"
3.29695404694895e-08,-3.09392307384367,0.006,0.047,0.000619893299907341,"Atypical B (ABC/DN2)","STAG3","down"
1.96352003925843e-190,-3.03382803567706,0.165,0.74,3.69181037781371e-186,"Atypical B (ABC/DN2)","LTB","down"
2.28583751955743e-10,-2.99369901733449,0.008,0.061,4.29783170427187e-06,"Atypical B (ABC/DN2)","PHLDB2","down"
1.9995286626363e-10,-2.95203637434768,0.003,0.048,3.75951379148878e-06,"Atypical B (ABC/DN2)","IL6","down"
8.22371959303337e-133,-2.94600915882803,0.149,0.63,1.54622375788213e-128,"Atypical B (ABC/DN2)","ZEB1","down"
1.88335831709829e-08,-2.90782010127767,0.008,0.052,0.000354109030780821,"Atypical B (ABC/DN2)","TRAC","down"
3.55625493788685e-11,-2.89922898845334,0.01,0.068,6.68647053421485e-07,"Atypical B (ABC/DN2)","DENND2D","down"
8.62481916975095e-11,-2.89182094190158,0.015,0.072,1.62163850029657e-06,"Atypical B (ABC/DN2)","HIP1","down"
2.1845142851236e-24,-2.85893234268503,0.024,0.153,4.1073237588894e-20,"Atypical B (ABC/DN2)","SNX10","down"
1.06514575125969e-41,-2.8576433434947,0.068,0.285,2.00268704151847e-37,"Atypical B (ABC/DN2)","MAML2","down"
2.97135295159355e-63,-2.84905543920321,0.076,0.375,5.5867378195862e-59,"Atypical B (ABC/DN2)","SNX29","down"
3.32879826140507e-08,-2.84539939629088,0.008,0.051,0.000625880649109381,"Atypical B (ABC/DN2)","FOXP1-AS1","down"
1.48278086832198e-09,-2.83870124993145,0.008,0.057,2.78792458861899e-05,"Atypical B (ABC/DN2)","APBB2","down"
1.11262988763425e-49,-2.8279447843421,0.048,0.291,2.09196671472991e-45,"Atypical B (ABC/DN2)","CCSER1","down"
5.44403844898544e-12,-2.80329733054423,0.008,0.068,1.02358810917824e-07,"Atypical B (ABC/DN2)","MAML3","down"
1.72576642342163e-07,-2.79973092369129,0.008,0.048,0.00324478602931734,"Atypical B (ABC/DN2)","ARRDC4","down"
1.7034213615949e-19,-2.79479243647603,0.018,0.12,3.20277284407073e-15,"Atypical B (ABC/DN2)","IL15","down"
1.73627710079084e-28,-2.79468229700535,0.027,0.175,3.26454820490695e-24,"Atypical B (ABC/DN2)","SERPINB9P1","down"
7.46702226921903e-18,-2.77383577204134,0.023,0.119,1.40394952705856e-13,"Atypical B (ABC/DN2)","PWWP3A","down"
3.23195116777121e-07,-2.76479936676042,0.008,0.047,0.00607671458564343,"Atypical B (ABC/DN2)","PSD3","down"
4.54908245171998e-15,-2.74853870773642,0.021,0.106,8.5531848257239e-11,"Atypical B (ABC/DN2)","ESR2","down"
5.50765319595656e-08,-2.74224163290012,0.005,0.043,0.00103554895390375,"Atypical B (ABC/DN2)","CTTNBP2NL","down"
2.47499392746757e-07,-2.73399651392084,0.008,0.047,0.00465348358242452,"Atypical B (ABC/DN2)","APOL3","down"
9.46035864754043e-19,-2.72349355249516,0.032,0.139,1.77873663291055e-14,"Atypical B (ABC/DN2)","KHDRBS2","down"
8.03975318677556e-12,-2.72237001670309,0.015,0.08,1.51163439417754e-07,"Atypical B (ABC/DN2)","IL3RA","down"
3.13894726086583e-12,-2.7159655492017,0.016,0.085,5.90184863987993e-08,"Atypical B (ABC/DN2)","EPS15-AS1","down"
3.54110063243488e-12,-2.69837754540382,0.015,0.081,6.65797740910406e-08,"Atypical B (ABC/DN2)","TIMP2","down"
2.30500271577752e-06,-2.69192226595041,0.006,0.04,0.0433386610620489,"Atypical B (ABC/DN2)","CARMIL1","down"
5.63076500615213e-07,-2.68357144671413,0.006,0.043,0.0105869643645672,"Atypical B (ABC/DN2)","HDGFL3","down"
2.44119875732309e-09,-2.67872901956958,0.013,0.065,4.58994190351887e-05,"Atypical B (ABC/DN2)","ARHGAP32","down"
3.11627143687364e-51,-2.62757920930979,0.097,0.358,5.85921355560982e-47,"Atypical B (ABC/DN2)","PIM1","down"
2.40809389755157e-07,-2.61008009820726,0.008,0.048,0.00452769814617645,"Atypical B (ABC/DN2)","ELL3","down"
2.65800838691364e-14,-2.59760812554045,0.019,0.101,4.99758736907503e-10,"Atypical B (ABC/DN2)","MID1IP1","down"
9.98980759921972e-27,-2.5830505037281,0.031,0.175,1.87828362480529e-22,"Atypical B (ABC/DN2)","TSPAN13","down"
5.67843575789097e-08,-2.57074918737698,0.01,0.054,0.00106765949119866,"Atypical B (ABC/DN2)","CDKL5","down"
6.42235182742189e-07,-2.56466970421002,0.005,0.038,0.0120753059059186,"Atypical B (ABC/DN2)","NSUN7","down"
2.29904722629722e-08,-2.53882907966654,0.01,0.056,0.000432266859488404,"Atypical B (ABC/DN2)","BAIAP3","down"
1.56745367974e-14,-2.53237726711715,0.024,0.11,2.94712640864716e-10,"Atypical B (ABC/DN2)","PELI2","down"
3.68781550901209e-16,-2.5189579603533,0.032,0.129,6.93383072004452e-12,"Atypical B (ABC/DN2)","IKZF2","down"
5.87160342229377e-124,-2.48479855869834,0.236,0.691,1.10397887545967e-119,"Atypical B (ABC/DN2)","RUBCNL","down"
1.34413558092249e-06,-2.47879791348232,0.011,0.05,0.0252724371925047,"Atypical B (ABC/DN2)","COCH","down"
8.49072709840942e-29,-2.45163068304622,0.047,0.21,1.59642650904294e-24,"Atypical B (ABC/DN2)","PRDM8","down"
2.86086660016894e-58,-2.44501872799121,0.1,0.392,5.37900138163763e-54,"Atypical B (ABC/DN2)","SHISAL2A","down"
8.12208622336072e-15,-2.43820135008535,0.034,0.124,1.52711465171628e-10,"Atypical B (ABC/DN2)","TCF7","down"
9.65799774888389e-27,-2.42995748360688,0.034,0.182,1.81589673674515e-22,"Atypical B (ABC/DN2)","TSPAN5","down"
1.20818121729643e-32,-2.42819115972294,0.058,0.242,2.27162232476075e-28,"Atypical B (ABC/DN2)","CYB5A","down"
1.88402566767246e-06,-2.4162246071913,0.013,0.047,0.0354234506035776,"Atypical B (ABC/DN2)","PITPNA-AS1","down"
3.17931212468407e-49,-2.40993654156586,0.084,0.345,5.97774265683098e-45,"Atypical B (ABC/DN2)","CYBB","down"
1.12638845312121e-06,-2.35422138826903,0.016,0.06,0.0211783556955849,"Atypical B (ABC/DN2)","HILPDA","down"
2.36975207237697e-07,-2.35273509290238,0.011,0.054,0.00445560784648318,"Atypical B (ABC/DN2)","GPRIN3","down"
6.71788039413411e-50,-2.34009230253581,0.131,0.397,1.26309587170509e-45,"Atypical B (ABC/DN2)","GBP4","down"
1.64123717094579e-47,-2.31658751581177,0.084,0.342,3.08585412881227e-43,"Atypical B (ABC/DN2)","NIBAN3","down"
4.71961262144139e-13,-2.31634063652338,0.019,0.096,8.87381565083411e-09,"Atypical B (ABC/DN2)","SATB1-AS1","down"
4.94950881897029e-77,-2.28903421469814,0.221,0.569,9.30606648142793e-73,"Atypical B (ABC/DN2)","MARCKS","down"
4.48401283218759e-22,-2.28317886218706,0.04,0.172,8.43084092707911e-18,"Atypical B (ABC/DN2)","RAB3IP","down"
2.08603682857564e-06,-2.28112079366736,0.036,0.082,0.0392216644508793,"Atypical B (ABC/DN2)","IGLL5","down"
2.61826975945136e-15,-2.27781030414815,0.037,0.131,4.92287080172044e-11,"Atypical B (ABC/DN2)","C12orf75","down"
9.50797469398371e-08,-2.26913298526981,0.016,0.061,0.00178768940196282,"Atypical B (ABC/DN2)","CARMIL2","down"
1.55914940690484e-07,-2.26618608238944,0.011,0.055,0.00293151271486248,"Atypical B (ABC/DN2)","STX3","down"
1.98038204888585e-63,-2.26578959432193,0.134,0.455,3.72351432831518e-59,"Atypical B (ABC/DN2)","FADS3","down"
1.46209354670341e-08,-2.2588527258545,0.01,0.057,0.000274902828651176,"Atypical B (ABC/DN2)","ZEB1-AS1","down"
2.01680411233161e-09,-2.25240037504212,0.015,0.07,3.7919950920059e-05,"Atypical B (ABC/DN2)","UBE2Q2P2","down"
1.71392022817524e-17,-2.22772864485164,0.047,0.156,3.2225128130151e-13,"Atypical B (ABC/DN2)","L3MBTL4","down"
1.15029696747021e-07,-2.21850931873871,0.016,0.064,0.00216278835823749,"Atypical B (ABC/DN2)","FRY","down"
5.14035098236512e-11,-2.21103722389496,0.021,0.089,9.6648879170429e-07,"Atypical B (ABC/DN2)","TBC1D16","down"
1.46606352310545e-59,-2.21075559135565,0.149,0.456,2.75649263614287e-55,"Atypical B (ABC/DN2)","S1PR1","down"
2.9048845777869e-07,-2.20554105120248,0.011,0.054,0.00546176398315493,"Atypical B (ABC/DN2)","SPSB1","down"
1.16955377613959e-49,-2.18157139842718,0.115,0.382,2.19899500989765e-45,"Atypical B (ABC/DN2)","OCIAD2","down"
1.93425753437258e-10,-2.17862605988444,0.008,0.061,3.63679101612732e-06,"Atypical B (ABC/DN2)","LAMC1","down"
3.73142526606041e-07,-2.1588561693102,0.021,0.068,0.00701582578524679,"Atypical B (ABC/DN2)","CA2","down"
1.48480504593198e-06,-2.1489634216014,0.008,0.044,0.0279173044736131,"Atypical B (ABC/DN2)","FAAH2","down"
6.05671248323353e-29,-2.12527165053272,0.071,0.248,1.13878308109757e-24,"Atypical B (ABC/DN2)","PAWR","down"
1.61577508205879e-25,-2.11655086873853,0.057,0.214,3.03798030928695e-21,"Atypical B (ABC/DN2)","GCA","down"
1.60687895063339e-07,-2.0960029518312,0.008,0.048,0.0030212538029809,"Atypical B (ABC/DN2)","ENSG00000287042","down"
2.44361015148673e-14,-2.08197327951669,0.029,0.12,4.59447580682536e-10,"Atypical B (ABC/DN2)","C1orf112","down"
8.77552834859164e-08,-2.0785303786719,0.019,0.071,0.0016499748401022,"Atypical B (ABC/DN2)","IGHV3-30","down"
1.78874556478833e-08,-2.05867392592773,0.024,0.082,0.000336319941091501,"Atypical B (ABC/DN2)","CNIH2","down"
6.84940463488972e-46,-2.05087628194642,0.128,0.388,1.28782505945196e-41,"Atypical B (ABC/DN2)","LINC01138","down"
4.67124044109429e-31,-2.02034680795257,0.084,0.274,8.78286627734549e-27,"Atypical B (ABC/DN2)","ESD","down"
7.95806388170162e-15,-2.01610550428215,0.037,0.134,1.49627517103754e-10,"Atypical B (ABC/DN2)","CD200","down"
8.20714963153387e-67,-2.00515900217044,0.244,0.55,1.543108273721e-62,"Atypical B (ABC/DN2)","C17orf49","down"
2.65705332452043e-06,-2.00418467049856,0.024,0.065,0.0499579166076331,"Atypical B (ABC/DN2)","EMP1","down"
4.93334660302617e-11,-1.99735178739845,0.024,0.096,9.2756782830098e-07,"Atypical B (ABC/DN2)","DPH5-DT","down"
1.80990531679137e-07,-1.98668076912449,0.024,0.074,0.00340298397663114,"Atypical B (ABC/DN2)","IGF1R","down"
3.51591036242295e-15,-1.95113226055646,0.042,0.144,6.61061466342762e-11,"Atypical B (ABC/DN2)","RDX","down"
3.03433836947473e-07,-1.9401478067274,0.023,0.072,0.00570516300228639,"Atypical B (ABC/DN2)","LMO7","down"
1.24934794477821e-06,-1.93064604566493,0.019,0.064,0.0234902400577199,"Atypical B (ABC/DN2)","TMEM63B","down"
1.69749130616658e-30,-1.92254066444817,0.139,0.331,3.19162315385441e-26,"Atypical B (ABC/DN2)","LNCRNA-IUR","down"
1.21036254866311e-32,-1.91696597975047,0.107,0.317,2.27572366399639e-28,"Atypical B (ABC/DN2)","TNFRSF18","down"
4.97572678421447e-15,-1.91601161228234,0.055,0.158,9.35536149968005e-11,"Atypical B (ABC/DN2)","TPST1","down"
4.48977611668476e-13,-1.90267955758595,0.044,0.137,8.44167705459069e-09,"Atypical B (ABC/DN2)","FNDC3B","down"
2.38777611535089e-11,-1.90140678867229,0.027,0.102,4.48949665208274e-07,"Atypical B (ABC/DN2)","LTA","down"
4.32298186071496e-75,-1.9013949402985,0.405,0.675,8.12807049451627e-71,"Atypical B (ABC/DN2)","SESN3","down"
2.30397214608591e-06,-1.89709701193882,0.019,0.061,0.0433192842907073,"Atypical B (ABC/DN2)","SLC35F2","down"
1.23303389435763e-29,-1.87744448981922,0.097,0.288,2.31835032817121e-25,"Atypical B (ABC/DN2)","GPR137","down"
2.43377633706303e-12,-1.87314926193585,0.045,0.132,4.5759862689459e-08,"Atypical B (ABC/DN2)","SH3YL1","down"
1.56696214301096e-40,-1.86026920540997,0.155,0.401,2.94620222128921e-36,"Atypical B (ABC/DN2)","TNFAIP3","down"
2.0245117572138e-34,-1.83888901446689,0.128,0.348,3.80648700591338e-30,"Atypical B (ABC/DN2)","ABCG1","down"
5.3284868666614e-21,-1.83589273348825,0.066,0.211,1.00186210066968e-16,"Atypical B (ABC/DN2)","CTNND1","down"
3.91851725622853e-15,-1.82552608978278,0.063,0.175,7.36759614516088e-11,"Atypical B (ABC/DN2)","MYO1E","down"
1.82411322439026e-25,-1.82095022088591,0.103,0.273,3.42969768449857e-21,"Atypical B (ABC/DN2)","CD59","down"
7.51261051568589e-110,-1.81222984109857,0.415,0.781,1.41252102915926e-105,"Atypical B (ABC/DN2)","BCL2","down"
3.33121055598622e-09,-1.80221247272327,0.039,0.104,6.26334208736528e-05,"Atypical B (ABC/DN2)","BNIP3","down"
1.47404240907624e-10,-1.79359246072876,0.032,0.107,2.77149453754515e-06,"Atypical B (ABC/DN2)","ANKRD18DP","down"
2.40888301408278e-07,-1.77160982903311,0.018,0.066,0.00452918184307843,"Atypical B (ABC/DN2)","SLC12A7","down"
3.85748722537344e-22,-1.75636181993725,0.1,0.252,7.25284748114714e-18,"Atypical B (ABC/DN2)","PIK3IP1","down"
1.9964381025398e-06,-1.74523104460174,0.018,0.062,0.0375370292039534,"Atypical B (ABC/DN2)","ZCWPW1","down"
5.19577292573568e-07,-1.7295945057739,0.027,0.078,0.00976909225496822,"Atypical B (ABC/DN2)","MIR497HG","down"
1.58242193053275e-07,-1.72747811142818,0.016,0.064,0.00297526971378768,"Atypical B (ABC/DN2)","CLMN","down"
5.5962909255248e-15,-1.72008037742853,0.076,0.183,1.05221461981717e-10,"Atypical B (ABC/DN2)","CCDC167","down"
9.84188491793879e-08,-1.71346178281329,0.032,0.089,0.00185047120227085,"Atypical B (ABC/DN2)","TRAF2","down"
2.52548411398275e-17,-1.70739584878525,0.076,0.201,4.74841523111037e-13,"Atypical B (ABC/DN2)","PLEKHA1","down"
1.9103082310193e-07,-1.69292794584995,0.032,0.081,0.00359176153596248,"Atypical B (ABC/DN2)","FURIN","down"
7.90032931829184e-40,-1.69172047697596,0.184,0.427,1.48541991842523e-35,"Atypical B (ABC/DN2)","PARP8","down"
3.69335977556341e-10,-1.67054977524577,0.04,0.117,6.94425505001432e-06,"Atypical B (ABC/DN2)","CKAP4","down"
3.688091735326e-16,-1.64565203831324,0.074,0.197,6.93435008075994e-12,"Atypical B (ABC/DN2)","PRR7","down"
9.94257748322464e-43,-1.64269335052631,0.216,0.474,1.8694034183959e-38,"Atypical B (ABC/DN2)","GALNT2","down"
2.04154927301977e-28,-1.64216667818223,0.134,0.331,3.83852094313178e-24,"Atypical B (ABC/DN2)","GPX1","down"
2.31430390307075e-08,-1.63856858596969,0.031,0.093,0.000435135419855362,"Atypical B (ABC/DN2)","RETREG1","down"
1.11586867914746e-18,-1.63017885552875,0.099,0.245,2.09805629053305e-14,"Atypical B (ABC/DN2)","LGALS3","down"
5.97172604673173e-19,-1.6235482839235,0.095,0.237,1.1228039313065e-14,"Atypical B (ABC/DN2)","TRAF5","down"
3.21819736994708e-09,-1.61449289620603,0.044,0.115,6.0508546949745e-05,"Atypical B (ABC/DN2)","PLSCR3","down"
2.16110619966665e-24,-1.61343803379156,0.132,0.306,4.06331187661324e-20,"Atypical B (ABC/DN2)","C12orf42","down"
3.40051234108413e-18,-1.60228653884662,0.107,0.238,6.39364330370637e-14,"Atypical B (ABC/DN2)","MPP7","down"
3.00871528694683e-37,-1.59694137323659,0.212,0.449,5.65698648251743e-33,"Atypical B (ABC/DN2)","TNFAIP8","down"
3.20172578822147e-25,-1.59521340971948,0.144,0.315,6.01988482701401e-21,"Atypical B (ABC/DN2)","CERS4","down"
1.29086364676074e-41,-1.59521323589634,0.283,0.52,2.42708182863954e-37,"Atypical B (ABC/DN2)","PALM2AKAP2","down"
2.06748869645683e-44,-1.59475216540011,0.275,0.525,3.88729224707812e-40,"Atypical B (ABC/DN2)","PPP1R14B","down"
1.13906000262133e-78,-1.59417575403413,0.334,0.69,2.14166061692863e-74,"Atypical B (ABC/DN2)","PIM3","down"
1.7729931495938e-25,-1.5924031184213,0.176,0.364,3.33358171986626e-21,"Atypical B (ABC/DN2)","FCRL1","down"
3.93329257044037e-08,-1.57991042878616,0.044,0.11,0.000739537669094198,"Atypical B (ABC/DN2)","PASK","down"
9.62711429614363e-114,-1.56044514943494,0.863,0.942,1.81009002996092e-109,"Atypical B (ABC/DN2)","ZFP36L1","down"
5.90350848894205e-36,-1.5577667226627,0.207,0.43,1.10997766609088e-31,"Atypical B (ABC/DN2)","TMEM131L","down"
1.66571220537813e-78,-1.55701820341799,0.456,0.759,3.13187208855195e-74,"Atypical B (ABC/DN2)","TMEM123","down"
5.86625846520438e-41,-1.53226709306635,0.246,0.495,1.10297391662773e-36,"Atypical B (ABC/DN2)","CHST11","down"
3.48197267437847e-23,-1.52976757142651,0.139,0.309,6.54680502236641e-19,"Atypical B (ABC/DN2)","MICAL3","down"
5.35718377453856e-16,-1.5155254588841,0.16,0.275,1.00725769328874e-11,"Atypical B (ABC/DN2)","CRIP2","down"
5.81710523033144e-11,-1.51258019827686,0.066,0.151,1.09373212540692e-06,"Atypical B (ABC/DN2)","KANSL1L","down"
4.32668083666097e-09,-1.51187125871421,0.053,0.128,8.13502530908995e-05,"Atypical B (ABC/DN2)","TIFA","down"
2.74081793692058e-15,-1.50887482954113,0.084,0.208,5.15328588499807e-11,"Atypical B (ABC/DN2)","SCMH1","down"
2.3421794157703e-69,-1.50458910861843,0.538,0.77,4.40376573753132e-65,"Atypical B (ABC/DN2)","AFF3","down"
1.69368740970442e-176,-1.50440259778416,0.901,0.973,3.18447106772624e-172,"Atypical B (ABC/DN2)","CXCR4","down"
4.3521612440371e-13,-1.49851880705533,0.074,0.183,8.18293357103855e-09,"Atypical B (ABC/DN2)","DPYD","down"
3.09190923200148e-14,-1.49803180214865,0.089,0.2,5.81340773800917e-10,"Atypical B (ABC/DN2)","NCF1B","down"
6.9038677528229e-38,-1.49560633704189,0.292,0.519,1.29806521488576e-33,"Atypical B (ABC/DN2)","LINC00926","down"
1.55614421345184e-15,-1.49489820886177,0.115,0.23,2.92586235013216e-11,"Atypical B (ABC/DN2)","SLC39A8","down"
1.03933341542646e-31,-1.49411603059444,0.204,0.416,1.95415468768483e-27,"Atypical B (ABC/DN2)","SMAD3","down"
2.1732398514711e-19,-1.49254940073805,0.121,0.272,4.08612556873596e-15,"Atypical B (ABC/DN2)","STAP1","down"
4.42250101469561e-82,-1.48411911019411,0.53,0.781,8.31518640783069e-78,"Atypical B (ABC/DN2)","STK17A","down"
1.2581729273877e-32,-1.4823398903462,0.207,0.408,2.36561673807436e-28,"Atypical B (ABC/DN2)","DRAP1","down"
1.97887810474198e-21,-1.47970891269057,0.131,0.292,3.72068661253587e-17,"Atypical B (ABC/DN2)","CPNE5","down"
5.21726624476436e-07,-1.47617878874514,0.034,0.091,0.00980950399340595,"Atypical B (ABC/DN2)","SGK3","down"
2.22630796348956e-08,-1.4677383578291,0.055,0.124,0.000418590423295307,"Atypical B (ABC/DN2)","CASK","down"
6.3616639181435e-09,-1.45692303518264,0.01,0.05,0.000119612004988934,"Atypical B (ABC/DN2)","LINC01480","down"
7.75948745941736e-13,-1.45201272014528,0.066,0.17,1.45893883211965e-08,"Atypical B (ABC/DN2)","ABCB1","down"
9.31526972757546e-121,-1.44486112847989,0.696,0.909,1.75145701417874e-116,"Atypical B (ABC/DN2)","CCR7","down"
1.68009284623453e-36,-1.44104411305987,0.231,0.474,3.15891056949017e-32,"Atypical B (ABC/DN2)","GRK5","down"
1.37449275897401e-08,-1.44088680374527,0.048,0.119,0.000258432128542293,"Atypical B (ABC/DN2)","GIHCG","down"
2.19412008953722e-10,-1.42432537098601,0.068,0.155,4.12538459234788e-06,"Atypical B (ABC/DN2)","SQOR","down"
3.98432734053298e-35,-1.42398749824273,0.228,0.466,7.49133226567012e-31,"Atypical B (ABC/DN2)","MGAT5","down"
7.97509484647835e-07,-1.42251489041654,0.037,0.093,0.0149947733303486,"Atypical B (ABC/DN2)","XPNPEP1","down"
1.5510563516605e-35,-1.41968662577821,0.299,0.493,2.91629615239206e-31,"Atypical B (ABC/DN2)","CTSH","down"
1.12237306833712e-69,-1.41779525642093,0.441,0.723,2.11028584308745e-65,"Atypical B (ABC/DN2)","CD40","down"
1.21286967978142e-07,-1.41587294046348,0.057,0.122,0.00228043757192502,"Atypical B (ABC/DN2)","RNF24","down"
5.89504883396955e-11,-1.39581273256811,0.086,0.183,1.10838708176295e-06,"Atypical B (ABC/DN2)","MCTP2","down"
1.00182178117846e-20,-1.39116503966298,0.15,0.31,1.88362531297175e-16,"Atypical B (ABC/DN2)","FKBP2","down"
9.32235457385083e-17,-1.39021134985616,0.121,0.257,1.75278910697543e-12,"Atypical B (ABC/DN2)","IRF5","down"
7.19163633065725e-09,-1.3898760976977,0.061,0.137,0.000135217146289018,"Atypical B (ABC/DN2)","TOMM34","down"
4.48160055885347e-65,-1.38048796743585,0.499,0.76,8.42630537075629e-61,"Atypical B (ABC/DN2)","TCF4","down"
2.80853286719073e-11,-1.37003656302711,0.084,0.178,5.280603496892e-07,"Atypical B (ABC/DN2)","RFFL","down"
5.32280939029029e-26,-1.3628703918935,0.21,0.399,1.00079462156238e-21,"Atypical B (ABC/DN2)","NCK2","down"
3.14791010341297e-29,-1.36264966845539,0.187,0.404,5.91870057643707e-25,"Atypical B (ABC/DN2)","PIM2","down"
1.75285373507889e-08,-1.35683278097011,0.066,0.139,0.000329571559269533,"Atypical B (ABC/DN2)","ZNF737","down"
1.05699135418574e-32,-1.33151512990879,0.275,0.478,1.98735514414002e-28,"Atypical B (ABC/DN2)","TCP11L2","down"
1.43569011556619e-11,-1.33138835768049,0.094,0.199,2.69938455528754e-07,"Atypical B (ABC/DN2)","PAM","down"
8.64876210558793e-07,-1.32718775826373,0.047,0.108,0.0162614025109264,"Atypical B (ABC/DN2)","MAP9","down"
3.33605050268765e-52,-1.31486845795692,0.467,0.709,6.27244215515333e-48,"Atypical B (ABC/DN2)","DENND4A","down"
1.89200772381193e-21,-1.31277518505021,0.267,0.411,3.55735292231119e-17,"Atypical B (ABC/DN2)","CD79B","down"
4.10784444759082e-48,-1.30971017076865,0.582,0.768,7.72356913036025e-44,"Atypical B (ABC/DN2)","JUN","down"
1.03655053370677e-16,-1.30709243252051,0.123,0.266,1.94892231347547e-12,"Atypical B (ABC/DN2)","MYO1C","down"
3.86033200783665e-21,-1.30375508452642,0.213,0.385,7.25819624113448e-17,"Atypical B (ABC/DN2)","PDE4D","down"
6.09394130873836e-16,-1.29203716027904,0.128,0.262,1.14578284486899e-11,"Atypical B (ABC/DN2)","ZSCAN18","down"
3.63129974017154e-41,-1.28800398432938,0.326,0.567,6.82756977147053e-37,"Atypical B (ABC/DN2)","EPB41","down"
1.10269817907684e-10,-1.28619890692434,0.095,0.189,2.07329311630027e-06,"Atypical B (ABC/DN2)","GABPB1-AS1","down"
1.54428541574179e-13,-1.28437720551789,0.128,0.229,2.90356543867772e-09,"Atypical B (ABC/DN2)","ICAM2","down"
3.76566769138406e-12,-1.28417635073518,0.115,0.212,7.08020839334031e-08,"Atypical B (ABC/DN2)","WDR11","down"
1.30126722051019e-09,-1.28106349591012,0.06,0.144,2.44664262800325e-05,"Atypical B (ABC/DN2)","CRIM1","down"
1.05657260343322e-09,-1.27224771759434,0.074,0.163,1.98656780897514e-05,"Atypical B (ABC/DN2)","KIAA0040","down"
3.90038066159641e-08,-1.26063315492536,0.087,0.169,0.000733349571993356,"Atypical B (ABC/DN2)","HDAC9","down"
4.21675025553e-19,-1.25938944417339,0.179,0.335,7.92833383044751e-15,"Atypical B (ABC/DN2)","NRIP1","down"
2.62477651014951e-10,-1.25773527096414,0.084,0.177,4.9351047943831e-06,"Atypical B (ABC/DN2)","SREBF1","down"
1.41920543366509e-30,-1.25747819861629,0.278,0.486,2.6683900563771e-26,"Atypical B (ABC/DN2)","P2RY10","down"
1.28697154233187e-06,-1.25717283457485,0.057,0.119,0.0241976389389238,"Atypical B (ABC/DN2)","TRDMT1","down"
7.34357283972425e-13,-1.25619178015417,0.116,0.23,1.38073856532495e-08,"Atypical B (ABC/DN2)","BTLA","down"
2.24150358783085e-121,-1.25457480413632,0.918,0.979,4.21447504583957e-117,"Atypical B (ABC/DN2)","CD83","down"
2.50108453283981e-06,-1.25358305258579,0.069,0.125,0.0470253913864541,"Atypical B (ABC/DN2)","ADA","down"
4.61136144340938e-47,-1.24624476868625,0.359,0.638,8.67028178589831e-43,"Atypical B (ABC/DN2)","IGHM","down"
2.75298424904351e-14,-1.24566709288939,0.241,0.39,5.1761609850516e-10,"Atypical B (ABC/DN2)","GADD45B","down"
7.58324999128465e-09,-1.24119251272856,0.1,0.166,0.000142580266336134,"Atypical B (ABC/DN2)","STEAP1B","down"
2.15138048285296e-08,-1.23970534732386,0.081,0.155,0.000404502558386013,"Atypical B (ABC/DN2)","GTF2H5","down"
1.0443050544383e-06,-1.23260428256999,0.045,0.105,0.0196350236335488,"Atypical B (ABC/DN2)","PCBP3","down"
2.24524115469505e-11,-1.23191170272533,0.081,0.183,4.22150241905764e-07,"Atypical B (ABC/DN2)","LGALS9","down"
2.22158707889598e-23,-1.22054545370081,0.242,0.428,4.17702802574022e-19,"Atypical B (ABC/DN2)","STMN1","down"
1.79591888198877e-17,-1.21479421797113,0.166,0.317,3.37668668191529e-13,"Atypical B (ABC/DN2)","ANKRD33B","down"
9.28975615368727e-31,-1.21370393780384,0.228,0.459,1.74665995201628e-26,"Atypical B (ABC/DN2)","CXCR5","down"
1.59574528626881e-85,-1.20002997742252,0.691,0.858,3.00032028724261e-81,"Atypical B (ABC/DN2)","SP100","down"
1.5341992989242e-13,-1.19829892383238,0.144,0.258,2.88460152183728e-09,"Atypical B (ABC/DN2)","DSE","down"
1.48763743497514e-15,-1.19148425158496,0.158,0.291,2.79705590524025e-11,"Atypical B (ABC/DN2)","IRAK2","down"
4.01756651537669e-37,-1.18480344580634,0.393,0.581,7.55382856221125e-33,"Atypical B (ABC/DN2)","INPP5D","down"
1.02035780990369e-09,-1.18272210532763,0.147,0.23,1.91847675418091e-05,"Atypical B (ABC/DN2)","PLPP5","down"
3.12081399342369e-08,-1.17977313882956,0.068,0.146,0.000586775447043521,"Atypical B (ABC/DN2)","CCDC191","down"
2.61807989986788e-06,-1.17888777168728,0.04,0.096,0.0492251382773159,"Atypical B (ABC/DN2)","USP53","down"
6.94237910499403e-09,-1.17838453269384,0.105,0.185,0.000130530611932098,"Atypical B (ABC/DN2)","MHENCR","down"
1.88019840670558e-09,-1.17162601736691,0.09,0.183,3.53514904428783e-05,"Atypical B (ABC/DN2)","LRRC8D","down"
4.9383143308739e-35,-1.15475663875173,0.465,0.598,9.28501860490911e-31,"Atypical B (ABC/DN2)","HLA-DRB5","down"
5.36801811609978e-07,-1.15377781677184,0.074,0.14,0.0100929476618908,"Atypical B (ABC/DN2)","PFKP","down"
2.10808068257095e-07,-1.14750069977373,0.073,0.145,0.00396361329936991,"Atypical B (ABC/DN2)","EBAG9","down"
4.89470652603112e-14,-1.14710513716482,0.157,0.27,9.20302721024372e-10,"Atypical B (ABC/DN2)","ENSG00000274265","down"
6.31216537161313e-08,-1.14691691314737,0.087,0.165,0.0011868133331707,"Atypical B (ABC/DN2)","PDE4DIP","down"
2.87214457267669e-26,-1.14490214332889,0.431,0.605,5.40020622554672e-22,"Atypical B (ABC/DN2)","H1-4","down"
3.23559232323946e-32,-1.14185135206111,0.376,0.563,6.08356068615483e-28,"Atypical B (ABC/DN2)","LYST","down"
3.28502375432258e-08,-1.14094356547445,0.097,0.17,0.000617650166287731,"Atypical B (ABC/DN2)","PGM2L1","down"
1.32722659930686e-11,-1.13524080094276,0.12,0.231,2.49545145201675e-07,"Atypical B (ABC/DN2)","PYCR2","down"
1.52130906533133e-06,-1.1312374742053,0.073,0.135,0.0286036530463598,"Atypical B (ABC/DN2)","STX17","down"
2.19345480823028e-50,-1.13034387985045,0.467,0.691,4.12413373043458e-46,"Atypical B (ABC/DN2)","R3HDM4","down"
2.23005010654447e-52,-1.13007026758574,0.472,0.726,4.19294021032491e-48,"Atypical B (ABC/DN2)","IFNGR2","down"
6.34578575259049e-37,-1.12547021756116,0.659,0.786,1.19313463720206e-32,"Atypical B (ABC/DN2)","CD69","down"
3.71787406585552e-16,-1.12545681562098,0.231,0.374,6.99034681862154e-12,"Atypical B (ABC/DN2)","GBP2","down"
5.71339283395695e-21,-1.12198999735162,0.237,0.401,1.07423212064058e-16,"Atypical B (ABC/DN2)","APPL1","down"
9.11986677927514e-22,-1.11934938181474,0.249,0.424,1.71471735183931e-17,"Atypical B (ABC/DN2)","TRAF4","down"
5.81171159200161e-07,-1.11929253798733,0.065,0.133,0.0109271801352814,"Atypical B (ABC/DN2)","KHDRBS3","down"
6.38353071917485e-18,-1.11779906510547,0.244,0.39,1.20023144581925e-13,"Atypical B (ABC/DN2)","POU2AF1","down"
3.06009042385759e-17,-1.11032458817358,0.194,0.346,5.75358201493704e-13,"Atypical B (ABC/DN2)","VPS13A","down"
2.88896975159979e-10,-1.10944345333967,0.137,0.236,5.43184092695793e-06,"Atypical B (ABC/DN2)","EEIG2","down"
2.56930576402214e-09,-1.106315637597,0.116,0.203,4.83080869751443e-05,"Atypical B (ABC/DN2)","SATB1","down"
6.81573014104229e-07,-1.10349646481113,0.073,0.142,0.0128149358111877,"Atypical B (ABC/DN2)","EMILIN2","down"
8.67300429638602e-20,-1.09975991478067,0.305,0.43,1.6306982678065e-15,"Atypical B (ABC/DN2)","IFNGR1","down"
1.9817796527131e-07,-1.09853273686437,0.082,0.155,0.00372614210303117,"Atypical B (ABC/DN2)","STAT2","down"
1.98590238842897e-06,-1.09192809388688,0.066,0.132,0.0373389367072415,"Atypical B (ABC/DN2)","TMEM238","down"
6.14733857392501e-19,-1.08538750868381,0.223,0.381,1.15582259866938e-14,"Atypical B (ABC/DN2)","TRAPPC5","down"
1.61006340087362e-11,-1.0850273505299,0.137,0.249,3.02724120632258e-07,"Atypical B (ABC/DN2)","DYNLT3","down"
3.75583969164653e-07,-1.08487093628562,0.094,0.164,0.00706172978823381,"Atypical B (ABC/DN2)","VRK1","down"
2.14215002794774e-11,-1.08274367299599,0.129,0.242,4.02767048254734e-07,"Atypical B (ABC/DN2)","ZMIZ2","down"
6.72160536015458e-16,-1.08092667687054,0.213,0.349,1.26379623981626e-11,"Atypical B (ABC/DN2)","LTA4H","down"
4.32244015943872e-09,-1.08039908179737,0.115,0.206,8.12705198777669e-05,"Atypical B (ABC/DN2)","FMNL3","down"
3.74279501065814e-39,-1.07639532033831,0.472,0.655,7.03720317903944e-35,"Atypical B (ABC/DN2)","DDX39A","down"
8.80927965908127e-07,-1.07311233939021,0.087,0.153,0.0165632076150046,"Atypical B (ABC/DN2)","CYP2R1","down"
2.49756543145619e-09,-1.07002838401809,0.118,0.212,4.69592252422393e-05,"Atypical B (ABC/DN2)","DLGAP4","down"
1.64121991239744e-16,-1.0695193372604,0.204,0.346,3.08582167928967e-12,"Atypical B (ABC/DN2)","SRPK1","down"
6.0436145411592e-07,-1.06845459900174,0.092,0.151,0.0113632040602875,"Atypical B (ABC/DN2)","SLC2A6","down"
6.22125455947795e-12,-1.06625379341747,0.163,0.277,1.16972028227304e-07,"Atypical B (ABC/DN2)","FAM117A","down"
1.51230259973437e-06,-1.06358020553418,0.086,0.151,0.0284343134802057,"Atypical B (ABC/DN2)","UBR5-DT","down"
5.32629784470507e-28,-1.06330787971874,0.409,0.573,1.00145052076145e-23,"Atypical B (ABC/DN2)","ARRDC2","down"
1.15816645010614e-07,-1.06106170392773,0.076,0.154,0.00217758455948956,"Atypical B (ABC/DN2)","TMEM87B","down"
2.77667623507125e-13,-1.05862520554621,0.187,0.312,5.22070665718096e-09,"Atypical B (ABC/DN2)","ARHGEF18","down"
1.36424229156007e-07,-1.05852502084841,0.06,0.132,0.00256504835659123,"Atypical B (ABC/DN2)","ICAM1","down"
2.22720519784607e-55,-1.05439868342594,0.578,0.78,4.18759121299018e-51,"Atypical B (ABC/DN2)","PARP14","down"
4.38805114423654e-15,-1.05226920037779,0.262,0.156,8.25041376139355e-11,"Atypical B (ABC/DN2)","HSPA1B","down"
2.82299814641839e-26,-1.05187855457573,0.417,0.586,5.30780111489586e-22,"Atypical B (ABC/DN2)","MARCKSL1","down"
8.61095136585035e-10,-1.04818485638942,0.094,0.191,1.61903107580718e-05,"Atypical B (ABC/DN2)","TRADD","down"
4.05478245415343e-20,-1.03848633672493,0.223,0.397,7.62380197029928e-16,"Atypical B (ABC/DN2)","DDX18","down"
1.25787282957222e-08,-1.0384038089603,0.118,0.207,0.000236505249416168,"Atypical B (ABC/DN2)","RAD51B","down"
9.59664199429009e-22,-1.03834056998344,0.317,0.479,1.80436062776642e-17,"Atypical B (ABC/DN2)","SESTD1","down"
1.85610358152576e-06,-1.03251129494285,0.089,0.149,0.0348984595398473,"Atypical B (ABC/DN2)","JAK3","down"
5.49626275104321e-09,-1.02836012720054,0.123,0.216,0.000103340732245114,"Atypical B (ABC/DN2)","NUP62","down"
1.43128110694283e-64,-1.02780357133222,0.658,0.832,2.69109473727391e-60,"Atypical B (ABC/DN2)","GAS5","down"
1.41470354262938e-17,-1.02653714891133,0.296,0.441,2.65992560085175e-13,"Atypical B (ABC/DN2)","PLCL2","down"
2.00089919435707e-07,-1.01899869549069,0.097,0.178,0.00376209066523015,"Atypical B (ABC/DN2)","STARD10","down"
2.21858561340242e-12,-1.01195119862741,0.152,0.272,4.17138467031924e-08,"Atypical B (ABC/DN2)","SLC15A4","down"
3.15936165991419e-12,-1.01118669881621,0.166,0.28,5.94023179297065e-08,"Atypical B (ABC/DN2)","IRF2BPL","down"
4.37986277120833e-08,-1.00028574584012,0.131,0.193,0.00082350179824259,"Atypical B (ABC/DN2)","STAM","down"
4.01926617327743e-08,-0.991975470390931,0.12,0.208,0.000755702425899623,"Atypical B (ABC/DN2)","PLK3","down"
3.11470068379697e-26,-0.991103262001233,0.321,0.521,5.85626022567506e-22,"Atypical B (ABC/DN2)","MARCHF3","down"
2.29962822541494e-07,-0.986404667528703,0.136,0.214,0.00432376098942518,"Atypical B (ABC/DN2)","AP1S3","down"
1.86794975946001e-21,-0.984054381938692,0.326,0.485,3.51211913773671e-17,"Atypical B (ABC/DN2)","RRAS2","down"
2.42405257167017e-25,-0.983927373486842,0.394,0.564,4.55770364525425e-21,"Atypical B (ABC/DN2)","PRKCB","down"
2.30961291533881e-14,-0.982579016740929,0.202,0.349,4.34253420342002e-10,"Atypical B (ABC/DN2)","NEIL1","down"
2.94208401459865e-09,-0.977222883847764,0.152,0.24,5.53170636424839e-05,"Atypical B (ABC/DN2)","CCDC18-AS1","down"
2.48361840635826e-06,-0.973863152242291,0.092,0.16,0.0466969932763481,"Atypical B (ABC/DN2)","APBA3","down"
1.33096094144827e-06,-0.971443915087695,0.09,0.165,0.0250247276211105,"Atypical B (ABC/DN2)","TMEM163","down"
2.77418924968602e-11,-0.96277862862425,0.191,0.295,5.21603062725965e-07,"Atypical B (ABC/DN2)","NCF1","down"
7.21988566061214e-08,-0.958310958925815,0.099,0.184,0.0013574829019083,"Atypical B (ABC/DN2)","RHBDD1","down"
3.43310750868279e-07,-0.95639795305692,0.137,0.184,0.00645492873782539,"Atypical B (ABC/DN2)","MGAT1","down"
2.1614651582939e-17,-0.956309941334126,0.267,0.413,4.0639867906242e-13,"Atypical B (ABC/DN2)","TRIM22","down"
2.45468533824216e-06,-0.956279539333224,0.082,0.152,0.0461529937296291,"Atypical B (ABC/DN2)","RAB33B-AS1","down"
3.32328503174254e-10,-0.950537807695649,0.212,0.138,6.24844051668233e-06,"Atypical B (ABC/DN2)","HSPA1A","down"
5.63389796406925e-16,-0.946624099849629,0.228,0.378,1.0592854952043e-11,"Atypical B (ABC/DN2)","COX7A2L","down"
2.31016549005208e-16,-0.939701151587839,0.286,0.424,4.34357315439592e-12,"Atypical B (ABC/DN2)","DIPK1A","down"
2.12800457989933e-16,-0.935708887205999,0.284,0.431,4.00107421112672e-12,"Atypical B (ABC/DN2)","ALOX5","down"
2.69648912427062e-48,-0.934267235670533,0.625,0.801,5.06993885145363e-44,"Atypical B (ABC/DN2)","NFKB2","down"
3.53508055471814e-07,-0.926205761208828,0.121,0.193,0.00664665845898104,"Atypical B (ABC/DN2)","MRPL28","down"
6.92634451187744e-29,-0.922413678451993,0.498,0.646,1.3022912951232e-24,"Atypical B (ABC/DN2)","PDCD4","down"
1.17224554200498e-46,-0.919071846132032,0.85,0.917,2.20405606807776e-42,"Atypical B (ABC/DN2)","CD55","down"
4.6719397176921e-07,-0.913605343221908,0.126,0.198,0.00878418105720469,"Atypical B (ABC/DN2)","BET1","down"
2.26601540283508e-09,-0.912108756345572,0.17,0.265,4.26056216041052e-05,"Atypical B (ABC/DN2)","RCN2","down"
7.18740155481121e-08,-0.909395087335467,0.145,0.23,0.0013513752403356,"Atypical B (ABC/DN2)","RASAL3","down"
2.99983622511464e-20,-0.908773641179191,0.338,0.481,5.64029207046055e-16,"Atypical B (ABC/DN2)","PRMT1","down"
2.06245952408015e-15,-0.908414531623283,0.278,0.428,3.87783639717551e-11,"Atypical B (ABC/DN2)","ADAM7-AS1","down"
6.04745133726313e-14,-0.906932219263852,0.252,0.369,1.13704180043221e-09,"Atypical B (ABC/DN2)","CD2AP","down"
2.20663244262589e-08,-0.905618487897754,0.166,0.243,0.00041489103186252,"Atypical B (ABC/DN2)","METTL21A","down"
1.26052334439562e-08,-0.901314194537495,0.152,0.242,0.000237003599213265,"Atypical B (ABC/DN2)","ABCC1","down"
1.78468408776095e-10,-0.901265043952139,0.187,0.285,3.35556302180813e-06,"Atypical B (ABC/DN2)","ZCCHC10","down"
1.35603643483801e-12,-0.899911512166753,0.149,0.279,2.54961970478243e-08,"Atypical B (ABC/DN2)","ST6GALNAC3","down"
1.1914069426721e-06,-0.895950087159449,0.128,0.18,0.0224008333361209,"Atypical B (ABC/DN2)","MEX3C","down"
8.19532606177245e-09,-0.895596821543844,0.17,0.26,0.000154088520613446,"Atypical B (ABC/DN2)","YIPF5","down"
5.70188459614025e-53,-0.893346605375548,0.746,0.852,1.07206834176629e-48,"Atypical B (ABC/DN2)","GPX4","down"
7.55040884337894e-11,-0.892952883045096,0.183,0.297,1.41962787073211e-06,"Atypical B (ABC/DN2)","MAPKAPK2","down"
1.48824995587971e-20,-0.892560290248682,0.37,0.523,2.79820756704503e-16,"Atypical B (ABC/DN2)","SMDT1","down"
4.5003552877098e-28,-0.889674656695947,0.677,0.743,8.46156801195197e-24,"Atypical B (ABC/DN2)","ZFP36L2","down"
4.95856361115278e-29,-0.883938599562037,0.672,0.762,9.32309130168946e-25,"Atypical B (ABC/DN2)","IRF1","down"
2.26813500171031e-16,-0.880363708018095,0.423,0.508,4.26454743021573e-12,"Atypical B (ABC/DN2)","IRF4","down"
3.38270875892119e-07,-0.873902916240755,0.153,0.236,0.00636016900852363,"Atypical B (ABC/DN2)","IMMP2L","down"
3.43271102311273e-07,-0.870490606961337,0.142,0.215,0.00645418326565656,"Atypical B (ABC/DN2)","SVIP","down"
2.5447528631965e-14,-0.869583052496746,0.307,0.421,4.78464433338207e-10,"Atypical B (ABC/DN2)","FMNL1-DT","down"
7.20977392615597e-16,-0.868453950220183,0.359,0.463,1.35558169359584e-11,"Atypical B (ABC/DN2)","TSPAN33","down"
7.22682173448564e-08,-0.867520142664658,0.153,0.234,0.00135878702251799,"Atypical B (ABC/DN2)","MCM7","down"
2.06796785930097e-09,-0.865202337643592,0.181,0.279,3.88819316905768e-05,"Atypical B (ABC/DN2)","EMC6","down"
9.5407866493273e-07,-0.865081909455587,0.144,0.214,0.0179385870580652,"Atypical B (ABC/DN2)","ENSG00000290569","down"
2.28470019663731e-07,-0.862669237632422,0.152,0.226,0.00429569330971746,"Atypical B (ABC/DN2)","RBMS1","down"
5.36453376834964e-12,-0.861943673477379,0.234,0.35,1.0086396391251e-07,"Atypical B (ABC/DN2)","LSM5","down"
6.84745746711533e-20,-0.859864399356912,0.391,0.507,1.28745895296703e-15,"Atypical B (ABC/DN2)","CHMP4B","down"
2.14551366992534e-26,-0.857895714955286,0.478,0.618,4.03399480219362e-22,"Atypical B (ABC/DN2)","HIF1A","down"
1.2271824620365e-12,-0.854323199364252,0.267,0.386,2.30734846512102e-08,"Atypical B (ABC/DN2)","TBC1D1","down"
4.42275421063386e-09,-0.852997076833299,0.204,0.304,8.31566246683379e-05,"Atypical B (ABC/DN2)","ZBTB10","down"
7.07914373961953e-07,-0.850945420364421,0.155,0.214,0.0133102060592326,"Atypical B (ABC/DN2)","TAPT1","down"
6.6399031689227e-12,-0.849255214943109,0.268,0.366,1.24843459382085e-07,"Atypical B (ABC/DN2)","ITPR1","down"
7.64764744615071e-18,-0.845839656818311,0.467,0.585,1.43791067282526e-13,"Atypical B (ABC/DN2)","TXNIP","down"
1.26412727705108e-21,-0.84401717559134,0.46,0.587,2.37681210631144e-17,"Atypical B (ABC/DN2)","RAB11A","down"
3.56797261695461e-07,-0.839890391083266,0.152,0.226,0.00670850211439805,"Atypical B (ABC/DN2)","GRK6","down"
4.82293001298601e-50,-0.839639317822335,0.754,0.902,9.0680730104163e-46,"Atypical B (ABC/DN2)","FOXP1","down"
9.48712330030124e-11,-0.83539034145114,0.215,0.332,1.78376892292264e-06,"Atypical B (ABC/DN2)","SDHC","down"
1.57575970853295e-06,-0.824287749946896,0.237,0.328,0.0296274340398365,"Atypical B (ABC/DN2)","MYC","down"
9.25645570177444e-19,-0.822632224599298,0.412,0.563,1.74039880104763e-14,"Atypical B (ABC/DN2)","ARHGAP24","down"
3.58682340760265e-24,-0.822431118354797,0.473,0.627,6.7439453709745e-20,"Atypical B (ABC/DN2)","SELENOH","down"
3.55501275264197e-21,-0.821756250065482,0.456,0.573,6.68413497751744e-17,"Atypical B (ABC/DN2)","RHOF","down"
1.80888485165471e-07,-0.820454754197674,0.128,0.217,0.00340106529808118,"Atypical B (ABC/DN2)","OGFRL1","down"
1.13682127577789e-19,-0.8193325059057,0.407,0.545,2.13745136271758e-15,"Atypical B (ABC/DN2)","RPA3","down"
4.87765369097732e-09,-0.813514270220678,0.204,0.291,9.17096446977557e-05,"Atypical B (ABC/DN2)","NDE1","down"
2.22522002554092e-07,-0.811306806404737,0.199,0.281,0.00418385869202204,"Atypical B (ABC/DN2)","AGPAT5","down"
4.23624255625549e-07,-0.809103761444335,0.165,0.235,0.00796498325427157,"Atypical B (ABC/DN2)","MPG","down"
5.14212010505686e-18,-0.808178223956761,0.452,0.568,9.66821422152792e-14,"Atypical B (ABC/DN2)","ZCCHC7","down"
1.53287338926082e-08,-0.807517146870368,0.192,0.285,0.000288210854648819,"Atypical B (ABC/DN2)","IPO5","down"
7.60327781265529e-07,-0.80691506322061,0.142,0.226,0.0142956829433545,"Atypical B (ABC/DN2)","DOCK9","down"
1.24567673466726e-13,-0.80183598178452,0.286,0.416,2.34212139652139e-09,"Atypical B (ABC/DN2)","TOMM22","down"
4.26104729961336e-15,-0.79869783927912,0.342,0.484,8.01162113273304e-11,"Atypical B (ABC/DN2)","CLEC17A","down"
2.22367693496475e-71,-0.798454196482378,0.871,0.931,4.18095737312073e-67,"Atypical B (ABC/DN2)","HINT1","down"
2.74327827684062e-21,-0.794851805168023,0.792,0.815,5.15791181611574e-17,"Atypical B (ABC/DN2)","UCP2","down"
3.50105059406855e-16,-0.792853214003654,0.349,0.466,6.58267532696769e-12,"Atypical B (ABC/DN2)","PSME2","down"
6.91464526904555e-11,-0.790435837092679,0.226,0.293,1.30009160348594e-06,"Atypical B (ABC/DN2)","GFUS","down"
7.55941519103289e-12,-0.788157823206972,0.221,0.355,1.421321244218e-07,"Atypical B (ABC/DN2)","PARVB","down"
2.46726363458466e-10,-0.785546211269272,0.257,0.362,4.63894908574608e-06,"Atypical B (ABC/DN2)","SPIDR","down"
6.6170919419395e-25,-0.785530280476119,0.627,0.698,1.24414562692346e-20,"Atypical B (ABC/DN2)","TLE5","down"
1.93023000753608e-07,-0.783134241539133,0.186,0.276,0.00362921846016934,"Atypical B (ABC/DN2)","LPIN1","down"
1.12740318708787e-12,-0.781033775485055,0.342,0.462,2.11974347236262e-08,"Atypical B (ABC/DN2)","SLC12A6","down"
7.29937298168504e-10,-0.776970310280784,0.263,0.362,1.37242810801642e-05,"Atypical B (ABC/DN2)","IL4R","down"
5.79949342186767e-07,-0.774635443922894,0.173,0.238,0.0109042075317956,"Atypical B (ABC/DN2)","SRSF8","down"
2.12581548437655e-06,-0.774130054470358,0.173,0.241,0.0399695827372479,"Atypical B (ABC/DN2)","FKBP4","down"
1.68822437230462e-11,-0.77344396441917,0.268,0.366,3.17419946480715e-07,"Atypical B (ABC/DN2)","MRPL14","down"
5.99838657270329e-08,-0.771470509318055,0.187,0.28,0.00112781664339967,"Atypical B (ABC/DN2)","MIOS","down"
6.263582728575e-07,-0.770711975033009,0.162,0.249,0.0117767882462667,"Atypical B (ABC/DN2)","LARS1","down"
1.77272534769152e-07,-0.769592078633032,0.181,0.255,0.00333307819872959,"Atypical B (ABC/DN2)","NDUFAF4","down"
2.32797788142922e-06,-0.768918276673879,0.149,0.229,0.0437706401266321,"Atypical B (ABC/DN2)","NELFCD","down"
5.96908185745736e-09,-0.764360424015801,0.233,0.333,0.000112230677083913,"Atypical B (ABC/DN2)","EMB","down"
6.2108126758248e-29,-0.763017916529375,0.572,0.707,1.16775699930858e-24,"Atypical B (ABC/DN2)","HMGN1","down"
2.41558506699002e-07,-0.759918197131875,0.2,0.279,0.00454178304295463,"Atypical B (ABC/DN2)","HNRNPH2","down"
4.44725278560074e-13,-0.757666931258474,0.286,0.433,8.36172468748652e-09,"Atypical B (ABC/DN2)","DARS1","down"
1.31069140412669e-07,-0.756691083852947,0.192,0.273,0.002464361978039,"Atypical B (ABC/DN2)","ALDH16A1","down"
2.94748124616909e-12,-0.751282581300116,0.294,0.385,5.54185423904713e-08,"Atypical B (ABC/DN2)","VEGFB","down"
1.27156653235087e-08,-0.748936016968331,0.231,0.328,0.00023907993941261,"Atypical B (ABC/DN2)","DENND3","down"
4.4800641018073e-07,-0.745171639209136,0.186,0.257,0.00842341652421809,"Atypical B (ABC/DN2)","DCK","down"
1.59794441401343e-10,-0.734513517143831,0.263,0.379,3.00445508722806e-06,"Atypical B (ABC/DN2)","OFD1","down"
1.46901682549606e-11,-0.734444523942906,0.299,0.408,2.7620454352977e-07,"Atypical B (ABC/DN2)","RRP7A","down"
3.57368818199879e-14,-0.728723528463417,0.378,0.47,6.71924851979412e-10,"Atypical B (ABC/DN2)","POLD4","down"
1.5732679195315e-22,-0.724935931184147,0.583,0.709,2.95805834230313e-18,"Atypical B (ABC/DN2)","BASP1","down"
3.63440527264328e-11,-0.722997135249035,0.317,0.42,6.83340879362389e-07,"Atypical B (ABC/DN2)","HIP1R","down"
5.01378037480683e-07,-0.722851079437965,0.205,0.281,0.0094269098607118,"Atypical B (ABC/DN2)","E2F5","down"
1.46219891438589e-30,-0.722528719930409,0.582,0.714,2.74922639882836e-26,"Atypical B (ABC/DN2)","NAP1L1","down"
9.99453086156274e-13,-0.719549640281027,0.362,0.476,1.87917169259103e-08,"Atypical B (ABC/DN2)","WHAMM","down"
6.3431761396365e-09,-0.719392635055218,0.312,0.398,0.000119264397777445,"Atypical B (ABC/DN2)","H1-2","down"
1.97160100662631e-24,-0.718553194866854,0.696,0.75,3.70700421265879e-20,"Atypical B (ABC/DN2)","HSP90B1","down"
8.90481975438462e-33,-0.717176445372325,0.666,0.788,1.6742842102194e-28,"Atypical B (ABC/DN2)","SNHG6","down"
4.76344427057714e-07,-0.715426277931457,0.21,0.275,0.00895622791753914,"Atypical B (ABC/DN2)","GNA12","down"
1.62682898246667e-08,-0.712786805002707,0.242,0.336,0.000305876385283384,"Atypical B (ABC/DN2)","CBX3","down"
4.64877199052271e-35,-0.712183110048768,0.522,0.76,8.7406210965808e-31,"Atypical B (ABC/DN2)","YBX3","down"
1.06410354161976e-16,-0.711407224523622,0.546,0.664,2.00072747895347e-12,"Atypical B (ABC/DN2)","ADAM28","down"
1.17634118796967e-09,-0.711265229241434,0.283,0.379,2.21175670162057e-05,"Atypical B (ABC/DN2)","PAK1","down"
7.59368399887683e-15,-0.709118529288776,0.409,0.529,1.42776446546882e-10,"Atypical B (ABC/DN2)","IFI16","down"
6.44848298169798e-07,-0.708142321691095,0.205,0.288,0.0121244377021885,"Atypical B (ABC/DN2)","ARAP2","down"
4.25094948005512e-10,-0.706900942069982,0.294,0.403,7.99263521239964e-06,"Atypical B (ABC/DN2)","RTCB","down"
1.06191443175244e-10,-0.703324417731813,0.289,0.408,1.99661151458094e-06,"Atypical B (ABC/DN2)","SNHG7","down"
2.51849080467872e-07,-0.703204930286789,0.212,0.281,0.00473526641095693,"Atypical B (ABC/DN2)","MTHFS","down"
5.42117198837011e-32,-0.70289770099464,0.661,0.829,1.01928875725335e-27,"Atypical B (ABC/DN2)","NFKBIA","down"
1.15085768354787e-15,-0.699537027353641,0.546,0.603,2.1638426166067e-11,"Atypical B (ABC/DN2)","UBALD2","down"
5.86322503755377e-07,-0.695847893364761,0.183,0.276,0.0110240357156086,"Atypical B (ABC/DN2)","SYNE2","down"
1.71583355148879e-10,-0.691127655404833,0.338,0.419,3.22611024350923e-06,"Atypical B (ABC/DN2)","RNF145","down"
1.51191980526669e-09,-0.690655578641709,0.254,0.376,2.84271161786242e-05,"Atypical B (ABC/DN2)","CAMTA1","down"
4.00913948881757e-08,-0.690303049226569,0.237,0.311,0.00075379840668748,"Atypical B (ABC/DN2)","MIA2","down"
1.49418372779731e-06,-0.69002513969199,0.186,0.243,0.028093642450045,"Atypical B (ABC/DN2)","ME2","down"
4.49251756324591e-23,-0.689814715547227,0.659,0.712,8.44683152241496e-19,"Atypical B (ABC/DN2)","OSBPL8","down"
2.55244236653409e-249,-0.688234879687935,1,1,4.79910213755739e-245,"Atypical B (ABC/DN2)","RPS23","down"
3.39097217856309e-07,-0.682872726038777,0.229,0.318,0.00637570589013431,"Atypical B (ABC/DN2)","STK38","down"
1.22897588962746e-08,-0.682374639386495,0.278,0.363,0.000231072046767756,"Atypical B (ABC/DN2)","PDXDC1","down"
2.85831163191519e-08,-0.680399834494993,0.212,0.266,0.000537419753032694,"Atypical B (ABC/DN2)","DNMT1","down"
1.26979227772587e-13,-0.676928048258646,0.401,0.503,2.38746344058017e-09,"Atypical B (ABC/DN2)","PSMA1","down"
3.87763362000921e-08,-0.675085363478332,0.258,0.33,0.000729072673234132,"Atypical B (ABC/DN2)","CSNK1G3","down"
9.51445989995716e-212,-0.674085746272604,1,1,1.78890875038995e-207,"Atypical B (ABC/DN2)","RPS8","down"
3.45922681275081e-07,-0.673282345191465,0.223,0.302,0.00650403825333408,"Atypical B (ABC/DN2)","SEPTIN1","down"
2.29715741023583e-06,-0.671969614916397,0.187,0.258,0.0431911536272541,"Atypical B (ABC/DN2)","ABCF2","down"
3.50467546847684e-100,-0.665530581097263,0.987,0.994,6.58949081583015e-96,"Atypical B (ABC/DN2)","EEF1B2","down"
5.67673976682493e-07,-0.662195065930244,0.226,0.297,0.0106734061095842,"Atypical B (ABC/DN2)","EPB41L4A-AS1","down"
7.44973968776135e-12,-0.659841824678143,0.389,0.492,1.40070005609289e-07,"Atypical B (ABC/DN2)","PIK3CA","down"
1.38901383418929e-125,-0.658943443442037,0.998,0.999,2.6116238110427e-121,"Atypical B (ABC/DN2)","RPS4X","down"
4.14998639601767e-10,-0.658583930696844,0.373,0.461,7.80280442179242e-06,"Atypical B (ABC/DN2)","RALA","down"
2.0639256764397e-10,-0.657960133217851,0.307,0.345,3.88059305684191e-06,"Atypical B (ABC/DN2)","MBNL2","down"
2.23209662558039e-23,-0.654991412681521,0.683,0.763,4.19678807541625e-19,"Atypical B (ABC/DN2)","PLEKHG1","down"
1.17510263248342e-07,-0.650043042454273,0.233,0.311,0.00220942796959532,"Atypical B (ABC/DN2)","MZT2A","down"
9.04979600376512e-07,-0.649778858481125,0.225,0.282,0.0170154264462792,"Atypical B (ABC/DN2)","ARHGEF7","down"
3.80706169430049e-50,-0.64867332546946,0.869,0.93,7.15803739762378e-46,"Atypical B (ABC/DN2)","COX7C","down"
1.40164166932895e-24,-0.644841207685134,0.616,0.743,2.63536666667229e-20,"Atypical B (ABC/DN2)","EIF3E","down"
2.3280608282327e-24,-0.640635359483895,0.624,0.699,4.37721996924312e-20,"Atypical B (ABC/DN2)","PSME1","down"
1.55346864877044e-113,-0.639025490952934,0.998,0.998,2.92083175341819e-109,"Atypical B (ABC/DN2)","RPSA","down"
1.8951215835172e-12,-0.638106450836867,0.401,0.51,3.56320760132904e-08,"Atypical B (ABC/DN2)","CHD4","down"
1.105350929446e-25,-0.635929292617193,0.704,0.801,2.07828081754436e-21,"Atypical B (ABC/DN2)","IL2RG","down"
1.56317458024631e-113,-0.633484971636168,0.994,0.998,2.93908084577911e-109,"Atypical B (ABC/DN2)","RPS24","down"
1.35947582247068e-08,-0.630119286921764,0.278,0.341,0.000255608644140938,"Atypical B (ABC/DN2)","EVL","down"
3.02526965593744e-08,-0.629128454125109,0.305,0.365,0.000568811200709358,"Atypical B (ABC/DN2)","UBE2D1","down"
2.86522919470344e-83,-0.627160958188023,0.971,0.98,5.38720393188142e-79,"Atypical B (ABC/DN2)","APOO","down"
3.03909428907979e-14,-0.626314872507825,0.607,0.694,5.71410508232783e-10,"Atypical B (ABC/DN2)","GNG2","down"
2.43308798224659e-107,-0.624957074276947,0.997,0.997,4.57469202422004e-103,"Atypical B (ABC/DN2)","RACK1","down"
3.21260558687245e-07,-0.622970979163277,0.22,0.276,0.00604034102443757,"Atypical B (ABC/DN2)","COPS5","down"
1.37673585477505e-09,-0.621968795407729,0.355,0.45,2.58853875414805e-05,"Atypical B (ABC/DN2)","UTRN","down"
3.42674353384032e-143,-0.620804710631864,1,0.998,6.44296319232657e-139,"Atypical B (ABC/DN2)","RPS5","down"
1.24184147128787e-06,-0.61824638340594,0.233,0.296,0.0233491033431546,"Atypical B (ABC/DN2)","MAP2K4","down"
1.00699378869006e-179,-0.617985794101778,0.998,1,1.89334972149505e-175,"Atypical B (ABC/DN2)","RPL34","down"
7.70744652826625e-08,-0.615076400824248,0.326,0.405,0.00144915409624462,"Atypical B (ABC/DN2)","AFF1","down"
6.9845121826244e-21,-0.604958977910241,0.601,0.667,1.31322798057704e-16,"Atypical B (ABC/DN2)","ELOVL5","down"
8.82845705691526e-11,-0.604802617623428,0.525,0.605,1.65992649584121e-06,"Atypical B (ABC/DN2)","NFKBID","down"
1.53404360954901e-65,-0.602562493686624,0.943,0.968,2.88430879467404e-61,"Atypical B (ABC/DN2)","RPL7","down"
6.71229501731755e-09,-0.602070513614955,0.326,0.41,0.000126204570915605,"Atypical B (ABC/DN2)","IFNAR1","down"
5.61959723078455e-09,-0.601731276322422,0.289,0.344,0.000105659667133211,"Atypical B (ABC/DN2)","ZNF326","down"
4.85572359967318e-07,-0.597195355306094,0.325,0.405,0.0091297315121055,"Atypical B (ABC/DN2)","CMTM7","down"
9.53371605745095e-14,-0.595842336491595,0.456,0.568,1.79252929312193e-09,"Atypical B (ABC/DN2)","FBL","down"
8.99839879379233e-10,-0.592344223837738,0.331,0.378,1.69187894120883e-05,"Atypical B (ABC/DN2)","AP1B1","down"
2.68847100815004e-15,-0.591217764183189,0.569,0.664,5.0548631895237e-11,"Atypical B (ABC/DN2)","RIPOR1","down"
9.93890091014078e-18,-0.586867656021602,0.577,0.712,1.86871214912467e-13,"Atypical B (ABC/DN2)","RELB","down"
1.5325098722485e-35,-0.58500982308118,0.911,0.927,2.88142506180163e-31,"Atypical B (ABC/DN2)","SYNGR2","down"
2.32414995515162e-06,-0.584144111022369,0.284,0.34,0.0436986674567608,"Atypical B (ABC/DN2)","STAT1","down"
3.68930311812343e-61,-0.579290223009249,0.995,0.998,6.93662772269567e-57,"Atypical B (ABC/DN2)","CD37","down"
1.35799529699293e-15,-0.578005036938815,0.528,0.605,2.55330275740611e-11,"Atypical B (ABC/DN2)","ANAPC16","down"
1.41756184788325e-60,-0.576110930769672,0.955,0.974,2.66529978639009e-56,"Atypical B (ABC/DN2)","RPS20","down"
1.86547950640082e-103,-0.574179134697312,0.997,0.997,3.50747456793482e-99,"Atypical B (ABC/DN2)","RPL5","down"
4.20802802274248e-11,-0.57303062254048,0.394,0.511,7.9119342883604e-07,"Atypical B (ABC/DN2)","CNN2","down"
1.55764920148471e-10,-0.572176630289491,0.514,0.577,2.92869202863156e-06,"Atypical B (ABC/DN2)","SPIB","down"
1.14007715604787e-08,-0.57118212134506,0.315,0.395,0.000214357306880121,"Atypical B (ABC/DN2)","SDHD","down"
1.44999202108895e-15,-0.570922529670619,0.653,0.717,2.72627499805144e-11,"Atypical B (ABC/DN2)","LSM7","down"
1.2180253186398e-15,-0.569902682559858,0.501,0.572,2.29013120410655e-11,"Atypical B (ABC/DN2)","TAPBP","down"
2.53778825497295e-09,-0.566608040871483,0.422,0.466,4.77154947700013e-05,"Atypical B (ABC/DN2)","ANTXR2","down"
2.75177510069367e-08,-0.565944649015561,0.351,0.444,0.000517388754432424,"Atypical B (ABC/DN2)","SMARCC1","down"
1.29199553978205e-13,-0.565860719891971,0.511,0.605,2.42921001389821e-09,"Atypical B (ABC/DN2)","ST13","down"
2.59649734613407e-08,-0.565725709419946,0.333,0.404,0.000488193431020128,"Atypical B (ABC/DN2)","SNRPE","down"
9.27843710455899e-119,-0.562246411241402,1,0.999,1.74453174439918e-114,"Atypical B (ABC/DN2)","RPL3","down"
1.93825418320129e-150,-0.561318937154099,0.998,1,3.64430551525506e-146,"Atypical B (ABC/DN2)","RPS3A","down"
2.16375060470799e-13,-0.560136335847912,0.515,0.607,4.06828388697197e-09,"Atypical B (ABC/DN2)","EPS15","down"
6.6686332847976e-155,-0.555086132436339,1,1,1.25383643020765e-150,"Atypical B (ABC/DN2)","RPL18A","down"
9.6036337140162e-07,-0.554613615066556,0.297,0.386,0.0180567521090933,"Atypical B (ABC/DN2)","LAMTOR1","down"
1.03058742527868e-131,-0.554323913659514,1,0.999,1.93771047700897e-127,"Atypical B (ABC/DN2)","RPL8","down"
7.27275214702195e-88,-0.552525952550834,0.998,0.999,1.36742285868307e-83,"Atypical B (ABC/DN2)","RPLP0","down"
5.685903386905e-13,-0.55046730405566,0.53,0.608,1.06906355480588e-08,"Atypical B (ABC/DN2)","ZNF267","down"
4.49917992062565e-15,-0.543570236904228,0.519,0.57,8.45935808676035e-11,"Atypical B (ABC/DN2)","STAT6","down"
3.95541953942966e-09,-0.542963591166058,0.376,0.442,7.43697981803564e-05,"Atypical B (ABC/DN2)","C1QBP","down"
5.22937234327744e-09,-0.542946122216487,0.422,0.498,9.83226587983024e-05,"Atypical B (ABC/DN2)","TCF12","down"
1.24356296728578e-06,-0.542378159354712,0.273,0.326,0.0233814709109073,"Atypical B (ABC/DN2)","DTX3L","down"
1.7499823959922e-06,-0.542247562276698,0.275,0.326,0.0329031690094454,"Atypical B (ABC/DN2)","KRCC1","down"
6.53536878884541e-08,-0.541503278990974,0.346,0.426,0.00122878003967871,"Atypical B (ABC/DN2)","AGFG1","down"
9.34668956126317e-123,-0.537963187361268,1,0.999,1.7573645713087e-118,"Atypical B (ABC/DN2)","RPL29","down"
6.31398064070902e-07,-0.536451886608548,0.3,0.357,0.0118715464006611,"Atypical B (ABC/DN2)","SMARCB1","down"
3.389894023257e-58,-0.534244470693911,0.994,0.995,6.37367874252781e-54,"Atypical B (ABC/DN2)","H3-3A","down"
1.49793724733831e-10,-0.534190766178768,0.436,0.487,2.81642161244549e-06,"Atypical B (ABC/DN2)","SETX","down"
6.82142202597213e-08,-0.533311016951027,0.365,0.443,0.00128256376932328,"Atypical B (ABC/DN2)","IMPDH2","down"
3.00077100346374e-19,-0.530757071217574,0.68,0.754,5.64204964071252e-15,"Atypical B (ABC/DN2)","CAST","down"
1.21574220638628e-10,-0.529954106155969,0.475,0.566,2.28583849644748e-06,"Atypical B (ABC/DN2)","UQCR10","down"
1.12507084507995e-128,-0.527773314706244,1,0.999,2.11535820291933e-124,"Atypical B (ABC/DN2)","RPL35A","down"
1.50797670514258e-09,-0.525360822788436,0.452,0.522,2.83529780100908e-05,"Atypical B (ABC/DN2)","RBM17","down"
2.54728121754925e-08,-0.525112674873567,0.372,0.435,0.00047893981452361,"Atypical B (ABC/DN2)","TMBIM4","down"
5.41296999989487e-13,-0.521575261466916,0.551,0.641,1.01774661938023e-08,"Atypical B (ABC/DN2)","UBE2R2","down"
8.16957527231127e-18,-0.513009877850142,0.758,0.796,1.53604354269996e-13,"Atypical B (ABC/DN2)","H4C3","down"
2.34673042804985e-11,-0.512094017153577,0.452,0.504,4.41232255081933e-07,"Atypical B (ABC/DN2)","ZNF292","down"
3.1551249174314e-145,-0.511988972292897,1,1,5.93226586975452e-141,"Atypical B (ABC/DN2)","RPL13","down"
5.37499542011422e-10,-0.510323992340839,0.426,0.491,1.01060663888988e-05,"Atypical B (ABC/DN2)","MAPK1","down"
2.4400598329283e-144,-0.509283182681739,0.998,1,4.5878004978718e-140,"Atypical B (ABC/DN2)","RPL30","down"
1.71400871841333e-14,-0.507354747661533,0.514,0.567,3.22267919236074e-10,"Atypical B (ABC/DN2)","PDCD6","down"
2.14412626717982e-22,-0.504480061400987,0.769,0.827,4.0313862075515e-18,"Atypical B (ABC/DN2)","SET","down"
3.42013528540202e-146,-0.503821109787197,1,1,6.43053836361288e-142,"Atypical B (ABC/DN2)","RPL32","down"
1.17809253417243e-06,-0.501072579603247,0.401,0.47,0.02215049582751,"Atypical B (ABC/DN2)","ENSG00000289963","down"
4.66532725418441e-11,-0.500542596941388,0.486,0.556,8.77174830331753e-07,"Atypical B (ABC/DN2)","CCT7","down"
1.65701484469289e-09,-0.500403724171143,0.405,0.458,3.11551931099157e-05,"Atypical B (ABC/DN2)","ATP5PF","down"
7.58458582361553e-13,-0.497861530302538,0.481,0.531,1.42605382655619e-08,"Atypical B (ABC/DN2)","DAD1","down"
8.80931850022154e-26,-0.497307617710192,0.948,0.932,1.65632806441165e-21,"Atypical B (ABC/DN2)","CYTIP","down"
3.60569961840277e-12,-0.496650384937439,0.585,0.621,6.77943642252089e-08,"Atypical B (ABC/DN2)","LYSMD2","down"
4.46705707512336e-18,-0.496145373404784,0.929,0.943,8.39896071264695e-14,"Atypical B (ABC/DN2)","SQSTM1","down"
6.5956250453919e-10,-0.495959143550541,0.447,0.519,1.24010942103459e-05,"Atypical B (ABC/DN2)","PCBP2","down"
1.25637506771819e-09,-0.493976166704948,0.405,0.447,2.36223640232373e-05,"Atypical B (ABC/DN2)","GNL1","down"
2.89496153077713e-07,-0.493516372662034,0.347,0.423,0.00544310667016716,"Atypical B (ABC/DN2)","SDF4","down"
2.30805817581891e-09,-0.491888217565748,0.409,0.469,4.33961098217472e-05,"Atypical B (ABC/DN2)","CCT8","down"
2.10199969093981e-09,-0.491364542269193,0.431,0.55,3.95217981890504e-05,"Atypical B (ABC/DN2)","IKZF3","down"
4.63436037437594e-121,-0.490066982735613,1,0.999,8.71352437590164e-117,"Atypical B (ABC/DN2)","RPS13","down"
6.11645866803185e-111,-0.48825493518525,1,0.999,1.15001655876335e-106,"Atypical B (ABC/DN2)","RPS21","down"
3.99383755373289e-09,-0.485108205721836,0.477,0.531,7.50921336852858e-05,"Atypical B (ABC/DN2)","PACS1","down"
5.1565523116465e-77,-0.484897416112674,0.998,0.998,9.69534965635775e-73,"Atypical B (ABC/DN2)","RPL9","down"
2.53463928589785e-12,-0.483797026641529,0.658,0.707,4.76562878534514e-08,"Atypical B (ABC/DN2)","TAGAP","down"
5.31977598125943e-88,-0.480841485872705,1,1,1.0002242799964e-83,"Atypical B (ABC/DN2)","RPS18","down"
4.30626611313963e-07,-0.479364461358463,0.389,0.47,0.00809664154592513,"Atypical B (ABC/DN2)","PSMD4","down"
1.02822135673312e-33,-0.478940328653199,0.918,0.945,1.93326179492961e-29,"Atypical B (ABC/DN2)","NOP53","down"
1.17324745617683e-11,-0.478710947651716,0.599,0.656,2.20593986710367e-07,"Atypical B (ABC/DN2)","HMGN2","down"
7.56496057683223e-24,-0.476895313070238,0.814,0.857,1.422363887656e-19,"Atypical B (ABC/DN2)","COMMD6","down"
7.15882289847068e-09,-0.475642536391964,0.517,0.584,0.000134600188137046,"Atypical B (ABC/DN2)","BLNK","down"
3.13873768841381e-07,-0.4747790222722,0.372,0.437,0.00590145460175565,"Atypical B (ABC/DN2)","CHMP4A","down"
5.51710556732346e-08,-0.474078402223488,0.409,0.468,0.00103732618876816,"Atypical B (ABC/DN2)","MORC3","down"
2.09649691025801e-06,-0.472927207907823,0.318,0.368,0.0394183349066711,"Atypical B (ABC/DN2)","BAX","down"
7.45255013531546e-38,-0.472334300823868,0.987,0.987,1.40122847644201e-33,"Atypical B (ABC/DN2)","TAGLN2","down"
2.24467991754804e-12,-0.469990027404716,0.603,0.689,4.22044718097383e-08,"Atypical B (ABC/DN2)","KTN1","down"
1.08657105774584e-63,-0.465965809773649,0.997,0.997,2.04297090277372e-59,"Atypical B (ABC/DN2)","RPL22","down"
1.83141912180415e-11,-0.463404491155995,0.569,0.636,3.44343423281616e-07,"Atypical B (ABC/DN2)","PARK7","down"
5.4803304674579e-10,-0.457769327016139,0.475,0.537,1.03041173449143e-05,"Atypical B (ABC/DN2)","EIF3M","down"
2.5356523918992e-14,-0.457364705803424,0.292,0.452,4.76753362724888e-10,"Atypical B (ABC/DN2)","IGHD","down"
2.90618799236467e-08,-0.456038628256118,0.457,0.505,0.000546421466324405,"Atypical B (ABC/DN2)","TRIO","down"
2.2519868065467e-08,-0.455772900158217,0.407,0.45,0.000423418559366911,"Atypical B (ABC/DN2)","DTNBP1","down"
5.03989467539574e-25,-0.455403643060929,0.926,0.945,9.47600996867907e-21,"Atypical B (ABC/DN2)","CD44","down"
2.86507985259681e-12,-0.453399447969745,0.611,0.695,5.38692313885251e-08,"Atypical B (ABC/DN2)","RBX1","down"
9.20250677716555e-11,-0.452123937957279,0.54,0.608,1.73025532424267e-06,"Atypical B (ABC/DN2)","USP3","down"
6.03113599962348e-25,-0.448902877719698,0.947,0.956,1.13397419064921e-20,"Atypical B (ABC/DN2)","PNRC1","down"
7.28028154538911e-17,-0.44868718768918,0.787,0.816,1.36883853616406e-12,"Atypical B (ABC/DN2)","MIF","down"
9.62360333343824e-07,-0.448161244189637,0.309,0.334,0.0180942989875306,"Atypical B (ABC/DN2)","SRM","down"
3.55126072271211e-73,-0.448002686824714,0.998,0.999,6.67708041084331e-69,"Atypical B (ABC/DN2)","RPL35","down"
7.38349702116026e-16,-0.447174145695862,0.698,0.766,1.38824510991855e-11,"Atypical B (ABC/DN2)","EIF3H","down"
1.25775021879725e-10,-0.446655536309456,0.511,0.565,2.36482196138259e-06,"Atypical B (ABC/DN2)","RSL1D1","down"
7.70284540510721e-07,-0.446094697292889,0.363,0.408,0.0144828899306826,"Atypical B (ABC/DN2)","NDUFS6","down"
1.45979053495058e-91,-0.44366043533361,1,1,2.74469816381407e-87,"Atypical B (ABC/DN2)","RPS19","down"
1.13288906410711e-46,-0.443538787116946,0.989,0.987,2.13005801833418e-42,"Atypical B (ABC/DN2)","RPL27A","down"
7.1813423199244e-76,-0.443361270405466,0.998,0.998,1.35023598299219e-71,"Atypical B (ABC/DN2)","RPL15","down"
2.79200875407664e-63,-0.443349752640656,0.998,0.998,5.2495348594149e-59,"Atypical B (ABC/DN2)","RPL10A","down"
8.47268293198045e-11,-0.442972467003681,0.585,0.637,1.59303384487096e-06,"Atypical B (ABC/DN2)","RARA","down"
7.70840250502265e-07,-0.442032545757043,0.451,0.539,0.0144933383899436,"Atypical B (ABC/DN2)","ARHGAP15","down"
2.22967586168158e-10,-0.441075533519513,0.459,0.49,4.1922365551337e-06,"Atypical B (ABC/DN2)","CCT4","down"
4.7890719884701e-10,-0.439264047993961,0.725,0.757,9.00441315272149e-06,"Atypical B (ABC/DN2)","TRBC2","down"
3.22904407263758e-09,-0.436346948860412,0.36,0.376,6.07124866537318e-05,"Atypical B (ABC/DN2)","PCMTD1","down"
4.77230469160844e-07,-0.430911724207524,0.394,0.444,0.0089728872811622,"Atypical B (ABC/DN2)","PSMA6","down"
1.26650246454078e-08,-0.430449436088346,0.473,0.533,0.000238127793382958,"Atypical B (ABC/DN2)","MAT2B","down"
2.59964197535904e-53,-0.428460224174103,1,0.999,4.88784684207006e-49,"Atypical B (ABC/DN2)","RPL14","down"
1.07900774806048e-10,-0.427561546797355,0.682,0.714,2.02875036790331e-06,"Atypical B (ABC/DN2)","EVI2B","down"
6.09869068410996e-58,-0.426248191862216,1,0.999,1.14667582242636e-53,"Atypical B (ABC/DN2)","RPS2","down"
1.36402884416706e-82,-0.426246601602345,1,0.999,2.5646470328029e-78,"Atypical B (ABC/DN2)","RPL26","down"
6.8045651819182e-12,-0.425467220443495,0.68,0.746,1.27939434550426e-07,"Atypical B (ABC/DN2)","TUT4","down"
1.38265110123118e-90,-0.424597748364859,1,1,2.59966060053486e-86,"Atypical B (ABC/DN2)","RPS25","down"
4.42117483270434e-62,-0.420696924533857,0.992,0.996,8.31269292045069e-58,"Atypical B (ABC/DN2)","RPL21","down"
6.86783675336488e-08,-0.420399667170565,0.368,0.392,0.00129129066636766,"Atypical B (ABC/DN2)","EAPP","down"
9.69431908818546e-104,-0.418830378598908,0.998,1,1.82272587496063e-99,"Atypical B (ABC/DN2)","RPS27A","down"
2.31351410621948e-06,-0.416858246554479,0.506,0.522,0.0434986922251386,"Atypical B (ABC/DN2)","TAMALIN","down"
6.5295653819308e-12,-0.416127527724831,0.63,0.703,1.22768888311063e-07,"Atypical B (ABC/DN2)","EIF4A2","down"
8.85896676835008e-09,-0.411540777743342,0.449,0.482,0.000166566293178518,"Atypical B (ABC/DN2)","TAB2","down"
4.21233957109726e-11,-0.409793871078576,0.693,0.78,7.92004086157707e-07,"Atypical B (ABC/DN2)","BIRC3","down"
4.23691510642084e-12,-0.408322140506771,0.733,0.742,7.96624778309247e-08,"Atypical B (ABC/DN2)","ITM2B","down"
2.43784975160669e-06,-0.406857583552922,0.486,0.562,0.0458364510297091,"Atypical B (ABC/DN2)","PBXIP1","down"
2.6469232125531e-06,-0.406551403596254,0.357,0.392,0.0497674502424233,"Atypical B (ABC/DN2)","VPS51","down"
1.03220072618806e-35,-0.405131502402066,0.995,0.994,1.94074380537879e-31,"Atypical B (ABC/DN2)","RPL36A","down"
1.37751991864422e-21,-0.404651717268948,0.869,0.892,2.59001295103486e-17,"Atypical B (ABC/DN2)","RPS17","down"
3.36111970254909e-84,-0.403519966290978,1,0.999,6.3195772647328e-80,"Atypical B (ABC/DN2)","RPL18","down"
5.28219400427777e-21,-0.401617805230763,0.885,0.905,9.93158116684306e-17,"Atypical B (ABC/DN2)","JAK1","down"
8.50295226654932e-10,-0.399835105634795,0.561,0.599,1.5987250851566e-05,"Atypical B (ABC/DN2)","NSA2","down"
3.54740753484113e-11,-0.3997156851967,0.704,0.759,6.66983564700829e-07,"Atypical B (ABC/DN2)","ANKRD44","down"
3.5630147033145e-11,-0.39717201108708,0.648,0.704,6.69918024517193e-07,"Atypical B (ABC/DN2)","COX7A2","down"
4.78686280576089e-74,-0.393835115270003,1,1,9.00025944739163e-70,"Atypical B (ABC/DN2)","RPS15A","down"
1.10782699921552e-12,-0.391626721688072,0.735,0.755,2.08293632392502e-08,"Atypical B (ABC/DN2)","SSH2","down"
3.37596101819136e-07,-0.390867968610879,0.338,0.348,0.00634748190640339,"Atypical B (ABC/DN2)","SP140L","down"
1.32118894260344e-08,-0.389928313258207,0.601,0.637,0.000248409944988299,"Atypical B (ABC/DN2)","SOD1","down"
2.77284741283588e-10,-0.389454939858099,0.627,0.661,5.21350770561401e-06,"Atypical B (ABC/DN2)","TANK","down"
4.34488698129083e-07,-0.388200460908901,0.481,0.536,0.00816925650222302,"Atypical B (ABC/DN2)","CGGBP1","down"
8.61055794892223e-35,-0.387553582907092,0.985,0.985,1.61895710555636e-30,"Atypical B (ABC/DN2)","RPL31","down"
6.58713782701113e-78,-0.387105638239002,1,1,1.23851365423463e-73,"Atypical B (ABC/DN2)","EEF1A1","down"
2.49402046459058e-37,-0.386271022080689,0.99,0.992,4.68925727752321e-33,"Atypical B (ABC/DN2)","EEF1G","down"
1.63600065742985e-78,-0.38617559254667,1,1,3.07600843609961e-74,"Atypical B (ABC/DN2)","RPL11","down"
1.14260800131397e-07,-0.384752474231206,0.462,0.498,0.00214833156407053,"Atypical B (ABC/DN2)","MAX","down"
2.09556502176715e-06,-0.383106778754517,0.465,0.509,0.0394008135392659,"Atypical B (ABC/DN2)","CUL3","down"
9.04446278780028e-79,-0.382733920851888,0.998,1,1.70053989336221e-74,"Atypical B (ABC/DN2)","RPLP2","down"
8.11477340854682e-10,-0.381831389104975,0.664,0.703,1.52573969627497e-05,"Atypical B (ABC/DN2)","CDC42SE2","down"
9.00324980333156e-66,-0.380445054962179,1,0.999,1.6927910280224e-61,"Atypical B (ABC/DN2)","RPL7A","down"
2.73137803629023e-15,-0.380116765382792,0.764,0.786,5.13553698383289e-11,"Atypical B (ABC/DN2)","EIF5A","down"
9.04507628527476e-09,-0.378256865469333,0.519,0.554,0.000170065524315736,"Atypical B (ABC/DN2)","CCT3","down"
2.62767148489536e-06,-0.37666585091042,0.346,0.372,0.0494054792590025,"Atypical B (ABC/DN2)","NUTF2","down"
1.69092170112389e-11,-0.373721912576031,0.738,0.766,3.17927098245314e-07,"Atypical B (ABC/DN2)","PLP2","down"
1.50731974213823e-11,-0.373543101364258,0.688,0.735,2.8340625791683e-07,"Atypical B (ABC/DN2)","KHDRBS1","down"
3.56785665569793e-31,-0.372854210211038,0.987,0.989,6.70828408404325e-27,"Atypical B (ABC/DN2)","COX4I1","down"
2.02059187601489e-65,-0.371891448356918,1,1,3.79911684528319e-61,"Atypical B (ABC/DN2)","RPLP1","down"
7.70935810993175e-07,-0.370598301827825,0.393,0.419,0.0144951351182937,"Atypical B (ABC/DN2)","POLR1D","down"
1.00631221113317e-52,-0.370373629629346,1,1,1.89206821937259e-48,"Atypical B (ABC/DN2)","RPS6","down"
6.04975070281096e-30,-0.36867398765657,0.985,0.989,1.13747412714252e-25,"Atypical B (ABC/DN2)","RPL4","down"
1.10377387742952e-38,-0.367170370199944,0.995,0.996,2.07531564434298e-34,"Atypical B (ABC/DN2)","RPL24","down"
7.72859180403233e-10,-0.36714629399387,0.627,0.67,1.45312983099416e-05,"Atypical B (ABC/DN2)","ATP5PO","down"
9.45229618098697e-08,-0.364224445739858,0.506,0.539,0.00177722072794917,"Atypical B (ABC/DN2)","CCT2","down"
3.70711363490964e-08,-0.362676213396888,0.607,0.643,0.00069701150563571,"Atypical B (ABC/DN2)","WASHC4","down"
6.89798212814435e-07,-0.362535342817862,0.557,0.608,0.012969585997337,"Atypical B (ABC/DN2)","CYLD","down"
3.72510088804148e-41,-0.362153793906345,0.994,0.994,7.00393468969559e-37,"Atypical B (ABC/DN2)","RPS11","down"
1.98650099670998e-07,-0.36152051643385,0.622,0.628,0.00373501917401411,"Atypical B (ABC/DN2)","GSTP1","down"
8.85908574021463e-18,-0.361189425275872,0.864,0.88,1.66568530087516e-13,"Atypical B (ABC/DN2)","SRP14","down"
2.52315921955997e-06,-0.360202764800352,0.533,0.596,0.0474404396461666,"Atypical B (ABC/DN2)","PNISR","down"
1.66358557013537e-08,-0.358616873599876,0.619,0.648,0.000312787358896852,"Atypical B (ABC/DN2)","NOP10","down"
6.83236250205756e-40,-0.354865058689814,1,0.998,1.28462079763686e-35,"Atypical B (ABC/DN2)","RPL17","down"
9.5430134711508e-36,-0.354224571347922,0.997,0.996,1.79427739284577e-31,"Atypical B (ABC/DN2)","NACA","down"
6.70220858084343e-10,-0.353733889048478,0.641,0.667,1.26014925737018e-05,"Atypical B (ABC/DN2)","TCEA1","down"
3.96072944080152e-08,-0.351991099371742,0.817,0.849,0.000744696349459503,"Atypical B (ABC/DN2)","REL","down"
1.55002708049089e-06,-0.351690912175623,0.477,0.52,0.0291436091673897,"Atypical B (ABC/DN2)","ENY2","down"
1.15300632633859e-07,-0.35126518614118,0.541,0.591,0.00216788249478181,"Atypical B (ABC/DN2)","PAPOLA","down"
8.24421966633329e-28,-0.345756414093687,0.973,0.974,1.55007818166398e-23,"Atypical B (ABC/DN2)","BTF3","down"
2.09883588019685e-14,-0.342682503004086,0.919,0.902,3.94623122194611e-10,"Atypical B (ABC/DN2)","FXYD5","down"
2.34625084642744e-06,-0.336973997667547,0.586,0.636,0.0441142084145287,"Atypical B (ABC/DN2)","PMEPA1","down"
3.33567479493382e-20,-0.336878342872752,0.911,0.902,6.27173574943456e-16,"Atypical B (ABC/DN2)","SLC25A6","down"
2.40067643683868e-59,-0.333673526500442,0.998,1,4.51375183654408e-55,"Atypical B (ABC/DN2)","RPS15","down"
6.84845780969591e-09,-0.33358243101564,0.622,0.62,0.000128764703737903,"Atypical B (ABC/DN2)","NFAT5","down"
2.26050682362778e-07,-0.332610781482842,0.397,0.403,0.00425020492978496,"Atypical B (ABC/DN2)","CHCHD10","down"
4.73309176331725e-07,-0.330233430055231,0.625,0.617,0.0088991591333891,"Atypical B (ABC/DN2)","RALGPS2","down"
2.77961016231975e-31,-0.330006401698427,0.995,0.995,5.2262230271936e-27,"Atypical B (ABC/DN2)","RPL27","down"
9.68737506373864e-29,-0.329541404207001,0.997,0.995,1.82142025948414e-24,"Atypical B (ABC/DN2)","RPL38","down"
2.01065220312175e-53,-0.329421145660296,1,1,3.78042827230951e-49,"Atypical B (ABC/DN2)","TPT1","down"
2.4748789576273e-08,-0.326559392325594,0.561,0.579,0.000465326741613084,"Atypical B (ABC/DN2)","COX7B","down"
2.70854101880547e-45,-0.326554169535346,1,1,5.09259882355805e-41,"Atypical B (ABC/DN2)","RPS3","down"
2.16930503984213e-08,-0.323305426771638,0.743,0.736,0.000407872733591118,"Atypical B (ABC/DN2)","BTG2","down"
2.27560664177978e-46,-0.321774986861366,1,0.999,4.27859560787435e-42,"Atypical B (ABC/DN2)","RPS9","down"
1.96857390966201e-48,-0.318461314905492,1,1,3.7013126649465e-44,"Atypical B (ABC/DN2)","RPL10","down"
3.51379241639772e-38,-0.317742250056876,1,0.999,6.606632501311e-34,"Atypical B (ABC/DN2)","RPL36","down"
3.60093825731883e-07,-0.315311266770661,0.532,0.552,0.00677048411141087,"Atypical B (ABC/DN2)","SPCS1","down"
1.49914472138644e-08,-0.313981186266099,0.666,0.68,0.000281869190515078,"Atypical B (ABC/DN2)","TOMM6","down"
5.01066381988938e-07,-0.31384277212422,0.57,0.61,0.00942105011415601,"Atypical B (ABC/DN2)","DNAJC8","down"
1.69155881101987e-07,-0.307549881493611,0.719,0.676,0.00318046887647955,"Atypical B (ABC/DN2)","TUBA1A","down"
9.24911276494475e-07,-0.307059976084877,0.569,0.59,0.0173901818206491,"Atypical B (ABC/DN2)","HNRNPL","down"
3.11856006432173e-47,-0.30579915416814,1,0.999,5.86351663293771e-43,"Atypical B (ABC/DN2)","RPL39","down"
2.05495763673982e-12,-0.303641421345131,0.838,0.862,3.86373134859821e-08,"Atypical B (ABC/DN2)","HNRNPC","down"
6.30350761331568e-39,-0.303118672565961,0.998,0.999,1.18518550145561e-34,"Atypical B (ABC/DN2)","RPS7","down"
8.21569412209301e-07,-0.300603880515819,0.546,0.576,0.0154471480883593,"Atypical B (ABC/DN2)","SELENOF","down"
1.22072932018128e-08,-0.299093351100318,0.905,0.922,0.000229521526780485,"Atypical B (ABC/DN2)","LIMD2","down"
1.67991401752385e-36,-0.298945790552859,1,0.999,3.15857433574834e-32,"Atypical B (ABC/DN2)","RPL37A","down"
1.35645413644133e-06,-0.297363302828462,0.451,0.448,0.0255040506733698,"Atypical B (ABC/DN2)","RNMT","down"
2.24488158786072e-06,-0.297206717298194,0.596,0.624,0.0422082636149573,"Atypical B (ABC/DN2)","RPL22L1","down"
3.15560486388711e-31,-0.290862543691951,1,0.999,5.93316826508054e-27,"Atypical B (ABC/DN2)","RPL13A","down"
1.88623195660071e-12,-0.290682857924345,0.811,0.818,3.54649332480066e-08,"Atypical B (ABC/DN2)","EDF1","down"
2.26492444938215e-09,-0.2855958422309,0.708,0.726,4.25851094972832e-05,"Atypical B (ABC/DN2)","EIF3G","down"
4.04919020290244e-07,-0.282009970446689,0.748,0.762,0.00761328741949716,"Atypical B (ABC/DN2)","HMGA1","down"
4.17597370208582e-08,-0.276262729673753,0.654,0.676,0.000785166575466176,"Atypical B (ABC/DN2)","PSMB1","down"
5.6664249177427e-08,-0.276224133763194,0.675,0.693,0.00106540121303398,"Atypical B (ABC/DN2)","SNRPG","down"
1.36691800984299e-20,-0.275269216319022,0.869,0.82,2.5700792421068e-16,"Atypical B (ABC/DN2)","RPS4Y1","down"
4.7774558737968e-12,-0.2746306309248,0.85,0.849,8.98257253391274e-08,"Atypical B (ABC/DN2)","RHOG","down"
5.99498358868851e-44,-0.274465229951038,1,1,1.12717681434521e-39,"Atypical B (ABC/DN2)","RPL19","down"
9.9024128092055e-10,-0.272968502405965,0.906,0.871,1.86185165638682e-05,"Atypical B (ABC/DN2)","PDE4B","down"
2.03626334488132e-07,-0.272217283521694,0.483,0.483,0.00382858234104585,"Atypical B (ABC/DN2)","DNAJA2","down"
2.80140097206718e-41,-0.271297571942735,0.998,1,5.26719410768072e-37,"Atypical B (ABC/DN2)","RPL37","down"
4.6746716625994e-35,-0.269118936635239,1,1,8.7893176600194e-31,"Atypical B (ABC/DN2)","RPS12","down"
3.2252098824271e-15,-0.266187892030658,0.948,0.938,6.06403962093944e-11,"Atypical B (ABC/DN2)","TOMM7","down"
7.02647185077518e-09,-0.266052721151863,0.793,0.792,0.000132111723738275,"Atypical B (ABC/DN2)","RNASEK","down"
2.5005196903847e-06,-0.265000171788757,0.567,0.581,0.0470147712186131,"Atypical B (ABC/DN2)","NUDC","down"
1.11676478574228e-33,-0.263915677716342,1,1,2.09974115015264e-29,"Atypical B (ABC/DN2)","RPS28","down"
1.02459164794213e-06,-0.262628583738433,0.478,0.467,0.0192643721646079,"Atypical B (ABC/DN2)","DCXR","down"
1.78194024782043e-08,-0.262021026896365,0.63,0.611,0.000335040405395196,"Atypical B (ABC/DN2)","C12orf57","down"
2.63952507010984e-08,-0.252409453783691,0.679,0.672,0.000496283503682053,"Atypical B (ABC/DN2)","PCGF5","down"
