"p_val","avg_log2FC","pct.1","pct.2","p_val_adj","cluster","gene","direction"
5.50811598391391e-22,-6.46635354502464,0,0.022,1.03563596729549e-17,"Naive B","MSC","down"
6.39656392332336e-36,-6.22917278397876,0,0.04,1.20268194886326e-31,"Naive B","TRERF1","down"
5.06968310601571e-179,-6.21933334630731,0.005,0.201,9.53201817593073e-175,"Naive B","ITGAX","down"
5.94694292137148e-245,-5.75008574447669,0.008,0.273,1.11814420807627e-240,"Naive B","ZBTB32","down"
2.27178513698747e-30,-5.40876977549703,0.001,0.037,4.27141041456384e-26,"Naive B","ENSG00000289863","down"
5.69701224283224e-23,-5.35264300899807,0.001,0.03,1.07115224189732e-18,"Naive B","CST7","down"
3.09467274446014e-64,-5.24535616163951,0.001,0.073,5.81860369413395e-60,"Naive B","TGM2","down"
2.45016393511747e-246,-5.18819821635241,0.017,0.301,4.60679823080787e-242,"Naive B","SOX5","down"
3.53261957357146e-30,-5.17868367346537,0.001,0.037,6.64203132222905e-26,"Naive B","NRCAM","down"
1.61139723855029e-171,-5.14038107496918,0.009,0.21,3.02974908792226e-167,"Naive B","CXCR3","down"
5.62680469645637e-18,-5.12710813940492,0.001,0.023,1.05795181902773e-13,"Naive B","PIF1","down"
7.97302064940538e-15,-5.05683493082444,0,0.017,1.4990873425012e-10,"Naive B","MSC-AS1","down"
6.26871354215189e-102,-4.91703688335602,0.007,0.134,1.1786435201954e-97,"Naive B","CD27","down"
2.37547360171351e-144,-4.63992467124267,0.013,0.196,4.46636546594174e-140,"Naive B","IGHG1","down"
4.11605909459532e-21,-4.60224584167097,0.001,0.027,7.73901430965812e-17,"Naive B","RIC8B","down"
5.96435960803018e-14,-4.40856934551251,0.001,0.02,1.12141889350183e-09,"Naive B","ATP8B4","down"
1.43845327828219e-176,-4.40059436942942,0.016,0.235,2.70457985382618e-172,"Naive B","PBX4","down"
2.32050169647073e-24,-4.34212002636949,0.001,0.032,4.36300728970426e-20,"Naive B","CD226","down"
2.466261008128e-48,-4.18854130635076,0.003,0.065,4.63706394748226e-44,"Naive B","TOX","down"
1.11755071096269e-55,-4.18715002835101,0.004,0.075,2.10121884675205e-51,"Naive B","LINC00944","down"
4.40565263461002e-15,-4.17547754201412,0.001,0.02,8.28350808359376e-11,"Naive B","BCL11B","down"
2.66087002030512e-15,-4.10894053075365,0.001,0.021,5.00296781217769e-11,"Naive B","SIGLEC6","down"
1.56495935101892e-99,-4.07553529228372,0.01,0.141,2.94243657178577e-95,"Naive B","TEX9","down"
1.25840908746249e-82,-4.0303367862733,0.009,0.119,2.36606076624697e-78,"Naive B","TOX2","down"
7.97815242940946e-159,-4.00597313119979,0.014,0.214,1.50005221977757e-154,"Naive B","TFEC","down"
1.63877791454871e-99,-3.88567987152023,0.016,0.157,3.08123023493448e-95,"Naive B","IGHG2","down"
3.57395930591824e-24,-3.85467717460389,0.001,0.029,6.71975828698748e-20,"Naive B","UGGT2","down"
4.61953238961788e-63,-3.83639085404596,0.005,0.086,8.68564479895953e-59,"Naive B","CALHM2","down"
2.59997543395755e-23,-3.825218416584,0.002,0.034,4.88847381092699e-19,"Naive B","ENSG00000258760","down"
7.04017474740115e-20,-3.821760752543,0.001,0.027,1.32369365600636e-15,"Naive B","CDC42EP3-AS1","down"
9.32254005456005e-36,-3.78849388088562,0.004,0.053,1.75282398105838e-31,"Naive B","NLGN4Y","down"
1.42266639823896e-34,-3.77223239296162,0.003,0.048,2.67489736196889e-30,"Naive B","TRIM47","down"
1.09610807975007e-64,-3.68918931291633,0.01,0.103,2.06090241154608e-60,"Naive B","TMEM273","down"
4.1280775279288e-14,-3.65723566686273,0.001,0.02,7.76161136801173e-10,"Naive B","SLC12A8","down"
3.72793880214548e-30,-3.63894039869562,0.005,0.05,7.00927053579393e-26,"Naive B","NKG7","down"
2.19142766622725e-12,-3.62924646590686,0.001,0.018,4.12032229804047e-08,"Naive B","MIR3142HG","down"
5.81910779354094e-37,-3.6252244774215,0.006,0.06,1.09410864734157e-32,"Naive B","RTN4R","down"
2.1282569680463e-155,-3.60651766088547,0.025,0.237,4.00154875132065e-151,"Naive B","HMOX1","down"
4.40173642714914e-14,-3.58931465761951,0.001,0.02,8.27614483032582e-10,"Naive B","GIPR","down"
1.49155245716937e-17,-3.57302430988304,0.001,0.024,2.80441692996985e-13,"Naive B","OTUD7B","down"
2.82770054748818e-145,-3.50013813533292,0.026,0.227,5.31664256938727e-141,"Naive B","HLA-G","down"
7.96565791202448e-46,-3.4676995915935,0.007,0.073,1.49770300061884e-41,"Naive B","KIF21A","down"
2.80402692913227e-43,-3.45614647590704,0.005,0.065,5.2721314321545e-39,"Naive B","TRPV3","down"
7.15155966984156e-38,-3.44444399756029,0.006,0.062,1.34463624912361e-33,"Naive B","SGPP2","down"
1.87177807116034e-35,-3.37352206509645,0.005,0.056,3.51931712939567e-31,"Naive B","ENSG00000290698","down"
3.77124261022767e-12,-3.33918735304048,0.001,0.017,7.09069035575007e-08,"Naive B","TMEM178B","down"
2.37240761906248e-11,-3.33353205494646,0.001,0.017,4.46060080536127e-07,"Naive B","LINC01010","down"
3.03686208839223e-61,-3.30295186358253,0.016,0.113,5.70990809859506e-57,"Naive B","BHLHE41","down"
6.20669369185637e-11,-3.30096989930726,0.002,0.018,1.16698254794284e-06,"Naive B","P2RY12","down"
3.48423059985493e-13,-3.25576544849186,0.002,0.021,6.55105037384723e-09,"Naive B","LILRB2","down"
1.20389526492178e-11,-3.23301996563482,0.001,0.017,2.26356387710594e-07,"Naive B","LINC01754","down"
1.05779350957467e-20,-3.20260643106525,0.003,0.033,1.98886335670229e-16,"Naive B","PIK3R6","down"
8.01692764692405e-25,-3.16957457467141,0.004,0.04,1.50734273617466e-20,"Naive B","DGKG","down"
5.59632806831533e-20,-3.14435736707115,0.004,0.035,1.05222160340465e-15,"Naive B","CHODL","down"
8.03676650252557e-18,-3.12511204424341,0.002,0.028,1.51107283780486e-13,"Naive B","BCAS1","down"
6.88232916792032e-245,-3.11554170520556,0.073,0.41,1.29401553015238e-240,"Naive B","TNFRSF13B","down"
6.43198395998466e-19,-3.10286632373512,0.006,0.038,1.20934162415632e-14,"Naive B","DLGAP1","down"
2.71015811714299e-31,-3.08484875610254,0.007,0.056,5.09563929185225e-27,"Naive B","TSHZ2","down"
2.39295810696767e-33,-3.08069175841135,0.007,0.058,4.49923983272061e-29,"Naive B","BMPR1A","down"
8.72227766241586e-152,-3.07628209045383,0.045,0.274,1.63996264608743e-147,"Naive B","COPDA1","down"
9.559543190536e-289,-3.06677331565058,0.068,0.446,1.79738531068458e-284,"Naive B","ATXN1","down"
1.47417511131723e-15,-3.06487031532237,0.002,0.022,2.77174404429866e-11,"Naive B","ITPRIPL2","down"
2.99873333773283e-14,-3.06458983734977,0.002,0.021,5.63821842160527e-10,"Naive B","KCNH4","down"
6.20654196514268e-19,-3.06324288650357,0.006,0.038,1.16695402028613e-14,"Naive B","WNT16","down"
1.5845319838152e-12,-3.04443962188996,0.003,0.022,2.97923703596934e-08,"Naive B","ENSG00000290100","down"
1.38198866425208e-20,-3.03031810740568,0.004,0.036,2.59841508652675e-16,"Naive B","ITGAM","down"
1.24398954923661e-48,-3.02707890329553,0.013,0.092,2.33894915047468e-44,"Naive B","ATP2B4","down"
2.1014975436057e-22,-3.01194502215637,0.005,0.04,3.95123568148743e-18,"Naive B","MGLL","down"
3.80654969095887e-62,-3.00968253531521,0.012,0.104,7.15707472894087e-58,"Naive B","ADAP1","down"
1.12245912285266e-21,-3.00575026749595,0.002,0.031,2.11044764278758e-17,"Naive B","CTSW","down"
3.14574540615648e-35,-2.99946578139804,0.011,0.071,5.91463051265541e-31,"Naive B","COCH","down"
1.90261221317007e-105,-2.98833277222148,0.019,0.17,3.57729148320237e-101,"Naive B","CD80","down"
2.33744592794385e-93,-2.97303167898584,0.047,0.213,4.39486583372003e-89,"Naive B","CYTOR","down"
2.67151232366981e-29,-2.94406659724145,0.007,0.055,5.02297747096397e-25,"Naive B","ARHGAP6","down"
1.89341789330754e-63,-2.93350606860615,0.019,0.122,3.56000432299683e-59,"Naive B","KLK1","down"
1.26033783166288e-15,-2.93261102659326,0.004,0.028,2.36968719109256e-11,"Naive B","C3orf14","down"
3.02258692481054e-28,-2.91670014612051,0.005,0.047,5.68306793602877e-24,"Naive B","ENSG00000249738","down"
1.21940319169381e-65,-2.88492557500141,0.021,0.129,2.2927218810227e-61,"Naive B","SCIMP","down"
5.08833994165651e-18,-2.88239351507011,0.004,0.033,9.56709675830258e-14,"Naive B","SYT1","down"
7.4629964219322e-19,-2.86964772866861,0.004,0.034,1.40319258725169e-14,"Naive B","SLC11A1","down"
2.30119861070548e-78,-2.8600035739478,0.02,0.142,4.32671362784844e-74,"Naive B","SSPN","down"
4.87905225878479e-18,-2.80786783212604,0.003,0.028,9.17359405696716e-14,"Naive B","DTNB-AS1","down"
2.7001770438638e-21,-2.7603089167969,0.008,0.045,5.07687287787272e-17,"Naive B","RAMP1","down"
1.68425780809798e-75,-2.75915100959568,0.02,0.141,3.16674153078583e-71,"Naive B","THEMIS2","down"
4.64731200890405e-17,-2.74530220349786,0.001,0.022,8.7378760391414e-13,"Naive B","YES1","down"
3.05130360615117e-34,-2.73771833620052,0.006,0.057,5.73706104028543e-30,"Naive B","ATXN1-AS1","down"
2.10842249858303e-16,-2.73350811381892,0.005,0.033,3.96425598183582e-12,"Naive B","PYHIN1","down"
1.52282185667508e-08,-2.72699070486277,0.004,0.019,0.000286320965492049,"Naive B","BFSP2","down"
9.19473422191858e-18,-2.7189218315422,0.005,0.033,1.72879392840513e-13,"Naive B","FGD4","down"
5.5195694574133e-15,-2.69460884450276,0.003,0.026,1.03778944938285e-10,"Naive B","HOMER3","down"
3.68794684025712e-34,-2.6939082016748,0.007,0.059,6.93407764905144e-30,"Naive B","SMKR1","down"
4.04733319023763e-15,-2.68889945806009,0.003,0.026,7.6097958642848e-11,"Naive B","CDYL2","down"
4.00958046978892e-157,-2.68073863219252,0.049,0.29,7.53881319929713e-153,"Naive B","AIM2","down"
1.32871914417229e-25,-2.67704412285221,0.008,0.052,2.49825773487273e-21,"Naive B","SPTBN4","down"
5.41498256650702e-23,-2.66063484751665,0.004,0.036,1.01812502215465e-18,"Naive B","MNS1","down"
8.64781841045463e-17,-2.64220385840814,0.005,0.034,1.62596281753368e-12,"Naive B","CD274","down"
1.55628446109711e-28,-2.62205493823873,0.007,0.053,2.92612604375478e-24,"Naive B","LAX1","down"
4.70560299913614e-26,-2.59807320638634,0.006,0.047,8.84747475897577e-22,"Naive B","COL4A4","down"
1.93216508887784e-19,-2.59778174501747,0.005,0.035,3.63285680010812e-15,"Naive B","C1orf216","down"
5.21396811651455e-27,-2.59695656030146,0.007,0.051,9.80330285267065e-23,"Naive B","COL4A3","down"
8.71291273561991e-08,-2.59224561540114,0.013,0.033,0.00163820185255125,"Naive B","IGKV1D-39","down"
6.3511911413798e-31,-2.58540829705497,0.008,0.058,1.19415095840223e-26,"Naive B","MNDA","down"
3.07796265751409e-70,-2.58162901714129,0.023,0.14,5.78718538865799e-66,"Naive B","SHISA8","down"
1.76093203495963e-15,-2.55418940075922,0.003,0.026,3.31090441213109e-11,"Naive B","GGT1","down"
9.72049077774048e-10,-2.54651956673681,0.003,0.02,1.82764667603076e-05,"Naive B","IGHV3-74","down"
5.12334984213282e-16,-2.51631437812188,0.003,0.027,9.63292237317812e-12,"Naive B","LINC02541","down"
2.37665579804839e-21,-2.50209076598364,0.007,0.045,4.46858823149058e-17,"Naive B","LINC02416","down"
5.33601851568525e-37,-2.48537081615935,0.011,0.072,1.00327820131914e-32,"Naive B","CHST2","down"
5.16048844183139e-19,-2.47772124892107,0.004,0.032,9.70275036833138e-15,"Naive B","PDCD1","down"
1.86428157321268e-91,-2.47680570678819,0.042,0.204,3.50522221395448e-87,"Naive B","PVT1","down"
4.95601167564097e-51,-2.47406413451864,0.02,0.109,9.31829315254015e-47,"Naive B","MCOLN2","down"
7.1817275360378e-08,-2.47165497518181,0.005,0.019,0.00135030841132583,"Naive B","ENSG00000289521","down"
6.07705431778876e-138,-2.46258551574932,0.087,0.331,1.14260775283064e-133,"Naive B","DUSP4","down"
2.07930050385728e-60,-2.45349604543333,0.015,0.11,3.90950080735247e-56,"Naive B","TESC","down"
9.27184761603459e-33,-2.43697844023533,0.013,0.072,1.74329278876682e-28,"Naive B","SNTB1","down"
2.87111900393782e-28,-2.43294725116504,0.008,0.055,5.39827795120389e-24,"Naive B","FCGR2C","down"
4.10384583090749e-46,-2.43104509330586,0.014,0.089,7.71605093127227e-42,"Naive B","LPAR2","down"
3.23610168128809e-13,-2.42678270922106,0.005,0.027,6.08451838115788e-09,"Naive B","COL18A1","down"
1.7060145947823e-09,-2.4174090586823,0.002,0.017,3.20764864110969e-05,"Naive B","DENND2A","down"
2.94607076131045e-17,-2.40966313010839,0.005,0.034,5.53920224541591e-13,"Naive B","ENSG00000244676","down"
2.1478050791992e-27,-2.4060881211808,0.015,0.068,4.03830310991034e-23,"Naive B","TBXAS1","down"
1.0272677670252e-26,-2.39660040025593,0.009,0.055,1.93146885556078e-22,"Naive B","ENSG00000291212","down"
1.14206907012285e-09,-2.38565982814963,0.003,0.019,2.14731826564498e-05,"Naive B","PRRT1B","down"
4.07878652594762e-16,-2.3545471958104,0.008,0.038,7.66893442608672e-12,"Naive B","TVP23A","down"
1.67617971712466e-91,-2.34167431812885,0.045,0.209,3.15155310413778e-87,"Naive B","PLEKHG2","down"
2.64699014057657e-37,-2.32834803211717,0.027,0.105,4.97687086231207e-33,"Naive B","ENSG00000284634","down"
8.97531147938166e-10,-2.32515783400234,0.004,0.02,1.68753806435334e-05,"Naive B","LINC02156","down"
4.81215392726795e-115,-2.31450990071474,0.072,0.281,9.04781181404921e-111,"Naive B","ITM2C","down"
5.82727342114172e-150,-2.30160286019507,0.099,0.363,1.09564394864307e-145,"Naive B","KYNU","down"
6.35246081757018e-10,-2.2706622520106,0.002,0.017,1.19438968291954e-05,"Naive B","ENSG00000285651","down"
6.70008699541409e-13,-2.23237563252747,0.004,0.025,1.25975035687776e-08,"Naive B","SLC25A23","down"
4.39147809078317e-08,-2.22210157254478,0.004,0.019,0.000825685710629052,"Naive B","ENSG00000174171","down"
2.02876254979359e-26,-2.2160088564633,0.007,0.047,3.8144793461219e-22,"Naive B","HOTAIRM1","down"
4.97534167328632e-44,-2.20876104520588,0.023,0.107,9.35463741411294e-40,"Naive B","BCAT1","down"
1.62435343645742e-34,-2.20681891002038,0.02,0.089,3.05410933122724e-30,"Naive B","IGF2BP3","down"
8.7296844121018e-09,-2.20301209720128,0.004,0.02,0.000164135526316338,"Naive B","ASCL2","down"
9.4019931805508e-17,-2.19775084388793,0.008,0.039,1.76776275780716e-12,"Naive B","TLR7","down"
3.16078411100362e-51,-2.19264500739951,0.043,0.151,5.94290628550901e-47,"Naive B","ENC1","down"
9.71214194348455e-56,-2.18907647212173,0.028,0.132,1.82607692821396e-51,"Naive B","SLC25A29","down"
2.81754079416114e-17,-2.18106547906755,0.007,0.037,5.29754020118177e-13,"Naive B","SEMA6A","down"
2.01655246421555e-08,-2.18057278178633,0.004,0.019,0.000379152194321807,"Naive B","ENSG00000288838","down"
3.12014144590148e-25,-2.17476266657774,0.007,0.046,5.86648994658396e-21,"Naive B","LINC02384","down"
4.29460845189478e-32,-2.15258854072321,0.016,0.077,8.07472281125256e-28,"Naive B","BAIAP3","down"
3.23625846359443e-12,-2.13343558287468,0.005,0.027,6.08481316325024e-08,"Naive B","PLXNB2","down"
7.28755774443133e-50,-2.12986029739729,0.029,0.127,1.37020660710798e-45,"Naive B","MACROD2","down"
1.67074963323371e-76,-2.129821784565,0.045,0.191,3.14134346040602e-72,"Naive B","PRAG1","down"
1.53401258754368e-47,-2.1267150567876,0.02,0.105,2.88425046709963e-43,"Naive B","NIBAN1","down"
1.47774381016191e-07,-2.12199858561589,0.003,0.016,0.00277845391186642,"Naive B","WDR17","down"
4.88160161372593e-33,-2.11818508539489,0.012,0.067,9.17838735412749e-29,"Naive B","DOK3","down"
3.03670977005569e-46,-2.11372156230679,0.027,0.119,5.7096217096587e-42,"Naive B","MYO1F","down"
2.21123573278788e-14,-2.11242301982137,0.007,0.033,4.15756542478778e-10,"Naive B","CRACR2B","down"
2.63470120314599e-09,-2.10975977857432,0.004,0.019,4.95376520215509e-05,"Naive B","LINC02968","down"
8.34274124636116e-08,-2.10776844876229,0.004,0.018,0.00156860220914083,"Naive B","BTNL9","down"
2.99757831228922e-16,-2.1045610415419,0.006,0.034,5.63604674276619e-12,"Naive B","LCP2","down"
4.05718998200263e-34,-2.0802852808348,0.022,0.092,7.62832860416135e-30,"Naive B","ANK3","down"
7.11293070409971e-60,-2.0736000555145,0.041,0.163,1.33737323098483e-55,"Naive B","HCST","down"
1.59190176600011e-27,-2.07236134255124,0.013,0.064,2.99309370043341e-23,"Naive B","LIMS2","down"
1.95770359144169e-33,-2.07106203410722,0.014,0.071,3.68087429262866e-29,"Naive B","TLR9","down"
1.35488033547105e-11,-2.06312922857466,0.004,0.023,2.54744600675266e-07,"Naive B","SPNS2","down"
4.66505180490041e-21,-2.06303376394072,0.012,0.055,8.77123040357374e-17,"Naive B","PDGFA","down"
3.27471211658508e-18,-2.05602095904102,0.013,0.052,6.15711372160326e-14,"Naive B","UBASH3B","down"
3.48793151945547e-75,-2.05458923606586,0.07,0.229,6.55800884288017e-71,"Naive B","EBI3","down"
5.63305218657205e-81,-2.05386106607126,0.055,0.215,1.05912647211928e-76,"Naive B","ZBTB38","down"
3.512029500614e-34,-2.04433251160753,0.021,0.089,6.60331786705445e-30,"Naive B","LY96","down"
4.54214165425553e-11,-2.04060461044218,0.006,0.027,8.54013473833125e-07,"Naive B","EEPD1","down"
1.73751762552057e-18,-2.03988951340071,0.014,0.054,3.26688063950377e-14,"Naive B","CREB5","down"
8.3955626975503e-57,-2.03861704838141,0.04,0.156,1.57853369839341e-52,"Naive B","BICDL1","down"
2.97700877583103e-14,-2.03498862686583,0.006,0.032,5.59737190031751e-10,"Naive B","MIAT","down"
8.2058520457027e-11,-2.03210448408951,0.003,0.02,1.54286430163302e-06,"Naive B","ENSG00000289826","down"
9.8733739732463e-08,-2.03051301267724,0.003,0.017,0.00185639177444977,"Naive B","LRRC25","down"
7.68644962410126e-11,-2.03038240982306,0.006,0.027,1.44520625832352e-06,"Naive B","ALPL","down"
2.50372196946183e-10,-2.02689740692462,0.005,0.024,4.70749804698213e-06,"Naive B","GNAZ","down"
1.34044611007702e-18,-2.0215058634203,0.02,0.064,2.52030677616682e-14,"Naive B","IGHA2","down"
1.36751715814837e-32,-2.01525952217566,0.017,0.079,2.57120576075056e-28,"Naive B","LINC01679","down"
1.18154943577988e-145,-2.01187904006153,0.109,0.378,2.22154924915334e-141,"Naive B","WEE1","down"
5.74870146370774e-09,-2.00962186672599,0.004,0.021,0.000108087084920633,"Naive B","PLCL1","down"
1.89567261441063e-12,-2.00324373274517,0.002,0.018,3.56424364961487e-08,"Naive B","DST","down"
1.29519119920166e-18,-1.98997215147024,0.011,0.047,2.43521849273896e-14,"Naive B","SLC37A2","down"
6.99324311954197e-23,-1.98731035129503,0.009,0.046,1.31486957133628e-18,"Naive B","CLIP4","down"
2.3545512057275e-31,-1.98658835983714,0.018,0.079,4.42702717700884e-27,"Naive B","ENOSF1","down"
1.32161542518115e-100,-1.97904774104126,0.109,0.32,2.4849013224256e-96,"Naive B","IGHA1","down"
2.24343096343003e-26,-1.97868701175295,0.015,0.066,4.21809889744113e-22,"Naive B","LINC02100","down"
9.00063577774866e-10,-1.97631872678161,0.004,0.019,1.6922995389323e-05,"Naive B","SLX1A","down"
2.52844063399637e-41,-1.97593067294511,0.025,0.106,4.75397408003997e-37,"Naive B","FBXO10","down"
1.75160061738872e-30,-1.96827623971866,0.016,0.074,3.29335948081427e-26,"Naive B","DPYSL2","down"
1.47725244425718e-18,-1.95723712270517,0.009,0.044,2.77753004569235e-14,"Naive B","CCL5","down"
5.02241951313084e-07,-1.952390160913,0.007,0.024,0.00944315316858861,"Naive B","RGS13","down"
9.82835601605426e-47,-1.94864295354721,0.026,0.115,1.84792749813852e-42,"Naive B","ENSG00000230709","down"
3.59324459792686e-28,-1.94256617350174,0.019,0.077,6.75601849302208e-24,"Naive B","ABI3","down"
6.89483937366522e-59,-1.93388033708284,0.042,0.163,1.29636769903654e-54,"Naive B","PYCARD","down"
9.53834847163811e-41,-1.93345229563743,0.019,0.091,1.7934002796374e-36,"Naive B","GDPD5","down"
4.79801649978539e-31,-1.93145973215966,0.017,0.077,9.0212306228965e-27,"Naive B","PLEKHG7","down"
5.15381214783515e-34,-1.92901708210966,0.027,0.101,9.69019760035965e-30,"Naive B","LMO2","down"
8.26255281850146e-22,-1.92370049871411,0.013,0.056,1.55352518093464e-17,"Naive B","EPB41L4A","down"
7.19283521641523e-165,-1.92155070449302,0.194,0.5,1.35239687739039e-160,"Naive B","RGCC","down"
3.44827131813375e-49,-1.91474545121829,0.064,0.18,6.48343973235507e-45,"Naive B","CD86","down"
5.7523337175881e-28,-1.91351168813453,0.019,0.076,1.08155378558092e-23,"Naive B","ADAP2","down"
2.61988011375578e-06,-1.90732898683026,0.005,0.018,0.0492589858988361,"Naive B","BMS1P1","down"
2.59253991600709e-09,-1.89097392891178,0.005,0.022,4.87449355007654e-05,"Naive B","JSRP1","down"
1.05851796966496e-22,-1.88799017489266,0.011,0.051,1.99022548656406e-18,"Naive B","LINC01410","down"
5.39283162728687e-95,-1.87925878572214,0.075,0.266,1.01396020256248e-90,"Naive B","CAPN2","down"
3.94762317472722e-55,-1.86495225415773,0.05,0.171,7.42232109312212e-51,"Naive B","OAS1","down"
1.39909273459371e-47,-1.85719357330283,0.035,0.134,2.63057415958309e-43,"Naive B","SYT11","down"
2.91210073678392e-44,-1.85222956707548,0.028,0.115,5.47533180530113e-40,"Naive B","STAMBPL1","down"
8.2386611619702e-175,-1.85047306376749,0.499,0.699,1.54903307167364e-170,"Naive B","S100A10","down"
2.23940559140513e-09,-1.84180212568452,0.005,0.021,4.21053039295992e-05,"Naive B","BATF3","down"
4.30767692945045e-08,-1.8415088874954,0.005,0.02,0.000809929416275273,"Naive B","LRP11","down"
5.16193202523944e-15,-1.82344398828777,0.03,0.072,9.70546459385519e-11,"Naive B","EGR2","down"
1.65665768958026e-32,-1.81744273421248,0.022,0.089,3.11484778794881e-28,"Naive B","ADGRG5","down"
3.68856657204952e-22,-1.80742441926284,0.011,0.052,6.93524286876752e-18,"Naive B","EHD3","down"
1.03305460186385e-43,-1.80336996291826,0.035,0.129,1.94234926242442e-39,"Naive B","NEK6","down"
1.42809776448715e-36,-1.80126599970701,0.088,0.196,2.68510941678874e-32,"Naive B","PLEK","down"
3.10308365024591e-24,-1.79937855668776,0.017,0.068,5.83441787919236e-20,"Naive B","PIEZO1","down"
6.83065286465558e-15,-1.79868896172758,0.009,0.037,1.28429935161254e-10,"Naive B","ST7","down"
1.72021195664787e-21,-1.79666919539987,0.014,0.057,3.23434252088933e-17,"Naive B","KIF1C","down"
8.92524933641772e-131,-1.78426963574567,0.159,0.422,1.67812538023326e-126,"Naive B","APBB1IP","down"
1.02149570570493e-07,-1.78206112158156,0.007,0.024,0.00192061622586641,"Naive B","NIPAL2","down"
6.56762731913799e-19,-1.77842265844563,0.011,0.046,1.23484528854433e-14,"Naive B","TIGD3","down"
1.16754425771341e-09,-1.77111518725809,0.006,0.025,2.19521671335276e-05,"Naive B","PTMS","down"
3.82389615366006e-23,-1.76968249852672,0.012,0.055,7.18968954811164e-19,"Naive B","HIC1","down"
7.5716152197548e-31,-1.76714983084166,0.029,0.1,1.4236150936183e-26,"Naive B","RHEX","down"
8.38215848034157e-65,-1.75353769319023,0.076,0.225,1.57601343747382e-60,"Naive B","TP53I11","down"
1.03197505312934e-20,-1.7492864030775,0.017,0.063,1.94031949489378e-16,"Naive B","TBX21","down"
2.63428158122879e-06,-1.74438283014712,0.004,0.016,0.0495297622902638,"Naive B","ITPRIPL1","down"
5.56131692006039e-33,-1.73952562088188,0.068,0.159,1.04563880730976e-28,"Naive B","S100A4","down"
1.05605483821695e-08,-1.73626445224819,0.003,0.016,0.000198559430681551,"Naive B","SLC27A3","down"
1.04736357875215e-18,-1.73109290773233,0.01,0.044,1.96925300076979e-14,"Naive B","BMP8A","down"
4.09403721242512e-63,-1.71915009497114,0.098,0.251,7.69760876680171e-59,"Naive B","GPR137B","down"
2.18778331068709e-07,-1.71861262515256,0.004,0.017,0.00411347018075386,"Naive B","ENSG00000289007","down"
3.39727144165478e-66,-1.71251449669384,0.082,0.237,6.38754976459932e-62,"Naive B","PLD4","down"
4.78522422867936e-20,-1.71206414140981,0.015,0.056,8.99717859476294e-16,"Naive B","ARHGAP18","down"
9.81619450450951e-53,-1.71204417825267,0.048,0.164,1.84564089073788e-48,"Naive B","CD70","down"
2.10853961007595e-11,-1.70956470992247,0.007,0.03,3.9644761748648e-07,"Naive B","NCS1","down"
2.60433859770928e-85,-1.69398960710361,0.08,0.26,4.89667743141299e-81,"Naive B","ITGB7","down"
2.70530126335747e-38,-1.69155267036478,0.041,0.13,5.08650743536472e-34,"Naive B","FAS","down"
1.55141955709346e-79,-1.68924419684772,0.077,0.249,2.91697905124712e-75,"Naive B","ZMIZ1","down"
3.05022464525431e-222,-1.68713703389011,0.583,0.81,5.73503237800716e-218,"Naive B","IFI30","down"
4.31643155732262e-27,-1.68697677181189,0.017,0.069,8.11575461407798e-23,"Naive B","TRAC","down"
4.71826565593752e-08,-1.68634149242887,0.007,0.025,0.000887128308629372,"Naive B","L3MBTL1","down"
9.02173735362576e-32,-1.68482515469626,0.029,0.099,1.69626705722872e-27,"Naive B","ITGAL","down"
4.6536711275289e-09,-1.68407906853324,0.009,0.03,8.74983245397984e-05,"Naive B","ENSG00000289169","down"
7.43987917471592e-60,-1.68238759694465,0.153,0.3,1.39884608243009e-55,"Naive B","TXNDC5","down"
6.19825358780065e-46,-1.68007533972226,0.032,0.124,1.16539563957828e-41,"Naive B","TRIB1","down"
2.55977487230556e-17,-1.67478018490082,0.016,0.055,4.81288871490892e-13,"Naive B","IL6R","down"
8.09371710885614e-10,-1.67446622647055,0.005,0.023,1.52178069080713e-05,"Naive B","CAMSAP2","down"
1.29198527643128e-35,-1.66637061929117,0.033,0.113,2.4291907167461e-31,"Naive B","SPATA13","down"
2.1017773983262e-22,-1.66316714685338,0.014,0.057,3.95176186433292e-18,"Naive B","DAPK2","down"
5.68906995879364e-68,-1.66290535510421,0.058,0.201,1.06965893365238e-63,"Naive B","HCK","down"
2.6423265760812e-18,-1.66095911385054,0.014,0.051,4.96810242834787e-14,"Naive B","ZNF594-DT","down"
1.99821862654981e-14,-1.65998759890104,0.011,0.042,3.75705066163896e-10,"Naive B","GLMP","down"
1.33835860887383e-89,-1.65610276189909,0.15,0.358,2.51638185640457e-85,"Naive B","TNFRSF1B","down"
7.63857840164624e-20,-1.6541258675316,0.011,0.047,1.43620551107753e-15,"Naive B","ABCC4","down"
9.4729015708111e-13,-1.6520928700514,0.011,0.04,1.7810949533439e-08,"Naive B","SH2D2A","down"
1.37222204373803e-29,-1.6458173504762,0.025,0.088,2.58005188663624e-25,"Naive B","THEM4","down"
1.56421335478743e-37,-1.64226586277853,0.053,0.149,2.94103394967132e-33,"Naive B","BLVRB","down"
9.56620955853865e-11,-1.63443024178399,0.007,0.027,1.79863872119644e-06,"Naive B","TXK","down"
1.13352069553417e-16,-1.63321541668187,0.008,0.035,2.13124561174335e-12,"Naive B","SDC3","down"
9.57673444743348e-88,-1.63261441267557,0.113,0.313,1.80061761080644e-83,"Naive B","PAG1","down"
6.76834835322878e-08,-1.63205620683235,0.003,0.016,0.00127258485737408,"Naive B","TYROBP","down"
1.39726791808373e-13,-1.63135588238865,0.006,0.027,2.62714313958103e-09,"Naive B","SRXN1","down"
3.77451366718837e-80,-1.61795721100657,0.15,0.345,7.09684059704757e-76,"Naive B","CRIP2","down"
1.42589558109291e-11,-1.61172743902431,0.009,0.033,2.68096887157089e-07,"Naive B","RETSAT","down"
4.24951736677283e-10,-1.61033894646548,0.01,0.034,7.98994255300627e-06,"Naive B","NEXMIF","down"
2.19608380152131e-35,-1.60515133587086,0.035,0.115,4.12907676362037e-31,"Naive B","TIMP1","down"
1.62527358336912e-10,-1.58928081885891,0.011,0.036,3.05583939145061e-06,"Naive B","ENSG00000288531","down"
1.32885515221215e-07,-1.5873929140491,0.004,0.017,0.00249851345718928,"Naive B","HOXC4","down"
6.59653444791938e-16,-1.58367921535658,0.015,0.051,1.2402804068978e-11,"Naive B","PLPP3","down"
9.55851619914325e-165,-1.58215393641906,0.21,0.53,1.79719221576291e-160,"Naive B","SAMSN1","down"
5.31075839055898e-08,-1.57441973448536,0.008,0.027,0.000998528792592899,"Naive B","DDX43","down"
4.74699841236475e-107,-1.57234245956823,0.193,0.434,8.92530641492819e-103,"Naive B","BCAR3","down"
6.09653646768862e-19,-1.5721180754613,0.02,0.065,1.14627078665481e-14,"Naive B","CACNA1A","down"
1.76629414556903e-17,-1.56675577041154,0.022,0.067,3.32098625249889e-13,"Naive B","EPHA4","down"
1.25720776384144e-35,-1.56416060590863,0.035,0.116,2.36380203757467e-31,"Naive B","CD68","down"
7.5412612949501e-32,-1.56079307231964,0.026,0.093,1.41790794867652e-27,"Naive B","ENSG00000287168","down"
2.27392794626357e-35,-1.56018213663505,0.055,0.148,4.27543932456476e-31,"Naive B","TIAM2","down"
3.60067003215467e-15,-1.5447897315597,0.011,0.04,6.76997979445722e-11,"Naive B","SMCO4","down"
5.22149240193441e-24,-1.53979219422904,0.031,0.092,9.81745001411708e-20,"Naive B","SLC35E4","down"
1.35204646801636e-10,-1.52671469222213,0.009,0.032,2.54211776916436e-06,"Naive B","HSPA12A","down"
3.54981682523589e-11,-1.52525296352454,0.012,0.039,6.67436559480853e-07,"Naive B","NOTCH2NLB","down"
5.20206153022299e-39,-1.523597607531,0.088,0.199,9.78091608912527e-35,"Naive B","PPP1R14A","down"
2.24376424085538e-13,-1.5232772891796,0.017,0.051,4.21872552565628e-09,"Naive B","LINC01013","down"
1.11067433814321e-14,-1.52308890514989,0.01,0.036,2.08828989057687e-10,"Naive B","CSF2RB","down"
3.56357765236731e-28,-1.51880383837608,0.033,0.102,6.70023870198101e-24,"Naive B","MS4A7","down"
3.77066964802258e-13,-1.51151057352275,0.009,0.034,7.08961307221205e-09,"Naive B","RPS6KA6","down"
8.99129570177724e-08,-1.50199007679097,0.009,0.028,0.00169054341784816,"Naive B","PGPEP1","down"
1.92158077637716e-26,-1.49394545656233,0.037,0.105,3.61295617574433e-22,"Naive B","CYSLTR1","down"
1.49424919155159e-08,-1.49317910257581,0.008,0.027,0.00028094873299553,"Naive B","NCDN","down"
1.44759840450744e-41,-1.4903774249333,0.039,0.128,2.72177452015489e-37,"Naive B","SERPINB6","down"
1.81688624087245e-09,-1.48823112302788,0.005,0.019,3.41610951008837e-05,"Naive B","ENSG00000289318","down"
1.94023193472652e-17,-1.48790252763986,0.021,0.064,3.6480240836728e-13,"Naive B","CAMK4","down"
2.72140738025658e-91,-1.48548067411499,0.156,0.375,5.11679015635842e-87,"Naive B","CLIP1","down"
5.62609396929038e-38,-1.48117414240356,0.256,0.324,1.05781818810598e-33,"Naive B","ENSG00000235979","down"
1.55694266424396e-07,-1.48078226120218,0.006,0.021,0.00292736359731149,"Naive B","LRRK2-DT","down"
7.21622135293036e-19,-1.48063653425243,0.02,0.064,1.35679393877797e-14,"Naive B","ENSG00000288964","down"
7.46500890232572e-07,-1.47821355299543,0.004,0.016,0.0140357097381528,"Naive B","ENSG00000290853","down"
1.7086115505411e-11,-1.47717700220357,0.01,0.034,3.21253143732737e-07,"Naive B","RPP25","down"
6.03455824943234e-17,-1.47477082497151,0.014,0.049,1.13461764205827e-12,"Naive B","ADAM15","down"
3.87015294924511e-12,-1.47373848491258,0.011,0.036,7.27666157517066e-08,"Naive B","MLKL","down"
9.72483955465012e-08,-1.46925719479526,0.007,0.024,0.00182846433306532,"Naive B","LINC02798","down"
3.08480192741523e-143,-1.46670317053099,0.332,0.606,5.80004458392611e-139,"Naive B","COTL1","down"
4.10211386460128e-24,-1.45912282515143,0.027,0.083,7.71279448822333e-20,"Naive B","ITGB2-AS1","down"
1.87218177337653e-09,-1.45878594826456,0.009,0.029,3.52007617030256e-05,"Naive B","ENSG00000257925","down"
9.28018422613184e-07,-1.45677882801593,0.004,0.016,0.0174486023819731,"Naive B","PYCARD-AS1","down"
2.60807276432434e-09,-1.45519863134389,0.011,0.034,4.90369841148262e-05,"Naive B","AGAP3","down"
2.38006766662401e-32,-1.45491258053295,0.037,0.113,4.47500322678646e-28,"Naive B","TBC1D12","down"
1.42873292309293e-20,-1.45464115568031,0.046,0.108,2.68630364199932e-16,"Naive B","CD84","down"
1.35751353848614e-75,-1.45097182691623,0.249,0.44,2.55239695506163e-71,"Naive B","LGALS1","down"
1.36461229274473e-14,-1.45018609643835,0.023,0.062,2.56574403281864e-10,"Naive B","DTX1","down"
4.4050521301271e-80,-1.43988855216925,0.104,0.29,8.28237901506498e-76,"Naive B","DENND1B","down"
3.19925387175017e-17,-1.43553799423232,0.012,0.046,6.01523712966468e-13,"Naive B","PLAAT3","down"
3.84378990878628e-301,-1.43272634827748,0.873,0.958,7.22709378649997e-297,"Naive B","CRIP1","down"
1.65343162138099e-22,-1.42425010941292,0.019,0.064,3.10878213452053e-18,"Naive B","SOGA1","down"
7.79011068497523e-173,-1.42340518449527,0.499,0.749,1.46469661098904e-168,"Naive B","S100A11","down"
8.46542965730545e-100,-1.42167082103279,0.177,0.413,1.59167008416657e-95,"Naive B","LPCAT1","down"
1.97620087563597e-07,-1.417982834542,0.005,0.018,0.00371565288637075,"Naive B","MCF2","down"
1.83554537583341e-43,-1.41639572892901,0.05,0.152,3.45119241564198e-39,"Naive B","CLIP2","down"
3.71410179364754e-18,-1.41606524834813,0.025,0.071,6.9832541924161e-14,"Naive B","APOL6","down"
1.54904030763858e-08,-1.41436728225894,0.006,0.023,0.000291250558642207,"Naive B","KAZN","down"
1.91072946997629e-25,-1.41018713864203,0.031,0.092,3.59255354944943e-21,"Naive B","RGPD2","down"
5.05316515532423e-11,-1.40716511597928,0.01,0.033,9.50096112504062e-07,"Naive B","FBXO32","down"
2.80299345007121e-14,-1.4044266295587,0.015,0.046,5.27018828482389e-10,"Naive B","SLC35D2","down"
6.81484844722496e-19,-1.40178487820216,0.016,0.055,1.28132780504724e-14,"Naive B","ARHGAP21","down"
2.80420466087545e-45,-1.39616285190249,0.051,0.154,5.27246560337802e-41,"Naive B","SCRN1","down"
7.06034206537484e-26,-1.39277266193965,0.026,0.084,1.32748551513178e-21,"Naive B","ENSG00000226571","down"
1.41864251461305e-40,-1.3904393003022,0.115,0.243,2.66733165597546e-36,"Naive B","SLAMF7","down"
1.92458918782868e-07,-1.38503722612947,0.007,0.023,0.00361861259095549,"Naive B","MAP3K7CL","down"
8.06358578987285e-09,-1.38367231439174,0.01,0.029,0.000151611540021189,"Naive B","SLC22A15","down"
1.35699708790002e-12,-1.3769888681501,0.01,0.034,2.55142592466962e-08,"Naive B","FUCA2","down"
9.29863663636554e-20,-1.36792963027987,0.048,0.11,1.74832966036945e-15,"Naive B","CDK6","down"
3.16868513443928e-10,-1.36137523326606,0.015,0.041,5.95776178977274e-06,"Naive B","SH3RF1","down"
6.56768286133062e-07,-1.35292545914964,0.004,0.016,0.0123485573158738,"Naive B","RAB39A","down"
5.24596749926543e-07,-1.34893438015306,0.006,0.019,0.00986346809211886,"Naive B","CLCN4","down"
1.15490771384524e-08,-1.3488089182304,0.007,0.024,0.000217145748357182,"Naive B","LINC01781","down"
6.81342460245349e-16,-1.34382781290957,0.017,0.053,1.2810600937533e-11,"Naive B","SEMA6A-AS1","down"
4.06489020057784e-58,-1.3402453594685,0.069,0.201,7.64280655512645e-54,"Naive B","KCNN4","down"
2.12046439550933e-63,-1.34008453242363,0.115,0.282,3.98689715643665e-59,"Naive B","MIDEAS","down"
2.07301864723769e-24,-1.3384861577017,0.024,0.075,3.89768966053631e-20,"Naive B","KLHL42","down"
1.146509535991e-35,-1.33734937336236,0.059,0.154,2.15566722957027e-31,"Naive B","ARL17B","down"
9.31249152801116e-07,-1.33704451948427,0.006,0.019,0.0175093465709666,"Naive B","PRDM1","down"
3.72704891517833e-31,-1.33393422576069,0.051,0.134,7.0075973703183e-27,"Naive B","LRRK2","down"
2.05175547308975e-25,-1.33289607951359,0.068,0.149,3.85771064050334e-21,"Naive B","TCF7","down"
4.42659728406328e-28,-1.33077707354665,0.042,0.115,8.32288821349577e-24,"Naive B","CSGALNACT1","down"
3.91024695250178e-09,-1.32986078699811,0.011,0.033,7.35204632009384e-05,"Naive B","KCNK6","down"
2.20627576401158e-21,-1.32532367649839,0.029,0.082,4.14823969149458e-17,"Naive B","HOPX","down"
4.97660599043408e-41,-1.32464030144636,0.098,0.219,9.35701458321415e-37,"Naive B","GFOD1","down"
3.60324717624885e-56,-1.32170514134765,0.16,0.328,6.77482534078309e-52,"Naive B","CDC42EP3","down"
6.78143155434695e-14,-1.31114638658841,0.024,0.062,1.27504476084831e-09,"Naive B","ATOSB","down"
2.04952168518784e-58,-1.30415318566875,0.118,0.277,3.85351067249018e-54,"Naive B","EEIG1","down"
8.46064336713197e-19,-1.30396908239675,0.032,0.085,1.59077016588815e-14,"Naive B","RORA","down"
7.57542093627076e-08,-1.30288971264277,0.009,0.026,0.00142433064443763,"Naive B","GPT2","down"
1.58510740166353e-34,-1.30279255307982,0.051,0.138,2.98031893660777e-30,"Naive B","PLEKHO2","down"
3.95519542136356e-07,-1.30250751520435,0.005,0.018,0.00743655843124777,"Naive B","PRR16","down"
9.84784312341111e-46,-1.29672324698044,0.051,0.154,1.85159146406376e-41,"Naive B","CTSC","down"
6.9667921149288e-19,-1.29615812639326,0.02,0.06,1.30989625344891e-14,"Naive B","INKA1","down"
9.94129258830588e-19,-1.29561693285789,0.014,0.048,1.86916183245327e-14,"Naive B","CCDC154","down"
5.05513076908593e-17,-1.29293067526701,0.036,0.087,9.50465687203537e-13,"Naive B","BACE2","down"
1.57749298019867e-13,-1.29254164580229,0.011,0.036,2.96600230136954e-09,"Naive B","ENSG00000290008","down"
3.47703960200164e-14,-1.29112598174799,0.009,0.034,6.53752985968348e-10,"Naive B","PEBP4","down"
1.03023952506832e-13,-1.29081050789381,0.014,0.043,1.93705635503345e-09,"Naive B","RELL2","down"
5.7952653533349e-07,-1.28895586538544,0.004,0.016,0.0108962579173403,"Naive B","CASTOR1","down"
1.61098191318773e-18,-1.28576604930244,0.02,0.061,3.02896819317557e-14,"Naive B","ENSG00000290931","down"
7.59152070110843e-12,-1.28504057950612,0.01,0.032,1.42735772222241e-07,"Naive B","TSPOAP1","down"
2.69003297211435e-08,-1.2809565034797,0.013,0.035,0.000505779999416939,"Naive B","IFIT3","down"
8.77887662793992e-48,-1.27763156031904,0.094,0.226,1.65060438358526e-43,"Naive B","STK38L","down"
1.09332530685671e-12,-1.2773984111249,0.027,0.065,2.05567024195199e-08,"Naive B","NTNG1","down"
5.27349666893356e-13,-1.27550845838639,0.017,0.048,9.91522843692888e-09,"Naive B","MACC1","down"
2.6441025826442e-07,-1.26961873006601,0.016,0.037,0.00497144167588763,"Naive B","ENSG00000288990","down"
1.08739476071176e-08,-1.26730120437131,0.012,0.033,0.000204451962909025,"Naive B","OSBP2","down"
8.9291443023862e-09,-1.2671822973428,0.011,0.032,0.000167885771173465,"Naive B","RAP1GAP2","down"
1.50971819681277e-29,-1.26592230936611,0.066,0.154,2.83857215364737e-25,"Naive B","LDAF1","down"
1.54438973603836e-61,-1.26466290463577,0.133,0.302,2.90376158169933e-57,"Naive B","MDFIC","down"
5.31781351435991e-25,-1.26208943557263,0.033,0.094,9.9985529696995e-21,"Naive B","RGS14","down"
1.21777115733607e-58,-1.25229659344197,0.088,0.231,2.28965333002328e-54,"Naive B","ZDHHC21","down"
2.2797520575029e-09,-1.25228792350091,0.013,0.036,4.28638981851695e-05,"Naive B","TSBP1-AS1","down"
8.74035462571189e-19,-1.2503334940148,0.025,0.069,1.64336147672635e-14,"Naive B","ENSG00000269968","down"
2.38776524540531e-23,-1.24868802565198,0.036,0.096,4.48947621441107e-19,"Naive B","MEF2C-AS2","down"
4.08065900721087e-33,-1.24722956128252,0.061,0.152,7.67245506535788e-29,"Naive B","ENSG00000291228","down"
1.45457159008402e-17,-1.24551538260235,0.02,0.06,2.73488550367597e-13,"Naive B","PLAG1","down"
6.37207046230502e-11,-1.24492479125184,0.017,0.045,1.19807668832259e-06,"Naive B","LIME1","down"
8.15737634211517e-09,-1.24202954482773,0.011,0.031,0.000153374989984449,"Naive B","RHOBTB2","down"
3.51180276535682e-10,-1.23581966835941,0.006,0.022,6.6028915594239e-06,"Naive B","PPARGC1B","down"
3.16897034012122e-45,-1.2322059377914,0.139,0.281,5.95829803349592e-41,"Naive B","FABP5","down"
2.02434185210014e-24,-1.22645840226636,0.027,0.082,3.80616755031869e-20,"Naive B","PSAT1","down"
4.09551887586386e-11,-1.22619258314912,0.019,0.049,7.70039459039924e-07,"Naive B","ZFP64","down"
4.53188447799486e-09,-1.22302769247597,0.011,0.032,8.52084919552593e-05,"Naive B","ENSG00000262151","down"
1.08393199289946e-06,-1.22161364589775,0.011,0.028,0.0203800893304956,"Naive B","TXLNB","down"
1.5830191326352e-07,-1.22135951182413,0.014,0.035,0.00297639257318071,"Naive B","HERC6","down"
3.33353493936765e-15,-1.22105659754661,0.021,0.058,6.26771239299906e-11,"Naive B","IL12RB1","down"
9.93400598033686e-23,-1.22068116820884,0.055,0.126,1.86779180442294e-18,"Naive B","SLA","down"
7.72901192703316e-35,-1.21760367632774,0.066,0.163,1.45320882252077e-30,"Naive B","ENTPD1","down"
3.22311939681178e-10,-1.21649727909557,0.017,0.044,6.0601090898855e-06,"Naive B","ACSF2","down"
9.99200619790649e-16,-1.21461032272685,0.018,0.054,1.87869700533038e-11,"Naive B","ENSG00000188897","down"
5.46379505597601e-09,-1.21054828375436,0.005,0.019,0.000102730274642461,"Naive B","CPT1B","down"
3.93513351810916e-09,-1.20991008348436,0.049,0.085,7.39883804074884e-05,"Naive B","IGKV1-39","down"
6.7651520893076e-07,-1.20868251642305,0.008,0.023,0.0127198389583161,"Naive B","ENSG00000287180","down"
1.1479024765096e-68,-1.20831908246946,0.154,0.341,2.15828623633335e-64,"Naive B","SEL1L3","down"
4.98235472706676e-23,-1.20320298294515,0.038,0.098,9.36782335783091e-19,"Naive B","TRPV2","down"
4.80590309559673e-20,-1.20144328960671,0.025,0.07,9.03605900034097e-16,"Naive B","NINJ2","down"
6.0885550242755e-09,-1.19956647703609,0.007,0.023,0.000114477011566428,"Naive B","SLFN12L","down"
6.01243655393044e-22,-1.1992495612898,0.032,0.086,1.13045832087e-17,"Naive B","CPPED1","down"
2.7718500773479e-54,-1.19852718071391,0.104,0.249,5.21163251542952e-50,"Naive B","SLC1A5","down"
1.31081252886781e-24,-1.19544091815674,0.058,0.133,2.46458971677726e-20,"Naive B","NME1","down"
6.0353037990356e-10,-1.18824202671091,0.013,0.037,1.13475782029467e-05,"Naive B","CD1C","down"
1.78055102602708e-53,-1.18775936694232,0.122,0.274,3.34779203913611e-49,"Naive B","LINC00278","down"
2.76625570399967e-24,-1.17970411627858,0.031,0.087,5.20111397466018e-20,"Naive B","SIGLEC10","down"
5.85883478927454e-28,-1.17731249675051,0.139,0.243,1.1015781170794e-23,"Naive B","HIPK2","down"
5.05450775430348e-08,-1.17629239992718,0.017,0.041,0.00095034854796414,"Naive B","AEBP1","down"
2.50876943457738e-27,-1.1717583194322,0.055,0.132,4.71698829089239e-23,"Naive B","GAS7","down"
2.4752136764015e-09,-1.1716151328701,0.01,0.029,4.65389675437011e-05,"Naive B","MANEAL","down"
4.23721122491567e-10,-1.16808759923904,0.029,0.062,7.96680454508644e-06,"Naive B","FGFR1","down"
2.58269949930075e-10,-1.16796888866768,0.032,0.068,4.85599159858527e-06,"Naive B","CD96","down"
2.21160581107873e-47,-1.16647034090091,0.107,0.243,4.15826124599022e-43,"Naive B","ST14","down"
1.80173192959863e-35,-1.1654576026674,0.062,0.155,3.38761637403135e-31,"Naive B","FHOD1","down"
2.49084031151498e-08,-1.16284152673312,0.008,0.025,0.000468327795371047,"Naive B","CNPY4","down"
3.31752007390171e-42,-1.15867684741971,0.088,0.207,6.23760124294999e-38,"Naive B","C15orf39","down"
6.06022927551558e-10,-1.15615212411783,0.015,0.04,1.13944430838244e-05,"Naive B","CUBN","down"
2.53665165244535e-43,-1.15573018661168,0.125,0.261,4.76941243692774e-39,"Naive B","FCRLA","down"
4.72850108043599e-08,-1.15406325841133,0.009,0.026,0.000889052773143575,"Naive B","SPACA9","down"
1.53800803771377e-14,-1.15153313455736,0.027,0.067,2.89176271250944e-10,"Naive B","GPRIN3","down"
3.72622735344045e-25,-1.15142067891546,0.049,0.121,7.00605266993873e-21,"Naive B","PLXNC1","down"
5.51406977092306e-59,-1.1478642875381,0.245,0.428,1.03675539832895e-54,"Naive B","METRNL","down"
2.90783675213337e-07,-1.1471653070928,0.015,0.035,0.00546731466136117,"Naive B","CRYM","down"
7.465495411928e-14,-1.14569201513304,0.016,0.045,1.4036624473507e-09,"Naive B","VAMP1","down"
4.97533072994676e-09,-1.14457896824998,0.022,0.05,9.3546168384459e-05,"Naive B","CCDC141","down"
1.94167284424456e-34,-1.13814416464404,0.084,0.189,3.65073328174862e-30,"Naive B","CAMKK1","down"
7.79302508635013e-39,-1.13614550318545,0.099,0.217,1.46524457673555e-34,"Naive B","COL9A3","down"
1.01132154433212e-11,-1.1340996222675,0.015,0.041,1.90148676765325e-07,"Naive B","NCF2","down"
6.67629612415331e-22,-1.13392669020815,0.025,0.072,1.2552771972633e-17,"Naive B","ZFP69B","down"
2.11222569762032e-06,-1.13383957494027,0.005,0.017,0.0397140675666572,"Naive B","REC114","down"
1.21926559534847e-08,-1.12500281857385,0.014,0.035,0.00022924631723742,"Naive B","ENSG00000286546","down"
5.23194258360277e-12,-1.1243604598766,0.025,0.06,9.83709844568992e-08,"Naive B","TTC28","down"
5.7917479137566e-75,-1.12434177818968,0.263,0.473,1.08896444274452e-70,"Naive B","NFATC2","down"
3.68814932069235e-46,-1.11795986421867,0.058,0.163,6.93445835276576e-42,"Naive B","IER5L","down"
4.11358799598175e-07,-1.11386720853619,0.02,0.043,0.00773436815004488,"Naive B","CPED1","down"
8.90256647580925e-32,-1.11206482564063,0.034,0.098,1.67386054878166e-27,"Naive B","ADPRH","down"
1.31620794691064e-28,-1.11158761237274,0.045,0.116,2.47473418178138e-24,"Naive B","SYNGR3","down"
1.966444450642e-07,-1.10520923297366,0.017,0.04,0.0036973088560971,"Naive B","TLCD3A","down"
8.64845617910952e-48,-1.10138672734712,0.078,0.195,1.62608273079617e-43,"Naive B","PCED1B","down"
3.59276869262278e-09,-1.10002156720197,0.014,0.036,6.75512369586935e-05,"Naive B","LINC01762","down"
6.60301395458575e-18,-1.09823727754016,0.282,0.38,1.24149868374121e-13,"Naive B","MIR155HG","down"
1.01949535775369e-06,-1.08687683209771,0.02,0.042,0.0191685517164848,"Naive B","PRKCH","down"
2.6292455068811e-16,-1.08669310179309,0.031,0.075,4.94350740203785e-12,"Naive B","ENSG00000285280","down"
1.89284988536785e-36,-1.08340531057397,0.085,0.193,3.55893635446863e-32,"Naive B","LILRB1","down"
1.24778686637641e-11,-1.08264334724235,0.021,0.051,2.34608886616092e-07,"Naive B","RCBTB2","down"
7.81525059473133e-10,-1.08250965156629,0.017,0.043,1.46942341682138e-05,"Naive B","KANSL1-AS1","down"
8.64372019548681e-10,-1.07953720887994,0.021,0.049,1.62519227115543e-05,"Naive B","GPRIN1","down"
2.39599984714569e-08,-1.07874047728294,0.009,0.026,0.000450495891260332,"Naive B","ENSG00000258181","down"
1.45462777233197e-29,-1.07860012514693,0.067,0.154,2.73499113753856e-25,"Naive B","ABTB2","down"
2.28874230968005e-60,-1.07843195348852,0.154,0.328,4.30329329066043e-56,"Naive B","PIK3AP1","down"
1.94776103017322e-38,-1.07823705186217,0.089,0.202,3.66218028893168e-34,"Naive B","SERPINB8","down"
9.32980370416193e-12,-1.07647606617382,0.014,0.038,1.75418969245653e-07,"Naive B","ENSG00000256448","down"
9.6677096427286e-29,-1.07426107049203,0.067,0.152,1.81772276702583e-24,"Naive B","NCOA7","down"
7.65185371705991e-44,-1.0736633561165,0.097,0.221,1.43870153588161e-39,"Naive B","PCED1B-AS1","down"
1.07305772538865e-12,-1.06868508077837,0.019,0.049,2.01756313527573e-08,"Naive B","SNTA1","down"
2.87476862374531e-11,-1.06781332395674,0.023,0.054,5.40513996636593e-07,"Naive B","BLVRA","down"
1.42219035534848e-26,-1.06622860720751,0.105,0.202,2.6740023061262e-22,"Naive B","KCNQ5","down"
3.94946286608289e-10,-1.06602717157715,0.018,0.044,7.42578008080906e-06,"Naive B","ATXN7L1","down"
9.17006952553152e-44,-1.06464538709937,0.092,0.212,1.72415647219044e-39,"Naive B","SGPP1","down"
1.2308643626041e-07,-1.06398991159169,0.009,0.025,0.00231427117456822,"Naive B","C17orf58","down"
1.21732839927077e-45,-1.06206431643746,0.173,0.326,2.28882085630891e-41,"Naive B","LGMN","down"
2.48888842239704e-14,-1.05991274382234,0.019,0.051,4.67960801179092e-10,"Naive B","PPCDC","down"
6.00358160481167e-118,-1.05890020957163,0.452,0.702,1.12879341333669e-113,"Naive B","NAPSB","down"
1.77552313699169e-46,-1.05886484308455,0.22,0.377,3.33833860217177e-42,"Naive B","FGR","down"
3.91268676914721e-27,-1.05532105603242,0.108,0.206,7.35663366335059e-23,"Naive B","TRAF1","down"
5.67810049976067e-08,-1.05491670447522,0.008,0.022,0.001067596455965,"Naive B","TP53I3","down"
1.62104543795301e-07,-1.0547063337499,0.011,0.028,0.00304788963243925,"Naive B","CFAP54","down"
1.94367744651218e-24,-1.05419378830911,0.029,0.085,3.65450233493219e-20,"Naive B","ZBTB20-AS5","down"
7.9366464475539e-07,-1.0486865848671,0.007,0.019,0.0149224826506909,"Naive B","ENSG00000260145","down"
6.52526353697872e-34,-1.04867534073073,0.054,0.136,1.22688005022274e-29,"Naive B","FBXO31","down"
1.84892735884308e-06,-1.04689217269394,0.01,0.025,0.0347635322009675,"Naive B","ENSG00000259375","down"
8.76965119114942e-18,-1.04038179044422,0.029,0.072,1.64886981695991e-13,"Naive B","UNC13D","down"
7.52989889251002e-10,-1.03882532438415,0.016,0.041,1.41577158976973e-05,"Naive B","ENSG00000253690","down"
1.15476429058992e-67,-1.03680605312139,0.236,0.439,2.17118781916717e-63,"Naive B","PTPN6","down"
1.86741201241525e-09,-1.03671516967371,0.015,0.038,3.51110806574316e-05,"Naive B","ANKDD1A","down"
1.72856738389429e-06,-1.03515076727787,0.012,0.028,0.0325005239519804,"Naive B","VNN2","down"
8.95252406299602e-69,-1.03228961124936,0.257,0.463,1.68325357432451e-64,"Naive B","ARHGAP25","down"
1.13178726539968e-11,-1.03171912309032,0.021,0.051,2.12798641640448e-07,"Naive B","CPT1A","down"
5.44932268628837e-46,-1.031604588599,0.133,0.275,1.02458165147594e-41,"Naive B","LIMK1","down"
6.9770810865442e-28,-1.03144999647503,0.058,0.136,1.31183078589204e-23,"Naive B","SYTL3","down"
1.12052698402362e-06,-1.0281223124399,0.011,0.028,0.0210681483536121,"Naive B","NUDT19","down"
5.40242543201518e-23,-1.02529143280771,0.06,0.131,1.01576402972749e-18,"Naive B","NQO2","down"
1.11139205603987e-52,-1.02432321437289,0.31,0.487,2.08963934376617e-48,"Naive B","CFLAR","down"
7.58296158561629e-10,-1.02366546251282,0.015,0.038,1.42574843732757e-05,"Naive B","ATP6V0E2","down"
1.3392997262532e-29,-1.02292785689487,0.073,0.161,2.51815134530127e-25,"Naive B","DUSP18","down"
6.20570899879125e-51,-1.02208684435696,0.219,0.389,1.16679740595273e-46,"Naive B","ITGB1","down"
5.90733195586592e-32,-1.02200572833181,0.057,0.138,1.11069655434191e-27,"Naive B","NAAA","down"
5.18335250983207e-57,-1.01725213752348,0.143,0.305,9.74573938898626e-53,"Naive B","NCOR2","down"
7.06439996435457e-09,-1.0160811577617,0.011,0.029,0.000132824848129795,"Naive B","MAFIP","down"
1.58922285704156e-26,-1.01159488180798,0.055,0.128,2.98805681580955e-22,"Naive B","FAIM","down"
2.74082233804987e-10,-1.00846425932303,0.007,0.024,5.15329416000137e-06,"Naive B","VASN","down"
9.93229898714704e-30,-1.00817976045348,0.112,0.218,1.86747085556339e-25,"Naive B","FUT8","down"
2.64464715092231e-36,-1.00591582935931,0.106,0.222,4.97246557316414e-32,"Naive B","IL7","down"
5.60206330607279e-39,-1.00439198852716,0.117,0.241,1.05329994280781e-34,"Naive B","PPIF","down"
1.51754962452886e-64,-1.00294148080919,0.217,0.413,2.85329680403917e-60,"Naive B","ANXA6","down"
2.13022485301675e-43,-1.00156864326663,0.135,0.273,4.0052487686421e-39,"Naive B","SSBP4","down"
5.68737667251744e-37,-1.00079792948758,0.088,0.194,1.06934056196673e-32,"Naive B","ST3GAL5","down"
4.81151965586802e-17,-0.999620038608238,0.028,0.07,9.04661925696305e-13,"Naive B","CHAC1","down"
4.1509525321431e-75,-0.998969297222909,0.339,0.552,7.80462095093546e-71,"Naive B","WARS1","down"
7.94649248943977e-20,-0.998665303266714,0.038,0.091,1.49409951786447e-15,"Naive B","FXYD1","down"
1.70939014584883e-07,-0.997975877563287,0.015,0.034,0.00321399535222496,"Naive B","LY86-AS1","down"
1.29766459752714e-39,-0.992797658600733,0.064,0.157,2.43986897627054e-35,"Naive B","VGLL4","down"
1.13753178349698e-29,-0.99228952869777,0.073,0.16,2.13878725933101e-25,"Naive B","LRRK1","down"
1.10908881302709e-26,-0.992184798926336,0.065,0.144,2.08530878625354e-22,"Naive B","FCGR2B","down"
2.57123806164217e-08,-0.990131222198185,0.011,0.029,0.00048344418034996,"Naive B","ENSG00000289620","down"
1.99157823715413e-21,-0.989486360046471,0.059,0.127,3.7445654014972e-17,"Naive B","ADORA2A","down"
1.04553850488577e-07,-0.988477284075822,0.032,0.062,0.00196582149688623,"Naive B","BMP6","down"
3.2812969015967e-32,-0.985784339238716,0.117,0.229,6.16949443438211e-28,"Naive B","ITGB2","down"
6.16604390748165e-159,-0.985608328087116,0.823,0.925,1.1593395754847e-154,"Naive B","GAPDH","down"
9.02342055896568e-20,-0.984537660586088,0.042,0.097,1.69658353349673e-15,"Naive B","CHAMP1","down"
2.17311543267774e-13,-0.983852825687818,0.022,0.055,4.0858916365207e-09,"Naive B","ASPH","down"
8.14143051659976e-11,-0.983698000660109,0.028,0.061,1.53075176573109e-06,"Naive B","RBM47","down"
2.12071238172297e-48,-0.983633887142322,0.157,0.311,3.98736342011552e-44,"Naive B","CCR6","down"
6.9489522396407e-12,-0.981325222472635,0.013,0.036,1.30654200009724e-07,"Naive B","IL18BP","down"
1.64399079909075e-27,-0.980902278217373,0.055,0.128,3.09103150045042e-23,"Naive B","CORO1B","down"
9.3979381974879e-29,-0.979037236413596,0.141,0.252,1.76700033989167e-24,"Naive B","HLA-DQA2","down"
5.5579332858047e-19,-0.978322723753961,0.029,0.071,1.045002616397e-14,"Naive B","SH3BP1","down"
2.1766390991695e-38,-0.974636161631184,0.204,0.347,4.09251683425849e-34,"Naive B","NCBP3","down"
1.10303240450694e-22,-0.974581200843077,0.084,0.165,2.07392152695394e-18,"Naive B","PHF6","down"
1.76796028285965e-08,-0.967894133137585,0.007,0.02,0.000332411892383272,"Naive B","ENSG00000224950","down"
2.67741903808731e-31,-0.966622824743437,0.114,0.223,5.03408327541176e-27,"Naive B","MX2","down"
1.36165302618247e-21,-0.964602299301113,0.075,0.151,2.56018001982827e-17,"Naive B","ENSG00000267787","down"
1.1015140859542e-15,-0.964567492694212,0.052,0.107,2.07106678441108e-11,"Naive B","PVRIG","down"
2.17213641254624e-12,-0.964457117845469,0.021,0.051,4.08405088286944e-08,"Naive B","COA7","down"
1.25017059117381e-47,-0.963033005636584,0.282,0.453,2.350570745525e-43,"Naive B","NIN","down"
3.10195533642101e-39,-0.96115398342482,0.139,0.271,5.83229642353879e-35,"Naive B","DOCK10","down"
1.14777409454727e-07,-0.960581438149564,0.018,0.039,0.00215804485256777,"Naive B","ENSG00000283118","down"
1.87762464481152e-15,-0.960018407496575,0.047,0.098,3.53030985717462e-11,"Naive B","CYTH4","down"
9.64305344250816e-72,-0.958744343296414,0.358,0.571,1.81308690826039e-67,"Naive B","S100A6","down"
7.66702630940756e-16,-0.958167453420327,0.052,0.106,1.44155428669481e-11,"Naive B","ABHD6","down"
3.73597983833568e-12,-0.956688086145611,0.02,0.05,7.02438929203875e-08,"Naive B","METTL7A","down"
7.29475870871148e-21,-0.951229632278711,0.123,0.211,1.37156053241193e-16,"Naive B","MT2A","down"
3.63859030356698e-19,-0.947385648998036,0.016,0.045,6.84127748876663e-15,"Naive B","CAMKK2","down"
8.8760606963105e-36,-0.946894811179613,0.164,0.296,1.6688769321203e-31,"Naive B","CIITA","down"
1.81670057791735e-07,-0.946053768704934,0.015,0.035,0.00341576042660019,"Naive B","SOX12","down"
3.20758450737133e-32,-0.945575684323791,0.084,0.18,6.03090039075957e-28,"Naive B","SACS","down"
3.67823182799834e-28,-0.945353014647663,0.043,0.106,6.91581148300248e-24,"Naive B","DYNLT2B","down"
1.10883244478232e-13,-0.943942262380858,0.034,0.074,2.08482676267973e-09,"Naive B","WDR81","down"
4.15496379270739e-44,-0.943614393731778,0.109,0.234,7.81216292304843e-40,"Naive B","MAP4K1","down"
3.38824344953048e-12,-0.940192733209281,0.021,0.049,6.3705753338072e-08,"Naive B","SGCB","down"
2.68721957363176e-23,-0.939486795157024,0.061,0.131,5.05251024234243e-19,"Naive B","VAV2","down"
2.5231662062886e-16,-0.939029207604913,0.028,0.066,4.74405710106383e-12,"Naive B","PAFAH1B3","down"
8.64561918374345e-22,-0.93586599065458,0.061,0.129,1.62554931892744e-17,"Naive B","FCRL2","down"
3.85662086163794e-32,-0.935720361322627,0.102,0.207,7.25121854405165e-28,"Naive B","GPR65","down"
2.03375379802885e-17,-0.935105169240157,0.032,0.076,3.82386389105384e-13,"Naive B","CASP10","down"
1.30471726754417e-31,-0.933105445032161,0.092,0.191,2.45312940643654e-27,"Naive B","TTN","down"
6.51309961274705e-09,-0.931893946044977,0.009,0.024,0.00012245929891887,"Naive B","PCBP4","down"
5.74633348664146e-11,-0.930296171956555,0.018,0.044,1.08042562215833e-06,"Naive B","TMEM231","down"
6.19860717320217e-09,-0.928991327991203,0.038,0.073,0.000116546212070547,"Naive B","LINC02149","down"
1.85372708878261e-24,-0.928685122402643,0.111,0.204,3.48537767232907e-20,"Naive B","PTPN22","down"
1.75805919881644e-08,-0.927898205701519,0.017,0.039,0.000330550290561467,"Naive B","LINC01800","down"
9.28876464304539e-07,-0.927267142888083,0.007,0.02,0.0174647352818539,"Naive B","ENSG00000284685","down"
1.1138837791715e-17,-0.924690368784632,0.03,0.07,2.09432428159826e-13,"Naive B","CRYZ","down"
2.17950341735336e-15,-0.924012099301012,0.033,0.075,4.09790232530778e-11,"Naive B","ARMC2","down"
7.28494270374009e-26,-0.923172016557327,0.056,0.124,1.36971492715721e-21,"Naive B","FAM219B","down"
6.78084533239041e-08,-0.921957503784605,0.019,0.041,0.00127493453939604,"Naive B","CETP","down"
4.75057201445067e-32,-0.92173344184808,0.15,0.271,8.93202550157016e-28,"Naive B","SETBP1","down"
2.630274699378e-16,-0.920988998331848,0.044,0.094,4.94544248977051e-12,"Naive B","MPEG1","down"
1.95575732593852e-06,-0.919519657149265,0.015,0.033,0.0367721492422961,"Naive B","RAB20","down"
1.95117615810038e-09,-0.919292908404636,0.016,0.038,3.66860141246033e-05,"Naive B","SAMHD1","down"
4.75397343948031e-13,-0.919200328403984,0.042,0.087,8.93842086091088e-09,"Naive B","CHST7","down"
1.28728442331549e-125,-0.917892755253281,0.574,0.8,2.42035217271779e-121,"Naive B","CD82","down"
2.12084015484456e-17,-0.917515689176321,0.048,0.101,3.98760365913875e-13,"Naive B","MIR3667HG","down"
1.02320673161495e-16,-0.915831840263394,0.032,0.073,1.92383329678244e-12,"Naive B","TASL","down"
2.4918861581703e-24,-0.914241592964118,0.068,0.143,4.6852443545918e-20,"Naive B","DNAJC5","down"
2.63100166860697e-34,-0.913856629083011,0.101,0.207,4.94680933731482e-30,"Naive B","FERMT3","down"
1.20886637364946e-38,-0.912993079036869,0.112,0.231,2.27291055573571e-34,"Naive B","UPP1","down"
1.25326886620407e-08,-0.912014591951902,0.019,0.042,0.00023563961222369,"Naive B","CASP1","down"
1.86613061538225e-55,-0.91002344179211,0.151,0.311,3.50869878304171e-51,"Naive B","ARID3A","down"
7.04736361953587e-09,-0.90956288115332,0.017,0.039,0.000132504530774513,"Naive B","SCCPDH","down"
4.82754281663676e-14,-0.909457572181433,0.121,0.19,9.07674600384043e-10,"Naive B","HDAC9","down"
3.84217019473471e-07,-0.907908345922988,0.016,0.036,0.00722404840014021,"Naive B","TEKT4P2","down"
6.81715174250108e-19,-0.907777254705326,0.031,0.074,1.28176087062505e-14,"Naive B","IVD","down"
4.55504706073234e-28,-0.903436483664778,0.102,0.198,8.56439948358894e-24,"Naive B","SPAG1","down"
1.66180717256189e-42,-0.902510713461304,0.2,0.353,3.12452984585087e-38,"Naive B","GSTK1","down"
1.84530107934961e-22,-0.89974485939737,0.053,0.116,3.46953508939313e-18,"Naive B","MIR22HG","down"
3.17087742285901e-09,-0.899141426796024,0.023,0.049,5.96188373045951e-05,"Naive B","PCBD1","down"
4.77696040813313e-39,-0.898817333436987,0.325,0.483,8.98164095937191e-35,"Naive B","RNF19A","down"
4.26599463204369e-08,-0.898723520703059,0.023,0.047,0.000802092310716855,"Naive B","NSUN5P1","down"
1.20325205765259e-29,-0.898491023308667,0.141,0.255,2.2623545187984e-25,"Naive B","MARCHF1","down"
6.91317279074795e-07,-0.898203541073667,0.013,0.029,0.0129981474811643,"Naive B","C19orf38","down"
5.25848723327351e-13,-0.897246697809476,0.07,0.125,9.88700769600085e-09,"Naive B","GK","down"
1.48600986606695e-17,-0.896881640473624,0.063,0.124,2.79399575017909e-13,"Naive B","TTC39C","down"
2.04718308780218e-10,-0.896686109200438,0.038,0.075,3.84911364168567e-06,"Naive B","ENSG00000251309","down"
8.40883418270077e-07,-0.896107771711996,0.021,0.042,0.015810290030314,"Naive B","EML4-AS1","down"
1.82464686422239e-12,-0.894089577151046,0.03,0.065,3.43070103411094e-08,"Naive B","CHAF1A","down"
4.33189758789762e-15,-0.893568134453654,0.057,0.111,8.1448338447651e-11,"Naive B","PTPRJ","down"
1.38188890514126e-18,-0.893338256410884,0.042,0.092,2.5982275194466e-14,"Naive B","ZDHHC18","down"
5.85247293955494e-38,-0.892019267390192,0.107,0.22,1.10038196209512e-33,"Naive B","STAT5B","down"
1.04572950690839e-10,-0.889864628237423,0.019,0.043,1.96618061888916e-06,"Naive B","NCEH1","down"
1.77488802847578e-40,-0.887950606129699,0.179,0.324,3.33714447114017e-36,"Naive B","HSH2D","down"
3.05367030825156e-07,-0.886996545978301,0.014,0.032,0.00574151091357458,"Naive B","FICD","down"
7.48017678788048e-23,-0.886958910319946,0.086,0.167,1.40642283965729e-18,"Naive B","SEMA4B","down"
2.12966914970551e-18,-0.886566137444061,0.027,0.065,4.0042039352763e-14,"Naive B","ACAP3","down"
1.38959189757482e-11,-0.886123215919976,0.012,0.033,2.61271068582017e-07,"Naive B","KANK1","down"
3.59251904164653e-13,-0.885327628015432,0.03,0.066,6.7546543021038e-09,"Naive B","LRRC61","down"
5.25628655584633e-57,-0.883673797808946,0.217,0.399,9.88286998230228e-53,"Naive B","TFEB","down"
1.04847948328328e-06,-0.882019744656773,0.017,0.036,0.0197135112446923,"Naive B","DNM3","down"
6.11443544848193e-07,-0.881422057638066,0.009,0.022,0.0114963615302357,"Naive B","KCTD12","down"
4.50229930571017e-11,-0.880227010947406,0.021,0.048,8.46522315459626e-07,"Naive B","ZEB2-AS1","down"
6.47357369884137e-18,-0.879708536262351,0.05,0.105,1.21716132685615e-13,"Naive B","TAX1BP3","down"
1.15020788495528e-14,-0.878741486700088,0.049,0.099,2.16262086529292e-10,"Naive B","MAP7D3","down"
5.37773171301617e-09,-0.877878344038347,0.017,0.04,0.00010111211166813,"Naive B","OAS3","down"
2.43189806744771e-24,-0.875489591110935,0.056,0.122,4.57245474641519e-20,"Naive B","KCTD7","down"
4.67571000682827e-15,-0.875094164143646,0.026,0.061,8.79126995483851e-11,"Naive B","SIT1","down"
1.67870962041628e-06,-0.874377278671992,0.016,0.033,0.0315630982830669,"Naive B","PIGM","down"
4.66595617441383e-07,-0.872952376866281,0.049,0.081,0.00877293079913289,"Naive B","FMNL2","down"
1.01947503348718e-17,-0.872325313900631,0.057,0.114,1.91681695796259e-13,"Naive B","SRGAP2C","down"
1.72862624945953e-19,-0.872283351777233,0.044,0.096,3.25016307423382e-15,"Naive B","RPS6KA1","down"
7.71414634624901e-17,-0.871231532140754,0.047,0.097,1.45041379602174e-12,"Naive B","TNK2","down"
2.72719680801489e-08,-0.871064174501281,0.015,0.034,0.00051276754384296,"Naive B","PKD2","down"
1.84154584518631e-56,-0.87061798840197,0.226,0.41,3.46247449811929e-52,"Naive B","MBD2","down"
5.22297824865135e-22,-0.870403460922163,0.051,0.111,9.82024370311426e-18,"Naive B","AKAP13-AS1","down"
6.08428011147554e-08,-0.869889975148213,0.007,0.02,0.00114396634655963,"Naive B","SLC19A1","down"
1.56365368472595e-31,-0.869734880718435,0.171,0.295,2.93998165802174e-27,"Naive B","GEN1","down"
5.8143317006314e-28,-0.869704703184716,0.078,0.162,1.09321064635272e-23,"Naive B","ARL3","down"
7.9448315105947e-17,-0.86894052353121,0.05,0.102,1.49378722062201e-12,"Naive B","BCL10-AS1","down"
1.33642169617428e-24,-0.867956404783878,0.117,0.212,2.51274007314688e-20,"Naive B","MX1","down"
9.04155676304294e-19,-0.867511485882986,0.031,0.072,1.69999350258733e-14,"Naive B","MPST","down"
2.81357520969814e-72,-0.866244883329689,0.574,0.738,5.29008410927445e-68,"Naive B","PSAP","down"
1.13637752669857e-26,-0.862608374750834,0.077,0.157,2.13661702569866e-22,"Naive B","PLEKHA7","down"
2.32495638649442e-23,-0.861233444173412,0.094,0.179,4.37138299788681e-19,"Naive B","GRAMD1C","down"
1.57890047408688e-08,-0.858241546268688,0.01,0.024,0.000296864867137816,"Naive B","MAPK11","down"
3.23794945415292e-13,-0.858042553338549,0.029,0.065,6.08799256369832e-09,"Naive B","CBR1","down"
3.583709868865e-23,-0.857988234656377,0.069,0.14,6.73809129543997e-19,"Naive B","C16orf54","down"
1.57686459850145e-16,-0.856529132804046,0.031,0.07,2.96482081810242e-12,"Naive B","ICMT","down"
8.95025222499284e-10,-0.855905163946742,0.029,0.059,1.68282642334315e-05,"Naive B","SLC35E3","down"
4.2308126050662e-39,-0.84998953056907,0.222,0.371,7.95477386004548e-35,"Naive B","TYMP","down"
2.31171390117834e-09,-0.849005761875199,0.016,0.038,4.34648447699551e-05,"Naive B","SANBR","down"
1.34757839744198e-30,-0.848137132084638,0.094,0.191,2.53371690287041e-26,"Naive B","ENTPD1-AS1","down"
7.20558490733161e-16,-0.84777630063486,0.03,0.067,1.35479407427649e-11,"Naive B","CAMTA2","down"
2.12448203900676e-06,-0.847400530406299,0.017,0.036,0.0399445112974051,"Naive B","ZBTB37","down"
6.03211008304675e-11,-0.846843128298179,0.299,0.335,1.13415733781445e-06,"Naive B","MYC","down"
4.38285639561145e-08,-0.844185250302365,0.016,0.035,0.000824064659502865,"Naive B","GAA","down"
1.83240884607248e-39,-0.840961690024095,0.121,0.241,3.44529511238547e-35,"Naive B","TRIM8","down"
1.36793181248841e-32,-0.840777951176188,0.151,0.273,2.57198539384071e-28,"Naive B","TBC1D9","down"
2.50648019963491e-06,-0.839153217185745,0.007,0.018,0.0471268407135356,"Naive B","TMCC3","down"
6.80586875915314e-13,-0.839019551076388,0.04,0.08,1.27963944409597e-08,"Naive B","ENSG00000289293","down"
3.06596241714692e-20,-0.838723143765897,0.08,0.152,5.76462253671963e-16,"Naive B","SEMA4D","down"
2.10796396883386e-07,-0.837880478480524,0.019,0.04,0.00396339385420143,"Naive B","POLA1","down"
5.73488123056964e-11,-0.836433116434353,0.021,0.049,1.0782723689717e-06,"Naive B","INPP1","down"
3.43830706164923e-16,-0.835395454616366,0.061,0.118,6.46470493731287e-12,"Naive B","PARD6A","down"
2.03055545701198e-16,-0.834069135228843,0.029,0.065,3.81785037027393e-12,"Naive B","TICAM2","down"
1.71544748408845e-73,-0.833219232929117,0.632,0.766,3.22538435958311e-69,"Naive B","ZEB2","down"
5.92140938199689e-35,-0.831454231436526,0.089,0.187,1.11334339200305e-30,"Naive B","MLLT10","down"
6.86219578071221e-09,-0.831139125366798,0.026,0.053,0.000129023005068951,"Naive B","GRIK1","down"
3.52188061603179e-12,-0.831084083755147,0.025,0.054,6.62183993426297e-08,"Naive B","VPS26B","down"
9.15186686608324e-33,-0.8300337100158,0.071,0.153,1.72073400816097e-28,"Naive B","ANTKMT","down"
8.32885279781145e-12,-0.829989624902348,0.043,0.084,1.56599090304451e-07,"Naive B","SLC7A7","down"
4.81606773548708e-17,-0.829942212855806,0.055,0.109,9.05517055626282e-13,"Naive B","EEF2K","down"
2.83248241489711e-26,-0.828873084812323,0.096,0.186,5.32563343648954e-22,"Naive B","AFDN","down"
4.62434750931019e-38,-0.827218750117504,0.162,0.296,8.69469818700502e-34,"Naive B","TMEM154","down"
4.84388513181785e-09,-0.827078402526329,0.022,0.046,9.10747282484392e-05,"Naive B","HS1BP3","down"
1.26109858924508e-22,-0.826809206500612,0.063,0.13,2.3711175674986e-18,"Naive B","PTPA","down"
9.59816453453223e-11,-0.826320270152632,0.049,0.09,1.80464689578275e-06,"Naive B","PIP5K1B","down"
1.04087575458932e-19,-0.824668160569102,0.05,0.107,1.95705459377883e-15,"Naive B","BBC3","down"
1.60768146558868e-28,-0.823651397934708,0.096,0.187,3.02276269159984e-24,"Naive B","RGS10","down"
3.39664885994744e-10,-0.823251932751383,0.018,0.04,6.38637918647318e-06,"Naive B","TMEM14A","down"
3.22124672623736e-39,-0.821534446688452,0.176,0.316,6.05658809467148e-35,"Naive B","WDFY1","down"
4.71070597788276e-26,-0.820604859259421,0.069,0.143,8.85706937961517e-22,"Naive B","KLHDC4","down"
2.80057162325164e-32,-0.819995342093449,0.093,0.19,5.26563476603774e-28,"Naive B","EIF4EBP1","down"
4.45330822928964e-28,-0.81994436557335,0.09,0.18,8.37311013271038e-24,"Naive B","SLC7A6","down"
3.64337002479618e-12,-0.819605638056584,0.043,0.085,6.85026432062178e-08,"Naive B","RFX2","down"
6.15373836998241e-10,-0.818425858682747,0.052,0.094,1.15702588832409e-05,"Naive B","CNIH2","down"
1.47577881898071e-07,-0.817001286257366,0.027,0.052,0.00277475933544754,"Naive B","DNAAF10","down"
9.77863785421351e-21,-0.815811268612358,0.051,0.107,1.83857948934922e-16,"Naive B","STK39","down"
1.81628853193608e-57,-0.815575109027012,0.309,0.503,3.41498569774622e-53,"Naive B","OGDH","down"
5.35522246560024e-12,-0.815487783207386,0.038,0.077,1.00688892798216e-07,"Naive B","DGAT2","down"
1.02083180941447e-06,-0.81521574852507,0.01,0.024,0.0191936796806108,"Naive B","ENSG00000258666","down"
2.6606217390412e-23,-0.813183458204782,0.074,0.146,5.00250099374526e-19,"Naive B","TMEM250","down"
4.156347021316e-36,-0.812933070966028,0.064,0.15,7.81476366947833e-32,"Naive B","NETO2","down"
8.94274194943598e-19,-0.812847557667456,0.051,0.106,1.68141434133295e-14,"Naive B","TMEM181","down"
3.85552664834661e-14,-0.811723611337843,0.023,0.052,7.24916120422129e-10,"Naive B","ENSG00000267379","down"
1.21617157901303e-21,-0.811025236960134,0.154,0.251,2.2866458028603e-17,"Naive B","CD72","down"
6.75218486348042e-91,-0.810847930686951,0.702,0.833,1.26954579803159e-86,"Naive B","ADGRE5","down"
4.88571669298384e-10,-0.809101590458408,0.029,0.059,9.18612452614821e-06,"Naive B","LRSAM1","down"
4.81520125638934e-22,-0.808183414120829,0.069,0.137,9.05354140226324e-18,"Naive B","TSPAN14","down"
3.7273611428877e-08,-0.807615019267335,0.015,0.032,0.000700818442085745,"Naive B","MORN3","down"
4.23573043254355e-56,-0.805308215132277,0.226,0.406,7.96402035926837e-52,"Naive B","TWF2","down"
1.6732158323354e-17,-0.804660171563742,0.028,0.064,3.14598040795702e-13,"Naive B","TRIB3","down"
5.39319035095277e-40,-0.80384439976622,0.232,0.385,1.01402764978614e-35,"Naive B","SOCS1","down"
2.32221289577837e-47,-0.802642635353342,0.258,0.429,4.36622468664249e-43,"Naive B","GLUD1","down"
3.65035861318923e-24,-0.80202009334763,0.068,0.137,6.8634042645184e-20,"Naive B","TEDC1","down"
9.85365929637974e-08,-0.800695170429425,0.02,0.041,0.00185268502090532,"Naive B","ERFL","down"
4.45051466856383e-07,-0.800546757281081,0.016,0.034,0.00836785767983371,"Naive B","ABHD14A","down"
2.62631190926794e-23,-0.799219766493494,0.122,0.215,4.93799165180558e-19,"Naive B","ANXA4","down"
4.89633887514925e-09,-0.797190375282948,0.025,0.051,9.20609635305562e-05,"Naive B","SLC25A42","down"
1.53910046942107e-17,-0.796108769145692,0.061,0.12,2.8938167026055e-13,"Naive B","SFXN1","down"
5.92000141900175e-10,-0.794837221332688,0.036,0.069,1.11307866680071e-05,"Naive B","SAMD1","down"
2.6418280495499e-38,-0.794828771585446,0.158,0.29,4.96716509876372e-34,"Naive B","CRYBG1","down"
9.31559073422709e-09,-0.794760217073639,0.027,0.053,0.000175151736984938,"Naive B","PLEKHF1","down"
5.18671211987572e-08,-0.793128348398426,0.03,0.056,0.000975205612779033,"Naive B","ALG6","down"
3.07888406778276e-17,-0.793120738477194,0.052,0.104,5.78891782424515e-13,"Naive B","HEG1","down"
5.37511687227993e-11,-0.791230561880904,0.023,0.049,1.01062947432607e-06,"Naive B","ENSG00000290854","down"
1.07217027367835e-09,-0.79063932088531,0.016,0.037,2.01589454857003e-05,"Naive B","PIK3R2","down"
6.30646718902487e-07,-0.789245587956565,0.009,0.022,0.0118574196088046,"Naive B","PABPC4-AS1","down"
6.62539662936263e-14,-0.788400268664787,0.11,0.178,1.24570707425276e-09,"Naive B","RRBP1","down"
2.46629200738086e-08,-0.788322559192209,0.024,0.049,0.000463712223227749,"Naive B","CCDC102A","down"
1.92626355409069e-08,-0.787997607120087,0.019,0.04,0.000362176073440132,"Naive B","PTP4A3","down"
1.43060570877963e-18,-0.785690269188347,0.044,0.092,2.68982485364746e-14,"Naive B","INF2","down"
1.10014174798074e-60,-0.78565603259834,0.32,0.521,2.06848651455339e-56,"Naive B","RFX3","down"
6.37306330105049e-45,-0.784824232722449,0.276,0.444,1.19826336186351e-40,"Naive B","SYK","down"
5.66063830266957e-13,-0.783897725705295,0.024,0.051,1.06431321366793e-08,"Naive B","RPS6KA4","down"
3.12262762195625e-11,-0.783659800271046,0.029,0.06,5.87116445480214e-07,"Naive B","NAIP","down"
7.34602341589246e-41,-0.783637667105103,0.141,0.269,1.3811993226561e-36,"Naive B","TMEM70","down"
6.88692931595115e-17,-0.783458557650952,0.045,0.092,1.29488044998513e-12,"Naive B","ESRRA","down"
2.7756750166133e-95,-0.783260011694085,0.617,0.793,5.21882416623633e-91,"Naive B","AKAP13","down"
8.48317730930547e-10,-0.781787447602217,0.069,0.114,1.59500699769561e-05,"Naive B","NEDD4L","down"
1.67275004982489e-58,-0.781712380240199,0.369,0.566,3.14510464368076e-54,"Naive B","YWHAH","down"
1.68208607990191e-08,-0.780518402568996,0.009,0.021,0.000316265824743157,"Naive B","DVL1","down"
4.86674926108886e-30,-0.78047378282047,0.097,0.19,9.15046196069927e-26,"Naive B","HMGN3","down"
3.14055852380584e-07,-0.779043459534146,0.031,0.057,0.00590487813645973,"Naive B","SV2C","down"
1.859851964573e-07,-0.778558686265103,0.023,0.045,0.00349689366379016,"Naive B","SLC10A7","down"
9.87131787558283e-21,-0.777342159277307,0.048,0.1,1.85600518696708e-16,"Naive B","BRI3BP","down"
5.99467502367661e-10,-0.774193106713239,0.051,0.091,1.12711879795168e-05,"Naive B","SRGAP2B","down"
1.3142295872955e-08,-0.772938150755458,0.02,0.043,0.0002471014470033,"Naive B","ZNF714","down"
5.57784958815192e-28,-0.771027418557907,0.104,0.197,1.04874727956432e-23,"Naive B","SRGAP2","down"
1.83330432803723e-68,-0.771018143750205,0.484,0.675,3.44697879757561e-64,"Naive B","PTPN1","down"
1.10106613566222e-10,-0.770733430738702,0.026,0.054,2.07022454827211e-06,"Naive B","PCCA","down"
1.5067333407151e-45,-0.770347328999923,0.163,0.304,2.83296002721254e-41,"Naive B","DYNLT1","down"
5.6993187796162e-14,-0.770023696143423,0.03,0.065,1.07158591694344e-09,"Naive B","TRIM34","down"
1.08602708992379e-10,-0.769419945987731,0.11,0.167,2.04194813447472e-06,"Naive B","MIR4435-2HG","down"
1.15280183697577e-12,-0.767557552339945,0.036,0.072,2.16749801388184e-08,"Naive B","STS","down"
1.67114187091623e-41,-0.766970526988898,0.132,0.255,3.14208094569669e-37,"Naive B","NCF4","down"
1.33737487858709e-74,-0.764412066855214,0.478,0.689,2.51453224671944e-70,"Naive B","ACP5","down"
9.43099328928996e-31,-0.76430334781782,0.119,0.221,1.7732153582523e-26,"Naive B","PARP4","down"
6.05458724410961e-60,-0.764233147433915,0.345,0.546,1.13838349363749e-55,"Naive B","CD63","down"
5.11153765372878e-16,-0.763214414995863,0.063,0.12,9.61071309654086e-12,"Naive B","CCSAP","down"
1.433353988386e-06,-0.763112941791175,0.021,0.04,0.0269499216896336,"Naive B","FPGT","down"
3.30997246739782e-15,-0.761173137617502,0.074,0.134,6.22341023320137e-11,"Naive B","DIP2A","down"
1.47173333713811e-13,-0.760176260812833,0.019,0.045,2.76715302048707e-09,"Naive B","PMS2","down"
7.67956923928419e-11,-0.759372477615945,0.017,0.04,1.44391260837021e-06,"Naive B","ENSG00000228427","down"
5.42230759317025e-75,-0.759212853783672,0.66,0.812,1.01950227366787e-70,"Naive B","AHNAK","down"
1.30498570037201e-86,-0.759122025947876,0.568,0.77,2.45363411383946e-82,"Naive B","VOPP1","down"
9.38747777214324e-12,-0.759014194374489,0.025,0.053,1.76503357071837e-07,"Naive B","HEATR3","down"
7.92078746291225e-21,-0.758523205686349,0.12,0.206,1.48926645877676e-16,"Naive B","JAK2","down"
3.42223843456366e-10,-0.757175795081586,0.019,0.041,6.43449270466659e-06,"Naive B","NAA40","down"
9.53375096916257e-08,-0.757007391941485,0.017,0.036,0.00179253585722195,"Naive B","HHAT","down"
2.80449709982647e-24,-0.756910071632289,0.044,0.096,5.27301544709372e-20,"Naive B","CSRP1","down"
9.65784070205933e-84,-0.756320551249568,0.506,0.718,1.81586720880119e-79,"Naive B","PKM","down"
2.07716942816038e-06,-0.754603216843638,0.017,0.034,0.0390549395882715,"Naive B","PCYOX1","down"
1.19078884161856e-09,-0.754544817063348,0.02,0.042,2.23892118001121e-05,"Naive B","MORC2","down"
3.22274723823644e-51,-0.754484440331931,0.284,0.466,6.05940935733216e-47,"Naive B","NLRC5","down"
6.73012525320315e-28,-0.754420704674399,0.089,0.171,1.26539815010726e-23,"Naive B","CTSA","down"
8.01617863070154e-40,-0.754289184420803,0.141,0.268,1.5072019061445e-35,"Naive B","IGFLR1","down"
1.55236829802109e-22,-0.753926721225282,0.066,0.129,2.91876287393926e-18,"Naive B","INPP5B","down"
1.46357839687678e-13,-0.753543028471042,0.023,0.051,2.75182010180772e-09,"Naive B","MVP-DT","down"
4.60005795323027e-87,-0.753479039153077,0.728,0.865,8.64902896366355e-83,"Naive B","CD52","down"
8.20164450466197e-27,-0.752811037063377,0.103,0.193,1.54207319976654e-22,"Naive B","GTDC1","down"
2.49559840249186e-06,-0.752292414899666,0.016,0.034,0.046922241163652,"Naive B","INSL6","down"
3.73620682222566e-23,-0.75205531638016,0.145,0.243,7.02481606714869e-19,"Naive B","LYPLAL1","down"
7.80106384147182e-32,-0.751696402029892,0.093,0.183,1.46675602347353e-27,"Naive B","RPA1","down"
4.21373540764097e-23,-0.750768260383139,0.05,0.106,7.92266531344654e-19,"Naive B","SLC12A2-DT","down"
1.15647687624597e-09,-0.74968758507017,0.014,0.031,2.17440782271767e-05,"Naive B","AP1S1","down"
3.25666965427972e-13,-0.74900352007684,0.046,0.088,6.12319028397672e-09,"Naive B","WDR3","down"
8.43432608622849e-15,-0.747991648806177,0.032,0.068,1.58582199073268e-10,"Naive B","ZC2HC1A","down"
4.72370707114894e-21,-0.747954113597915,0.089,0.165,8.88151403517424e-17,"Naive B","CAMKMT","down"
4.43323383736331e-25,-0.747237921864255,0.102,0.187,8.33536626101049e-21,"Naive B","SLC25A13","down"
8.55323839378032e-13,-0.747110016986336,0.029,0.061,1.60817988279858e-08,"Naive B","PRKAR1B","down"
3.14960059120941e-16,-0.746624593954395,0.04,0.082,5.92187903159193e-12,"Naive B","COX10-DT","down"
4.72156248106522e-09,-0.746295895589705,0.025,0.051,8.87748177689882e-05,"Naive B","TTYH3","down"
5.65426850506717e-31,-0.745288339952471,0.172,0.293,1.06311556432273e-26,"Naive B","NUDT4","down"
4.6193494498399e-10,-0.74518627464823,0.029,0.058,8.68530083558898e-06,"Naive B","ANXA2R-AS1","down"
1.04613108657857e-13,-0.744529795891072,0.05,0.094,1.96693566898503e-09,"Naive B","NEK11","down"
1.2780461745799e-19,-0.741829297356212,0.051,0.103,2.40298241744513e-15,"Naive B","VPS18","down"
1.50230893798922e-47,-0.740461352523234,0.59,0.715,2.82464126520733e-43,"Naive B","MEF2C","down"
7.02494261331262e-17,-0.738862235946415,0.022,0.058,1.32082971015504e-12,"Naive B","IFIT2","down"
2.92218637915921e-44,-0.73811437215857,0.316,0.486,5.49429483009515e-40,"Naive B","IFITM2","down"
2.13727406347408e-07,-0.737817682442254,0.015,0.032,0.00401850269414396,"Naive B","GRPEL2","down"
1.04003402637317e-06,-0.73683079260311,0.025,0.047,0.0195547197638683,"Naive B","USP13","down"
4.26494079992391e-12,-0.733989169090034,0.027,0.056,8.01894169201694e-08,"Naive B","SLC15A3","down"
3.44958232290881e-11,-0.732905419483881,0.033,0.066,6.48590468353315e-07,"Naive B","TSEN54","down"
4.11799971210883e-13,-0.729182211719349,0.042,0.082,7.74266305870703e-09,"Naive B","SLC25A43","down"
2.37693290293136e-18,-0.72891509839588,0.039,0.082,4.46910924409154e-14,"Naive B","RIOX2","down"
3.08688039890589e-19,-0.728263401681789,0.062,0.12,5.80395252602286e-15,"Naive B","AGPS","down"
9.40268938629825e-16,-0.728056022978455,0.05,0.097,1.7678936584118e-11,"Naive B","IQCG","down"
5.87878065499973e-62,-0.727762663475358,0.409,0.61,1.10532833875305e-57,"Naive B","CTSZ","down"
1.25748323425399e-14,-0.727153055462911,0.065,0.118,2.36431997704435e-10,"Naive B","MAST3","down"
4.71958962734343e-14,-0.726602160602349,0.026,0.057,8.87377241733111e-10,"Naive B","GSS","down"
3.5740751814076e-16,-0.725991629327749,0.036,0.076,6.71997615608257e-12,"Naive B","TM7SF3","down"
7.25578766981788e-42,-0.724600448961401,0.26,0.421,1.36423319767916e-37,"Naive B","MTHFD2","down"
1.75639279931693e-08,-0.722868671205706,0.01,0.024,0.000330236974127569,"Naive B","NOTCH2NLR","down"
3.81842484878329e-11,-0.722408184530816,0.029,0.059,7.17940240068235e-07,"Naive B","NLRC3","down"
2.89363671337035e-16,-0.721190897690805,0.078,0.14,5.44061574847894e-12,"Naive B","PITPNC1","down"
1.86400664815167e-19,-0.721173802266194,0.055,0.108,3.50470529985476e-15,"Naive B","NIPA1","down"
8.40713425704648e-39,-0.720250571756772,0.218,0.365,1.58070938300988e-34,"Naive B","TMEM43","down"
1.51538213499606e-16,-0.717538238242298,0.016,0.045,2.84922149021959e-12,"Naive B","BATF","down"
2.52390835795821e-10,-0.71742864086684,0.03,0.059,4.74545249463303e-06,"Naive B","CDKN2A","down"
1.83508386038563e-38,-0.717168190686069,0.146,0.269,3.45032467429706e-34,"Naive B","UPF3A","down"
4.68033085612349e-58,-0.716951142155694,0.418,0.61,8.79995807568339e-54,"Naive B","WNK1","down"
6.97788481954122e-14,-0.716227778136959,0.036,0.074,1.31198190377014e-09,"Naive B","PUS7","down"
7.32662244423562e-13,-0.714494186845759,0.047,0.089,1.37755155196518e-08,"Naive B","BTN3A1","down"
1.09031635504057e-43,-0.713364539732958,0.149,0.28,2.05001281074727e-39,"Naive B","SUN1","down"
1.37655989931744e-64,-0.713298993733357,0.495,0.689,2.58820792269665e-60,"Naive B","CD58","down"
6.18011833819467e-32,-0.713170385722088,0.167,0.287,1.16198584994736e-27,"Naive B","PREX1","down"
9.76013614139088e-41,-0.71294214983067,0.423,0.576,1.83510079730431e-36,"Naive B","GGA2","down"
3.52401035124888e-21,-0.712214367181718,0.11,0.193,6.62584426241814e-17,"Naive B","PIK3R5","down"
1.17349663866857e-14,-0.711807062968902,0.047,0.09,2.20640838002465e-10,"Naive B","PHF2","down"
1.22656295749539e-11,-0.710666077646882,0.036,0.069,2.30618367268283e-07,"Naive B","CC2D1A","down"
1.09231887339107e-41,-0.710630053891638,0.565,0.688,2.05377794574989e-37,"Naive B","LITAF","down"
2.99749199174328e-08,-0.710553551771554,0.032,0.059,0.000563588444287571,"Naive B","ENSG00000261573","down"
2.32751105108259e-12,-0.709782752510035,0.027,0.056,4.37618627824548e-08,"Naive B","TUBG1","down"
1.67572905351842e-27,-0.70815860527412,0.196,0.314,3.15070576642534e-23,"Naive B","VSIR","down"
4.15128865457176e-08,-0.708020227704987,0.01,0.025,0.000780525292832583,"Naive B","NETO1","down"
4.87544570134856e-12,-0.707129427443524,0.052,0.095,9.16681300767557e-08,"Naive B","MGAT4A","down"
4.21008822345442e-49,-0.706426224843909,0.206,0.365,7.91580787773899e-45,"Naive B","C4orf48","down"
1.10399211010351e-14,-0.706071656336532,0.056,0.104,2.07572596541662e-10,"Naive B","ENO2","down"
1.66199229516428e-46,-0.704541900428926,0.377,0.551,3.12487791336788e-42,"Naive B","PPP1R16B","down"
1.21091700072191e-30,-0.702926951739209,0.203,0.33,2.27676614475733e-26,"Naive B","ENSG00000290192","down"
8.60245711942335e-39,-0.702628139074645,0.114,0.219,1.61743398759398e-34,"Naive B","MLX","down"
1.56063317648209e-12,-0.701874418149058,0.035,0.069,2.93430249842162e-08,"Naive B","TRMT61A","down"
2.38124800625999e-60,-0.701169540786949,0.527,0.698,4.47722250137004e-56,"Naive B","RAPGEF1","down"
1.90635784950885e-20,-0.701073671322197,0.097,0.171,3.58433402864655e-16,"Naive B","ENSG00000291055","down"
2.84668857006898e-09,-0.700927052604293,0.021,0.044,5.35234384944369e-05,"Naive B","LINC02976","down"
1.47647689118452e-15,-0.700740573305265,0.028,0.061,2.77607185080513e-11,"Naive B","BPNT1","down"
5.78261788368323e-13,-0.700431502451675,0.064,0.113,1.08724781449012e-08,"Naive B","ENSG00000290548","down"
1.0187864536936e-18,-0.700088989709026,0.046,0.092,1.91552229023471e-14,"Naive B","LMNB1","down"
1.6565753274587e-11,-0.700019226208107,0.035,0.069,3.11469293068785e-07,"Naive B","LSS","down"
9.39184779072233e-22,-0.699744092135026,0.141,0.233,1.76585522161161e-17,"Naive B","UGCG","down"
1.32851814367616e-12,-0.697775992764718,0.036,0.072,2.49787981373991e-08,"Naive B","PHACTR2","down"
2.494710252795e-08,-0.697665662468145,0.021,0.042,0.000469055421730516,"Naive B","ENSG00000231873","down"
6.34706131145694e-07,-0.697375073445602,0.03,0.055,0.0119337446778013,"Naive B","GCNT2","down"
2.17829640612124e-43,-0.696586114720696,0.259,0.422,4.09563290278916e-39,"Naive B","MCM5","down"
1.05850406167113e-23,-0.695616296799832,0.081,0.153,1.99019933675406e-19,"Naive B","RNF121","down"
2.17100319445931e-39,-0.693660169123293,0.151,0.277,4.0819202062224e-35,"Naive B","ARRB2","down"
2.23648612407678e-09,-0.692898152400548,0.019,0.04,4.20504121048917e-05,"Naive B","LRRC56","down"
8.12267881862696e-14,-0.692174631364506,0.066,0.117,1.52722607147824e-09,"Naive B","PPM1L","down"
2.87922286643264e-32,-0.692015668142683,0.167,0.287,5.41351483346665e-28,"Naive B","ODF3B","down"
2.12842805654337e-20,-0.691497573185858,0.073,0.138,4.00187043191285e-16,"Naive B","KIF21B","down"
1.090280936549e-07,-0.690860408592286,0.031,0.056,0.00204994621689944,"Naive B","APOBEC3D","down"
7.8872386635018e-14,-0.690789791386083,0.03,0.064,1.48295861351161e-09,"Naive B","ENSG00000273272","down"
2.82283231754374e-07,-0.690777115277843,0.03,0.055,0.00530748932344575,"Naive B","LINC01374","down"
1.65759620262455e-37,-0.690219181191399,0.21,0.352,3.11661238017469e-33,"Naive B","PIP4K2A","down"
1.39503979843983e-12,-0.690116476927741,0.101,0.161,2.62295382902656e-08,"Naive B","FCRL5","down"
2.21401643661441e-19,-0.688294110726508,0.056,0.109,4.16279370412241e-15,"Naive B","MYBBP1A","down"
9.22482095833327e-57,-0.685417119314751,0.469,0.651,1.73445083658582e-52,"Naive B","POU2F2","down"
2.14450876920561e-06,-0.685415269168169,0.011,0.023,0.0403210538786039,"Naive B","MBOAT1","down"
2.76926051112778e-09,-0.685045806620039,0.023,0.046,5.20676361302245e-05,"Naive B","INSYN2B","down"
5.30716652469094e-36,-0.684715107913377,0.206,0.343,9.9785344997239e-32,"Naive B","TBL1XR1","down"
3.86433113876641e-12,-0.684553893048094,0.045,0.083,7.2657154071086e-08,"Naive B","LRRC37A2","down"
1.65916346154653e-44,-0.684492045235864,0.329,0.501,3.11955914039978e-40,"Naive B","SH3KBP1","down"
9.28300737814505e-10,-0.684267133282065,0.04,0.074,1.74539104723883e-05,"Naive B","FRY","down"
2.40283812283351e-27,-0.683897705499623,0.097,0.181,4.51781623855157e-23,"Naive B","TBC1D9B","down"
4.41428823447864e-10,-0.682700597034389,0.038,0.071,8.29974473846673e-06,"Naive B","MAGEF1","down"
1.56919418578925e-11,-0.682517914957476,0.029,0.058,2.95039890812095e-07,"Naive B","PPM1M","down"
4.36688040129675e-17,-0.682307165117472,0.089,0.156,8.21060853051815e-13,"Naive B","SLC1A4","down"
1.73087765217293e-08,-0.681964508257898,0.015,0.033,0.000325439616161555,"Naive B","TMEM116","down"
3.92320690650525e-11,-0.681072441614949,0.021,0.045,7.37641362561117e-07,"Naive B","PTER","down"
5.98143953771174e-29,-0.680535255855692,0.161,0.272,1.12463026188056e-24,"Naive B","JADE2","down"
3.64557632296881e-17,-0.680265196666108,0.044,0.088,6.85441260244596e-13,"Naive B","RHOT1","down"
3.83683860290984e-39,-0.68002072278226,0.27,0.426,7.21402394119108e-35,"Naive B","RGS19","down"
1.01071030208157e-24,-0.679653986471312,0.166,0.273,1.90033750997376e-20,"Naive B","LRRC8C","down"
1.05529095492354e-16,-0.679415062767352,0.062,0.115,1.98415805344724e-12,"Naive B","FBXW8","down"
3.52438243117254e-07,-0.679158093139678,0.023,0.044,0.00662654384709062,"Naive B","ENSG00000283696","down"
3.52743238541756e-28,-0.678577142656807,0.141,0.245,6.63227837106209e-24,"Naive B","TMEM65","down"
5.61428285343775e-12,-0.677501123426636,0.047,0.087,1.05559746210337e-07,"Naive B","METTL8","down"
1.24987963904154e-35,-0.676685906619836,0.238,0.381,2.35002369732591e-31,"Naive B","IL10RA","down"
1.12148633299801e-20,-0.675483029322995,0.111,0.192,2.10861860330286e-16,"Naive B","TMEM163","down"
2.83885865928484e-35,-0.675239086092472,0.19,0.32,5.33762205118737e-31,"Naive B","SNN","down"
7.0079574198655e-14,-0.674649576893577,0.049,0.092,1.31763615408311e-09,"Naive B","CIC","down"
1.3557903897365e-49,-0.674213600291152,0.25,0.419,2.54915709078256e-45,"Naive B","LDHB","down"
1.85735325745329e-08,-0.67391056549297,0.05,0.085,0.000349219559466368,"Naive B","CNR1","down"
1.65631522088617e-31,-0.673659978550615,0.335,0.474,3.11420387831018e-27,"Naive B","SMIM14","down"
9.70638778003597e-85,-0.673105463670602,0.838,0.92,1.82499503040236e-80,"Naive B","ACTG1","down"
1.42523740582811e-15,-0.672950717956992,0.081,0.142,2.67973137043801e-11,"Naive B","DOCK4","down"
2.97876129177518e-12,-0.672507603067779,0.037,0.071,5.6006669807957e-08,"Naive B","POU2F2-AS1","down"
2.56571856069182e-39,-0.672250163604811,0.394,0.546,4.82406403781275e-35,"Naive B","ARL6IP5","down"
1.33663104450528e-28,-0.671852032612752,0.088,0.166,2.51313368987883e-24,"Naive B","GLRX2","down"
2.25298539765697e-11,-0.671559412858833,0.022,0.047,4.23606314467463e-07,"Naive B","RRAGD","down"
2.79965643790243e-29,-0.6709514467517,0.103,0.191,5.26391403454414e-25,"Naive B","TFDP1","down"
3.39637632406125e-07,-0.670137746199351,0.032,0.057,0.00638586676449996,"Naive B","DPY19L2P2","down"
1.74731142182249e-06,-0.669213747219393,0.021,0.04,0.0328529493531065,"Naive B","L3HYPDH","down"
8.0126229404474e-16,-0.668907599156065,0.045,0.088,1.50653336526292e-11,"Naive B","B3GNT7","down"
1.32327160871194e-17,-0.666358399551895,0.043,0.085,2.48801527870019e-13,"Naive B","RMND1","down"
6.35203389841011e-22,-0.665298425177995,0.063,0.122,1.19430941357907e-17,"Naive B","NCR3","down"
6.95337793081609e-09,-0.66428530061733,0.05,0.085,0.000130737411855204,"Naive B","TMEM268","down"
1.90490824154362e-19,-0.664235484489201,0.045,0.091,3.58160847575031e-15,"Naive B","TBC1D19","down"
1.12953250018772e-08,-0.664212869176275,0.031,0.058,0.000212374700685295,"Naive B","CNFN","down"
2.11338667009841e-16,-0.663298276055139,0.151,0.233,3.97358961711903e-12,"Naive B","IFITM1","down"
2.52723020235976e-22,-0.663234611039155,0.092,0.166,4.75169822647683e-18,"Naive B","TAF1B","down"
2.72652082208829e-34,-0.662061711778963,0.111,0.209,5.12640444969041e-30,"Naive B","MED29","down"
2.95422222964374e-12,-0.661645866829387,0.025,0.052,5.55452863617617e-08,"Naive B","VWA8","down"
1.91166485857361e-24,-0.66052446613116,0.092,0.168,3.5943122670901e-20,"Naive B","RAB24","down"
1.55504743836254e-13,-0.657997272543002,0.073,0.125,2.92380019360926e-09,"Naive B","DUS2","down"
2.94562034969518e-30,-0.657952599196122,0.159,0.27,5.53835538149688e-26,"Naive B","DCTPP1","down"
7.4593946532824e-20,-0.657780679251885,0.085,0.153,1.40251538271016e-15,"Naive B","ENSG00000291066","down"
1.01699886549845e-08,-0.657441093560311,0.037,0.066,0.000191216126691019,"Naive B","ENSG00000269954","down"
6.65579146518319e-09,-0.657052469732204,0.017,0.036,0.000125142191128374,"Naive B","UNG","down"
9.01448939638436e-50,-0.656515000374477,0.503,0.669,1.69490429630819e-45,"Naive B","MTSS1","down"
4.23266025369431e-07,-0.656102542065947,0.014,0.029,0.00795824780899604,"Naive B","KIFC2","down"
1.34576587242067e-38,-0.655752313383763,0.302,0.46,2.53030899332534e-34,"Naive B","EEA1","down"
3.36063767483845e-87,-0.655461891091286,0.813,0.912,6.31867095623126e-83,"Naive B","LMNA","down"
1.9104190511938e-28,-0.655333720782167,0.116,0.208,3.59196990005458e-24,"Naive B","FGD2","down"
5.26302953193202e-12,-0.654813771222726,0.035,0.068,9.89554812593858e-08,"Naive B","HRK","down"
1.21423549193815e-26,-0.654270891215553,0.156,0.26,2.28300557194212e-22,"Naive B","MGMT","down"
9.4461661447769e-09,-0.654232809174111,0.009,0.022,0.000177606815854095,"Naive B","POLR1G","down"
5.95657134604102e-24,-0.653786284717367,0.099,0.178,1.11995454448263e-19,"Naive B","RAD50","down"
3.33505404334952e-07,-0.653637136686007,0.02,0.039,0.00627056861230577,"Naive B","GHDC","down"
1.33731150609648e-23,-0.653562282153563,0.073,0.139,2.5144130937626e-19,"Naive B","KIF3B","down"
2.21013631573757e-07,-0.653050822561144,0.025,0.046,0.00415549830084978,"Naive B","PPP2R5B","down"
1.83331592885461e-09,-0.652914584067473,0.024,0.046,3.44700060943243e-05,"Naive B","SFT2D3","down"
3.47183365440507e-37,-0.652900301229129,0.347,0.504,6.52774163701242e-33,"Naive B","CNIH1","down"
3.37864445310481e-11,-0.652241822909494,0.038,0.072,6.35252730072767e-07,"Naive B","SPATA5L1","down"
1.74122019112143e-29,-0.652221462970762,0.134,0.236,3.27384220334651e-25,"Naive B","NSMAF","down"
7.60338364190052e-21,-0.652101605268431,0.076,0.139,1.42958819235014e-16,"Naive B","NFE2L1","down"
1.17858413442785e-14,-0.652019650580598,0.055,0.101,2.21597388955124e-10,"Naive B","PTPRO","down"
7.00610442985768e-15,-0.651520480236258,0.037,0.074,1.31728775490184e-10,"Naive B","AMZ1","down"
3.68986333976312e-12,-0.651342184561778,0.026,0.052,6.93768105142262e-08,"Naive B","ENSG00000291159","down"
1.31491531174724e-58,-0.650411209868423,0.274,0.464,2.47230376914716e-54,"Naive B","SIK1","down"
3.8925464674938e-18,-0.649841216768915,0.055,0.104,7.31876586818184e-14,"Naive B","EXOSC5","down"
2.24276817015489e-34,-0.648898805490844,0.339,0.489,4.21685271352522e-30,"Naive B","CBLB","down"
9.06488227353688e-14,-0.64889757271219,0.048,0.088,1.7043791650704e-09,"Naive B","STYXL1","down"
1.46263495017934e-13,-0.648770888702454,0.04,0.077,2.7500462333272e-09,"Naive B","MTHFD1","down"
3.17091526964006e-58,-0.648554561556173,0.599,0.752,5.96195488997724e-54,"Naive B","ANXA2","down"
2.87437870292067e-10,-0.648313796760807,0.06,0.102,5.40440683723144e-06,"Naive B","VPS45","down"
4.12382869389019e-09,-0.64820312635189,0.038,0.068,7.75362271025234e-05,"Naive B","CEP250","down"
7.90805672058605e-15,-0.648173684471148,0.044,0.084,1.48687282460459e-10,"Naive B","EHMT2","down"
2.71699850184361e-10,-0.647356574331308,0.022,0.044,5.10850058316636e-06,"Naive B","PRH1","down"
7.24166911523108e-27,-0.64725667972589,0.074,0.145,1.36157862704575e-22,"Naive B","SEPTIN11","down"
4.0496756392144e-16,-0.64690334811779,0.086,0.147,7.61420013685091e-12,"Naive B","CPEB4","down"
5.31130449504163e-14,-0.646453246333896,0.039,0.076,9.98631471157728e-10,"Naive B","APPAT","down"
8.1812654187547e-60,-0.646025928311088,0.272,0.462,1.53824152403426e-55,"Naive B","RAB31","down"
1.01992766175443e-07,-0.645572940581046,0.022,0.042,0.00191766798963068,"Naive B","PTGR3","down"
2.21076470699186e-16,-0.644710536397874,0.061,0.114,4.1566798020861e-12,"Naive B","JDP2","down"
7.43834016546866e-15,-0.644602036748431,0.07,0.124,1.39855671791142e-10,"Naive B","TLR10","down"
6.64793723957424e-08,-0.644155108730402,0.03,0.054,0.00124994515978475,"Naive B","ZFYVE21","down"
1.81414918328563e-18,-0.644154432514668,0.033,0.069,3.41096329441364e-14,"Naive B","NAXD","down"
5.86958010295547e-33,-0.642697578872249,0.157,0.27,1.10359845095769e-28,"Naive B","ABHD17A","down"
2.88497359796261e-12,-0.641629415632544,0.032,0.063,5.4243273588893e-08,"Naive B","ENSG00000275119","down"
1.70258638582646e-06,-0.639952034063736,0.011,0.024,0.0320120292263091,"Naive B","RDH13","down"
1.8316859647487e-07,-0.639195903405925,0.018,0.036,0.0034439359509205,"Naive B","FAM78A","down"
2.56520895859227e-07,-0.63878556006885,0.043,0.073,0.00482310588394518,"Naive B","DNHD1","down"
3.3250745997943e-10,-0.638407332396098,0.047,0.083,6.25180526253324e-06,"Naive B","ZNF827","down"
8.42284072169122e-09,-0.638307212788361,0.021,0.043,0.000158366251249238,"Naive B","ENSG00000227741","down"
6.45128491463952e-38,-0.638298204140594,0.199,0.335,1.21297058965052e-33,"Naive B","ACOT9","down"
6.68250744419972e-28,-0.638275225995882,0.133,0.23,1.25644504965843e-23,"Naive B","SELENOW","down"
4.60052375723056e-27,-0.637697932544113,0.271,0.399,8.64990476834491e-23,"Naive B","LY6E","down"
2.49358088110908e-26,-0.637001653753169,0.124,0.215,4.6884307726613e-22,"Naive B","TCIRG1","down"
1.84104297587245e-11,-0.636661331888866,0.175,0.246,3.46152900323537e-07,"Naive B","IGHG3","down"
1.24939015673552e-43,-0.636586701194941,0.192,0.334,2.34910337269412e-39,"Naive B","MFSD10","down"
3.35989362889692e-25,-0.636513267264811,0.143,0.238,6.31727200105199e-21,"Naive B","USF1","down"
5.76252887321056e-48,-0.636386485973361,0.432,0.611,1.08347067874105e-43,"Naive B","CXXC5","down"
2.30118747728698e-58,-0.636139009073577,0.627,0.781,4.32669269479499e-54,"Naive B","GPR183","down"
1.92144795832258e-28,-0.635482774905084,0.124,0.219,3.61270645123812e-24,"Naive B","DNAAF2","down"
4.57432614205474e-32,-0.63521170543625,0.156,0.269,8.60064801229132e-28,"Naive B","UBE2J1","down"
5.72338142544079e-17,-0.635116287298175,0.089,0.152,1.07611017561138e-12,"Naive B","RALB","down"
2.41995764367193e-21,-0.634910686990316,0.226,0.333,4.55000436163197e-17,"Naive B","RIN3","down"
1.77363576649578e-86,-0.633816755581742,0.702,0.859,3.33478996816537e-82,"Naive B","CD99","down"
1.15080160957155e-15,-0.633308029689251,0.081,0.139,2.16373718631642e-11,"Naive B","PDLIM7","down"
2.70935548889664e-09,-0.632224644903093,0.026,0.049,5.09413019022347e-05,"Naive B","PPP1R3D","down"
1.19539577225229e-22,-0.631779469782498,0.206,0.314,2.24758313098875e-18,"Naive B","MACF1","down"
4.68253385728418e-23,-0.63164906871533,0.142,0.236,8.80410015846571e-19,"Naive B","AHR","down"
1.36565948124923e-30,-0.631574699074397,0.112,0.205,2.5677129566448e-26,"Naive B","SLC43A2","down"
5.29333328281262e-40,-0.631297080214308,0.268,0.424,9.95252523834429e-36,"Naive B","PXK","down"
4.70523333404611e-21,-0.630906626307079,0.135,0.222,8.8467797146735e-17,"Naive B","SERTAD2","down"
1.21503885760535e-38,-0.630824314729224,0.18,0.307,2.28451606006958e-34,"Naive B","PIGT","down"
2.54193235931535e-28,-0.630527091460845,0.343,0.476,4.77934122198471e-24,"Naive B","BLK","down"
1.94209327923226e-16,-0.630180192382428,0.046,0.089,3.6515237836125e-12,"Naive B","GLRX","down"
2.34776441386461e-07,-0.62991947275273,0.016,0.034,0.00441426665094824,"Naive B","H2AC25","down"
4.09754319923188e-08,-0.629843056617415,0.023,0.045,0.000770420072319579,"Naive B","KLF8","down"
1.47568662557293e-16,-0.629382140294144,0.062,0.113,2.77458599340222e-12,"Naive B","KLHL21","down"
1.47655095786018e-06,-0.629262833762673,0.009,0.02,0.0277621111096872,"Naive B","AGFG2","down"
6.1731298849774e-14,-0.628365894461523,0.056,0.101,1.16067188097345e-09,"Naive B","UBXN11","down"
3.52730941131431e-21,-0.627696829147495,0.081,0.148,6.63204715515316e-17,"Naive B","HIVEP3","down"
2.69802234648047e-07,-0.627468629898725,0.008,0.019,0.00507282161585258,"Naive B","GALNT14","down"
2.79440238542674e-28,-0.62657781873582,0.191,0.307,5.25403536507936e-24,"Naive B","ASAH1","down"
7.85933029432694e-49,-0.626422775946721,0.342,0.524,1.47771128193935e-44,"Naive B","CAPG","down"
1.89289919385362e-16,-0.625794304596495,0.084,0.145,3.55902906428358e-12,"Naive B","MMS19","down"
3.64262214486573e-19,-0.625596345866807,0.052,0.101,6.84885815677655e-15,"Naive B","NBEAL2","down"
2.36887609648447e-37,-0.62482296920179,0.339,0.496,4.45396083661009e-33,"Naive B","MYO9B","down"
2.39500987836372e-16,-0.623664162476453,0.028,0.058,4.50309757329946e-12,"Naive B","SLC27A4","down"
4.95344395685438e-25,-0.623631318237674,0.089,0.164,9.3134653276776e-21,"Naive B","COA6","down"
7.42470972240522e-11,-0.623140087478909,0.03,0.058,1.39599392200663e-06,"Naive B","LZTR1","down"
5.7070907605469e-20,-0.623094357796532,0.077,0.137,1.07304720479803e-15,"Naive B","ALG3","down"
8.74981727366509e-22,-0.622502474446636,0.112,0.191,1.64514064379451e-17,"Naive B","ERCC6","down"
4.76069276056877e-09,-0.622289810440152,0.048,0.082,8.9510545284214e-05,"Naive B","SH2D3C","down"
6.34901922269641e-29,-0.622176003046965,0.143,0.244,1.19374259425138e-24,"Naive B","BCL7C","down"
3.80856682131213e-09,-0.622156889453001,0.023,0.045,7.16086733743107e-05,"Naive B","TOR4A","down"
4.14166101519157e-36,-0.620437816803965,0.407,0.563,7.78715104076319e-32,"Naive B","BCL2A1","down"
1.24664784792875e-11,-0.620203796857254,0.062,0.106,2.34394728367564e-07,"Naive B","SCML4","down"
3.89654868438042e-29,-0.620098053404887,0.087,0.162,7.32629083637207e-25,"Naive B","ADCK2","down"
1.38950025313062e-26,-0.619465882955974,0.15,0.251,2.6125383759362e-22,"Naive B","LY86","down"
1.4425251139713e-11,-0.619374507421861,0.019,0.039,2.71223571928883e-07,"Naive B","EEF1AKMT4","down"
3.71061638485606e-41,-0.618683155252493,0.377,0.544,6.97670092680636e-37,"Naive B","IRAG2","down"
1.58907831804745e-43,-0.618512520626365,0.222,0.372,2.98778505359282e-39,"Naive B","CASP8","down"
8.37438647937806e-16,-0.617547125410607,0.042,0.08,1.57455214585266e-11,"Naive B","CPTP","down"
2.24127221778664e-21,-0.616816142831782,0.064,0.121,4.21404002388245e-17,"Naive B","LDAH","down"
1.85183110237777e-32,-0.616715787670064,0.198,0.324,3.48181283869068e-28,"Naive B","ACSL1","down"
1.87552944897979e-11,-0.614013403395844,0.036,0.068,3.52637046997179e-07,"Naive B","MIATNB","down"
6.49709824725352e-24,-0.613230174526785,0.067,0.127,1.22158441244861e-19,"Naive B","ITPK1","down"
6.02099504376547e-16,-0.613022824978441,0.064,0.113,1.13206748812878e-11,"Naive B","SLC35B2","down"
5.38242773848261e-22,-0.612756524806429,0.245,0.357,1.0120040633895e-17,"Naive B","INPP5F","down"
1.26575900177452e-16,-0.612379421361454,0.048,0.091,2.37988007513645e-12,"Naive B","ORMDL3","down"
4.84130608717077e-40,-0.612253716464662,0.38,0.544,9.10262370509849e-36,"Naive B","CEP170","down"
1.64564364562233e-14,-0.612176800641914,0.078,0.132,3.09413918249911e-10,"Naive B","ATAD3B","down"
1.09990933365651e-37,-0.611610480009203,0.216,0.355,2.06804952914096e-33,"Naive B","PRKX","down"
3.14040961506223e-09,-0.611571235281067,0.033,0.06,5.90459815824001e-05,"Naive B","CDKL1","down"
2.78492385422167e-28,-0.611499632213726,0.085,0.161,5.23621383070759e-24,"Naive B","HK1","down"
1.45145611586442e-16,-0.610105770472037,0.076,0.132,2.72902778904828e-12,"Naive B","TBC1D7","down"
2.70626464520973e-11,-0.609161006253608,0.018,0.038,5.08831878592333e-07,"Naive B","ZNF25","down"
6.56580226354054e-09,-0.6090963252649,0.023,0.044,0.000123450214159089,"Naive B","LTBP4","down"
2.21235380121241e-22,-0.608906096087951,0.078,0.143,4.15966761703958e-18,"Naive B","GLB1","down"
1.40573623813046e-14,-0.608846193564423,0.057,0.103,2.64306527493288e-10,"Naive B","MINK1","down"
8.76878721206358e-09,-0.608817894858792,0.018,0.037,0.000164870737161219,"Naive B","CENPV","down"
5.16498834047173e-07,-0.608668652180323,0.019,0.037,0.00971121107775495,"Naive B","ENSG00000272918","down"
2.89033512003134e-20,-0.608584038602638,0.061,0.115,5.43440809268293e-16,"Naive B","RABGGTA","down"
4.30340519467138e-10,-0.608425638107964,0.035,0.064,8.09126244702113e-06,"Naive B","ZNF337","down"
6.01735726976735e-10,-0.608039360668172,0.039,0.069,1.13138351386166e-05,"Naive B","IQCN","down"
4.2973330597712e-16,-0.607802450652359,0.031,0.063,8.0798456189818e-12,"Naive B","RNF135","down"
9.4110584206482e-26,-0.60730931613513,0.1,0.181,1.76946720425027e-21,"Naive B","BMI1","down"
2.64824362637302e-12,-0.606579208171516,0.024,0.048,4.97922766630655e-08,"Naive B","ZNG1C","down"
2.06427949260872e-23,-0.60635053145271,0.179,0.283,3.88125830200292e-19,"Naive B","RASGRP1","down"
1.6238219708391e-20,-0.605344193061614,0.105,0.179,3.05311006957168e-16,"Naive B","PTPN12","down"
3.40701562204479e-13,-0.604810468817605,0.077,0.128,6.40587077256862e-09,"Naive B","PAICS","down"
9.92494839695807e-11,-0.604592642744952,0.039,0.069,1.86608879759606e-06,"Naive B","PRR12","down"
2.70533979154996e-08,-0.604370495856314,0.025,0.046,0.000508657987607223,"Naive B","CEP85","down"
1.15193820740704e-08,-0.603670001094791,0.064,0.103,0.000216587421756672,"Naive B","PTPRE","down"
1.21955466207581e-30,-0.603482360568538,0.197,0.319,2.29300667563494e-26,"Naive B","SHLD2","down"
2.79386829663298e-33,-0.603055844963121,0.227,0.36,5.25303117132932e-29,"Naive B","PIK3CD","down"
1.29595905363651e-12,-0.603049859231781,0.083,0.136,2.43666221264737e-08,"Naive B","MEF2C-AS1","down"
2.82998827099739e-13,-0.602662722229879,0.066,0.114,5.32094394712929e-09,"Naive B","PTPN18","down"
4.77107601783049e-08,-0.602034641924823,0.019,0.037,0.000897057712872489,"Naive B","GORASP1","down"
9.95236734846003e-13,-0.600661954620781,0.041,0.075,1.87124410885746e-08,"Naive B","NACC1","down"
4.02735855146727e-07,-0.599715473265709,0.025,0.045,0.00757223954846876,"Naive B","PPIP5K1","down"
1.49906424715427e-06,-0.598504774153397,0.042,0.069,0.0281854059749945,"Naive B","NAGLU","down"
1.99485060895712e-25,-0.598458492970484,0.115,0.2,3.75071811496117e-21,"Naive B","MDM2","down"
1.7566868026566e-08,-0.597987766878961,0.027,0.051,0.000330292252635494,"Naive B","CFAP44","down"
9.56519187340627e-28,-0.597531165498867,0.161,0.266,1.79844737603785e-23,"Naive B","PHTF2","down"
8.82696941094024e-11,-0.597238068963858,0.05,0.087,1.65964678864498e-06,"Naive B","LEPROT","down"
5.29013861219364e-32,-0.596434649513253,0.141,0.246,9.94651861864648e-28,"Naive B","AKAP11","down"
9.0267685118432e-33,-0.596305041443559,0.361,0.508,1.69721301559676e-28,"Naive B","ANKRD13A","down"
3.24542364070189e-40,-0.596269146870549,0.287,0.445,6.10204552924769e-36,"Naive B","EPRS1","down"
3.13052660985295e-12,-0.594893235098128,0.035,0.066,5.88601613184552e-08,"Naive B","SLC12A9","down"
5.67332485155827e-11,-0.594740512670458,0.035,0.064,1.06669853858999e-06,"Naive B","URB1","down"
1.01419519243107e-07,-0.594691002369736,0.021,0.04,0.00190688980080889,"Naive B","ENSG00000254538","down"
8.56728327067466e-17,-0.594556420582729,0.042,0.081,1.61082060055225e-12,"Naive B","GALK1","down"
2.31475599432906e-28,-0.594517616245702,0.274,0.406,4.3522042205375e-24,"Naive B","CELF2","down"
6.99484403897356e-33,-0.593483490646247,0.151,0.26,1.31517057620781e-28,"Naive B","BCAS4","down"
7.59205569618494e-34,-0.593413350354632,0.497,0.631,1.42745831199669e-29,"Naive B","RABGAP1L","down"
3.61839760045033e-22,-0.593231024182905,0.052,0.103,6.80331116836671e-18,"Naive B","ZNF532","down"
5.46833182550627e-21,-0.59302179169441,0.107,0.182,1.02815574983169e-16,"Naive B","LHPP","down"
1.01235245587594e-297,-0.592928482342824,1,0.999,1.90342508753795e-293,"Naive B","HLA-B","down"
6.69722632592537e-23,-0.59224889014172,0.213,0.323,1.25921249380049e-18,"Naive B","CPNE5","down"
3.77853412760135e-28,-0.591192994417119,0.096,0.174,7.10439986671606e-24,"Naive B","FLOT1","down"
4.69957882354457e-32,-0.590587212423467,0.152,0.259,8.8361481040285e-28,"Naive B","ACSL4","down"
8.18804063020171e-18,-0.590556955209715,0.086,0.147,1.53951539929053e-13,"Naive B","HPS3","down"
1.68772415234233e-28,-0.589337842899894,0.098,0.178,3.17325895123404e-24,"Naive B","ARL2","down"
5.75101413906546e-08,-0.589266101485207,0.049,0.081,0.00108130567842709,"Naive B","SFMBT2","down"
4.3740984727223e-10,-0.589161833602613,0.031,0.058,8.22417994841247e-06,"Naive B","UGDH-AS1","down"
3.65504951167981e-09,-0.588702400137668,0.031,0.057,6.87222409186037e-05,"Naive B","NNT-AS1","down"
4.79751702519832e-22,-0.588513070265793,0.099,0.171,9.02029151077789e-18,"Naive B","KIF3A","down"
2.94530826449077e-21,-0.587962865760311,0.119,0.198,5.53776859889554e-17,"Naive B","MIR29B2CHG","down"
2.13831434713068e-08,-0.587907678606934,0.026,0.05,0.00040204586354751,"Naive B","CENPK","down"
1.36405320061806e-17,-0.587362893366226,0.051,0.094,2.56469282780207e-13,"Naive B","DYNC2I2","down"
1.70833026196392e-07,-0.587301471920993,0.032,0.056,0.00321200255854456,"Naive B","CLUH","down"
4.04051090156516e-36,-0.586576186246716,0.288,0.438,7.59696859712281e-32,"Naive B","RALGDS","down"
3.8611838486108e-19,-0.586467027051753,0.087,0.152,7.25979787215802e-15,"Naive B","PCK2","down"
5.34693008710589e-45,-0.585407019603728,0.413,0.588,1.00532979497765e-40,"Naive B","RNF149","down"
1.36281498569838e-23,-0.585382862189735,0.141,0.232,2.56236473611009e-19,"Naive B","CORO1C","down"
1.67289127931922e-24,-0.585130039114711,0.19,0.298,3.14537018337599e-20,"Naive B","IFNAR2","down"
1.77888074165035e-06,-0.585097213238532,0.016,0.031,0.0334465157045098,"Naive B","ZFP69","down"
2.93859377006865e-33,-0.585051398543919,0.141,0.246,5.52514400648307e-29,"Naive B","CEP43","down"
9.19125671374853e-20,-0.584990233585767,0.044,0.086,1.728140087319e-15,"Naive B","GCNA","down"
9.56299841867275e-16,-0.58478567450152,0.149,0.228,1.79803496267885e-11,"Naive B","KLHL6","down"
4.19673648397599e-65,-0.584518588111566,0.786,0.874,7.89070393717166e-61,"Naive B","PTPRC","down"
2.8853145224176e-09,-0.584140221370783,0.026,0.05,5.42496836504957e-05,"Naive B","C1GALT1C1","down"
2.2649910887904e-08,-0.583782414579829,0.016,0.032,0.000425863624514371,"Naive B","ENSG00000239300","down"
1.14969956716387e-17,-0.583763433115918,0.08,0.137,2.1616651261815e-13,"Naive B","RNF166","down"
1.58402108008932e-14,-0.583756592332309,0.07,0.12,2.97827643478395e-10,"Naive B","TANGO2","down"
2.38576966373632e-25,-0.583303435804698,0.123,0.209,4.48572412175703e-21,"Naive B","GYG1","down"
7.29684354472688e-49,-0.582403430289381,0.474,0.651,1.37195252327955e-44,"Naive B","PDLIM1","down"
5.1333867209076e-27,-0.582367788894281,0.22,0.339,9.65179371265047e-23,"Naive B","P2RX5","down"
8.58575177175047e-48,-0.582228911004014,0.622,0.755,1.61429304812452e-43,"Naive B","LSP1","down"
7.34627610987824e-51,-0.581475741349767,0.639,0.781,1.38124683417931e-46,"Naive B","ATP2B1","down"
6.73478739413472e-08,-0.581420589163414,0.03,0.052,0.00126627472584521,"Naive B","AGAP2","down"
1.21631171320289e-18,-0.581092030097798,0.087,0.15,2.28690928316407e-14,"Naive B","TENT4A","down"
2.9490258197309e-38,-0.580621428619506,0.348,0.508,5.54475834625803e-34,"Naive B","PARP15","down"
2.53991299045769e-31,-0.580324060227385,0.089,0.166,4.77554440465855e-27,"Naive B","POLR3K","down"
2.11534259447075e-13,-0.580181110991873,0.02,0.044,3.97726714612391e-09,"Naive B","DNASE1L1","down"
1.59934533738999e-46,-0.579913352595324,0.337,0.512,3.00708910336067e-42,"Naive B","NUTM2A-AS1","down"
9.83980729362862e-10,-0.579488833262046,0.041,0.072,1.85008056734805e-05,"Naive B","NLN","down"
3.41993706272995e-11,-0.579364325457261,0.074,0.12,6.43016566534486e-07,"Naive B","SRD5A1","down"
2.07395396974336e-08,-0.578429834016441,0.047,0.079,0.000389944825391147,"Naive B","ENSG00000237705","down"
4.0526367051939e-29,-0.578349225807047,0.102,0.182,7.61976753310557e-25,"Naive B","UCHL5","down"
1.12044859482818e-09,-0.577908571195957,0.026,0.049,2.10666744799594e-05,"Naive B","TMEM184B","down"
4.38326053851897e-08,-0.575720060204743,0.032,0.057,0.000824140646452337,"Naive B","ENSG00000240963","down"
1.5124937208681e-09,-0.575661868211528,0.077,0.123,2.84379069397621e-05,"Naive B","MYO5C","down"
2.3842441659474e-14,-0.575521955446863,0.048,0.087,4.48285588081431e-10,"Naive B","ADO","down"
2.47341654888051e-25,-0.575317010748956,0.066,0.124,4.65051779520514e-21,"Naive B","KEAP1","down"
5.85555531263705e-31,-0.574974463108162,0.254,0.388,1.10096150988202e-26,"Naive B","ARHGAP30","down"
1.3129529518015e-36,-0.574556145277691,0.465,0.618,2.46861413997719e-32,"Naive B","ZBTB20","down"
3.46717221550975e-07,-0.574529789041217,0.026,0.046,0.00651897719960143,"Naive B","IKBKE","down"
4.31617775295821e-21,-0.574415549977869,0.067,0.123,8.11527741111202e-17,"Naive B","PCGF1","down"
4.66060029452707e-12,-0.574240909919494,0.046,0.082,8.76286067376979e-08,"Naive B","IDE","down"
8.60770127418816e-09,-0.57399496615782,0.038,0.065,0.000161841999357286,"Naive B","XXYLT1","down"
2.0096732468713e-14,-0.572032755914238,0.07,0.12,3.77858763876743e-10,"Naive B","THUMPD2","down"
9.59266583519455e-12,-0.570988887946321,0.112,0.171,1.80361303033328e-07,"Naive B","ALCAM","down"
1.30330378761044e-27,-0.570933248248952,0.191,0.31,2.45047178146515e-23,"Naive B","DUSP2","down"
1.25912898690395e-17,-0.569594169130333,0.074,0.13,2.36741432117681e-13,"Naive B","PMS1","down"
4.53949472647395e-13,-0.569288512902271,0.035,0.066,8.53515798471632e-09,"Naive B","INPP5E","down"
1.66429009399545e-08,-0.569202319370328,0.04,0.068,0.000312919823473025,"Naive B","DIS3L","down"
1.73703239785142e-15,-0.569144691283074,0.06,0.107,3.26596831444024e-11,"Naive B","BRAT1","down"
1.01071022870995e-06,-0.569094348021452,0.022,0.04,0.0190033737202046,"Naive B","SMUG1","down"
1.45351514037111e-51,-0.568972120538624,0.533,0.707,2.73289916692576e-47,"Naive B","FLNA","down"
1.46433321092583e-46,-0.568594379995079,0.459,0.634,2.75323930318275e-42,"Naive B","KRAS","down"
2.00733621919642e-10,-0.567663222356177,0.06,0.099,3.77419355933311e-06,"Naive B","SSBP3","down"
2.91503756758053e-11,-0.567430540595985,0.027,0.053,5.48085363456491e-07,"Naive B","SLC35B4","down"
7.15731236546484e-34,-0.567318143959995,0.293,0.439,1.3457178709547e-29,"Naive B","CORO7","down"
2.55421658756953e-17,-0.566204574189725,0.053,0.096,4.80243802794824e-13,"Naive B","ASF1A","down"
4.04551745935397e-81,-0.566017347444178,0.799,0.903,7.60638192707733e-77,"Naive B","IDS","down"
1.88822732956621e-44,-0.565723816197191,0.355,0.527,3.5502450250504e-40,"Naive B","DEK","down"
2.1367276669275e-07,-0.5653619284314,0.052,0.085,0.00401747535935709,"Naive B","IL2RA","down"
7.718857184136e-22,-0.565242144607406,0.097,0.167,1.45129952776125e-17,"Naive B","ARAP1","down"
1.07386291157088e-21,-0.564989698368587,0.18,0.279,2.01907704633557e-17,"Naive B","EPSTI1","down"
5.62906499848498e-08,-0.5641427966935,0.028,0.05,0.00105837680101515,"Naive B","TTLL3","down"
5.89716922039317e-08,-0.563974359988122,0.027,0.049,0.00110878575681832,"Naive B","IQCE","down"
8.48536817317134e-25,-0.563346826600369,0.1,0.176,1.59541892391968e-20,"Naive B","ELAC2","down"
1.34453353470075e-16,-0.562810650519575,0.19,0.279,2.52799195194435e-12,"Naive B","PALS2","down"
4.32428189081026e-34,-0.562600975578058,0.27,0.412,8.13051481110144e-30,"Naive B","DBNL","down"
1.58879735187452e-14,-0.562577029226024,0.172,0.25,2.98725678099448e-10,"Naive B","ISG15","down"
1.50508190853633e-35,-0.562421031216564,0.192,0.318,2.82985500443e-31,"Naive B","SKAP2","down"
4.64586915480456e-08,-0.562201167638514,0.045,0.075,0.000873516318486353,"Naive B","KLHL11","down"
1.9400014384095e-14,-0.562005750476334,0.035,0.065,3.64759070449755e-10,"Naive B","COMTD1","down"
9.58800927363462e-12,-0.56127983802035,0.13,0.193,1.80273750362878e-07,"Naive B","CCND2","down"
1.57268826742248e-15,-0.560829584964567,0.047,0.086,2.95696848040775e-11,"Naive B","INPP4A","down"
9.19512320713697e-09,-0.560315557348799,0.028,0.051,0.000172886706540589,"Naive B","ABCA7","down"
1.2881002845673e-11,-0.559799512740097,0.05,0.086,2.42188615504344e-07,"Naive B","KIFBP","down"
2.77387736174803e-09,-0.559730864492374,0.027,0.051,5.21544421555864e-05,"Naive B","CDKN2B-AS1","down"
5.36824918027512e-73,-0.559534906825252,0.874,0.938,1.00933821087533e-68,"Naive B","MS4A1","down"
2.12183718245832e-47,-0.558211240186552,0.449,0.628,3.98947827045813e-43,"Naive B","RNASET2","down"
7.05932083061766e-10,-0.557872020709944,0.031,0.057,1.32729350257273e-05,"Naive B","TRIM25","down"
1.05559224026242e-31,-0.557279234461392,0.304,0.445,1.9847245301414e-27,"Naive B","ATM","down"
3.46686428215966e-15,-0.556365702319579,0.076,0.127,6.51839822331659e-11,"Naive B","SNX20","down"
2.80951534326619e-22,-0.5563453432907,0.047,0.101,5.2824507484091e-18,"Naive B","ARL4D","down"
4.33686028662266e-08,-0.556223944441281,0.049,0.084,0.000815416471090793,"Naive B","IGHV4-34","down"
1.26961966540932e-22,-0.555711119392669,0.094,0.166,2.38713889490261e-18,"Naive B","MFHAS1","down"
1.15498061905573e-06,-0.554761934864332,0.048,0.076,0.0217159455994858,"Naive B","GSN","down"
4.81121337592947e-16,-0.554565589279913,0.076,0.127,9.04604338942259e-12,"Naive B","TUBGCP3","down"
1.55433855510282e-06,-0.554453675575348,0.025,0.044,0.0292246735130431,"Naive B","PCGF3-AS1","down"
1.27073230329041e-31,-0.554328865347127,0.232,0.361,2.38923087664663e-27,"Naive B","ERCC1","down"
5.18565666650698e-25,-0.552153540779152,0.208,0.318,9.75007166436642e-21,"Naive B","BIN1","down"
1.72775077942453e-09,-0.550882021947441,0.045,0.076,3.24851701547399e-05,"Naive B","ENSG00000257221","down"
2.28013155584176e-09,-0.550813964231358,0.02,0.038,4.28710335129368e-05,"Naive B","TWNK","down"
6.63434643174383e-16,-0.550081744992085,0.156,0.235,1.24738981609648e-11,"Naive B","TFRC","down"
8.56703312566971e-11,-0.549946613947306,0.043,0.075,1.61077356828842e-06,"Naive B","RTL8A","down"
1.71174953983801e-07,-0.549908939783097,0.01,0.022,0.00321843148480343,"Naive B","FBXO2","down"
1.67241700852146e-09,-0.549826934487849,0.026,0.048,3.14447845942205e-05,"Naive B","NUDT2","down"
2.21721622088537e-06,-0.549771318656471,0.019,0.035,0.0416880993850867,"Naive B","PDK2","down"
4.38734860827658e-14,-0.549682587075512,0.079,0.131,8.24909285328162e-10,"Naive B","LYAR","down"
1.22859477224496e-19,-0.549552177645565,0.086,0.148,2.31000389077498e-15,"Naive B","TCHP","down"
8.36828651140625e-24,-0.549419352149425,0.12,0.203,1.5734052298746e-19,"Naive B","XKR6","down"
1.41110886859124e-12,-0.548006117573274,0.067,0.111,2.65316689472525e-08,"Naive B","GM2A","down"
4.83733577602071e-14,-0.54785313459692,0.062,0.106,9.09515872607414e-10,"Naive B","BCL2L1","down"
1.17587351177408e-06,-0.547635911360571,0.031,0.052,0.0221087737683763,"Naive B","PARM1","down"
8.95452200109811e-11,-0.547151205062771,0.055,0.092,1.68362922664647e-06,"Naive B","NT5C3B","down"
1.8427482435989e-59,-0.546772556789408,0.888,0.949,3.46473524761465e-55,"Naive B","VIM","down"
8.9021666389975e-28,-0.546123984927733,0.334,0.468,1.67378537146431e-23,"Naive B","ARHGAP31","down"
2.25941050934143e-17,-0.545639461625643,0.043,0.081,4.24814363966375e-13,"Naive B","AGK","down"
3.76011888757035e-11,-0.545297235308521,0.055,0.093,7.06977553240978e-07,"Naive B","SH3TC1","down"
1.47689644521903e-11,-0.544743007666245,0.052,0.089,2.77686069630082e-07,"Naive B","ATP1A1-AS1","down"
1.52666163731314e-29,-0.544513270765016,0.214,0.336,2.87042921047617e-25,"Naive B","ALOX5AP","down"
1.767568923207e-24,-0.543821753125405,0.141,0.232,3.32338308941379e-20,"Naive B","VIM-AS1","down"
6.53185293187708e-25,-0.543573429279925,0.146,0.237,1.22811898825153e-20,"Naive B","MED25","down"
1.76831268337432e-26,-0.542901934274129,0.07,0.129,3.3247815072804e-22,"Naive B","CDCA4","down"
2.3995027705604e-19,-0.542842699849682,0.229,0.331,4.51154510920766e-15,"Naive B","OSBPL10","down"
1.53964566811026e-07,-0.542750757838502,0.034,0.058,0.00289484178518092,"Naive B","TARBP1","down"
5.9802489081602e-07,-0.542310152451128,0.013,0.025,0.0112440639971228,"Naive B","GEMIN7-AS1","down"
7.20787264606756e-17,-0.541873776694648,0.057,0.102,1.35522421491362e-12,"Naive B","GCLC","down"
1.5238419022198e-14,-0.541873590875567,0.068,0.115,2.86512754455367e-10,"Naive B","DNAAF5","down"
1.63183525692169e-07,-0.541619303456801,0.019,0.037,0.00306817665006416,"Naive B","CYFIP1","down"
3.87286261114088e-16,-0.540690629523677,0.074,0.127,7.28175628146709e-12,"Naive B","MRM2","down"
1.68699909760204e-54,-0.539857076347795,0.579,0.752,3.17189570331135e-50,"Naive B","SWAP70","down"
2.21874660161313e-08,-0.539767425873555,0.022,0.04,0.000417168736035301,"Naive B","GLUD1P3","down"
2.01188179891418e-36,-0.539309276520634,0.592,0.724,3.78274015831845e-32,"Naive B","KLF2","down"
2.31803661749527e-17,-0.538742902063529,0.275,0.376,4.3583724482146e-13,"Naive B","CCDC50","down"
1.10947690314182e-19,-0.538096015213769,0.104,0.173,2.08603847328725e-15,"Naive B","WASHC5","down"
2.49258943652581e-11,-0.538082975932001,0.039,0.069,4.68656665855582e-07,"Naive B","MICA","down"
1.13146764994041e-16,-0.537814300206754,0.09,0.148,2.12738547541797e-12,"Naive B","KAT2B","down"
5.13284899476391e-34,-0.537801482366363,0.264,0.404,9.6507826799551e-30,"Naive B","ZBTB7A","down"
1.39661195403728e-20,-0.537679969886373,0.155,0.241,2.62590979598089e-16,"Naive B","HEATR1","down"
8.73468608803213e-24,-0.537648396475713,0.132,0.216,1.6422956782718e-19,"Naive B","EPS15L1","down"
5.91248169931598e-207,-0.537561648600256,0.996,0.998,1.11166480910539e-202,"Naive B","HLA-A","down"
7.2626466335083e-11,-0.537179088851992,0.116,0.174,1.36552282003223e-06,"Naive B","TNS3","down"
2.49338795860664e-38,-0.536794443468306,0.409,0.571,4.6880680397722e-34,"Naive B","MAP3K1","down"
3.14656233825988e-12,-0.536598608928829,0.061,0.103,5.91616650839623e-08,"Naive B","ZYG11B","down"
8.14850640699642e-09,-0.535532368309227,0.03,0.053,0.000153208217464347,"Naive B","ZNF236-DT","down"
1.45170233160325e-09,-0.535495158517018,0.033,0.058,2.72949072388042e-05,"Naive B","DTD2","down"
1.34725343873909e-17,-0.534215475413924,0.091,0.151,2.53310591551724e-13,"Naive B","CAT","down"
1.60980166012527e-14,-0.533913325547425,0.049,0.086,3.02674908136753e-10,"Naive B","C9orf40","down"
1.11916168248494e-43,-0.533591125846323,0.423,0.596,2.10424779540819e-39,"Naive B","MAP2K3","down"
2.84775729103304e-33,-0.533332333125585,0.324,0.471,5.35435325860032e-29,"Naive B","RBPJ","down"
1.66323381816531e-25,-0.533270152898319,0.252,0.372,3.12721222491442e-21,"Naive B","MICAL1","down"
3.27599931339037e-33,-0.533119788688146,0.186,0.302,6.15953390903657e-29,"Naive B","TMEM109","down"
1.25019539471405e-07,-0.531726290547922,0.032,0.055,0.00235061738114137,"Naive B","TTLL11","down"
4.89603440595398e-10,-0.531464383272318,0.07,0.112,9.20552389007468e-06,"Naive B","ATP8B1","down"
8.0775815994527e-07,-0.531016972905715,0.041,0.066,0.015187468923291,"Naive B","TBC1D8","down"
4.14115374910236e-09,-0.530598159431931,0.026,0.048,7.78619727906226e-05,"Naive B","PDSS1","down"
8.93433665926156e-07,-0.53018642140531,0.044,0.07,0.0167983397867436,"Naive B","GALC","down"
7.22643952372363e-26,-0.529985936226808,0.343,0.473,1.35871515925052e-21,"Naive B","CARD11","down"
8.99206524330238e-12,-0.52873452911383,0.036,0.063,1.69068810704571e-07,"Naive B","CHID1","down"
3.16622899968585e-14,-0.528618916050543,0.078,0.129,5.95314376520934e-10,"Naive B","PAK1IP1","down"
7.568978517035e-14,-0.528545182818299,0.128,0.194,1.42311934077292e-09,"Naive B","DAAM1","down"
1.18668012624518e-06,-0.528444160509604,0.022,0.039,0.0223119597336619,"Naive B","ENTREP3","down"
3.6058006409891e-22,-0.528352216304692,0.097,0.164,6.77962636518771e-18,"Naive B","UBP1","down"
7.49599977056854e-21,-0.528000919891678,0.102,0.17,1.4093978768623e-16,"Naive B","PCSK7","down"
1.89624075729346e-37,-0.527555861322005,0.256,0.399,3.56531187186316e-33,"Naive B","SEC11C","down"
9.91121721575801e-14,-0.527350129045406,0.029,0.055,1.86350706090682e-09,"Naive B","NABP2","down"
3.459891258214e-08,-0.527258062457725,0.061,0.096,0.000650528754369397,"Naive B","GAPT","down"
1.311216842225e-06,-0.527184951140216,0.017,0.031,0.0246534990675144,"Naive B","ANKRD6","down"
3.19374083327953e-25,-0.527132290290368,0.103,0.177,6.00487151473218e-21,"Naive B","EIF2B1","down"
2.02787723655e-07,-0.527000480475333,0.04,0.067,0.0038128147801613,"Naive B","CHRNE","down"
3.17445466927545e-32,-0.525998822721972,0.164,0.27,5.9686096691717e-28,"Naive B","HDGF","down"
2.31090978300831e-23,-0.525525996478807,0.154,0.244,4.34497257401223e-19,"Naive B","ARHGAP17","down"
2.42704701634409e-09,-0.52539680216607,0.042,0.071,4.56333380013016e-05,"Naive B","ARHGEF12","down"
7.13595958853295e-18,-0.52486802886678,0.048,0.087,1.34170312183597e-13,"Naive B","ARMC6","down"
4.71556805515054e-10,-0.524424470491462,0.061,0.099,8.86621105729404e-06,"Naive B","OAS2","down"
4.1364654553208e-12,-0.523872975670125,0.046,0.08,7.77738234909417e-08,"Naive B","NPRL2","down"
1.40762515567199e-22,-0.523715603900819,0.336,0.457,2.64661681769448e-18,"Naive B","FCHSD2","down"
5.96610014586097e-15,-0.523694112842622,0.062,0.106,1.12174614942478e-10,"Naive B","GRAMD4","down"
2.72726756318487e-10,-0.523370906250257,0.033,0.059,5.12780847230019e-06,"Naive B","IDNK","down"
2.08758296524246e-22,-0.523351502111159,0.097,0.165,3.92507349124886e-18,"Naive B","PCYT1A","down"
3.2824810599213e-12,-0.523201671821893,0.135,0.2,6.17172088886403e-08,"Naive B","CCDC167","down"
4.29013314872896e-20,-0.52278309649077,0.109,0.178,8.06630834624019e-16,"Naive B","AIMP2","down"
3.20389583145744e-09,-0.522328717251515,0.102,0.151,6.02396494230627e-05,"Naive B","RGS1","down"
7.69115573840086e-14,-0.522242497210419,0.103,0.161,1.44609110193413e-09,"Naive B","EIF2AK2","down"
7.70029741677884e-07,-0.522093974293828,0.013,0.025,0.0144780992030276,"Naive B","MRM1","down"
6.81383911766985e-22,-0.520906655686187,0.113,0.187,1.28113803090428e-17,"Naive B","ZBTB17","down"
3.26098749994645e-09,-0.520864661017869,0.049,0.081,6.13130869739931e-05,"Naive B","METTL25","down"
5.13097013329436e-08,-0.520604716386302,0.028,0.05,0.000964725004462005,"Naive B","PRICKLE3","down"
1.40578512024569e-27,-0.520370487364715,0.079,0.145,2.64315718308594e-23,"Naive B","POLR1A","down"
3.07738844794141e-12,-0.519191740661763,0.066,0.109,5.78610575981944e-08,"Naive B","RBL1","down"
8.31336132451505e-33,-0.518983419951759,0.129,0.223,1.56307819623532e-28,"Naive B","TXNDC15","down"
2.88005957331284e-14,-0.518740235091602,0.051,0.09,5.41508800974281e-10,"Naive B","HECTD3","down"
5.72793401500491e-13,-0.518235720064528,0.064,0.107,1.07696615350122e-08,"Naive B","HAGHL","down"
2.78822431627867e-23,-0.518183544014759,0.247,0.359,5.24241935946715e-19,"Naive B","GTF2I","down"
9.14122334743879e-09,-0.5181442279319,0.033,0.058,0.000171873281378544,"Naive B","SLC39A13","down"
2.26035085197737e-06,-0.517971484529321,0.014,0.026,0.0424991167188786,"Naive B","ANO9","down"
2.94278710959295e-14,-0.517706937308748,0.051,0.089,5.53302832345666e-10,"Naive B","GTF2H2","down"
2.5490979972504e-29,-0.517257564516422,0.268,0.398,4.79281405443021e-25,"Naive B","PHKB","down"
4.44242983036061e-20,-0.517245779829717,0.08,0.138,8.35265656704401e-16,"Naive B","DENND6A","down"
8.18375758658722e-13,-0.51700947326878,0.041,0.073,1.53871010143013e-08,"Naive B","CIAO3","down"
9.71216732632923e-14,-0.516484306536924,0.068,0.114,1.82608170069642e-09,"Naive B","ORC5","down"
5.8442771632955e-28,-0.516201280603629,0.14,0.232,1.09884099224282e-23,"Naive B","SLC39A3","down"
4.59035797679334e-10,-0.516149244549992,0.015,0.031,8.63079106796684e-06,"Naive B","CAD","down"
2.17022861365766e-32,-0.515960556834359,0.264,0.402,4.08046383939912e-28,"Naive B","TXN","down"
1.03635391356527e-06,-0.515585278608843,0.04,0.065,0.0194855262828543,"Naive B","ZNF587B","down"
1.5828751494026e-17,-0.514918275179168,0.062,0.108,2.97612185590676e-13,"Naive B","INTS7","down"
2.11112962303939e-11,-0.514846977670361,0.042,0.072,3.96934591723866e-07,"Naive B","IRAK1BP1","down"
8.36228808354771e-08,-0.514560406947032,0.025,0.046,0.00157227740546864,"Naive B","CEP250-AS1","down"
2.94515010788476e-15,-0.514022777928236,0.077,0.128,5.53747123284492e-11,"Naive B","FSD1L","down"
2.70208238104044e-09,-0.513897093625328,0.267,0.338,5.08045529283224e-05,"Naive B","NR4A3","down"
2.16932776094867e-11,-0.513508685479749,0.056,0.093,4.07877005613569e-07,"Naive B","MSH3","down"
2.22091223348058e-28,-0.512424617877234,0.428,0.566,4.17575918139018e-24,"Naive B","MAP3K8","down"
3.40314805278106e-21,-0.512393432366457,0.091,0.155,6.39859896883895e-17,"Naive B","ENSG00000286162","down"
3.47247980964605e-12,-0.512245998832801,0.031,0.057,6.52895653809649e-08,"Naive B","RAB40C","down"
1.47323491929984e-12,-0.512070186235887,0.069,0.115,2.76997629526756e-08,"Naive B","FAM168A","down"
8.85797565145846e-09,-0.511786637132153,0.03,0.053,0.000166547658198722,"Naive B","SLC25A22","down"
5.97294416546919e-29,-0.510728135584517,0.212,0.325,1.12303296199152e-24,"Naive B","GLRX3","down"
1.24588423749199e-31,-0.510209462173296,0.323,0.465,2.34251154333244e-27,"Naive B","RASSF5","down"
6.78819252062109e-15,-0.510006814438214,0.048,0.085,1.27631595772718e-10,"Naive B","TBC1D13","down"
5.75745478626704e-09,-0.509927568932135,0.069,0.109,0.000108251664891393,"Naive B","ERMP1","down"
4.4576841926469e-32,-0.509920088719214,0.122,0.211,8.3813378190147e-28,"Naive B","ZNF106","down"
9.12719659222934e-09,-0.509654710521976,0.047,0.077,0.000171609550327096,"Naive B","MRTFB","down"
2.63321730310723e-14,-0.5089116478348,0.135,0.204,4.95097517330221e-10,"Naive B","EXOC3","down"
1.88633278663937e-21,-0.507693531794791,0.051,0.095,3.54668290543934e-17,"Naive B","RCC1","down"
4.49324040986835e-13,-0.507507578720623,0.16,0.231,8.44819061863447e-09,"Naive B","UGT8","down"
8.79266700486922e-32,-0.507471920199568,0.425,0.572,1.65319725025551e-27,"Naive B","PEA15","down"
4.4158814537829e-17,-0.507238938579496,0.098,0.16,8.30274030940261e-13,"Naive B","UNC93B1","down"
3.20371359756034e-22,-0.507101418371921,0.128,0.207,6.02362230613295e-18,"Naive B","MPRIP","down"
8.87945778538007e-09,-0.506165328941947,0.025,0.046,0.000166951565280716,"Naive B","USP31","down"
4.6135833287054e-24,-0.505669828337519,0.298,0.42,8.6744593746319e-20,"Naive B","CD19","down"
1.59301431362616e-13,-0.505385820805707,0.035,0.065,2.9951855124799e-09,"Naive B","P4HTM","down"
2.32063218815141e-16,-0.505317884163466,0.072,0.123,4.36325264016228e-12,"Naive B","PNOC","down"
4.32699859358891e-41,-0.505159838212586,0.231,0.368,8.13562275566587e-37,"Naive B","RNF126","down"
3.69961093846318e-31,-0.504895383174922,0.177,0.285,6.95600848649848e-27,"Naive B","GMIP","down"
1.30921443416189e-10,-0.504695652147936,0.053,0.087,2.46158497911118e-06,"Naive B","ZMYND8","down"
2.47032518427484e-27,-0.504563521091447,0.282,0.41,4.64470541147356e-23,"Naive B","P2RY8","down"
1.03355318744025e-12,-0.504221683084947,0.021,0.044,1.94328670302517e-08,"Naive B","TUBGCP5","down"
1.41335659566867e-18,-0.504196588703113,0.118,0.188,2.65739307117624e-14,"Naive B","TCTN3","down"
4.05274214556734e-14,-0.503548560151379,0.105,0.163,7.61996578209572e-10,"Naive B","PPP1R9B","down"
8.18528758938639e-29,-0.502867069161808,0.39,0.529,1.53899777255643e-24,"Naive B","TRABD","down"
4.73109764482124e-28,-0.502839428698799,0.177,0.279,8.8954097917929e-24,"Naive B","HM13","down"
3.18326266562876e-21,-0.502754824297795,0.119,0.193,5.9851704639152e-17,"Naive B","SNRNP25","down"
4.9028400865642e-28,-0.502020664315359,0.12,0.202,9.218319930758e-24,"Naive B","PEPD","down"
3.91906245106743e-08,-0.501983648940783,0.042,0.068,0.000736862122049698,"Naive B","RPS6KA2","down"
4.08816509412297e-22,-0.501552985888106,0.308,0.425,7.68656800997001e-18,"Naive B","POU2AF1","down"
3.27363380745568e-22,-0.500790646273608,0.139,0.222,6.15508628477817e-18,"Naive B","UNC119","down"
4.74961775773506e-07,-0.500739996941883,0.045,0.072,0.00893023130809345,"Naive B","FAM13A","down"
4.21833575054662e-74,-0.500270828212038,0.869,0.946,7.93131487817775e-70,"Naive B","SH3BGRL3","down"
4.04065478736265e-14,-0.50001051120475,0.073,0.12,7.59723913119926e-10,"Naive B","ARHGAP27","down"
1.42977702262093e-06,-0.499775705560064,0.02,0.037,0.0268826675793188,"Naive B","AFMID","down"
1.28213646580866e-06,-0.499503873152596,0.029,0.048,0.0241067298301345,"Naive B","FAM24B","down"
5.47220573588853e-38,-0.499442198744296,0.556,0.702,1.02888412246176e-33,"Naive B","RAC2","down"
1.74839014016898e-24,-0.499111542266232,0.325,0.45,3.28732314154571e-20,"Naive B","TBC1D5","down"
1.12259891474826e-26,-0.498560600941279,0.151,0.244,2.11071047950969e-22,"Naive B","ATG7","down"
7.73305707532635e-08,-0.497778088785941,0.035,0.058,0.00145396939130286,"Naive B","NOL6","down"
6.42974493210697e-27,-0.497683652906052,0.302,0.43,1.20892064213475e-22,"Naive B","DOCK2","down"
1.8169763922134e-09,-0.496505623923599,0.026,0.046,3.41627901263964e-05,"Naive B","ENSG00000285043","down"
2.23972946241268e-06,-0.495570538012739,0.012,0.023,0.0421113933522831,"Naive B","PYCR1","down"
1.08755274218765e-26,-0.495508251304237,0.135,0.222,2.04481666586121e-22,"Naive B","DSTN","down"
1.55144195907018e-13,-0.495020738506558,0.077,0.125,2.91702117144375e-09,"Naive B","PWWP2B","down"
1.00650656913415e-29,-0.494598833477838,0.107,0.186,1.89243365128603e-25,"Naive B","CARS2","down"
3.21921590176563e-15,-0.493621949365705,0.068,0.113,6.05276973849974e-11,"Naive B","LPAR5","down"
6.10425630769886e-46,-0.493533388614744,0.438,0.614,1.14772227097354e-41,"Naive B","PRELID1","down"
1.44755228083753e-23,-0.493094309223262,0.161,0.251,2.72168779843072e-19,"Naive B","SYTL1","down"
2.12193897019115e-16,-0.492830813041801,0.101,0.161,3.98966965175341e-12,"Naive B","STAT5A","down"
3.18685192921745e-15,-0.492505219594993,0.069,0.117,5.99191899731465e-11,"Naive B","EIF4ENIF1","down"
3.80413066624531e-16,-0.492254942701909,0.053,0.091,7.15252647867442e-12,"Naive B","MRS2","down"
1.38899571872248e-31,-0.491773343010396,0.339,0.481,2.61158975034201e-27,"Naive B","UPF2","down"
9.59811046814974e-08,-0.4916470284284,0.04,0.066,0.00180463673022151,"Naive B","ZNF439","down"
1.12302595454292e-07,-0.491328996479835,0.025,0.043,0.00211151339973161,"Naive B","CPOX","down"
7.08966773773158e-15,-0.491306186270871,0.089,0.142,1.33299932804829e-10,"Naive B","SMIM20","down"
1.15428395223902e-30,-0.490854030717902,0.139,0.233,2.1702846869998e-26,"Naive B","SRPRB","down"
1.87344326951914e-13,-0.490793630099716,0.094,0.148,3.52244803534988e-09,"Naive B","ENSG00000288891","down"
2.74716533579018e-32,-0.490671265537763,0.451,0.599,5.1652202643527e-28,"Naive B","CYRIA","down"
7.4249335016713e-07,-0.490181268364917,0.021,0.036,0.0139603599698424,"Naive B","WNT5B","down"
6.36228043094676e-16,-0.489290816915405,0.115,0.178,1.19623596662661e-11,"Naive B","FARS2","down"
1.2029800328654e-31,-0.488884303298965,0.207,0.322,2.26184305779353e-27,"Naive B","AP1M1","down"
2.72433545591379e-11,-0.488522549273636,0.046,0.077,5.1222955242091e-07,"Naive B","PPIL1","down"
1.1564833167642e-17,-0.488093673010294,0.058,0.102,2.17441993218006e-13,"Naive B","FBXL15","down"
7.19950228191551e-15,-0.48709969855402,0.119,0.183,1.35365041904575e-10,"Naive B","SLAMF6","down"
3.4003616052412e-19,-0.486759280234967,0.071,0.125,6.39335989017451e-15,"Naive B","SLC16A1-AS1","down"
7.17578798290833e-17,-0.486378423829065,0.157,0.235,1.34919165654642e-12,"Naive B","AMPD3","down"
2.10200931104326e-06,-0.485828266728505,0.013,0.025,0.0395219790662354,"Naive B","SLC25A20","down"
1.58342458527746e-10,-0.485608787399494,0.028,0.049,2.97715490523869e-06,"Naive B","IFFO1","down"
3.751859849106e-12,-0.485193022719264,0.106,0.16,7.05424688828911e-08,"Naive B","LINC01588","down"
6.61684360028568e-13,-0.484646229806131,0.091,0.143,1.24409893372571e-08,"Naive B","SUMF1","down"
1.14447756087698e-24,-0.484213375302063,0.545,0.649,2.15184670996089e-20,"Naive B","MYADM","down"
8.39559303751346e-18,-0.483066794176337,0.084,0.14,1.57853940291328e-13,"Naive B","PTPN9","down"
4.63562416785064e-17,-0.482927408774802,0.121,0.19,8.71590056039278e-13,"Naive B","ENSG00000291156","down"
1.46598912602428e-31,-0.482696221293114,0.29,0.425,2.75635275475085e-27,"Naive B","TMC6","down"
1.53609937271919e-16,-0.482162773939705,0.069,0.117,2.88817404058663e-12,"Naive B","COX10","down"
1.36253416679888e-26,-0.482128791273799,0.145,0.236,2.56183674041525e-22,"Naive B","OTULIN","down"
4.5319317691221e-17,-0.481684329932543,0.095,0.154,8.52093811230338e-13,"Naive B","IFIT5","down"
2.58779761600466e-08,-0.481614941160927,0.025,0.044,0.000486557707761195,"Naive B","LINC00571","down"
2.27169699560232e-16,-0.481347666808816,0.093,0.149,4.27124469113147e-12,"Naive B","SLC6A6","down"
3.78902341637077e-11,-0.481304036691718,0.095,0.144,7.12412182746032e-07,"Naive B","BTN3A2","down"
3.69557779867087e-28,-0.481080464359548,0.319,0.452,6.94842537706097e-24,"Naive B","CMTM7","down"
1.05311712195181e-20,-0.4807742757199,0.151,0.235,1.9800708126938e-16,"Naive B","ULK4","down"
1.00426219817832e-16,-0.480531193016851,0.081,0.133,1.88821378501489e-12,"Naive B","ANKRD13D","down"
6.59718156039364e-08,-0.480326244302717,0.024,0.042,0.00124040207698521,"Naive B","BOLA2B","down"
3.59169964512662e-33,-0.47960755065682,0.269,0.403,6.75311367276707e-29,"Naive B","CARS1","down"
3.22639542130095e-14,-0.479186913844734,0.096,0.151,6.06626867113004e-10,"Naive B","CBX6","down"
2.45988535524429e-16,-0.479126086522155,0.051,0.09,4.62507644493031e-12,"Naive B","TMCO3","down"
1.13245466201117e-23,-0.478829800910761,0.121,0.196,2.1292412555134e-19,"Naive B","HRAS","down"
4.48659576201746e-29,-0.478811299425881,0.385,0.525,8.43569735174522e-25,"Naive B","MAT2A","down"
1.603839929576e-08,-0.478773593331711,0.059,0.091,0.000301553983558879,"Naive B","HEXIM2-AS1","down"
7.04084261122035e-11,-0.478367620089676,0.037,0.064,1.32381922776165e-06,"Naive B","RABEPK","down"
1.23966470691335e-12,-0.477886421446192,0.083,0.13,2.33081758193849e-08,"Naive B","PPIL2","down"
5.84065579547622e-10,-0.477665186992648,0.029,0.052,1.09816010266544e-05,"Naive B","FAM217B","down"
5.44837114488203e-21,-0.477188957063453,0.134,0.213,1.02440274266072e-16,"Naive B","HTT","down"
8.12820613612976e-39,-0.476755342745403,0.361,0.519,1.52826531771512e-34,"Naive B","TNIP2","down"
1.42965261399616e-16,-0.476500644683093,0.087,0.14,2.68803284483558e-12,"Naive B","TXLNA","down"
6.53053520004251e-34,-0.475980842774672,0.346,0.493,1.22787122831199e-29,"Naive B","MIR142HG","down"
2.30990639675255e-32,-0.47587809797646,0.302,0.441,4.34308600717415e-28,"Naive B","MAP4","down"
4.33311774284162e-16,-0.475805964432315,0.135,0.206,8.14712798009081e-12,"Naive B","MYO1D","down"
2.77107227032155e-09,-0.475787208317337,0.026,0.046,5.21017008265858e-05,"Naive B","ZNF35","down"
2.71683362170706e-15,-0.475457556922334,0.031,0.063,5.10819057553362e-11,"Naive B","ENSG00000241490","down"
7.30957501049657e-31,-0.475066394781263,0.159,0.259,1.37434629347356e-26,"Naive B","CNDP2","down"
2.25542230460214e-08,-0.474495914016823,0.034,0.057,0.000424064501711294,"Naive B","FKTN","down"
1.76670106975772e-07,-0.474163698972138,0.035,0.058,0.00332175135135846,"Naive B","NIPSNAP3B","down"
9.79015989777213e-19,-0.474033641506734,0.067,0.113,1.84074586397912e-14,"Naive B","MTX2","down"
5.31617775584523e-07,-0.473378628508407,0.056,0.085,0.0099954774165402,"Naive B","ERCC8","down"
6.38655768493908e-16,-0.473015204046105,0.039,0.071,1.20080057592225e-11,"Naive B","UBL4A","down"
6.89981885489723e-22,-0.47279028619466,0.114,0.188,1.29730394109778e-17,"Naive B","MTAP","down"
6.93325753210889e-07,-0.471918771955434,0.046,0.071,0.0130359108118711,"Naive B","PRDM10","down"
1.68186332800079e-27,-0.471899471686274,0.121,0.202,3.16223942930708e-23,"Naive B","COMMD3","down"
2.2480812248843e-12,-0.471223358920064,0.079,0.125,4.22684231902746e-08,"Naive B","PRMT3","down"
5.32603090838063e-20,-0.470062641719601,0.177,0.267,1.00140033139373e-15,"Naive B","TRANK1","down"
1.99822411812133e-44,-0.469022562295867,0.196,0.322,3.75706098689173e-40,"Naive B","TSR3","down"
3.07568967566576e-68,-0.468576441870844,0.841,0.928,5.78291172818676e-64,"Naive B","CORO1A","down"
8.40608054174116e-16,-0.468552196368623,0.061,0.104,1.58051126345817e-11,"Naive B","WDSUB1","down"
1.22421821124618e-18,-0.468377251640855,0.147,0.223,2.30177508078507e-14,"Naive B","EYA3","down"
1.75178036779529e-36,-0.468205377302495,0.269,0.407,3.2936974475287e-32,"Naive B","GOLPH3","down"
1.83577295252716e-36,-0.46802359663311,0.455,0.612,3.45162030534156e-32,"Naive B","TLN1","down"
2.33680796475797e-08,-0.467685230275828,0.057,0.089,0.000439366633533793,"Naive B","SPATA33","down"
1.78520054828579e-11,-0.467378079931679,0.689,0.745,3.35653407088694e-07,"Naive B","SRGN","down"
2.0964182506021e-10,-0.466303157927786,0.035,0.062,3.94168559478207e-06,"Naive B","CRACR2A","down"
2.73516973878772e-25,-0.466146287087484,0.14,0.224,5.14266614286868e-21,"Naive B","TIMM13","down"
2.32184978483229e-19,-0.465874730586202,0.104,0.168,4.36554196544167e-15,"Naive B","POLM","down"
6.40706701838154e-12,-0.465809489105687,0.017,0.034,1.2046567407961e-07,"Naive B","TRAM2","down"
7.77741110980489e-13,-0.465680985594824,0.065,0.105,1.46230883686552e-08,"Naive B","MAP2K5","down"
1.33200412037436e-12,-0.465468328854292,0.054,0.09,2.50443414712787e-08,"Naive B","ZNF487","down"
1.12216573898021e-13,-0.46525619001427,0.108,0.165,2.10989602243059e-09,"Naive B","TMEM14C","down"
1.50729627551766e-23,-0.46476657280622,0.169,0.259,2.8340184572283e-19,"Naive B","FBXL17","down"
4.2429813469195e-08,-0.464525671358628,0.022,0.041,0.000797765352847804,"Naive B","STPG1","down"
2.05839556195562e-35,-0.464153644331294,0.309,0.452,3.87019533558895e-31,"Naive B","PITPNA","down"
1.12480049283746e-22,-0.463973231981986,0.12,0.193,2.11484988663299e-18,"Naive B","MGAT2","down"
1.97977247025263e-22,-0.463901803307784,0.431,0.552,3.722368198569e-18,"Naive B","TPD52","down"
3.4337274178531e-11,-0.46385393269122,0.05,0.082,6.45609429104741e-07,"Naive B","KDM1B","down"
2.0685816843292e-31,-0.463821453998402,0.144,0.236,3.88934728287577e-27,"Naive B","MRPS34","down"
3.5513894656717e-24,-0.463618436405346,0.133,0.213,6.67732247335593e-20,"Naive B","PISD","down"
1.29160595807527e-27,-0.463282062718546,0.234,0.349,2.42847752237312e-23,"Naive B","PABPC4","down"
9.25400657316746e-31,-0.462259746337092,0.368,0.51,1.73993831588695e-26,"Naive B","TMEM131","down"
1.2920492932781e-21,-0.461719850420058,0.311,0.426,2.42931108122149e-17,"Naive B","LBH","down"
1.93423993294906e-17,-0.460973018275741,0.053,0.094,3.63675792193082e-13,"Naive B","YEATS2","down"
7.89014074236072e-15,-0.460966766113139,0.075,0.121,1.48350426237866e-10,"Naive B","ANKRD52","down"
1.35423915141467e-39,-0.459691184576005,0.499,0.661,2.54624045248987e-35,"Naive B","CAP1","down"
7.78277707441654e-09,-0.459506939161662,0.031,0.054,0.00014633177455318,"Naive B","ZNF341","down"
2.02150198690119e-13,-0.45929469505142,0.036,0.063,3.80082803577162e-09,"Naive B","PDCD2L","down"
9.05291180342934e-23,-0.459268102012494,0.249,0.357,1.70212847728078e-18,"Naive B","RAB3GAP2","down"
1.21612628059931e-23,-0.45879207092071,0.144,0.227,2.28656063278282e-19,"Naive B","TOLLIP","down"
2.6061437133998e-14,-0.458410405216499,0.093,0.145,4.90007140993431e-10,"Naive B","TESK1","down"
6.78461689661964e-17,-0.457992250310637,0.132,0.202,1.27564366890243e-12,"Naive B","KATNAL1","down"
1.07291620935458e-16,-0.457615149230422,0.059,0.101,2.01729705682848e-12,"Naive B","SLC39A7","down"
1.51741541622761e-36,-0.456950831288742,0.442,0.599,2.85304446559115e-32,"Naive B","GSPT1","down"
5.40249500829608e-13,-0.456353582646833,0.056,0.094,1.01577711145983e-08,"Naive B","TEP1","down"
4.81187907939521e-09,-0.456311273936708,0.05,0.08,9.04729504507887e-05,"Naive B","MPV17","down"
2.09707794923304e-35,-0.456069657631916,0.592,0.731,3.94292596014796e-31,"Naive B","NCOA3","down"
9.61237216859777e-26,-0.456040152340144,0.302,0.425,1.80731821513975e-21,"Naive B","TOMM5","down"
4.47842573445784e-28,-0.45603089013845,0.178,0.277,8.42033606592763e-24,"Naive B","TMX1","down"
1.47103343788274e-24,-0.45602456692219,0.37,0.497,2.76583706990712e-20,"Naive B","ATP1A1","down"
7.50344788902939e-09,-0.455565199354297,0.047,0.076,0.000141079827209531,"Naive B","MYCBP2-AS1","down"
6.59379369079492e-49,-0.455475491474433,0.565,0.737,1.23976508974326e-44,"Naive B","VASP","down"
7.45359631123794e-09,-0.455391127639888,0.038,0.063,0.000140142517843896,"Naive B","BCAT2","down"
1.37700129727563e-08,-0.454879163480385,0.038,0.063,0.000258903783913764,"Naive B","DUSP23","down"
5.81826468455323e-22,-0.454737939115931,0.102,0.166,1.0939501259897e-17,"Naive B","GANC","down"
2.79737098681798e-11,-0.454590447399032,0.042,0.072,5.25961692941516e-07,"Naive B","SLC43A3","down"
9.44762380228336e-34,-0.454543717771683,0.253,0.388,1.77634222730532e-29,"Naive B","RAB11FIP1","down"
5.69043175993872e-08,-0.454287013690543,0.05,0.078,0.00106991497950368,"Naive B","GLT8D1","down"
2.15323134082157e-11,-0.453867051804089,0.037,0.065,4.04850556701271e-07,"Naive B","DNAAF4","down"
2.51431051130812e-37,-0.453820491065949,0.127,0.215,4.72740662336153e-33,"Naive B","MRPL34","down"
2.06958867000123e-09,-0.453244975359738,0.264,0.332,3.89124061733632e-05,"Naive B","CEMIP2","down"
5.89508683243289e-15,-0.452818740668987,0.069,0.112,1.10839422623403e-10,"Naive B","WDR5","down"
2.2953523781093e-09,-0.452755770914194,0.027,0.047,4.3157215413211e-05,"Naive B","XKR8","down"
3.16229749190901e-25,-0.452658989414021,0.125,0.203,5.94575174428732e-21,"Naive B","DESI1","down"
2.34362726087774e-19,-0.452657216479687,0.685,0.769,4.40648797590233e-15,"Naive B","GUK1","down"
1.45533767632415e-22,-0.45235205855371,0.149,0.233,2.73632589902466e-18,"Naive B","SYNJ2","down"
3.0401248393212e-10,-0.452068429402437,0.075,0.115,5.71604272289172e-06,"Naive B","CLSTN1","down"
8.02176795626429e-28,-0.451742061431256,0.5,0.635,1.50825281113681e-23,"Naive B","USP24","down"
1.78826055216186e-07,-0.451115119949197,0.056,0.085,0.00336228749017473,"Naive B","DGLUCY","down"
7.24863927348619e-31,-0.451074538723446,0.144,0.237,1.36288915620087e-26,"Naive B","DECR1","down"
2.01948442111551e-06,-0.450921941799872,0.017,0.031,0.0379703460858137,"Naive B","CCDC24","down"
4.76571157556496e-20,-0.450676601327331,0.136,0.213,8.96049090437723e-16,"Naive B","PRDX2","down"
7.38288338048274e-58,-0.450622633972444,0.778,0.885,1.38812973319837e-53,"Naive B","TPM3","down"
2.24234986110523e-12,-0.450491675410579,0.158,0.226,4.21606620885006e-08,"Naive B","ZCCHC2","down"
1.33014337580824e-06,-0.450292240838316,0.02,0.035,0.0250093557519465,"Naive B","PALB2","down"
3.03994270040277e-08,-0.449781809600891,0.059,0.091,0.000571570026529729,"Naive B","PABIR3","down"
1.24064886689837e-17,-0.449187061551821,0.092,0.147,2.33266799954232e-13,"Naive B","PPME1","down"
1.59037903388287e-23,-0.448919874196267,0.115,0.188,2.99023065950657e-19,"Naive B","MDN1","down"
3.34533481564142e-12,-0.448917745692258,0.055,0.089,6.28989852036899e-08,"Naive B","UROS","down"
6.36681821065401e-18,-0.448890039824179,0.079,0.133,1.19708915996717e-13,"Naive B","KIF1B","down"
8.0503109334021e-12,-0.448872067724004,0.121,0.179,1.51361946169826e-07,"Naive B","ENSG00000234961","down"
2.01838861362492e-25,-0.448698328688463,0.235,0.347,3.79497427133758e-21,"Naive B","ADAM8","down"
8.31936235810899e-26,-0.448579782778051,0.134,0.214,1.56420651057165e-21,"Naive B","ROCK2","down"
6.57130062946612e-35,-0.448427731398232,0.264,0.396,1.23553594435222e-30,"Naive B","IARS1","down"
3.8892491509114e-14,-0.448411010509288,0.074,0.12,7.31256625354361e-10,"Naive B","LINC00342","down"
6.48672636427486e-19,-0.448286225920934,0.085,0.139,1.21963429101096e-14,"Naive B","FZR1","down"
2.35341357091306e-20,-0.44743868983294,0.076,0.128,4.42488819603074e-16,"Naive B","STRN4","down"
3.21466652286613e-22,-0.446074322190376,0.113,0.183,6.0442159962929e-18,"Naive B","C11orf24","down"
1.57290285501408e-21,-0.445858372528176,0.134,0.209,2.95737194799747e-17,"Naive B","TYW1","down"
6.79646951682829e-11,-0.445470252741035,0.036,0.06,1.27787219855405e-06,"Naive B","VPS37C","down"
2.02760989127078e-28,-0.445423352829271,0.227,0.343,3.81231211756732e-24,"Naive B","OPTN","down"
1.26569515530102e-22,-0.445022820632029,0.45,0.572,2.37976003099698e-18,"Naive B","JAZF1","down"
1.2118091094478e-11,-0.444193547831084,0.033,0.06,2.27844348758374e-07,"Naive B","NOP14-AS1","down"
3.39315526835055e-27,-0.443906700429506,0.333,0.465,6.3798105355527e-23,"Naive B","PELI1","down"
3.82344263225474e-18,-0.443844171460768,0.678,0.76,7.18883683716536e-14,"Naive B","BANK1","down"
1.52437546499167e-10,-0.443760797281376,0.036,0.061,2.86613074927733e-06,"Naive B","TRIM65","down"
3.97765534151536e-20,-0.443596138659114,0.084,0.141,7.47878757311717e-16,"Naive B","SLC25A12","down"
1.90369945721669e-23,-0.442683612422588,0.087,0.144,3.57933571945883e-19,"Naive B","DCTD","down"
1.35308760737831e-12,-0.442623925014786,0.057,0.094,2.5440753193927e-08,"Naive B","DNMT3A","down"
6.42461023385215e-15,-0.442367647314433,0.063,0.106,1.20795521616888e-10,"Naive B","ERAP2","down"
9.81468073926601e-28,-0.441843927355508,0.128,0.207,1.8453562725968e-23,"Naive B","SCP2","down"
5.1619609495946e-17,-0.441656601678628,0.108,0.168,9.70551897742776e-13,"Naive B","VAMP3","down"
3.42219278697969e-12,-0.440963517367837,0.08,0.126,6.43440687807921e-08,"Naive B","OXR1","down"
1.9153714133725e-06,-0.440808838023047,0.031,0.05,0.0360128133142298,"Naive B","LINC00265","down"
1.3632067593064e-17,-0.440783672536548,0.059,0.101,2.56310134884789e-13,"Naive B","POLRMT","down"
8.84593174644449e-21,-0.440777239347834,0.143,0.221,1.66321208696649e-16,"Naive B","LRWD1","down"
6.84130700066782e-31,-0.440521026117859,0.297,0.43,1.28630254226556e-26,"Naive B","MRPS6","down"
1.68333567013137e-14,-0.440452177516843,0.098,0.151,3.16500772698101e-10,"Naive B","CDK5RAP1","down"
5.2365041316035e-21,-0.440366493482505,0.186,0.276,9.84567506824091e-17,"Naive B","TLNRD1","down"
2.07149673749127e-15,-0.440303875998523,0.143,0.212,3.89482816583109e-11,"Naive B","CBFA2T3","down"
4.18234962291423e-10,-0.440025375316456,0.039,0.065,7.86365376100333e-06,"Naive B","GATD1","down"
1.83287247648471e-19,-0.439809853471216,0.108,0.173,3.44616683028656e-15,"Naive B","DOT1L","down"
1.00375859229166e-13,-0.439756391561099,0.048,0.08,1.88726690522678e-09,"Naive B","SH2B1","down"
2.94065937461375e-17,-0.439645489652444,0.106,0.166,5.52902775614877e-13,"Naive B","ANKRD36","down"
2.67453268021072e-12,-0.439031232339266,0.059,0.097,5.0286563453322e-08,"Naive B","ZNF75D","down"
4.64049449572744e-07,-0.438529074463303,0.038,0.059,0.00872505775086674,"Naive B","HIRIP3","down"
8.80206544531609e-20,-0.438491975945253,0.36,0.474,1.65496434502833e-15,"Naive B","B4GALT1","down"
5.91301295375276e-07,-0.438476506143449,0.052,0.079,0.0111176469556459,"Naive B","CDC42BPB","down"
5.23145193664591e-28,-0.438074577147394,0.335,0.467,9.83617593128164e-24,"Naive B","PDIA6","down"
9.42485452004132e-09,-0.437678947376433,0.046,0.074,0.000177206114685817,"Naive B","MFAP3","down"
1.31058787544997e-07,-0.43739315024811,0.03,0.051,0.00246416732342103,"Naive B","TSHZ1","down"
2.41885900323874e-07,-0.437140236436265,0.066,0.1,0.00454793869788947,"Naive B","MIR4422HG","down"
3.44874398926463e-12,-0.436884035956525,0.073,0.116,6.48432844861536e-08,"Naive B","PPP1R12B","down"
4.46058080570849e-16,-0.436656142430646,0.09,0.143,8.38678403089311e-12,"Naive B","DTD1","down"
4.31276831291416e-07,-0.436622305110397,0.239,0.298,0.0081088669819412,"Naive B","SGK1","down"
1.34256352810911e-25,-0.436104856054814,0.177,0.271,2.52428794555076e-21,"Naive B","USP48","down"
3.01201912174516e-15,-0.435989770482511,0.135,0.2,5.66319835270526e-11,"Naive B","PRKAG2","down"
2.8680521829664e-42,-0.435684099749315,0.314,0.466,5.39251171441342e-38,"Naive B","MEAF6","down"
3.66873006060872e-18,-0.435494349734176,0.179,0.262,6.89794625995652e-14,"Naive B","NOP16","down"
3.88964741174362e-35,-0.435442912460119,0.351,0.498,7.31331506356036e-31,"Naive B","PARP1","down"
8.415370982785e-15,-0.435434702170192,0.07,0.114,1.58225805218324e-10,"Naive B","POGLUT1","down"
1.28982788036991e-10,-0.435207883527461,0.069,0.106,2.4251343806715e-06,"Naive B","ARMC9","down"
1.2484971083196e-15,-0.435063998551459,0.087,0.136,2.34742426306251e-11,"Naive B","JKAMP","down"
5.91600987596757e-09,-0.435063104096082,0.061,0.093,0.000111232817687942,"Naive B","MANBAL","down"
6.89562800377492e-30,-0.435037339954645,0.162,0.255,1.29651597726976e-25,"Naive B","RETREG2","down"
1.74070865895899e-13,-0.433765860688142,0.406,0.499,3.27288042057469e-09,"Naive B","IGKC","down"
5.045746635826e-38,-0.433273657603104,0.618,0.759,9.48701282468005e-34,"Naive B","ARPC1B","down"
6.02414091010596e-18,-0.433197736068224,0.214,0.304,1.13265897391812e-13,"Naive B","LIMS1","down"
1.11367086390189e-24,-0.433086839188228,0.372,0.5,2.09392395830834e-20,"Naive B","DAPP1","down"
7.70890376813771e-11,-0.433066469595217,0.083,0.126,1.44942808648525e-06,"Naive B","EOLA2","down"
9.54125836291668e-11,-0.432600219126261,0.032,0.055,1.79394739739559e-06,"Naive B","TRIM35","down"
7.16499809590399e-27,-0.432585137101935,0.425,0.56,1.34716294199187e-22,"Naive B","ABI1","down"
3.54401366173987e-25,-0.432487179410617,0.148,0.232,6.66345448680331e-21,"Naive B","APOBEC3C","down"
3.26901310065666e-45,-0.432421231031213,0.943,0.967,6.14639843185465e-41,"Naive B","EMP3","down"
1.8078710820081e-10,-0.431903446366575,0.078,0.118,3.39915920839163e-06,"Naive B","LIMD1","down"
3.43411613694092e-11,-0.431722487873197,0.074,0.116,6.45682516067633e-07,"Naive B","ITGAV","down"
8.78092038935397e-31,-0.431573421481556,0.384,0.526,1.65098865160633e-26,"Naive B","DOCK8","down"
1.93996750956933e-17,-0.431269037941712,0.12,0.184,3.64752691149225e-13,"Naive B","MAP3K4","down"
7.84374634178835e-19,-0.431230570968241,0.1,0.159,1.47478118718305e-14,"Naive B","PTTG1IP","down"
5.14770127172316e-16,-0.430549125817931,0.071,0.115,9.67870793109388e-12,"Naive B","RRP9","down"
2.03854897747304e-12,-0.430492938106129,0.123,0.182,3.83287978744482e-08,"Naive B","NEDD9","down"
9.44213217682795e-10,-0.429271531269872,0.04,0.065,1.77530969188719e-05,"Naive B","CHST12","down"
3.95089861907111e-11,-0.428873851936298,0.031,0.055,7.4284795835775e-07,"Naive B","CAMK2G","down"
6.5679124609249e-12,-0.428792778429953,0.059,0.094,1.2348989009031e-07,"Naive B","TIMM29","down"
1.37331035327431e-17,-0.428652236513936,0.093,0.148,2.58209812622635e-13,"Naive B","CRELD2","down"
2.61062385810029e-09,-0.428203040976866,0.058,0.09,4.90849497800016e-05,"Naive B","POLR3A","down"
2.14600532322985e-18,-0.428034776623408,0.109,0.17,4.03491920873676e-14,"Naive B","GTF3C2","down"
2.80137093143554e-10,-0.427802009954859,0.072,0.111,5.2671376252851e-06,"Naive B","DHTKD1","down"
2.69893601479362e-15,-0.427228946242392,0.089,0.142,5.07453949501497e-11,"Naive B","LCLAT1","down"
1.84076961060226e-12,-0.427118700408803,0.065,0.104,3.46101502185436e-08,"Naive B","ENSG00000291143","down"
2.69623092884307e-21,-0.426728018570122,0.272,0.378,5.06945339241073e-17,"Naive B","DEGS1","down"
6.37444382831611e-30,-0.426516865217481,0.189,0.29,1.1985229286e-25,"Naive B","NPTN","down"
1.01664882124864e-14,-0.426152289253618,0.099,0.152,1.91150311371169e-10,"Naive B","DENND4B","down"
4.45885170324118e-28,-0.426145193869235,0.28,0.402,8.38353297243407e-24,"Naive B","SMARCB1","down"
9.22086492175008e-17,-0.425994098118226,0.107,0.166,1.73370702258745e-12,"Naive B","RBFA","down"
4.74093216763404e-11,-0.425348393785086,0.043,0.072,8.91390066158552e-07,"Naive B","STX10","down"
4.68950072744138e-34,-0.425018544264631,0.23,0.35,8.81719926773529e-30,"Naive B","SELENOS","down"
1.1659436119945e-06,-0.424883838984402,0.018,0.032,0.0219220717927206,"Naive B","TMEM79","down"
4.9600590615232e-28,-0.424866372946556,0.399,0.536,9.32590304747592e-24,"Naive B","GARS1","down"
8.9803524173186e-07,-0.424648668902541,0.034,0.054,0.0168848586150424,"Naive B","IDUA","down"
1.05551513779687e-08,-0.424635235092603,0.024,0.042,0.000198457956208567,"Naive B","MARS2","down"
3.41328892479524e-32,-0.424477833284021,0.18,0.283,6.41766583640002e-28,"Naive B","TERF2","down"
8.56849712028731e-26,-0.424418737848159,0.138,0.218,1.61104882855642e-21,"Naive B","RABL6","down"
3.95347391112488e-08,-0.42431732616492,0.019,0.036,0.000743332164769701,"Naive B","NEB","down"
9.36192596420875e-30,-0.423959387060338,0.183,0.282,1.76022931979053e-25,"Naive B","CDK4","down"
2.06801539288612e-14,-0.423957821412283,0.126,0.188,3.88828254170449e-10,"Naive B","DOP1A","down"
7.12502866172755e-38,-0.423491774806293,0.691,0.812,1.33964788897801e-33,"Naive B","NME2","down"
5.17982278202402e-18,-0.422674884491113,0.091,0.145,9.73910279476157e-14,"Naive B","ECHS1","down"
1.36473553754225e-20,-0.422424930047689,0.205,0.296,2.56597575768693e-16,"Naive B","PTK2B","down"
1.27090012593081e-15,-0.422265333632879,0.398,0.499,2.38954641677511e-11,"Naive B","SDCBP","down"
1.85697925126641e-16,-0.422165433122537,0.056,0.094,3.49149238823111e-12,"Naive B","TNFSF12","down"
2.93450402840255e-22,-0.421947452596256,0.08,0.134,5.51745447420247e-18,"Naive B","GSDMD","down"
3.4675405039274e-39,-0.421735194484803,0.626,0.768,6.51966965548429e-35,"Naive B","ENO1","down"
3.13723795950727e-07,-0.421364898708964,0.024,0.04,0.00589863481146558,"Naive B","POMT1","down"
2.12291362768728e-32,-0.420941434796911,0.197,0.305,3.99150220277762e-28,"Naive B","ADAM17","down"
1.90663792685713e-20,-0.420936176587036,0.094,0.153,3.58486063007678e-16,"Naive B","FADD","down"
8.74589180584794e-16,-0.420931689481219,0.154,0.226,1.64440257733553e-11,"Naive B","RUFY3","down"
3.05127985201158e-16,-0.420776449633899,0.077,0.123,5.73701637775218e-12,"Naive B","ZNF142","down"
1.69301447248017e-06,-0.420389027613627,0.016,0.028,0.0318320581115722,"Naive B","ZNF799","down"
4.39260242069601e-09,-0.42034856032318,0.036,0.06,8.25897107139263e-05,"Naive B","KCTD17","down"
1.58408964202627e-09,-0.420292345045896,0.026,0.047,2.9784053449378e-05,"Naive B","ZMYM1","down"
1.49228568038067e-33,-0.420082582470172,0.388,0.536,2.80579553625174e-29,"Naive B","MICOS10","down"
2.39597242617001e-14,-0.419847995962793,0.112,0.168,4.50490735568485e-10,"Naive B","NME3","down"
1.96348167812243e-21,-0.419254720962162,0.172,0.257,3.6917382512058e-17,"Naive B","CARHSP1","down"
1.58959934761196e-18,-0.419138754821622,0.273,0.375,2.98876469338001e-14,"Naive B","TUBB6","down"
1.4626626125003e-13,-0.418914411537821,0.044,0.075,2.75009824402307e-09,"Naive B","COG7","down"
3.39509901834065e-38,-0.418805296178181,0.234,0.361,6.38346517428409e-34,"Naive B","SRI","down"
7.13242399553e-26,-0.418673308603376,0.305,0.427,1.34103835963955e-21,"Naive B","MICU2","down"
8.64078785109806e-25,-0.4184778190583,0.189,0.281,1.62464093176346e-20,"Naive B","CERS2","down"
1.61669921062076e-22,-0.418353378775877,0.39,0.512,3.03971785580915e-18,"Naive B","ANTXR2","down"
9.7272308856548e-16,-0.417920479922995,0.089,0.142,1.82891395112082e-11,"Naive B","ANKRD36C","down"
5.50207876703367e-11,-0.417770129739435,0.103,0.151,1.03450084977767e-06,"Naive B","LINC00426","down"
2.80707159661124e-19,-0.41774925089822,0.181,0.264,5.27785601594845e-15,"Naive B","MRPL4","down"
3.06877684652203e-19,-0.417522359744583,0.109,0.172,5.76991422683072e-15,"Naive B","ZNF236","down"
1.07661874175066e-17,-0.417500937160063,0.211,0.298,2.02425855823959e-13,"Naive B","LYL1","down"
3.45050793556199e-14,-0.417194513710913,0.102,0.157,6.48764502044365e-10,"Naive B","RBM15","down"
1.59134743624705e-06,-0.417186393461259,0.01,0.02,0.0299205144963171,"Naive B","PSPH","down"
5.89184560981083e-25,-0.417121345173101,0.18,0.271,1.10778481155663e-20,"Naive B","ECHDC1","down"
5.66681429660643e-08,-0.417026790881627,0.031,0.053,0.00106547442404794,"Naive B","CFLAR-AS1","down"
1.41472364473374e-06,-0.417021199598242,0.036,0.055,0.0265996339682837,"Naive B","PHF13","down"
6.0617796619586e-18,-0.416941485500278,0.115,0.177,1.13973581204146e-13,"Naive B","TEX264","down"
1.84755862421857e-07,-0.416506230580312,0.041,0.063,0.00347377972525576,"Naive B","ZNF710","down"
5.315423956067e-20,-0.416317122767533,0.1,0.159,9.99406012219717e-16,"Naive B","RDX","down"
1.51041231304664e-32,-0.416083637450791,0.217,0.33,2.8398772309903e-28,"Naive B","STARD7","down"
5.35028971175026e-15,-0.416051734903301,0.073,0.117,1.00596147160328e-10,"Naive B","MTHFR","down"
3.65685814317055e-08,-0.41539865604136,0.04,0.063,0.000687562468078927,"Naive B","HDAC10","down"
1.62644570056228e-37,-0.415392301493599,0.686,0.813,3.05804320619719e-33,"Naive B","CAMK1D","down"
2.63464982147146e-09,-0.414895209748643,0.058,0.089,4.95366859433064e-05,"Naive B","TOR2A","down"
2.53927920845067e-30,-0.414543138586517,0.482,0.625,4.77435276772894e-26,"Naive B","PSMB9","down"
2.85839693470246e-25,-0.414297060077475,0.191,0.286,5.37435791662757e-21,"Naive B","EXOC2","down"
1.98282702013661e-06,-0.414103304060283,0.014,0.026,0.0372811136326085,"Naive B","C9orf64","down"
1.18971638262077e-11,-0.413906093014066,0.049,0.08,2.23690474260357e-07,"Naive B","ENSG00000273748","down"
2.32740420642711e-25,-0.41344189369729,0.124,0.198,4.37598538892425e-21,"Naive B","TXLNGY","down"
6.1298806383799e-31,-0.413120713635645,0.209,0.316,1.15254015762819e-26,"Naive B","NARS1","down"
2.32321555443898e-08,-0.412472299861848,0.022,0.038,0.000436810988545618,"Naive B","ENSG00000254263","down"
8.29436149461395e-24,-0.412074931797526,0.146,0.226,1.55950584821732e-19,"Naive B","FLII","down"
7.47191223687719e-08,-0.411732284011888,0.028,0.046,0.00140486893877765,"Naive B","TRIM14","down"
1.94381279054893e-30,-0.411666210257872,0.28,0.404,3.65475680879009e-26,"Naive B","ELOF1","down"
6.50095887238375e-08,-0.41138839907168,0.072,0.105,0.00122231028718559,"Naive B","QSER1","down"
5.83911222665862e-11,-0.411256684220255,0.03,0.052,1.09786988085635e-06,"Naive B","TRMT2A","down"
1.83817936575234e-09,-0.411122721280006,0.022,0.04,3.45614484348755e-05,"Naive B","NR1D1","down"
2.16963018625238e-35,-0.410501984325827,0.204,0.317,4.07933867619173e-31,"Naive B","ENSG00000284707","down"
6.52160880824411e-19,-0.410331949159997,0.105,0.164,1.22619288812606e-14,"Naive B","DNAJC13","down"
2.6224002250468e-07,-0.410227838117633,0.047,0.072,0.00493063690313299,"Naive B","ENSG00000235119","down"
3.9362979563755e-34,-0.410118827661611,0.285,0.418,7.40102741757721e-30,"Naive B","ANKLE2","down"
6.16292437382361e-19,-0.409502903129614,0.073,0.121,1.15875304076631e-14,"Naive B","TMED3","down"
6.7059126214031e-17,-0.409496218071858,0.103,0.159,1.26084569107621e-12,"Naive B","MTLN","down"
1.22656121526536e-07,-0.409275899021293,0.036,0.057,0.00230618039694194,"Naive B","PIP5K1C","down"
1.31920327367405e-19,-0.408909609175188,0.078,0.129,2.48036599516196e-15,"Naive B","STX8","down"
1.45464437450258e-29,-0.408835427786406,0.298,0.424,2.73502235293974e-25,"Naive B","CPNE1","down"
5.89385214578854e-14,-0.408413482252473,0.052,0.09,1.10816208045116e-09,"Naive B","LINC02202","down"
1.68192597358457e-37,-0.40789582605428,0.377,0.528,3.16235721553372e-33,"Naive B","OSTF1","down"
1.50950360357067e-23,-0.407696594475246,0.1,0.163,2.83816867543357e-19,"Naive B","SGTA","down"
9.01197774658454e-35,-0.407448445362582,0.198,0.306,1.69443205591283e-30,"Naive B","PHB1","down"
6.40971774641566e-55,-0.407163029085158,0.845,0.919,1.20515513068107e-50,"Naive B","CLIC1","down"
1.54263585035604e-15,-0.407046916130062,0.076,0.121,2.90046392583943e-11,"Naive B","RAD17","down"
2.60084586436479e-10,-0.407041699545584,0.124,0.176,4.89011039417868e-06,"Naive B","HCG17","down"
7.92148065186049e-07,-0.406914096988816,0.015,0.027,0.0148939679216281,"Naive B","ENSG00000291046","down"
9.23925920622602e-22,-0.406769622070698,0.131,0.2,1.73716551595462e-17,"Naive B","RAB35","down"
2.13021914700232e-06,-0.406623612917024,0.024,0.04,0.0400523804019377,"Naive B","PTDSS2","down"
1.05681097033763e-24,-0.406482130744271,0.411,0.539,1.9870159864288e-20,"Naive B","EIF4E","down"
3.42834056128018e-12,-0.406086789748172,0.054,0.088,6.44596592331899e-08,"Naive B","DDX55","down"
1.17229001509745e-21,-0.405865060875077,0.355,0.472,2.20413968638623e-17,"Naive B","CAPNS1","down"
4.34780505153103e-12,-0.405337126954211,0.082,0.125,8.17474305788865e-08,"Naive B","GPD2","down"
4.39570491866901e-11,-0.405133847339783,0.069,0.106,8.26480438808147e-07,"Naive B","GET1","down"
2.02086178726894e-22,-0.405046641581567,0.485,0.605,3.79962433242307e-18,"Naive B","PBXIP1","down"
1.90618863098545e-21,-0.404388580396748,0.091,0.146,3.58401586397884e-17,"Naive B","CEP104","down"
3.37290386959603e-07,-0.404370448458812,0.055,0.082,0.00634173385561446,"Naive B","EFHC1","down"
2.64867935073681e-07,-0.404141697019956,0.023,0.04,0.00498004691525536,"Naive B","ZNF823","down"
3.61600851401751e-25,-0.404078768886302,0.157,0.24,6.79881920805572e-21,"Naive B","LARP1","down"
5.49428400202062e-18,-0.40368408042642,0.094,0.15,1.03303527805992e-13,"Naive B","TTN-AS1","down"
3.09371145511122e-13,-0.402871212041748,0.081,0.126,5.81679627790013e-09,"Naive B","PAPSS1","down"
2.09430447443706e-34,-0.402443861315445,0.323,0.459,3.93771127283657e-30,"Naive B","DPP7","down"
3.2884980063046e-20,-0.402387607054924,0.183,0.266,6.18303395145391e-16,"Naive B","FARP2","down"
1.60211508808823e-10,-0.402349076747067,0.035,0.059,3.01229678862349e-06,"Naive B","SKA2","down"
1.43411750637177e-19,-0.402249440833134,0.106,0.166,2.6964277354802e-15,"Naive B","TMEM115","down"
2.26214564679358e-40,-0.402194935630184,0.688,0.817,4.2532862451013e-36,"Naive B","PLP2","down"
6.1184300864543e-15,-0.40218151006928,0.086,0.134,1.15038722485514e-10,"Naive B","ESYT1","down"
8.13950657771992e-11,-0.401669671985099,0.044,0.073,1.5303900267429e-06,"Naive B","MYO19","down"
6.80309215563752e-14,-0.401564136016844,0.06,0.097,1.27911738710297e-09,"Naive B","DUSP16","down"
1.52068906080782e-16,-0.401404467109109,0.08,0.128,2.85919957213087e-12,"Naive B","PELP1","down"
1.32548708247411e-14,-0.401341303328011,0.108,0.164,2.49218081246782e-10,"Naive B","MRTO4","down"
3.35773191310364e-18,-0.401186942752624,0.072,0.12,6.31320754301747e-14,"Naive B","LMO4","down"
6.01713816168437e-16,-0.400807837044522,0.039,0.069,1.13134231715989e-11,"Naive B","DHRS4","down"
2.53593858878807e-26,-0.400128195292743,0.249,0.361,4.76807173463933e-22,"Naive B","RASGRP3","down"
6.18273582961661e-28,-0.400054587670982,0.138,0.217,1.16247799068451e-23,"Naive B","ARF3","down"
4.14682494011429e-13,-0.400045486761723,0.078,0.122,7.79686025240289e-09,"Naive B","SYNE1","down"
7.96038640846011e-24,-0.39997491509262,0.19,0.281,1.49671185251867e-19,"Naive B","CFAP298","down"
3.15279703820299e-07,-0.399429343381695,0.04,0.062,0.00592788899122926,"Naive B","CCDC7","down"
1.02372544202866e-06,-0.399396673276806,0.043,0.065,0.0192480857610228,"Naive B","GBA1","down"
1.78928516988078e-11,-0.3993446314414,0.05,0.081,3.36421397640983e-07,"Naive B","PSMG3","down"
9.01010225314973e-22,-0.399209684850911,0.103,0.164,1.69407942563721e-17,"Naive B","COQ4","down"
4.43861577811869e-07,-0.398937225190896,0.038,0.06,0.00834548538601875,"Naive B","UBOX5","down"
7.3510421434019e-27,-0.398875431264277,0.253,0.366,1.38214294380242e-22,"Naive B","FNDC3A","down"
2.33577260013306e-22,-0.398181598039676,0.118,0.188,4.39171964277019e-18,"Naive B","ENSG00000287555","down"
5.87252983722023e-12,-0.397990326640654,0.094,0.141,1.10415305999415e-07,"Naive B","RNF20","down"
3.93389063114275e-21,-0.397936415807486,0.206,0.298,7.3965011646746e-17,"Naive B","ARID1A","down"
4.1076639870621e-12,-0.397666090493356,0.069,0.107,7.72322982847415e-08,"Naive B","TMEM64","down"
1.11702848513802e-15,-0.397409953730534,0.044,0.076,2.10023695775651e-11,"Naive B","PIP4K2C","down"
1.0440882521948e-31,-0.397393607604142,0.313,0.447,1.96309473177667e-27,"Naive B","YARS1","down"
7.11809983318695e-24,-0.397332520666703,0.07,0.12,1.33834513063581e-19,"Naive B","PPP5C","down"
1.56045286272198e-12,-0.397278396638238,0.149,0.211,2.93396347248987e-08,"Naive B","TRRAP","down"
1.0869643511436e-18,-0.397213556592746,0.246,0.339,2.0437103730202e-14,"Naive B","FTX","down"
2.93249274808552e-28,-0.397201577992587,0.181,0.276,5.5136728649504e-24,"Naive B","MVP","down"
1.97813915219383e-09,-0.397164879392581,0.061,0.094,3.71929723395485e-05,"Naive B","TEC","down"
5.11712452526074e-09,-0.396927152546333,0.043,0.068,9.62121753239524e-05,"Naive B","CCDC142","down"
4.90962867511639e-34,-0.396819380270776,0.413,0.563,9.23108383495384e-30,"Naive B","SERPINB1","down"
6.66252009622544e-19,-0.396013739339263,0.133,0.2,1.25268702849231e-14,"Naive B","SLC25A46","down"
1.24188018042849e-22,-0.395906672710023,0.186,0.273,2.33498311524164e-18,"Naive B","TBK1","down"
4.02954175977423e-12,-0.39544911164498,0.194,0.266,7.57634441672751e-08,"Naive B","SLC7A5","down"
8.80876483315895e-16,-0.395166519755328,0.367,0.467,1.65622396393055e-11,"Naive B","JPT1","down"
5.3240379854302e-29,-0.395137972871715,0.445,0.584,1.00102562202059e-24,"Naive B","HIGD2A","down"
2.88041371462857e-07,-0.395010557803585,0.025,0.043,0.00541575386624463,"Naive B","SNTB2","down"
4.44181577957399e-22,-0.394751164936689,0.101,0.162,8.35150202875501e-18,"Naive B","NNT","down"
4.71264882533756e-19,-0.394748221525296,0.137,0.208,8.86072232139968e-15,"Naive B","R3HDM1","down"
1.83071885205558e-24,-0.394664430198198,0.107,0.172,3.4421175856349e-20,"Naive B","SLC35E1","down"
1.7204371737333e-23,-0.394556801220435,0.243,0.346,3.23476597405336e-19,"Naive B","AKNA","down"
3.08060164139621e-15,-0.394221963073484,0.088,0.136,5.79214720615316e-11,"Naive B","NT5DC1","down"
3.76133145658529e-16,-0.393762549644579,0.174,0.247,7.07205540467166e-12,"Naive B","SMYD3","down"
5.2423002530771e-20,-0.393187882640624,0.245,0.345,9.85657293583556e-16,"Naive B","ANKRD33B","down"
7.44328760887312e-14,-0.393039275085662,0.065,0.103,1.39948693622032e-09,"Naive B","PLOD3","down"
2.13053835395061e-13,-0.392998315427657,0.046,0.077,4.00583821309794e-09,"Naive B","ZNF559","down"
1.39898030571853e-30,-0.392986465470302,0.321,0.451,2.63036277081198e-26,"Naive B","KANSL1","down"
1.413531142924e-18,-0.392939037432669,0.127,0.191,2.65772125492571e-14,"Naive B","HCFC1R1","down"
1.3999546475412e-06,-0.392460246342018,0.091,0.126,0.0263219472830697,"Naive B","SUCLG2","down"
4.26658596960673e-18,-0.391774230081213,0.309,0.411,8.02203494005457e-14,"Naive B","PPP2R5C","down"
1.32938701107168e-06,-0.391636702702264,0.009,0.019,0.0249951345821697,"Naive B","ENSG00000274383","down"
2.48486110255665e-13,-0.391534786704206,0.152,0.217,4.67203584502702e-09,"Naive B","SLC39A10","down"
5.21118952368993e-39,-0.391335602073701,0.709,0.837,9.79807854244181e-35,"Naive B","NEAT1","down"
1.61613817156284e-11,-0.390469609982561,0.055,0.087,3.03866299017245e-07,"Naive B","PGAM5","down"
3.98171270579827e-19,-0.390195006944157,0.17,0.249,7.48641622944191e-15,"Naive B","GTF2IRD2B","down"
2.99674784220787e-27,-0.3901191074207,0.398,0.531,5.63448529291923e-23,"Naive B","ZFAND6","down"
3.10576795916712e-14,-0.389842601728909,0.122,0.179,5.83946491682603e-10,"Naive B","MFSD6","down"
2.72059703303063e-15,-0.389759019105199,0.063,0.102,5.11526654150419e-11,"Naive B","SLC25A17","down"
1.33989927615298e-22,-0.389730279653657,0.158,0.236,2.51927861902284e-18,"Naive B","KIAA2013","down"
7.97382921964176e-27,-0.389095960941519,0.266,0.378,1.49923936987704e-22,"Naive B","SRM","down"
3.36398823635774e-68,-0.388951693314047,0.996,0.996,6.32497068199981e-64,"Naive B","ACTB","down"
7.28879257766256e-11,-0.388925991780481,0.124,0.177,1.37043878045211e-06,"Naive B","ENSG00000227486","down"
2.61500927264749e-20,-0.388736680020641,0.101,0.159,4.91674043443181e-16,"Naive B","LYRM4","down"
2.05643046740481e-21,-0.388643808693175,0.109,0.17,3.86650056481453e-17,"Naive B","TXNDC11","down"
2.68290875204957e-16,-0.388416587656246,0.1,0.151,5.0444050356036e-12,"Naive B","COMT","down"
4.8174599140558e-18,-0.38834560741163,0.139,0.207,9.05778813040772e-14,"Naive B","ITGAE","down"
1.35479071558209e-06,-0.387381075033735,0.025,0.041,0.0254727750343744,"Naive B","SPIRE1","down"
1.21400514582808e-30,-0.387007016942729,0.692,0.802,2.28257247518595e-26,"Naive B","MCL1","down"
4.54832203470946e-08,-0.386897380270716,0.043,0.067,0.000855175508966072,"Naive B","MNT","down"
3.39005130371402e-08,-0.386820598626407,0.064,0.095,0.000637397446124311,"Naive B","PUS7L","down"
2.81765874042023e-21,-0.386617697222277,0.156,0.234,5.29776196373811e-17,"Naive B","UBE3C","down"
1.03949066523111e-14,-0.386558216343075,0.039,0.067,1.95445034876752e-10,"Naive B","USP5","down"
4.06913210708765e-09,-0.386132480574081,0.047,0.074,7.65078218774621e-05,"Naive B","NIPAL3","down"
6.21225418751689e-13,-0.386010734107143,0.088,0.133,1.16802803233693e-08,"Naive B","WDR35","down"
1.06323171002869e-21,-0.38598901063275,0.188,0.276,1.99908826119594e-17,"Naive B","PPP1R18","down"
1.99217330054258e-12,-0.385979048660783,0.076,0.117,3.74568423968015e-08,"Naive B","ENSG00000279168","down"
8.27874164732608e-16,-0.3856915300114,0.083,0.13,1.55656900453025e-11,"Naive B","SLC38A10","down"
2.28504082381926e-28,-0.385625790476972,0.203,0.302,4.29633375694497e-24,"Naive B","ZNF217","down"
3.93646880875853e-19,-0.384931785603576,0.28,0.382,7.40134865422779e-15,"Naive B","LRRFIP2","down"
2.42806002155515e-14,-0.384503201515786,0.086,0.134,4.56523845252799e-10,"Naive B","DRAM1","down"
4.3225415888751e-14,-0.384055477143393,0.103,0.154,8.12724269540296e-10,"Naive B","TMEM138","down"
3.66705417014866e-14,-0.383553944757663,0.171,0.24,6.89479525071351e-10,"Naive B","MOB1B","down"
4.64994605706945e-34,-0.383276417750226,0.25,0.374,8.74282857650199e-30,"Naive B","SNAP23","down"
1.6880923483498e-10,-0.382600542391516,0.057,0.09,3.17395123336729e-06,"Naive B","RNF170","down"
3.2322287766074e-07,-0.382479410513831,0.031,0.05,0.00607723654577724,"Naive B","MAPKBP1","down"
8.76116996995803e-27,-0.382360182488932,0.41,0.542,1.64727517775151e-22,"Naive B","TRAK1","down"
3.36876504216367e-24,-0.382206916145815,0.16,0.242,6.33395203227613e-20,"Naive B","MRPL44","down"
8.49858241230056e-14,-0.382121836640382,0.052,0.087,1.59790346516075e-09,"Naive B","CHCHD4","down"
1.02205103476044e-28,-0.381869089886194,0.283,0.4,1.92166035555657e-24,"Naive B","ARL8A","down"
5.72533025136031e-13,-0.381795053532644,0.102,0.153,1.07647659386077e-08,"Naive B","CEP126","down"
1.86855065819912e-06,-0.381788442559035,0.022,0.037,0.0351324894754598,"Naive B","PRADC1","down"
2.92250251889428e-19,-0.381343538197451,0.4,0.512,5.49488923602503e-15,"Naive B","CNOT2","down"
7.09700974717092e-08,-0.381324922643287,0.023,0.038,0.00133437977266308,"Naive B","LXN","down"
6.97036091068063e-15,-0.380816720644498,0.13,0.193,1.31056725842617e-10,"Naive B","SLC9B2","down"
2.92670165508518e-23,-0.380543075467611,0.176,0.261,5.50278445189116e-19,"Naive B","LDB1","down"
3.49517840755995e-25,-0.380542665315814,0.44,0.571,6.57163444189421e-21,"Naive B","TUBB","down"
1.68805278455732e-09,-0.380447151516644,0.059,0.089,3.17387684552467e-05,"Naive B","ZFAT","down"
4.57126151271529e-66,-0.380339841748324,0.946,0.977,8.5948858962073e-62,"Naive B","PFN1","down"
5.66670553154335e-28,-0.379936294585699,0.543,0.677,1.06545397404078e-23,"Naive B","MEF2A","down"
4.5126551991119e-11,-0.379920564275256,0.046,0.074,8.4846943053702e-07,"Naive B","IMPDH1","down"
1.30754868211548e-10,-0.379766862388605,0.142,0.197,2.45845303211352e-06,"Naive B","SUPV3L1","down"
9.92310636396377e-18,-0.379752933205827,0.083,0.131,1.86574245855247e-13,"Naive B","ZNF428","down"
4.86110076387066e-19,-0.379718808362916,0.091,0.143,9.13984165622961e-15,"Naive B","PPIE","down"
2.91982686906877e-14,-0.379608467951282,0.085,0.13,5.4898584792231e-10,"Naive B","WWP1","down"
1.59779110810898e-09,-0.379406732594101,0.038,0.061,3.00416684146651e-05,"Naive B","PIGQ","down"
3.33200772292531e-33,-0.37926788886442,0.448,0.596,6.26484092064416e-29,"Naive B","PTP4A2","down"
6.54486612956482e-09,-0.379128230436756,0.034,0.056,0.000123056572968078,"Naive B","EEF2KMT","down"
9.15029954620576e-12,-0.379034899636832,0.076,0.116,1.72043932067761e-07,"Naive B","TMA16","down"
3.65852167994627e-23,-0.378922103210406,0.237,0.337,6.87875246263498e-19,"Naive B","FAM172A","down"
3.25703441542078e-12,-0.37865885003865,0.06,0.094,6.12387610787415e-08,"Naive B","NBPF8","down"
8.82049512957641e-22,-0.378163835529524,0.119,0.186,1.65842949426296e-17,"Naive B","HEXB","down"
2.11263804370949e-09,-0.377921215952985,0.042,0.066,3.97218204978259e-05,"Naive B","ENSG00000272368","down"
1.91661057646077e-08,-0.377905435120981,0.041,0.065,0.000360361120586154,"Naive B","TNPO2","down"
1.3620970331919e-07,-0.377834275524533,0.093,0.131,0.00256101484180742,"Naive B","MAST4","down"
3.45780047109024e-11,-0.377634608697976,0.272,0.351,6.50135644574388e-07,"Naive B","IQGAP2","down"
6.72031749810532e-17,-0.377219986260571,0.097,0.149,1.26355409599376e-12,"Naive B","ANKFY1","down"
8.42883316388762e-23,-0.377004012699777,0.397,0.519,1.58478921147415e-18,"Naive B","TPM4","down"
2.0296314835192e-28,-0.376961344854409,0.202,0.305,3.8161131153128e-24,"Naive B","PARP9","down"
2.95409891730667e-25,-0.376788076529496,0.077,0.129,5.55429678432001e-21,"Naive B","PMVK","down"
7.70528059438738e-31,-0.376558934057915,0.774,0.856,1.44874685735672e-26,"Naive B","ARF6","down"
3.2370803927635e-12,-0.376519053121554,0.046,0.073,6.08635855447394e-08,"Naive B","PYGB","down"
2.06247066007579e-09,-0.376441909100707,0.028,0.049,3.8778573350745e-05,"Naive B","NFIX","down"
2.51474384361705e-15,-0.376045570954512,0.185,0.261,4.72822137476877e-11,"Naive B","ENSG00000284691","down"
9.16350253620282e-25,-0.375921297046989,0.169,0.254,1.72292174685685e-20,"Naive B","RAP2B","down"
8.71363532399515e-11,-0.375531451029591,0.184,0.248,1.63833771361757e-06,"Naive B","ST3GAL1","down"
3.69497915724742e-12,-0.375486510418361,0.126,0.182,6.94729981145659e-08,"Naive B","ENSG00000291181","down"
1.20965957816149e-19,-0.375446443851197,0.506,0.619,2.27440193885924e-15,"Naive B","MAPRE2","down"
2.34033114236253e-10,-0.375204094482084,0.073,0.11,4.40029061387003e-06,"Naive B","TDRD3","down"
3.79210449360062e-14,-0.375169093947766,0.396,0.492,7.12991486886789e-10,"Naive B","CDK2AP2","down"
2.260101042089e-15,-0.375126445568557,0.063,0.1,4.24944197933574e-11,"Naive B","USB1","down"
1.21018143374923e-16,-0.375002464711935,0.062,0.102,2.27538313173531e-12,"Naive B","WDR12","down"
6.14339104894259e-11,-0.374969838776953,0.056,0.088,1.15508038502219e-06,"Naive B","NISCH","down"
7.24353910976967e-21,-0.374964255514168,0.088,0.139,1.36193022341889e-16,"Naive B","BOP1","down"
1.49462856411718e-32,-0.374713648297351,0.174,0.27,2.81020062625312e-28,"Naive B","YIF1A","down"
8.63276785277732e-14,-0.374589366438463,0.129,0.188,1.62313301167919e-09,"Naive B","ENSG00000291015","down"
7.01286828828149e-11,-0.374542218740909,0.055,0.086,1.31855949556269e-06,"Naive B","DEPDC5","down"
3.46457686404611e-14,-0.373994307821057,0.075,0.116,6.51409741977951e-10,"Naive B","YIPF6","down"
4.16262178121626e-23,-0.373833446151533,0.121,0.188,7.8265614730428e-19,"Naive B","FAM136A","down"
2.24810890800586e-31,-0.373791767430499,0.202,0.307,4.22689436883261e-27,"Naive B","MRPL41","down"
9.44792209874812e-17,-0.373790511286603,0.134,0.198,1.77639831300662e-12,"Naive B","FTO","down"
1.5555116135229e-17,-0.37365826457982,0.173,0.247,2.92467293574576e-13,"Naive B","RABEP2","down"
2.08155089989972e-06,-0.373455273731734,0.048,0.071,0.0391373200199145,"Naive B","DGCR8","down"
2.66836171595468e-18,-0.373408406400211,0.118,0.178,5.01705369833799e-14,"Naive B","ACLY","down"
9.87098291645341e-17,-0.373408302870996,0.285,0.381,1.85594220795157e-12,"Naive B","ITFG1","down"
2.24028399507749e-16,-0.373144628792921,0.127,0.189,4.2121819675447e-12,"Naive B","HDAC8","down"
1.42224745827955e-14,-0.373008198586935,0.042,0.07,2.67410967105721e-10,"Naive B","YIF1B","down"
2.55075657695194e-19,-0.372761539325416,0.309,0.416,4.79593251598504e-15,"Naive B","RGS2","down"
2.66180070252952e-23,-0.372448942807043,0.529,0.65,5.004717680896e-19,"Naive B","RIPOR2","down"
1.83834176148911e-17,-0.372377238253487,0.163,0.237,3.45645017995182e-13,"Naive B","AP1S3","down"
3.52101139894243e-22,-0.372357689678116,0.475,0.597,6.62020563229157e-18,"Naive B","MOB3A","down"
1.28803979801925e-08,-0.372270094895665,0.035,0.057,0.00024217724282358,"Naive B","ZNF23","down"
4.25456020271258e-09,-0.371927577079624,0.027,0.045,7.9994240931402e-05,"Naive B","ZBTB39","down"
3.09280216776329e-29,-0.371880069937124,0.341,0.47,5.81508663582854e-25,"Naive B","PPP1CC","down"
6.78322221845641e-22,-0.37184097668227,0.271,0.376,1.27538144151417e-17,"Naive B","ANP32E","down"
7.22433002692315e-10,-0.371719187947751,0.509,0.578,1.35831853166209e-05,"Naive B","ARHGAP24","down"
1.51262563824679e-06,-0.37168394274207,0.042,0.065,0.0284403872503162,"Naive B","MAP3K20","down"
4.66844083944561e-20,-0.371360984193649,0.128,0.192,8.77760246632564e-16,"Naive B","MRPS27","down"
2.58186901207053e-26,-0.371280240335075,0.345,0.469,4.85443011649501e-22,"Naive B","SCAMP2","down"
2.41143779468523e-15,-0.371150420065734,0.128,0.188,4.53398534156716e-11,"Naive B","OOEP","down"
2.45452384108319e-18,-0.371104947512563,0.089,0.139,4.61499572600462e-14,"Naive B","RNF14","down"
6.73149389949127e-13,-0.371047695196502,0.056,0.09,1.26565548298235e-08,"Naive B","GMPR2","down"
1.49772254958937e-09,-0.370896042896946,0.033,0.054,2.81601793773794e-05,"Naive B","DHRS13","down"
6.47193349245879e-10,-0.370586716984969,0.049,0.078,1.2168529352521e-05,"Naive B","CAMSAP1","down"
1.39311420612142e-24,-0.369999371358732,0.222,0.321,2.61933333034949e-20,"Naive B","NUB1","down"
2.70813447040095e-07,-0.369911315162261,0.047,0.071,0.00509183443124787,"Naive B","RUSC1","down"
1.34482039431469e-07,-0.369462911567967,0.069,0.1,0.00252853130539048,"Naive B","FIG4","down"
1.02786667441857e-09,-0.369353165398483,0.042,0.067,1.93259492124179e-05,"Naive B","LPCAT4","down"
1.26005242747991e-31,-0.369271343930785,0.272,0.392,2.36915057414773e-27,"Naive B","TBCB","down"
1.47318579717098e-20,-0.369245386546823,0.133,0.202,2.76988393584087e-16,"Naive B","NCOA6","down"
3.77154219172014e-19,-0.368125167828614,0.149,0.22,7.0912536288722e-15,"Naive B","UTP18","down"
6.6971260964993e-20,-0.368055431583337,0.283,0.386,1.2591936486638e-15,"Naive B","PARVB","down"
6.84695782582324e-28,-0.367612927932042,0.169,0.256,1.28736501041129e-23,"Naive B","PAGR1","down"
1.9359461471201e-11,-0.367426990760647,0.082,0.122,3.63996594581522e-07,"Naive B","HEXD","down"
4.57538938826632e-11,-0.367417843794667,0.031,0.055,8.60264712781834e-07,"Naive B","GATM","down"
2.8949213208834e-26,-0.367179730399307,0.132,0.206,5.44303106752498e-22,"Naive B","REXO2","down"
4.37052730799794e-10,-0.367031029403644,0.038,0.061,8.21746544449772e-06,"Naive B","RIPK3","down"
2.78638060463225e-26,-0.366974462608072,0.193,0.285,5.23895281282956e-22,"Naive B","RAB4A","down"
1.11635538455631e-09,-0.366574332154862,0.506,0.559,2.09897139404278e-05,"Naive B","MARCKS","down"
1.84486772070154e-11,-0.366422790084127,0.052,0.083,3.46872028846303e-07,"Naive B","CARD16","down"
2.96153132273506e-09,-0.366351786634058,0.071,0.105,5.56827119300646e-05,"Naive B","CNR2","down"
2.61658624816022e-11,-0.366321803980495,0.043,0.071,4.91970546379084e-07,"Naive B","TBCCD1","down"
9.6423597244447e-13,-0.365928338030982,0.029,0.053,1.81295647539009e-08,"Naive B","TRIM41","down"
5.53320697552396e-21,-0.365385509967221,0.293,0.398,1.04035357553802e-16,"Naive B","SUPT5H","down"
5.19236600909059e-29,-0.365222437212922,0.295,0.416,9.76268657029213e-25,"Naive B","CAPRIN1","down"
4.13274259490567e-25,-0.365215620533661,0.234,0.334,7.77038262694164e-21,"Naive B","SHKBP1","down"
5.90585324331987e-15,-0.365111252560739,0.121,0.177,1.110418526809e-10,"Naive B","SETD1B","down"
1.14082116597369e-10,-0.365046946020511,0.052,0.081,2.14497195626373e-06,"Naive B","ZNF429","down"
5.51783788037601e-16,-0.365014480799208,0.094,0.149,1.0374638782683e-11,"Naive B","DIPK2A","down"
1.27007578719176e-16,-0.364716864668073,0.157,0.225,2.38799649507796e-12,"Naive B","DIAPH2","down"
2.71699921282351e-08,-0.364616534321663,0.027,0.045,0.000510850191995076,"Naive B","REPIN1-AS1","down"
7.3572986579533e-07,-0.364477721009632,0.032,0.051,0.0138331929366838,"Naive B","CETN3","down"
6.09370538079118e-26,-0.364474830675282,0.157,0.237,1.14573848569636e-21,"Naive B","MRPL39","down"
2.83410668162423e-21,-0.364348854973327,0.176,0.255,5.32868738278987e-17,"Naive B","FAM174C","down"
7.41081452233658e-21,-0.364167439416815,0.145,0.216,1.39338134648972e-16,"Naive B","GGA3","down"
2.3831626745738e-21,-0.364077618781782,0.156,0.233,4.48082246073367e-17,"Naive B","ACAP1","down"
5.56130763910033e-21,-0.36389929976089,0.163,0.241,1.04563706230364e-16,"Naive B","SLC4A7","down"
1.22982043335193e-06,-0.363710054430323,0.032,0.049,0.023123083787883,"Naive B","ZBTB47-AS1","down"
1.25394486460419e-25,-0.363683563530362,0.398,0.526,2.3576671344288e-21,"Naive B","RUNX3","down"
2.26542499527449e-13,-0.363626702115962,0.142,0.202,4.2594520761151e-09,"Naive B","FOXO3","down"
9.14527775497045e-16,-0.363290048411674,0.107,0.16,1.71949512348954e-11,"Naive B","LGALS8","down"
1.39562929797726e-23,-0.363219623594628,0.16,0.238,2.62406220605684e-19,"Naive B","DCAF15","down"
7.43032255855503e-12,-0.363216574536632,0.067,0.103,1.39704924745952e-07,"Naive B","DCLRE1C","down"
3.11264349232288e-16,-0.363200524949899,0.336,0.435,5.85239229426549e-12,"Naive B","PACSIN2","down"
4.20849325311322e-15,-0.363005388503961,0.054,0.087,7.91280901450347e-11,"Naive B","LINC03006","down"
1.00141648284891e-16,-0.36300159372072,0.036,0.065,1.88286327105252e-12,"Naive B","TNFAIP8L1","down"
3.31260843009011e-09,-0.362927154221801,0.033,0.053,6.22836637025543e-05,"Naive B","MRI1","down"
4.70249704518356e-10,-0.362447143647086,0.076,0.111,8.84163494435413e-06,"Naive B","TMEM209","down"
4.17659788447266e-12,-0.362367299991712,0.777,0.837,7.8528393423855e-08,"Naive B","UCP2","down"
5.57986095465941e-22,-0.36211717623217,0.12,0.185,1.04912545669506e-17,"Naive B","NMI","down"
6.31218949824963e-16,-0.362011148639608,0.071,0.112,1.1868178694609e-11,"Naive B","PLD3","down"
5.05952291293437e-11,-0.361924548385861,0.047,0.076,9.5129149808992e-07,"Naive B","DUSP14","down"
2.04869153954204e-06,-0.361665449158602,0.043,0.065,0.0385194983264694,"Naive B","ZNF571","down"
2.65117713375121e-11,-0.361563409910036,0.082,0.122,4.98474324687902e-07,"Naive B","ENSG00000291203","down"
4.82914984303144e-26,-0.361502535152043,0.161,0.248,9.07976753486771e-22,"Naive B","ADAM19","down"
1.76548394807743e-10,-0.36052556491854,0.061,0.094,3.31946291917518e-06,"Naive B","SLC35E2B","down"
1.58513910692435e-12,-0.360442956205047,0.073,0.112,2.98037854883917e-08,"Naive B","XPO5","down"
2.46641075310225e-14,-0.3604102491218,0.089,0.135,4.63734549798284e-10,"Naive B","ZNF276","down"
8.3138844685229e-17,-0.359990785090288,0.1,0.153,1.56317655777168e-12,"Naive B","AP3M1","down"
1.34509806906094e-11,-0.359962792160118,0.083,0.123,2.52905338944838e-07,"Naive B","C6orf136","down"
1.62106930286904e-09,-0.359909479963481,0.023,0.041,3.04793450325437e-05,"Naive B","CFAP161","down"
4.61268936607635e-10,-0.359810936066475,0.049,0.076,8.67277854609675e-06,"Naive B","CLCC1","down"
9.18681928734836e-25,-0.359763905563756,0.116,0.184,1.72730576240724e-20,"Naive B","NABP1","down"
3.34811895974788e-17,-0.359745669235403,0.099,0.151,6.29513326811796e-13,"Naive B","SIGIRR","down"
3.04713895105718e-07,-0.359726419069117,0.032,0.052,0.00572923065577772,"Naive B","MLYCD","down"
2.03954446533694e-08,-0.359447135874856,0.038,0.06,0.000383475150372651,"Naive B","ZNF71","down"
4.08866100262121e-18,-0.359302716281382,0.474,0.584,7.6875004171284e-14,"Naive B","IKZF3","down"
8.27925551699909e-32,-0.359201313527047,0.326,0.456,1.55666562230617e-27,"Naive B","CHCHD10","down"
8.63674286580906e-08,-0.359044380163224,0.03,0.047,0.00162388039362942,"Naive B","ENSG00000273275","down"
2.1653570630064e-09,-0.358818265793328,0.076,0.11,4.07130434986463e-05,"Naive B","TRIM11","down"
1.03842597932159e-07,-0.35877570440781,0.045,0.069,0.00195244852632045,"Naive B","DHX37","down"
4.58851464843902e-10,-0.358530298428632,0.087,0.126,8.62732524199505e-06,"Naive B","SCAMP1","down"
6.19142236846942e-07,-0.358445447575753,0.042,0.063,0.0116411123371962,"Naive B","HLTF","down"
4.66298650640532e-24,-0.358315334236391,0.272,0.38,8.76734722934328e-20,"Naive B","NBDY","down"
1.00959093218469e-15,-0.357991003648148,0.104,0.155,1.89823287069366e-11,"Naive B","BTBD6","down"
1.12418841811731e-25,-0.357754963940026,0.122,0.192,2.11369906374416e-21,"Naive B","NIP7","down"
6.61018726889244e-12,-0.357631108185308,0.061,0.095,1.24284741029716e-07,"Naive B","GEMIN4","down"
9.74041778254269e-13,-0.357313507551906,0.057,0.09,1.83139335147368e-08,"Naive B","VARS1","down"
2.60706566068718e-21,-0.356941756613317,0.111,0.17,4.90180485522404e-17,"Naive B","B3GALT6","down"
8.77929442963347e-08,-0.35668087928272,0.057,0.084,0.00165068293865969,"Naive B","ZNF562","down"
1.43715955652837e-29,-0.356529353949139,0.49,0.63,2.70214739818464e-25,"Naive B","YPEL3","down"
8.22670969348166e-21,-0.356200923931692,0.096,0.151,1.54678595656842e-16,"Naive B","TMEM216","down"
3.04621280257498e-11,-0.356200193436413,0.045,0.071,5.72748931140148e-07,"Naive B","NPIPB13","down"
7.99549413111711e-22,-0.356029189150668,0.304,0.413,1.50331280653264e-17,"Naive B","KPNA2","down"
1.74637883623497e-11,-0.355832533676969,0.046,0.073,3.28354148788899e-07,"Naive B","MRPL48","down"
2.76814034020505e-08,-0.355630354212027,0.042,0.066,0.000520465746765353,"Naive B","LRRC23","down"
1.1519887531638e-27,-0.355482867783638,0.589,0.717,2.16596925369858e-23,"Naive B","TCEA1","down"
1.40589026772916e-28,-0.355474324250098,0.357,0.489,2.64335488138436e-24,"Naive B","TARS1","down"
5.6423716381724e-22,-0.355455881202432,0.1,0.157,1.06087871540917e-17,"Naive B","ZNF511","down"
3.30293847436702e-17,-0.355300821963675,0.032,0.06,6.21018491950487e-13,"Naive B","DGKE","down"
1.90115898497254e-20,-0.354913118222423,0.217,0.305,3.57455912354537e-16,"Naive B","SPOP","down"
4.19155150480598e-18,-0.354415158790028,0.156,0.226,7.88095513933621e-14,"Naive B","ACADM","down"
9.5520073178379e-16,-0.354188265580418,0.093,0.14,1.79596841589988e-11,"Naive B","ASPHD2","down"
7.84828339002892e-09,-0.353963156189288,0.049,0.076,0.000147563424299324,"Naive B","GTF2H2C","down"
1.20250885458208e-13,-0.353918998204388,0.118,0.172,2.26095714838523e-09,"Naive B","GPATCH2","down"
4.8443802941134e-15,-0.353743766189055,0.079,0.123,9.10840382899201e-11,"Naive B","ANKRD42","down"
1.22511087589033e-07,-0.353703515688347,0.042,0.064,0.002303453468849,"Naive B","TMEM185A","down"
9.03498513650566e-22,-0.353686743485504,0.118,0.18,1.69875790536579e-17,"Naive B","CABIN1","down"
1.34730207976065e-09,-0.353545197059261,0.045,0.069,2.53319737036597e-05,"Naive B","DPP3","down"
3.50841393933248e-11,-0.353288986165532,0.068,0.103,6.59651988873293e-07,"Naive B","WDR89","down"
1.06271362640976e-08,-0.353193439365718,0.046,0.07,0.000199811416037562,"Naive B","OGG1","down"
2.22422815333464e-23,-0.353115864922588,0.326,0.439,4.18199377389979e-19,"Naive B","NRROS","down"
1.01179270630075e-11,-0.352998294069698,0.071,0.108,1.90237264638667e-07,"Naive B","VPS54","down"
3.45473036919779e-09,-0.35298288463414,0.058,0.087,6.49558404016568e-05,"Naive B","BRD3OS","down"
4.02389192939649e-22,-0.352874223781543,0.128,0.195,7.56572160565129e-18,"Naive B","RNFT1","down"
4.39559131085633e-15,-0.352810485006655,0.119,0.173,8.26459078267207e-11,"Naive B","NUCB1","down"
1.7226137944686e-25,-0.352738928196369,0.323,0.441,3.23885845635987e-21,"Naive B","SDCCAG8","down"
4.55912471749706e-21,-0.352618720043608,0.147,0.217,8.57206629383798e-17,"Naive B","ELF4","down"
5.40882392584651e-18,-0.352616867315936,0.129,0.192,1.01696707453766e-13,"Naive B","ATOX1","down"
1.41558069913718e-14,-0.352479906103277,0.18,0.249,2.66157483051772e-10,"Naive B","NUP133","down"
4.55815186078662e-10,-0.351954936045511,0.099,0.142,8.57023712865101e-06,"Naive B","C8orf33","down"
6.09605755315131e-28,-0.351945911340447,0.319,0.441,1.14618074114351e-23,"Naive B","AP3S1","down"
1.28780846538128e-17,-0.351941261899491,0.094,0.146,2.42133747660988e-13,"Naive B","MAP4K2","down"
1.70434677792868e-28,-0.351786821607224,0.161,0.246,3.20451281186151e-24,"Naive B","LASP1","down"
5.91444242111019e-21,-0.351733541469087,0.124,0.188,1.11203346401714e-16,"Naive B","AP3D1","down"
4.33670057878268e-07,-0.351705618715482,0.024,0.039,0.00815386442822719,"Naive B","PPP1R3F","down"
6.84851928261773e-23,-0.351132555372025,0.099,0.159,1.28765859551779e-18,"Naive B","SCO2","down"
1.25606528943568e-25,-0.351022210558726,0.145,0.222,2.36165395719696e-21,"Naive B","HPS1","down"
9.39215466591308e-07,-0.350864841087828,0.076,0.107,0.0176591292028498,"Naive B","CPQ","down"
2.44641048135586e-07,-0.350860004113702,0.042,0.063,0.00459974098704529,"Naive B","MAPK7","down"
2.47416270815945e-19,-0.350569545768454,0.138,0.203,4.65192072388139e-15,"Naive B","ELOA","down"
6.81964540205121e-20,-0.350489115921192,0.117,0.179,1.28222972849367e-15,"Naive B","SOCS4","down"
2.89239630644053e-25,-0.350409853378635,0.105,0.168,5.43828353536949e-21,"Naive B","ENSG00000290833","down"
1.045273702e-06,-0.350383052152802,0.032,0.05,0.0196532361450041,"Naive B","PIERCE2","down"
3.44782789173424e-09,-0.350295091086252,0.055,0.084,6.48260600203871e-05,"Naive B","INTS1","down"
7.42159451539906e-22,-0.350125429111692,0.205,0.292,1.39540820078533e-17,"Naive B","POLR1C","down"
5.60846483799831e-19,-0.350088095863641,0.053,0.091,1.05450355884044e-14,"Naive B","PDXP","down"
5.39249574441939e-36,-0.349557740152315,0.345,0.486,1.01389704986573e-31,"Naive B","TMBIM1","down"
8.85730065684e-20,-0.349401207425799,0.168,0.242,1.66534966949906e-15,"Naive B","DAP","down"
8.55975743237776e-27,-0.349383550346524,0.208,0.303,1.60940559243567e-22,"Naive B","RNF34","down"
4.71605668934272e-24,-0.3491815708259,0.314,0.429,8.86712978730219e-20,"Naive B","SINHCAF","down"
3.71186471204503e-20,-0.349002953763237,0.105,0.162,6.97904803158707e-16,"Naive B","BICD2","down"
1.13811411370136e-21,-0.34887379848432,0.529,0.648,2.13988215658129e-17,"Naive B","LCP1","down"
1.42693717190691e-19,-0.348600588668452,0.208,0.292,2.68292727061937e-15,"Naive B","MYO1G","down"
5.41258687039237e-36,-0.348125827667545,0.573,0.722,1.01767458337117e-31,"Naive B","TES","down"
5.13320064796859e-17,-0.347436037398321,0.093,0.143,9.65144385831055e-13,"Naive B","EPHB6","down"
1.30110583088915e-15,-0.346897435764506,0.098,0.146,2.44633918323777e-11,"Naive B","TRIP4","down"
6.20960057853468e-16,-0.346478302855216,0.101,0.152,1.16752910077609e-11,"Naive B","CAPN1","down"
8.40099565773881e-13,-0.346380581276639,0.094,0.14,1.57955520356805e-08,"Naive B","RPF2","down"
3.12396967652307e-14,-0.346359760543979,0.102,0.149,5.87368778579867e-10,"Naive B","CASP7","down"
3.65759453942815e-14,-0.345797494811151,0.072,0.112,6.8770092530328e-10,"Naive B","CMC1","down"
9.1962442593771e-15,-0.34573072986719,0.212,0.29,1.72907784564808e-10,"Naive B","IFNLR1","down"
6.36456002583103e-16,-0.345725543246992,0.096,0.145,1.19666457605675e-11,"Naive B","WDR41","down"
6.01708922691788e-33,-0.345678635715094,0.254,0.372,1.1313331164451e-28,"Naive B","NDUFC2","down"
1.52449063460929e-11,-0.345666210166011,0.084,0.124,2.86634729119238e-07,"Naive B","PHRF1","down"
4.18896091632101e-26,-0.345356079364902,0.151,0.231,7.87608431486676e-22,"Naive B","TIGAR","down"
8.10227172617018e-07,-0.345266346058134,0.027,0.043,0.0152338912995452,"Naive B","EFCAB11","down"
2.39539225899769e-06,-0.345172827188304,0.046,0.068,0.0450381652536745,"Naive B","LINC00847","down"
2.19438721386432e-22,-0.344651575215638,0.513,0.634,4.12588683950769e-18,"Naive B","WIPF1","down"
5.0607804036987e-12,-0.344621809381755,0.064,0.098,9.5152793150343e-08,"Naive B","WRAP73","down"
2.04629144593547e-24,-0.344375812979589,0.382,0.505,3.84743717664787e-20,"Naive B","EHMT1","down"
5.92574429784632e-41,-0.344243245994996,0.699,0.833,1.11415844288106e-36,"Naive B","TMA7","down"
5.89895115338909e-14,-0.344054205684431,0.099,0.146,1.10912079586022e-09,"Naive B","U2AF1L4","down"
1.80987831156754e-17,-0.343912702660741,0.093,0.143,3.40293320140929e-13,"Naive B","PRKAB1","down"
2.67037569492319e-08,-0.343900010498297,0.05,0.074,0.000502084038159457,"Naive B","FANCL","down"
6.97893515641123e-09,-0.343898379588582,0.049,0.074,0.000131217938810844,"Naive B","CENPX","down"
5.96753892266362e-11,-0.343429172916492,0.073,0.109,1.12201666823921e-06,"Naive B","INTS3","down"
4.10830262036494e-10,-0.343330817254568,0.05,0.078,7.72443058681016e-06,"Naive B","SLC4A2","down"
1.55448777339686e-14,-0.343220897650516,0.087,0.13,2.92274791154078e-10,"Naive B","KCNAB2","down"
4.04541073226061e-22,-0.343208991179928,0.305,0.414,7.6061812587964e-18,"Naive B","COMMD10","down"
3.0294257091212e-16,-0.343171576577755,0.1,0.151,5.69592621828968e-12,"Naive B","NSD2","down"
1.71111219673325e-16,-0.343083025078971,0.095,0.143,3.21723315229786e-12,"Naive B","ACAA2","down"
1.96320483744105e-09,-0.342985048552286,0.053,0.08,3.69121773535666e-05,"Naive B","KNOP1","down"
6.91375399510642e-21,-0.342894207564,0.113,0.175,1.29992402615991e-16,"Naive B","WDR7","down"
7.39779966550889e-19,-0.342651139034041,0.212,0.297,1.39093429310898e-14,"Naive B","DDX42","down"
2.3617986007753e-23,-0.342556217385645,0.445,0.568,4.44065372917772e-19,"Naive B","SRPK2","down"
5.51080124244131e-17,-0.342414990737085,0.058,0.095,1.03614084960382e-12,"Naive B","SPRYD3","down"
3.72751896005861e-23,-0.342300005044627,0.572,0.692,7.0084811487022e-19,"Naive B","CYTH1","down"
5.28555710641685e-11,-0.342252514811766,0.068,0.103,9.93790447148496e-07,"Naive B","POLH","down"
5.19759988665209e-11,-0.34225127580843,0.088,0.129,9.77252730688326e-07,"Naive B","CDC14A","down"
1.1537300018318e-18,-0.342211166631472,0.268,0.363,2.16924314944416e-14,"Naive B","EMB","down"
1.15502758046154e-29,-0.342113716532998,0.272,0.384,2.17168285678379e-25,"Naive B","HMGN4","down"
4.55924199391079e-32,-0.341890646988412,0.383,0.521,8.57228679695107e-28,"Naive B","SARS1","down"
5.29612623826128e-24,-0.341887437418915,0.111,0.173,9.95777655317886e-20,"Naive B","COPG1","down"
5.8755777066832e-13,-0.341832503757339,0.084,0.126,1.10472612041058e-08,"Naive B","PGS1","down"
2.94534249764055e-29,-0.341695784777128,0.449,0.586,5.53783296406375e-25,"Naive B","COX17","down"
2.15873422387728e-16,-0.341680977607383,0.113,0.168,4.05885208773405e-12,"Naive B","XRRA1","down"
1.47185285648896e-18,-0.34151096023601,0.212,0.296,2.76737774077054e-14,"Naive B","ANKIB1","down"
2.8617644695804e-21,-0.341503616919049,0.129,0.193,5.38068955570506e-17,"Naive B","C1orf174","down"
5.11418029317579e-24,-0.341403267114677,0.124,0.195,9.61568178722912e-20,"Naive B","GLUL","down"
4.07465818191699e-21,-0.341112261999671,0.126,0.189,7.66117231364032e-17,"Naive B","MED16","down"
1.04744248079415e-21,-0.341021659915223,0.351,0.463,1.96940135238916e-17,"Naive B","PICALM","down"
2.15579011061048e-13,-0.340851794906487,0.105,0.153,4.05331656596983e-09,"Naive B","TELO2","down"
6.14680620226533e-17,-0.340586995143781,0.067,0.107,1.15572250214993e-12,"Naive B","GATC","down"
1.55157621243207e-08,-0.340566515999905,0.026,0.042,0.000291727359461478,"Naive B","CHST10","down"
4.07343119407597e-23,-0.34030766382921,0.433,0.556,7.65886533110163e-19,"Naive B","TBC1D22A","down"
7.68149808518449e-18,-0.340300958451957,0.102,0.154,1.44427526997639e-13,"Naive B","MTF1","down"
3.54721283036351e-26,-0.340239651423068,0.196,0.283,6.66946956364947e-22,"Naive B","CDS2","down"
2.02759640694444e-16,-0.340227723823401,0.11,0.164,3.81228676433694e-12,"Naive B","SMARCA4","down"
9.45055279242529e-08,-0.340137813720125,0.027,0.044,0.0017768929360318,"Naive B","SSX2IP","down"
2.71419003557824e-12,-0.340038811045474,0.086,0.126,5.10322010489421e-08,"Naive B","RMDN3","down"
3.54708820358465e-14,-0.340028588415858,0.036,0.06,6.66923524037985e-10,"Naive B","SARM1","down"
7.84222792837027e-31,-0.339843877842937,0.338,0.466,1.47449569509218e-26,"Naive B","ILK","down"
2.55956613027395e-11,-0.33980999089127,0.078,0.116,4.81249623814107e-07,"Naive B","PDSS2","down"
1.12863608638966e-11,-0.339793807968022,0.076,0.113,2.12206156962984e-07,"Naive B","PI4K2A","down"
1.76863308153161e-34,-0.33952978826109,0.504,0.653,3.32538391989573e-30,"Naive B","ATP5MK","down"
3.4322457863087e-13,-0.339396066407436,0.087,0.13,6.45330852741762e-09,"Naive B","PSMD5","down"
1.7362125687704e-09,-0.339358674772949,0.051,0.078,3.26442687180211e-05,"Naive B","CLN8","down"
1.83244109300577e-26,-0.339259703885747,0.418,0.547,3.44535574306945e-22,"Naive B","STK24","down"
3.37087657084929e-19,-0.339010642156232,0.121,0.182,6.33792212851083e-15,"Naive B","ATIC","down"
2.25070952006984e-11,-0.338947868635638,0.114,0.161,4.23178403963532e-07,"Naive B","IFRD2","down"
4.89600236969856e-21,-0.338493898970018,0.153,0.228,9.20546365550723e-17,"Naive B","CFAP97","down"
6.8603126405354e-12,-0.338154527556454,0.088,0.129,1.28987598267347e-07,"Naive B","TYK2","down"
5.28076860100313e-10,-0.338014537178823,0.117,0.165,9.92890112360608e-06,"Naive B","GLCCI1","down"
1.42687126883138e-12,-0.337945887915426,0.113,0.161,2.68280335965676e-08,"Naive B","STRADA","down"
1.28758716023278e-22,-0.33793158326573,0.183,0.265,2.42092137866968e-18,"Naive B","USO1","down"
5.2517250740346e-13,-0.337647415180077,0.103,0.152,9.87429348419985e-09,"Naive B","NADK","down"
3.45788377108945e-15,-0.337594655767872,0.08,0.123,6.50151306640239e-11,"Naive B","TFB1M","down"
6.98954912684901e-11,-0.33747779214602,0.033,0.054,1.31417502683015e-06,"Naive B","NAPRT","down"
4.36368153593722e-27,-0.337374317403098,0.516,0.649,8.20459402386916e-23,"Naive B","ATP5MC3","down"
1.33405039232522e-12,-0.337244518202628,0.045,0.072,2.50828154764988e-08,"Naive B","ALG1","down"
9.39609515562198e-25,-0.337196837926273,0.344,0.461,1.76665381116004e-20,"Naive B","SEC11A","down"
2.67989239563982e-11,-0.337042554238624,0.046,0.073,5.03873368228198e-07,"Naive B","E2F6","down"
1.4614177975339e-08,-0.336996410941903,0.037,0.057,0.000274775774292323,"Naive B","R3HCC1","down"
1.70057196789017e-19,-0.336884217525748,0.106,0.161,3.1974154140271e-15,"Naive B","FBXW2","down"
7.92170500859802e-18,-0.336725113948901,0.185,0.26,1.4894389757166e-13,"Naive B","PAFAH1B2","down"
3.00134467972964e-23,-0.336453455964819,0.112,0.177,5.64312826682767e-19,"Naive B","OSBPL3","down"
5.13464480303515e-43,-0.336431325292703,0.36,0.508,9.65415915866668e-39,"Naive B","CYB5R3","down"
2.35421830637693e-09,-0.336365483852625,0.044,0.068,4.42640125964991e-05,"Naive B","SMIM30","down"
1.89957264047851e-09,-0.33627673867654,0.074,0.108,3.5715764786277e-05,"Naive B","ENSG00000285080","down"
2.77479810807705e-19,-0.336180133188964,0.267,0.363,5.21717540280647e-15,"Naive B","MYO5A","down"
1.40576534005383e-09,-0.336023116899012,0.045,0.069,2.64311999236922e-05,"Naive B","ENSG00000268205","down"
3.22356919282901e-27,-0.335909716342143,0.241,0.344,6.06095479635711e-23,"Naive B","TMED4","down"
2.0884195274481e-23,-0.335721430336362,0.238,0.335,3.92664639550791e-19,"Naive B","CCDC107","down"
2.64421142559224e-12,-0.335569509282469,0.172,0.233,4.97164632239854e-08,"Naive B","TSPO","down"
5.38178704315136e-18,-0.335552628240052,0.106,0.16,1.01188359985332e-13,"Naive B","EFL1","down"
3.23503779505768e-09,-0.335495813101654,0.667,0.719,6.08251806226746e-05,"Naive B","BASP1","down"
2.71006687043844e-13,-0.335436125770456,0.054,0.086,5.09546772979836e-09,"Naive B","SNX15","down"
8.77606079994305e-19,-0.335418199185395,0.172,0.246,1.65007495160529e-14,"Naive B","PPAN","down"
1.50289256969705e-25,-0.334856724865817,0.224,0.325,2.82573860954439e-21,"Naive B","TOR3A","down"
9.16825536999506e-15,-0.334490435048074,0.111,0.162,1.72381537466647e-10,"Naive B","ATP6V0A2","down"
2.24360845239769e-06,-0.334396117004603,0.035,0.052,0.0421843261219814,"Naive B","CNNM3","down"
5.1996170467815e-27,-0.334274533820948,0.286,0.399,9.77631997135857e-23,"Naive B","SPIDR","down"
7.99702357022277e-15,-0.333465945423432,0.078,0.12,1.50360037167328e-10,"Naive B","UBAC1","down"
1.91131852183963e-13,-0.333358809283024,0.056,0.087,3.59366108476287e-09,"Naive B","MTFMT","down"
2.27281488637982e-33,-0.333313284599826,0.318,0.446,4.27334654937134e-29,"Naive B","NIPA2","down"
4.21494008866173e-34,-0.333092702117512,0.247,0.36,7.92493035470179e-30,"Naive B","SCAMP3","down"
7.71000562299171e-07,-0.332844084421408,0.007,0.014,0.014496352572349,"Naive B","ARSD","down"
1.35013202147209e-13,-0.33266977793776,0.058,0.093,2.53851822677182e-09,"Naive B","LINC01237","down"
1.12848835655777e-08,-0.332642186902103,0.04,0.061,0.000212178380799992,"Naive B","YIPF1","down"
5.26308183827703e-23,-0.332590313647663,0.152,0.225,9.89564647232847e-19,"Naive B","RHOQ","down"
3.8905369783141e-18,-0.332398047323022,0.098,0.148,7.31498762662617e-14,"Naive B","DGKZ","down"
7.09157490332294e-17,-0.332359588104866,0.082,0.127,1.33335791332278e-12,"Naive B","MRPS17","down"
1.11571371169251e-14,-0.332193745680223,0.089,0.134,2.09776492072425e-10,"Naive B","VKORC1L1","down"
7.76319177025925e-15,-0.332116329081773,0.054,0.086,1.45963531664414e-10,"Naive B","FAM118A","down"
2.22042710276768e-07,-0.331930256744661,0.038,0.058,0.0041748470386238,"Naive B","TP53TG1","down"
9.64765900173341e-27,-0.331666715348285,0.181,0.266,1.81395284550592e-22,"Naive B","MCRS1","down"
7.16076379985752e-16,-0.331636298979531,0.131,0.188,1.34636680964921e-11,"Naive B","APMAP","down"
4.06626038004541e-27,-0.331622480681578,0.163,0.246,7.64538276656139e-23,"Naive B","DUT","down"
1.15009285899191e-21,-0.331540700293828,0.23,0.32,2.16240459347658e-17,"Naive B","CLPTM1L","down"
8.53935677816195e-34,-0.331418151445912,0.315,0.442,1.60556986143001e-29,"Naive B","VTI1A","down"
5.18366709739312e-07,-0.331273872492596,0.026,0.041,0.00974633087651854,"Naive B","GPR180","down"
6.61017824926874e-14,-0.330931370653804,0.107,0.156,1.24284571442751e-09,"Naive B","FGD3","down"
9.78323799746349e-11,-0.330852338594268,0.054,0.082,1.83944440828309e-06,"Naive B","EML2","down"
4.77276749603424e-19,-0.330846925238356,0.174,0.246,8.97375744604357e-15,"Naive B","SPECC1L","down"
3.17076480454636e-17,-0.330670298890212,0.087,0.137,5.96167198550806e-13,"Naive B","LINC02245","down"
6.41460598415528e-11,-0.330583933699283,0.069,0.103,1.20607421714088e-06,"Naive B","YBEY","down"
2.30601035551668e-21,-0.330094730888844,0.149,0.219,4.33576067044247e-17,"Naive B","CLEC16A","down"
2.86392923949226e-22,-0.32950951683465,0.217,0.309,5.38475975609334e-18,"Naive B","AARS1","down"
2.01247557349023e-10,-0.329060814286821,0.024,0.043,3.78385657327633e-06,"Naive B","ENSG00000237773","down"
5.18756210240747e-28,-0.328937255906976,0.409,0.541,9.75365426494652e-24,"Naive B","TAP1","down"
2.72300730838115e-07,-0.328850941715859,0.196,0.25,0.00511979834121823,"Naive B","ANKRD28","down"
1.21724444102856e-10,-0.328588807715472,0.044,0.07,2.28866299802189e-06,"Naive B","C12orf4","down"
8.17625581444753e-10,-0.328263127448375,0.082,0.118,1.53729961823242e-05,"Naive B","GCHFR","down"
1.34362560976592e-29,-0.328200704411669,0.256,0.371,2.52628487148188e-25,"Naive B","DUSP10","down"
3.54247676305332e-25,-0.328051200646539,0.249,0.349,6.66056480989285e-21,"Naive B","UHMK1","down"
5.82674022625947e-12,-0.327939995183569,0.085,0.124,1.09554369734131e-07,"Naive B","ENSG00000214719","down"
6.15412687161658e-07,-0.327882590606334,0.028,0.047,0.0115709893440135,"Naive B","TMEM107","down"
5.58175452332986e-12,-0.327626590095128,0.049,0.077,1.04948148547648e-07,"Naive B","TMEM101","down"
8.21081430835438e-20,-0.327540695118823,0.088,0.136,1.54379730625679e-15,"Naive B","EMC2","down"
1.34966357336169e-24,-0.327385338822889,0.098,0.155,2.53763745063465e-20,"Naive B","COMMD7","down"
2.18395084606133e-20,-0.32719376236902,0.14,0.208,4.10626438076451e-16,"Naive B","BICRAL","down"
5.18793479656067e-13,-0.327055081353089,0.062,0.094,9.75435500449337e-09,"Naive B","WDR59","down"
7.83677455916635e-21,-0.326928445040051,0.212,0.297,1.47347035261446e-16,"Naive B","MFSD12","down"
9.81899371774715e-14,-0.326773006364429,0.07,0.107,1.84616719881082e-09,"Naive B","PDCD11","down"
2.60195717935118e-12,-0.326702661930125,0.075,0.112,4.89219988861609e-08,"Naive B","ELMOD3","down"
2.68623830475142e-24,-0.326680716864842,0.438,0.563,5.05066526059363e-20,"Naive B","TERF2IP","down"
2.77270393445436e-20,-0.326466638587552,0.108,0.164,5.21323793756109e-16,"Naive B","ENSG00000290560","down"
2.60115101453083e-20,-0.326417712346279,0.268,0.363,4.89068413752086e-16,"Naive B","HERC4","down"
3.02248260467797e-17,-0.326250833512268,0.094,0.14,5.68287179331551e-13,"Naive B","SLC35A1","down"
1.90688072782917e-06,-0.326249055506175,0.033,0.051,0.0358531714446441,"Naive B","ENSG00000289526","down"
2.06588655216911e-06,-0.32619518922909,0.036,0.055,0.0388427989538835,"Naive B","IFT27","down"
5.22466770591551e-07,-0.326100996288945,0.055,0.079,0.00982342022066234,"Naive B","CYB5R1","down"
2.10842046494661e-21,-0.326086096647635,0.466,0.584,3.96425215819261e-17,"Naive B","UBE2N","down"
4.61564838175698e-29,-0.325975696062782,0.229,0.329,8.67834208737948e-25,"Naive B","EPN1","down"
1.27218627360271e-24,-0.325950544058636,0.275,0.381,2.39196463162782e-20,"Naive B","TKT","down"
5.81453502205592e-14,-0.325626623641031,0.061,0.095,1.09324887484696e-09,"Naive B","COX11","down"
2.35507096618597e-13,-0.325594459830418,0.063,0.098,4.42800443062286e-09,"Naive B","GALK2","down"
2.98582815083353e-12,-0.325301991729603,0.052,0.083,5.6139540891972e-08,"Naive B","ACVR1","down"
1.18102490914936e-15,-0.325215913849811,0.134,0.192,2.22056303418262e-11,"Naive B","RRP1B","down"
1.23568171971353e-14,-0.325165973499006,0.081,0.123,2.32332876940538e-10,"Naive B","MRPL55","down"
1.51809137082754e-23,-0.325149473189929,0.366,0.482,2.85431539542994e-19,"Naive B","RASSF2","down"
2.52690953088896e-10,-0.325123400165505,0.031,0.052,4.75109529997742e-06,"Naive B","ACAD8","down"
1.08421748183864e-12,-0.325118820927942,0.104,0.149,2.03854570935301e-08,"Naive B","MAPK14","down"
3.63814452868569e-09,-0.324927532209607,0.073,0.107,6.84043934283483e-05,"Naive B","EMC1","down"
5.26951868778658e-20,-0.324652648082447,0.145,0.211,9.90774903677632e-16,"Naive B","MTA2","down"
5.59103489888601e-15,-0.32464532207466,0.111,0.161,1.05122638168855e-10,"Naive B","PREP","down"
7.59971546665998e-09,-0.324576826284281,0.069,0.099,0.000142889850204141,"Naive B","MIIP","down"
7.2945377973934e-07,-0.324103261557873,0.074,0.104,0.0137151899666591,"Naive B","HIBCH","down"
5.50748887688054e-23,-0.324053625856922,0.263,0.361,1.03551805863108e-18,"Naive B","LRP10","down"
4.20031172391342e-10,-0.323381822652375,0.041,0.064,7.89742610330201e-06,"Naive B","SNAPC2","down"
5.65734764174234e-31,-0.323321711126947,0.432,0.569,1.0636945036004e-26,"Naive B","WDR1","down"
5.82959724559119e-15,-0.323318682458539,0.292,0.381,1.09608087411606e-10,"Naive B","TLE3","down"
2.11213307179083e-18,-0.323103609933618,0.068,0.109,3.97123260158111e-14,"Naive B","APAF1","down"
5.24782765309875e-11,-0.322888874879186,0.056,0.086,9.86696555335626e-07,"Naive B","RFX3-DT","down"
3.28004016177688e-09,-0.322774790683789,0.061,0.091,6.16713151217288e-05,"Naive B","ERCC6L2-AS1","down"
3.29778952657761e-17,-0.322714482879981,0.142,0.206,6.20050386787122e-13,"Naive B","GMDS-DT","down"
3.58830351747354e-12,-0.32263810969808,0.047,0.075,6.74672827355374e-08,"Naive B","ACOT8","down"
6.33773974674265e-13,-0.322585580245744,0.063,0.098,1.19162182718255e-08,"Naive B","FAM193B","down"
1.58233264433058e-10,-0.322569801964799,0.047,0.074,2.97510183787036e-06,"Naive B","RRS1","down"
1.9668451093585e-13,-0.322518034118783,0.132,0.184,3.69806217461585e-09,"Naive B","ATP6V1B2","down"
5.79246101762861e-19,-0.322517888073775,0.29,0.387,1.08909852053453e-14,"Naive B","TAOK3","down"
2.25648907633847e-20,-0.322498267893921,0.318,0.421,4.24265076133159e-16,"Naive B","CTR9","down"
3.74380492475204e-20,-0.322083694198185,0.236,0.324,7.03910201951878e-16,"Naive B","RO60","down"
8.43750523734494e-26,-0.321995786957182,0.155,0.229,1.5864197347256e-21,"Naive B","HDAC3","down"
8.74976897798604e-12,-0.321987056199897,0.06,0.092,1.64513156324094e-07,"Naive B","ERI1","down"
6.85088480353445e-26,-0.321849831421671,0.153,0.231,1.28810336076055e-21,"Naive B","CHCHD1","down"
1.52263106432518e-14,-0.321801603613441,0.084,0.126,2.86285092714419e-10,"Naive B","DNASE2","down"
6.40117049021969e-10,-0.321710486297125,0.053,0.08,1.20354807557111e-05,"Naive B","NAB1","down"
1.31503117462255e-12,-0.321693553124403,0.071,0.106,2.47252161452532e-08,"Naive B","PCNT","down"
5.40103479421939e-08,-0.321666882308695,0.06,0.088,0.00101550256200913,"Naive B","SH3PXD2A","down"
2.30092448972104e-09,-0.321662572337334,0.056,0.081,4.3261982255735e-05,"Naive B","ZNF862","down"
1.52268134987861e-07,-0.321530540531763,0.022,0.037,0.00286294547404176,"Naive B","NMNAT1","down"
2.09771450865434e-08,-0.321508036699106,0.071,0.102,0.000394412281917189,"Naive B","APOLD1","down"
2.8375024397417e-13,-0.321427989778906,0.134,0.19,5.33507208720234e-09,"Naive B","MTMR12","down"
1.05873664359342e-06,-0.321294981665087,0.038,0.056,0.0199063663728435,"Naive B","ZNF777","down"
3.16926844345753e-19,-0.321158970703995,0.108,0.163,5.95885852738885e-15,"Naive B","ZMPSTE24","down"
2.81591878926686e-09,-0.321158715846555,0.053,0.08,5.29449050757955e-05,"Naive B","DCP1B","down"
1.61498168888617e-12,-0.321146908520857,0.113,0.161,3.03648857144377e-08,"Naive B","MAPKAPK5","down"
1.64500511119237e-14,-0.321033303818814,0.049,0.08,3.09293861006389e-10,"Naive B","TBCD","down"
2.86002226620347e-26,-0.320885871728303,0.115,0.182,5.37741386491576e-22,"Naive B","BOLA2","down"
9.12933331561623e-19,-0.320834082159961,0.106,0.157,1.71649725000216e-14,"Naive B","EXOSC7","down"
1.08787868010741e-10,-0.320803457622139,0.114,0.161,2.04542949433796e-06,"Naive B","PRKACB","down"
3.04733451448e-24,-0.320706053893913,0.288,0.392,5.72959835412529e-20,"Naive B","LPGAT1","down"
4.29660862748933e-14,-0.320689396192729,0.224,0.299,8.07848354140543e-10,"Naive B","RFX7","down"
2.0624057739731e-21,-0.320361898522953,0.325,0.434,3.87773533622423e-17,"Naive B","NSF","down"
1.88956478684291e-07,-0.320304293275353,0.093,0.127,0.00355275971222204,"Naive B","HCFC1","down"
1.48062199715363e-16,-0.320154710029605,0.08,0.122,2.78386547904826e-12,"Naive B","NME6","down"
5.98524979368713e-11,-0.319753376407875,0.047,0.072,1.12534666620905e-06,"Naive B","AAAS","down"
9.44585193632901e-08,-0.319624833277032,0.038,0.059,0.00177600908106858,"Naive B","PRPF40B","down"
8.81702985947813e-27,-0.319618631927751,0.175,0.259,1.65777795417908e-22,"Naive B","POLK","down"
4.08243451985579e-21,-0.319542073563083,0.136,0.199,7.67579338423285e-17,"Naive B","SLC52A2","down"
2.51796545259297e-18,-0.31930622915239,0.098,0.148,4.7342786439653e-14,"Naive B","NIT2","down"
1.6688259398422e-18,-0.318939363877493,0.486,0.596,3.13772653209131e-14,"Naive B","ARFGAP3","down"
6.74037559957738e-17,-0.318795868336415,0.147,0.211,1.26732542023254e-12,"Naive B","MAPK6","down"
4.16458942508129e-15,-0.318736973071921,0.099,0.145,7.83026103703784e-11,"Naive B","NVL","down"
1.09019277837095e-07,-0.318605152368128,0.068,0.095,0.00204978046189306,"Naive B","RMI2","down"
8.40926921874423e-21,-0.318353780899465,0.181,0.256,1.58111079850829e-16,"Naive B","ABHD16A","down"
6.98828207872952e-10,-0.318270688453122,0.093,0.13,1.31393679644272e-05,"Naive B","DDX41","down"
1.09352351016753e-27,-0.318091577468306,0.259,0.362,2.05604290381698e-23,"Naive B","HSF1","down"
9.21357715541974e-17,-0.317786540778457,0.189,0.263,1.73233677676202e-12,"Naive B","BID","down"
2.89776165961055e-21,-0.317628158323484,0.546,0.663,5.44837147239976e-17,"Naive B","CD48","down"
1.22777026384527e-23,-0.317445944098718,0.217,0.307,2.30845365008187e-19,"Naive B","TMEM170A","down"
9.41187403924336e-24,-0.317324220505481,0.2,0.286,1.76962055685854e-19,"Naive B","RIC8A","down"
2.3242105981562e-29,-0.3170668404844,0.164,0.246,4.36998076665328e-25,"Naive B","FAM120A","down"
6.44013365729945e-21,-0.316860092198411,0.519,0.636,1.21087393024544e-16,"Naive B","GNAI2","down"
5.31702425837699e-22,-0.316833291631177,0.103,0.158,9.99706901060042e-18,"Naive B","ENSG00000236449","down"
9.10108753429032e-07,-0.316822676766775,0.024,0.038,0.0171118647819727,"Naive B","FANCI","down"
6.17840910280583e-17,-0.316707213614377,0.082,0.127,1.16166447950955e-12,"Naive B","EIF2B3","down"
9.28698473351651e-18,-0.31652552858645,0.074,0.117,1.74613886959578e-13,"Naive B","FANCF","down"
1.95473446052421e-09,-0.315934699577608,0.038,0.06,3.67529173267763e-05,"Naive B","MAP3K10","down"
6.62674245258185e-26,-0.315825651214046,0.363,0.482,1.24596011593444e-21,"Naive B","BUB3","down"
5.96032631850657e-11,-0.315814921794372,0.046,0.071,1.12066055440561e-06,"Naive B","ABCB10","down"
2.78017892490598e-12,-0.315762840492953,0.084,0.124,5.22729241460822e-08,"Naive B","MADD","down"
2.5178539809691e-13,-0.315692244010039,0.081,0.121,4.7340690550181e-09,"Naive B","ALOX12-AS1","down"
1.02829809154831e-17,-0.315686093230147,0.071,0.11,1.93340607172913e-13,"Naive B","BAK1","down"
1.16923564951087e-18,-0.315641364701984,0.13,0.19,2.19839686821035e-14,"Naive B","SOAT1","down"
9.00399496392324e-23,-0.315602309001913,0.253,0.349,1.69293113311685e-18,"Naive B","GALNT1","down"
1.3339972421798e-14,-0.315588037318224,0.157,0.218,2.50818161474645e-10,"Naive B","C21orf91","down"
9.25039670248646e-21,-0.315577812901548,0.677,0.774,1.7392595880015e-16,"Naive B","MBP","down"
2.33238848212989e-20,-0.315491193529543,0.17,0.243,4.38535682410062e-16,"Naive B","SHFL","down"
5.07328946255617e-20,-0.315403789930117,0.153,0.221,9.5387988474981e-16,"Naive B","MTX1","down"
7.50388882192114e-33,-0.315391237114517,0.453,0.596,1.41088117629761e-28,"Naive B","MTDH","down"
4.08272570813302e-26,-0.315279614916777,0.254,0.358,7.6763408764317e-22,"Naive B","PRDX4","down"
2.22586837347311e-32,-0.315215802722413,0.508,0.652,4.18507771580414e-28,"Naive B","SELENOT","down"
1.73129889282027e-25,-0.314693008668891,0.431,0.557,3.25518817828068e-21,"Naive B","RNH1","down"
7.76767382420817e-08,-0.314671721321553,0.051,0.076,0.00146047803242762,"Naive B","STIMATE","down"
9.57313107204835e-13,-0.314652480973136,0.077,0.116,1.79994010416653e-08,"Naive B","ACACA","down"
1.72865161925843e-12,-0.314537995239502,0.304,0.385,3.2502107745297e-08,"Naive B","TBC1D10C","down"
5.87987963822246e-20,-0.314534059499989,0.132,0.194,1.10553496957859e-15,"Naive B","SBF1","down"
6.25301357304374e-27,-0.314513021564949,0.164,0.243,1.17569161200368e-22,"Naive B","MRPL27","down"
9.96753254019701e-19,-0.314489190927828,0.353,0.457,1.87409546820784e-14,"Naive B","DYNC1H1","down"
3.54020919348958e-15,-0.314418919173128,0.065,0.105,6.65630132559912e-11,"Naive B","MTFP1","down"
1.82780785200688e-40,-0.314417210958852,0.272,0.396,3.43664432334333e-36,"Naive B","RER1","down"
1.4155983304294e-16,-0.314367107422761,0.141,0.203,2.66160798087336e-12,"Naive B","CDK5RAP2","down"
1.90954435830913e-11,-0.314307739268869,0.371,0.456,3.59032530249283e-07,"Naive B","APOBEC3G","down"
1.237027425949e-18,-0.314087947941678,0.2,0.277,2.3258589662693e-14,"Naive B","GAPVD1","down"
9.93124596764832e-09,-0.314003370274098,0.054,0.08,0.000186727286683724,"Naive B","RNF8","down"
7.74162269320135e-34,-0.313812077540317,0.182,0.274,1.45557989877572e-29,"Naive B","MRPS26","down"
2.80298369511437e-24,-0.313702170926787,0.126,0.191,5.27016994355405e-20,"Naive B","IDH3G","down"
5.79960045721612e-11,-0.31354666902608,0.064,0.094,1.09044087796577e-06,"Naive B","THOP1","down"
1.05007668388963e-10,-0.31339071915719,0.042,0.067,1.97435418104929e-06,"Naive B","CLPB","down"
3.47952298255396e-11,-0.313332011187562,0.057,0.086,6.54219911179796e-07,"Naive B","SETD4","down"
1.88616813708972e-21,-0.31332440613077,0.351,0.46,3.54637333135608e-17,"Naive B","DDAH2","down"
4.23137305758766e-26,-0.313253955807652,0.212,0.302,7.95582762287632e-22,"Naive B","PRELID3B","down"
1.15558030297024e-09,-0.313038974558207,0.04,0.064,2.17272208564465e-05,"Naive B","SMAGP","down"
1.09513365841062e-15,-0.312849870550689,0.077,0.119,2.05907030454365e-11,"Naive B","WDR91","down"
7.28566667678138e-30,-0.312842599502695,0.247,0.35,1.36985104856843e-25,"Naive B","YIPF3","down"
1.82896561141281e-12,-0.312673793664281,0.055,0.084,3.43882114257837e-08,"Naive B","CSTF2","down"
1.32733092168673e-26,-0.312455989480093,0.252,0.355,2.49564759895539e-22,"Naive B","CCDC88C","down"
1.33823788529979e-09,-0.31224786399149,0.199,0.258,2.51615487194066e-05,"Naive B","CYB561A3","down"
2.38402215458417e-16,-0.312214093666384,0.061,0.096,4.48243845504916e-12,"Naive B","CDKN2AIPNL","down"
2.70463031221706e-10,-0.311596538238356,0.06,0.089,5.08524591303052e-06,"Naive B","BBS2","down"
2.88744006202357e-33,-0.311390525160086,0.452,0.595,5.42896480461672e-29,"Naive B","ATP5F1A","down"
8.58438206013327e-07,-0.311231572059158,0.032,0.05,0.0161403551494626,"Naive B","AHDC1","down"
2.42852187047609e-20,-0.311043382606716,0.532,0.647,4.56610682086915e-16,"Naive B","ELMO1","down"
7.4665501296796e-10,-0.311015759959328,0.056,0.083,1.40386075538236e-05,"Naive B","MSANTD2","down"
1.59668404980791e-09,-0.31080594639688,0.072,0.103,3.00208535044883e-05,"Naive B","IFI6","down"
1.37295675779626e-17,-0.310739309234354,0.203,0.283,2.58143329600853e-13,"Naive B","SMS","down"
3.1400995561954e-16,-0.310501308312684,0.076,0.119,5.90401518555858e-12,"Naive B","ST20","down"
1.27542130610171e-11,-0.310456386081902,0.088,0.128,2.39804713973244e-07,"Naive B","ZBTB4","down"
2.57866983219047e-18,-0.310426367251939,0.099,0.149,4.84841501848453e-14,"Naive B","DMWD","down"
3.40369589590294e-25,-0.310319750655614,0.677,0.787,6.39962902347671e-21,"Naive B","PGK1","down"
4.4169757242697e-10,-0.31005635909791,0.099,0.139,8.30479775677189e-06,"Naive B","C12orf75","down"
1.7508338029624e-13,-0.309997857796552,0.139,0.194,3.29191771632991e-09,"Naive B","GPX7","down"
4.9833664795002e-09,-0.309782820712752,0.112,0.155,9.36972565475627e-05,"Naive B","ING1","down"
2.05384349529284e-26,-0.309729462126251,0.184,0.268,3.86163653984959e-22,"Naive B","XIAP","down"
2.02693179186594e-15,-0.309694353112403,0.14,0.199,3.81103715506634e-11,"Naive B","UTP23","down"
1.82815710050091e-17,-0.309673157474392,0.171,0.239,3.43730098036181e-13,"Naive B","NUP210","down"
1.04449222851023e-18,-0.309579628922524,0.1,0.152,1.96385428804494e-14,"Naive B","DTWD1","down"
1.17578899025664e-11,-0.309360451208469,0.069,0.102,2.21071845948053e-07,"Naive B","PGP","down"
1.43219183542135e-21,-0.309344582145158,0.135,0.198,2.69280708895921e-17,"Naive B","CCNQ","down"
2.75185224657007e-11,-0.309145829608008,0.065,0.094,5.17403259400104e-07,"Naive B","PDF","down"
7.74134637469837e-25,-0.30910863595229,0.344,0.46,1.45552794537079e-20,"Naive B","RUBCN","down"
2.15210593285265e-31,-0.309095245747388,0.236,0.339,4.04638957494955e-27,"Naive B","PSENEN","down"
6.25282268198615e-21,-0.308964714344824,0.202,0.285,1.17565572066704e-16,"Naive B","N4BP1","down"
5.78535874928482e-23,-0.308565248372047,0.165,0.242,1.08776315204053e-18,"Naive B","DKC1","down"
3.88962996324258e-17,-0.308408964114893,0.09,0.137,7.31328225688871e-13,"Naive B","KSR1","down"
7.69457739772557e-14,-0.30839518507999,0.077,0.114,1.44673444232036e-09,"Naive B","CNEP1R1","down"
1.96006514465325e-21,-0.308279877436741,0.166,0.24,3.68531448497705e-17,"Naive B","ZZEF1","down"
5.90300846216377e-12,-0.30808925394143,0.081,0.12,1.10988365105603e-07,"Naive B","ENSG00000291100","down"
7.71335341985989e-12,-0.307374145913951,0.037,0.06,1.45026471000206e-07,"Naive B","HDDC3","down"
1.52927222581976e-09,-0.307301596129653,0.05,0.075,2.87533763898632e-05,"Naive B","ZNF623","down"
4.94876426891841e-08,-0.3072633477618,0.026,0.043,0.000930466657842039,"Naive B","ZNF79","down"
1.17367447410073e-17,-0.307031256889761,0.116,0.17,2.20674274620419e-13,"Naive B","MIF4GD","down"
6.79100156041354e-27,-0.307028862251656,0.222,0.319,1.27684411338895e-22,"Naive B","UBE2Q2","down"
6.58155240806659e-36,-0.306977328262586,0.238,0.348,1.23746348376468e-31,"Naive B","RPS19BP1","down"
6.8744106463429e-08,-0.306943743477119,0.048,0.071,0.00129252668972539,"Naive B","ENSG00000291054","down"
3.98180250422541e-27,-0.306679691250029,0.176,0.262,7.48658506844461e-23,"Naive B","FOXN2","down"
1.32159714831991e-13,-0.306419714277029,0.146,0.201,2.48486695827109e-09,"Naive B","MYD88","down"
1.11631609283147e-07,-0.306337836540447,0.672,0.735,0.00209889751774173,"Naive B","ATP1B3","down"
1.64017753590533e-09,-0.306253064285536,0.068,0.1,3.0838618030092e-05,"Naive B","MR1","down"
7.31236408270428e-42,-0.306176002064765,0.918,0.961,1.37487069483006e-37,"Naive B","CYBA","down"
1.71762188778652e-22,-0.306110740838231,0.138,0.203,3.22947267341621e-18,"Naive B","POLDIP2","down"
2.80970445214367e-07,-0.30587770499739,0.06,0.085,0.00528280631092053,"Naive B","ALG9","down"
1.28749440160834e-08,-0.305582825670536,0.021,0.035,0.0002420746973904,"Naive B","RITA1","down"
6.20791581916036e-23,-0.305381464690123,0.23,0.318,1.16721233231853e-18,"Naive B","SPCS3","down"
1.27049577374021e-10,-0.305301278539647,0.049,0.075,2.38878615378634e-06,"Naive B","CISD1","down"
6.21440669335167e-14,-0.305252619732421,0.067,0.103,1.16843274648398e-09,"Naive B","LINC02422","down"
3.53275974748809e-17,-0.305247514868594,0.162,0.227,6.6422948772271e-13,"Naive B","GALNT10","down"
1.62644066154529e-24,-0.305098453647542,0.211,0.299,3.05803373183745e-20,"Naive B","SDAD1","down"
2.55495372898709e-08,-0.305060240883061,0.021,0.037,0.000480382400124153,"Naive B","NMRK1","down"
2.1619809274606e-21,-0.304916053540379,0.136,0.201,4.06495653981141e-17,"Naive B","TMX3","down"
9.99858884664387e-27,-0.30444845003763,0.753,0.848,1.87993467494598e-22,"Naive B","RBM3","down"
1.34939002840317e-09,-0.304365878480534,0.303,0.375,2.53712313140365e-05,"Naive B","LARGE1","down"
2.81657525570484e-26,-0.304214789985938,0.306,0.416,5.29572479577624e-22,"Naive B","CDC123","down"
3.05718192973321e-16,-0.304188410431134,0.141,0.201,5.74811346428439e-12,"Naive B","SCFD2","down"
2.42962910920028e-11,-0.303986184962874,0.074,0.109,4.56818865111837e-07,"Naive B","CCDC71L","down"
1.09193884050523e-14,-0.303947850188724,0.071,0.109,2.05306340791794e-10,"Naive B","PPT1","down"
6.96824547565301e-18,-0.3039301681591,0.081,0.123,1.31016951433228e-13,"Naive B","PRPSAP1","down"
2.01475414992031e-33,-0.303884562989059,0.348,0.477,3.78814075268017e-29,"Naive B","MARS1","down"
2.11971641629013e-29,-0.303808993477065,0.301,0.414,3.9854908059087e-25,"Naive B","TGOLN2","down"
1.98025866673783e-06,-0.303589090726423,0.047,0.067,0.0372328234520048,"Naive B","MAP3K2-DT","down"
1.36125338716826e-17,-0.303543533783907,0.092,0.139,2.55942861855375e-13,"Naive B","BRCC3","down"
1.14140005854978e-25,-0.303186733298243,0.384,0.504,2.1460603900853e-21,"Naive B","CCDC12","down"
5.12156142979557e-24,-0.303160510127378,0.184,0.264,9.62955980030163e-20,"Naive B","UBN1","down"
1.69305983157839e-18,-0.303058176452349,0.151,0.216,3.18329109533368e-14,"Naive B","PRR14L","down"
3.07284590504935e-11,-0.303015029869082,0.058,0.088,5.77756487067378e-07,"Naive B","MRPL20-AS1","down"
2.83323308066844e-13,-0.302722289470738,0.142,0.199,5.3270448382728e-09,"Naive B","SUPT3H","down"
8.02203947980076e-25,-0.302548922053943,0.194,0.28,1.50830386299214e-20,"Naive B","YWHAG","down"
7.42902831773522e-13,-0.302514065195565,0.097,0.141,1.39680590430058e-08,"Naive B","TTLL5","down"
1.55820603166249e-22,-0.302297009608508,0.118,0.177,2.92973898073182e-18,"Naive B","PRKAG1","down"
2.334696712987e-08,-0.302219225533221,0.049,0.073,0.000438969675975817,"Naive B","DNAJC14","down"
1.29660324176315e-07,-0.302206083008983,0.043,0.065,0.00243787341516307,"Naive B","CCDC112","down"
5.59714259937506e-09,-0.302205110786475,0.039,0.059,0.00010523747515345,"Naive B","MTFR1L","down"
5.61523423592608e-16,-0.302140712043793,0.32,0.411,1.05577634103882e-11,"Naive B","GRN","down"
2.90486754114783e-15,-0.302124092640644,0.093,0.138,5.46173195086616e-11,"Naive B","ZHX1","down"
4.55287131528172e-09,-0.302102270658395,0.066,0.094,8.56030864699269e-05,"Naive B","DDB2","down"
6.33667433316294e-32,-0.301978356200764,0.77,0.87,1.1914215081213e-27,"Naive B","LPXN","down"
8.07601753274683e-19,-0.301957606903711,0.401,0.509,1.51845281650706e-14,"Naive B","IFT57","down"
2.58163055735919e-08,-0.301616731934999,0.433,0.505,0.000485398177394674,"Naive B","CTSH","down"
9.13946739580739e-10,-0.301481532211247,0.025,0.043,1.7184026597597e-05,"Naive B","FLACC1","down"
1.88811802550487e-14,-0.301463271454319,0.065,0.099,3.55003951155426e-10,"Naive B","ENDOG","down"
3.17082839438834e-22,-0.301381732672203,0.136,0.2,5.96179154712897e-18,"Naive B","METTL5","down"
2.95680545349051e-31,-0.301181333954396,0.315,0.436,5.55938561365286e-27,"Naive B","SFT2D1","down"
9.25781201928408e-32,-0.301009510996108,0.32,0.441,1.74065381586579e-27,"Naive B","RAB1B","down"
1.58947864368378e-12,-0.300979209908017,0.097,0.139,2.98853774585423e-08,"Naive B","MFSD8","down"
2.56137529792695e-25,-0.300935183515454,0.278,0.381,4.81589783516226e-21,"Naive B","PGLS","down"
1.24190057444556e-11,-0.300893788873181,0.076,0.111,2.33502146007254e-07,"Naive B","PJA1","down"
6.52150224893428e-08,-0.300716901510997,0.041,0.062,0.00122617285284462,"Naive B","AGPAT1","down"
3.87485476826579e-16,-0.300676934730524,0.122,0.177,7.28550193529333e-12,"Naive B","IKBIP","down"
2.76953647436552e-13,-0.300576038543645,0.089,0.13,5.20728247910205e-09,"Naive B","FEM1C","down"
2.12230136997596e-07,-0.300418067680555,0.072,0.102,0.0039903510358288,"Naive B","GOLGA8A","down"
1.67782338688686e-20,-0.300342224568949,0.544,0.659,3.15464353202468e-16,"Naive B","EFHD2","down"
2.69652518707322e-11,-0.300254242679666,0.042,0.067,5.07000665673507e-07,"Naive B","ULK3","down"
1.26567021878446e-25,-0.300243909458845,0.34,0.453,2.37971314535854e-21,"Naive B","ARL6IP4","down"
4.55703396889828e-28,-0.300211812578454,0.243,0.343,8.56813526832255e-24,"Naive B","CIAO2A","down"
1.48431567581393e-19,-0.300039985940014,0.083,0.129,2.79081033366535e-15,"Naive B","CDIPT","down"
7.62132063845009e-17,-0.299998049607487,0.17,0.236,1.43296070644139e-12,"Naive B","ARFIP1","down"
3.78997714593012e-29,-0.299829107923245,0.501,0.638,7.12591502977781e-25,"Naive B","TNFRSF13C","down"
5.97358855674182e-29,-0.299804090341325,0.233,0.332,1.1231541204386e-24,"Naive B","CYBC1","down"
1.25228116352648e-13,-0.299576604792978,0.096,0.138,2.35453904366249e-09,"Naive B","UBR7","down"
1.11280239221973e-16,-0.299454173513914,0.27,0.359,2.09229105785154e-12,"Naive B","DENND5B","down"
2.01469454937173e-13,-0.299368058908392,0.068,0.102,3.78802869172872e-09,"Naive B","EIPR1","down"
8.96763000660433e-12,-0.298860406468321,0.083,0.119,1.68609379384175e-07,"Naive B","PEDS1","down"
3.61173401175015e-10,-0.298850318638008,0.041,0.063,6.79078228889263e-06,"Naive B","TIMM8A","down"
1.25307812349431e-07,-0.298478515970364,0.084,0.118,0.002356037487794,"Naive B","QSOX2","down"
1.19340175887344e-21,-0.298383300027476,0.189,0.265,2.24383398703385e-17,"Naive B","DCTN3","down"
6.42610564469568e-10,-0.298154716046671,0.092,0.128,1.20823638331568e-05,"Naive B","IFT80","down"
5.49260815731486e-24,-0.298001139624412,0.124,0.187,1.03272018573834e-19,"Naive B","NUP42","down"
3.11052526025368e-07,-0.297484589798989,0.036,0.055,0.00584840959432897,"Naive B","LMLN","down"
1.76727424132139e-27,-0.297390131026287,0.337,0.452,3.32282902853249e-23,"Naive B","FBXO7","down"
4.05432132612215e-37,-0.297369784188352,0.224,0.331,7.62293495737487e-33,"Naive B","PDCD5","down"
3.92863528797714e-08,-0.297252407072428,0.104,0.14,0.000738662006845461,"Naive B","NBPF1","down"
3.71038503249046e-21,-0.297249573382106,0.787,0.861,6.97626593808857e-17,"Naive B","FNBP1","down"
3.42756910003295e-19,-0.297191086711605,0.351,0.453,6.44451542188194e-15,"Naive B","DYNLRB1","down"
2.28247578454426e-07,-0.297176314603336,0.029,0.044,0.00429151097010012,"Naive B","SPATA20","down"
7.88646831443733e-23,-0.29712195515692,0.566,0.686,1.48281377248051e-18,"Naive B","CDV3","down"
5.23878210554243e-20,-0.297015174023848,0.23,0.313,9.84995811484088e-16,"Naive B","SELENOO","down"
1.17416357976332e-06,-0.296892997455131,0.032,0.051,0.0220766236267099,"Naive B","PXDC1","down"
1.98319411169818e-15,-0.296857134942917,0.153,0.212,3.72880156881492e-11,"Naive B","CDC16","down"
4.39593313958754e-11,-0.296652935039846,0.095,0.133,8.26523348905249e-07,"Naive B","LIX1L","down"
3.63927514200798e-13,-0.296595827147144,0.06,0.091,6.8425651220034e-09,"Naive B","THG1L","down"
2.27111781939974e-10,-0.296224586400535,0.083,0.117,4.27015572403539e-06,"Naive B","MLLT6","down"
1.50029285775071e-14,-0.296085113484752,0.047,0.075,2.82085063114289e-10,"Naive B","ARFGAP1","down"
4.90401436626161e-18,-0.296028083777172,0.173,0.241,9.22052781144508e-14,"Naive B","MFSD14CP","down"
4.5560274801428e-19,-0.296013104235214,0.221,0.301,8.56624286816448e-15,"Naive B","RNF4","down"
1.16512225926561e-08,-0.295911572186349,0.019,0.032,0.000219066287187121,"Naive B","SIGMAR1","down"
1.14234944316701e-14,-0.295552696448336,0.14,0.196,2.14784542304261e-10,"Naive B","MOGS","down"
8.21626993944719e-09,-0.295550120937543,0.043,0.064,0.000154482307401486,"Naive B","DHX33","down"
9.28007745755439e-26,-0.295394750637854,0.093,0.16,1.74484016356938e-21,"Naive B","PLIN2","down"
1.25478115226036e-16,-0.294998592085316,0.066,0.102,2.35923952247994e-12,"Naive B","ALDH18A1","down"
2.48302592990279e-24,-0.294723192929065,0.174,0.249,4.66858535340322e-20,"Naive B","WRNIP1","down"
5.73630850949972e-27,-0.294607870100985,0.473,0.602,1.07854072595614e-22,"Naive B","VDAC1","down"
1.87086767239102e-36,-0.294334882091196,0.179,0.27,3.51760539762959e-32,"Naive B","TRAPPC4","down"
3.28920637741415e-13,-0.294156412976964,0.111,0.159,6.18436583081409e-09,"Naive B","SLF2","down"
1.67591041139077e-12,-0.293867340372767,0.299,0.378,3.15104675549692e-08,"Naive B","ABR","down"
1.71978508505859e-18,-0.293741715062809,0.15,0.214,3.23353991692715e-14,"Naive B","ZNF593","down"
9.64770022712504e-13,-0.293667511827108,0.2,0.265,1.81396059670405e-08,"Naive B","SUMO3","down"
1.41955656982758e-24,-0.293604596164068,0.167,0.241,2.66905026258981e-20,"Naive B","INTS11","down"
4.43810528775261e-10,-0.293526693589968,0.203,0.261,8.34452556203246e-06,"Naive B","SLCO4A1","down"
2.62358241659738e-17,-0.293042599176708,0.081,0.125,4.9328596596864e-13,"Naive B","MSRA","down"
9.45353647898249e-14,-0.293022458892867,0.084,0.126,1.77745392877829e-09,"Naive B","SBF2-AS1","down"
2.67856548401681e-09,-0.292988963176535,0.055,0.082,5.0362388230484e-05,"Naive B","ZNF346","down"
4.69888034624418e-18,-0.292507818569194,0.31,0.406,8.83483482700832e-14,"Naive B","PPP3R1","down"
1.95308158605647e-10,-0.292103802002783,0.054,0.083,3.67218399810337e-06,"Naive B","ENSG00000283103","down"
3.04908227419857e-17,-0.292062927586314,0.104,0.153,5.73288449194816e-13,"Naive B","ARHGAP1","down"
9.39047005268521e-27,-0.292023727813614,0.088,0.142,1.76559617930587e-22,"Naive B","MCM6","down"
6.31684385710472e-22,-0.291900293918949,0.112,0.166,1.18769298201283e-17,"Naive B","TPGS1","down"
4.08780812707727e-28,-0.291822018573664,0.185,0.27,7.68589684053069e-24,"Naive B","ELK4","down"
5.93546307487347e-17,-0.291788859436736,0.169,0.235,1.11598576733771e-12,"Naive B","ATP13A3","down"
5.72960948358052e-15,-0.291685665594575,0.268,0.349,1.07728117510281e-10,"Naive B","PPFIBP2","down"
4.62939998072157e-25,-0.291674645987752,0.382,0.5,8.7041978437527e-21,"Naive B","UBE2V1","down"
2.59222419932267e-16,-0.291157093292778,0.152,0.214,4.87389993956649e-12,"Naive B","REEP3","down"
5.22161036836236e-10,-0.291108713046274,0.046,0.071,9.81767181459491e-06,"Naive B","TSC2","down"
5.10122985452326e-26,-0.291080388803686,0.38,0.499,9.59133237247464e-22,"Naive B","ICAM3","down"
2.80619427952656e-26,-0.291071474175636,0.316,0.426,5.27620648436584e-22,"Naive B","THOC2","down"
1.08603842694997e-20,-0.290972077096665,0.305,0.403,2.04196945035134e-16,"Naive B","ARL5A","down"
1.37144672052319e-09,-0.290905194061176,0.052,0.076,2.57859412392769e-05,"Naive B","MTURN","down"
3.2736261444617e-09,-0.290889536162993,0.054,0.079,6.15507187681689e-05,"Naive B","NHLRC3","down"
4.46417807467533e-10,-0.290784587754323,0.04,0.062,8.39354761600456e-06,"Naive B","SLC25A14","down"
3.3898066446633e-19,-0.290688043743267,0.181,0.253,6.37351445329593e-15,"Naive B","SEC63","down"
1.13524342150376e-10,-0.29061736075541,0.061,0.09,2.13448468111137e-06,"Naive B","SZT2","down"
3.28736343723005e-16,-0.290303276775101,0.072,0.11,6.18090073467994e-12,"Naive B","ACAT1","down"
7.41365840341399e-08,-0.29024680587849,0.067,0.095,0.0013939160530099,"Naive B","BMF","down"
4.54724835797633e-22,-0.290172584383654,0.083,0.128,8.5497363626671e-18,"Naive B","GEMIN8","down"
1.35162766317483e-24,-0.29012507982875,0.613,0.733,2.54133033230131e-20,"Naive B","ISCU","down"
1.16306190242482e-25,-0.289873595677201,0.185,0.265,2.18678898893914e-21,"Naive B","PDHA1","down"
2.51570129958051e-14,-0.289823514144329,0.052,0.084,4.73002158347128e-10,"Naive B","THYN1","down"
1.34669000874428e-23,-0.28973758085413,0.184,0.264,2.532046554441e-19,"Naive B","FDX1","down"
2.00108419964933e-18,-0.289717677111195,0.138,0.198,3.76243851218067e-14,"Naive B","UNC50","down"
1.41153769996359e-42,-0.289707266046242,0.256,0.373,2.65397318347155e-38,"Naive B","GET3","down"
9.57272163998738e-12,-0.289460030027398,0.08,0.117,1.79986312275043e-07,"Naive B","TRMO","down"
3.31448665650622e-15,-0.289420145427591,0.256,0.336,6.23189781156299e-11,"Naive B","ARHGAP45","down"
4.39528668939075e-24,-0.289380114766384,0.849,0.898,8.26401803339248e-20,"Naive B","ZFP36","down"
2.1673075723919e-06,-0.289331809085435,0.153,0.196,0.0407497169761124,"Naive B","PTGER4","down"
1.15101004918107e-09,-0.289254322120574,0.118,0.162,2.16412909447024e-05,"Naive B","LINC00662","down"
5.24606644003038e-12,-0.289239431042468,0.09,0.131,9.86365412054512e-08,"Naive B","ANO6","down"
1.18878888781528e-16,-0.289095521304678,0.188,0.257,2.23516086687028e-12,"Naive B","UBTF","down"
5.56371824054294e-17,-0.288989305780036,0.245,0.327,1.04609030358688e-12,"Naive B","SLC7A1","down"
7.04534874500453e-16,-0.288967233129856,0.222,0.298,1.32466647103575e-11,"Naive B","ASCC3","down"
5.13241296899673e-10,-0.288772579540033,0.055,0.082,9.64996286430766e-06,"Naive B","PCBD2","down"
7.86379005226655e-14,-0.288510831701589,0.095,0.137,1.47854980562716e-09,"Naive B","PIGC","down"
9.38671475389687e-12,-0.288373719051522,0.084,0.121,1.76489010802769e-07,"Naive B","QPCTL","down"
1.06191021101141e-27,-0.288340169718772,0.15,0.225,1.99660357874366e-23,"Naive B","MGST3","down"
1.31843936789433e-13,-0.287593499112886,0.313,0.394,2.47892969951492e-09,"Naive B","CMIP","down"
7.24034416631485e-11,-0.287402812360716,0.079,0.114,1.36132951015052e-06,"Naive B","RAB39B","down"
1.86500869057226e-24,-0.287298547933948,0.498,0.621,3.50658934001396e-20,"Naive B","TRAF3","down"
2.89105824936946e-24,-0.28719855704393,0.146,0.212,5.43576772046446e-20,"Naive B","TSC22D4","down"
1.5829540734401e-07,-0.286998497877026,0.05,0.072,0.00297627024888208,"Naive B","RORA-AS1","down"
4.93235064839396e-14,-0.286979772975334,0.128,0.179,9.27380568911032e-10,"Naive B","MAML1","down"
2.96976454231351e-08,-0.286798569407826,0.049,0.074,0.000558375129245787,"Naive B","MT1X","down"
6.11132717795305e-34,-0.286638331415386,0.912,0.956,1.14905173599873e-29,"Naive B","RHOA","down"
3.02372113048281e-08,-0.286554845614516,0.053,0.082,0.000568520046953378,"Naive B","HOMER1","down"
7.04036582625213e-14,-0.286377008483942,0.081,0.118,1.32372958265192e-09,"Naive B","AP2A1","down"
3.64999077981394e-10,-0.286372677747698,0.045,0.07,6.86271266420616e-06,"Naive B","CLN6","down"
1.35861643213457e-11,-0.286201069237504,0.045,0.07,2.55447061569943e-07,"Naive B","PSMG1","down"
2.88943862952408e-07,-0.286089758859741,0.036,0.054,0.00543272251123118,"Naive B","SMYD4","down"
8.20981501448356e-17,-0.285974187688159,0.169,0.233,1.5436094190232e-12,"Naive B","TMC8","down"
1.63167147205604e-09,-0.285753230171666,0.071,0.104,3.06786870175976e-05,"Naive B","SEC24D","down"
2.74446422448147e-20,-0.285431556997124,0.098,0.148,5.16014163487007e-16,"Naive B","TOR1AIP2","down"
1.73018951633955e-17,-0.285404383783517,0.083,0.125,3.25310232862162e-13,"Naive B","STK11","down"
6.80760401667193e-07,-0.28536792192119,0.033,0.049,0.0127996570721466,"Naive B","WDR25","down"
1.93016169351964e-20,-0.285288738561727,0.094,0.142,3.62909001615563e-16,"Naive B","GPS1","down"
3.49828398627602e-11,-0.28510249138166,0.094,0.135,6.57747355099617e-07,"Naive B","SGTB","down"
1.68498098275631e-06,-0.284493679561079,0.108,0.142,0.0316810124377841,"Naive B","CRY2","down"
3.21146758361363e-09,-0.284178183492708,0.038,0.059,6.03820135071034e-05,"Naive B","TBL2","down"
1.5027739174621e-12,-0.284037311473401,0.092,0.133,2.82551551961224e-08,"Naive B","ZFP90","down"
1.1777611353288e-13,-0.28384908020841,0.175,0.235,2.21442648664521e-09,"Naive B","WDR36","down"
3.02871557075868e-14,-0.283820514802544,0.094,0.135,5.69459101614046e-10,"Naive B","TMEM60","down"
2.02462380566716e-12,-0.283772963310643,0.06,0.094,3.80669767941539e-08,"Naive B","FAM228B","down"
4.40878584032827e-13,-0.283728822356457,0.061,0.091,8.28939913698522e-09,"Naive B","TMEM102","down"
1.65083904745392e-09,-0.283724431804045,0.051,0.075,3.10390757702287e-05,"Naive B","ATP8B1-AS1","down"
1.91532858967126e-11,-0.283313452539788,0.125,0.171,3.60120081429991e-07,"Naive B","CCDC88B","down"
3.39757832937706e-13,-0.283185674233099,0.063,0.094,6.38812677489476e-09,"Naive B","ANKRD46","down"
3.62153937334808e-32,-0.283129973387726,0.433,0.566,6.80921832976905e-28,"Naive B","AUP1","down"
1.71360852589997e-27,-0.282863768351341,0.151,0.225,3.22192675039711e-23,"Naive B","ANKH","down"
1.87351356837759e-10,-0.282843314668423,0.057,0.084,3.52258021126354e-06,"Naive B","DCAF17","down"
5.17986525601751e-15,-0.282808247682283,0.105,0.151,9.73918265436412e-11,"Naive B","MRPL19","down"
5.20735003539101e-19,-0.282763114105892,0.216,0.293,9.79085953654219e-15,"Naive B","AKT2","down"
5.14845793677352e-10,-0.282508147321008,0.068,0.096,9.68013061272157e-06,"Naive B","TMEM242","down"
2.24548384792523e-14,-0.282503709112635,0.079,0.117,4.22195873086901e-10,"Naive B","TSEN15","down"
3.22165302484616e-11,-0.282421284816407,0.077,0.111,6.05735201731574e-07,"Naive B","TANGO6","down"
9.30837703758463e-23,-0.282413745006608,0.16,0.23,1.75016105060666e-18,"Naive B","NIPSNAP2","down"
3.90674502393287e-11,-0.282378821603941,0.137,0.186,7.34546199399858e-07,"Naive B","PLAAT4","down"
4.75199349391813e-20,-0.282297214112232,0.366,0.472,8.93469816726487e-16,"Naive B","SUN2","down"
1.21256321909236e-23,-0.282263599484152,0.471,0.592,2.27986136453745e-19,"Naive B","HNRNPUL1","down"
1.51923192109898e-16,-0.282162702633137,0.078,0.116,2.8564598580503e-12,"Naive B","PIGH","down"
2.75152955855906e-10,-0.282133906334853,0.017,0.031,5.17342587600274e-06,"Naive B","PARP2","down"
4.27749325179928e-09,-0.282043789802689,0.083,0.116,8.04254281203301e-05,"Naive B","NBPF14","down"
5.36399219126983e-17,-0.282016863324233,0.712,0.795,1.00853781180255e-12,"Naive B","SUB1","down"
5.3265625540631e-07,-0.281985193668106,0.045,0.065,0.0100150029141494,"Naive B","PHAF1","down"
4.41019762282773e-11,-0.28196034334343,0.029,0.047,8.29205357044069e-07,"Naive B","ASNS","down"
1.97410603983419e-19,-0.281919814707744,0.553,0.664,3.71171417609625e-15,"Naive B","PGAM1","down"
5.42188775643223e-29,-0.281919317820931,0.313,0.425,1.01942333596439e-24,"Naive B","GNAI3","down"
1.47075122273606e-22,-0.281864546028037,0.161,0.231,2.76530644898834e-18,"Naive B","LONP2","down"
2.67386354704349e-16,-0.281703951568122,0.065,0.102,5.02739824115118e-12,"Naive B","PHF19","down"
1.44791091310615e-27,-0.281580427859199,0.208,0.298,2.72236209882219e-23,"Naive B","PLEKHJ1","down"
3.76182400180831e-09,-0.281518543890977,0.081,0.113,7.07298148819999e-05,"Naive B","NBPF15","down"
5.46206902197476e-24,-0.281341430540382,0.279,0.376,1.02697821751169e-19,"Naive B","TMED5","down"
1.60183607160073e-24,-0.281208029540081,0.244,0.337,3.01177218182369e-20,"Naive B","DNAJC10","down"
1.54914797005425e-27,-0.281152080579763,0.355,0.472,2.912708013296e-23,"Naive B","TM9SF2","down"
1.9429751224008e-15,-0.281123500419162,0.34,0.429,3.65318182513798e-11,"Naive B","IQSEC1","down"
9.88707538901463e-15,-0.281000957706331,0.103,0.148,1.85896791464253e-10,"Naive B","PPP1R8","down"
2.74984769065405e-18,-0.280809929103179,0.201,0.273,5.17026362796775e-14,"Naive B","PTOV1","down"
7.91007269589325e-20,-0.280777713457335,0.522,0.635,1.48725186828185e-15,"Naive B","LAT2","down"
2.4572299534603e-22,-0.280776968654991,0.392,0.506,4.62008375849606e-18,"Naive B","ARPC5L","down"
2.73876090484384e-14,-0.280677605738706,0.145,0.2,5.14941825328739e-10,"Naive B","C3orf38","down"
2.2019938451535e-14,-0.280214343108216,0.063,0.098,4.14018882765761e-10,"Naive B","DLAT","down"
1.8993678613302e-15,-0.280210866289521,0.084,0.124,3.57119145287305e-11,"Naive B","SUGP2","down"
3.57645875124026e-23,-0.280019727334308,0.195,0.274,6.72445774408193e-19,"Naive B","ATP5IF1","down"
5.29320976996315e-31,-0.280016545523973,0.492,0.629,9.95229300948472e-27,"Naive B","NDUFB9","down"
3.98261056123047e-32,-0.279955368010095,0.228,0.329,7.48810437722553e-28,"Naive B","ARL14EP","down"
1.7509596883119e-17,-0.279828099981009,0.134,0.19,3.29215440596404e-13,"Naive B","EEF1E1","down"
1.53046647841468e-17,-0.279593374917048,0.152,0.215,2.87758307271528e-13,"Naive B","PPIP5K2","down"
8.72309440579341e-10,-0.279546001091381,0.04,0.062,1.64011621017728e-05,"Naive B","IPO13","down"
4.97768754786839e-17,-0.279534697605934,0.111,0.16,9.35904812750215e-13,"Naive B","RPL23AP7","down"
8.25593611087166e-23,-0.27946646762024,0.167,0.239,1.55228110756609e-18,"Naive B","ZNHIT1","down"
1.7439366218397e-10,-0.279297988399976,0.049,0.073,3.278949636383e-06,"Naive B","YIPF2","down"
2.04709652198918e-16,-0.27894248609962,0.269,0.352,3.84895088064405e-12,"Naive B","CCDC47","down"
4.48455611083298e-12,-0.278794670654855,0.284,0.361,8.43186239958816e-08,"Naive B","NSMCE2","down"
6.24791422141117e-18,-0.278605166340348,0.207,0.284,1.17473283190973e-13,"Naive B","DANCR","down"
2.08588772361334e-09,-0.278595218139628,0.081,0.112,3.92188609793779e-05,"Naive B","CZIB","down"
2.18708948390636e-20,-0.278459700519742,0.124,0.182,4.11216564764074e-16,"Naive B","PGGT1B","down"
1.26675019763046e-19,-0.278375043058051,0.219,0.297,2.3817437215848e-15,"Naive B","RNGTT","down"
4.45764749084069e-10,-0.278351429239245,0.118,0.159,8.38126881227866e-06,"Naive B","NBPF26","down"
3.2789412231688e-14,-0.278245350199188,0.124,0.174,6.16506528780199e-10,"Naive B","EEFSEC","down"
3.88535312551317e-14,-0.278192384199065,0.539,0.634,7.30524094658987e-10,"Naive B","MYCBP2","down"
1.62893358152032e-10,-0.277893358137038,0.122,0.165,3.0627209199745e-06,"Naive B","SPRING1","down"
1.24348351466273e-07,-0.277848824949178,0.046,0.067,0.00233799770426887,"Naive B","OGFOD3","down"
2.83504422110817e-12,-0.277825168782143,0.11,0.153,5.33045014452758e-08,"Naive B","PDE12","down"
2.61810390192743e-22,-0.277572387014437,0.129,0.189,4.92255895640395e-18,"Naive B","OSTM1","down"
3.27509045080503e-15,-0.277513187275209,0.165,0.225,6.15782506560361e-11,"Naive B","MCRIP1","down"
2.44089637458044e-06,-0.277312753264006,0.083,0.111,0.0458937336348614,"Naive B","PARP11","down"
3.76784327632035e-08,-0.27728814965331,0.091,0.123,0.000708429892813752,"Naive B","SLC23A2","down"
8.55284225786019e-09,-0.277100626084193,0.064,0.091,0.000160810540132287,"Naive B","BLTP3A","down"
1.05361643122832e-21,-0.27701936107002,0.145,0.209,1.98100961399548e-17,"Naive B","VPS26C","down"
2.89229957475711e-24,-0.276931447657145,0.561,0.683,5.43810166045832e-20,"Naive B","MOB1A","down"
3.8722163190906e-11,-0.276883640628052,0.038,0.061,7.28054112315414e-07,"Naive B","ANXA2R-OT1","down"
1.45439941776871e-11,-0.276811986697107,0.109,0.152,2.73456178528873e-07,"Naive B","RNF130","down"
2.99659314299032e-13,-0.276684799868785,0.082,0.119,5.63419442745039e-09,"Naive B","SCAMP4","down"
1.36361249679858e-12,-0.276679270440333,0.101,0.148,2.56386421648069e-08,"Naive B","FAM43A","down"
7.58770354357464e-13,-0.276285618825687,0.186,0.245,1.4266400202629e-08,"Naive B","UBR3","down"
8.52358155157586e-10,-0.276267290575315,0.115,0.156,1.60260380332729e-05,"Naive B","PYROXD1","down"
1.02363767303423e-09,-0.276232209367632,0.065,0.094,1.92464355283897e-05,"Naive B","TRAPPC13","down"
3.03050333332393e-20,-0.276210301619724,0.503,0.616,5.69795236731565e-16,"Naive B","CDK17","down"
2.9122072588535e-15,-0.276177477343129,0.148,0.204,5.47553208809636e-11,"Naive B","CTDSP2","down"
2.32669804176904e-20,-0.27614454949005,0.209,0.286,4.37465765813416e-16,"Naive B","SYVN1","down"
1.82207006704403e-23,-0.276042371296711,0.129,0.192,3.42585614005619e-19,"Naive B","BLTP2","down"
5.69155725337929e-22,-0.275993492132712,0.208,0.289,1.07012659478037e-17,"Naive B","REPIN1","down"
7.18363239336854e-24,-0.275960254636785,0.394,0.509,1.35066656260115e-19,"Naive B","KDM2A","down"
1.25405515385719e-21,-0.275778673889064,0.172,0.246,2.35787450028229e-17,"Naive B","RRP36","down"
4.30971159770461e-29,-0.275726312108015,0.257,0.357,8.10311974600422e-25,"Naive B","WAS","down"
7.5348106199251e-10,-0.27548252385314,0.025,0.042,1.41669509275832e-05,"Naive B","CARM1","down"
1.36128785584725e-15,-0.274900818981501,0.126,0.177,2.559493426564e-11,"Naive B","RPIA","down"
2.87587399693008e-07,-0.274878216337664,0.041,0.06,0.00540721828902794,"Naive B","ENSG00000290872","down"
8.52447458859731e-28,-0.274735445540768,0.176,0.253,1.60277171214807e-23,"Naive B","LAMTOR2","down"
4.88250297094164e-24,-0.274581236531215,0.319,0.426,9.18008208596448e-20,"Naive B","PRMT2","down"
6.73793573522269e-11,-0.274523261958361,0.043,0.068,1.26686667693657e-06,"Naive B","DENND10","down"
7.38022248614575e-07,-0.274505130011581,0.024,0.039,0.0138762943184512,"Naive B","FASN","down"
3.37779247371436e-27,-0.274174023584,0.164,0.239,6.35092540907774e-23,"Naive B","BRIX1","down"
5.66870168439635e-18,-0.274139786393402,0.191,0.262,1.0658292907002e-13,"Naive B","UBE2E3","down"
7.04750737067155e-30,-0.274113139793523,0.189,0.274,1.32507233583367e-25,"Naive B","NDUFB7","down"
1.04910085190448e-25,-0.274032639508597,0.148,0.215,1.9725194217508e-21,"Naive B","MFSD5","down"
4.13930426140882e-26,-0.273780198685135,0.347,0.46,7.78271987230087e-22,"Naive B","SYNCRIP","down"
3.17092551393789e-28,-0.273757668838583,0.293,0.402,5.96197415130602e-24,"Naive B","IMP3","down"
7.71700610122342e-19,-0.273731176938835,0.105,0.156,1.45095148715203e-14,"Naive B","POLR2H","down"
1.90400546194858e-08,-0.273672268137689,0.059,0.084,0.000357991106955573,"Naive B","TCP11L1","down"
5.50819384031985e-10,-0.273024754001179,0.034,0.054,1.03565060585694e-05,"Naive B","TSEN2","down"
3.6496683797009e-13,-0.272994309046264,0.065,0.099,6.86210648751363e-09,"Naive B","PLGRKT","down"
2.83619994086055e-10,-0.272906811717543,0.081,0.115,5.332623128806e-06,"Naive B","UBXN2B","down"
2.58897112946646e-18,-0.272787863371875,0.337,0.434,4.86778351762283e-14,"Naive B","LBR","down"
4.51207212347101e-18,-0.272631273161046,0.495,0.602,8.48359800655019e-14,"Naive B","STAT3","down"
2.02977180109061e-30,-0.272482624837209,0.353,0.474,3.81637694041056e-26,"Naive B","MCUB","down"
1.50810020377515e-20,-0.272340150334622,0.166,0.235,2.83553000313803e-16,"Naive B","GRPEL1","down"
3.02469732448897e-18,-0.272340106257949,0.248,0.331,5.68703590950416e-14,"Naive B","PTEN","down"
1.65113955215276e-21,-0.272323669779398,0.151,0.218,3.10447258595761e-17,"Naive B","KLHL18","down"
1.87069326446381e-16,-0.272250975680387,0.15,0.207,3.51727747584486e-12,"Naive B","MRPL16","down"
4.95161753702351e-26,-0.272139502636917,0.198,0.282,9.3100312931116e-22,"Naive B","ACBD6","down"
5.57347051387259e-11,-0.271995828002927,0.149,0.201,1.04792392601832e-06,"Naive B","GPHN","down"
1.16194319034088e-24,-0.271878731495997,0.215,0.299,2.18468558647892e-20,"Naive B","CIAO1","down"
5.91816057844813e-11,-0.271858059753744,0.353,0.431,1.11273255195982e-06,"Naive B","TET2","down"
1.2461125189276e-16,-0.271610578854732,0.128,0.181,2.34294075808767e-12,"Naive B","DPP9","down"
7.05444092007401e-24,-0.271588351580021,0.151,0.216,1.32637598179232e-19,"Naive B","SLC25A39","down"
2.52728064705306e-14,-0.27127341075894,0.093,0.134,4.75179307258917e-10,"Naive B","SNX11","down"
8.87236486682605e-07,-0.271152630366941,0.103,0.136,0.0166818204226063,"Naive B","ANGPTL1","down"
4.20585828722661e-40,-0.271118528228417,0.485,0.635,7.90785475164348e-36,"Naive B","WDR83OS","down"
9.78470160684069e-09,-0.271040563992266,0.048,0.072,0.000183971959611819,"Naive B","DNAL1","down"
1.2913641575077e-22,-0.270906344416498,0.794,0.873,2.42802288894597e-18,"Naive B","MYL12A","down"
3.28526299622343e-28,-0.27087968459649,0.334,0.448,6.17695148549929e-24,"Naive B","SEM1","down"
1.41375461309948e-09,-0.270808658063684,0.065,0.093,2.65814142354965e-05,"Naive B","EDEM2","down"
1.62568621950799e-12,-0.270704075793006,0.072,0.106,3.05661522991891e-08,"Naive B","PACC1","down"
7.83018589955828e-12,-0.270620815948666,0.081,0.116,1.47223155283495e-07,"Naive B","SIDT2","down"
1.23666282461286e-45,-0.270595012686176,0.967,0.985,2.32517344283711e-41,"Naive B","HLA-E","down"
3.64629292124294e-07,-0.270558325639865,0.017,0.029,0.00685575995052097,"Naive B","ZBTB14","down"
3.53883327088076e-16,-0.270501774681078,0.131,0.184,6.65371431591001e-12,"Naive B","NAA60","down"
1.271614604647e-08,-0.270498796534306,0.058,0.083,0.000239088977965729,"Naive B","AGO1","down"
8.6774471389595e-15,-0.270379920100541,0.09,0.132,1.63153361106716e-10,"Naive B","UTP25","down"
4.97131551777531e-08,-0.27033929492546,0.035,0.053,0.000934706743652114,"Naive B","ADAT1","down"
1.1771503971779e-11,-0.270311114594733,0.148,0.197,2.21327817677388e-07,"Naive B","ASCC2","down"
1.97534982811444e-18,-0.270175898509693,0.15,0.211,3.71405274682076e-14,"Naive B","PRDX3","down"
2.80707258771938e-10,-0.270002084832289,0.06,0.089,5.27785787942997e-06,"Naive B","GLIPR2","down"
1.1938648493355e-13,-0.269986605644232,0.129,0.178,2.24470468972061e-09,"Naive B","SNX4","down"
3.63867467985207e-17,-0.26982268463758,0.095,0.138,6.84143613305786e-13,"Naive B","TAF6","down"
1.87720209861215e-26,-0.269747186627005,0.308,0.413,3.52951538581057e-22,"Naive B","TMEM9B","down"
2.45449918582419e-13,-0.269735463944792,0.093,0.134,4.61494936918663e-09,"Naive B","CROCCP2","down"
6.35810244114132e-26,-0.26973482425008,0.202,0.285,1.19545042098339e-21,"Naive B","VPS36","down"
7.78102720710087e-15,-0.269487813283138,0.091,0.133,1.46298873547911e-10,"Naive B","PEX3","down"
1.62825994511626e-28,-0.269334221573076,0.598,0.728,3.06145434880759e-24,"Naive B","COX6C","down"
4.36102905019391e-24,-0.269273602263515,0.741,0.84,8.19960682017459e-20,"Naive B","GRB2","down"
1.8648793038643e-24,-0.269269618469853,0.156,0.227,3.50634606712565e-20,"Naive B","FARSA","down"
1.25894749699987e-12,-0.2691760409642,0.049,0.075,2.36707308385916e-08,"Naive B","HDGFL2","down"
4.77748814116091e-25,-0.268987697550472,0.491,0.615,8.98263320301075e-21,"Naive B","ATP6V0B","down"
1.5040021743449e-10,-0.268942184559162,0.081,0.116,2.82782488820329e-06,"Naive B","SNAPC3","down"
2.90206615145391e-17,-0.268918166415349,0.145,0.204,5.45646477796363e-13,"Naive B","CSTPP1","down"
2.18041426274774e-06,-0.26870642807372,0.025,0.038,0.040996148968183,"Naive B","C17orf75","down"
9.50513677688954e-27,-0.268313696749031,0.208,0.294,1.78715581679077e-22,"Naive B","PURA","down"
4.41795552662319e-08,-0.268222081563666,0.077,0.108,0.000830663998115693,"Naive B","MEGF9","down"
4.04255179678883e-17,-0.268182537965921,0.07,0.107,7.60080588832237e-13,"Naive B","SNX12","down"
1.47464549590399e-22,-0.268131351749347,0.146,0.211,2.77262846139869e-18,"Naive B","RNF11","down"
1.11073953293438e-12,-0.267858807560295,0.082,0.119,2.08841246982323e-08,"Naive B","BLMH","down"
3.95188674944678e-07,-0.267522447695145,0.041,0.06,0.00743033746630983,"Naive B","PLXNA3","down"
9.00187314202756e-26,-0.267517803854132,0.23,0.319,1.69253218816402e-21,"Naive B","NSD1","down"
1.0283413882222e-30,-0.267475797293236,0.54,0.675,1.93348747813538e-26,"Naive B","GNB2","down"
7.77041144184524e-26,-0.267320677530525,0.289,0.391,1.46099275929574e-21,"Naive B","NAGK","down"
2.05998701766421e-22,-0.267300727760537,0.4,0.512,3.87318759061225e-18,"Naive B","PPP3CC","down"
3.42480510628216e-17,-0.267145694427199,0.143,0.199,6.43931856083171e-13,"Naive B","TVP23B","down"
1.25635308875156e-09,-0.26710205143804,0.042,0.066,2.36219507747069e-05,"Naive B","SLX9","down"
4.21250215653719e-10,-0.267070939509761,0.092,0.126,7.92034655472122e-06,"Naive B","SKIC8","down"
7.74486474011174e-16,-0.267043330613946,0.099,0.143,1.45618946843581e-11,"Naive B","SURF6","down"
1.79429598212066e-17,-0.267015621011834,0.573,0.677,3.37363530558326e-13,"Naive B","ORAI2","down"
6.24011214528538e-16,-0.266974903558391,0.109,0.156,1.17326588555656e-11,"Naive B","KMT5A","down"
7.35039401431768e-15,-0.266945244384519,0.097,0.138,1.38202108257201e-10,"Naive B","CTU1","down"
2.26754492057488e-15,-0.266940701617128,0.623,0.717,4.26343795966489e-11,"Naive B","WSB1","down"
8.93071871263045e-17,-0.266813867541375,0.346,0.44,1.67915373234878e-12,"Naive B","SSB","down"
3.76609629204927e-18,-0.266785125177225,0.432,0.538,7.08101424831104e-14,"Naive B","NAA50","down"
3.80649081232657e-07,-0.266758349602271,0.034,0.05,0.00715696402533642,"Naive B","MTPAP","down"
1.25936567742304e-12,-0.266715696732094,0.069,0.102,2.36785934669081e-08,"Naive B","CINP","down"
8.41559147174385e-35,-0.266633967034022,0.297,0.41,1.58229950851728e-30,"Naive B","OGFR","down"
8.10964638384044e-08,-0.266475038328875,0.021,0.035,0.00152477571308968,"Naive B","TEX22","down"
8.46892627983056e-22,-0.266205349200542,0.374,0.481,1.59232751913374e-17,"Naive B","PEBP1","down"
9.2684028897083e-11,-0.266201804766428,0.08,0.113,1.74264511132296e-06,"Naive B","UQCC4","down"
8.97818566465032e-12,-0.266183105557438,0.419,0.504,1.68807846866755e-07,"Naive B","MALT1","down"
1.53160222656072e-16,-0.266160585404297,0.134,0.187,2.87971850637947e-12,"Naive B","MTG1","down"
1.45695612617674e-08,-0.266043745396744,0.053,0.076,0.00027393689084375,"Naive B","TMEM185B","down"
6.94759379462025e-09,-0.265806402837045,0.066,0.092,0.00013062865852645,"Naive B","C2orf69","down"
2.82240365007544e-19,-0.265694591846657,0.639,0.743,5.30668334287185e-15,"Naive B","UBE2I","down"
1.59627180411906e-28,-0.265686369169506,0.181,0.263,3.00131024610466e-24,"Naive B","COA4","down"
1.10191178400003e-10,-0.265680268782354,0.26,0.327,2.07181453627686e-06,"Naive B","WDR43","down"
3.78054717149199e-09,-0.265413413046589,0.046,0.067,7.10818479183924e-05,"Naive B","CAPN15","down"
1.13746094420081e-15,-0.265340955911757,0.088,0.13,2.13865406728635e-11,"Naive B","MTRR","down"
2.20863822929159e-13,-0.265133937090338,0.099,0.142,4.15268159871404e-09,"Naive B","GCLM","down"
3.37810427709262e-18,-0.265023985176605,0.125,0.179,6.35151166178954e-14,"Naive B","DDX1","down"
1.20543240760349e-22,-0.26501719177783,0.209,0.289,2.26645401277608e-18,"Naive B","ENSG00000291136","down"
2.10013509283442e-11,-0.265004082137538,0.11,0.151,3.94867400154728e-07,"Naive B","ENSG00000290832","down"
1.03435209524157e-08,-0.264999739868139,0.111,0.15,0.00019447888094732,"Naive B","ZNF33B","down"
1.35003002744426e-13,-0.264963889721788,0.124,0.172,2.53832645760069e-09,"Naive B","VPS35L","down"
4.53715435849727e-07,-0.264932090501249,0.026,0.041,0.00853075762484657,"Naive B","GLIDR","down"
8.36299568917539e-13,-0.264919302748072,0.64,0.724,1.57241044947876e-08,"Naive B","SERPINB9","down"
4.13157085031858e-17,-0.264893967908524,0.096,0.141,7.76817951276899e-13,"Naive B","TPGS2","down"
2.20637437856448e-21,-0.264751790110005,0.292,0.386,4.14842510657693e-17,"Naive B","CDC40","down"
6.02625936264311e-14,-0.26473605030923,0.145,0.2,1.13305728536416e-09,"Naive B","SLC25A24","down"
1.79218380936429e-14,-0.264676248490904,0.102,0.144,3.36966399836674e-10,"Naive B","RUVBL1","down"
2.91896407296664e-13,-0.264596116710869,0.175,0.235,5.48823624999188e-09,"Naive B","TBCK","down"
2.41695886047939e-13,-0.264486625223869,0.14,0.195,4.54436604947334e-09,"Naive B","AKAP10","down"
1.42408637988649e-20,-0.264196220540557,0.163,0.229,2.67756721146258e-16,"Naive B","CSNK1G1","down"
9.38912156181125e-19,-0.263882572281879,0.658,0.759,1.76534263605175e-14,"Naive B","GDI2","down"
1.9544662048641e-20,-0.263836322300731,0.375,0.479,3.67478735838548e-16,"Naive B","C1QBP","down"
1.33383209539178e-07,-0.263675032332794,0.055,0.079,0.00250787110575563,"Naive B","PRR3","down"
1.15950927395037e-08,-0.263627377016779,0.092,0.126,0.000218010933688149,"Naive B","GALNT11","down"
4.56385942699827e-19,-0.263471459725859,0.098,0.147,8.58096849464215e-15,"Naive B","TTC13","down"
1.80523007114856e-17,-0.263332543433288,0.101,0.147,3.39419357977351e-13,"Naive B","TBC1D10B","down"
2.419606774348e-07,-0.263265246015509,0.035,0.052,0.0045493446571291,"Naive B","ENSG00000291220","down"
4.26394085309483e-11,-0.262964974731434,0.045,0.068,8.01706159198889e-07,"Naive B","PUS1","down"
5.24589479669065e-17,-0.262746286621751,0.122,0.173,9.86333139673777e-13,"Naive B","GNL3L","down"
9.72048578885195e-10,-0.262680574662812,0.128,0.17,1.82764573801994e-05,"Naive B","RMND5B","down"
9.09596810243684e-08,-0.262544956800079,0.029,0.045,0.00171022392262017,"Naive B","SLC29A3","down"
2.22926866824734e-18,-0.262461957742028,0.083,0.126,4.19147095003866e-14,"Naive B","CRTAP","down"
2.31261952110243e-15,-0.262327257561213,0.095,0.137,4.34818722357679e-11,"Naive B","COMMD9","down"
2.53947418530238e-10,-0.262254461674414,0.083,0.115,4.77471936320553e-06,"Naive B","COPS7B","down"
5.89288869247099e-21,-0.261969874842284,0.083,0.126,1.1079809319584e-16,"Naive B","TTC4","down"
2.22462967078155e-19,-0.261963518572085,0.133,0.192,4.18274870700347e-15,"Naive B","RPRD1A","down"
6.55256890784734e-17,-0.261955176661589,0.283,0.369,1.23201400605346e-12,"Naive B","GIT2","down"
1.93095414677704e-11,-0.261676586015935,0.063,0.093,3.63057998677019e-07,"Naive B","AMMECR1L","down"
1.42523313278608e-06,-0.261672089977609,0.044,0.063,0.0267972333626438,"Naive B","SSH1","down"
4.29489893627e-30,-0.261653833050432,0.899,0.947,8.07526897997485e-26,"Naive B","ARPC2","down"
6.6490463096887e-19,-0.261452398542359,0.207,0.284,1.25015368714767e-14,"Naive B","RPS6KC1","down"
2.376035502186e-15,-0.261448536977642,0.104,0.148,4.46742195121013e-11,"Naive B","STAU2","down"
2.21721422142614e-07,-0.261429141024376,0.038,0.056,0.00416880617912543,"Naive B","KCTD2","down"
5.6906279295148e-21,-0.261363053676329,0.191,0.265,1.06995186330737e-16,"Naive B","AEBP2","down"
4.01656632156862e-13,-0.261277848524065,0.064,0.098,7.55194799781333e-09,"Naive B","ANKRD36B","down"
2.17078550231018e-11,-0.261165539036007,0.096,0.134,4.08151090144361e-07,"Naive B","TCEA2","down"
7.4132015498277e-27,-0.261112210342948,0.169,0.243,1.3938301553986e-22,"Naive B","TMEM147","down"
9.78872073395223e-32,-0.261064297337745,0.479,0.614,1.8404752723977e-27,"Naive B","SSU72","down"
1.60130547605554e-13,-0.260967812026545,0.077,0.112,3.01077455607963e-09,"Naive B","ERI3","down"
2.38463800259134e-06,-0.260850694098742,0.046,0.066,0.0448359637247224,"Naive B","TSNARE1","down"
5.58475345938513e-22,-0.260707249530302,0.171,0.241,1.05004534543359e-17,"Naive B","NDUFAF8","down"
2.19234779238953e-13,-0.260677010033301,0.041,0.065,4.12205231925079e-09,"Naive B","VPS52","down"
2.37309680939762e-09,-0.260652716758367,0.058,0.085,4.46189662102941e-05,"Naive B","SMG9","down"
5.00533024021108e-17,-0.260636921658672,0.185,0.26,9.41102191764488e-13,"Naive B","MIR23AHG","down"
2.27147658441538e-20,-0.260381025176306,0.086,0.133,4.27083027401779e-16,"Naive B","LCMT1","down"
6.07202914134387e-16,-0.260228062816536,0.139,0.194,1.14166291915547e-11,"Naive B","WDR37","down"
2.62676025353505e-09,-0.260159027167683,0.074,0.104,4.93883462869661e-05,"Naive B","ZNF780B","down"
1.59890236630909e-19,-0.260045480653959,0.726,0.817,3.00625622913435e-15,"Naive B","SEC61B","down"
2.38636349591097e-11,-0.25997839008504,0.067,0.096,4.48684064501181e-07,"Naive B","MAK16","down"
2.13959139104248e-15,-0.259931896142854,0.135,0.187,4.02285973343807e-11,"Naive B","SYMPK","down"
2.28060556876597e-17,-0.259742050807035,0.663,0.759,4.28799459039378e-13,"Naive B","ALDOA","down"
2.61348453697975e-10,-0.259467688699634,0.107,0.148,4.91387362642933e-06,"Naive B","ZBTB18","down"
2.32954570563942e-21,-0.259439283849721,0.318,0.417,4.38001183574324e-17,"Naive B","AMZ2","down"
3.21534787976041e-29,-0.25939790922244,0.16,0.235,6.04549708352553e-25,"Naive B","TRIM27","down"
8.50701912054807e-17,-0.259345797532122,0.18,0.246,1.59948973504545e-12,"Naive B","PHF14","down"
4.87310354470745e-23,-0.259095613456482,0.375,0.485,9.16240928475895e-19,"Naive B","ELK3","down"
6.27380700022647e-07,-0.258922735780402,0.022,0.035,0.0117960119218258,"Naive B","ISOC2","down"
2.71156755372896e-21,-0.25879232531725,0.295,0.39,5.09828931452119e-17,"Naive B","REST","down"
5.80981422310484e-17,-0.258706676912147,0.114,0.163,1.09236127022817e-12,"Naive B","GOLGA3","down"
8.47926358512215e-09,-0.258700473528304,0.089,0.121,0.000159427113927467,"Naive B","KANSL3","down"
7.40288672453571e-18,-0.258665326594406,0.247,0.325,1.3918907619472e-13,"Naive B","ADD3","down"
1.1539471176902e-15,-0.258619485109119,0.14,0.195,2.16965137068112e-11,"Naive B","EDEM3","down"
2.00096171625997e-19,-0.258581098434427,0.066,0.104,3.76220821891199e-15,"Naive B","AGA","down"
1.51696885297152e-21,-0.258537098286838,0.245,0.328,2.85220483735705e-17,"Naive B","ARHGAP4","down"
8.10538587623109e-22,-0.258536762404406,0.121,0.178,1.52397465244897e-17,"Naive B","VPS33A","down"
7.29947525042488e-13,-0.258356890168936,0.172,0.228,1.37244733658489e-08,"Naive B","EZH1","down"
1.72417397109399e-06,-0.258130907654999,0.036,0.052,0.0324179190045092,"Naive B","ZCCHC4","down"
2.28648995979729e-08,-0.258129491723597,0.044,0.065,0.000429905842241086,"Naive B","CCDC86","down"
3.98622692666739e-30,-0.258128538058181,0.333,0.446,7.49490386752003e-26,"Naive B","TRAPPC1","down"
7.12213415448077e-09,-0.258085077056279,0.062,0.087,0.000133910366372547,"Naive B","TYW5","down"
1.10597441417864e-21,-0.258074924670243,0.504,0.619,2.07945309353868e-17,"Naive B","CNPPD1","down"
2.36068516262414e-06,-0.258060235304632,0.021,0.033,0.0443856024276591,"Naive B","WDCP","down"
5.82316008618807e-10,-0.258033543215966,0.081,0.113,1.09487055940508e-05,"Naive B","KIF27","down"
5.43961909115874e-22,-0.257864512525583,0.374,0.481,1.02275718151967e-17,"Naive B","CSK","down"
8.91659100338429e-16,-0.2575601404021,0.112,0.16,1.67649744045631e-11,"Naive B","DDX19B","down"
2.44028591417271e-17,-0.257399249029829,0.074,0.113,4.58822557582753e-13,"Naive B","SPATA2L","down"
2.82806571952986e-12,-0.257344174219662,0.085,0.123,5.31732916586004e-08,"Naive B","CALU","down"
2.65882278691664e-25,-0.25733806090995,0.266,0.358,4.99911860396067e-21,"Naive B","TMUB1","down"
7.90841061502477e-22,-0.257288086274194,0.244,0.331,1.48693936383696e-17,"Naive B","ZNG1E","down"
2.6349860068793e-27,-0.257261306205766,0.12,0.183,4.95430069013447e-23,"Naive B","UBALD1","down"
7.39153502993449e-19,-0.256974071873624,0.123,0.175,1.38975641632828e-14,"Naive B","FAM199X","down"
1.36476792432324e-28,-0.256963543845344,0.221,0.313,2.56603665131256e-24,"Naive B","MRPL15","down"
1.24201118655257e-14,-0.256847512790368,0.116,0.161,2.33522943295615e-10,"Naive B","SMG5","down"
6.94140636738628e-07,-0.256811841611385,0.042,0.06,0.0130512322519597,"Naive B","JOSD2","down"
6.57900419687909e-21,-0.256795668746464,0.179,0.249,1.23698436909721e-16,"Naive B","VPS13D","down"
1.74443152719512e-07,-0.256791603174964,0.046,0.066,0.00327988015743227,"Naive B","TTC31","down"
4.25968667702128e-11,-0.256682136967302,0.068,0.099,8.0090628901354e-07,"Naive B","AK3","down"
2.37027456050527e-06,-0.256669439447211,0.035,0.051,0.0445659022866201,"Naive B","DHX34","down"
4.05764134522142e-14,-0.256643913051457,0.091,0.131,7.62917725728531e-10,"Naive B","ZRANB3","down"
1.82614786046084e-08,-0.256357243706097,0.047,0.068,0.000343352320723848,"Naive B","ETHE1","down"
2.91537193588584e-19,-0.25618152983326,0.174,0.239,5.48148231385256e-15,"Naive B","PPP2R5A","down"
9.43035162620125e-30,-0.256178006132616,0.205,0.294,1.77309471275836e-25,"Naive B","TTC1","down"
1.44487003905651e-23,-0.256166535379076,0.148,0.211,2.71664464743406e-19,"Naive B","MRPL36","down"
1.32204677911272e-10,-0.255904561442013,0.137,0.182,2.48571235408774e-06,"Naive B","ANKRD49","down"
1.67838683526785e-18,-0.255565892781288,0.167,0.232,3.1557029276706e-14,"Naive B","SYNE3","down"
1.15817272843891e-12,-0.255558083249045,0.063,0.092,2.17759636401083e-08,"Naive B","FDX2","down"
5.71869009210192e-21,-0.255300426453337,0.155,0.219,1.075228111117e-16,"Naive B","EBNA1BP2","down"
5.07958316642061e-16,-0.255202957744645,0.097,0.14,9.55063226950403e-12,"Naive B","TRMT11","down"
9.64334865448033e-12,-0.255171177385374,0.129,0.176,1.81314241401539e-07,"Naive B","TSR1","down"
1.38301123737359e-22,-0.254716780834855,0.603,0.719,2.60033772850983e-18,"Naive B","CAPZB","down"
1.2564334376351e-19,-0.254679342294314,0.104,0.152,2.36234614944151e-15,"Naive B","CTDP1","down"
9.0489120944624e-21,-0.254616606471713,0.164,0.229,1.70137645200082e-16,"Naive B","NFATC2IP","down"
4.50700845122174e-09,-0.254567403327208,0.071,0.099,8.47407728998712e-05,"Naive B","RABL3","down"
1.23258949353762e-17,-0.254308256885487,0.13,0.183,2.31751476574942e-13,"Naive B","TMED8","down"
4.8194030738389e-20,-0.254270516723411,0.201,0.274,9.0614416594319e-16,"Naive B","TAP2","down"
2.90426566287073e-18,-0.254222611152409,0.134,0.188,5.46060029932954e-14,"Naive B","FASTKD2","down"
1.67175049624395e-17,-0.254200867634211,0.346,0.441,3.14322528303787e-13,"Naive B","SREBF2","down"
3.46968693117697e-18,-0.254128607436197,0.352,0.45,6.52370536799894e-14,"Naive B","SMC6","down"
7.36489347714165e-10,-0.254040267608368,0.353,0.427,1.38474727157217e-05,"Naive B","SPTBN1","down"
6.49149829151733e-09,-0.253650012848792,0.076,0.106,0.000122053150877109,"Naive B","CHIC1","down"
6.55439444500272e-18,-0.253473052446833,0.073,0.111,1.23235724354941e-13,"Naive B","POLR1B","down"
8.73590722020388e-17,-0.253293599827568,0.162,0.222,1.64252527554273e-12,"Naive B","GNPTG","down"
9.13638272055968e-07,-0.253259547460255,0.052,0.072,0.0171782267911963,"Naive B","SCAI","down"
4.6779004265557e-22,-0.253212099974902,0.259,0.348,8.79538838201003e-18,"Naive B","IWS1","down"
1.43466864655197e-10,-0.253189655810544,0.115,0.157,2.69746398924701e-06,"Naive B","CCDC191","down"
9.39329131361763e-19,-0.253137821038407,0.193,0.261,1.76612663278639e-14,"Naive B","DIDO1","down"
5.14125094209141e-13,-0.253026415335188,0.511,0.601,9.66658002132027e-09,"Naive B","NOP58","down"
2.08002356456157e-15,-0.253008776725981,0.144,0.197,3.91086030608866e-11,"Naive B","NDUFS4","down"
1.76617084598135e-15,-0.252943975616266,0.121,0.171,3.32075442461413e-11,"Naive B","ANKMY1","down"
3.08446601384692e-18,-0.252763624820481,0.104,0.153,5.79941299923499e-14,"Naive B","SLC39A6","down"
2.97718865530916e-07,-0.252734938393147,0.046,0.066,0.00559771010971229,"Naive B","MRPL35","down"
2.84960573523013e-09,-0.252662126891614,0.112,0.148,5.35782870337969e-05,"Naive B","SPIN1","down"
5.08703536249201e-10,-0.252585422200553,0.064,0.091,9.56464388855747e-06,"Naive B","NAGPA","down"
7.83804927312672e-19,-0.25256722622272,0.104,0.152,1.47371002433329e-14,"Naive B","NAT10","down"
1.45216648285202e-25,-0.252538836583379,0.201,0.283,2.73036342105837e-21,"Naive B","OPA1","down"
5.6153440774054e-19,-0.252436070213722,0.161,0.221,1.05579699343376e-14,"Naive B","RABIF","down"
3.03774846526661e-18,-0.252355949232263,0.118,0.17,5.71157466439428e-14,"Naive B","TRIM56","down"
5.34443370377545e-08,-0.252272824825279,0.067,0.095,0.00100486042498386,"Naive B","ZMAT3","down"
1.67411839637249e-17,-0.252258081961434,0.21,0.281,3.14767740885955e-13,"Naive B","SLK","down"
2.61681227370025e-07,-0.252155451485569,0.068,0.094,0.00492013043701121,"Naive B","BMAL1","down"
1.96621537589847e-10,-0.252096349092901,0.029,0.047,3.6968781497643e-06,"Naive B","RPP14","down"
3.88315851647653e-16,-0.252012006731368,0.15,0.204,7.30111464267917e-12,"Naive B","IFT25","down"
2.27623673603464e-17,-0.251908146127848,0.292,0.377,4.27978031109233e-13,"Naive B","NOTCH2","down"
6.29410704391279e-21,-0.251865001314357,0.148,0.211,1.18341800639648e-16,"Naive B","EGLN1","down"
2.22296025999782e-08,-0.251661193733095,0.034,0.053,0.00041796098808479,"Naive B","GNPNAT1","down"
3.53274152585515e-12,-0.251366517122966,0.329,0.409,6.64226061691286e-08,"Naive B","TUBA1C","down"
3.93390119242327e-21,-0.251362215376252,0.259,0.347,7.39652102199423e-17,"Naive B","RNF5","down"
3.05363339689027e-12,-0.251349979823622,0.066,0.095,5.74144151283308e-08,"Naive B","CHMP6","down"
3.47216484883609e-21,-0.251326184041239,0.206,0.282,6.52836434878162e-17,"Naive B","CCDC85B","down"
1.80534266376564e-16,-0.251146492974733,0.114,0.16,3.39440527641215e-12,"Naive B","ZGPAT","down"
2.48897752574626e-12,-0.251098946210093,0.057,0.087,4.67977554390812e-08,"Naive B","PLIN3","down"
4.72881687152753e-19,-0.250957028126387,0.157,0.221,8.89112148184607e-15,"Naive B","ISG20L2","down"
5.55072484212323e-08,-0.250837423204518,0.027,0.041,0.00104364728481601,"Naive B","ZSCAN22","down"
1.5384359078642e-25,-0.250776265122259,0.275,0.373,2.89256719396627e-21,"Naive B","RTN3","down"
4.22975649920852e-07,-0.250707721875432,0.037,0.054,0.00795278816981185,"Naive B","NLE1","down"
5.13014066877735e-11,-0.250660372045378,0.103,0.141,9.64569048543518e-07,"Naive B","TMEM267","down"
3.69266184479859e-21,-0.250640979604822,0.374,0.478,6.94294280059031e-17,"Naive B","SMARCC1","down"
2.89953071621989e-13,-0.250607621351643,0.037,0.06,5.45169765263664e-09,"Naive B","ENPP4","down"
2.53770050872111e-09,-0.25054152694366,0.052,0.076,4.77138449649743e-05,"Naive B","SRRD","down"
1.80043603671486e-07,-0.250521512574558,0.029,0.044,0.00338517983623128,"Naive B","LLGL2","down"
1.75343831023669e-17,-0.25048331469039,0.736,0.822,3.29681471090703e-13,"Naive B","PTPRCAP","down"
2.35567592702464e-15,-0.25043605873457,0.1,0.144,4.42914187799173e-11,"Naive B","PEX14","down"
2.36188291093982e-30,-0.250347166792655,0.28,0.384,4.44081224914905e-26,"Naive B","HSBP1","down"
