"p_val","avg_log2FC","pct.1","pct.2","p_val_adj","cluster","gene","direction"
6.24008846633801e-24,-7.71543515894247,0,0.084,1.17326143344087e-19,"Atypical B (ABC/DN2)","ENSG00000224610","down"
1.167809264424e-25,-6.91289582250532,0,0.09,2.19571497897e-21,"Atypical B (ABC/DN2)","DSP","down"
6.67492985626827e-32,-6.19754161158554,0.005,0.132,1.25502031157556e-27,"Atypical B (ABC/DN2)","ENSG00000287092","down"
2.82132710226721e-16,-5.87096850218606,0,0.056,5.3046592176828e-12,"Atypical B (ABC/DN2)","PITPNM2","down"
9.6269789622396e-10,-5.42264796390211,0,0.032,1.81006458448029e-05,"Atypical B (ABC/DN2)","TCL6","down"
2.55564938722612e-13,-5.36705835306556,0.002,0.054,4.80513197786254e-09,"Atypical B (ABC/DN2)","GNG8","down"
2.14604162813374e-09,-5.36513242474428,0,0.031,4.03498746921706e-05,"Atypical B (ABC/DN2)","ENSG00000263551","down"
2.3646832314745e-10,-5.24504435036787,0,0.034,4.44607741181835e-06,"Atypical B (ABC/DN2)","HAPLN3","down"
2.37248171696502e-08,-5.15101064883714,0,0.027,0.000446074012423762,"Atypical B (ABC/DN2)","FAM111B","down"
1.30140152904223e-08,-5.06990806202845,0,0.028,0.000244689515490521,"Atypical B (ABC/DN2)","ZDHHC19","down"
1.94923969968654e-90,-5.04812859538843,0.019,0.351,3.66496048335063e-86,"Atypical B (ABC/DN2)","ACSM3","down"
8.03203310278377e-22,-5.03892670835465,0.003,0.092,1.5101828639854e-17,"Atypical B (ABC/DN2)","P2RY14","down"
3.59736407332799e-55,-5.03501545140023,0.01,0.226,6.76376393067129e-51,"Atypical B (ABC/DN2)","JCHAIN","down"
3.5027458444219e-18,-5.02550749753465,0.003,0.078,6.58586273668205e-14,"Atypical B (ABC/DN2)","IL2RA","down"
1.72335399494458e-16,-4.99739273236871,0.002,0.067,3.24025018129481e-12,"Atypical B (ABC/DN2)","IFNG-AS1","down"
1.66891366783242e-16,-4.96686901328759,0.002,0.067,3.13789147825852e-12,"Atypical B (ABC/DN2)","CR1","down"
4.32646124612334e-09,-4.91951234800614,0,0.03,8.1346124349611e-05,"Atypical B (ABC/DN2)","EIF4E3","down"
2.69538835807017e-29,-4.90923272224646,0.006,0.127,5.06786919084354e-25,"Atypical B (ABC/DN2)","ACSM1","down"
1.94146265250048e-09,-4.90170885686861,0,0.031,3.65033807923141e-05,"Atypical B (ABC/DN2)","TC2N","down"
9.67155886224615e-20,-4.76839481400848,0.003,0.085,1.81844649727952e-15,"Atypical B (ABC/DN2)","KCNA3","down"
4.7732186900459e-07,-4.76411818658301,0,0.022,0.0089746057810243,"Atypical B (ABC/DN2)","KRT18","down"
1.07100622749959e-19,-4.76333554143454,0.003,0.085,2.01370590894474e-15,"Atypical B (ABC/DN2)","KLRK1","down"
1.62168782649024e-27,-4.75123032208015,0.003,0.113,3.04909745136694e-23,"Atypical B (ABC/DN2)","VPREB3","down"
5.28271987174079e-08,-4.74272393343302,0,0.026,0.000993256990284704,"Atypical B (ABC/DN2)","HNRNPLL","down"
3.65688010215695e-14,-4.73165100279703,0.002,0.059,6.8756659680755e-10,"Atypical B (ABC/DN2)","IL23A","down"
2.36932624278564e-07,-4.69575703865618,0,0.023,0.00445480720168555,"Atypical B (ABC/DN2)","TUNAR","down"
1.58654584279666e-06,-4.67794716351542,0,0.02,0.0298302349362627,"Atypical B (ABC/DN2)","ALPL","down"
1.06418772634744e-07,-4.671890660592,0,0.025,0.00200088576307845,"Atypical B (ABC/DN2)","COL1A1","down"
6.99322205761405e-16,-4.61269746854802,0.003,0.07,1.31486561127259e-11,"Atypical B (ABC/DN2)","CD38","down"
5.07420664912753e-12,-4.58210498555034,0.002,0.05,9.54052334168957e-08,"Atypical B (ABC/DN2)","PRCD","down"
7.87274105240349e-07,-4.57106004494908,0,0.021,0.014802327726729,"Atypical B (ABC/DN2)","SDK2","down"
2.22449852066074e-24,-4.53255395903844,0.008,0.113,4.18250211854632e-20,"Atypical B (ABC/DN2)","IL13RA1","down"
4.77770625531132e-10,-4.50402308278865,0.002,0.042,8.98304330123634e-06,"Atypical B (ABC/DN2)","CR2","down"
4.2535515154811e-110,-4.4535105818409,0.034,0.432,7.99752755940757e-106,"Atypical B (ABC/DN2)","FCER2","down"
1.09656680633274e-40,-4.43723616097005,0.013,0.185,2.06176490926682e-36,"Atypical B (ABC/DN2)","LSR","down"
1.89573156271566e-10,-4.43643276773603,0.002,0.044,3.56435448421799e-06,"Atypical B (ABC/DN2)","S1PR1-DT","down"
6.8454418113451e-12,-4.42960195960351,0.003,0.053,1.28707996936911e-07,"Atypical B (ABC/DN2)","ENSG00000267568","down"
6.33533121613045e-12,-4.40181392650494,0.003,0.054,1.19116897525685e-07,"Atypical B (ABC/DN2)","KCNG1","down"
9.25593888590297e-08,-4.39535659072016,0.002,0.033,0.00174030162932748,"Atypical B (ABC/DN2)","PTPRK","down"
2.61766297585037e-06,-4.3240573640965,0,0.019,0.0492172992719386,"Atypical B (ABC/DN2)","SAXO2","down"
1.78994543696749e-19,-4.30923412779664,0.006,0.092,3.36545541058627e-15,"Atypical B (ABC/DN2)","CD9","down"
4.64221027220224e-11,-4.24116751016878,0.002,0.047,8.72828375379466e-07,"Atypical B (ABC/DN2)","SIRPA","down"
4.54764788468619e-11,-4.11229350862149,0.002,0.047,8.55048755278697e-07,"Atypical B (ABC/DN2)","S1PR2","down"
6.54190102331816e-21,-3.99258777114466,0.01,0.106,1.23000823040428e-16,"Atypical B (ABC/DN2)","LIX1-AS1","down"
2.2319178640554e-08,-3.9260244298956,0.002,0.036,0.000419645196799697,"Atypical B (ABC/DN2)","NAV2","down"
2.14397250379934e-39,-3.88606858798804,0.016,0.189,4.03109710164352e-35,"Atypical B (ABC/DN2)","N4BP3","down"
2.11355655942895e-07,-3.87100205767648,0.003,0.036,0.00397390904303832,"Atypical B (ABC/DN2)","IL7R","down"
4.60586305142513e-96,-3.85223490989001,0.055,0.434,8.65994370928953e-92,"Atypical B (ABC/DN2)","SELL","down"
1.92688993539513e-38,-3.75937651640831,0.027,0.207,3.62293845652992e-34,"Atypical B (ABC/DN2)","PDE3B","down"
7.70358494484243e-16,-3.74993985602643,0.006,0.079,1.44842804132927e-11,"Atypical B (ABC/DN2)","ENSG00000289974","down"
2.54662898809215e-07,-3.73245775621655,0.005,0.041,0.00478817182341085,"Atypical B (ABC/DN2)","IGHV4-31","down"
1.44480892186293e-39,-3.72464945507227,0.024,0.208,2.71652973488668e-35,"Atypical B (ABC/DN2)","TCL1A","down"
1.10299893081145e-15,-3.6536984682754,0.006,0.079,2.07385858971169e-11,"Atypical B (ABC/DN2)","CNN3","down"
6.35388135700639e-30,-3.65178040174428,0.016,0.155,1.19465677274434e-25,"Atypical B (ABC/DN2)","C1orf162","down"
7.63232561149371e-28,-3.64940589804861,0.015,0.144,1.43502986147305e-23,"Atypical B (ABC/DN2)","ENSG00000290020","down"
1.56234802946687e-33,-3.64522853867463,0.021,0.179,2.93752676500361e-29,"Atypical B (ABC/DN2)","PKP4","down"
2.58878690596157e-16,-3.64097621961897,0.005,0.077,4.86743714058895e-12,"Atypical B (ABC/DN2)","CNR1","down"
2.28539701854124e-06,-3.62276484523891,0.002,0.028,0.0429700347426124,"Atypical B (ABC/DN2)","SVIL","down"
5.54951282733568e-15,-3.53552710609775,0.01,0.081,1.04341940179565e-10,"Atypical B (ABC/DN2)","SLC2A5","down"
1.04211750049036e-36,-3.51947408481493,0.029,0.206,1.95938932442198e-32,"Atypical B (ABC/DN2)","IGFBP4","down"
8.84346477245516e-09,-3.47970202665644,0.005,0.046,0.000166274824651702,"Atypical B (ABC/DN2)","MIR223HG","down"
3.8933801226201e-11,-3.44871572368013,0.005,0.056,7.32033330655032e-07,"Atypical B (ABC/DN2)","ENSG00000255240","down"
4.6314908582677e-12,-3.44465893199552,0.006,0.064,8.70812911171493e-08,"Atypical B (ABC/DN2)","MMP7","down"
4.69361910645418e-07,-3.43918347578363,0.003,0.035,0.00882494264395514,"Atypical B (ABC/DN2)","NREP","down"
8.19798904244024e-112,-3.37720023709023,0.082,0.513,1.54138589975961e-107,"Atypical B (ABC/DN2)","COL19A1","down"
1.9465083682712e-43,-3.34810780019239,0.015,0.201,3.65982503402352e-39,"Atypical B (ABC/DN2)","SPRY1","down"
1.27611675597201e-08,-3.33711014564074,0.002,0.036,0.000239935472457857,"Atypical B (ABC/DN2)","APOBEC3B","down"
5.00199731297184e-24,-3.24397700606982,0.018,0.137,9.40475534784966e-20,"Atypical B (ABC/DN2)","IGHV5-78","down"
1.16487711593709e-18,-3.23124132851925,0.01,0.099,2.19020195338491e-14,"Atypical B (ABC/DN2)","PATJ","down"
5.27916218553365e-26,-3.22975134851743,0.019,0.149,9.92588074124036e-22,"Atypical B (ABC/DN2)","CD24","down"
2.50234711769874e-22,-3.20953801922053,0.015,0.124,4.70491305069716e-18,"Atypical B (ABC/DN2)","SH2D3A","down"
1.60086362288574e-31,-3.20616544401027,0.031,0.187,3.00994378374977e-27,"Atypical B (ABC/DN2)","JUP","down"
7.16952903403689e-13,-3.18409951006774,0.008,0.071,1.34801484897962e-08,"Atypical B (ABC/DN2)","SERPINE2","down"
1.71110902697777e-10,-3.13995086876259,0.01,0.062,3.21722719252361e-06,"Atypical B (ABC/DN2)","NIPAL4","down"
2.44878024929545e-21,-3.12941487299091,0.019,0.129,4.6041966247253e-17,"Atypical B (ABC/DN2)","CALHM6","down"
6.98030033245007e-114,-3.1060378555216,0.068,0.505,1.31243606850726e-109,"Atypical B (ABC/DN2)","SPOCK2","down"
3.29695404694895e-08,-3.09392307384367,0.006,0.047,0.000619893299907341,"Atypical B (ABC/DN2)","STAG3","down"
1.96352003925843e-190,-3.03382803567706,0.165,0.74,3.69181037781371e-186,"Atypical B (ABC/DN2)","LTB","down"
2.28583751955743e-10,-2.99369901733449,0.008,0.061,4.29783170427187e-06,"Atypical B (ABC/DN2)","PHLDB2","down"
1.9995286626363e-10,-2.95203637434768,0.003,0.048,3.75951379148878e-06,"Atypical B (ABC/DN2)","IL6","down"
8.22371959303337e-133,-2.94600915882803,0.149,0.63,1.54622375788213e-128,"Atypical B (ABC/DN2)","ZEB1","down"
1.88335831709829e-08,-2.90782010127767,0.008,0.052,0.000354109030780821,"Atypical B (ABC/DN2)","TRAC","down"
3.55625493788685e-11,-2.89922898845334,0.01,0.068,6.68647053421485e-07,"Atypical B (ABC/DN2)","DENND2D","down"
8.62481916975095e-11,-2.89182094190158,0.015,0.072,1.62163850029657e-06,"Atypical B (ABC/DN2)","HIP1","down"
2.1845142851236e-24,-2.85893234268503,0.024,0.153,4.1073237588894e-20,"Atypical B (ABC/DN2)","SNX10","down"
1.06514575125969e-41,-2.8576433434947,0.068,0.285,2.00268704151847e-37,"Atypical B (ABC/DN2)","MAML2","down"
2.97135295159355e-63,-2.84905543920321,0.076,0.375,5.5867378195862e-59,"Atypical B (ABC/DN2)","SNX29","down"
3.32879826140507e-08,-2.84539939629088,0.008,0.051,0.000625880649109381,"Atypical B (ABC/DN2)","FOXP1-AS1","down"
1.48278086832198e-09,-2.83870124993145,0.008,0.057,2.78792458861899e-05,"Atypical B (ABC/DN2)","APBB2","down"
1.11262988763425e-49,-2.8279447843421,0.048,0.291,2.09196671472991e-45,"Atypical B (ABC/DN2)","CCSER1","down"
5.44403844898544e-12,-2.80329733054423,0.008,0.068,1.02358810917824e-07,"Atypical B (ABC/DN2)","MAML3","down"
1.72576642342163e-07,-2.79973092369129,0.008,0.048,0.00324478602931734,"Atypical B (ABC/DN2)","ARRDC4","down"
1.7034213615949e-19,-2.79479243647603,0.018,0.12,3.20277284407073e-15,"Atypical B (ABC/DN2)","IL15","down"
1.73627710079084e-28,-2.79468229700535,0.027,0.175,3.26454820490695e-24,"Atypical B (ABC/DN2)","SERPINB9P1","down"
7.46702226921903e-18,-2.77383577204134,0.023,0.119,1.40394952705856e-13,"Atypical B (ABC/DN2)","PWWP3A","down"
3.23195116777121e-07,-2.76479936676042,0.008,0.047,0.00607671458564343,"Atypical B (ABC/DN2)","PSD3","down"
4.54908245171998e-15,-2.74853870773642,0.021,0.106,8.5531848257239e-11,"Atypical B (ABC/DN2)","ESR2","down"
5.50765319595656e-08,-2.74224163290012,0.005,0.043,0.00103554895390375,"Atypical B (ABC/DN2)","CTTNBP2NL","down"
2.47499392746757e-07,-2.73399651392084,0.008,0.047,0.00465348358242452,"Atypical B (ABC/DN2)","APOL3","down"
9.46035864754043e-19,-2.72349355249516,0.032,0.139,1.77873663291055e-14,"Atypical B (ABC/DN2)","KHDRBS2","down"
8.03975318677556e-12,-2.72237001670309,0.015,0.08,1.51163439417754e-07,"Atypical B (ABC/DN2)","IL3RA","down"
3.13894726086583e-12,-2.7159655492017,0.016,0.085,5.90184863987993e-08,"Atypical B (ABC/DN2)","EPS15-AS1","down"
3.54110063243488e-12,-2.69837754540382,0.015,0.081,6.65797740910406e-08,"Atypical B (ABC/DN2)","TIMP2","down"
2.30500271577752e-06,-2.69192226595041,0.006,0.04,0.0433386610620489,"Atypical B (ABC/DN2)","CARMIL1","down"
5.63076500615213e-07,-2.68357144671413,0.006,0.043,0.0105869643645672,"Atypical B (ABC/DN2)","HDGFL3","down"
2.44119875732309e-09,-2.67872901956958,0.013,0.065,4.58994190351887e-05,"Atypical B (ABC/DN2)","ARHGAP32","down"
3.11627143687364e-51,-2.62757920930979,0.097,0.358,5.85921355560982e-47,"Atypical B (ABC/DN2)","PIM1","down"
2.40809389755157e-07,-2.61008009820726,0.008,0.048,0.00452769814617645,"Atypical B (ABC/DN2)","ELL3","down"
2.65800838691364e-14,-2.59760812554045,0.019,0.101,4.99758736907503e-10,"Atypical B (ABC/DN2)","MID1IP1","down"
9.98980759921972e-27,-2.5830505037281,0.031,0.175,1.87828362480529e-22,"Atypical B (ABC/DN2)","TSPAN13","down"
5.67843575789097e-08,-2.57074918737698,0.01,0.054,0.00106765949119866,"Atypical B (ABC/DN2)","CDKL5","down"
6.42235182742189e-07,-2.56466970421002,0.005,0.038,0.0120753059059186,"Atypical B (ABC/DN2)","NSUN7","down"
2.29904722629722e-08,-2.53882907966654,0.01,0.056,0.000432266859488404,"Atypical B (ABC/DN2)","BAIAP3","down"
1.56745367974e-14,-2.53237726711715,0.024,0.11,2.94712640864716e-10,"Atypical B (ABC/DN2)","PELI2","down"
3.68781550901209e-16,-2.5189579603533,0.032,0.129,6.93383072004452e-12,"Atypical B (ABC/DN2)","IKZF2","down"
5.87160342229377e-124,-2.48479855869834,0.236,0.691,1.10397887545967e-119,"Atypical B (ABC/DN2)","RUBCNL","down"
1.34413558092249e-06,-2.47879791348232,0.011,0.05,0.0252724371925047,"Atypical B (ABC/DN2)","COCH","down"
8.49072709840942e-29,-2.45163068304622,0.047,0.21,1.59642650904294e-24,"Atypical B (ABC/DN2)","PRDM8","down"
2.86086660016894e-58,-2.44501872799121,0.1,0.392,5.37900138163763e-54,"Atypical B (ABC/DN2)","SHISAL2A","down"
8.12208622336072e-15,-2.43820135008535,0.034,0.124,1.52711465171628e-10,"Atypical B (ABC/DN2)","TCF7","down"
9.65799774888389e-27,-2.42995748360688,0.034,0.182,1.81589673674515e-22,"Atypical B (ABC/DN2)","TSPAN5","down"
1.20818121729643e-32,-2.42819115972294,0.058,0.242,2.27162232476075e-28,"Atypical B (ABC/DN2)","CYB5A","down"
1.88402566767246e-06,-2.4162246071913,0.013,0.047,0.0354234506035776,"Atypical B (ABC/DN2)","PITPNA-AS1","down"
3.17931212468407e-49,-2.40993654156586,0.084,0.345,5.97774265683098e-45,"Atypical B (ABC/DN2)","CYBB","down"
1.12638845312121e-06,-2.35422138826903,0.016,0.06,0.0211783556955849,"Atypical B (ABC/DN2)","HILPDA","down"
2.36975207237697e-07,-2.35273509290238,0.011,0.054,0.00445560784648318,"Atypical B (ABC/DN2)","GPRIN3","down"
6.71788039413411e-50,-2.34009230253581,0.131,0.397,1.26309587170509e-45,"Atypical B (ABC/DN2)","GBP4","down"
1.64123717094579e-47,-2.31658751581177,0.084,0.342,3.08585412881227e-43,"Atypical B (ABC/DN2)","NIBAN3","down"
4.71961262144139e-13,-2.31634063652338,0.019,0.096,8.87381565083411e-09,"Atypical B (ABC/DN2)","SATB1-AS1","down"
4.94950881897029e-77,-2.28903421469814,0.221,0.569,9.30606648142793e-73,"Atypical B (ABC/DN2)","MARCKS","down"
4.48401283218759e-22,-2.28317886218706,0.04,0.172,8.43084092707911e-18,"Atypical B (ABC/DN2)","RAB3IP","down"
2.08603682857564e-06,-2.28112079366736,0.036,0.082,0.0392216644508793,"Atypical B (ABC/DN2)","IGLL5","down"
2.61826975945136e-15,-2.27781030414815,0.037,0.131,4.92287080172044e-11,"Atypical B (ABC/DN2)","C12orf75","down"
9.50797469398371e-08,-2.26913298526981,0.016,0.061,0.00178768940196282,"Atypical B (ABC/DN2)","CARMIL2","down"
1.55914940690484e-07,-2.26618608238944,0.011,0.055,0.00293151271486248,"Atypical B (ABC/DN2)","STX3","down"
1.98038204888585e-63,-2.26578959432193,0.134,0.455,3.72351432831518e-59,"Atypical B (ABC/DN2)","FADS3","down"
1.46209354670341e-08,-2.2588527258545,0.01,0.057,0.000274902828651176,"Atypical B (ABC/DN2)","ZEB1-AS1","down"
2.01680411233161e-09,-2.25240037504212,0.015,0.07,3.7919950920059e-05,"Atypical B (ABC/DN2)","UBE2Q2P2","down"
1.71392022817524e-17,-2.22772864485164,0.047,0.156,3.2225128130151e-13,"Atypical B (ABC/DN2)","L3MBTL4","down"
1.15029696747021e-07,-2.21850931873871,0.016,0.064,0.00216278835823749,"Atypical B (ABC/DN2)","FRY","down"
5.14035098236512e-11,-2.21103722389496,0.021,0.089,9.6648879170429e-07,"Atypical B (ABC/DN2)","TBC1D16","down"
1.46606352310545e-59,-2.21075559135565,0.149,0.456,2.75649263614287e-55,"Atypical B (ABC/DN2)","S1PR1","down"
2.9048845777869e-07,-2.20554105120248,0.011,0.054,0.00546176398315493,"Atypical B (ABC/DN2)","SPSB1","down"
1.16955377613959e-49,-2.18157139842718,0.115,0.382,2.19899500989765e-45,"Atypical B (ABC/DN2)","OCIAD2","down"
1.93425753437258e-10,-2.17862605988444,0.008,0.061,3.63679101612732e-06,"Atypical B (ABC/DN2)","LAMC1","down"
3.73142526606041e-07,-2.1588561693102,0.021,0.068,0.00701582578524679,"Atypical B (ABC/DN2)","CA2","down"
1.48480504593198e-06,-2.1489634216014,0.008,0.044,0.0279173044736131,"Atypical B (ABC/DN2)","FAAH2","down"
6.05671248323353e-29,-2.12527165053272,0.071,0.248,1.13878308109757e-24,"Atypical B (ABC/DN2)","PAWR","down"
1.61577508205879e-25,-2.11655086873853,0.057,0.214,3.03798030928695e-21,"Atypical B (ABC/DN2)","GCA","down"
1.60687895063339e-07,-2.0960029518312,0.008,0.048,0.0030212538029809,"Atypical B (ABC/DN2)","ENSG00000287042","down"
2.44361015148673e-14,-2.08197327951669,0.029,0.12,4.59447580682536e-10,"Atypical B (ABC/DN2)","C1orf112","down"
8.77552834859164e-08,-2.0785303786719,0.019,0.071,0.0016499748401022,"Atypical B (ABC/DN2)","IGHV3-30","down"
1.78874556478833e-08,-2.05867392592773,0.024,0.082,0.000336319941091501,"Atypical B (ABC/DN2)","CNIH2","down"
6.84940463488972e-46,-2.05087628194642,0.128,0.388,1.28782505945196e-41,"Atypical B (ABC/DN2)","LINC01138","down"
4.67124044109429e-31,-2.02034680795257,0.084,0.274,8.78286627734549e-27,"Atypical B (ABC/DN2)","ESD","down"
7.95806388170162e-15,-2.01610550428215,0.037,0.134,1.49627517103754e-10,"Atypical B (ABC/DN2)","CD200","down"
8.20714963153387e-67,-2.00515900217044,0.244,0.55,1.543108273721e-62,"Atypical B (ABC/DN2)","C17orf49","down"
2.65705332452043e-06,-2.00418467049856,0.024,0.065,0.0499579166076331,"Atypical B (ABC/DN2)","EMP1","down"
4.93334660302617e-11,-1.99735178739845,0.024,0.096,9.2756782830098e-07,"Atypical B (ABC/DN2)","DPH5-DT","down"
1.80990531679137e-07,-1.98668076912449,0.024,0.074,0.00340298397663114,"Atypical B (ABC/DN2)","IGF1R","down"
3.51591036242295e-15,-1.95113226055646,0.042,0.144,6.61061466342762e-11,"Atypical B (ABC/DN2)","RDX","down"
3.03433836947473e-07,-1.9401478067274,0.023,0.072,0.00570516300228639,"Atypical B (ABC/DN2)","LMO7","down"
1.24934794477821e-06,-1.93064604566493,0.019,0.064,0.0234902400577199,"Atypical B (ABC/DN2)","TMEM63B","down"
1.69749130616658e-30,-1.92254066444817,0.139,0.331,3.19162315385441e-26,"Atypical B (ABC/DN2)","LNCRNA-IUR","down"
1.21036254866311e-32,-1.91696597975047,0.107,0.317,2.27572366399639e-28,"Atypical B (ABC/DN2)","TNFRSF18","down"
4.97572678421447e-15,-1.91601161228234,0.055,0.158,9.35536149968005e-11,"Atypical B (ABC/DN2)","TPST1","down"
4.48977611668476e-13,-1.90267955758595,0.044,0.137,8.44167705459069e-09,"Atypical B (ABC/DN2)","FNDC3B","down"
2.38777611535089e-11,-1.90140678867229,0.027,0.102,4.48949665208274e-07,"Atypical B (ABC/DN2)","LTA","down"
4.32298186071496e-75,-1.9013949402985,0.405,0.675,8.12807049451627e-71,"Atypical B (ABC/DN2)","SESN3","down"
2.30397214608591e-06,-1.89709701193882,0.019,0.061,0.0433192842907073,"Atypical B (ABC/DN2)","SLC35F2","down"
1.23303389435763e-29,-1.87744448981922,0.097,0.288,2.31835032817121e-25,"Atypical B (ABC/DN2)","GPR137","down"
2.43377633706303e-12,-1.87314926193585,0.045,0.132,4.5759862689459e-08,"Atypical B (ABC/DN2)","SH3YL1","down"
1.56696214301096e-40,-1.86026920540997,0.155,0.401,2.94620222128921e-36,"Atypical B (ABC/DN2)","TNFAIP3","down"
2.0245117572138e-34,-1.83888901446689,0.128,0.348,3.80648700591338e-30,"Atypical B (ABC/DN2)","ABCG1","down"
5.3284868666614e-21,-1.83589273348825,0.066,0.211,1.00186210066968e-16,"Atypical B (ABC/DN2)","CTNND1","down"
3.91851725622853e-15,-1.82552608978278,0.063,0.175,7.36759614516088e-11,"Atypical B (ABC/DN2)","MYO1E","down"
1.82411322439026e-25,-1.82095022088591,0.103,0.273,3.42969768449857e-21,"Atypical B (ABC/DN2)","CD59","down"
7.51261051568589e-110,-1.81222984109857,0.415,0.781,1.41252102915926e-105,"Atypical B (ABC/DN2)","BCL2","down"
3.33121055598622e-09,-1.80221247272327,0.039,0.104,6.26334208736528e-05,"Atypical B (ABC/DN2)","BNIP3","down"
1.47404240907624e-10,-1.79359246072876,0.032,0.107,2.77149453754515e-06,"Atypical B (ABC/DN2)","ANKRD18DP","down"
2.40888301408278e-07,-1.77160982903311,0.018,0.066,0.00452918184307843,"Atypical B (ABC/DN2)","SLC12A7","down"
3.85748722537344e-22,-1.75636181993725,0.1,0.252,7.25284748114714e-18,"Atypical B (ABC/DN2)","PIK3IP1","down"
1.9964381025398e-06,-1.74523104460174,0.018,0.062,0.0375370292039534,"Atypical B (ABC/DN2)","ZCWPW1","down"
5.19577292573568e-07,-1.7295945057739,0.027,0.078,0.00976909225496822,"Atypical B (ABC/DN2)","MIR497HG","down"
1.58242193053275e-07,-1.72747811142818,0.016,0.064,0.00297526971378768,"Atypical B (ABC/DN2)","CLMN","down"
5.5962909255248e-15,-1.72008037742853,0.076,0.183,1.05221461981717e-10,"Atypical B (ABC/DN2)","CCDC167","down"
9.84188491793879e-08,-1.71346178281329,0.032,0.089,0.00185047120227085,"Atypical B (ABC/DN2)","TRAF2","down"
2.52548411398275e-17,-1.70739584878525,0.076,0.201,4.74841523111037e-13,"Atypical B (ABC/DN2)","PLEKHA1","down"
1.9103082310193e-07,-1.69292794584995,0.032,0.081,0.00359176153596248,"Atypical B (ABC/DN2)","FURIN","down"
7.90032931829184e-40,-1.69172047697596,0.184,0.427,1.48541991842523e-35,"Atypical B (ABC/DN2)","PARP8","down"
3.69335977556341e-10,-1.67054977524577,0.04,0.117,6.94425505001432e-06,"Atypical B (ABC/DN2)","CKAP4","down"
3.688091735326e-16,-1.64565203831324,0.074,0.197,6.93435008075994e-12,"Atypical B (ABC/DN2)","PRR7","down"
9.94257748322464e-43,-1.64269335052631,0.216,0.474,1.8694034183959e-38,"Atypical B (ABC/DN2)","GALNT2","down"
2.04154927301977e-28,-1.64216667818223,0.134,0.331,3.83852094313178e-24,"Atypical B (ABC/DN2)","GPX1","down"
2.31430390307075e-08,-1.63856858596969,0.031,0.093,0.000435135419855362,"Atypical B (ABC/DN2)","RETREG1","down"
1.11586867914746e-18,-1.63017885552875,0.099,0.245,2.09805629053305e-14,"Atypical B (ABC/DN2)","LGALS3","down"
5.97172604673173e-19,-1.6235482839235,0.095,0.237,1.1228039313065e-14,"Atypical B (ABC/DN2)","TRAF5","down"
3.21819736994708e-09,-1.61449289620603,0.044,0.115,6.0508546949745e-05,"Atypical B (ABC/DN2)","PLSCR3","down"
2.16110619966665e-24,-1.61343803379156,0.132,0.306,4.06331187661324e-20,"Atypical B (ABC/DN2)","C12orf42","down"
3.40051234108413e-18,-1.60228653884662,0.107,0.238,6.39364330370637e-14,"Atypical B (ABC/DN2)","MPP7","down"
3.00871528694683e-37,-1.59694137323659,0.212,0.449,5.65698648251743e-33,"Atypical B (ABC/DN2)","TNFAIP8","down"
3.20172578822147e-25,-1.59521340971948,0.144,0.315,6.01988482701401e-21,"Atypical B (ABC/DN2)","CERS4","down"
1.29086364676074e-41,-1.59521323589634,0.283,0.52,2.42708182863954e-37,"Atypical B (ABC/DN2)","PALM2AKAP2","down"
2.06748869645683e-44,-1.59475216540011,0.275,0.525,3.88729224707812e-40,"Atypical B (ABC/DN2)","PPP1R14B","down"
1.13906000262133e-78,-1.59417575403413,0.334,0.69,2.14166061692863e-74,"Atypical B (ABC/DN2)","PIM3","down"
1.7729931495938e-25,-1.5924031184213,0.176,0.364,3.33358171986626e-21,"Atypical B (ABC/DN2)","FCRL1","down"
3.93329257044037e-08,-1.57991042878616,0.044,0.11,0.000739537669094198,"Atypical B (ABC/DN2)","PASK","down"
9.62711429614363e-114,-1.56044514943494,0.863,0.942,1.81009002996092e-109,"Atypical B (ABC/DN2)","ZFP36L1","down"
5.90350848894205e-36,-1.5577667226627,0.207,0.43,1.10997766609088e-31,"Atypical B (ABC/DN2)","TMEM131L","down"
1.66571220537813e-78,-1.55701820341799,0.456,0.759,3.13187208855195e-74,"Atypical B (ABC/DN2)","TMEM123","down"
5.86625846520438e-41,-1.53226709306635,0.246,0.495,1.10297391662773e-36,"Atypical B (ABC/DN2)","CHST11","down"
3.48197267437847e-23,-1.52976757142651,0.139,0.309,6.54680502236641e-19,"Atypical B (ABC/DN2)","MICAL3","down"
5.35718377453856e-16,-1.5155254588841,0.16,0.275,1.00725769328874e-11,"Atypical B (ABC/DN2)","CRIP2","down"
5.81710523033144e-11,-1.51258019827686,0.066,0.151,1.09373212540692e-06,"Atypical B (ABC/DN2)","KANSL1L","down"
4.32668083666097e-09,-1.51187125871421,0.053,0.128,8.13502530908995e-05,"Atypical B (ABC/DN2)","TIFA","down"
2.74081793692058e-15,-1.50887482954113,0.084,0.208,5.15328588499807e-11,"Atypical B (ABC/DN2)","SCMH1","down"
2.3421794157703e-69,-1.50458910861843,0.538,0.77,4.40376573753132e-65,"Atypical B (ABC/DN2)","AFF3","down"
1.69368740970442e-176,-1.50440259778416,0.901,0.973,3.18447106772624e-172,"Atypical B (ABC/DN2)","CXCR4","down"
4.3521612440371e-13,-1.49851880705533,0.074,0.183,8.18293357103855e-09,"Atypical B (ABC/DN2)","DPYD","down"
3.09190923200148e-14,-1.49803180214865,0.089,0.2,5.81340773800917e-10,"Atypical B (ABC/DN2)","NCF1B","down"
6.9038677528229e-38,-1.49560633704189,0.292,0.519,1.29806521488576e-33,"Atypical B (ABC/DN2)","LINC00926","down"
1.55614421345184e-15,-1.49489820886177,0.115,0.23,2.92586235013216e-11,"Atypical B (ABC/DN2)","SLC39A8","down"
1.03933341542646e-31,-1.49411603059444,0.204,0.416,1.95415468768483e-27,"Atypical B (ABC/DN2)","SMAD3","down"
2.1732398514711e-19,-1.49254940073805,0.121,0.272,4.08612556873596e-15,"Atypical B (ABC/DN2)","STAP1","down"
4.42250101469561e-82,-1.48411911019411,0.53,0.781,8.31518640783069e-78,"Atypical B (ABC/DN2)","STK17A","down"
1.2581729273877e-32,-1.4823398903462,0.207,0.408,2.36561673807436e-28,"Atypical B (ABC/DN2)","DRAP1","down"
1.97887810474198e-21,-1.47970891269057,0.131,0.292,3.72068661253587e-17,"Atypical B (ABC/DN2)","CPNE5","down"
5.21726624476436e-07,-1.47617878874514,0.034,0.091,0.00980950399340595,"Atypical B (ABC/DN2)","SGK3","down"
2.22630796348956e-08,-1.4677383578291,0.055,0.124,0.000418590423295307,"Atypical B (ABC/DN2)","CASK","down"
6.3616639181435e-09,-1.45692303518264,0.01,0.05,0.000119612004988934,"Atypical B (ABC/DN2)","LINC01480","down"
7.75948745941736e-13,-1.45201272014528,0.066,0.17,1.45893883211965e-08,"Atypical B (ABC/DN2)","ABCB1","down"
9.31526972757546e-121,-1.44486112847989,0.696,0.909,1.75145701417874e-116,"Atypical B (ABC/DN2)","CCR7","down"
1.68009284623453e-36,-1.44104411305987,0.231,0.474,3.15891056949017e-32,"Atypical B (ABC/DN2)","GRK5","down"
1.37449275897401e-08,-1.44088680374527,0.048,0.119,0.000258432128542293,"Atypical B (ABC/DN2)","GIHCG","down"
2.19412008953722e-10,-1.42432537098601,0.068,0.155,4.12538459234788e-06,"Atypical B (ABC/DN2)","SQOR","down"
3.98432734053298e-35,-1.42398749824273,0.228,0.466,7.49133226567012e-31,"Atypical B (ABC/DN2)","MGAT5","down"
7.97509484647835e-07,-1.42251489041654,0.037,0.093,0.0149947733303486,"Atypical B (ABC/DN2)","XPNPEP1","down"
1.5510563516605e-35,-1.41968662577821,0.299,0.493,2.91629615239206e-31,"Atypical B (ABC/DN2)","CTSH","down"
1.12237306833712e-69,-1.41779525642093,0.441,0.723,2.11028584308745e-65,"Atypical B (ABC/DN2)","CD40","down"
1.21286967978142e-07,-1.41587294046348,0.057,0.122,0.00228043757192502,"Atypical B (ABC/DN2)","RNF24","down"
5.89504883396955e-11,-1.39581273256811,0.086,0.183,1.10838708176295e-06,"Atypical B (ABC/DN2)","MCTP2","down"
1.00182178117846e-20,-1.39116503966298,0.15,0.31,1.88362531297175e-16,"Atypical B (ABC/DN2)","FKBP2","down"
9.32235457385083e-17,-1.39021134985616,0.121,0.257,1.75278910697543e-12,"Atypical B (ABC/DN2)","IRF5","down"
7.19163633065725e-09,-1.3898760976977,0.061,0.137,0.000135217146289018,"Atypical B (ABC/DN2)","TOMM34","down"
4.48160055885347e-65,-1.38048796743585,0.499,0.76,8.42630537075629e-61,"Atypical B (ABC/DN2)","TCF4","down"
2.80853286719073e-11,-1.37003656302711,0.084,0.178,5.280603496892e-07,"Atypical B (ABC/DN2)","RFFL","down"
5.32280939029029e-26,-1.3628703918935,0.21,0.399,1.00079462156238e-21,"Atypical B (ABC/DN2)","NCK2","down"
3.14791010341297e-29,-1.36264966845539,0.187,0.404,5.91870057643707e-25,"Atypical B (ABC/DN2)","PIM2","down"
1.75285373507889e-08,-1.35683278097011,0.066,0.139,0.000329571559269533,"Atypical B (ABC/DN2)","ZNF737","down"
1.05699135418574e-32,-1.33151512990879,0.275,0.478,1.98735514414002e-28,"Atypical B (ABC/DN2)","TCP11L2","down"
1.43569011556619e-11,-1.33138835768049,0.094,0.199,2.69938455528754e-07,"Atypical B (ABC/DN2)","PAM","down"
8.64876210558793e-07,-1.32718775826373,0.047,0.108,0.0162614025109264,"Atypical B (ABC/DN2)","MAP9","down"
3.33605050268765e-52,-1.31486845795692,0.467,0.709,6.27244215515333e-48,"Atypical B (ABC/DN2)","DENND4A","down"
1.89200772381193e-21,-1.31277518505021,0.267,0.411,3.55735292231119e-17,"Atypical B (ABC/DN2)","CD79B","down"
4.10784444759082e-48,-1.30971017076865,0.582,0.768,7.72356913036025e-44,"Atypical B (ABC/DN2)","JUN","down"
1.03655053370677e-16,-1.30709243252051,0.123,0.266,1.94892231347547e-12,"Atypical B (ABC/DN2)","MYO1C","down"
3.86033200783665e-21,-1.30375508452642,0.213,0.385,7.25819624113448e-17,"Atypical B (ABC/DN2)","PDE4D","down"
6.09394130873836e-16,-1.29203716027904,0.128,0.262,1.14578284486899e-11,"Atypical B (ABC/DN2)","ZSCAN18","down"
3.63129974017154e-41,-1.28800398432938,0.326,0.567,6.82756977147053e-37,"Atypical B (ABC/DN2)","EPB41","down"
1.10269817907684e-10,-1.28619890692434,0.095,0.189,2.07329311630027e-06,"Atypical B (ABC/DN2)","GABPB1-AS1","down"
1.54428541574179e-13,-1.28437720551789,0.128,0.229,2.90356543867772e-09,"Atypical B (ABC/DN2)","ICAM2","down"
3.76566769138406e-12,-1.28417635073518,0.115,0.212,7.08020839334031e-08,"Atypical B (ABC/DN2)","WDR11","down"
1.30126722051019e-09,-1.28106349591012,0.06,0.144,2.44664262800325e-05,"Atypical B (ABC/DN2)","CRIM1","down"
1.05657260343322e-09,-1.27224771759434,0.074,0.163,1.98656780897514e-05,"Atypical B (ABC/DN2)","KIAA0040","down"
3.90038066159641e-08,-1.26063315492536,0.087,0.169,0.000733349571993356,"Atypical B (ABC/DN2)","HDAC9","down"
4.21675025553e-19,-1.25938944417339,0.179,0.335,7.92833383044751e-15,"Atypical B (ABC/DN2)","NRIP1","down"
2.62477651014951e-10,-1.25773527096414,0.084,0.177,4.9351047943831e-06,"Atypical B (ABC/DN2)","SREBF1","down"
1.41920543366509e-30,-1.25747819861629,0.278,0.486,2.6683900563771e-26,"Atypical B (ABC/DN2)","P2RY10","down"
1.28697154233187e-06,-1.25717283457485,0.057,0.119,0.0241976389389238,"Atypical B (ABC/DN2)","TRDMT1","down"
7.34357283972425e-13,-1.25619178015417,0.116,0.23,1.38073856532495e-08,"Atypical B (ABC/DN2)","BTLA","down"
2.24150358783085e-121,-1.25457480413632,0.918,0.979,4.21447504583957e-117,"Atypical B (ABC/DN2)","CD83","down"
2.50108453283981e-06,-1.25358305258579,0.069,0.125,0.0470253913864541,"Atypical B (ABC/DN2)","ADA","down"
4.61136144340938e-47,-1.24624476868625,0.359,0.638,8.67028178589831e-43,"Atypical B (ABC/DN2)","IGHM","down"
2.75298424904351e-14,-1.24566709288939,0.241,0.39,5.1761609850516e-10,"Atypical B (ABC/DN2)","GADD45B","down"
7.58324999128465e-09,-1.24119251272856,0.1,0.166,0.000142580266336134,"Atypical B (ABC/DN2)","STEAP1B","down"
2.15138048285296e-08,-1.23970534732386,0.081,0.155,0.000404502558386013,"Atypical B (ABC/DN2)","GTF2H5","down"
1.0443050544383e-06,-1.23260428256999,0.045,0.105,0.0196350236335488,"Atypical B (ABC/DN2)","PCBP3","down"
2.24524115469505e-11,-1.23191170272533,0.081,0.183,4.22150241905764e-07,"Atypical B (ABC/DN2)","LGALS9","down"
2.22158707889598e-23,-1.22054545370081,0.242,0.428,4.17702802574022e-19,"Atypical B (ABC/DN2)","STMN1","down"
1.79591888198877e-17,-1.21479421797113,0.166,0.317,3.37668668191529e-13,"Atypical B (ABC/DN2)","ANKRD33B","down"
9.28975615368727e-31,-1.21370393780384,0.228,0.459,1.74665995201628e-26,"Atypical B (ABC/DN2)","CXCR5","down"
1.59574528626881e-85,-1.20002997742252,0.691,0.858,3.00032028724261e-81,"Atypical B (ABC/DN2)","SP100","down"
1.5341992989242e-13,-1.19829892383238,0.144,0.258,2.88460152183728e-09,"Atypical B (ABC/DN2)","DSE","down"
1.48763743497514e-15,-1.19148425158496,0.158,0.291,2.79705590524025e-11,"Atypical B (ABC/DN2)","IRAK2","down"
4.01756651537669e-37,-1.18480344580634,0.393,0.581,7.55382856221125e-33,"Atypical B (ABC/DN2)","INPP5D","down"
1.02035780990369e-09,-1.18272210532763,0.147,0.23,1.91847675418091e-05,"Atypical B (ABC/DN2)","PLPP5","down"
3.12081399342369e-08,-1.17977313882956,0.068,0.146,0.000586775447043521,"Atypical B (ABC/DN2)","CCDC191","down"
2.61807989986788e-06,-1.17888777168728,0.04,0.096,0.0492251382773159,"Atypical B (ABC/DN2)","USP53","down"
6.94237910499403e-09,-1.17838453269384,0.105,0.185,0.000130530611932098,"Atypical B (ABC/DN2)","MHENCR","down"
1.88019840670558e-09,-1.17162601736691,0.09,0.183,3.53514904428783e-05,"Atypical B (ABC/DN2)","LRRC8D","down"
4.9383143308739e-35,-1.15475663875173,0.465,0.598,9.28501860490911e-31,"Atypical B (ABC/DN2)","HLA-DRB5","down"
5.36801811609978e-07,-1.15377781677184,0.074,0.14,0.0100929476618908,"Atypical B (ABC/DN2)","PFKP","down"
2.10808068257095e-07,-1.14750069977373,0.073,0.145,0.00396361329936991,"Atypical B (ABC/DN2)","EBAG9","down"
4.89470652603112e-14,-1.14710513716482,0.157,0.27,9.20302721024372e-10,"Atypical B (ABC/DN2)","ENSG00000274265","down"
6.31216537161313e-08,-1.14691691314737,0.087,0.165,0.0011868133331707,"Atypical B (ABC/DN2)","PDE4DIP","down"
2.87214457267669e-26,-1.14490214332889,0.431,0.605,5.40020622554672e-22,"Atypical B (ABC/DN2)","H1-4","down"
3.23559232323946e-32,-1.14185135206111,0.376,0.563,6.08356068615483e-28,"Atypical B (ABC/DN2)","LYST","down"
3.28502375432258e-08,-1.14094356547445,0.097,0.17,0.000617650166287731,"Atypical B (ABC/DN2)","PGM2L1","down"
1.32722659930686e-11,-1.13524080094276,0.12,0.231,2.49545145201675e-07,"Atypical B (ABC/DN2)","PYCR2","down"
1.52130906533133e-06,-1.1312374742053,0.073,0.135,0.0286036530463598,"Atypical B (ABC/DN2)","STX17","down"
2.19345480823028e-50,-1.13034387985045,0.467,0.691,4.12413373043458e-46,"Atypical B (ABC/DN2)","R3HDM4","down"
2.23005010654447e-52,-1.13007026758574,0.472,0.726,4.19294021032491e-48,"Atypical B (ABC/DN2)","IFNGR2","down"
6.34578575259049e-37,-1.12547021756116,0.659,0.786,1.19313463720206e-32,"Atypical B (ABC/DN2)","CD69","down"
3.71787406585552e-16,-1.12545681562098,0.231,0.374,6.99034681862154e-12,"Atypical B (ABC/DN2)","GBP2","down"
5.71339283395695e-21,-1.12198999735162,0.237,0.401,1.07423212064058e-16,"Atypical B (ABC/DN2)","APPL1","down"
9.11986677927514e-22,-1.11934938181474,0.249,0.424,1.71471735183931e-17,"Atypical B (ABC/DN2)","TRAF4","down"
5.81171159200161e-07,-1.11929253798733,0.065,0.133,0.0109271801352814,"Atypical B (ABC/DN2)","KHDRBS3","down"
6.38353071917485e-18,-1.11779906510547,0.244,0.39,1.20023144581925e-13,"Atypical B (ABC/DN2)","POU2AF1","down"
3.06009042385759e-17,-1.11032458817358,0.194,0.346,5.75358201493704e-13,"Atypical B (ABC/DN2)","VPS13A","down"
2.88896975159979e-10,-1.10944345333967,0.137,0.236,5.43184092695793e-06,"Atypical B (ABC/DN2)","EEIG2","down"
2.56930576402214e-09,-1.106315637597,0.116,0.203,4.83080869751443e-05,"Atypical B (ABC/DN2)","SATB1","down"
6.81573014104229e-07,-1.10349646481113,0.073,0.142,0.0128149358111877,"Atypical B (ABC/DN2)","EMILIN2","down"
8.67300429638602e-20,-1.09975991478067,0.305,0.43,1.6306982678065e-15,"Atypical B (ABC/DN2)","IFNGR1","down"
1.9817796527131e-07,-1.09853273686437,0.082,0.155,0.00372614210303117,"Atypical B (ABC/DN2)","STAT2","down"
1.98590238842897e-06,-1.09192809388688,0.066,0.132,0.0373389367072415,"Atypical B (ABC/DN2)","TMEM238","down"
6.14733857392501e-19,-1.08538750868381,0.223,0.381,1.15582259866938e-14,"Atypical B (ABC/DN2)","TRAPPC5","down"
1.61006340087362e-11,-1.0850273505299,0.137,0.249,3.02724120632258e-07,"Atypical B (ABC/DN2)","DYNLT3","down"
3.75583969164653e-07,-1.08487093628562,0.094,0.164,0.00706172978823381,"Atypical B (ABC/DN2)","VRK1","down"
2.14215002794774e-11,-1.08274367299599,0.129,0.242,4.02767048254734e-07,"Atypical B (ABC/DN2)","ZMIZ2","down"
6.72160536015458e-16,-1.08092667687054,0.213,0.349,1.26379623981626e-11,"Atypical B (ABC/DN2)","LTA4H","down"
4.32244015943872e-09,-1.08039908179737,0.115,0.206,8.12705198777669e-05,"Atypical B (ABC/DN2)","FMNL3","down"
3.74279501065814e-39,-1.07639532033831,0.472,0.655,7.03720317903944e-35,"Atypical B (ABC/DN2)","DDX39A","down"
8.80927965908127e-07,-1.07311233939021,0.087,0.153,0.0165632076150046,"Atypical B (ABC/DN2)","CYP2R1","down"
2.49756543145619e-09,-1.07002838401809,0.118,0.212,4.69592252422393e-05,"Atypical B (ABC/DN2)","DLGAP4","down"
1.64121991239744e-16,-1.0695193372604,0.204,0.346,3.08582167928967e-12,"Atypical B (ABC/DN2)","SRPK1","down"
6.0436145411592e-07,-1.06845459900174,0.092,0.151,0.0113632040602875,"Atypical B (ABC/DN2)","SLC2A6","down"
6.22125455947795e-12,-1.06625379341747,0.163,0.277,1.16972028227304e-07,"Atypical B (ABC/DN2)","FAM117A","down"
1.51230259973437e-06,-1.06358020553418,0.086,0.151,0.0284343134802057,"Atypical B (ABC/DN2)","UBR5-DT","down"
5.32629784470507e-28,-1.06330787971874,0.409,0.573,1.00145052076145e-23,"Atypical B (ABC/DN2)","ARRDC2","down"
1.15816645010614e-07,-1.06106170392773,0.076,0.154,0.00217758455948956,"Atypical B (ABC/DN2)","TMEM87B","down"
2.77667623507125e-13,-1.05862520554621,0.187,0.312,5.22070665718096e-09,"Atypical B (ABC/DN2)","ARHGEF18","down"
1.36424229156007e-07,-1.05852502084841,0.06,0.132,0.00256504835659123,"Atypical B (ABC/DN2)","ICAM1","down"
2.22720519784607e-55,-1.05439868342594,0.578,0.78,4.18759121299018e-51,"Atypical B (ABC/DN2)","PARP14","down"
4.38805114423654e-15,-1.05226920037779,0.262,0.156,8.25041376139355e-11,"Atypical B (ABC/DN2)","HSPA1B","down"
2.82299814641839e-26,-1.05187855457573,0.417,0.586,5.30780111489586e-22,"Atypical B (ABC/DN2)","MARCKSL1","down"
8.61095136585035e-10,-1.04818485638942,0.094,0.191,1.61903107580718e-05,"Atypical B (ABC/DN2)","TRADD","down"
4.05478245415343e-20,-1.03848633672493,0.223,0.397,7.62380197029928e-16,"Atypical B (ABC/DN2)","DDX18","down"
1.25787282957222e-08,-1.0384038089603,0.118,0.207,0.000236505249416168,"Atypical B (ABC/DN2)","RAD51B","down"
9.59664199429009e-22,-1.03834056998344,0.317,0.479,1.80436062776642e-17,"Atypical B (ABC/DN2)","SESTD1","down"
1.85610358152576e-06,-1.03251129494285,0.089,0.149,0.0348984595398473,"Atypical B (ABC/DN2)","JAK3","down"
5.49626275104321e-09,-1.02836012720054,0.123,0.216,0.000103340732245114,"Atypical B (ABC/DN2)","NUP62","down"
1.43128110694283e-64,-1.02780357133222,0.658,0.832,2.69109473727391e-60,"Atypical B (ABC/DN2)","GAS5","down"
1.41470354262938e-17,-1.02653714891133,0.296,0.441,2.65992560085175e-13,"Atypical B (ABC/DN2)","PLCL2","down"
2.00089919435707e-07,-1.01899869549069,0.097,0.178,0.00376209066523015,"Atypical B (ABC/DN2)","STARD10","down"
2.21858561340242e-12,-1.01195119862741,0.152,0.272,4.17138467031924e-08,"Atypical B (ABC/DN2)","SLC15A4","down"
3.15936165991419e-12,-1.01118669881621,0.166,0.28,5.94023179297065e-08,"Atypical B (ABC/DN2)","IRF2BPL","down"
4.37986277120833e-08,-1.00028574584012,0.131,0.193,0.00082350179824259,"Atypical B (ABC/DN2)","STAM","down"
4.01926617327743e-08,-0.991975470390931,0.12,0.208,0.000755702425899623,"Atypical B (ABC/DN2)","PLK3","down"
3.11470068379697e-26,-0.991103262001233,0.321,0.521,5.85626022567506e-22,"Atypical B (ABC/DN2)","MARCHF3","down"
2.29962822541494e-07,-0.986404667528703,0.136,0.214,0.00432376098942518,"Atypical B (ABC/DN2)","AP1S3","down"
1.86794975946001e-21,-0.984054381938692,0.326,0.485,3.51211913773671e-17,"Atypical B (ABC/DN2)","RRAS2","down"
2.42405257167017e-25,-0.983927373486842,0.394,0.564,4.55770364525425e-21,"Atypical B (ABC/DN2)","PRKCB","down"
2.30961291533881e-14,-0.982579016740929,0.202,0.349,4.34253420342002e-10,"Atypical B (ABC/DN2)","NEIL1","down"
2.94208401459865e-09,-0.977222883847764,0.152,0.24,5.53170636424839e-05,"Atypical B (ABC/DN2)","CCDC18-AS1","down"
2.48361840635826e-06,-0.973863152242291,0.092,0.16,0.0466969932763481,"Atypical B (ABC/DN2)","APBA3","down"
1.33096094144827e-06,-0.971443915087695,0.09,0.165,0.0250247276211105,"Atypical B (ABC/DN2)","TMEM163","down"
2.77418924968602e-11,-0.96277862862425,0.191,0.295,5.21603062725965e-07,"Atypical B (ABC/DN2)","NCF1","down"
7.21988566061214e-08,-0.958310958925815,0.099,0.184,0.0013574829019083,"Atypical B (ABC/DN2)","RHBDD1","down"
3.43310750868279e-07,-0.95639795305692,0.137,0.184,0.00645492873782539,"Atypical B (ABC/DN2)","MGAT1","down"
2.1614651582939e-17,-0.956309941334126,0.267,0.413,4.0639867906242e-13,"Atypical B (ABC/DN2)","TRIM22","down"
2.45468533824216e-06,-0.956279539333224,0.082,0.152,0.0461529937296291,"Atypical B (ABC/DN2)","RAB33B-AS1","down"
3.32328503174254e-10,-0.950537807695649,0.212,0.138,6.24844051668233e-06,"Atypical B (ABC/DN2)","HSPA1A","down"
5.63389796406925e-16,-0.946624099849629,0.228,0.378,1.0592854952043e-11,"Atypical B (ABC/DN2)","COX7A2L","down"
2.31016549005208e-16,-0.939701151587839,0.286,0.424,4.34357315439592e-12,"Atypical B (ABC/DN2)","DIPK1A","down"
2.12800457989933e-16,-0.935708887205999,0.284,0.431,4.00107421112672e-12,"Atypical B (ABC/DN2)","ALOX5","down"
2.69648912427062e-48,-0.934267235670533,0.625,0.801,5.06993885145363e-44,"Atypical B (ABC/DN2)","NFKB2","down"
3.53508055471814e-07,-0.926205761208828,0.121,0.193,0.00664665845898104,"Atypical B (ABC/DN2)","MRPL28","down"
6.92634451187744e-29,-0.922413678451993,0.498,0.646,1.3022912951232e-24,"Atypical B (ABC/DN2)","PDCD4","down"
1.17224554200498e-46,-0.919071846132032,0.85,0.917,2.20405606807776e-42,"Atypical B (ABC/DN2)","CD55","down"
4.6719397176921e-07,-0.913605343221908,0.126,0.198,0.00878418105720469,"Atypical B (ABC/DN2)","BET1","down"
2.26601540283508e-09,-0.912108756345572,0.17,0.265,4.26056216041052e-05,"Atypical B (ABC/DN2)","RCN2","down"
7.18740155481121e-08,-0.909395087335467,0.145,0.23,0.0013513752403356,"Atypical B (ABC/DN2)","RASAL3","down"
2.99983622511464e-20,-0.908773641179191,0.338,0.481,5.64029207046055e-16,"Atypical B (ABC/DN2)","PRMT1","down"
2.06245952408015e-15,-0.908414531623283,0.278,0.428,3.87783639717551e-11,"Atypical B (ABC/DN2)","ADAM7-AS1","down"
6.04745133726313e-14,-0.906932219263852,0.252,0.369,1.13704180043221e-09,"Atypical B (ABC/DN2)","CD2AP","down"
2.20663244262589e-08,-0.905618487897754,0.166,0.243,0.00041489103186252,"Atypical B (ABC/DN2)","METTL21A","down"
1.26052334439562e-08,-0.901314194537495,0.152,0.242,0.000237003599213265,"Atypical B (ABC/DN2)","ABCC1","down"
1.78468408776095e-10,-0.901265043952139,0.187,0.285,3.35556302180813e-06,"Atypical B (ABC/DN2)","ZCCHC10","down"
1.35603643483801e-12,-0.899911512166753,0.149,0.279,2.54961970478243e-08,"Atypical B (ABC/DN2)","ST6GALNAC3","down"
1.1914069426721e-06,-0.895950087159449,0.128,0.18,0.0224008333361209,"Atypical B (ABC/DN2)","MEX3C","down"
8.19532606177245e-09,-0.895596821543844,0.17,0.26,0.000154088520613446,"Atypical B (ABC/DN2)","YIPF5","down"
5.70188459614025e-53,-0.893346605375548,0.746,0.852,1.07206834176629e-48,"Atypical B (ABC/DN2)","GPX4","down"
7.55040884337894e-11,-0.892952883045096,0.183,0.297,1.41962787073211e-06,"Atypical B (ABC/DN2)","MAPKAPK2","down"
1.48824995587971e-20,-0.892560290248682,0.37,0.523,2.79820756704503e-16,"Atypical B (ABC/DN2)","SMDT1","down"
4.5003552877098e-28,-0.889674656695947,0.677,0.743,8.46156801195197e-24,"Atypical B (ABC/DN2)","ZFP36L2","down"
4.95856361115278e-29,-0.883938599562037,0.672,0.762,9.32309130168946e-25,"Atypical B (ABC/DN2)","IRF1","down"
2.26813500171031e-16,-0.880363708018095,0.423,0.508,4.26454743021573e-12,"Atypical B (ABC/DN2)","IRF4","down"
3.38270875892119e-07,-0.873902916240755,0.153,0.236,0.00636016900852363,"Atypical B (ABC/DN2)","IMMP2L","down"
3.43271102311273e-07,-0.870490606961337,0.142,0.215,0.00645418326565656,"Atypical B (ABC/DN2)","SVIP","down"
2.5447528631965e-14,-0.869583052496746,0.307,0.421,4.78464433338207e-10,"Atypical B (ABC/DN2)","FMNL1-DT","down"
7.20977392615597e-16,-0.868453950220183,0.359,0.463,1.35558169359584e-11,"Atypical B (ABC/DN2)","TSPAN33","down"
7.22682173448564e-08,-0.867520142664658,0.153,0.234,0.00135878702251799,"Atypical B (ABC/DN2)","MCM7","down"
2.06796785930097e-09,-0.865202337643592,0.181,0.279,3.88819316905768e-05,"Atypical B (ABC/DN2)","EMC6","down"
9.5407866493273e-07,-0.865081909455587,0.144,0.214,0.0179385870580652,"Atypical B (ABC/DN2)","ENSG00000290569","down"
2.28470019663731e-07,-0.862669237632422,0.152,0.226,0.00429569330971746,"Atypical B (ABC/DN2)","RBMS1","down"
5.36453376834964e-12,-0.861943673477379,0.234,0.35,1.0086396391251e-07,"Atypical B (ABC/DN2)","LSM5","down"
6.84745746711533e-20,-0.859864399356912,0.391,0.507,1.28745895296703e-15,"Atypical B (ABC/DN2)","CHMP4B","down"
2.14551366992534e-26,-0.857895714955286,0.478,0.618,4.03399480219362e-22,"Atypical B (ABC/DN2)","HIF1A","down"
1.2271824620365e-12,-0.854323199364252,0.267,0.386,2.30734846512102e-08,"Atypical B (ABC/DN2)","TBC1D1","down"
4.42275421063386e-09,-0.852997076833299,0.204,0.304,8.31566246683379e-05,"Atypical B (ABC/DN2)","ZBTB10","down"
7.07914373961953e-07,-0.850945420364421,0.155,0.214,0.0133102060592326,"Atypical B (ABC/DN2)","TAPT1","down"
6.6399031689227e-12,-0.849255214943109,0.268,0.366,1.24843459382085e-07,"Atypical B (ABC/DN2)","ITPR1","down"
7.64764744615071e-18,-0.845839656818311,0.467,0.585,1.43791067282526e-13,"Atypical B (ABC/DN2)","TXNIP","down"
1.26412727705108e-21,-0.84401717559134,0.46,0.587,2.37681210631144e-17,"Atypical B (ABC/DN2)","RAB11A","down"
3.56797261695461e-07,-0.839890391083266,0.152,0.226,0.00670850211439805,"Atypical B (ABC/DN2)","GRK6","down"
4.82293001298601e-50,-0.839639317822335,0.754,0.902,9.0680730104163e-46,"Atypical B (ABC/DN2)","FOXP1","down"
9.48712330030124e-11,-0.83539034145114,0.215,0.332,1.78376892292264e-06,"Atypical B (ABC/DN2)","SDHC","down"
1.57575970853295e-06,-0.824287749946896,0.237,0.328,0.0296274340398365,"Atypical B (ABC/DN2)","MYC","down"
9.25645570177444e-19,-0.822632224599298,0.412,0.563,1.74039880104763e-14,"Atypical B (ABC/DN2)","ARHGAP24","down"
3.58682340760265e-24,-0.822431118354797,0.473,0.627,6.7439453709745e-20,"Atypical B (ABC/DN2)","SELENOH","down"
3.55501275264197e-21,-0.821756250065482,0.456,0.573,6.68413497751744e-17,"Atypical B (ABC/DN2)","RHOF","down"
1.80888485165471e-07,-0.820454754197674,0.128,0.217,0.00340106529808118,"Atypical B (ABC/DN2)","OGFRL1","down"
1.13682127577789e-19,-0.8193325059057,0.407,0.545,2.13745136271758e-15,"Atypical B (ABC/DN2)","RPA3","down"
4.87765369097732e-09,-0.813514270220678,0.204,0.291,9.17096446977557e-05,"Atypical B (ABC/DN2)","NDE1","down"
2.22522002554092e-07,-0.811306806404737,0.199,0.281,0.00418385869202204,"Atypical B (ABC/DN2)","AGPAT5","down"
4.23624255625549e-07,-0.809103761444335,0.165,0.235,0.00796498325427157,"Atypical B (ABC/DN2)","MPG","down"
5.14212010505686e-18,-0.808178223956761,0.452,0.568,9.66821422152792e-14,"Atypical B (ABC/DN2)","ZCCHC7","down"
1.53287338926082e-08,-0.807517146870368,0.192,0.285,0.000288210854648819,"Atypical B (ABC/DN2)","IPO5","down"
7.60327781265529e-07,-0.80691506322061,0.142,0.226,0.0142956829433545,"Atypical B (ABC/DN2)","DOCK9","down"
1.24567673466726e-13,-0.80183598178452,0.286,0.416,2.34212139652139e-09,"Atypical B (ABC/DN2)","TOMM22","down"
4.26104729961336e-15,-0.79869783927912,0.342,0.484,8.01162113273304e-11,"Atypical B (ABC/DN2)","CLEC17A","down"
2.22367693496475e-71,-0.798454196482378,0.871,0.931,4.18095737312073e-67,"Atypical B (ABC/DN2)","HINT1","down"
2.74327827684062e-21,-0.794851805168023,0.792,0.815,5.15791181611574e-17,"Atypical B (ABC/DN2)","UCP2","down"
3.50105059406855e-16,-0.792853214003654,0.349,0.466,6.58267532696769e-12,"Atypical B (ABC/DN2)","PSME2","down"
6.91464526904555e-11,-0.790435837092679,0.226,0.293,1.30009160348594e-06,"Atypical B (ABC/DN2)","GFUS","down"
7.55941519103289e-12,-0.788157823206972,0.221,0.355,1.421321244218e-07,"Atypical B (ABC/DN2)","PARVB","down"
2.46726363458466e-10,-0.785546211269272,0.257,0.362,4.63894908574608e-06,"Atypical B (ABC/DN2)","SPIDR","down"
6.6170919419395e-25,-0.785530280476119,0.627,0.698,1.24414562692346e-20,"Atypical B (ABC/DN2)","TLE5","down"
1.93023000753608e-07,-0.783134241539133,0.186,0.276,0.00362921846016934,"Atypical B (ABC/DN2)","LPIN1","down"
1.12740318708787e-12,-0.781033775485055,0.342,0.462,2.11974347236262e-08,"Atypical B (ABC/DN2)","SLC12A6","down"
7.29937298168504e-10,-0.776970310280784,0.263,0.362,1.37242810801642e-05,"Atypical B (ABC/DN2)","IL4R","down"
5.79949342186767e-07,-0.774635443922894,0.173,0.238,0.0109042075317956,"Atypical B (ABC/DN2)","SRSF8","down"
2.12581548437655e-06,-0.774130054470358,0.173,0.241,0.0399695827372479,"Atypical B (ABC/DN2)","FKBP4","down"
1.68822437230462e-11,-0.77344396441917,0.268,0.366,3.17419946480715e-07,"Atypical B (ABC/DN2)","MRPL14","down"
5.99838657270329e-08,-0.771470509318055,0.187,0.28,0.00112781664339967,"Atypical B (ABC/DN2)","MIOS","down"
6.263582728575e-07,-0.770711975033009,0.162,0.249,0.0117767882462667,"Atypical B (ABC/DN2)","LARS1","down"
1.77272534769152e-07,-0.769592078633032,0.181,0.255,0.00333307819872959,"Atypical B (ABC/DN2)","NDUFAF4","down"
2.32797788142922e-06,-0.768918276673879,0.149,0.229,0.0437706401266321,"Atypical B (ABC/DN2)","NELFCD","down"
5.96908185745736e-09,-0.764360424015801,0.233,0.333,0.000112230677083913,"Atypical B (ABC/DN2)","EMB","down"
6.2108126758248e-29,-0.763017916529375,0.572,0.707,1.16775699930858e-24,"Atypical B (ABC/DN2)","HMGN1","down"
2.41558506699002e-07,-0.759918197131875,0.2,0.279,0.00454178304295463,"Atypical B (ABC/DN2)","HNRNPH2","down"
4.44725278560074e-13,-0.757666931258474,0.286,0.433,8.36172468748652e-09,"Atypical B (ABC/DN2)","DARS1","down"
1.31069140412669e-07,-0.756691083852947,0.192,0.273,0.002464361978039,"Atypical B (ABC/DN2)","ALDH16A1","down"
2.94748124616909e-12,-0.751282581300116,0.294,0.385,5.54185423904713e-08,"Atypical B (ABC/DN2)","VEGFB","down"
1.27156653235087e-08,-0.748936016968331,0.231,0.328,0.00023907993941261,"Atypical B (ABC/DN2)","DENND3","down"
4.4800641018073e-07,-0.745171639209136,0.186,0.257,0.00842341652421809,"Atypical B (ABC/DN2)","DCK","down"
1.59794441401343e-10,-0.734513517143831,0.263,0.379,3.00445508722806e-06,"Atypical B (ABC/DN2)","OFD1","down"
1.46901682549606e-11,-0.734444523942906,0.299,0.408,2.7620454352977e-07,"Atypical B (ABC/DN2)","RRP7A","down"
3.57368818199879e-14,-0.728723528463417,0.378,0.47,6.71924851979412e-10,"Atypical B (ABC/DN2)","POLD4","down"
1.5732679195315e-22,-0.724935931184147,0.583,0.709,2.95805834230313e-18,"Atypical B (ABC/DN2)","BASP1","down"
3.63440527264328e-11,-0.722997135249035,0.317,0.42,6.83340879362389e-07,"Atypical B (ABC/DN2)","HIP1R","down"
5.01378037480683e-07,-0.722851079437965,0.205,0.281,0.0094269098607118,"Atypical B (ABC/DN2)","E2F5","down"
1.46219891438589e-30,-0.722528719930409,0.582,0.714,2.74922639882836e-26,"Atypical B (ABC/DN2)","NAP1L1","down"
9.99453086156274e-13,-0.719549640281027,0.362,0.476,1.87917169259103e-08,"Atypical B (ABC/DN2)","WHAMM","down"
6.3431761396365e-09,-0.719392635055218,0.312,0.398,0.000119264397777445,"Atypical B (ABC/DN2)","H1-2","down"
1.97160100662631e-24,-0.718553194866854,0.696,0.75,3.70700421265879e-20,"Atypical B (ABC/DN2)","HSP90B1","down"
8.90481975438462e-33,-0.717176445372325,0.666,0.788,1.6742842102194e-28,"Atypical B (ABC/DN2)","SNHG6","down"
4.76344427057714e-07,-0.715426277931457,0.21,0.275,0.00895622791753914,"Atypical B (ABC/DN2)","GNA12","down"
1.62682898246667e-08,-0.712786805002707,0.242,0.336,0.000305876385283384,"Atypical B (ABC/DN2)","CBX3","down"
4.64877199052271e-35,-0.712183110048768,0.522,0.76,8.7406210965808e-31,"Atypical B (ABC/DN2)","YBX3","down"
1.06410354161976e-16,-0.711407224523622,0.546,0.664,2.00072747895347e-12,"Atypical B (ABC/DN2)","ADAM28","down"
1.17634118796967e-09,-0.711265229241434,0.283,0.379,2.21175670162057e-05,"Atypical B (ABC/DN2)","PAK1","down"
7.59368399887683e-15,-0.709118529288776,0.409,0.529,1.42776446546882e-10,"Atypical B (ABC/DN2)","IFI16","down"
6.44848298169798e-07,-0.708142321691095,0.205,0.288,0.0121244377021885,"Atypical B (ABC/DN2)","ARAP2","down"
4.25094948005512e-10,-0.706900942069982,0.294,0.403,7.99263521239964e-06,"Atypical B (ABC/DN2)","RTCB","down"
1.06191443175244e-10,-0.703324417731813,0.289,0.408,1.99661151458094e-06,"Atypical B (ABC/DN2)","SNHG7","down"
2.51849080467872e-07,-0.703204930286789,0.212,0.281,0.00473526641095693,"Atypical B (ABC/DN2)","MTHFS","down"
5.42117198837011e-32,-0.70289770099464,0.661,0.829,1.01928875725335e-27,"Atypical B (ABC/DN2)","NFKBIA","down"
1.15085768354787e-15,-0.699537027353641,0.546,0.603,2.1638426166067e-11,"Atypical B (ABC/DN2)","UBALD2","down"
5.86322503755377e-07,-0.695847893364761,0.183,0.276,0.0110240357156086,"Atypical B (ABC/DN2)","SYNE2","down"
1.71583355148879e-10,-0.691127655404833,0.338,0.419,3.22611024350923e-06,"Atypical B (ABC/DN2)","RNF145","down"
1.51191980526669e-09,-0.690655578641709,0.254,0.376,2.84271161786242e-05,"Atypical B (ABC/DN2)","CAMTA1","down"
4.00913948881757e-08,-0.690303049226569,0.237,0.311,0.00075379840668748,"Atypical B (ABC/DN2)","MIA2","down"
1.49418372779731e-06,-0.69002513969199,0.186,0.243,0.028093642450045,"Atypical B (ABC/DN2)","ME2","down"
4.49251756324591e-23,-0.689814715547227,0.659,0.712,8.44683152241496e-19,"Atypical B (ABC/DN2)","OSBPL8","down"
2.55244236653409e-249,-0.688234879687935,1,1,4.79910213755739e-245,"Atypical B (ABC/DN2)","RPS23","down"
3.39097217856309e-07,-0.682872726038777,0.229,0.318,0.00637570589013431,"Atypical B (ABC/DN2)","STK38","down"
1.22897588962746e-08,-0.682374639386495,0.278,0.363,0.000231072046767756,"Atypical B (ABC/DN2)","PDXDC1","down"
2.85831163191519e-08,-0.680399834494993,0.212,0.266,0.000537419753032694,"Atypical B (ABC/DN2)","DNMT1","down"
1.26979227772587e-13,-0.676928048258646,0.401,0.503,2.38746344058017e-09,"Atypical B (ABC/DN2)","PSMA1","down"
3.87763362000921e-08,-0.675085363478332,0.258,0.33,0.000729072673234132,"Atypical B (ABC/DN2)","CSNK1G3","down"
9.51445989995716e-212,-0.674085746272604,1,1,1.78890875038995e-207,"Atypical B (ABC/DN2)","RPS8","down"
3.45922681275081e-07,-0.673282345191465,0.223,0.302,0.00650403825333408,"Atypical B (ABC/DN2)","SEPTIN1","down"
2.29715741023583e-06,-0.671969614916397,0.187,0.258,0.0431911536272541,"Atypical B (ABC/DN2)","ABCF2","down"
3.50467546847684e-100,-0.665530581097263,0.987,0.994,6.58949081583015e-96,"Atypical B (ABC/DN2)","EEF1B2","down"
5.67673976682493e-07,-0.662195065930244,0.226,0.297,0.0106734061095842,"Atypical B (ABC/DN2)","EPB41L4A-AS1","down"
7.44973968776135e-12,-0.659841824678143,0.389,0.492,1.40070005609289e-07,"Atypical B (ABC/DN2)","PIK3CA","down"
1.38901383418929e-125,-0.658943443442037,0.998,0.999,2.6116238110427e-121,"Atypical B (ABC/DN2)","RPS4X","down"
4.14998639601767e-10,-0.658583930696844,0.373,0.461,7.80280442179242e-06,"Atypical B (ABC/DN2)","RALA","down"
2.0639256764397e-10,-0.657960133217851,0.307,0.345,3.88059305684191e-06,"Atypical B (ABC/DN2)","MBNL2","down"
2.23209662558039e-23,-0.654991412681521,0.683,0.763,4.19678807541625e-19,"Atypical B (ABC/DN2)","PLEKHG1","down"
1.17510263248342e-07,-0.650043042454273,0.233,0.311,0.00220942796959532,"Atypical B (ABC/DN2)","MZT2A","down"
9.04979600376512e-07,-0.649778858481125,0.225,0.282,0.0170154264462792,"Atypical B (ABC/DN2)","ARHGEF7","down"
3.80706169430049e-50,-0.64867332546946,0.869,0.93,7.15803739762378e-46,"Atypical B (ABC/DN2)","COX7C","down"
1.40164166932895e-24,-0.644841207685134,0.616,0.743,2.63536666667229e-20,"Atypical B (ABC/DN2)","EIF3E","down"
2.3280608282327e-24,-0.640635359483895,0.624,0.699,4.37721996924312e-20,"Atypical B (ABC/DN2)","PSME1","down"
1.55346864877044e-113,-0.639025490952934,0.998,0.998,2.92083175341819e-109,"Atypical B (ABC/DN2)","RPSA","down"
1.8951215835172e-12,-0.638106450836867,0.401,0.51,3.56320760132904e-08,"Atypical B (ABC/DN2)","CHD4","down"
1.105350929446e-25,-0.635929292617193,0.704,0.801,2.07828081754436e-21,"Atypical B (ABC/DN2)","IL2RG","down"
1.56317458024631e-113,-0.633484971636168,0.994,0.998,2.93908084577911e-109,"Atypical B (ABC/DN2)","RPS24","down"
1.35947582247068e-08,-0.630119286921764,0.278,0.341,0.000255608644140938,"Atypical B (ABC/DN2)","EVL","down"
3.02526965593744e-08,-0.629128454125109,0.305,0.365,0.000568811200709358,"Atypical B (ABC/DN2)","UBE2D1","down"
2.86522919470344e-83,-0.627160958188023,0.971,0.98,5.38720393188142e-79,"Atypical B (ABC/DN2)","APOO","down"
3.03909428907979e-14,-0.626314872507825,0.607,0.694,5.71410508232783e-10,"Atypical B (ABC/DN2)","GNG2","down"
2.43308798224659e-107,-0.624957074276947,0.997,0.997,4.57469202422004e-103,"Atypical B (ABC/DN2)","RACK1","down"
3.21260558687245e-07,-0.622970979163277,0.22,0.276,0.00604034102443757,"Atypical B (ABC/DN2)","COPS5","down"
1.37673585477505e-09,-0.621968795407729,0.355,0.45,2.58853875414805e-05,"Atypical B (ABC/DN2)","UTRN","down"
3.42674353384032e-143,-0.620804710631864,1,0.998,6.44296319232657e-139,"Atypical B (ABC/DN2)","RPS5","down"
1.24184147128787e-06,-0.61824638340594,0.233,0.296,0.0233491033431546,"Atypical B (ABC/DN2)","MAP2K4","down"
1.00699378869006e-179,-0.617985794101778,0.998,1,1.89334972149505e-175,"Atypical B (ABC/DN2)","RPL34","down"
7.70744652826625e-08,-0.615076400824248,0.326,0.405,0.00144915409624462,"Atypical B (ABC/DN2)","AFF1","down"
6.9845121826244e-21,-0.604958977910241,0.601,0.667,1.31322798057704e-16,"Atypical B (ABC/DN2)","ELOVL5","down"
8.82845705691526e-11,-0.604802617623428,0.525,0.605,1.65992649584121e-06,"Atypical B (ABC/DN2)","NFKBID","down"
1.53404360954901e-65,-0.602562493686624,0.943,0.968,2.88430879467404e-61,"Atypical B (ABC/DN2)","RPL7","down"
6.71229501731755e-09,-0.602070513614955,0.326,0.41,0.000126204570915605,"Atypical B (ABC/DN2)","IFNAR1","down"
5.61959723078455e-09,-0.601731276322422,0.289,0.344,0.000105659667133211,"Atypical B (ABC/DN2)","ZNF326","down"
4.85572359967318e-07,-0.597195355306094,0.325,0.405,0.0091297315121055,"Atypical B (ABC/DN2)","CMTM7","down"
9.53371605745095e-14,-0.595842336491595,0.456,0.568,1.79252929312193e-09,"Atypical B (ABC/DN2)","FBL","down"
8.99839879379233e-10,-0.592344223837738,0.331,0.378,1.69187894120883e-05,"Atypical B (ABC/DN2)","AP1B1","down"
2.68847100815004e-15,-0.591217764183189,0.569,0.664,5.0548631895237e-11,"Atypical B (ABC/DN2)","RIPOR1","down"
9.93890091014078e-18,-0.586867656021602,0.577,0.712,1.86871214912467e-13,"Atypical B (ABC/DN2)","RELB","down"
1.5325098722485e-35,-0.58500982308118,0.911,0.927,2.88142506180163e-31,"Atypical B (ABC/DN2)","SYNGR2","down"
2.32414995515162e-06,-0.584144111022369,0.284,0.34,0.0436986674567608,"Atypical B (ABC/DN2)","STAT1","down"
3.68930311812343e-61,-0.579290223009249,0.995,0.998,6.93662772269567e-57,"Atypical B (ABC/DN2)","CD37","down"
1.35799529699293e-15,-0.578005036938815,0.528,0.605,2.55330275740611e-11,"Atypical B (ABC/DN2)","ANAPC16","down"
1.41756184788325e-60,-0.576110930769672,0.955,0.974,2.66529978639009e-56,"Atypical B (ABC/DN2)","RPS20","down"
1.86547950640082e-103,-0.574179134697312,0.997,0.997,3.50747456793482e-99,"Atypical B (ABC/DN2)","RPL5","down"
4.20802802274248e-11,-0.57303062254048,0.394,0.511,7.9119342883604e-07,"Atypical B (ABC/DN2)","CNN2","down"
1.55764920148471e-10,-0.572176630289491,0.514,0.577,2.92869202863156e-06,"Atypical B (ABC/DN2)","SPIB","down"
1.14007715604787e-08,-0.57118212134506,0.315,0.395,0.000214357306880121,"Atypical B (ABC/DN2)","SDHD","down"
1.44999202108895e-15,-0.570922529670619,0.653,0.717,2.72627499805144e-11,"Atypical B (ABC/DN2)","LSM7","down"
1.2180253186398e-15,-0.569902682559858,0.501,0.572,2.29013120410655e-11,"Atypical B (ABC/DN2)","TAPBP","down"
2.53778825497295e-09,-0.566608040871483,0.422,0.466,4.77154947700013e-05,"Atypical B (ABC/DN2)","ANTXR2","down"
2.75177510069367e-08,-0.565944649015561,0.351,0.444,0.000517388754432424,"Atypical B (ABC/DN2)","SMARCC1","down"
1.29199553978205e-13,-0.565860719891971,0.511,0.605,2.42921001389821e-09,"Atypical B (ABC/DN2)","ST13","down"
2.59649734613407e-08,-0.565725709419946,0.333,0.404,0.000488193431020128,"Atypical B (ABC/DN2)","SNRPE","down"
9.27843710455899e-119,-0.562246411241402,1,0.999,1.74453174439918e-114,"Atypical B (ABC/DN2)","RPL3","down"
1.93825418320129e-150,-0.561318937154099,0.998,1,3.64430551525506e-146,"Atypical B (ABC/DN2)","RPS3A","down"
2.16375060470799e-13,-0.560136335847912,0.515,0.607,4.06828388697197e-09,"Atypical B (ABC/DN2)","EPS15","down"
6.6686332847976e-155,-0.555086132436339,1,1,1.25383643020765e-150,"Atypical B (ABC/DN2)","RPL18A","down"
9.6036337140162e-07,-0.554613615066556,0.297,0.386,0.0180567521090933,"Atypical B (ABC/DN2)","LAMTOR1","down"
1.03058742527868e-131,-0.554323913659514,1,0.999,1.93771047700897e-127,"Atypical B (ABC/DN2)","RPL8","down"
7.27275214702195e-88,-0.552525952550834,0.998,0.999,1.36742285868307e-83,"Atypical B (ABC/DN2)","RPLP0","down"
5.685903386905e-13,-0.55046730405566,0.53,0.608,1.06906355480588e-08,"Atypical B (ABC/DN2)","ZNF267","down"
4.49917992062565e-15,-0.543570236904228,0.519,0.57,8.45935808676035e-11,"Atypical B (ABC/DN2)","STAT6","down"
3.95541953942966e-09,-0.542963591166058,0.376,0.442,7.43697981803564e-05,"Atypical B (ABC/DN2)","C1QBP","down"
5.22937234327744e-09,-0.542946122216487,0.422,0.498,9.83226587983024e-05,"Atypical B (ABC/DN2)","TCF12","down"
1.24356296728578e-06,-0.542378159354712,0.273,0.326,0.0233814709109073,"Atypical B (ABC/DN2)","DTX3L","down"
1.7499823959922e-06,-0.542247562276698,0.275,0.326,0.0329031690094454,"Atypical B (ABC/DN2)","KRCC1","down"
6.53536878884541e-08,-0.541503278990974,0.346,0.426,0.00122878003967871,"Atypical B (ABC/DN2)","AGFG1","down"
9.34668956126317e-123,-0.537963187361268,1,0.999,1.7573645713087e-118,"Atypical B (ABC/DN2)","RPL29","down"
6.31398064070902e-07,-0.536451886608548,0.3,0.357,0.0118715464006611,"Atypical B (ABC/DN2)","SMARCB1","down"
3.389894023257e-58,-0.534244470693911,0.994,0.995,6.37367874252781e-54,"Atypical B (ABC/DN2)","H3-3A","down"
1.49793724733831e-10,-0.534190766178768,0.436,0.487,2.81642161244549e-06,"Atypical B (ABC/DN2)","SETX","down"
6.82142202597213e-08,-0.533311016951027,0.365,0.443,0.00128256376932328,"Atypical B (ABC/DN2)","IMPDH2","down"
3.00077100346374e-19,-0.530757071217574,0.68,0.754,5.64204964071252e-15,"Atypical B (ABC/DN2)","CAST","down"
1.21574220638628e-10,-0.529954106155969,0.475,0.566,2.28583849644748e-06,"Atypical B (ABC/DN2)","UQCR10","down"
1.12507084507995e-128,-0.527773314706244,1,0.999,2.11535820291933e-124,"Atypical B (ABC/DN2)","RPL35A","down"
1.50797670514258e-09,-0.525360822788436,0.452,0.522,2.83529780100908e-05,"Atypical B (ABC/DN2)","RBM17","down"
2.54728121754925e-08,-0.525112674873567,0.372,0.435,0.00047893981452361,"Atypical B (ABC/DN2)","TMBIM4","down"
5.41296999989487e-13,-0.521575261466916,0.551,0.641,1.01774661938023e-08,"Atypical B (ABC/DN2)","UBE2R2","down"
8.16957527231127e-18,-0.513009877850142,0.758,0.796,1.53604354269996e-13,"Atypical B (ABC/DN2)","H4C3","down"
2.34673042804985e-11,-0.512094017153577,0.452,0.504,4.41232255081933e-07,"Atypical B (ABC/DN2)","ZNF292","down"
3.1551249174314e-145,-0.511988972292897,1,1,5.93226586975452e-141,"Atypical B (ABC/DN2)","RPL13","down"
5.37499542011422e-10,-0.510323992340839,0.426,0.491,1.01060663888988e-05,"Atypical B (ABC/DN2)","MAPK1","down"
2.4400598329283e-144,-0.509283182681739,0.998,1,4.5878004978718e-140,"Atypical B (ABC/DN2)","RPL30","down"
1.71400871841333e-14,-0.507354747661533,0.514,0.567,3.22267919236074e-10,"Atypical B (ABC/DN2)","PDCD6","down"
2.14412626717982e-22,-0.504480061400987,0.769,0.827,4.0313862075515e-18,"Atypical B (ABC/DN2)","SET","down"
3.42013528540202e-146,-0.503821109787197,1,1,6.43053836361288e-142,"Atypical B (ABC/DN2)","RPL32","down"
1.17809253417243e-06,-0.501072579603247,0.401,0.47,0.02215049582751,"Atypical B (ABC/DN2)","ENSG00000289963","down"
4.66532725418441e-11,-0.500542596941388,0.486,0.556,8.77174830331753e-07,"Atypical B (ABC/DN2)","CCT7","down"
1.65701484469289e-09,-0.500403724171143,0.405,0.458,3.11551931099157e-05,"Atypical B (ABC/DN2)","ATP5PF","down"
7.58458582361553e-13,-0.497861530302538,0.481,0.531,1.42605382655619e-08,"Atypical B (ABC/DN2)","DAD1","down"
8.80931850022154e-26,-0.497307617710192,0.948,0.932,1.65632806441165e-21,"Atypical B (ABC/DN2)","CYTIP","down"
3.60569961840277e-12,-0.496650384937439,0.585,0.621,6.77943642252089e-08,"Atypical B (ABC/DN2)","LYSMD2","down"
4.46705707512336e-18,-0.496145373404784,0.929,0.943,8.39896071264695e-14,"Atypical B (ABC/DN2)","SQSTM1","down"
6.5956250453919e-10,-0.495959143550541,0.447,0.519,1.24010942103459e-05,"Atypical B (ABC/DN2)","PCBP2","down"
1.25637506771819e-09,-0.493976166704948,0.405,0.447,2.36223640232373e-05,"Atypical B (ABC/DN2)","GNL1","down"
2.89496153077713e-07,-0.493516372662034,0.347,0.423,0.00544310667016716,"Atypical B (ABC/DN2)","SDF4","down"
2.30805817581891e-09,-0.491888217565748,0.409,0.469,4.33961098217472e-05,"Atypical B (ABC/DN2)","CCT8","down"
2.10199969093981e-09,-0.491364542269193,0.431,0.55,3.95217981890504e-05,"Atypical B (ABC/DN2)","IKZF3","down"
4.63436037437594e-121,-0.490066982735613,1,0.999,8.71352437590164e-117,"Atypical B (ABC/DN2)","RPS13","down"
6.11645866803185e-111,-0.48825493518525,1,0.999,1.15001655876335e-106,"Atypical B (ABC/DN2)","RPS21","down"
3.99383755373289e-09,-0.485108205721836,0.477,0.531,7.50921336852858e-05,"Atypical B (ABC/DN2)","PACS1","down"
5.1565523116465e-77,-0.484897416112674,0.998,0.998,9.69534965635775e-73,"Atypical B (ABC/DN2)","RPL9","down"
2.53463928589785e-12,-0.483797026641529,0.658,0.707,4.76562878534514e-08,"Atypical B (ABC/DN2)","TAGAP","down"
5.31977598125943e-88,-0.480841485872705,1,1,1.0002242799964e-83,"Atypical B (ABC/DN2)","RPS18","down"
4.30626611313963e-07,-0.479364461358463,0.389,0.47,0.00809664154592513,"Atypical B (ABC/DN2)","PSMD4","down"
1.02822135673312e-33,-0.478940328653199,0.918,0.945,1.93326179492961e-29,"Atypical B (ABC/DN2)","NOP53","down"
1.17324745617683e-11,-0.478710947651716,0.599,0.656,2.20593986710367e-07,"Atypical B (ABC/DN2)","HMGN2","down"
7.56496057683223e-24,-0.476895313070238,0.814,0.857,1.422363887656e-19,"Atypical B (ABC/DN2)","COMMD6","down"
7.15882289847068e-09,-0.475642536391964,0.517,0.584,0.000134600188137046,"Atypical B (ABC/DN2)","BLNK","down"
3.13873768841381e-07,-0.4747790222722,0.372,0.437,0.00590145460175565,"Atypical B (ABC/DN2)","CHMP4A","down"
5.51710556732346e-08,-0.474078402223488,0.409,0.468,0.00103732618876816,"Atypical B (ABC/DN2)","MORC3","down"
2.09649691025801e-06,-0.472927207907823,0.318,0.368,0.0394183349066711,"Atypical B (ABC/DN2)","BAX","down"
7.45255013531546e-38,-0.472334300823868,0.987,0.987,1.40122847644201e-33,"Atypical B (ABC/DN2)","TAGLN2","down"
2.24467991754804e-12,-0.469990027404716,0.603,0.689,4.22044718097383e-08,"Atypical B (ABC/DN2)","KTN1","down"
1.08657105774584e-63,-0.465965809773649,0.997,0.997,2.04297090277372e-59,"Atypical B (ABC/DN2)","RPL22","down"
1.83141912180415e-11,-0.463404491155995,0.569,0.636,3.44343423281616e-07,"Atypical B (ABC/DN2)","PARK7","down"
5.4803304674579e-10,-0.457769327016139,0.475,0.537,1.03041173449143e-05,"Atypical B (ABC/DN2)","EIF3M","down"
2.5356523918992e-14,-0.457364705803424,0.292,0.452,4.76753362724888e-10,"Atypical B (ABC/DN2)","IGHD","down"
2.90618799236467e-08,-0.456038628256118,0.457,0.505,0.000546421466324405,"Atypical B (ABC/DN2)","TRIO","down"
2.2519868065467e-08,-0.455772900158217,0.407,0.45,0.000423418559366911,"Atypical B (ABC/DN2)","DTNBP1","down"
5.03989467539574e-25,-0.455403643060929,0.926,0.945,9.47600996867907e-21,"Atypical B (ABC/DN2)","CD44","down"
2.86507985259681e-12,-0.453399447969745,0.611,0.695,5.38692313885251e-08,"Atypical B (ABC/DN2)","RBX1","down"
9.20250677716555e-11,-0.452123937957279,0.54,0.608,1.73025532424267e-06,"Atypical B (ABC/DN2)","USP3","down"
6.03113599962348e-25,-0.448902877719698,0.947,0.956,1.13397419064921e-20,"Atypical B (ABC/DN2)","PNRC1","down"
7.28028154538911e-17,-0.44868718768918,0.787,0.816,1.36883853616406e-12,"Atypical B (ABC/DN2)","MIF","down"
9.62360333343824e-07,-0.448161244189637,0.309,0.334,0.0180942989875306,"Atypical B (ABC/DN2)","SRM","down"
3.55126072271211e-73,-0.448002686824714,0.998,0.999,6.67708041084331e-69,"Atypical B (ABC/DN2)","RPL35","down"
7.38349702116026e-16,-0.447174145695862,0.698,0.766,1.38824510991855e-11,"Atypical B (ABC/DN2)","EIF3H","down"
1.25775021879725e-10,-0.446655536309456,0.511,0.565,2.36482196138259e-06,"Atypical B (ABC/DN2)","RSL1D1","down"
7.70284540510721e-07,-0.446094697292889,0.363,0.408,0.0144828899306826,"Atypical B (ABC/DN2)","NDUFS6","down"
1.45979053495058e-91,-0.44366043533361,1,1,2.74469816381407e-87,"Atypical B (ABC/DN2)","RPS19","down"
1.13288906410711e-46,-0.443538787116946,0.989,0.987,2.13005801833418e-42,"Atypical B (ABC/DN2)","RPL27A","down"
7.1813423199244e-76,-0.443361270405466,0.998,0.998,1.35023598299219e-71,"Atypical B (ABC/DN2)","RPL15","down"
2.79200875407664e-63,-0.443349752640656,0.998,0.998,5.2495348594149e-59,"Atypical B (ABC/DN2)","RPL10A","down"
8.47268293198045e-11,-0.442972467003681,0.585,0.637,1.59303384487096e-06,"Atypical B (ABC/DN2)","RARA","down"
7.70840250502265e-07,-0.442032545757043,0.451,0.539,0.0144933383899436,"Atypical B (ABC/DN2)","ARHGAP15","down"
2.22967586168158e-10,-0.441075533519513,0.459,0.49,4.1922365551337e-06,"Atypical B (ABC/DN2)","CCT4","down"
4.7890719884701e-10,-0.439264047993961,0.725,0.757,9.00441315272149e-06,"Atypical B (ABC/DN2)","TRBC2","down"
3.22904407263758e-09,-0.436346948860412,0.36,0.376,6.07124866537318e-05,"Atypical B (ABC/DN2)","PCMTD1","down"
4.77230469160844e-07,-0.430911724207524,0.394,0.444,0.0089728872811622,"Atypical B (ABC/DN2)","PSMA6","down"
1.26650246454078e-08,-0.430449436088346,0.473,0.533,0.000238127793382958,"Atypical B (ABC/DN2)","MAT2B","down"
2.59964197535904e-53,-0.428460224174103,1,0.999,4.88784684207006e-49,"Atypical B (ABC/DN2)","RPL14","down"
1.07900774806048e-10,-0.427561546797355,0.682,0.714,2.02875036790331e-06,"Atypical B (ABC/DN2)","EVI2B","down"
6.09869068410996e-58,-0.426248191862216,1,0.999,1.14667582242636e-53,"Atypical B (ABC/DN2)","RPS2","down"
1.36402884416706e-82,-0.426246601602345,1,0.999,2.5646470328029e-78,"Atypical B (ABC/DN2)","RPL26","down"
6.8045651819182e-12,-0.425467220443495,0.68,0.746,1.27939434550426e-07,"Atypical B (ABC/DN2)","TUT4","down"
1.38265110123118e-90,-0.424597748364859,1,1,2.59966060053486e-86,"Atypical B (ABC/DN2)","RPS25","down"
4.42117483270434e-62,-0.420696924533857,0.992,0.996,8.31269292045069e-58,"Atypical B (ABC/DN2)","RPL21","down"
6.86783675336488e-08,-0.420399667170565,0.368,0.392,0.00129129066636766,"Atypical B (ABC/DN2)","EAPP","down"
9.69431908818546e-104,-0.418830378598908,0.998,1,1.82272587496063e-99,"Atypical B (ABC/DN2)","RPS27A","down"
2.31351410621948e-06,-0.416858246554479,0.506,0.522,0.0434986922251386,"Atypical B (ABC/DN2)","TAMALIN","down"
6.5295653819308e-12,-0.416127527724831,0.63,0.703,1.22768888311063e-07,"Atypical B (ABC/DN2)","EIF4A2","down"
8.85896676835008e-09,-0.411540777743342,0.449,0.482,0.000166566293178518,"Atypical B (ABC/DN2)","TAB2","down"
4.21233957109726e-11,-0.409793871078576,0.693,0.78,7.92004086157707e-07,"Atypical B (ABC/DN2)","BIRC3","down"
4.23691510642084e-12,-0.408322140506771,0.733,0.742,7.96624778309247e-08,"Atypical B (ABC/DN2)","ITM2B","down"
2.43784975160669e-06,-0.406857583552922,0.486,0.562,0.0458364510297091,"Atypical B (ABC/DN2)","PBXIP1","down"
2.6469232125531e-06,-0.406551403596254,0.357,0.392,0.0497674502424233,"Atypical B (ABC/DN2)","VPS51","down"
1.03220072618806e-35,-0.405131502402066,0.995,0.994,1.94074380537879e-31,"Atypical B (ABC/DN2)","RPL36A","down"
1.37751991864422e-21,-0.404651717268948,0.869,0.892,2.59001295103486e-17,"Atypical B (ABC/DN2)","RPS17","down"
3.36111970254909e-84,-0.403519966290978,1,0.999,6.3195772647328e-80,"Atypical B (ABC/DN2)","RPL18","down"
5.28219400427777e-21,-0.401617805230763,0.885,0.905,9.93158116684306e-17,"Atypical B (ABC/DN2)","JAK1","down"
8.50295226654932e-10,-0.399835105634795,0.561,0.599,1.5987250851566e-05,"Atypical B (ABC/DN2)","NSA2","down"
3.54740753484113e-11,-0.3997156851967,0.704,0.759,6.66983564700829e-07,"Atypical B (ABC/DN2)","ANKRD44","down"
3.5630147033145e-11,-0.39717201108708,0.648,0.704,6.69918024517193e-07,"Atypical B (ABC/DN2)","COX7A2","down"
4.78686280576089e-74,-0.393835115270003,1,1,9.00025944739163e-70,"Atypical B (ABC/DN2)","RPS15A","down"
1.10782699921552e-12,-0.391626721688072,0.735,0.755,2.08293632392502e-08,"Atypical B (ABC/DN2)","SSH2","down"
3.37596101819136e-07,-0.390867968610879,0.338,0.348,0.00634748190640339,"Atypical B (ABC/DN2)","SP140L","down"
1.32118894260344e-08,-0.389928313258207,0.601,0.637,0.000248409944988299,"Atypical B (ABC/DN2)","SOD1","down"
2.77284741283588e-10,-0.389454939858099,0.627,0.661,5.21350770561401e-06,"Atypical B (ABC/DN2)","TANK","down"
4.34488698129083e-07,-0.388200460908901,0.481,0.536,0.00816925650222302,"Atypical B (ABC/DN2)","CGGBP1","down"
8.61055794892223e-35,-0.387553582907092,0.985,0.985,1.61895710555636e-30,"Atypical B (ABC/DN2)","RPL31","down"
6.58713782701113e-78,-0.387105638239002,1,1,1.23851365423463e-73,"Atypical B (ABC/DN2)","EEF1A1","down"
2.49402046459058e-37,-0.386271022080689,0.99,0.992,4.68925727752321e-33,"Atypical B (ABC/DN2)","EEF1G","down"
1.63600065742985e-78,-0.38617559254667,1,1,3.07600843609961e-74,"Atypical B (ABC/DN2)","RPL11","down"
1.14260800131397e-07,-0.384752474231206,0.462,0.498,0.00214833156407053,"Atypical B (ABC/DN2)","MAX","down"
2.09556502176715e-06,-0.383106778754517,0.465,0.509,0.0394008135392659,"Atypical B (ABC/DN2)","CUL3","down"
9.04446278780028e-79,-0.382733920851888,0.998,1,1.70053989336221e-74,"Atypical B (ABC/DN2)","RPLP2","down"
8.11477340854682e-10,-0.381831389104975,0.664,0.703,1.52573969627497e-05,"Atypical B (ABC/DN2)","CDC42SE2","down"
9.00324980333156e-66,-0.380445054962179,1,0.999,1.6927910280224e-61,"Atypical B (ABC/DN2)","RPL7A","down"
2.73137803629023e-15,-0.380116765382792,0.764,0.786,5.13553698383289e-11,"Atypical B (ABC/DN2)","EIF5A","down"
9.04507628527476e-09,-0.378256865469333,0.519,0.554,0.000170065524315736,"Atypical B (ABC/DN2)","CCT3","down"
2.62767148489536e-06,-0.37666585091042,0.346,0.372,0.0494054792590025,"Atypical B (ABC/DN2)","NUTF2","down"
1.69092170112389e-11,-0.373721912576031,0.738,0.766,3.17927098245314e-07,"Atypical B (ABC/DN2)","PLP2","down"
1.50731974213823e-11,-0.373543101364258,0.688,0.735,2.8340625791683e-07,"Atypical B (ABC/DN2)","KHDRBS1","down"
3.56785665569793e-31,-0.372854210211038,0.987,0.989,6.70828408404325e-27,"Atypical B (ABC/DN2)","COX4I1","down"
2.02059187601489e-65,-0.371891448356918,1,1,3.79911684528319e-61,"Atypical B (ABC/DN2)","RPLP1","down"
7.70935810993175e-07,-0.370598301827825,0.393,0.419,0.0144951351182937,"Atypical B (ABC/DN2)","POLR1D","down"
1.00631221113317e-52,-0.370373629629346,1,1,1.89206821937259e-48,"Atypical B (ABC/DN2)","RPS6","down"
6.04975070281096e-30,-0.36867398765657,0.985,0.989,1.13747412714252e-25,"Atypical B (ABC/DN2)","RPL4","down"
1.10377387742952e-38,-0.367170370199944,0.995,0.996,2.07531564434298e-34,"Atypical B (ABC/DN2)","RPL24","down"
7.72859180403233e-10,-0.36714629399387,0.627,0.67,1.45312983099416e-05,"Atypical B (ABC/DN2)","ATP5PO","down"
9.45229618098697e-08,-0.364224445739858,0.506,0.539,0.00177722072794917,"Atypical B (ABC/DN2)","CCT2","down"
3.70711363490964e-08,-0.362676213396888,0.607,0.643,0.00069701150563571,"Atypical B (ABC/DN2)","WASHC4","down"
6.89798212814435e-07,-0.362535342817862,0.557,0.608,0.012969585997337,"Atypical B (ABC/DN2)","CYLD","down"
3.72510088804148e-41,-0.362153793906345,0.994,0.994,7.00393468969559e-37,"Atypical B (ABC/DN2)","RPS11","down"
1.98650099670998e-07,-0.36152051643385,0.622,0.628,0.00373501917401411,"Atypical B (ABC/DN2)","GSTP1","down"
8.85908574021463e-18,-0.361189425275872,0.864,0.88,1.66568530087516e-13,"Atypical B (ABC/DN2)","SRP14","down"
2.52315921955997e-06,-0.360202764800352,0.533,0.596,0.0474404396461666,"Atypical B (ABC/DN2)","PNISR","down"
1.66358557013537e-08,-0.358616873599876,0.619,0.648,0.000312787358896852,"Atypical B (ABC/DN2)","NOP10","down"
6.83236250205756e-40,-0.354865058689814,1,0.998,1.28462079763686e-35,"Atypical B (ABC/DN2)","RPL17","down"
9.5430134711508e-36,-0.354224571347922,0.997,0.996,1.79427739284577e-31,"Atypical B (ABC/DN2)","NACA","down"
6.70220858084343e-10,-0.353733889048478,0.641,0.667,1.26014925737018e-05,"Atypical B (ABC/DN2)","TCEA1","down"
3.96072944080152e-08,-0.351991099371742,0.817,0.849,0.000744696349459503,"Atypical B (ABC/DN2)","REL","down"
1.55002708049089e-06,-0.351690912175623,0.477,0.52,0.0291436091673897,"Atypical B (ABC/DN2)","ENY2","down"
1.15300632633859e-07,-0.35126518614118,0.541,0.591,0.00216788249478181,"Atypical B (ABC/DN2)","PAPOLA","down"
8.24421966633329e-28,-0.345756414093687,0.973,0.974,1.55007818166398e-23,"Atypical B (ABC/DN2)","BTF3","down"
2.09883588019685e-14,-0.342682503004086,0.919,0.902,3.94623122194611e-10,"Atypical B (ABC/DN2)","FXYD5","down"
2.34625084642744e-06,-0.336973997667547,0.586,0.636,0.0441142084145287,"Atypical B (ABC/DN2)","PMEPA1","down"
3.33567479493382e-20,-0.336878342872752,0.911,0.902,6.27173574943456e-16,"Atypical B (ABC/DN2)","SLC25A6","down"
2.40067643683868e-59,-0.333673526500442,0.998,1,4.51375183654408e-55,"Atypical B (ABC/DN2)","RPS15","down"
6.84845780969591e-09,-0.33358243101564,0.622,0.62,0.000128764703737903,"Atypical B (ABC/DN2)","NFAT5","down"
2.26050682362778e-07,-0.332610781482842,0.397,0.403,0.00425020492978496,"Atypical B (ABC/DN2)","CHCHD10","down"
4.73309176331725e-07,-0.330233430055231,0.625,0.617,0.0088991591333891,"Atypical B (ABC/DN2)","RALGPS2","down"
2.77961016231975e-31,-0.330006401698427,0.995,0.995,5.2262230271936e-27,"Atypical B (ABC/DN2)","RPL27","down"
9.68737506373864e-29,-0.329541404207001,0.997,0.995,1.82142025948414e-24,"Atypical B (ABC/DN2)","RPL38","down"
2.01065220312175e-53,-0.329421145660296,1,1,3.78042827230951e-49,"Atypical B (ABC/DN2)","TPT1","down"
2.4748789576273e-08,-0.326559392325594,0.561,0.579,0.000465326741613084,"Atypical B (ABC/DN2)","COX7B","down"
2.70854101880547e-45,-0.326554169535346,1,1,5.09259882355805e-41,"Atypical B (ABC/DN2)","RPS3","down"
2.16930503984213e-08,-0.323305426771638,0.743,0.736,0.000407872733591118,"Atypical B (ABC/DN2)","BTG2","down"
2.27560664177978e-46,-0.321774986861366,1,0.999,4.27859560787435e-42,"Atypical B (ABC/DN2)","RPS9","down"
1.96857390966201e-48,-0.318461314905492,1,1,3.7013126649465e-44,"Atypical B (ABC/DN2)","RPL10","down"
3.51379241639772e-38,-0.317742250056876,1,0.999,6.606632501311e-34,"Atypical B (ABC/DN2)","RPL36","down"
3.60093825731883e-07,-0.315311266770661,0.532,0.552,0.00677048411141087,"Atypical B (ABC/DN2)","SPCS1","down"
1.49914472138644e-08,-0.313981186266099,0.666,0.68,0.000281869190515078,"Atypical B (ABC/DN2)","TOMM6","down"
5.01066381988938e-07,-0.31384277212422,0.57,0.61,0.00942105011415601,"Atypical B (ABC/DN2)","DNAJC8","down"
1.69155881101987e-07,-0.307549881493611,0.719,0.676,0.00318046887647955,"Atypical B (ABC/DN2)","TUBA1A","down"
9.24911276494475e-07,-0.307059976084877,0.569,0.59,0.0173901818206491,"Atypical B (ABC/DN2)","HNRNPL","down"
3.11856006432173e-47,-0.30579915416814,1,0.999,5.86351663293771e-43,"Atypical B (ABC/DN2)","RPL39","down"
2.05495763673982e-12,-0.303641421345131,0.838,0.862,3.86373134859821e-08,"Atypical B (ABC/DN2)","HNRNPC","down"
6.30350761331568e-39,-0.303118672565961,0.998,0.999,1.18518550145561e-34,"Atypical B (ABC/DN2)","RPS7","down"
8.21569412209301e-07,-0.300603880515819,0.546,0.576,0.0154471480883593,"Atypical B (ABC/DN2)","SELENOF","down"
1.22072932018128e-08,-0.299093351100318,0.905,0.922,0.000229521526780485,"Atypical B (ABC/DN2)","LIMD2","down"
1.67991401752385e-36,-0.298945790552859,1,0.999,3.15857433574834e-32,"Atypical B (ABC/DN2)","RPL37A","down"
1.35645413644133e-06,-0.297363302828462,0.451,0.448,0.0255040506733698,"Atypical B (ABC/DN2)","RNMT","down"
2.24488158786072e-06,-0.297206717298194,0.596,0.624,0.0422082636149573,"Atypical B (ABC/DN2)","RPL22L1","down"
3.15560486388711e-31,-0.290862543691951,1,0.999,5.93316826508054e-27,"Atypical B (ABC/DN2)","RPL13A","down"
1.88623195660071e-12,-0.290682857924345,0.811,0.818,3.54649332480066e-08,"Atypical B (ABC/DN2)","EDF1","down"
2.26492444938215e-09,-0.2855958422309,0.708,0.726,4.25851094972832e-05,"Atypical B (ABC/DN2)","EIF3G","down"
4.04919020290244e-07,-0.282009970446689,0.748,0.762,0.00761328741949716,"Atypical B (ABC/DN2)","HMGA1","down"
4.17597370208582e-08,-0.276262729673753,0.654,0.676,0.000785166575466176,"Atypical B (ABC/DN2)","PSMB1","down"
5.6664249177427e-08,-0.276224133763194,0.675,0.693,0.00106540121303398,"Atypical B (ABC/DN2)","SNRPG","down"
1.36691800984299e-20,-0.275269216319022,0.869,0.82,2.5700792421068e-16,"Atypical B (ABC/DN2)","RPS4Y1","down"
4.7774558737968e-12,-0.2746306309248,0.85,0.849,8.98257253391274e-08,"Atypical B (ABC/DN2)","RHOG","down"
5.99498358868851e-44,-0.274465229951038,1,1,1.12717681434521e-39,"Atypical B (ABC/DN2)","RPL19","down"
9.9024128092055e-10,-0.272968502405965,0.906,0.871,1.86185165638682e-05,"Atypical B (ABC/DN2)","PDE4B","down"
2.03626334488132e-07,-0.272217283521694,0.483,0.483,0.00382858234104585,"Atypical B (ABC/DN2)","DNAJA2","down"
2.80140097206718e-41,-0.271297571942735,0.998,1,5.26719410768072e-37,"Atypical B (ABC/DN2)","RPL37","down"
4.6746716625994e-35,-0.269118936635239,1,1,8.7893176600194e-31,"Atypical B (ABC/DN2)","RPS12","down"
3.2252098824271e-15,-0.266187892030658,0.948,0.938,6.06403962093944e-11,"Atypical B (ABC/DN2)","TOMM7","down"
7.02647185077518e-09,-0.266052721151863,0.793,0.792,0.000132111723738275,"Atypical B (ABC/DN2)","RNASEK","down"
2.5005196903847e-06,-0.265000171788757,0.567,0.581,0.0470147712186131,"Atypical B (ABC/DN2)","NUDC","down"
1.11676478574228e-33,-0.263915677716342,1,1,2.09974115015264e-29,"Atypical B (ABC/DN2)","RPS28","down"
1.02459164794213e-06,-0.262628583738433,0.478,0.467,0.0192643721646079,"Atypical B (ABC/DN2)","DCXR","down"
1.78194024782043e-08,-0.262021026896365,0.63,0.611,0.000335040405395196,"Atypical B (ABC/DN2)","C12orf57","down"
2.63952507010984e-08,-0.252409453783691,0.679,0.672,0.000496283503682053,"Atypical B (ABC/DN2)","PCGF5","down"
2.3992956126715e-60,5.81445163675236,0.115,0.002,4.51115561094496e-56,"Atypical B (ABC/DN2)","SLC12A8","up"
1.97826508886481e-142,5.68247842408451,0.275,0.007,3.71953402008362e-138,"Atypical B (ABC/DN2)","NKG7","up"
1.52183382973841e-162,5.47798754990617,0.317,0.01,2.86135196667415e-158,"Atypical B (ABC/DN2)","RTN4R","up"
2.25623821957283e-65,5.47600720260609,0.141,0.006,4.24217910044083e-61,"Atypical B (ABC/DN2)","CST7","up"
1.5864871278329e-44,4.89632432785366,0.1,0.005,2.98291309775141e-40,"Atypical B (ABC/DN2)","LILRB2","up"
3.75325305463841e-34,4.49399171213578,0.081,0.004,7.05686639333115e-30,"Atypical B (ABC/DN2)","LRRC25","up"
1.75328234021597e-43,4.47821614104844,0.097,0.004,3.29652145607407e-39,"Atypical B (ABC/DN2)","BCL11B","up"
2.16790853925886e-214,4.44297314559604,0.483,0.033,4.07610163551451e-210,"Atypical B (ABC/DN2)","TOX2","up"
6.42784844232217e-34,4.1698332293168,0.086,0.005,1.20856406412542e-29,"Atypical B (ABC/DN2)","GIPR","up"
3.6714018142463e-320,4.14387770601271,0.703,0.062,6.9029696911459e-316,"Atypical B (ABC/DN2)","ITGAX","up"
2.78302496881965e-46,3.91544420413005,0.129,0.01,5.2326435463747e-42,"Atypical B (ABC/DN2)","SYT1","up"
5.72525295812909e-50,3.91093477936202,0.136,0.01,1.07646206118743e-45,"Atypical B (ABC/DN2)","SLC11A1","up"
1.22857691883487e-212,3.8906655772473,0.548,0.062,2.30997032279333e-208,"Atypical B (ABC/DN2)","ENC1","up"
3.93523393753679e-75,3.83901583918641,0.207,0.016,7.39902684935666e-71,"Atypical B (ABC/DN2)","SPTBN4","up"
0,3.73764313986645,0.848,0.117,0,"Atypical B (ABC/DN2)","SOX5","up"
1.68247987426113e-40,3.68961507030479,0.116,0.01,3.16339865958578e-36,"Atypical B (ABC/DN2)","CTSW","up"
1.1957474346849e-41,3.67477226654531,0.124,0.012,2.24824432669455e-37,"Atypical B (ABC/DN2)","ENSG00000289863","up"
1.91696406874307e-73,3.62325393056229,0.215,0.02,3.60427584205072e-69,"Atypical B (ABC/DN2)","CREB5","up"
0,3.49597151442348,0.832,0.18,0,"Atypical B (ABC/DN2)","TXNDC5","up"
1.66565524822338e-37,3.44732678488502,0.105,0.008,3.1317649977096e-33,"Atypical B (ABC/DN2)","VASN","up"
2.44141166947131e-51,3.39361453189739,0.184,0.025,4.59034222093996e-47,"Atypical B (ABC/DN2)","TOX","up"
2.92584679042413e-22,3.38549621328167,0.073,0.008,5.50117713535545e-18,"Atypical B (ABC/DN2)","PLCL1","up"
5.38720498734315e-20,3.36403984733553,0.06,0.005,1.01290228172026e-15,"Atypical B (ABC/DN2)","TMEM178B","up"
9.58745922651262e-35,3.29947716278406,0.12,0.015,1.8026340837689e-30,"Atypical B (ABC/DN2)","SEMA6A","up"
7.49013352412474e-19,3.26812335771352,0.065,0.008,1.40829490520593e-14,"Atypical B (ABC/DN2)","MLLT11","up"
4.37857441952524e-30,3.25955365923514,0.105,0.013,8.23259562359136e-26,"Atypical B (ABC/DN2)","FGD4","up"
1.46457593862911e-43,3.20645527756872,0.15,0.018,2.75369567981045e-39,"Atypical B (ABC/DN2)","BMP8A","up"
1.37335153288062e-243,3.1731794153535,0.703,0.136,2.58217555212213e-239,"Atypical B (ABC/DN2)","GPR137B","up"
1.18088835938324e-24,3.14031716857761,0.089,0.011,2.22030629331237e-20,"Atypical B (ABC/DN2)","EEPD1","up"
1.58641845316339e-31,3.13142775021587,0.113,0.015,2.9827839756378e-27,"Atypical B (ABC/DN2)","TRERF1","up"
4.66200128930219e-150,3.0673257059722,0.519,0.093,8.76549482414598e-146,"Atypical B (ABC/DN2)","CD86","up"
1.35393816026712e-70,3.01553300236322,0.305,0.056,2.54567452893424e-66,"Atypical B (ABC/DN2)","ARL4D","up"
1.72096292353889e-38,2.98626049318649,0.142,0.019,3.23575448883781e-34,"Atypical B (ABC/DN2)","HOTAIRM1","up"
3.23155935153313e-117,2.98027595572653,0.431,0.077,6.07597789275258e-113,"Atypical B (ABC/DN2)","BLVRB","up"
5.74576014868085e-33,2.94303773396048,0.113,0.013,1.08031782315497e-28,"Atypical B (ABC/DN2)","NRCAM","up"
6.61001409827288e-25,2.93448397097064,0.095,0.013,1.24281485075727e-20,"Atypical B (ABC/DN2)","PIK3R6","up"
2.54795723212874e-20,2.91548317925934,0.068,0.008,4.79066918784847e-16,"Atypical B (ABC/DN2)","ENSG00000289318","up"
4.05221050870256e-34,2.90887633043354,0.262,0.083,7.61896619846256e-30,"Atypical B (ABC/DN2)","IGHG2","up"
8.08763403187569e-18,2.90667599637627,0.063,0.008,1.52063695067327e-13,"Atypical B (ABC/DN2)","SLX1A","up"
4.7000163765362e-198,2.85666380118165,0.654,0.114,8.83697079116336e-194,"Atypical B (ABC/DN2)","ZBTB32","up"
3.52229359074665e-42,2.85535962435518,0.165,0.024,6.62261640932185e-38,"Atypical B (ABC/DN2)","PDGFA","up"
1.40568981543258e-42,2.84538456105542,0.163,0.023,2.64297799097634e-38,"Atypical B (ABC/DN2)","UBASH3B","up"
1.5254366156864e-14,2.83139287044948,0.053,0.007,2.86812592481356e-10,"Atypical B (ABC/DN2)","DST","up"
3.53072672670356e-20,2.80857682433046,0.084,0.014,6.63847239154804e-16,"Atypical B (ABC/DN2)","PDCD1","up"
1.76584907669697e-38,2.79182324602581,0.173,0.033,3.32014943400564e-34,"Atypical B (ABC/DN2)","DTX1","up"
3.89203564665683e-14,2.79091104565402,0.06,0.01,7.31780542284418e-10,"Atypical B (ABC/DN2)","LRRK2-DT","up"
2.88851078233672e-14,2.77752864700577,0.065,0.012,5.4309779729495e-10,"Atypical B (ABC/DN2)","RGS13","up"
2.36933562297881e-47,2.76506135351339,0.195,0.032,4.45482483832475e-43,"Atypical B (ABC/DN2)","CHST2","up"
3.55652429207561e-26,2.75504320801056,0.108,0.017,6.68697697396057e-22,"Atypical B (ABC/DN2)","DGKG","up"
1.2643594983153e-13,2.74304372487701,0.061,0.013,2.37724872873243e-09,"Atypical B (ABC/DN2)","LINC02798","up"
2.80248345542829e-43,2.72229334972433,0.189,0.034,5.26922939289627e-39,"Atypical B (ABC/DN2)","FGFR1","up"
3.09810290741598e-27,2.70157431732056,0.121,0.022,5.82505308652352e-23,"Atypical B (ABC/DN2)","PHLDB1","up"
2.68161763687181e-80,2.69492308651704,0.334,0.064,5.04197748084637e-76,"Atypical B (ABC/DN2)","SLC25A29","up"
8.87237815043984e-19,2.68590621596746,0.087,0.018,1.6681845398457e-14,"Atypical B (ABC/DN2)","AGAP3","up"
9.09642412097442e-85,2.68206505690608,0.352,0.065,1.71030966322561e-80,"Atypical B (ABC/DN2)","SHISA8","up"
9.60154654819632e-18,2.67024177423647,0.081,0.016,1.80528278199187e-13,"Atypical B (ABC/DN2)","ENSG00000244676","up"
7.76244818732817e-13,2.66050711382096,0.053,0.008,1.45949550818144e-08,"Atypical B (ABC/DN2)","SIGLEC6","up"
7.00715833636494e-20,2.65844557107817,0.092,0.017,1.31748591040334e-15,"Atypical B (ABC/DN2)","FBXO32","up"
3.59633741358022e-77,2.6520380713646,0.331,0.062,6.76183360501352e-73,"Atypical B (ABC/DN2)","MACROD2","up"
8.96181239522683e-16,2.65152312555411,0.079,0.017,1.68499996655055e-11,"Atypical B (ABC/DN2)","CHODL","up"
1.28243463806787e-39,2.61769135641955,0.183,0.041,2.4112336064952e-35,"Atypical B (ABC/DN2)","ENOSF1","up"
5.17982515469042e-34,2.58244832405737,0.137,0.021,9.73910725584893e-30,"Atypical B (ABC/DN2)","TIGD3","up"
3.1055770972661e-08,2.57994324361957,0.039,0.008,0.000583910605827972,"Atypical B (ABC/DN2)","LINC01010","up"
1.67213733890623e-39,2.55973490030706,0.183,0.034,3.14395262461149e-35,"Atypical B (ABC/DN2)","SNTB1","up"
8.79402532450645e-39,2.55353736180484,0.186,0.04,1.6534526415137e-34,"Atypical B (ABC/DN2)","LINC01679","up"
2.4962400863624e-10,2.54524432946777,0.048,0.01,4.69343061037859e-06,"Atypical B (ABC/DN2)","ASCL2","up"
1.50174261898616e-51,2.5292640502015,0.239,0.049,2.82357647221778e-47,"Atypical B (ABC/DN2)","ADAP1","up"
4.95549372126947e-13,2.51692202101787,0.061,0.012,9.31731929473087e-09,"Atypical B (ABC/DN2)","RIC8B","up"
3.52528569842556e-22,2.49860095363038,0.092,0.015,6.62824217017974e-18,"Atypical B (ABC/DN2)","SPON2","up"
9.62246160760119e-21,2.4976150092244,0.103,0.023,1.80921523146118e-16,"Atypical B (ABC/DN2)","MYOM2","up"
1.29213966010277e-10,2.47857410449332,0.05,0.01,2.42948098892522e-06,"Atypical B (ABC/DN2)","YES1","up"
1.12840934680756e-116,2.476257163376,0.514,0.113,2.12163525386758e-112,"Atypical B (ABC/DN2)","HMOX1","up"
8.11262204216856e-17,2.46740900877854,0.081,0.015,1.52533519636853e-12,"Atypical B (ABC/DN2)","MIAT","up"
1.27295092456517e-08,2.46539691173503,0.047,0.011,0.000239340232836743,"Atypical B (ABC/DN2)","PIF1","up"
4.97679182044293e-181,2.4601496944689,0.725,0.181,9.3573639807968e-177,"Atypical B (ABC/DN2)","DUSP4","up"
9.58823591973569e-22,2.44783164250546,0.097,0.017,1.80278011762871e-17,"Atypical B (ABC/DN2)","SDC3","up"
1.70449325848282e-190,2.44063892664035,0.729,0.226,3.2047882245994e-186,"Atypical B (ABC/DN2)","TNFRSF1B","up"
7.68125240541638e-102,2.43901605370278,0.47,0.113,1.44422907726639e-97,"Atypical B (ABC/DN2)","PBX4","up"
1.65215608522851e-46,2.43252831434023,0.237,0.054,3.10638387144665e-42,"Atypical B (ABC/DN2)","LMO2","up"
1.42737256924315e-43,2.40981942778882,0.215,0.045,2.68374590469097e-39,"Atypical B (ABC/DN2)","ITGB2-AS1","up"
4.56258786836522e-67,2.39522778831665,0.318,0.068,8.57857771010029e-63,"Atypical B (ABC/DN2)","THEMIS2","up"
2.0845598644241e-62,2.37977981614245,0.32,0.075,3.91938945709019e-58,"Atypical B (ABC/DN2)","SLA","up"
1.0194205254382e-17,2.36809742347682,0.087,0.017,1.91671447192891e-13,"Atypical B (ABC/DN2)","PEBP4","up"
1.36286760662943e-208,2.35978220188519,0.801,0.308,2.56246367398465e-204,"Atypical B (ABC/DN2)","METRNL","up"
4.83001631485902e-12,2.35840661790831,0.057,0.011,9.08139667519794e-08,"Atypical B (ABC/DN2)","OTUD7B","up"
3.9752229397712e-219,2.34728148011491,0.837,0.235,7.47421417135781e-215,"Atypical B (ABC/DN2)","ATXN1","up"
1.17990649813797e-09,2.3365952810086,0.048,0.01,2.21846019779901e-05,"Atypical B (ABC/DN2)","ATP1A3","up"
3.32219988229561e-12,2.33574461196086,0.06,0.012,6.2464002186922e-08,"Atypical B (ABC/DN2)","GNAZ","up"
1.00664176062901e-13,2.33035843852148,0.066,0.013,1.89268783833467e-09,"Atypical B (ABC/DN2)","FHL1","up"
8.24455445312645e-08,2.32860359285442,0.042,0.009,0.00155014112827683,"Atypical B (ABC/DN2)","BFSP2","up"
1.94053238122866e-74,2.31234526237362,0.46,0.146,3.64858898318613e-70,"Atypical B (ABC/DN2)","MT2A","up"
3.55803538182828e-55,2.30467126327133,0.281,0.062,6.68981812491353e-51,"Atypical B (ABC/DN2)","HEG1","up"
4.82575812729952e-17,2.30278441702841,0.089,0.018,9.07339043094856e-13,"Atypical B (ABC/DN2)","WNT16","up"
3.61577505379321e-121,2.29997411037897,0.565,0.145,6.798380256142e-117,"Atypical B (ABC/DN2)","ITGB2","up"
3.23883989767781e-24,2.29819468571742,0.126,0.026,6.08966677561382e-20,"Atypical B (ABC/DN2)","FCGR2C","up"
4.35095702478244e-60,2.29557954392511,0.333,0.091,8.18066939799595e-56,"Atypical B (ABC/DN2)","HCST","up"
3.04969333312873e-08,2.28890066302028,0.044,0.01,0.000573403340494863,"Atypical B (ABC/DN2)","PRRT1B","up"
8.50782460006349e-62,2.28432313780505,0.313,0.071,1.59964118130394e-57,"Atypical B (ABC/DN2)","SYT11","up"
3.56059381399964e-50,2.281792906556,0.265,0.061,6.69462848908213e-46,"Atypical B (ABC/DN2)","SPATA13","up"
4.64615696475358e-22,2.27779590545136,0.115,0.024,8.73570432512968e-18,"Atypical B (ABC/DN2)","ERFL","up"
3.51507333699883e-21,2.27339063753717,0.116,0.027,6.60904088822519e-17,"Atypical B (ABC/DN2)","ADAM15","up"
1.04791691878772e-34,2.26571082756177,0.204,0.054,1.97029339070468e-30,"Atypical B (ABC/DN2)","FMNL2","up"
3.65290667897846e-97,2.2543090697986,0.506,0.14,6.8681951378153e-93,"Atypical B (ABC/DN2)","PLD4","up"
3.15014271504873e-88,2.24455383568003,0.499,0.155,5.92289833283463e-84,"Atypical B (ABC/DN2)","PGAP1","up"
1.2517880130787e-09,2.23813022151347,0.045,0.009,2.35361182219058e-05,"Atypical B (ABC/DN2)","DTX3","up"
3.01380120948645e-17,2.2296410332733,0.095,0.021,5.66654903407642e-13,"Atypical B (ABC/DN2)","SH2D2A","up"
2.4494917247509e-51,2.22548352733109,0.279,0.067,4.60553434087665e-47,"Atypical B (ABC/DN2)","TRIB1","up"
5.34867197490732e-18,2.22182225180366,0.094,0.019,1.00565730472207e-13,"Atypical B (ABC/DN2)","ENSG00000286546","up"
1.13451045695001e-11,2.22014934986006,0.068,0.019,2.13310656115742e-07,"Atypical B (ABC/DN2)","DNAI7","up"
7.74715614495829e-07,2.21868128755607,0.036,0.008,0.0145662029837506,"Atypical B (ABC/DN2)","IL12RB2","up"
2.75090001059615e-16,2.21561039771412,0.086,0.018,5.17224219992288e-12,"Atypical B (ABC/DN2)","RPP25","up"
4.28026087305017e-20,2.21484182023436,0.118,0.03,8.04774649350894e-16,"Atypical B (ABC/DN2)","SEMA6A-AS1","up"
3.93789984953946e-75,2.21345584293206,0.399,0.1,7.40403929710409e-71,"Atypical B (ABC/DN2)","CXCR3","up"
2.61824848429566e-13,2.21321359571023,0.071,0.015,4.9228308001727e-09,"Atypical B (ABC/DN2)","PGPEP1","up"
4.09050051997834e-66,2.20764782478093,0.394,0.125,7.69095907766327e-62,"Atypical B (ABC/DN2)","RRBP1","up"
1.50975314574131e-09,2.20590815415446,0.047,0.009,2.83863786462281e-05,"Atypical B (ABC/DN2)","LINC02968","up"
2.22968135580983e-23,2.19283063736771,0.141,0.034,4.19224688519364e-19,"Atypical B (ABC/DN2)","TBX21","up"
8.0369433096023e-21,2.18456883021467,0.121,0.028,1.51110608107143e-16,"Atypical B (ABC/DN2)","ZEB2-AS1","up"
5.44648176698362e-08,2.18312606983275,0.044,0.01,0.00102404750182826,"Atypical B (ABC/DN2)","ENSG00000288838","up"
8.56467427786386e-33,2.16565339918465,0.173,0.037,1.61033005772396e-28,"Atypical B (ABC/DN2)","BMP6","up"
7.06105828486167e-302,2.1548308471609,0.96,0.692,1.32762017871969e-297,"Atypical B (ABC/DN2)","IFI30","up"
3.77704808937128e-36,2.15030116103902,0.22,0.057,7.10160581763589e-32,"Atypical B (ABC/DN2)","BCAT1","up"
1.19590639326995e-19,2.12841792632614,0.116,0.028,2.24854320062616e-15,"Atypical B (ABC/DN2)","PLPP3","up"
2.05607016140491e-77,2.1259466092479,0.412,0.102,3.86582311747351e-73,"Atypical B (ABC/DN2)","PRAG1","up"
8.84492434317506e-31,2.12189516365931,0.187,0.048,1.66302267500377e-26,"Atypical B (ABC/DN2)","HOPX","up"
3.41334846007711e-42,2.1192819305046,0.252,0.065,6.41777777463698e-38,"Atypical B (ABC/DN2)","TIMP1","up"
2.32102666808287e-86,2.11678953326575,0.48,0.138,4.36399434132941e-82,"Atypical B (ABC/DN2)","GFOD1","up"
3.43809630515869e-72,2.11400480893376,0.384,0.093,6.46430867295937e-68,"Atypical B (ABC/DN2)","IER5L","up"
1.53667296863697e-34,2.09967664946173,0.221,0.064,2.88925251563123e-30,"Atypical B (ABC/DN2)","APBB3","up"
1.95174430498521e-13,2.09599401545612,0.089,0.024,3.66966964223319e-09,"Atypical B (ABC/DN2)","RAMP1","up"
1.19865861439111e-25,2.08940128984161,0.157,0.039,2.25371792677817e-21,"Atypical B (ABC/DN2)","CHAF1A","up"
3.02514775733484e-28,2.08827663342412,0.208,0.075,5.68788281334097e-24,"Atypical B (ABC/DN2)","EOLA1","up"
7.80477212390359e-18,2.06508230400698,0.111,0.028,1.46745325473635e-13,"Atypical B (ABC/DN2)","ATXN1-AS1","up"
7.36988653629844e-08,2.0574599683533,0.05,0.014,0.00138568606655483,"Atypical B (ABC/DN2)","CPNE8","up"
1.11076583410195e-16,2.05556550166242,0.108,0.029,2.08846192127848e-12,"Atypical B (ABC/DN2)","ENSG00000291212","up"
2.25088318491858e-146,2.05219264638912,0.745,0.26,4.23211056428392e-142,"Atypical B (ABC/DN2)","CEMIP2","up"
6.07601058039994e-14,2.05015833862512,0.09,0.025,1.1424115093268e-09,"Atypical B (ABC/DN2)","CLIP4","up"
7.18097924659067e-07,2.04805005446319,0.042,0.011,0.0135016771794398,"Atypical B (ABC/DN2)","ITPRIPL2","up"
1.30607303199652e-158,2.04759457833329,0.767,0.266,2.45567851475986e-154,"Atypical B (ABC/DN2)","FGR","up"
1.33837085807543e-38,2.04328554070158,0.241,0.065,2.51640488735342e-34,"Atypical B (ABC/DN2)","MYO1F","up"
6.49182271937102e-18,2.0413180901972,0.115,0.03,1.22059250769614e-13,"Atypical B (ABC/DN2)","GPRIN1","up"
1.99525784251513e-14,2.03288463698744,0.105,0.031,3.75148379549696e-10,"Atypical B (ABC/DN2)","HIC1","up"
1.08285268099069e-66,2.0248535879583,0.42,0.138,2.0359796107987e-62,"Atypical B (ABC/DN2)","TP53I11","up"
2.00128552642718e-48,2.02265393443721,0.302,0.084,3.76281704678839e-44,"Atypical B (ABC/DN2)","MYO5C","up"
4.85375037428969e-10,2.02200213253609,0.066,0.018,9.12602145373948e-06,"Atypical B (ABC/DN2)","CD274","up"
1.34763583406935e-15,2.01965849609925,0.103,0.028,2.53382489521719e-11,"Atypical B (ABC/DN2)","BOLA2B","up"
1.49602515615448e-44,2.01233782515539,0.302,0.099,2.81282649860165e-40,"Atypical B (ABC/DN2)","LDAF1","up"
1.65701554732223e-103,2.0116825364286,0.619,0.227,3.11552063207527e-99,"Atypical B (ABC/DN2)","LGMN","up"
3.39092298195337e-56,2.00815485307351,0.351,0.098,6.37561339066873e-52,"Atypical B (ABC/DN2)","OAS1","up"
9.87882129022896e-16,1.9994688491655,0.11,0.032,1.85741597898885e-11,"Atypical B (ABC/DN2)","ENSG00000188897","up"
5.90119189864333e-12,1.99334563194606,0.074,0.019,1.10954210078292e-07,"Atypical B (ABC/DN2)","FUCA2","up"
5.30738056485121e-24,1.99165432111456,0.141,0.033,9.97893693803325e-20,"Atypical B (ABC/DN2)","TGM2","up"
1.74641705535745e-12,1.99015232065459,0.082,0.022,3.28361334748307e-08,"Atypical B (ABC/DN2)","SMCO4","up"
4.08325626179795e-68,1.98654979423976,0.439,0.138,7.67733842343251e-64,"Atypical B (ABC/DN2)","PTPN22","up"
3.35732230032981e-18,1.97939616365961,0.124,0.035,6.31243738908011e-14,"Atypical B (ABC/DN2)","LIMS2","up"
2.70162103849499e-27,1.97806801403432,0.171,0.044,5.07958787657827e-23,"Atypical B (ABC/DN2)","CHRNE","up"
1.45641396943135e-07,1.96785631799776,0.053,0.017,0.00273834954532482,"Atypical B (ABC/DN2)","NCS1","up"
4.30102155722808e-10,1.96338471633983,0.069,0.02,8.08678073190023e-06,"Atypical B (ABC/DN2)","KCNK6","up"
6.89645408711714e-21,1.9605176781775,0.131,0.033,1.29667129745977e-16,"Atypical B (ABC/DN2)","VPS26B","up"
3.80208377734046e-18,1.95097711353321,0.115,0.029,7.14867791815553e-14,"Atypical B (ABC/DN2)","LINC01013","up"
2.1174153423085e-109,1.94853675377852,0.627,0.254,3.98116432660843e-105,"Atypical B (ABC/DN2)","NCBP3","up"
2.35152022221826e-12,1.94545611883753,0.09,0.027,4.42132832181477e-08,"Atypical B (ABC/DN2)","PRKCH","up"
1.34934532699485e-84,1.94426060686301,0.523,0.18,2.53703908381572e-80,"Atypical B (ABC/DN2)","LINC00278","up"
5.92270007928979e-07,1.92278731397481,0.047,0.013,0.0111358606890807,"Atypical B (ABC/DN2)","ENSG00000255670","up"
4.96227108931955e-316,1.91911554274895,0.955,0.642,9.33006210213862e-312,"Atypical B (ABC/DN2)","PSAP","up"
1.84484881957126e-82,1.91905408458699,0.525,0.182,3.46868475055788e-78,"Atypical B (ABC/DN2)","MIDEAS","up"
1.10195974268495e-74,1.90807449534162,0.43,0.116,2.07190470819623e-70,"Atypical B (ABC/DN2)","CYTOR","up"
4.85042485316206e-15,1.90772483790938,0.108,0.032,9.1197688089153e-11,"Atypical B (ABC/DN2)","EPB41L4A","up"
3.22128661510662e-46,1.90523489823546,0.313,0.093,6.05666309372347e-42,"Atypical B (ABC/DN2)","HES4","up"
1.20457644812846e-88,1.90262829691386,0.588,0.228,2.26484463777112e-84,"Atypical B (ABC/DN2)","DUSP2","up"
7.07071034435424e-19,1.87588943541955,0.139,0.042,1.32943495894548e-14,"Atypical B (ABC/DN2)","ENSG00000269968","up"
3.22621148015541e-79,1.87280550730357,0.507,0.163,6.0659228249882e-75,"Atypical B (ABC/DN2)","ITM2C","up"
9.77751025559633e-18,1.86927307727711,0.131,0.039,1.83836747825722e-13,"Atypical B (ABC/DN2)","TLR9","up"
2.65109657049542e-17,1.86812125266518,0.124,0.036,4.98459177184548e-13,"Atypical B (ABC/DN2)","CTH","up"
5.00147657383375e-84,1.85186636961082,0.541,0.177,9.40377625412222e-80,"Atypical B (ABC/DN2)","CD72","up"
5.69685999813879e-16,1.84915535154803,0.118,0.035,1.07112361685006e-11,"Atypical B (ABC/DN2)","IL12RB1","up"
1.29701955164087e-18,1.8445329380056,0.141,0.044,2.43865616099516e-14,"Atypical B (ABC/DN2)","CALHM2","up"
4.867421912294e-09,1.84361658025921,0.05,0.012,9.15172667949517e-05,"Atypical B (ABC/DN2)","FRMPD3","up"
7.04716495294694e-44,1.83426367078575,0.315,0.097,1.32500795445308e-39,"Atypical B (ABC/DN2)","DOCK4","up"
3.9423473339102e-38,1.83215987127273,0.246,0.066,7.41240145721795e-34,"Atypical B (ABC/DN2)","CD68","up"
1.55585269683855e-32,1.83210073776849,0.229,0.067,2.92531424059584e-28,"Atypical B (ABC/DN2)","DUSP16","up"
6.91940951415539e-21,1.82578214575492,0.149,0.042,1.3009873768515e-16,"Atypical B (ABC/DN2)","ADAP2","up"
3.63048282932143e-160,1.82574334257061,0.921,0.688,6.82603381569016e-156,"Atypical B (ABC/DN2)","ATP1B3","up"
4.02640712366446e-45,1.82150154598191,0.313,0.094,7.57045067391392e-41,"Atypical B (ABC/DN2)","DRAM1","up"
2.28467256936331e-09,1.8180684821209,0.063,0.017,4.29564136491689e-05,"Atypical B (ABC/DN2)","ZNF385A","up"
3.83853109257153e-18,1.81388435655199,0.103,0.025,7.217206160253e-14,"Atypical B (ABC/DN2)","ZNF703","up"
5.0978674130647e-14,1.813344087904,0.155,0.065,9.58501031004425e-10,"Atypical B (ABC/DN2)","ENSG00000284634","up"
4.52371292729232e-28,1.81089009686408,0.199,0.057,8.50548504589502e-24,"Atypical B (ABC/DN2)","ITGAL","up"
1.23870613634971e-11,1.80455675668223,0.073,0.019,2.32901527756472e-07,"Atypical B (ABC/DN2)","FOXP4-AS1","up"
1.2778929749794e-216,1.79890950871825,0.963,0.698,2.40269437155627e-212,"Atypical B (ABC/DN2)","SRGN","up"
1.63207136745111e-09,1.79882207060088,0.047,0.01,3.06862058508158e-05,"Atypical B (ABC/DN2)","CLCN4","up"
3.27320823167188e-80,1.79806043744243,0.548,0.199,6.15428611718946e-76,"Atypical B (ABC/DN2)","PAG1","up"
8.84876832461475e-13,1.79356622227688,0.089,0.025,1.66374542039406e-08,"Atypical B (ABC/DN2)","C17orf107","up"
3.75001177812952e-22,1.79128631017425,0.181,0.062,7.05077214523912e-18,"Atypical B (ABC/DN2)","FBXO10","up"
3.71915861888925e-25,1.78653558495194,0.191,0.058,6.99276203523556e-21,"Atypical B (ABC/DN2)","NIBAN1","up"
6.43718401080798e-107,1.78361733912949,0.754,0.334,1.21031933771212e-102,"Atypical B (ABC/DN2)","RGS2","up"
9.49665807276258e-23,1.78265639244044,0.17,0.051,1.78556165084082e-18,"Atypical B (ABC/DN2)","GDPD5","up"
2.68233359129894e-114,1.77776097834405,0.619,0.183,5.04332361836026e-110,"Atypical B (ABC/DN2)","HSPB1","up"
6.39140455979798e-18,1.7750867623726,0.137,0.041,1.20171188533322e-13,"Atypical B (ABC/DN2)","DPYSL2","up"
3.83828976400792e-12,1.77339829764017,0.069,0.016,7.2167524142877e-08,"Atypical B (ABC/DN2)","LRRC32","up"
7.19736118737768e-11,1.76691547495574,0.068,0.017,1.35324785045075e-06,"Atypical B (ABC/DN2)","PYHIN1","up"
3.06872332000661e-63,1.76654728346816,0.405,0.118,5.76981358627642e-59,"Atypical B (ABC/DN2)","HLA-G","up"
6.19567372113105e-12,1.76338547079088,0.095,0.031,1.16491057304706e-07,"Atypical B (ABC/DN2)","BMPR1A","up"
5.68646938846041e-14,1.76287096853509,0.105,0.031,1.06916997441833e-09,"Atypical B (ABC/DN2)","USP13","up"
6.55002231812543e-13,1.76224209163373,0.092,0.026,1.23153519625394e-08,"Atypical B (ABC/DN2)","SLC37A2","up"
2.91482404370089e-09,1.7613069690627,0.066,0.019,5.48045216696641e-05,"Atypical B (ABC/DN2)","RAP1GAP2","up"
2.39226468070951e-200,1.76116309849105,0.885,0.475,4.49793605267002e-196,"Atypical B (ABC/DN2)","GGA2","up"
6.59898650906685e-14,1.75785862356851,0.107,0.032,1.24074144343475e-09,"Atypical B (ABC/DN2)","ARHGAP18","up"
4.34044754425139e-19,1.75527263800417,0.132,0.037,8.16090947270146e-15,"Atypical B (ABC/DN2)","TTC28","up"
4.60608254539816e-27,1.75158304080846,0.236,0.084,8.66035640185762e-23,"Atypical B (ABC/DN2)","TNIK","up"
5.84393278039982e-133,1.75088374467714,0.795,0.331,1.09877624137077e-128,"Atypical B (ABC/DN2)","RGCC","up"
4.7534766810615e-08,1.74726321552194,0.05,0.013,0.000893748685573184,"Atypical B (ABC/DN2)","CDC42EP3-AS1","up"
6.37579848079616e-08,1.74146805506348,0.055,0.016,0.00119877763035929,"Atypical B (ABC/DN2)","TAGLN","up"
2.19715243987432e-09,1.73609753943999,0.063,0.017,4.13108601745169e-05,"Atypical B (ABC/DN2)","MOXD1","up"
1.71480006534316e-21,1.73552690692735,0.166,0.051,3.22416708285822e-17,"Atypical B (ABC/DN2)","ADGRG5","up"
4.20147375502444e-54,1.73043766929504,0.381,0.118,7.89961095419695e-50,"Atypical B (ABC/DN2)","HCK","up"
4.25644493021226e-09,1.72725499760238,0.071,0.022,8.0029677577851e-05,"Atypical B (ABC/DN2)","ENSG00000231128","up"
2.7729970863694e-17,1.72346888630261,0.149,0.052,5.21378912179174e-13,"Atypical B (ABC/DN2)","LY96","up"
3.93658015655118e-31,1.72237778765832,0.241,0.076,7.40155801034753e-27,"Atypical B (ABC/DN2)","SERPINB6","up"
2.11264373749721e-33,1.72222749303156,0.247,0.075,3.97219275524225e-29,"Atypical B (ABC/DN2)","SRGAP2C","up"
2.97270888844425e-11,1.72193981042473,0.082,0.024,5.58928725205289e-07,"Atypical B (ABC/DN2)","GLMP","up"
1.65851262281023e-08,1.72050937236875,0.058,0.016,0.00031183354334078,"Atypical B (ABC/DN2)","ENSG00000289995","up"
8.53173005965266e-55,1.71785964247458,0.428,0.153,1.60413588581589e-50,"Atypical B (ABC/DN2)","MX2","up"
7.14774204309752e-07,1.71523340456686,0.047,0.013,0.013439184589432,"Atypical B (ABC/DN2)","CDH23","up"
1.72141075840074e-09,1.70908665919401,0.074,0.023,3.23659650794507e-05,"Atypical B (ABC/DN2)","ENSG00000268056","up"
3.30129673569413e-108,1.70782370761954,0.711,0.296,6.20709812245211e-104,"Atypical B (ABC/DN2)","TUBB6","up"
1.47428633092678e-14,1.70719957807242,0.108,0.032,2.77195315940853e-10,"Atypical B (ABC/DN2)","RCBTB2","up"
4.05719510801579e-07,1.70203264436727,0.052,0.015,0.0076283382420913,"Atypical B (ABC/DN2)","PPIEL","up"
6.34915634949749e-07,1.69924591821525,0.052,0.016,0.0119376837683252,"Atypical B (ABC/DN2)","SPAG5","up"
2.23313767790853e-11,1.69681434550845,0.105,0.04,4.19874546200361e-07,"Atypical B (ABC/DN2)","KIF21A","up"
2.61816084439447e-08,1.69675797521566,0.066,0.021,0.000492266601963048,"Atypical B (ABC/DN2)","ST7","up"
2.45494775616816e-33,1.69532442597029,0.289,0.106,4.61579277114737e-29,"Atypical B (ABC/DN2)","SEMA4D","up"
5.25709757203885e-24,1.69214037242985,0.21,0.074,9.88439485494745e-20,"Atypical B (ABC/DN2)","MIR4422HG","up"
1.1469106659481e-22,1.68588140053116,0.189,0.063,2.15642143411562e-18,"Atypical B (ABC/DN2)","SRGAP2B","up"
3.72984190066604e-26,1.684791442091,0.242,0.092,7.01284874163228e-22,"Atypical B (ABC/DN2)","TENT5A","up"
5.06675463581394e-47,1.68093601576773,0.376,0.133,9.52651206625737e-43,"Atypical B (ABC/DN2)","SERPINB8","up"
8.91510536519965e-69,1.67996378436487,0.535,0.213,1.67621811076484e-64,"Atypical B (ABC/DN2)","PALS2","up"
2.9554881854802e-64,1.6792985647392,0.489,0.177,5.55690888633988e-60,"Atypical B (ABC/DN2)","FCRLA","up"
6.97346558220341e-61,1.67795355282392,0.456,0.159,1.31115099876589e-56,"Atypical B (ABC/DN2)","ITGB7","up"
4.86184553386492e-45,1.67008473643578,0.362,0.127,9.14124197277282e-41,"Atypical B (ABC/DN2)","LILRB1","up"
5.50730405440283e-41,1.66916559267337,0.336,0.116,1.03548330830882e-36,"Atypical B (ABC/DN2)","FCRL5","up"
3.49944172849089e-14,1.66558071899473,0.152,0.064,6.57965033790857e-10,"Atypical B (ABC/DN2)","MCOLN2","up"
7.63136715383561e-31,1.6649354137505,0.255,0.086,1.43484965226417e-26,"Atypical B (ABC/DN2)","FCRL2","up"
5.3092063400522e-45,1.66297002608463,0.381,0.15,9.98236976056615e-41,"Atypical B (ABC/DN2)","STK38L","up"
1.7196518930686e-111,1.6621025156984,0.733,0.295,3.23328948934758e-107,"Atypical B (ABC/DN2)","BCAR3","up"
2.58991574117666e-21,1.66064581705024,0.189,0.067,4.86955957656036e-17,"Atypical B (ABC/DN2)","ENSG00000230709","up"
4.32897189552769e-14,1.6549241684033,0.128,0.045,8.13933295797116e-10,"Atypical B (ABC/DN2)","TSEN54","up"
1.9058715523742e-12,1.65068940140823,0.118,0.044,3.58341969277397e-08,"Atypical B (ABC/DN2)","EPOR","up"
4.46922951141256e-21,1.64992311160489,0.184,0.063,8.40304532735789e-17,"Atypical B (ABC/DN2)","MS4A7","up"
2.05848245992955e-54,1.6442883781832,0.435,0.154,3.87035872115953e-50,"Atypical B (ABC/DN2)","COPDA1","up"
1.21115498119855e-19,1.64355943126757,0.178,0.062,2.27721359564952e-15,"Atypical B (ABC/DN2)","BHLHE41","up"
1.76985664323695e-63,1.64068209900426,0.501,0.193,3.32768446061411e-59,"Atypical B (ABC/DN2)","SETBP1","up"
1.2681757041585e-12,1.64031915144968,0.107,0.035,2.38442395895882e-08,"Atypical B (ABC/DN2)","ASPH","up"
5.70118824365141e-15,1.63760559240534,0.121,0.038,1.07193741357134e-10,"Atypical B (ABC/DN2)","ENSG00000288964","up"
3.59823067545215e-55,1.63718452589812,0.499,0.212,6.76539331598514e-51,"Atypical B (ABC/DN2)","POLB","up"
8.21022227273492e-08,1.63502623011874,0.073,0.026,0.00154368599171962,"Atypical B (ABC/DN2)","TLCD3A","up"
3.18578247378176e-93,1.6230901682595,0.666,0.281,5.98990820720446e-89,"Atypical B (ABC/DN2)","LPCAT1","up"
2.63986238053345e-78,1.62164388757601,0.593,0.281,4.963469247879e-74,"Atypical B (ABC/DN2)","TYMP","up"
3.13089753608908e-46,1.61915191505173,0.37,0.127,5.88671354735468e-42,"Atypical B (ABC/DN2)","ZBTB38","up"
7.15758931827692e-108,1.6145945167772,0.725,0.353,1.34576994362243e-103,"Atypical B (ABC/DN2)","NFATC2","up"
3.54322907695954e-07,1.60822567498984,0.053,0.016,0.00666197931049934,"Atypical B (ABC/DN2)","CD226","up"
3.40379597652876e-09,1.60740123542062,0.087,0.032,6.39981719506937e-05,"Atypical B (ABC/DN2)","RRAGD","up"
2.41669975888472e-21,1.60466607041225,0.191,0.065,4.54387888665505e-17,"Atypical B (ABC/DN2)","CYTH4","up"
4.23343883410251e-07,1.58856151182016,0.055,0.017,0.00795971169587955,"Atypical B (ABC/DN2)","ZNF771","up"
1.82969192023719e-06,1.58244003891861,0.048,0.015,0.0344018674842997,"Atypical B (ABC/DN2)","AVPI1","up"
3.41320095906536e-74,1.5790503319685,0.596,0.253,6.41750044323469e-70,"Atypical B (ABC/DN2)","CLIP1","up"
1.78632571165443e-25,1.57103141540798,0.215,0.071,3.35864960305265e-21,"Atypical B (ABC/DN2)","SCIMP","up"
1.02583150583602e-84,1.56809552404247,0.651,0.279,1.92876839727288e-80,"Atypical B (ABC/DN2)","APBB1IP","up"
1.69926263616034e-06,1.56458632297011,0.04,0.011,0.0319495360850868,"Atypical B (ABC/DN2)","ASTL","up"
1.47417508059203e-15,1.55462806016812,0.131,0.042,2.77174398652914e-11,"Atypical B (ABC/DN2)","PLAUR","up"
1.71536702729746e-11,1.5519975346778,0.102,0.034,3.22523308472468e-07,"Atypical B (ABC/DN2)","GABPB2","up"
4.8914437733407e-76,1.55164369969772,0.606,0.267,9.19689258263519e-72,"Atypical B (ABC/DN2)","PRKX","up"
2.62188807689533e-27,1.53972050405739,0.26,0.097,4.92967396217859e-23,"Atypical B (ABC/DN2)","FCGR2B","up"
2.61604949946722e-36,1.53645038678215,0.321,0.115,4.91869626889827e-32,"Atypical B (ABC/DN2)","SEMA4B","up"
9.08515010593611e-41,1.53614506462411,0.368,0.138,1.70818992291811e-36,"Atypical B (ABC/DN2)","SRGAP2","up"
1.09356470410296e-38,1.53006317598516,0.375,0.15,2.05612035665439e-34,"Atypical B (ABC/DN2)","JAK2","up"
7.85237004817579e-115,1.52135116525192,0.832,0.459,1.47640261645801e-110,"Atypical B (ABC/DN2)","COTL1","up"
2.48331405143573e-22,1.51988740692175,0.187,0.062,4.66912707950947e-18,"Atypical B (ABC/DN2)","TRPV2","up"
2.31146507127309e-25,1.51737008593364,0.246,0.091,4.34601662700766e-21,"Atypical B (ABC/DN2)","PWWP2B","up"
1.61979339256805e-09,1.51692735814193,0.086,0.029,3.04553553670645e-05,"Atypical B (ABC/DN2)","ENSG00000227741","up"
6.06171703239535e-111,1.51560888897797,0.771,0.392,1.13972403643097e-106,"Atypical B (ABC/DN2)","B4GALT1","up"
1.04688128562162e-77,1.5145875479155,0.624,0.256,1.96834619322578e-73,"Atypical B (ABC/DN2)","P2RX5","up"
3.77866566152896e-14,1.51420197453256,0.145,0.055,7.10464717680674e-10,"Atypical B (ABC/DN2)","ANK3","up"
6.69252207398788e-22,1.51339340530809,0.213,0.08,1.2583280003512e-17,"Atypical B (ABC/DN2)","JDP2","up"
1.64205383186e-129,1.51157933489492,0.845,0.567,3.08738961466318e-125,"Atypical B (ABC/DN2)","RANBP2","up"
4.71570650452756e-169,1.50996506739279,0.916,0.717,8.86647136981271e-165,"Atypical B (ABC/DN2)","GUK1","up"
3.15465498626253e-08,1.50453716298069,0.082,0.03,0.00059313823051708,"Atypical B (ABC/DN2)","ENSG00000283696","up"
2.42544136183948e-12,1.49924055707173,0.124,0.046,4.56031484853058e-08,"Atypical B (ABC/DN2)","SLC12A9","up"
7.53300399093658e-70,1.49803975550636,0.596,0.258,1.4163554103759e-65,"Atypical B (ABC/DN2)","RIN3","up"
1.50047491481571e-12,1.49715572001219,0.157,0.066,2.82119293483651e-08,"Atypical B (ABC/DN2)","TNFSF9","up"
1.55411097918274e-37,1.49704219208197,0.347,0.13,2.92203946305939e-33,"Atypical B (ABC/DN2)","ST3GAL5","up"
7.67004515163659e-85,1.49688323052248,0.716,0.386,1.44212188941071e-80,"Atypical B (ABC/DN2)","IFITM2","up"
4.22242958466627e-24,1.49516742381866,0.229,0.083,7.93901210508952e-20,"Atypical B (ABC/DN2)","CCSAP","up"
3.21047642044798e-10,1.49179169999962,0.099,0.035,6.03633776572628e-06,"Atypical B (ABC/DN2)","PRC1","up"
9.85135200431639e-42,1.48798507655707,0.393,0.157,1.85225120385157e-37,"Atypical B (ABC/DN2)","ZMIZ1","up"
9.6622993498618e-30,1.48662224758151,0.317,0.138,1.81670552376102e-25,"Atypical B (ABC/DN2)","HCG17","up"
2.71638763221074e-16,1.4861687253953,0.155,0.055,5.10735202608263e-12,"Atypical B (ABC/DN2)","SIGLEC10","up"
1.0907254395363e-20,1.48556101760715,0.197,0.071,2.05078197141616e-16,"Atypical B (ABC/DN2)","TAX1BP3","up"
5.14783900126346e-07,1.48411415990925,0.063,0.022,0.00967896689017556,"Atypical B (ABC/DN2)","ENSG00000288531","up"
4.99304138558523e-35,1.47982392755998,0.362,0.156,9.38791641317735e-31,"Atypical B (ABC/DN2)","EXOC3","up"
4.12644840487871e-38,1.47672174241802,0.389,0.179,7.75854829085294e-34,"Atypical B (ABC/DN2)","ZCCHC2","up"
1.28261128875802e-117,1.46745349638671,0.856,0.531,2.41156574512284e-113,"Atypical B (ABC/DN2)","ESYT2","up"
3.75327526543339e-50,1.46686338762359,0.511,0.234,7.05690815406785e-46,"Atypical B (ABC/DN2)","ASAH1","up"
1.10846861685191e-22,1.46542427931339,0.229,0.087,2.08414269340496e-18,"Atypical B (ABC/DN2)","GAS7","up"
1.74998957691394e-90,1.46457120211808,0.729,0.424,3.29033040251358e-86,"Atypical B (ABC/DN2)","CDK2AP2","up"
9.93106549473124e-24,1.46396564650942,0.207,0.07,1.86723893431937e-19,"Atypical B (ABC/DN2)","CD84","up"
2.86385779010549e-62,1.4570518411884,0.567,0.275,5.38462541695635e-58,"Atypical B (ABC/DN2)","PABPC4","up"
1.28460149819471e-17,1.45590640187547,0.195,0.081,2.4153077369057e-13,"Atypical B (ABC/DN2)","PLXNC1","up"
2.31354802537938e-08,1.44883287661362,0.089,0.034,0.000434993299731831,"Atypical B (ABC/DN2)","DAPK2","up"
7.51884630071053e-11,1.44522977063783,0.134,0.056,1.41369348145959e-06,"Atypical B (ABC/DN2)","SOX4","up"
3.28621606975071e-45,1.44286053016876,0.444,0.193,6.17874345434529e-41,"Atypical B (ABC/DN2)","SSBP4","up"
7.70690663999688e-13,1.44033331332359,0.129,0.047,1.44905258645221e-08,"Atypical B (ABC/DN2)","MPST","up"
5.39442977768168e-23,1.43919355419488,0.368,0.206,1.01426068679971e-18,"Atypical B (ABC/DN2)","JMY","up"
2.52158934652974e-19,1.43896105423399,0.22,0.091,4.74109228934521e-15,"Atypical B (ABC/DN2)","PTPA","up"
1.17579338469904e-26,1.43859795839605,0.276,0.11,2.21072672191114e-22,"Atypical B (ABC/DN2)","ENSG00000291066","up"
3.5806532274931e-45,1.43442968894712,0.456,0.199,6.73234419833253e-41,"Atypical B (ABC/DN2)","CARHSP1","up"
1.67294464574018e-14,1.42960359071708,0.192,0.1,3.14547052292069e-10,"Atypical B (ABC/DN2)","EOLA2","up"
1.67148080294471e-09,1.42687486866338,0.09,0.032,3.14271820569664e-05,"Atypical B (ABC/DN2)","PTPRS","up"
1.71143327223322e-10,1.42576216511881,0.105,0.038,3.2178368384529e-06,"Atypical B (ABC/DN2)","GCNT2","up"
2.25342695401088e-13,1.42194573217531,0.115,0.038,4.23689335893127e-09,"Atypical B (ABC/DN2)","SOGA1","up"
2.05220774069725e-06,1.42161903722442,0.058,0.021,0.0385856099405896,"Atypical B (ABC/DN2)","TLE1-DT","up"
3.5698533445155e-167,1.4202281298645,0.958,0.686,6.71203825835804e-163,"Atypical B (ABC/DN2)","ZEB2","up"
4.70297597817105e-16,1.41869893485147,0.162,0.059,8.84253543415721e-12,"Atypical B (ABC/DN2)","FXYD1","up"
8.26796081102223e-15,1.41660645403455,0.153,0.058,1.5545419916884e-10,"Atypical B (ABC/DN2)","MTURN","up"
8.86020616743728e-07,1.41391543138795,0.069,0.026,0.0166589596360156,"Atypical B (ABC/DN2)","AFMID","up"
8.51096442435332e-17,1.41322350336707,0.181,0.071,1.60023153106691e-12,"Atypical B (ABC/DN2)","TBC1D12","up"
3.48307397367415e-12,1.41166095555328,0.105,0.036,6.54887568530214e-08,"Atypical B (ABC/DN2)","PIERCE2","up"
1.1396618933168e-35,1.40718494687332,0.394,0.183,2.14279229181425e-31,"Atypical B (ABC/DN2)","UGT8","up"
2.02504784473187e-33,1.40150268695765,0.399,0.184,3.80749495766486e-29,"Atypical B (ABC/DN2)","CASP9","up"
6.16526420007193e-83,1.39961617545438,0.698,0.413,1.15919297489752e-78,"Atypical B (ABC/DN2)","CNIH1","up"
1.7002049732869e-14,1.39523925078866,0.171,0.07,3.19672539077402e-10,"Atypical B (ABC/DN2)","TP53INP2","up"
8.08935668799581e-64,1.39516815070794,0.612,0.293,1.52096084447697e-59,"Atypical B (ABC/DN2)","MICAL1","up"
4.37895981249099e-12,1.39510586329864,0.139,0.056,8.23332023944556e-08,"Atypical B (ABC/DN2)","MT1X","up"
1.55615326985951e-07,1.39482223321564,0.094,0.042,0.00292587937798985,"Atypical B (ABC/DN2)","CACNA1A","up"
3.75288071645204e-16,1.39377623568193,0.174,0.068,7.05616632307313e-12,"Atypical B (ABC/DN2)","SH3TC1","up"
1.3778933289871e-07,1.39306953227912,0.055,0.017,0.00259071503716155,"Atypical B (ABC/DN2)","ENSG00000290048","up"
9.22098868196726e-65,1.38901020639145,0.696,0.373,1.73373029198348e-60,"Atypical B (ABC/DN2)","GLA","up"
6.2882283534799e-88,1.38777239931194,0.725,0.392,1.18231269502129e-83,"Atypical B (ABC/DN2)","OGDH","up"
5.11454055140091e-16,1.38329726620049,0.15,0.053,9.616359144744e-12,"Atypical B (ABC/DN2)","ZBTB20-AS5","up"
1.72257987494674e-54,1.37887233858696,0.59,0.28,3.23879468087487e-50,"Atypical B (ABC/DN2)","NR4A3","up"
1.46817228865282e-06,1.37799741793333,0.063,0.023,0.0276045753712504,"Atypical B (ABC/DN2)","INSL6","up"
1.09413789063036e-10,1.37759482295799,0.128,0.053,2.05719806196319e-06,"Atypical B (ABC/DN2)","CCDC88A","up"
3.7385416959423e-27,1.37587567939753,0.305,0.129,7.02920609671071e-23,"Atypical B (ABC/DN2)","CAMKK1","up"
2.28173563698605e-08,1.37490882258256,0.102,0.042,0.000429011934466116,"Atypical B (ABC/DN2)","GMNN","up"
1.41829463264773e-67,1.37154444019231,0.638,0.332,2.66667756830426e-63,"Atypical B (ABC/DN2)","PXK","up"
3.7038882868368e-11,1.36661597341316,0.15,0.068,6.96405075691055e-07,"Atypical B (ABC/DN2)","GZF1","up"
1.33998815752051e-91,1.36593071554839,0.774,0.439,2.51944573377006e-87,"Atypical B (ABC/DN2)","MALT1","up"
2.76748258784076e-23,1.36468241785181,0.249,0.098,5.20342076165819e-19,"Atypical B (ABC/DN2)","SCRN1","up"
3.61001557452021e-14,1.36361022195896,0.173,0.073,6.7875512832129e-10,"Atypical B (ABC/DN2)","PTPRO","up"
1.02766769655939e-49,1.36249594074512,0.648,0.396,1.93222080307096e-45,"Atypical B (ABC/DN2)","IDI1","up"
6.69401748007009e-21,1.36161981442972,0.244,0.101,1.25860916660278e-16,"Atypical B (ABC/DN2)","MEF2C-AS1","up"
2.59358728612226e-82,1.36151598749337,0.78,0.455,4.87646281536707e-78,"Atypical B (ABC/DN2)","YWHAH","up"
9.15065598453803e-32,1.35983696826778,0.365,0.159,1.72050633821284e-27,"Atypical B (ABC/DN2)","FOXO3","up"
1.09401609114125e-24,1.35922739914413,0.278,0.114,2.05696905456378e-20,"Atypical B (ABC/DN2)","SLC1A4","up"
2.5118298019136e-32,1.35871069106619,0.333,0.132,4.72274239355794e-28,"Atypical B (ABC/DN2)","EIF4EBP1","up"
8.91804122986935e-74,1.35382193240601,0.389,0.094,1.67677011204004e-69,"Atypical B (ABC/DN2)","IGHG1","up"
4.1852684550639e-19,1.35186904591896,0.194,0.073,7.86914174921114e-15,"Atypical B (ABC/DN2)","BBC3","up"
7.30746625738369e-09,1.35039069070127,0.137,0.072,0.000137394980571328,"Atypical B (ABC/DN2)","ZNF184","up"
7.51211902111093e-179,1.34638629993648,0.96,0.761,1.41242861834928e-174,"Atypical B (ABC/DN2)","ADGRE5","up"
4.16523919088361e-07,1.34423805962033,0.055,0.018,0.00783148272669936,"Atypical B (ABC/DN2)","VNN2","up"
2.44643448128728e-37,1.34397845012876,0.425,0.195,4.59978611171635e-33,"Atypical B (ABC/DN2)","LIMK1","up"
4.7396317417727e-81,1.34389293416069,0.716,0.441,8.91145560088102e-77,"Atypical B (ABC/DN2)","CNOT2","up"
6.57946798411662e-38,1.34220309850051,0.433,0.2,1.23707157037361e-33,"Atypical B (ABC/DN2)","ST3GAL1","up"
6.90250935630777e-13,1.34182700257375,0.155,0.064,1.29780980917299e-08,"Atypical B (ABC/DN2)","PHF2","up"
1.68977454770838e-68,1.33848239460612,0.656,0.297,3.17711410460129e-64,"Atypical B (ABC/DN2)","RHOB","up"
3.27687828018626e-22,1.33746931360959,0.244,0.097,6.16118654240622e-18,"Atypical B (ABC/DN2)","KIF1B","up"
2.64626716580282e-24,1.33738064140981,0.262,0.103,4.97551152514247e-20,"Atypical B (ABC/DN2)","ABTB2","up"
9.66892611649455e-44,1.33632496312391,0.477,0.214,1.81795148842331e-39,"Atypical B (ABC/DN2)","NCOR2","up"
1.80164290561516e-17,1.33586901559132,0.204,0.083,3.38744899113763e-13,"Atypical B (ABC/DN2)","KCTD7","up"
4.76767479157978e-24,1.33578138136737,0.279,0.118,8.9641821431283e-20,"Atypical B (ABC/DN2)","PLIN2","up"
1.76188742931335e-06,1.33569440467312,0.071,0.028,0.0331270074459495,"Atypical B (ABC/DN2)","FGFRL1","up"
1.87654684374396e-35,1.3304723204867,0.475,0.253,3.5282833756074e-31,"Atypical B (ABC/DN2)","GOT1","up"
8.50178661720417e-20,1.32804510441212,0.254,0.115,1.59850591976673e-15,"Atypical B (ABC/DN2)","CRY2","up"
2.3612437842324e-102,1.32461140267217,0.884,0.623,4.43961056311376e-98,"Atypical B (ABC/DN2)","S100A11","up"
9.14615687650679e-41,1.32282921079334,0.468,0.222,1.71966041592081e-36,"Atypical B (ABC/DN2)","GEN1","up"
2.45222016727864e-08,1.32180597510605,0.107,0.046,0.000461066435851731,"Atypical B (ABC/DN2)","APOL6","up"
2.56618483197655e-07,1.32074244165633,0.09,0.039,0.00482494072108232,"Atypical B (ABC/DN2)","INKA1","up"
3.32588330250302e-57,1.32067824181599,0.617,0.343,6.25332578536618e-53,"Atypical B (ABC/DN2)","KPNA2","up"
3.29134682046573e-41,1.31659288866742,0.491,0.243,6.18839029183966e-37,"Atypical B (ABC/DN2)","VSIR","up"
7.43926900442567e-41,1.31534565431923,0.33,0.112,1.39873135821211e-36,"Atypical B (ABC/DN2)","TFEC","up"
3.66002990043956e-149,1.31371988769131,0.981,0.873,6.88158821880645e-145,"Atypical B (ABC/DN2)","GAPDH","up"
1.26756216328392e-77,1.31098195237546,0.733,0.372,2.38327037940643e-73,"Atypical B (ABC/DN2)","BORCS5","up"
2.01723199978795e-10,1.31004475949955,0.113,0.044,3.7927996060013e-06,"Atypical B (ABC/DN2)","TICAM2","up"
1.38031847299414e-74,1.30788789900357,0.745,0.436,2.59527479292358e-70,"Atypical B (ABC/DN2)","WARS1","up"
7.18089834535106e-09,1.30362998746119,0.092,0.035,0.000135015250689291,"Atypical B (ABC/DN2)","NFIX","up"
2.01717269571997e-12,1.30199256797231,0.131,0.049,3.79268810249269e-08,"Atypical B (ABC/DN2)","ENSG00000285280","up"
2.18748822242165e-65,1.29985032102288,0.754,0.485,4.11291535579719e-61,"Atypical B (ABC/DN2)","MAP3K8","up"
1.45082337876921e-44,1.29500247322789,0.499,0.234,2.72783811676187e-40,"Atypical B (ABC/DN2)","IFNLR1","up"
1.18225078637806e-38,1.29495456822742,0.544,0.343,2.22286792854803e-34,"Atypical B (ABC/DN2)","LGALS1","up"
9.50332623005852e-79,1.2945203867219,0.761,0.446,1.7868153977756e-74,"Atypical B (ABC/DN2)","IRAG2","up"
1.92428957524479e-22,1.29159167603231,0.299,0.139,3.61804925937526e-18,"Atypical B (ABC/DN2)","PPP1R14A","up"
6.02818797362581e-21,1.29031076367681,0.276,0.127,1.13341990280113e-16,"Atypical B (ABC/DN2)","SACS","up"
1.35419643075818e-06,1.28916005232212,0.074,0.03,0.0254616012911153,"Atypical B (ABC/DN2)","H2BC15","up"
3.12729207352405e-14,1.28801345665665,0.17,0.069,5.87993455663992e-10,"Atypical B (ABC/DN2)","BRI3BP","up"
3.30718035993453e-20,1.28628872480596,0.241,0.101,6.21816051274891e-16,"Atypical B (ABC/DN2)","PYCARD","up"
2.01104992687882e-110,1.28477816308625,0.905,0.61,3.78117607251756e-106,"Atypical B (ABC/DN2)","LITAF","up"
8.3243066022986e-13,1.28354776361226,0.132,0.05,1.56513612736418e-08,"Atypical B (ABC/DN2)","PHACTR2","up"
1.42442270778875e-43,1.27837121217973,0.485,0.219,2.6781995751844e-39,"Atypical B (ABC/DN2)","NUDT4","up"
7.11042244973021e-17,1.27631680412885,0.223,0.1,1.33690162899827e-12,"Atypical B (ABC/DN2)","CTSC","up"
1.49895312114645e-14,1.27548070509641,0.17,0.069,2.81833165837956e-10,"Atypical B (ABC/DN2)","PABIR3","up"
4.60551015322388e-18,1.27542592095851,0.22,0.092,8.65928019009154e-14,"Atypical B (ABC/DN2)","CCNG2","up"
1.18387603518293e-07,1.27436436224322,0.087,0.035,0.00222592372135095,"Atypical B (ABC/DN2)","TMEM241","up"
2.12555772617289e-09,1.27230693858702,0.118,0.049,3.99647363675026e-05,"Atypical B (ABC/DN2)","CEP250","up"
1.91394466860148e-14,1.27119062976287,0.197,0.09,3.59859876590449e-10,"Atypical B (ABC/DN2)","LRRK2","up"
3.21263523268917e-39,1.27104239949212,0.43,0.184,6.04039676450217e-35,"Atypical B (ABC/DN2)","HLA-DQA2","up"
1.6642655918359e-76,1.2669339776851,0.753,0.441,3.12915216576985e-72,"Atypical B (ABC/DN2)","TPM4","up"
5.05025949884271e-103,1.26564290027202,0.916,0.694,9.49549790972407e-99,"Atypical B (ABC/DN2)","CREM","up"
1.73017782102007e-23,1.26288786139099,0.291,0.126,3.25308033908194e-19,"Atypical B (ABC/DN2)","POLM","up"
4.31717859628992e-29,1.26248255307251,0.372,0.171,8.11715919674431e-25,"Atypical B (ABC/DN2)","SLC1A5","up"
7.80933754169598e-121,1.26197776701974,0.953,0.642,1.46831164458968e-116,"Atypical B (ABC/DN2)","KLF2","up"
2.75896448065021e-29,1.26140430038793,0.372,0.174,5.18740501651852e-25,"Atypical B (ABC/DN2)","TRIM8","up"
4.20140457952008e-10,1.26137492135636,0.128,0.054,7.89948089041365e-06,"Atypical B (ABC/DN2)","CDK5R1","up"
9.67002613948297e-09,1.26069991292901,0.107,0.044,0.000181815831474559,"Atypical B (ABC/DN2)","ABHD4","up"
7.22095090153602e-16,1.25900895736463,0.218,0.107,1.3576831885068e-11,"Atypical B (ABC/DN2)","NCOA7","up"
3.15807957151243e-07,1.25897941699151,0.09,0.038,0.00593782121035767,"Atypical B (ABC/DN2)","MPV17L2","up"
2.5343320437886e-15,1.25793974429443,0.244,0.119,4.76505110873132e-11,"Atypical B (ABC/DN2)","RGS1","up"
9.08630167573968e-60,1.25313765689758,0.677,0.394,1.70840644107257e-55,"Atypical B (ABC/DN2)","CARD11","up"
6.57549206073203e-11,1.24550086151257,0.136,0.057,1.23632401725884e-06,"Atypical B (ABC/DN2)","CPPED1","up"
9.74911003301055e-16,1.2444881839332,0.202,0.087,1.83302766840664e-11,"Atypical B (ABC/DN2)","NCR3","up"
2.96304354928623e-15,1.24429589029339,0.205,0.091,5.57111448136797e-11,"Atypical B (ABC/DN2)","NQO2","up"
3.72934410193819e-20,1.24407894778869,0.242,0.102,7.01191278046418e-16,"Atypical B (ABC/DN2)","NETO2","up"
1.23761549876312e-15,1.24111394915867,0.21,0.093,2.32696466077442e-11,"Atypical B (ABC/DN2)","SYTL3","up"
1.98984064456805e-24,1.23939043001567,0.318,0.145,3.74129837991685e-20,"Atypical B (ABC/DN2)","ABHD17B","up"
1.86452989652366e-07,1.23736948915152,0.081,0.032,0.00350568911144378,"Atypical B (ABC/DN2)","ANKMY2","up"
2.65578324724814e-10,1.23719167709542,0.115,0.045,4.99340366147596e-06,"Atypical B (ABC/DN2)","ANXA2R-OT1","up"
4.0019720072908e-48,1.2350672793298,0.598,0.321,7.52450776810815e-44,"Atypical B (ABC/DN2)","LY6E","up"
4.11177460664282e-23,1.23166305063833,0.223,0.083,7.73095861540982e-19,"Atypical B (ABC/DN2)","ADARB1","up"
1.69470884428268e-36,1.23143297840516,0.481,0.252,3.1863915690203e-32,"Atypical B (ABC/DN2)","BIN1","up"
3.2088330276321e-24,1.22994969411282,0.3,0.131,6.03324785855388e-20,"Atypical B (ABC/DN2)","KCNN4","up"
1.160169471428e-14,1.22664706802205,0.204,0.092,2.18135064017892e-10,"Atypical B (ABC/DN2)","FBXO31","up"
1.2417234003258e-70,1.22624087736867,0.843,0.593,2.33468833729257e-66,"Atypical B (ABC/DN2)","S100A10","up"
1.12736309322057e-27,1.22609514938846,0.378,0.18,2.11966808787331e-23,"Atypical B (ABC/DN2)","OTULIN","up"
4.30817784152561e-14,1.22190073769443,0.199,0.092,8.10023597763645e-10,"Atypical B (ABC/DN2)","PLEKHO2","up"
1.04955406574736e-31,1.2186447518811,0.389,0.175,1.97337155441819e-27,"Atypical B (ABC/DN2)","SLC39A3","up"
3.24407780732574e-07,1.21513381604862,0.089,0.037,0.00609951509333386,"Atypical B (ABC/DN2)","SNX24","up"
2.31251490013817e-07,1.21447571564835,0.092,0.039,0.00434799051523979,"Atypical B (ABC/DN2)","PLAG1","up"
4.48208972810832e-08,1.21256203155355,0.089,0.035,0.000842722510678927,"Atypical B (ABC/DN2)","ENSG00000267379","up"
1.49934538902802e-09,1.21182533730789,0.137,0.062,2.81906920045048e-05,"Atypical B (ABC/DN2)","RAB34","up"
2.08485887131514e-83,1.21048639216595,0.847,0.592,3.91995164984673e-79,"Atypical B (ABC/DN2)","PRNP","up"
1.7404755803632e-16,1.20903730831998,0.225,0.101,3.27244218619888e-12,"Atypical B (ABC/DN2)","ENSG00000267476","up"
3.39948374695877e-62,1.2060924894091,0.693,0.405,6.39170934103188e-58,"Atypical B (ABC/DN2)","MYO9B","up"
1.14057372372265e-26,1.20592669556944,0.346,0.157,2.14450671534334e-22,"Atypical B (ABC/DN2)","MPRIP","up"
9.84411034014467e-52,1.20572287648561,0.622,0.332,1.850889626154e-47,"Atypical B (ABC/DN2)","GLUD1","up"
2.42551622896604e-71,1.20364233020922,0.746,0.418,4.56045561370195e-67,"Atypical B (ABC/DN2)","DAPP1","up"
1.61598812495583e-08,1.20182721752677,0.079,0.029,0.000303838087254195,"Atypical B (ABC/DN2)","BATF","up"
1.26507084826671e-34,1.20128527931856,0.478,0.246,2.37858620891107e-30,"Atypical B (ABC/DN2)","SNN","up"
3.26412400375374e-53,1.20097528562968,0.651,0.351,6.13720595185779e-49,"Atypical B (ABC/DN2)","LBH","up"
2.86296285311199e-29,1.20059917452696,0.38,0.176,5.38294275642115e-25,"Atypical B (ABC/DN2)","CORO1C","up"
2.95036453850127e-11,1.19881081661266,0.176,0.088,5.5472754052901e-07,"Atypical B (ABC/DN2)","MAST3","up"
4.15334582621207e-60,1.19464428481954,0.774,0.483,7.80912082244393e-56,"Atypical B (ABC/DN2)","TUBA4A","up"
9.13853948330528e-08,1.19282086455083,0.12,0.062,0.00171822819365106,"Atypical B (ABC/DN2)","SLC7A7","up"
1.93850990529705e-34,1.19161540069926,0.527,0.335,3.6447863239395e-30,"Atypical B (ABC/DN2)","NEK1","up"
8.97284469223919e-14,1.19100514494345,0.174,0.074,1.68707425903481e-09,"Atypical B (ABC/DN2)","ZMAT3","up"
6.99647012196154e-66,1.18996640801128,0.698,0.423,1.31547631233121e-61,"Atypical B (ABC/DN2)","ANKRD13A","up"
8.35520804895368e-19,1.18907741112045,0.297,0.15,1.57094621736427e-14,"Atypical B (ABC/DN2)","GPR65","up"
4.49895901390878e-45,1.18777370607934,0.583,0.308,8.45894273795129e-41,"Atypical B (ABC/DN2)","RAB11FIP1","up"
9.16830737915312e-09,1.18742591534067,0.129,0.061,0.000172382515342837,"Atypical B (ABC/DN2)","SLC35E4","up"
3.64772466734476e-47,1.1869867716742,0.583,0.322,6.85845191954162e-43,"Atypical B (ABC/DN2)","ABR","up"
3.76869372342167e-31,1.18655194458254,0.41,0.194,7.08589793877743e-27,"Atypical B (ABC/DN2)","TLE1","up"
4.54268607295602e-07,1.18442018550469,0.068,0.026,0.00854115835437191,"Atypical B (ABC/DN2)","GORASP1","up"
2.85250610496211e-53,1.18379654733304,0.656,0.359,5.36328197854976e-49,"Atypical B (ABC/DN2)","SIK1","up"
1.50425589275177e-23,1.18303979062354,0.363,0.19,2.82830192955187e-19,"Atypical B (ABC/DN2)","HEATR1","up"
1.7758380589485e-28,1.18253740971042,0.396,0.193,3.33893071843497e-24,"Atypical B (ABC/DN2)","MOB1B","up"
8.57108953775181e-41,1.18212957258269,0.494,0.23,1.61153625488809e-36,"Atypical B (ABC/DN2)","KYNU","up"
2.27518092418333e-21,1.1796788851601,0.37,0.202,4.27779517364949e-17,"Atypical B (ABC/DN2)","ISG15","up"
1.37906667665789e-34,1.17967357706776,0.485,0.257,2.59292116545216e-30,"Atypical B (ABC/DN2)","ENSG00000290192","up"
6.32150039777617e-14,1.17852110067344,0.213,0.101,1.18856850478988e-09,"Atypical B (ABC/DN2)","PCDH9","up"
5.57913594116204e-102,1.17794680951165,0.88,0.602,1.04898913965729e-97,"Atypical B (ABC/DN2)","RAPGEF1","up"
7.60483616698925e-21,1.17742310244232,0.342,0.175,1.42986129611732e-16,"Atypical B (ABC/DN2)","GPR18","up"
4.87108649030915e-20,1.17568974740737,0.278,0.128,9.15861681907926e-16,"Atypical B (ABC/DN2)","PLEKHG2","up"
2.560455577086e-16,1.17568419215284,0.263,0.132,4.8141685760371e-12,"Atypical B (ABC/DN2)","WDR55","up"
6.79357915459842e-16,1.17298332437001,0.204,0.088,1.2773287526476e-11,"Atypical B (ABC/DN2)","ITGAV","up"
2.58806644703621e-18,1.17290664889959,0.315,0.192,4.86608253371748e-14,"Atypical B (ABC/DN2)","AMPD3","up"
3.33509479641227e-47,1.17187434739144,0.64,0.356,6.27064523621434e-43,"Atypical B (ABC/DN2)","NIN","up"
4.23419425012869e-26,1.16852791205039,0.391,0.203,7.96113202909197e-22,"Atypical B (ABC/DN2)","NUP133","up"
1.98198015576144e-10,1.16772792705237,0.162,0.077,3.72651908886266e-06,"Atypical B (ABC/DN2)","VPS45","up"
1.15635564674244e-15,1.16657058830812,0.241,0.115,2.17417988700513e-11,"Atypical B (ABC/DN2)","DIPK2A","up"
1.77865257051154e-65,1.16357391479478,0.753,0.431,3.3442225630758e-61,"Atypical B (ABC/DN2)","KLF3","up"
1.95825293590222e-06,1.16144274768055,0.066,0.026,0.0368190717008336,"Atypical B (ABC/DN2)","ENSG00000249738","up"
2.52754863017563e-06,1.158487046233,0.071,0.029,0.0475229693445623,"Atypical B (ABC/DN2)","SCARB1","up"
8.67737101249007e-16,1.15691812490822,0.228,0.105,1.63151929776838e-11,"Atypical B (ABC/DN2)","SEPTIN11","up"
1.03140765988981e-24,1.15616672515264,0.349,0.165,1.93925268212481e-20,"Atypical B (ABC/DN2)","UPP1","up"
1.12375975035449e-60,1.15596266470002,0.682,0.439,2.11289308261651e-56,"Atypical B (ABC/DN2)","ORAI1","up"
2.38024525452563e-07,1.15523372250088,0.099,0.043,0.00447533712755909,"Atypical B (ABC/DN2)","NIPSNAP3B","up"
2.46214115308979e-18,1.14959744487747,0.288,0.145,4.62931779603942e-14,"Atypical B (ABC/DN2)","C15orf39","up"
2.91100250711256e-50,1.14127330197932,0.627,0.328,5.47326691387303e-46,"Atypical B (ABC/DN2)","PTPN6","up"
3.27931926578947e-15,1.13914584084797,0.236,0.113,6.16577608353736e-11,"Atypical B (ABC/DN2)","GCLM","up"
3.95061042385228e-29,1.13827416277628,0.376,0.172,7.42793771892706e-25,"Atypical B (ABC/DN2)","SLAMF7","up"
2.07120031285774e-07,1.13822203232425,0.102,0.045,0.00389427082823512,"Atypical B (ABC/DN2)","VPS37C","up"
9.49121157548155e-24,1.13493831603824,0.47,0.29,1.78453760042204e-19,"Atypical B (ABC/DN2)","NEU1","up"
1.33018907186759e-80,1.13259422410429,0.808,0.557,2.50102149292543e-76,"Atypical B (ABC/DN2)","USP24","up"
3.30665822749784e-52,1.12748480409447,0.666,0.407,6.21717879934144e-48,"Atypical B (ABC/DN2)","SH3KBP1","up"
2.40533689971637e-36,1.12364915963134,0.499,0.257,4.52251443884671e-32,"Atypical B (ABC/DN2)","ACOT9","up"
5.88913445900561e-38,1.12246772072347,0.506,0.248,1.10727506098223e-33,"Atypical B (ABC/DN2)","MXI1","up"
4.91572709182324e-14,1.11967667806933,0.195,0.087,9.24255007804605e-10,"Atypical B (ABC/DN2)","PITPNM1","up"
5.74393974323566e-37,1.11822743857113,0.483,0.234,1.07997555052317e-32,"Atypical B (ABC/DN2)","PIK3AP1","up"
1.44415788696225e-47,1.11751627082619,0.635,0.371,2.71530565906642e-43,"Atypical B (ABC/DN2)","EEA1","up"
2.56732399019174e-10,1.1169626061165,0.128,0.054,4.82708256635852e-06,"Atypical B (ABC/DN2)","HLA-DQB2","up"
1.46726618362799e-16,1.11657712186862,0.279,0.143,2.75875387845734e-12,"Atypical B (ABC/DN2)","GTDC1","up"
4.80635583412941e-35,1.11568269695598,0.656,0.406,9.03691023933011e-31,"Atypical B (ABC/DN2)","NR4A2","up"
5.68656727986896e-12,1.11366158021172,0.252,0.141,1.06918837996096e-07,"Atypical B (ABC/DN2)","PLEK","up"
3.5518193400544e-25,1.11267723998856,0.407,0.22,6.67813072317027e-21,"Atypical B (ABC/DN2)","ODF3B","up"
2.06364300812681e-10,1.11039164827116,0.152,0.069,3.88006158388003e-06,"Atypical B (ABC/DN2)","NT5C3B","up"
1.21900514173472e-08,1.10893238556508,0.086,0.033,0.000229197346748962,"Atypical B (ABC/DN2)","NET1","up"
6.84409035111725e-32,1.10756948516224,0.447,0.22,1.28682586781706e-27,"Atypical B (ABC/DN2)","FOXP4","up"
3.46343246377727e-10,1.1042345962403,0.183,0.102,6.51194571839403e-06,"Atypical B (ABC/DN2)","ATAD3B","up"
1.59351757876725e-13,1.10365477404509,0.223,0.112,2.99613175159819e-09,"Atypical B (ABC/DN2)","HPS3","up"
4.94297931247339e-36,1.10167061197335,0.544,0.305,9.29378970331246e-32,"Atypical B (ABC/DN2)","HCG18","up"
5.1277087344704e-16,1.09934977796571,0.257,0.126,9.64111796255125e-12,"Atypical B (ABC/DN2)","LGALS8","up"
1.94322924529019e-28,1.09867497658774,0.405,0.197,3.65365962699462e-24,"Atypical B (ABC/DN2)","IGFLR1","up"
2.43342341028384e-09,1.09454387462342,0.141,0.065,4.57532269601568e-05,"Atypical B (ABC/DN2)","INF2","up"
3.21589503893217e-10,1.09439803994486,0.136,0.059,6.04652585220026e-06,"Atypical B (ABC/DN2)","SLC17A9","up"
4.57082795119163e-10,1.09150527266317,0.173,0.086,8.5940707138305e-06,"Atypical B (ABC/DN2)","PTPN18","up"
1.46875872768409e-25,1.089795579527,0.451,0.254,2.76156015979162e-21,"Atypical B (ABC/DN2)","SIK2","up"
1.34033329158439e-21,1.0885835954792,0.305,0.142,2.52009465483698e-17,"Atypical B (ABC/DN2)","SLAMF6","up"
1.38348121325278e-34,1.08825458406794,0.561,0.35,2.60122137715788e-30,"Atypical B (ABC/DN2)","COMMD10","up"
1.2934730680937e-08,1.08577340529719,0.132,0.062,0.000243198806262978,"Atypical B (ABC/DN2)","CHST7","up"
5.10009717507902e-11,1.08275018571942,0.15,0.066,9.58920270858357e-07,"Atypical B (ABC/DN2)","CIC","up"
4.74838641152116e-21,1.08211500989383,0.296,0.136,8.92791613094209e-17,"Atypical B (ABC/DN2)","LHPP","up"
1.27205136260982e-26,1.08096794925781,0.462,0.255,2.39171097197898e-22,"Atypical B (ABC/DN2)","SGK1","up"
9.44155264315543e-20,1.0781206363356,0.3,0.144,1.77520072796608e-15,"Atypical B (ABC/DN2)","HEXB","up"
6.06946894329992e-14,1.07119856082347,0.215,0.102,1.14118155071925e-09,"Atypical B (ABC/DN2)","DNAJC5","up"
3.59698246896227e-24,1.06448916052098,0.351,0.167,6.76304643814287e-20,"Atypical B (ABC/DN2)","RNF11","up"
1.11960177304121e-19,1.06446848229641,0.294,0.14,2.10507525367209e-15,"Atypical B (ABC/DN2)","SOCS4","up"
1.06469136610111e-16,1.06421247299784,0.291,0.15,2.0018327065433e-12,"Atypical B (ABC/DN2)","MGAT2","up"
2.70143818433277e-07,1.0618290151529,0.099,0.044,0.00507924407418248,"Atypical B (ABC/DN2)","GSTM1","up"
1.04351329603155e-08,1.05985021647155,0.152,0.076,0.000196201369919852,"Atypical B (ABC/DN2)","TMEM181","up"
9.20099383534767e-15,1.05918459601748,0.291,0.163,1.72997086092207e-10,"Atypical B (ABC/DN2)","SUPV3L1","up"
1.35924266202682e-32,1.05655988250986,0.501,0.264,2.55564805314283e-28,"Atypical B (ABC/DN2)","ALOX5AP","up"
3.43853257366661e-26,1.05585296312631,0.367,0.173,6.46512894500796e-22,"Atypical B (ABC/DN2)","AIM2","up"
1.19470185578466e-06,1.05520820204949,0.087,0.039,0.0224627842924632,"Atypical B (ABC/DN2)","AGAP2","up"
9.96231858009448e-40,1.05412533885277,0.585,0.331,1.87311513942936e-35,"Atypical B (ABC/DN2)","DBNL","up"
1.24045055084479e-22,1.0538564084896,0.391,0.21,2.33229512569837e-18,"Atypical B (ABC/DN2)","JADE2","up"
2.35889092855787e-49,1.04722831108285,0.785,0.566,4.43518672387451e-45,"Atypical B (ABC/DN2)","CHD1","up"
7.26395613007061e-15,1.04519457189218,0.234,0.112,1.36576903157588e-10,"Atypical B (ABC/DN2)","ENTPD1","up"
9.65050164274234e-55,1.04427820305208,0.712,0.481,1.81448731886842e-50,"Atypical B (ABC/DN2)","TPD52","up"
9.40951055459063e-96,1.04116764309085,0.929,0.7,1.76917617447413e-91,"Atypical B (ABC/DN2)","AKAP13","up"
1.44260928232096e-40,1.0390817762603,0.609,0.377,2.71239397261988e-36,"Atypical B (ABC/DN2)","TACC1","up"
1.64392953537777e-41,1.03818306462957,0.607,0.333,3.09091631241729e-37,"Atypical B (ABC/DN2)","CCPG1","up"
1.70057211394712e-07,1.03785103145989,0.123,0.059,0.00319741568864337,"Atypical B (ABC/DN2)","MAP4K3-DT","up"
1.71109997023731e-35,1.0376217267359,0.582,0.348,3.2172101640402e-31,"Atypical B (ABC/DN2)","CD19","up"
4.15100445770424e-17,1.03710257919876,0.309,0.164,7.8047185813755e-13,"Atypical B (ABC/DN2)","TCIRG1","up"
9.31652290588662e-11,1.03679882486826,0.202,0.106,1.7516926367648e-06,"Atypical B (ABC/DN2)","ENSG00000291228","up"
3.37609894839024e-13,1.03382745555903,0.194,0.089,6.34774124276333e-09,"Atypical B (ABC/DN2)","TTC39C","up"
2.93540900686481e-12,1.0329605049162,0.225,0.115,5.51915601470722e-08,"Atypical B (ABC/DN2)","SLC5A6","up"
3.4992130698889e-09,1.03253234394274,0.16,0.079,6.57922041400511e-05,"Atypical B (ABC/DN2)","EEF2K","up"
2.81540871666513e-26,1.03047437378243,0.417,0.214,5.29353146907377e-22,"Atypical B (ABC/DN2)","FARP2","up"
4.91811865823061e-31,1.03044679551678,0.47,0.24,9.2470467012052e-27,"Atypical B (ABC/DN2)","AKT2","up"
1.66923827331064e-14,1.02752383385538,0.26,0.135,3.13850180147866e-10,"Atypical B (ABC/DN2)","TBC1D9B","up"
6.55265117596886e-16,1.02717018591158,0.249,0.119,1.23202947410567e-11,"Atypical B (ABC/DN2)","ZBTB18","up"
2.34071480654225e-15,1.02687346285907,0.231,0.108,4.40101197926073e-11,"Atypical B (ABC/DN2)","P2RX1","up"
1.36805542459344e-28,1.02669838831823,0.393,0.186,2.57221780932059e-24,"Atypical B (ABC/DN2)","PIGB","up"
3.61827987197603e-12,1.02439546549204,0.208,0.103,6.80308981528933e-08,"Atypical B (ABC/DN2)","KLHDC4","up"
2.32807452547896e-07,1.02141980899057,0.11,0.051,0.00437724572280555,"Atypical B (ABC/DN2)","IVD","up"
4.911236679756e-19,1.02006261410692,0.333,0.173,9.23410720527722e-15,"Atypical B (ABC/DN2)","CAPN2","up"
1.14077358896434e-11,1.01939384723328,0.179,0.084,2.14488250197075e-07,"Atypical B (ABC/DN2)","FOSL2","up"
4.15538986322651e-24,1.01856784278887,0.415,0.222,7.81296402083849e-20,"Atypical B (ABC/DN2)","RASGRP1","up"
3.97707116957398e-10,1.01810211859458,0.152,0.07,7.47768921303299e-06,"Atypical B (ABC/DN2)","TNFSF12","up"
4.21563453552989e-08,1.01508813155913,0.165,0.088,0.000792623605370329,"Atypical B (ABC/DN2)","ITPRIP","up"
1.7645933307242e-22,1.01379533168702,0.386,0.202,3.31778838042764e-18,"Atypical B (ABC/DN2)","RAP2B","up"
1.25348323416846e-16,1.01361561151185,0.347,0.201,2.35679917688353e-12,"Atypical B (ABC/DN2)","PRCP","up"
5.63477972295432e-54,1.01258819455066,0.754,0.487,1.05945128350987e-49,"Atypical B (ABC/DN2)","PEA15","up"
8.39582316983204e-11,1.01203770422785,0.155,0.071,1.57858267239182e-06,"Atypical B (ABC/DN2)","MAP7D3","up"
1.10274721065141e-15,1.00993759554001,0.299,0.159,2.07338530546678e-11,"Atypical B (ABC/DN2)","ATP10D","up"
4.57356656266591e-118,1.00804769201019,0.998,0.953,8.59921985112444e-114,"Atypical B (ABC/DN2)","EMP3","up"
3.69145051630496e-09,1.00802292459074,0.107,0.044,6.94066526075658e-05,"Atypical B (ABC/DN2)","ENSG00000273272","up"
7.33052842696904e-15,1.00509972135053,0.284,0.152,1.37828595483872e-10,"Atypical B (ABC/DN2)","APMAP","up"
2.87553860312417e-33,1.00389126252859,0.57,0.333,5.40658768159406e-29,"Atypical B (ABC/DN2)","MCM5","up"
8.04360528514188e-28,1.00195995039033,0.465,0.25,1.51235866571238e-23,"Atypical B (ABC/DN2)","CDC27","up"
6.02495014633404e-13,1.0013550767461,0.202,0.096,1.13281112651373e-08,"Atypical B (ABC/DN2)","GDE1","up"
3.4243412335115e-15,1.00078318029992,0.289,0.153,6.43844638724832e-11,"Atypical B (ABC/DN2)","GLUL","up"
1.57716703490167e-15,1.00025007345025,0.499,0.362,2.96538945902213e-11,"Atypical B (ABC/DN2)","SNHG15","up"
1.62021013611166e-06,1.00012587374953,0.144,0.081,0.0304631909791714,"Atypical B (ABC/DN2)","PTPRE","up"
7.67919513688836e-21,0.996540850395305,0.418,0.252,1.44384226963775e-16,"Atypical B (ABC/DN2)","LIMS1","up"
1.0950772588776e-12,0.996156137943017,0.195,0.092,2.05896426214166e-08,"Atypical B (ABC/DN2)","SIDT2","up"
2.2281267210007e-11,0.995375492290632,0.194,0.095,4.18932386082551e-07,"Atypical B (ABC/DN2)","NAAA","up"
7.52913192004256e-39,0.993277026462483,0.633,0.39,1.4156273836064e-34,"Atypical B (ABC/DN2)","PDIA6","up"
1.52449228118572e-14,0.991660035559879,0.26,0.133,2.86635038708539e-10,"Atypical B (ABC/DN2)","WASHC5","up"
1.90474376414958e-07,0.99158848874834,0.126,0.062,0.00358129922535403,"Atypical B (ABC/DN2)","RFX2","up"
3.02833214213028e-11,0.991427090794661,0.204,0.103,5.69387009363336e-07,"Atypical B (ABC/DN2)","GALNT11","up"
8.85725340274815e-16,0.990765364688962,0.252,0.122,1.66534078478471e-11,"Atypical B (ABC/DN2)","RBM15","up"
2.2547102654811e-22,0.987928419988841,0.405,0.221,4.23930624115756e-18,"Atypical B (ABC/DN2)","PREX1","up"
1.15825793163645e-28,0.986495724330638,0.504,0.288,2.17775656306286e-24,"Atypical B (ABC/DN2)","ERCC1","up"
3.26921627459479e-53,0.986284186932987,0.847,0.645,6.14678043949312e-49,"Atypical B (ABC/DN2)","MEF2C","up"
2.47248602169168e-26,0.984828036691917,0.496,0.288,4.64876821798469e-22,"Atypical B (ABC/DN2)","CYP51A1","up"
4.71656573242763e-23,0.983439286473219,0.384,0.198,8.86808689011043e-19,"Atypical B (ABC/DN2)","ACSL4","up"
1.38629732853613e-12,0.982343342353884,0.189,0.089,2.60651623711364e-08,"Atypical B (ABC/DN2)","PI4K2A","up"
1.87195713396359e-38,0.980083991355811,0.633,0.384,3.51965380327835e-34,"Atypical B (ABC/DN2)","RASSF5","up"
2.66446291591055e-58,0.979441107266877,0.806,0.52,5.00972317449502e-54,"Atypical B (ABC/DN2)","C7orf50","up"
2.50334902210906e-24,0.978615647751567,0.428,0.23,4.70679683136946e-20,"Atypical B (ABC/DN2)","CCR6","up"
9.88628697312883e-37,0.976054690851422,0.622,0.393,1.85881967668768e-32,"Atypical B (ABC/DN2)","DYNC1H1","up"
7.92697940084898e-18,0.975342500297425,0.309,0.157,1.49043066694763e-13,"Atypical B (ABC/DN2)","SCPEP1","up"
7.51156080666403e-38,0.975281866546025,0.614,0.36,1.41232366286897e-33,"Atypical B (ABC/DN2)","RAB31","up"
9.30805426648515e-13,0.973354630415324,0.195,0.092,1.75010036318454e-08,"Atypical B (ABC/DN2)","LIMD1","up"
2.35048443341717e-51,0.972576840582885,0.777,0.552,4.41938083171096e-47,"Atypical B (ABC/DN2)","MAPRE2","up"
6.54825617602109e-84,0.9718632556474,0.952,0.768,1.23120312621548e-79,"Atypical B (ABC/DN2)","NEAT1","up"
1.48703856851213e-29,0.971684528609078,0.528,0.303,2.7959299165165e-25,"Atypical B (ABC/DN2)","TFEB","up"
2.04596754068006e-18,0.969178379257387,0.436,0.281,3.84682816998665e-14,"Atypical B (ABC/DN2)","CCDC107","up"
2.79788871954062e-09,0.96869920475516,0.165,0.082,5.26059037048027e-05,"Atypical B (ABC/DN2)","MIR22HG","up"
6.69840640277504e-10,0.968036448767156,0.187,0.097,1.25943437184976e-05,"Atypical B (ABC/DN2)","ANKRD42","up"
2.79171922250421e-19,0.966626565310996,0.325,0.164,5.24899048215242e-15,"Atypical B (ABC/DN2)","ITGAE","up"
2.17520289342026e-20,0.965033932489347,0.399,0.225,4.08981648020878e-16,"Atypical B (ABC/DN2)","TMEM154","up"
2.02318119858622e-30,0.962826261054422,0.57,0.349,3.80398528958181e-26,"Atypical B (ABC/DN2)","TMC6","up"
4.0831103546846e-14,0.960378929974442,0.289,0.16,7.67706408887798e-10,"Atypical B (ABC/DN2)","ZDHHC21","up"
3.40666780301468e-17,0.960237400550245,0.218,0.096,6.4052168032282e-13,"Atypical B (ABC/DN2)","CD80","up"
4.83886413834947e-47,0.955918771001902,0.756,0.505,9.09803235292467e-43,"Atypical B (ABC/DN2)","CTSZ","up"
3.66804005765035e-33,0.954621019634061,0.578,0.339,6.89664891639418e-29,"Atypical B (ABC/DN2)","CMIP","up"
3.61661585111164e-13,0.950880731442886,0.249,0.129,6.7999611232601e-09,"Atypical B (ABC/DN2)","ENSG00000291055","up"
1.41419567472543e-14,0.95044660601627,0.268,0.139,2.65897070761876e-10,"Atypical B (ABC/DN2)","TTN","up"
1.39584530060528e-17,0.949678443366516,0.262,0.124,2.62446833419804e-13,"Atypical B (ABC/DN2)","MFHAS1","up"
1.05992349759749e-08,0.949374222285866,0.16,0.081,0.00019928681601828,"Atypical B (ABC/DN2)","GRAMD4","up"
2.65863433833692e-10,0.946829650257745,0.191,0.097,4.99876428294107e-06,"Atypical B (ABC/DN2)","QPCTL","up"
2.13540644376491e-27,0.944698356121295,0.464,0.247,4.01499119556678e-23,"Atypical B (ABC/DN2)","WEE1","up"
1.27918546690903e-20,0.94339829233849,0.422,0.248,2.40512451488235e-16,"Atypical B (ABC/DN2)","NANS","up"
5.56239441850422e-91,0.943155110223708,0.997,0.916,1.04584139856716e-86,"Atypical B (ABC/DN2)","CRIP1","up"
2.97263740811655e-15,0.942971419802391,0.304,0.164,5.58915285474073e-11,"Atypical B (ABC/DN2)","ANXA4","up"
3.48252661621429e-52,0.942381360212618,0.795,0.53,6.54784654380611e-48,"Atypical B (ABC/DN2)","RNASET2","up"
1.51211965050928e-07,0.941142926670117,0.165,0.091,0.00284308736688756,"Atypical B (ABC/DN2)","CORO1B","up"
3.26614519560646e-32,0.940761968134185,0.567,0.33,6.14100619677926e-28,"Atypical B (ABC/DN2)","CELF2","up"
1.10186995577639e-10,0.940384727135479,0.2,0.103,2.07173589085078e-06,"Atypical B (ABC/DN2)","KIF3B","up"
7.1723038370597e-54,0.938386879202389,0.795,0.512,1.34853656744397e-49,"Atypical B (ABC/DN2)","CYRIA","up"
1.96783753182183e-14,0.937619176978722,0.288,0.155,3.69992812733141e-10,"Atypical B (ABC/DN2)","CCND2","up"
4.9717039051226e-07,0.937228352237977,0.152,0.083,0.00934779768241151,"Atypical B (ABC/DN2)","POLH","up"
6.02192935730727e-26,0.936641214368105,0.509,0.302,1.13224315776091e-21,"Atypical B (ABC/DN2)","RABGEF1","up"
2.95993944909953e-67,0.936025133870261,0.919,0.75,5.56527815219694e-63,"Atypical B (ABC/DN2)","DDX21","up"
5.87609928162811e-13,0.934633411256606,0.241,0.124,1.10482418693172e-08,"Atypical B (ABC/DN2)","PTTG1IP","up"
5.78927327924069e-32,0.934613571632651,0.562,0.323,1.08849916196283e-27,"Atypical B (ABC/DN2)","TLE3","up"
7.15189567439723e-34,0.933585649020356,0.595,0.354,1.34469942470017e-29,"Atypical B (ABC/DN2)","AMZ2","up"
1.17959329034011e-47,0.931782408965133,0.835,0.68,2.21787130449747e-43,"Atypical B (ABC/DN2)","HSPD1","up"
1.45751944747976e-43,0.931617489305972,0.711,0.438,2.74042806515145e-39,"Atypical B (ABC/DN2)","CD63","up"
3.03971606138204e-09,0.929712875344646,0.192,0.103,5.71527413861051e-05,"Atypical B (ABC/DN2)","KIF21B","up"
4.62661914594977e-12,0.929154106325289,0.258,0.143,8.69896931821476e-08,"Atypical B (ABC/DN2)","SPAG4","up"
9.754590354138e-14,0.925571062661433,0.246,0.125,1.83405807838503e-09,"Atypical B (ABC/DN2)","FGD3","up"
6.01979462393994e-62,0.925103952195018,0.88,0.658,1.13184178519319e-57,"Atypical B (ABC/DN2)","WSB1","up"
4.26145711814187e-32,0.924053725643409,0.614,0.404,8.01239167353034e-28,"Atypical B (ABC/DN2)","UPF2","up"
1.00206087070114e-06,0.921668302496583,0.131,0.068,0.0188407484909229,"Atypical B (ABC/DN2)","MPEG1","up"
4.82896664842693e-23,0.919138308106196,0.397,0.208,9.07942309237231e-19,"Atypical B (ABC/DN2)","ARRB2","up"
2.97715115058517e-20,0.91598802695096,0.417,0.237,5.59763959333023e-16,"Atypical B (ABC/DN2)","IFNAR2","up"
1.75998685948138e-25,0.915616307348116,0.551,0.362,3.3091272931969e-21,"Atypical B (ABC/DN2)","CTR9","up"
2.8860739415639e-17,0.913383595659014,0.309,0.159,5.42639622492845e-13,"Atypical B (ABC/DN2)","STAT5B","up"
1.60697382016911e-08,0.911306947901876,0.12,0.055,0.000302143217668196,"Atypical B (ABC/DN2)","IGF2BP3","up"
1.00321548164546e-74,0.908064156487876,0.939,0.739,1.88624574858979e-70,"Atypical B (ABC/DN2)","MCL1","up"
1.17428309718252e-07,0.906607336102431,0.187,0.108,0.00220788707932257,"Atypical B (ABC/DN2)","ARL17B","up"
4.85151929480533e-52,0.90652641321635,0.787,0.539,9.12182657809297e-48,"Atypical B (ABC/DN2)","KRAS","up"
3.20385347692903e-45,0.90592804867507,0.748,0.476,6.02388530732196e-41,"Atypical B (ABC/DN2)","SERPINB1","up"
7.17034529039386e-29,0.904840391165226,0.565,0.353,1.34816832149985e-24,"Atypical B (ABC/DN2)","ALKBH5","up"
2.46105395506715e-14,0.904212284315475,0.225,0.109,4.62727364631726e-10,"Atypical B (ABC/DN2)","MCM6","up"
8.81972343345344e-13,0.904034127901467,0.265,0.144,1.65828439995792e-08,"Atypical B (ABC/DN2)","BOLA2","up"
1.43066085882795e-43,0.902471789224183,0.771,0.514,2.68992854676831e-39,"Atypical B (ABC/DN2)","CXXC5","up"
3.69431810132227e-20,0.901885107563449,0.368,0.195,6.94605689410613e-16,"Atypical B (ABC/DN2)","FOXK2","up"
2.73362911711854e-30,0.900068338118897,0.577,0.348,5.13976946600628e-26,"Atypical B (ABC/DN2)","PPP2R5C","up"
6.45109092035493e-07,0.898664884558333,0.132,0.068,0.0121293411484513,"Atypical B (ABC/DN2)","LINC02202","up"
5.26097721701911e-07,0.898538619252309,0.131,0.067,0.00989168936343933,"Atypical B (ABC/DN2)","FAM118A","up"
2.0180833684626e-59,0.898172607540539,0.853,0.614,3.79440034938337e-55,"Atypical B (ABC/DN2)","FLNA","up"
7.33163399620329e-15,0.89766134985889,0.249,0.124,1.37849382396614e-10,"Atypical B (ABC/DN2)","ATF3","up"
1.26448207894393e-26,0.896192515561312,0.588,0.41,2.37747920483037e-22,"Atypical B (ABC/DN2)","JPT1","up"
2.53292501588289e-09,0.896158741789459,0.252,0.154,4.76240561486301e-05,"Atypical B (ABC/DN2)","RNF139","up"
7.81280657634358e-13,0.895886620654022,0.273,0.15,1.46896389248412e-08,"Atypical B (ABC/DN2)","MCU","up"
3.29145313767742e-17,0.8954454924247,0.357,0.199,6.18859018946109e-13,"Atypical B (ABC/DN2)","DENND1B","up"
3.72704421021029e-13,0.895395592339196,0.242,0.125,7.00758852403739e-09,"Atypical B (ABC/DN2)","TRIM39","up"
1.80735629097899e-07,0.895311243344453,0.166,0.091,0.00339819129829871,"Atypical B (ABC/DN2)","FAIM","up"
5.07207816731613e-07,0.893360190969248,0.12,0.059,0.00953652137018778,"Atypical B (ABC/DN2)","COX10-DT","up"
6.25082392681558e-15,0.89189045293877,0.355,0.209,1.17527991471987e-10,"Atypical B (ABC/DN2)","FAM174C","up"
2.04570573743423e-10,0.890033384020535,0.288,0.186,3.84633592752384e-06,"Atypical B (ABC/DN2)","ISG20L2","up"
1.87592179056109e-23,0.888866594926865,0.493,0.293,3.52710815061296e-19,"Atypical B (ABC/DN2)","INPP5F","up"
1.4942788627326e-50,0.887733732872214,0.83,0.578,2.80954311770983e-46,"Atypical B (ABC/DN2)","MTSS1","up"
1.75109751083342e-11,0.887527298666668,0.247,0.135,3.29241353986899e-07,"Atypical B (ABC/DN2)","GLCCI1","up"
1.00783277268256e-18,0.88735228742468,0.451,0.275,1.89492717919774e-14,"Atypical B (ABC/DN2)","USP36","up"
2.30031678262956e-23,0.887279461877292,0.468,0.268,4.3250556147001e-19,"Atypical B (ABC/DN2)","TBL1XR1","up"
9.83586159580453e-07,0.885571694743731,0.137,0.073,0.0184933869724317,"Atypical B (ABC/DN2)","ENSG00000287510","up"
3.84289692008279e-07,0.885092475662185,0.116,0.057,0.00722541478913965,"Atypical B (ABC/DN2)","KLHL11","up"
1.60546518622586e-19,0.883661918872134,0.452,0.278,3.01859564314186e-15,"Atypical B (ABC/DN2)","DNAJC1","up"
2.22442246469187e-10,0.881088109907355,0.21,0.111,4.18235911811366e-06,"Atypical B (ABC/DN2)","SMIM20","up"
2.33002631094365e-42,0.880958947338541,0.759,0.538,4.38091546983625e-38,"Atypical B (ABC/DN2)","STAT3","up"
9.18040178516705e-13,0.88021283274345,0.278,0.154,1.72609914364711e-08,"Atypical B (ABC/DN2)","MIR29B2CHG","up"
9.45035741441076e-18,0.879673984560188,0.362,0.202,1.77685620105751e-13,"Atypical B (ABC/DN2)","IGHG3","up"
1.36673771281516e-14,0.879460276625492,0.326,0.185,2.56974024763506e-10,"Atypical B (ABC/DN2)","SEPHS2","up"
5.46232438948524e-68,0.87283368877013,0.935,0.731,1.02702623171101e-63,"Atypical B (ABC/DN2)","CLEC2D","up"
2.5102295946399e-10,0.872635242861164,0.25,0.144,4.71973368384195e-06,"Atypical B (ABC/DN2)","POLR3E","up"
3.07152239753502e-69,0.871763712043682,0.955,0.78,5.77507641184534e-65,"Atypical B (ABC/DN2)","TSC22D3","up"
1.54625697829256e-13,0.8702072289971,0.31,0.177,2.90727237058566e-09,"Atypical B (ABC/DN2)","CDK2AP1","up"
1.07376319300281e-16,0.869556112311381,0.359,0.202,2.01888955548388e-12,"Atypical B (ABC/DN2)","TMEM70","up"
6.14325775394603e-72,0.868012310910002,0.973,0.891,1.15505532289693e-67,"Atypical B (ABC/DN2)","SAT1","up"
1.38589359543888e-11,0.867337620192616,0.276,0.161,2.60575713814417e-07,"Atypical B (ABC/DN2)","WDR37","up"
4.89648138866949e-11,0.865630889734801,0.21,0.109,9.20636430697638e-07,"Atypical B (ABC/DN2)","VGLL4","up"
1.58170174866202e-105,0.865148867503406,0.998,0.988,2.97391562783434e-101,"Atypical B (ABC/DN2)","JUND","up"
2.47569205622665e-15,0.865028832956316,0.336,0.19,4.65479620411735e-11,"Atypical B (ABC/DN2)","CEP43","up"
2.31667498081838e-19,0.864350270176556,0.483,0.306,4.35581229893473e-15,"Atypical B (ABC/DN2)","SOCS1","up"
2.87301150985363e-12,0.859819673658458,0.284,0.162,5.4018362408268e-08,"Atypical B (ABC/DN2)","KATNAL1","up"
1.3400095336717e-17,0.858857441109055,0.363,0.202,2.51948592520953e-13,"Atypical B (ABC/DN2)","RETREG2","up"
5.87011351041702e-14,0.858066386146359,0.334,0.197,1.10369874222861e-09,"Atypical B (ABC/DN2)","ZZEF1","up"
2.60593718780232e-32,0.857456039822956,0.669,0.457,4.89968310050592e-28,"Atypical B (ABC/DN2)","CEP170","up"
3.46576571694613e-95,0.855083013971096,0.976,0.898,6.51633270100212e-91,"Atypical B (ABC/DN2)","CALM1","up"
1.90171198858437e-07,0.854980197117169,0.131,0.066,0.00357559888093633,"Atypical B (ABC/DN2)","GCNT1","up"
1.7072539454598e-06,0.853972247479422,0.134,0.071,0.0320997886825352,"Atypical B (ABC/DN2)","RCC1","up"
1.00083242795631e-13,0.85236617202114,0.363,0.224,1.88176513104345e-09,"Atypical B (ABC/DN2)","SLC7A5","up"
2.84762464288557e-47,0.852054535286341,0.803,0.613,5.35410385355346e-43,"Atypical B (ABC/DN2)","CDC42SE1","up"
3.49734866202214e-12,0.850173832420082,0.299,0.175,6.57571495433403e-08,"Atypical B (ABC/DN2)","DSTN","up"
6.72411564062625e-74,0.849618514040767,0.916,0.726,1.26426822275055e-69,"Atypical B (ABC/DN2)","EMD","up"
3.6032338215923e-14,0.848762790804111,0.315,0.177,6.77480023135784e-10,"Atypical B (ABC/DN2)","SELENOW","up"
1.27929423032646e-15,0.846099962263805,0.384,0.231,2.40532901185981e-11,"Atypical B (ABC/DN2)","ARID3A","up"
2.99258809914145e-47,0.845925939821867,0.885,0.72,5.62666414400575e-43,"Atypical B (ABC/DN2)","MAP1LC3B","up"
4.32005031152867e-08,0.845379774313421,0.166,0.089,0.00081225585957362,"Atypical B (ABC/DN2)","FAM219B","up"
2.91608727851785e-37,0.84192337055261,0.74,0.5,5.48282730106927e-33,"Atypical B (ABC/DN2)","JAZF1","up"
5.51825545450983e-45,0.840790344566851,0.874,0.702,1.03754239055694e-40,"Atypical B (ABC/DN2)","H2AZ1","up"
2.04916050458972e-09,0.840581836237418,0.197,0.106,3.85283158072959e-05,"Atypical B (ABC/DN2)","DENND6A","up"
1.57524224093399e-15,0.839635939307871,0.339,0.191,2.9617704614041e-11,"Atypical B (ABC/DN2)","NCF4","up"
1.31198110531728e-40,0.839437123190286,0.753,0.509,2.46678687421754e-36,"Atypical B (ABC/DN2)","WNK1","up"
4.63193681088776e-32,0.839410918031947,0.732,0.547,8.70896759183116e-28,"Atypical B (ABC/DN2)","NOP58","up"
5.4853992612044e-08,0.838255742330903,0.179,0.099,0.00103136476909165,"Atypical B (ABC/DN2)","SNX20","up"
1.83421045903766e-09,0.835677941490105,0.191,0.101,3.44868250508261e-05,"Atypical B (ABC/DN2)","STX17-DT","up"
4.52873692885562e-22,0.833482125811353,0.384,0.202,8.51493117363433e-18,"Atypical B (ABC/DN2)","MAP4K3","up"
7.09679924189105e-08,0.833221255716142,0.205,0.121,0.00133434019346036,"Atypical B (ABC/DN2)","TBC1D10B","up"
7.6869567764562e-23,0.833179602275568,0.494,0.293,1.44530161310929e-18,"Atypical B (ABC/DN2)","EHBP1L1","up"
7.89196224436806e-15,0.833176218077244,0.407,0.262,1.48384674118608e-10,"Atypical B (ABC/DN2)","GYPC","up"
1.52446625863419e-11,0.830039720264242,0.216,0.112,2.866301459484e-07,"Atypical B (ABC/DN2)","HMCES","up"
6.91764504570413e-52,0.829749758535783,0.819,0.633,1.30065562149329e-47,"Atypical B (ABC/DN2)","CD164","up"
4.45715314016171e-41,0.829358133054674,0.811,0.613,8.38033933413205e-37,"Atypical B (ABC/DN2)","ATP6V0D1","up"
1.27681833599914e-25,0.827271166809355,0.654,0.493,2.40067383534558e-21,"Atypical B (ABC/DN2)","FAM177A1","up"
1.4079360596439e-09,0.826277525440298,0.233,0.133,2.64720137934247e-05,"Atypical B (ABC/DN2)","PCSK7","up"
6.33107399690906e-11,0.826075162512182,0.255,0.144,1.19036853289884e-06,"Atypical B (ABC/DN2)","C11orf24","up"
1.093248765582e-28,0.825164719200857,0.604,0.382,2.05552632904728e-24,"Atypical B (ABC/DN2)","SREBF2","up"
5.15330417168322e-10,0.823827945474357,0.239,0.136,9.6892425035988e-06,"Atypical B (ABC/DN2)","SLC35E1","up"
4.33854218728543e-22,0.82362387865091,0.569,0.395,8.15732702053406e-18,"Atypical B (ABC/DN2)","PLCG2","up"
1.12602879719013e-51,0.822473807950852,0.837,0.572,2.11715934447689e-47,"Atypical B (ABC/DN2)","PTPN1","up"
2.63785241895711e-28,0.822315168731103,0.599,0.374,4.95969011812316e-24,"Atypical B (ABC/DN2)","PACSIN2","up"
3.27783348605169e-64,0.821721119427373,0.955,0.794,6.16298252047439e-60,"Atypical B (ABC/DN2)","CD52","up"
1.43535228493587e-29,0.820941308294729,0.582,0.345,2.69874936613642e-25,"Atypical B (ABC/DN2)","MAD1L1","up"
2.68966532621797e-19,0.820279153036848,0.467,0.287,5.05710874635503e-15,"Atypical B (ABC/DN2)","AKNA","up"
7.32453491692451e-07,0.819437201775293,0.103,0.051,0.0137715905508015,"Atypical B (ABC/DN2)","GBA1","up"
4.31761021907856e-10,0.8191202871246,0.213,0.115,8.11797073391151e-06,"Atypical B (ABC/DN2)","LRRK1","up"
3.21070662361534e-08,0.818399759487208,0.183,0.1,0.000603677059372155,"Atypical B (ABC/DN2)","ENSG00000226824","up"
2.50183667070212e-16,0.81648228626736,0.384,0.225,4.70395330825412e-12,"Atypical B (ABC/DN2)","ADI1","up"
2.38134835810625e-06,0.813836978962177,0.15,0.084,0.0447741118291137,"Atypical B (ABC/DN2)","SEC24D","up"
1.51018998042056e-12,0.810232772002616,0.313,0.183,2.83945920118673e-08,"Atypical B (ABC/DN2)","UGCG","up"
4.08010160326625e-25,0.810003483513679,0.528,0.313,7.6714070344612e-21,"Atypical B (ABC/DN2)","ANXA6","up"
2.53886587206544e-09,0.808650795995853,0.254,0.151,4.77357561265745e-05,"Atypical B (ABC/DN2)","ENSG00000290680","up"
1.84447781963818e-10,0.807829313577222,0.271,0.16,3.4679871964837e-06,"Atypical B (ABC/DN2)","DESI1","up"
1.57219605432867e-21,0.807681325006737,0.509,0.317,2.95604302134876e-17,"Atypical B (ABC/DN2)","MBD2","up"
3.28668034397687e-07,0.807588863237398,0.131,0.069,0.00617961638274532,"Atypical B (ABC/DN2)","NFKBIL1","up"
4.23588553573304e-09,0.806544014059736,0.22,0.125,7.96431198428526e-05,"Atypical B (ABC/DN2)","COA6","up"
4.6963137121605e-07,0.806204831994635,0.134,0.071,0.00883000904160417,"Atypical B (ABC/DN2)","ARSA","up"
9.09690873137105e-09,0.805565348038443,0.158,0.082,0.000171040077967238,"Atypical B (ABC/DN2)","BORCS6","up"
1.09804870521223e-10,0.804863960827422,0.271,0.158,2.06455117554003e-06,"Atypical B (ABC/DN2)","MED29","up"
3.76927906454069e-37,0.803892752561828,0.743,0.522,7.08699849714941e-33,"Atypical B (ABC/DN2)","HNRNPUL1","up"
1.3923895999251e-09,0.802609680163363,0.228,0.129,2.61797092577916e-05,"Atypical B (ABC/DN2)","ARAP1","up"
5.03402919484736e-14,0.802288438253452,0.383,0.25,9.464981692152e-10,"Atypical B (ABC/DN2)","MFSD12","up"
4.13697310007376e-07,0.802147944842847,0.149,0.08,0.00777833682275868,"Atypical B (ABC/DN2)","WDSUB1","up"
1.8316201120044e-10,0.800769803597926,0.294,0.183,3.44381213459067e-06,"Atypical B (ABC/DN2)","SH3GL1","up"
1.48995756325084e-11,0.800505378786344,0.378,0.247,2.80141821042422e-07,"Atypical B (ABC/DN2)","CDC42EP3","up"
1.22432914067898e-15,0.796633848773046,0.435,0.279,2.30198365030462e-11,"Atypical B (ABC/DN2)","PIP4K2A","up"
1.23755746928451e-27,0.7949695517329,0.637,0.438,2.32685555374873e-23,"Atypical B (ABC/DN2)","DEK","up"
2.22760919552115e-06,0.793658216098719,0.058,0.025,0.0418835080941887,"Atypical B (ABC/DN2)","TMEM91","up"
8.33160172818996e-15,0.793168757061562,0.402,0.249,1.56650775693428e-10,"Atypical B (ABC/DN2)","FYN","up"
1.29692547963726e-09,0.79080975807488,0.284,0.176,2.43847928681398e-05,"Atypical B (ABC/DN2)","SLC35D1","up"
7.82396384809337e-10,0.790751864514565,0.27,0.161,1.47106168271852e-05,"Atypical B (ABC/DN2)","TERF1","up"
7.659630681918e-07,0.790524021167728,0.218,0.16,0.0144016376081422,"Atypical B (ABC/DN2)","WDR45B","up"
4.64184631139022e-07,0.790497509121888,0.197,0.118,0.00872759943467588,"Atypical B (ABC/DN2)","DUSP18","up"
2.9045669627854e-134,0.790419845034471,0.998,0.992,5.4611668034291e-130,"Atypical B (ABC/DN2)","HLA-DPB1","up"
4.66957500451737e-23,0.79016559517829,0.559,0.356,8.77973492349356e-19,"Atypical B (ABC/DN2)","SYK","up"
8.8254805205211e-21,0.789017947088733,0.498,0.305,1.65936684746838e-16,"Atypical B (ABC/DN2)","IL10RA","up"
8.37710401380344e-15,0.788829017858479,0.384,0.234,1.57506309667532e-10,"Atypical B (ABC/DN2)","NPTN","up"
2.87547483979363e-10,0.788623525634172,0.313,0.204,5.40646779377999e-06,"Atypical B (ABC/DN2)","UBE2F","up"
4.80109578800231e-25,0.785556782451005,0.619,0.412,9.02702030060194e-21,"Atypical B (ABC/DN2)","PHACTR1","up"
6.18333073141026e-13,0.785259036827767,0.3,0.171,1.16258984411976e-08,"Atypical B (ABC/DN2)","TOB2","up"
1.21593478453696e-25,0.784902646152381,0.633,0.433,2.28620058188639e-21,"Atypical B (ABC/DN2)","TMEM131","up"
5.24163539816824e-19,0.78468905648392,0.533,0.357,9.85532287563592e-15,"Atypical B (ABC/DN2)","GRN","up"
1.53735718725207e-09,0.783593843362918,0.187,0.1,2.89053898347135e-05,"Atypical B (ABC/DN2)","KLF9","up"
1.61305601035687e-33,0.782556702809669,0.753,0.558,3.03286791067298e-29,"Atypical B (ABC/DN2)","RABGAP1L","up"
1.08161442593933e-07,0.781077727809207,0.183,0.102,0.00203365144365113,"Atypical B (ABC/DN2)","CLIP2","up"
8.9537645781848e-18,0.775550525021141,0.507,0.339,1.68348681599031e-13,"Atypical B (ABC/DN2)","MTHFD2","up"
1.09406162400388e-09,0.775486176306478,0.281,0.178,2.05705466545209e-05,"Atypical B (ABC/DN2)","TSPOAP1-AS1","up"
3.24676660574553e-12,0.775414680673637,0.281,0.159,6.10457057212274e-08,"Atypical B (ABC/DN2)","PCED1B-AS1","up"
2.98363118559257e-11,0.774618481098073,0.22,0.118,5.60982335515114e-07,"Atypical B (ABC/DN2)","ARL3","up"
1.90692236726106e-09,0.773692797717067,0.27,0.163,3.58539543492425e-05,"Atypical B (ABC/DN2)","PRKAG2","up"
4.06496617517628e-11,0.769674690488726,0.292,0.173,7.64294940256643e-07,"Atypical B (ABC/DN2)","TXNDC15","up"
1.50006903716895e-10,0.769178344618496,0.27,0.157,2.82042980368506e-06,"Atypical B (ABC/DN2)","NME4","up"
2.60222248944536e-20,0.769089910735074,0.556,0.374,4.89269872465517e-16,"Atypical B (ABC/DN2)","AP3S1","up"
6.20200647609335e-22,0.76742397517442,0.402,0.216,1.16610125763507e-17,"Atypical B (ABC/DN2)","IGHA1","up"
3.0400161516168e-13,0.766698997065201,0.386,0.246,5.7158383682699e-09,"Atypical B (ABC/DN2)","PTK2B","up"
6.37829109736306e-23,0.766302821708246,0.709,0.559,1.1992462921262e-18,"Atypical B (ABC/DN2)","HSPE1","up"
3.15543572860417e-08,0.766137248401539,0.183,0.101,0.000593285025692156,"Atypical B (ABC/DN2)","TBC1D7","up"
1.28477734863321e-22,0.764032967896043,0.562,0.358,2.41563837090017e-18,"Atypical B (ABC/DN2)","BAG1","up"
6.7912093186952e-12,0.763078487103899,0.318,0.19,1.27688317610107e-07,"Atypical B (ABC/DN2)","BCL7C","up"
2.7058343960539e-13,0.76201591075953,0.281,0.156,5.08750983146054e-09,"Atypical B (ABC/DN2)","DNMBP","up"
2.2044196386287e-70,0.761567107786365,0.96,0.857,4.14474980454968e-66,"Atypical B (ABC/DN2)","PPDPF","up"
3.12129117767469e-10,0.760400185941056,0.284,0.172,5.86865167226395e-06,"Atypical B (ABC/DN2)","MAP4K1","up"
1.13719238324258e-15,0.759742872162089,0.428,0.268,2.1381491189727e-11,"Atypical B (ABC/DN2)","CLPTM1L","up"
4.75378998821848e-40,0.757973198292976,0.803,0.604,8.93807593584838e-36,"Atypical B (ABC/DN2)","PLEKHO1","up"
1.29625971051744e-32,0.75628781277618,0.761,0.533,2.43722750771489e-28,"Atypical B (ABC/DN2)","PNP","up"
1.370064927132e-18,0.755873862608799,0.496,0.319,2.57599607599359e-14,"Atypical B (ABC/DN2)","NBDY","up"
7.97273053159648e-27,0.754408646032473,0.75,0.593,1.49903279455077e-22,"Atypical B (ABC/DN2)","NAPA","up"
4.97493418886385e-65,0.753832515749736,0.952,0.784,9.35387126190181e-61,"Atypical B (ABC/DN2)","GRB2","up"
4.95870158032073e-29,0.753652744885197,0.682,0.468,9.32335071131904e-25,"Atypical B (ABC/DN2)","TRAK1","up"
6.74841908581818e-10,0.753119657899402,0.242,0.139,1.26883775651554e-05,"Atypical B (ABC/DN2)","HDAC4","up"
1.98843198759463e-11,0.752561794429333,0.307,0.183,3.73864982307542e-07,"Atypical B (ABC/DN2)","RHOQ","up"
7.20792024967008e-78,0.752082617987143,0.984,0.908,1.35523316534297e-73,"Atypical B (ABC/DN2)","SH3BGRL3","up"
3.49452394902867e-13,0.749990646417845,0.357,0.216,6.5704039289637e-09,"Atypical B (ABC/DN2)","ENSG00000284691","up"
8.95124507288198e-07,0.747194535297937,0.187,0.111,0.0168301309860327,"Atypical B (ABC/DN2)","SGTB","up"
1.13290303109517e-08,0.744975251698909,0.27,0.168,0.000213008427906514,"Atypical B (ABC/DN2)","CKAP2","up"
2.21793132320469e-39,0.743305570884266,0.817,0.585,4.17015447388946e-35,"Atypical B (ABC/DN2)","MYADM","up"
1.30989927692626e-22,0.741740079091224,0.504,0.301,2.46287262047676e-18,"Atypical B (ABC/DN2)","ITGB1","up"
7.32515159484305e-28,0.741390854332,0.468,0.251,1.37727500286239e-23,"Atypical B (ABC/DN2)","TNFRSF13B","up"
9.36103002525586e-28,0.739512614517486,0.701,0.497,1.76006086534861e-23,"Atypical B (ABC/DN2)","RNF149","up"
1.14065387059015e-53,0.738739166040933,0.969,0.878,2.1446574074836e-49,"Atypical B (ABC/DN2)","ACTG1","up"
2.12785387345547e-06,0.738697955978171,0.173,0.102,0.0400079085287097,"Atypical B (ABC/DN2)","BICDL1","up"
3.6946972451946e-10,0.738585550139833,0.294,0.18,6.94676976041489e-06,"Atypical B (ABC/DN2)","FAM89B","up"
3.84202926093989e-37,0.736665578015153,0.814,0.577,7.22378341641919e-33,"Atypical B (ABC/DN2)","NAPSB","up"
2.76961951267383e-21,0.735633697836002,0.577,0.379,5.20743860772934e-17,"Atypical B (ABC/DN2)","SPTBN1","up"
1.02752871664015e-110,0.735366261464955,0.997,0.99,1.93195949302682e-106,"Atypical B (ABC/DN2)","HLA-DPA1","up"
1.97097691019013e-17,0.735190860451632,0.486,0.316,3.70583078653949e-13,"Atypical B (ABC/DN2)","TWF2","up"
5.90792086006253e-16,0.734102007489998,0.454,0.291,1.11080728010896e-11,"Atypical B (ABC/DN2)","SIRT2","up"
8.90461430386241e-12,0.73356325582328,0.372,0.238,1.67424558141221e-07,"Atypical B (ABC/DN2)","RIC8A","up"
9.36142415187673e-41,0.732790273763458,0.829,0.591,1.76013496903586e-36,"Atypical B (ABC/DN2)","LAPTM4A","up"
2.20678050977253e-07,0.731832822986055,0.237,0.151,0.00414918871447432,"Atypical B (ABC/DN2)","ERCC6","up"
1.41225788444266e-66,0.731124702238615,0.987,0.955,2.65532727432908e-62,"Atypical B (ABC/DN2)","TGFB1","up"
4.35444721144691e-07,0.730666414637702,0.168,0.095,0.00818723164696247,"Atypical B (ABC/DN2)","VAV2","up"
4.6113692340783e-24,0.728992660519142,0.582,0.37,8.67029643391402e-20,"Atypical B (ABC/DN2)","NSF","up"
2.90703547703822e-07,0.727799594096721,0.21,0.126,0.00546580810392727,"Atypical B (ABC/DN2)","BTBD6","up"
2.69899641336781e-09,0.72747397550028,0.276,0.169,5.07465305641415e-05,"Atypical B (ABC/DN2)","PARP4","up"
3.80967346813448e-22,0.726787445600829,0.609,0.414,7.16294805478644e-18,"Atypical B (ABC/DN2)","SSBP2","up"
3.49474506032313e-11,0.721700474837406,0.365,0.254,6.57081966241955e-07,"Atypical B (ABC/DN2)","SRA1","up"
8.82829436361354e-20,0.721279851131303,0.522,0.333,1.65989590624662e-15,"Atypical B (ABC/DN2)","GOLPH3","up"
4.85919715629862e-08,0.718971099655594,0.268,0.173,0.000913626249327266,"Atypical B (ABC/DN2)","EPS15L1","up"
2.91591630994711e-19,0.717919907566966,0.485,0.298,5.48250584596256e-15,"Atypical B (ABC/DN2)","RASGRP3","up"
7.73819722839035e-12,0.717132870244002,0.342,0.211,1.45493584288195e-07,"Atypical B (ABC/DN2)","ABHD17A","up"
2.88681039583403e-12,0.715594091322298,0.397,0.262,5.42778090624714e-08,"Atypical B (ABC/DN2)","NFATC3","up"
7.65615825127834e-12,0.714327554373611,0.313,0.187,1.43951087440535e-07,"Atypical B (ABC/DN2)","SYNJ2","up"
5.26069980294952e-10,0.712931391805911,0.313,0.197,9.89116776950569e-06,"Atypical B (ABC/DN2)","TSPO","up"
1.33722583884845e-08,0.711998546730988,0.255,0.156,0.000251425202220286,"Atypical B (ABC/DN2)","SOAT1","up"
1.07783429013968e-07,0.710768295723831,0.221,0.134,0.00202654403232062,"Atypical B (ABC/DN2)","ACSS1","up"
6.46060610305782e-31,0.708986625632496,0.756,0.53,1.21472315949693e-26,"Atypical B (ABC/DN2)","ARFGAP3","up"
2.49177700182803e-17,0.708910725720696,0.535,0.366,4.68503911883705e-13,"Atypical B (ABC/DN2)","HERPUD2","up"
1.27262556220761e-06,0.706612611948352,0.225,0.143,0.0239279058206275,"Atypical B (ABC/DN2)","AREG","up"
1.50920382596485e-07,0.706431422043222,0.265,0.171,0.00283760503357912,"Atypical B (ABC/DN2)","DNAAF2","up"
1.95046038842875e-29,0.705373183296075,0.775,0.575,3.66725562232373e-25,"Atypical B (ABC/DN2)","RASGEF1B","up"
3.23403591827458e-69,0.704957170308278,0.979,0.919,6.08063433353987e-65,"Atypical B (ABC/DN2)","CALM2","up"
7.14298847085705e-87,0.704671141903045,0.984,0.934,1.34302469229054e-82,"Atypical B (ABC/DN2)","RHOA","up"
5.10728868048815e-16,0.703924340842901,0.473,0.306,9.60272417705381e-12,"Atypical B (ABC/DN2)","LRP10","up"
1.69086120337303e-11,0.70363429679196,0.363,0.234,3.17915723458197e-07,"Atypical B (ABC/DN2)","DYNLT1","up"
1.38944794022419e-08,0.702817928808055,0.252,0.153,0.000261244001720953,"Atypical B (ABC/DN2)","CERK","up"
8.50835045803548e-07,0.702566144227186,0.162,0.092,0.0159974005311983,"Atypical B (ABC/DN2)","VPS11","up"
7.81860463457474e-48,0.701247543101305,0.893,0.741,1.47005404339274e-43,"Atypical B (ABC/DN2)","SNU13","up"
1.06119151193139e-13,0.700958323400727,0.439,0.291,1.99525228073341e-09,"Atypical B (ABC/DN2)","TMEM43","up"
2.29948132741927e-06,0.697493857318215,0.187,0.113,0.0432348479181371,"Atypical B (ABC/DN2)","LCLAT1","up"
1.14226445286436e-37,0.697418898645291,0.858,0.706,2.14768562427556e-33,"Atypical B (ABC/DN2)","ALDOA","up"
3.79415580857662e-09,0.696552787698057,0.333,0.223,7.13377175128576e-05,"Atypical B (ABC/DN2)","USP48","up"
1.42824231853082e-33,0.695904215241231,0.805,0.619,2.68538120730164e-29,"Atypical B (ABC/DN2)","CDV3","up"
1.13310538351048e-34,0.69514316838967,0.847,0.648,2.13046474207641e-30,"Atypical B (ABC/DN2)","PIKFYVE","up"
8.59542418391588e-07,0.692940037481124,0.192,0.115,0.0161611165505986,"Atypical B (ABC/DN2)","CPEB4","up"
2.74423779046389e-12,0.691169956565233,0.352,0.217,5.15971589363021e-08,"Atypical B (ABC/DN2)","PAFAH1B2","up"
4.60261598607895e-12,0.689422900317473,0.383,0.245,8.65383857702563e-08,"Atypical B (ABC/DN2)","MYO1G","up"
2.08768970676081e-14,0.688323819549233,0.477,0.32,3.92527418665168e-10,"Atypical B (ABC/DN2)","DEGS1","up"
1.03853336914657e-07,0.687786131539995,0.254,0.16,0.00195265044066937,"Atypical B (ABC/DN2)","PAQR3","up"
8.16432578926997e-21,0.68137509071313,0.624,0.434,1.53505653489854e-16,"Atypical B (ABC/DN2)","RHBDF2","up"
2.30247040104999e-27,0.681216738732951,0.738,0.528,4.32910484805419e-23,"Atypical B (ABC/DN2)","TLN1","up"
1.60381781022419e-40,0.68038412337694,0.898,0.789,3.01549824678352e-36,"Atypical B (ABC/DN2)","CIB1","up"
3.97890583905469e-08,0.678369433211452,0.286,0.185,0.000748113875859063,"Atypical B (ABC/DN2)","SRPRB","up"
7.41184053493926e-10,0.676633562240045,0.281,0.17,1.39357425737928e-05,"Atypical B (ABC/DN2)","HTT","up"
3.94918891318826e-10,0.674915411941913,0.192,0.105,7.42526499457656e-06,"Atypical B (ABC/DN2)","PTPN7","up"
8.92727467708843e-31,0.674450701413226,0.801,0.604,1.67850618478617e-26,"Atypical B (ABC/DN2)","MEF2A","up"
3.1884246854626e-10,0.674006700741757,0.325,0.205,5.99487609360678e-06,"Atypical B (ABC/DN2)","SAR1B","up"
1.80459123401693e-08,0.673570840704795,0.246,0.15,0.000339299243819863,"Atypical B (ABC/DN2)","ENSG00000291181","up"
3.13500633835394e-23,0.672686767716148,0.706,0.556,5.89443891737308e-19,"Atypical B (ABC/DN2)","PPP1CB","up"
6.48860498761342e-18,0.67247006708996,0.543,0.361,1.21998750977108e-13,"Atypical B (ABC/DN2)","ARHGAP25","up"
2.43522388840132e-07,0.671643128657561,0.231,0.143,0.00457870795497216,"Atypical B (ABC/DN2)","ENTPD1-AS1","up"
8.27997673381141e-14,0.669343624327424,0.535,0.382,1.55680122549122e-09,"Atypical B (ABC/DN2)","ATF4","up"
2.13207861820616e-20,0.669053408692274,0.646,0.47,4.00873421795122e-16,"Atypical B (ABC/DN2)","EIF4E","up"
5.25071199353378e-07,0.667571953376406,0.199,0.12,0.00987238869024222,"Atypical B (ABC/DN2)","TTN-AS1","up"
3.22117562377272e-08,0.66739099358282,0.25,0.154,0.000605645440781747,"Atypical B (ABC/DN2)","SNRNP25","up"
1.42418557560325e-10,0.667329821956889,0.349,0.225,2.67775371924922e-06,"Atypical B (ABC/DN2)","CRYBG1","up"
3.64705178816171e-16,0.666433789206517,0.501,0.33,6.85718677210165e-12,"Atypical B (ABC/DN2)","LARGE1","up"
2.9835856554372e-09,0.666131434663981,0.352,0.237,5.60973774935303e-05,"Atypical B (ABC/DN2)","RAB4A","up"
9.49315375170381e-16,0.664372718803116,0.553,0.406,1.78490276839535e-11,"Atypical B (ABC/DN2)","USP11","up"
2.46315930607273e-06,0.661354609977161,0.15,0.086,0.0463123212727795,"Atypical B (ABC/DN2)","APAF1","up"
2.24101096864698e-09,0.659421838759642,0.407,0.285,4.21354882325006e-05,"Atypical B (ABC/DN2)","ZFAND5","up"
2.2916144084642e-18,0.658692388990602,0.643,0.481,4.3086934107944e-14,"Atypical B (ABC/DN2)","GNB5","up"
8.14783750508448e-08,0.656940507305904,0.142,0.076,0.00153195640770598,"Atypical B (ABC/DN2)","GAPT","up"
2.38390191030142e-40,0.656754300333288,0.935,0.828,4.48221237174872e-36,"Atypical B (ABC/DN2)","PTPRC","up"
1.15024242160103e-13,0.65622247857034,0.342,0.204,2.16268580109426e-09,"Atypical B (ABC/DN2)","RABEP2","up"
9.40953456420402e-20,0.655801524249405,0.557,0.365,1.76918068876164e-15,"Atypical B (ABC/DN2)","SERINC3","up"
9.92427951920808e-103,0.655275117730791,0.997,0.995,1.8659630352015e-98,"Atypical B (ABC/DN2)","LAPTM5","up"
1.13091939019862e-09,0.652216047691543,0.42,0.308,2.12635463745144e-05,"Atypical B (ABC/DN2)","IQGAP2","up"
2.3439862270664e-10,0.65209465653072,0.417,0.295,4.40716290413024e-06,"Atypical B (ABC/DN2)","ARL4A","up"
4.17171736765277e-27,0.651448734856726,0.85,0.672,7.84366299466075e-23,"Atypical B (ABC/DN2)","YPEL5","up"
5.22216597551316e-20,0.650877190227729,0.643,0.463,9.81871646715985e-16,"Atypical B (ABC/DN2)","PPP1R16B","up"
5.54164463180105e-11,0.650791784845598,0.37,0.24,1.04194002367123e-06,"Atypical B (ABC/DN2)","PPP2R3C","up"
4.06213263650503e-11,0.650017170910319,0.405,0.276,7.63762178315675e-07,"Atypical B (ABC/DN2)","EPN1","up"
1.26403901863925e-07,0.649818367422315,0.12,0.063,0.00237664616284552,"Atypical B (ABC/DN2)","GCNA","up"
1.221526082142e-21,0.649092101518595,0.598,0.396,2.2967133396434e-17,"Atypical B (ABC/DN2)","CFLAR","up"
1.26856478573853e-43,0.648706536128713,0.973,0.868,2.38515551014558e-39,"Atypical B (ABC/DN2)","ZFP36","up"
2.92221300458312e-18,0.648007994860187,0.304,0.16,5.49434489121718e-14,"Atypical B (ABC/DN2)","MX1","up"
7.64238655590196e-08,0.648004737667639,0.216,0.13,0.00143692152024069,"Atypical B (ABC/DN2)","FBXW2","up"
8.68464223522373e-25,0.647563182435491,0.732,0.553,1.63288643306677e-20,"Atypical B (ABC/DN2)","CDK17","up"
1.64509086660186e-09,0.646899527872134,0.31,0.197,3.09309984738481e-05,"Atypical B (ABC/DN2)","FAM53B","up"
6.60103492893555e-14,0.646439299144565,0.493,0.337,1.24112658733846e-09,"Atypical B (ABC/DN2)","SBDS","up"
2.84072006372711e-09,0.644523073979877,0.226,0.132,5.34112186381971e-05,"Atypical B (ABC/DN2)","FRMD8","up"
1.23504765353105e-11,0.644288042823844,0.384,0.248,2.32213659816907e-07,"Atypical B (ABC/DN2)","SFT2D2","up"
1.04809332205827e-20,0.643537788477953,0.677,0.501,1.97062506413396e-16,"Atypical B (ABC/DN2)","SRPK2","up"
3.08021317776548e-11,0.642923822555101,0.367,0.235,5.79141681683466e-07,"Atypical B (ABC/DN2)","CDS2","up"
1.53633212178713e-17,0.642448347535642,0.64,0.503,2.88861165538417e-13,"Atypical B (ABC/DN2)","SPTAN1","up"
1.82072502720448e-08,0.642390192478186,0.297,0.192,0.000342332719614987,"Atypical B (ABC/DN2)","DBF4","up"
3.35460055293074e-35,0.642065348962091,0.856,0.68,6.30731995962038e-31,"Atypical B (ABC/DN2)","USP34","up"
3.84890183022259e-08,0.641738690909229,0.267,0.168,0.000723670522118451,"Atypical B (ABC/DN2)","TMUB2","up"
1.00232121634099e-06,0.639178651692352,0.225,0.142,0.0188456435096433,"Atypical B (ABC/DN2)","UCHL5","up"
9.58582549871867e-08,0.637485927933894,0.278,0.18,0.00180232691026908,"Atypical B (ABC/DN2)","LRWD1","up"
6.1443664235555e-10,0.636908325713947,0.244,0.142,1.1552637749569e-05,"Atypical B (ABC/DN2)","HMGN3","up"
2.88482029062524e-19,0.636174133018401,0.606,0.415,5.42403911043357e-15,"Atypical B (ABC/DN2)","MIR142HG","up"
3.94217427745788e-10,0.636057214322165,0.344,0.222,7.41207607647631e-06,"Atypical B (ABC/DN2)","RMC1","up"
1.36380560081595e-23,0.635227968818733,0.733,0.57,2.56422729065414e-19,"Atypical B (ABC/DN2)","WIPF1","up"
9.9023157600614e-30,0.635172160549766,0.821,0.657,1.86183340920674e-25,"Atypical B (ABC/DN2)","TTC3","up"
2.50764529625872e-11,0.634345057506906,0.441,0.312,4.71487468602565e-07,"Atypical B (ABC/DN2)","MYO5A","up"
2.48065251168975e-08,0.633724041921706,0.226,0.136,0.000466412285247907,"Atypical B (ABC/DN2)","TXNDC11","up"
2.316464734051e-25,0.632904021195745,0.751,0.554,4.35541699296268e-21,"Atypical B (ABC/DN2)","YPEL3","up"
1.01252599355908e-09,0.63097915618739,0.294,0.183,1.90375137308979e-05,"Atypical B (ABC/DN2)","TOLLIP","up"
3.4016611018504e-08,0.62875080870633,0.208,0.124,0.000639580320369912,"Atypical B (ABC/DN2)","THSD4-AS1","up"
1.30443754408515e-07,0.628239770096402,0.302,0.203,0.0024526034703889,"Atypical B (ABC/DN2)","HAPSTR1","up"
2.88659160511568e-07,0.627109970930846,0.435,0.337,0.00542736953593849,"Atypical B (ABC/DN2)","CDK11B","up"
9.50158708733474e-12,0.626351052544893,0.452,0.315,1.78648840416068e-07,"Atypical B (ABC/DN2)","PCNX4","up"
5.00166467507083e-13,0.626314941709318,0.402,0.256,9.40412992206818e-09,"Atypical B (ABC/DN2)","MACF1","up"
1.99383072717126e-12,0.625990126591122,0.389,0.248,3.74880053322741e-08,"Atypical B (ABC/DN2)","RASA3","up"
9.80055668308716e-11,0.625484131803991,0.493,0.361,1.84270066755405e-06,"Atypical B (ABC/DN2)","DDX3Y","up"
4.84510154546259e-13,0.625249041982038,0.483,0.333,9.10975992577876e-09,"Atypical B (ABC/DN2)","ZBTB7A","up"
1.32362172800234e-08,0.624814754107674,0.414,0.308,0.000248867357299,"Atypical B (ABC/DN2)","CCDC47","up"
3.76552287666424e-08,0.624599657756008,0.283,0.181,0.00070799361127041,"Atypical B (ABC/DN2)","KLHL18","up"
4.66541328448755e-08,0.624331854428706,0.221,0.132,0.000877191005749348,"Atypical B (ABC/DN2)","ZNF296","up"
2.12691856543561e-06,0.623800252158208,0.197,0.123,0.0399903228673204,"Atypical B (ABC/DN2)","COMT","up"
2.86021510888198e-08,0.623768667752708,0.302,0.197,0.00053777764477199,"Atypical B (ABC/DN2)","RASSF1","up"
8.31009779042103e-07,0.622488774311666,0.184,0.111,0.0156246458655496,"Atypical B (ABC/DN2)","FHIP2A","up"
2.91433681543801e-12,0.622140049144834,0.351,0.217,5.47953608038654e-08,"Atypical B (ABC/DN2)","LRRC8C","up"
4.75943089601433e-11,0.620915019553238,0.46,0.328,8.94868197068615e-07,"Atypical B (ABC/DN2)","LRRFIP2","up"
7.7107639563947e-17,0.620436454091995,0.572,0.397,1.44977783908133e-12,"Atypical B (ABC/DN2)","PAF1","up"
6.01554617974762e-29,0.618504680421161,0.835,0.686,1.13104299271615e-24,"Atypical B (ABC/DN2)","BPTF","up"
1.188180566586e-12,0.618334234707405,0.496,0.347,2.234017101295e-08,"Atypical B (ABC/DN2)","JOSD1","up"
3.46563338595226e-08,0.61713670243901,0.271,0.172,0.000651608389226743,"Atypical B (ABC/DN2)","NCAPH2","up"
2.16228958747581e-07,0.617018220351312,0.223,0.138,0.00406553688237202,"Atypical B (ABC/DN2)","MAP1LC3A","up"
8.43384370380344e-15,0.6158316732321,0.362,0.216,1.58573129318912e-10,"Atypical B (ABC/DN2)","HHEX","up"
1.4661005359995e-08,0.61576499371093,0.388,0.279,0.000275656222778627,"Atypical B (ABC/DN2)","EGLN2","up"
3.49212193369829e-13,0.614423551209486,0.515,0.365,6.56588765973952e-09,"Atypical B (ABC/DN2)","CORO7","up"
9.25163597677787e-11,0.614135411780785,0.435,0.305,1.73949259635377e-06,"Atypical B (ABC/DN2)","KCTD20","up"
1.40798946997478e-06,0.613979091908569,0.183,0.11,0.0264730180144659,"Atypical B (ABC/DN2)","FZR1","up"
2.82729759049143e-09,0.610865306344908,0.363,0.245,5.31588492964198e-05,"Atypical B (ABC/DN2)","ENSG00000291136","up"
6.38364022555796e-15,0.61055696261859,0.54,0.373,1.20025203520941e-10,"Atypical B (ABC/DN2)","TRIM38","up"
8.75688621005872e-46,0.609880635323588,0.932,0.832,1.64646974521524e-41,"Atypical B (ABC/DN2)","TPM3","up"
1.94572774561233e-08,0.609072143117592,0.216,0.129,0.000365835730730031,"Atypical B (ABC/DN2)","CTSA","up"
4.61115943473012e-09,0.608177393673819,0.309,0.199,8.66990196917958e-05,"Atypical B (ABC/DN2)","IRAK1","up"
2.94803086270681e-13,0.606454547449497,0.499,0.344,5.54288762806135e-09,"Atypical B (ABC/DN2)","MIDN","up"
3.52333826720135e-23,0.606341825855476,0.727,0.527,6.62458060999197e-19,"Atypical B (ABC/DN2)","SEPTIN6","up"
2.37287915894601e-08,0.606078131442184,0.173,0.098,0.000446148739465029,"Atypical B (ABC/DN2)","B4GALT4","up"
2.60840670791775e-06,0.605225100494589,0.212,0.134,0.0490432629222696,"Atypical B (ABC/DN2)","ANKRD36","up"
2.91318375292584e-09,0.603127754527736,0.386,0.268,5.47736809225116e-05,"Atypical B (ABC/DN2)","UBE2Q2","up"
1.01775270814703e-20,0.602966722512637,0.685,0.495,1.91357864185804e-16,"Atypical B (ABC/DN2)","FKBP1A","up"
5.99131425288255e-26,0.602315844889064,0.796,0.611,1.12648690582698e-21,"Atypical B (ABC/DN2)","MANBA","up"
1.80789600037856e-10,0.602035356231614,0.468,0.339,3.39920605991177e-06,"Atypical B (ABC/DN2)","ISCA1","up"
4.75292190700958e-22,0.601202997015903,0.737,0.562,8.93644376955941e-18,"Atypical B (ABC/DN2)","PDLIM1","up"
1.49487446092634e-06,0.600946991016337,0.166,0.1,0.0281066296143371,"Atypical B (ABC/DN2)","CMTM3","up"
4.25257837509363e-16,0.600244752696376,0.619,0.454,7.99569786085104e-12,"Atypical B (ABC/DN2)","CDKN1B","up"
8.17161618917542e-12,0.598776668419433,0.418,0.277,1.53642727588876e-07,"Atypical B (ABC/DN2)","CLCN3","up"
3.14318965351133e-12,0.597330398921,0.342,0.211,5.90982518653201e-08,"Atypical B (ABC/DN2)","UBE2J1","up"
6.6471358712509e-21,0.597111067310729,0.716,0.53,1.24979448651259e-16,"Atypical B (ABC/DN2)","MOB3A","up"
1.90271682414473e-09,0.596510177150947,0.462,0.341,3.57748817275692e-05,"Atypical B (ABC/DN2)","NFX1","up"
5.12253960286125e-12,0.594806699088053,0.399,0.259,9.63139896129973e-08,"Atypical B (ABC/DN2)","ACSL1","up"
8.71190384666e-10,0.594014712688873,0.339,0.22,1.63801216124901e-05,"Atypical B (ABC/DN2)","AHCTF1","up"
1.38947537646278e-21,0.593836572280788,0.7,0.507,2.61249160282532e-17,"Atypical B (ABC/DN2)","MAP2K3","up"
2.79452412731259e-09,0.593096581424886,0.373,0.253,5.25426426417313e-05,"Atypical B (ABC/DN2)","HSH2D","up"
3.41599130930507e-10,0.592472951010719,0.267,0.162,6.42274685975539e-06,"Atypical B (ABC/DN2)","ENSG00000285612","up"
2.98679419813074e-07,0.592292177714126,0.399,0.31,0.00561577045132542,"Atypical B (ABC/DN2)","GBE1","up"
1.30847894763499e-17,0.592189892709806,0.595,0.41,2.4602021173433e-13,"Atypical B (ABC/DN2)","CBLB","up"
4.5990478225877e-10,0.590548741573062,0.422,0.298,8.64712971602939e-06,"Atypical B (ABC/DN2)","TUT7","up"
1.15152861657356e-07,0.590484901094284,0.25,0.158,0.0021651041048816,"Atypical B (ABC/DN2)","C1orf174","up"
4.64541429716428e-09,0.589262164647669,0.208,0.122,8.73430796152827e-05,"Atypical B (ABC/DN2)","CCDC69","up"
2.66939589934539e-19,0.589123153804141,0.683,0.519,5.01899816994921e-15,"Atypical B (ABC/DN2)","GSPT1","up"
3.99499279129496e-15,0.588530238914556,0.567,0.402,7.51138544619279e-11,"Atypical B (ABC/DN2)","PICALM","up"
2.32338178021925e-09,0.587921769418481,0.365,0.245,4.36842242316824e-05,"Atypical B (ABC/DN2)","FAM50A","up"
1.87840707390984e-10,0.587459564785183,0.394,0.264,3.53178098036529e-06,"Atypical B (ABC/DN2)","FBXO34","up"
5.63895495544876e-12,0.587227956111501,0.372,0.237,1.06023631072348e-07,"Atypical B (ABC/DN2)","KIF20B","up"
6.52750285029782e-14,0.585439938627379,0.564,0.403,1.227301085913e-09,"Atypical B (ABC/DN2)","SIPA1L3","up"
2.99287693734348e-35,0.585399522667197,0.929,0.803,5.62720721759322e-31,"Atypical B (ABC/DN2)","ARL6IP1","up"
3.27303145924033e-15,0.585035141251995,0.616,0.457,6.15395374966368e-11,"Atypical B (ABC/DN2)","TRABD","up"
4.7555859922831e-12,0.583861670430737,0.415,0.273,8.94145278269069e-08,"Atypical B (ABC/DN2)","SLC66A2","up"
2.74602905823182e-22,0.583176662635454,0.645,0.441,5.16308383528746e-18,"Atypical B (ABC/DN2)","NR4A1","up"
1.05801830806826e-10,0.582840397837833,0.473,0.339,1.98928602282994e-06,"Atypical B (ABC/DN2)","NSMCE3","up"
6.41899099592353e-07,0.582086361330997,0.233,0.149,0.0120689868705354,"Atypical B (ABC/DN2)","PLAC8","up"
1.27088162859891e-22,0.581640043878146,0.742,0.555,2.38951163809167e-18,"Atypical B (ABC/DN2)","CNPPD1","up"
5.0218426000253e-16,0.580910641331829,0.662,0.508,9.44206845656756e-12,"Atypical B (ABC/DN2)","RAB8B","up"
4.56563824078891e-18,0.57818072344329,0.683,0.522,8.58431302033131e-14,"Atypical B (ABC/DN2)","WDFY4","up"
2.05980845185111e-09,0.577072898630959,0.27,0.166,3.87285185117045e-05,"Atypical B (ABC/DN2)","ZNF335","up"
2.27277475368158e-28,0.575607131297381,0.855,0.684,4.27327109187211e-24,"Atypical B (ABC/DN2)","LSP1","up"
1.4275381789353e-14,0.574607001116477,0.428,0.273,2.68405728403414e-10,"Atypical B (ABC/DN2)","BLOC1S6","up"
1.62534780917498e-22,0.57408590632543,0.801,0.645,3.05597895081079e-18,"Atypical B (ABC/DN2)","GNG7","up"
2.66258262059836e-25,0.573302050415468,0.798,0.612,5.00618784324904e-21,"Atypical B (ABC/DN2)","NDUFS5","up"
3.2378304770663e-31,0.570879956853689,0.895,0.768,6.08776886298006e-27,"Atypical B (ABC/DN2)","SEC61B","up"
1.56324505149036e-19,0.570239204136804,0.68,0.495,2.93921334581217e-15,"Atypical B (ABC/DN2)","TERF2IP","up"
1.2421823797514e-06,0.570134956373713,0.391,0.308,0.0233555131040859,"Atypical B (ABC/DN2)","ETF1","up"
3.15422013058235e-07,0.568578056848217,0.296,0.198,0.00593056468952093,"Atypical B (ABC/DN2)","TRIM26","up"
2.59427762093407e-35,0.567471633793458,0.966,0.874,4.87776078288024e-31,"Atypical B (ABC/DN2)","ATP6V0C","up"
1.74318247222761e-11,0.566564398713869,0.46,0.319,3.27753168428234e-07,"Atypical B (ABC/DN2)","RTN3","up"
7.00414076241762e-11,0.565467361192775,0.383,0.252,1.31691854614976e-06,"Atypical B (ABC/DN2)","MRPL41","up"
1.05543227858884e-06,0.565351770407819,0.208,0.131,0.0198442377020273,"Atypical B (ABC/DN2)","IFT52","up"
1.24185712097576e-13,0.563736399702771,0.622,0.477,2.33493975885862e-09,"Atypical B (ABC/DN2)","RILPL2","up"
2.18750112992069e-07,0.56362096901206,0.297,0.199,0.00411293962447688,"Atypical B (ABC/DN2)","ATP13A3","up"
7.0910142108309e-11,0.563505499163475,0.396,0.263,1.33325249192043e-06,"Atypical B (ABC/DN2)","MFSD10","up"
8.87486979507856e-12,0.560885993199467,0.457,0.313,1.66865301887067e-07,"Atypical B (ABC/DN2)","WIPI2","up"
2.39740452939817e-08,0.558999775366796,0.228,0.139,0.000450759999617444,"Atypical B (ABC/DN2)","PCED1B","up"
1.48778137655276e-41,0.558266358313635,0.997,0.986,2.79732654419449e-37,"Atypical B (ABC/DN2)","CD79A","up"
2.64246033564037e-06,0.557899422454713,0.2,0.127,0.0496835392307102,"Atypical B (ABC/DN2)","GLRX2","up"
2.17217897058947e-14,0.554950183636745,0.664,0.543,4.08413090050233e-10,"Atypical B (ABC/DN2)","EIF4H","up"
1.20179038628646e-38,0.554769077231045,0.958,0.886,2.2596062842958e-34,"Atypical B (ABC/DN2)","CORO1A","up"
1.25375694271035e-15,0.553967480827247,0.611,0.439,2.35731380368401e-11,"Atypical B (ABC/DN2)","RIOK3","up"
1.57697052114489e-13,0.553252455508368,0.565,0.41,2.96501997385662e-09,"Atypical B (ABC/DN2)","CAPNS1","up"
7.17224629556735e-11,0.553206147737775,0.447,0.31,1.34852574849257e-06,"Atypical B (ABC/DN2)","DENND5B","up"
1.14439299500307e-09,0.553167184524226,0.478,0.355,2.15168770920477e-05,"Atypical B (ABC/DN2)","PPP3R1","up"
1.52070365721533e-13,0.552949911313876,0.683,0.546,2.85922701629626e-09,"Atypical B (ABC/DN2)","SSU72","up"
5.28929605797087e-07,0.552005651105101,0.252,0.164,0.00994493444819683,"Atypical B (ABC/DN2)","RAB35","up"
5.83761429305729e-08,0.551001358658223,0.347,0.239,0.00109758823938063,"Atypical B (ABC/DN2)","GCH1","up"
6.74311896071922e-08,0.550086448013235,0.268,0.173,0.00126784122699443,"Atypical B (ABC/DN2)","UBE2O","up"
5.0286315505794e-07,0.54966056570632,0.396,0.291,0.0094548330413994,"Atypical B (ABC/DN2)","FTX","up"
4.32221151098684e-11,0.549592473684433,0.606,0.472,8.12662208295745e-07,"Atypical B (ABC/DN2)","CSRNP1","up"
9.86182570791321e-15,0.549434505882831,0.549,0.382,1.85422046960184e-10,"Atypical B (ABC/DN2)","POLR2A","up"
4.23871029867188e-07,0.547210604731049,0.281,0.188,0.00796962310356288,"Atypical B (ABC/DN2)","TMED7","up"
3.95164260194368e-10,0.543953352176466,0.454,0.321,7.4298784201745e-06,"Atypical B (ABC/DN2)","ARHGAP30","up"
1.37923071460096e-06,0.542511757172301,0.296,0.203,0.0259322958959273,"Atypical B (ABC/DN2)","SAMD4B","up"
1.04926938506434e-11,0.541424411660223,0.546,0.412,1.97283629779796e-07,"Atypical B (ABC/DN2)","SS18L2","up"
4.9866493104001e-11,0.540862578966148,0.546,0.413,9.37589803341427e-07,"Atypical B (ABC/DN2)","ZC3HAV1","up"
4.57498510142508e-11,0.540763207407944,0.425,0.288,8.60188698769944e-07,"Atypical B (ABC/DN2)","SELENOS","up"
2.21619799899873e-12,0.540173586701488,0.557,0.41,4.16689547771741e-08,"Atypical B (ABC/DN2)","TM9SF2","up"
1.10798753214766e-06,0.539542670855475,0.362,0.263,0.0208323815794403,"Atypical B (ABC/DN2)","ZFYVE16","up"
8.68775523712047e-25,0.539221476614996,0.89,0.756,1.63347173968339e-20,"Atypical B (ABC/DN2)","CMSS1","up"
5.22321579733771e-15,0.538347321701813,0.546,0.377,9.82069034215436e-11,"Atypical B (ABC/DN2)","IQSEC1","up"
8.94622271453869e-58,0.537439171507975,0.998,0.974,1.68206879478756e-53,"Atypical B (ABC/DN2)","MT-ND5","up"
1.32987719404969e-15,0.535002972101116,0.706,0.557,2.50043510025222e-11,"Atypical B (ABC/DN2)","TRAF3","up"
1.89492754700871e-08,0.534156606293066,0.216,0.129,0.000356284277388577,"Atypical B (ABC/DN2)","PVT1","up"
1.44823044879528e-33,0.533858765724251,0.932,0.811,2.72296288982488e-29,"Atypical B (ABC/DN2)","ARF6","up"
7.53661164831381e-07,0.533125868141259,0.254,0.167,0.0141703372211596,"Atypical B (ABC/DN2)","ZNF106","up"
4.46713560356922e-16,0.53186549563918,0.661,0.519,8.39910836183085e-12,"Atypical B (ABC/DN2)","SERINC1","up"
1.21814902643731e-12,0.53186074480044,0.625,0.501,2.29036379950743e-08,"Atypical B (ABC/DN2)","G3BP2","up"
3.68662806827355e-14,0.530383357978874,0.612,0.455,6.93159809396794e-10,"Atypical B (ABC/DN2)","SUPT4H1","up"
1.04453649575856e-12,0.529922178824415,0.48,0.328,1.96393751932525e-08,"Atypical B (ABC/DN2)","PTK2","up"
2.36115230092799e-59,0.529630271610323,0.998,0.993,4.43943855620481e-55,"Atypical B (ABC/DN2)","EZR","up"
1.66288214109752e-09,0.528342195166514,0.464,0.335,3.12655100169156e-05,"Atypical B (ABC/DN2)","BANP","up"
2.20931474516348e-13,0.5282088391234,0.627,0.505,4.15395358385637e-09,"Atypical B (ABC/DN2)","BSG","up"
1.462321227942e-10,0.527337274547182,0.536,0.405,2.74945637277654e-06,"Atypical B (ABC/DN2)","PPP1CC","up"
7.13500093790415e-09,0.52718323860792,0.435,0.315,0.000134152287634474,"Atypical B (ABC/DN2)","NCKAP1L","up"
2.4412891461198e-07,0.526471130852576,0.297,0.2,0.00459011185253445,"Atypical B (ABC/DN2)","BCL7A","up"
3.52195455131372e-07,0.526368508484524,0.278,0.184,0.00662197894738006,"Atypical B (ABC/DN2)","C21orf91","up"
6.42112723570297e-15,0.525362338001394,0.633,0.468,1.20730034285687e-10,"Atypical B (ABC/DN2)","ARL6IP5","up"
4.97010686445753e-18,0.52510478459092,0.672,0.489,9.34479492655304e-14,"Atypical B (ABC/DN2)","TBC1D22A","up"
4.9317888243247e-15,0.525099836837027,0.651,0.489,9.2727493474953e-11,"Atypical B (ABC/DN2)","ABI1","up"
7.13480466103049e-09,0.524214702072383,0.501,0.377,0.000134148597236695,"Atypical B (ABC/DN2)","ZMYM2","up"
2.68172016599684e-32,0.524208261791393,0.913,0.785,5.04217025610726e-28,"Atypical B (ABC/DN2)","ATP6V0E1","up"
6.74558057267252e-08,0.523761337024526,0.304,0.202,0.00126830405927389,"Atypical B (ABC/DN2)","LASP1","up"
9.81336252011028e-07,0.522865079399218,0.577,0.477,0.0184510842103113,"Atypical B (ABC/DN2)","EIF4A3","up"
2.37757785908024e-12,0.522542891497217,0.596,0.454,4.47032189064267e-08,"Atypical B (ABC/DN2)","MAT2A","up"
6.45783517638259e-50,0.522510645660238,0.989,0.939,1.21420216986345e-45,"Atypical B (ABC/DN2)","CYBA","up"
1.50508543161399e-21,0.521650644063138,0.79,0.627,2.82986162852062e-17,"Atypical B (ABC/DN2)","RAC2","up"
1.00836373135424e-12,0.5203333144442,0.501,0.348,1.89592548769225e-08,"Atypical B (ABC/DN2)","PFKL","up"
1.01308150237777e-11,0.520287150648418,0.376,0.243,1.90479584077069e-07,"Atypical B (ABC/DN2)","ENSG00000291107","up"
1.00005349100577e-12,0.519660158592846,0.601,0.453,1.88030057378906e-08,"Atypical B (ABC/DN2)","C9orf78","up"
1.35154787386484e-26,0.51933483158789,0.879,0.728,2.54118031244068e-22,"Atypical B (ABC/DN2)","LDHA","up"
7.87091150435809e-11,0.519157289039379,0.462,0.323,1.47988878104941e-06,"Atypical B (ABC/DN2)","TMED5","up"
1.97647392462268e-06,0.518809615893002,0.302,0.21,0.0371616627307557,"Atypical B (ABC/DN2)","UPF3A","up"
2.20534432070428e-06,0.512888358345626,0.205,0.131,0.0414648839178818,"Atypical B (ABC/DN2)","LINC01588","up"
5.53667624450128e-10,0.512884107905822,0.465,0.332,1.04100586749113e-05,"Atypical B (ABC/DN2)","PHKB","up"
4.57509426906342e-11,0.511257790525025,0.412,0.277,8.60209224469305e-07,"Atypical B (ABC/DN2)","MARCHF8","up"
2.47935513437578e-13,0.510307224232764,0.645,0.493,4.66168352365335e-09,"Atypical B (ABC/DN2)","DNTTIP2","up"
3.73441367533396e-09,0.50979250921136,0.375,0.256,7.0214445923629e-05,"Atypical B (ABC/DN2)","OTUD1","up"
9.36518510763721e-15,0.509184018269582,0.675,0.521,1.76084210393795e-10,"Atypical B (ABC/DN2)","PTP4A2","up"
7.65768283162464e-12,0.508668215771346,0.557,0.41,1.43979752600207e-07,"Atypical B (ABC/DN2)","MCUB","up"
9.17784640224958e-10,0.50859423183787,0.57,0.446,1.72561868055097e-05,"Atypical B (ABC/DN2)","SDCBP","up"
5.00375421472156e-12,0.507994512627419,0.633,0.489,9.40805867451947e-08,"Atypical B (ABC/DN2)","ALG13","up"
6.28878188548478e-07,0.507628713480508,0.213,0.135,0.0118241677010885,"Atypical B (ABC/DN2)","PRKACB","up"
2.92587401877031e-08,0.506572852767772,0.373,0.26,0.000550122833009194,"Atypical B (ABC/DN2)","TMEM170A","up"
1.02161283262027e-07,0.503736563335521,0.37,0.261,0.00192083644789264,"Atypical B (ABC/DN2)","CEBPB","up"
3.5659861700967e-10,0.502448286006109,0.378,0.252,6.70476719701581e-06,"Atypical B (ABC/DN2)","SEL1L3","up"
5.9221536455796e-12,0.50170643143291,0.502,0.354,1.11348332844188e-07,"Atypical B (ABC/DN2)","TGOLN2","up"
1.59475157340951e-07,0.500404027243753,0.318,0.216,0.00299845190832455,"Atypical B (ABC/DN2)","SUN1","up"
1.26495816284991e-13,0.500255995330745,0.394,0.252,2.3783743377904e-09,"Atypical B (ABC/DN2)","TPP1","up"
5.79800085730002e-11,0.49849008400984,0.475,0.335,1.09014012118955e-06,"Atypical B (ABC/DN2)","CDC40","up"
4.72373243606392e-08,0.498113662499657,0.465,0.352,0.000888156172628738,"Atypical B (ABC/DN2)","RNF168","up"
5.3543756027564e-21,0.497925177813821,0.8,0.629,1.00672970083026e-16,"Atypical B (ABC/DN2)","RALGAPA1","up"
6.88119827057774e-08,0.497579385008121,0.436,0.323,0.00129380289883403,"Atypical B (ABC/DN2)","ANP32E","up"
3.8503689194079e-11,0.497356863571799,0.585,0.454,7.23946364227073e-07,"Atypical B (ABC/DN2)","OSTF1","up"
3.44541918916416e-15,0.496604372827665,0.8,0.678,6.47807715946646e-11,"Atypical B (ABC/DN2)","ANXA2","up"
2.6049705252076e-06,0.495457979625087,0.257,0.173,0.0489786558149534,"Atypical B (ABC/DN2)","CTDSP2","up"
8.80000929026547e-07,0.495231377024862,0.399,0.299,0.0165457774675571,"Atypical B (ABC/DN2)","SUPT6H","up"
1.16800676033118e-09,0.493581387674419,0.465,0.335,2.19608631077468e-05,"Atypical B (ABC/DN2)","CCSER2","up"
5.32909209846822e-10,0.492650917257429,0.443,0.311,1.00197589635399e-05,"Atypical B (ABC/DN2)","SNAP23","up"
7.09641568213928e-09,0.490607376831996,0.412,0.291,0.000133426807655583,"Atypical B (ABC/DN2)","ATG12","up"
1.09427207354543e-28,0.490385013388883,0.998,0.978,2.05745035268011e-24,"Atypical B (ABC/DN2)","UBC","up"
7.72137229333252e-75,0.489795461616019,1,1,1.45177241859238e-70,"Atypical B (ABC/DN2)","HLA-B","up"
1.08516963543563e-10,0.488930975495718,0.363,0.24,2.04033594854608e-06,"Atypical B (ABC/DN2)","IL10RB","up"
2.32186666932167e-17,0.488293317958676,0.756,0.6,4.3655737116586e-13,"Atypical B (ABC/DN2)","ENSA","up"
1.29510774617322e-07,0.486911576931564,0.383,0.273,0.00243506158435488,"Atypical B (ABC/DN2)","STARD7","up"
6.85334653546977e-46,0.485370430963809,0.997,0.996,1.28856621559903e-41,"Atypical B (ABC/DN2)","ACTB","up"
5.05750611513173e-69,0.482996799587553,0.998,0.997,9.50912299767068e-65,"Atypical B (ABC/DN2)","HLA-DRB1","up"
1.11193093110407e-07,0.48288094278146,0.342,0.237,0.00209065253666186,"Atypical B (ABC/DN2)","ABHD14B","up"
1.11609015974476e-13,0.480733422806988,0.696,0.577,2.09847271835211e-09,"Atypical B (ABC/DN2)","GNAI2","up"
6.26270028104246e-07,0.480579841707127,0.346,0.245,0.011775129068416,"Atypical B (ABC/DN2)","CD22","up"
2.41485278683182e-06,0.480225505432576,0.237,0.158,0.0454040620980118,"Atypical B (ABC/DN2)","BTN2A1","up"
1.30679792472812e-28,0.480002648519893,0.712,0.477,2.4570414580738e-24,"Atypical B (ABC/DN2)","BCL2A1","up"
5.98876163066801e-09,0.479531442074087,0.535,0.406,0.00011260069617982,"Atypical B (ABC/DN2)","RNF19A","up"
1.43810007432224e-07,0.479345570629392,0.483,0.375,0.00270391575974068,"Atypical B (ABC/DN2)","FBXW7","up"
1.88565565503758e-12,0.477204583865085,0.674,0.536,3.54540976260165e-08,"Atypical B (ABC/DN2)","VDAC1","up"
4.39173843854059e-09,0.476867212371561,0.435,0.31,8.25734661214401e-05,"Atypical B (ABC/DN2)","TSPYL2","up"
6.1772816522574e-09,0.475545473602965,0.564,0.449,0.000116145249625744,"Atypical B (ABC/DN2)","ARPC5L","up"
6.03221499986239e-09,0.474935765941562,0.315,0.208,0.000113417706427413,"Atypical B (ABC/DN2)","CCND3","up"
9.72846286859856e-10,0.473754318350488,0.468,0.337,1.8291455885539e-05,"Atypical B (ABC/DN2)","NAGK","up"
3.72278828670818e-07,0.470909534080778,0.433,0.328,0.00699958653666872,"Atypical B (ABC/DN2)","ASAP1","up"
4.7079220014774e-16,0.469985250335365,0.842,0.755,8.85183494717781e-12,"Atypical B (ABC/DN2)","DDX24","up"
7.80660995726026e-14,0.469917617502769,0.714,0.563,1.46779880416407e-09,"Atypical B (ABC/DN2)","BRD2","up"
1.43970572761201e-40,0.46956500786345,0.984,0.921,2.7069347090561e-36,"Atypical B (ABC/DN2)","ARPC2","up"
5.42302284702416e-13,0.469105347643306,0.582,0.424,1.01963675569748e-08,"Atypical B (ABC/DN2)","WDFY2","up"
3.27809366006031e-19,0.468998993107723,0.79,0.617,6.1634716996454e-15,"Atypical B (ABC/DN2)","MOB1A","up"
2.0568700481238e-06,0.468613014350088,0.462,0.376,0.0386732706448237,"Atypical B (ABC/DN2)","MOB4","up"
1.9544543042181e-06,0.467485456582997,0.456,0.354,0.0367476498279087,"Atypical B (ABC/DN2)","ARL5A","up"
5.60762111751209e-07,0.466053927048556,0.299,0.204,0.0105434492251462,"Atypical B (ABC/DN2)","WIPF2","up"
8.83217947345847e-10,0.465822830682652,0.511,0.376,1.66062638459966e-05,"Atypical B (ABC/DN2)","ZNF331","up"
5.04810558913596e-09,0.465077245416263,0.388,0.269,9.49144812869343e-05,"Atypical B (ABC/DN2)","SNRPN","up"
2.36260639834646e-09,0.462765298624767,0.569,0.446,4.44217255017101e-05,"Atypical B (ABC/DN2)","TMF1","up"
5.17678580567576e-08,0.462612297906938,0.435,0.318,0.000973339267183156,"Atypical B (ABC/DN2)","PNPLA8","up"
2.5033456564534e-08,0.460444022132298,0.418,0.301,0.000470679050326368,"Atypical B (ABC/DN2)","MAP7D1","up"
8.86252321225408e-11,0.459754730245555,0.561,0.419,1.66633161436801e-06,"Atypical B (ABC/DN2)","REEP5","up"
2.29314713262106e-10,0.456934803039721,0.525,0.386,4.31157523875411e-06,"Atypical B (ABC/DN2)","TET2","up"
2.01629444540152e-31,0.455096511931701,0.973,0.93,3.79103681624394e-27,"Atypical B (ABC/DN2)","SERF2","up"
7.41076514236237e-08,0.454185640560782,0.498,0.386,0.00139337206206697,"Atypical B (ABC/DN2)","PTPN2","up"
5.4213111776044e-11,0.453106187617144,0.64,0.504,1.01931492761318e-06,"Atypical B (ABC/DN2)","BTBD9","up"
8.165923176609e-07,0.453032879298529,0.456,0.351,0.0153535687566602,"Atypical B (ABC/DN2)","OXSR1","up"
8.06654353477391e-09,0.449924659750472,0.598,0.484,0.000151667151540819,"Atypical B (ABC/DN2)","FOXN3","up"
9.50092971674994e-13,0.449743788917817,0.538,0.384,1.78636480534332e-08,"Atypical B (ABC/DN2)","UTY","up"
3.38638804085791e-08,0.449394885994604,0.59,0.484,0.000636708679442105,"Atypical B (ABC/DN2)","NAA50","up"
4.78981550001077e-10,0.449347604336887,0.43,0.301,9.00581110312026e-06,"Atypical B (ABC/DN2)","CCDC88C","up"
6.4536605358162e-09,0.449125295245885,0.289,0.188,0.000121341725394416,"Atypical B (ABC/DN2)","LEPROTL1","up"
3.10055667422312e-13,0.448936505344125,0.654,0.498,5.82966665887431e-09,"Atypical B (ABC/DN2)","WDR1","up"
9.51178295030902e-41,0.446828514345062,0.994,0.989,1.7884054303171e-36,"Atypical B (ABC/DN2)","HLA-DQB1","up"
3.84523100572424e-08,0.446798013359908,0.52,0.402,0.000722980333696272,"Atypical B (ABC/DN2)","RUBCN","up"
1.38451491637154e-07,0.445628056274917,0.338,0.236,0.00260316494576176,"Atypical B (ABC/DN2)","GAPVD1","up"
1.92682870027618e-15,0.44394684750019,0.884,0.801,3.62282332225927e-11,"Atypical B (ABC/DN2)","RBM3","up"
4.74408017568303e-10,0.443255743157529,0.394,0.272,8.91981954631923e-06,"Atypical B (ABC/DN2)","AKR1B1","up"
6.73066165946345e-53,0.443013134579645,1,0.997,1.26549900521232e-48,"Atypical B (ABC/DN2)","HLA-A","up"
1.33732880270609e-06,0.441344525077748,0.425,0.324,0.0251444561484799,"Atypical B (ABC/DN2)","GIT2","up"
1.39440588833965e-21,0.43757869569695,0.921,0.834,2.62176195125622e-17,"Atypical B (ABC/DN2)","HLA-DMA","up"
3.32796429479655e-24,0.437432882609113,0.958,0.863,6.25723846707648e-20,"Atypical B (ABC/DN2)","LMNA","up"
7.64382306355742e-11,0.437270009072346,0.58,0.437,1.43719161241007e-06,"Atypical B (ABC/DN2)","ICAM3","up"
1.39380721506602e-07,0.43719420688896,0.313,0.216,0.00262063632576713,"Atypical B (ABC/DN2)","ABHD16A","up"
1.4000450861946e-10,0.437011668397673,0.617,0.479,2.63236477106308e-06,"Atypical B (ABC/DN2)","SYPL1","up"
3.8365047804807e-11,0.435528838758486,0.593,0.448,7.21339628825981e-07,"Atypical B (ABC/DN2)","KDM2A","up"
5.11153314579275e-16,0.435407587818371,0.866,0.763,9.61070462071952e-12,"Atypical B (ABC/DN2)","CALR","up"
6.12423483059434e-27,0.435088014102518,0.961,0.921,1.15147863284835e-22,"Atypical B (ABC/DN2)","ARHGDIB","up"
4.37773411639506e-13,0.434168356003559,0.717,0.568,8.23101568564599e-09,"Atypical B (ABC/DN2)","TNFRSF13C","up"
5.35410274899967e-08,0.433846342556926,0.288,0.195,0.00100667839886692,"Atypical B (ABC/DN2)","DNAJB12","up"
5.34208233225534e-13,0.432824528625475,0.729,0.581,1.00441832011065e-08,"Atypical B (ABC/DN2)","CAP1","up"
1.23587522552669e-26,0.431223213982536,0.981,0.949,2.32369259903528e-22,"Atypical B (ABC/DN2)","LRRFIP1","up"
6.49526084141718e-08,0.431203247566855,0.359,0.252,0.00122123894340326,"Atypical B (ABC/DN2)","ZBTB43","up"
1.21197504263218e-06,0.429547779571242,0.384,0.282,0.0227875547515702,"Atypical B (ABC/DN2)","AHI1","up"
2.35201498099073e-07,0.428500749682047,0.494,0.382,0.00442225856725876,"Atypical B (ABC/DN2)","NRROS","up"
5.5503601706387e-09,0.42805260280783,0.363,0.252,0.000104357871928349,"Atypical B (ABC/DN2)","EMC3","up"
1.60776236948982e-12,0.42755211241549,0.934,0.875,3.02291480711476e-08,"Atypical B (ABC/DN2)","CDC37","up"
1.31544176995928e-12,0.424347949303024,0.637,0.483,2.47329361587743e-08,"Atypical B (ABC/DN2)","PHF20","up"
1.13375759831584e-09,0.423489743159299,0.73,0.622,2.13169103635344e-05,"Atypical B (ABC/DN2)","RSL24D1","up"
6.56517315300513e-15,0.422938944977166,0.746,0.592,1.23438385622802e-10,"Atypical B (ABC/DN2)","CTSS","up"
4.19943989594186e-22,0.421971698833255,0.934,0.82,7.89578689234989e-18,"Atypical B (ABC/DN2)","FUS","up"
7.48022548624089e-09,0.421720979234538,0.436,0.315,0.000140643199592301,"Atypical B (ABC/DN2)","NDUFB6","up"
2.48747576816737e-06,0.417746715789728,0.578,0.477,0.0467695193930828,"Atypical B (ABC/DN2)","CLK1","up"
4.81558683873744e-07,0.415916418687713,0.478,0.367,0.00905426637419413,"Atypical B (ABC/DN2)","DOCK2","up"
5.84280622151653e-13,0.412788563286645,0.767,0.625,1.09856442576954e-08,"Atypical B (ABC/DN2)","SELENOK","up"
3.75785132213594e-11,0.412635092227315,0.604,0.459,7.06551205588e-07,"Atypical B (ABC/DN2)","DIAPH1","up"
7.51954034717078e-20,0.411295263270912,0.893,0.766,1.41382397607505e-15,"Atypical B (ABC/DN2)","TMA7","up"
1.96339738725665e-12,0.410471510388829,0.737,0.597,3.69157976751995e-08,"Atypical B (ABC/DN2)","ODC1","up"
6.16038015203074e-10,0.410038379830025,0.53,0.394,1.15827467618482e-05,"Atypical B (ABC/DN2)","CDK13","up"
2.05516075579061e-08,0.409513847970468,0.58,0.459,0.000386411325303751,"Atypical B (ABC/DN2)","CLIC4","up"
4.09921157897801e-07,0.408902631436578,0.349,0.248,0.00770733761079446,"Atypical B (ABC/DN2)","PDE4A","up"
5.4536377276284e-09,0.408616092571131,0.599,0.476,0.000102539296554869,"Atypical B (ABC/DN2)","ARPP19","up"
4.4610594236798e-19,0.40837705837933,0.968,0.906,8.38768392840277e-15,"Atypical B (ABC/DN2)","MS4A1","up"
1.7758166868621e-08,0.405184476060251,0.407,0.292,0.000333889053463812,"Atypical B (ABC/DN2)","RPS19BP1","up"
3.34390760118449e-08,0.404743782109476,0.391,0.28,0.000628721507174708,"Atypical B (ABC/DN2)","SRSF6","up"
2.48866748233136e-07,0.402526105725032,0.346,0.246,0.00467919260027942,"Atypical B (ABC/DN2)","PIGT","up"
1.32463657901304e-08,0.400600413636033,0.527,0.401,0.000249058169586033,"Atypical B (ABC/DN2)","SEC11A","up"
1.13722745549044e-08,0.400222168215732,0.464,0.341,0.000213821506181313,"Atypical B (ABC/DN2)","ARL8A","up"
1.05243492546034e-09,0.400141577208641,0.703,0.585,1.97878814685052e-05,"Atypical B (ABC/DN2)","LSM14A","up"
4.53424642148564e-08,0.399611326322243,0.439,0.322,0.00085252901216773,"Atypical B (ABC/DN2)","USP9Y","up"
4.31945428917405e-10,0.399288877010163,0.635,0.5,8.12143795450505e-06,"Atypical B (ABC/DN2)","SH3BP5","up"
2.79131769248182e-07,0.398945423547645,0.444,0.333,0.00524823552540432,"Atypical B (ABC/DN2)","S1PR4","up"
1.22360225427846e-12,0.396939007507091,0.517,0.363,2.30061695849436e-08,"Atypical B (ABC/DN2)","INSIG1","up"
2.15311399590194e-07,0.395446140729594,0.381,0.277,0.00404828493509483,"Atypical B (ABC/DN2)","ZNF655","up"
1.06446574307453e-23,0.394384954835655,0.952,0.851,2.00140849012874e-19,"Atypical B (ABC/DN2)","IDS","up"
8.44917629082166e-11,0.39371467232218,0.532,0.392,1.58861412620029e-06,"Atypical B (ABC/DN2)","FBXO7","up"
1.46813873293693e-08,0.393372429464146,0.575,0.449,0.000276039444566802,"Atypical B (ABC/DN2)","RUNX1","up"
4.98437120949696e-08,0.389948288189639,0.52,0.399,0.000937161474809619,"Atypical B (ABC/DN2)","RBPJ","up"
2.6546707121934e-06,0.389680231015253,0.436,0.333,0.0499131187306603,"Atypical B (ABC/DN2)","UQCRC2","up"
2.77103679444714e-08,0.388352260092276,0.504,0.382,0.000521010338091951,"Atypical B (ABC/DN2)","NIPA2","up"
7.6846324951284e-09,0.388345428505839,0.519,0.391,0.000144486460173404,"Atypical B (ABC/DN2)","DPP7","up"
1.77586474363575e-06,0.387916544143454,0.237,0.162,0.0333898089098394,"Atypical B (ABC/DN2)","DDA1","up"
5.18299891505287e-29,0.387908081135365,1,0.999,9.74507456008241e-25,"Atypical B (ABC/DN2)","EIF1","up"
3.30609174136064e-11,0.387530377145912,0.577,0.431,6.21611369210627e-07,"Atypical B (ABC/DN2)","ATP1A1","up"
1.21240791154659e-07,0.386592337872778,0.473,0.357,0.0022795693552899,"Atypical B (ABC/DN2)","NRBP1","up"
8.35871573635636e-09,0.386068574727027,0.557,0.429,0.000157160573274972,"Atypical B (ABC/DN2)","SMARCA2","up"
3.19494499437145e-10,0.385180098493471,0.709,0.636,6.00713557841721e-06,"Atypical B (ABC/DN2)","CYTH1","up"
8.94060393685458e-10,0.384084634360541,0.711,0.589,1.6810123522074e-05,"Atypical B (ABC/DN2)","BMP2K","up"
3.49785371492569e-51,0.382844188638512,1,1,6.57666455480329e-47,"Atypical B (ABC/DN2)","CD74","up"
1.60436008198833e-07,0.381887462985422,0.452,0.339,0.00301651782615446,"Atypical B (ABC/DN2)","MKRN1","up"
3.78572757502973e-08,0.381517587519923,0.349,0.245,0.000711792498657089,"Atypical B (ABC/DN2)","SGMS1","up"
2.72843770733869e-09,0.37861741157095,0.708,0.589,5.13000857733821e-05,"Atypical B (ABC/DN2)","ELMO1","up"
1.82430906178951e-20,0.375726006023849,0.861,0.694,3.43006589797664e-16,"Atypical B (ABC/DN2)","EBF1","up"
1.36080929400014e-06,0.375530372847137,0.459,0.353,0.0255859363457906,"Atypical B (ABC/DN2)","NFATC1","up"
2.92650698780918e-13,0.374745216638322,0.754,0.607,5.50241843847881e-09,"Atypical B (ABC/DN2)","TPI1","up"
3.1883444234256e-11,0.374375189722757,0.817,0.717,5.99472518492481e-07,"Atypical B (ABC/DN2)","IRF2BP2","up"
3.24601862596591e-12,0.373948136931639,0.826,0.707,6.1031642205411e-08,"Atypical B (ABC/DN2)","GPR183","up"
9.48561295088502e-08,0.373749784180987,0.407,0.298,0.0017834849470254,"Atypical B (ABC/DN2)","YIPF3","up"
3.37341242447631e-07,0.373585506332964,0.258,0.177,0.00634269004050035,"Atypical B (ABC/DN2)","ARF3","up"
6.22035724956297e-08,0.371893051220845,0.661,0.557,0.00116955157006283,"Atypical B (ABC/DN2)","TXNL4A","up"
5.7213965413025e-07,0.371244116591824,0.538,0.428,0.010757369776957,"Atypical B (ABC/DN2)","GAB2","up"
6.17033965027812e-09,0.371173905156344,0.339,0.231,0.000116014726104529,"Atypical B (ABC/DN2)","CIITA","up"
3.01952830877449e-07,0.369246346846827,0.477,0.364,0.0056773171261578,"Atypical B (ABC/DN2)","TOMM5","up"
3.4663898540182e-08,0.368953797460425,0.462,0.344,0.000651750620352502,"Atypical B (ABC/DN2)","SNX8","up"
1.35390685146413e-16,0.368933299864329,0.606,0.427,2.54561566212286e-12,"Atypical B (ABC/DN2)","DUSP1","up"
3.31882969656097e-07,0.364587972220192,0.304,0.213,0.00624006359547393,"Atypical B (ABC/DN2)","ARMCX3","up"
1.15903086852942e-06,0.363906392301646,0.32,0.229,0.0217920983900901,"Atypical B (ABC/DN2)","TBK1","up"
2.23624580856749e-06,0.362730782530957,0.176,0.112,0.042045893692686,"Atypical B (ABC/DN2)","RNF144B","up"
1.6371331796e-06,0.362692688648138,0.263,0.179,0.0307813780428392,"Atypical B (ABC/DN2)","VAV3","up"
6.41651829378367e-08,0.361809079760662,0.391,0.283,0.0012064337695972,"Atypical B (ABC/DN2)","ADD3","up"
4.58328691641003e-10,0.359038971051647,0.85,0.764,8.61749606023414e-06,"Atypical B (ABC/DN2)","UQCRH","up"
6.9806624834634e-09,0.358041793303275,0.798,0.719,0.000131250416014079,"Atypical B (ABC/DN2)","STK17B","up"
7.65122426982638e-07,0.357454865120911,0.494,0.384,0.0143858318721276,"Atypical B (ABC/DN2)","LBR","up"
5.29902704776987e-11,0.35714145949655,0.667,0.524,9.9632306552169e-07,"Atypical B (ABC/DN2)","MTDH","up"
4.03249556374382e-08,0.356815874128749,0.456,0.339,0.000758189815895113,"Atypical B (ABC/DN2)","TRPC4AP","up"
6.5484732476603e-10,0.35624325067329,0.628,0.492,1.23124394002509e-05,"Atypical B (ABC/DN2)","SH3BGRL","up"
2.81451023765108e-08,0.355808272506299,0.236,0.152,0.000529184214883155,"Atypical B (ABC/DN2)","GRHPR","up"
1.04426140121013e-14,0.355642368233557,0.659,0.492,1.96342028655528e-10,"Atypical B (ABC/DN2)","PLEKHA2","up"
9.20860994321318e-32,0.354888088920788,0.997,0.976,1.73140284152294e-27,"Atypical B (ABC/DN2)","HLA-E","up"
1.54918773738262e-06,0.354730624833912,0.625,0.53,0.029127827838268,"Atypical B (ABC/DN2)","ZHX2","up"
2.73852130769138e-13,0.353080945643445,0.897,0.807,5.14896776272133e-09,"Atypical B (ABC/DN2)","SLC25A3","up"
4.18670916012917e-08,0.352635756026131,0.483,0.364,0.000787185056287487,"Atypical B (ABC/DN2)","MRPS6","up"
1.00990489879282e-08,0.351606040536308,0.567,0.44,0.000189882319071027,"Atypical B (ABC/DN2)","OGT","up"
1.17270405626047e-07,0.348966442427153,0.423,0.313,0.00220491816658094,"Atypical B (ABC/DN2)","NDUFC2","up"
2.31893523390041e-15,0.345908277447177,1,0.992,4.36006202677955e-11,"Atypical B (ABC/DN2)","H3-3B","up"
4.94831187781982e-13,0.34447450894277,0.761,0.616,9.30381599267683e-09,"Atypical B (ABC/DN2)","H2AZ2","up"
4.21291014777666e-09,0.3436074436803,0.556,0.426,7.92111365984967e-05,"Atypical B (ABC/DN2)","RFX3","up"
1.08283172788198e-10,0.342122410898777,0.493,0.355,2.03594021476371e-06,"Atypical B (ABC/DN2)","CHMP1B","up"
8.63441961657845e-08,0.342073548396526,0.585,0.465,0.00162344357630908,"Atypical B (ABC/DN2)","ZFAND6","up"
8.96863554052717e-09,0.341993763506645,0.599,0.472,0.000168628285432992,"Atypical B (ABC/DN2)","S100A6","up"
1.42680964212467e-08,0.340613005861652,0.554,0.429,0.00026826874891228,"Atypical B (ABC/DN2)","NUTM2A-AS1","up"
1.54210872224787e-09,0.340232739346082,0.59,0.456,2.89947281957045e-05,"Atypical B (ABC/DN2)","FILIP1L","up"
1.46118388351938e-07,0.339800173312683,0.662,0.557,0.00274731793779314,"Atypical B (ABC/DN2)","COX8A","up"
2.89142145607426e-12,0.339366098435264,0.897,0.815,5.43645062171082e-08,"Atypical B (ABC/DN2)","ST6GAL1","up"
2.78357398525244e-09,0.336651283279556,0.394,0.28,5.23367580707163e-05,"Atypical B (ABC/DN2)","GSTK1","up"
2.08774964017066e-18,0.336207356099866,0.969,0.896,3.92538687344888e-14,"Atypical B (ABC/DN2)","SIPA1L1","up"
3.03222907611765e-07,0.335619679221296,0.268,0.186,0.00570119710891641,"Atypical B (ABC/DN2)","MGST3","up"
1.71135180800335e-06,0.335246337216338,0.645,0.543,0.0321768366940789,"Atypical B (ABC/DN2)","NGLY1","up"
6.76189919335228e-07,0.335049818024297,0.475,0.366,0.012713722863341,"Atypical B (ABC/DN2)","RALGDS","up"
2.73931946772788e-07,0.334464493725857,0.559,0.443,0.00515046846322195,"Atypical B (ABC/DN2)","TNIP2","up"
9.29613119997748e-09,0.333775219816583,0.746,0.635,0.000174785858821977,"Atypical B (ABC/DN2)","RABAC1","up"
9.13911716456085e-20,0.333406475625277,0.918,0.782,1.71833680928073e-15,"Atypical B (ABC/DN2)","CD99","up"
3.34869797260313e-08,0.331837744500967,0.766,0.661,0.000629622192808841,"Atypical B (ABC/DN2)","GLS","up"
1.84665095799469e-11,0.331708978479278,0.792,0.662,3.47207313122162e-07,"Atypical B (ABC/DN2)","NCOA3","up"
7.60205721157905e-09,0.33136262936192,0.766,0.67,0.000142933879692109,"Atypical B (ABC/DN2)","ARHGDIA","up"
3.34707619788455e-14,0.331356225175433,0.845,0.704,6.29317266726254e-10,"Atypical B (ABC/DN2)","ARID5B","up"
1.88098925498593e-06,0.32971079312949,0.373,0.279,0.0353663599722454,"Atypical B (ABC/DN2)","FBXL3","up"
1.51414157533165e-12,0.327689056567658,0.935,0.85,2.84688898993857e-08,"Atypical B (ABC/DN2)","KLF6","up"
3.64589230911174e-10,0.327611350785439,0.422,0.297,6.8550067195919e-06,"Atypical B (ABC/DN2)","GABARAPL1","up"
8.64743743263926e-08,0.326851294920382,0.788,0.692,0.00162589118608483,"Atypical B (ABC/DN2)","ADK","up"
3.07669856707446e-09,0.3266655004403,0.68,0.552,5.7848086458134e-05,"Atypical B (ABC/DN2)","ATP6V0B","up"
5.44318602269051e-14,0.324721253399449,0.771,0.617,1.02342783598627e-09,"Atypical B (ABC/DN2)","PKM","up"
5.86882133150715e-14,0.324100319055906,0.512,0.356,1.10345578674997e-09,"Atypical B (ABC/DN2)","HVCN1","up"
2.00986636316125e-13,0.323084075374761,0.982,0.95,3.77895073601578e-09,"Atypical B (ABC/DN2)","DDX5","up"
4.45104456670457e-08,0.321796817746645,0.712,0.598,0.000836885399431794,"Atypical B (ABC/DN2)","EPC1","up"
2.64855058919499e-10,0.321761863290426,0.811,0.696,4.97980481780442e-06,"Atypical B (ABC/DN2)","CD81","up"
1.93765717876308e-15,0.320584513972793,0.948,0.882,3.64318302751035e-11,"Atypical B (ABC/DN2)","CLIC1","up"
1.87066677942495e-10,0.320568924767775,0.683,0.545,3.5172276786748e-06,"Atypical B (ABC/DN2)","ATP5F1D","up"
1.41497040128401e-07,0.317570785377253,0.417,0.308,0.0026604273484942,"Atypical B (ABC/DN2)","IL21R","up"
3.8280502270233e-07,0.314971415862555,0.499,0.387,0.00719750003684921,"Atypical B (ABC/DN2)","KANSL1","up"
5.4478511857705e-08,0.312907707390705,0.813,0.726,0.00102430497994857,"Atypical B (ABC/DN2)","MBP","up"
1.05287664660328e-07,0.31138686023685,0.683,0.57,0.00197961867094349,"Atypical B (ABC/DN2)","NR1H2","up"
1.05778621731844e-06,0.311157032756293,0.456,0.351,0.0198884964580212,"Atypical B (ABC/DN2)","TRAPPC10","up"
6.60579479576167e-07,0.310132560522191,0.475,0.367,0.0124202153749911,"Atypical B (ABC/DN2)","MICU2","up"
6.21243206219822e-09,0.309748029604152,0.759,0.645,0.000116806147633451,"Atypical B (ABC/DN2)","RAC1","up"
2.03837097109691e-11,0.308039757748944,0.821,0.7,3.8325450998564e-07,"Atypical B (ABC/DN2)","CMTM6","up"
3.5265054557199e-07,0.30799737388889,0.717,0.612,0.00663053555784456,"Atypical B (ABC/DN2)","CHPT1","up"
1.14525422320408e-07,0.307227239570335,0.683,0.568,0.00215330699046832,"Atypical B (ABC/DN2)","ERP29","up"
6.37400327682729e-27,0.306517566991394,0.585,0.379,1.19844009610907e-22,"Atypical B (ABC/DN2)","SAMSN1","up"
2.02904116211529e-29,0.303684992457958,0.998,0.975,3.81500319300918e-25,"Atypical B (ABC/DN2)","RPS26","up"
6.46572817917971e-25,0.302753876699818,0.997,0.99,1.21568621224937e-20,"Atypical B (ABC/DN2)","HLA-DQA1","up"
1.31870927807913e-06,0.301987739496113,0.656,0.55,0.0247943718464438,"Atypical B (ABC/DN2)","POMP","up"
4.98532037435866e-10,0.301509803214855,0.827,0.72,9.37339936786915e-06,"Atypical B (ABC/DN2)","PAK2","up"
5.44159107532341e-37,0.300784202908706,0.997,0.999,1.02312795398231e-32,"Atypical B (ABC/DN2)","HLA-DRA","up"
1.54852653146104e-16,0.300123651127382,0.982,0.97,2.91153958445305e-12,"Atypical B (ABC/DN2)","MYL6","up"
4.99548143568874e-15,0.298471626461971,0.929,0.823,9.39250419538196e-11,"Atypical B (ABC/DN2)","TRIR","up"
1.10964908062353e-08,0.297050328026409,0.827,0.733,0.000208636220138836,"Atypical B (ABC/DN2)","PGK1","up"
7.93474242900112e-08,0.296080981954827,0.512,0.396,0.00149189027150079,"Atypical B (ABC/DN2)","RNF181","up"
9.68859432550018e-15,0.294345668285711,0.935,0.871,1.82164950508054e-10,"Atypical B (ABC/DN2)","ATP5F1B","up"
5.67144845381301e-09,0.294151652682462,0.727,0.603,0.000106634573828592,"Atypical B (ABC/DN2)","CD48","up"
3.72989872669905e-43,0.293473152503578,0.998,1,7.01295558593955e-39,"Atypical B (ABC/DN2)","B2M","up"
1.88128036141625e-07,0.292044131587451,0.808,0.737,0.00353718333553482,"Atypical B (ABC/DN2)","BACH1","up"
1.00261230686725e-08,0.289810330870277,0.845,0.746,0.00018851116593718,"Atypical B (ABC/DN2)","CDKN1A","up"
2.02437860078451e-30,0.288730158036908,1,0.999,3.80623664519503e-26,"Atypical B (ABC/DN2)","MT-CO1","up"
2.63532321081869e-07,0.286256323543556,0.57,0.455,0.00495493470098131,"Atypical B (ABC/DN2)","PPP3CC","up"
7.09881543297097e-07,0.283524653812234,0.454,0.349,0.013347192777072,"Atypical B (ABC/DN2)","REV3L","up"
6.4402850603813e-10,0.279292556287601,0.769,0.646,1.21090239705289e-05,"Atypical B (ABC/DN2)","SMAP2","up"
1.5558130677357e-06,0.27881693629491,0.887,0.825,0.0292523972995666,"Atypical B (ABC/DN2)","MT-ND6","up"
1.22215968360283e-06,0.27802676933441,0.544,0.437,0.0229790463711003,"Atypical B (ABC/DN2)","CYB5R3","up"
7.47541816200758e-07,0.27455077921488,0.654,0.544,0.0140552812282067,"Atypical B (ABC/DN2)","BCLAF1","up"
1.17288986663376e-07,0.265613990308989,0.916,0.861,0.0022052675272448,"Atypical B (ABC/DN2)","ISG20","up"
5.73714112196294e-08,0.258981405537409,0.342,0.249,0.00107869727375147,"Atypical B (ABC/DN2)","DCTN4","up"
1.85945869628374e-06,0.25336888890324,0.619,0.512,0.0349615424075269,"Atypical B (ABC/DN2)","RERE","up"
3.74062016953544e-11,0.253232740971895,0.914,0.82,7.03311404276054e-07,"Atypical B (ABC/DN2)","LPXN","up"
1.73473261183594e-15,0.251639857394145,0.617,0.457,3.26164425677394e-11,"Atypical B (ABC/DN2)","SLAMF1","up"
