"gene","p_val","avg_log2FC","pct.1","pct.2","p_val_adj"
"TRBV4-2",1.06133129889984e-17,9.78282836269112,0.821,0,1.99551510819148e-13
"RPS26",4.98367853128683e-14,-2.9965589918809,0.964,1,9.3703123745255e-10
"MT-CO1",7.11505977135421e-14,-1.56276538682101,0.964,1,1.33777353821002e-09
"TRAV8-4",1.00627677506581e-12,7.85892549997203,0.607,0,1.89200159247874e-08
"KLRC4",2.90073747840126e-09,3.17165859952283,0.643,0.07,5.45396660689005e-05
"GNLY",1.30412108761454e-07,-4.6191755062075,0.071,0.69,0.00245200846893286
"HLA-C",2.87245179156979e-07,0.834138270233146,1,1,0.00540078385850952
"TRAV13-1",3.89109849767839e-07,-7.092058524748,0,0.592,0.00731604339533491
"TRBV12-3",6.20001804500207e-07,-7.90667086318988,0,0.577,0.0116572739282129
"HLA-G",9.79372451486737e-07,-5.33627893188742,0,0.563,0.0184141608328536
"YIPF5",2.16693968318646e-06,2.4613249461858,0.643,0.211,0.0407427999232719
"CRIP1",3.71674522754338e-06,-1.04335638061922,1,1,0.0698822437682707
"ATP1B3",5.04418036733208e-06,-1.76637663690886,0.536,0.887,0.0948406792665778
"BEX4",5.18925933755245e-06,3.57147487231184,0.357,0.028,0.0975684540646612
"CMC1",6.32815422677763e-06,-1.5176679073372,0.393,0.901,0.118981955771873
"TRGV9",7.13638386391078e-06,3.54715127502618,0.5,0.113,0.13417828940925
"DDX56",7.19014147668693e-06,2.62577618119078,0.464,0.07,0.135189040044668
"RPS12",1.0759731187627e-05,0.414308289477271,1,1,0.202304465789764
"TRAV26-1",1.45275637088553e-05,5.43622753903015,0.25,0,0.273147252853897
"PCED1B-AS1",5.03220099101768e-05,1.2072427439917,0.893,0.662,0.946154430331145
"TRBV4-1",0.00073710781743571,-7.45684706353481,0,0.324,1
"TRAV5",0.00268812894062915,-5.59464430513088,0,0.268,1
"XCL1",0.0288300927281912,-5.00480136804666,0,0.155,1
"TRBV11-3",0.0121794669946099,-4.87080973640494,0,0.197,1
"ZNF680",0.00127106306598475,4.8106918067768,0.143,0,1
"TRGV2",0.00366846586188834,-4.75054100629696,0,0.254,1
"ADO",0.000290227723766991,4.74210426213713,0.179,0,1
"EMSY-DT",0.00127106306598475,4.65095563815344,0.143,0,1
"XRCC4",0.00555054303821041,4.63876468492347,0.107,0,1
"ENSG00000289359",0.00555054303821041,4.62459501030644,0.107,0,1
"ENSG00000253194",0.00555054303821041,4.59905757239423,0.107,0,1
"ENSG00000276241",0.00907777135882658,-4.41548362349899,0,0.211,1
"PPP1R3F",0.00555054303821041,4.38937366679181,0.107,0,1
"C2orf74-DT",0.00555054303821041,4.35173696839593,0.107,0,1
"CCND1",0.00555054303821041,4.34872784528798,0.107,0,1
"ADCK2",0.00127106306598475,4.34775674922495,0.143,0,1
"MRM1",0.00555054303821041,4.28728623534835,0.107,0,1
"PGBD1",0.00555054303821041,4.24502449902799,0.107,0,1
"ENSG00000291233",0.00127106306598475,4.2050318227665,0.143,0,1
"ATRIP",0.00127106306598475,4.16490037093286,0.143,0,1
"RMI2",0.00555054303821041,4.10722764367306,0.107,0,1
"UBTD2",0.00555054303821041,4.08960541989289,0.107,0,1
"CFL2",0.00555054303821041,4.0452099805714,0.107,0,1
"ZKSCAN4",0.00555054303821041,4.03757456198739,0.107,0,1
"MIR181A1HG",0.00555054303821041,4.0351185850281,0.107,0,1
"STX1A",0.00555054303821041,4.01884470252038,0.107,0,1
"SPIRE1",0.00555054303821041,4.0126240542532,0.107,0,1
"ZFTA",0.00555054303821041,3.97113931219761,0.107,0,1
"MAPRE3",0.00555054303821041,3.91769512830928,0.107,0,1
"GTF2IRD2",0.00555054303821041,3.8964003583727,0.107,0,1
"LINC01089",0.00555054303821041,3.88349141722663,0.107,0,1
"PIM2",0.000405521488778027,3.86256697912427,0.25,0.028,1
"DGAT1",0.00673939233076109,-3.85441302704772,0,0.225,1
"FBXW9",0.00555054303821041,3.85280873263659,0.107,0,1
"CX3CR1",0.0288300927281912,-3.82184264151739,0,0.155,1
"ENSG00000284428",0.00555054303821041,3.8071675706514,0.107,0,1
"PPIF",0.00673980673446276,-3.77989059022997,0,0.225,1
"TRAV4",0.0162825512171063,-3.76905296866466,0,0.183,1
"VIPR1",0.00555054303821041,3.76299402152704,0.107,0,1
"SNTB1",0.00226728818318793,3.59131862032629,0.179,0.014,1
"CLP1",0.000486981375632665,3.59089256041862,0.214,0.014,1
"ATF7",0.0162825512171063,-3.57109060096444,0,0.183,1
"HTATIP2",0.0162825512171063,-3.54968220408728,0,0.183,1
"MYO9A",0.00907777135882658,-3.53791491391451,0,0.211,1
"MNDA",0.0668176519936652,-3.52275675904928,0,0.113,1
"TRAV27",0.0668176519936652,-3.50002076806002,0,0.113,1
"GAS7",0.0288300927281912,-3.49719191896747,0,0.155,1
"TIMM50",0.0288300927281912,-3.47976303557884,0,0.155,1
"CCL3L3",0.0505616232176269,-3.45334170747718,0,0.127,1
"TRIM21",0.0288300927281912,-3.44806046264163,0,0.155,1
"AKAP10",0.0216960615066107,-3.43308936126463,0,0.169,1
"SLC15A4",0.00212935727831927,3.41234252341597,0.179,0.014,1
"ANKRD42-DT",0.0332284788835284,3.40689033346666,0.107,0.014,1
"SCAF1",0.0288300927281912,-3.35810345564539,0,0.155,1
"MAPK6",0.0216973255460649,-3.32419700374479,0,0.169,1
"SELENOI",0.0216973255460649,-3.30000255188876,0,0.169,1
"MIGA2",0.00199915998791299,3.28236743744427,0.179,0.014,1
"ETFRF1",0.0332284788835284,3.26265545606084,0.107,0.014,1
"ZCCHC2",0.0505616232176269,-3.24216144265998,0,0.127,1
"TBC1D32",0.00217095707940995,3.23465125391051,0.214,0.028,1
"ENSG00000289901",0.0505616232176269,-3.22646681231914,0,0.127,1
"BBIP1",0.0216973255460649,-3.22477394817072,0,0.169,1
"ARL17B",0.0382153943353679,-3.21804433965338,0,0.141,1
"AP2A1",0.0505616232176269,-3.21161016317095,0,0.127,1
"PRIM2",0.0288300927281912,-3.21079569198262,0,0.155,1
"ZNF605",0.00959924214657962,3.20898502598541,0.143,0.014,1
"MAP2K5",0.0382153943353679,-3.19571207843486,0,0.141,1
"SUGP2",0.0288300927281912,-3.18206150765869,0,0.155,1
"LRCH4",0.0382153943353679,-3.16805678821307,0,0.141,1
"CCNB1IP1",0.0382153943353679,-3.14072405426601,0,0.141,1
"RAB39B",0.0382153943353679,-3.14062789246579,0,0.141,1
"MT1G",0.0332284788835284,3.13692846864938,0.107,0.014,1
"ATP10D",0.0668176519936652,-3.13389369569996,0,0.113,1
"CBR4",0.0505616232176269,-3.12157523973952,0,0.127,1
"PSMB5",0.0505616232176269,-3.11637282623896,0,0.127,1
"KRBOX4",0.0332284788835284,3.11474951096421,0.107,0.014,1
"ITPRIPL1",0.0382153943353679,-3.09728854925588,0,0.141,1
"CYP4V2",0.00226728818318793,3.07662959490169,0.179,0.014,1
"ZSCAN26",0.000512478983603076,3.04670900960487,0.25,0.028,1
"NINJ1",0.000244741525621811,3.03113666883131,0.357,0.07,1
"EMC1",0.000575321956490678,3.03056932909404,0.25,0.028,1
"PRAG1",0.0351576171198173,3.03026847539067,0.107,0.014,1
"TMEM33",0.0382153943353679,-3.02395721970795,0,0.141,1
"ZC3H6",0.00787496083581391,3.01883031567287,0.179,0.028,1
"PPARA",0.0332284788835284,3.00861622598764,0.107,0.014,1
"NCR1",0.0382153943353679,-3.00040108935788,0,0.141,1
"HLA-DRB5",0.00205456997139466,2.99123983506472,0.214,0.028,1
"NBPF8",0.0332284788835284,2.99071696427612,0.107,0.014,1
"EIF3J-DT",0.0371815535313519,2.99019915877712,0.107,0.014,1
"UPRT",0.0505616232176269,-2.9867968276027,0,0.127,1
"PINX1",0.00904325214682314,2.98180345651338,0.143,0.014,1
"SVIL",0.0972405681036816,2.98163150060083,0.107,0.028,1
"PLEKHA7",0.0505616232176269,-2.97745091579516,0,0.127,1
"APOL2",0.0668176519936652,-2.96635447468207,0,0.113,1
"NAIF1",0.00851619606507494,2.96283980958939,0.143,0.014,1
"NDUFAF7",0.0505616232176269,-2.95340974534577,0,0.127,1
"PI4KAP1",0.00873080826929604,2.95148119091029,0.179,0.028,1
"PRMT3",0.0505616232176269,-2.94916067141484,0,0.127,1
"FBXL12",0.0288300927281912,-2.94064454253995,0,0.155,1
"DELEC1",0.0505616232176269,-2.93975148794054,0,0.127,1
"FGR",0.0668176519936652,-2.93958943114246,0,0.113,1
"LINC01004",0.0382153943353679,-2.92978246854128,0,0.141,1
"MIS12",0.0382153943353679,-2.92494764814861,0,0.141,1
"SLC39A7",0.0505616232176269,-2.9137741235529,0,0.127,1
"PRKAB2",0.0668176519936652,-2.91065266649581,0,0.113,1
"TRGV10",0.0181570810230356,-2.90965984673919,0.036,0.239,1
"MAST3",0.0332284788835284,2.90938844732339,0.107,0.014,1
"EXOC3",0.0668176519936652,-2.90535980658777,0,0.113,1
"PARD6A",0.0505616232176269,-2.90524105748649,0,0.127,1
"TNK2-AS1",0.0332284788835284,2.90084040403786,0.107,0.014,1
"PATJ",0.0332284788835284,2.88944515542898,0.107,0.014,1
"SERAC1",0.0332284788835284,2.88785468344428,0.107,0.014,1
"C3orf38",0.0668176519936652,-2.88464249291065,0,0.113,1
"ZMYND19",0.0668176519936652,-2.87911031427006,0,0.113,1
"TMEM14C",0.0332284788835284,2.87465540953862,0.107,0.014,1
"LDAH",0.00904325214682314,2.87323877010824,0.143,0.014,1
"PTPN9",0.0668176519936652,-2.86405282022651,0,0.113,1
"TTC30A",0.0371815535313519,2.86350425467762,0.107,0.014,1
"XXYLT1",0.00959924214657962,2.86341036227949,0.143,0.014,1
"ZNF155",0.0351576171198173,2.85610103095103,0.107,0.014,1
"NOL6",0.00959924214657962,2.8558550726343,0.143,0.014,1
"FHOD1",0.0382153943353679,-2.85220796198695,0,0.141,1
"TUBGCP5",0.0972405681036816,2.85119840461775,0.107,0.028,1
"SNX12",0.00959924214657962,2.84829557399173,0.143,0.014,1
"HRAS",0.0113353785848862,-2.82263986061677,0.036,0.254,1
"NUDCD3",0.0668176519936652,-2.8119211983123,0,0.113,1
"ENSG00000287387",0.0332284788835284,2.81177654357059,0.107,0.014,1
"EFCAB7",0.00904325214682314,2.80468401613289,0.143,0.014,1
"PHF2",0.020909388554756,2.80316119190492,0.179,0.042,1
"AAMDC",0.0505616232176269,-2.79791737507684,0,0.127,1
"ARNT",0.0668176519936652,-2.78818367194299,0,0.113,1
"ENSG00000285693",0.0351576171198173,2.78699296601775,0.107,0.014,1
"TTC9",0.0332284788835284,2.78676228018111,0.107,0.014,1
"ENSG00000290737",0.00959924214657962,2.77030889469528,0.143,0.014,1
"SEC14L2",0.0351576171198173,2.7686353774856,0.107,0.014,1
"HELLS",0.0332284788835284,2.76726016179441,0.107,0.014,1
"SUFU",0.0668176519936652,-2.76499860474906,0,0.113,1
"LLGL1",0.0371815535313519,2.76314930837042,0.107,0.014,1
"ENSG00000289474",0.0668176519936652,-2.76283005708402,0,0.113,1
"BICRA",0.0668176519936652,-2.75954116902806,0,0.113,1
"ATXN1L",0.0505616232176269,-2.75380847236399,0,0.127,1
"AKR7A2",0.0668176519936652,-2.73868405138381,0,0.113,1
"ZNF41",0.0332284788835284,2.73841688257243,0.107,0.014,1
"PANK3",0.0505616232176269,-2.73674864982163,0,0.127,1
"ENSG00000230747",0.0668176519936652,-2.7323520198348,0,0.113,1
"ZBTB45",0.0668176519936652,-2.72485742270563,0,0.113,1
"NCDN",0.0371815535313519,2.71394718587079,0.107,0.014,1
"NUAK2",0.0351576171198173,2.71107021734213,0.107,0.014,1
"CASC3",0.00474277394896829,-2.70789700605554,0.036,0.296,1
"DNAJC4",0.0668176519936652,-2.70569446352972,0,0.113,1
"MSH6",0.0668176519936652,-2.69987509157213,0,0.113,1
"INPP5B",0.0668176519936652,-2.68915545728425,0,0.113,1
"LAS1L",0.0123772040612134,2.68903038103173,0.25,0.07,1
"PLEKHO2",0.0668176519936652,-2.68702116792195,0,0.113,1
"ENSG00000289974",0.0351576171198173,2.68479214782198,0.107,0.014,1
"ENSG00000256152",0.0668176519936652,-2.68449710093934,0,0.113,1
"CCL4L2",0.00413522468943206,-2.66198145615679,0.036,0.324,1
"BEX2",0.00959924214657962,2.64650058763786,0.143,0.014,1
"ARMC6",0.0371815535313519,2.6444226434639,0.107,0.014,1
"TRBJ2-3",0.00787496083581391,2.64430824405708,0.179,0.028,1
"DSE",0.00195053262217542,2.63949129612906,0.25,0.042,1
"PLXNC1",0.0300200923801772,2.63620447308939,0.143,0.028,1
"ZNF778",0.0668176519936652,-2.63265257403471,0,0.113,1
"ANKRD27",0.0668176519936652,-2.63006349964307,0,0.113,1
"ZCCHC3",0.0668176519936652,-2.62594784962266,0,0.113,1
"SELL",0.000524151679957893,2.62223663870254,0.321,0.056,1
"SNX20",0.0668176519936652,-2.61984018731514,0,0.113,1
"IFITM3",0.0668176519936652,-2.61942948053959,0,0.113,1
"TNFRSF10B",0.00269947853657937,2.61424717095715,0.214,0.028,1
"GAK",0.039887828368596,-2.60334234172823,0.036,0.197,1
"ADORA2A",0.0371815535313519,2.59243578310275,0.107,0.014,1
"WWOX",0.0386999952293246,-2.56643484509561,0.036,0.197,1
"COX20",0.00450074651954734,-2.55893151472955,0.107,0.366,1
"ZNF518B",0.0351576171198173,2.55669654623617,0.107,0.014,1
"STYXL1",0.0371815535313519,2.55426797439828,0.107,0.014,1
"AAGAB",0.000669154104327306,2.54854812940859,0.321,0.056,1
"PSTK",0.0272862725287073,2.54671177810837,0.143,0.028,1
"FAM24B",0.0351576171198173,2.54357175188288,0.107,0.014,1
"ENSG00000259589",0.0272862725287073,2.53801278632099,0.143,0.028,1
"SYNJ2",0.0314731364686163,2.5289027700379,0.143,0.028,1
"SLC16A1-AS1",0.0759799276853434,2.52193407782034,0.143,0.042,1
"PLPP1",0.0351576171198173,2.52132792591167,0.107,0.014,1
"PLCG2",0.0520538280065179,-2.52049334336158,0.036,0.183,1
"CKMT2-AS1",0.0371815535313519,2.50466440156365,0.107,0.014,1
"QRSL1",0.0286250862663963,2.5037854665171,0.143,0.028,1
"NPIPB4",0.0351576171198173,2.48966747458675,0.107,0.014,1
"CCDC61",0.0371815535313519,2.48539967971295,0.107,0.014,1
"SAAL1",0.00754406413826568,2.48383654091592,0.214,0.042,1
"SESN1",0.0314731364686163,2.47859832585685,0.143,0.028,1
"SLC37A1",0.0329860991047753,2.47507317233984,0.143,0.028,1
"NUP50",0.0697590106965482,-2.47093537633216,0.036,0.169,1
"SLCO4A1",0.0972405681036816,2.4678339326611,0.107,0.028,1
"SS18L1",0.0286250862663963,2.4650384880861,0.143,0.028,1
"HCFC2",0.0371815535313519,2.46133499758891,0.107,0.014,1
"TRIM59",0.00720104032750271,2.45419816304555,0.214,0.042,1
"TMX2",0.0386999952293246,-2.45223174222478,0.036,0.197,1
"ZBTB17",0.00237968169374246,2.44731480398351,0.25,0.042,1
"NUFIP1",0.105784756092312,2.44415596939908,0.107,0.028,1
"ERCC6L2",0.00226496440676695,2.43670811829049,0.25,0.042,1
"TACO1",0.0371815535313519,2.43247113234176,0.107,0.014,1
"SMPD2",0.0731351851871741,2.43152127591418,0.143,0.042,1
"MBOAT1",0.0393038456000867,2.42984257505392,0.107,0.014,1
"CFAP68",0.00317034002917269,2.42873123496894,0.214,0.028,1
"MSANTD7",0.00918914337750802,2.40725384204231,0.179,0.028,1
"RBFA",0.0393038456000867,2.40379516246126,0.107,0.014,1
"TMCC1",0.0170550133639372,-2.40238046489693,0.036,0.239,1
"TUBGCP6",0.0393038456000867,2.39927875171152,0.107,0.014,1
"TBCD",0.000238213379555439,2.3988187599604,0.464,0.141,1
"CCL4",0.0435296173165539,-2.39862513951648,0.286,0.507,1
"LINC00513",0.0128856071921089,-2.39820545262218,0.036,0.268,1
"AMMECR1",0.0972405681036816,2.39811489256586,0.107,0.028,1
"CEP63",0.0371815535313519,2.39031933285748,0.107,0.014,1
"GDPD5",0.0371815535313519,2.38631173706442,0.107,0.014,1
"KLHL6",0.0393038456000867,2.38229662942384,0.107,0.014,1
"SCRN3",0.0393038456000867,2.38207391553421,0.107,0.014,1
"MDC1",0.00918914337750802,2.37770740063117,0.179,0.028,1
"PHPT1",0.00687208126323144,2.37296209102121,0.214,0.042,1
"ZDHHC8",0.0393038456000867,2.36888497381921,0.107,0.014,1
"COMMD8",0.0677434890622216,-2.36748917481607,0.036,0.169,1
"CENATAC",0.00104100578463894,2.3644474598081,0.357,0.085,1
"POLK",0.0178037341214138,2.36428258618265,0.214,0.056,1
"SYVN1",0.0520538280065179,-2.36126329998036,0.036,0.183,1
"SLC25A1",0.0386999952293246,-2.35716321687607,0.036,0.197,1
"PRKAR1B",0.000377096422218236,2.35636597949681,0.357,0.07,1
"ASNSD1",0.0393038456000867,2.35487976141731,0.107,0.014,1
"UGGT1",0.0520538280065179,-2.34947568761437,0.036,0.183,1
"FOS",0.401371675008047,-2.34351014177625,0.107,0.056,1
"B4GALT3",0.0697590106965482,-2.33633166576139,0.036,0.169,1
"ENSG00000267787",0.211557823755012,2.32817037826453,0.107,0.042,1
"IFNG",0.147430206223011,-2.32136895356839,0.071,0.197,1
"ARMC7",0.0393038456000867,2.30629492700052,0.107,0.014,1
"MVP-DT",0.020909388554756,2.29266079939036,0.179,0.042,1
"TMEM141",0.0314731364686163,2.29197332309737,0.143,0.028,1
"ITM2C",0.0371836780279108,2.28887531845581,0.25,0.099,1
"TAF6L",0.0972405681036816,2.28876806039568,0.107,0.028,1
"H1-3",0.265581254803187,2.28440812576733,0.25,0.183,1
"PAM16",0.0106956721562107,2.27939920265977,0.179,0.028,1
"RFK",0.0079016672356504,2.27702442805582,0.214,0.042,1
"SAV1",0.0972405681036816,2.27661876842001,0.107,0.028,1
"ELMOD3",0.0393038456000867,2.26909055313684,0.107,0.014,1
"APOBEC3H",0.101441040571857,2.26671371621665,0.107,0.028,1
"TG",0.0905325390099751,-2.26205718841532,0.036,0.155,1
"HSD17B1-AS1",0.0393038456000867,2.2602081410028,0.107,0.014,1
"ZNF75D",0.0082743788024687,2.25772267559026,0.214,0.042,1
"JADE2",0.0391075480161803,-2.25567692262541,0.071,0.239,1
"TAPBPL",0.0106956721562107,2.25485204585515,0.179,0.028,1
"CTNNAL1",0.032106453134143,2.2541624354981,0.214,0.07,1
"DIXDC1",0.0393038456000867,2.24892196587318,0.107,0.014,1
"ERO1A",0.0314731364686163,2.24834937429805,0.143,0.028,1
"C2CD5-AS1",0.0314731364686163,2.24521638596959,0.143,0.028,1
"ABRAXAS1",0.101441040571857,2.24400639747955,0.107,0.028,1
"PCNT",0.0409720881685034,-2.23805949278787,0.071,0.254,1
"OTUD7A",0.101441040571857,2.2283160258039,0.107,0.028,1
"MEPCE",0.00906731864651879,2.22271019888637,0.214,0.042,1
"BRD8",0.0160466181408009,-2.21955290050162,0.036,0.254,1
"TM9SF4",0.0697590106965482,-2.21468221814233,0.036,0.169,1
"AP4S1",0.101441040571857,2.21170871161216,0.107,0.028,1
"ENSG00000235119",0.0345608952531412,2.21050277083975,0.143,0.028,1
"MAP1LC3A",0.0160573010465619,-2.20900650872983,0.071,0.282,1
"MAL",0.110274717067514,2.20502925527838,0.107,0.028,1
"HEG1",0.0731351851871741,2.19531146621475,0.143,0.042,1
"ETFDH",0.0259189593017927,2.19238350564507,0.179,0.042,1
"NXPH4",0.0019111607915041,2.19032806428769,0.357,0.099,1
"TMEM260",0.0293979821202396,2.18441156150754,0.179,0.042,1
"ZNF85",0.0329860991047753,2.175739072411,0.143,0.028,1
"IFT80",0.0411064522313868,-2.17170936535974,0.036,0.197,1
"SLC20A2",0.00162714749637511,2.16630770279767,0.357,0.099,1
"SMARCD2",0.0905325390099751,-2.16523008888997,0.036,0.155,1
"DDX49",0.0520518496891391,-2.16029255393587,0.036,0.183,1
"ARHGEF2",0.00183617739355261,2.1596742943005,0.357,0.099,1
"ZSWIM3",0.0393038456000867,2.15788393127998,0.107,0.014,1
"DHRS7B",0.114913902346388,2.15017661687027,0.107,0.028,1
"NAP1L5",0.105784756092312,2.14736772236243,0.107,0.028,1
"ERAP2",0.141223399252557,2.14317508267799,0.143,0.056,1
"BRAT1",0.0295527703882121,-2.13570192317948,0.036,0.211,1
"NIPSNAP2",0.0128645083624169,2.13508848591249,0.25,0.07,1
"NFATC1",0.160325805376817,-2.12935199921515,0.036,0.127,1
"MRPS23",0.0082743788024687,2.12662060549561,0.214,0.042,1
"WDR37",0.0202223625875011,-2.12095913443441,0.071,0.282,1
"DNAJA4",0.363294615467492,2.11868866246022,0.107,0.056,1
"RAP1GAP2",0.0371815535313519,2.1080962716118,0.107,0.014,1
"KATNB1",0.120630395612316,-2.09999086717368,0.036,0.141,1
"GFM2",0.0356968766227803,2.09861434900934,0.214,0.07,1
"DPYSL2",0.0393038456000867,2.09769069128839,0.107,0.014,1
"BOLA3",0.160325805376817,-2.09621008420522,0.036,0.127,1
"PLD3",0.0185317814844445,2.09131819084219,0.214,0.056,1
"AP3S2",0.105784756092312,2.08920312800214,0.107,0.028,1
"RALGPS1",0.0361994736129853,2.08319726279337,0.143,0.028,1
"SEMA4C",0.105784756092312,2.07437567455037,0.107,0.028,1
"TSHZ1",0.0110119570050441,2.07336523402363,0.25,0.07,1
"C2CD5",0.160325805376817,-2.07004618458088,0.036,0.127,1
"ZNF236",0.0905325390099751,-2.06856545698377,0.036,0.155,1
"TSPAN5",0.0387408851979217,-2.06548778763094,0.036,0.211,1
"NEK4",0.160325805376817,-2.06383716207982,0.036,0.127,1
"LRRC42",0.0345608952531412,2.06036603302902,0.143,0.028,1
"METTL21A",0.0393038456000867,2.05829758997987,0.107,0.014,1
"CEP135",0.0718234995411645,-2.0549730041478,0.036,0.169,1
"ZNF799",0.0361994736129853,2.05486331179285,0.143,0.028,1
"RNF130",0.00247550147694832,2.04596645567252,0.321,0.085,1
"NPEPPS",0.039897763705915,-2.04059801214215,0.036,0.211,1
"HSDL1",0.0259189593017927,2.03977834709908,0.179,0.042,1
"TMEM109",0.0301298899434547,-2.02306204740376,0.071,0.268,1
"MCTS1",0.124074710700759,-2.02168207001108,0.036,0.141,1
"ZNF101",0.0361994736129853,2.01609093712677,0.143,0.028,1
"NPEPPSP1",0.136832930320103,2.01541820237694,0.143,0.056,1
"UTP3",0.0568816360883071,-2.01144473623895,0.036,0.183,1
"SEC24D",0.0931734820987169,-2.01063831004265,0.036,0.155,1
"MFSD14A",0.0197355812421388,-2.00830773736882,0.107,0.31,1
"EXOSC2",0.105784756092312,2.00814594666278,0.107,0.028,1
"SH3BP5",0.120630395612316,-2.00334487558031,0.036,0.141,1
"BTN2A1",0.0118592446617123,-2.00319400718161,0.071,0.31,1
"FKBP3",0.0332672509545991,2.00023605618986,0.214,0.07,1
"DGKE",0.114913902346388,1.99937832617658,0.107,0.028,1
"DNAJB1",0.010133985877292,1.99814147023608,0.643,0.423,1
"DYNC1I2",0.0697590106965482,-1.99746926482679,0.036,0.169,1
"RRP9",0.0759799276853434,1.99521733512964,0.143,0.042,1
"PDCD1",0.0852847427472785,-1.99335534259244,0.036,0.169,1
"ZW10",0.00681907674303823,1.98565872824382,0.25,0.056,1
"ENSG00000255026",0.110274717067514,1.98282034907594,0.107,0.028,1
"ATP2A2",0.0515917701500775,-1.98193775553441,0.071,0.225,1
"ZNF131",0.000132649830103681,1.9780148864312,0.571,0.183,1
"CHTOP",0.124074710700759,-1.9743692856766,0.036,0.141,1
"PHF6",0.336273917922903,1.97125992983728,0.107,0.056,1
"TCFL5",0.105784756092312,1.96928223476307,0.107,0.028,1
"CYB5R1",0.0361994736129853,1.96580137197362,0.143,0.028,1
"LANCL2",0.105784756092312,1.96556808460561,0.107,0.028,1
"CTU1",0.0178037341214138,1.96379153556488,0.214,0.056,1
"ARID3B",0.124074710700759,-1.96121488310158,0.036,0.141,1
"IRAK4",0.000454806205883309,1.9602811115382,0.429,0.113,1
"PMPCA",0.0615537724886219,1.95108540334285,0.179,0.056,1
"HOXB2",0.00150509818881573,1.94508641986946,0.321,0.07,1
"CTPS1",0.164796340302883,-1.94505595464508,0.036,0.127,1
"VPS54",0.0931703331662937,-1.94478668619087,0.036,0.155,1
"POLR2D",0.0657506773436171,-1.94383945113989,0.036,0.183,1
"PLEKHA5",0.232895148715674,1.94332434199048,0.107,0.042,1
"PPCS",0.0318219128099179,-1.94253707764662,0.071,0.268,1
"RBM4B",0.0514877360954074,1.94141988678566,0.179,0.056,1
"RUFY2",0.211557823755012,1.9384559679775,0.107,0.042,1
"ODR4",0.0379038158863145,1.93844131935076,0.143,0.028,1
"TMUB2",0.124074710700759,-1.93763525958626,0.036,0.141,1
"SMARCAD1",0.114913902346388,1.93672779461607,0.107,0.028,1
"PGGHG",0.0736902490341837,1.93623484525405,0.214,0.085,1
"NIFK-AS1",0.0505504174346606,-1.93370881347025,0.036,0.197,1
"SEC22C",0.0852847427472785,-1.92256318704773,0.036,0.169,1
"BCAS4",0.0379038158863145,1.92217992259533,0.143,0.028,1
"SYTL1",0.0931734820987169,-1.92083578789154,0.036,0.155,1
"USP38",0.160325805376817,-1.92008656410472,0.036,0.127,1
"PLAAT3",0.136832930320103,1.919254867631,0.143,0.056,1
"VRK1",0.124292169287437,1.91671370134689,0.143,0.056,1
"PGM2L1",0.218415688630753,-1.90915716871097,0.036,0.113,1
"ID3",0.0293979821202396,1.90845882882861,0.179,0.042,1
"INPP5A",0.0361994736129853,1.90621948518543,0.143,0.028,1
"CPSF4",0.105784756092312,1.90445273826781,0.107,0.028,1
"HERC5",0.21584151255526,-1.90286855658801,0.071,0.155,1
"CFLAR-AS1",0.105784756092312,1.9027225867624,0.107,0.028,1
"C11orf80",0.128368758539136,1.90235808654935,0.143,0.056,1
"KSR1",0.0819402143200793,1.90081395270595,0.143,0.042,1
"MAN2C1",0.0393038456000867,1.89972469511,0.107,0.014,1
"GON7",0.212642905592505,-1.89936065065869,0.036,0.113,1
"HACD4",0.0931734820987169,-1.89819389149816,0.036,0.155,1
"SAP30L-AS1",0.114913902346388,1.89804653703141,0.107,0.028,1
"IFI27",0.0176688591775957,1.89656270654817,0.286,0.099,1
"LINC01934",0.141223399252557,1.89553240951636,0.143,0.056,1
"METTL25",0.0361994736129853,1.89087109420079,0.143,0.028,1
"SNX29",0.0225760670734608,1.89044061004889,0.214,0.056,1
"SETD1A",0.0759799276853434,1.88883492001709,0.143,0.042,1
"NUP188",0.0731351851871741,1.88531165766409,0.143,0.042,1
"ANK2",0.124031990897565,-1.8839822588588,0.071,0.183,1
"UBR7",0.212642905592505,-1.88203689672943,0.036,0.113,1
"IL7R",0.00082819221217262,1.88189642513679,0.536,0.197,1
"DPP9",0.082909188270343,-1.88102940073239,0.036,0.169,1
"PLEK",0.0279348541901012,-1.87856367143856,0.143,0.352,1
"NME3",0.0133687118667527,1.87778500443314,0.25,0.07,1
"PPP1R13B",0.0673026692038525,1.87763624586821,0.214,0.085,1
"RANBP3",0.0323486216794453,-1.87709143412293,0.036,0.225,1
"ZNF227",0.0185317814844445,1.87210898350761,0.214,0.056,1
"IRF3",0.127595284266872,-1.87158207808635,0.036,0.141,1
"UBA7",0.105784756092312,1.8701924145775,0.107,0.028,1
"LTB",0.162866394326917,1.86833919337812,0.179,0.085,1
"LMLN",0.110274717067514,1.86618064088801,0.107,0.028,1
"RDX",0.0637509859251069,1.86326933490945,0.179,0.056,1
"DDX27",0.08543140866052,1.86301964382262,0.214,0.085,1
"EIF4ENIF1",0.0293979821202396,1.86155552004803,0.179,0.042,1
"GBP3",0.00198894693425026,1.86103648271734,0.357,0.099,1
"ELP5",0.00239972245236571,1.86043286762118,0.286,0.056,1
"LXN",0.0731351851871741,1.85770491428514,0.143,0.042,1
"CHST7",0.150373057157265,1.85709310109887,0.179,0.085,1
"FAHD2B",0.0396759359686609,1.85414076160549,0.143,0.028,1
"MTHFS",0.0931734820987169,-1.85383599094885,0.036,0.155,1
"MLH1",0.0759799276853434,1.85131186447947,0.143,0.042,1
"CZIB",0.0332714280390814,1.85072458975565,0.179,0.042,1
"DHX34",0.105784756092312,1.84963960541034,0.107,0.028,1
"MOB2",0.0460181212829942,-1.84508384245328,0.071,0.239,1
"TADA2B",0.0976117289615171,1.84338370564484,0.179,0.07,1
"ERCC4",0.114913902346388,1.83921472977341,0.107,0.028,1
"HIPK2",0.0396759359686609,1.83913609576881,0.143,0.028,1
"LSR",0.198140993071758,1.8386042383884,0.107,0.042,1
"SPATS2L",0.174017985295059,-1.8380199104812,0.036,0.127,1
"TEX261",0.114913902346388,1.83707346513775,0.107,0.028,1
"TTC31",0.114913902346388,1.83618851699388,0.107,0.028,1
"PRDX4",0.164796340302883,-1.83601953170215,0.036,0.127,1
"SCRN2",0.00555154133382147,1.83414199209564,0.286,0.07,1
"LINC03009",0.0127933008727272,1.83046560057519,0.321,0.127,1
"CLIC5",0.0319343744456959,1.82420762068117,0.179,0.042,1
"ARHGAP35",0.160325805376817,-1.82103619767028,0.036,0.127,1
"VPS26B",0.0246477990493933,-1.82083164140438,0.036,0.239,1
"SNX25",0.00146150046778347,1.81642301110477,0.357,0.085,1
"NAA16",0.0174136029631413,1.8163727989893,0.25,0.07,1
"EPHA4",0.00666556804418705,1.81167342119861,0.429,0.183,1
"MBTPS1",0.00386068468529961,1.80354009945712,0.321,0.085,1
"GPN3",0.127595284266872,-1.79903373037061,0.036,0.141,1
"ZSCAN12",0.105784756092312,1.79650096588956,0.107,0.028,1
"CCZ1",0.0346560980639327,1.79597010927667,0.179,0.042,1
"ACOT9",0.160321077960357,-1.79590007604613,0.036,0.127,1
"ATP11C",0.127595284266872,-1.79586627322715,0.036,0.141,1
"CPQ",0.114913902346388,1.79544785066771,0.107,0.028,1
"MIR4435-2HG",0.0754227667063795,-1.79289489815135,0.179,0.338,1
"CEP68",0.211557823755012,1.78984150787853,0.107,0.042,1
"TBCK",0.0161606576477801,1.78924240416339,0.25,0.07,1
"EXOSC3",0.0179679829783191,1.78913362925346,0.286,0.099,1
"TSPO",0.00594200470166442,-1.78871068419588,0.143,0.437,1
"ALG2",0.0657529524460824,-1.78858540105279,0.036,0.183,1
"TMEM120B",0.0931734820987169,-1.78813375992946,0.036,0.155,1
"ARHGEF6",0.0234711918322993,1.78773917521724,0.214,0.056,1
"ECHDC2",0.110274717067514,1.78727830555882,0.107,0.028,1
"MTCH2",0.00743950076874593,-1.78449597152248,0.107,0.366,1
"SLC25A25",0.0789143043053139,1.78419187805833,0.143,0.042,1
"THSD4-AS1",0.0805875396482846,-1.78316668207631,0.036,0.169,1
"EPG5",0.0819402143200793,1.78136311566852,0.143,0.042,1
"POGLUT1",0.0613779170197878,1.77984300987518,0.214,0.085,1
"PLEKHG2",0.0889509542124049,1.7773620596559,0.214,0.099,1
"XCL2",0.843180385202993,-1.7765470121314,0.214,0.183,1
"HDAC8",0.212642905592505,-1.77645637466719,0.036,0.113,1
"ATP1A1-AS1",0.0789143043053139,1.7755051075937,0.143,0.042,1
"IDE",0.131193075115371,-1.77325241954827,0.036,0.141,1
"IL10RB",0.0533825869380946,1.77225309323703,0.179,0.056,1
"TGIF1",0.00873590662866403,-1.77223055809123,0.107,0.38,1
"FAM222B",0.0915861636653832,1.77056131458321,0.143,0.042,1
"ADGRG1",0.0832449011809082,-1.76693010341616,0.071,0.211,1
"ZNF25",0.232895148715674,1.76517160962013,0.107,0.042,1
"LIN52",0.110274717067514,1.76411335103903,0.107,0.028,1
"FHIT",0.105784756092312,1.76400333827221,0.107,0.028,1
"SGCD",0.0850595594309836,1.76339326496698,0.143,0.042,1
"CLPP",0.0424440057428843,-1.76333990523196,0.071,0.239,1
"NAE1",0.00233002877053146,1.76027816192867,0.357,0.099,1
"FAM114A2",0.141223399252557,1.75782657527908,0.143,0.056,1
"ADI1",0.0447995757085203,-1.75764408867039,0.071,0.239,1
"PLEKHG1",0.134869031426132,-1.75763636967418,0.036,0.141,1
"MRPL55",0.160325805376817,-1.75699316029669,0.036,0.127,1
"SRBD1",0.0594196290119263,1.75135863979145,0.179,0.056,1
"DTHD1",0.00810413441018229,-1.74943176882264,0.179,0.451,1
"TSR1",0.101468777280062,-1.74714231982616,0.036,0.155,1
"PRRC1",0.0739377747693491,-1.74702006016165,0.036,0.169,1
"CKS1B",0.0396242956982865,1.7466730401117,0.214,0.07,1
"UHMK1",0.0091945214869024,-1.74389795560915,0.143,0.394,1
"ENSG00000262879",0.218415688630753,-1.7431850718441,0.036,0.113,1
"C5orf22",0.102993830694546,-1.74305738188219,0.071,0.197,1
"CRTAP",0.0761026576536454,-1.74205312108901,0.036,0.169,1
"DTNBP1",0.0637509859251069,1.74073359063525,0.179,0.056,1
"KYAT3",0.134869031426132,-1.74023354347165,0.036,0.141,1
"WARS2",0.345133495136633,1.73879601165593,0.107,0.056,1
"PARP11",0.0174136029631413,1.73752502285215,0.25,0.07,1
"ZSCAN25",0.221343942460955,1.73750486913845,0.143,0.07,1
"LINC01473",0.110274717067514,1.73703835862716,0.107,0.028,1
"CENPB",0.516129737128891,1.73248139024229,0.107,0.07,1
"ZNF354A",0.0237964662599074,1.73086897646643,0.286,0.099,1
"LGALS1",0.00121142517356188,-1.73064259586055,0.286,0.648,1
"RCAN3",0.0155644324439673,1.72916440452887,0.25,0.07,1
"GFPT2",0.124074710700759,-1.72504583897738,0.036,0.141,1
"LEF1",0.0345608952531412,1.72498939300377,0.143,0.028,1
"ETFB",0.212642905592505,-1.72414494378542,0.036,0.113,1
"STK35",0.0819402143200793,1.72372125233601,0.143,0.042,1
"CBFA2T2",0.04244151320972,1.72310987941363,0.214,0.07,1
"BRI3BP",0.212642905592505,-1.72133809523546,0.036,0.113,1
"ATRN",0.124074710700759,-1.72017482491309,0.036,0.141,1
"TRIM69",0.145721344688568,1.71886649189003,0.143,0.056,1
"METTL2A",0.211557823755012,1.71883816047778,0.107,0.042,1
"NUP88",0.0986406911421793,-1.71759149569189,0.036,0.155,1
"NR4A2",0.0202772124693732,-1.71602003409322,0.214,0.451,1
"TNRC18",0.090200871953717,-1.71482979979635,0.036,0.169,1
"METTL17",0.212642905592505,-1.71298980831296,0.036,0.113,1
"ZNF281",0.114913902346388,1.7129358656461,0.107,0.028,1
"TMEM18",0.0819402143200793,1.71274090131118,0.143,0.042,1
"SLC1A5",0.0595016483645561,1.71215789426304,0.214,0.085,1
"CFAP36",0.0575444848544153,-1.71126729878356,0.071,0.239,1
"ENSG00000228427",0.114913902346388,1.71090766140609,0.107,0.028,1
"TNFRSF9",0.0249921197809797,-1.71023244802787,0.071,0.296,1
"ENSG00000290921",0.0408279979054646,1.70839753634989,0.25,0.099,1
"COX17",0.0142960464885713,-1.70791874824121,0.107,0.352,1
"ELP4",0.124074710700759,-1.70733976977249,0.036,0.141,1
"ERN1",0.0383664060058215,1.70418147400083,0.25,0.099,1
"COQ8A",0.164796340302883,-1.70321597495644,0.036,0.127,1
"UBE2Q2P2",0.164796340302883,-1.70299413814302,0.036,0.127,1
"GALNT10",0.0488540560689521,-1.70073997270141,0.107,0.268,1
"ESRRA",0.0208744679570931,1.70061428264976,0.214,0.056,1
"SETDB2",0.0915861636653832,1.69933527239542,0.143,0.042,1
"ZNF100",0.0958758956683286,-1.69874264706144,0.036,0.155,1
"RAPGEF2",0.0321110966898161,-1.69772094422463,0.107,0.324,1
"SSNA1",0.0282520173842588,-1.69665378966867,0.143,0.324,1
"KIAA2013",0.000944168421093547,1.69582322242524,0.429,0.113,1
"HSD17B7P2",0.0819402143200793,1.69241203016065,0.143,0.042,1
"BLZF1",0.0877150288445128,-1.69221048699852,0.036,0.169,1
"ENSG00000228830",0.11970526262925,1.69183976027165,0.107,0.028,1
"TUBB2A",0.00305828549306905,1.68964943058456,0.357,0.099,1
"PUS1",0.0319343744456959,1.68691006237524,0.179,0.042,1
"HELB",0.0551218223401736,1.68478074781796,0.25,0.113,1
"CRKL",0.176127043670158,1.68271256248967,0.179,0.085,1
"SPIN1",0.131193075115371,-1.6800758834399,0.036,0.141,1
"HSPA1B",0.064262688895114,1.67969472319784,0.429,0.239,1
"MSANTD4",0.218415688630753,-1.67964515124296,0.036,0.113,1
"PIP4K2C",0.0396242956982865,1.67932763150489,0.214,0.07,1
"SPRTN",0.120630395612316,-1.67831484058209,0.036,0.141,1
"CNDP2",0.176127043670158,1.67159163272394,0.179,0.085,1
"SH3YL1",0.0789143043053139,1.67135499475567,0.143,0.042,1
"AKT2",0.131193075115371,-1.67125522815238,0.036,0.141,1
"VAMP4",0.0439125089561581,1.667024565313,0.214,0.07,1
"CNOT6",0.141223399252557,1.66651081662036,0.143,0.056,1
"SPATA5L1",0.0882742420727695,1.6662750923133,0.143,0.042,1
"IKZF5",0.0525372640801594,-1.66462713772663,0.071,0.239,1
"KLHL42",0.0306436486631708,1.66298323945379,0.179,0.042,1
"IDH2",0.0573940100289567,-1.66291928070048,0.107,0.282,1
"TSC22D1",0.0927430966454542,-1.66246330068653,0.036,0.169,1
"SP4",0.0369674144544289,1.65965870123936,0.214,0.07,1
"TPK1",0.0850595594309836,1.6586935866042,0.143,0.042,1
"TXLNG",0.0371836780279108,1.656847369228,0.25,0.099,1
"DLAT",0.114913902346388,1.65618597011695,0.107,0.028,1
"AKT1",0.106967775861423,1.65608503551146,0.179,0.07,1
"LIMK1",0.0594196290119263,1.65456997117103,0.179,0.056,1
"EAF1",0.0396242956982865,1.65020611640451,0.214,0.07,1
"DESI1",0.495112540603032,1.6499581093441,0.107,0.07,1
"TOGARAM2",0.0819402143200793,1.64861623696315,0.143,0.042,1
"ECE1",0.0696072324641818,-1.64800673315614,0.036,0.183,1
"ENSG00000248268",0.211557823755012,1.64791959306359,0.107,0.042,1
"CBR1",0.114913902346388,1.64755275893386,0.107,0.028,1
"SIPA1L3",0.212642905592505,-1.64508973005786,0.036,0.113,1
"NDUFAF6",0.21584151255526,-1.64426008829338,0.071,0.155,1
"MMAA",0.211557823755012,1.64369541097351,0.107,0.042,1
"NUP153",0.00176775104964138,1.64294000000556,0.5,0.169,1
"WDR5B-DT",0.0113540256140084,1.64257654292086,0.214,0.042,1
"SBK1",0.0819402143200793,1.64100775001229,0.143,0.042,1
"TIMP1",0.0180714336511843,1.64018686238612,0.25,0.07,1
"RHNO1",0.1503281525802,1.63838384216681,0.143,0.056,1
"NUMB",0.0342134901068227,-1.63691217115171,0.107,0.31,1
"TBL3",0.0170819331527539,1.63649409335753,0.286,0.099,1
"EPS15-AS1",0.124074710700759,-1.63539095112266,0.036,0.141,1
"LINC00680",0.11970526262925,1.63424987487006,0.107,0.028,1
"IBTK",0.0266079653547207,1.63389871684539,0.25,0.085,1
"TSEN34",0.127106023130832,-1.63338504027769,0.071,0.183,1
"CDC7",0.0915861636653832,1.63320144018354,0.143,0.042,1
"OTUD7B",0.11970526262925,1.6331202083026,0.107,0.028,1
"ENSG00000241490",0.629128925144346,1.63288597727525,0.107,0.085,1
"PDSS2",0.100654892890523,1.63241286995066,0.179,0.07,1
"STAMBPL1",0.164796340302883,-1.6319159609696,0.036,0.127,1
"ENOPH1",0.058923443749243,-1.6318196145374,0.071,0.225,1
"RFC5",0.0850595594309836,1.63160556291916,0.143,0.042,1
"MID1IP1",0.00681907674303823,1.63107826522477,0.25,0.056,1
"HSPA6",0.110274717067514,1.62954762934339,0.107,0.028,1
"TPM4",0.0419577528559933,-1.62842551922416,0.143,0.352,1
"VAMP3",0.0986406911421793,-1.62726003728301,0.036,0.155,1
"PCBD1",0.0615537724886219,1.62631275205399,0.179,0.056,1
"SLC12A2",0.162866394326917,1.62556780486367,0.179,0.085,1
"IER3",0.114913902346388,1.62258230738773,0.107,0.028,1
"CDIP1",0.0716028437587819,-1.62210537849707,0.036,0.183,1
"PFKL",0.134869031426132,-1.6219435141067,0.036,0.141,1
"IP6K2",0.0301245335439947,-1.62102811090779,0.107,0.31,1
"PIN1",0.0364121192054457,-1.61992228919941,0.071,0.268,1
"NFKBIE",0.11970526262925,1.61865919968089,0.107,0.028,1
"MOCS2",0.0439125089561581,1.61793428548729,0.214,0.07,1
"POLR1F",0.0145743642022704,1.61547167409612,0.286,0.085,1
"PDGFD",0.120630395612316,-1.61358644588326,0.036,0.141,1
"ZNF480",0.094997222813615,1.61346919275266,0.143,0.042,1
"PLEKHF2",0.101468777280062,-1.60777969628031,0.036,0.155,1
"MSMO1",0.130239019551766,-1.60644601847435,0.071,0.183,1
"CDADC1",0.0594196290119263,1.60598539716574,0.179,0.056,1
"MRGBP",0.114913902346388,1.60555358591108,0.107,0.028,1
"AKIP1",0.0819402143200793,1.60537029084023,0.143,0.042,1
"FAM83G",0.11970526262925,1.60528884325669,0.107,0.028,1
"CEBPZOS",0.146375198387451,-1.60493411508055,0.036,0.141,1
"CCNYL1",0.0379038158863145,1.60400290270503,0.143,0.028,1
"ZNF10",0.103773191899662,1.6028808797365,0.179,0.07,1
"C11orf68",0.0877150288445128,-1.60227128762075,0.036,0.169,1
"RIF1",0.100459016605267,1.60178825878951,0.25,0.127,1
"SKIC3",0.131193075115371,-1.60158788365573,0.036,0.141,1
"HCG18",0.0211420682814094,-1.60132383116527,0.179,0.38,1
"HMGCS1",0.176110214118336,-1.60091930728551,0.071,0.169,1
"ARMC10",0.0309562291130332,1.60015518318326,0.25,0.085,1
"ILKAP",0.00105452856390481,1.59940494234131,0.536,0.197,1
"TGFBRAP1",0.0379038158863145,1.59826103965893,0.143,0.028,1
"AFF1",0.167200261378765,1.59784036706992,0.179,0.085,1
"ENSG00000290578",0.11970526262925,1.59737754215458,0.107,0.028,1
"HDHD2",0.11970526262925,1.59664722693836,0.107,0.028,1
"PARP10",0.150373057157265,1.59554270190847,0.179,0.085,1
"RAD17",0.218415688630753,-1.59519091548962,0.036,0.113,1
"KIAA1671",0.167200261378765,1.59374721559839,0.179,0.085,1
"AGPAT5",0.212642905592505,-1.59351686961284,0.036,0.113,1
"HLA-DRB1",0.000287783753252428,-1.5926198491412,0.5,0.761,1
"ATL1",0.0877150288445128,-1.59039878580727,0.036,0.169,1
"STK26",0.0444677259724888,-1.58893140227217,0.143,0.338,1
"PRPF31",0.0340619236683248,-1.58820164760766,0.071,0.282,1
"TUBA1C",0.00113530504358391,1.58737360124572,0.464,0.141,1
"PAK1",0.218507338029621,1.58667284429167,0.107,0.042,1
"POT1",0.0819402143200793,1.58547729555523,0.143,0.042,1
"MTG2",0.141223399252557,1.58367569634642,0.143,0.056,1
"TYW5",0.146375198387451,-1.58283840356516,0.036,0.141,1
"ESS2",0.0144297789397409,1.58178278597346,0.25,0.07,1
"TTC38",0.146375198387451,-1.58134686971602,0.036,0.141,1
"TXNDC17",0.0568071354659904,-1.58116450927743,0.071,0.239,1
"CCNT2",0.0156115825497889,-1.58081613696242,0.071,0.324,1
"KIF1B",0.204191621598947,1.57984737330287,0.143,0.07,1
"EXOSC4",0.0502340046099704,1.57692695997744,0.214,0.07,1
"ABCE1",0.136684441608707,-1.57663302302269,0.071,0.183,1
"RASGRP2",0.0395809621458858,1.57594471368962,0.25,0.099,1
"ZNF12",0.160325805376817,-1.57593839658059,0.036,0.127,1
"ATP2B4",0.00121142517356188,-1.57590092883229,0.357,0.62,1
"MYBBP1A",0.0882742420727695,1.57442855114072,0.143,0.042,1
"ZDHHC7",0.0761883883190149,-1.57374049553923,0.071,0.225,1
"IRF1-AS1",0.00768533280921008,-1.57250407627423,0.179,0.451,1
"PASK",0.100654892890523,1.57143366179948,0.179,0.07,1
"PAQR3",0.215515373765315,1.5713585981607,0.143,0.07,1
"SLC25A51",0.127595284266872,-1.57121777303762,0.036,0.141,1
"NUP210",0.0853711337493403,-1.57075233168593,0.071,0.211,1
"KIF3B",0.0771224662811191,-1.56937172593962,0.071,0.211,1
"TAOK2",0.142459175131964,-1.56846639068162,0.036,0.141,1
"TNFAIP8",0.00122195728575153,1.56757186456571,0.5,0.183,1
"MRPL58",0.0742945026013626,-1.56754341011286,0.071,0.225,1
"CPLANE1",0.17504171983849,1.56744915673972,0.143,0.056,1
"SAMD8",0.145721344688568,1.56680536455846,0.143,0.056,1
"ALAS1",0.160325805376817,-1.56614059537217,0.036,0.127,1
"C8orf76",0.0343942039314511,1.56573215569653,0.286,0.113,1
"DDA1",0.197402204151556,1.56354797622702,0.214,0.127,1
"ATXN1-AS1",0.141223399252557,1.56346686030234,0.143,0.056,1
"ENSG00000289723",0.104361059599082,-1.56258511434116,0.036,0.155,1
"SLC9A8",0.100459016605267,-1.56216037133641,0.071,0.197,1
"SNX9",0.00742683435118695,1.56018446779685,0.25,0.056,1
"ENSG00000288755",0.230447408100083,1.55966280561082,0.179,0.099,1
"CFD",0.11970526262925,1.5588269629338,0.107,0.028,1
"TRIM23",0.0594196290119263,1.55695328903081,0.179,0.056,1
"SNTB2",0.218507338029621,1.55679816164043,0.107,0.042,1
"PLEKHM2",0.0946425451812898,1.55623716429003,0.179,0.07,1
"WDR70",0.0301298899434547,1.55577525181477,0.357,0.155,1
"SERGEF",0.160325805376817,-1.55548623804824,0.036,0.127,1
"ANKRD39",0.11970526262925,1.55530620025135,0.107,0.028,1
"BTRC",0.050369826913653,1.55522484365557,0.286,0.127,1
"FAS",0.0619110676576595,-1.55259700009246,0.143,0.324,1
"XPO7",0.0966639496384633,1.55212303770601,0.214,0.099,1
"HUS1",0.138624089939281,-1.55029775607409,0.036,0.141,1
"IRF7",0.237626792099072,1.54993675952629,0.321,0.225,1
"ZNF44",0.269909679948153,1.54982981758414,0.179,0.099,1
"BPGM",0.0353185799689608,1.54900244289092,0.25,0.085,1
"HDAC3",0.0205478504810796,1.54712152258234,0.321,0.127,1
"ENSG00000291060",0.169360095073268,-1.54643229833612,0.036,0.127,1
"ENSG00000231128",0.0410838214946986,-1.54622159020649,0.036,0.211,1
"DHX57",0.0915861636653832,1.54507521710254,0.143,0.042,1
"ENSG00000272449",0.211557823755012,1.54256411100501,0.107,0.042,1
"JPX",0.0124898703068914,1.54187657238258,0.357,0.141,1
"TMEM115",0.0373949210641392,-1.54154429852919,0.071,0.268,1
"UBASH3A",0.00866274289131391,1.54067851897186,0.214,0.042,1
"C7orf50",0.128368758539136,1.54037156153288,0.143,0.056,1
"ASH2L",0.164796340302883,-1.53970017872161,0.036,0.127,1
"COPS7B",0.204769508569642,1.53905427963613,0.107,0.042,1
"TASOR",0.0883939926011782,-1.53843996928345,0.071,0.225,1
"ACACA",0.0077922093446815,1.53784475064802,0.321,0.099,1
"STX7",0.0927430966454542,-1.53707429784928,0.036,0.169,1
"SLC7A5",0.0263505649646256,-1.53694123220696,0.143,0.366,1
"HELQ",0.0262132684170268,1.53616671567711,0.286,0.099,1
"TRDMT1",0.0447705955219051,1.53517404621891,0.25,0.099,1
"EXOC7",0.0917461824374287,1.5341880096929,0.179,0.07,1
"STOM",0.0645633188721363,-1.53414971190891,0.071,0.239,1
"FCMR",0.0328293394335921,1.53310475764017,0.286,0.127,1
"ATG9A",0.0869915915813382,-1.53245893507215,0.107,0.239,1
"SUMF1",0.365876483051435,-1.53188630447413,0.071,0.127,1
"NUP85",0.0882742420727695,1.53121538528759,0.143,0.042,1
"RWDD3",0.114913902346388,1.53105221744269,0.107,0.028,1
"ILK",0.0323365450187875,-1.52885188167882,0.143,0.352,1
"EBP",0.0688425504014807,-1.52880345327796,0.071,0.225,1
"ZNF263",0.145721344688568,1.52856659917388,0.143,0.056,1
"ICMT",0.0915861636653832,1.52851116783614,0.143,0.042,1
"EMB",0.00849407126996554,1.52477016382809,0.5,0.225,1
"GLT8D1",0.106967775861423,1.52436321590954,0.179,0.07,1
"IVD",0.0361994736129853,1.5226057878906,0.143,0.028,1
"SFXN4",0.218507338029621,1.52254453672071,0.107,0.042,1
"BRD3",0.116439333199928,-1.52219627085963,0.071,0.197,1
"MATK",0.0558556214961753,-1.52213067512093,0.143,0.31,1
"KCNQ5",0.0536235302399492,1.52162650620506,0.25,0.099,1
"PTPN23",0.227284623474241,1.52092734574333,0.143,0.07,1
"MTMR10",0.164796340302883,-1.51975824128754,0.036,0.127,1
"RSL1D1-DT",0.308083895158218,1.51920017916572,0.179,0.113,1
"PDE12",0.0286582371390332,1.51779587729951,0.286,0.113,1
"OGFOD1",0.21584151255526,-1.51706505436322,0.071,0.155,1
"P3H1",0.218507338029621,1.5166192120599,0.107,0.042,1
"IARS2",0.0724392649646331,-1.5165585283512,0.071,0.225,1
"WASHC4",0.0960978016885752,-1.51548243515518,0.143,0.268,1
"LARP4",0.172048158118035,-1.51435273523678,0.071,0.169,1
"AARSD1",0.0946425451812898,1.51433592049217,0.179,0.07,1
"ATF6",0.00849682470737155,1.51355147744178,0.429,0.183,1
"DEDD2",0.156499216604521,1.51340863327152,0.214,0.113,1
"POLD2",0.169360095073268,-1.51235464080821,0.036,0.127,1
"CDHR3",0.0920454618658472,-1.51121735179728,0.107,0.254,1
"NXPE3",0.1503281525802,1.51093595561209,0.143,0.056,1
"ZNF232",0.224300225010185,-1.50986191352642,0.036,0.113,1
"ATP9B",0.0585953221513991,1.50833181375881,0.321,0.169,1
"RPUSD1",0.104361059599082,-1.50805480066255,0.036,0.155,1
"KRCC1",0.174664087271611,-1.50733684998042,0.107,0.211,1
"PATL2",0.0580757373184286,-1.50726108593246,0.107,0.268,1
"MTMR9",0.225619368915724,1.50581558542019,0.107,0.042,1
"REEP4",0.236407347090642,-1.50538764273159,0.036,0.113,1
"IMMP2L",0.106967775861423,1.50450909748807,0.179,0.07,1
"GARS1",0.0167432258869026,1.50355374152729,0.393,0.183,1
"ALG9",0.211557823755012,1.50286475745972,0.107,0.042,1
"ICOS",0.489799346348196,1.50141586800521,0.143,0.099,1
"TSNAX",0.0629457886272922,-1.50128734300555,0.071,0.239,1
"MAP2K7",0.201994049265515,-1.49765859579203,0.071,0.169,1
"SLC25A40",0.204769508569642,1.49735968866793,0.107,0.042,1
"NCBP1",0.0121794669946099,1.49731789629473,0.286,0.085,1
"TCF7L2",0.327562027282004,1.49636169186826,0.107,0.056,1
"NR1D2",0.0370853336206165,-1.49575303387477,0.143,0.324,1
"YIPF2",0.0469838801896371,1.49255446969839,0.214,0.07,1
"CD59",0.379739037912766,1.48984923196117,0.179,0.127,1
"NARS1",0.0697257692539705,-1.48851586603181,0.071,0.225,1
"KLHL12",0.100654892890523,1.48681513451448,0.179,0.07,1
"WDR41",0.1503281525802,1.48674462124174,0.143,0.056,1
"GEMIN6",0.0731969355064761,1.4862831959105,0.179,0.056,1
"MTM1",0.1503281525802,1.48590142929237,0.143,0.056,1
"SLC35E1",0.146810478945244,-1.48546898336678,0.071,0.183,1
"RPS6KA5",0.373474189096703,-1.48502696146322,0.071,0.127,1
"PAFAH1B2",0.0736450945156069,-1.4844418889038,0.036,0.183,1
"ENSG00000183562",0.209798189363131,1.48398828178947,0.143,0.07,1
"RAB4A",0.0955386903780064,1.48124242911915,0.25,0.127,1
"CMTM7",0.00520333337993292,1.48019068512352,0.5,0.225,1
"PYGB",0.155045182885779,1.478285344316,0.143,0.056,1
"SCARB2",0.240335821215081,1.47756416105945,0.107,0.042,1
"DHDDS",0.094997222813615,1.47584769794081,0.143,0.042,1
"HSPB1",0.43872291048548,1.47567118920342,0.143,0.211,1
"MAD2L1",0.11970526262925,1.47463786730669,0.107,0.028,1
"CRYZ",0.218507338029621,1.47402340753772,0.107,0.042,1
"LACTB",0.336273917922903,1.47356013877061,0.107,0.056,1
"MTHFD1",0.225619368915724,1.47317142435662,0.107,0.042,1
"LINC02520",0.212642905592505,-1.47250980249009,0.036,0.113,1
"RIPOR1",0.11970526262925,1.4721278175028,0.107,0.028,1
"SLIRP",0.0163574013258178,-1.47086589493749,0.179,0.423,1
"BLOC1S5",0.0693792306533336,1.4699924892895,0.214,0.085,1
"VCAM1",0.0532316871041946,1.46893967761231,0.321,0.155,1
"HSD17B10",0.0293591946978932,-1.46643676043276,0.107,0.31,1
"MFSD14B",0.0768706800048398,-1.46427448575949,0.071,0.239,1
"SNHG7",0.0202223625875011,1.46397839381976,0.393,0.155,1
"GPI",0.00229992427246259,1.46314585423331,0.5,0.211,1
"MARCHF9",0.076982890666516,1.46189043201035,0.25,0.113,1
"PABIR3",0.236130687255735,-1.4597988504053,0.071,0.155,1
"DIS3L2",0.100654892890523,1.45911786558272,0.179,0.07,1
"YRDC",0.159873767828913,1.45904071218188,0.143,0.056,1
"RFXANK",0.119816804826112,-1.45849328298002,0.036,0.155,1
"ING3",0.0536704973962778,1.45839634805344,0.214,0.07,1
"SLC35B3",0.327562027282004,1.45773537792368,0.107,0.056,1
"GZMB",0.0107688389224788,-1.45379774155081,0.393,0.634,1
"MAP3K4",0.0204802972274907,1.45358975632858,0.321,0.113,1
"FANCM",0.0281961266079465,1.45219767874994,0.179,0.042,1
"MED27",0.0443698770658725,1.44985704434495,0.321,0.155,1
"IFT20",0.225619368915724,1.44877951862781,0.107,0.042,1
"SLC25A16",0.159873767828913,1.44785570244347,0.143,0.056,1
"ENSG00000274767",0.101511007742789,-1.44749058012587,0.071,0.211,1
"TNFSF8",0.224300225010185,-1.44609680356425,0.036,0.113,1
"MIOS",0.354140509223591,1.44602332330621,0.107,0.056,1
"TRIP4",0.089054289119633,-1.4448737215552,0.107,0.239,1
"PUS3",0.0915861636653832,1.44260702051541,0.143,0.042,1
"IL4R",0.00626713033065877,1.44194688285116,0.429,0.183,1
"TBC1D5",0.114088060238255,-1.44181634467215,0.143,0.268,1
"SH3GL1",0.0536704973962778,1.44019095461152,0.214,0.07,1
"CWC22",0.0911562082697303,-1.43802501390804,0.107,0.239,1
"ANKRD52",0.104003194286788,-1.43622175361207,0.071,0.211,1
"HINFP",0.138624089939281,-1.43618776506402,0.036,0.141,1
"TRGV8",0.0573472481394569,1.43433643778983,0.179,0.056,1
"SLX9",0.00918914337750802,1.43417255859199,0.179,0.028,1
"ADISSP",0.169360095073268,-1.43399479333513,0.036,0.127,1
"MBNL3",0.159873767828913,1.43396184881794,0.143,0.056,1
"NT5DC1",0.236130687255735,-1.43351320784339,0.071,0.155,1
"NLK",0.327562027282004,1.43344885353821,0.107,0.056,1
"IFRD2",0.138624089939281,-1.43263335630761,0.036,0.141,1
"ENSG00000234961",0.130511269801684,-1.43250736932257,0.107,0.239,1
"GPAT4",0.110239788694481,1.43239246587963,0.179,0.07,1
"ENSG00000290383",0.327562027282004,1.43172617768203,0.107,0.056,1
"GRHPR",0.0731969355064761,1.4256474350675,0.179,0.056,1
"PXN",0.0977021213362387,-1.42528886612381,0.107,0.239,1
"UBE2G1",0.046100324338155,-1.42406816658106,0.071,0.268,1
"MAP3K7",0.0552325615279686,1.42354084971901,0.25,0.099,1
"HDGFL3",0.162866394326917,1.42305204590913,0.179,0.085,1
"TTPAL",0.117020641395003,1.42040673919392,0.179,0.07,1
"GNG10",0.134869031426132,-1.4203998781186,0.036,0.141,1
"NAA10",0.22582348003228,-1.4185994333409,0.071,0.155,1
"ULK4",0.0963190267638013,-1.41792273062772,0.107,0.254,1
"APOBEC3F",0.0105553350522066,1.41750220924319,0.393,0.155,1
"GZMH",0.00230022405069301,-1.41737164385296,0.286,0.648,1
"CRK",0.0660125842496429,1.41529501849397,0.179,0.056,1
"ZFX",0.236407347090642,-1.41448736626317,0.036,0.113,1
"NPRL2",0.169360095073268,-1.4102258474893,0.036,0.127,1
"SUMO3",0.0821074087964002,-1.40976755274148,0.071,0.225,1
"CNOT10",0.0757293473227942,1.40958771798101,0.179,0.056,1
"DNAJA3",0.225619368915724,1.40940136694436,0.107,0.042,1
"ZNF428",0.129825607084642,-1.40909425397539,0.107,0.225,1
"ABCF2",0.160282742960317,1.4072256109462,0.214,0.113,1
"COQ9",0.204191621598947,1.40625280508755,0.143,0.07,1
"ZDHHC2",0.110239788694481,1.40608396588821,0.179,0.07,1
"SLC30A6",0.169360095073268,-1.40471047819498,0.036,0.127,1
"FABP5",0.091285097086607,-1.403213940584,0.143,0.324,1
"KDM1A",0.176110214118336,-1.40293763587668,0.071,0.169,1
"COG5",0.0120903497199563,1.40204187738691,0.429,0.183,1
"AHR",0.551398324982911,-1.40162085594866,0.107,0.141,1
"RPAP3",0.11659011420935,-1.40147044238054,0.036,0.155,1
"FLT3LG",0.00311086875863674,1.40095903438068,0.536,0.211,1
"MTX2",0.225619368915724,1.39819151281847,0.107,0.042,1
"TFB2M",0.159873767828913,1.396911530916,0.143,0.056,1
"RPAIN",0.0269187726774019,-1.39647799133169,0.107,0.366,1
"ISYNA1",0.161191920850061,-1.3946448757989,0.071,0.183,1
"ENSG00000283103",0.0263437892711925,1.39371764722278,0.214,0.056,1
"SDF2L1",0.108213230571724,-1.39157698002352,0.071,0.197,1
"ZNF24",0.0460014080223318,-1.38961324667218,0.107,0.31,1
"HMG20B",0.176110214118336,-1.38941334636973,0.071,0.169,1
"ANXA2R",0.0600327817706371,1.38878697838175,0.25,0.113,1
"USP22",0.0616504430132564,-1.38865136516212,0.107,0.282,1
"GGA1",0.0316888517279284,1.38777593546846,0.286,0.099,1
"CSNK2A2",0.160282742960317,1.38638000545029,0.214,0.113,1
"ASTL",0.336273917922903,1.38452377083821,0.107,0.056,1
"STX2",0.143373262177503,-1.38228571632718,0.071,0.183,1
"JMJD8",0.150373057157265,-1.38153491002708,0.036,0.141,1
"LAMTOR2",0.0568071354659904,-1.38124090435336,0.071,0.239,1
"FDFT1",0.0455540592208689,1.38050989475258,0.321,0.155,1
"ARMCX6",0.1020967572819,1.38003811312582,0.214,0.099,1
"DNAJC25",0.110239788694481,1.3791716927751,0.179,0.07,1
"SFXN1",0.105579246407628,1.37789647089476,0.25,0.127,1
"DNAJB2",0.0134684009814368,1.37766729299208,0.321,0.113,1
"CDKN2AIP",0.0629001507766994,1.3769998929839,0.286,0.141,1
"VAMP1",0.212642905592505,-1.37622895925721,0.036,0.113,1
"TOR2A",0.150310367771514,-1.37555876330362,0.071,0.183,1
"TMEM116",0.225619368915724,1.37536208467326,0.107,0.042,1
"AKR1B1",0.15271503075126,1.37253455916602,0.286,0.155,1
"ST8SIA1",0.0683398892147261,1.37235620009791,0.179,0.056,1
"CHM",0.104902857834818,1.37070391415991,0.214,0.099,1
"ZNF333",0.124651715768005,1.37067192351267,0.107,0.028,1
"HERC2",0.159873767828913,1.36990941453107,0.143,0.056,1
"WDR54",0.146810478945244,-1.36887586515576,0.071,0.183,1
"NFYB",0.155045182885779,1.36609083431908,0.143,0.056,1
"ABHD17B",0.14204002299582,1.36573146381213,0.214,0.113,1
"ACAA2",0.0990666103087626,-1.36561858804468,0.071,0.211,1
"CD84",0.122189022907629,-1.36539973703354,0.071,0.197,1
"MTPAP",0.225619368915724,1.36370124906212,0.107,0.042,1
"RHBDD1",0.232895148715674,1.362330874955,0.107,0.042,1
"DCTN1",0.193735242147854,-1.36105393435287,0.107,0.211,1
"ADIPOR1",0.073718243761239,-1.35951969197913,0.107,0.268,1
"IFIH1",0.183619717981932,-1.3585749741193,0.036,0.127,1
"GNPDA2",0.225619368915724,1.357884402744,0.107,0.042,1
"RPUSD3",0.142459175131964,-1.35780134814134,0.036,0.141,1
"CDR2",0.0489951940558112,1.35613569621688,0.286,0.127,1
"RFX3",0.0487767977629154,-1.35541857387789,0.143,0.338,1
"ZNF600",0.0761883883190149,1.35523959566226,0.286,0.141,1
"ZGPAT",0.090200871953717,-1.35478498971183,0.036,0.169,1
"MT1X",0.0718358262020961,1.35466126800699,0.429,0.268,1
"SORL1",0.0759265259820388,1.35364419240326,0.214,0.085,1
"DPF2",0.0139482374860038,1.35300071892194,0.429,0.183,1
"FAM241A",0.0759799276853434,1.35197319579937,0.143,0.042,1
"SNX3",0.0397799074881846,-1.35176145177126,0.179,0.394,1
"POLD4",0.0552325615279686,1.35151442002306,0.25,0.099,1
"EVI2B",0.0147918159070129,-1.35085393473734,0.357,0.535,1
"S1PR5",0.0343511012152738,-1.3496028642111,0.143,0.366,1
"LRCH1",0.109550937639228,1.34797152213649,0.25,0.127,1
"NELL2",0.00999263688260246,1.34707115725418,0.321,0.099,1
"CCDC159",0.225619368915724,1.34703923476914,0.107,0.042,1
"SNHG12",0.104764433461701,1.34522880598001,0.286,0.155,1
"WDR53",0.225619368915724,1.344688743347,0.107,0.042,1
"ANP32E",0.0281673415077154,-1.34274201858417,0.179,0.394,1
"FBXL14",0.230447408100083,1.34145433209836,0.179,0.099,1
"PCBD2",0.110274717067514,1.3409619922349,0.107,0.028,1
"TNFRSF14",0.0128933474758114,-1.34074214568077,0.179,0.451,1
"DDX60L",0.651416684030575,1.33959038417263,0.107,0.085,1
"FOCAD",0.224300225010185,-1.33928780796822,0.036,0.113,1
"TAGAP-AS1",0.11674412552144,1.33874085211446,0.214,0.099,1
"SLC38A5",0.225619368915724,1.33810644546289,0.107,0.042,1
"NAGPA",0.218415688630753,-1.33763083044184,0.036,0.113,1
"ENSG00000291075",0.189803575657783,-1.33679818431636,0.107,0.211,1
"ABTB1",0.180243349842898,-1.33656424339895,0.071,0.169,1
"RAB24",0.155045182885779,1.33618236097493,0.143,0.056,1
"IQGAP1",0.000110750657157428,-1.33472947428552,0.5,0.817,1
"ELAC2",0.0639657163553669,-1.33415309603925,0.107,0.268,1
"DUSP11",0.0511718763365516,-1.33401725252346,0.179,0.38,1
"TMEM138",0.365876483051435,-1.33376499353621,0.071,0.127,1
"ZSWIM8",0.0927965658249442,-1.33367226180956,0.071,0.225,1
"CHST12",0.00680450081978311,-1.33239285340242,0.286,0.535,1
"PSD4",0.143373262177503,-1.33197758485942,0.071,0.183,1
"APPAT",0.218415688630753,-1.33165053483775,0.036,0.113,1
"VGLL4",0.160991132440367,-1.3297765756128,0.107,0.225,1
"ORC2",0.157500512608437,-1.32955238550806,0.071,0.183,1
"C15orf61",0.152783813387936,1.32953290169473,0.214,0.113,1
"SLAIN1",0.0736902490341837,1.32867730610571,0.214,0.085,1
"ABCG1",0.105002545666865,1.32839508436938,0.357,0.225,1
"LINC00938",0.225619368915724,1.32819351192904,0.107,0.042,1
"CENPP",0.155045182885779,1.32762809919475,0.143,0.056,1
"CEP95",0.129825607084642,-1.32750295067672,0.107,0.225,1
"SSH1",0.123113022881393,-1.32729484345394,0.036,0.155,1
"OSER1",0.00306977666319328,1.32622518862962,0.464,0.155,1
"PDHX",0.19503837236377,1.32585958314985,0.179,0.085,1
"VPS33A",0.0266489321146644,1.32536314731506,0.393,0.183,1
"HLA-DMA",0.185931011248806,-1.32441134743588,0.107,0.211,1
"MLLT6",0.104902857834818,1.32285812564421,0.214,0.099,1
"NAPB",0.327562027282004,1.32252353475196,0.107,0.056,1
"HIBCH",0.150940575980748,1.32248780838607,0.214,0.099,1
"MTRES1",0.240335821215081,1.32227343855176,0.107,0.042,1
"SENP5",0.0772274546927909,-1.32199129731347,0.107,0.268,1
"MAPK1",0.00442282550788586,-1.32165400352476,0.357,0.606,1
"LINC02328",0.11970526262925,1.31984420868543,0.107,0.028,1
"MARK3",0.0848303192068082,-1.31886413466104,0.179,0.31,1
"PXYLP1",0.232895148715674,1.31870174310786,0.107,0.042,1
"GPR18",0.516129737128891,1.31866772441634,0.107,0.07,1
"TRG-AS1",0.00314497229637373,1.31863780338319,0.571,0.282,1
"ARHGAP12",0.242631222213795,-1.31767425147062,0.036,0.113,1
"FZR1",0.391634589216643,1.31753919834631,0.107,0.056,1
"CENPV",0.232895148715674,1.31725174899562,0.107,0.042,1
"ARHGAP10",0.330490351951658,1.31575380624541,0.143,0.085,1
"TAF11",0.180329229365357,1.3150460844259,0.143,0.056,1
"OBI1",0.224300225010185,-1.31496381511936,0.036,0.113,1
"ANKRD28",0.172048158118035,1.31396456071012,0.214,0.113,1
"NOL9",0.272593871862992,1.31269475092165,0.214,0.141,1
"HUWE1",0.0242882400683472,-1.31178316560031,0.179,0.408,1
"CNOT7",0.0301298899434547,1.31120296869541,0.357,0.155,1
"NIPSNAP3A",0.225619368915724,1.31084404390428,0.107,0.042,1
"CHMP1B",0.00485357212156809,1.31061403117143,0.5,0.211,1
"UBL7",0.0629457886272922,-1.30927495373086,0.071,0.239,1
"TMEM11",0.0950629511417331,-1.30730980436866,0.071,0.225,1
"CASZ1",0.307235852765094,-1.30723284469987,0.071,0.141,1
"CD151",0.0573472481394569,1.30653893229619,0.179,0.056,1
"NFIX",0.232895148715674,1.30653399959895,0.107,0.042,1
"CCP110",0.209831811135618,1.30653051339939,0.179,0.099,1
"DEAF1",0.0354398317520328,1.30618404190272,0.286,0.113,1
"FGFBP2",0.0265064617478497,-1.30426911657462,0.464,0.648,1
"UNC119",0.241278687912819,1.30301660529985,0.179,0.099,1
"HACD2",0.176110214118336,-1.30108121631409,0.071,0.169,1
"CLCN3",0.0309562291130332,1.29993513017339,0.25,0.085,1
"SLC25A44",0.114913902346388,1.29991600526658,0.107,0.028,1
"ZNF568",0.236407347090642,-1.29941904738742,0.036,0.113,1
"SYNC",0.242631222213795,-1.29874533727096,0.036,0.113,1
"FAM50A",0.157164871833653,-1.29857444470263,0.143,0.254,1
"CNPY4",0.225619368915724,1.29784594586164,0.107,0.042,1
"EPN1",0.0060760645138198,1.29771908714159,0.429,0.183,1
"SPOP",0.13753411428958,-1.29707851828568,0.071,0.197,1
"TRIM27",0.162866394326917,1.29650400069427,0.179,0.085,1
"TDP1",0.078217865118373,1.29643938413478,0.214,0.085,1
"SERTAD2",0.188565271909583,-1.29640872920772,0.036,0.127,1
"DHX8",0.0839556951498353,-1.29638505179572,0.107,0.254,1
"FUBP3",0.117020641395003,1.2962758370281,0.179,0.07,1
"SMG5",0.201994049265515,-1.29612469867632,0.071,0.169,1
"CLIP1",0.218825592717724,-1.29554510270335,0.107,0.197,1
"GOLGA2",0.0693792306533336,1.29491816029358,0.214,0.085,1
"TOR1A",0.116439333199928,-1.29473591514715,0.071,0.197,1
"OTUD6B",0.354140509223591,1.29432523833258,0.107,0.056,1
"RNF121",0.102124322962771,1.29424695975091,0.143,0.042,1
"HYCC1",0.224300225010185,-1.29376580488451,0.036,0.113,1
"NT5C2",0.404525855897225,1.29314100964575,0.214,0.155,1
"GADD45A",0.307235852765094,-1.29252480210856,0.071,0.141,1
"MGA",0.176110214118336,1.29033115303475,0.214,0.113,1
"VMA21",0.126295121825799,1.29016526173407,0.214,0.099,1
"SGK3",0.252181571602081,1.29013646820802,0.143,0.07,1
"NOL8",0.234299520366836,1.29011434800667,0.214,0.127,1
"GIMAP1",0.0623846425369633,1.28828953800633,0.357,0.183,1
"PIK3C2A",0.0517766344780317,1.28761213122316,0.286,0.127,1
"DENND11",0.11970526262925,1.28681422296471,0.107,0.028,1
"SIVA1",0.032612719832179,1.2867319493532,0.536,0.338,1
"AMPD2",0.0829693902903224,1.28523139227843,0.214,0.085,1
"NTMT1",0.0385737144325311,1.28462154413787,0.321,0.141,1
"ANP32B",0.000128041752434967,1.28423493746083,0.821,0.563,1
"TCEA2",0.227284623474241,1.2834626550993,0.143,0.07,1
"WDR83",0.117020641395003,1.28255440812694,0.179,0.07,1
"CEPT1",0.19874983790606,-1.28229415991659,0.036,0.127,1
"KLF12",0.0200031385239238,-1.28165507401,0.321,0.521,1
"SP2",0.119992129842585,-1.28118180458006,0.071,0.211,1
"SIK1",0.0759265259820388,1.28075666500794,0.214,0.085,1
"GRN",0.224300225010185,-1.28012954794261,0.036,0.113,1
"ZNF675",0.245785998952198,1.27981384899996,0.143,0.07,1
"TMEM91",0.0693792306533336,1.2796629931592,0.214,0.085,1
"TJAP1",0.150310367771514,-1.27944426157239,0.071,0.183,1
"SOAT1",0.127446130415931,-1.27800870459231,0.143,0.282,1
"UBE2Q2",0.0142965229575546,1.27767393922154,0.464,0.211,1
"CUL5",0.0461310672984451,1.27750573657745,0.286,0.113,1
"CS",0.0562191680821656,1.27532536148939,0.286,0.113,1
"SLC4A7",0.0927068130030541,1.27439278674776,0.25,0.113,1
"FAM3C",0.0609242929759724,1.27420957478453,0.286,0.127,1
"L3MBTL3",0.124969645900982,-1.27407424825665,0.107,0.239,1
"TKT",0.0133767248009435,1.27403053226889,0.464,0.225,1
"NPL",0.232895148715674,1.27392534269839,0.107,0.042,1
"CFDP1",0.311418785652718,-1.27258048114561,0.107,0.183,1
"SLC9A9",0.327562027282004,1.27194406374318,0.107,0.056,1
"VPS41",0.164815210146194,1.26864442239467,0.143,0.056,1
"TRIM14",0.0253542080558126,1.26739746540637,0.214,0.056,1
"RINT1",0.154453634117051,-1.26726806485421,0.036,0.141,1
"GINM1",0.0790862143875825,1.26661685000004,0.25,0.113,1
"RCSD1",0.154453634117051,-1.26619742877383,0.036,0.141,1
"HEATR5B",0.258692257208096,1.26562947081762,0.143,0.07,1
"NDFIP2",0.227284623474241,1.26548472379264,0.143,0.07,1
"BORCS7",0.152783813387936,1.2641010162831,0.214,0.113,1
"VAC14",0.176110214118336,-1.26234079125911,0.071,0.169,1
"GPR108",0.117020641395003,1.26197320911185,0.179,0.07,1
"MRPL18",0.0518523858210345,1.26072702410952,0.321,0.141,1
"C18orf25",0.113645314977098,1.25998422664157,0.25,0.127,1
"TMEM161B-DT",0.225619368915724,1.2589185932713,0.107,0.042,1
"FCRL3",0.1698707813257,1.2589137312794,0.143,0.056,1
"FILIP1L",0.201994049265515,1.25869524824522,0.214,0.113,1
"H2BC12",0.353119243942087,1.25721670646294,0.143,0.085,1
"SNX4",0.246766275027305,-1.25705912990427,0.071,0.155,1
"HELZ",0.0559402551599888,1.25579095559472,0.393,0.225,1
"PRKAB1",0.159873767828913,1.25546207630102,0.143,0.056,1
"PRPF39",0.172048158118035,1.25413677630232,0.214,0.113,1
"HAT1",0.105763945108894,1.2527754381042,0.321,0.183,1
"ZNF473",0.232895148715674,1.2525812014357,0.107,0.042,1
"ANKRD10",0.22582348003228,-1.25227172194547,0.071,0.155,1
"TESPA1",0.119287034201115,1.25215020647241,0.25,0.127,1
"TAF6",0.21593047961607,-1.25208034233914,0.071,0.169,1
"GLB1",0.242631222213795,-1.25169287490588,0.036,0.113,1
"GCDH",0.103773191899662,1.24983141948997,0.179,0.07,1
"KIAA1191",0.07492538454067,1.24822650879395,0.25,0.113,1
"TMEM238",0.119992129842585,-1.24783291755772,0.071,0.211,1
"RBM14",0.0551122892016638,1.24661294626363,0.429,0.239,1
"MOGS",0.161191920850061,-1.2463128973955,0.071,0.183,1
"ASCC2",0.0560198148734732,1.24501926863328,0.321,0.155,1
"GPSM3",0.118646382970885,-1.24468895240391,0.214,0.324,1
"CCNL2",0.0738476970158775,-1.24366079668122,0.179,0.338,1
"TUBB",0.0949706250134587,1.24344245404425,0.5,0.408,1
"COX11",0.240335821215081,1.24336340628456,0.107,0.042,1
"FNTB",0.363287102489754,1.24141483446846,0.107,0.056,1
"DNAJC11",0.224300225010185,-1.24122965730469,0.036,0.113,1
"BRAP",0.119862661340519,1.24075632563926,0.214,0.099,1
"RNGTT",0.0990666103087626,1.24041977147657,0.286,0.127,1
"COIL",0.0492675066497781,1.2395996134024,0.321,0.155,1
"TIMM23",0.164394846217455,-1.23948497901583,0.107,0.225,1
"SEPTIN1",0.00224597966977921,1.23928513761127,0.607,0.254,1
"NCBP2",0.0427727858694962,1.23846156275976,0.393,0.197,1
"IFITM2",0.0012471174362263,-1.23686827589116,0.643,0.803,1
"ARHGAP18",0.247942438436436,1.23686216721399,0.107,0.042,1
"DLEU2",0.0837100644905012,-1.23593100902088,0.25,0.38,1
"ATAD1",0.119992129842585,-1.23446812843779,0.071,0.211,1
"CAMK4",0.0242882400683472,1.2340726009997,0.5,0.282,1
"CISD2",0.0560198148734732,1.23329899666618,0.321,0.155,1
"LRRC8A",0.180329229365357,1.23282022226378,0.143,0.056,1
"MED8",0.155947141608239,1.23178342750172,0.25,0.141,1
"TTC21B",0.134629930211757,-1.23166539270491,0.143,0.268,1
"DIMT1",0.0385737144325311,1.23153287842366,0.321,0.141,1
"GIMAP4",0.14559613926172,1.23101953612584,0.536,0.408,1
"ENSG00000291178",0.345133495136633,1.22968656270347,0.107,0.056,1
"PIK3AP1",0.149135906606309,1.22923916386081,0.214,0.113,1
"QTRT1",0.252203835798536,-1.22895075601613,0.071,0.155,1
"WDR35",0.307235852765094,-1.22885676115369,0.071,0.141,1
"SAR1B",0.058928509647446,1.22669086385354,0.321,0.155,1
"PHLDB2",0.211210077573815,-1.22607002457123,0.071,0.169,1
"GOPC",0.21593047961607,1.2260372608424,0.214,0.113,1
"TRMT1L",0.1698707813257,1.22599205883319,0.143,0.056,1
"EPM2AIP1",0.224300225010185,-1.22442104614612,0.036,0.113,1
"GFOD1",0.103025459733104,-1.22375844739036,0.107,0.254,1
"CPEB2",0.19874983790606,-1.22338159145504,0.036,0.127,1
"DYNLT3",0.262774985386906,1.22263074668429,0.321,0.225,1
"APEH",0.184448117640192,-1.22249524783997,0.071,0.169,1
"SRI",0.113896323971502,-1.22220281242183,0.143,0.31,1
"VPS25",0.08543140866052,1.22217764619908,0.214,0.085,1
"ABHD3",0.00514276378944914,1.22196831444611,0.429,0.155,1
"EPSTI1",0.174664087271611,-1.22188779850206,0.107,0.211,1
"ZNF267",0.0808182777855073,1.21967047102708,0.357,0.211,1
"CLNS1A",0.14501194723761,-1.21962645720052,0.143,0.254,1
"PARN",0.288165368664694,-1.219598468784,0.071,0.141,1
"IFT52",0.206564748235564,-1.2192156825967,0.071,0.169,1
"ZNF343",0.232895148715674,1.21910440344965,0.107,0.042,1
"UBR1",0.0382703485587155,1.2190692526775,0.393,0.183,1
"ABCB1",0.17504171983849,1.21808231776134,0.143,0.056,1
"ENC1",0.0364462595966905,-1.21649269880973,0.143,0.352,1
"ITPR1",0.0385547833947215,1.21602345813767,0.5,0.296,1
"SZRD1",0.0185041995193948,-1.21444567524833,0.179,0.423,1
"GLUD1",0.00345421401011251,-1.2131371072949,0.321,0.62,1
"CTSB",0.205034465458475,1.21249539525981,0.179,0.085,1
"ASB1",0.224300225010185,-1.21244266818685,0.036,0.113,1
"TMEM135",0.164948304736159,-1.21139159518614,0.071,0.183,1
"NUP133",0.0862567096239434,1.21103050017546,0.286,0.141,1
"MAF",0.255422495198173,-1.21100159118712,0.036,0.113,1
"PLIN2",0.241784196957359,-1.21085797424271,0.107,0.197,1
"SLA2",0.151080459414473,1.21058178800341,0.643,0.521,1
"RBM28",0.0551218223401736,-1.21042013195655,0.036,0.197,1
"FRYL",0.0114415364328578,1.20865676832799,0.536,0.338,1
"BRI3",0.0891720753974031,-1.20863910024692,0.25,0.408,1
"METRNL",0.00164441812485822,-1.208544862286,0.5,0.775,1
"CCR5",0.516129737128891,1.20844813798452,0.107,0.07,1
"APBA2",0.382042243089468,1.20832792159218,0.107,0.056,1
"CKLF",0.0275771009848021,1.20744896957432,0.429,0.197,1
"SRA1",0.0103123886801198,1.20680695205222,0.464,0.197,1
"CLPX",0.128158259915872,1.20653250704307,0.25,0.127,1
"SNX11",0.233338103895811,1.20573095132332,0.143,0.07,1
"JMY",0.0372695119416018,-1.20487452183542,0.107,0.324,1
"R3HCC1L",0.0415549490580055,1.20440621201144,0.357,0.155,1
"ADA2",0.240335821215081,1.2040199954188,0.107,0.042,1
"BTN3A3",0.125389658079788,-1.20400432347102,0.107,0.254,1
"HPS4",0.365876483051435,-1.20383825797566,0.071,0.127,1
"PTPN6",0.211210077573815,-1.20299425712888,0.071,0.169,1
"MTMR2",0.127800790146851,1.20197942470205,0.179,0.07,1
"IRAG2",0.00330913547039246,1.20074288176812,0.536,0.211,1
"GFUS",0.110449419942055,1.2004937320533,0.321,0.183,1
"CALCOCO2",0.011309472813433,1.199888749802,0.5,0.268,1
"ARFIP1",0.197726380071135,-1.19919630017898,0.107,0.211,1
"RAD51B",0.247942438436436,1.19893941679974,0.107,0.042,1
"BCL10",0.0371575673245831,1.19874114279115,0.357,0.183,1
"FARSB",0.247942438436436,1.19872774115122,0.107,0.042,1
"CACYBP",0.118631601319867,1.19581206999263,0.429,0.296,1
"PNPLA6",0.437871202082284,1.19560012550244,0.179,0.127,1
"SHOC2",0.0224528420499524,-1.19550875447599,0.179,0.423,1
"MRPL57",0.0794940754720401,1.19548211050214,0.429,0.282,1
"ZNF211",0.0805651812602453,1.19544191033684,0.214,0.085,1
"ENSG00000290683",0.224300225010185,-1.19501603530665,0.036,0.113,1
"ENSG00000291156",0.463346658260094,1.19369167451995,0.143,0.099,1
"TIMM10B",0.300788269419892,-1.19360780954661,0.071,0.141,1
"RRP7A",0.0203429853843783,1.19341833171035,0.393,0.183,1
"HAX1",0.00448410237056307,1.19323230518217,0.5,0.225,1
"ZNF761",0.327562027282004,1.19282816703258,0.107,0.056,1
"WDR26",0.262137119193187,-1.19274022235978,0.107,0.183,1
"GYPC",0.0296738423606301,1.1925376486187,0.536,0.352,1
"TTBK2",0.248969426982282,-1.1924714301279,0.036,0.113,1
"RASA1",0.131263585288197,1.19186985789893,0.286,0.155,1
"SMAD4",0.0181451596591949,1.19171056695627,0.536,0.268,1
"GSTO1",0.00397494742558715,1.19142132545739,0.536,0.211,1
"ZNF350",0.240335821215081,1.1908966906825,0.107,0.042,1
"VEGFB",0.301812547686628,1.1901851332998,0.143,0.085,1
"PAOX",0.247942438436436,1.18920322700999,0.107,0.042,1
"GTF3C5",0.0435457091852878,-1.18892536935501,0.036,0.211,1
"CCDC90B",0.0662150002887545,-1.18865231043591,0.071,0.239,1
"UBE2L6",0.0451424691094444,1.18854138635755,0.464,0.254,1
"BPTF",0.0272390680125196,-1.18834547519543,0.321,0.521,1
"YAE1",0.232895148715674,1.18762974763866,0.107,0.042,1
"SREBF1",0.110341815085629,1.18734210172235,0.214,0.085,1
"PRKAG2",0.340836821878206,-1.18696464599177,0.071,0.141,1
"SDHD",0.0337143259797588,1.18522769488185,0.5,0.296,1
"HLA-DQA1",0.178552937592249,-1.18489363126861,0.107,0.225,1
"ENSG00000265401",0.240335821215081,1.18467921422252,0.107,0.042,1
"TMCO3",0.1698707813257,1.18421901806471,0.143,0.056,1
"BET1L",0.0448226689072738,1.18319063546821,0.286,0.113,1
"ITGB3BP",0.123046066763608,1.18264226983381,0.214,0.099,1
"GPR132",0.0186468142039782,1.18227290384579,0.536,0.31,1
"SMDT1",0.0189225262551803,1.18200036525123,0.464,0.211,1
"DNM1L",0.0879159037471781,1.18185972905718,0.393,0.239,1
"VSIR",0.460925370506316,1.18036978464419,0.179,0.127,1
"TPR",0.0239516270513092,-1.18020296552802,0.25,0.535,1
"PET100",0.0344376876599417,-1.1797638225915,0.179,0.408,1
"KRIT1",0.0653941204625993,1.1793350895566,0.357,0.183,1
"STMN3",0.111772267356155,-1.17831561115058,0.071,0.211,1
"HDAC4",0.188725055672756,1.17804828661319,0.214,0.113,1
"ARFRP1",0.176127043670158,1.17798338304186,0.179,0.085,1
"ANXA6",0.0333355107459375,-1.17770415531174,0.179,0.423,1
"COG1",0.024396959593654,1.17766654402905,0.214,0.056,1
"SC5D",0.159873767828913,1.17737337749959,0.143,0.056,1
"PTPN4",0.113242265096205,-1.1772671320469,0.321,0.437,1
"ZNF330",0.098509313455779,1.17673969665204,0.143,0.042,1
"POLR3GL",0.418112149838619,1.17667200241132,0.143,0.085,1
"IKBKE",0.382042243089468,1.17645128749069,0.107,0.056,1
"TRGV3",0.489662544900588,-1.17563926694886,0.071,0.113,1
"TMEM35B",0.353119243942087,1.17547520274848,0.143,0.085,1
"SLC26A11",0.124651715768005,1.17390674761117,0.107,0.028,1
"DERA",0.336273917922903,1.17247937158254,0.107,0.056,1
"KDSR",0.280669114481459,-1.1715607907781,0.071,0.155,1
"EYA3",0.281989816207216,1.17130705788008,0.179,0.099,1
"ARMH3",0.117020641395003,1.17124716334059,0.179,0.07,1
"NUBP2",0.139178780021795,-1.1711816322004,0.107,0.239,1
"IER5",0.372529796000421,1.17104290341806,0.25,0.183,1
"INO80",0.038300841846752,-1.17086943959907,0.179,0.38,1
"CABIN1",0.117548801587444,-1.17074718922807,0.107,0.254,1
"RRP1",0.19874983790606,-1.17074487452953,0.036,0.127,1
"MZT1",0.0569419979827891,1.16928971139886,0.393,0.197,1
"ARID1A",0.0342134901068227,-1.16808128186827,0.107,0.31,1
"TMUB1",0.138639422447925,-1.16748647040808,0.107,0.225,1
"SCMH1",0.294431475165016,1.16733240686627,0.179,0.099,1
"NIPAL3",0.409213073163985,1.166496613629,0.25,0.183,1
"LDLRAD4",0.0261636361129543,1.1664383303196,0.321,0.127,1
"OAS2",0.301812547686628,1.16529328529373,0.143,0.085,1
"ATP6V1B2",0.248890246528457,1.16516616995039,0.25,0.169,1
"RNF8",0.0369746707128919,1.16413944056549,0.286,0.099,1
"LINC03057",0.180329229365357,1.16410874382648,0.143,0.056,1
"CD28",0.240335821215081,1.16321452195258,0.107,0.042,1
"EEFSEC",0.164948304736159,-1.16291051596263,0.071,0.183,1
"RALA",0.00273093450310642,1.15994945297179,0.571,0.268,1
"BRWD3",0.498794176630986,1.15890321402547,0.143,0.099,1
"CDK8",0.0716004545905041,-1.15802596882312,0.036,0.183,1
"MPP7",0.140187466964456,-1.15796128837852,0.143,0.268,1
"NCS1",0.340556772262537,1.15772527973593,0.179,0.113,1
"RINL",0.180721530914936,1.15740575968347,0.179,0.085,1
"ILF3-DT",0.240335821215081,1.15734084106867,0.107,0.042,1
"PIK3CB",0.337926742686976,1.15719944780224,0.143,0.085,1
"PPP2CB",0.320403627069519,-1.15664871916453,0.071,0.141,1
"GLRX5",0.158366910754875,-1.15634529584625,0.143,0.282,1
"RTTN",0.180329229365357,1.15626107614435,0.143,0.056,1
"EIF2S1",0.107206453472704,1.15583502510251,0.286,0.155,1
"FAM32A",0.0910263883005799,1.15553803967756,0.286,0.155,1
"YIF1B",0.255422495198173,-1.15438142286279,0.036,0.113,1
"SLC25A24",0.626587561804411,1.1542863393135,0.143,0.113,1
"CALHM2",0.236407347090642,-1.15422758766888,0.036,0.113,1
"ENSG00000278996",0.00573661874081795,1.15395589393788,1,0.901,1
"NCALD",0.943239565938884,1.15219278984316,0.107,0.113,1
"GLA",0.229437067530121,1.15101869448666,0.214,0.127,1
"RNF20",0.17504171983849,1.15064178436858,0.143,0.056,1
"ZNG1B",0.323150699449005,-1.15058233369098,0.107,0.183,1
"MLF1",0.548501460374699,1.14957695179346,0.107,0.07,1
"ERLIN1",0.363294615467492,1.14860789375114,0.107,0.056,1
"MCM7",0.236130687255735,-1.14843182673055,0.071,0.155,1
"CBX4",0.205034465458475,1.14834250796689,0.179,0.085,1
"RBM19",0.236407347090642,-1.14739530585291,0.036,0.113,1
"OTUD5",0.0449031168075687,1.14655896228382,0.393,0.197,1
"EI24",0.224300225010185,-1.14565293909243,0.036,0.113,1
"ERG28",0.152783813387936,1.14513601776374,0.214,0.113,1
"PLEC",0.308980314727728,1.14481557211719,0.357,0.282,1
"HEBP2",0.0990329202113118,-1.14320827586404,0.107,0.268,1
"IDUA",0.363294615467492,1.14314386041692,0.107,0.056,1
"KLHL36",0.363294615467492,1.1427980336646,0.107,0.056,1
"MSL2",0.076389855343842,-1.14262373690879,0.179,0.352,1
"TNKS2",0.0644819097379934,-1.14209943813388,0.214,0.394,1
"IGSF8",0.159873767828913,1.14133288408677,0.143,0.056,1
"FUCA1",0.232895148715674,1.14082313230978,0.107,0.042,1
"RNPC3",0.218586323324836,-1.14044826018302,0.107,0.211,1
"PEA15",0.115297341012007,1.14008149718625,0.321,0.183,1
"DHX15",0.0702587043060201,-1.14001422407353,0.179,0.352,1
"TUBB4B",0.0938321205076869,1.13982571657607,0.571,0.493,1
"PAPSS1",0.180329229365357,1.13907786544798,0.143,0.056,1
"MRPS14",0.269033301005761,-1.13858784836351,0.071,0.155,1
"ENTPD1-AS1",0.526809220656548,1.13851870448631,0.107,0.07,1
"NUP107",0.225819314403021,-1.13754398354045,0.071,0.155,1
"TMEM129",0.191258591578927,1.13750491189179,0.143,0.056,1
"PHF21A",0.370634360874743,-1.13630128387437,0.143,0.197,1
"ATG13",0.0609242929759724,1.13525788323479,0.286,0.127,1
"TAP2",0.0681851467159392,-1.13510582074301,0.179,0.366,1
"NECAP2",0.120118496902625,-1.13476330925022,0.107,0.254,1
"GBP5",0.0620607593925089,1.13453436123624,0.429,0.282,1
"KPNA5",0.0638557863849271,-1.13446269178302,0.143,0.338,1
"ENSG00000288915",0.154600466887548,-1.13400492378856,0.107,0.239,1
"RBM41",0.255715957450126,1.1340022234208,0.107,0.042,1
"ERV3-1",0.247942438436436,1.13356834463778,0.107,0.042,1
"USP42",0.110341815085629,1.13323846393318,0.214,0.085,1
"CDK2AP2",0.13638068047022,-1.13299417839501,0.393,0.465,1
"INO80D",0.0674819465766043,-1.13287621217762,0.179,0.38,1
"MTCH1",0.045847017788724,1.1326210131503,0.464,0.268,1
"GOSR1",0.106609059494895,-1.13163234876153,0.179,0.338,1
"ZNF226",0.185734477021131,1.13101389073904,0.143,0.056,1
"GNPAT",0.327123854201742,-1.12925569864719,0.071,0.141,1
"NELFB",0.180243349842898,-1.12761742588495,0.071,0.169,1
"PPA2",0.201994049265515,-1.12681378462073,0.071,0.169,1
"PMF1",0.167441102926958,-1.12662951516326,0.107,0.211,1
"GPRIN3",0.073444295839247,1.12655168850278,0.357,0.183,1
"MRPL49",0.158617796316901,-1.12612276961876,0.036,0.141,1
"SHLD1",0.104361059599082,1.12560349426654,0.214,0.085,1
"LARP1",0.189803575657783,1.12543110633837,0.25,0.155,1
"TANGO2",0.098509313455779,1.12501065213157,0.143,0.042,1
"USP30",0.240335821215081,1.12451407938647,0.107,0.042,1
"GXYLT1",0.241407251416426,-1.12414807522717,0.071,0.155,1
"BOD1",0.245785998952198,1.12412135931101,0.143,0.07,1
"CFAP97",0.153873518692146,-1.12383362061632,0.071,0.183,1
"JUN",0.929351275413319,1.12381578029007,0.429,0.479,1
"TRNT1",0.294431475165016,-1.12357915057893,0.071,0.141,1
"TXNIP",0.165631177082979,1.12326612402924,0.5,0.38,1
"YIF1A",0.313774293637495,-1.12309034922407,0.071,0.141,1
"MARF1",0.193074687404813,-1.12200199291108,0.071,0.169,1
"TOM1",0.300788269419892,1.12091575862541,0.179,0.099,1
"LFNG",0.0559402551599888,1.1208649026438,0.393,0.225,1
"NUP37",0.313774293637495,-1.12035172185989,0.071,0.141,1
"PDCD7",0.0936400628746518,-1.11923465539946,0.179,0.352,1
"ACSS1",0.227813748494182,-1.11886157063252,0.107,0.197,1
"PLCL1",0.313774293637495,-1.11836689548925,0.071,0.141,1
"APBA3",0.128158259915872,1.11817449308515,0.25,0.127,1
"TARS1",0.0718439446168461,1.11796812994757,0.321,0.155,1
"HMOX2",0.129687633503276,-1.1178212579217,0.179,0.31,1
"BCL6",0.341197520770534,1.11747704060097,0.214,0.155,1
"DUT",0.241784196957359,-1.11618566509462,0.107,0.197,1
"AOAH",0.0116918401856371,-1.1152583585093,0.464,0.761,1
"CIAO3",0.233338103895811,1.11485124800602,0.143,0.07,1
"ZSCAN16",0.247942438436436,1.11415962085051,0.107,0.042,1
"CENPF",0.0997286495806924,-1.11285153253226,0.071,0.225,1
"POLR2M",0.308083895158218,1.11275275637915,0.179,0.113,1
"CHMP6",0.155947552663493,1.11265642867869,0.179,0.07,1
"HOOK2",0.258692257208096,1.11188327561553,0.143,0.07,1
"DOHH",0.240335821215081,1.11109875210719,0.107,0.042,1
"INPP5D",0.13335265399611,1.11054414944731,0.286,0.169,1
"CCDC88B",0.381168793151149,-1.1104669869521,0.071,0.127,1
"VDAC3",0.0180347712628754,1.10929117528977,0.393,0.155,1
"WBP1",0.203990400406247,-1.10716347411362,0.036,0.127,1
"ENSG00000291099",0.178408772665311,1.10695448959918,0.179,0.085,1
"DUSP4",0.0275473357633386,1.10631796666049,0.429,0.211,1
"DRG1",0.0222820629458333,1.10575642402738,0.429,0.183,1
"LINC02964",0.180329229365357,1.10467385617381,0.143,0.056,1
"BABAM1",0.14476670505977,-1.10417712239771,0.107,0.225,1
"ANKRD49",0.381168793151149,-1.10361576325735,0.071,0.127,1
"OTUD4",0.109606956175701,-1.10303558240062,0.071,0.225,1
"SDCCAG8",0.143551910751271,1.10250207047765,0.214,0.099,1
"VPS35L",0.335233766959913,1.10242418655614,0.214,0.155,1
"ENSG00000242880",0.180329229365357,1.10189360290522,0.143,0.056,1
"TRAT1",0.0883673235542778,-1.1014541876098,0.357,0.465,1
"RYK",0.252208093144084,-1.10134221057865,0.071,0.155,1
"CARD16",0.393808396965948,1.10128720162182,0.179,0.127,1
"PCF11",0.0790324438143597,1.10080448281554,0.357,0.169,1
"LTA4H",0.205888495300038,-1.10071918011201,0.107,0.211,1
"RABIF",0.323150699449005,-1.09943460524635,0.107,0.183,1
"PREB",0.253557062939893,1.09939820985658,0.25,0.169,1
"PHACTR4",0.0990329202113118,1.09923722553441,0.321,0.183,1
"NUDT22",0.307235852765094,-1.09876295036069,0.071,0.141,1
"IREB2",0.164135008044218,1.09845084117213,0.214,0.113,1
"F2R",0.0833655043334558,-1.09766140003787,0.143,0.31,1
"UBAC2",0.128884879271973,-1.09758252230887,0.25,0.38,1
"FAM174A",0.570625821209228,1.09725732779924,0.107,0.07,1
"ZNF791",0.214292662647028,1.09693338222247,0.25,0.155,1
"ZNF700",0.363294615467492,1.09691811426845,0.107,0.056,1
"CHMP3",0.15109936050377,-1.09642143129737,0.107,0.225,1
"VPS11",0.164815210146194,1.09639985285802,0.143,0.056,1
"UFSP2",0.283332491985148,-1.09578829966836,0.107,0.183,1
"PRKAG1",0.206564748235564,-1.09550273354793,0.071,0.169,1
"ALMS1",0.263341332288979,-1.09472382763371,0.071,0.155,1
"CCAR2",0.308083895158218,1.09343928481313,0.179,0.113,1
"OLA1",0.113132511730295,1.09340240453176,0.393,0.239,1
"SLC39A1",0.203990400406247,-1.09305594181845,0.036,0.127,1
"SLC35F5",0.365876483051435,-1.09107769642133,0.071,0.127,1
"YKT6",0.127446130415931,-1.0906423509788,0.143,0.282,1
"PLEKHM1",0.180721530914936,1.09031390835924,0.179,0.085,1
"C12orf75",0.0996128894349084,-1.09007517461821,0.393,0.507,1
"NLRP1",0.459918032617374,1.0894123527157,0.214,0.155,1
"CEP104",0.11720114200953,-1.08915690248327,0.071,0.211,1
"LINC00426",0.263657237249841,1.08899798624387,0.107,0.042,1
"BLMH",0.184448117640192,1.08699949866064,0.214,0.113,1
"GPX1",0.185882121295831,1.08625873219489,0.321,0.197,1
"WAKMAR2",0.139963177008663,1.08589061089089,0.214,0.099,1
"DUSP1",0.379955837137518,-1.08471067754032,0.429,0.493,1
"TOLLIP",0.288807863402236,-1.08414244263424,0.107,0.183,1
"ACTL6A",0.308821805173296,1.08383864361707,0.143,0.085,1
"GRSF1",0.0101528570704405,1.08360732955565,0.429,0.183,1
"ZHX1",0.294431475165016,-1.0832572441431,0.071,0.141,1
"CEP164",0.248969426982282,-1.08148706636317,0.036,0.113,1
"SNIP1",0.139337900067408,1.08114936521983,0.179,0.07,1
"CBX1",0.22582348003228,-1.08107231871309,0.071,0.155,1
"CCL3-AS1",0.363294615467492,1.08076096933206,0.107,0.056,1
"ZNF124",0.252181571602081,1.08035414966077,0.143,0.07,1
"PPP4R3B",0.0108856767782295,1.08022234458523,0.536,0.282,1
"RAB22A",0.00316973389572708,-1.08000422738192,0.286,0.577,1
"ENSG00000272742",0.25246348764595,1.07867812539249,0.179,0.099,1
"HPS3",0.220718910227171,1.0783453958201,0.179,0.085,1
"SYS1",0.244242408697321,1.07751572723283,0.214,0.127,1
"CADM1",0.481740680024655,1.07726621525152,0.214,0.155,1
"MRTFB",0.265318519251598,1.07700317904839,0.143,0.07,1
"MVP",0.491953873341324,1.07690726370029,0.286,0.225,1
"DKC1",0.127800790146851,1.07659256148073,0.179,0.07,1
"SRPRB",0.123113022881393,-1.07631589606983,0.036,0.155,1
"SHISAL2A",0.225598181974708,-1.07592896053047,0.071,0.169,1
"TDRD7",0.34546975993178,1.07576474368798,0.143,0.085,1
"GPR137B",0.10606870264094,-1.07477769066481,0.214,0.38,1
"RILPL2",0.430725591510867,1.07434592259968,0.286,0.254,1
"FBXO33",0.134176555427182,1.07425044531524,0.286,0.155,1
"EIF2AK2",0.125145899671518,1.07368735412496,0.25,0.127,1
"SLC25A26",0.449253074477815,-1.07351023300261,0.143,0.197,1
"TSC2",0.382042243089468,1.07211683997476,0.107,0.056,1
"OIP5-AS1",0.152528092090383,1.07143812925699,0.25,0.141,1
"R3HDM2",0.0684819788690557,1.07133273473653,0.393,0.211,1
"TRIM37",0.33758022030397,-1.07077429133898,0.107,0.169,1
"USP47",0.00566591215690175,1.07057021370004,0.714,0.451,1
"AGFG2",0.1698707813257,1.07036663780203,0.143,0.056,1
"MXRA7",0.00753652204016258,1.06962220780136,0.714,0.493,1
"SBNO2",0.0829819270291534,1.06921353993703,0.321,0.155,1
"LNPEP",0.0904254723924211,-1.06920417214479,0.286,0.451,1
"RECK",0.372595372887642,1.06912759088306,0.107,0.056,1
"FKBP15",0.258189370074922,1.06880024697185,0.179,0.099,1
"TRAP1",0.372595372887642,1.06866655201575,0.107,0.056,1
"UTRN",0.090484996634718,1.06745230243726,0.464,0.296,1
"LINC00847",0.265318519251598,1.06730591352999,0.143,0.07,1
"CERK",0.128158259915872,1.06671500819853,0.25,0.127,1
"JAKMIP2",0.275904652244592,1.06668924281637,0.179,0.099,1
"YES1",0.206564748235564,-1.06586292926407,0.071,0.169,1
"UPF3A",0.106611789644994,-1.06465985559294,0.143,0.296,1
"ZNF407",0.201766757783888,1.06452443462833,0.214,0.127,1
"LYSMD3",0.203990400406247,-1.06364546288417,0.036,0.127,1
"TUFM",0.0189097511973563,-1.06331743801795,0.321,0.563,1
"UBE2R2",0.0505049065564679,-1.06319534081944,0.25,0.465,1
"SENP3",0.255715957450126,1.06303093244206,0.107,0.042,1
"TRIOBP",0.382042243089468,1.06270314718847,0.107,0.056,1
"ZNF410",0.125315985987043,1.06242161487885,0.321,0.197,1
"HACE1",0.199990815397333,1.0620374075005,0.179,0.085,1
"FAM210A",0.239234532101575,1.0612799913907,0.214,0.127,1
"FASTK",0.180634448042939,-1.0603981356434,0.071,0.183,1
"USP25",0.409847266985031,1.05860271791411,0.286,0.211,1
"ZFYVE27",0.239234532101575,1.05822833141265,0.214,0.127,1
"PIK3IP1",0.148426573076167,1.0578437445836,0.429,0.31,1
"ARRB2",0.00183455116484702,1.05756059791967,0.714,0.437,1
"RIOK2",0.0502506874877366,1.05698422599924,0.286,0.113,1
"MICOS13",0.0329735945675162,-1.05698119843136,0.214,0.465,1
"KLHL21",0.489662544900588,-1.05646372112534,0.071,0.113,1
"METTL14",0.122189022907629,1.05613285824105,0.25,0.127,1
"HNRNPH2",0.258189370074922,1.05455704465754,0.179,0.099,1
"ZNF490",0.20266773414885,1.05420956325424,0.143,0.056,1
"ST6GALNAC6",0.0736102807501725,1.05372305313889,0.321,0.155,1
"CEP295",0.110239788694481,1.05332566786485,0.179,0.07,1
"PIAS4",0.333934941814358,-1.05321783676774,0.071,0.141,1
"STK10",0.016312184333387,-1.05295064258498,0.357,0.577,1
"INTS13",0.236130687255735,-1.05262981456146,0.071,0.155,1
"SPSB1",0.354140509223591,1.0516376627572,0.107,0.056,1
"NARS2",0.263657237249841,1.05121726861035,0.107,0.042,1
"TERF1",0.140774251510739,1.05082241068591,0.25,0.127,1
"SPECC1L",0.158615568813419,1.05073319867188,0.214,0.099,1
"CDC42EP3-AS1",0.277214696175393,-1.05034940612893,0.321,0.38,1
"CPNE3",0.122268508674044,-1.0502391929536,0.107,0.239,1
"ZC3H3",0.252208093144084,-1.05019847780639,0.071,0.155,1
"DPY19L1",0.248969426982282,-1.05001044555739,0.036,0.113,1
"CWC27",0.0931734820987169,1.04849825431391,0.214,0.085,1
"USF1",0.472074682980456,1.04847019031471,0.143,0.099,1
"ASPSCR1",0.272060772848618,1.0468652115803,0.143,0.07,1
"SPSB2",0.391634589216643,1.04678741829409,0.107,0.056,1
"EPS15L1",0.180634448042939,-1.04636610980538,0.071,0.183,1
"UNC50",0.0513540142087716,1.04634122800045,0.357,0.169,1
"KLF13",0.104556006672083,1.04534285295497,0.536,0.352,1
"MOB3A",0.298382497034107,1.04513437554328,0.214,0.127,1
"MRPS10",0.0560760653148866,1.04502206540801,0.321,0.141,1
"ENSG00000289614",0.382042243089468,1.04455400289643,0.107,0.056,1
"FAM120AOS",0.354138579221261,1.04423579452092,0.179,0.113,1
"RBMXL1",0.372595372887642,1.04398615473946,0.107,0.056,1
"KAT8",0.158615568813419,1.04349837400812,0.214,0.099,1
"GTF2H5",0.094997222813615,1.0430125417797,0.143,0.042,1
"ELP1",0.236130687255735,-1.04234878869205,0.071,0.155,1
"GIMAP8",0.401371675008047,1.04148640933426,0.107,0.056,1
"MDP1",0.445481286736357,-1.03936335532093,0.107,0.155,1
"RGP1",0.363294615467492,1.03932152635752,0.107,0.056,1
"MAZ",0.0731061122509184,1.03918864606434,0.5,0.394,1
"MMGT1",0.0931734820987169,1.03838830511989,0.214,0.085,1
"ATR",0.280669114481459,-1.03779899880044,0.071,0.155,1
"LZTR1",0.203990400406247,-1.03777514244597,0.036,0.127,1
"THUMPD3",0.272060772848618,1.03758834238745,0.143,0.07,1
"TUBA1B",0.00288492246994626,1.03672870455114,0.786,0.634,1
"DIABLO",0.526809220656548,1.03587078581841,0.107,0.07,1
"CEP44",0.382042243089468,1.03544869586048,0.107,0.056,1
"WRAP53",0.225619368915724,1.03531690222745,0.107,0.042,1
"MBD4",0.0619614960573126,1.03496414645388,0.321,0.155,1
"SESN3",0.676862506958693,-1.03464622870475,0.179,0.127,1
"H2AX",0.965232042839866,1.03461034999316,0.143,0.155,1
"CYREN",0.143551910751271,1.03425753936242,0.214,0.099,1
"FER",0.19874983790606,-1.03412231562951,0.036,0.127,1
"NUDT21",0.0404843881109999,1.03407037244192,0.429,0.225,1
"SNRPA1",0.09006493446734,1.03344595871355,0.357,0.211,1
"SURF1",0.294431475165016,1.03329275766673,0.179,0.099,1
"SPINDOC",0.247942438436436,1.03291203222741,0.107,0.042,1
"LMTK2",0.415494815434417,-1.03282377997174,0.107,0.155,1
"ATMIN",0.0822954412519132,1.03213697849393,0.25,0.099,1
"ZNF561",0.263657237249841,1.03212595543689,0.107,0.042,1
"H2AC25",0.272060772848618,1.03204233374788,0.143,0.07,1
"EIF2B3",0.258692257208096,1.03137631350468,0.143,0.07,1
"SMIM20",0.185734477021131,1.03130655633792,0.143,0.056,1
"TCP11L1",0.203990400406247,-1.03094802674426,0.036,0.127,1
"TMEM131L",0.241784196957359,-1.03082715064943,0.107,0.197,1
"MARCHF3",0.171620212504024,1.03035238710697,0.179,0.085,1
"TAMM41",0.372595372887642,1.03024198352828,0.107,0.056,1
"TBC1D1",0.159306637180741,1.0297124861509,0.286,0.155,1
"RAB4B",0.353723957262148,-1.02971165150836,0.107,0.183,1
"LCORL",0.119862661340519,1.02879004877636,0.214,0.099,1
"MRPL48",0.078217865118373,1.02850444803418,0.214,0.085,1
"DGUOK",0.0448164539716425,-1.02686625646031,0.214,0.423,1
"KAT6B",0.142089230096505,-1.02669870333124,0.143,0.254,1
"ATP5PF",0.0290664915929385,-1.02608764402777,0.179,0.423,1
"ZNF746",0.274809158565485,-1.02608060658525,0.071,0.155,1
"DDT",0.0976927335275909,1.02525152931188,0.429,0.31,1
"CTSW",0.000674122004997259,-1.02427709895874,0.714,0.873,1
"MRPL51",0.0955246499566824,-1.02354676818191,0.179,0.352,1
"PGP",0.131226693777024,1.02320273182881,0.25,0.127,1
"GLOD4",0.136379771768154,1.02277401710251,0.321,0.183,1
"SRXN1",0.372595372887642,1.02275070771456,0.107,0.056,1
"EPB41L5",0.480892539546607,-1.02262576853027,0.071,0.127,1
"ATP5MC1",0.158617796316901,-1.02164727512664,0.036,0.141,1
"HSPA1A",0.205361012931509,1.0214642408745,0.393,0.239,1
"FLCN",0.382042243089468,1.02099114769925,0.107,0.056,1
"LPIN2",0.295809169541673,1.02097863298557,0.25,0.155,1
"FBRSL1",0.368057656610352,1.02071701156411,0.179,0.113,1
"HAUS4",0.67402038408824,1.02010478483109,0.107,0.085,1
"SENP7",0.134176555427182,1.01938740201587,0.286,0.155,1
"ORAI2",0.171286924613491,-1.01914124656721,0.107,0.239,1
"ELL2",0.141077308252506,-1.01834789387528,0.179,0.324,1
"PLCL2",0.190289751689339,1.01800006331338,0.286,0.183,1
"DCTN5",0.139963177008663,1.01776065801351,0.214,0.099,1
"UBN1",0.242635545966197,-1.01713361190868,0.143,0.239,1
"CCDC174",0.202000266262766,-1.01667946506465,0.143,0.254,1
"PATL1",0.125855963140755,1.01647276286816,0.286,0.141,1
"OTUB1",0.031307795051241,-1.0155547079791,0.393,0.521,1
"DNAJC27",0.708479239788243,1.01519285784264,0.107,0.085,1
"OTUD6B-AS1",0.245648632240189,-1.01511723301698,0.107,0.211,1
"LINC01138",0.103611938123211,1.01449431519396,0.357,0.197,1
"IARS1",0.336612251319473,-1.01396081317835,0.143,0.211,1
"C14orf119",0.0763390455766721,-1.01315921636355,0.214,0.366,1
"GRWD1",0.263341332288979,-1.01250073615705,0.071,0.155,1
"MAGOHB",0.28589466642448,1.01208403969095,0.143,0.07,1
"ELOF1",0.0629457886272922,-1.01196798318099,0.071,0.239,1
"CEP20",0.0800591548922362,1.01133348985614,0.25,0.099,1
"FEM1B",0.708479239788243,1.01120881769767,0.107,0.085,1
"TXNDC15",0.162562167968324,1.01115624511117,0.214,0.099,1
"MAP4K3",0.205034465458475,1.01041336833342,0.179,0.085,1
"ALG3",0.143551910751271,1.00945894503246,0.214,0.099,1
"CLPTM1",0.0905737620263192,1.00846771294657,0.286,0.141,1
"GLO1",0.248002268938187,1.00828303431401,0.25,0.155,1
"CEP85L",0.263341332288979,-1.00666831460713,0.071,0.155,1
"MAK16",0.255715957450126,1.00652189117973,0.107,0.042,1
"ANKH",0.355409329845826,1.00637893130213,0.357,0.254,1
"ZNF76",0.247942438436436,1.00634194738399,0.107,0.042,1
"FOXP1",0.105613872067416,1.00530980918934,0.571,0.38,1
"HCG17",0.396847274956904,-1.00505604759538,0.071,0.127,1
"RAD1",0.123113022881393,1.00453790756886,0.214,0.085,1
"DHX38",0.220726378961164,-1.00374032287167,0.071,0.169,1
"ZNF598",0.265318519251598,1.00265478775366,0.143,0.07,1
"MCUR1",0.360874985393335,1.0020336264772,0.143,0.085,1
"TPD52L2",0.180634448042939,-1.00126260519906,0.071,0.183,1
"NSUN2",0.231837205078915,1.00106255334368,0.25,0.155,1
"ATP6V0B",0.0610500378784678,1.00053086303173,0.571,0.352,1
"TXNDC11",0.265318519251598,1.00027982693773,0.143,0.07,1
"TOPBP1",0.128012445010507,-0.999528262118682,0.143,0.296,1
"ISCA2",0.252181571602081,0.998498471913048,0.143,0.07,1
"INTS12",0.180721530914936,0.997739381778706,0.179,0.085,1
"NSMAF",0.145198948375201,-0.996951124341312,0.107,0.239,1
"ZNF274",0.372595372887642,0.996797069849999,0.107,0.056,1
"ZNF766",0.147210804390261,0.996760402124815,0.214,0.099,1
"ALKBH1",0.177664827529138,0.9960910144632,0.143,0.056,1
"ZHX2",0.0626206289246791,-0.994238418863092,0.357,0.507,1
"ANAPC2",0.537600387779659,0.993997758708827,0.107,0.07,1
"TRAPPC9",0.241784196957359,-0.993690282900051,0.107,0.197,1
"GLIPR2",0.320818741270978,0.993573012185767,0.179,0.113,1
"RBM15",0.376704152126371,0.993567096045361,0.143,0.085,1
"CCNT1",0.154852475569851,-0.993544237389878,0.143,0.268,1
"TMX4",0.257635892627117,-0.993486989522955,0.25,0.324,1
"TAFAZZIN",0.474561445146756,0.993177932136667,0.107,0.07,1
"EVA1C",0.124651715768005,0.992980246848823,0.107,0.028,1
"CCR7",0.0381748303398373,0.992041746025093,0.643,0.394,1
"ACOT7",0.401371675008047,0.991620815106783,0.107,0.056,1
"RAD9A",0.278919383592453,0.991366377637172,0.143,0.07,1
"STX16",0.69692226094617,0.991208343215333,0.107,0.085,1
"PROSER1",0.258692257208096,0.991207437189944,0.143,0.07,1
"ABCA5",0.426704299941388,0.990898383346495,0.143,0.085,1
"POLR2H",0.0940182198660101,0.990866971872054,0.357,0.183,1
"PITHD1",0.0256137404386624,0.989933800445119,0.464,0.225,1
"SSBP4",0.0660086752774841,-0.989876700763071,0.286,0.465,1
"ARL6IP6",0.227813748494182,-0.989216980684363,0.107,0.197,1
"USF3",0.19339585184236,0.987895990309054,0.25,0.141,1
"EIF1AD",0.264004671779335,0.987428293614278,0.179,0.099,1
"TMEM127",0.154343812838832,-0.986273535632169,0.107,0.225,1
"ANKRD13C",0.368736724825715,0.986105985798865,0.143,0.085,1
"TICAM1",0.255715957450126,0.98604657241812,0.107,0.042,1
"GLYR1",0.311418785652718,-0.985392772113868,0.107,0.183,1
"GRAMD1A",0.113727902138348,0.985387106990946,0.25,0.113,1
"MED11",0.518101300033471,-0.985076126649769,0.071,0.113,1
"RBKS",0.731793298869565,0.985016454297105,0.107,0.085,1
"EIF2D",0.382042243089468,0.984909204149083,0.107,0.056,1
"MED25",0.305659496331725,-0.984523039002513,0.107,0.183,1
"BAG2",0.11970526262925,0.984354293723023,0.107,0.028,1
"KDM5C",0.263341332288979,-0.983985709036242,0.071,0.155,1
"NOP2",0.134176555427182,0.98338475499719,0.286,0.155,1
"ETS2",0.263657237249841,0.983159001013265,0.107,0.042,1
"CA5BP1",0.247942438436436,0.982148984548246,0.107,0.042,1
"AP5Z1",0.126295121825799,0.981896323797635,0.214,0.099,1
"PALS2",0.277927871566639,0.981778516759992,0.214,0.141,1
"TMEM67",0.384776906049533,0.981387493061208,0.143,0.085,1
"ZNF444",0.26199091408315,-0.981119163360097,0.036,0.113,1
"TMEM181",0.213689428377223,-0.980771812901782,0.107,0.225,1
"RBBP5",0.122189022907629,0.979734469311983,0.25,0.127,1
"WDFY1",0.197497521090836,0.979504796980163,0.214,0.113,1
"THAP6",0.248969426982282,-0.979417019850565,0.036,0.113,1
"POLRMT",0.320403627069519,-0.979266386733342,0.071,0.141,1
"CLSTN1",0.143673494038169,0.979144673804159,0.321,0.211,1
"STX8",0.373474189096703,-0.978322259305995,0.071,0.127,1
"LSM6",0.135649104588153,0.978254242965782,0.286,0.155,1
"ZNF706",0.107473112074006,-0.978188299211561,0.25,0.394,1
"RGS2",0.24704547333084,0.976591580291564,0.286,0.183,1
"ZFAND2A",0.513954741641924,0.976428294076907,0.143,0.197,1
"SERPINB6",0.248969426982282,-0.976160254372454,0.036,0.113,1
"EDC4",0.205888495300038,-0.974884766213542,0.107,0.211,1
"SEL1L3",0.180329229365357,0.974749215511256,0.143,0.056,1
"TGDS",0.307235852765094,-0.974224726588238,0.071,0.141,1
"XKR6",0.69692226094617,0.9735526769109,0.107,0.085,1
"OSBPL11",0.21593047961607,-0.973245136983851,0.071,0.169,1
"RUBCN",0.251511234354902,-0.973197398719631,0.143,0.239,1
"GSKIP",0.255422495198173,-0.973158929580647,0.036,0.113,1
"ENSG00000236449",0.310774613801728,-0.97275198575827,0.143,0.225,1
"SNHG3",0.275904652244592,0.972445028102432,0.179,0.099,1
"SLFN12L",0.00924063834849027,0.972287740587373,0.75,0.507,1
"PSMG3",0.327123854201742,-0.970694130111639,0.071,0.141,1
"PCNX4",0.0955246499566824,-0.970297460161894,0.179,0.352,1
"ST3GAL2",0.629128925144346,0.968124451376646,0.107,0.085,1
"PRANCR",0.327313348099344,0.968090437333341,0.179,0.113,1
"ZNF654",0.139178780021795,0.967770943818872,0.286,0.169,1
"TXLNA",0.242631222213795,-0.966154593321522,0.036,0.113,1
"HARS1",0.292660745820806,-0.965980413431679,0.107,0.197,1
"TTLL4",0.203990400406247,-0.965958319234845,0.036,0.127,1
"VRK3",0.161120472117156,0.965267942573294,0.286,0.169,1
"DEXI",0.278919383592453,0.964857483707355,0.143,0.07,1
"RAD51C",0.21593047961607,0.964348706138464,0.214,0.113,1
"RBMS1",0.109467804580626,-0.964225886423088,0.25,0.408,1
"ENSG00000286223",0.495112540603032,0.964071926526021,0.107,0.07,1
"ATP11B",0.0795163331229166,-0.964003657552874,0.25,0.451,1
"GPR89A",0.388959951061129,-0.963065386995785,0.071,0.127,1
"APIP",0.288165368664694,-0.962797301279619,0.071,0.141,1
"MAP3K5",0.240672792882305,-0.962245184474846,0.071,0.169,1
"ZNF45",0.537600387779659,0.960978384339894,0.107,0.07,1
"CCNG1",0.114828176943349,-0.96061009002766,0.071,0.225,1
"ENSG00000243305",0.373474189096703,-0.960376275144951,0.071,0.127,1
"AKAP13",0.00300395045010584,-0.960213490562404,0.75,0.915,1
"ENSG00000289439",0.382042243089468,0.96016716927499,0.107,0.056,1
"LTV1",0.526809220656548,0.959689101102292,0.107,0.07,1
"CASP3",0.0997286495806924,-0.959617421840638,0.071,0.225,1
"NCOA2",0.0962834277969729,0.959465840588719,0.429,0.268,1
"ABL1",0.234299520366836,0.959253324086729,0.214,0.127,1
"MYO6",0.1698707813257,0.959092626804482,0.143,0.056,1
"MUTYH",0.211210077573815,0.958660072720921,0.214,0.113,1
"PFDN6",0.391327300570674,0.958593902213634,0.214,0.155,1
"ARHGEF3",0.0141172298196428,0.958540529719866,0.536,0.254,1
"ZNF710",0.382042243089468,0.958092885844767,0.107,0.056,1
"LRRFIP1",0.000353685590292594,-0.956190001027297,0.75,0.944,1
"MBD1",0.536551632751298,0.956130597074678,0.214,0.169,1
"BRPF1",0.19017647294555,0.956032646069807,0.179,0.085,1
"CNOT8",0.0667682385354539,-0.955373039365407,0.179,0.366,1
"GTF2F2",0.143215771032574,0.955075804802472,0.286,0.155,1
"AHSA1",0.305743243761305,0.955013479890993,0.429,0.352,1
"FASTKD2",0.323150699449005,-0.954961470279525,0.107,0.183,1
"PTPMT1",0.210169960852828,0.954894070860179,0.179,0.085,1
"HSD17B7",0.34927575634397,0.954805098482709,0.143,0.085,1
"HIVEP1",0.164394846217455,-0.954681809902108,0.107,0.225,1
"PHRF1",0.202000266262766,-0.954681214968095,0.143,0.254,1
"NSUN5",0.113432077712748,0.954096510441325,0.214,0.085,1
"PIGH",0.122516885969073,0.953789947022929,0.25,0.113,1
"RAB11FIP2",0.401371675008047,0.953352229099318,0.107,0.056,1
"ACSL3",0.460925370506316,0.953317683136973,0.179,0.127,1
"METTL16",0.21593047961607,-0.953291096983768,0.071,0.169,1
"WDR5",0.526809220656548,0.953239184672357,0.107,0.07,1
"GPX7",0.382042243089468,0.953213031274479,0.107,0.056,1
"RWDD1",0.0158515411790762,0.952297136366688,0.607,0.366,1
"SLK",0.100125490156885,-0.951588075300279,0.179,0.366,1
"ZCCHC8",0.160991132440367,-0.950799066808392,0.107,0.225,1
"SDHAF1",0.300196248296533,0.950399270111294,0.143,0.07,1
"TRMT10C",0.16268627470295,0.950273996530778,0.286,0.155,1
"RABGGTB",0.0594180460920664,0.950212124336958,0.286,0.113,1
"TCP1",0.371761483900482,0.949754350991879,0.357,0.282,1
"C6orf136",0.165120398380918,0.94858432837194,0.25,0.127,1
"AK6",0.396847274956904,-0.948555251818533,0.071,0.127,1
"EEF2KMT",0.269909679948153,0.948397315537712,0.179,0.099,1
"DGKD",0.341281752125151,0.948344800794959,0.214,0.141,1
"CAB39",0.0696345875050619,-0.94815918477038,0.25,0.394,1
"SH3BP1",0.382042243089468,0.947892075235739,0.107,0.056,1
"ADPGK",0.325369765605403,0.94758495025862,0.25,0.169,1
"SYNJ1",0.368057656610352,0.947536725745789,0.179,0.113,1
"TNFAIP8L1",0.382042243089468,0.945872837158589,0.107,0.056,1
"ELOC",0.0868358176388348,-0.945853620237461,0.321,0.451,1
"FBXO22",0.391634589216643,0.945133289815092,0.107,0.056,1
"CEP250-AS1",0.743545447681315,0.94488513197385,0.107,0.085,1
"SLC41A3",0.265318519251598,0.944132480973153,0.143,0.07,1
"BAG3",0.392954573775641,0.943686803461644,0.143,0.085,1
"PLEKHA3",0.217881896482528,-0.943646372973093,0.107,0.225,1
"ADNP",0.0822874220714671,0.943611114632726,0.357,0.183,1
"PAK4",0.526809220656548,0.943433387640469,0.107,0.07,1
"UHRF2",0.0851009002328222,-0.942527509798841,0.107,0.282,1
"ZNF638",0.027986373127571,0.942500132123594,0.679,0.423,1
"NUTM2A-AS1",0.0998303120164575,-0.94240912577123,0.214,0.423,1
"GTPBP4",0.407982451301608,-0.942364243098603,0.179,0.239,1
"POLR1A",0.341281752125151,0.942023249117143,0.214,0.141,1
"EXOSC8",0.0976447034072287,0.941898515546959,0.25,0.113,1
"MALSU1",0.280669114481459,-0.94180989523589,0.071,0.155,1
"TMEM128",0.281989816207216,0.941157569364781,0.179,0.099,1
"RMDN1",0.28589466642448,0.941087015245155,0.143,0.07,1
"VIPAS39",0.375143185977523,0.941059854090135,0.179,0.113,1
"GOT1",0.265008035771847,0.940898216371864,0.214,0.127,1
"DNAJC10",0.258189370074922,0.938414090195193,0.179,0.099,1
"MAP2K1",0.0173370628884545,0.937677983113792,0.607,0.352,1
"PPP1R8",0.274809158565485,-0.93762945764715,0.071,0.155,1
"CDC34",0.220738255168655,-0.937457505141653,0.179,0.268,1
"RNF4",0.170654303879499,-0.937271751490195,0.143,0.268,1
"ENSG00000233912",0.275904652244592,0.936843000797557,0.179,0.099,1
"TARS3",0.0905950265749858,-0.936193047719796,0.107,0.268,1
"EIF1AX",0.0157575555722844,0.93608745951615,0.571,0.268,1
"DUSP22",0.206564748235564,0.935921220625078,0.214,0.113,1
"CDC5L",0.0465394525942991,0.935431852379615,0.429,0.239,1
"SNX2",0.0670963398886788,-0.935098259808961,0.143,0.352,1
"GPATCH2L",0.176612764037099,-0.93483527753553,0.071,0.183,1
"BMT2",0.170206543401834,0.934700113092045,0.25,0.141,1
"MRPS24",0.155514939921978,0.934559984355688,0.357,0.225,1
"NDUFB5",0.311418785652718,-0.934518219980783,0.107,0.183,1
"SELENOK",0.00965435027052068,-0.934466271614604,0.464,0.704,1
"STUB1",0.0703352992243634,0.934400732708969,0.464,0.268,1
"TMEM199",0.346451743691801,-0.934278508888658,0.143,0.197,1
"OXA1L",0.0400808051504863,-0.933845308575153,0.179,0.38,1
"MAP4",0.269457544424908,-0.932988473801278,0.214,0.296,1
"EIF4EBP2",0.0834644980094665,0.932258425980538,0.357,0.197,1
"PPM1D",0.180721530914936,0.932088989654315,0.179,0.085,1
"VPS4A",0.131263585288197,0.931041840436559,0.286,0.155,1
"ACVR1",0.67402038408824,0.930818440989536,0.107,0.085,1
"SLC30A7",0.0420917921178797,0.930347565346229,0.393,0.211,1
"TBC1D10A",0.441663013398417,0.929801773677745,0.179,0.127,1
"TACC1",0.0561484791068775,-0.929669235629136,0.321,0.507,1
"STAG3L4",0.206564748235564,0.929468537799253,0.214,0.113,1
"SP3",0.218008119855113,0.928901870408553,0.321,0.225,1
"MED28",0.117616778358414,-0.928823551655955,0.179,0.31,1
"SKA2",0.445481286736357,0.928602968485622,0.179,0.127,1
"TEX30",0.210095019429612,0.928552699871982,0.25,0.141,1
"ATP5PD",0.0450935611056114,0.928418480834716,0.607,0.352,1
"SLU7",0.0514208011537094,0.92824375156439,0.393,0.183,1
"OGT",0.0251524613591679,0.927850344428336,0.643,0.408,1
"MED26",0.445687796125626,0.927590835122342,0.214,0.155,1
"ATG2B",0.67402038408824,0.927407109719086,0.107,0.085,1
"COX5A",0.0381062749404574,0.926443531716672,0.607,0.437,1
"RPRD1A",0.220722490573495,-0.925939543196314,0.071,0.169,1
"TBC1D19",0.299971283947151,-0.92590648110347,0.107,0.183,1
"FUT11",0.26199091408315,-0.925671478936563,0.036,0.113,1
"DBR1",0.382042243089468,0.925601939262,0.107,0.056,1
"RSRC2",0.35440585922994,0.924950321477933,0.429,0.451,1
"SIK3",0.0188683750239328,-0.923655356944493,0.607,0.732,1
"ZNF484",0.484614226655071,0.923283296061761,0.214,0.169,1
"CSNK1A1",0.0872870032943146,0.923257462373703,0.536,0.437,1
"TMEM219",0.292986884535084,0.923041627104351,0.143,0.07,1
"TSPAN2",0.551398324982911,-0.922667967706069,0.107,0.141,1
"ZNF3",0.463346658260094,0.922572647589131,0.143,0.099,1
"MAPRE2",0.0214700958255013,-0.922290970416613,0.464,0.676,1
"MKNK2",0.303943462100045,0.92226023982843,0.393,0.31,1
"THUMPD3-AS1",0.292660745820806,-0.921886331494284,0.107,0.197,1
"RPUSD2",0.127800790146851,0.921881878865976,0.179,0.07,1
"NFX1",0.0605392447980487,-0.921777614555732,0.143,0.324,1
"SKIC8",0.566723492605191,0.921629896498096,0.179,0.141,1
"SRSF9",0.0364066648038511,-0.921341788204534,0.357,0.592,1
"ZNF765",0.26199091408315,-0.921221939981768,0.036,0.113,1
"EIF3B",0.127594221669784,0.920449258228078,0.429,0.254,1
"INTS6",0.0448999873968701,0.920319344481048,0.429,0.211,1
"TRIP12",0.139175258505082,-0.919429131176566,0.214,0.352,1
"LPAR2",0.685435193094722,0.919414045185315,0.107,0.085,1
"CHD3",0.145417520413953,-0.919262070769984,0.179,0.31,1
"ZNF827",0.376704152126371,0.918684299455718,0.143,0.085,1
"ENOX2",0.489662544900588,-0.918166612951643,0.071,0.113,1
"NDUFV3",0.176127043670158,0.917739015656621,0.179,0.085,1
"FKBP5",0.318144798364308,0.916581220162023,0.286,0.197,1
"SECISBP2",0.10582310033139,0.915076919915717,0.357,0.197,1
"GNPTG",0.287271528847319,-0.914527608984288,0.107,0.197,1
"CCDC6",0.18937767806393,0.912948368116186,0.25,0.141,1
"GRPEL1",0.233982446901655,0.912449672318278,0.286,0.183,1
"DCAF16",0.210169960852828,0.912028460658322,0.179,0.085,1
"POM121C",0.26061093700029,-0.911085897936525,0.143,0.239,1
"KAT7",0.0790324438143597,-0.911070441774995,0.107,0.268,1
"TNS2-AS1",0.232895148715674,0.910817284045046,0.107,0.042,1
"DRG2",0.269033301005761,-0.910650043242258,0.071,0.155,1
"CCDC18-AS1",0.48464273049409,0.910512079529648,0.179,0.127,1
"HADHB",0.0746275208227799,0.910153121306429,0.393,0.225,1
"TYK2",0.143356803488897,0.909794051192298,0.179,0.07,1
"MHENCR",0.411097692418863,-0.90948523088695,0.107,0.169,1
"PCMT1",0.112212366627639,-0.909179391383791,0.214,0.38,1
"TXNDC16",0.401371675008047,0.909023530370453,0.107,0.056,1
"DNAJC24",0.876035066995972,0.90870082587671,0.107,0.099,1
"ZNF324",0.255422495198173,-0.908102657159587,0.036,0.113,1
"FRG1",0.242250990017181,0.907921193614364,0.357,0.225,1
"INTS14",0.214428268436799,0.907781814530229,0.25,0.141,1
"ZNF581",0.277927871566639,-0.907716890129042,0.107,0.183,1
"NUP35",0.391634589216643,0.907366122193017,0.107,0.056,1
"AGPAT3",0.0821074087964002,-0.90714743976183,0.071,0.225,1
"MDN1",0.459921246202202,0.905784430416755,0.214,0.155,1
"ARHGAP25",0.107638404695208,-0.905158837555848,0.357,0.479,1
"DNAJC9",0.22159577045342,-0.905053261419153,0.214,0.324,1
"DMWD",0.230546276296976,-0.904789124012149,0.071,0.169,1
"PHF1",0.0509013199571376,0.90410458547285,0.393,0.211,1
"MAPK1IP1L",0.0112840820354545,0.903468358425972,0.643,0.38,1
"SMARCB1",0.194764638061017,-0.903014199907848,0.143,0.268,1
"LRWD1",0.220726378961164,0.902808417795785,0.214,0.113,1
"PITPNA",0.267138742051094,0.902745173250735,0.321,0.225,1
"EXOG",0.205888495300038,-0.902725934907282,0.107,0.211,1
"MAPKAPK5-AS1",0.421081701905726,-0.902594300733927,0.071,0.127,1
"NFATC2IP",0.143215771032574,0.902323606289743,0.286,0.155,1
"KDM7A",0.0459387869242008,0.901714919416656,0.571,0.38,1
"AK2",0.101110997863195,0.901197544830375,0.321,0.155,1
"PSMD1",0.145174692523402,0.900833147688168,0.429,0.254,1
"AKTIP",0.292986884535084,0.900077490767512,0.143,0.07,1
"SLFN11",0.399688330148,-0.899998953198964,0.143,0.211,1
"CMSS1",0.246563471171882,0.899495768339509,0.429,0.338,1
"BICD2",0.381168793151149,-0.899072592420466,0.071,0.127,1
"PDE4DIP",0.245648632240189,0.898709370760132,0.25,0.155,1
"H2AJ",0.495112540603032,0.898352749155328,0.107,0.07,1
"PARP16",0.240335821215081,0.898175074049471,0.107,0.042,1
"OTUD1",0.526809220656548,0.897573894368522,0.107,0.07,1
"BAD",0.294431475165016,-0.896976865476241,0.071,0.141,1
"POLR2B",0.0973985184413538,-0.896655987964501,0.179,0.324,1
"GAB3",0.137844770119606,-0.896230517522374,0.071,0.211,1
"CPOX",0.396847274956904,-0.896026024208568,0.071,0.127,1
"ECI1",0.453166189663097,-0.895564816067367,0.107,0.155,1
"SNRNP40",0.060540537775837,0.895512129325891,0.429,0.211,1
"TRAPPC3",0.128338208245368,-0.894973531987165,0.179,0.324,1
"ARMH4",0.255422495198173,-0.894879521415675,0.036,0.113,1
"MAP4K2",0.292986884535084,0.894370907810833,0.143,0.07,1
"EHD4",0.27948718673007,-0.894239633670641,0.143,0.239,1
"RBM22",0.106611789644994,0.89385442961157,0.357,0.211,1
"FNTA",0.138233585059995,0.892972538381627,0.429,0.282,1
"CLK3",0.0530843807996838,0.892502840220712,0.5,0.31,1
"RDH11",0.213557302939303,-0.891773938257485,0.143,0.254,1
"U2SURP",0.0533037196770982,0.89176015738638,0.429,0.268,1
"USP1",0.177692735683998,0.891736918350822,0.25,0.141,1
"SLC66A3",0.401371675008047,0.891500773564064,0.107,0.056,1
"MLX",0.329123324234576,0.891239702356464,0.214,0.141,1
"FCHO1",0.525182468376095,-0.891237876694076,0.107,0.141,1
"SLC10A3",0.543669061383165,0.890912005001473,0.286,0.254,1
"ALG13",0.380980455914233,-0.890482932260277,0.143,0.211,1
"CLPTM1L",0.210091754254489,-0.890238374114495,0.107,0.197,1
"PDCD5",0.17169659780835,-0.890153911658606,0.179,0.31,1
"CGRRF1",0.276695129006747,-0.8898875847177,0.107,0.197,1
"SNAPIN",0.361056048292342,0.889882927782912,0.179,0.113,1
"SFSWAP",0.134777082381474,-0.889702861934518,0.179,0.31,1
"GNB1",0.0523716355948092,-0.889136826262762,0.464,0.592,1
"PLXNA3",0.272060772848618,0.88908274313726,0.143,0.07,1
"FTSJ3",0.375143185977523,0.888596778301439,0.179,0.113,1
"DCTPP1",0.67402038408824,0.888583437419705,0.107,0.085,1
"TSPYL2",0.00464845462383195,0.888168519874713,0.679,0.408,1
"THAP12",0.122731971773083,0.887868305699436,0.321,0.169,1
"ALYREF",0.0853650581483225,0.887027860158767,0.429,0.31,1
"PPP2R2B",0.596471851315234,-0.886553776792106,0.107,0.141,1
"TASP1",0.575291472878189,0.885441370505227,0.214,0.169,1
"MED13",0.467132289339035,0.885397335765334,0.214,0.155,1
"DCUN1D4",0.391634589216643,0.885304678019684,0.107,0.056,1
"ATP6V1F",0.0126267251288186,-0.884632845332602,0.393,0.592,1
"HEXIM1",0.190905967197002,0.883797938055155,0.321,0.183,1
"EPS15",0.350664241606326,0.883588091412808,0.393,0.352,1
"CNP",0.205034465458475,0.883341795551156,0.179,0.085,1
"FMR1",0.222941442543771,-0.882418157219736,0.107,0.211,1
"LARP4B",0.208825111207387,-0.882218350373939,0.25,0.338,1
"AMMECR1L",0.516129737128891,0.882143724632684,0.107,0.07,1
"ACTR6",0.280113931087955,-0.881942075891512,0.143,0.225,1
"REPS1",0.16884271115636,-0.881283240131304,0.071,0.197,1
"HLCS",0.381168793151149,-0.88122921654781,0.071,0.127,1
"NANS",0.45620596317968,-0.881193354659066,0.143,0.197,1
"ACP1",0.0683998567202262,0.880863730334223,0.393,0.225,1
"NBDY",0.120586650793959,0.880664040728843,0.429,0.254,1
"TMEM222",0.240668831057832,-0.880325928623554,0.071,0.169,1
"UBE2O",0.390075976639947,-0.880108339596626,0.179,0.239,1
"PPP1R7",0.17391955207257,0.880004759405514,0.25,0.141,1
"HIF1AN",0.537524212664966,-0.879959073771148,0.071,0.113,1
"PPP1CB",0.0129216598928488,0.879846698135916,0.607,0.338,1
"GADD45B",0.280310372186568,-0.879425639650483,0.393,0.507,1
"TESK1",0.388959951061129,-0.879152145635916,0.071,0.127,1
"SLC25A36",0.104361059599082,0.878541455819421,0.214,0.085,1
"TNFSF14",0.0951456195469927,-0.878162071858104,0.143,0.324,1
"ZNF614",0.401371675008047,0.877904219757999,0.107,0.056,1
"QDPR",0.499047785659909,-0.877656948836971,0.071,0.113,1
"RSRC1",0.347467427950785,0.877579986418644,0.214,0.141,1
"ADPRS",0.341281752125151,0.877537957227411,0.214,0.141,1
"DIDO1",0.039428379638711,0.877517517092846,0.357,0.155,1
"MPHOSPH6",0.34730543566737,0.87725756846708,0.179,0.113,1
"URB1",0.41125266396264,0.877061269332659,0.107,0.056,1
"WBP2",0.120073200917216,-0.877024764104144,0.214,0.352,1
"ANKS1A",0.266387302749955,-0.87675115467474,0.107,0.197,1
"BMAL1",0.445481286736357,0.87655780510047,0.179,0.127,1
"AOPEP",0.516129737128891,0.876538177777557,0.107,0.07,1
"ATF6B",0.21131776329211,-0.876422799842429,0.143,0.239,1
"RAVER1",0.368057656610352,0.876248773404603,0.179,0.113,1
"DENND1A",0.376704152126371,0.876087699721503,0.143,0.085,1
"MTF1",0.307235852765094,-0.876059735026251,0.071,0.141,1
"CD99",0.000713991669638505,-0.875467839032901,0.536,0.887,1
"FAAP20",0.188725055672756,0.875044148819763,0.214,0.113,1
"TES",0.0193363877507699,0.874467581269723,0.679,0.423,1
"GNGT2",0.143551910751271,0.874415683527502,0.214,0.099,1
"CAPN1",0.140152186473384,0.873955666266422,0.286,0.155,1
"BCAS2",0.0237024358216829,0.873868665299813,0.571,0.338,1
"SNRNP27",0.323150699449005,-0.87368222922302,0.107,0.183,1
"SAMD9",0.34952308842316,-0.873637828434276,0.25,0.338,1
"SETD1B",0.109606956175701,0.872206423782999,0.286,0.141,1
"PTTG1IP",0.489662544900588,-0.871976261514862,0.071,0.113,1
"PRDM1",0.230546276296976,-0.871899182921522,0.071,0.169,1
"SAP30",0.34782939112605,-0.87179996267485,0.071,0.141,1
"BTF3L4",0.11720114200953,0.871484096165974,0.286,0.127,1
"TRIM39",0.646144388461559,0.871403387384182,0.143,0.113,1
"ZFP64",0.537600387779659,0.871039415028991,0.107,0.07,1
"CARD19",0.392954573775641,0.870732773745825,0.143,0.085,1
"RASSF3",0.225131990473195,0.87061176669347,0.286,0.169,1
"ABR",0.280669114481459,-0.870456866603008,0.071,0.155,1
"EPC2",0.18663760885288,0.87039611601743,0.286,0.183,1
"LTN1",0.404319017941478,0.869634465078419,0.179,0.113,1
"DAXX",0.216774880297739,0.869099654853817,0.286,0.169,1
"HTATSF1",0.200241469257123,0.868216059081561,0.321,0.197,1
"FXR2",0.396847274956904,-0.86801604149224,0.071,0.127,1
"STK40",0.0770791897962288,-0.867665220746706,0.143,0.324,1
"UCK2",0.41125266396264,0.867640288149728,0.107,0.056,1
"NAA20",0.101437654891754,0.867129762966736,0.357,0.197,1
"STXBP5",0.220726378961164,-0.866958652202855,0.071,0.169,1
"KDELR1",0.088873328415134,0.866854896738104,0.393,0.211,1
"SRP68",0.306240959156598,0.866673225946438,0.286,0.239,1
"PPIG",0.141171748895087,-0.866320768405035,0.286,0.408,1
"THADA",0.199990815397333,0.866256701966722,0.179,0.085,1
"CUTC",0.329123324234576,0.866153452193561,0.214,0.141,1
"YTHDC2",0.230546276296976,-0.86606292980804,0.071,0.169,1
"CTSA",0.0670908105112811,0.86602805509471,0.357,0.169,1
"ZNF787",0.537600387779659,0.865944577377653,0.107,0.07,1
"TRAF1",0.435628934694255,0.865943441401593,0.357,0.296,1
"SNX5",0.0584506490742969,-0.865211250909846,0.143,0.338,1
"GCLC",0.607289800506229,0.865183742396777,0.143,0.113,1
"TIMM23B",0.210095019429612,0.864974085803932,0.25,0.141,1
"CDK10",0.265318519251598,0.864900742083081,0.143,0.07,1
"TMTC3",0.391634589216643,0.864011068325816,0.107,0.056,1
"JAGN1",0.134351785743163,0.863849221978837,0.25,0.127,1
"EWSR1",0.0320793678757656,-0.863831795413195,0.357,0.634,1
"RYBP",0.184448117640192,0.863581700260964,0.214,0.113,1
"ZNHIT1",0.180698391890033,-0.863566467399493,0.143,0.268,1
"GNB5",0.401371675008047,0.863502682621265,0.107,0.056,1
"MTHFD1L",0.526809220656548,0.863332881614534,0.107,0.07,1
"GARRE1",0.517043975636083,0.863318480437619,0.143,0.099,1
"IGFBP3",0.0393038456000867,0.863055561758344,0.107,0.014,1
"PCMTD1",0.130046976762798,0.862857651764945,0.357,0.197,1
"NOC3L",0.526809220656548,0.862655896610849,0.107,0.07,1
"TMEM50A",0.00287912076425424,-0.862559423297467,0.714,0.803,1
"ATF2",0.0607632768315089,0.86236773920283,0.464,0.268,1
"PRELID3B",0.178994561152832,0.861908606620506,0.321,0.197,1
"ZMYM5",0.418222157848856,-0.861617544461422,0.107,0.169,1
"IER3IP1",0.12522399993774,-0.861552396384248,0.214,0.338,1
"EXOC4",0.207771387563014,0.861389074707804,0.357,0.225,1
"APPL2",0.548501460374699,0.860912836988242,0.107,0.07,1
"TOMM22",0.142340788937575,0.86025769316148,0.5,0.352,1
"PFDN1",0.114088060238255,0.859879487586582,0.357,0.183,1
"GIT1",0.535633624996193,0.859745304182979,0.143,0.099,1
"DAZAP2",0.00100561847283421,0.859698990164947,0.929,0.718,1
"DNAJB12",0.298755265136415,-0.859647982489395,0.071,0.155,1
"PLCB1",0.499047785659909,-0.858759003287878,0.071,0.113,1
"LYSMD2",0.252869684968501,0.858459238598186,0.393,0.282,1
"CCNH",0.0381512584501273,0.858126442070642,0.571,0.38,1
"NPHP3",0.25246348764595,0.85750423377267,0.179,0.099,1
"DOCK11",0.356889222172989,-0.857012014677466,0.143,0.211,1
"UTP11",0.60568404972763,-0.85683418259217,0.107,0.141,1
"CHN2",0.307522914229674,0.856710450796823,0.143,0.07,1
"AGAP2",0.542588669111735,-0.856691795600629,0.107,0.141,1
"PAG1",0.181277340812997,-0.856055339055853,0.25,0.394,1
"SNAP29",0.158617796316901,-0.855839360109877,0.036,0.141,1
"CCDC88C",0.0268578674296842,0.855585883011721,0.429,0.211,1
"ASCC1",0.372595372887642,0.855537836886053,0.107,0.056,1
"AZI2",0.376570220418634,-0.855202236672783,0.107,0.169,1
"ASAP1",0.357005594842536,0.85489710124598,0.321,0.254,1
"ABT1",0.0517120647088808,-0.854818772680699,0.214,0.437,1
"WDR13",0.480373138163636,-0.854773578125755,0.071,0.113,1
"COQ10A",0.412908648838516,-0.854629228135287,0.071,0.127,1
"COMMD7",0.391634589216643,0.854256998362484,0.107,0.056,1
"PTPN2",0.100463440240827,0.85415391755091,0.393,0.254,1
"UBE4B",0.24704547333084,-0.853999709284903,0.143,0.239,1
"ENSG00000290537",0.074800255281194,-0.853974448346561,0.179,0.38,1
"RAPGEF1",0.103558059011321,0.853486422804443,0.464,0.31,1
"MRNIP",0.247942438436436,0.853394932931816,0.107,0.042,1
"POLD3",0.102124322962771,0.853392365024572,0.143,0.042,1
"NCK2",0.117781121296344,0.852925817879575,0.321,0.183,1
"MTR",0.210706110142437,-0.852821951526352,0.071,0.183,1
"LRRC14",0.526809220656548,0.852800616999893,0.107,0.07,1
"SLC7A6OS",0.327123854201742,-0.852438045741084,0.071,0.141,1
"SNX27",0.391634589216643,0.851618707124665,0.107,0.056,1
"STARD4",0.272060772848618,0.851606912350304,0.143,0.07,1
"STAT6",0.567438731907268,0.850821124989436,0.214,0.169,1
"MIS18BP1",0.105763945108894,-0.850587819649161,0.107,0.268,1
"DHRSX",0.401236690510479,0.850547326764242,0.143,0.085,1
"MRPL9",0.17357177842624,0.849886287531662,0.393,0.296,1
"QTRT2",0.327123854201742,-0.849137383566493,0.071,0.141,1
"ERAL1",0.320403627069519,-0.848729310646178,0.071,0.141,1
"LMBR1",0.0878470190839043,0.848031021201343,0.464,0.268,1
"RNF14",0.361056048292342,0.847578494740607,0.179,0.113,1
"APPBP2",0.214428268436799,0.847140460324723,0.25,0.141,1
"BACH2",0.0178585228574088,0.847011829069508,0.643,0.366,1
"ZMIZ1",0.304206581143937,0.846983737077626,0.214,0.127,1
"PRPS2",0.401371675008047,0.846494832769019,0.107,0.056,1
"YAF2",0.202207595365965,-0.84629349598222,0.214,0.338,1
"DERL2",0.230580238858968,0.846248835951784,0.393,0.268,1
"UNC13D",0.499047785659909,-0.84589549481966,0.071,0.113,1
"UCHL5",0.445481286736357,-0.845628425014493,0.107,0.155,1
"FBXO38",0.260854509848047,0.84468807307768,0.286,0.169,1
"MRPL47",0.0611037294401875,0.843902977149615,0.429,0.225,1
"AKAP8L",0.44002707508486,-0.843689386946846,0.107,0.169,1
"IST1",0.303457359826713,0.843541689601204,0.357,0.268,1
"ARL5A",0.251511234354902,0.843511569905775,0.286,0.183,1
"CDK13",0.0505049065564679,0.843292220839974,0.571,0.338,1
"FRAT1",0.401236690510479,0.842522612135786,0.143,0.085,1
"CD27",0.334095534079314,-0.842152970371232,0.179,0.254,1
"AUTS2",0.0750700701209309,-0.841953634342421,0.536,0.634,1
"PGD",0.229738875881387,-0.841898760247698,0.143,0.239,1
"P2RY10",0.0837113981652004,-0.841880934115889,0.214,0.394,1
"SPOCK2",0.0506108399250973,0.841815471993483,0.714,0.479,1
"ACAP1",0.673220483687571,0.841725009699144,0.179,0.239,1
"HAUS2",0.143922879089026,0.841688447017456,0.286,0.141,1
"KDM3A",0.603061819258869,-0.840746392368174,0.179,0.197,1
"C1orf131",0.368057656610352,0.840716646311026,0.179,0.113,1
"POLR3A",0.472074682980456,0.840684234438733,0.143,0.099,1
"RBMX2",0.206564748235564,0.839906043580536,0.214,0.113,1
"CNST",0.331475171007998,0.839781473899292,0.286,0.211,1
"HSD17B11",0.174175701321129,-0.839452538216643,0.143,0.282,1
"ZC3HAV1",0.183337118728494,0.839103252931126,0.464,0.366,1
"METTL13",0.526809220656548,0.838873686577646,0.107,0.07,1
"ENSG00000269968",0.109606956175701,-0.83835013120256,0.071,0.225,1
"NAA60",0.146938258326664,-0.837533968821011,0.179,0.296,1
"UQCC4",0.559510582516672,0.836877089894336,0.107,0.07,1
"GOLGA4",0.0518830444822838,-0.836691126239638,0.393,0.521,1
"CFAP298",0.274048986854597,0.836159146688106,0.357,0.282,1
"EMC2",0.230546276296976,0.835157875558103,0.214,0.113,1
"SLC35D2",0.396847274956904,-0.834921658627838,0.071,0.127,1
"ATG7",0.34782939112605,-0.834855731502366,0.071,0.141,1
"TMOD2",0.548501460374699,0.834784906684071,0.107,0.07,1
"MT-ND5",0.000123990834814197,-0.834095496189957,0.964,0.972,1
"IER5L",0.155992530820591,-0.833720084215249,0.25,0.394,1
"CLINT1",0.17873518452366,0.833682558066264,0.393,0.239,1
"NAAA",0.391634589216643,0.83352411638057,0.107,0.056,1
"USP18",0.264004671779335,0.833266486604563,0.179,0.099,1
"CTU2",0.459921246202202,0.832646163567478,0.214,0.155,1
"FLOT2",0.311235811462066,-0.832010892052669,0.071,0.155,1
"AARS1",0.379455907971736,0.83175060383674,0.214,0.141,1
"ANKRD13D",0.393536389453183,0.831042009884376,0.286,0.183,1
"SQOR",0.508415099594449,0.830571293237271,0.214,0.183,1
"MTOR",0.708479239788243,0.829747115124808,0.107,0.085,1
"MRPL2",0.329123324234576,-0.829116949935538,0.107,0.183,1
"PPP4R3A",0.108358411000871,-0.828892006585657,0.286,0.408,1
"LIMS1",0.152385296402806,-0.828174007494521,0.179,0.31,1
"CARD8",0.205800839123573,-0.827700200740303,0.143,0.254,1
"AHNAK",0.0888699885381761,-0.827572983041916,0.714,0.718,1
"ZNF641",0.548501460374699,0.827214673718117,0.107,0.07,1
"TTC33",0.245648632240189,-0.827147049771998,0.107,0.211,1
"MAML2",0.44211378016683,-0.827117458598745,0.214,0.268,1
"QPCTL",0.498794176630986,0.827053880428158,0.143,0.099,1
"ERO1B",0.256443313197992,-0.826903683519697,0.071,0.169,1
"PDLIM1",0.392954573775641,0.826678999635273,0.143,0.085,1
"DARS1",0.220738255168655,0.8265236299118,0.321,0.211,1
"SLC52A2",0.384776906049533,0.82650869083462,0.143,0.085,1
"STRADA",0.559510582516672,0.825508543101791,0.107,0.07,1
"WARS1",0.450542824839273,0.825264034580637,0.179,0.113,1
"ANKFY1",0.139337900067408,0.825028255417167,0.179,0.07,1
"LEMD3",0.24169570149374,-0.824968628756149,0.179,0.282,1
"MIDN",0.177809195148356,0.824692611293653,0.429,0.296,1
"ATAD2B",0.248140676077456,0.823183790338566,0.321,0.197,1
"MRPL10",0.0497219411986296,0.822733205720399,0.429,0.197,1
"DCP2",0.184209021396249,-0.822549379786238,0.143,0.282,1
"MIGA1",0.220726378961164,-0.822081042089411,0.071,0.169,1
"APOBEC3G",0.0152057069916765,-0.822076747726364,0.679,0.93,1
"PPT1",0.194663972226985,0.821453655181527,0.321,0.211,1
"FBXW5",0.285076038360933,-0.820717864301232,0.143,0.225,1
"RASGEF1B",0.558366576380431,-0.820645928312779,0.143,0.183,1
"EXOSC10",0.232647898393411,0.820443111377061,0.321,0.211,1
"CHCHD3",0.06526974308764,0.820400430308019,0.393,0.239,1
"ZNF280D",0.28589466642448,0.819834536887452,0.143,0.07,1
"GLUL",0.131560948279247,0.819794443451784,0.179,0.07,1
"HMCES",0.280113931087955,-0.819658807555585,0.143,0.225,1
"TMCO1",0.117725883338544,0.819483010290232,0.464,0.296,1
"MFSD9",0.391634589216643,0.819467991761821,0.107,0.056,1
"SAT1",0.075327141546423,0.818772656780182,0.679,0.535,1
"RNF166",0.27041620069309,0.818480714307989,0.393,0.31,1
"CARHSP1",0.164466372321037,-0.818347043988689,0.179,0.296,1
"KANSL1",0.0315471196956069,-0.818176292345088,0.393,0.592,1
"PDS5B",0.269930303447549,0.817623802649875,0.25,0.155,1
"TNPO1",0.169442416642452,-0.817322459409158,0.179,0.324,1
"CWF19L2",0.267138742051094,-0.816938234031346,0.179,0.282,1
"FUNDC2",0.173071399601721,0.816221666447391,0.393,0.254,1
"NCOA1",0.145209948492931,-0.816003094290303,0.393,0.535,1
"TMEM65",0.401236690510479,0.815886232066434,0.143,0.085,1
"CHURC1",0.196355245662521,0.815283095754445,0.5,0.408,1
"NIT1",0.180329229365357,0.815118363346091,0.143,0.056,1
"CHORDC1",0.970687454201389,0.815063614031988,0.214,0.239,1
"AFG3L2",0.0973734641039259,0.815027534570564,0.286,0.141,1
"GALNT3",0.412908648838516,-0.814882733969041,0.071,0.127,1
"TNRC6B",0.0434829006510233,-0.814738626734292,0.429,0.577,1
"TIFA",0.139337900067408,0.81452090648014,0.179,0.07,1
"CDC42",0.000520395521925776,0.814067976913845,0.893,0.746,1
"TRMT1",0.444194061494155,0.813881395097327,0.143,0.085,1
"MED31",0.160320455530293,0.813655074036206,0.321,0.183,1
"SNF8",0.319839662038404,0.813222012065034,0.25,0.169,1
"HAUS3",0.192781180091177,0.812676064443105,0.357,0.239,1
"GPN2",0.225594273726843,0.812577378192072,0.214,0.113,1
"FBXL6",0.304953169807858,-0.812353540471032,0.071,0.155,1
"R3HDM4",0.0155333843646258,0.812168207025229,0.643,0.408,1
"SRSF3",0.0673591487229869,0.812150735544584,0.679,0.465,1
"ZNF460",0.696093738845768,0.812100577479888,0.143,0.113,1
"PMEPA1",0.36795225861574,0.812034620087517,0.393,0.338,1
"SCP2",0.110357601753475,0.81185417326948,0.357,0.197,1
"ZER1",0.314892955658333,-0.811326521545313,0.107,0.197,1
"SLC66A2",0.425418811807272,-0.810644284817764,0.107,0.169,1
"PPP6C",0.0402221559372728,-0.810609901722468,0.179,0.437,1
"NOP58",0.146086607648351,0.810239593312364,0.607,0.423,1
"MINK1",0.45620596317968,-0.810190733645645,0.143,0.197,1
"RFX1",0.39599101897647,-0.809827746105178,0.179,0.239,1
"VAV3",0.836443714925414,-0.809479639000648,0.357,0.338,1
"CRTC3",0.422877500341335,0.809468890917072,0.179,0.127,1
"GIMAP7",0.126648341556477,0.809416150425126,0.679,0.577,1
"USP39",0.272848191738782,0.809353355908993,0.25,0.169,1
"SKAP1",0.528192492744573,-0.808705400427281,0.25,0.296,1
"NKAP",0.326905843828922,-0.808704566765308,0.143,0.225,1
"HNRNPH3",0.2087933078709,0.808450051334167,0.536,0.479,1
"TTC27",0.401236690510479,0.808377576649103,0.143,0.085,1
"TMEM223",0.499047785659909,-0.808162036471793,0.071,0.113,1
"PPIP5K2",0.275834614486587,0.808068736919737,0.214,0.127,1
"ACTR10",0.211416596811371,-0.807741463362488,0.179,0.296,1
"XPO4",0.208643351945081,0.807365771649153,0.286,0.169,1
"VPS13C",0.0381300124123904,0.8070450868132,0.536,0.282,1
"ANAPC7",0.516129737128891,0.806661825604912,0.107,0.07,1
"SHC1",0.537600387779659,0.806459403942865,0.107,0.07,1
"TMEM140",0.26199091408315,-0.805647257242016,0.036,0.113,1
"PITRM1",0.361056048292342,0.805518211580278,0.179,0.113,1
"TTC13",0.525598164784724,-0.8054949842275,0.107,0.155,1
"CD8B",0.0193489930223387,0.805401673615671,0.857,0.845,1
"SART1",0.201619387446525,0.805015185547258,0.25,0.141,1
"LINC01145",0.396847274956904,-0.804990979169266,0.071,0.127,1
"OPA1",0.271507713153402,-0.804450114000701,0.107,0.197,1
"MPLKIP",0.366617222627271,-0.804361945337937,0.143,0.225,1
"SLC30A1",0.294431475165016,0.803915206571485,0.179,0.099,1
"IFT25",0.271507713153402,-0.80390726567786,0.107,0.197,1
"EXOC2",0.245648632240189,-0.803608357734242,0.107,0.211,1
"HEXD",0.743545447681315,0.803576229888052,0.107,0.085,1
"NORAD",0.203954633483269,0.803453060576119,0.321,0.197,1
"ZBTB4",0.59228919128773,0.80298626723463,0.179,0.141,1
"QKI",0.458210311390189,0.802759386689362,0.357,0.296,1
"RDH14",0.212681052567219,0.801109101781401,0.286,0.169,1
"PTPN1",0.313545080207171,0.800767743544267,0.357,0.282,1
"TRMO",0.193048058828595,0.799823592747082,0.286,0.169,1
"NEU1",0.019154900260131,-0.799086127019603,0.214,0.493,1
"HSP90AB1",0.0391240972103716,0.798911512193091,0.929,0.958,1
"SRSF6",0.428333550302008,0.798553133020519,0.25,0.183,1
"HMGA1",0.17907800194847,0.798218218466441,0.464,0.324,1
"NSL1",0.32212898129215,0.798144524093258,0.214,0.127,1
"PML",0.452772933517596,-0.797749912363256,0.143,0.183,1
"JMJD6",0.244571768225526,0.79769345012788,0.5,0.465,1
"HAUS6",0.517043975636083,0.796829583655527,0.143,0.099,1
"RBBP9",0.33800379048906,0.79639021233127,0.143,0.07,1
"NDUFB1",0.0757347311238057,0.796376648458089,0.25,0.099,1
"RNF13",0.205800839123573,-0.796179918728809,0.143,0.254,1
"TUBA1B-AS1",0.526809220656548,0.795973981850755,0.107,0.07,1
"PTPA",0.468758259144325,-0.795756033636364,0.107,0.155,1
"ANTKMT",0.333934941814358,-0.795622935039054,0.071,0.141,1
"TRIM24",0.832434779066007,0.794895149196167,0.143,0.141,1
"MRPL45",0.272060772848618,0.794730049396493,0.143,0.07,1
"MFNG",0.537600387779659,0.794529745467187,0.107,0.07,1
"UBE4A",0.157662028562308,0.794526041457899,0.321,0.169,1
"ANKRD54",0.313774293637495,0.79439371371692,0.179,0.099,1
"THOC1",0.180384627260853,0.793675844658117,0.286,0.155,1
"SF3A2",0.101464878544369,-0.793243590868088,0.214,0.394,1
"NDUFB6",0.185137680385932,-0.793201715924403,0.179,0.324,1
"ZNF160",0.329123324234576,-0.7930836982472,0.107,0.183,1
"FAM76B",0.323150699449005,-0.792573528104764,0.107,0.183,1
"SEC22A",0.498794176630986,0.792482366410978,0.143,0.099,1
"TEX264",0.286613351634821,-0.791962680801843,0.071,0.155,1
"XPA",0.233982446901655,-0.791758472948998,0.143,0.239,1
"STAT1",0.512879341842429,0.791698164482594,0.357,0.282,1
"RBMX",0.170154046066311,0.791346230512022,0.429,0.31,1
"ODC1",0.0273582246731638,0.791203148856111,0.643,0.366,1
"PDE7A",0.13119555517112,0.790999333100603,0.536,0.352,1
"CRTAM",0.576121910568239,-0.790954350749357,0.357,0.38,1
"HYOU1",0.679891864513773,0.790946212941158,0.214,0.183,1
"ARPC4",0.0976927335275909,0.790342239330677,0.5,0.282,1
"ZFAND5",0.0828464287384354,0.789792340594546,0.429,0.239,1
"ACOX1",0.412908648838516,-0.789384452595975,0.071,0.127,1
"FN3KRP",0.351019708397483,-0.78923791393981,0.143,0.211,1
"MON2",0.0990978668587237,0.788713135052517,0.393,0.197,1
"ZNF580",0.570625821209228,0.788147076402967,0.107,0.07,1
"TMEM170A",0.187754222169026,-0.787808382633654,0.179,0.31,1
"ACTG1",0.709172832493808,-0.787783844862771,0.964,0.93,1
"HM13",0.170154046066311,-0.787125441666934,0.25,0.38,1
"ADH5",0.215709146578729,0.787050680885583,0.393,0.225,1
"TAPBP",0.0803352975824646,-0.786979847594861,0.429,0.577,1
"WASHC2A",0.313667920418826,-0.786890699514709,0.179,0.268,1
"GPBP1",0.167409854562949,0.786775167544343,0.571,0.423,1
"GTF3A",0.103153079347459,-0.786382171124177,0.286,0.465,1
"ZNF583",0.42934892667148,-0.786142384642054,0.071,0.127,1
"ATP6V1H",0.142287968430208,0.785945779421335,0.321,0.169,1
"SGF29",0.42934892667148,-0.785930487694966,0.071,0.127,1
"MED19",0.220726378961164,0.785843693373016,0.214,0.113,1
"MTERF4",0.446755860197305,0.785829930774124,0.25,0.197,1
"INO80C",0.283332491985148,-0.785625636022274,0.107,0.183,1
"CORO7",0.0865567660360323,0.785086042855947,0.5,0.352,1
"NNT",0.594618268116743,0.784976251296,0.107,0.155,1
"TTI1",0.390160993855375,-0.784576497188732,0.107,0.169,1
"SHPRH",0.265245190361661,-0.784344543832091,0.143,0.239,1
"ERGIC1",0.299272016327598,0.784212419165911,0.286,0.183,1
"ZDHHC4",0.401371675008047,0.783700773115227,0.107,0.056,1
"SLC35F6",0.247942438436436,0.783679607833874,0.107,0.042,1
"MSTO1",0.421276618615178,0.783638752935691,0.107,0.056,1
"VAPB",0.985095595170625,0.783098628048836,0.143,0.155,1
"CEBPG",0.351019708397483,-0.782093716174993,0.143,0.211,1
"BRD1",0.446556053979339,0.781288889997926,0.286,0.211,1
"THOC2",0.203868163561056,-0.780938791590853,0.214,0.324,1
"CLASRP",0.19874983790606,-0.780182787979532,0.036,0.127,1
"RBM4",0.0784290744529459,-0.779650519310872,0.321,0.479,1
"ZFAND2B",0.321469385673636,-0.779160919724565,0.143,0.225,1
"ASF1A",0.0960978016885752,0.778745663606137,0.357,0.183,1
"NR4A3",0.484347002329775,-0.778650892600001,0.179,0.239,1
"NT5C3B",0.489662544900588,-0.778639041595443,0.071,0.113,1
"IL6ST",0.252181571602081,0.77796650067476,0.143,0.07,1
"BNIP3",0.537600387779659,0.777638871001245,0.107,0.07,1
"SUCLA2",0.285076038360933,-0.777329348910961,0.143,0.225,1
"SNHG16",0.160199163142391,0.777315471560717,0.5,0.366,1
"MVB12A",0.255715957450126,0.776976723531845,0.107,0.042,1
"CAPZB",0.039265051840922,-0.77634033597988,0.464,0.62,1
"MFAP1",0.229313525363033,-0.776275941362407,0.143,0.268,1
"DENND1B",0.384214964666389,-0.775886103215827,0.179,0.239,1
"PRDX5",0.0808690503036671,-0.775492789461794,0.357,0.577,1
"XPO6",0.548501460374699,0.775370677985375,0.107,0.07,1
"ENSG00000291181",0.292986884535084,0.774656372941684,0.143,0.07,1
"FBXW4",0.589567906753693,-0.774463962754571,0.143,0.169,1
"AIDA",0.449253074477815,-0.77435468263826,0.143,0.197,1
"SNHG8",0.474597357028712,0.773900189067614,0.321,0.282,1
"UMAD1",0.390160993855375,-0.773435425671569,0.107,0.169,1
"PSME4",0.22735831054261,-0.772714450836888,0.107,0.211,1
"ISOC1",0.597741487383043,0.772558756395934,0.143,0.113,1
"ENSG00000287263",0.484614226655071,-0.771959159220449,0.143,0.197,1
"ABCF3",0.20346363271593,0.77170558187117,0.286,0.155,1
"APBB1IP",0.0716131172542934,0.771248299509271,0.679,0.549,1
"GMPS",0.434811663271676,0.771133702886286,0.179,0.113,1
"NOSIP",0.227604182302149,0.771076404902726,0.393,0.324,1
"KDM4A",0.310105667565702,0.770847079377082,0.214,0.127,1
"COPS5",0.225131990473195,0.770759680185051,0.286,0.169,1
"RABGEF1",0.468758259144325,0.770638223664626,0.179,0.127,1
"AP1G1",0.108610014741254,0.770408415441766,0.393,0.225,1
"ORC5",0.269033301005761,-0.770261034616399,0.071,0.155,1
"POP7",0.39706677987939,-0.770152180031087,0.107,0.169,1
"FLOT1",0.430118029410762,0.769486389363301,0.286,0.239,1
"TBL1X",0.14633047533673,0.769160474854024,0.286,0.155,1
"MAP3K3",0.392954573775641,0.769115838493843,0.143,0.085,1
"BMPR2",0.229698423039711,-0.768706071595007,0.143,0.254,1
"ZNF592",0.261852168111406,-0.768639104988891,0.071,0.169,1
"WDR83OS",0.216257653407804,0.768156198596903,0.607,0.549,1
"PIK3R5",0.287013504121892,-0.768019167550519,0.214,0.296,1
"MED17",0.183763112576752,0.767984637754758,0.321,0.183,1
"NUBP1",0.391634589216643,0.767727644692691,0.107,0.056,1
"EXOC8",0.509006282732171,0.767602583178014,0.179,0.127,1
"SLC38A10",0.537600387779659,0.767405803961063,0.107,0.07,1
"C21orf91",0.225594273726843,0.767329477373984,0.214,0.113,1
"ACYP2",0.412908648838516,-0.767259822897063,0.071,0.127,1
"DCAF5",0.148175580582004,-0.767135551283737,0.179,0.31,1
"NAXE",0.432069058888675,-0.767019774238334,0.143,0.211,1
"NDE1",0.603237156810161,0.766963079478695,0.143,0.099,1
"RNMT",0.232162653931863,0.76688138167247,0.464,0.324,1
"ZSCAN32",0.41125266396264,0.766578244145844,0.107,0.056,1
"PIH1D1",0.320904954480981,-0.766509020760042,0.214,0.268,1
"MXI1",0.548501460374699,0.766118273552904,0.107,0.07,1
"C1orf122",0.36208600548932,-0.765949991677398,0.071,0.141,1
"ZNF142",0.518101300033471,-0.765914746372871,0.071,0.113,1
"TMEM71",0.210169960852828,0.765627429361867,0.179,0.085,1
"MBD5",0.238232356140071,0.765586404834045,0.357,0.225,1
"NRF1",0.256033001730404,-0.765276750243322,0.143,0.239,1
"YWHAE",0.261495026270314,-0.76497988953095,0.321,0.408,1
"TOMM70",0.0966694207431078,0.764966236882837,0.286,0.127,1
"STIP1",0.109343782803745,0.764703478149043,0.5,0.324,1
"C5orf15",0.280669114481459,-0.764486128960959,0.071,0.155,1
"TRADD",0.39706677987939,-0.764436996531191,0.107,0.169,1
"RPIA",0.281989816207216,0.764189865854738,0.179,0.099,1
"NIP7",0.134655324963328,0.764098744690743,0.286,0.141,1
"SNRK",0.0936400628746518,0.763815051678806,0.429,0.254,1
"MEI1",0.220718910227171,0.763631238047539,0.179,0.085,1
"GALK2",0.418112149838619,0.762987817228117,0.143,0.085,1
"MFSD5",0.300788269419892,0.76285080350348,0.179,0.099,1
"HS2ST1",0.560277717185405,-0.762499644485509,0.107,0.141,1
"NGLY1",0.124458833123511,-0.761738571299751,0.179,0.338,1
"P4HA1",0.542462334198565,0.761630962504124,0.179,0.127,1
"PRR13",0.0148931823081186,0.761627068305181,0.75,0.62,1
"PHF14",0.813127269634335,0.761580596606171,0.179,0.155,1
"EMC4",0.354855009073617,0.761241931857647,0.464,0.366,1
"CIC",0.537600387779659,0.760946944935833,0.107,0.07,1
"SFMBT2",0.720626906566857,0.760062693197262,0.179,0.155,1
"MED7",0.392954573775641,0.759851562272312,0.143,0.085,1
"OPTN",0.0079951586034421,-0.759516558723443,0.464,0.746,1
"PRRC2A",0.328484688452327,-0.759326012311991,0.286,0.366,1
"XBP1",0.242905909911128,-0.75881625443979,0.286,0.394,1
"POLR2C",0.621694406163016,0.758493257735386,0.25,0.225,1
"ZNF106",0.266387302749955,-0.758362079311913,0.107,0.197,1
"MRPL28",0.471180616101927,-0.758175144466623,0.071,0.113,1
"RNF24",0.498794176630986,0.75813505915461,0.143,0.099,1
"AQP3",0.1698707813257,0.757998725011001,0.143,0.056,1
"GTF2IRD2B",0.316092307665494,-0.757773106410635,0.143,0.225,1
"C2orf49",0.60568404972763,-0.757215575294341,0.107,0.141,1
"MED14",0.35009722380726,-0.757170238431333,0.179,0.254,1
"S100A4",0.146961856769956,-0.756948452972144,0.643,0.69,1
"STX18",0.388959951061129,-0.756705064438597,0.071,0.127,1
"RASA2",0.142342376053545,0.756276115485578,0.5,0.352,1
"SEPTIN6",0.0762698584712673,0.756250831717027,0.571,0.38,1
"ANKRD40",0.292986884535084,0.755867613805613,0.143,0.07,1
"RAB35",0.341281752125151,-0.75552787047682,0.107,0.183,1
"WBP11",0.117725883338544,0.755434026199863,0.429,0.31,1
"MICA",0.435398513564973,0.755386828002265,0.143,0.085,1
"FIS1",0.23940285500885,-0.755298444108178,0.214,0.352,1
"ENSA",0.0338235108771589,-0.755090698784488,0.571,0.718,1
"PFKFB3",0.159309367605425,0.754959775262712,0.286,0.155,1
"GIPR",0.393391846095999,-0.754016453914476,0.143,0.211,1
"NDUFS2",0.253494576547797,-0.753879027881287,0.179,0.268,1
"WDR46",0.313516535787439,0.753012841668051,0.321,0.225,1
"RALGDS",0.0893713686231633,-0.752772954764509,0.536,0.577,1
"GOLGA8B",0.191258591578927,0.752112547765192,0.143,0.056,1
"MX1",0.155552667675019,0.752038494286207,0.357,0.211,1
"CEP192",0.527767206360908,-0.751432588476775,0.071,0.113,1
"ACTN4",0.057921263560577,-0.751328652540442,0.429,0.676,1
"ST8SIA4",0.528426609510678,0.75124081034103,0.25,0.197,1
"SAMSN1",0.0119207483299324,-0.751238390498578,0.679,0.859,1
"DNAJC7",0.384063386046305,-0.751181066070264,0.214,0.268,1
"PSMA4",0.623525220680297,0.750101032946586,0.286,0.225,1
"ACTB",0.312488878434222,-0.749980693654667,1,1,1
"SEMA4D",0.0591359369042893,0.74993689250984,0.571,0.366,1
"ZCCHC9",0.498794176630986,0.749925810404383,0.143,0.099,1
"RNF216P1",0.45620596317968,-0.749239563483589,0.143,0.197,1
"PSME3",0.269930303447549,0.748962832851713,0.25,0.155,1
"CSTPP1",0.453166189663097,0.748582029005787,0.179,0.127,1
"KDM4C",0.243745938267698,0.748101234594258,0.321,0.225,1
"ASAH1",0.333934941814358,-0.747793250502565,0.071,0.141,1
"EFTUD2",0.19228580303083,0.747632837422899,0.214,0.099,1
"MLLT1",0.66268013205145,0.746862830713731,0.107,0.085,1
"MGAT4A",0.0639359350972573,0.746360142204732,0.571,0.366,1
"GCH1",0.360051221728414,-0.745077064308897,0.107,0.183,1
"RPS6KC1",0.574373474528912,-0.744982468513253,0.143,0.183,1
"ENSG00000290928",0.646144388461559,0.744615410601429,0.143,0.113,1
"HSP90AA1",0.153384451473138,0.744293549741391,0.857,0.859,1
"MYO9B",0.21113940886104,-0.744228573233036,0.286,0.38,1
"WWC3",0.685435193094722,0.744207303166104,0.107,0.085,1
"KIAA0513",0.600927171484624,0.74343438203827,0.179,0.141,1
"COTL1",0.0334813063345853,0.743391385578326,0.786,0.521,1
"IDH3B",0.290097254447041,0.742783029628285,0.286,0.169,1
"USP9Y",0.336343463288117,0.742422266747022,0.357,0.268,1
"TYMP",0.379455907971736,-0.742102436293781,0.107,0.183,1
"CAPG",0.547371003895676,-0.741663153765916,0.071,0.113,1
"RPRD1B",0.386735650227403,0.741619866282236,0.214,0.127,1
"DNAJC5",0.0384002101900065,-0.741339202214924,0.071,0.268,1
"AFF4",0.0739390580779188,0.740347605822026,0.5,0.296,1
"PNRC2",0.0973603473399298,0.740151013281196,0.464,0.282,1
"DDX19A",0.480373138163636,-0.73968704968739,0.071,0.113,1
"AMBRA1",0.326274422183443,0.739588885758845,0.286,0.211,1
"OSBP",0.12113532324359,0.739338870205269,0.393,0.239,1
"WDFY2",0.256443313197992,-0.739099267242481,0.071,0.169,1
"SETX",0.258681037539845,0.738866565417519,0.357,0.254,1
"LCP2",0.0332979967164358,0.738277604835317,0.75,0.493,1
"GFPT1",0.0817067917163998,0.737874743112757,0.393,0.197,1
"SNAP23",0.474405596569247,0.737727844763575,0.214,0.155,1
"SAMD3",0.0332979967164358,-0.737489532060625,0.393,0.634,1
"HSPA13",0.269930303447549,0.737179178884487,0.25,0.155,1
"ENSG00000272256",0.489662544900588,-0.737089053128989,0.071,0.113,1
"ZNF574",0.304206581143937,0.736896107455447,0.214,0.127,1
"UBALD1",0.287271528847319,-0.736718212415803,0.107,0.197,1
"EEIG1",0.11460558175893,0.736395032324858,0.5,0.296,1
"ZSWIM6",0.68980034362291,0.735405027510257,0.357,0.338,1
"PPP1R12C",0.3549125106448,-0.734789820033667,0.071,0.141,1
"ARID4A",0.226886427926348,-0.734741621935352,0.214,0.338,1
"MARCHF8",0.441749166784275,0.734288730238618,0.107,0.056,1
"TARDBP",0.392742862525778,-0.734188901758156,0.107,0.183,1
"MBD2",0.255667681491125,-0.73378763511079,0.321,0.423,1
"FAM162A",0.269140010586522,0.732592025578735,0.286,0.197,1
"DDX1",0.281949692519385,-0.732525236296221,0.107,0.197,1
"SUCLG2",0.154741932411279,0.732319490240881,0.214,0.099,1
"PIK3C3",0.281359529051551,0.731977117673493,0.214,0.127,1
"ZCCHC17",0.186854131389601,0.731935829940433,0.357,0.225,1
"SHKBP1",0.211416596811371,0.731883711608115,0.357,0.225,1
"UCKL1",0.460925370506316,-0.731799123506942,0.107,0.155,1
"ETV6",0.376570220418634,-0.731647579865572,0.107,0.169,1
"DBI",0.0369352281545087,-0.731030508721741,0.429,0.606,1
"DEF6",0.276501297471791,0.730599968289904,0.429,0.296,1
"CNIH2",0.720626906566857,0.73052301037474,0.179,0.155,1
"STRAP",0.29236029137249,0.73037469943522,0.5,0.493,1
"SETD3",0.58576825496068,0.730116938676694,0.179,0.127,1
"TNRC6A",0.24699754838111,0.728146658442598,0.393,0.31,1
"NR2C1",0.409622739125259,0.72769462020659,0.143,0.085,1
"CBLL1",0.185421374652352,0.727549892640496,0.25,0.141,1
"TLNRD1",0.309233493489097,-0.727399475804596,0.107,0.197,1
"WDR48",0.218586323324836,-0.727252570507314,0.107,0.211,1
"GPS1",0.207717652997996,0.726996273692996,0.321,0.197,1
"TLK2",0.203954633483269,0.726922440073342,0.321,0.197,1
"SHMT2",0.458066025574289,-0.726882549533743,0.179,0.239,1
"VAMP8",0.248067062221015,-0.726817439214026,0.25,0.352,1
"PPP2R2D",0.146857011657388,-0.726532610010499,0.143,0.296,1
"COG6",0.275904652244592,0.726169043432058,0.179,0.099,1
"HSF1",0.329283202203401,-0.7261130697804,0.214,0.296,1
"GBP4",0.229433081064241,0.725533782512466,0.429,0.282,1
"MTO1",0.67402038408824,0.725414715337626,0.107,0.085,1
"SLC39A10",0.409622739125259,0.725217934953173,0.143,0.085,1
"USP15",0.100596348511258,0.725136066779901,0.607,0.549,1
"MRPL21",0.333469723731672,-0.724901883427832,0.179,0.282,1
"HNRNPLL",0.437342874648536,0.724873538508487,0.464,0.451,1
"UGCG",0.327123854201742,0.724786124071688,0.179,0.099,1
"RFXAP",0.559510582516672,0.724357040768917,0.107,0.07,1
"NF2",0.899507427134339,0.723471942742986,0.107,0.099,1
"ADD1",0.290504843185926,0.723423125271099,0.25,0.155,1
"KCTD20",0.285606335202027,-0.723287320581947,0.25,0.338,1
"TMEM131",0.591149194139713,0.72324106056117,0.214,0.169,1
"MRRF",0.548501460374699,0.723160387194484,0.107,0.07,1
"TRAPPC1",0.201363903702387,-0.722778570379331,0.321,0.423,1
"TDRD3",0.446163404647008,-0.722751603363406,0.071,0.127,1
"TRAF3",0.140864035815118,0.7221022947702,0.357,0.197,1
"NEPRO",0.303641664806744,-0.721971412282948,0.107,0.197,1
"CPSF7",0.232693192332859,0.721825745209465,0.357,0.239,1
"ECHS1",0.426704299941388,0.721719371587976,0.143,0.085,1
"EIF4EBP1",0.368991479730187,-0.72158960648106,0.214,0.282,1
"SPAG1",0.301281326343188,0.721224871754945,0.214,0.127,1
"TRANK1",0.277027089124667,-0.720244336011229,0.214,0.324,1
"GALNT7",0.548501460374699,0.720111831928852,0.107,0.07,1
"USB1",0.256443313197992,-0.719919165998199,0.071,0.169,1
"RBM12",0.492693024209359,-0.719725642708717,0.107,0.155,1
"MRPL36",0.470291631229042,-0.719681575682425,0.143,0.197,1
"ZNF407-AS1",0.26199091408315,-0.719643535400415,0.036,0.113,1
"SIMC1",0.559510582516672,0.719428959265981,0.107,0.07,1
"SERPINB8",0.518101300033471,-0.718682968365964,0.071,0.113,1
"UXS1",0.421081701905726,-0.718400135565315,0.071,0.127,1
"PPM1A",0.347467427950785,0.717859817834608,0.214,0.141,1
"MANF",0.270670017683438,-0.717842615059659,0.214,0.324,1
"ZNF394",0.876968668515491,0.717807992656446,0.214,0.225,1
"NCAPD3",0.48464273049409,-0.717669521043671,0.107,0.155,1
"NBPF19",0.489662544900588,-0.717572014366343,0.071,0.113,1
"ABI2",0.518101300033471,-0.717428995765696,0.071,0.113,1
"ATOSA",0.21244656885842,0.717330843515524,0.357,0.254,1
"PIGP",0.421276618615178,0.71705789033796,0.107,0.056,1
"SIRT1",0.633694801982743,-0.717051446208674,0.107,0.141,1
"SKIC2",0.314966984006257,0.716898701522549,0.143,0.07,1
"RNF168",0.0990643308096278,-0.716737961018329,0.25,0.465,1
"NDUFAF2",0.391678958365166,-0.71622842099354,0.071,0.141,1
"RSPH3",0.454709301773822,-0.715673807200246,0.071,0.127,1
"TMEM161B",0.330207461809078,0.715531616454564,0.143,0.07,1
"WHAMM",0.553979459413238,0.715423893567473,0.357,0.338,1
"TMEM208",0.297643559387117,-0.715279594028079,0.214,0.31,1
"ZYX",0.152362103294715,0.715277108388254,0.571,0.423,1
"TRAF7",0.404830332945968,-0.715156327978636,0.071,0.127,1
"REXO4",0.418222157848856,-0.715135270308761,0.107,0.169,1
"BAP1",0.559510582516672,0.715083447280278,0.107,0.07,1
"ZPR1",0.372655691689387,0.715003331573524,0.286,0.197,1
"FNIP1",0.144041925959438,0.714890203593111,0.357,0.211,1
"KPNB1",0.0928911753900176,0.714415610738179,0.607,0.423,1
"MT-ATP8",0.000213832830028349,-0.71321464916175,0.929,1,1
"ZFC3H1",0.32280708891291,0.713171936270192,0.357,0.282,1
"NBEAL2",0.655218850754191,0.712908088010467,0.214,0.183,1
"STAU1",0.0554518306681638,-0.712577397057,0.179,0.352,1
"ERC1",0.317281358169057,0.712339387058167,0.357,0.268,1
"ANP32A",0.227143896737865,0.712081301993285,0.357,0.254,1
"RRP8",0.255715957450126,0.711611899109068,0.107,0.042,1
"KLHDC3",0.376939917852434,0.711065573456032,0.286,0.225,1
"NCKAP1L",0.253318445279628,0.710823245986937,0.429,0.31,1
"YWHAH",0.1265897015447,-0.710749305030703,0.25,0.38,1
"COMMD5",0.472074682980456,0.710216111052728,0.143,0.099,1
"PRCP",0.935480963027,0.710185170778654,0.143,0.155,1
"TIMM22",0.525178749691858,-0.710044299710551,0.107,0.141,1
"LASP1",0.12077383672692,-0.709803001570676,0.321,0.451,1
"MT-CO3",0.000122073816844682,-0.709250474716079,1,1,1
"TBC1D9B",0.636033623829126,0.708409451666334,0.179,0.141,1
"GCN1",0.401371675008047,0.708207378741124,0.107,0.056,1
"ZFP36L1",0.041495727692194,-0.708163922976847,0.679,0.761,1
"CCDC82",0.425474040347432,-0.708104583815123,0.143,0.211,1
"GET4",0.511688267442204,0.707877154691061,0.214,0.155,1
"NAPG",0.852671247946544,0.707528577242069,0.107,0.099,1
"CARS2",0.391634589216643,0.707272436447788,0.107,0.056,1
"CARS1",0.575291472878189,0.707112405257804,0.214,0.169,1
"CLK1",0.0307503714501907,-0.707102110672352,0.286,0.521,1
"EPRS1",0.160516768368032,-0.706798790411439,0.179,0.324,1
"NDUFA12",0.531876969123142,0.706620793206142,0.357,0.324,1
"HCFC1R1",0.453166189663097,-0.706305556153653,0.107,0.155,1
"ZEB1",0.320903328793484,0.706249673703449,0.357,0.254,1
"PGAM5",0.548501460374699,0.70612560753909,0.107,0.07,1
"IFNGR1",0.216867236885983,-0.706042486502656,0.143,0.282,1
"ZBTB26",0.431442499925541,0.705616827642714,0.107,0.056,1
"CRTC2",0.326414831017335,-0.705267071990963,0.107,0.197,1
"ACTR8",0.401236690510479,0.705156293671405,0.143,0.085,1
"ABHD10",0.426704299941388,0.704972841648268,0.143,0.085,1
"NEK7",0.0962867441188546,-0.704664567278838,0.357,0.577,1
"DIAPH2",0.47821230510737,0.704628165663629,0.214,0.141,1
"ATP13A2",0.548501460374699,0.704535333437255,0.107,0.07,1
"SPRING1",0.421081701905726,-0.70415150322844,0.071,0.127,1
"PITPNM1",0.446163404647008,0.703746257047021,0.143,0.099,1
"FUT8",0.300788269419892,0.703569845292901,0.179,0.099,1
"DNAJC1",0.0321542739137815,-0.703322302602098,0.393,0.606,1
"ENSG00000290548",0.480373138163636,-0.703304170380648,0.071,0.113,1
"APTX",0.454918998144131,-0.703290799599811,0.107,0.169,1
"PNN",0.543096806697901,0.703197501021557,0.429,0.394,1
"KPNA3",0.33066196267925,0.702856412076385,0.286,0.183,1
"OSTM1",0.213456203630261,-0.702299676847515,0.143,0.268,1
"MEA1",0.253641431461024,0.702238737592719,0.393,0.268,1
"HLA-DQB1",0.102697852233687,-0.702060039614327,0.286,0.451,1
"GZMK",0.16884271115636,0.70064764753557,0.25,0.127,1
"DNAJC17",0.196902661696734,0.700424769308876,0.143,0.056,1
"NTAN1",0.335167026070302,-0.700363512843401,0.107,0.183,1
"MSL3",0.399138014880399,0.700090350625858,0.321,0.239,1
"LMNB1",0.607204941301628,0.6998730940891,0.214,0.169,1
"ZFP91",0.354977659631957,-0.699643209935763,0.143,0.225,1
"COX19",0.354138579221261,0.699410076255898,0.179,0.113,1
"ACTR5",0.548501460374699,0.699200251295476,0.107,0.07,1
"RNF169",0.570755105779659,0.698913674319072,0.25,0.225,1
"PPP6R1",0.289497335447552,-0.698765890261524,0.179,0.268,1
"NIBAN1",0.0139035896060284,-0.698347346131164,0.536,0.789,1
"EID1",0.150213613363005,-0.697974665839154,0.357,0.493,1
"MYADM",0.0317780419546395,-0.697736249012098,0.571,0.746,1
"SDHC",0.354426259379671,-0.697632272373543,0.214,0.296,1
"ACBD6",0.684660261224189,0.697565227232208,0.179,0.155,1
"HNRNPR",0.113659630577531,-0.697374777398327,0.286,0.465,1
"TOE1",0.281989816207216,0.696800669986997,0.179,0.099,1
"SPTBN1",0.0742250595961985,-0.696796683985292,0.357,0.535,1
"MT1E",0.0829504744906155,0.696353335239798,0.429,0.254,1
"MEAF6",0.0640080431136097,-0.696072971748083,0.357,0.535,1
"NDUFA2",0.314964231722396,-0.695624865191657,0.286,0.352,1
"TMEM60",0.426704299941388,0.695511946937002,0.143,0.085,1
"GAN",0.548501460374699,0.695464172246338,0.107,0.07,1
"CLIC3",0.615354023642908,0.695443727779947,0.321,0.282,1
"PNPLA8",0.38452475690776,-0.695307686885614,0.143,0.225,1
"GTF3C4",0.396847274956904,-0.694970310521462,0.071,0.127,1
"AHCYL1",0.420149010447153,0.694823229743555,0.214,0.141,1
"RNF111",0.123535264157263,0.694311549666699,0.393,0.225,1
"DDIT3",0.43866625735121,0.694163661123338,0.214,0.155,1
"PPID",0.254592149846766,-0.694103687995244,0.179,0.296,1
"APH1A",0.232526576814678,-0.693976942390277,0.321,0.408,1
"YTHDF3",0.570625821209228,0.693929430628222,0.107,0.07,1
"TIMM17A",0.298337559868921,0.693591743889302,0.25,0.169,1
"POLH",0.575291472878189,0.69358948756489,0.214,0.169,1
"TAB3",0.852671247946544,0.693507140575964,0.107,0.099,1
"ZSWIM7",0.313774293637495,0.693180344063139,0.179,0.099,1
"IL17RA",0.255422495198173,-0.693049792985935,0.036,0.113,1
"RAE1",0.145266929958458,-0.692860172331446,0.107,0.254,1
"TFPT",0.396847274956904,-0.692288574143569,0.071,0.127,1
"PA2G4",0.0228684207443463,0.692179987486117,0.679,0.38,1
"ACAD8",0.41125266396264,0.691996547371737,0.107,0.056,1
"FOXJ2",0.548501460374699,0.691845972189425,0.107,0.07,1
"NFAT5",0.117695461541421,0.691753032627043,0.464,0.324,1
"KARS1",0.281949692519385,-0.69165231567553,0.107,0.197,1
"HMGN2",0.104628480273854,0.69145988626116,0.643,0.521,1
"DOK2",0.677567825756999,0.691343986394588,0.321,0.31,1
"TUBA4A",0.00211454488117119,0.69031477846116,0.893,0.606,1
"PLEKHO1",0.319970005054439,-0.689863575087514,0.143,0.239,1
"DNAI3",0.38231238599846,0.689848576095694,0.179,0.113,1
"YWHAQ",0.0153361719261819,-0.689629077890464,0.821,0.859,1
"UPF1",0.648029920763127,0.689445118580627,0.25,0.197,1
"KDM6A",0.306808683048978,-0.689329714277534,0.214,0.31,1
"MT-ATP6",0.00892138634126643,-0.68881310379056,0.786,0.972,1
"FAM91A1",0.389564973829482,0.688543920984297,0.179,0.113,1
"PABPN1",0.251768396881038,0.688437868795014,0.5,0.408,1
"ENSG00000253980",0.342330880726133,0.688257098527848,0.25,0.169,1
"BMP2K",0.765830597360601,0.688158458076306,0.143,0.127,1
"TXLNGY",0.375143185977523,0.688151739454383,0.179,0.113,1
"MTMR12",0.587323992245634,-0.687916184360069,0.107,0.141,1
"ODF3B",0.401371675008047,0.687246057853117,0.107,0.056,1
"SRFBP1",0.547371003895676,-0.686583713192871,0.071,0.113,1
"MTF2",0.24500644722826,0.686409916374403,0.321,0.211,1
"RNASEH2C",0.309233493489097,0.685321696859089,0.25,0.141,1
"THYN1",0.220000165060948,0.685195987071127,0.286,0.155,1
"TNFSF10",0.39706677987939,-0.685078835641233,0.107,0.169,1
"PELI1",0.361056048292342,0.684471678833707,0.179,0.113,1
"ZNF107",0.58370862865787,0.684398349013599,0.179,0.141,1
"GNL3L",0.453090161025029,0.684084918799226,0.143,0.085,1
"ELF4",0.887826915033087,0.683865032204753,0.143,0.141,1
"HSPA2-AS1",0.231642235625939,0.683742437230108,0.179,0.085,1
"TTI2",0.382042243089468,0.6836557702064,0.107,0.056,1
"NOL11",0.279525842783361,-0.682327839958601,0.179,0.254,1
"TMED9",0.252869684968501,0.681802789945127,0.393,0.282,1
"PARP6",0.369349664318486,-0.681595510357028,0.071,0.141,1
"POLE4",0.30286552489019,0.681243495503609,0.286,0.197,1
"PLEKHA1",0.237061913635834,0.681198194445711,0.25,0.141,1
"STRIP1",0.304360797562453,-0.68087687850497,0.143,0.239,1
"PGAP1",0.546052515622034,-0.679744316055011,0.214,0.239,1
"MTFP1",0.421903011659852,0.679634124948167,0.25,0.183,1
"OTULIN",0.528581850584853,0.679584617435032,0.429,0.408,1
"RABL2B",0.396847274956904,-0.679370872520487,0.071,0.127,1
"TBCB",0.298588257129479,-0.679244363698037,0.25,0.338,1
"PLCG1",0.616905605868719,0.679099796435268,0.143,0.113,1
"TRUB2",0.498794176630986,0.679003744742449,0.143,0.099,1
"RAB5B",0.446755860197305,-0.678652241459518,0.179,0.225,1
"KDM4B",0.390266261766947,0.678444971914616,0.25,0.169,1
"KHNYN",0.44002707508486,-0.678379228559141,0.107,0.169,1
"ARIH2",0.0437238608517107,0.67834283402941,0.607,0.352,1
"AKAP9",0.060236587153057,-0.678144173511627,0.464,0.592,1
"SATB1",0.59875984687533,-0.678036544293113,0.179,0.211,1
"NOP14-AS1",0.359847029640764,0.677760365700662,0.25,0.169,1
"VPS4B",0.155379524573973,-0.677582756424473,0.321,0.465,1
"SEC23IP",0.332731230797249,0.677240225723188,0.321,0.239,1
"DENND3",0.796312779099566,0.67714516698025,0.143,0.127,1
"DCP1B",0.667510429335527,-0.676914346830629,0.179,0.197,1
"SMG1",0.339129858525718,-0.676768566945416,0.179,0.268,1
"PDHB",0.305516293542572,-0.676672802334133,0.143,0.225,1
"MAF1",0.0481643053291461,0.676250681170344,0.607,0.38,1
"TCF12",0.102699200807429,0.676020496078531,0.536,0.352,1
"HLA-DPB1",0.0604972984533502,-0.675770078342498,0.5,0.746,1
"LZIC",0.276695129006747,-0.675607404171874,0.107,0.197,1
"IKBKB",0.379455907971736,-0.675295863354817,0.107,0.183,1
"MT1F",0.248140676077456,0.675145860042276,0.321,0.197,1
"HMGXB3",0.138333635129533,0.674553066111629,0.25,0.113,1
"TAPT1",0.359998261388867,0.674501895546693,0.214,0.127,1
"MAEA",0.316079795517486,0.674458459430323,0.214,0.127,1
"GPBP1L1",0.390266261766947,0.674351745329479,0.25,0.169,1
"ABTB3",0.533996627808984,0.674295458691762,0.179,0.127,1
"PLPBP",0.269909679948153,0.674000800030655,0.179,0.099,1
"COA6",0.261856186459487,0.673918257686827,0.214,0.113,1
"NSMCE1",0.408239069929759,-0.67379934317865,0.214,0.296,1
"PPIL3",0.570625821209228,0.673752482154788,0.107,0.07,1
"CPD",0.198448802193766,-0.673712106028598,0.179,0.324,1
"JAML",0.498065204071668,-0.673688485714491,0.214,0.282,1
"EDEM1",0.559510582516672,0.673508994038892,0.107,0.07,1
"ENSG00000290823",0.169083516776226,0.673411382254019,0.464,0.324,1
"PPP1R21",0.591295850141231,0.673178760199165,0.214,0.183,1
"ARL16",0.172627632330797,0.672998621831872,0.25,0.127,1
"SEC61A1",0.182414237487725,0.672625985294731,0.321,0.197,1
"XPR1",0.114461375878698,-0.672537062419172,0.071,0.211,1
"PIK3R1",0.0269189436916562,0.672267515612218,0.857,0.704,1
"MRPL30",0.431442499925541,0.672019628545566,0.107,0.056,1
"ITGB7",0.156502709961891,0.671580837591282,0.429,0.282,1
"SMG1P5",0.862564304014232,-0.671031467407172,0.143,0.141,1
"BIN3",0.41181974431909,0.671011625967566,0.179,0.113,1
"MYDGF",0.229634680181725,-0.670942892834072,0.179,0.282,1
"MEX3C",0.229437067530121,0.670677738733228,0.214,0.127,1
"TRMT112",0.0971850984160816,0.670358312183247,0.714,0.69,1
"DDX23",0.104618362584057,0.670226868319502,0.321,0.155,1
"NGRN",0.149952224671727,0.669918947733659,0.393,0.254,1
"COQ10B",0.142553408790877,0.66991216751149,0.393,0.268,1
"RPGR",0.307235852765094,0.669347487348415,0.179,0.099,1
"MBTD1",0.817872737612832,0.668932475424234,0.107,0.099,1
"TVP23C",0.559510582516672,0.668436009232646,0.107,0.07,1
"HBS1L",0.299010735486238,-0.668385624928187,0.179,0.268,1
"CCDC186",0.089843422759713,0.668341210918272,0.5,0.352,1
"PPP1R18",0.0854624046322006,0.667966303394218,0.464,0.254,1
"MRPS35",0.509214320332147,0.667734234666713,0.179,0.141,1
"ZNF224",0.214022020031039,0.667720965312972,0.25,0.127,1
"ANK3",0.446163404647008,-0.667009324571315,0.071,0.127,1
"UBLCP1",0.513954741641924,0.666557834228486,0.214,0.169,1
"ATP8B2",0.570625821209228,0.66606204911683,0.107,0.07,1
"AAK1",0.201728663251713,-0.666050362493613,0.214,0.366,1
"TTC5",0.286613351634821,-0.665368257607362,0.071,0.155,1
"ZC3H15",0.386765665798912,0.665197655029588,0.536,0.437,1
"CDYL",0.392954573775641,0.66507037795153,0.143,0.085,1
"DOCK9",0.390157227999888,-0.664991833923942,0.107,0.169,1
"BID",0.280669114481459,-0.664951354006557,0.071,0.155,1
"COG8",0.36208600548932,-0.664668368323507,0.071,0.141,1
"SELENOO",0.28434798079461,0.664422273672026,0.286,0.183,1
"PPM1B",0.319220338301236,0.664091131913521,0.357,0.31,1
"EIF2B5",0.301177945325914,-0.663841235209012,0.107,0.211,1
"CHMP2A",0.419558087175398,-0.663419623861117,0.214,0.296,1
"TRIM5",0.581845167205705,0.663199085788188,0.107,0.07,1
"NHLRC2",0.409622739125259,0.663040769601343,0.143,0.085,1
"KIAA1143",0.295809169541673,0.662847485206244,0.25,0.155,1
"TRMT13",0.396900633947871,0.661761947448839,0.179,0.113,1
"KLRC2",0.391634589216643,0.661425668456847,0.107,0.056,1
"CLEC16A",0.907260717081564,0.661337719697593,0.107,0.127,1
"MLF2",0.175941168119177,-0.661336841035177,0.25,0.38,1
"ELK3",0.226812518833298,0.661251802351224,0.429,0.296,1
"DUSP10",0.567259958925238,-0.661080934300565,0.25,0.296,1
"MSC",0.489662544900588,-0.661076414295637,0.071,0.113,1
"GTF2E2",0.607007087816464,0.660974449709334,0.214,0.183,1
"DYNC1LI1",0.331741778673312,0.660667555454778,0.321,0.254,1
"PDCD2",0.336345774322564,0.660025179164489,0.357,0.268,1
"PRKAA1",0.323785483575412,0.659885318319565,0.357,0.31,1
"PDZD8",0.301070658809168,0.65966884660191,0.286,0.211,1
"PRPF4B",0.044425159045538,0.659297424616569,0.643,0.366,1
"USO1",0.389288421448992,-0.658946153777671,0.179,0.254,1
"SSBP2",0.726726561376238,-0.658723674656706,0.107,0.127,1
"UBXN7",0.266387302749955,0.658556292758534,0.25,0.141,1
"S100PBP",0.675940281737392,0.658510261408505,0.143,0.113,1
"ECHDC1",0.195529825243789,0.65814119100256,0.429,0.254,1
"ECPAS",0.319970005054439,0.658090429813002,0.286,0.183,1
"CHMP7",0.181256881206732,0.657829025993085,0.321,0.169,1
"OCIAD2",0.234758513075491,0.657636446338731,0.357,0.254,1
"NCOA6",0.154453634117051,-0.657502593127782,0.036,0.141,1
"RMDN3",0.424815561478496,0.657330510496114,0.214,0.155,1
"SSRP1",0.284817915690818,0.657034147381296,0.321,0.211,1
"ZC3H18",0.138233585059995,-0.656939302934412,0.214,0.366,1
"BANP",0.323694043117694,-0.656679863450431,0.179,0.254,1
"OXNAD1",0.333934941814358,0.656648624829645,0.179,0.099,1
"CCNL1",0.303477601522798,0.656572960135007,0.643,0.521,1
"RLIM",0.126614936960195,0.656124987331659,0.357,0.183,1
"PSMC1",0.278501536996247,0.655833940031482,0.286,0.197,1
"TIA1",0.278919383592453,0.65501416877843,0.143,0.07,1
"DNAJB14",0.165676410722354,0.65456853950388,0.536,0.38,1
"FBXO11",0.199877839090335,-0.653823149922299,0.286,0.451,1
"SPON2",0.419402398341983,0.653168555066398,0.179,0.113,1
"HPS5",0.210169960852828,0.652884275169756,0.179,0.085,1
"ITM2A",0.00155427541588162,-0.652503220307882,0.5,0.845,1
"GDAP2",0.269140010586522,-0.652376177075283,0.143,0.254,1
"PSMD9",0.0526381590345733,-0.65223487112933,0.321,0.521,1
"EIF5A2",0.335167026070302,0.65216855569774,0.214,0.141,1
"ATP1B1",0.69692226094617,0.651406716185757,0.107,0.085,1
"VPS53",0.833296786854592,0.650648142930253,0.214,0.197,1
"RAB8A",0.123207390852223,-0.650473168561617,0.214,0.408,1
"DTX2",0.391678958365166,-0.649578147243509,0.071,0.141,1
"EDEM3",0.451623034872326,-0.649490753856857,0.179,0.239,1
"TM9SF1",0.310022276767018,-0.649486445198158,0.214,0.296,1
"POLR1C",0.2514264322292,0.649481743529625,0.25,0.141,1
"IPO8",0.164466372321037,-0.649340247649088,0.179,0.296,1
"KCNA3",0.277027089124667,-0.649326500343375,0.214,0.324,1
"HLA-DRA",0.140670319170618,-0.649160589567272,0.286,0.465,1
"TBPL1",0.41283605512947,-0.648312534042191,0.179,0.254,1
"WDR45",0.322804826937521,-0.648195378145759,0.214,0.338,1
"DDX17",0.0318442090590449,-0.648137572309148,0.393,0.676,1
"TRA2B",0.566552589481274,0.647747649500101,0.429,0.394,1
"TPP1",0.13753411428958,-0.647724231639461,0.071,0.197,1
"GATD3",0.499047785659909,-0.647622293527966,0.071,0.113,1
"PRELID1",0.184739756707442,-0.64734412583957,0.429,0.592,1
"FAM13B",0.167473651230147,0.647306214180499,0.393,0.268,1
"RNF115",0.465498691998152,-0.647215243008363,0.429,0.423,1
"CD63",0.173029520282134,-0.647147500657433,0.25,0.38,1
"ENSG00000291149",0.19878996670568,0.647022412138274,0.286,0.169,1
"TOB1",0.583510968315038,0.646843899856219,0.214,0.183,1
"WDR55",0.300788269419892,0.646387015881275,0.179,0.099,1
"GRAMD1B",0.626587561804411,0.646237685925926,0.143,0.113,1
"SVIP",0.289497335447552,0.645835038198705,0.321,0.211,1
"ZFYVE16",0.276695129006747,-0.645568119280283,0.107,0.197,1
"TM9SF3",0.19894653730071,-0.645110417449444,0.357,0.479,1
"TSPOAP1-AS1",0.317920679963119,-0.645042417500632,0.214,0.282,1
"SMARCA2",0.110735113851564,-0.645000180945899,0.25,0.451,1
"EVI2A",0.123546867380524,0.644953096794635,0.5,0.338,1
"TRAPPC2L",0.470291631229042,-0.64492868735066,0.143,0.197,1
"COMT",0.34782939112605,-0.644742972280142,0.071,0.141,1
"NDUFB3",0.518364272154387,-0.644574429585539,0.214,0.254,1
"TBK1",0.321466343751459,-0.644563355758972,0.143,0.225,1
"TENT4A",0.441749166784275,0.644214736553327,0.107,0.056,1
"MRM2",0.407010432593731,-0.644174059500231,0.071,0.141,1
"HERPUD1",0.294219325863865,-0.64400950864487,0.25,0.338,1
"TMEM30A",0.338583332974955,0.643603752035929,0.321,0.225,1
"USP37",0.442637277251355,0.643405072605557,0.179,0.113,1
"RO60",0.163451626520961,-0.642893358972204,0.179,0.324,1
"ABRACL",0.0558152160330327,0.642676690680481,0.5,0.268,1
"MAP3K1",0.559510582516672,0.642574793360326,0.107,0.07,1
"GOLPH3L",0.558320726092998,0.642368308282215,0.179,0.141,1
"MTERF3",0.460925370506316,0.642298647848181,0.179,0.127,1
"ABCD4",0.396847274956904,-0.642254639270366,0.071,0.127,1
"MT-ND4L",0.00201298265251287,-0.642146161670642,0.929,1,1
"XKR8",0.210169960852828,0.642058690780413,0.179,0.085,1
"RRAGA",0.550445264392101,-0.641599588255031,0.143,0.183,1
"TPP2",0.207771387563014,0.641337362833071,0.357,0.225,1
"WDR74",0.335114277210035,-0.641011062353516,0.25,0.338,1
"RHOB",0.729119697013547,0.640969449332646,0.286,0.254,1
"MYG1",0.458527723299279,0.640966370291397,0.179,0.113,1
"TC2N",0.497787809516794,-0.640962742296503,0.179,0.239,1
"EXOC6",0.477423542330566,-0.640369124491919,0.143,0.197,1
"ZFYVE28",0.258799790717655,0.64012056037929,0.357,0.296,1
"MIDEAS",0.454580640474388,-0.639883904532822,0.214,0.282,1
"IFNAR2",0.173623943274336,-0.639648575520198,0.286,0.451,1
"TENT2",0.665253242540443,0.639569858490179,0.286,0.239,1
"PFKP",0.399688330148,-0.639291363569201,0.143,0.211,1
"LAMTOR4",0.426369812546054,-0.639290701469981,0.179,0.239,1
"KDM3B",0.454918998144131,-0.63920832242901,0.107,0.169,1
"USP32",0.158617796316901,-0.639194322391093,0.036,0.141,1
"CHD9",0.418222157848856,-0.639189439251035,0.107,0.169,1
"LONP2",0.453166189663097,-0.638800613483917,0.107,0.155,1
"CSNK1G3",0.38606448212032,-0.63876367669307,0.107,0.183,1
"CEP250",0.69692226094617,0.638610828967495,0.107,0.085,1
"ANKRA2",0.359998261388867,0.637609184650987,0.214,0.127,1
"CASK",0.716464114330277,0.63750561340015,0.143,0.113,1
"MRPL38",0.531248368398337,0.637434038207094,0.286,0.239,1
"GOLT1B",0.260854509848047,0.637415118705426,0.286,0.169,1
"GRK2",0.346582312940654,0.637356015834729,0.429,0.324,1
"DOP1A",0.840697309327136,0.637042436151048,0.179,0.169,1
"DDX39A",0.733081990149717,0.636799699723497,0.357,0.352,1
"MCMBP",0.579358251939174,0.636677726352316,0.25,0.197,1
"DNPEP",0.295809169541673,0.636328251624598,0.25,0.155,1
"CLK2",0.36208600548932,-0.636113916963875,0.071,0.141,1
"DNAJC2",0.317920679963119,0.635432954238321,0.321,0.239,1
"STAT2",0.310105667565702,0.635389771084709,0.214,0.127,1
"MARCHF5",0.50081444782,0.635359781382668,0.179,0.127,1
"TMX1",0.392460902895412,0.635208104058417,0.321,0.225,1
"SF3B3",0.192252208905866,-0.635112194798268,0.214,0.338,1
"INTS8",0.841036310210158,0.634557392915096,0.107,0.099,1
"KIF2A",0.268378130790384,0.634274854726494,0.607,0.549,1
"EML2",0.421081701905726,-0.633771492646444,0.071,0.127,1
"KRAS",0.149615314606734,0.633630220675282,0.643,0.408,1
"FAF2",0.312109060433142,0.633507658652632,0.25,0.155,1
"FBXO8",0.34782939112605,-0.633340392053239,0.071,0.141,1
"ARMC9",0.480373138163636,-0.633206540528621,0.071,0.113,1
"POLR1B",0.225598181974708,0.633164328031881,0.214,0.113,1
"RNASEH2B",0.437709712738148,-0.632952698430405,0.071,0.127,1
"ZNFX1",0.280527865901088,0.632938959869619,0.321,0.225,1
"RAB28",0.267934613223234,-0.632668476853363,0.107,0.225,1
"PPP2R1A",0.131945069267571,0.632525206078404,0.536,0.408,1
"BMI1",0.68887761733705,0.632511871952497,0.25,0.211,1
"PHF20",0.262190660861748,0.632436128303214,0.321,0.211,1
"CNIH4",0.389442122935754,-0.632070370963628,0.143,0.197,1
"SELPLG",0.0944757724912661,0.63201034739211,0.821,0.718,1
"GPATCH3",0.593347953063818,0.631956993361739,0.143,0.099,1
"CTDSP2",0.362820184809259,-0.631728510434877,0.143,0.211,1
"DCPS",0.829435990245061,0.631524713285578,0.107,0.099,1
"LMBR1L",0.407982451301608,-0.631469878874887,0.179,0.239,1
"PRR14L",0.726726561376238,-0.631176067782727,0.107,0.127,1
"ATG2A",0.444194061494155,0.630860627007902,0.143,0.085,1
"CCT4",0.28142814801178,0.630586901272438,0.571,0.493,1
"DAD1",0.27041620069309,-0.630536812587814,0.25,0.366,1
"TBC1D20",0.313505872310593,-0.630310283730106,0.179,0.254,1
"PPIH",0.430118029410762,-0.630101317108397,0.214,0.268,1
"USP8",0.212356160761088,0.629833121103372,0.357,0.211,1
"XIAP",0.379786955145384,-0.629432780352498,0.214,0.282,1
"GNL1",0.20177734837488,-0.629088249277431,0.107,0.211,1
"CCAR1",0.306808683048978,0.628641085764869,0.357,0.254,1
"ABCC1",0.235474652727532,0.628568718288172,0.321,0.197,1
"IFI6",0.154852475569851,-0.628546092362493,0.143,0.268,1
"L3MBTL2",0.409622739125259,0.628251092008113,0.143,0.085,1
"NDUFAF8",0.476354952655373,0.628069426401793,0.25,0.169,1
"JAM3",0.720103733442842,0.628032243738666,0.107,0.085,1
"JUND",0.00616860699005969,-0.627935251105821,1,1,1
"WRAP73",0.511688267442204,-0.627782266899987,0.143,0.183,1
"COPS4",0.377827478595842,-0.627706206842056,0.179,0.254,1
"ENSG00000291117",0.434811663271676,0.627570462146541,0.179,0.113,1
"PPP1R14B",0.0527282526769739,0.627504788617799,0.679,0.479,1
"RNF2",0.474405596569247,0.627453680825224,0.214,0.155,1
"FOXP4",0.206564748235564,0.626943929335055,0.214,0.113,1
"KLHL7",0.527767206360908,-0.626894936864882,0.071,0.113,1
"VPS13A",0.51726778086835,0.626718347535983,0.179,0.127,1
"SNRPD2",0.0561947998611978,-0.626541114722462,0.821,0.887,1
"PTPRA",0.905402217030175,0.626342737321169,0.25,0.239,1
"CDC16",0.41181974431909,0.626035329371039,0.179,0.113,1
"AZIN1",0.24704547333084,0.625762238955217,0.286,0.183,1
"CREBZF",0.808124156390811,0.625218360058242,0.25,0.239,1
"ATP5ME",0.375854014788882,-0.625119539431253,0.357,0.408,1
"TNK2",0.829435990245061,0.624619234837235,0.107,0.099,1
"LY6E",0.224658570301874,0.624319418019888,0.321,0.211,1
"TMEM248",0.0479517649837547,0.624036130417506,0.643,0.38,1
"DUSP12",0.44002707508486,-0.623958171032962,0.107,0.169,1
"EIF2B2",0.518101300033471,-0.623693225528143,0.071,0.113,1
"PSMD5",0.275904652244592,0.623575076146797,0.179,0.099,1
"RNASET2",0.136471037950363,-0.623466159921861,0.107,0.254,1
"ZC3H14",0.401236690510479,0.623134892600032,0.143,0.085,1
"PARVG",0.51726778086835,-0.623054914380494,0.107,0.155,1
"ZNF277",0.525598164784724,-0.622883325297882,0.107,0.155,1
"HTRA2",0.306611228507627,-0.62285297434958,0.107,0.211,1
"STARD7",0.327347706743686,-0.622579476122412,0.286,0.408,1
"NUDCD1",0.54505310156211,0.622258957674319,0.143,0.099,1
"PES1",0.366449080774573,-0.622157220078664,0.107,0.183,1
"CHD6",0.344227013605664,-0.621880055673362,0.214,0.296,1
"AIMP2",0.675940281737392,-0.621674544335514,0.107,0.127,1
"CFAP410",0.313774293637495,0.621437745689963,0.179,0.099,1
"FGD3",0.202000266262766,0.621116365458324,0.321,0.183,1
"LAP3",0.308290741323463,0.621091814596999,0.357,0.225,1
"COA4",0.369349664318486,-0.621077363499589,0.071,0.141,1
"MAD1L1",0.54505310156211,0.620301893596615,0.143,0.099,1
"DPYD",0.580356701007035,-0.61998735786012,0.214,0.254,1
"POLR2I",0.0750867624359152,0.619947558645196,0.536,0.338,1
"RAB27A",0.241326792474539,0.619741096716155,0.607,0.549,1
"PSMD14",0.682204685408314,0.619578573739372,0.25,0.225,1
"RHBDF2",0.584455903427376,0.619500353580195,0.464,0.38,1
"VCPKMT",0.308964973224178,0.61907498154406,0.25,0.169,1
"INPP5K",0.294240323743435,-0.618644987366404,0.143,0.239,1
"TMEM259",0.397879099237116,-0.6184441523334,0.25,0.324,1
"TRNAU1AP",0.521344104071738,-0.618411199197743,0.179,0.225,1
"GMPPB",0.499047785659909,-0.618194460738486,0.071,0.113,1
"ZBTB44",0.144558205422491,0.61804411725546,0.393,0.254,1
"MAPKAPK2",0.17873518452366,-0.618026455193732,0.179,0.324,1
"TSPAN14",0.201883341159738,-0.61759142302006,0.179,0.324,1
"CAAP1",0.603237156810161,0.617248948485619,0.143,0.099,1
"KTN1",0.202608597831403,-0.616907147225692,0.5,0.634,1
"DAPK3",0.633694801982743,-0.615897456542888,0.107,0.141,1
"ATRAID",0.986174859546193,0.615805018542389,0.179,0.183,1
"SMIM19",0.468758259144325,0.61565354919489,0.179,0.127,1
"AK3",0.310774613801728,-0.615119258329465,0.143,0.225,1
"GABPB1-IT1",0.887758942440396,0.614345052271208,0.107,0.099,1
"TERF2",0.42934892667148,-0.614273904747001,0.071,0.127,1
"ENSG00000273319",0.278566307877713,-0.614116202759222,0.071,0.169,1
"MAP3K14",0.319091161006408,0.613521107327232,0.214,0.127,1
"MBIP",0.581845167205705,0.612956263965311,0.107,0.07,1
"EIF5A",0.0707452592977543,-0.612741746489612,0.571,0.732,1
"HPRT1",0.736676484856084,0.612710937263584,0.179,0.141,1
"EIF4G1",0.051545227187205,0.6125839365194,0.571,0.338,1
"TMEM184B",0.446163404647008,-0.611399339359023,0.071,0.127,1
"C9orf85",0.437709712738148,-0.611368520137605,0.071,0.127,1
"NUCKS1",0.305257434513227,0.611035202669072,0.429,0.366,1
"PARP1",0.250430745123909,0.610569756051012,0.357,0.225,1
"FUBP1",0.337343499225634,0.610462381957836,0.429,0.324,1
"STRN",0.113463556962118,0.610114413208222,0.429,0.268,1
"C4orf3",0.152240242872236,0.610000755515431,0.607,0.535,1
"EVL",0.154375832309362,0.609856621298037,0.679,0.493,1
"TMEM43",0.219212178040256,-0.609807524196373,0.464,0.563,1
"SEC22B",0.294240323743435,-0.609733066880943,0.143,0.239,1
"ZZEF1",0.507322217938345,-0.609727101831584,0.179,0.225,1
"UTP6",0.425418811807272,-0.609688028024291,0.107,0.169,1
"RIPOR2",0.0888291497703001,0.609575088480638,0.643,0.423,1
"AASDHPPT",0.299010735486238,-0.609524107326594,0.179,0.268,1
"DDHD1",0.396556528932519,0.609456360227819,0.25,0.197,1
"ZNF408",0.489662544900588,-0.609312489199152,0.071,0.113,1
"ZMAT5",0.570625821209228,0.609236794345377,0.107,0.07,1
"PERP",0.393910604669868,-0.609041162976811,0.179,0.268,1
"GPCPD1",0.128512698657367,-0.608830868456913,0.286,0.437,1
"NECAP1",0.33795377419101,-0.60853755537485,0.143,0.225,1
"FUS",0.0204852845315129,0.608487231445545,0.857,0.648,1
"CDK7",0.446163404647008,-0.608256609016978,0.071,0.127,1
"PARD6G",0.251070856546517,-0.608145853045675,0.143,0.254,1
"GTF2A2",0.532840061786252,0.608122855808137,0.321,0.31,1
"ZNF32",0.489662544900588,-0.608106750954155,0.071,0.113,1
"LONP1",0.360051221728414,-0.607992334991231,0.107,0.183,1
"SMIM26",0.176139191626129,-0.607842027310419,0.179,0.338,1
"LARS2",0.426704299941388,0.607401559731827,0.143,0.085,1
"THRAP3",0.302050764834368,0.60737952355752,0.607,0.507,1
"POLR2A",0.149937112067299,-0.607317577187575,0.536,0.648,1
"CHMP1A",0.339129858525718,-0.606721986358252,0.179,0.268,1
"EBPL",0.518101300033471,-0.606701534197354,0.071,0.113,1
"NDRG3",0.706252621710433,0.606694925196911,0.143,0.113,1
"ACADVL",0.128161328479845,0.606417540042893,0.464,0.254,1
"ARMC1",0.37183157281358,0.606216921819667,0.25,0.169,1
"MED29",0.43033644631368,0.606077012184704,0.179,0.127,1
"KIFAP3",0.618371503125722,0.605915764351881,0.179,0.141,1
"DCTN4",0.428333550302008,0.605477065431622,0.25,0.183,1
"CENPK",0.26199091408315,-0.605406017007282,0.036,0.113,1
"EIF4G2",0.0340489829038672,-0.604699044082214,0.679,0.831,1
"STOML2",0.303531045529555,-0.604427956753162,0.179,0.254,1
"TSPAN3",0.294240323743435,-0.604365481807624,0.143,0.239,1
"ZNF383",0.435398513564973,0.604302251740904,0.143,0.085,1
"MAP2K4",0.263058662007966,-0.604270884833699,0.179,0.296,1
"PPIE",0.248140676077456,0.604226301486212,0.321,0.197,1
"SF3B4",0.25200123437152,-0.603861801066311,0.321,0.423,1
"CHP1",0.690241215202952,0.603820652354815,0.179,0.141,1
"IPO7",0.0606070839039142,0.603762022408987,0.5,0.282,1
"PPP1R2",0.171852320195706,0.603758875244592,0.679,0.521,1
"TMEM70",0.441373623515247,0.603726402042635,0.286,0.225,1
"SCAND1",0.484646362297862,0.603612903064125,0.393,0.352,1
"PMAIP1",0.528964152608325,0.603489451324029,0.214,0.169,1
"POLR2F",0.616962749457454,0.60346245352783,0.286,0.268,1
"TMED7",0.366449080774573,0.603388755912389,0.214,0.141,1
"EID2",0.41319418136814,0.603334191781395,0.214,0.141,1
"GSTM1",0.547371003895676,-0.603282858394975,0.071,0.113,1
"CIAPIN1",0.460925370506316,-0.603044973304457,0.107,0.155,1
"NFE2L2",0.328055460033392,0.602812561055276,0.357,0.296,1
"REXO1",0.581845167205705,0.602686382160454,0.107,0.07,1
"THOC3",0.485537771880654,-0.602447662426954,0.107,0.169,1
"ATG5",0.275148875141926,0.602326600033013,0.464,0.338,1
"LRRC58",0.548501460374699,0.602010416536809,0.107,0.07,1
"ATE1",0.372917371393925,-0.60189951418517,0.107,0.183,1
"RASA3",0.141104317402948,-0.601752323933255,0.429,0.62,1
"MSC-AS1",0.85321293172091,0.601710608274589,0.107,0.127,1
"HDGF",0.757238542827773,0.601407098842579,0.536,0.563,1
"DLD",0.462470127695724,-0.601157808143599,0.107,0.169,1
"CEP78",0.60568404972763,-0.601072450486543,0.107,0.141,1
"AP2B1",0.484410541197567,-0.600683874962031,0.25,0.296,1
"ENSG00000284707",0.307235852765094,0.600563954270165,0.179,0.099,1
"FAM104A",0.495700165696493,0.599990399760409,0.25,0.183,1
"PAGR1",0.368991479730187,0.599976911566887,0.321,0.239,1
"MPRIP",0.482952189610297,0.59997017387477,0.179,0.113,1
"S100A11",0.02846209445809,-0.599880876994858,0.714,0.901,1
"HNRNPC",0.0153531060264624,0.599299777839957,0.821,0.775,1
"TMPO",0.521278634131341,-0.598969270948309,0.214,0.268,1
"COPS2",0.434158300991531,0.598728789370166,0.393,0.338,1
"MAD2L2",0.446163404647008,-0.597769720900396,0.071,0.127,1
"PRKCH-AS1",0.665948873918115,0.597581430056987,0.143,0.113,1
"THAP1",0.437709712738148,-0.59737498110945,0.071,0.127,1
"PIP4K2A",0.181582569639563,0.597363901908248,0.464,0.352,1
"MSN",0.0120145383046325,0.597310703067464,0.929,0.859,1
"PHTF1",0.50411138695256,0.597262723937128,0.214,0.155,1
"MRPL17",0.34782939112605,0.597076969641673,0.179,0.099,1
"RNF10",0.498987351039432,0.596939521593611,0.357,0.324,1
"BCAP31",0.310586595732967,-0.596371190756164,0.286,0.38,1
"CCDC137",0.36208600548932,-0.596083373690277,0.071,0.141,1
"MYO5A",0.229698423039711,-0.596057361462012,0.143,0.254,1
"GRK6",0.943239565938884,0.595839813258596,0.107,0.113,1
"NPM1",0.00796893077755278,0.595246618950605,1,0.93,1
"ZFYVE1",0.418112149838619,0.595195097812603,0.143,0.085,1
"UBXN2B",0.445481286736357,-0.595108872596984,0.107,0.155,1
"UPP1",0.359454351922322,0.594046487779414,0.429,0.38,1
"CKAP5",0.51726778086835,-0.594033786158339,0.107,0.155,1
"DVL2",0.399300420361544,0.593983476978893,0.179,0.099,1
"CSGALNACT2",0.462924954681897,-0.593460067094758,0.429,0.451,1
"MPC2",0.360523230598039,-0.593270326589336,0.214,0.31,1
"ATP5F1A",0.421833396085178,0.593016968373378,0.5,0.493,1
"BANF1",0.380980455914233,-0.592965950221901,0.143,0.211,1
"TRBC2",0.21346177837201,-0.592496762643224,0.643,0.761,1
"PSMC5",0.336818959956656,0.59230449126478,0.5,0.38,1
"FARSA",0.23154616320181,0.5919637008952,0.286,0.169,1
"ZNF266",0.852671247946544,0.591729572315745,0.107,0.099,1
"RASSF5",0.302170234763867,-0.591056155666474,0.464,0.549,1
"COG7",0.54505310156211,0.590717454249919,0.143,0.099,1
"PIM3",0.251451029781115,0.590541256427144,0.571,0.437,1
"RSBN1",0.594590280181447,0.59007754230776,0.25,0.239,1
"CPSF1",0.547371003895676,-0.590064434715003,0.071,0.113,1
"NUCB2",0.26734749995665,0.589885540974329,0.214,0.113,1
"BABAM2",0.306923682029565,-0.589694853022738,0.143,0.239,1
"BACH1",0.374397401776391,-0.589607774253879,0.25,0.338,1
"PDCL3",0.49104270015489,-0.58887890259193,0.179,0.239,1
"SELENOM",0.442637277251355,0.588688343614195,0.179,0.113,1
"PABPC4",0.212598541907416,0.588591171650311,0.393,0.254,1
"PDCD10",0.24388588836067,-0.58822523602022,0.393,0.535,1
"GFER",0.517043975636083,0.588208434105775,0.143,0.099,1
"PGM1",0.609621604852703,0.58799692943321,0.179,0.141,1
"HSPA8",0.0987325795675559,0.58795542605826,1,0.944,1
"IL2RB",0.061372890607409,0.587658629402332,0.464,0.282,1
"PRKD2",0.152083998944501,0.586844600085375,0.25,0.113,1
"KIF21B",0.474405596569247,0.586824396443469,0.214,0.155,1
"PRR3",0.537600387779659,0.586659620738166,0.107,0.07,1
"PRR5",0.320620068659193,-0.586654464779436,0.107,0.197,1
"ATXN7L3B",0.356401986819472,-0.586607791728694,0.107,0.197,1
"EML3",0.338207202482803,-0.586551934518841,0.107,0.197,1
"AMZ2",0.426369812546054,-0.586063527433283,0.179,0.239,1
"CLN3",0.518101300033471,-0.58600847614815,0.071,0.113,1
"RERE",0.685989092826424,0.586004837904417,0.143,0.113,1
"HACD3",0.504977087371727,0.585256966362514,0.286,0.211,1
"NVL",0.472074682980456,0.585105357268319,0.143,0.099,1
"MNAT1",0.290504843185926,-0.585059951486501,0.107,0.211,1
"CCNI",0.091733756252491,-0.585009204826507,0.714,0.775,1
"COMMD9",0.69692226094617,0.584674083651361,0.107,0.085,1
"CNTRL",0.376939917852434,-0.584478113648223,0.179,0.268,1
"AFTPH",0.169601647701063,0.584351155994123,0.286,0.155,1
"SUGP1",0.453090161025029,0.584254739433382,0.143,0.085,1
"ITM2B",0.047977553498932,-0.584014490053052,0.75,0.873,1
"URM1",0.607289800506229,0.583841688589433,0.143,0.113,1
"GMEB2",0.391634589216643,0.583203554625997,0.107,0.056,1
"CHTF8",0.489662544900588,-0.583097569858043,0.071,0.113,1
"PRPF4",0.481737541414507,-0.58288894103397,0.143,0.183,1
"SMG6",0.858173408232226,0.58237097573804,0.143,0.127,1
"SPATA5",0.604587768433139,0.582140952171816,0.107,0.07,1
"PTOV1",0.314709771926277,0.581815683397199,0.286,0.183,1
"BRK1",0.225037617943563,-0.581162966738729,0.25,0.366,1
"RBM39",0.112350609680763,0.580939077591335,0.786,0.718,1
"ELMO1",0.364803844364149,0.580910136619061,0.429,0.338,1
"SUPV3L1",0.582457558877025,-0.580653743213517,0.143,0.183,1
"CCDC93",0.691573284073143,-0.580512670884786,0.214,0.211,1
"NMD3",0.310105667565702,0.579627184490157,0.214,0.127,1
"IPO11",0.458527723299279,0.578669718848397,0.179,0.113,1
"SEC23A",0.509006282732171,0.578491323159777,0.179,0.127,1
"KIAA2026",0.332277222216343,-0.578164112175308,0.107,0.197,1
"JOSD1",0.14475449156525,-0.578016835997857,0.286,0.437,1
"GBP1",0.261333738811962,0.578003588967228,0.25,0.141,1
"ZC3H12D",0.491863201113188,0.577973825921378,0.214,0.169,1
"TIMMDC1",0.276695129006747,-0.577958229927721,0.107,0.197,1
"ACO2",0.614306805862322,0.577566468525542,0.286,0.239,1
"UBE2K",0.311240881303978,-0.577474796265703,0.357,0.437,1
"CCS",0.488718587925609,0.577243049910116,0.25,0.183,1
"TMEM41B",0.412461744801794,-0.577099098956396,0.143,0.211,1
"NF1",0.30680631330315,-0.576995844812581,0.214,0.31,1
"KLHL24",0.34229282195117,-0.576964646788492,0.25,0.38,1
"SMNDC1",0.249226536001865,0.576930264648706,0.321,0.211,1
"SNRPB",0.136901609716372,0.576671565869493,0.75,0.718,1
"RUNX3",0.316526861034925,0.576610670525471,0.75,0.761,1
"ZNF317",0.750805980677499,-0.576580406948305,0.143,0.155,1
"FAM219B",0.593166535920896,0.576229633043357,0.107,0.07,1
"SIKE1",0.537524212664966,-0.575994107097799,0.071,0.113,1
"LMAN1",0.580356701007035,0.575948098632142,0.286,0.225,1
"RAC2",0.20424047639402,0.575920969124406,0.679,0.549,1
"ORMDL3",0.665948873918115,-0.575857739270148,0.107,0.127,1
"ZBTB48",0.581845167205705,0.575740785817054,0.107,0.07,1
"FAM117A",0.484646362297862,0.575313778864052,0.393,0.352,1
"OSBPL8",0.025794345461635,-0.575154381166677,0.536,0.746,1
"JADE1",0.813127269634335,0.57491998808163,0.179,0.155,1
"RNF113A",0.463298483616069,0.574771435584648,0.214,0.141,1
"MRPS18A",0.954577847092439,0.574104783977496,0.107,0.113,1
"CNOT9",0.775953665172613,0.573723893781064,0.143,0.127,1
"RPA1",0.445435262163821,-0.573622426171367,0.143,0.211,1
"SLC35A3",0.639885425163003,0.573195079814592,0.214,0.169,1
"REPIN1",0.593166535920896,0.57313528900429,0.107,0.07,1
"NFKBIA",0.571840931855185,-0.57290676189365,0.5,0.577,1
"KPNA6",0.646144388461559,0.572751358731315,0.143,0.113,1
"NUDT4",0.0651761509176974,0.572649959171977,0.214,0.07,1
"APOBEC3D",0.554554102203333,0.572390477129237,0.143,0.099,1
"SLC7A6",0.300788269419892,0.572347817998903,0.179,0.099,1
"VPS13B",0.118318939412711,0.572302130330817,0.429,0.254,1
"MT-ND4",0.0190225968525253,-0.572119936331912,0.679,0.944,1
"SASH3",0.256784027469513,0.571613053006041,0.357,0.239,1
"GABPB1",0.462470127695724,-0.571585592020299,0.107,0.169,1
"F11R",0.470090673965973,-0.571572582950867,0.107,0.169,1
"CDC42EP3",0.440353258784801,0.571373912138598,0.357,0.31,1
"RWDD4",0.827108977709005,0.57128637358989,0.143,0.127,1
"LRRC59",0.304360797562453,-0.570782967581483,0.143,0.239,1
"DDI2",0.575117869454412,0.570221753559871,0.25,0.211,1
"ZMYM4",0.581845167205705,0.570003530446858,0.107,0.07,1
"TIGAR",0.404319017941478,0.569953369204795,0.179,0.113,1
"LAMTOR1",0.306808683048978,-0.569949871357497,0.214,0.31,1
"NDUFA3",0.272975793750472,-0.569835303605013,0.321,0.408,1
"RNF125",0.207289991442267,-0.569773914431267,0.429,0.521,1
"SACM1L",0.366957726062299,0.569706303555436,0.286,0.197,1
"ERVK3-1",0.894967582610947,0.569562029078091,0.286,0.282,1
"ENSG00000291136",0.32212898129215,0.569459746923585,0.214,0.127,1
"OSBPL9",0.617091252504507,0.569015240987026,0.25,0.197,1
"RNPEP",0.441749166784275,0.568995255535931,0.107,0.056,1
"ABHD18",0.671977386061422,0.568536496828884,0.179,0.141,1
"TBC1D2B",0.516888629311279,0.568536307601452,0.429,0.437,1
"GTF2H1",0.575117869454412,0.568477827116367,0.25,0.211,1
"DDX3Y",0.26282682167173,0.568328391809488,0.357,0.254,1
"TUG1",0.559510582516672,0.567917768577723,0.107,0.07,1
"EHD1",0.581797902753126,0.56762308943268,0.321,0.282,1
"BZW2",0.524150579612963,0.567365742734341,0.25,0.183,1
"DNAAF2",0.498065204071668,0.566655615928014,0.286,0.254,1
"PSME2",0.359582455804155,-0.566431619709646,0.429,0.479,1
"CCDC22",0.235571030355424,0.566426887042197,0.214,0.113,1
"IPO4",0.424919686944308,-0.566356193593603,0.179,0.254,1
"PRF1",0.0993619313974452,-0.566350261115196,0.464,0.648,1
"ISCA1",0.302203003605854,-0.565804013204075,0.214,0.31,1
"RECQL",0.386970894403118,0.565704558341664,0.393,0.296,1
"P2RY8",0.0614870905815069,0.565675357912731,0.893,0.676,1
"SLCO3A1",0.0676523424994475,0.565608451656615,0.429,0.211,1
"KLF6",0.0242515809020753,-0.565177508331766,0.786,0.873,1
"P4HTM",0.437709712738148,-0.564895535882181,0.071,0.127,1
"AXIN1",0.404319017941478,0.56467230435199,0.179,0.113,1
"SLC39A6",0.188457154607854,0.564642671900152,0.321,0.169,1
"NDUFAF3",0.319345508389611,0.56450020887581,0.429,0.324,1
"TRRAP",0.59228919128773,0.564454635322486,0.107,0.169,1
"TMC6",0.587453540859693,-0.564311698950574,0.214,0.254,1
"TAF15",0.290456924626227,0.564168679772058,0.536,0.479,1
"IRF2BP2",0.283277380297347,0.563827336812764,0.536,0.507,1
"COMMD1",0.560645022927464,0.563681693649181,0.25,0.211,1
"ETF1",0.487338092385144,0.563400452113296,0.357,0.296,1
"ACD",0.311962877654602,0.563397860354149,0.393,0.282,1
"SNX6",0.148028307857601,0.562876881391683,0.571,0.38,1
"TIGIT",0.373573472591452,-0.56248415555038,0.607,0.634,1
"NBPF1",0.554554102203333,0.562323435001856,0.143,0.099,1
"AGGF1",0.52629686636159,0.561997868493513,0.143,0.099,1
"SBDSP1",0.285264891888554,0.561961012210886,0.25,0.155,1
"MINDY3",0.471180616101927,0.561828222480066,0.143,0.085,1
"MCTP2",0.471180616101927,0.561645998441646,0.143,0.085,1
"ENSG00000267364",0.616905605868719,0.561588227416018,0.143,0.113,1
"FTH1",0.0384035785747583,0.561406246510032,1,1,1
"ENPP4",0.829435990245061,0.56124164025012,0.107,0.099,1
"DGCR8",0.489662544900588,-0.561150806174959,0.071,0.113,1
"CD47",0.225190509736852,-0.560717600292844,0.321,0.38,1
"PRR5L",0.314316977449191,0.560430405900991,0.464,0.408,1
"ARHGEF7",0.28267908324034,0.560364330662143,0.393,0.31,1
"UBE2J2",0.353160274576411,-0.560342601556623,0.214,0.282,1
"DAZAP1",0.299010735486238,-0.560257483417913,0.179,0.268,1
"PSMD2",0.0870008039400191,-0.559874576825474,0.393,0.549,1
"ACSL4",0.492693024209359,0.55982551171925,0.179,0.127,1
"YY1",0.155211711311994,-0.559764077441601,0.429,0.535,1
"PLK3",0.184895204105548,0.559727428016402,0.429,0.31,1
"RNF40",0.310105667565702,0.55970821320148,0.214,0.127,1
"CAMTA2",0.69692226094617,0.559676612122176,0.107,0.085,1
"TOPORS",0.476664255687265,0.559336274961916,0.179,0.127,1
"CD8A",0.00445685091816552,0.559254376835144,0.964,0.93,1
"RBM27",0.23838723885713,-0.559162882241246,0.25,0.38,1
"HOPX",0.261333738811962,-0.559034448101384,0.107,0.197,1
"TBCA",0.201839226456059,-0.558991128525762,0.429,0.535,1
"EIF5B",0.148112704441324,0.558849416069134,0.607,0.465,1
"SNHG25",0.500386284662925,0.558415994937644,0.25,0.197,1
"CYB561D2",0.407982451301608,-0.558386985016777,0.179,0.239,1
"COL6A2",0.533996627808984,0.557804339279513,0.179,0.127,1
"GMDS",0.464560263345442,-0.557760490410082,0.179,0.239,1
"C6orf47",0.876035066995972,0.557390262541552,0.107,0.099,1
"MRPL44",0.559591989845024,-0.557277767500461,0.107,0.155,1
"KIAA0753",0.391634589216643,0.557239378960968,0.107,0.056,1
"YJU2B",0.453731904699744,0.557034876716856,0.286,0.225,1
"PNO1",0.287271528847319,0.556992526287329,0.25,0.141,1
"STAMBP",0.52629686636159,0.556973087206451,0.143,0.099,1
"TOMM20",0.429118831283579,0.556818912788557,0.714,0.62,1
"STAU2",0.616106632576222,0.556753080286399,0.107,0.07,1
"GART",0.264946788744698,-0.556364450183115,0.107,0.211,1
"RFTN1",0.104848001692095,0.556319716026455,0.643,0.493,1
"FYCO1",0.54505310156211,0.556219965791485,0.143,0.099,1
"IFT57",0.526292569851224,0.555490261538189,0.143,0.099,1
"MAGOH",0.205697714464362,0.555098282605788,0.571,0.521,1
"ARF3",0.300788269419892,0.554979241845206,0.179,0.099,1
"MRPL33",0.432604715815756,0.554868817070608,0.286,0.197,1
"SNAI3",0.369349664318486,-0.554598029377132,0.071,0.141,1
"LINC01619",0.413875678783388,-0.554281857886022,0.214,0.296,1
"MRPS22",0.414058434533142,0.554075547144175,0.286,0.197,1
"CDKAL1",0.731986099207513,-0.554016760245958,0.143,0.155,1
"PRKACB",0.481934489171232,-0.553938641907022,0.25,0.282,1
"MCL1",0.0562998939271742,-0.553210817455594,0.679,0.831,1
"MFF",0.498403377754113,-0.553146876418231,0.214,0.268,1
"MRPL4",0.390266261766947,0.553102664863392,0.25,0.169,1
"TAF1C",0.307522914229674,0.552913424460659,0.143,0.07,1
"IK",0.108757058768031,0.552375555770424,0.643,0.507,1
"CBX6",0.326905843828922,-0.55215624755057,0.143,0.225,1
"MAPKAP1",0.470090673965973,-0.552037933442632,0.107,0.169,1
"EDEM2",0.988638705215281,0.551865479461352,0.107,0.113,1
"POLDIP3",0.215709146578729,-0.551836146807258,0.179,0.31,1
"MAGED2",0.198444911848859,-0.551796681304453,0.214,0.366,1
"FIP1L1",0.272882038470413,0.551789603022972,0.429,0.31,1
"METTL23",0.836970151651301,0.551638917715078,0.25,0.268,1
"NEDD9",0.775953665172613,0.551407958251662,0.143,0.127,1
"MGAT1",0.126237316989615,0.551286606930406,0.607,0.423,1
"BIN1",0.837622820272426,0.551195230081642,0.214,0.197,1
"PCM1",0.145143143185681,0.551147263639191,0.5,0.366,1
"IKBKG",0.305516293542572,0.551096356539567,0.286,0.169,1
"SNHG17",0.384060541680723,0.550895829928381,0.25,0.169,1
"SUMF2",0.495700165696493,0.550861086497084,0.25,0.183,1
"ZDHHC6",0.533996627808984,-0.550748586425002,0.107,0.155,1
"RNF145",0.459983509201213,-0.550614183025255,0.214,0.254,1
"KLHL2",0.542462334198565,0.550571157054743,0.179,0.127,1
"SGMS1",0.530430347518745,0.550509149525793,0.286,0.254,1
"TSFM",0.376703239054107,-0.550401259220295,0.071,0.141,1
"AHDC1",0.554554102203333,0.550293346197438,0.143,0.099,1
"SIPA1",0.0688113795377636,0.549942197781877,0.643,0.394,1
"LEO1",0.632040509381739,-0.549452556022942,0.143,0.183,1
"TUBE1",0.604587768433139,0.549175386200027,0.107,0.07,1
"H2AC11",0.581845167205705,0.549056451233495,0.107,0.07,1
"NAA15",0.437704953240168,-0.548850178175609,0.071,0.127,1
"DAPK2",0.363666044922676,-0.548769153337987,0.179,0.296,1
"RPP38",0.519324163350586,0.54815819785024,0.214,0.155,1
"SNHG1",0.781122005424634,0.548009988846143,0.143,0.183,1
"RING1",0.363666044922676,0.548002794845196,0.321,0.239,1
"MSH2",0.547371003895676,-0.547833757400861,0.071,0.113,1
"THAP7",0.338207202482803,-0.547739123880638,0.107,0.197,1
"SMC3",0.364814312527286,-0.546622626125422,0.214,0.296,1
"IMP3",0.274048986854597,0.546258040378242,0.393,0.268,1
"NCK1",0.248371608717974,0.546207480768346,0.464,0.366,1
"LRPPRC",0.355026123907063,-0.54605022300236,0.179,0.268,1
"MRPL41",0.143275781288644,0.545967553995533,0.571,0.38,1
"GSTP1",0.120477910958174,-0.545766719407951,0.464,0.606,1
"FBXO7",0.315911684993415,0.545319102210028,0.5,0.423,1
"UBQLN2",0.492693024209359,0.54520260546546,0.179,0.127,1
"MPHOSPH9",0.665948873918115,0.545019627114304,0.143,0.113,1
"PPP3R1",0.616962749457454,0.544882599474155,0.286,0.268,1
"ITGA4",0.0158394957762615,0.54486811501236,0.893,0.648,1
"HACL1",0.434263201027446,0.544745029221263,0.214,0.141,1
"BCOR",0.219403989219256,-0.544612195598548,0.179,0.31,1
"LINC02446",0.691448408553469,0.544247491855147,0.357,0.479,1
"DNAJC13",0.525598164784724,-0.544100297622882,0.107,0.155,1
"CDIPT",0.324055447348515,-0.543509792430703,0.071,0.155,1
"UBN2",0.930957228428026,0.543375012380691,0.179,0.183,1
"MCPH1",0.627175854474187,0.543233868175401,0.179,0.141,1
"IDH3A",0.207510359128692,0.542970400174044,0.286,0.155,1
"ENSG00000282885",0.661702254649768,-0.542821863550781,0.179,0.211,1
"CUL1",0.575874439275897,-0.542720630242373,0.179,0.211,1
"PRCC",0.146525727180352,0.542638256843899,0.357,0.197,1
"MAP4K4",0.37100478872914,0.542325131049647,0.393,0.324,1
"ARID5B",0.35913773087902,-0.542172916594349,0.357,0.437,1
"APRT",0.159098745354169,0.542096343871565,0.536,0.366,1
"HBP1",0.633514939142436,0.542058273383613,0.286,0.254,1
"SHARPIN",0.396532544800314,0.542014357458141,0.25,0.169,1
"TMEM165",0.61424057309346,-0.541834211874899,0.179,0.211,1
"B3GALT4",0.480892539546607,-0.541616892346595,0.071,0.127,1
"NBL1",0.752221989326316,0.541428499507366,0.214,0.197,1
"BAZ1B",0.626723165959517,0.540930765374487,0.357,0.31,1
"PTEN",0.640356534252635,-0.540362797597319,0.214,0.239,1
"ZBTB25",0.447437813404767,-0.540080475725849,0.107,0.169,1
"ZNF276",0.432069058888675,-0.5397872237391,0.143,0.211,1
"NCOA7",0.185576657364972,-0.539420254527154,0.107,0.239,1
"SMARCA5",0.112672218462521,-0.539419459672371,0.286,0.465,1
"ATP5MC3",0.149822468981046,-0.539107423880378,0.643,0.704,1
"CHUK",0.573795683005486,0.539067497021173,0.143,0.099,1
"EZH1",0.928476399332364,0.539042774928173,0.143,0.141,1
"VAT1",0.708479239788243,0.538742362656314,0.107,0.085,1
"KATNBL1",0.370888745198032,-0.538437237546433,0.214,0.31,1
"SEPTIN2",0.0714806948969388,0.538242931027155,0.536,0.31,1
"BTF3",0.00121231179452418,0.537943384638468,1,0.958,1
"NFYA",0.63633429248411,0.537564172424664,0.143,0.113,1
"ASB6",0.419402398341983,0.537383643313422,0.179,0.113,1
"MITD1",0.854970668066622,0.537179617834981,0.214,0.197,1
"MPPE1",0.604587768433139,0.537135648192133,0.107,0.07,1
"CRNKL1",0.262190660861748,0.537130121079519,0.321,0.211,1
"ELF2",0.872388905814576,0.537047572709228,0.214,0.197,1
"GNL2",0.793644691100894,-0.536962610044152,0.214,0.225,1
"WAPL",0.434160248110983,-0.53671115635351,0.321,0.366,1
"BIRC3",0.494178249117671,0.536543110336811,0.714,0.662,1
"MDH2",0.243110818721042,-0.536299531395205,0.321,0.408,1
"NUCB1",0.558366576380431,0.536235761375226,0.214,0.155,1
"IAH1",0.262190660861748,0.536165816623207,0.321,0.211,1
"SCAP",0.644943753222333,0.53591463499012,0.179,0.141,1
"FBRS",0.312759265947881,-0.53577177004703,0.286,0.38,1
"CCT2",0.140930509998243,0.535734461979192,0.571,0.394,1
"CD69",0.404886414457281,-0.535730539690156,0.464,0.521,1
"INO80B",0.251108636939581,0.5355443601735,0.214,0.113,1
"ABLIM1",0.239159894137402,-0.534940886933996,0.536,0.662,1
"SRPK2",0.321753069216893,-0.53490089881797,0.393,0.521,1
"ELOVL5",0.356079615907738,0.534705597820789,0.5,0.408,1
"GIMAP2",1,0.53461655829375,0.107,0.113,1
"PRPF6",0.256784027469513,0.534609686333077,0.357,0.239,1
"MYO1F",0.408628429895224,0.534569179722867,0.357,0.282,1
"NOTCH2NLC",0.128665110931017,0.534566081666097,0.25,0.113,1
"RPRD2",0.48557434590139,-0.534512090726894,0.214,0.268,1
"ZBED6",0.537524212664966,-0.534257081332194,0.071,0.113,1
"HEXB",0.499047785659909,-0.533871318294483,0.071,0.113,1
"SEC11A",0.4686475512629,-0.533726866649885,0.25,0.31,1
"WASHC3",0.43872291048548,-0.533153538032676,0.143,0.211,1
"TSC22D4",0.430725591510867,0.532866878276417,0.321,0.239,1
"H2AZ1",0.292834739811376,0.532637789845453,0.643,0.563,1
"TXNDC9",0.965232042839866,0.53212188517494,0.143,0.155,1
"INPP4B",0.466591356101856,0.532057817102442,0.179,0.113,1
"HDAC1",0.752621941188469,0.531619345782322,0.25,0.239,1
"MLLT10",0.614959414661658,-0.531611586400165,0.107,0.141,1
"SNHG29",0.0358522429331973,0.531572601045083,0.821,0.789,1
"MARS1",0.260797738886929,0.531375495335236,0.393,0.282,1
"UFM1",0.480588410883205,0.531348229064056,0.321,0.282,1
"GABPA",0.69692226094617,0.53129533741894,0.107,0.085,1
"PBDC1",0.559637693008152,0.531145148876824,0.214,0.169,1
"ERLEC1",0.474312070540036,-0.53081560193605,0.286,0.338,1
"SYT11",0.586817741912884,-0.530662082938208,0.179,0.225,1
"GATA3",0.60520100659472,-0.530449078383127,0.214,0.282,1
"LSM8",0.274462643998227,-0.53026760412208,0.25,0.366,1
"RAB3GAP1",0.956495087881683,-0.530166546704705,0.179,0.155,1
"ANKRD11",0.129303178755862,0.530160228647391,0.679,0.465,1
"ASXL2",0.28424227086225,0.529919087737844,0.357,0.254,1
"CHMP4B",0.565669650134067,0.529639626945088,0.321,0.254,1
"PRDX2",0.139963177008663,0.529578645126661,0.214,0.099,1
"PHF23",0.564135389530713,0.529252450728274,0.143,0.099,1
"DCAF10",0.477780082376245,-0.528939809012698,0.107,0.169,1
"COPS8",0.226929504559378,-0.528865749353085,0.179,0.31,1
"PRKCA",0.308730537675373,-0.528726705013045,0.179,0.268,1
"NONO",0.484141252488117,-0.528581013748707,0.429,0.437,1
"ERGIC2",0.632040509381739,-0.528470551940312,0.143,0.183,1
"ZNF91",0.729719770066615,0.528275449867637,0.179,0.155,1
"RCL1",0.604587768433139,0.52812822827147,0.107,0.07,1
"TNPO3",0.451623034872326,-0.528061412451723,0.179,0.239,1
"ZNF414",0.581845167205705,0.527632705885237,0.107,0.07,1
"CTCF",0.38143492809121,0.527580129030033,0.357,0.254,1
"RPS6KA3",0.432753179555778,-0.527563710997068,0.321,0.352,1
"ZNF451",0.698860252487834,-0.527544846618435,0.25,0.254,1
"EIF4E",0.402555672705235,-0.527515064564584,0.25,0.352,1
"BCL7B",0.500650687215691,0.527382755349531,0.357,0.282,1
"AMD1",0.673808870474505,0.527322661154977,0.286,0.268,1
"BTN3A1",0.466670749272496,-0.526810828611361,0.214,0.268,1
"KMT2C",0.477008514966973,0.526675087666724,0.429,0.352,1
"NEDD8",0.216428455329053,-0.526562083453196,0.429,0.521,1
"WSB2",0.627175854474187,0.526174304879101,0.179,0.141,1
"MIEN1",0.489137030349005,0.526157314618956,0.214,0.155,1
"MIR142HG",0.170872168835683,-0.526068458615945,0.286,0.451,1
"RETREG2",0.495700165696493,0.525961029432646,0.25,0.183,1
"NUDCD2",0.58345853518032,-0.525906815769681,0.179,0.211,1
"SLC39A9",0.593166535920896,0.525888041500961,0.107,0.07,1
"HIBADH",0.462470127695724,-0.525692398563589,0.107,0.169,1
"SHISA5",0.519668457414947,-0.525511675645443,0.393,0.451,1
"HOOK3",0.248140676077456,0.524991212384156,0.321,0.197,1
"SS18L2",0.518485987499927,0.524833378232383,0.393,0.338,1
"DNTTIP1",0.289700489897927,0.524725793791863,0.357,0.211,1
"PPIL2",0.36208600548932,0.524722870237948,0.179,0.099,1
"MCOLN2",0.418510789666183,-0.524712295654914,0.25,0.352,1
"FAM172A",0.83910763038786,-0.524538215269918,0.286,0.268,1
"RAB8B",0.0808702907470998,-0.523738604989429,0.25,0.465,1
"ENSG00000283674",0.656016407248454,0.523714133369624,0.143,0.113,1
"LSM10",0.474915888892524,0.523427860307235,0.25,0.183,1
"PEX3",0.396532544800314,0.523192177355499,0.25,0.169,1
"NCOR2",0.336093646141202,-0.523167093446552,0.143,0.239,1
"NPC1",0.322808784054454,0.522997868862538,0.321,0.239,1
"FPGS",0.737038280071791,-0.522917902027751,0.107,0.127,1
"CLIP4",0.568341980163508,-0.522747625197658,0.179,0.211,1
"LSM3",0.157737550797687,-0.52270082682675,0.214,0.352,1
"VHL",0.731793298869565,0.522223814707175,0.107,0.085,1
"APBB1",0.806545520906735,0.522092442993487,0.143,0.127,1
"ADA",0.973600775920869,-0.521671338373343,0.143,0.127,1
"CERS5",0.578241614682946,-0.521359310654209,0.107,0.141,1
"NOL7",0.152389004723266,0.521101750090508,0.607,0.549,1
"SNX13",0.578241614682946,-0.520556835624981,0.107,0.141,1
"ENSG00000291203",0.547371003895676,-0.520552875610373,0.071,0.113,1
"SNAPC3",0.731793298869565,0.51933933192406,0.107,0.085,1
"HEXA",0.434116494783259,0.519278113147677,0.286,0.211,1
"MBNL1",0.0645423961940576,-0.519230962676554,0.857,0.845,1
"PPWD1",0.427148888369811,0.519033040238263,0.321,0.225,1
"BBS9",0.903455972151039,-0.518751535293002,0.179,0.183,1
"SLC43A2",0.391634589216643,0.518708485003764,0.107,0.056,1
"AP3S1",0.428175130446691,-0.518681096112658,0.25,0.31,1
"UFC1",0.229711163191352,-0.518601627932334,0.357,0.493,1
"AKIRIN2",0.281221155591712,0.518175025014374,0.464,0.324,1
"DANCR",0.491863201113188,-0.518159499777059,0.143,0.197,1
"MRFAP1L1",0.902707536936011,0.517834534293862,0.286,0.282,1
"SIN3A",0.509006282732171,-0.517416172266543,0.107,0.155,1
"PRKCQ-AS1",0.0730723579708653,0.517262207248843,0.429,0.239,1
"FAF1",0.264936012352431,-0.516651972117866,0.25,0.38,1
"RPS27L",0.173029520282134,0.516486565379663,0.464,0.296,1
"TYW1",0.534770516136933,-0.516443401707994,0.143,0.183,1
"CLSTN3",0.810453187809631,0.51585014173172,0.107,0.127,1
"SSR2",0.0918590585509016,0.515572871467642,0.786,0.69,1
"PHF10",0.51726778086835,0.515323417019485,0.179,0.127,1
"TADA3",0.50411138695256,0.514997977256462,0.214,0.155,1
"CCDC107",0.557251019230137,-0.514750980573835,0.179,0.225,1
"CASP1",0.421276618615178,0.514461769332349,0.107,0.056,1
"EXOC1",0.227735200409405,0.514198606956713,0.25,0.127,1
"C11orf98",0.33053114189661,-0.514189809050112,0.214,0.31,1
"WDR43",0.316092307665494,-0.514177764732175,0.143,0.225,1
"N4BP3",0.579358251939174,-0.514065649781864,0.179,0.225,1
"VPS36",0.242361017337615,-0.513942683813543,0.143,0.254,1
"TRAK1",0.420149010447153,0.513931601019005,0.214,0.141,1
"RTF2",0.32839295242023,-0.513927832411326,0.25,0.352,1
"TRIM4",0.235649823277369,-0.513582498096922,0.214,0.352,1
"SPCS3",0.371761483900482,0.513467560313982,0.357,0.282,1
"BUD23",0.591260063704508,0.513371434723369,0.286,0.254,1
"COX7A2",0.722902705497677,0.513345473366376,0.75,0.676,1
"ZNF770",0.528964152608325,-0.513202262510087,0.143,0.197,1
"UBE2V1",0.436594842761915,0.512939025264395,0.393,0.31,1
"BTD",0.404045785240256,-0.512407071375272,0.107,0.169,1
"ENSG00000226824",0.466591356101856,0.512380393407766,0.179,0.113,1
"EPB41",0.14758196729581,0.512082221684057,0.571,0.423,1
"LAT",0.0972461182397599,-0.512066526102553,0.821,0.845,1
"COPZ1",0.422198692627918,0.511641087807493,0.25,0.169,1
"XRRA1",0.489137030349005,0.511523098957188,0.214,0.155,1
"CD82",0.474405596569247,0.511491148719169,0.214,0.155,1
"TRIAP1",0.446163404647008,-0.511310613164322,0.071,0.127,1
"HDDC2",0.796312779099566,0.511234227760818,0.143,0.127,1
"NUP214",0.325287406524122,0.511208361113854,0.286,0.183,1
"MYLIP",0.0564112611555535,-0.511199516654997,0.179,0.394,1
"CALM3",0.350341437689256,-0.511132424033445,0.214,0.31,1
"RHEB",0.354412149453468,-0.511007028916485,0.25,0.338,1
"TDG",0.607204941301628,-0.510992244846091,0.143,0.197,1
"DAP",0.358414782384361,0.510956124373431,0.25,0.155,1
"SIN3B",0.716464114330277,-0.510833569366141,0.107,0.127,1
"IL2RG",0.0607733793540842,-0.510736290257404,0.679,0.859,1
"ASXL1",0.491953873341324,-0.510544981505744,0.214,0.254,1
"FBXL15",0.343920535509416,-0.510398730011687,0.071,0.155,1
"TMEM167A",0.323697716518212,-0.510297192221149,0.179,0.268,1
"SEPTIN9",0.171011084684942,0.510201545795193,0.536,0.38,1
"TAF10",0.385411847813161,0.510104577134061,0.643,0.634,1
"ZNF431",0.470090673965973,-0.50944800426497,0.107,0.169,1
"GIT2",0.460600066703611,-0.509041555193491,0.214,0.296,1
"MAP4K1",0.892895118610046,-0.508932713261394,0.143,0.141,1
"TMA7",0.0713636799933774,-0.508607542340213,0.679,0.887,1
"PSMB2",0.308020190734644,-0.508123208751898,0.214,0.324,1
"CMAS",0.509006282732171,0.508061767242275,0.179,0.127,1
"TRAPPC14",0.720103733442842,0.507945394791919,0.107,0.085,1
"HIRIP3",0.489662544900588,-0.507795420835558,0.071,0.113,1
"FAM193A",0.409847266985031,0.50775404448953,0.286,0.211,1
"MRPS7",0.370078943353614,-0.507701651726174,0.214,0.296,1
"IRF9",0.35009722380726,-0.507491532277304,0.179,0.254,1
"TFB1M",0.41125266396264,0.507426136347553,0.107,0.056,1
"SAMM50",0.8308618936708,-0.507343017415931,0.107,0.113,1
"RER1",0.297029446827648,-0.507337449131573,0.25,0.352,1
"SNRPC",0.293244965558271,0.507262916089684,0.429,0.352,1
"ATXN7",0.32339283836849,-0.507167939346008,0.179,0.282,1
"PCNP",0.336824036898647,0.506972699800953,0.464,0.366,1
"SMC6",0.574373474528912,-0.506702824982538,0.143,0.183,1
"CYC1",0.332359975134305,-0.506409006345407,0.321,0.38,1
"MRPL11",0.485766483302471,0.50609651961598,0.214,0.141,1
"CDC27",0.406308001384725,-0.506062681109316,0.107,0.183,1
"SERPINB9",0.370115036452267,-0.505803250427909,0.607,0.676,1
"H3C4",0.827345024334875,-0.50570845301671,0.107,0.085,1
"SH3KBP1",0.191703366709574,-0.505696661923417,0.464,0.62,1
"ZNF506",0.358390617672927,-0.505413690544195,0.143,0.239,1
"RAB5A",0.488127299686272,0.504953910210053,0.321,0.254,1
"ATXN10",0.507322217938345,-0.504745988940507,0.179,0.225,1
"C6orf62",0.482601567598756,-0.504734785816238,0.25,0.324,1
"PTBP2",0.41319418136814,0.503785400725938,0.214,0.141,1
"MLEC",0.79124572612124,0.503718841885136,0.25,0.254,1
"TFG",0.435267505215907,-0.503345539586689,0.214,0.254,1
"NSMCE4A",0.743545447681315,0.503268690948743,0.107,0.085,1
"BICD1",0.235242502433921,-0.503063759099226,0.107,0.225,1
"CNPY3",0.246256458036402,0.503031320898342,0.393,0.254,1
"CSNK1E",0.474733072913582,0.502668568662885,0.179,0.113,1
"KLHDC4",0.653053162672487,-0.502594970122716,0.214,0.254,1
"TOX",0.198848220468286,-0.502533172238844,0.179,0.352,1
"HIPK3",0.254580794995855,0.502177547704969,0.393,0.239,1
"GBP2",0.12656009332066,0.502104808260971,0.464,0.31,1
"ACTR3",0.213577903269484,-0.502007991472242,0.643,0.606,1
"NAA38",0.334746108836518,0.501511817130905,0.25,0.155,1
"ZNF805",0.41125266396264,0.501477069169234,0.107,0.056,1
"STK38L",0.446163404647008,-0.501464606654056,0.071,0.127,1
"MTIF3",0.420149010447153,0.500619291038346,0.214,0.141,1
"POLG",0.504795052843542,-0.500566800569746,0.143,0.211,1
"AP2M1",0.223948307074249,-0.500525682070694,0.5,0.577,1
"PPP4R1",0.581845167205705,0.500441156591601,0.107,0.07,1
"NDUFB9",0.309341030750983,0.500368768254055,0.536,0.451,1
"SDAD1",0.484347002329775,-0.500335360318577,0.179,0.239,1
"SNRNP35",0.458527723299279,0.500334237803858,0.179,0.113,1
"ESR2",0.437709712738148,-0.500159726023921,0.071,0.127,1
"ZNF235",0.434811663271676,0.500135375858174,0.179,0.113,1
"CHMP2B",0.713325829473431,0.499870056595407,0.214,0.183,1
"NDUFA11",0.318578865663225,-0.4995790474343,0.357,0.493,1
"ZNG1A",0.463712344303626,-0.4995692285066,0.214,0.282,1
"LDB1",0.462387048577968,-0.499564381891269,0.179,0.254,1
"ESCO1",0.36042773886256,0.499492235982877,0.321,0.211,1
"DCAF1",0.418112149838619,0.49936443621414,0.143,0.085,1
"ERBIN",0.493793702559443,0.498844490249403,0.429,0.352,1
"SAP30BP",0.0646189475918369,0.498789579193466,0.643,0.437,1
"SAFB2",0.217102857004295,-0.498635744717799,0.321,0.451,1
"MRPS16",0.470722792680317,0.498566346461606,0.214,0.141,1
"CEMIP2",0.672662981724654,-0.498446794888964,0.429,0.451,1
"RAD23B",0.0890124850844213,0.498387240269983,0.536,0.338,1
"SDR39U1",0.684660261224189,0.498327955401544,0.179,0.155,1
"ERH",0.228419253363974,0.498300881370801,0.607,0.493,1
"ENSG00000290993",0.50852775643055,-0.498194522441623,0.071,0.113,1
"CCDC126",0.716464114330277,0.498065008575215,0.143,0.113,1
"SOD1",0.317470337584475,0.497774942540496,0.714,0.746,1
"ENSG00000290922",0.615313008701424,-0.497244532096041,0.143,0.183,1
"ZZZ3",0.172654780517264,-0.496745148998106,0.071,0.183,1
"BLTP2",0.58370862865787,0.49655815847114,0.179,0.141,1
"PDE3B",0.502827659298673,0.496116800155657,0.607,0.493,1
"SLC35B1",0.596471851315234,-0.496085487291741,0.107,0.141,1
"PELP1",0.675940281737392,0.495897518650546,0.143,0.113,1
"ZMAT2",0.186271915674255,-0.495273548975139,0.536,0.577,1
"ZC3H11A",0.434811663271676,0.495150457870521,0.179,0.113,1
"ADGRE5",0.119156242584526,-0.494772138222161,0.893,0.915,1
"TTC9C",0.656016407248454,0.494469368590033,0.143,0.113,1
"BTG2",0.0901020664031305,0.494460488384737,0.679,0.437,1
"HLA-F",0.091381963929892,-0.494460366074084,0.536,0.676,1
"MAU2",0.765830597360601,0.494013850892325,0.143,0.127,1
"CD247",0.0329460918468162,0.493941232524647,0.857,0.746,1
"NKG7",0.0230193362964458,-0.493646125480968,0.857,0.944,1
"RAB14",0.18330852243992,0.493423345187418,0.536,0.394,1
"GALNT1",0.477423542330566,-0.49335106532013,0.143,0.197,1
"ITGAV",0.941531527991505,-0.493220306922334,0.286,0.282,1
"TIPRL",0.736161346222364,0.493126875241123,0.25,0.197,1
"TNFRSF1B",0.346523094681062,-0.493093740998411,0.5,0.535,1
"BTBD9",0.533972247484583,0.493048152710579,0.357,0.31,1
"TIAL1",0.314946041201806,0.493009406774054,0.429,0.324,1
"LINC00963",0.554554102203333,0.492792123282189,0.143,0.099,1
"ATP2B1",0.0626623364627008,-0.492671553004033,0.179,0.366,1
"PCNX2",0.840637804638343,0.492494165039697,0.214,0.211,1
"CHMP5",0.598783092740844,-0.492349143977008,0.143,0.183,1
"AP2A2",0.50852775643055,-0.492239194154521,0.071,0.113,1
"CFAP210",0.917927942277456,-0.491859881150204,0.179,0.155,1
"PUF60",0.0972857958937247,-0.491834062361717,0.286,0.451,1
"DNAJC21",0.235936931402368,-0.491801217468202,0.286,0.408,1
"MAN1A2",0.539093251955032,0.491791535772067,0.286,0.211,1
"CFAP20",0.864338331279629,0.491685077447296,0.107,0.099,1
"RANGAP1",0.148426573076167,0.491620495886396,0.464,0.296,1
"XRCC6",0.099158265574189,0.490978692629483,0.714,0.62,1
"NELFCD",0.35953528158875,0.490967169645172,0.321,0.225,1
"DDX60",0.726726561376238,-0.490917968656504,0.107,0.127,1
"RAB5C",0.162564591037336,0.490917746902975,0.643,0.451,1
"AAMP",0.297029446827648,0.490900734579526,0.429,0.282,1
"STYX",0.51726778086835,0.490895672162386,0.179,0.127,1
"CNIH1",0.366533930469217,-0.490718492726756,0.286,0.352,1
"N4BP1",0.567561366787742,-0.490459794035303,0.607,0.549,1
"EEF1E1",0.694836014583663,-0.490426502531975,0.143,0.155,1
"CEBPZ",0.78981348356072,0.490387230067455,0.321,0.324,1
"HMGCR",0.731793298869565,0.490335458920772,0.107,0.085,1
"DCP1A",0.274977736353906,-0.490127829900902,0.107,0.211,1
"GPAA1",0.566342893351033,0.489752207171238,0.214,0.155,1
"KIF21A",0.246713016673551,-0.489688829432986,0.286,0.423,1
"RPLP1",0.00010084925939473,0.489676581238041,1,1,1
"SECISBP2L",0.244258000126679,0.489643078389583,0.393,0.296,1
"AGTPBP1",0.249226536001865,-0.489543742578155,0.143,0.282,1
"NOLC1",0.269318909400387,-0.489535563067076,0.286,0.394,1
"PSPC1",0.130875884450211,0.489274110067063,0.393,0.211,1
"GLTP",0.371443015259664,0.489141894339976,0.357,0.268,1
"BAK1",0.853137437640387,-0.489001721145951,0.107,0.113,1
"ZXDC",0.114461375878698,0.488992800168761,0.286,0.127,1
"NDEL1",0.409239779376086,-0.488932346770055,0.143,0.211,1
"BCL11B",0.125095704896515,-0.488903206217774,0.75,0.761,1
"PJA2",0.614517088799071,-0.488804604167865,0.25,0.296,1
"PQBP1",0.32839295242023,-0.488766027961565,0.25,0.352,1
"STXBP3",0.583195203766129,0.488652460622555,0.214,0.169,1
"UBA3",0.169442416642452,0.488635478547438,0.393,0.239,1
"ACADM",0.696535149808311,0.488506337725426,0.214,0.183,1
"SUZ12",0.559310825181158,0.488273364798858,0.286,0.225,1
"MED16",0.370314147115946,0.488232841787061,0.321,0.225,1
"WDR47",0.734508561911335,-0.488101245584109,0.179,0.197,1
"SLAMF7",0.969072561002224,-0.488005855809109,0.214,0.197,1
"GDI2",0.627305322047413,0.487874255742473,0.536,0.437,1
"CD53",0.215264212140337,-0.487791128064562,0.75,0.775,1
"PEX26",0.307522914229674,0.487725980656502,0.143,0.07,1
"CCDC115",0.465919718675699,-0.487499397401147,0.143,0.211,1
"ZDHHC5",0.885575599572304,0.487472416671418,0.107,0.127,1
"CD37",0.081223329351253,-0.487374323051156,0.75,0.817,1
"ARPC2",0.0175898391483334,-0.487125734251194,0.857,0.944,1
"RHOF",0.263111379202581,0.486963225519118,0.464,0.366,1
"CD2AP",0.525309385305502,-0.486738902860021,0.214,0.239,1
"ZNF639",0.41181974431909,0.486333992385594,0.179,0.113,1
"WASF2",0.180780736205716,0.486274448938863,0.607,0.408,1
"HAGH",0.463346658260094,-0.486077187443674,0.071,0.127,1
"WIPI2",0.271717545932697,0.485948171761586,0.357,0.225,1
"BRIX1",0.45327272421717,-0.485942640490974,0.179,0.225,1
"TRAPPC6B",0.330592438668711,-0.485555925965601,0.071,0.155,1
"DCTD",0.50852775643055,-0.485502223888587,0.071,0.113,1
"ANAPC16",0.144656548916442,0.485421573037109,0.429,0.296,1
"ZNF780B",0.3549125106448,0.485347593555781,0.179,0.099,1
"RCOR1",0.379455907971736,-0.484651876364912,0.107,0.183,1
"ARAF",0.616234417532694,0.484625438524303,0.286,0.225,1
"MRPL19",0.307235852765094,0.484228564285338,0.179,0.099,1
"TWSG1",0.708479239788243,0.484067134279954,0.107,0.085,1
"IL21R",0.274552483790641,0.483722261644694,0.75,0.746,1
"RAB11B",0.451618717868468,0.483162870216113,0.321,0.254,1
"HNRNPDL",0.111954612556356,0.483104842447889,0.857,0.676,1
"YEATS2",0.527767206360908,-0.483057124592377,0.071,0.113,1
"SNX1",0.559310825181158,-0.482058302427903,0.214,0.254,1
"PRPF19",0.681031871920996,0.481990681231733,0.25,0.211,1
"YARS1",0.152817710285509,0.481035434942095,0.607,0.465,1
"CDC37L1",0.215394246337769,0.481007173049985,0.321,0.197,1
"SUSD6",0.447437813404767,-0.48083388013834,0.107,0.169,1
"MFSD14CP",0.533996627808984,0.480807851127219,0.179,0.127,1
"PEX11B",0.775953665172613,0.480480901219797,0.143,0.127,1
"HSPD1",0.102688837153557,0.479823063974737,0.679,0.465,1
"PSMD11",0.47266992774359,0.47977902898087,0.429,0.38,1
"ITFG1",0.518364272154387,-0.479497857766229,0.214,0.254,1
"ZNF529",0.743545447681315,0.479091915116534,0.107,0.085,1
"WASHC5",0.392742862525778,-0.478840055538127,0.107,0.183,1
"COA1",0.847791674391067,0.478660618592106,0.143,0.127,1
"UBR2",0.187872026746787,0.478619876213316,0.536,0.352,1
"NELFA",0.636605761876114,0.478318307116483,0.25,0.225,1
"SCFD2",0.720103733442842,0.478149445781504,0.107,0.085,1
"SPEN",0.799005218120489,-0.477322346703089,0.393,0.338,1
"DBF4",0.435398513564973,0.477178374666631,0.143,0.085,1
"MR1",0.578241614682946,-0.476922290131213,0.107,0.141,1
"MYNN",0.576979871682774,-0.476716267664127,0.107,0.155,1
"ATF1",0.808721434018759,-0.476684135474677,0.107,0.113,1
"HERC4",0.431038183689027,-0.476536308197339,0.179,0.254,1
"LCOR",0.414171285646674,-0.476524354322529,0.25,0.296,1
"TRAPPC8",0.489799346348196,-0.475839290518119,0.071,0.127,1
"NXF1",0.749546147308534,0.475815506201242,0.179,0.169,1
"FAM168B",0.404319017941478,0.475597430286464,0.179,0.113,1
"GAPDH",0.0516292698036157,-0.475593964670983,0.964,1,1
"PICALM",0.468338907830809,0.475490605862653,0.607,0.465,1
"ZNF800",0.297455444170114,0.475387286478634,0.429,0.296,1
"IRF2BPL",0.743545447681315,0.475328174304564,0.107,0.085,1
"RAMAC",0.713325829473431,0.475268641110266,0.214,0.183,1
"ARRDC3",0.302203003605854,-0.475091018022684,0.214,0.31,1
"CASP8AP2",0.570625821209228,0.474930540686993,0.107,0.07,1
"SPATA33",0.656016407248454,0.474629362520678,0.143,0.113,1
"ESF1",0.715939903450579,-0.474617564360685,0.179,0.183,1
"C1orf50",0.737038280071791,-0.474393652131561,0.107,0.127,1
"OSGEP",0.933786494887703,0.474346869244026,0.214,0.197,1
"PGRMC1",0.557306213088631,-0.474197029345741,0.071,0.113,1
"FAM193B",0.923383421084545,0.473991414637548,0.143,0.141,1
"FAM89B",0.847791674391067,0.473968725839468,0.143,0.127,1
"LIMD2",0.232947988482763,0.473074164533218,1,0.901,1
"CPNE1",0.602621045311105,0.473067463590721,0.429,0.394,1
"RBBP4",0.40264843989511,-0.47292621305936,0.214,0.296,1
"MVD",0.545486954733447,0.472895830464028,0.286,0.225,1
"GGA3",0.623234459629818,0.472877742386999,0.143,0.099,1
"TDP2",0.407010432593731,-0.472760233977793,0.071,0.141,1
"CHIC2",0.355930918998111,0.472671335022809,0.464,0.38,1
"TCTN3",0.583533659361186,0.472589670898614,0.143,0.099,1
"U2AF2",0.231938615242812,-0.472307432233005,0.214,0.352,1
"ANAPC4",0.913205889445396,-0.472196191906061,0.143,0.141,1
"RNASEH1",0.96592532809915,0.472178575679514,0.107,0.113,1
"RPL9",0.000987031222245203,0.472099079505457,1,0.986,1
"ZBP1",0.747397561009028,-0.471867190510358,0.107,0.127,1
"AP3M1",0.671868667697874,-0.47146545760778,0.107,0.141,1
"LEPROTL1",0.11694576192673,0.471418564732971,0.857,0.859,1
"AGPAT4",0.138033616905694,-0.471404789185365,0.286,0.451,1
"CCM2",0.52974107380394,-0.471099957507049,0.286,0.324,1
"PNISR",0.727336650237267,0.470915338228685,0.5,0.465,1
"LARS1",0.988638705215281,0.470791051798802,0.107,0.113,1
"ENSG00000261573",0.568254123976579,-0.470565719593875,0.107,0.155,1
"UBE2D1",0.325287406524122,-0.47049299413237,0.143,0.239,1
"PARG",0.743041960908092,-0.47043978599647,0.179,0.197,1
"ABCD3",0.737038280071791,-0.470163023121958,0.107,0.127,1
"H1-10",0.21884525629811,0.470013872907393,0.357,0.225,1
"B3GLCT",0.87265435668722,0.469060630652586,0.143,0.141,1
"CPSF3",0.537524212664966,-0.468954198919572,0.071,0.113,1
"AHCTF1",0.760645471916831,0.468789278812523,0.214,0.197,1
"TPRKB",0.330592438668711,-0.468689213638201,0.071,0.155,1
"ADAM8",0.35959672224066,0.468619513266711,0.357,0.239,1
"SEM1",0.170634184928575,0.46859888013252,0.464,0.268,1
"WDR45B",0.474405596569247,0.468247208480307,0.214,0.155,1
"IFITM1",0.0534348102954488,-0.467998849373626,0.821,0.944,1
"LCK",0.257152602799625,0.46775309369917,0.5,0.366,1
"AKT3",0.400065952559958,-0.467659839156712,0.357,0.408,1
"MCU",0.662240595548086,-0.467486852926412,0.107,0.141,1
"CNN2",0.772672553723773,0.466444096279294,0.536,0.507,1
"AKIRIN1",0.226465030403421,-0.46626256283158,0.25,0.394,1
"CDK9",0.341582415671894,-0.466172862424953,0.143,0.239,1
"BECN1",0.164510773687837,-0.466041360338257,0.25,0.38,1
"CRY1",0.767542742506788,0.465950051723622,0.179,0.169,1
"LSM12",0.591149194139713,0.465913258738507,0.214,0.169,1
"BCAS3",0.868526253547673,0.465773815333379,0.179,0.169,1
"CRLS1",0.731793298869565,0.465565249084451,0.107,0.085,1
"ITFG2",0.340726698433042,0.465533754238111,0.214,0.127,1
"NOB1",0.445231615454406,-0.465384295556935,0.179,0.239,1
"MT-CO2",0.00146493201703618,-0.465250534371496,0.929,1,1
"ZC3H12A",0.419784159868933,-0.465217434326664,0.214,0.31,1
"DIP2B",0.898711780025163,0.464898449395935,0.143,0.169,1
"TAF1D",0.199618320493336,-0.464264547164462,0.25,0.437,1
"RPF1",0.796312779099566,0.464232570829526,0.143,0.127,1
"NOL12",0.713326071656982,-0.464179488897108,0.143,0.155,1
"RBBP6",0.489470363829163,0.464019294047831,0.393,0.338,1
"PAXX",0.0605031152991797,0.46390299836506,0.714,0.507,1
"AMFR",0.857892828996083,-0.463826169286082,0.179,0.183,1
"HNRNPH1",0.395385884265797,0.463596213679098,0.536,0.394,1
"POP4",0.154490586046227,0.46333776133949,0.321,0.169,1
"PPP2CA",0.530434669781699,-0.463318895400276,0.393,0.465,1
"EIF2B1",0.587323992245634,-0.462981511120005,0.107,0.141,1
"PARP4",0.501255537875578,-0.462913442673808,0.107,0.169,1
"ANAPC1",0.64315232921324,-0.462731107578881,0.107,0.141,1
"G6PD",0.835075214248343,-0.462556891576048,0.214,0.225,1
"TEDC1",0.551889049894013,-0.462287557380556,0.143,0.197,1
"RBM18",0.486666703954443,0.462267632487873,0.25,0.197,1
"SMPD4",0.62429674304477,-0.462194210663934,0.107,0.141,1
"LAPTM4A",0.157634080243719,-0.462037004359921,0.393,0.549,1
"MRPS12",0.456017371542708,-0.461808207542297,0.179,0.254,1
"FADD",0.491247988314186,0.461686801871467,0.179,0.113,1
"RAB2A",0.324985189459209,0.461662948138292,0.679,0.507,1
"ZNF384",1,0.461148584324995,0.214,0.239,1
"PPP2R5E",0.519724786907889,0.461114171579829,0.321,0.254,1
"PKM",0.237569667573702,-0.460584668750821,0.571,0.648,1
"SLC35A1",0.434263201027446,0.460582872685772,0.214,0.141,1
"VOPP1",0.370078943353614,-0.460518225170049,0.214,0.296,1
"FLI1",0.612499024664179,0.460320433693886,0.179,0.127,1
"PPP2R2A",0.841460758858472,0.460187570253013,0.179,0.155,1
"SPTSSA",0.731793298869565,0.459710639160519,0.107,0.085,1
"NASP",0.282370410540037,0.459603745661889,0.464,0.366,1
"TOMM34",1,0.459563539160791,0.107,0.113,1
"SMIM10L1",0.559591989845024,-0.459559384425131,0.107,0.155,1
"NDUFB7",0.504581920532603,-0.459445834041936,0.179,0.239,1
"ADK",0.37302072027868,-0.459309460672692,0.357,0.507,1
"RBM38",0.41972160272165,-0.459240917839072,0.5,0.479,1
"SAT2",0.459921246202202,0.459237134238287,0.214,0.155,1
"PSMG4",0.570625821209228,0.458753495893197,0.107,0.07,1
"CETN2",0.743545447681315,0.458621397628374,0.107,0.085,1
"CYB5R3",0.619817810879295,-0.458520173555998,0.286,0.324,1
"EXOC6B",0.778743301524494,-0.458368345626415,0.107,0.127,1
"KDELR2",0.334637208840447,0.458264147626513,0.464,0.394,1
"EIF3M",0.17135279128048,0.458038121699348,0.607,0.507,1
"MAP4K5",0.154976498010649,0.458014926650482,0.429,0.268,1
"HSPH1",0.519305987305835,0.457984113512886,0.464,0.437,1
"RTL8C",0.604587768433139,0.457617048986004,0.107,0.07,1
"DERL1",0.594051459658249,0.457585559734731,0.321,0.268,1
"GAS5",0.11181266204488,0.457571442406019,0.786,0.648,1
"NUP98",0.572491554832313,0.457362664822308,0.429,0.394,1
"HIP1R",0.314966984006257,0.457123698682546,0.143,0.07,1
"DPP7",0.11531231152529,0.457103155606807,0.571,0.394,1
"ERCC3",0.741376701847217,-0.456810858707522,0.143,0.155,1
"IMMT",0.557251019230137,-0.456635548265296,0.179,0.225,1
"CREB3",0.721774153199146,0.456548432476519,0.214,0.183,1
"TRIM8",0.246572290323914,0.456311329568066,0.25,0.141,1
"RBM25",0.25818782746183,0.456193178343467,0.607,0.535,1
"PCYT1A",0.730256552727137,0.456136862484735,0.214,0.183,1
"RHBDD2",0.419633096023621,0.456080818289371,0.393,0.352,1
"SUPT7L",0.517043975636083,0.455437151894816,0.143,0.099,1
"CNOT2",0.110735113851564,0.455425555913061,0.536,0.338,1
"ANKHD1",0.444841552811682,0.455420269939151,0.464,0.423,1
"BRF1",0.330207461809078,0.455204876840713,0.143,0.07,1
"NAA25",0.653905162142925,0.45516722200753,0.179,0.141,1
"ITPR2",0.781496019380083,-0.45508421459762,0.357,0.352,1
"EFR3A",0.580356701007035,-0.454904297024298,0.214,0.254,1
"UQCRC1",0.41977487303325,0.454718442499661,0.357,0.268,1
"KIFBP",0.75535764771254,0.45467698521165,0.107,0.085,1
"DYRK1A",0.43644569484625,-0.454351437543328,0.321,0.394,1
"WDR6",0.889124902913081,0.454243029559195,0.143,0.169,1
"PBX2",0.887758942440396,0.453959167385542,0.107,0.099,1
"SENP1",0.775732567822024,0.453807103926537,0.179,0.155,1
"RSL1D1",0.40050231028071,0.453696186743936,0.5,0.423,1
"E4F1",0.763031400196122,0.453646562211939,0.143,0.183,1
"ELOB",0.133875801660636,-0.453117702576905,0.607,0.746,1
"KCMF1",0.490302887276632,-0.453077124206395,0.286,0.324,1
"STRN3",0.358414782384361,0.452506735425366,0.25,0.155,1
"ARHGAP26",0.248044499529243,0.45235576431971,0.571,0.507,1
"INTS6L",0.525598164784724,-0.452103059797075,0.107,0.155,1
"DLEU1",0.52629686636159,0.45159419853139,0.143,0.099,1
"PPP2R1B",0.618691274807079,0.451305746535103,0.071,0.113,1
"SSBP3",0.557251019230137,0.451149712196745,0.25,0.197,1
"MBNL1-AS1",0.454709301773822,-0.451090723400881,0.071,0.127,1
"RNF25",0.63633429248411,0.45098483709042,0.143,0.113,1
"SMAD3",0.436888760050904,0.450933078908409,0.321,0.268,1
"MYO1G",0.484347002329775,-0.450886038836852,0.179,0.239,1
"CIAO2A",0.477701111698565,-0.450886019935795,0.179,0.239,1
"TSPAN17",0.317603232839138,-0.450720143470234,0.071,0.155,1
"THOC5",0.743545447681315,0.450697100960499,0.107,0.085,1
"SSB",0.420392586418867,0.450503521275559,0.393,0.31,1
"NBAS",0.59915269546689,0.450452515441844,0.214,0.169,1
"ANKRD36",0.737038280071791,-0.450443708969261,0.107,0.127,1
"IRF2BP1",0.60568404972763,-0.450371712400564,0.107,0.141,1
"PDCD4",0.0902453677521806,0.45034576062349,0.857,0.817,1
"LLPH",0.36076948120662,-0.450317204110029,0.143,0.225,1
"MAP2K3",0.0627569192421775,-0.45018124079443,0.357,0.62,1
"U2AF1L4",0.603237156810161,0.450102474499408,0.143,0.099,1
"TMEM258",0.818724529128307,-0.450069231213241,0.464,0.451,1
"SERINC3",0.516887046806956,-0.449948543969163,0.429,0.437,1
"H2BC4",0.656016407248454,0.449705953325116,0.143,0.113,1
"HECTD1",0.541061283922413,0.449701807485906,0.321,0.268,1
"FIBP",0.260027039395817,-0.44926643048453,0.107,0.211,1
"FAM136A",0.466474388909627,0.44919490189125,0.25,0.197,1
"EAPP",0.242872792213156,0.449192691316315,0.536,0.451,1
"GTF3C6",0.48273448549157,-0.448805291506345,0.357,0.338,1
"CTDSPL2",0.392742862525778,-0.448495777068749,0.107,0.183,1
"MRPL27",0.528429104946711,-0.44842916680761,0.179,0.225,1
"GPR183",0.520471120159473,0.448424611024337,0.607,0.535,1
"MCM6",0.304360797562453,-0.44815109724584,0.143,0.239,1
"AP1B1",0.550994419319374,0.44814462477117,0.179,0.127,1
"KIF9-AS1",0.629202878202899,0.447852653489552,0.071,0.113,1
"HENMT1",0.887758942440396,0.447373768276203,0.107,0.099,1
"CARD11",0.396339881540717,-0.447302017699613,0.214,0.282,1
"BAZ2A",0.185137680385932,0.447265513251428,0.393,0.239,1
"RAB2B",0.66268013205145,0.44724282468543,0.107,0.085,1
"SEPTIN7",0.140107803951035,0.447135792505408,0.929,0.803,1
"ELMO2",0.518101300033471,-0.447100088731248,0.071,0.113,1
"FOXK2",0.666059566459173,-0.446930279766331,0.143,0.183,1
"NFATC2",0.149778956240948,-0.44691562965369,0.679,0.831,1
"C1orf35",0.806545520906735,0.445832019350186,0.143,0.127,1
"EOLA2",0.369349664318486,-0.445819175535185,0.071,0.141,1
"HIRA",0.564135389530713,0.445606285694047,0.143,0.099,1
"NCOA5",0.779310991841134,-0.445554920772282,0.143,0.155,1
"SPTLC1",0.353943626465163,0.445525103524288,0.25,0.169,1
"BBLN",0.34900183669525,-0.445357997327619,0.429,0.535,1
"ZNHIT2",0.567438731907268,0.444968141561348,0.214,0.169,1
"ZNF611",0.743545447681315,0.444929921455024,0.107,0.085,1
"SFT2D2",0.431038183689027,-0.444875095116533,0.179,0.254,1
"RNF187",0.145919828092573,0.444718552961938,0.357,0.183,1
"LINC01871",0.392742862525778,-0.443938033721041,0.107,0.183,1
"SEC63",0.537027095737179,-0.443815848057819,0.214,0.282,1
"SCAMP1",0.452205763006192,-0.443698227755846,0.143,0.211,1
"NDUFB8",0.270368554670424,-0.443625080291261,0.5,0.577,1
"SLTM",0.402117486572666,-0.443492527942477,0.536,0.563,1
"CRY2",0.547371003895676,-0.44327694780395,0.071,0.113,1
"RBM5",0.288810789214542,0.44306500489,0.464,0.352,1
"FBXW7",0.276915578006776,0.442785392001436,0.429,0.31,1
"GRAP2",0.329987829980348,0.442667027925141,0.571,0.451,1
"GABPB1-AS1",0.593347953063818,0.442532661381141,0.143,0.099,1
"ATP5MF",0.146503171181365,0.442194445764577,0.643,0.521,1
"GLIPR1",0.62336894640117,-0.442152762414369,0.321,0.366,1
"MRPS5",0.349303000842083,-0.442075505170513,0.214,0.296,1
"IKZF1",0.201581620070423,0.441824708366468,0.607,0.423,1
"NLRC5",0.0943806475604103,0.441623657903057,0.536,0.296,1
"RPS10",6.19967203140064e-05,-0.441295448352132,1,1,1
"SLC33A1",0.767227324638463,0.441020771728221,0.107,0.085,1
"ZUP1",0.379455907971736,-0.440868366000537,0.107,0.183,1
"TMEM250",0.949339368885869,0.4406651650461,0.179,0.183,1
"FCHSD2",0.554554102203333,0.440485080205858,0.143,0.099,1
"C1orf174",0.285606335202027,-0.440378211917689,0.25,0.338,1
"MED12",0.557306213088631,-0.439938885155378,0.071,0.113,1
"IFRD1",0.622744272000997,-0.43990901256816,0.286,0.31,1
"PRPF40A",0.414756621536176,-0.439814458430482,0.393,0.451,1
"MAP7D1",0.435387502536483,0.43959709972117,0.429,0.338,1
"YTHDC1",0.319393182146547,0.439421515364609,0.464,0.366,1
"ARL4A",0.927555672357282,-0.439142859495181,0.179,0.155,1
"RIGI",0.975822317205224,-0.439120867470979,0.179,0.155,1
"PURA",0.395064972286799,-0.438980903469865,0.25,0.338,1
"SCLT1",0.831373545953684,0.438937942795881,0.286,0.268,1
"ISG20L2",0.464560263345442,-0.438257184619458,0.179,0.239,1
"PTK2B",0.356925223055031,-0.437887138960126,0.25,0.352,1
"JARID2",0.419784159868933,-0.43759590643315,0.214,0.31,1
"COMMD3",0.59915269546689,0.437284940938296,0.214,0.169,1
"SPTY2D1",0.78927523460778,-0.437213924512302,0.107,0.127,1
"ZNF830",0.642793872639668,0.437043288036338,0.321,0.282,1
"TTC14",0.542701882277209,-0.4369174071084,0.25,0.31,1
"SEC13",0.322714922007648,-0.436643256346421,0.429,0.465,1
"SETDB1",0.923068023084508,0.436256735674722,0.107,0.099,1
"PGAP6",0.644943753222333,0.436229043124192,0.179,0.141,1
"DNMT1",0.634704262290115,0.436158029790382,0.179,0.239,1
"FKBP1A",0.356613689187749,-0.435993008592552,0.25,0.324,1
"STT3B",0.487338092385144,0.435181993077715,0.357,0.296,1
"CCDC91",0.941531527991505,-0.43456255003873,0.321,0.268,1
"UQCRC2",0.572111600415911,-0.434457839626108,0.321,0.338,1
"FAM107B",0.199776255493905,0.434371246297353,0.643,0.577,1
"GPR171",0.251511234354902,0.434325930395691,0.286,0.183,1
"UQCRQ",0.500256259898975,-0.434139246443939,0.357,0.408,1
"LIME1",0.419784695602523,-0.434008905055818,0.536,0.577,1
"SLC49A4",0.775953665172613,0.433988638238958,0.143,0.127,1
"AP1M1",0.472949988972771,0.433755023301423,0.321,0.239,1
"MRPL16",0.708479239788243,0.433673200989609,0.107,0.085,1
"CYRIB",0.165029944768812,-0.433530090206782,0.464,0.563,1
"YY1AP1",0.544684965992981,0.4334845062968,0.286,0.239,1
"OOEP",0.685989092826424,-0.43343792846958,0.107,0.127,1
"CTR9",0.206086727397345,0.433280719180136,0.536,0.352,1
"CKAP2",0.712613471281792,-0.433150104345538,0.214,0.225,1
"ISG15",0.575117869454412,0.432844666183066,0.179,0.239,1
"PPP1R12B",0.864338331279629,0.432783765443431,0.107,0.099,1
"ID2",0.735248063256735,0.432771297225406,0.321,0.38,1
"IFFO2",0.344204712579708,-0.432688106761331,0.107,0.197,1
"CSNK1G1",0.243866752720297,0.432521551846625,0.321,0.197,1
"RIOK3",0.490544120619894,0.432387192823066,0.321,0.268,1
"LRIG2",0.731793298869565,0.432254764127033,0.107,0.085,1
"LSM14B",0.640476146604847,-0.432010537214503,0.143,0.183,1
"IL10RA",0.256421796159749,0.431616288689595,0.643,0.465,1
"TFIP11",0.442561188110611,-0.431430284635221,0.214,0.282,1
"BICRAL",0.687569636796836,0.43142940446358,0.25,0.197,1
"DONSON",0.675940281737392,-0.431198690775859,0.107,0.127,1
"NPAT",0.430638887194955,0.430938329322478,0.357,0.282,1
"SELENOW",0.470795365316592,0.430810681091781,0.464,0.408,1
"KLHDC2",0.33066196267925,0.430720456016726,0.286,0.183,1
"ARFGAP3",0.158456714040086,-0.430288869364165,0.143,0.31,1
"OASL",0.173039730469549,0.430095974151365,0.786,0.859,1
"SRF",0.965924974367232,0.429994641768355,0.107,0.113,1
"UBAP1",0.623452512335259,0.429734574124189,0.214,0.169,1
"EML4",0.211695480557506,0.429632795549724,0.786,0.662,1
"NDUFS1",0.591086424647562,-0.429358691718844,0.179,0.211,1
"RALBP1",0.0780751573679798,-0.429152919085674,0.25,0.437,1
"RAB1B",0.637785790017405,-0.429143191169603,0.179,0.211,1
"CYFIP2",0.622266854279851,-0.429047019277854,0.393,0.38,1
"CASP7",0.737038280071791,0.428995733636012,0.143,0.113,1
"DDX5",0.316100006271325,-0.428955114302778,0.929,0.915,1
"SSH2",0.22153849227824,-0.428902123133635,0.357,0.521,1
"B4GALT1",0.380702056444753,-0.428597395006953,0.321,0.394,1
"ZMPSTE24",0.679891864513773,0.428502791528858,0.214,0.183,1
"MZT2B",0.0495573528198684,-0.428266527935459,0.75,0.845,1
"TBC1D7",0.743545447681315,0.428234178516574,0.107,0.085,1
"RGS1",0.889459038039901,-0.428140813310113,0.143,0.127,1
"FLNA",0.210222109096573,-0.4280774442919,0.786,0.789,1
"MRPS26",0.623652497737247,-0.427969876756917,0.143,0.183,1
"RETREG3",0.566342893351033,0.427952714710728,0.214,0.155,1
"STAG3L5P",0.514308313886036,-0.427820034026114,0.179,0.225,1
"DDX59",0.745705555468091,0.427706298729617,0.143,0.127,1
"TRAPPC11",0.322528503488701,0.427102463332645,0.143,0.07,1
"RPL18A",0.00380285966964028,0.427031589212377,1,1,1
"LAPTM5",0.107689613982913,0.426247565135656,0.893,0.93,1
"ERCC6L2-AS1",0.604587768433139,0.426004521068403,0.107,0.07,1
"NOP53",0.0335286550878885,0.425724833914735,0.929,0.901,1
"CAMK2N1",0.422694325345754,0.425717167435666,0.071,0.141,1
"LYPLA2",0.803905304157161,0.425539054896196,0.179,0.169,1
"SREK1IP1",0.542744729396821,-0.42547047084311,0.179,0.225,1
"RAN",0.0786888186203611,0.425281840197028,0.929,0.831,1
"TTC39C",0.358509496349027,0.425053438689074,0.607,0.521,1
"SEPTIN11",0.77715704837668,-0.424773528366873,0.179,0.183,1
"TRAC",0.524856010386411,0.42470372094229,0.5,0.423,1
"RCOR3",0.535633624996193,0.424399954183253,0.143,0.099,1
"RNF126",0.366294509849718,-0.424273230560479,0.214,0.324,1
"ENSG00000286145",0.492693024209359,-0.424271774959371,0.107,0.155,1
"HERC1",0.55199058753497,-0.424045836802127,0.357,0.408,1
"TTF1",0.699442052078246,0.423854129757009,0.179,0.141,1
"SFI1",0.704912519849473,0.423426902564318,0.214,0.183,1
"EIF3D",0.378236801746788,0.423299791852349,0.607,0.563,1
"ARAP2",0.448779997985828,0.423166920747533,0.714,0.732,1
"UAP1",0.681550875300802,-0.422946104288647,0.107,0.141,1
"SNHG6",0.121498839263068,0.422822450615415,0.893,0.676,1
"ELK4",0.329123324234576,-0.422413859116917,0.107,0.183,1
"OGDH",0.403356845154701,-0.422387163657507,0.357,0.423,1
"MED23",0.446163404647008,-0.422045088616598,0.071,0.127,1
"TMEM203",0.685989092826424,0.422009105532476,0.143,0.113,1
"POLE3",0.910834797201891,0.421669889650905,0.25,0.254,1
"FBL",0.508594000130732,0.421519113572495,0.5,0.408,1
"R3HCC1",0.434811663271676,0.421017932510146,0.179,0.113,1
"TXNL4A",0.301570381819729,-0.42089433514994,0.536,0.563,1
"ERCC1",1,0.420860597040214,0.107,0.113,1
"COPG1",0.370634360874743,0.420810806073483,0.25,0.155,1
"GNG2",0.152738706679942,-0.420529889654396,0.893,0.93,1
"CTNNA1",0.706252621710433,-0.420341240039293,0.107,0.127,1
"SLC3A2",0.254603432906187,0.420337421464406,0.679,0.521,1
"TRIM33",0.64787933631545,0.420205458679141,0.286,0.254,1
"BTBD6",0.528964152608325,-0.420040575884285,0.143,0.197,1
"MZT2A",0.500257964359934,-0.419702191484186,0.357,0.408,1
"FRS2",0.877840671156716,0.419611806994599,0.179,0.169,1
"SEC24C",0.775953665172613,0.41959265222444,0.143,0.127,1
"JKAMP",0.696093738845768,0.419579789016449,0.143,0.113,1
"PPA1",0.494594833964642,-0.419395364469837,0.25,0.324,1
"TMEM64",0.808721434018759,-0.419366973030318,0.107,0.113,1
"ARHGAP5",0.731793298869565,0.419321641041934,0.107,0.085,1
"ZNF585A",0.923068023084508,0.419276001326584,0.107,0.099,1
"HMGXB4",0.633694801982743,-0.419075244586193,0.107,0.141,1
"DYNLL2",0.559591989845024,-0.419046877665021,0.107,0.155,1
"DOCK10",0.425441494096416,0.418638357608437,0.321,0.268,1
"ABHD14B",0.279525842783361,0.418563218921612,0.321,0.197,1
"RPS6",0.000147460405706752,0.418324077350639,1,1,1
"PDK3",0.434811663271676,0.418109532457315,0.179,0.113,1
"PI4KB",0.832434779066007,-0.418095684864579,0.143,0.141,1
"ZNF33A",0.79050476913411,0.417998327522441,0.214,0.183,1
"STX6",0.455939891749464,0.41784279458559,0.214,0.141,1
"BCCIP",0.49350096732178,0.417784031066239,0.25,0.197,1
"MED1",0.511693656114708,-0.417706806846695,0.214,0.254,1
"TSG101",0.174175701321129,-0.417661042336106,0.143,0.282,1
"SLC16A3",0.587323992245634,-0.417178701438617,0.107,0.141,1
"RHOH",0.0343726235371828,0.417177771955273,0.857,0.634,1
"ZNF493",0.822546563163819,0.416929890522687,0.179,0.155,1
"CLIC1",0.215330855927114,-0.416790615387946,0.571,0.704,1
"WDR82",0.7195304047897,0.416777177378184,0.321,0.31,1
"SEC11C",0.626588426671492,-0.416733810055647,0.357,0.352,1
"GNAI3",0.381873888644174,0.41603436956306,0.357,0.268,1
"EIF3L",0.277277184643881,-0.415832719137288,0.536,0.634,1
"ABI1",0.46789928800007,-0.415669618238693,0.321,0.38,1
"DMAP1",0.51726778086835,-0.4156224828366,0.107,0.155,1
"FTSJ1",0.665444188671497,-0.415557908925116,0.214,0.225,1
"SLC25A4",0.230546276296976,-0.415439362717587,0.071,0.169,1
"LAMTOR3",0.944672046405479,0.415088337642324,0.214,0.225,1
"CYP20A1",0.547553908674421,0.414949448377076,0.321,0.268,1
"RNF19A",0.871674539909765,-0.414610483905331,0.786,0.662,1
"NIN",0.446077363153357,-0.41381475848952,0.321,0.38,1
"DNLZ",0.449666277022688,0.413796187315686,0.393,0.282,1
"EIF4B",0.413264365623583,-0.413764502065247,0.536,0.606,1
"ZNF429",0.471180616101927,0.41375507203354,0.143,0.085,1
"LINC-PINT",0.115140296407622,-0.413472426045879,0.786,0.887,1
"VPS26C",0.765830597360601,0.413353709153096,0.143,0.127,1
"BEST1",0.5252618321274,0.413038716333124,0.357,0.282,1
"RAB18",0.448574504303132,0.412918584602616,0.464,0.366,1
"N4BP2L1",0.559591989845024,-0.412872670327066,0.107,0.155,1
"RARS2",0.750726138304423,-0.412726487283157,0.179,0.183,1
"HMGN1",0.294021447102315,0.412223111244672,0.607,0.535,1
"RBM7",0.36260153343229,-0.412140508883338,0.107,0.197,1
"MVB12B",0.653905162142925,0.412093750624846,0.179,0.141,1
"DPP8",0.87553072117654,-0.412071108514542,0.107,0.113,1
"CMTM3",0.427172140802612,0.41189561326066,0.214,0.141,1
"HAPSTR1",0.874770857273866,0.411741464947108,0.214,0.211,1
"PBX3",0.426704299941388,0.411681739857419,0.143,0.085,1
"PIK3CA",0.775732567822024,0.411523132266284,0.179,0.155,1
"NAP1L4",0.355438350720702,0.411187700722946,0.571,0.479,1
"ZKSCAN1",0.7984861229191,-0.411137466580785,0.143,0.155,1
"JAZF1",0.395453714072346,-0.411134288980519,0.321,0.394,1
"SYAP1",0.344277995472136,-0.411053900631946,0.357,0.451,1
"CLTB",0.962043744147317,0.410937733543252,0.643,0.662,1
"CTBP1",0.56457429631367,-0.410459459235336,0.179,0.225,1
"GYG1",0.531839093020176,0.41031471603535,0.286,0.225,1
"OSBPL2",0.817872737612832,0.410285072105264,0.107,0.099,1
"NDUFA10",0.346345037298183,0.410032259228121,0.321,0.225,1
"KIAA0232",0.39599101897647,-0.409750082744047,0.179,0.239,1
"HIKESHI",0.623452512335259,0.409728196606599,0.214,0.169,1
"TMED4",0.62351193176858,0.409606002082066,0.357,0.338,1
"SP100",0.208153397082218,0.409574058306649,0.786,0.648,1
"MARCHF7",0.416682294085984,-0.408778163268209,0.286,0.423,1
"PPP6R3",0.485943420189519,-0.408716635014623,0.286,0.338,1
"NDUFS5",0.118877406739586,-0.408678680039374,0.857,0.873,1
"RIT1",0.406308001384725,0.408617656327966,0.214,0.141,1
"S100A6",0.233149168397605,-0.408464642339067,0.679,0.873,1
"ST3GAL1",0.685989092826424,0.408430548004383,0.143,0.113,1
"CUX1",0.560854589038792,0.408384893650692,0.25,0.183,1
"ASL",0.615313008701424,-0.408009905053246,0.143,0.183,1
"CLOCK",0.639427968041819,0.407965033420524,0.107,0.07,1
"MCM3AP",0.275904652244592,0.407802970730945,0.179,0.099,1
"UQCR11",0.362792210992866,0.407766632429295,0.679,0.577,1
"PITPNB",0.314946810026625,0.407667476804631,0.393,0.254,1
"TMEM14B",0.531839093020176,0.407306624939114,0.286,0.225,1
"TERF2IP",0.186857030523052,-0.40711585424878,0.607,0.704,1
"UBE2G2",0.700719285047458,-0.407054785992676,0.179,0.197,1
"RPN1",0.551645810150129,0.40681535392525,0.5,0.451,1
"COX6B1",0.114838671008081,0.406676016618643,0.786,0.634,1
"EZR",0.00935409711109556,-0.406596892374716,1,0.986,1
"IMMP1L",0.489799346348196,-0.406314112196301,0.071,0.127,1
"TWF1",0.414058434533142,0.40626996373991,0.286,0.197,1
"RPL28",0.000167062702255747,0.406226697388596,1,1,1
"ARF1",0.270668291497934,0.405812828025371,0.893,0.732,1
"RNF44",0.658141675761523,-0.405541883475624,0.143,0.169,1
"TRGV7",0.576979871682774,-0.405423213764213,0.179,0.127,1
"DDOST",0.293996948761078,-0.405408696878724,0.429,0.507,1
"MRPS9",0.513954741641924,-0.405125941684549,0.143,0.197,1
"MALT1",0.856432067149095,-0.405109486687386,0.286,0.282,1
"MINDY2",1,0.405076144473347,0.143,0.141,1
"PRXL2C",0.63593224017576,0.404618384123523,0.286,0.239,1
"SSU72",0.289259066638279,0.404536433603686,0.464,0.296,1
"ARPC1B",0.367603428249004,-0.403897745597366,0.679,0.718,1
"FBXL17",0.876035066995972,0.403840520622756,0.107,0.099,1
"BLCAP",0.985095595170625,0.40374057180953,0.143,0.155,1
"PRPF8",0.6805715602592,-0.40342753196012,0.464,0.479,1
"MIR23AHG",0.822252446336825,0.403374471187726,0.179,0.169,1
"PBX4",0.949920975519562,0.403357535009183,0.286,0.296,1
"ABCC5",0.767227324638463,0.403277467805808,0.107,0.085,1
"CDK16",0.621527621028128,0.403134995160178,0.179,0.127,1
"ZNF808",0.876035066995972,0.403096011077017,0.107,0.099,1
"OGFR",0.308020190734644,-0.403032328250127,0.214,0.324,1
"NCBP2AS2",0.752221989326316,-0.403012642690933,0.179,0.211,1
"TAOK1",0.290097254447041,0.402973105549633,0.286,0.169,1
"MPC1",0.504453085509283,0.40285240356075,0.321,0.239,1
"ARID5A",0.233341218216673,0.402671601814195,0.679,0.592,1
"TCF20",0.816811485969205,0.402520238905405,0.143,0.127,1
"NCEH1",0.616106632576222,0.402458043433415,0.107,0.07,1
"FDPS",0.507322217938345,-0.402442559035383,0.179,0.225,1
"HSPA4",0.294219325863865,0.40219225905531,0.393,0.282,1
"COPS3",0.506960445001117,-0.402061926002254,0.25,0.282,1
"EDRF1",0.598783092740844,-0.401914013299676,0.143,0.183,1
"STAM",0.52629686636159,0.401697133457783,0.143,0.099,1
"ATP6V0C",0.276146432006524,-0.40142427455481,0.679,0.831,1
"NDUFS7",0.456915133832978,0.401397402692983,0.429,0.338,1
"TAX1BP3",0.574373474528912,-0.401246314150757,0.143,0.183,1
"ODF2",0.557251019230137,-0.401175092469925,0.179,0.225,1
"DDX3X",0.529303834748554,-0.401146230893865,0.464,0.465,1
"SNHG5",0.364901139438313,-0.40091484205781,0.179,0.282,1
"ENSG00000279168",0.454709301773822,-0.400880462358428,0.071,0.127,1
"PPP1R35",0.521344104071738,-0.400546468316672,0.179,0.225,1
"YIPF4",0.720626906566857,-0.40053759080412,0.143,0.169,1
"RAB11FIP4",0.36208600548932,-0.400476676659267,0.071,0.141,1
"NUB1",0.372351040928852,0.400118889561661,0.464,0.352,1
"GOLM2",0.36260153343229,-0.400094929605479,0.107,0.197,1
"TEN1",0.537600387779659,0.39993096355506,0.107,0.07,1
"MAN1A1",0.646144388461559,0.399874399210473,0.143,0.113,1
"SACS",0.767227324638463,0.399628211422926,0.107,0.085,1
"SF3B5",0.519668457414947,0.399614427431185,0.464,0.423,1
"HCP5",0.105499701305405,0.399228585261225,0.5,0.296,1
"TCHP",0.446163404647008,-0.399067726241286,0.071,0.127,1
"ZNF335",0.607660714984959,-0.399065168611018,0.25,0.296,1
"HSPBAP1",0.887758942440396,0.398881588966386,0.107,0.099,1
"GPATCH2",0.760272626600556,-0.398719549682248,0.143,0.155,1
"DVL3",0.472074682980456,-0.398664177944593,0.071,0.127,1
"NUP54",0.447963948653813,0.398581726311308,0.25,0.183,1
"MAX",0.873812306424724,0.398539609993159,0.429,0.437,1
"CREBBP",0.381437260693839,-0.398296471019125,0.214,0.31,1
"VCP",0.434349760264651,0.398278185318322,0.607,0.606,1
"UBE2L3",0.554481445135664,0.397947122270827,0.464,0.394,1
"CNOT6L",0.0975963404748218,-0.397932905305295,0.393,0.577,1
"NDUFAB1",0.465571078356629,-0.397865725263121,0.393,0.451,1
"KAT2B",0.537524212664966,-0.397786912713051,0.071,0.113,1
"PPP1R15B",0.933573511478529,0.397649902775389,0.143,0.141,1
"RNF11",0.401952891282637,0.397502770161853,0.321,0.239,1
"HMBOX1",0.508415099594449,-0.397312323984305,0.143,0.211,1
"STK24",0.987987199746609,0.397205656029166,0.25,0.268,1
"MOSPD1",0.755354703143434,0.397170076785516,0.107,0.085,1
"VPS29",0.491720617831705,0.39712589784295,0.321,0.239,1
"VTI1A",0.520499400415993,0.397030207317804,0.393,0.282,1
"NELFE",0.37175983763657,-0.396688100221661,0.286,0.338,1
"BUD31",0.260844792375458,-0.396665316627205,0.321,0.437,1
"HSBP1",0.557957555705715,0.3965392865444,0.393,0.282,1
"H1-2",0.492693024209359,-0.396538392304443,0.107,0.155,1
"FNDC3A",0.0905950265749858,0.395878162929707,0.357,0.169,1
"HGH1",0.75535764771254,0.395856350093072,0.107,0.085,1
"FBXO45",0.743545447681315,0.395779107689855,0.107,0.085,1
"ARFGAP2",0.326723241934112,-0.395648512315796,0.214,0.324,1
"PPP3CA",0.952442740637007,0.39549458361576,0.321,0.352,1
"BATF",0.522456917684219,0.395208573641524,0.429,0.352,1
"DDX18",0.506417715779523,0.394467777181307,0.571,0.493,1
"MAGT1",0.830770584202357,-0.394389398403182,0.179,0.183,1
"LPXN",0.254040094731028,-0.394022819404627,0.536,0.606,1
"JPT1",0.386201304097418,-0.393872568073928,0.571,0.592,1
"ORMDL2",0.725140293459834,0.393800905889538,0.286,0.268,1
"PCSK7",0.659305881746775,-0.393700266636188,0.179,0.197,1
"ALOX5AP",0.414058434533142,0.393414223981921,0.286,0.197,1
"EMD",0.309712167664063,0.393352215089624,0.679,0.592,1
"ELP2",0.542579677727717,0.393253669737329,0.214,0.155,1
"CCND3",0.572389064776585,-0.393036682114761,0.25,0.282,1
"MAT2A",0.233782887676342,-0.393006292900931,0.357,0.479,1
"DTWD1",0.391678958365166,-0.392760415763451,0.071,0.141,1
"TMEM179B",0.558292602567666,-0.392509182421138,0.214,0.268,1
"GALNT11",0.946446077931836,-0.392363351081154,0.25,0.239,1
"MCCC2",0.726726561376238,0.392345494656194,0.143,0.113,1
"FKBP8",0.426844660806046,-0.392303942958519,0.393,0.437,1
"SENP6",0.445940967861985,0.391874394084974,0.429,0.38,1
"RGS19",0.61115918249491,0.391816626651861,0.214,0.155,1
"GMFB",0.675775444825376,0.391756759768913,0.179,0.155,1
"PARP9",0.813127269634335,0.391599941618509,0.179,0.155,1
"PARL",0.688194631712455,0.391027956623482,0.214,0.183,1
"USP4",0.476354952655373,0.390803130350432,0.25,0.169,1
"UTP23",0.516960331599779,0.390588475057251,0.25,0.183,1
"MT-ND6",0.159750177094101,-0.390571843789705,0.786,0.845,1
"ZCCHC7",0.203734726419298,0.39022742277898,0.429,0.268,1
"UBE2H",0.32280708891291,0.389805691516463,0.393,0.268,1
"ODF2L",0.375709752582977,0.389740751056848,0.286,0.183,1
"PIKFYVE",0.454619275028864,0.389635752627796,0.25,0.183,1
"PSAP",0.0560882097870518,-0.389534089085545,0.321,0.577,1
"CCT7",0.881263820046454,0.389487970916807,0.429,0.451,1
"TOX4",0.737771881005669,0.389467659915434,0.393,0.451,1
"NMT1",0.261275865510404,0.389409241556726,0.321,0.197,1
"IER2",0.322344551261878,0.389305621872316,0.643,0.676,1
"IMP4",0.415692508822033,0.389302680258502,0.25,0.169,1
"RPP30",0.696756972813992,-0.389198263281157,0.214,0.225,1
"SAFB",0.422067384070553,0.389071069814507,0.429,0.31,1
"RABL6",0.551889049894013,-0.38901221781248,0.143,0.197,1
"RPL34",0.000847127817095931,0.388840497397524,1,1,1
"ATP6AP2",0.448574504303132,0.388718809533743,0.464,0.366,1
"COX7A2L",0.785342071768715,0.388315451914361,0.286,0.268,1
"MARCHF6",0.131883518604355,0.388203204145447,0.393,0.197,1
"UBIAD1",0.471180616101927,0.388128371589281,0.143,0.085,1
"CDKN1B",0.347693115211628,-0.388103915079504,0.536,0.606,1
"CSTF2T",0.636033623829126,0.388059960854939,0.179,0.141,1
"SF1",0.310492203409361,0.387939251640455,0.821,0.789,1
"PER1",0.857671065317454,0.387810513395357,0.214,0.211,1
"SLBP",0.253713264214764,-0.387794430035158,0.393,0.521,1
"SMARCE1",0.823434877831291,0.387270544603037,0.393,0.408,1
"ARPC5L",0.543429065060881,0.387207059036952,0.536,0.479,1
"MRPS15",0.345319620482861,0.38670514457349,0.357,0.254,1
"TTC19",0.40264843989511,-0.386643299933303,0.214,0.296,1
"H3-3A",0.0195587616852646,0.386637738618699,1,0.958,1
"KAT6A",0.288139319549567,0.386017081953387,0.607,0.549,1
"SLC35B2",0.444194061494155,0.385566232466438,0.143,0.085,1
"TGS1",0.396532544800314,0.38522262869286,0.25,0.169,1
"PRPF38A",0.370078943353614,-0.38521491702518,0.214,0.296,1
"GTF3C1",0.465734253249681,0.385041206487596,0.393,0.324,1
"SINHCAF",0.336345774322564,0.385040494459368,0.357,0.268,1
"DMTF1",0.889869237142398,0.385009666338786,0.214,0.197,1
"KLF3",0.434677453731664,0.384777160358236,0.464,0.423,1
"ZBTB21",0.472074682980456,-0.384666072488367,0.071,0.127,1
"NSMCE2",0.375776749898778,0.384603182891433,0.321,0.225,1
"OST4",0.367133138276594,0.384321519231411,0.929,0.873,1
"ENTPD4",0.636033623829126,0.384049010737623,0.179,0.141,1
"FBXW2",0.36260153343229,-0.383634865494032,0.107,0.197,1
"APC",0.507322217938345,-0.383617808723819,0.179,0.225,1
"MFSD10",0.323961299131899,-0.383029476115892,0.25,0.38,1
"EIF1AY",0.639885425163003,0.382983336419832,0.214,0.169,1
"UBE2M",0.445266018025202,-0.38270964644099,0.25,0.31,1
"CNBP",0.0357665783276666,0.382572586805588,0.893,0.873,1
"NDUFS8",0.415392372787053,0.381947212006201,0.321,0.225,1
"SETD2",0.531019247482946,0.381910718505373,0.714,0.592,1
"CD46",0.570032750491764,-0.381742615290921,0.357,0.38,1
"SLC12A6",0.743545447681315,0.381684010517738,0.107,0.085,1
"TRPC4AP",0.312242718516021,0.381333340166754,0.536,0.38,1
"KXD1",0.593347953063818,0.381318909583372,0.143,0.099,1
"SIRT2",0.182051955573034,0.381023715219717,0.643,0.507,1
"COASY",0.662916747910031,0.380951049751622,0.179,0.141,1
"SCML4",0.760645471916831,0.380882274400209,0.214,0.197,1
"ITPRIP",0.378498022310548,-0.380742635120145,0.143,0.225,1
"TBC1D22A-DT",0.409622739125259,0.380670036385581,0.143,0.085,1
"ABHD12",0.876035066995972,0.380306726869472,0.107,0.099,1
"NLRC3",0.401959909314713,-0.380269953894594,0.179,0.239,1
"PMM2",0.566342893351033,0.380112467204862,0.214,0.155,1
"CERT1",0.334095534079314,0.379617041805964,0.321,0.197,1
"APPL1",0.498488064864644,0.379520187317734,0.286,0.225,1
"WDR20",0.63286428023552,-0.379232336932113,0.214,0.239,1
"SUCO",0.543669061383165,-0.379038865363246,0.214,0.282,1
"HNRNPA3",0.186907754714015,0.37897518642354,0.857,0.704,1
"H2AC20",0.674432344266552,0.378875090311049,0.143,0.099,1
"SRSF7",0.178307156490376,0.378647761802452,0.893,0.845,1
"SSR4",0.156545594501873,0.378564759898738,0.821,0.69,1
"EHMT1",0.455612704790275,0.37845397055957,0.25,0.169,1
"RBM8A",0.228616330222103,0.37827832413243,0.714,0.62,1
"GLMN",0.59875984687533,-0.378224396917429,0.179,0.211,1
"CD74",0.245430908467892,-0.378200171718629,0.964,0.986,1
"PTRHD1",0.481934489171232,0.378106116726737,0.321,0.254,1
"SCYL3",0.953984715305118,0.377993101932154,0.143,0.141,1
"GTPBP8",0.706252621710433,-0.3779779675734,0.107,0.127,1
"BRD9",0.876035066995972,0.377580537766057,0.107,0.099,1
"MRPS2",0.658141675761523,-0.37754808898467,0.143,0.169,1
"HIGD1A",0.528964152608325,-0.377546295811457,0.143,0.197,1
"FYTTD1",0.302929982220505,0.377292688261241,0.536,0.394,1
"RPS16",0.0017651155719303,0.377216787992652,1,1,1
"FEM1C",0.864338331279629,0.377211022097308,0.107,0.099,1
"SMURF2",0.534156997385497,0.377120171804753,0.429,0.352,1
"PLRG1",0.525309385305502,0.377059569576425,0.286,0.211,1
"STIM1",0.813127269634335,0.377001205575005,0.179,0.155,1
"MBP",0.438119256900365,0.376782919708065,0.857,0.803,1
"SNX14",0.319970005054439,0.376655280915705,0.286,0.183,1
"RPS24",0.0151861414853131,0.376523369853179,1,1,1
"MARK4",0.542462334198565,-0.376379883852655,0.107,0.155,1
"REX1BD",0.677428834450232,-0.376331069044671,0.25,0.282,1
"RTF1",0.412713997205613,0.376207505302297,0.5,0.437,1
"LAMP1",0.831152102549405,0.376143190555348,0.5,0.479,1
"ATP6V1A",0.647075798685197,0.375939142125752,0.214,0.183,1
"OSBPL3",0.44142179606129,0.37582389575866,0.214,0.141,1
"GPR89B",0.458066025574289,-0.375397701662873,0.179,0.239,1
"LCLAT1",0.743545447681315,0.37469706054382,0.107,0.085,1
"PTGES3",0.288729789417926,0.374686186505648,0.679,0.732,1
"DENND4B",0.633694801982743,-0.374625461256678,0.107,0.141,1
"C1QBP",0.723052754441408,0.374435597513446,0.393,0.408,1
"GEMIN7",0.568254123976579,-0.374425150989498,0.107,0.155,1
"SDE2",0.686060466020465,-0.374423200325529,0.214,0.239,1
"ECSIT",0.527767206360908,-0.374287310877388,0.071,0.113,1
"ELAVL1",0.58058332959746,-0.374195300633825,0.25,0.296,1
"RNF220",0.528192492744573,-0.374044853030818,0.25,0.296,1
"PTPN11",0.930957228428026,0.373986976173044,0.179,0.183,1
"DDX46",0.277904556295147,0.373983413793795,0.571,0.423,1
"TRIM25",0.593166535920896,0.373805031062802,0.107,0.07,1
"NME7",0.477423542330566,-0.373202169103934,0.143,0.197,1
"USP11",0.776118819654583,0.372936013462264,0.393,0.408,1
"LY9",0.965232042839866,0.372664525288087,0.143,0.155,1
"SUN1",0.568254123976579,-0.372447535371208,0.107,0.155,1
"TPRG1L",0.21884525629811,-0.372371596749929,0.179,0.296,1
"LRP10",0.479861610694299,-0.371951994616325,0.143,0.211,1
"ZNF326",0.876289284333894,-0.371725711079794,0.143,0.155,1
"TAGLN2",0.040637165466768,-0.371681295805403,0.964,1,1
"NHP2",0.338207202482803,0.371614208133498,0.25,0.141,1
"WDR18",0.535908167552902,-0.371234331782918,0.25,0.282,1
"RICTOR",0.509661697709965,0.371142984487026,0.357,0.31,1
"CRIPT",0.736982610808449,-0.370939411827413,0.214,0.254,1
"NUP160",0.741978741919596,0.370814882293397,0.214,0.169,1
"ZBTB43",0.629513281187131,0.370759831920365,0.321,0.296,1
"UBE2W",0.527018458631267,0.370458436885851,0.214,0.155,1
"IPCEF1",0.435398513564973,0.370316629696985,0.143,0.085,1
"SRP9",0.410296984661038,0.370146497929031,0.536,0.423,1
"NBN",0.586817741912884,0.369979761260903,0.25,0.197,1
"MAP2K2",0.242871088492671,-0.369930429117971,0.393,0.507,1
"DDIT4",0.70759649475482,0.369897830456711,0.357,0.324,1
"TTL",0.603237156810161,0.369856410320901,0.143,0.099,1
"TMF1",0.631517213961385,-0.369774463605074,0.429,0.465,1
"CGGBP1",0.53966058596109,0.369664340893192,0.5,0.465,1
"SNAPC5",0.675940281737392,0.369577638107025,0.143,0.113,1
"GPATCH4",0.463346658260094,-0.369287352707537,0.071,0.127,1
"MXD1",0.533996627808984,-0.369058145426405,0.107,0.155,1
"STT3A",0.612499024664179,-0.368958683818338,0.107,0.155,1
"PSMB3",0.374928163592009,-0.368812849728608,0.429,0.549,1
"POC1B",0.923068023084508,0.368603293346207,0.107,0.099,1
"NRBF2",0.594321423776263,0.368542095027936,0.25,0.197,1
"H2AC6",0.372652900064354,0.368414661815857,0.286,0.197,1
"SRSF8",0.55347534637607,-0.368314336573222,0.179,0.239,1
"CTNNBL1",0.479883917335289,-0.368017343095508,0.179,0.225,1
"ANTXR2",0.391678958365166,-0.367679126544336,0.071,0.141,1
"COMMD2",0.34782939112605,-0.367454936595883,0.071,0.141,1
"ADAT2",0.41125266396264,0.367323867837997,0.107,0.056,1
"ZNRD2",0.536551632751298,-0.367141712803998,0.143,0.197,1
"DUSP18",0.711571303777355,-0.366855518426439,0.143,0.169,1
"MCUB",0.290537022114665,-0.36644905634192,0.643,0.676,1
"RBM33",0.645617685103239,0.366313351276477,0.286,0.225,1
"RARS1",0.557306213088631,-0.366114802663628,0.071,0.113,1
"SERPINB1",0.471481846102812,-0.365994382086778,0.321,0.394,1
"ECI2",0.708687233993341,0.36572758444742,0.179,0.141,1
"ATRX",0.726491365284985,-0.365705353452188,0.429,0.423,1
"SLC16A1",0.365880645335558,-0.365604503530095,0.179,0.268,1
"CRBN",0.500640604704835,0.365549522906355,0.321,0.254,1
"ZBTB8OS",0.587453540859693,0.365494055063089,0.286,0.225,1
"FRMD8",0.547371003895676,-0.365444926692899,0.071,0.113,1
"ATP5PO",0.438718957820797,0.364361443123776,0.607,0.549,1
"POLR1H",0.700509983866333,-0.364307437452185,0.393,0.366,1
"PSMB8",0.366630415897003,-0.364253776977733,0.5,0.62,1
"CSDE1",0.439333097529646,-0.364247187849522,0.571,0.69,1
"PHF20L1",0.381437260693839,-0.364239591000166,0.214,0.31,1
"OFD1",0.60520100659472,-0.364028157941325,0.25,0.268,1
"PDLIM5",0.785036298929539,-0.36395955688571,0.143,0.169,1
"TTC39B",0.716464114330277,0.363745355833254,0.143,0.113,1
"MRPL32",0.575291472878189,0.363531020980472,0.214,0.169,1
"EXOSC6",0.757222578998134,0.363498627536098,0.179,0.155,1
"SLC7A1",0.501255537875578,-0.363462717274152,0.107,0.169,1
"CRCP",0.519324163350586,0.363374869641431,0.214,0.155,1
"PSMC3",0.161202961464988,0.363368415805039,0.536,0.338,1
"INIP",0.970371593241738,-0.363299113866617,0.107,0.099,1
"ENSG00000287555",0.837188634121381,-0.363202791342082,0.143,0.155,1
"PMM1",0.708479239788243,0.363175805426042,0.107,0.085,1
"MRPS18B",0.699442052078246,0.363088040652443,0.179,0.141,1
"QRICH1",0.929200689137003,0.362981214483078,0.286,0.338,1
"ARL8A",0.601868667683583,0.362972591755842,0.25,0.197,1
"MMP24OS",0.402859173307699,0.362920028183275,0.25,0.169,1
"BRD2",0.342037010607118,0.362866104353181,0.679,0.577,1
"CAMLG",0.548672724895472,0.362857392424748,0.464,0.394,1
"COP1",1,0.362822472374667,0.321,0.338,1
"RBIS",0.267735032947796,0.362814847254573,0.393,0.296,1
"ARAP1",0.583195203766129,0.362634789625136,0.214,0.169,1
"PREP",0.49496867433419,-0.362556447463532,0.179,0.254,1
"SCYL2",0.639885425163003,0.362481769441085,0.214,0.169,1
"ACSF3",0.864320457549847,-0.362337338834496,0.107,0.113,1
"PPP1R15A",0.722836956788929,0.362266403944258,0.321,0.366,1
"RPL22L1",0.785572804043578,0.362112701619449,0.429,0.423,1
"CANT1",0.639755684110264,0.362079151521972,0.179,0.127,1
"SRSF5",0.132832873453348,0.362063822408053,0.643,0.493,1
"UBE2V2",0.988638587208967,0.36202998815136,0.107,0.113,1
"DCAF12",0.862564304014232,-0.361990002174935,0.143,0.141,1
"CUL4A",0.411608127412367,-0.361969174932281,0.321,0.408,1
"HSPBP1",0.622046481520799,-0.361895043895115,0.179,0.211,1
"KIDINS220",0.918911360043254,0.361737517432219,0.25,0.254,1
"LMNA",0.0778228524098636,-0.361372121333294,0.786,0.859,1
"CEP57",0.801888347862803,-0.361289715378952,0.214,0.225,1
"IL27RA",0.785428007049073,-0.361262014009521,0.286,0.31,1
"PNP",0.45516228689887,0.361167206782412,0.536,0.408,1
"RPL7L1",0.879518358454303,0.360747203734781,0.286,0.282,1
"SYNCRIP",0.620258513472668,0.360303333488015,0.357,0.324,1
"GRK5",0.747397561009028,-0.359815158332062,0.107,0.127,1
"SYPL1",0.735464171198779,0.359406032540996,0.214,0.197,1
"CEP350",0.309341030750983,-0.359240094002306,0.393,0.507,1
"GBE1",0.822546563163819,0.359157009114739,0.179,0.155,1
"ARID1B",0.548364276433578,-0.359071256741826,0.321,0.366,1
"PABPC1",0.143053321425272,0.358994018605916,1,1,1
"GABARAPL2",0.359868568269848,-0.358956932508934,0.393,0.535,1
"TMEM126A",0.729719770066615,0.358878282522064,0.179,0.155,1
"YWHAB",0.146128837851621,0.358858524695648,0.821,0.817,1
"ZFPM1",0.775732567822024,0.358843295427974,0.179,0.155,1
"DNAJC19",0.388202991749916,0.358825400955771,0.321,0.211,1
"BIRC6",0.351623001782286,-0.358698187492275,0.357,0.465,1
"OAT",0.542320863154378,-0.358646990489138,0.321,0.366,1
"ETHE1",0.975822317205224,-0.358530148383852,0.179,0.155,1
"MYL6",0.036263680692721,-0.358219071203432,0.929,0.958,1
"ATOX1",0.786114940012464,0.358115383927247,0.143,0.127,1
"SPPL2A",0.797025202459067,0.357855174120717,0.321,0.324,1
"CHMP4A",0.152529819356013,0.357776307359095,0.536,0.352,1
"EIF3E",0.507037350818292,0.357702984178725,0.536,0.535,1
"PSMA2",0.455085679506117,0.357590723488295,0.571,0.493,1
"RPLP0",0.00854071414306885,0.357415571660543,1,1,1
"GTF2I",0.732942674299379,-0.35739521761868,0.214,0.239,1
"MIF4GD",0.876035066995972,0.357180343753157,0.107,0.099,1
"NABP2",0.454709301773822,-0.356869043203911,0.071,0.127,1
"ENSG00000291214",0.942884148624565,0.356816849294152,0.286,0.31,1
"G3BP1",0.830251416816821,0.356762403251621,0.429,0.394,1
"HVCN1",0.737038280071791,-0.356660556634887,0.107,0.127,1
"KMT5B",0.289261096777544,-0.356597822298932,0.179,0.31,1
"SEC31A",0.943499108128906,-0.356595241883007,0.357,0.296,1
"ZNF207",0.336877143667396,0.356500725841208,0.464,0.324,1
"GMIP",0.630916611914578,0.356022782155609,0.214,0.183,1
"HMGN3",0.281949692519385,-0.355979440610544,0.107,0.197,1
"MTMR6",0.355023491799158,-0.355719470482216,0.179,0.268,1
"SMCHD1",0.707791924990528,0.355706491448886,0.643,0.563,1
"PCBP1-AS1",0.40264843989511,-0.355408114266844,0.214,0.296,1
"ARHGDIA",0.387834392858506,0.354807995807312,0.571,0.563,1
"DCTN6",0.981133983332256,0.354481665467868,0.179,0.169,1
"BTAF1",0.549974310928225,-0.354391857418269,0.179,0.225,1
"C22orf39",0.622046481520799,0.354384876920606,0.25,0.183,1
"PIGC",0.896519059379545,0.354313520750202,0.179,0.169,1
"MED30",0.648029920763127,-0.354169302292658,0.179,0.225,1
"CXCR3",0.193951913816307,0.354084834797245,0.821,0.732,1
"URI1",0.669071539313424,-0.354043221670852,0.321,0.366,1
"PPP1CC",0.687043738258254,0.35379791504741,0.357,0.324,1
"SOD2",0.238632880957193,0.353681396276465,0.357,0.254,1
"USE1",0.995663891433336,0.353650506382455,0.214,0.211,1
"SIGIRR",0.622744272000997,-0.353582837909069,0.286,0.31,1
"KIN",0.744828849169681,0.353499514702286,0.25,0.225,1
"EEF1B2",0.0212446895065651,0.353428654458756,1,0.972,1
"PPP2R3C",0.905819718604818,0.353376810981101,0.143,0.155,1
"PRKX",0.759425127270305,0.35319972224558,0.429,0.366,1
"CERS2",0.691747488384018,-0.353136175711297,0.25,0.268,1
"EIF4A2",0.89500215422909,0.352893837523746,0.643,0.606,1
"CTSC",0.377680276028502,0.35287891112975,0.393,0.507,1
"RBM23",0.686060466020465,-0.352837519332946,0.214,0.239,1
"BRF2",0.441749166784275,0.352738216616556,0.107,0.056,1
"SLC2A13",0.882765169242099,0.352680383310923,0.143,0.141,1
"MEF2A",0.857892828996083,-0.352404434934036,0.179,0.183,1
"TRAF6",0.228628386120163,0.352239604020242,0.321,0.211,1
"LIX1L",0.868579728293789,0.352231513717779,0.143,0.127,1
"TOR1AIP1",0.445263841337561,-0.352148676893307,0.25,0.31,1
"IGBP1",0.610563335488999,0.352024909735053,0.393,0.338,1
"RABEP1",0.432122648960811,-0.351961125268522,0.321,0.408,1
"PEX16",0.558292602567666,-0.351941709667396,0.214,0.268,1
"PHF3",0.431517814726875,0.351914504196515,0.571,0.465,1
"TMEM50B",0.844819188120192,-0.35185689581862,0.25,0.268,1
"GSS",0.708479239788243,0.351579504146059,0.107,0.085,1
"MESD",0.430638887194955,-0.351445873870717,0.25,0.324,1
"BTBD1",0.484347002329775,0.351374955010584,0.286,0.197,1
"KPNA2",0.49097439603995,-0.351217162472216,0.321,0.394,1
"ILF3",0.692483179721571,0.350912001951442,0.429,0.408,1
"NSF",0.708238858343305,0.350862560183533,0.357,0.366,1
"PPP3CB",0.458066025574289,-0.350817529988609,0.179,0.239,1
"ZNF141",0.203990400406247,-0.350646245122803,0.036,0.127,1
"CLTA",0.158850857418219,-0.35055273863063,0.357,0.535,1
"ZFAND6",0.880948071134937,0.350472824831212,0.286,0.296,1
"EEIG2",0.376801661182828,-0.35042254182866,0.464,0.549,1
"ST6GAL1",0.346451743691801,0.350370300527918,0.25,0.155,1
"MTRR",0.934874999094328,-0.350224046945286,0.107,0.099,1
"ATP6V1C1",0.767227324638463,0.350043570244495,0.107,0.085,1
"MGME1",0.567328421802231,-0.349623823111356,0.071,0.113,1
"LRRC47",0.729719770066615,-0.349576583573883,0.143,0.169,1
"VPS26A",0.671977386061422,0.349420714419969,0.179,0.141,1
"C9orf78",0.362874465166618,-0.349253522753132,0.571,0.676,1
"TMEM160",0.639565744445631,0.348932631446506,0.286,0.239,1
"TRIM38",0.67327999131773,0.348655049479994,0.214,0.169,1
"MRTO4",0.583533659361186,0.348358763747973,0.143,0.099,1
"SLC2A1",0.501194194567532,-0.348334163418397,0.143,0.211,1
"BAIAP2",0.841036310210158,0.348151350803257,0.107,0.099,1
"TINF2",0.281804310487055,0.348091766439166,0.5,0.366,1
"ELOA",0.427172140802612,0.347437513656475,0.214,0.141,1
"NIFK",0.960504304645174,0.347414457249901,0.25,0.282,1
"KCTD10",0.75535764771254,0.347359019385784,0.107,0.085,1
"UBE2B",0.40861552522068,0.347128648827315,0.786,0.732,1
"MTA2",0.38606448212032,-0.347059564154167,0.107,0.183,1
"ANKRD17",0.50801924689697,0.346914508733703,0.393,0.366,1
"USPL1",0.765830597360601,0.346887223412199,0.143,0.127,1
"C19orf53",0.342834824765431,-0.346862555185687,0.536,0.62,1
"SIK2",0.598783092740844,0.346751056386197,0.214,0.155,1
"DAP3",0.297455444170114,0.346417794073484,0.429,0.296,1
"DGCR2",0.923068023084508,0.34633910820614,0.107,0.099,1
"SUPT20H",0.984158615372009,-0.346275105442347,0.143,0.127,1
"AATF",0.46855425772267,-0.346169667275798,0.286,0.338,1
"SCYL1",0.716464114330277,0.345965459989823,0.143,0.113,1
"MED10",0.639330303774851,0.345851383274633,0.5,0.451,1
"CD48",0.531909238426306,-0.345798648783826,0.643,0.634,1
"CAND1",0.556466628463572,-0.345657422436541,0.286,0.352,1
"ZC3H8",0.583195203766129,0.345279220239562,0.214,0.169,1
"JTB",0.364496473701763,-0.345278967016383,0.571,0.592,1
"TPM1",0.435398513564973,0.345269548137906,0.143,0.085,1
"MTRFR",0.859229050237464,0.345260993753007,0.179,0.169,1
"MRPS11",0.525598164784724,-0.34486017160478,0.107,0.155,1
"ZNF189",0.75535764771254,0.344719579281367,0.107,0.085,1
"ATP5MC2",0.187352775661966,-0.344709555234147,0.714,0.831,1
"EEA1",0.671627733469511,0.344485650447109,0.214,0.183,1
"HIPK1",0.708238858343305,0.344447330318656,0.393,0.352,1
"GALM",0.312628185981085,-0.344285338454488,0.214,0.324,1
"SMS",0.266449671424126,-0.344185110119535,0.286,0.451,1
"ASMTL",0.511688267442204,0.343735636431272,0.214,0.155,1
"CHKB",0.630853100072886,-0.343413708989675,0.214,0.254,1
"EIF2S2",0.623583300350208,0.342782728649533,0.464,0.437,1
"FOXO1",0.670787435457202,0.342754793806735,0.571,0.493,1
"TANK",0.42966804996682,-0.342596069882183,0.393,0.507,1
"EIF4E3",0.668027338808471,-0.342533990442092,0.214,0.254,1
"OXCT1",0.388202991749916,-0.342457795790603,0.179,0.268,1
"HERPUD2",0.244110764480372,0.342452443887671,0.679,0.549,1
"CD2",0.283690456960667,-0.34233473257042,0.75,0.831,1
"EFHD2",0.131767315828925,-0.342227846083547,0.75,0.859,1
"NUTM2B-AS1",0.44969734914352,-0.342072915690033,0.179,0.254,1
"FOSB",0.639755684110264,0.342065528990051,0.107,0.155,1
"DIPK2A",0.726726561376238,-0.341345441008226,0.107,0.127,1
"SLC5A3",0.685969007743427,-0.34121982198782,0.179,0.211,1
"IDI1",0.15762191189644,-0.341074812654457,0.179,0.324,1
"CPSF2",0.716464114330277,0.340984673046837,0.143,0.113,1
"FNDC3B",0.559591989845024,-0.340809537136031,0.107,0.155,1
"BCL9L",0.765722347450648,-0.340707178241735,0.429,0.423,1
"PACSIN2",0.720626906566857,0.340184017700167,0.179,0.155,1
"ACTR2",0.131620570482328,0.339973005757452,0.714,0.577,1
"UBE2Q1",0.583533659361186,0.339936755106546,0.143,0.099,1
"EMC8",0.442360695475537,0.33962945539722,0.25,0.155,1
"CRYZL1",0.899507427134339,0.339035823659266,0.107,0.099,1
"DNAJA1",0.35425332217237,0.338951251865875,0.607,0.521,1
"TBC1D23",0.648958493930704,-0.338793513440856,0.143,0.183,1
"TECR",0.332117106078712,0.338544047543459,0.714,0.648,1
"MDH1",0.418297657461627,0.338426759046211,0.429,0.324,1
"ZNF708",0.509006282732171,-0.338401618236013,0.107,0.155,1
"PDHA1",0.508811280903226,0.338260624327919,0.214,0.141,1
"PDCL",0.743545447681315,0.337648598342599,0.107,0.085,1
"SUMO1",0.400711648180465,-0.337351580548357,0.393,0.479,1
"DPM1",0.289265667077073,-0.337194336874473,0.143,0.239,1
"VAMP2",0.634370943398622,0.337167353067656,0.643,0.563,1
"D2HGDH",0.567328421802231,-0.337114887058573,0.071,0.113,1
"SLC38A2",0.384736001303062,0.336798817934841,0.464,0.394,1
"NME1",0.593166535920896,0.336577072239884,0.107,0.07,1
"SEC61B",0.269399115659773,-0.336495124586655,0.643,0.676,1
"PLEKHJ1",0.675940281737392,-0.336229287245099,0.107,0.127,1
"R3HDM1",0.298117433678271,0.336097760488253,0.25,0.141,1
"KIZ",0.701072064769887,0.335998176194512,0.107,0.141,1
"WDTC1",0.96592532809915,0.335608848780423,0.107,0.113,1
"SIAH1",0.882765169242099,0.33540959742167,0.143,0.141,1
"TRIM22",0.54896582574283,0.335278432092112,0.393,0.366,1
"UBE3C",0.673220483687571,0.335277894654778,0.25,0.211,1
"IDS",0.174694461437853,-0.334892084875933,0.821,0.887,1
"ATP13A1",0.952858023993016,-0.334880126189244,0.179,0.169,1
"CDC23",0.557306213088631,-0.334817533011029,0.071,0.113,1
"RRN3",0.477701111698565,-0.33478282067154,0.179,0.239,1
"TSR3",0.481790766063165,-0.334654305364158,0.179,0.254,1
"CBL",0.699439780325354,0.334573302877326,0.179,0.141,1
"ZNF655",0.478678039750454,-0.334310037225414,0.393,0.465,1
"ARFGEF2",0.596598147011633,0.334204572489534,0.179,0.141,1
"RIC1",0.93290913101804,0.334125734569272,0.286,0.268,1
"CCDC28A",0.4368781594404,-0.334011004533798,0.214,0.296,1
"ANKRD44",0.37715520680351,0.333830385062841,0.607,0.479,1
"UCHL3",0.965232042839866,0.333675514034538,0.143,0.155,1
"POGZ",0.811750923031685,0.333672778860211,0.179,0.211,1
"NOC2L",0.614959414661658,-0.333336290945604,0.107,0.141,1
"KDM5B",1,-0.333170129813843,0.143,0.127,1
"PMS1",0.203990400406247,-0.333130115179696,0.036,0.127,1
"ZNF688",0.614959414661658,-0.332874913902149,0.107,0.141,1
"ZNF302",0.441749166784275,0.332776080984577,0.107,0.056,1
"ZNF420",0.817781855333202,-0.332281424340539,0.143,0.155,1
"ZBTB2",0.699442052078246,0.331849759227063,0.179,0.141,1
"NAA50",0.208647331506431,0.331784258430631,0.643,0.493,1
"ZBTB1",0.803393372517484,0.331606761256165,0.464,0.423,1
"TMBIM4",0.820353556336341,0.33155741423096,0.214,0.197,1
"CEBPB",0.768251843883625,-0.331281627762719,0.107,0.127,1
"ATF7IP",0.637659886100172,0.331255651494259,0.571,0.521,1
"ZNF260",0.627720824120416,0.331232580652514,0.107,0.07,1
"PTGES2",0.85321293172091,0.331166882774773,0.107,0.127,1
"TBCC",0.195401662390114,-0.331164800957796,0.179,0.338,1
"CLASP1",0.508595600528385,0.331094914874009,0.464,0.423,1
"RAB3GAP2",0.454619275028864,-0.331092347903991,0.143,0.225,1
"LDHB",0.623357520639561,0.33091075301271,0.571,0.493,1
"PTS",0.607170985397266,-0.33085096044533,0.214,0.268,1
"TOM1L2",0.574373474528912,-0.330583495278079,0.143,0.183,1
"MIER1",0.853341316895123,0.330574939180581,0.357,0.366,1
"DHPS",0.58576825496068,-0.330519642459429,0.107,0.155,1
"TMEM9B",0.18261118608154,0.330464477181661,0.429,0.282,1
"PPP4R2",0.546115278341717,-0.329985235863857,0.357,0.408,1
"WASHC2C",0.550445264392101,-0.329873455793784,0.143,0.183,1
"PBRM1",0.542191727355738,0.32942553255488,0.357,0.296,1
"ZNF217",0.486662196538714,0.32934974052025,0.464,0.437,1
"SLC25A5",0.451154822592097,-0.328975914520328,0.679,0.648,1
"TBX21",0.868558431437941,-0.328774843753718,0.25,0.211,1
"UST",0.441749166784275,0.328558133344877,0.107,0.056,1
"MED6",0.59915269546689,0.328520847876795,0.214,0.169,1
"JAK1",0.408136323143349,0.32828017605582,0.714,0.746,1
"FARP2",0.407010432593731,-0.328027558635622,0.071,0.141,1
"RPS13",0.00616860699005969,0.327509355964359,1,1,1
"ARHGAP4",0.607204941301628,0.327258372839978,0.214,0.169,1
"COX8A",0.855910577595999,0.326813412644351,0.536,0.507,1
"VPS8",0.677842508187366,-0.326807227667245,0.179,0.211,1
"BMS1",0.64411651682187,0.326694463275746,0.25,0.225,1
"UBR4",0.319218169817812,0.326678681538281,0.393,0.296,1
"UFD1",0.786643563714184,0.326609549579599,0.357,0.338,1
"GPN1",0.885392153631359,-0.326420663069713,0.214,0.225,1
"TMEM106C",0.662240595548086,-0.326318432222558,0.107,0.141,1
"RNF167",0.269140010586522,-0.326197052136583,0.143,0.254,1
"ENSG00000268027",0.747397561009028,-0.326048135805882,0.143,0.113,1
"CEP83",0.366449080774573,0.326030074341473,0.214,0.141,1
"CCT3",0.317392344719046,0.325637160073011,0.607,0.521,1
"VPS51",0.67685098254933,0.32543822407017,0.357,0.324,1
"AEBP2",0.470768104459054,0.325179346890251,0.357,0.282,1
"ZFAND3",0.566911928101355,0.325006169303886,0.429,0.338,1
"ADAM10",0.589382677229143,-0.324842864133575,0.286,0.31,1
"PDXK",0.185135527517053,0.324301222416993,0.393,0.239,1
"BNIP3L",0.94931602251161,-0.3240960850453,0.286,0.282,1
"GHITM",0.428149812979412,0.323661302948666,0.643,0.465,1
"ME2",0.616106632576222,0.323554359557624,0.107,0.07,1
"CDC42SE1",0.474066990563203,-0.323370408221378,0.571,0.634,1
"UBE2D2",0.369302892116919,-0.323335943899146,0.607,0.634,1
"BTN3A2",0.224088283316204,-0.323234579966621,0.25,0.38,1
"GDI1",0.58281261237213,0.322706828881253,0.357,0.282,1
"DLG1",0.582457558877025,0.322501830258055,0.214,0.155,1
"ARL4C",0.257229934009702,-0.322371755877076,0.714,0.746,1
"LINS1",0.612499024664179,0.322020473093185,0.179,0.127,1
"NDUFC2",0.341209837168783,-0.321967168692327,0.357,0.437,1
"ARL3",0.767227324638463,0.321963004579696,0.107,0.085,1
"DHRS7",0.604175676000709,-0.321916421230064,0.321,0.352,1
"REST",0.483603506196335,0.321848502031705,0.429,0.38,1
"CCDC59",0.647885628334609,-0.321845950612022,0.214,0.239,1
"PSEN1",0.837622820272426,0.321790547405639,0.214,0.197,1
"AP5M1",0.720626906566857,-0.321732913842109,0.143,0.169,1
"CDS2",0.514308313886036,-0.321692578953638,0.179,0.225,1
"CIB1",0.568171543449422,-0.321546570417818,0.821,0.746,1
"SUPT6H",0.418510789666183,0.321520031104241,0.393,0.296,1
"PEX14",0.692360227765048,-0.321342509356684,0.179,0.197,1
"EIF4G3",0.748018801374263,0.320805616715116,0.179,0.155,1
"AVL9",0.821095486110281,0.320780358451001,0.107,0.127,1
"ADSS2",0.919692741301406,-0.320372185019613,0.571,0.437,1
"TOP1",0.865407601692946,-0.320313903451852,0.429,0.408,1
"SURF2",0.368277833146611,0.320133611090576,0.357,0.254,1
"PIK3CD",0.670173745208221,-0.319893774423572,0.393,0.423,1
"GID8",0.870188968126378,0.319829185620733,0.286,0.268,1
"MIR29B2CHG",0.593166535920896,0.319725337301602,0.107,0.07,1
"ABHD17A",0.562449019146508,0.319446129402636,0.929,0.873,1
"LENG1",0.463298483616069,-0.319420175505342,0.107,0.183,1
"XPC",0.269289922136444,0.31917164386627,0.5,0.324,1
"RELL1",0.899507427134339,0.319074698295587,0.107,0.099,1
"FNBP1",0.183469214615071,-0.31905629487276,0.714,0.831,1
"ERCC6",0.726726561376238,-0.318973020078132,0.107,0.127,1
"SCAF8",0.751605363559443,-0.318751159842226,0.179,0.197,1
"ANXA2",0.133998631129294,-0.318734131440697,0.714,0.775,1
"ATP5MJ",0.712020078173707,0.318273323519314,0.464,0.423,1
"ZNRF2",0.48273448549157,-0.318247681617549,0.286,0.366,1
"ARF4",0.531427291197712,0.318063791987264,0.464,0.394,1
"APOL6",0.728994643091068,0.317954029285838,0.25,0.225,1
"FLII",0.511708132601033,0.317936671944645,0.286,0.211,1
"PEF1",0.966502254972764,-0.317907878285153,0.25,0.225,1
"TGFBR3",0.504663772361997,-0.317907506713628,0.464,0.521,1
"SAMHD1",0.815007150770081,0.317724932313115,0.357,0.338,1
"HGSNAT",0.482601567598756,0.317542902692181,0.357,0.282,1
"PEPD",0.477780082376245,-0.317305815669529,0.107,0.169,1
"NDUFB2",0.37302072027868,-0.317130327406129,0.393,0.493,1
"LGALS3",0.649999765789543,0.316960471868655,0.179,0.239,1
"SOCS1",0.904616711960091,-0.316466864061538,0.393,0.38,1
"RPL8",0.0111909319079584,-0.316275987551131,1,1,1
"CLK4",0.683052455170112,0.315877548119344,0.357,0.338,1
"RPS6KB2",0.403079639810977,0.315702116109509,0.357,0.254,1
"CYTOR",0.22683358581817,0.31550148085717,0.607,0.493,1
"GATAD2A",0.225131990473195,-0.315497442605496,0.107,0.239,1
"XRCC5",0.646330904115514,-0.315484874928907,0.607,0.634,1
"NCBP3",0.902288973501954,0.314860464000275,0.357,0.352,1
"GMEB1",0.681085930757861,0.314815424077186,0.179,0.141,1
"TIMM10",0.50479784178187,0.314589827333771,0.25,0.169,1
"EIF2A",0.673220483687571,0.314468580380695,0.25,0.211,1
"GRB2",0.451893722340623,0.314262253243161,0.607,0.493,1
"EFCAB14",0.504581920532603,-0.314253374245348,0.179,0.239,1
"HIVEP2",0.410151110178435,-0.314054554208561,0.393,0.521,1
"NAP1L1",0.65308254668424,-0.313573073850628,0.464,0.507,1
"THUMPD1",0.472275446586832,-0.313069475714841,0.25,0.296,1
"PUSL1",0.681550875300802,-0.313015762003058,0.107,0.141,1
"NUTF2",0.629513281187131,0.312872905945957,0.357,0.282,1
"MRPS21",0.461078430099197,-0.312823888206889,0.25,0.338,1
"SEC16A",0.450542824839273,0.312507417797492,0.179,0.113,1
"UQCR10",0.206664265705122,-0.312435084670511,0.607,0.69,1
"PPP1R11",0.351323234281057,0.312141406629259,0.5,0.338,1
"FAM118A",0.945390043817027,0.311872270947493,0.143,0.155,1
"PPME1",0.652668033582952,-0.311805061280133,0.107,0.141,1
"GON4L",0.359207131908931,0.311623689677955,0.393,0.31,1
"GSK3B",0.414171285646674,0.311324851049649,0.357,0.254,1
"DYNC1H1",0.505928108867371,-0.310986667239844,0.536,0.549,1
"DEDD",0.64315232921324,-0.310986502487698,0.107,0.141,1
"PCBP2",0.419346760818176,0.310864089415489,0.536,0.38,1
"MFN1",0.791128611137914,0.310786190033615,0.107,0.085,1
"CAPN7",0.932224188463712,-0.310577981790832,0.321,0.31,1
"RNF213",0.75160375209298,0.310515661291938,0.571,0.507,1
"MAP1S",0.554554102203333,0.310428098951675,0.143,0.099,1
"PKN1",0.753499334934571,-0.310417272740024,0.286,0.296,1
"LPCAT3",0.661702254649768,-0.3103476074884,0.179,0.211,1
"MRPL1",0.330592438668711,-0.310266983690429,0.071,0.155,1
"MCRIP1",0.879554214237947,0.310067526886214,0.179,0.155,1
"CXXC1",0.544118194184407,-0.309920513873724,0.286,0.31,1
"PIGT",0.548471323109334,0.309559864901753,0.357,0.296,1
"PTGER4",0.441736446399804,-0.309376431731467,0.321,0.394,1
"TMEM263",0.879008865287001,0.309250324912819,0.143,0.127,1
"IWS1",0.777576913520973,0.309038138237724,0.214,0.197,1
"TRAM1",0.679139740046656,-0.308998352227754,0.5,0.549,1
"RABGAP1L",0.364026871235255,-0.308943679741325,0.75,0.761,1
"C1orf43",0.567735305829161,0.308865075034075,0.607,0.493,1
"SLC25A11",0.614959414661658,-0.308443520537827,0.107,0.141,1
"CYTH4",0.627720824120416,0.308267762488597,0.107,0.07,1
"SFT2D1",0.96592532809915,0.308161929264424,0.107,0.113,1
"RBM42",0.872433159620587,0.308155704585434,0.357,0.338,1
"GFI1",0.718831319820693,-0.308110741246814,0.179,0.211,1
"TMEM123",0.377422093723216,0.307969520399449,0.607,0.465,1
"VAPA",0.518850789422997,-0.307764730790698,0.393,0.479,1
"KIAA0319L",0.632040509381739,-0.307673934808271,0.143,0.183,1
"RRAGC",0.516960331599779,0.307554113383621,0.25,0.183,1
"STARD3",0.546024648995918,0.307455406889798,0.25,0.183,1
"KIF5B",0.533972247484583,-0.307303194885836,0.286,0.338,1
"LMBRD1",0.787982071823798,0.306932174516868,0.286,0.282,1
"ASTE1",0.677842508187366,-0.306722669585976,0.179,0.211,1
"B9D2",0.5876279096093,-0.306685543795335,0.071,0.113,1
"RPS18",0.00344295648035554,0.306665082891125,1,1,1
"YDJC",0.58576825496068,-0.306648156351411,0.107,0.155,1
"RANBP9",0.729119697013547,0.306589906193907,0.286,0.254,1
"C1orf21",0.279599630787459,-0.306509488900602,0.429,0.662,1
"MECP2",0.305743243761305,0.30641168509499,0.429,0.352,1
"SMURF1",0.542579677727717,-0.305973907206073,0.143,0.183,1
"GSTM3",0.629202878202899,0.305805408110463,0.071,0.113,1
"MYL12A",0.407055809438816,-0.305800446469388,0.643,0.746,1
"PINK1",0.698760293458294,-0.305669252788133,0.179,0.183,1
"MADD",0.808119399401431,-0.305601126283854,0.143,0.155,1
"GSDMD",0.786114940012464,0.305517173693575,0.143,0.127,1
"DTNB",0.841460758858472,0.305166262903338,0.179,0.155,1
"RNF19B",0.918130289542182,0.305088383937019,0.107,0.127,1
"CAPZA2",0.410498960811233,-0.305028387666218,0.286,0.38,1
"FAM110A",0.559591989845024,0.304849076563121,0.179,0.127,1
"RAC1",0.725855899439877,0.304705104591437,0.714,0.69,1
"CDC123",0.476664723964083,0.304700965921926,0.357,0.282,1
"ROCK1",0.5283364422913,-0.304608162293898,0.571,0.577,1
"ILRUN",0.744695734784193,-0.303951562479786,0.214,0.225,1
"PAFAH1B1",0.230218154113655,-0.30387328354448,0.464,0.577,1
"ALKBH5",0.500648684964772,0.303808778609687,0.357,0.282,1
"DMXL1",0.806973475255345,0.303682105680957,0.25,0.254,1
"EIF4A3",0.324219426740812,0.30364856784142,0.571,0.394,1
"SGTA",0.591149194139713,-0.303537321631676,0.143,0.197,1
"CAMKMT",0.373218713578717,0.303523869290265,0.214,0.127,1
"PANK2",0.543018052906919,-0.303501409850134,0.393,0.366,1
"RUNX2",0.720103733442842,0.303430325629122,0.107,0.085,1
"TFDP2",0.808275261985849,0.303361699302518,0.286,0.268,1
"CD3D",0.728883560096109,0.303183882570048,0.786,0.845,1
"ZNF644",0.718281322128037,0.302765140884001,0.5,0.437,1
"HMGB1",0.13370671744478,-0.302648376670834,0.893,0.958,1
"MPHOSPH8",0.354601179863179,0.302369247206566,0.5,0.38,1
"WIPF2",0.955307581149831,-0.302267928921761,0.143,0.155,1
"RNF139",0.708687233993341,0.302199822246122,0.179,0.141,1
"COPS9",0.663602106573446,-0.302019885934278,0.357,0.394,1
"BICDL1",0.860702541097252,-0.301966294140429,0.607,0.521,1
"IFI35",0.819773706430905,-0.301938168060745,0.107,0.113,1
"SPATA13",0.462247278547677,0.301761094411076,0.5,0.465,1
"TBC1D25",0.656016407248454,0.301625891884959,0.143,0.113,1
"SMAD7",0.58598916718976,-0.301566505880144,0.214,0.268,1
"METTL3",0.616106632576222,0.301399074581667,0.107,0.07,1
"BCAP29",0.67327999131773,0.301040466410054,0.214,0.169,1
"PCGF1",0.690241215202952,0.300880122483248,0.179,0.141,1
"PPP1R10",0.66246187677495,0.300797846337953,0.393,0.338,1
"ZBTB40",0.887758942440396,0.300165468931674,0.107,0.099,1
"G3BP2",0.415078963822597,0.299747657366177,0.571,0.521,1
"ZNF331",0.780466417475244,0.299593913518809,0.321,0.268,1
"PHYKPL",0.52616857145015,0.299515661565408,0.321,0.254,1
"CASP4",0.946446077931836,0.299414393809269,0.25,0.239,1
"DHX30",0.686058787793767,-0.299393539598551,0.214,0.239,1
"EMC3",0.542701882277209,-0.299358053076512,0.25,0.31,1
"MT-CYB",0.140939236473227,-0.299024751927773,0.893,1,1
"CHCHD10",0.794614645829047,0.298957949800552,0.214,0.197,1
"RTN3",0.50884467248098,-0.297632347705423,0.393,0.408,1
"ZNF664",0.612499024664179,-0.297588273319428,0.107,0.155,1
"PDS5A",0.336945358418072,0.297429553327892,0.5,0.423,1
"KMT2E-AS1",0.876035066995972,0.297403218751113,0.107,0.099,1
"DTX3L",0.688194631712455,0.297343040881926,0.214,0.183,1
"CYSTM1",0.453224283770841,-0.297192910402617,0.429,0.535,1
"DNAJA2",0.31497915599743,0.297009031250727,0.571,0.423,1
"ING4",0.519324163350586,0.296896885356653,0.214,0.155,1
"ATG4B",0.511410469610358,-0.296668616469972,0.214,0.268,1
"ASB8",0.768363477586806,0.296377492174063,0.25,0.239,1
"NFKBIB",0.491953873341324,0.296090887405928,0.286,0.225,1
"TCERG1",0.743791231254499,-0.295795863206253,0.25,0.282,1
"CIAO1",0.491500802934804,-0.295750394384284,0.357,0.394,1
"LINC00623",0.846930090172046,-0.2952780430809,0.143,0.155,1
"CDC14A",0.191094653831448,0.295094767953499,0.393,0.225,1
"POM121",0.713728278630313,-0.295058111805783,0.214,0.254,1
"BAG1",0.319445170836902,0.294459295533793,0.429,0.296,1
"PRKCH",0.585892759564441,-0.294417244221016,0.857,0.845,1
"PRDX1",0.762266744928158,0.294292988274607,0.536,0.493,1
"DENND4A",0.38207835254231,0.294209055615985,0.393,0.268,1
"ATP6V1D",0.702330604329515,-0.294190901588171,0.179,0.211,1
"MANBA",0.381602081886911,-0.293605459158848,0.107,0.197,1
"KMT2B",0.666059566459173,-0.29354416925893,0.143,0.183,1
"EXOSC7",0.975161893483305,0.293480311292768,0.143,0.155,1
"ENSG00000219410",0.639427968041819,0.293417780391752,0.107,0.07,1
"LPCAT1",0.319557806028541,0.293379815344876,0.357,0.239,1
"UBQLN1",0.572389064776585,-0.293136024132299,0.25,0.282,1
"FAM204A",0.805743469748889,0.292880864430931,0.286,0.254,1
"IP6K1",0.709254114216358,0.292839082733188,0.393,0.338,1
"PREPL",0.748018801374263,0.292743585263196,0.143,0.169,1
"KHSRP",0.603528878068116,0.292343307716526,0.179,0.127,1
"SDF2",0.638217457784613,-0.29228307853137,0.214,0.254,1
"ATP5PB",0.737129699393084,0.292211262090477,0.5,0.507,1
"IPO9",0.7984861229191,-0.29204473553776,0.143,0.155,1
"KHDC4",0.535633624996193,0.291992846117288,0.143,0.099,1
"MOAP1",0.671868667697874,0.291961124307643,0.107,0.141,1
"EED",0.737038280071791,0.291580051287718,0.143,0.113,1
"ACLY",0.894312918558155,-0.291519182394984,0.179,0.183,1
"YBX3",0.936247933048924,0.291439592057983,0.536,0.648,1
"CCT8",0.545340117761187,0.29140162603505,0.429,0.324,1
"PTPN22",0.523907675566353,-0.291176493700817,0.607,0.69,1
"SLC25A12",0.747397561009028,-0.290771485309548,0.107,0.127,1
"SAP18",0.308825356856703,0.290676741656385,0.714,0.718,1
"YTHDF1",0.702560338871382,-0.290587604781763,0.143,0.169,1
"GANAB",0.498794176630986,-0.290565947659137,0.071,0.127,1
"BLOC1S4",0.550349522901737,0.290483599214958,0.321,0.239,1
"SNHG15",0.760480311902146,0.290344948983922,0.214,0.254,1
"TP53I13",0.746086588156979,0.290234041128115,0.179,0.141,1
"RABGAP1",0.792966856075994,0.28982669513696,0.286,0.268,1
"SLC16A7",0.892895118610046,-0.289465600230076,0.143,0.141,1
"SOS1",0.975161893483305,0.289370064093487,0.143,0.155,1
"PRKCB",0.55347534637607,-0.289267811879039,0.179,0.239,1
"STAG1",0.385269078559973,-0.289133025997849,0.464,0.563,1
"PSMD12",0.594618268116743,0.288841966767747,0.179,0.127,1
"PSMB9",0.446403201533872,0.288710144630478,0.714,0.634,1
"FBXL3",0.810154117480763,-0.288657769218445,0.214,0.225,1
"SKP1",0.274836055449356,0.288624602406889,0.893,0.915,1
"MYCBP2",0.822138662507066,0.288557186647264,0.357,0.338,1
"LSM4",0.952330964604388,-0.288467987072543,0.214,0.211,1
"RPA3",0.619579894441977,0.287884303802116,0.393,0.366,1
"FASTKD1",0.717975533950704,0.287794505100931,0.179,0.141,1
"ENSG00000291073",0.764440123807724,0.28733456519668,0.429,0.352,1
"ZNF121",0.567328421802231,-0.287322195304508,0.071,0.113,1
"RPL36",0.0956104993683999,0.287056706715823,1,1,1
"FBXO42",0.396900633947871,0.286618474535099,0.179,0.113,1
"IRF1",0.195808048127521,-0.286374368389027,0.679,0.873,1
"PDIA6",0.720173629820114,0.286232853440866,0.321,0.296,1
"HNRNPA1",0.348841205807546,-0.285924091749032,0.857,0.901,1
"SP140",0.677786198530645,-0.285904654912054,0.25,0.31,1
"FTX",0.922531871735902,0.285744116422081,0.357,0.324,1
"DNAJC8",0.706102344394139,0.285659724452857,0.536,0.493,1
"DGCR6L",0.691285816873211,-0.285602858393727,0.107,0.141,1
"BTG3",0.630916611914578,0.284887013424256,0.143,0.211,1
"FBXO9",0.757802668988713,-0.284549614589361,0.107,0.127,1
"ACAA1",0.812352342958522,0.284382932011912,0.179,0.197,1
"PPM1G",0.551138941030144,-0.284343423779972,0.536,0.521,1
"SMARCC1",0.790228800610427,-0.284287645077798,0.357,0.366,1
"MAP1LC3B",0.600078635064361,-0.283992092112136,0.857,0.718,1
"DYNLL1",0.475082617979749,0.283951030218588,0.571,0.648,1
"SIPA1L1",0.843420511626252,-0.283862498015251,0.214,0.225,1
"NAA35",0.690241215202952,0.283781409264584,0.179,0.141,1
"BTG1-DT",0.75535764771254,0.283436220068508,0.107,0.085,1
"ATP2C1",0.58576825496068,-0.283357703714167,0.107,0.155,1
"CYTH1",0.573068447081882,0.283298159261096,0.571,0.563,1
"PHKB",0.95854117672954,0.283283193334303,0.179,0.183,1
"NUP42",0.994719230045287,-0.283224384366455,0.143,0.127,1
"EBNA1BP2",0.981133983332256,-0.28319985187315,0.179,0.169,1
"KLRK1-AS1",0.289703050589858,-0.283171572936274,0.179,0.282,1
"MT-ND2",0.208046509114022,-0.283061956983216,0.893,0.93,1
"FAM133B",0.552581852777402,-0.282996471935946,0.286,0.338,1
"SNRPF",0.983158146714167,0.2829047287019,0.429,0.479,1
"INTS7",0.593166535920896,0.282681579250301,0.107,0.07,1
"TBRG1",0.50331276320344,0.28265296744515,0.464,0.394,1
"EXOC5",0.573300291141196,0.282591391927887,0.286,0.225,1
"KAT5",0.693588926613508,-0.28249335262708,0.143,0.169,1
"SH2B3",0.633694801982743,-0.282436534589226,0.107,0.141,1
"ENSG00000291188",0.494027984738196,-0.282293937942199,0.143,0.211,1
"HSPA5",0.496855255515811,-0.282210891025211,0.607,0.662,1
"EIF2B4",0.498794176630986,-0.282049855362281,0.071,0.127,1
"EIF1B",0.341942944908754,-0.281979300935753,0.286,0.38,1
"EP400",0.538642440102468,-0.281919258066335,0.214,0.254,1
"ZCCHC10",0.652668033582952,-0.281871110253413,0.107,0.141,1
"CANX",0.424473867403818,-0.281680548546176,0.5,0.592,1
"EFL1",0.775732567822024,0.281645411243932,0.179,0.155,1
"CDK2AP1",0.557306213088631,-0.28127946749248,0.071,0.113,1
"RCC2",1,-0.281129344029569,0.179,0.169,1
"PLSCR1",0.768251843883625,-0.281100242350546,0.143,0.113,1
"RGS10",0.782522216354169,0.281039268302965,0.214,0.282,1
"PTBP1",0.256081349900633,-0.281029772298324,0.357,0.507,1
"PHC3",0.314316977449191,0.280810446560366,0.5,0.394,1
"RBM6",0.356131824355208,0.280728627593059,0.214,0.324,1
"FAM177A1",0.236591399204406,0.280583785621962,0.857,0.746,1
"NOCT",0.272917474466587,-0.280440234007177,0.071,0.169,1
"ZNF92",0.566342893351033,0.280413458445727,0.214,0.155,1
"IQGAP2",0.547349349011792,-0.280394723256341,0.393,0.465,1
"USP3",0.386137881335393,0.28026215062264,0.607,0.479,1
"USP36",0.128350538586414,0.2802017401795,0.536,0.31,1
"CSNK1G2",0.636278079447656,-0.28006647930262,0.571,0.577,1
"CSE1L",0.90930278008732,-0.280042575501442,0.107,0.113,1
"WDR89",0.924641290204702,-0.279595458468058,0.179,0.169,1
"PTMA",0.0574853573938013,0.279462491007675,1,1,1
"PTPN7",0.594321423776263,0.279240934095963,0.25,0.197,1
"ELL",0.478526363976123,0.278922620503823,0.286,0.211,1
"DDX24",0.260752501589098,0.278919626628242,0.857,0.845,1
"TOMM5",0.790457564343405,-0.278804018938314,0.286,0.296,1
"CDK5RAP3",0.767814478592997,-0.278611007845646,0.25,0.254,1
"PCID2",0.648169284274649,0.278418107971838,0.214,0.169,1
"NT5C",0.653905162142925,0.278415160054991,0.179,0.141,1
"BRCC3",0.547371003895676,-0.278412226205931,0.071,0.113,1
"RBM48",0.317671465610894,-0.278303228318442,0.107,0.211,1
"BBX",0.360739511409041,-0.278243106687195,0.286,0.38,1
"OCIAD1",0.968137933075643,0.278137300540252,0.393,0.38,1
"KBTBD2",0.952858023993016,0.278082897748685,0.179,0.169,1
"NMRK1",0.477780082376245,-0.277911896394744,0.107,0.169,1
"TFRC",0.994719230045287,-0.277596289707781,0.143,0.127,1
"RNF149",0.434858645109908,0.277520447534625,0.607,0.535,1
"PSMC4",0.502845683543366,0.277452224281206,0.5,0.423,1
"DIS3",0.525598164784724,-0.277348374944439,0.107,0.155,1
"UBXN2A",0.976960148964949,0.277274750071379,0.179,0.183,1
"TRAPPC2",0.594618268116743,-0.277233189766995,0.107,0.155,1
"CYTH2",0.839790629484623,-0.27718260366373,0.179,0.183,1
"HDLBP",0.370078943353614,0.276937478380231,0.357,0.239,1
"CYLD",0.514935710102562,0.276773436728172,0.643,0.493,1
"GTF2IP1",0.988638705215281,0.2767671752856,0.107,0.113,1
"LCP1",0.363104340175731,-0.276738649272839,0.75,0.803,1
"ATG3",0.610413352963828,0.276600874694396,0.393,0.352,1
"RPS4Y1",0.46707314853278,0.27649016339701,0.893,0.859,1
"WDR1",0.28497643597432,0.276311958438996,0.643,0.507,1
"RPL24",0.180178407070725,0.276156579978083,1,1,1
"GOLGA3",0.926390520392569,-0.275902639306635,0.214,0.211,1
"DECR1",0.491863201113188,-0.275690695384073,0.143,0.197,1
"PUM1",0.878628801726447,-0.275648978094825,0.25,0.254,1
"TASOR2",0.589384417473287,0.275513708180355,0.357,0.282,1
"MTLN",0.995031608201131,0.275200038087667,0.143,0.155,1
"ITPKB",0.672666481626443,-0.275044662419844,0.214,0.268,1
"SNU13",0.554995781310051,0.274934029831661,0.821,0.746,1
"BCR",0.837188634121381,-0.27474798039108,0.143,0.155,1
"IDH3G",0.876362036305602,-0.274530468030755,0.286,0.254,1
"PUM2",0.372960907788524,0.274433365421318,0.607,0.465,1
"KIF20B",0.519722688893317,0.274155912415425,0.321,0.254,1
"POLR3C",0.837436283274022,0.27414245769099,0.143,0.127,1
"BIN2",0.37302072027868,-0.274037593910777,0.393,0.493,1
"TPT1",0.0172519641028621,0.273311553335176,1,1,1
"TMSB10",0.147344213314155,-0.273292193637534,1,1,1
"AP3B1",0.387301992087121,0.273094721464226,0.393,0.268,1
"S100A10",0.00863859862868359,-0.273048724724317,0.964,0.986,1
"SMIM7",0.801888347862803,0.27300372585732,0.25,0.211,1
"ANKZF1",0.757802668988713,0.27295482444933,0.143,0.113,1
"IGFLR1",0.399490794806655,0.272914084381274,0.214,0.141,1
"GPS2",0.708209821985103,-0.27284054775156,0.607,0.648,1
"RRP12",0.899507427134339,0.272201109360469,0.107,0.099,1
"CAMTA1",0.857671065317454,-0.272081247043215,0.214,0.211,1
"PEX13",0.933573511478529,0.272079716190449,0.143,0.141,1
"SMARCA4",0.631646216902738,0.272072611093508,0.214,0.169,1
"COX5B",0.645496364514743,0.271953394469969,0.714,0.634,1
"MATR3",0.562487475596344,0.271786919947684,0.714,0.69,1
"SERINC1",0.264201037551227,-0.271637702612593,0.536,0.69,1
"IGF2R",0.71382389740119,0.271632704829318,0.321,0.268,1
"SMAP2",0.648799632285919,0.271451161906842,0.607,0.577,1
"SMYD3",0.932007394340817,0.271333658195328,0.25,0.268,1
"WTAP",0.444908971647843,-0.271134987688409,0.5,0.606,1
"ABHD16A",0.740658346308752,-0.270970508041299,0.214,0.225,1
"RPL23AP7",0.768251843883625,0.270558256698447,0.143,0.113,1
"SNHG14",0.779310991841134,0.27050350731117,0.179,0.141,1
"TLK1",0.677678572878208,0.27041582141792,0.429,0.394,1
"VPS37B",0.333784605237322,0.270324321861024,0.679,0.479,1
"PIK3R4",0.421276618615178,0.27024401516538,0.107,0.056,1
"NDUFC1",0.366488540570892,-0.270225638951789,0.357,0.535,1
"RNF216",0.286818219003572,0.270061678018596,0.393,0.268,1
"CDK11A",0.801888347862803,0.269847546827869,0.25,0.211,1
"MON1A",0.537524212664966,-0.269729607492459,0.071,0.113,1
"GIGYF2",0.874250636927116,0.269637939225865,0.179,0.197,1
"EIF5",0.785657115381322,0.269445506512644,0.643,0.606,1
"MFN2",0.720626906566857,-0.269281340495844,0.143,0.169,1
"MAN2A1",0.713728278630313,0.269148735833069,0.286,0.225,1
"CTDSP1",0.995740607225998,0.268676492490028,0.214,0.225,1
"NUP205",0.58576825496068,0.268202522517027,0.179,0.127,1
"TYW1B",0.581845167205705,0.268077356435658,0.107,0.07,1
"ARL15",0.629895131927215,-0.268047670313771,0.179,0.211,1
"CCND2",0.488464110341419,0.267985647335067,0.714,0.648,1
"WHRN",0.633514939142436,-0.267963836694407,0.214,0.282,1
"B4GALT5",0.615310477956602,-0.267958553797886,0.143,0.183,1
"HK1",0.720626906566857,-0.26787943402648,0.143,0.169,1
"TPGS1",0.717193973704251,-0.267795573807346,0.214,0.239,1
"NSMCE3",0.853195011005523,-0.267781255650822,0.393,0.394,1
"NUP58",0.769097428096722,0.267701506049453,0.214,0.197,1
"TMEM147",0.623652497737247,-0.267684591049385,0.143,0.183,1
"SLC25A6",0.294327576542251,0.267624970846519,0.857,0.789,1
"CMTR1",0.75535764771254,0.267469416352673,0.107,0.085,1
"APOBEC3C",0.858957107229257,0.267427459860731,0.321,0.324,1
"NOMO2",0.639427968041819,0.267073113057307,0.107,0.07,1
"TXNDC12",0.336093646141202,0.267021091746276,0.286,0.183,1
"GCC2",0.446353320354425,0.267017424518144,0.75,0.662,1
"RPS29",0.107779981451268,-0.267015510628438,1,1,1
"DYNLT1",0.721457763131657,-0.266934278308773,0.464,0.451,1
"KIF3A",0.388202991749916,-0.266915634256091,0.179,0.268,1
"CCDC167",0.601868667683583,-0.266893183334327,0.179,0.225,1
"TAF8",0.779151863643621,0.266777090228438,0.107,0.085,1
"PLAA",0.796312779099566,0.266503655991218,0.143,0.127,1
"NENF",0.468095623301599,-0.266375133062557,0.143,0.225,1
"UXT",0.490702998456879,0.266362207255048,0.607,0.577,1
"KIAA1586",0.841983857047981,-0.266254217629385,0.107,0.113,1
"TFCP2",0.984654005476625,0.266041231600884,0.143,0.141,1
"MIAT",0.916062646316647,0.265494989794719,0.25,0.268,1
"ARPC3",0.392435629208223,0.265247824804809,1,0.845,1
"EGLN2",0.951293049626238,0.265121992780066,0.25,0.254,1
"DAAM1",0.631646216902738,0.264991175316862,0.214,0.169,1
"UBE2I",0.600975884012577,-0.264978830825501,0.536,0.577,1
"STK38",0.382460159250203,0.264858585509511,0.786,0.634,1
"C6orf120",0.657486617719177,-0.264601077569757,0.143,0.183,1
"RPL15",0.0733212403335828,-0.264511263048887,1,1,1
"CNNM2",0.662240595548086,-0.264347008921217,0.107,0.141,1
"SLC25A32",0.640680313521562,0.264250123447898,0.321,0.239,1
"GIMAP5",0.935569871861894,-0.264246189248561,0.679,0.535,1
"PRPF38B",0.721559982458287,0.263887508083639,0.429,0.408,1
"GGPS1",0.568254123976579,0.263677879437585,0.179,0.127,1
"PSMD4",0.823050406353563,0.263499312642543,0.393,0.366,1
"MAD2L1BP",0.470090673965973,-0.263379343837083,0.107,0.169,1
"HCST",0.780006764209354,-0.263266417738547,0.679,0.606,1
"CHCHD7",0.521431655767958,-0.263181730118817,0.143,0.197,1
"GMPR2",0.791128611137914,0.263122873399122,0.107,0.085,1
"SNRPG",0.460784654707532,-0.262922500610163,0.536,0.606,1
"WDR44",0.864338331279629,0.262830720061259,0.107,0.099,1
"CYRIA",0.8308618936708,-0.262708042823158,0.107,0.113,1
"YEATS4",0.943239565938884,-0.262388619577762,0.107,0.113,1
"EIF3I",0.410349739021158,-0.262156062742888,0.393,0.493,1
"MX2",0.623525220680297,-0.261838986627594,0.214,0.254,1
"EMG1",0.671641564513011,0.261834175025679,0.25,0.197,1
"POLR2G",0.450367356302074,-0.261796436730646,0.286,0.352,1
"EXOSC1",0.61424057309346,0.261570539040498,0.25,0.183,1
"MTMR14",0.936177019012287,0.261549343328455,0.214,0.225,1
"SAE1",0.699442052078246,0.261498442014499,0.179,0.141,1
"SEC23B",0.663734730227608,0.261386398716758,0.25,0.197,1
"TRIM26",0.913205889445396,0.261338879271121,0.143,0.141,1
"USP20",0.658141675761523,-0.26127652446299,0.143,0.169,1
"EXOSC9",0.768251843883625,0.261160021652125,0.107,0.127,1
"ARHGAP45",0.953990304125373,0.26087868200837,0.393,0.38,1
"LAG3",0.88790271010451,-0.260848133752452,0.357,0.352,1
"RPS8",0.0168910783574393,0.260833266650778,1,1,1
"GMCL1",0.559591989845024,-0.260389659440667,0.107,0.155,1
"CYCS",0.659518733207785,-0.260183487579867,0.393,0.394,1
"SPG7",0.690736900759979,-0.260174947742648,0.214,0.254,1
"ESD",0.915254979816921,0.260141376408636,0.179,0.169,1
"USP16",0.356785461599027,0.259935471793045,0.429,0.296,1
"MICU2",0.971147877294289,-0.259813080862268,0.25,0.239,1
"CCPG1",0.486826540351174,-0.259713769372566,0.393,0.451,1
"CD7",0.234432392475884,0.259708346501654,0.857,0.789,1
"AKR1A1",0.691285816873211,-0.259560711476122,0.107,0.141,1
"CDK4",0.876289284333894,0.259484417196869,0.143,0.155,1
"ENO2",0.976960148964949,0.259431439045848,0.179,0.183,1
"PRKRA",0.830769444809913,-0.259383154091447,0.179,0.183,1
"TGFBR2",0.3000573855644,0.259227810442833,0.571,0.465,1
"CCDC69",0.671868667697874,-0.259213082068882,0.107,0.141,1
"C1D",0.423910778373736,-0.259025582880119,0.25,0.352,1
"PSMB8-AS1",0.63593224017576,0.258816572010598,0.286,0.239,1
"DYM",0.753713666837176,0.258772491068863,0.357,0.352,1
"DCK",0.886766016511198,-0.258668291563254,0.107,0.113,1
"TCIRG1",0.75589863737246,0.258420397584596,0.214,0.183,1
"CDCA4",0.754032960214261,0.258362754853145,0.143,0.183,1
"BAZ1A",0.566188352988076,0.258141789599227,0.464,0.394,1
"CRLF3",0.661702254649768,-0.258059502616278,0.179,0.211,1
"CALR",0.386510976513009,-0.258018042747419,0.679,0.845,1
"SPAG7",0.794614645829047,0.257803110298883,0.214,0.197,1
"GTF3C2",0.953984715305118,-0.257663760424316,0.143,0.141,1
"RPS3A",0.0212450897254963,0.257320154336686,1,1,1
"ASCC3",0.466268043696807,0.257114265773035,0.357,0.254,1
"LAMTOR5",0.247270270844762,-0.2570513837806,0.393,0.535,1
"DCAF8",0.83199150019991,0.256935544579312,0.179,0.155,1
"NFU1",0.533996627808984,0.256849309194409,0.179,0.127,1
"SMARCD1",0.55347534637607,-0.256833509300267,0.179,0.239,1
"SRSF1",0.535910216660255,-0.256426719580162,0.214,0.296,1
"FBXL4",0.87553072117654,-0.256404114404024,0.107,0.113,1
"RAP2A",0.743545447681315,0.256351196945848,0.107,0.085,1
"SNRNP200",0.807545128228696,-0.256347572078083,0.286,0.31,1
"RPL36AL",0.126842077216674,-0.256120538290689,1,1,1
"RCN2",0.498794176630986,-0.256087032936571,0.071,0.127,1
"C1GALT1",0.907403275052282,-0.2560154674737,0.214,0.197,1
"TAF9",0.775732567822024,0.256003746245842,0.179,0.155,1
"IMPA1",0.662240595548086,-0.255966604953336,0.107,0.141,1
"CD96",1,0.255758042699804,0.786,0.831,1
"NXT1",0.5680861880386,-0.255418431838768,0.143,0.211,1
"ARFIP2",0.760272626600556,-0.255249978195105,0.143,0.155,1
"IKZF3",0.391403685439662,0.255032170479017,0.571,0.451,1
"TRAF3IP3",0.699442052078246,0.254969670652158,0.179,0.141,1
"FAM53B",0.503867947778672,-0.254931059769406,0.286,0.38,1
"LGALS8",0.884967145699471,-0.254496905558666,0.25,0.239,1
"LITAF",0.541576413338799,-0.254402228909214,0.929,0.859,1
"CD3E",0.225190460816431,0.254372604210558,0.929,0.873,1
"MRTFA",0.537835160471294,-0.254346858242596,0.143,0.211,1
"PHB2",0.543165340720789,-0.253820055402486,0.357,0.394,1
"RBM15B",0.695095365264911,-0.25343904916977,0.214,0.268,1
"CEP120",0.986992186532925,0.253380658368934,0.214,0.211,1
"MDM2",0.366449080774573,-0.253214507831933,0.107,0.183,1
"CKS2",0.779151863643621,0.253205447644731,0.107,0.085,1
"NDUFA7",0.7388507974169,-0.253134475224886,0.143,0.169,1
"PPFIA1",0.553415279246562,0.252813211962727,0.25,0.183,1
"ENO1",0.515780306544871,0.252531316622362,0.857,0.845,1
"HIGD2A",0.549245628127502,0.252464885178595,0.643,0.577,1
"PIGV",0.720103733442842,0.252424151963714,0.107,0.085,1
"ZAP70",0.566964475581024,0.252345727457265,0.429,0.366,1
"PFN1",0.361298352139343,-0.252010907054265,1,0.986,1
"PIK3CG",0.60857532789384,-0.25149094783945,0.25,0.31,1
"TSC22D3",0.671446350671839,0.251292137859704,0.857,0.845,1
"RPL11",0.0559716785058938,0.250876207334747,1,1,1
"CHD2",0.212928803659933,0.250760621047004,0.679,0.465,1
"RNF181",0.382150057250725,-0.250555314355515,0.393,0.493,1
"DHX9",0.548915149769395,-0.250369723314464,0.357,0.423,1
"THAP4",0.63286428023552,0.250335638621017,0.286,0.211,1
"CYB5R4",0.816138760048613,0.25018999154984,0.25,0.239,1
"PSMG2",0.733080902488437,-0.250155015516556,0.321,0.366,1
"XPO5",0.616106632576222,0.250154901694086,0.107,0.07,1
"TRIR",0.390289023206883,-0.250127291708276,0.893,0.887,1
"RPS21",0.130755145540887,-0.249768386056576,1,1,1
"SKIL",0.449726746511531,0.249764873218737,0.643,0.606,1
"ARL1",0.5876279096093,-0.24963619319696,0.071,0.113,1
"FASLG",0.860163041116281,0.249610725451075,0.214,0.225,1
"MT2A",0.588174802589653,0.249575420904937,0.75,0.592,1
"RPL13",0.00357401674273299,0.249478206981063,1,1,1
"ZMYND11",0.365099135524201,0.249268101749252,0.5,0.408,1
"RELCH",0.525079558702444,-0.249016780421097,0.179,0.268,1
"SUPT3H",0.632040509381739,-0.248719732775708,0.143,0.183,1
"TPST2",0.824262013748919,0.248598743766521,0.286,0.324,1
"HSP90B1",0.244600540545382,0.248568036916631,0.714,0.507,1
"IFNAR1",0.898711780025163,-0.248441448237963,0.179,0.155,1
"CSNK2A1",0.76063099136147,-0.248406788136365,0.357,0.352,1
"SUN2",0.463156804772704,-0.248289842568356,0.536,0.634,1
"AP3D1",0.80315487651831,0.248257527792732,0.107,0.085,1
"SDHAP1",0.71134924165466,0.247835005755669,0.143,0.113,1
"CBX3",0.601830091395723,-0.247606997762707,0.25,0.31,1
"TXNRD1",0.783025148789188,-0.247432987331623,0.286,0.296,1
"AKAP17A",0.735332678396264,0.247418322023438,0.357,0.324,1
"UBL3",0.94931602251161,0.247395544609356,0.286,0.282,1
"DCXR",0.224260891050849,0.247144906045472,0.679,0.423,1
"DDX6",0.32147129909593,0.24708303707758,0.821,0.592,1
"RPS11",0.17641880471934,0.246851861337714,0.964,0.986,1
"UQCRB",0.171634213471701,-0.246709510493737,0.75,0.859,1
"CHASERR",0.984439277087835,0.246686768610443,0.75,0.817,1
"USP10",0.732581830172945,0.246591072744507,0.286,0.268,1
"TULP4",0.65820385200555,0.246505141875246,0.107,0.155,1
"TLN1",0.391906438953775,-0.246389382182032,0.357,0.437,1
"CDC37",0.715119534168081,-0.246307712656005,0.75,0.718,1
"FBXW11",0.888576984954191,0.246259513008298,0.286,0.296,1
"PEDS1",0.662916747910031,0.246092931563242,0.179,0.141,1
"MLXIP",0.973600775920869,-0.245676174124368,0.143,0.127,1
"PRR7",0.731793298869565,0.245648246327425,0.107,0.085,1
"ZNF780A",0.623234459629818,0.245563691689046,0.143,0.099,1
"SRSF4",0.634199812252947,-0.245189711011526,0.393,0.394,1
"SSBP1",0.954326051925959,-0.245028960018904,0.429,0.38,1
"BAX",0.568964246518257,0.244905251403973,0.357,0.324,1
"UQCRFS1",0.446965870826672,0.244576333559231,0.607,0.493,1
"ZNF22",0.813066050926879,0.244443918428318,0.179,0.169,1
"TNFRSF1A",0.665253242540443,0.244421900876118,0.286,0.239,1
"POR",0.699302775172889,-0.244283255761781,0.25,0.282,1
"PI4K2B",0.778743301524494,0.243894531072162,0.143,0.113,1
"COQ4",0.528964152608325,-0.243717410439974,0.143,0.197,1
"NSA2",0.469377431340282,-0.243663555904858,0.536,0.62,1
"RNF41",0.895959696690324,-0.2435738247374,0.143,0.155,1
"NOL10",0.779151863643621,0.243530392010826,0.107,0.085,1
"UBE2D3",0.337266858890457,-0.243473136647167,0.75,0.817,1
"SLC6A6",0.443593914507111,-0.243362397283015,0.321,0.352,1
"GSE1",0.358390617672927,0.243323213796718,0.286,0.183,1
"RPS25",0.113865572011939,0.243221561688962,1,1,1
"TRPS1",0.831317748649232,-0.243052824304419,0.321,0.338,1
"PIAS1",0.772980293811622,0.24298915850877,0.429,0.507,1
"ATP5IF1",0.912294831848272,0.242967213932533,0.357,0.408,1
"PKN2",0.523872920702767,-0.242723293598154,0.214,0.282,1
"NR1H2",0.525816712060805,-0.242668917739696,0.286,0.352,1
"EXOSC5",0.899507427134339,0.242654912597357,0.107,0.099,1
"NCOA4",0.928176028781773,0.242632842549937,0.429,0.437,1
"AIM2",0.863671504455787,0.241459510783115,0.179,0.211,1
"UTP4",0.716464114330277,-0.241363181609912,0.107,0.127,1
"CHRAC1",0.6065491126787,-0.241336110385681,0.286,0.324,1
"ARRDC2",0.485465919620421,0.241298204186308,0.286,0.225,1
"PEBP1",0.752713245846652,0.241264952927315,0.5,0.465,1
"SKI",0.865212055893857,0.240823014475951,0.357,0.338,1
"MAPK14",0.988638705215281,0.24077036444441,0.107,0.113,1
"MTHFD2",0.621479329120965,0.240766753711944,0.286,0.239,1
"ACAT1",0.85321293172091,0.240417082134928,0.107,0.127,1
"MGAT4B",0.559637693008152,-0.240192213146769,0.143,0.197,1
"ATP6V0E1",0.652443116471089,0.24002196127838,0.821,0.718,1
"KLF2",0.480020450524683,-0.239619686455079,0.643,0.704,1
"PLA2G12A",0.768251843883625,-0.239608830005241,0.107,0.127,1
"HLA-E",0.349167797397253,0.239533380731868,1,1,1
"SELENOF",0.444511877136298,0.239510077263621,0.571,0.507,1
"RNH1",0.835313166638206,-0.23948427011633,0.321,0.31,1
"GNAI2",0.624765677781849,0.23940586533157,0.643,0.592,1
"ATP2A3",0.977383854454513,0.239038269659058,0.321,0.31,1
"NMI",0.806973475255345,-0.238963727357078,0.25,0.254,1
"SARAF",0.0866881135019378,0.238801940689369,1,1,1
"ITGAE",0.59157725164396,-0.238649672455022,0.321,0.366,1
"CRYBG1",0.805796951882586,0.238596593149798,0.5,0.62,1
"ZFR",0.686303772411163,0.238240444244037,0.429,0.366,1
"NOC4L",0.575291472878189,-0.238172370884442,0.143,0.197,1
"UTY",0.623525220680297,0.237745298887727,0.286,0.225,1
"RB1CC1",0.38394978501874,-0.237584161179817,0.357,0.423,1
"PTMS",0.703369908952887,-0.237568753728836,0.321,0.352,1
"PBXIP1",0.486750212859968,-0.237507306178399,0.714,0.718,1
"IL32",0.324473325939645,-0.23732987169763,0.786,0.845,1
"AP1G2",0.727305705824921,0.23725964955045,0.179,0.141,1
"CCT5",0.62460739122212,0.237218182922141,0.464,0.423,1
"ITGAL",0.541033233060123,0.237199979984972,0.393,0.31,1
"PARP15",0.484347002329775,-0.236923570849066,0.179,0.239,1
"NACA",0.167878576930282,0.236622269996442,1,1,1
"DNTTIP2",0.547928521275629,-0.236512066288096,0.464,0.521,1
"CREBRF",0.967517483786243,0.23633575640923,0.25,0.254,1
"HTT",0.633694801982743,-0.236296931414827,0.107,0.141,1
"PRDM4",0.953984715305118,0.23623774894277,0.143,0.141,1
"SF3A1",0.51783339950436,0.236182467125287,0.571,0.549,1
"CFL1",0.083867921788351,-0.235908955692063,1,0.986,1
"TRBC1",0.736507825371429,-0.235752920684096,0.679,0.662,1
"ZDHHC18",0.896519059379545,0.235653750475267,0.179,0.169,1
"MRPS17",0.87553072117654,-0.235124647748361,0.107,0.113,1
"RMND1",0.547371003895676,0.234841006804613,0.071,0.113,1
"TNIP2",0.61316841331247,0.234627291494884,0.357,0.296,1
"CALCOCO1",0.876968668515491,-0.234369628680094,0.214,0.225,1
"PSMB4",0.9151719895967,0.234353033761528,0.393,0.38,1
"ITPR3",0.841983857047981,-0.234331283074709,0.107,0.113,1
"MTDH",0.374260003867256,-0.234156268268883,0.357,0.465,1
"PLSCR3",0.866481881964694,0.234005966717429,0.143,0.155,1
"RBM3",0.707340436897048,0.233439858728897,0.643,0.69,1
"ANKRD13A",0.710564004184144,-0.233324465342261,0.179,0.211,1
"PTPRJ",0.318597384538621,-0.233144665879899,0.536,0.577,1
"S1PR1",0.136971716388551,0.232439849455193,0.821,0.592,1
"GOLGA5",0.698760293458294,0.23236457792756,0.214,0.169,1
"CIR1",0.648836551804297,0.231794615417428,0.393,0.352,1
"IKBIP",0.813127269634335,0.231582875179335,0.143,0.169,1
"ACBD5",0.559591989845024,-0.231516163954742,0.107,0.155,1
"HIF1A",0.94931602251161,0.231261736570237,0.286,0.282,1
"TUBA1A",0.251988267722409,0.231198870338645,0.75,0.535,1
"TP53INP2",0.879008865287001,0.231091676580517,0.143,0.127,1
"NAPA",0.708348169653924,-0.230995367994964,0.5,0.535,1
"TOR1B",0.827345024334875,-0.230682436848176,0.107,0.085,1
"BOD1L1",0.44464659889026,-0.230673857329584,0.393,0.437,1
"TNFSF9",0.846287430767468,0.230600667206736,0.214,0.197,1
"NDUFB4",0.575797532903272,-0.230550747284876,0.357,0.408,1
"ARL6IP5",0.297130933558059,0.230217974055353,0.714,0.704,1
"NSRP1",0.484614226655071,-0.230120500308171,0.143,0.197,1
"MRPL37",0.837188634121381,-0.229998360685614,0.143,0.155,1
"PER2",0.887758942440396,0.22981399846472,0.107,0.099,1
"CAMK2D",0.760645471916831,-0.229739779192213,0.179,0.211,1
"METTL9",0.670544083443687,0.229641263049248,0.321,0.268,1
"C12orf57",0.38028823162647,-0.229543196193229,0.679,0.718,1
"CCL5",0.349085820850557,-0.229505590629389,0.893,0.944,1
"EZH2",0.369349664318486,-0.229457548211786,0.071,0.141,1
"CNOT4",0.839396293112743,0.229105639954268,0.393,0.394,1
"PGM2",0.7388507974169,0.229069238104868,0.143,0.169,1
"MRPL54",0.557955754599163,-0.228945773837178,0.286,0.324,1
"RFFL",0.88112183198476,-0.228849985728984,0.214,0.197,1
"REV1",0.576979871682774,0.228322203089598,0.179,0.127,1
"TPM3",0.58499569432708,0.228091771017159,0.75,0.817,1
"LUC7L",0.550267577645357,-0.227938567009044,0.286,0.352,1
"GZMA",0.662376035143116,-0.227931009201261,0.214,0.282,1
"FHIP2B",0.934874999094328,0.227924413033694,0.107,0.099,1
"PRRC2B",0.910834797201891,-0.227506016877296,0.25,0.254,1
"PTBP3",0.571583867894249,-0.226979854683624,0.393,0.437,1
"RRAS2",0.534770516136933,0.226488701533622,0.214,0.155,1
"ENSG00000266049",0.816811485969205,0.226186564314486,0.143,0.127,1
"UVRAG",0.66343123734587,0.226179130444852,0.25,0.296,1
"BCL2A1",0.626587561804411,-0.226062085194016,0.143,0.113,1
"MAN2B1",0.958529382755941,-0.226027726547483,0.107,0.099,1
"EMC6",0.635287334826875,-0.225903622453852,0.25,0.296,1
"MAP3K2",0.772010617363757,-0.225878453655701,0.536,0.549,1
"APEX2",0.203990400406247,-0.225830697550237,0.036,0.127,1
"ELF1",0.31477054300754,0.225756746368919,0.714,0.62,1
"BZW1",0.570489099980921,0.225752957779195,0.75,0.676,1
"MORF4L2",0.629499598069742,0.225203807928606,0.393,0.352,1
"CUL2",0.910739333742021,0.22508254774468,0.214,0.225,1
"KLHL5",0.934874999094328,0.225055519117102,0.107,0.099,1
"SLC2A4RG",0.843420511626252,-0.225005139216076,0.214,0.225,1
"PARP14",0.711719124546178,0.224928076514569,0.25,0.197,1
"CD2BP2",0.607660714984959,0.224837541677829,0.321,0.268,1
"CISH",0.899507427134339,-0.224788385630345,0.107,0.099,1
"PRDX6",0.69123407406753,0.22477222698097,0.5,0.479,1
"GOLGA7",0.829817177607923,0.224695578267041,0.286,0.31,1
"UBA6",0.744789123958114,0.224682723966425,0.25,0.239,1
"GALNT2",0.617091252504507,0.224645842977498,0.25,0.197,1
"LIPA",0.684660261224189,-0.224387226541557,0.143,0.169,1
"DPH1",0.793644691100894,-0.224182273434822,0.214,0.225,1
"RAP1GDS1",0.96099038498732,0.224119230414628,0.214,0.211,1
"RALY",0.86519714176727,-0.223985986247564,0.679,0.535,1
"HNRNPM",0.762441054127394,0.223746595296183,0.571,0.592,1
"PCGF5",0.564526652737366,-0.223690019116772,0.357,0.479,1
"RPL22",0.278442219092198,0.223559594969529,1,0.972,1
"NIPA2",0.964451114509596,-0.223528094030515,0.286,0.268,1
"UBA52",0.0462802916960319,0.223296018252771,1,1,1
"AP1S2",0.75535764771254,0.22325589157311,0.107,0.085,1
"C16orf54",0.67835718356191,-0.223029005797339,0.214,0.239,1
"NOP56",0.626588426671492,0.222651696350492,0.357,0.352,1
"RTN4",0.427218329410926,-0.222577676679293,0.429,0.493,1
"PARP12",0.822546563163819,0.222543384703798,0.179,0.155,1
"MRPS25",0.837436283274022,-0.22231699208444,0.143,0.127,1
"DCUN1D5",0.411865902482985,0.222050402096871,0.286,0.183,1
"ROMO1",0.517270297067838,-0.221959083248176,0.393,0.423,1
"MYH9",0.682835506462329,0.221741577206474,0.821,0.859,1
"DNM2",0.798775894823533,0.221675850145237,0.429,0.352,1
"ZDHHC20",0.860163041116281,0.221622862364129,0.214,0.225,1
"ZFP36",0.486786815044034,-0.221513387759114,0.929,0.944,1
"EMC7",0.396117941261087,-0.22147634585342,0.393,0.507,1
"ZFP90",0.958529382755941,-0.221384664254745,0.107,0.099,1
"SYNE2",0.636203967829401,0.22131067521113,0.75,0.775,1
"LMNB2",0.757222578998134,-0.221087550623077,0.143,0.169,1
"TENT4B",0.323348209472078,-0.220872227600861,0.143,0.254,1
"COMMD6",0.626043864137958,-0.220786190948783,0.786,0.817,1
"SIAH2",0.623452512335259,0.220680127718377,0.143,0.197,1
"PIBF1",0.89192933060538,-0.220650583934777,0.214,0.211,1
"GOT2",0.953984715305118,0.220427046856791,0.143,0.141,1
"TSTD1",0.777475764162907,0.22019074551743,0.179,0.197,1
"VKORC1",0.627461208026563,-0.220170783160843,0.25,0.282,1
"NSD3",0.426159296698533,-0.219997014567756,0.464,0.577,1
"CELF2",0.692930464205216,0.219946538265009,0.429,0.493,1
"KLRG1",0.936928571033881,0.219896513735112,0.179,0.197,1
"ARF5",0.908265835536791,-0.219890215048976,0.464,0.437,1
"ATP5F1D",0.30458190056318,-0.219677065861412,0.464,0.62,1
"RHOA",0.226584105139103,-0.219643586091406,0.893,0.873,1
"EMP3",0.292280357399935,-0.219611719141303,0.929,0.901,1
"CPEB4",0.517043975636083,0.219561657842891,0.143,0.099,1
"MAP3K8",0.918214489143946,-0.219100683188548,0.321,0.268,1
"CD164",0.570227966309148,-0.218911046083602,0.464,0.521,1
"VIRMA",0.772971219837177,-0.218863287770614,0.286,0.282,1
"RANBP1",0.531509946107204,-0.218839622584777,0.25,0.324,1
"DNPH1",0.633694801982743,-0.218751946779917,0.107,0.141,1
"STARD3NL",0.681031871920996,0.218593971601246,0.179,0.239,1
"TLE3",0.48965172278167,0.218501095329985,0.357,0.268,1
"MT-ND1",0.496595236711649,-0.218333958967579,0.964,0.944,1
"SUPT4H1",0.885858599328809,0.21824722866711,0.464,0.465,1
"ZNF430",0.563305197269613,0.218074174668368,0.357,0.282,1
"CCDC43",0.593166535920896,0.218032248173924,0.107,0.07,1
"CTSS",0.88189907222076,0.218013709447922,0.25,0.282,1
"TAP1",0.367936106807254,-0.217850139649438,0.536,0.62,1
"COPB2",0.848544348159683,0.217847676981438,0.321,0.366,1
"YIPF6",0.748018801374263,-0.217787385122372,0.143,0.169,1
"LINC00649",0.757222578998134,-0.217676176588486,0.143,0.169,1
"SMYD2",0.791128611137914,0.21703890376551,0.107,0.085,1
"ZMAT3",0.80315487651831,0.216954678757005,0.107,0.085,1
"PAM",0.120947878566249,-0.216853781720269,0.143,0.31,1
"LRBA",0.38784296042199,-0.216411484131205,0.321,0.423,1
"PSMC6",0.797025202459067,-0.216363621826512,0.321,0.324,1
"PSMD7",0.729732983548094,0.216361265024935,0.5,0.394,1
"EBLN3P",0.920599754115659,0.216326780588348,0.107,0.113,1
"VTA1",0.485419668214424,-0.216321762860452,0.214,0.282,1
"LRRC41",0.717545672920424,-0.216309997311588,0.179,0.197,1
"C12orf29",0.799845813624548,-0.216303260798903,0.107,0.127,1
"ENY2",0.534283663559089,-0.216243067803141,0.357,0.437,1
"CAPRIN1",0.600838679554565,-0.21612831857717,0.25,0.296,1
"YWHAZ",0.321887295296447,-0.216059874248924,0.964,1,1
"ANAPC5",0.680289440398889,0.215936020892189,0.393,0.451,1
"RNF34",0.894710103743807,0.215921639199241,0.25,0.254,1
"UBE2E3",0.96106242886647,-0.215837985484608,0.393,0.38,1
"YLPM1",0.933786494887703,-0.215660639354883,0.214,0.197,1
"PAIP2",0.799716814673456,0.215557049248746,0.821,0.775,1
"ZDHHC3",0.741978741919596,0.21541485641428,0.214,0.169,1
"PVRIG",0.24856610893855,0.215284979532752,0.393,0.225,1
"CD160",0.26199091408315,-0.214654434610281,0.036,0.113,1
"SREK1",0.744789123958114,0.214567110265134,0.25,0.239,1
"PIM1",0.7983098532832,0.214380627765872,0.393,0.394,1
"PPP4C",0.371469926308032,-0.214082780531406,0.5,0.563,1
"LAMP2",0.853137437640387,-0.213706600869027,0.107,0.113,1
"ATXN1",0.48247431655041,-0.213642631961826,0.679,0.69,1
"YBEY",0.757802668988713,-0.213628381693137,0.107,0.127,1
"TMEM126B",0.716464114330277,-0.213419713959891,0.107,0.127,1
"TLE4",0.597833693648617,0.213414102917734,0.429,0.338,1
"CHFR",0.734510234268967,-0.213279450845754,0.179,0.197,1
"NDUFAF4",0.868579728293789,0.213231420117078,0.143,0.127,1
"NEMF",0.593407346082396,0.213111196162925,0.357,0.296,1
"AGO2",0.647029560342152,0.212850277064539,0.5,0.465,1
"RASSF2",0.943239565938884,-0.212492977637914,0.107,0.113,1
"EPB41L4A-AS1",0.42528610534733,-0.212327989446919,0.214,0.296,1
"CHCHD2",0.21209433915637,0.212262310283,1,0.845,1
"AAR2",0.414808559024361,-0.212055828526664,0.071,0.141,1
"PAPOLG",0.619287371048394,0.212012093127559,0.321,0.239,1
"CCNDBP1",0.750247088183784,0.211263236036161,0.5,0.437,1
"RAB21",0.513265133993022,-0.211096721976396,0.321,0.38,1
"AIMP1",0.285400520466287,0.21107376537262,0.286,0.155,1
"LPAR6",0.737038280071791,-0.211006690987253,0.107,0.127,1
"PAIP1",0.878628801726447,-0.21087128933099,0.25,0.254,1
"ATG12",0.943444117483692,0.210746761917084,0.179,0.169,1
"TGIF2",0.902707536936011,0.210691945402542,0.286,0.282,1
"SERF2",0.306936857778465,-0.210531598797385,0.964,0.986,1
"BOP1",0.632040509381739,-0.210517044391727,0.143,0.183,1
"PXK",0.915254979816921,-0.210313673756415,0.179,0.169,1
"SBNO1",0.63588612410717,-0.210104999680465,0.25,0.31,1
"PCBP1",0.335102930317635,0.210010439598801,0.964,0.873,1
"PMPCB",0.925038126933285,-0.209801216915998,0.286,0.268,1
"LAX1",0.971974838718218,0.209278567851665,0.25,0.268,1
"TPRA1",0.903042572351557,-0.209256225192105,0.143,0.141,1
"NEK9",0.768251843883625,0.209044027402444,0.143,0.113,1
"DYNC2I1",0.50081444782,-0.208933443134673,0.107,0.155,1
"ENSG00000290569",0.720626906566857,-0.208879318501509,0.143,0.169,1
"SLC1A4",0.949339368885869,0.208112028698677,0.179,0.183,1
"ZRANB2",1,0.208092320903348,0.321,0.324,1
"LPP",0.730723990533966,-0.208051525191279,0.107,0.141,1
"CD52",0.451813369511585,-0.208034217328904,0.75,0.831,1
"DENR",0.626809337569035,-0.207971783691086,0.286,0.352,1
"NISCH",0.96592532809915,0.207924636367588,0.107,0.113,1
"MFSD11",0.578219255932109,-0.207822919393088,0.429,0.465,1
"DYRK2",0.808721434018759,-0.207690830383003,0.107,0.113,1
"BRWD1",0.58345853518032,0.20765926674228,0.25,0.183,1
"SMIM12",0.697197591581042,-0.207417289207581,0.321,0.394,1
"MRPL39",0.85669499332897,-0.207397802887785,0.143,0.155,1
"CCDC25",0.639427968041819,0.207280201264857,0.107,0.07,1
"PPDPF",0.458028211031154,0.207142372512532,0.964,0.915,1
"TP53BP2",0.962278512957031,-0.207116805687374,0.179,0.169,1
"RPL27A",0.248605758810778,0.206749500182563,1,0.986,1
"NSD1",0.995740607225998,0.20640555747901,0.214,0.225,1
"FTL",0.9628192779237,0.205812441050329,0.964,0.986,1
"LMAN2",0.78581014287788,0.205806946917712,0.5,0.479,1
"SLC35E2B",0.943239565938884,0.205795107155878,0.107,0.113,1
"EMC10",0.84488760303957,0.20574851486249,0.214,0.211,1
"RPS7",0.12114696861625,-0.205702921453424,1,1,1
"DCTN2",0.529670680251151,0.20568355721028,0.393,0.324,1
"ICAM3",0.492262906167071,-0.205522334318734,0.5,0.493,1
"RORA-AS1",0.930957228428026,-0.205331131768268,0.179,0.183,1
"KCNAB2",0.558292602567666,-0.204863053238458,0.214,0.268,1
"IPO5",0.965232042839866,0.204779970247613,0.143,0.155,1
"TPI1",0.468385400487377,-0.204602128849321,0.786,0.817,1
"TFAM",0.702560338871382,-0.204587900079772,0.143,0.169,1
"SELENOH",0.512879341842429,-0.204560070233621,0.25,0.324,1
"FXYD5",0.608577604236288,0.204503167301208,0.821,0.746,1
"APOO",0.29939464057933,0.20446932605541,0.929,0.887,1
"UBE2Z",0.660523260639665,-0.204388995591841,0.214,0.254,1
"GNA12",0.864320457549847,-0.204071318402886,0.107,0.113,1
"CSK",0.439097024899441,0.203849764579078,0.321,0.225,1
"UBTF",0.956558462537977,-0.20384627264871,0.286,0.268,1
"ZNF146",0.82365742269763,0.20360717935978,0.286,0.268,1
"RASGRP1",0.434423696591133,0.203300459683324,0.5,0.394,1
"LY75",0.747397561009028,0.203205198183717,0.143,0.113,1
"COX7B",0.38179676720191,-0.202973209479938,0.464,0.634,1
"MAPK9",0.768251843883625,0.202965017536956,0.143,0.113,1
"LBH",0.581959225647561,0.202936867995307,0.464,0.437,1
"CNPPD1",0.756081171894696,0.202521073301128,0.429,0.394,1
"KMT2E",0.227515675053835,0.202461800478185,0.893,0.817,1
"SP110",0.544118194184407,-0.202438581194081,0.25,0.324,1
"KANSL2",0.664867461094114,0.202406700620562,0.214,0.169,1
"ARL6IP1",0.623779795745548,-0.202377871421407,0.857,0.831,1
"CROCCP2",0.911277974413714,0.202369909612435,0.107,0.099,1
"BLTP1",0.866972655422234,-0.202338060851854,0.179,0.183,1
"HECTD4",0.93143409863795,-0.202050288617485,0.143,0.127,1
"SLC38A9",0.808119399401431,-0.201867327212441,0.143,0.155,1
"RRBP1",0.39212444923415,-0.20181089562187,0.25,0.352,1
"PSME1",0.388000549445494,-0.201799689707809,0.643,0.831,1
"UBA2",0.614304925646488,0.201766970541176,0.286,0.239,1
"RHOC",0.992744059494609,-0.201334047401258,0.393,0.338,1
"ERAP1",0.413320997563802,-0.201261943345254,0.214,0.282,1
"SLC4A1AP",0.921779334898042,0.201153474651239,0.179,0.183,1
"TESC",0.75535764771254,0.201079741400383,0.107,0.085,1
"AVEN",0.36208600548932,-0.200856218901569,0.071,0.141,1
"FOXJ3",0.621479329120965,0.200552195774031,0.214,0.268,1
"ATP8A1",0.588618211070889,0.200182992176109,0.464,0.423,1
"RPS27",0.0139329850561179,-0.200069142586011,1,1,1
"PRRC2C",0.842204402308642,-0.199905301552465,0.679,0.62,1
"ATP5MK",0.485645199076071,-0.19958133433646,0.536,0.606,1
"KDM2B",0.798698430767651,-0.19939735786495,0.5,0.479,1
"AHCYL2",0.671977386061422,0.199329147420019,0.179,0.141,1
"WIPF1",0.474372313289635,0.199182134510504,0.857,0.732,1
"EP300",0.969654410023625,0.198900747819547,0.214,0.211,1
"BROX",0.669753318247679,-0.198659968005619,0.179,0.211,1
"RPL37A",0.0484487823577313,-0.198626848439896,1,1,1
"CUEDC2",0.864609553868001,-0.198525904833638,0.25,0.239,1
"SRCAP",0.568341980163508,0.198425807746283,0.25,0.183,1
"PSENEN",0.812866853613201,-0.198414778027104,0.286,0.296,1
"E2F3",0.633694801982743,-0.198265332646344,0.107,0.141,1
"NFKB2",0.486655314994131,-0.198060013770709,0.357,0.423,1
"WRN",0.716464114330277,0.197828684888901,0.143,0.113,1
"YWHAG",1,0.197716493847182,0.143,0.141,1
"EIF3K",0.527904395051949,0.197607229998885,0.893,0.789,1
"RPL32",0.0708605506069586,0.197381006061971,1,1,1
"MMS19",0.799845813624548,-0.197362522584466,0.107,0.127,1
"RBCK1",0.756774772161143,0.197187289621918,0.214,0.239,1
"GABARAPL1",0.699946985493368,0.197167340067458,0.857,0.831,1
"TOR1AIP2",0.673220483687571,0.1968872545472,0.25,0.211,1
"DLST",0.693796508239168,-0.196687154804493,0.214,0.239,1
"RP2",0.517043975636083,-0.196498428068228,0.071,0.127,1
"PPP1CA",0.243641866617486,-0.196173440549671,0.5,0.718,1
"SNRPD1",0.741725943841123,-0.196010561053558,0.286,0.31,1
"FAM174C",0.597902099062061,-0.195909334576413,0.071,0.113,1
"NDUFA4",0.903050423146301,0.195771254314788,0.714,0.718,1
"GPATCH11",0.954577847092439,-0.195545782715617,0.107,0.113,1
"SYF2",0.489645004698036,-0.195431146984944,0.393,0.535,1
"SNAP47",0.75535764771254,0.195121956988194,0.107,0.085,1
"GTF2F1",0.770777718673815,0.195040285340326,0.321,0.296,1
"C2orf68",0.80315487651831,0.195005392530712,0.107,0.085,1
"CAPZA1",0.44233204094448,-0.194913311081482,0.714,0.69,1
"ORC4",0.501194194567532,-0.194836659288101,0.143,0.211,1
"TSC22D2",0.850108553201472,0.194666786289256,0.25,0.225,1
"RPS2",0.030482816578054,0.194606993730265,1,1,1
"WAC",0.273919985285685,0.194560690238045,0.643,0.521,1
"BDP1",0.831943946724945,-0.194504857878475,0.464,0.451,1
"UTP18",0.923068023084508,0.194497876260412,0.107,0.099,1
"STXBP2",0.594321423776263,-0.194309987221107,0.179,0.225,1
"POLDIP2",0.984654005476625,0.194305168716634,0.143,0.141,1
"AURKAIP1",0.528053979455834,-0.19405336647791,0.429,0.437,1
"RTCA",0.773145989059455,0.194046909740037,0.214,0.183,1
"WDR33",0.778093003288036,-0.194027709133809,0.286,0.31,1
"METTL15",0.879008865287001,0.19399929690649,0.143,0.127,1
"ANXA5",0.364819931067838,-0.193641903884757,0.643,0.831,1
"MACO1",0.525253952102088,-0.193343432936818,0.179,0.239,1
"SRRM1",0.28428158752425,-0.193328878807597,0.536,0.704,1
"PSMD3",0.648169284274649,0.192828779633104,0.214,0.169,1
"RNF38",0.550267577645357,-0.192816212309317,0.286,0.352,1
"PPP6R2",0.823656551154092,0.192480999833204,0.286,0.268,1
"NIPBL",0.781317892381825,-0.192405048894735,0.607,0.676,1
"SNW1",0.807892497099405,0.192280482550454,0.321,0.352,1
"CD44",0.412402939168311,-0.192002392108898,0.964,0.972,1
"MIA3",0.548365970898549,0.191819432715896,0.393,0.338,1
"CSNK2B",0.50237276710642,0.191668248959859,0.75,0.662,1
"CENPC",0.627226436806575,0.191662598910282,0.429,0.394,1
"VIM",0.134759979155498,-0.191637974093695,0.964,1,1
"GTF3C3",0.36208600548932,-0.191549207225488,0.071,0.141,1
"RUVBL1",0.83950335695559,0.191499410534021,0.107,0.085,1
"STARD10",0.768251843883625,-0.191411709343267,0.107,0.127,1
"RPS5",0.0995377506301767,0.191410953252464,1,1,1
"API5",0.388263365566369,-0.191378494764696,0.357,0.465,1
"RAP2C",0.747397561009028,-0.191000041560693,0.107,0.127,1
"RPP21",0.704079270298992,-0.19060441037605,0.429,0.451,1
"FBXO34",0.886908350753953,0.190492564406325,0.321,0.352,1
"DUSP2",0.203583891759056,-0.190328271318515,0.857,0.887,1
"TMEM256",0.706252621710433,0.190192312056473,0.143,0.113,1
"RPS4X",0.0585140467383265,0.190141744550875,1,1,1
"TRA2A",0.662962054083541,0.189803173515556,0.393,0.324,1
"KIF13B",0.639336088534552,0.189724438947665,0.357,0.268,1
"LENG8",0.896519059379545,0.189667444553962,0.179,0.169,1
"MMADHC",0.949921214714799,0.189367572029105,0.286,0.296,1
"KPNA1",0.890748947257824,0.189312063851657,0.429,0.437,1
"AKNA",0.940954682964821,0.189198069390742,0.75,0.831,1
"UBA1",0.61600699956292,-0.189135835034511,0.25,0.324,1
"CPSF6",0.525253952102088,-0.189007633481136,0.179,0.239,1
"EGLN1",0.736161346222364,0.188652181542037,0.25,0.197,1
"CTNNB1",0.720710448271961,0.188650790955329,0.321,0.282,1
"MICOS10",0.604175676000709,-0.188280598119677,0.321,0.352,1
"USP34",0.47266992774359,-0.188065409962496,0.357,0.408,1
"SEC24B",0.699128839119254,0.187872198263296,0.321,0.282,1
"TM9SF2",0.975396788803198,0.18769768868407,0.429,0.38,1
"MPV17",0.988638705215281,0.187576440842774,0.107,0.113,1
"PGRMC2",0.818441114563372,-0.18743621643878,0.214,0.225,1
"MRPL34",0.602629509220382,-0.187198626393991,0.25,0.324,1
"HNRNPD",0.496961124649997,-0.187068513134825,0.571,0.606,1
"EEF1G",0.453409491299299,0.187037523037006,1,0.972,1
"ZNF593",0.911277974413714,0.18682161731233,0.107,0.099,1
"DR1",0.597396682097631,-0.186780691193969,0.321,0.408,1
"CD70",0.779151863643621,-0.186739966644827,0.107,0.085,1
"PLCXD2",0.839790629484623,-0.186717331204523,0.179,0.183,1
"TSTD2",0.965232042839866,0.186644923016422,0.143,0.155,1
"CIZ1",0.743545447681315,0.186576423800447,0.107,0.085,1
"TMED2",0.421389494058173,0.186472064842026,0.5,0.38,1
"BTBD7",0.929337960763284,0.186067042317014,0.179,0.169,1
"PSME3IP1",0.79437084450919,0.185859797330517,0.179,0.155,1
"SPTLC2",0.976960148964949,0.185630608630414,0.179,0.183,1
"PCIF1",0.950423772679133,0.185589509975219,0.179,0.197,1
"SMC1A",0.632480180769974,-0.185510046506479,0.179,0.225,1
"YTHDF2",0.616994321961969,0.185387826735846,0.393,0.31,1
"DHX16",0.769055139147404,0.185329567861946,0.25,0.211,1
"ISG20",0.631231947306616,0.185225601879565,0.75,0.69,1
"H4C3",0.53560969185399,-0.185186947651533,0.607,0.718,1
"PPAN",0.755163454619857,-0.185119976607102,0.321,0.31,1
"CHCHD5",0.911277974413714,0.185046674071226,0.107,0.099,1
"SLC35D1",0.946696317218083,0.185034108728931,0.107,0.099,1
"CDC26",0.627114072040078,0.184310929327245,0.286,0.197,1
"VEZT",0.790241179574912,-0.184242038944074,0.25,0.268,1
"RAB11FIP3",0.74074521666905,-0.184088834465573,0.214,0.268,1
"SMIM15",0.727305705824921,0.18407441622598,0.179,0.141,1
"TTC1",0.413875678783388,-0.18393397138596,0.214,0.296,1
"RAB1A",0.906932060834345,-0.183552905163349,0.321,0.324,1
"CD300A",0.48965172278167,0.183515900877435,0.357,0.268,1
"NBEAL1",0.905880471560496,0.18350560918032,0.179,0.169,1
"POLR2J3",0.974426145758964,0.183453286336068,0.143,0.141,1
"DYNC1LI2",0.663734730227608,-0.18340130870064,0.179,0.225,1
"SDHA",0.310364108466004,-0.183321967902042,0.25,0.408,1
"EIF4A1",0.310385912624942,-0.183167429604718,0.857,0.915,1
"RPTOR",0.730256552727137,0.183114992666169,0.214,0.183,1
"YPEL5",0.794305560440523,-0.182872768756391,0.821,0.859,1
"COG3",0.994884388120929,0.18281164079704,0.143,0.141,1
"PIP4P1",0.866481881964694,-0.182654136913084,0.143,0.155,1
"LDHA",0.337302012009278,-0.182539124771327,0.964,1,1
"RORA",0.907879324280646,0.182037649850181,0.536,0.662,1
"TMEM183A",0.926390520392569,-0.181788416936351,0.214,0.211,1
"ACAP2",0.69053239636765,0.181433966288843,0.429,0.394,1
"LRIG1",0.1698707813257,0.181149131676745,0.143,0.056,1
"SNRPN",0.383020799859994,-0.181141817326535,0.321,0.423,1
"ENSG00000235979",0.934038103849056,0.180351838301044,0.179,0.169,1
"URGCP",0.463346658260094,-0.180285694209187,0.071,0.127,1
"TAF3",0.756776102188145,-0.18015722344627,0.214,0.239,1
"GOLGB1",0.692917659811955,0.180097885116628,0.393,0.451,1
"SERBP1",0.523993792071317,0.17975424996742,0.821,0.746,1
"MOB4",0.856652052654489,0.179296757268981,0.429,0.38,1
"PYHIN1",0.917407280841901,-0.179184342057521,0.357,0.366,1
"SDF4",0.527840145267046,0.179038130187425,0.393,0.296,1
"POMP",0.720400402245127,-0.178991573631128,0.464,0.507,1
"SLAIN2",0.718831319820693,-0.178821976698436,0.179,0.211,1
"CHCHD1",0.863671504455787,0.178758641515711,0.214,0.197,1
"SARNP",0.649115019970128,0.178742443491628,0.464,0.423,1
"SENP2",0.898882080108522,-0.17847118450299,0.179,0.183,1
"RAB5IF",0.922486655439888,0.178380634971269,0.536,0.577,1
"FMNL3",0.911277974413714,0.178268859693123,0.107,0.099,1
"KPNA4",0.630016355749502,-0.177981928631135,0.321,0.352,1
"GPATCH8",0.366010608912345,-0.177929287038931,0.321,0.451,1
"RXRB",0.676862506958693,-0.177890770695053,0.179,0.127,1
"TMED5",0.619817810879295,-0.177868097412535,0.286,0.324,1
"COMMD10",0.923383421084545,-0.177858351946233,0.143,0.141,1
"PDCD6IP",0.659998163769915,0.177438596611967,0.357,0.324,1
"BSCL2",0.864320457549847,-0.177435913923263,0.107,0.113,1
"RPL12",0.128787657924017,0.177292885885063,1,1,1
"PTPRCAP",0.627029190668248,-0.17726902468632,0.857,0.901,1
"INVS",0.538683280674294,0.177111160242544,0.25,0.183,1
"ARMC8",0.580356701007035,0.177109991721888,0.286,0.225,1
"FXR1",0.989376800598029,0.177061388708812,0.357,0.394,1
"SPSB3",0.603552506435028,-0.177037267200546,0.393,0.493,1
"CWC15",0.510883909636145,0.17690120591321,0.321,0.239,1
"THOC7",0.454619275028864,-0.176752909180036,0.143,0.225,1
"ENSG00000291107",0.811012961515395,0.176251229468062,0.179,0.225,1
"CTSD",0.648169284274649,0.176170936758129,0.214,0.169,1
"FEZ1",0.864320457549847,-0.176070525562897,0.107,0.113,1
"ST3GAL5",0.595118775603989,-0.175969907671073,0.25,0.31,1
"RNPEPL1",0.795389329944086,-0.175680515943645,0.321,0.338,1
"GCNT1",0.61424057309346,-0.17566350999001,0.25,0.183,1
"EEF1D",0.303275998005742,-0.175605146723172,1,1,1
"MRPL15",0.767227324638463,0.175510674993532,0.107,0.085,1
"PSMD8",0.831028519340509,0.17547440563377,0.429,0.451,1
"SRSF11",0.732771292676051,0.175286251610913,0.75,0.718,1
"XRN2",0.595440860298369,0.174785633839744,0.536,0.465,1
"COQ6",0.766460912119774,-0.174765595081875,0.143,0.169,1
"DCAF11",0.985491969101067,-0.17464138265407,0.179,0.155,1
"ATL2",0.76977531371746,-0.17463183794071,0.143,0.155,1
"SRP72",0.826036121770525,0.174387078838776,0.286,0.338,1
"PTRH2",0.934874999094328,0.174354270935072,0.107,0.099,1
"ATXN2",0.717545672920424,-0.17432172525816,0.179,0.197,1
"SRP19",0.942884148624565,0.174215014116441,0.286,0.31,1
"UCP2",0.254878762820274,-0.174143076579956,0.429,0.592,1
"LYAR",0.891229149862794,-0.174020917887531,0.536,0.493,1
"MRPL12",0.597902099062061,-0.173936338271231,0.071,0.113,1
"NSFL1C",0.61179438878175,0.173901129647826,0.464,0.38,1
"CRIP2",0.794862801987777,0.173887411284761,0.179,0.197,1
"RPS19",0.143053321425272,0.173835984055122,1,1,1
"ADAR",0.983827063060567,0.173713733683154,0.571,0.563,1
"NOP10",0.371362237221675,-0.173606035317672,0.357,0.451,1
"ZNF322",0.958529382755941,-0.173505410942134,0.107,0.099,1
"MGMT",0.887172031751805,0.17329225093587,0.179,0.169,1
"BAG5",0.652668033582952,-0.173262381019817,0.107,0.141,1
"C11orf58",0.621033272747848,0.172992682655475,0.643,0.577,1
"TRAPPC12",0.9905663323155,-0.172876186109039,0.179,0.169,1
"SF3B6",0.648798541934877,-0.172824019878773,0.571,0.592,1
"PDE4D",0.532746510276458,0.172712076068173,0.714,0.62,1
"CMTM6",0.985221815757409,0.172604099460396,0.321,0.338,1
"IRF4",0.933752291175866,-0.172519819757773,0.286,0.282,1
"SYNE1",0.547156438438021,-0.172493796237742,0.5,0.549,1
"IFI27L2",0.970371593241738,-0.172405375336283,0.107,0.099,1
"BLOC1S2",0.596200693837261,-0.172198712424703,0.214,0.296,1
"U2AF1",0.855249393791032,0.172174074993797,0.643,0.662,1
"ZNF652",0.78927523460778,-0.172121570434616,0.107,0.127,1
"MTG1",0.866481881964694,0.172108145511163,0.143,0.155,1
"LINC00869",0.974381466872618,0.172018656784569,0.357,0.338,1
"CFLAR",0.889396128046663,0.171966599400798,0.607,0.662,1
"TMBIM1",0.613737681156851,-0.171873031421227,0.286,0.352,1
"PHKG2",0.64315232921324,-0.171848343531872,0.107,0.141,1
"GNG5",0.730546483446316,-0.171648238063101,0.607,0.69,1
"ACBD3",0.511424609130168,0.171522016196726,0.286,0.197,1
"NPLOC4",0.976960148964949,0.171360660912192,0.179,0.183,1
"ITGB1BP1",0.870728890965791,0.171086124271998,0.214,0.239,1
"UNC45A",0.946696317218083,0.171028699594332,0.107,0.099,1
"CCNY",0.919285899060082,-0.171011422056317,0.429,0.38,1
"RAB3IP",0.743545447681315,0.170926245614683,0.107,0.085,1
"THEM4",0.977279713894129,0.170785062429539,0.107,0.113,1
"FAR1",0.856469270463352,0.170709667990828,0.179,0.197,1
"DFFA",0.994884388120929,0.170619432656317,0.143,0.141,1
"ASB3",0.542744729396821,-0.170561943666493,0.179,0.225,1
"VBP1",0.781812461023175,0.170361341858034,0.214,0.183,1
"OXSR1",0.709254114216358,0.170345398424575,0.393,0.338,1
"BET1",0.779312699880964,-0.170324860360846,0.143,0.155,1
"ZFAS1",0.907444230095707,-0.170148461701191,0.679,0.577,1
"ARL8B",0.961870714758834,0.170128004658333,0.429,0.408,1
"LIN54",0.974426145758964,0.169998314688536,0.143,0.141,1
"NDUFV1",0.847605250168492,-0.169982921729536,0.179,0.197,1
"NDUFB11",0.54804744017612,-0.169935114920815,0.607,0.704,1
"UQCRH",0.458283192055053,0.169784416014984,0.714,0.563,1
"ETV3",0.977279713894129,0.16920763282549,0.107,0.113,1
"CDK12",0.850549659946704,0.169079725308526,0.286,0.296,1
"RPL7",0.717848677472165,0.168910233615602,0.893,0.944,1
"RSRP1",0.0538756923806244,-0.168761750970466,0.5,0.732,1
"AP3M2",0.822546563163819,0.168749602225793,0.143,0.169,1
"ZNF511",0.831770818173451,0.168677876471233,0.107,0.127,1
"INTS9",0.623234459629818,0.16857085694489,0.143,0.099,1
"DTX3",0.431442499925541,0.168469505392323,0.107,0.056,1
"NKTR",0.468542403030257,-0.168402326672265,0.286,0.366,1
"WWP1",0.810154117480763,-0.168354455203581,0.214,0.225,1
"HERC3",0.810453187809631,0.168149888631435,0.107,0.127,1
"MED13L",0.735248063256735,0.168131503112081,0.393,0.352,1
"VPS35",0.72159018336803,-0.168044378666732,0.25,0.268,1
"SNRPE",0.945422856876814,0.167931822839087,0.286,0.282,1
"RTCB",0.728466114776557,0.16767865232399,0.321,0.268,1
"FAM120A",1,-0.167521999226691,0.25,0.225,1
"TNIP1",0.317512028229714,-0.167425116717596,0.321,0.451,1
"NDUFA8",0.509214320332147,-0.167245331347982,0.107,0.169,1
"PRKAR2A",0.856490584598705,0.167075463574968,0.25,0.239,1
"VMP1",0.885202161933571,-0.167001833812672,0.429,0.394,1
"S1PR4",0.688191708346049,0.166548332266657,0.679,0.634,1
"SRRM2",0.589881685379643,-0.166292167942469,0.714,0.704,1
"NME2",0.745781582072145,0.16625084784426,0.714,0.803,1
"TANK-AS1",0.667507485045849,-0.166166669470268,0.107,0.155,1
"TRAPPC13",0.581845167205705,0.165793881006016,0.107,0.07,1
"CD55",0.983876019964444,0.165773904940354,0.5,0.606,1
"ACSL5",0.623234459629818,0.16574270343564,0.143,0.099,1
"GLS",0.696034479842817,0.165441601547756,0.5,0.465,1
"ERGIC3",0.738824970897598,-0.16524086251722,0.321,0.338,1
"TXN",0.945621860754329,-0.16498840141778,0.357,0.352,1
"YJU2",0.853137437640387,-0.164819877225034,0.107,0.113,1
"PTAR1",0.748018801374263,0.164752754889464,0.179,0.155,1
"TTC17",0.670544083443687,0.164717751661836,0.321,0.268,1
"MAGED1",0.984654005476625,0.164612842278155,0.143,0.141,1
"RNF6",0.799845813624548,-0.164589458589615,0.107,0.127,1
"MEF2D",0.816616070408194,-0.164494241011357,0.357,0.352,1
"AHI1",0.92686253080207,0.164483059069405,0.286,0.296,1
"UBE2F",0.477780082376245,-0.164316674353963,0.107,0.169,1
"PLEKHF1",0.33240166343717,-0.164315013523324,0.143,0.225,1
"ZNF37A",0.768251843883625,-0.164279984451386,0.107,0.127,1
"TMEM39A",0.727131672337935,-0.164121024081694,0.179,0.211,1
"CD81",0.93457264034464,0.163909819057896,0.714,0.789,1
"FMNL1",0.628438079533931,0.16378685049665,0.786,0.676,1
"SGSM3",0.767227324638463,0.163638812321007,0.107,0.085,1
"REXO2",0.863671504455787,0.163542833603094,0.214,0.197,1
"CDKN1A",0.822252446336825,0.163527676402949,0.179,0.169,1
"PIP5K1A",0.757802668988713,-0.163460750242995,0.107,0.127,1
"SCFD1",0.606542008966865,0.163388147952852,0.321,0.254,1
"MYSM1",0.768251843883625,-0.163298415367043,0.107,0.127,1
"RSPRY1",0.930957228428026,0.163294164310777,0.179,0.183,1
"CRTC1",0.662240595548086,-0.163225469020308,0.107,0.141,1
"ZNF767P",0.607204941301628,-0.163155929808303,0.143,0.197,1
"UBC",0.812684761026349,0.16312438804683,1,1,1
"SON",0.594173600321527,-0.163086710974782,0.857,0.873,1
"NCSTN",0.914478140011383,-0.163015419697932,0.214,0.183,1
"HSPA9",0.391502915371355,0.16290637738482,0.679,0.535,1
"MAP3K13",0.946696317218083,-0.16283758130162,0.107,0.099,1
"TBL1XR1",0.829284113565032,0.162826609725146,0.357,0.338,1
"VPS72",0.709562169949086,-0.162680482775519,0.143,0.183,1
"RPL38",0.177665008620084,-0.162583938349944,1,0.972,1
"DCTN3",0.732545525042789,0.162505687521705,0.429,0.366,1
"MAPK8IP3",0.59789795858643,-0.162454112042437,0.071,0.113,1
"PNMA1",0.934874999094328,-0.162305973577591,0.107,0.099,1
"PRNP",0.694333260647544,0.16227347766554,0.464,0.408,1
"ZMIZ2",0.791128611137914,0.162252915045241,0.107,0.085,1
"NPTN",0.7388507974169,-0.162251505725225,0.143,0.169,1
"VPS28",0.596680549546325,-0.162205418160383,0.25,0.338,1
"PSMF1",0.772977051923976,-0.161792663704273,0.393,0.38,1
"LINC02084",0.791128611137914,0.161748955801505,0.107,0.085,1
"SGPL1",0.643513495324517,0.161723637487202,0.143,0.099,1
"YIPF3",0.77256431458375,0.161717406693982,0.393,0.324,1
"ATP5F1E",0.45570561166862,-0.161583649063938,0.893,0.958,1
"NDUFV2",0.708267856493914,0.161345577053306,0.607,0.535,1
"STX17",0.974426145758964,0.161209354936253,0.143,0.141,1
"PACS1",0.97404326051629,0.161161679393417,0.536,0.563,1
"MRPS34",0.939137591523743,-0.161082623743335,0.286,0.239,1
"KIF22",0.767126605576304,-0.161072370806235,0.286,0.31,1
"ORMDL1",0.722836956788929,-0.16094562248621,0.321,0.366,1
"LPGAT1",0.622046481520799,0.160742613586726,0.25,0.183,1
"PPIA",0.205369411692433,-0.160738705390684,1,1,1
"LSM2",0.943444117483692,-0.160592844766991,0.179,0.169,1
"JAK3",0.857892828996083,-0.16050719737963,0.179,0.183,1
"GNL3",0.785424025183451,-0.160504454365628,0.25,0.211,1
"RIC8A",0.866597319526667,0.160421446349711,0.25,0.225,1
"ARHGAP1",0.96592532809915,-0.160320518455888,0.107,0.113,1
"EDC3",0.958529382755941,0.160164406081634,0.107,0.099,1
"PRSS23",0.608257109974292,0.15998948661278,0.071,0.113,1
"PRPSAP1",0.780843144701682,-0.15974678864144,0.214,0.239,1
"UBE2A",0.433938784106923,-0.159574115965687,0.536,0.577,1
"PRKAR1A",0.567388274395,-0.159570618857934,0.643,0.606,1
"RUFY1",0.653690120935157,-0.159030616899474,0.179,0.211,1
"TALDO1",0.246256458036402,-0.158987030400109,0.179,0.338,1
"KIAA0040",0.639427968041819,-0.15885851700003,0.107,0.07,1
"SOS2",0.852108342644079,-0.158746582355996,0.357,0.352,1
"GOSR2",0.764507711681635,0.158472766576532,0.214,0.183,1
"ENSG00000291100",0.866600231611427,-0.158363874467731,0.286,0.239,1
"RMC1",0.945923815613495,0.158295574247202,0.179,0.197,1
"PTDSS1",0.95141762080644,-0.158281561006772,0.214,0.197,1
"POLB",0.970371593241738,-0.158042918611139,0.107,0.099,1
"BTG1",0.547093263467205,0.158022677726347,1,0.986,1
"HNRNPAB",0.877617707654082,0.158016525878699,0.429,0.521,1
"IRF2",0.816739764829303,-0.157888642617542,0.214,0.183,1
"SLC25A39",0.736631002444971,-0.157694660293183,0.214,0.225,1
"COA3",0.662916747910031,0.157486504929691,0.179,0.141,1
"FAM98A",0.613199822063965,0.157444738952812,0.143,0.099,1
"TMC8",0.978322018149742,0.157305730442005,0.214,0.211,1
"TUBGCP2",0.83199150019991,0.157292974071213,0.179,0.155,1
"TAF12",0.821095486110281,-0.157224214232805,0.107,0.127,1
"EXT2",0.474915888892524,-0.156976477261435,0.143,0.225,1
"RPL4",0.333398571419524,0.156951143727726,0.964,0.972,1
"GPR174",0.712596929102802,0.156598893357252,0.429,0.366,1
"KATNIP",0.83950335695559,0.156548411938183,0.107,0.085,1
"STK17A",0.550084199893857,0.156485930360722,0.786,0.775,1
"PTPRE",0.497785331331834,0.156336522539956,0.464,0.394,1
"TSC1",0.437709712738148,-0.156227081478567,0.071,0.127,1
"SERTAD1",0.923383421084545,0.156139152285427,0.143,0.141,1
"SP140L",0.839219710074341,0.156073189581661,0.357,0.366,1
"GTPBP1",0.971147877294289,-0.155821317248571,0.25,0.239,1
"SPNS1",1,0.15568532465457,0.179,0.169,1
"BFAR",0.908058545380532,-0.15550310777792,0.25,0.225,1
"HNRNPU",0.404629173256845,-0.155416698653714,0.679,0.789,1
"SMC5",0.376140178876346,-0.15538500797593,0.214,0.31,1
"SRGN",0.296035839940494,-0.155183644197951,1,1,1
"RPA2",0.882644701152885,-0.154907743910517,0.286,0.239,1
"TAB2",0.90034220667522,0.154659546976537,0.393,0.366,1
"FBXO28",0.965924974367232,0.154590017568224,0.107,0.113,1
"FAM199X",0.87553072117654,-0.15440445693622,0.107,0.113,1
"SH3GLB1",0.896386972957002,0.154002644192196,0.5,0.465,1
"VIM-AS1",0.769581490661725,0.153681863108928,0.429,0.366,1
"FERMT3",0.876362036305602,0.153552247538919,0.286,0.254,1
"MFSD8",0.597902099062061,-0.152760428201366,0.071,0.113,1
"MIF",0.624464080630233,0.152719732230986,0.786,0.732,1
"SEPHS2",0.699442052078246,0.152615692382514,0.179,0.141,1
"TUT7",0.865212055893857,0.152226419824917,0.357,0.338,1
"ATG101",0.560645022927464,-0.152195538196955,0.179,0.239,1
"AGO4",0.757802668988713,-0.151927439306349,0.107,0.127,1
"RC3H1",0.631689038613924,0.15186143972281,0.5,0.394,1
"TNKS",0.955973766401521,-0.151683358186898,0.25,0.268,1
"GGNBP2",0.850549659946704,0.151276258338844,0.286,0.296,1
"ADRB2",0.766460912119774,0.151180866804245,0.179,0.155,1
"TGFB1",0.349169287605885,-0.151105188962242,1,0.986,1
"AKAP11",0.643513495324517,0.151022461295092,0.143,0.099,1
"PDPK1",0.737038280071791,-0.150928889977961,0.107,0.127,1
"TMED10",0.727336650237267,-0.150873731277664,0.5,0.465,1
"LRCH3",0.851783426606629,-0.150801029202591,0.214,0.225,1
"VAMP7",0.750726138304423,0.150768202187602,0.214,0.169,1
"DICER1",0.866213133444211,-0.150755257451373,0.214,0.211,1
"PRDX3",0.713728278630313,0.15037177216125,0.286,0.225,1
"ZBTB20",0.508595600528385,0.150092053171606,0.321,0.479,1
"SRM",0.598694758056762,-0.150090781225697,0.393,0.479,1
"HMG20A",0.716464114330277,0.1500416081994,0.143,0.113,1
"SYNRG",0.805379067606898,-0.149876097543696,0.286,0.296,1
"ERP44",0.901420820316604,0.149806945458597,0.321,0.352,1
"FHIP2A",0.910456749404039,0.149548968094383,0.286,0.282,1
"UBE2S",0.635917927598068,0.149545194363688,0.321,0.38,1
"ZNF721",0.770981310332589,-0.14932241427301,0.25,0.268,1
"NUDT5",0.819451595385391,-0.148971484841165,0.25,0.197,1
"RALGAPA1",0.431659270655916,-0.148946784394825,0.821,0.845,1
"WSB1",0.778262455885087,-0.14892459212632,0.5,0.563,1
"HAGHL",0.953984715305118,-0.148829440179376,0.143,0.141,1
"PREX1",0.768276248583939,0.148503919504577,0.679,0.62,1
"ARCN1",0.511801773179293,-0.148412302363662,0.321,0.352,1
"TMEM175",0.747397561009028,0.148391436896062,0.143,0.113,1
"WRNIP1",0.841888220167421,0.148358131809554,0.25,0.225,1
"SLC20A1",0.866393831997332,-0.148353003261887,0.357,0.352,1
"RGS14",0.984654005476625,0.148345836766944,0.143,0.141,1
"LYST",0.359914528998251,-0.147917867284984,0.643,0.746,1
"CXCR4",0.897995443248135,0.147908542032911,1,0.972,1
"SRP54",0.627305322047413,0.147904779078697,0.536,0.437,1
"ATP6V0D1",0.989785034307727,0.147827413740702,0.429,0.451,1
"NT5C3A",0.572111600415911,-0.147678868856931,0.25,0.366,1
"SUPT5H",0.158178505026633,0.147666279301045,0.5,0.31,1
"GNA13",0.84591637418122,0.147571174679586,0.464,0.408,1
"ARHGAP15",0.377423772269867,0.147475651735604,0.607,0.465,1
"USP7",0.866481881964694,-0.147364264919629,0.143,0.155,1
"ATG4D",0.898711780025163,0.147265578306379,0.179,0.155,1
"RASAL3",0.490397378848783,0.1471823833763,0.571,0.535,1
"PSMA1",0.664629718883997,-0.14709430328767,0.429,0.437,1
"PSMB1",0.965432142121593,0.146958339901763,0.75,0.676,1
"SURF4",0.547156438438021,-0.146935114305748,0.5,0.549,1
"NUDC",0.53882871402156,0.146927589938691,0.571,0.451,1
"WDR75",0.853137437640387,-0.146812638754148,0.107,0.113,1
"MARCKSL1",1,0.146626808210713,0.607,0.577,1
"LMO4",0.774539753921922,0.146524246592213,0.179,0.141,1
"CEP290",0.98222034015992,-0.146071034801212,0.107,0.099,1
"RAD54L2",0.943444117483692,0.146064941396103,0.179,0.169,1
"TOGARAM1",0.934874999094328,0.146051373237067,0.107,0.099,1
"PGGT1B",0.75535764771254,0.145961237747281,0.107,0.085,1
"GOLPH3",0.642819167985083,0.145903670335537,0.464,0.38,1
"COX14",0.80434880464959,-0.145723589554934,0.429,0.408,1
"EEF2",0.462826996345847,-0.14569915684722,1,1,1
"PI4KA",0.872388905814576,0.145308622916518,0.179,0.211,1
"FYB1",0.598979971364202,-0.145117012206176,0.357,0.437,1
"SUGT1",0.677267575792207,0.145009266461134,0.357,0.31,1
"PRUNE1",0.79437084450919,0.144998258674576,0.179,0.155,1
"CDC25B",0.85669499332897,-0.14499276294176,0.143,0.155,1
"CYBC1",0.786082974001809,0.144950501992733,0.214,0.197,1
"DDX21",0.894749582979862,0.144919688955442,0.429,0.451,1
"ARL14EP",0.846287430767468,0.144810112002904,0.214,0.197,1
"HIVEP3",0.567328421802231,-0.14475317904339,0.071,0.113,1
"CDC42SE2",0.409537418389792,0.144522356205442,0.893,0.845,1
"RP9",0.858173408232226,0.144457705375688,0.143,0.127,1
"RPL27",0.258291686366772,0.144388795074755,1,1,1
"CCDC92",0.75278855508572,0.144383534723452,0.25,0.211,1
"RPL10A",0.434910943583433,0.144349331420675,0.964,1,1
"SF3A3",0.785428007049073,0.143855623214339,0.321,0.296,1
"RPL3",0.158501386473877,0.14339000933426,1,1,1
"IFI16",0.683438269428296,0.143305598304299,0.429,0.437,1
"HLA-DPA1",0.361660699196955,-0.143254223531998,0.464,0.606,1
"SUMO2",0.90394583725234,0.143204870061217,0.857,0.831,1
"CSPP1",0.764507711681635,-0.143019096417301,0.214,0.183,1
"DUS1L",0.858345212061141,0.142619738031472,0.25,0.225,1
"COG2",0.934874999094328,0.142589088837214,0.107,0.099,1
"VPS39",0.655449089893657,-0.142541904583981,0.214,0.239,1
"INTS10",0.607204941301628,0.142194529864483,0.214,0.169,1
"ZNF292",0.464382828718133,-0.141889070387155,0.464,0.493,1
"VCPIP1",0.545321503636921,-0.141844097479459,0.143,0.211,1
"PSMD10",0.241749291476301,-0.141701169354229,0.143,0.268,1
"RPL5",0.134759979155498,0.141673755006831,1,0.986,1
"PSMA3",0.988436163963237,0.141204590643197,0.286,0.296,1
"AGFG1",0.854337607396268,0.141195132352092,0.321,0.282,1
"AP2S1",0.673343617251726,0.141154340626276,0.5,0.38,1
"ZNF148",0.447063729005374,0.141077683342059,0.464,0.338,1
"THAP11",0.700509983866333,0.140938006168765,0.393,0.366,1
"DNAJC3",0.532239687809216,-0.140596677752145,0.286,0.197,1
"KEAP1",0.777576913520973,-0.140484291970955,0.179,0.211,1
"POLR2K",0.765722347450648,-0.140297145259059,0.393,0.437,1
"CPB2-AS1",0.446163404647008,-0.14024837585404,0.071,0.127,1
"DHX40",0.452205763006192,-0.140025073858133,0.143,0.211,1
"MRPL40",0.757802668988713,-0.139870834814129,0.107,0.127,1
"BORCS6",0.810453187809631,-0.139779832958728,0.107,0.127,1
"ADD3",0.530430347518745,0.139637431581009,0.214,0.282,1
"SLC25A17",0.876035066995972,0.139632682483471,0.107,0.099,1
"TMSB4X",0.215269628128991,0.139586293236505,1,1,1
"ISCU",0.680277503265295,-0.139413013385934,0.714,0.732,1
"SFXN3",0.923383421084545,-0.139407465208542,0.143,0.141,1
"MKRN1",0.925037751363017,0.139405327053922,0.286,0.268,1
"PHAX",0.94931602251161,0.139401483771064,0.286,0.282,1
"USP3-AS1",0.292642025792341,0.139221256211938,0.071,0.155,1
"ANGEL2",0.786155951940665,-0.138983844864372,0.179,0.197,1
"UBL5",0.615037152120412,-0.138751087546485,0.786,0.817,1
"PDE4B",0.881263820046454,0.138558747848082,0.464,0.437,1
"SARS1",0.96918427282114,0.138537914501567,0.429,0.437,1
"BAG6",0.764507711681635,0.138295827892514,0.214,0.183,1
"KLC1",0.952858023993016,0.138288162012712,0.179,0.169,1
"SELENOT",0.579115272473432,-0.138175636228508,0.607,0.592,1
"ETS1",0.911583991266889,0.13801436161541,0.607,0.676,1
"KMT2A",0.730834859658839,-0.137954376050642,0.607,0.507,1
"PRDM2",0.77256431458375,-0.137859124790102,0.321,0.352,1
"NUS1",0.854970668066622,0.137725253645535,0.214,0.197,1
"CD6",0.708217752999019,0.137724114674439,0.857,0.789,1
"CXorf38",0.943239565938884,-0.137691343983818,0.107,0.113,1
"UBE2D4",0.970371593241738,0.13765069571735,0.107,0.099,1
"CA5B",0.794614645829047,0.137431872921818,0.179,0.211,1
"RELB",0.532441526331317,-0.137368408196225,0.464,0.507,1
"NCL",0.318022804898594,-0.137053751914953,0.893,0.944,1
"SLC23A2",0.964202489536491,0.136931401604258,0.143,0.141,1
"ITSN2",0.648729683787115,0.136401140556484,0.607,0.535,1
"CCSER2",0.425304639817817,0.136352068738599,0.857,0.873,1
"NAA30",0.720626906566857,0.136227525652913,0.179,0.155,1
"SAR1A",0.981699507339592,0.136224244080109,0.321,0.352,1
"TSEN15",0.63333954026436,-0.136199982621056,0.143,0.099,1
"MRPL20",0.749525868803988,-0.135659302622734,0.464,0.479,1
"NUP62",0.81522793397427,0.13556789224148,0.107,0.085,1
"ANKLE2",0.736982610808449,0.135435132960288,0.286,0.225,1
"PHF12",0.656496924825744,0.135234525193207,0.143,0.197,1
"LYRM2",0.821095486110281,-0.135221422488812,0.107,0.127,1
"CCDC97",0.701072064769887,-0.135158777174292,0.107,0.141,1
"PPIL4",0.43114309520278,0.135090556265174,0.214,0.31,1
"TLE5",0.497310850213921,0.134670644449864,0.893,0.761,1
"VDAC1",0.566795930782181,-0.134629152674336,0.464,0.493,1
"CENPT",0.78927523460778,-0.134182632943515,0.107,0.127,1
"METAP2",0.568621644564313,-0.134036184678799,0.25,0.31,1
"CDK17",0.958883416403241,-0.134011989318649,0.75,0.62,1
"LBR",0.64270353183218,-0.13398772818681,0.536,0.648,1
"ALDH9A1",0.803734930380295,0.1337037674524,0.143,0.169,1
"HECA",0.670729969120066,0.133575471964768,0.321,0.282,1
"GPANK1",0.726726561376238,0.133547416383675,0.143,0.113,1
"MACF1",0.626588426671492,-0.133026072056523,0.429,0.324,1
"PSMA7",0.800580181739094,-0.133012763840924,0.857,0.93,1
"TVP23B",0.74074521666905,0.132686323531434,0.286,0.239,1
"NEDD1",0.89802411644378,-0.132584384212583,0.107,0.113,1
"SLMAP",0.684858168998442,0.132506361102992,0.321,0.268,1
"E2F4",0.941531527991505,0.132386082496504,0.286,0.282,1
"USP53",0.958529382755941,0.1323647919947,0.107,0.099,1
"ERFL",0.994073010669175,-0.132228314000559,0.107,0.099,1
"RAB7A",0.629206707108019,-0.132084172290037,0.5,0.521,1
"TAF7",0.802543001403088,0.131858623870768,0.321,0.338,1
"ADSL",0.886115719236875,-0.131524657529104,0.143,0.155,1
"WAS",0.936636638394667,0.131431900713307,0.321,0.324,1
"LSM7",0.507471826324654,0.131396375127981,0.429,0.338,1
"RACK1",0.747128968023739,0.130977659201537,1,1,1
"MPHOSPH10",0.734518335185392,0.130725850926391,0.321,0.296,1
"CYBA",0.494137053089224,-0.130644450011468,0.893,0.972,1
"ATP13A3",0.877840671156716,0.130561695739829,0.179,0.169,1
"PCNX1",0.694939833782546,0.130315484209642,0.357,0.296,1
"CAPN2",0.68975242783239,-0.130302227230768,0.357,0.465,1
"CCDC12",0.969689706429509,-0.130202986741812,0.5,0.451,1
"SFPQ",0.410754335322758,0.130072680280116,0.893,0.775,1
"BST2",0.675564746796947,0.129994528438788,0.286,0.225,1
"DNAJC15",0.7115733780061,-0.12984102143312,0.143,0.169,1
"SHLD2",0.930957228428026,-0.129525225795911,0.179,0.183,1
"ELP3",0.576979871682774,-0.129479790179559,0.107,0.155,1
"HPS6",0.708685025097977,0.129444372735891,0.179,0.141,1
"GSPT1",0.751703129829878,0.129417028113129,0.786,0.775,1
"PWWP2A",0.757222578998134,0.129384893371865,0.179,0.155,1
"LSP1",0.742826405101045,-0.129313523036307,0.821,0.761,1
"PTCD3",0.837188634121381,-0.129162878563101,0.143,0.155,1
"FTO",0.720626906566857,-0.129056240264465,0.143,0.169,1
"XAB2",0.877357930064297,-0.128885278662914,0.357,0.31,1
"TCF25",1,-0.128803998404054,0.643,0.676,1
"SRP14",0.931886427231547,0.128653628983998,0.964,0.93,1
"TIMM9",0.740700685912888,-0.128600548234649,0.107,0.141,1
"EHMT2",0.737038280071791,-0.128519821581954,0.107,0.127,1
"LRRFIP2",0.837271887910754,0.128486662688161,0.286,0.31,1
"KMT2D",0.854224896607591,-0.12843443722635,0.214,0.239,1
"ALG5",0.765019548519723,-0.128310871523335,0.179,0.141,1
"HADHA",0.946512443171536,0.128250790849145,0.357,0.38,1
"MGAT5",0.994884388120929,0.128165951641489,0.143,0.141,1
"RRM1",0.986174859546193,0.127873057637097,0.179,0.183,1
"EMSY",0.82674844659997,0.127814038639791,0.25,0.211,1
"TRABD",0.226944934192217,0.127784188562806,0.571,0.451,1
"SBDS",0.315042986404338,-0.127500744449376,0.286,0.366,1
"SRSF10",0.637072056950288,0.127370258243095,0.607,0.535,1
"PRPSAP2",0.920599754115659,0.12731904445438,0.107,0.113,1
"NDUFV2-AS1",0.799845813624548,0.127308588153551,0.143,0.113,1
"VPS37A",0.902279096132284,0.127216433245736,0.25,0.211,1
"MYD88",0.854224896607591,0.127071163646503,0.214,0.239,1
"DPY30",0.961680026267369,0.127023866248763,0.214,0.225,1
"DENND2D",0.642333052770748,-0.127015735815191,0.179,0.239,1
"RNF146",0.699442052078246,0.126998564867988,0.179,0.141,1
"TBC1D13",0.98222034015992,0.126981821634595,0.107,0.099,1
"LLGL2",0.946696317218083,0.126887396012423,0.107,0.099,1
"INTS4",1,0.126807213957436,0.143,0.141,1
"TRAPPC5",0.889048988266032,0.126295790609667,0.25,0.239,1
"CMC2",0.853341316895123,-0.126235989483077,0.393,0.352,1
"ORAI1",0.482597229681946,0.126092533909653,0.821,0.789,1
"HLA-B",0.226998163120653,-0.126090411454467,1,1,1
"GTDC1",0.906932475969634,-0.12603177161911,0.357,0.31,1
"ETFA",0.769055139147404,-0.126010758006475,0.214,0.225,1
"FADS3",0.988638705215281,-0.125804953097543,0.107,0.113,1
"PFDN2",0.764361111411446,-0.125791783871157,0.393,0.493,1
"DDX52",0.717975533950704,0.125645555960479,0.179,0.141,1
"RTRAF",0.54020885341028,0.125599650582449,0.536,0.521,1
"EIF3A",0.823548935156891,-0.125345136819039,0.571,0.563,1
"TET2",0.905819718604818,0.125150395677774,0.143,0.155,1
"ANAPC13",0.793680865437584,0.12514601808802,0.179,0.141,1
"UFL1",0.850610541953376,-0.125071514949506,0.286,0.239,1
"CYTIP",0.925040390015871,0.124980109637514,0.679,0.761,1
"RALGAPB",0.981133983332256,0.124712142864781,0.179,0.169,1
"ARHGAP9",0.780259694317526,0.124695065465696,0.714,0.718,1
"MRPS36",0.472949988972771,-0.124620078473324,0.214,0.282,1
"RAP1A",0.919959248464655,-0.124562737945236,0.643,0.577,1
"UBB",0.842953213722979,0.124538631733762,1,0.986,1
"ATP11A",0.81522793397427,0.124455690875395,0.107,0.085,1
"RAD21",0.636162474898405,0.124248036335449,0.679,0.577,1
"RPL21",0.516508152457812,0.123791194941002,1,1,1
"ITGB1",0.798614673488599,-0.12373617707817,0.321,0.31,1
"EIF4E2",0.472275446586832,-0.123732345032836,0.214,0.31,1
"CASP8",0.899704644567485,-0.123675986096389,0.429,0.408,1
"EIF3H",0.357715143768127,-0.123059852877157,0.571,0.662,1
"MPZL3",0.687971168579505,0.122850401186487,0.357,0.296,1
"USP12",0.909995651264816,-0.122776826144531,0.179,0.197,1
"TIMM17B",0.641577008509119,-0.12277221038243,0.25,0.282,1
"PRPF3",0.690227348075326,0.122696860072482,0.214,0.169,1
"CYB5B",0.677267575792207,0.122636030976162,0.286,0.338,1
"ENSG00000270240",0.903042572351557,0.122633264577614,0.143,0.141,1
"SNRPA",0.312051303566696,-0.122557998073547,0.107,0.197,1
"MKLN1",0.903883826817103,-0.122470298008415,0.429,0.352,1
"TAF1B",0.967748512104143,-0.122267076440476,0.179,0.183,1
"ICE1",0.63593224017576,-0.122120771326536,0.214,0.268,1
"CTDP1",1,-0.122035636133857,0.107,0.099,1
"ITK",0.623577561079609,-0.122024440463064,0.607,0.634,1
"B2M",0.175180462445144,-0.121914918096311,1,1,1
"RNF7",0.862818175803815,-0.121829009692667,0.321,0.366,1
"CUTA",0.812114109206916,-0.12143469651689,0.25,0.282,1
"CAPNS1",0.510136013816363,-0.121429294306529,0.214,0.296,1
"UBE3A",0.572991416459919,0.121090329919173,0.464,0.352,1
"PARP8",0.41500439950954,-0.121013329493316,0.357,0.479,1
"MFSD6",0.9905663323155,0.120778080059723,0.179,0.169,1
"SEC62",0.678819082326162,0.120755740737798,0.607,0.648,1
"STAG2",0.738748352423534,0.120736104595963,0.607,0.535,1
"PHACTR2",0.610148706898352,-0.120724672113415,0.321,0.394,1
"INSIG1",0.674676371073527,-0.120653309082821,0.143,0.183,1
"DENND4C",0.978322018149742,0.120642478928569,0.214,0.211,1
"BRAF",0.856932885727826,0.120630572349242,0.464,0.423,1
"DYNLRB1",0.506774052484074,-0.120507907455714,0.321,0.366,1
"ENSG00000290192",0.671977386061422,0.120194589987199,0.179,0.141,1
"CSTF2",0.779151863643621,0.120100374492907,0.107,0.085,1
"RAF1",0.94931602251161,0.119772966517856,0.286,0.282,1
"HDAC2",0.893829941871814,-0.119658008463828,0.214,0.225,1
"PLAC8",0.440023441870595,0.119632859663792,0.107,0.169,1
"LYPLA1",0.984654005476625,0.119338256940388,0.143,0.141,1
"SPG21",0.905819718604818,-0.119154933949579,0.143,0.155,1
"BLOC1S1",0.88951277569356,0.119073496984573,0.321,0.338,1
"NFYC",0.933786494887703,0.119067096356976,0.214,0.197,1
"TSSC4",0.961001417480189,-0.119043782361675,0.286,0.282,1
"SYTL3",0.161848046880811,-0.118915046559053,0.357,0.521,1
"SYMPK",0.567328421802231,-0.118825001237883,0.071,0.113,1
"ZNF286A",0.946696317218083,0.118621044538954,0.107,0.099,1
"SCAF4",0.683134824200505,-0.118262200074273,0.214,0.254,1
"MFSD12",0.808119399401431,-0.118064352224406,0.143,0.155,1
"DNAJB11",0.909995651264816,-0.117787226185158,0.179,0.197,1
"DCAF7",0.786643563714184,-0.117759503056158,0.321,0.352,1
"PDXDC1",0.846764470791488,-0.117745438878564,0.25,0.31,1
"UBR3",0.943677168807872,-0.117636289294244,0.214,0.211,1
"EIF2AK3",1,0.117408973218454,0.143,0.141,1
"CCNQ",0.898629436381011,0.117368179391706,0.214,0.197,1
"VAMP5",0.852496624139985,-0.117296015489,0.143,0.141,1
"SETBP1",0.7984861229191,-0.117242525561974,0.143,0.155,1
"SCO2",0.7115733780061,-0.117199650552333,0.143,0.169,1
"GADD45GIP1",0.823050406353563,0.117132079925938,0.393,0.366,1
"LSG1",0.916062646316647,-0.117129014783011,0.286,0.254,1
"TAF1",0.775732567822024,-0.117077292833367,0.143,0.169,1
"KLHDC10",0.421903011659852,-0.117046918286374,0.143,0.225,1
"HLTF",0.603528878068116,0.116584579766215,0.179,0.127,1
"PLP2",0.996872082170194,0.116537329904134,0.714,0.746,1
"ANAPC11",0.910834797201891,-0.116385671502573,0.25,0.254,1
"STAT3",0.767934987507151,0.116372163312421,0.786,0.676,1
"PLAAT4",0.952805068140459,0.116277559325851,0.643,0.704,1
"ACIN1",0.803287709844412,0.116243339978955,0.429,0.479,1
"PNRC1",0.26811484259547,-0.116235673718497,0.857,0.944,1
"RAB9A",0.764977305050056,0.116181311211116,0.25,0.211,1
"TMEM230",0.894312918558155,-0.115950207336776,0.179,0.183,1
"UTP14A",0.911277974413714,0.115645039021794,0.107,0.099,1
"MRPL46",0.984654005476625,0.115609567619836,0.143,0.141,1
"ABRAXAS2",0.986174859546193,0.115401709466538,0.179,0.183,1
"STAT5A",0.967758623966321,0.114934439109073,0.536,0.592,1
"ENSG00000280441",0.67198347330769,-0.114920051271454,1,1,1
"TCEA1",0.859695694065696,0.114860312373649,0.5,0.535,1
"PHB1",0.736982610808449,0.114768703064701,0.286,0.225,1
"NFKB1",0.856832380077973,-0.11472654695684,0.607,0.606,1
"CBFB",0.912220398024675,0.114725765475236,0.214,0.239,1
"ARID4B",0.742905939837301,-0.114616676688449,0.714,0.662,1
"MTPN",0.655307850219286,0.114599850270676,0.5,0.549,1
"ESYT2",0.60389594107376,-0.114598097392058,0.321,0.394,1
"TRIM13",0.552378771571671,0.11452849790597,0.321,0.211,1
"USP9X",0.809580676701561,0.114431182709616,0.321,0.31,1
"SDHB",0.441897214136473,-0.114243203918799,0.25,0.324,1
"CUL3",0.59653826740015,0.114036791744146,0.464,0.38,1
"TBC1D22A",0.319443819185239,0.113801113642717,0.571,0.437,1
"VTI1B",0.592771527070208,0.11376927504921,0.25,0.282,1
"RNF5",0.9905663323155,-0.113398632832223,0.179,0.169,1
"NHERF1",0.721261305088372,-0.113090966763465,0.536,0.577,1
"RIMOC1",0.943444117483692,-0.113048317261314,0.179,0.169,1
"NFKBIZ",0.711719124546178,-0.112899386315106,0.25,0.197,1
"LINC00662",0.604587768433139,0.112487279785389,0.107,0.07,1
"JMJD1C",0.592939981823677,-0.112292492311092,0.571,0.606,1
"DESI2",0.935030015539917,-0.112269469218534,0.214,0.211,1
"HCLS1",0.849786100380986,0.112200890826804,0.679,0.69,1
"DDX54",0.919209703628451,-0.112189886490113,0.214,0.225,1
"PRPS1",0.815007934115654,0.11211855007095,0.357,0.338,1
"PMVK",0.737038280071791,0.112102240935103,0.143,0.113,1
"ZBTB38",0.709254114216358,-0.112049461336121,0.321,0.366,1
"FGFR1OP2",0.750760229671151,0.112002886816129,0.464,0.423,1
"CLDND1",0.828200369286235,0.111962057835559,0.679,0.69,1
"CD226",0.80315487651831,-0.11187951015572,0.107,0.085,1
"RAB6A",0.486881510866176,0.11164132527792,0.357,0.451,1
"CNPY2",0.879822444884571,0.111458444437024,0.321,0.31,1
"ITGB2",0.741072589314246,0.111456476600296,0.429,0.38,1
"STK25",0.78927523460778,0.111382182299198,0.143,0.113,1
"CCDC124",0.545321503636921,-0.111339123218012,0.143,0.211,1
"RIPK1",0.728595176656343,0.111326142903752,0.25,0.211,1
"PRKCI",0.832227964829878,0.111292738506244,0.25,0.239,1
"NRBP1",0.728078611585496,-0.111179834050418,0.429,0.437,1
"RAB11A",0.68031963256554,0.110924137282467,0.5,0.493,1
"SAP30L",0.975161893483305,0.110844643901148,0.143,0.155,1
"PARK7",0.826664036353172,0.110735090848766,0.571,0.662,1
"GATAD2B",0.609496105444061,-0.110542635919263,0.357,0.465,1
"ABHD2",0.778743301524494,-0.11048039838521,0.107,0.127,1
"CAST",0.874366151009943,-0.110315301480465,0.607,0.549,1
"TXNL1",0.837871209272636,-0.110249675029127,0.357,0.352,1
"ATF4",0.549974310928225,-0.110089672218431,0.179,0.225,1
"PSMB6",0.740980480530979,0.109716153603924,0.571,0.535,1
"SLC25A38",0.994884388120929,0.10930573373499,0.143,0.141,1
"NOTCH2",0.778743301524494,-0.109128574780082,0.143,0.113,1
"ELOVL1",0.846930090172046,-0.109076803322033,0.143,0.155,1
"RARA",0.969984551524658,-0.109040071726185,0.5,0.479,1
"RPL31",0.306939849237396,0.108980953003336,1,1,1
"CYP51A1",0.977279713894129,0.108918938375472,0.107,0.113,1
"ARID2",0.967356929293229,-0.108584209336075,0.357,0.352,1
"TOMM6",0.48018773877304,0.108539281632446,0.643,0.507,1
"DCUN1D1",0.707331471103813,0.108349590454962,0.214,0.169,1
"TRIM11",0.736676484856084,0.10822001727681,0.179,0.141,1
"AQR",0.925581867036929,0.108195146294236,0.143,0.155,1
"POGK",1,0.108154247191159,0.143,0.141,1
"SPRYD3",0.886115719236875,-0.108002607238332,0.143,0.155,1
"M6PR",0.734518335185392,0.107333131946884,0.286,0.31,1
"BCLAF1",0.66200210198921,-0.107243345846656,0.429,0.465,1
"VASP",0.990160576635721,-0.107205656241433,0.571,0.507,1
"ATG14",0.842475779486296,0.107155138571034,0.107,0.127,1
"RBPJ",0.836914602209136,-0.107064165928672,0.5,0.465,1
"MAPKAPK5",0.853137437640387,-0.106998278329976,0.107,0.113,1
"NQO2",1,0.10632174576127,0.143,0.141,1
"WDR7",0.846287430767468,0.106280864656095,0.214,0.197,1
"COPS6",0.920103386740514,0.106162715998483,0.321,0.296,1
"SLFN5",0.215960221140468,-0.105730051006648,0.786,0.789,1
"SCAMP3",0.607660714984959,0.105468337404993,0.357,0.254,1
"COPB1",0.904616711960091,0.105325755400585,0.393,0.38,1
"ANKIB1",0.96489879085003,-0.105316259402812,0.286,0.282,1
"USP48",0.825531727322261,0.105116017536169,0.214,0.183,1
"FARS2",0.63333954026436,0.105045937585977,0.143,0.099,1
"COA8",0.821095486110281,-0.104572940153935,0.107,0.127,1
"PDIA3",0.427811817519677,0.104471429881205,0.857,0.746,1
"TCOF1",0.821095486110281,-0.104396623788814,0.107,0.127,1
"MT-ND3",0.873433365387585,-0.104308819716749,0.893,0.944,1
"KLRK1",0.88524189741551,0.104092387998053,0.821,0.789,1
"SPAST",0.973600775920869,-0.103999867437902,0.143,0.127,1
"ZMYND8",0.90930278008732,-0.103825349114334,0.107,0.113,1
"ITPA",0.612499024664179,-0.103683162812848,0.107,0.155,1
"CHD4",0.917407280841901,-0.103628853130119,0.357,0.366,1
"ZEB2",0.557215577429905,-0.103598020389247,0.821,0.915,1
"EPC1",0.625608979136869,0.103190943509975,0.679,0.592,1
"PHIP",0.764531909288118,0.103188103487861,0.321,0.282,1
"UBE2J1",0.720626906566857,0.103099327481155,0.143,0.169,1
"LARP7",0.931912774113703,0.103011725524932,0.107,0.113,1
"ZFP36L2",0.351965295277658,-0.102935904912559,0.821,0.831,1
"RASSF1",0.676862506958693,-0.102742315121829,0.179,0.127,1
"SRSF2",0.660651745529777,-0.102740103712454,0.929,0.944,1
"ZNF622",0.82549904404317,0.102649204510866,0.25,0.225,1
"CCNC",0.614306805862322,-0.102612925849441,0.214,0.268,1
"BCL2L11",0.387538048781872,-0.102509023477419,0.143,0.239,1
"ICE2",0.889459038039901,0.102459553537917,0.143,0.127,1
"TSN",0.671627733469511,-0.102326561461146,0.143,0.211,1
"OSBPL7",0.70363396285147,-0.102207791641954,0.179,0.225,1
"COPA",0.91255633254824,0.102184878053782,0.571,0.549,1
"CCNK",0.852683660515224,0.102012479374154,0.286,0.254,1
"KDM5D",0.943239565938884,-0.101938217702196,0.107,0.113,1
"CWC25",0.953768935292704,-0.101846672950594,0.321,0.282,1
"BAG4",0.813127269634335,0.101741646647701,0.179,0.155,1
"RPS15",0.394914125326707,0.101694206095543,1,1,1
"ZNF831",0.71402668992758,0.101692278593409,0.25,0.282,1
"ARHGAP17",0.694131987246311,-0.101509561241932,0.179,0.211,1
"ATL3",0.96592532809915,0.101412735817364,0.107,0.113,1
"MBNL2",0.717193973704251,-0.10139327988925,0.214,0.239,1
"GPX4",0.665383608074131,0.101371966875433,0.607,0.563,1
"HINT1",0.700442200362614,-0.101311448867449,0.857,0.93,1
"PRKCQ",0.215419324038673,0.10118695072275,0.464,0.662,1
"TOMM7",0.821672523760694,0.100747141653283,0.929,0.901,1
"RRP36",0.917174454168975,-0.100576258986652,0.286,0.268,1
"SLC39A8",0.971147877294289,-0.10031528243504,0.25,0.239,1
"MYL12B",0.99689935094431,0.100149966917839,0.893,0.915,1
"ARL13B",0.899507427134339,-0.100128926571138,0.107,0.099,1
"SET",0.87128393415967,0.100119356179929,0.714,0.662,1
