"gene","p_val","avg_log2FC","pct.1","pct.2","p_val_adj"
"TRBV12-3",1.9537820021333e-14,9.34007850082322,0.561,0,3.67350092041103e-10
"TRAV13-1",2.45716645326614e-13,4.64420947617449,0.576,0.025,4.619964365431e-09
"TRBV4-1",1.40012544515829e-06,8.59584839642618,0.258,0,0.0263251586198662
"TRBV5-5",1.94590947003884e-06,-3.40189949328387,0.03,0.358,0.0365869898556702
"ENSG00000289901",2.07433913476719e-06,-3.86076670850023,0.091,0.432,0.0390017244118927
"CD300A",7.41138270729848e-06,2.99303018597776,0.348,0.062,0.139348817662626
"TRBV4-2",0.000307303043166438,7.36827719024022,0.152,0,1
"TRBV7-6",0.00328325400289552,-7.24878103824948,0,0.123,1
"TRBV6-5",0.000144804432138038,-6.3563459944104,0,0.198,1
"TRAV19",0.00328325400289552,-5.80449333336076,0,0.123,1
"TRAV4",0.000145369133153058,5.12641684209829,0.167,0,1
"TRAV5",6.34489899914882e-05,5.12349244230396,0.212,0.012,1
"SH3TC1",0.000417114988422126,-4.9375295914939,0,0.173,1
"TRAV2",0.00545458199077231,-4.24846461491674,0,0.111,1
"FIGNL1",0.00281974685129806,4.13297635430373,0.106,0,1
"RAD51C",0.000616418231904428,4.00476999498382,0.167,0.012,1
"CROCC",0.00545458199077231,-3.98093613111419,0,0.111,1
"GPR155",0.00545458199077231,-3.96888051278312,0,0.111,1
"ZBTB41",0.00328325400289552,-3.8892195122905,0,0.123,1
"TRAV1-1",0.00262085694971474,-3.81594115653137,0.015,0.16,1
"EIF3C",0.00545458199077231,-3.77167562508279,0,0.111,1
"ZNF80",0.000380606704272945,-3.40949300807444,0.015,0.21,1
"ATL1",0.00110874282031253,3.12812200828517,0.182,0.025,1
"HAGHL",0.00284037908409244,3.09758939382001,0.136,0.012,1
"MNDA",0.0178426733137609,3.0590060532681,0.121,0.025,1
"TPM1",0.00704870440112101,2.89829601809551,0.121,0.012,1
"RSPH3",0.00704870440112101,2.85085113050075,0.121,0.012,1
"TRGV3",0.00347737249520433,2.84757787884948,0.136,0.012,1
"C9orf72",0.0221045623099814,-2.80224678231065,0.015,0.111,1
"TBC1D7",0.0127218130796869,2.79580381752752,0.106,0.012,1
"TM2D2",0.0085711180077976,-2.70235184300364,0.015,0.136,1
"TRERF1",0.0215909119807544,-2.63843105557602,0.015,0.111,1
"NUS1",0.00101464960675954,2.59927774360258,0.242,0.062,1
"RRP8",0.00204216475162623,-2.55637070716939,0.015,0.173,1
"TMEM184C",0.00132673375744495,-2.54554649996383,0.03,0.21,1
"IFT20",0.00365013204837317,-2.47953614870543,0.03,0.185,1
"NCLN",0.0226288087337553,-2.4680735204749,0.015,0.111,1
"HVCN1",0.00686849165884001,2.44342140304358,0.167,0.037,1
"PSTK",0.0215909119807544,-2.44338565273157,0.015,0.111,1
"RABL3",0.0221045623099814,-2.44135524700371,0.015,0.111,1
"PJA1",0.0237097957251904,-2.43233456652254,0.015,0.111,1
"HOOK2",0.0215909119807544,-2.40157680516235,0.015,0.111,1
"AMMECR1",0.0161756669557993,-2.38887919214151,0.03,0.148,1
"TMEM175",0.0187219104314672,2.38505493157232,0.121,0.025,1
"TOP3A",0.0106504580012488,-2.35828182793506,0.03,0.16,1
"TRAV27",0.0205947050686994,2.34355213442316,0.121,0.025,1
"CASS4",0.0226288087337553,-2.34145597164794,0.015,0.111,1
"RNF121",0.00899354954249563,-2.33887593200297,0.015,0.136,1
"ENTPD1-AS1",0.0410366000563564,2.33053593861389,0.106,0.025,1
"ZFYVE1",0.0410366000563564,2.29565748254329,0.106,0.025,1
"C1orf109",0.0201118059450721,2.28532873900662,0.121,0.025,1
"DELEC1",0.0146089317264346,2.26592306838364,0.106,0.012,1
"HECTD2",0.01794778814923,-2.26305136184645,0.03,0.148,1
"C2CD5-AS1",0.0102054266781004,-2.25809865020662,0.03,0.16,1
"TMEM106C",0.0248829806714914,2.25466125163061,0.136,0.037,1
"BBS2",0.0237097957251904,-2.23407879396373,0.015,0.111,1
"CLUH",0.0374660275765146,2.23129153693866,0.106,0.025,1
"ZBED6",0.035782202424188,2.22872736226661,0.106,0.025,1
"C6orf120",0.0128833118713547,2.22823498068341,0.152,0.037,1
"TNIP3",0.0181080170809067,-2.22146206860225,0.045,0.173,1
"CCDC117",0.0242668939278744,-2.20064041623775,0.015,0.111,1
"ETFB",0.019638817838314,2.19008299231166,0.121,0.025,1
"AGL",0.0242668939278744,-2.17290415881555,0.015,0.111,1
"ZNF765",0.0205947050686994,2.14320025436263,0.121,0.025,1
"TRGV7",0.108831407263437,2.08541534621196,0.121,0.049,1
"GFPT2",0.0115082325568911,2.08058370991401,0.136,0.025,1
"DNPH1",0.03511704644669,2.06479135629805,0.167,0.062,1
"MXI1",0.0243807908864811,-2.0567197681412,0.045,0.16,1
"ENSG00000225450",0.0242668939278744,-2.05435815865186,0.015,0.111,1
"CRKL",0.00470877570664834,-2.04923885641499,0.045,0.21,1
"ABCC10",0.0215909119807544,2.04088955015531,0.121,0.025,1
"USF2",0.0102054266781004,-2.03602493117567,0.03,0.16,1
"CYB5A",0.0260125843109923,-2.02357756973467,0.03,0.136,1
"GABPB1-AS1",0.0392168188644485,2.00884748046042,0.106,0.025,1
"UBASH3A",0.0165172585121961,-2.00499896361627,0.03,0.148,1
"ARID3B",0.0434935295840418,2.00407896060263,0.121,0.037,1
"TRMT6",0.00122229091187685,-2.00276274706151,0.045,0.247,1
"MRM2",0.0140748342466798,1.99433507588422,0.152,0.037,1
"TRGV9",0.00164768575178248,-1.9826671596136,0.182,0.383,1
"MFN2",0.0166397776845362,1.98046933724471,0.167,0.049,1
"ZNF675",0.00442841721173587,-1.97952108376157,0.045,0.21,1
"NARF",0.000129183154502723,1.96042939836731,0.409,0.136,1
"CDK19",0.0383611260952425,-1.95804798081319,0.03,0.123,1
"PBX2",0.0443886006280165,1.95012610593372,0.121,0.037,1
"NARS2",0.0633479814128627,-1.94895949009369,0.03,0.111,1
"LINC01943",0.0270907022934923,-1.93396593467242,0.03,0.136,1
"TTLL4",0.045299165618876,1.9234107290369,0.121,0.037,1
"IFI27",0.0195296502155732,1.92093955894202,0.167,0.049,1
"MRGBP",0.0106504580012488,-1.92076903113443,0.03,0.16,1
"ESRRA",0.0875217796097651,1.91747508682232,0.106,0.037,1
"ACAD9",0.0379133832849396,-1.90814878732495,0.045,0.148,1
"KRBOX5",0.0260125843109923,-1.90799920200091,0.03,0.136,1
"PARP9",0.00837241945032142,1.90588334010519,0.197,0.062,1
"ZNF611",0.0258769769676926,-1.89981140697534,0.061,0.185,1
"IFNG",0.210305836987412,1.89083208492515,0.242,0.173,1
"ZCCHC9",0.0132992039905243,1.88988392444875,0.136,0.025,1
"CXCR6",0.0287801239261561,-1.88645801363382,0.03,0.136,1
"NT5C",0.0179373672108131,1.88485659541145,0.182,0.062,1
"TRIM65",0.042927425241586,1.88469804646901,0.106,0.025,1
"MPI",0.0276440763880598,-1.88155271367502,0.03,0.136,1
"ZNF324",0.0410366000563564,1.87644052794686,0.106,0.025,1
"DNAJC11",0.0231638272462193,1.87303563387511,0.121,0.025,1
"ZNF600",0.0104240911611297,1.87300124644226,0.197,0.062,1
"NLRC3",0.000899333193255689,1.86413807596133,0.288,0.074,1
"PYGO2",0.0383611260952425,-1.86039875008172,0.03,0.123,1
"UBP1",0.0270907022934923,-1.85656287309772,0.03,0.136,1
"LDLRAD4",0.0129272059747282,-1.84827470190851,0.091,0.247,1
"CD38",0.0757909666829756,-1.84152327988276,0.061,0.148,1
"AP3D1",0.00159270369938127,-1.8395635173417,0.076,0.284,1
"SOAT1",0.00203398477544355,1.8361435133394,0.273,0.086,1
"ENSG00000243305",0.0471675813963925,1.83559772636405,0.121,0.037,1
"GTF3C3",0.0419730026120803,1.83066718984718,0.106,0.025,1
"KLHDC10",0.0101273215135443,1.82693911606792,0.212,0.074,1
"SSX2IP",0.0190908074986987,-1.81499502505826,0.03,0.148,1
"ADPRM",0.0272544308625995,-1.81073656614715,0.045,0.16,1
"ZNF281",0.0187029227156454,-1.80423757548282,0.03,0.148,1
"SC5D",0.0272544308625995,-1.80171685907789,0.045,0.16,1
"PRKAB2",0.0448913778127815,1.79999657590487,0.106,0.025,1
"EOGT",0.0407200380713716,-1.7969910996515,0.03,0.123,1
"PNKD",0.0112744276093412,-1.79608102678744,0.045,0.185,1
"TRBV11-3",0.0115762286069451,1.79072052948353,0.182,0.049,1
"DENND6A",0.0399204296573913,-1.79059561581723,0.03,0.123,1
"C7orf50",0.0379133832849396,-1.78872108249494,0.045,0.148,1
"C18orf21",0.0386046422932349,-1.77571094957742,0.045,0.148,1
"SLC25A16",0.0645727691610757,-1.77559534185406,0.03,0.111,1
"BDH2",0.0696688731023116,-1.77503778924236,0.03,0.111,1
"MRPS23",0.0126079756413761,-1.76675438498531,0.03,0.16,1
"CASP2",0.0164662454191312,1.76594190342752,0.197,0.074,1
"TAPBPL",0.0645727691610757,-1.76411440753391,0.03,0.111,1
"DDX27",0.00212376104797756,-1.76161662126542,0.091,0.296,1
"MICA",0.0300525076166494,1.76101777804505,0.136,0.037,1
"PIK3R4",0.0119520405513785,-1.75725302345881,0.045,0.185,1
"FBXL17",0.0207539517850228,-1.75378806660919,0.076,0.21,1
"NKAPD1",0.0152343353383233,1.74981733691551,0.227,0.099,1
"LEO1",0.0362235058699661,1.74487831063143,0.197,0.086,1
"SMC2",0.0633479814128627,-1.73980854456223,0.03,0.111,1
"TBC1D17",0.0645727691610757,-1.73698521977155,0.03,0.111,1
"RUNX2",0.00639910300667382,-1.73573092296193,0.061,0.222,1
"ENSG00000288064",0.0386046422932349,-1.72942943698914,0.045,0.148,1
"CAMK2N1",0.044839394103785,1.723742098265,0.167,0.062,1
"KLHL11",0.0432007614030917,-1.72208066823307,0.03,0.123,1
"TTC38",0.0521239519289234,1.71274729095099,0.121,0.037,1
"WDFY2",0.056127724609568,-1.71174231590329,0.106,0.222,1
"TRAV8-4",0.004595772298613,-1.71130258142898,0.106,0.296,1
"TADA2B",0.0276440763880598,-1.71031450084726,0.03,0.136,1
"DBF4",0.0148825592438316,-1.69047947073437,0.061,0.21,1
"CRK",0.0267561010549291,-1.68918710940145,0.045,0.16,1
"GALNT6",0.0242668939278744,-1.68799890716036,0.015,0.111,1
"EHMT2",0.052697446461445,1.68699568433709,0.136,0.049,1
"COMMD7",0.0117880926513762,-1.68625421656748,0.061,0.21,1
"APPBP2",0.0223222101439494,1.68508188918266,0.197,0.074,1
"GFOD1",0.00691628904045828,1.66894477356975,0.242,0.086,1
"TRAV8-2",0.0921150399503874,-1.6687248229284,0.045,0.123,1
"GABPA",0.0122235166483413,-1.66686813477388,0.061,0.21,1
"CGAS",0.0134164394583724,-1.66685628795963,0.045,0.185,1
"ATAD2",0.0645727691610757,-1.66611924343408,0.03,0.111,1
"LRIG1",0.0293630683968492,-1.6640028359045,0.03,0.136,1
"ZNF576",0.0875217796097651,1.65654279588924,0.106,0.037,1
"MCTS1",0.105812611612571,1.65496904025835,0.136,0.062,1
"XKR8",0.0542249622279699,1.65231838379913,0.121,0.037,1
"NOL4L",0.0181080170809067,-1.64820799200347,0.045,0.173,1
"APPL2",0.0287977595784392,-1.64449731215914,0.045,0.16,1
"FMNL3",0.0961111674174089,1.64419229450843,0.106,0.037,1
"AUH",0.0122235166483413,-1.64201766731312,0.061,0.21,1
"EXOC7",0.0400193303526646,-1.63721086897822,0.045,0.148,1
"SLC4A7",0.0400871705793284,-1.63230749162502,0.106,0.222,1
"EIF2B5",0.0501807992693952,1.62712274417163,0.197,0.099,1
"ODR4",0.0437496346070035,-1.62534648491066,0.045,0.148,1
"NUDT22",0.0891980183784445,1.62335737097532,0.167,0.086,1
"TRIM26",0.000775384364178601,-1.61297415338376,0.121,0.383,1
"TRIM13",0.0161035738460768,1.6109680811181,0.227,0.086,1
"C19orf12",0.0153322488770867,-1.60834338814726,0.015,0.123,1
"ACOT2",0.0287977595784392,-1.60778407097684,0.045,0.16,1
"SLC25A24",0.105259864349244,1.60598511099513,0.121,0.049,1
"UQCC2",0.0429809368942612,-1.60506915306643,0.045,0.148,1
"IPO8",0.00290578999013692,1.60313557284634,0.333,0.136,1
"CTU2",0.0177309139132792,-1.60226096106039,0.091,0.235,1
"GALNT7",0.0398497277715764,-1.60030745590261,0.061,0.173,1
"RP2",0.0553016868381549,1.60015455758948,0.121,0.037,1
"GZMK",0.0152771038019429,-1.59968900408582,0.136,0.296,1
"TBC1D10B",0.0115926035089364,-1.59944402420193,0.03,0.16,1
"ENOSF1",0.0423600299672845,-1.59882877560037,0.03,0.123,1
"NLRP1",0.000412602964783205,-1.59748223952317,0.121,0.383,1
"SOCS3",0.0445299100510375,-1.59080507000769,0.045,0.148,1
"NUDCD2",0.0228925710639379,1.58536917689854,0.212,0.086,1
"UFSP2",0.0144787470546558,1.5848188109087,0.197,0.062,1
"HIRIP3",0.0918947204506095,1.58465020417107,0.121,0.049,1
"PWP2",0.0559969414868161,-1.58175273064671,0.061,0.16,1
"MAFF",0.0696688731023116,-1.58161753496433,0.03,0.111,1
"NOL12",0.0390380573842849,1.57511040045962,0.167,0.062,1
"INTS13",0.021234382358341,1.56993930328075,0.182,0.062,1
"CSRNP2",0.0553016868381549,1.55659753843684,0.121,0.037,1
"TRAF3IP3",0.0458917781850689,-1.55046273026518,0.076,0.185,1
"ILF3-DT",0.0467060318504028,-1.55008369832272,0.03,0.123,1
"CASK",0.0189055133956394,-1.5439880634404,0.091,0.235,1
"ITGB3BP",0.0542249622279699,1.5407246643057,0.121,0.037,1
"TPRG1",0.0847708219744621,-1.53892370664009,0.076,0.173,1
"AKAP11",0.166679561639592,1.53666050619836,0.106,0.049,1
"ENSG00000274767",0.0429939047459976,1.53330332775014,0.212,0.099,1
"BRD3",0.0665279125645466,1.53120061236106,0.152,0.062,1
"KPNA6",0.00699949881133451,-1.53072254719789,0.091,0.272,1
"TDP1",0.0115241255133844,-1.52542613264749,0.076,0.235,1
"PCNT",0.0753791615996256,1.52394898747869,0.258,0.16,1
"SERTAD3",0.0485465704339962,-1.51508904993613,0.03,0.123,1
"ARL3",0.116889824100313,-1.51277500804236,0.061,0.136,1
"HSPA1B",0.0221967893333105,1.51185185003127,0.288,0.136,1
"SIN3B",0.112498136349693,1.50944621279848,0.121,0.049,1
"SLC14A1",0.099730463337957,1.50816928514549,0.106,0.037,1
"JOSD2",0.161505665655058,1.50553715655387,0.106,0.049,1
"NVL",0.108831407263437,1.49959187705785,0.121,0.049,1
"ZNG1A",0.00750453042354183,1.49726809029821,0.288,0.123,1
"CARD8-AS1",0.105259864349244,1.4970744315582,0.121,0.049,1
"DVL2",0.0510992469382839,1.49172236782599,0.121,0.037,1
"ENSG00000259589",0.0626026923600249,-1.49013188097473,0.045,0.136,1
"TRAF3IP1",0.0414777546697203,-1.48912515136173,0.045,0.148,1
"PRANCR",0.107472654273215,1.48644676610633,0.136,0.062,1
"NCSTN",0.0304194591925815,1.48609249446586,0.197,0.074,1
"FZR1",0.053478212096795,-1.48139530346654,0.076,0.185,1
"CAMK2D",0.028843282705301,1.48015097243502,0.212,0.086,1
"XAF1",0.0418725741439913,-1.47820494661684,0.061,0.173,1
"PLEKHG1",0.153534312104599,1.47326217356619,0.152,0.086,1
"RPF1",0.0951009564148159,1.46953677414436,0.121,0.049,1
"PMF1",0.0135340394778728,-1.4629626542182,0.152,0.321,1
"ZNF778",0.0967373499650695,1.46279253703103,0.121,0.049,1
"ZNF235",0.0642549062126901,1.46035110596823,0.136,0.049,1
"TMEM120B",0.0620102456149461,1.45468437297772,0.136,0.049,1
"REXO1",0.0693516827044956,-1.45078028887865,0.045,0.136,1
"MAN2C1",0.0696688731023116,-1.45002148942921,0.03,0.111,1
"CCNB1IP1",0.116084351157423,1.44684843833179,0.136,0.062,1
"DDX20",0.0737038739959356,-1.44606527087619,0.03,0.111,1
"UTP3",0.0931277660452475,1.44382220041462,0.167,0.086,1
"GPN2",0.0598308669825998,1.44368087840527,0.136,0.049,1
"DCAF15",0.023039582678702,1.44200257064911,0.227,0.099,1
"HCCS",0.0467060318504028,-1.44164453253006,0.03,0.123,1
"ZC3H12B",0.0980429082411892,-1.4378533899302,0.091,0.185,1
"TRIM44",0.023039582678702,1.43552029839531,0.227,0.099,1
"TAX1BP3",0.0418725741439913,1.43547437606361,0.182,0.074,1
"ST3GAL1",0.0475412689874392,-1.43507397700792,0.106,0.222,1
"SERGEF",0.0586392732690639,1.43062718677291,0.121,0.037,1
"TAF11",0.0328001077150926,-1.42718318337887,0.061,0.185,1
"ATG101",0.0124916590558299,1.42430586813241,0.273,0.123,1
"TTC7A",0.0659060179462854,-1.42144594546735,0.045,0.136,1
"MRPL28",0.0329197737006898,-1.42135067712184,0.091,0.222,1
"YARS2",0.0647893026870796,-1.41675230305599,0.045,0.136,1
"INTS7",0.0263257595901757,-1.4148427804538,0.061,0.185,1
"ZRSR2",0.028671922643123,-1.4145560639327,0.061,0.185,1
"SLC39A10",0.0243106325834161,-1.41312009184755,0.091,0.235,1
"ENSG00000289723",0.00615699070158492,1.41115691194585,0.182,0.037,1
"PBDC1",0.00898593870890472,-1.40761068968014,0.136,0.321,1
"NQO2",0.0642549062126901,1.40739503126106,0.136,0.049,1
"FAM222B",0.0188103832625589,-1.4014923034135,0.061,0.198,1
"HSPA1A",0.585337657516697,1.40021368000075,0.242,0.222,1
"MLLT1",0.103457650293419,1.39807995790367,0.106,0.037,1
"MORN3",0.105362326556527,1.39735774488859,0.106,0.037,1
"RRAS2",0.0432688813269713,1.39722582554048,0.182,0.074,1
"LRRC58",0.0437496346070035,-1.39601298446564,0.045,0.148,1
"XCL1",0.818832583211901,1.39564654614155,0.136,0.16,1
"PMVK",0.112576757847705,1.38550224567664,0.136,0.062,1
"IKBIP",0.0431219770111668,1.38495365786399,0.197,0.086,1
"HPS4",0.27250155784267,1.38424369570807,0.121,0.074,1
"RBM12B",0.0979074540532063,1.38295460780189,0.106,0.037,1
"TYW5",0.158961838741209,1.38126077064327,0.136,0.074,1
"EDEM2",0.177399573247572,1.37756156978008,0.106,0.049,1
"CNOT1",0.000491784416927519,1.3767315163905,0.485,0.222,1
"PPP2R2B",0.0378340344955251,-1.37405937848837,0.121,0.259,1
"MRPL16",0.0107133263744257,-1.37362969374794,0.091,0.259,1
"TMEM65",0.0529985468954811,-1.36862928382035,0.045,0.148,1
"IL12RB1",0.0857928944567109,-1.36413493680569,0.061,0.148,1
"ZNF529",0.101580445537226,1.36288558649786,0.106,0.037,1
"CRTAM",0.0216812509350502,1.36215580564952,0.409,0.247,1
"EDC4",0.0160366243079776,1.35844925839441,0.212,0.074,1
"ANKZF1",0.108738553074323,-1.35843191203896,0.076,0.16,1
"DCAF5",0.00687228950704571,1.35692792087171,0.318,0.148,1
"FEN1",0.0701612219812752,1.35636826486928,0.136,0.049,1
"LZTR1",0.161505665655058,1.35616222926052,0.106,0.049,1
"NDUFB1",0.00131686621594614,-1.35381304257224,0.091,0.321,1
"PARP10",0.18714304560012,-1.35300720458118,0.061,0.123,1
"BNIP3",0.10331496523831,-1.35269070822599,0.045,0.123,1
"NSL1",0.00842989125542011,-1.35206182299667,0.091,0.272,1
"ERO1A",0.0884533139728818,-1.35123600187045,0.061,0.148,1
"WDR44",0.01546276434027,-1.35104056407046,0.091,0.247,1
"COPS7B",0.0717299638919829,-1.35091108373655,0.045,0.136,1
"DCAF13",0.031118857959349,-1.35075515446447,0.076,0.21,1
"SLC41A3",0.139140226183871,-1.34976119239708,0.061,0.136,1
"H2BC4",0.101781972576998,1.34638487521787,0.121,0.049,1
"CPNE3",0.0706452122210846,1.34475660540735,0.212,0.111,1
"HTATIP2",0.0347723092146712,-1.34423980364056,0.106,0.235,1
"ENSG00000291188",0.0137386669093839,1.33979463019984,0.227,0.074,1
"OSTM1",0.00738405500692603,1.33758237487584,0.273,0.099,1
"ENSG00000291100",0.0298607113605552,1.33715585805668,0.273,0.136,1
"CSNK1G3",0.0495770512643285,-1.33527213397153,0.106,0.222,1
"ANKRD36",0.0161539247235155,-1.33467853300555,0.121,0.284,1
"ZNF787",0.070939661088344,-1.33146188810188,0.061,0.16,1
"COASY",0.183856123279647,1.32681380640697,0.152,0.086,1
"MGAT4B",0.00639910300667382,1.32659059241413,0.242,0.074,1
"RIGI",0.234376512334624,1.31899814678265,0.182,0.123,1
"MRRF",0.0587552501154144,-1.31865101751763,0.061,0.16,1
"ANKUB1",0.104999821375972,-1.31515922963854,0.045,0.123,1
"TBP",0.0415924916660158,1.30769171622008,0.258,0.136,1
"TNFAIP8",0.00162209046528621,-1.30731741203233,0.182,0.444,1
"AGK",0.0857928944567109,-1.30679866298934,0.061,0.148,1
"NDUFA12",0.00056731037865356,-1.30660635250278,0.258,0.531,1
"NCOA6",0.0272435340346895,-1.30513607101893,0.061,0.185,1
"ASMTL",0.0087154633309843,-1.30477943550218,0.136,0.321,1
"CD59",0.0592624216607239,-1.30415550335701,0.106,0.222,1
"PTTG1IP",0.0677776855187158,-1.30141543670219,0.076,0.185,1
"SLC37A3",0.125795325378301,-1.30094783768972,0.061,0.136,1
"FBXO28",0.0330479948126861,-1.30043823796714,0.106,0.235,1
"TRIM27",0.0884541989397167,-1.29630738832645,0.076,0.173,1
"ARL4A",0.111787559196358,1.29451295882198,0.167,0.086,1
"H2AX",0.488048842167147,1.29355410016396,0.167,0.136,1
"ZBTB32",0.0754222998603278,-1.29240433229036,0.045,0.136,1
"ZNF384",0.0256253700249127,1.29237021626527,0.258,0.123,1
"VPS41",0.0322577183452509,-1.28902101119515,0.061,0.185,1
"FBXW4",0.0919366880961711,1.28640741781463,0.212,0.123,1
"RRP12",0.0783724512524782,-1.28501726504839,0.091,0.198,1
"TRMU",0.0319694810811015,1.28395479376914,0.136,0.037,1
"SURF1",0.114846618058626,-1.28350945709193,0.106,0.198,1
"SUN1",0.110652778007087,1.28315952963946,0.121,0.049,1
"LCLAT1",0.0909806816355889,-1.28215143740861,0.076,0.173,1
"HAUS1",0.280407623040605,-1.28151565072584,0.061,0.111,1
"MBD6",0.169312778784838,1.28019447860876,0.106,0.049,1
"CNOT11",0.0285192487872463,-1.27963654007927,0.076,0.21,1
"MAD1L1",0.069265231232864,-1.27937042842254,0.091,0.198,1
"ZNF286A",0.169312778784838,1.27855432644438,0.106,0.049,1
"LONP2",0.0399535992459551,-1.27702300894723,0.121,0.259,1
"AARSD1",0.116889824100313,-1.27700978246276,0.061,0.136,1
"DCUN1D1",0.026552662123689,1.27545943297001,0.197,0.074,1
"TRAPPC11",0.0418287067024556,-1.27457412976299,0.076,0.198,1
"RIF1",0.0451269793410557,-1.27425071193774,0.121,0.247,1
"MBNL1-AS1",0.284463807566393,1.27424219229709,0.106,0.062,1
"KATNB1",0.110586634576166,1.27371641293499,0.152,0.074,1
"BROX",0.0234241647963475,1.27222779859907,0.258,0.123,1
"RABGGTB",0.00838084343179839,-1.26975285092055,0.121,0.309,1
"ZNF408",0.1719770733112,1.26750737844496,0.106,0.049,1
"AKR7A2",0.0884533139728818,-1.2661874507713,0.061,0.148,1
"MTAP",0.152364791299628,-1.2645855001415,0.045,0.111,1
"PLSCR1",0.271975493066365,1.26447934386867,0.136,0.086,1
"ALG1",0.0326313439811105,1.2631004311812,0.136,0.037,1
"ERLIN1",0.152364791299628,-1.26189721829787,0.045,0.111,1
"DYNLT2B",0.152364791299628,-1.26110961358845,0.045,0.111,1
"YIF1A",0.110652778007087,1.26085583210882,0.121,0.049,1
"TMEM140",0.0713943872243254,1.26070649351832,0.136,0.049,1
"ZNF230",0.180158111502569,1.26012938430605,0.106,0.049,1
"TET3",0.143184156071352,-1.25916422648181,0.045,0.111,1
"RCC2",0.113842591862071,1.25873718874196,0.152,0.074,1
"MEMO1",0.161986744195301,-1.25781822233362,0.045,0.111,1
"PIGC",0.0320783794615183,1.25631132516643,0.227,0.099,1
"PSME3",0.0362452267668685,-1.2559693745674,0.136,0.272,1
"PCNA",0.169312778784838,1.25523095357092,0.106,0.049,1
"ZMIZ1",0.105841106332278,1.25358678723443,0.152,0.074,1
"SGTA",0.0607234875906808,1.25340027399071,0.212,0.111,1
"MRPS28",0.0911798369254103,-1.25300774404478,0.061,0.148,1
"TIA1",0.00458928495867558,-1.25085210515298,0.091,0.296,1
"LZTFL1",0.157119943860133,-1.2493589933845,0.045,0.111,1
"TFB2M",0.157119943860133,-1.24842706789762,0.045,0.111,1
"RCAN1",0.188624819419263,1.24801940780533,0.106,0.049,1
"HSPA2-AS1",0.0326940956543776,-1.24769775701336,0.045,0.16,1
"KLRC4",0.000646153433030712,-1.24724373779553,0.152,0.42,1
"MAN1A1",0.0224913878423834,-1.24698130565392,0.106,0.259,1
"ENSG00000291207",0.104999821375972,-1.24637574748661,0.045,0.123,1
"ZNF160",0.0783407301872129,1.2451484661877,0.182,0.086,1
"WBP1L",0.143146614257982,-1.24423725902499,0.061,0.136,1
"ZSCAN22",0.148869205805457,-1.2437259535333,0.045,0.111,1
"DUSP4",0.37472957391804,-1.24192239237669,0.288,0.321,1
"ABCD3",0.18577057641873,1.24183419038895,0.106,0.049,1
"LINC00861",0.00842605054839186,1.24075942018134,0.364,0.185,1
"CD70",0.1719770733112,1.2390393412306,0.106,0.049,1
"TOR2A",0.101636264334921,1.23893348434327,0.182,0.099,1
"RNF6",0.0752174216063529,-1.2370701872146,0.106,0.222,1
"IDE",0.190626486397093,1.23679146894576,0.121,0.062,1
"LONRF1",0.109255085520342,1.23468481868231,0.106,0.037,1
"FCF1",0.0683648678402356,-1.22762088023032,0.03,0.111,1
"NUMB",0.0482623685766375,1.22394172800194,0.258,0.136,1
"MPPE1",0.139140226183871,-1.2224273542307,0.061,0.136,1
"QTRT1",0.189454084371919,1.22076901453127,0.136,0.074,1
"SLC20A1",0.00579808760669816,1.22068014904169,0.348,0.173,1
"ITFG2",0.0673642097617863,-1.22033073456475,0.091,0.198,1
"TRIM59",0.0350484381015992,-1.21915004831597,0.061,0.185,1
"CTU1",0.0636026597422265,-1.21876668150948,0.061,0.16,1
"CDKN2A",0.135220737276243,-1.21801991367692,0.061,0.136,1
"ENSG00000290537",0.0264858105565225,1.21649459218186,0.364,0.247,1
"DELE1",0.29190957896196,1.21552039604888,0.106,0.062,1
"ECE1",0.0698920824966956,1.21539046745891,0.152,0.062,1
"PABIR1",0.177252357689518,1.21474680960507,0.136,0.074,1
"EOLA2",0.00947766238918467,-1.21473504251215,0.076,0.247,1
"HECA",0.0156489014186829,1.21454094049493,0.318,0.16,1
"ZNF10",0.102768179456763,-1.21441757944027,0.061,0.148,1
"WDPCP",0.0639366560681355,-1.21387945519148,0.076,0.185,1
"BCL2L1",0.174883864943427,1.21189989922575,0.136,0.074,1
"MAP1S",0.0458447442273906,-1.21084783838219,0.076,0.198,1
"USP18",0.127123877944259,1.20973556767777,0.136,0.062,1
"KIAA2013",0.0235179255552523,-1.20871295098218,0.106,0.259,1
"ADH5",0.0116751428468353,1.20835061410657,0.303,0.148,1
"PMS1",0.194504352599913,1.20816842499667,0.136,0.074,1
"IFT80",0.113842591862071,1.207764350369,0.152,0.074,1
"CNOT10",0.0456419828993947,-1.20527388908232,0.091,0.21,1
"PARG",0.0521139936003941,1.20468103976284,0.212,0.099,1
"AHDC1",0.165645812999368,1.20081922988275,0.136,0.074,1
"HSD17B7",0.116260046491348,1.19683849924719,0.121,0.049,1
"TRAPPC2",0.0829762137867635,1.19605517742151,0.182,0.086,1
"MED19",0.25647666181656,-1.1950979808899,0.061,0.111,1
"MRPL33",0.0210039981641482,-1.19357090689698,0.182,0.346,1
"SLF2",0.29190957896196,1.19266733385979,0.106,0.062,1
"PIK3CB",0.172265953052746,-1.19237117227727,0.061,0.123,1
"HDGFL2",0.0467060318504028,-1.19183093535636,0.03,0.123,1
"GCNT1",0.0773258046177481,1.19056557323733,0.197,0.099,1
"AFTPH",0.00398746634996398,-1.18716193193411,0.152,0.383,1
"PHF20",0.00387599285615801,-1.18694519129676,0.167,0.395,1
"ARFIP2",0.0503264951208225,1.1863137152071,0.197,0.086,1
"HSD17B11",0.0420962976287895,1.18513348362003,0.273,0.148,1
"XPNPEP3",0.147719975219629,-1.18345003363462,0.045,0.111,1
"TTC13",0.376044195819264,1.18213144629232,0.152,0.111,1
"RUFY2",0.102479297140325,-1.17973010442104,0.045,0.123,1
"ADGRG1",0.0851388833119301,1.17949820761022,0.197,0.099,1
"FBXO45",0.107294722514086,1.17932656429378,0.106,0.037,1
"YTHDF3",0.0897102797906351,-1.17844173272475,0.076,0.173,1
"SUZ12",0.0150958042024764,-1.17773487820375,0.136,0.321,1
"ZNF33B",0.10814150122916,-1.17592956778555,0.106,0.21,1
"PDCD7",0.0170389947266907,1.17554753479697,0.348,0.185,1
"ASL",0.174772461411833,1.17403103692603,0.152,0.086,1
"USP25",0.00855002392643351,-1.17339720596503,0.197,0.395,1
"CISD2",0.0111976978957495,-1.17329414429815,0.167,0.358,1
"NDEL1",0.0604752922841513,-1.17328501423032,0.167,0.296,1
"ENSG00000290709",0.18577057641873,1.17281657751686,0.106,0.049,1
"SUMF1",0.212957580325765,1.17257487845266,0.136,0.074,1
"THAP1",0.0339903325634534,1.17149547602905,0.136,0.037,1
"ULK3",0.114367672441034,1.17086640021437,0.121,0.049,1
"NDUFS1",0.0427439526916102,1.17064592639066,0.258,0.136,1
"TERF1",0.0558173158359845,-1.17056965535324,0.091,0.21,1
"FOXO3",0.0351629524383519,1.16948253189238,0.227,0.099,1
"FKBP1A",0.00303001431876248,-1.16918762713001,0.273,0.494,1
"ENSG00000291175",0.180158111502569,1.16784136082786,0.106,0.049,1
"TNFRSF14",0.0050266050129705,1.16490725751976,0.485,0.272,1
"ITPR2",0.0841993398784074,1.16483998415061,0.333,0.247,1
"ISYNA1",0.108738553074323,1.16480088459293,0.167,0.086,1
"ARNT",0.018425426188415,-1.1619190274741,0.076,0.235,1
"ZSWIM8",0.0844890394632487,1.15969889243217,0.167,0.074,1
"PIP5K1A",0.174883864943427,1.1595942850097,0.136,0.074,1
"WRN",0.31462823964506,1.15950904752143,0.121,0.074,1
"USP16",0.0593513071000112,1.15919771958063,0.333,0.222,1
"CNOT3",0.0725989209799348,1.15745333824977,0.167,0.074,1
"IPO5",0.0762686389731575,-1.15668744643526,0.091,0.198,1
"LUZP1",0.110586634576166,-1.15636596963923,0.061,0.148,1
"NSRP1",0.190615165107628,1.15414703839747,0.212,0.148,1
"CDC14A",0.00704036614892279,-1.15348418977267,0.212,0.432,1
"NAA16",0.0931096152661201,-1.15139062905137,0.106,0.21,1
"RASGEF1B",0.0558103915589825,1.15119304649498,0.167,0.062,1
"AKAP13-AS1",0.104295653885557,-1.15099951460312,0.061,0.148,1
"DNAAF2",0.0305690220662004,1.14955918741859,0.258,0.123,1
"BTF3L4",0.0333341043825793,-1.14642368287675,0.106,0.247,1
"PPP2CB",0.373112190594988,1.14630310768378,0.136,0.099,1
"RPUSD1",0.130979977347052,1.14456539288917,0.136,0.062,1
"SRXN1",0.401907959332879,1.14390749819389,0.106,0.074,1
"VRK1",0.119705338926537,-1.14182084658426,0.076,0.16,1
"KDELR2",0.0298334940525592,1.14091359007687,0.348,0.222,1
"BMT2",0.0783605786835626,1.13919395892495,0.167,0.074,1
"SLF1",0.0576480109921806,-1.13847000113667,0.076,0.185,1
"SNF8",0.0366028012539555,-1.13794816940132,0.152,0.296,1
"SSBP3",0.0677390829783932,1.13745586950419,0.227,0.123,1
"MAP3K11",0.265874418537037,1.13594790878842,0.121,0.074,1
"TNFRSF1A",0.0463598972204796,1.13587950704853,0.258,0.136,1
"ZFYVE27",0.115498638616385,1.13391818834714,0.152,0.074,1
"UQCC5",0.263164578931646,-1.13246672159471,0.061,0.111,1
"DSTYK",0.152364791299628,-1.13212829280778,0.045,0.111,1
"RNGTT",0.049459841786322,-1.13116513854875,0.106,0.235,1
"IQSEC1",0.159055993586402,-1.12941801650198,0.091,0.173,1
"MIR23AHG",0.186521095514706,-1.12935121367304,0.106,0.185,1
"RAB11FIP3",0.0277459484751946,1.12895306178283,0.288,0.16,1
"NIPSNAP2",0.0712100939390824,-1.12891564427246,0.091,0.198,1
"ARHGAP1",0.0329197737006898,-1.12729273024517,0.091,0.222,1
"MRPL4",0.0124066186569006,-1.12639228679336,0.136,0.333,1
"COQ8B",0.11375359889816,-1.12475392167305,0.045,0.123,1
"CCDC126",0.180158111502569,1.12364714334174,0.106,0.049,1
"FN3KRP",0.030546572041317,1.12350613663035,0.242,0.111,1
"TSNAX",0.0544342083337385,1.12331437361964,0.212,0.099,1
"DDX42",0.0198030102411775,-1.12134940528622,0.152,0.321,1
"SNX13",0.126947860062465,-1.12125136988836,0.121,0.21,1
"ERN1",0.549529044111252,1.12125098316846,0.136,0.111,1
"PSMA3-AS1",0.111958338813874,-1.12101645837539,0.045,0.123,1
"MAFG",0.11375359889816,-1.11955030072265,0.045,0.123,1
"ALMS1",0.251946250828696,1.11814731623858,0.152,0.099,1
"ENSG00000235119",0.161986744195301,-1.11732873938477,0.045,0.111,1
"RCN2",0.069265231232864,-1.11672354974652,0.091,0.198,1
"NEDD9",0.0384908673426978,-1.11610978670823,0.136,0.272,1
"FRS2",0.0701070964213691,1.11576991244426,0.197,0.099,1
"NDUFS4",0.0797191897233586,1.11564668213893,0.212,0.111,1
"STAM2",0.115498638616385,-1.11515873736036,0.061,0.148,1
"RDH11",0.0163785384860167,1.11441776752308,0.288,0.136,1
"SMNDC1",0.0144580083977703,-1.11324204663545,0.182,0.358,1
"MGMT",0.0550462511916074,1.11308408405469,0.182,0.074,1
"PSME4",0.052393524544869,-1.11234974381246,0.167,0.296,1
"THUMPD3",0.266415600935807,1.1122443636852,0.106,0.062,1
"N4BP3",0.429219041546752,1.11106785076248,0.197,0.16,1
"PRDX4",0.19151127552153,1.1095693235439,0.106,0.049,1
"FOXJ3",0.00943644156482667,-1.10912655878094,0.212,0.42,1
"NIFK-AS1",0.0920068015289758,1.10793546862529,0.197,0.111,1
"RAB4A",0.133118492775075,1.10733265974275,0.152,0.074,1
"DNAJB1",0.0593534047718535,1.10444172206094,0.47,0.321,1
"IFT57",0.0503270884545175,-1.10436363490733,0.045,0.148,1
"H1-4",0.0054096802945136,-1.10301930173589,0.288,0.531,1
"NELFA",0.0584654351816868,1.10235906920228,0.227,0.123,1
"SLC25A44",0.0467060318504028,-1.1021701885775,0.03,0.123,1
"ANKFY1",0.00916250488863349,-1.10200934877461,0.091,0.272,1
"RAE1",0.0396667480777433,1.1019211534153,0.227,0.099,1
"TTF1",0.208323667844823,1.10060779000904,0.182,0.123,1
"MAP4K3",0.188624819419263,1.09977579252686,0.106,0.049,1
"RFX7",0.022157974623006,-1.09869166756405,0.106,0.259,1
"ARL17B",0.129040738305223,1.09834990685684,0.136,0.062,1
"MR1",0.107238917586355,1.09653051837086,0.167,0.086,1
"TMOD2",0.121340386166686,-1.09518263190153,0.076,0.16,1
"ZNF548",0.157119943860133,-1.09402106649103,0.045,0.111,1
"HCFC2",0.157119943860133,-1.09239065847727,0.045,0.111,1
"RBM10",0.0191657449614032,1.09207166342981,0.288,0.136,1
"TRIM69",0.0898082460694141,-1.09199740589363,0.061,0.148,1
"PRPSAP1",0.121899433177977,1.09119712085983,0.197,0.111,1
"TTC4",0.0982923147364674,-1.09118561834425,0.061,0.148,1
"ADAM17",0.00829789851589082,-1.09089335559869,0.136,0.333,1
"GNLY",0.00707859650455297,1.09063767342686,0.636,0.481,1
"HPRT1",0.0238951815320024,-1.09030624494784,0.106,0.272,1
"CHMP1B",0.171020749669336,-1.08839233525423,0.242,0.333,1
"INTS14",0.131520158151014,1.08783011733326,0.167,0.086,1
"NOA1",0.0485465704339962,-1.0874371958399,0.03,0.123,1
"MAP3K3",0.205674174660936,-1.087286211773,0.061,0.123,1
"CX3CR1",0.307324729216763,1.08726319474603,0.121,0.074,1
"LYPLA2",0.0444959589235796,-1.08666221330495,0.121,0.259,1
"LONP1",0.0585136047787832,1.08589714109216,0.197,0.086,1
"MAPK14",0.0492537785700468,-1.08416716031319,0.061,0.173,1
"POLDIP3",0.019414502910992,1.08404456760147,0.333,0.185,1
"NELL2",0.0219950000658562,-1.08390559457216,0.061,0.198,1
"TAF5L",0.160732440163481,-1.0835082533109,0.076,0.148,1
"MARCHF5",0.0458447442273906,-1.0827085892484,0.076,0.198,1
"ATXN7L2",0.161986744195301,-1.08200587725118,0.045,0.111,1
"PLEKHF2",0.134926176719518,1.08155838255976,0.136,0.062,1
"VAC14",0.108738553074323,1.08130863618515,0.167,0.086,1
"ZNHIT2",0.0373571152286298,1.08026639394409,0.227,0.099,1
"MTREX",0.0798496797538344,1.078983032298,0.242,0.16,1
"CHAMP1",0.266553287874552,-1.07847149354812,0.061,0.111,1
"EIF2AK3",0.198130221148445,1.07734449418626,0.152,0.086,1
"CXXC1",0.0242735889175697,1.07632941782945,0.318,0.173,1
"MRPS33",0.161986744195301,-1.07611406086884,0.045,0.111,1
"SNIP1",0.0805232564646535,-1.07367690565409,0.091,0.198,1
"STXBP3",0.0466512536709689,-1.07341328844254,0.167,0.309,1
"UBXN6",0.159539307251159,-1.07289005003176,0.045,0.111,1
"ST3GAL3",0.109255085520342,1.07224404613352,0.106,0.037,1
"HMGB2",0.0179614286296095,-1.07218550436485,0.364,0.543,1
"RBL2",0.156992850968664,-1.07158380894445,0.197,0.296,1
"TTLL5",0.212774417743936,-1.0698052497687,0.091,0.16,1
"PPM1L",0.413916000682976,-1.06750787787373,0.091,0.136,1
"ST8SIA1",0.0687670442626288,-1.06738468661577,0.076,0.185,1
"MAVS",0.106706414725275,-1.066288830451,0.045,0.123,1
"COA3",0.300134357555712,1.06623872103136,0.121,0.074,1
"SAP130",0.0477694160516945,-1.06521600529988,0.045,0.148,1
"KCTD13",0.0363849417258913,-1.06400480132496,0.045,0.16,1
"NAA15",0.258379517639528,-1.06388902179877,0.121,0.185,1
"SFXN1",0.0566801682686581,-1.06166341800691,0.136,0.272,1
"EIF1AD",0.0861104803148309,-1.06107000761556,0.091,0.198,1
"UBE2F",0.0173903667833222,-1.05959105558942,0.152,0.333,1
"ERAP1",0.0161982694212691,1.05810038636676,0.318,0.148,1
"ZNF581",0.183856123279647,1.05799137212368,0.152,0.086,1
"MAN2A1",0.185663085748242,-1.05774245535233,0.227,0.296,1
"TJAP1",0.133279358159043,1.05635952488336,0.167,0.086,1
"PALS1",0.169499078491838,-1.0556379506674,0.045,0.111,1
"TRAP1",0.161986744195301,-1.05526235650554,0.045,0.111,1
"ARMC1",0.0317756545559367,1.05410073138428,0.212,0.086,1
"ADISSP",0.193319962068602,1.05409679989645,0.121,0.062,1
"KCTD18",0.141132493295468,-1.05403323021538,0.061,0.136,1
"SPRYD3",0.131267954722896,1.05327662268581,0.152,0.074,1
"BORCS8",0.125112589179188,-1.05312979943021,0.106,0.198,1
"GARRE1",0.134484894363656,-1.05279851550335,0.106,0.185,1
"CPSF2",0.0922655104057118,-1.05258704490068,0.076,0.173,1
"PRORP",0.0948788719699623,-1.05202767234674,0.076,0.173,1
"AARS1",0.284749496838765,1.05113246513257,0.136,0.086,1
"CCL4L2",0.282707327548307,1.05076924848227,0.273,0.185,1
"RBM12",0.278312618326215,1.05073746391383,0.136,0.086,1
"ELK3",0.00758429389345382,1.05050614615226,0.333,0.148,1
"MLLT6",0.180321241983068,-1.0497945629058,0.106,0.185,1
"CDK7",0.19151127552153,1.04969212123988,0.106,0.049,1
"ZFPM1",0.320508360328091,-1.04731791053656,0.076,0.123,1
"PRKAR2A",0.00178955911275607,-1.04692310175178,0.152,0.407,1
"LRRC40",0.122992849972533,-1.04667704678114,0.076,0.16,1
"BOLA2",0.135220737276243,-1.04606316711455,0.061,0.136,1
"METTL2B",0.152364791299628,-1.04606139842223,0.045,0.111,1
"PEX13",0.12977901104459,-1.04437876944194,0.076,0.16,1
"LY9",0.0874843094438259,1.04426794503651,0.152,0.062,1
"CHPT1",0.144219449426503,-1.04400999158655,0.076,0.16,1
"MTHFD1L",0.135056715101417,-1.04333333524977,0.076,0.16,1
"SNX20",0.200764401588103,-1.04319895417988,0.091,0.16,1
"MPHOSPH6",0.0847708219744621,-1.0416744830879,0.076,0.173,1
"BOP1",0.11155815408705,1.04077645495873,0.182,0.099,1
"BICRA",0.193319962068602,1.04004160821983,0.121,0.062,1
"RALGAPA2",0.188624819419263,1.04001495781339,0.106,0.049,1
"PTDSS1",0.361804640270243,1.03985768460034,0.152,0.111,1
"AHR",0.0548947188915751,-1.03844819957867,0.121,0.259,1
"ELP1",0.117870065428026,1.03814022997848,0.136,0.062,1
"CLSTN3",0.438343331230597,1.03695207604363,0.167,0.136,1
"SLC49A4",0.124084616839063,1.03692148549954,0.121,0.049,1
"ANK3",0.110854572516645,1.0365362341058,0.136,0.062,1
"FERMT3",0.0774677814049635,1.03639408116437,0.258,0.148,1
"VEGFB",0.105841106332278,-1.03590868608554,0.061,0.148,1
"GTPBP8",0.108604197240649,-1.03577178567206,0.106,0.198,1
"DNAI3",0.0614965814041276,-1.03576920726456,0.121,0.247,1
"DAP",0.0968775501758269,1.03478437623768,0.182,0.086,1
"TBL1X",0.0905269098292647,-1.03438052107436,0.121,0.235,1
"NKD1",0.168182688763068,1.03376113976804,0.152,0.086,1
"PCYT2",0.154728492881392,-1.03375091401189,0.045,0.111,1
"C8orf76",0.0288636245241459,-1.0334220338234,0.106,0.259,1
"PPP1CB",0.00232659861771829,-1.03220040277187,0.318,0.556,1
"HSPBP1",0.104214426189174,1.031726594359,0.212,0.123,1
"CNOT6",0.0356306528137136,-1.03139946835599,0.061,0.185,1
"ADD1",0.0363434484565729,-1.0310989268175,0.182,0.333,1
"TOMM40",0.194504352599913,1.03107174090706,0.136,0.074,1
"TBC1D13",0.1987905774985,1.03058829516646,0.121,0.062,1
"CHERP",0.0675264578963149,1.03036026382772,0.242,0.136,1
"WASHC3",0.409260430125095,1.02996282475246,0.167,0.136,1
"SMDT1",0.0787368249636215,1.02966865706251,0.288,0.185,1
"SINHCAF",0.0908179362459473,1.02913454103604,0.273,0.173,1
"EEF1AKMT2",0.282652648087607,1.0290898622263,0.121,0.074,1
"SPATA33",0.262656283077213,1.027669190151,0.136,0.086,1
"ENSG00000291117",0.199652707269116,1.02760410020844,0.136,0.074,1
"KLC1",0.116429364481344,-1.02737573974691,0.152,0.259,1
"CHTOP",0.0459999109233822,-1.02599575336985,0.106,0.247,1
"ZBP1",0.291286341935818,1.02496338297029,0.136,0.086,1
"KCTD10",0.189712141834687,-1.02372862722662,0.061,0.123,1
"MRPL43",0.00970788214660614,-1.02355435128384,0.167,0.37,1
"PRELID3B",0.0325449979768473,-1.02294819574588,0.121,0.272,1
"CSRP1",0.0531657872974084,1.02189996228713,0.121,0.037,1
"RPGR",0.0698508593584869,-1.02132576040983,0.061,0.16,1
"ITPRIPL1",0.204373506895821,1.02096678128838,0.121,0.062,1
"EIF2B2",0.193319962068602,1.02076230136902,0.121,0.062,1
"PHKG2",0.176273898665931,-1.02072213797527,0.106,0.185,1
"FARP2",0.0874843094438259,1.01926234136646,0.152,0.062,1
"TMEM18",0.179590009777522,-1.01925840180324,0.061,0.123,1
"SUGP2",0.10898646676937,1.01916718760955,0.152,0.074,1
"PFKFB3",0.0626906832753225,-1.01909608937218,0.121,0.247,1
"SUMF2",0.0232985006648686,1.01750372578452,0.227,0.086,1
"RNF138",0.173660980027372,-1.01728391722004,0.076,0.148,1
"GTF3C4",0.130216897104549,1.01693963760827,0.121,0.049,1
"NIPAL3",0.175403671335043,1.01048487815519,0.197,0.123,1
"HIKESHI",0.123816509120528,1.01047423601178,0.182,0.099,1
"ENSG00000289474",0.269173989351638,1.00893730659526,0.121,0.074,1
"GABPB1",0.091630707355828,-1.00870980466961,0.121,0.235,1
"GALNT11",0.00181341810639848,-1.00774790399024,0.242,0.519,1
"NIPA2",0.061067190597604,1.00675636452715,0.273,0.16,1
"FKBP3",0.0658340854614781,-1.00576985548074,0.076,0.185,1
"PGRMC2",0.0744714132421149,-1.00573571319956,0.197,0.309,1
"WDR26",0.0998869081282237,-1.00450813681788,0.136,0.235,1
"ANKRD28",0.31109247043446,1.00367738793887,0.106,0.062,1
"SGMS1",0.0104473176105102,-1.00277930182944,0.242,0.432,1
"SIPA1L1",0.0140554209254805,-1.00212950843559,0.227,0.42,1
"SDCCAG8",0.112498136349693,1.0011331082599,0.121,0.049,1
"TGFBR1",0.209514716948625,0.999738706482677,0.106,0.049,1
"ATG14",0.276899024584698,-0.99902056969377,0.061,0.111,1
"TTC21B",0.0876859295283527,0.998825318869065,0.227,0.123,1
"RIMOC1",0.168744659713845,0.998718108358954,0.167,0.099,1
"NF2",0.138963636861345,0.998441202834083,0.136,0.062,1
"PRPF18",0.0828440607579295,0.997859523265801,0.197,0.099,1
"COMMD2",0.0884889957258821,-0.997777562382028,0.106,0.21,1
"INSIG2",0.318993379630021,0.995701612976,0.106,0.062,1
"SERTAD1",0.0194246174740818,-0.995104643449972,0.106,0.272,1
"PARN",0.114319966241427,0.993576841831366,0.136,0.062,1
"COMMD5",0.410844601653778,-0.993369078286649,0.121,0.16,1
"TMEM223",0.051530075589361,-0.992998701560902,0.106,0.235,1
"TTC5",0.191967005763429,0.991364767418208,0.136,0.074,1
"HINFP",0.265874418537037,0.989882316925783,0.121,0.074,1
"BLTP1",0.106805116479917,-0.988893099146377,0.182,0.296,1
"ATG7",0.201567946987422,0.987602637864109,0.121,0.062,1
"PSMG1",0.157119943860133,-0.98645930738572,0.045,0.111,1
"DENND10",0.238332673932119,-0.985782165378245,0.091,0.16,1
"HELZ",0.0306503604275008,-0.984980657577042,0.197,0.358,1
"TRIM62",0.194430095565656,0.984528176714603,0.106,0.049,1
"NUBP1",0.205674174660936,-0.984012367214245,0.061,0.123,1
"MYO6",0.153549463457707,-0.983386457772791,0.061,0.136,1
"GPX7",0.159539307251159,-0.982704067710583,0.045,0.111,1
"TMEM71",0.075234135572567,-0.97833056549828,0.091,0.198,1
"TEX30",0.100975851686479,0.976734879944934,0.182,0.086,1
"PRKCA",0.454299743240895,0.976554616745306,0.212,0.185,1
"GOLT1B",0.020920474700924,-0.976424196963724,0.152,0.321,1
"MAPKAP1",0.13866631273026,0.976029845142739,0.167,0.086,1
"RASGRP2",0.1507195025042,-0.975332162326496,0.121,0.21,1
"ZNF655",0.00518128029529219,0.975266265527737,0.47,0.235,1
"RCSD1",0.119677261223714,0.974019459646506,0.136,0.062,1
"MKKS",0.27342046414238,-0.973629992569236,0.061,0.111,1
"CRIPT",0.166529351585679,0.972685383459194,0.212,0.136,1
"FIS1",0.0313109872270104,0.972420042925227,0.333,0.198,1
"VAV3",0.117156981001579,0.972350846938944,0.394,0.284,1
"TRIT1",0.16446241390439,-0.971340708076682,0.045,0.111,1
"AP1B1",0.0884889957258821,-0.971056512520039,0.106,0.21,1
"MED4",0.00541411191947617,-0.970998411154104,0.242,0.481,1
"PPM1D",0.101672140678742,-0.97085578617401,0.076,0.173,1
"MRPS22",0.0637246017152261,0.969785151163464,0.242,0.136,1
"VAMP4",0.0968354413684746,-0.969772827134637,0.061,0.148,1
"BAD",0.25478854771885,0.9697577050981,0.152,0.099,1
"SCRN2",0.062142454022798,0.969404785613721,0.121,0.037,1
"OSTC",0.0111802218489767,-0.96928430552765,0.258,0.469,1
"DCTN5",0.159687521252256,-0.968977801935144,0.076,0.148,1
"YIF1B",0.281518574198669,0.968083137246318,0.136,0.086,1
"LINC01871",0.0657987481657953,-0.968001488731832,0.167,0.309,1
"EEFSEC",0.100785675999536,0.967708201017845,0.167,0.074,1
"FKBP5",0.0921948758940163,0.967417038618842,0.227,0.123,1
"RAP1GDS1",0.0425228845396381,-0.967203585572544,0.167,0.321,1
"AMPD2",0.194430095565656,0.967062201886628,0.106,0.049,1
"ENSG00000290833",0.241776096734527,-0.967051569021023,0.076,0.136,1
"C3orf38",0.271975493066365,-0.966753235663451,0.076,0.136,1
"PDCD1",0.204314276391322,0.966751412341863,0.167,0.099,1
"HEATR1",0.438365192151332,0.966272608098887,0.106,0.074,1
"PAM16",0.280407623040605,-0.966152575244042,0.061,0.111,1
"CYREN",0.295681142424996,0.966136763421833,0.106,0.062,1
"DOCK2",0.0263574806470816,0.96450375396263,0.348,0.198,1
"LATS1",0.128299919091132,-0.964132804294617,0.182,0.272,1
"ARMT1",0.18577057641873,0.963713990457122,0.106,0.049,1
"RNF19B",0.137783079493328,-0.96313050877074,0.106,0.185,1
"TRAFD1",0.131520158151014,-0.960883688655572,0.076,0.16,1
"TULP3",0.140498758228882,-0.960431715523854,0.076,0.16,1
"ORC5",0.131267954722896,0.959059933084139,0.152,0.074,1
"FXR2",0.281373601880131,0.958641212142535,0.152,0.099,1
"PES1",0.12977901104459,0.958455990313057,0.167,0.086,1
"BMS1",0.177911491516556,0.958035607540724,0.182,0.111,1
"TMEM70",0.214285801232368,0.957794886194731,0.227,0.16,1
"PDE4DIP",0.131452655636699,-0.95599444449938,0.121,0.21,1
"HSD17B10",0.0363905816854456,0.955321962524752,0.303,0.16,1
"INTS10",0.0331530858023695,-0.95524235657272,0.152,0.309,1
"ZFP64",0.206431923743177,0.954494244461151,0.106,0.049,1
"ABHD17B",0.16493947023833,-0.954486203330074,0.091,0.173,1
"WDR35",0.434139355850615,0.953987923425917,0.121,0.086,1
"FBXO34",0.0547441744788979,0.953640817552372,0.364,0.247,1
"OSBPL9",0.0763924643694884,-0.953628835180065,0.152,0.272,1
"USP42",0.133279358159043,-0.953271744646628,0.076,0.16,1
"NOP16",0.361927671799968,0.953068796643209,0.136,0.099,1
"GCLC",0.207560786967624,0.952778575978285,0.136,0.074,1
"CANT1",0.197259748579158,0.951763432685996,0.167,0.099,1
"MTIF3",0.0328896600128643,-0.951540992925874,0.136,0.284,1
"ZCRB1",0.153549463457707,-0.950895342077576,0.061,0.136,1
"STK26",0.0453608140232089,0.950689677381839,0.333,0.198,1
"GNG10",0.202263902962791,0.950416355028567,0.136,0.074,1
"MED21",0.0463598972204796,0.949984542000593,0.258,0.136,1
"PGS1",0.206431923743177,0.948578445431834,0.106,0.049,1
"LRRC37A3",0.429076914236337,0.948563892706959,0.106,0.074,1
"NECTIN3",0.173660980027372,-0.94804659771982,0.076,0.148,1
"MACROH2A1",0.0662477463425638,-0.947492171530791,0.152,0.272,1
"PNPLA6",0.288005411726619,0.947190476465024,0.136,0.086,1
"R3HCC1",0.200764401588103,-0.946455416549581,0.091,0.16,1
"WSB2",0.0566113005743619,-0.945640148797203,0.091,0.21,1
"KIAA1671",0.444614742204603,0.945483410872688,0.136,0.099,1
"TARDBP",0.264627004304281,-0.945067958017747,0.136,0.21,1
"WARS2",0.219703833372442,-0.944681404843839,0.061,0.123,1
"TMED9",0.00792206347365955,-0.944608898345284,0.258,0.481,1
"SFSWAP",0.0520773801001755,0.944453644155839,0.303,0.185,1
"RABEP2",0.158398828463932,0.943579048260304,0.197,0.123,1
"CEP95",0.0581802849405915,0.943420364008849,0.242,0.123,1
"SPTY2D1",0.0329968837794827,-0.943393739858567,0.121,0.272,1
"FNIP1",0.0516901240136485,-0.94319304568607,0.197,0.346,1
"COX16",0.0471133791467895,0.942505638303218,0.379,0.247,1
"ZNF444",0.299485193661347,0.942398687442144,0.106,0.062,1
"ENSG00000256152",0.278330040345937,-0.942303670731873,0.091,0.148,1
"PPP1R7",0.0592843560295343,-0.942139876216712,0.121,0.259,1
"PUM1",0.00386616632753033,-0.941731918710342,0.242,0.481,1
"ZNF664",0.0668488520213994,-0.940321608993345,0.106,0.222,1
"PDE7A",0.00982162168130279,-0.940112605096757,0.364,0.58,1
"BTD",0.0995946736609344,0.939869957878546,0.182,0.086,1
"DGKZ",0.0177266441061374,0.939556460777791,0.409,0.235,1
"VPS33A",0.0968882001585421,0.939383510925471,0.227,0.123,1
"EXOSC8",0.195696518250148,0.939119551316299,0.152,0.086,1
"SYTL1",0.281088148882948,-0.938160674470502,0.121,0.185,1
"WDR89",0.209118171359553,0.938078003754167,0.167,0.099,1
"UNC119",0.201567946987422,0.937494436748205,0.121,0.062,1
"CCDC22",0.224053566328543,0.937491658379952,0.136,0.074,1
"GNL2",0.146142466436576,0.937284377232378,0.227,0.148,1
"PHRF1",0.0502299973237906,0.936832820390479,0.258,0.136,1
"BRD9",0.131520158151014,-0.936468551296338,0.076,0.16,1
"GPRIN3",0.0873501494941592,-0.936199090796683,0.197,0.321,1
"PIGP",0.178138760671628,-0.935030990707951,0.076,0.148,1
"PLCXD2",0.0441980840635864,-0.934895886558523,0.197,0.346,1
"TBCD",0.180762106489112,-0.934890939396079,0.212,0.296,1
"EXOC8",0.284463807566393,0.934542685595947,0.106,0.062,1
"ZNF592",0.0784048233361496,0.933396515412241,0.197,0.099,1
"YME1L1",0.046239030188925,-0.933359544515092,0.288,0.457,1
"CEP85L",0.202739625943881,-0.931496629051154,0.121,0.198,1
"USP33",0.207835729558772,0.930516407314799,0.303,0.247,1
"MSH2",0.130979977347052,0.929974989046652,0.136,0.062,1
"ZNHIT3",0.0281655977916063,-0.928625027229093,0.212,0.37,1
"MOSMO",0.0948788719699623,-0.928551304935255,0.076,0.173,1
"HIBCH",0.123356702553743,0.928243402766099,0.136,0.062,1
"CC2D1A",0.169499078491838,-0.92739889886219,0.045,0.111,1
"MED30",0.175859707370559,0.926990915390665,0.182,0.111,1
"HLA-G",0.000149177165148831,0.926897380196309,0.545,0.247,1
"VAPB",0.210631231915608,0.926257525801025,0.152,0.086,1
"CCDC97",0.0954914858297375,-0.925569194154273,0.106,0.21,1
"TRGV10",0.175866366363809,-0.925232427119034,0.212,0.296,1
"TRA2A",0.033256376657775,-0.924780450268712,0.303,0.481,1
"ZNF641",0.303321754420631,0.924290782948231,0.106,0.062,1
"NPRL2",0.281518574198669,0.923793568725394,0.136,0.086,1
"ANAPC10",0.123751722237394,-0.92292429519256,0.091,0.185,1
"ENSG00000234961",0.148880358656013,-0.922746382171741,0.227,0.333,1
"NAPG",0.128173436771582,-0.922306570274913,0.106,0.198,1
"SBDS",0.211774962032113,0.922238281388223,0.303,0.259,1
"SFT2D1",0.26884426089005,-0.921541589178948,0.076,0.136,1
"ASB8",0.0194516358230254,0.921306229348143,0.288,0.136,1
"GALNT3",0.137650611173479,-0.920905391351984,0.121,0.21,1
"SMS",0.00534741794128983,0.920741664206491,0.485,0.235,1
"OARD1",0.218962820775133,0.920086938555266,0.106,0.049,1
"MTRF1L",0.259599460835247,-0.919826114969153,0.076,0.136,1
"EEF2KMT",0.299485193661347,0.919043639083211,0.106,0.062,1
"CDC42EP3-AS1",0.0279805657316111,0.918388851338342,0.364,0.235,1
"MSL3",0.0653326631515289,0.918359719209579,0.273,0.16,1
"SUGP1",0.356415043135788,-0.91823853159535,0.091,0.136,1
"DENND4B",0.310962338029057,0.91816193922942,0.121,0.074,1
"SYNJ1",0.218163448778418,-0.917315159685273,0.121,0.198,1
"TCEA1",0.00368576362057188,0.916943956229636,0.545,0.333,1
"USP1",0.130098666431643,-0.91683955214111,0.121,0.222,1
"ATP6V1C1",0.120628296871091,-0.91549873428758,0.106,0.21,1
"GLA",0.0558884665312308,-0.915357490296346,0.106,0.235,1
"RNPEP",0.157867970824384,-0.91507586367122,0.061,0.136,1
"GMEB1",0.200585987753069,0.914020648460943,0.152,0.086,1
"GGPS1",0.30806685915717,0.913939894712994,0.136,0.086,1
"SLC35E2B",0.296581570414833,0.913889746384386,0.121,0.074,1
"SAYSD1",0.31109247043446,0.913881341121696,0.106,0.062,1
"DKC1",0.136080220454436,-0.913863037887197,0.106,0.198,1
"RINT1",0.21845495885293,0.913544236425746,0.136,0.074,1
"MON2",0.00901815404265219,-0.913298371655085,0.212,0.432,1
"AP2A1",0.31109247043446,0.913235411778746,0.106,0.062,1
"ZNRF2",0.0368872493691391,0.911947468313526,0.379,0.259,1
"CDKN2AIP",0.325898433946582,0.910872016677944,0.182,0.136,1
"ENSG00000291149",0.141142296957122,0.910014541989085,0.197,0.111,1
"EFTUD2",0.0633647805632035,-0.909925099268107,0.136,0.272,1
"LLPH",0.0681417944348474,0.909597305288157,0.242,0.123,1
"NPEPPSP1",0.0274834459864887,-0.90953931056221,0.091,0.235,1
"FAM3C",0.220433920580261,0.909034761544489,0.197,0.136,1
"SLC35A3",0.210856955806048,0.908984170754018,0.182,0.111,1
"TESK1",0.215693655444131,0.908176151965464,0.136,0.074,1
"GTF2H5",0.231412311509737,-0.908168158292283,0.061,0.123,1
"SEM1",0.0203362480513616,-0.907917525462224,0.288,0.481,1
"KAT7",0.0596629522028159,0.907473272527659,0.258,0.148,1
"ARF3",0.0559487431009749,-0.906202129338262,0.076,0.185,1
"SLC1A4",0.443075820764491,-0.906113882853576,0.212,0.247,1
"NT5DC1",0.322044934147881,0.906023490783336,0.121,0.074,1
"LARP7",0.0812577374654678,-0.905837229481639,0.106,0.222,1
"MEF2A",0.21343465422594,0.905755239796147,0.197,0.123,1
"BZW2",0.136126275468904,0.905588398685086,0.197,0.111,1
"PYGB",0.174650534049914,-0.905016497689693,0.045,0.111,1
"PRPS1",0.0443155454651836,0.904740479506662,0.303,0.173,1
"MRPL30",0.162277859280419,-0.90434920526382,0.061,0.136,1
"UBFD1",0.139140226183871,-0.9041479227933,0.061,0.136,1
"H1-10",0.186879016642436,-0.904081436572609,0.242,0.346,1
"HOOK3",0.0808106913742641,-0.904020663058184,0.152,0.284,1
"ERGIC1",0.264068147822813,0.903954837383525,0.227,0.16,1
"ID2",0.0375836086081326,-0.903827535708988,0.333,0.519,1
"SHISA5",0.0198810527317402,0.903775336079098,0.485,0.284,1
"EIF4H",0.00593743181008861,0.903726915464951,0.515,0.346,1
"RTF1",0.0349137900809765,-0.903227266376314,0.364,0.481,1
"SH3GL1",0.11717356816772,-0.902107992620287,0.061,0.148,1
"PGRMC1",0.322992665659247,0.90153780464825,0.106,0.062,1
"TRIM5",0.211205857733807,-0.899187218152081,0.061,0.123,1
"FADS3",0.631918176771455,0.899155247467668,0.121,0.099,1
"C6orf62",0.0539143293177619,0.898645190265899,0.318,0.185,1
"AKAP5",0.327784240603541,-0.898528097738006,0.076,0.123,1
"GTF2IP1",0.31109247043446,0.898178022703356,0.106,0.062,1
"AKT1",0.296929429747857,-0.897778450234356,0.091,0.148,1
"PSMD12",0.123550765525739,-0.897641834676228,0.106,0.21,1
"FLOT1",0.0842868957261687,0.89733823029442,0.258,0.148,1
"SMC4",0.143496086546333,-0.896803704289018,0.152,0.247,1
"NCAPD3",0.304660591997941,0.896544783757758,0.136,0.086,1
"TMEM250",0.0434643391244056,0.89554818843154,0.212,0.086,1
"NBPF12",0.161986744195301,-0.895372667631109,0.045,0.111,1
"SLC25A4",0.526953051768252,0.895114847119875,0.136,0.111,1
"NEK4",0.404268167830656,0.895080275400193,0.121,0.086,1
"PABIR3",0.126906479702873,-0.894980347688815,0.091,0.185,1
"UBAP2L",0.24508619367213,-0.894731104315466,0.136,0.21,1
"MEI1",0.157130544241951,-0.894701376890995,0.091,0.173,1
"CBX6",0.0927452951798378,0.894245781187916,0.242,0.136,1
"MPV17",0.301279418666472,0.892719358524282,0.136,0.086,1
"HIVEP1",0.20489304598467,0.892662208117505,0.197,0.136,1
"SLC25A39",0.0593335557020194,0.891991891085284,0.212,0.099,1
"NCR1",0.200585987753069,0.891424678347398,0.152,0.086,1
"SP140L",0.00295403065711006,0.89133278061854,0.424,0.173,1
"RNF11",0.0754952689346743,0.891313444240085,0.273,0.16,1
"AP4M1",0.446741009169988,-0.89115111875123,0.076,0.111,1
"GYG1",0.0427930799082768,-0.888818361404976,0.242,0.395,1
"TESPA1",0.267853064295903,-0.887636935519608,0.091,0.148,1
"OBI1",0.290639416552069,-0.887183103837957,0.091,0.148,1
"STMN3",0.0935783186986714,0.885655685828497,0.197,0.099,1
"TRIM39",0.13866631273026,-0.885498200676025,0.076,0.16,1
"DTD1",0.0285443140539572,0.88440766367365,0.288,0.148,1
"TP53RK",0.241002914978959,-0.884001815594123,0.091,0.16,1
"ALKBH8",0.119484996268214,0.88386787539475,0.106,0.037,1
"PPP3R1",0.0604000857096924,-0.882387161532993,0.242,0.407,1
"LIMS1",0.0181878686383555,0.881425287884686,0.318,0.148,1
"RNFT1",0.130123481039861,-0.881355397734326,0.091,0.185,1
"PRDX3",0.0854124512009257,0.881334210765344,0.273,0.16,1
"NRAS",0.19049473629503,0.881333408271339,0.227,0.148,1
"INTS6L",0.314954705129198,0.881194802321966,0.136,0.086,1
"SYS1",0.149507393982515,-0.881029750433704,0.106,0.198,1
"ZNF609",0.28394629760749,-0.880996774038966,0.061,0.111,1
"SLC1A5",0.0276774714191222,-0.880953893133283,0.136,0.296,1
"PPIL3",0.192087158807905,-0.88067425767581,0.076,0.148,1
"RAMAC",0.0750474871720439,-0.879766578076845,0.136,0.272,1
"PPP1R11",0.0135714312935624,0.879379337765887,0.409,0.235,1
"PRUNE1",0.215788196626629,0.879297690232383,0.152,0.086,1
"IMMP1L",0.207560786967624,0.879094431390253,0.136,0.074,1
"TMEM184B",0.335185787317004,0.87761557848907,0.106,0.062,1
"SLC39A8",0.0865869408886857,0.877060252185347,0.227,0.123,1
"RFX5",0.335185787317004,0.876786093480883,0.106,0.062,1
"PHF5A",0.0636607334058131,-0.876695339567999,0.182,0.321,1
"UBE2Z",0.137693783015117,0.876155512515076,0.227,0.136,1
"RABGEF1",0.0800326950789396,-0.875695724852744,0.136,0.259,1
"GK5",0.142968149952071,0.875353192486702,0.227,0.148,1
"CEP43",0.147240927959235,-0.875272876006784,0.061,0.136,1
"RUNDC1",0.211205857733807,-0.874759329398175,0.061,0.123,1
"LARP4B",0.0644654715427182,0.874440713529014,0.348,0.235,1
"STX5",0.0495594845715328,0.874370665412465,0.409,0.272,1
"EYA3",0.100401486966968,-0.874198218436545,0.106,0.21,1
"SPCS3",0.0386606669063402,-0.874063181076856,0.242,0.395,1
"WRAP73",0.096109105043293,0.873926958263041,0.197,0.099,1
"REV1",0.399908027092973,0.873273571572236,0.152,0.111,1
"VPS16",0.238891337430206,-0.873091565675393,0.076,0.136,1
"ARHGAP25",0.0145545900190261,0.872815894624736,0.545,0.37,1
"VPS11",0.141132493295468,-0.872324565480608,0.061,0.136,1
"DCAF1",0.404268167830656,0.871797418661369,0.121,0.086,1
"ZCCHC10",0.206063696949595,-0.871491237865134,0.106,0.185,1
"KPNB1",0.00598591177392338,0.870313341517091,0.515,0.309,1
"GALNT1",0.0655063339164956,0.870289994448077,0.212,0.099,1
"ME2",0.331088880228398,0.869879779404574,0.106,0.062,1
"EBLN3P",0.300134357555712,0.86923452465622,0.121,0.074,1
"TRIM4",0.076897741200114,0.869140900787384,0.379,0.272,1
"KIFAP3",0.0685166521270048,-0.868959107449185,0.121,0.247,1
"WDR45B",0.15767819285254,-0.868930846103934,0.136,0.222,1
"RCAN3",0.161986744195301,-0.868776843170686,0.045,0.111,1
"MFSD6",0.135827287493025,-0.867898920442271,0.167,0.259,1
"ZNF317",0.218400512702794,0.867651892587176,0.152,0.086,1
"KBTBD4",0.119162120130241,-0.86659060221966,0.106,0.198,1
"CUL5",0.077604490241121,-0.865300767719514,0.121,0.247,1
"CERT1",0.124931733623564,-0.865242296851108,0.212,0.333,1
"REX1BD",0.104067414747525,0.864858664057394,0.258,0.148,1
"BTRC",0.425477128282403,0.862732821793728,0.121,0.086,1
"XIAP",0.0963585045626194,0.86244698956106,0.273,0.16,1
"BRD4",0.0295300303042335,0.862213317218398,0.576,0.444,1
"CASP8AP2",0.32413300437375,-0.861716843794808,0.076,0.123,1
"CHUK",0.26884426089005,0.860009248698429,0.136,0.086,1
"TUBGCP2",0.254720472373184,0.860006747745916,0.182,0.123,1
"RRP1B",0.0529272398552491,0.859963135940937,0.333,0.198,1
"CHD1",0.0117323012867797,-0.859688113583083,0.333,0.543,1
"DEF6",0.0860431889552575,0.859616050301362,0.333,0.222,1
"OSBPL11",0.194948323806137,0.858969147435908,0.167,0.099,1
"PHKB",0.203937661617074,0.858886044753028,0.182,0.111,1
"UTP14A",0.132941741618113,0.858846624925886,0.136,0.062,1
"SREBF1",0.304660591997941,0.858248321390511,0.136,0.086,1
"TANK-AS1",0.123550765525739,-0.857878821814705,0.106,0.21,1
"CHD8",0.0338680347538849,0.857813650254411,0.424,0.296,1
"SSH1",0.264627004304281,-0.857670813077307,0.136,0.21,1
"ENSG00000284707",0.260983226696902,-0.857480894025026,0.121,0.185,1
"PSMD13",0.0373832746278921,-0.856978339997167,0.318,0.494,1
"DAP3",0.0996829731019897,0.856384091857079,0.364,0.272,1
"CENPT",0.0927452951798378,-0.856312176357165,0.121,0.235,1
"TRAK2",0.0668935626916859,-0.856053061749972,0.091,0.21,1
"ENSG00000279168",0.307190842245937,0.855759863508314,0.106,0.062,1
"AKAP8L",0.0339780187698335,-0.855558129797082,0.167,0.321,1
"PDCD10",0.00725982818375586,0.855447994067912,0.53,0.321,1
"IARS2",0.113558745325831,0.855070328847164,0.212,0.123,1
"MPHOSPH10",0.048010680849608,0.854772178132454,0.318,0.198,1
"C1orf174",0.0564467076352306,0.854497764840732,0.333,0.21,1
"TBCK",0.566865806150502,0.854010674814325,0.121,0.099,1
"BSCL2",0.307190842245937,0.853806882784145,0.106,0.062,1
"SETBP1",0.153594984760814,-0.85360081707722,0.152,0.247,1
"LINS1",0.282384669299516,0.853415499550273,0.167,0.111,1
"ZNF507",0.238891337430206,-0.852840139236725,0.076,0.136,1
"NCOA5",0.256882155250213,0.851839688897517,0.167,0.111,1
"FBXO33",0.217711362805286,-0.851824155216944,0.136,0.21,1
"DLGAP1-AS1",0.298402397400782,-0.851111457858285,0.061,0.111,1
"GLTP",0.0667344425263333,0.849622344580231,0.273,0.148,1
"PDCD5",0.0248224869891011,-0.849434216441504,0.227,0.395,1
"NOP14-AS1",0.0874134084222086,0.849013699641589,0.212,0.111,1
"FCHO1",0.41267478358819,0.848930290576574,0.121,0.086,1
"GCDH",0.149941485270239,-0.848761207265185,0.076,0.16,1
"SHQ1",0.215780039137465,0.848606912768628,0.106,0.049,1
"UMAD1",0.070995905461172,-0.848497727818559,0.152,0.296,1
"RRM1",0.276874302843874,0.848197617348666,0.227,0.173,1
"ENSG00000283674",0.209514716948625,0.848107332583679,0.106,0.049,1
"CEBPZ",0.0157880845927669,-0.847873586278372,0.318,0.519,1
"PSMC2",0.040160738645183,0.846804881100405,0.379,0.247,1
"TMEM138",0.0876859295283527,-0.845753358899929,0.106,0.222,1
"ISOC1",0.217720907477141,-0.8454987185273,0.091,0.16,1
"BRAF",0.0423455542124414,0.84474661239647,0.455,0.358,1
"VPS52",0.215780039137465,0.844678676236624,0.106,0.049,1
"MRPL24",0.20431117766589,-0.843968247027048,0.076,0.148,1
"DDX23",0.301941354813113,0.842436792131407,0.182,0.123,1
"FAM78A",0.227595407972179,-0.842333256133942,0.076,0.136,1
"DUSP18",0.428083163690877,0.841050529909219,0.136,0.099,1
"GAB2",0.10898646676937,-0.840838441641064,0.061,0.148,1
"MOB2",0.158641688373188,0.84040906487067,0.242,0.16,1
"LSM4",0.0443155454651836,-0.838565363402169,0.152,0.296,1
"MIR155HG",0.203125946286704,-0.838405931998368,0.091,0.16,1
"SERPINB8",0.311498228325305,0.838265080510154,0.136,0.086,1
"SIAH2",0.166200654173153,-0.838110930749507,0.182,0.284,1
"PLPP5",0.214011698660714,-0.837712069088603,0.061,0.123,1
"PDIA6",0.276891112837364,-0.83757486469142,0.273,0.346,1
"HOPX",0.166936605420043,0.837277584046134,0.182,0.099,1
"DOK1",0.315026647998954,0.836530570401927,0.106,0.062,1
"DENND2D",0.120016769118172,0.835939784604677,0.227,0.136,1
"GNAI3",0.0613805477928448,-0.835865027539738,0.227,0.37,1
"RIC8A",0.015033653458626,-0.834809696542652,0.242,0.444,1
"GPX1",0.241894376977881,0.833807182135979,0.197,0.123,1
"PSMB5",0.064188782795566,-0.83309051135261,0.091,0.21,1
"CCT7",0.0168478186035318,-0.832815724460578,0.409,0.556,1
"ACTR6",0.209094341264908,0.832634891193675,0.212,0.148,1
"MARK4",0.190385187385965,0.831581401869145,0.167,0.099,1
"RIC1",0.0546119208906719,0.83086816123535,0.273,0.148,1
"DNAJC13",0.084169162777411,0.830333205337681,0.182,0.086,1
"PARP15",0.204507575549445,0.829894335721427,0.197,0.123,1
"MEF2D",0.0375425711557867,0.829683111344267,0.439,0.321,1
"WDR70",0.0921571531091253,-0.827910512321078,0.136,0.259,1
"TXNIP",0.0490031469103455,0.827870236720404,0.394,0.247,1
"DAPK3",0.444614742204603,0.827697742300079,0.136,0.099,1
"ATP13A1",0.308030981734184,0.827110067428154,0.182,0.136,1
"MFSD14B",0.129561232566387,0.826724673800761,0.212,0.123,1
"NAE1",0.303309830648771,0.825484480902244,0.152,0.099,1
"TRIM21",0.360081842333076,0.82454361079971,0.167,0.123,1
"DIPK2A",0.322992665659247,0.823886164080665,0.106,0.062,1
"BRIX1",0.091630707355828,0.821933444186782,0.242,0.136,1
"DYNC2H1",0.479360390329661,-0.821932924918904,0.076,0.111,1
"PCNX2",0.308734185784403,-0.821903188718011,0.152,0.21,1
"ACSL1",0.163668281910021,0.821607749547272,0.242,0.16,1
"THUMPD3-AS1",0.109733820522851,-0.821009373432727,0.167,0.272,1
"NBEAL1",0.128419781739155,-0.820959979230535,0.136,0.235,1
"GPI",0.0402415978534263,-0.820894980270506,0.227,0.395,1
"OCIAD2",0.0194577428678035,-0.820891426284508,0.258,0.457,1
"ZBTB4",0.297923328447344,0.819889938428219,0.136,0.086,1
"HGSNAT",0.0158519837181882,-0.819620747531945,0.288,0.506,1
"STIM1",0.504860218190129,0.818392761435015,0.136,0.111,1
"CRTC1",0.314954705129198,0.818383412380425,0.136,0.086,1
"H1-2",0.0720366034699349,-0.817981965280038,0.182,0.321,1
"NUDCD3",0.18577057641873,0.817771897000062,0.106,0.049,1
"SNX18",0.32413300437375,-0.817373070509718,0.076,0.123,1
"FOXP1",0.0293420917094739,-0.816794986692555,0.333,0.494,1
"PHAX",0.148944380677525,0.816346954972589,0.318,0.247,1
"TRIP4",0.215533542157143,0.815917284863077,0.212,0.148,1
"CWC27",0.0762686389731575,-0.815273641328091,0.091,0.198,1
"GATAD2A",0.103481803860182,-0.814664016756077,0.182,0.296,1
"DYRK1B",0.271975493066365,-0.814248301479039,0.076,0.136,1
"BANP",0.0587851238643793,0.814241634865451,0.258,0.136,1
"TPRA1",0.30806685915717,0.813959312040889,0.136,0.086,1
"LINC03009",0.227346889458151,-0.813795197156907,0.121,0.198,1
"BRI3BP",0.542729495275213,0.813544577454865,0.121,0.099,1
"ISCA2",0.173660980027372,-0.813485084164,0.076,0.148,1
"GNPAT",0.524030467875617,0.813401264695708,0.152,0.123,1
"TSC22D2",0.142117397293555,-0.812771521171075,0.182,0.284,1
"ETF1",0.0539018937421194,0.812107675700596,0.333,0.21,1
"ZNF767P",0.128486101219769,-0.811864310093473,0.182,0.284,1
"PDCL",0.547515517470056,0.811824540042545,0.121,0.099,1
"RPA2",0.0737444927988318,0.811370359747641,0.288,0.16,1
"AFG3L2",0.120016769118172,-0.811208342634517,0.121,0.222,1
"SENP1",0.301279418666472,0.809422073476532,0.136,0.086,1
"YTHDC2",0.144071476789037,-0.809377138694393,0.121,0.21,1
"LMBRD1",0.0796686453469385,-0.809197683287769,0.227,0.358,1
"ACAT1",0.134989160350289,0.809182999190999,0.152,0.074,1
"ANAPC7",0.327784240603541,-0.808980097305329,0.076,0.123,1
"COQ2",0.315026647998954,0.808840033894812,0.106,0.062,1
"PDE8A",0.287515082931889,-0.808742094055405,0.061,0.111,1
"CHD9",0.239209384945733,0.808250547257371,0.197,0.136,1
"TOGARAM1",0.183572392839293,-0.807110770365208,0.091,0.173,1
"FAM120A",0.0719734026526212,0.80701460382421,0.273,0.16,1
"MAP4K1",0.34758106284188,0.806881877513004,0.182,0.136,1
"ENSG00000291147",0.249316340835435,-0.806693056657102,0.106,0.173,1
"EXOSC3",0.108928059761022,-0.806664759788932,0.136,0.247,1
"CBLL1",0.112158376836496,-0.806338567411165,0.136,0.235,1
"SBNO2",0.313913748231703,0.80606332921539,0.182,0.136,1
"EPS15-AS1",0.141016948036786,0.805710339864239,0.136,0.062,1
"ANKRD10",0.167684965491086,-0.805697371514226,0.106,0.198,1
"PLAA",0.191522517364752,-0.80543974797689,0.121,0.21,1
"YY1AP1",0.223616252709425,-0.805324049184999,0.212,0.296,1
"PIH1D1",0.179113952059905,0.805321671355003,0.258,0.198,1
"UBA2",0.042887439390573,-0.804993718200079,0.197,0.358,1
"TSPAN3",0.164713465866648,0.804548760859601,0.212,0.136,1
"PRSS23",0.315026647998954,0.803539582275928,0.106,0.062,1
"PEX2",0.0935648719399892,-0.802392580645902,0.076,0.173,1
"DCAF7",0.217409611809229,0.801661366794881,0.333,0.247,1
"LRP10",0.196055763066531,-0.801061032485093,0.212,0.296,1
"VPS35L",0.151460182602932,0.800540812551451,0.182,0.099,1
"PCGF6",0.451322144445065,-0.800524309109037,0.076,0.111,1
"VPS8",0.175336888379205,0.800267197256079,0.227,0.148,1
"ARID2",0.034421156294772,0.800029861493121,0.424,0.272,1
"TRAK1",0.143323245251516,-0.799946818012858,0.136,0.235,1
"LMBR1L",0.259085456054501,0.799805017506829,0.197,0.136,1
"SLC15A4",0.342654921560383,-0.79972731893933,0.076,0.123,1
"FXYD5",0.00809418448340964,0.799296900150118,0.758,0.679,1
"PGM1",0.270845706864298,0.799173720419282,0.167,0.111,1
"ADI1",0.140622798225611,0.798984265405392,0.212,0.123,1
"H2AC6",0.256845659438064,0.79877555076853,0.227,0.16,1
"TXLNG",0.0884313016358931,-0.798758110058415,0.091,0.198,1
"ECHS1",0.322992665659247,0.798527532203593,0.106,0.062,1
"TPGS2",0.154521243310249,-0.797876695645983,0.136,0.235,1
"DTNBP1",0.293773131452518,-0.797600244253343,0.091,0.148,1
"DPP8",0.114945914073293,-0.797546809607502,0.106,0.21,1
"MED27",0.201126293172727,-0.797117322403263,0.182,0.272,1
"EML3",0.192656826879843,0.796110577611093,0.167,0.099,1
"CAPN1",0.256540193686833,0.796092314070479,0.197,0.136,1
"IFNAR1",0.0602028245667801,-0.796001773707406,0.152,0.296,1
"RSL1D1-DT",0.284439670781347,0.79589915758928,0.152,0.099,1
"PPP1R35",0.102058599448254,0.794566759214173,0.242,0.136,1
"PIBF1",0.030329748288886,-0.794469848629483,0.167,0.346,1
"UGP2",0.293645118531021,-0.793947997247407,0.121,0.185,1
"SKIC2",0.217720907477141,-0.793395504096928,0.091,0.16,1
"GPKOW",0.153017152696455,-0.793364595493204,0.106,0.198,1
"BUD13",0.113558745325831,-0.792956591655131,0.106,0.21,1
"MGRN1",0.276261299722526,0.79264832044699,0.182,0.123,1
"TMEM199",0.146142466436576,0.791769963084868,0.227,0.148,1
"PDPR",0.172060381656716,-0.791523008632945,0.045,0.111,1
"JMJD8",0.19049473629503,-0.791522812182657,0.136,0.222,1
"MED16",0.259478086364321,0.790750497651287,0.242,0.185,1
"RNF5",0.0852219844743473,-0.790605863444839,0.167,0.284,1
"ZNF12",0.0980909001068661,-0.790459951458609,0.106,0.222,1
"EDRF1",0.157598826862591,0.790311288932295,0.212,0.136,1
"NFAT5",0.13552415017107,-0.789398493832387,0.303,0.395,1
"MFSD12",0.284439670781347,0.788080613368285,0.152,0.099,1
"BTG3",0.341343717806007,-0.786925319275381,0.197,0.259,1
"POLR2D",0.293645118531021,0.786751190768027,0.182,0.136,1
"FBXL4",0.486504254109476,0.785351631021145,0.106,0.074,1
"CMAS",0.616464525105815,0.784969613274845,0.106,0.086,1
"SMIM10L1",0.0524501134159762,-0.784401916960335,0.091,0.222,1
"SLC4A1AP",0.507580207339892,0.784147588344336,0.182,0.148,1
"CDC5L",0.317989200380295,0.784094602063628,0.273,0.222,1
"ATG12",0.131127781814096,-0.782765190922707,0.182,0.284,1
"MTA1",0.21024665200024,0.782678335638679,0.136,0.074,1
"WWOX",0.567926743288549,0.781676867064887,0.136,0.111,1
"YKT6",0.0776207472526033,0.781539707109018,0.288,0.173,1
"BNIP2",0.0311159936443388,0.781240369879307,0.485,0.358,1
"DFFA",0.161126486125282,-0.781154582414911,0.121,0.21,1
"ALOX5AP",0.0259013559489421,-0.781028485003663,0.212,0.407,1
"RHOT1",0.179270184934045,-0.78095822833227,0.076,0.148,1
"VDAC3",0.113807590642161,-0.78072705062912,0.182,0.309,1
"TMEM179B",0.060762145000382,-0.780657466631165,0.258,0.407,1
"APPL1",0.179039216957941,0.780498553107293,0.227,0.148,1
"RAB28",0.0433577942494438,0.780152118669295,0.227,0.099,1
"ISY1",0.07090345552127,-0.780131236972751,0.242,0.395,1
"TIGIT",0.0165221238285954,0.779808840989165,0.667,0.506,1
"TKT",0.130610344708222,-0.77895616940681,0.258,0.383,1
"GIMAP1",0.0857838366004758,-0.777905267420348,0.152,0.272,1
"WASHC2A",0.267462857750471,0.777539358946278,0.242,0.173,1
"RPIA",0.306533955247899,-0.777501660837498,0.091,0.148,1
"SNRNP35",0.179302609943607,-0.77732545919106,0.091,0.173,1
"COG7",0.187351147525702,-0.776456167921519,0.076,0.148,1
"PCNX4",0.0594420680114812,0.776068815845234,0.333,0.198,1
"XPA",0.202318860049715,0.776031255536204,0.197,0.123,1
"ENSG00000290856",0.196910616677874,-0.775798991840357,0.076,0.148,1
"RARS2",0.0719689422414744,-0.775711453973288,0.152,0.284,1
"PANK2",0.01938132154188,0.774822438382446,0.394,0.247,1
"WDR54",0.193734676411738,0.774390554743855,0.197,0.123,1
"HSPH1",0.181510000873238,-0.773757934131104,0.424,0.531,1
"LMO4",0.293773131452518,0.773400551007991,0.152,0.099,1
"UBE2J2",0.237546963788219,0.773189532259749,0.273,0.21,1
"FBRS",0.0572142048120548,0.772858816119164,0.364,0.247,1
"MAU2",0.179644660802329,0.772629650653629,0.136,0.074,1
"GPANK1",0.333382165390719,0.77244399320091,0.121,0.074,1
"MRPL57",0.00240889546174897,-0.77241671423957,0.227,0.494,1
"HDAC2",0.309551095738173,0.772360433474377,0.167,0.111,1
"BRD1",0.0559200683361995,-0.771751936030516,0.212,0.358,1
"TAF1B",0.546102747427608,0.771199043873466,0.167,0.148,1
"XAB2",0.0924023405775716,0.770905743396274,0.333,0.247,1
"EBNA1BP2",0.380590517233307,0.770600014377807,0.167,0.123,1
"LAX1",0.148092315584653,0.770177504370895,0.258,0.16,1
"C8orf33",0.342654921560383,-0.769798968010732,0.076,0.123,1
"ZNF410",0.252865219569115,0.769554880348417,0.227,0.173,1
"DTNB",0.174511790876909,0.769314826817798,0.152,0.074,1
"COQ6",0.0834409676070103,0.768399665892787,0.152,0.062,1
"MAST2",0.227860760012228,-0.768101255521944,0.091,0.16,1
"GPATCH2L",0.188133333755504,0.767229507565824,0.167,0.099,1
"PGM2",0.231803070292169,0.767137827834693,0.152,0.086,1
"STAG3L4",0.316342114485889,0.7663100826194,0.152,0.099,1
"PITPNM1",0.132650405644652,-0.766276151588923,0.106,0.21,1
"PPP1R2",0.0210118228164502,0.766064618336287,0.576,0.432,1
"CRCP",0.405404249625595,0.765823710959875,0.167,0.123,1
"MRPL11",0.654431178567379,0.765687985890169,0.136,0.123,1
"ACSL5",0.318978147703513,-0.764836232526074,0.106,0.16,1
"CLK3",0.0160079532243637,0.764700334343167,0.379,0.198,1
"TRGV2",0.233305880410055,0.76450814486045,0.242,0.173,1
"SCMH1",0.293057027548182,0.763831564319832,0.121,0.074,1
"TC2N",0.188425862036036,-0.763683504072282,0.182,0.272,1
"SKA2",0.403968644830109,0.763620556888827,0.136,0.099,1
"ATP7A",0.542729495275213,0.763291698899475,0.121,0.099,1
"OIP5-AS1",0.145712023306828,0.762693455287058,0.212,0.136,1
"CARNMT1",0.278330040345937,-0.762457493979261,0.091,0.148,1
"ERO1B",0.105211108539376,0.762447673977081,0.182,0.086,1
"FAM219B",0.287515082931889,-0.761738632175919,0.061,0.111,1
"ENSG00000276241",0.319917393013626,0.76147689953451,0.182,0.123,1
"VPS4A",0.24653301933183,-0.76114201809979,0.121,0.198,1
"ENSG00000291047",0.197575218160526,-0.760795354686521,0.061,0.123,1
"SLC30A1",0.294743106969691,-0.76071390444543,0.061,0.111,1
"TTC39B",0.739043359852801,0.760468434145378,0.121,0.111,1
"DDX60",0.408458596670133,0.76021010971375,0.121,0.086,1
"CCP110",0.21647532548061,-0.760159893450203,0.091,0.16,1
"SNAPC3",0.298402397400782,-0.759171225530743,0.061,0.111,1
"ZC3H3",0.248003806584359,0.759034585920169,0.182,0.111,1
"PIN4",0.104295653885557,-0.758770042275913,0.061,0.148,1
"UBXN2B",0.384508261280126,0.758751166513357,0.136,0.099,1
"TTC39C",0.00972479178190288,-0.758453162310518,0.47,0.667,1
"EIF4G3",0.249239507126049,-0.758297706254338,0.167,0.247,1
"KIF3A",0.120808776337251,0.757475760032733,0.258,0.16,1
"CTNNAL1",0.0838391147580773,-0.756428686576284,0.091,0.198,1
"TUSC2",0.080010602018818,-0.756055457488614,0.242,0.37,1
"HTT",0.276414430174426,-0.755839103033778,0.152,0.222,1
"PPP2R2A",0.0686616391712378,-0.755682902288766,0.152,0.284,1
"CEP250",0.187351147525702,-0.755475621461137,0.076,0.148,1
"SLC7A6",0.0749552140106977,-0.755435934777533,0.076,0.185,1
"AGPAT3",0.268820482311928,0.755305268609305,0.242,0.185,1
"DCTN2",0.291047471063124,0.754988176289952,0.303,0.247,1
"PCSK7",0.092089367469674,-0.754970337772501,0.197,0.321,1
"CUEDC2",0.143323245251516,0.754646124047491,0.242,0.148,1
"EIF4EBP1",0.10246352542115,0.754275678334543,0.348,0.247,1
"MRPL21",0.11038159436167,0.754093954484454,0.318,0.21,1
"STRN3",0.168813987623469,-0.753838529522549,0.152,0.235,1
"ENTPD4",0.186617750459786,-0.753628799126228,0.136,0.222,1
"SNX27",0.335166458446896,-0.753435029366329,0.076,0.123,1
"EPB41L4A-AS1",0.0880049644106266,0.753295519258736,0.288,0.173,1
"PRR14",0.256567361545233,-0.753236248705306,0.076,0.136,1
"HENMT1",0.45176614819178,0.752748690813563,0.121,0.086,1
"ZNF688",0.176752061911284,0.752477797136832,0.167,0.086,1
"COP1",0.0972221153652199,-0.752161965034324,0.318,0.42,1
"PIGH",0.304660591997941,0.751548749515897,0.136,0.086,1
"PLCG1",0.306533955247899,-0.75075264621028,0.091,0.148,1
"CARHSP1",0.168764715537797,-0.750624447155407,0.258,0.383,1
"ELF4",0.336568161129288,0.749982843752281,0.152,0.099,1
"LAMTOR4",0.0267931000680139,-0.749714472865046,0.197,0.37,1
"NEAT1",0.00331300518234321,0.749503541170947,0.879,0.679,1
"GLRX",0.319656775270529,-0.749454686030013,0.091,0.148,1
"FAAP20",0.116062596896891,-0.749336853949909,0.121,0.235,1
"MFAP3",0.421184129137618,0.748809832707146,0.121,0.086,1
"POLK",0.105510666236567,-0.748676648719957,0.106,0.21,1
"SLC2A1",0.0540806905882549,0.748645079511285,0.258,0.123,1
"MTERF4",0.273502746140402,0.747898161108908,0.182,0.123,1
"SOS1",0.200411917281024,-0.74776938752711,0.152,0.247,1
"AMFR",0.335103150740538,0.747560847532857,0.167,0.111,1
"ZBTB49",0.535926355162503,0.747432305649393,0.136,0.111,1
"INTS9",0.571754105810567,0.74687021974267,0.121,0.099,1
"THADA",0.222749537759857,-0.745975864460849,0.091,0.16,1
"ACOX1",0.253559941310042,-0.745877157889913,0.076,0.136,1
"ARPC4",0.120541553062125,-0.745754199626669,0.303,0.42,1
"SPATS2L",0.600814020912645,0.745401004191715,0.136,0.111,1
"SREK1",0.127320853040579,0.745225502044214,0.288,0.173,1
"CHRAC1",0.124704000346509,0.744467935809782,0.303,0.21,1
"CACYBP",0.0272885683593438,-0.743772161918658,0.242,0.42,1
"PLEKHA1",0.408257596324511,-0.743332470696243,0.167,0.21,1
"OAS2",0.452512067684547,0.742183849012968,0.106,0.074,1
"CKS2",0.262656283077213,-0.741622257284013,0.076,0.136,1
"PRDX2",0.227346889458151,-0.740444779953457,0.121,0.198,1
"LMNB2",0.0937143245868369,0.740277229116837,0.167,0.074,1
"COPZ1",0.175246034311935,-0.739961557318874,0.136,0.235,1
"CTDP1",0.361839858598422,-0.73987650955215,0.076,0.123,1
"MYDGF",0.0666353436030688,-0.739874801468395,0.212,0.358,1
"UBN2",0.3005835537045,0.739345933479947,0.212,0.16,1
"NGRN",0.0200262386828093,-0.739340622515361,0.227,0.42,1
"ERC1",0.22391957093485,-0.738498033596471,0.273,0.358,1
"ZKSCAN8",0.347671484649349,0.737876058638534,0.106,0.062,1
"JPX",0.137705843162107,-0.737091245460925,0.106,0.198,1
"SAMSN1",0.00300419758425311,0.73701427431105,0.818,0.63,1
"SCFD1",0.266791772672849,0.736934348308108,0.303,0.247,1
"MCM7",0.149941485270239,0.736879939489014,0.167,0.086,1
"TWSG1",0.317152343628573,-0.736613110265242,0.061,0.111,1
"VIPAS39",0.335185787317004,0.73644237954745,0.106,0.062,1
"DBR1",0.172060381656716,-0.736256436044957,0.045,0.111,1
"TMEM165",0.0385066898054692,-0.736209755382562,0.182,0.346,1
"VPS39",0.182596082500106,0.736033075479018,0.227,0.16,1
"UTP18",0.265737869950073,-0.735732770670079,0.076,0.136,1
"MRPS11",0.291254611787219,0.735631736481774,0.167,0.111,1
"TSR1",0.234552212671848,0.735165296489106,0.152,0.086,1
"RNASEH2B",0.215909832807223,-0.73436675032301,0.121,0.198,1
"ZNF766",0.372452267352551,0.732459098157356,0.152,0.111,1
"SLC2A3",0.157388655492601,-0.732261343548493,0.576,0.605,1
"TNPO1",0.0862711492688194,0.732242084929516,0.348,0.247,1
"LASP1",0.00730429554594842,0.732114121360256,0.515,0.309,1
"CCDC43",0.141132493295468,-0.731783301602509,0.061,0.136,1
"BRWD1",0.0397307990832273,-0.731428215955109,0.182,0.358,1
"FOXK2",0.377123451909954,0.731046797482779,0.167,0.123,1
"MPC2",0.178345573908261,0.731034470684875,0.258,0.185,1
"NPTN",0.0993800400292477,-0.730867831350315,0.136,0.247,1
"MED11",0.278312618326215,-0.730838413504473,0.076,0.136,1
"TRAC",0.0523766279156686,0.730604414124449,0.455,0.358,1
"BTBD9",0.168277544620283,-0.729799447855961,0.273,0.407,1
"WARS1",0.212957580325765,0.72948935975944,0.136,0.074,1
"MRPL50",0.0855617729430617,-0.729329817201659,0.121,0.247,1
"GOLGA2",0.168951860100791,-0.729300134336918,0.091,0.173,1
"C15orf40",0.225503817217209,-0.729202207934042,0.061,0.123,1
"PIK3C2A",0.341756241526802,-0.728400581985055,0.121,0.173,1
"MKRN2",0.199355341568385,-0.728342060785673,0.076,0.148,1
"EHD4",0.444762274143494,0.728303342340293,0.197,0.16,1
"RASA2",0.0308660655351626,-0.728159089807755,0.364,0.543,1
"NDRG3",0.401996482649799,-0.727559391445924,0.091,0.136,1
"ASF1A",0.11034689556529,-0.727527993984717,0.182,0.309,1
"WASHC4",0.364213222481443,0.727119180162216,0.258,0.222,1
"APOL3",0.318993379630021,0.725421210525444,0.106,0.062,1
"RHOB",0.0744754885259079,0.725302569725444,0.273,0.148,1
"SAMD8",0.294743106969691,-0.725245512458025,0.061,0.111,1
"SUPT7L",0.244095244246303,-0.725124174911027,0.106,0.173,1
"BCAP29",0.280077407781746,0.724569487081667,0.197,0.136,1
"TDG",0.407430208162194,0.724544157833484,0.182,0.136,1
"MRPS34",0.20299045229227,0.724302573926328,0.273,0.198,1
"HBP1",0.170879705869573,-0.723952889122414,0.227,0.321,1
"BORCS7",0.227052545069037,-0.723317807791953,0.106,0.185,1
"MRPS26",0.146547905062107,-0.723247415029785,0.152,0.247,1
"TOPORS",0.154129998350355,-0.722877779885601,0.121,0.21,1
"TMEM203",0.238951414340617,-0.722794347000955,0.106,0.173,1
"DESI1",0.446741009169988,-0.722723122757771,0.076,0.111,1
"SQSTM1",0.0215319827580714,0.722430380617748,0.712,0.593,1
"KATNBL1",0.0633053991319438,0.722316322846851,0.348,0.222,1
"TRIM52",0.486972617633302,-0.721833145180377,0.091,0.123,1
"TMC6",0.267637607541855,-0.721626890944963,0.182,0.247,1
"HERC1",0.0129453606789528,-0.721020455779707,0.394,0.605,1
"ROCK2",0.160304068664572,0.720923044472905,0.242,0.16,1
"FTSJ3",0.23044747811024,-0.720683762112894,0.091,0.16,1
"TRNAU1AP",0.530170900341433,0.720503713739914,0.212,0.198,1
"YTHDF1",0.124866036728056,-0.720358289466042,0.152,0.272,1
"SELENOS",0.066964791249435,-0.720256784569057,0.288,0.432,1
"TATDN1",0.466913311721705,0.720165903458289,0.106,0.074,1
"GZMA",0.320163695569191,-0.720047174298622,0.303,0.37,1
"C6orf136",0.278330040345937,-0.720008149424873,0.091,0.148,1
"MBD2",0.0428279104545867,0.718972935391377,0.394,0.259,1
"ATXN7L3B",0.222811926576303,-0.718800024668019,0.152,0.235,1
"RNF14",0.368881677856949,0.718732318111532,0.152,0.111,1
"MDM4",0.238026135735181,-0.718535512229536,0.136,0.21,1
"RASSF3",0.535092155337588,0.718451928095951,0.182,0.148,1
"FAM172A",0.237983739177793,0.7182797361367,0.303,0.247,1
"MPHOSPH9",0.314954705129198,0.717802463755905,0.136,0.086,1
"PARP14",0.0376597619109898,-0.71743430747971,0.182,0.37,1
"BAG1",0.0522553341281506,-0.716669394081963,0.303,0.457,1
"ACBD6",0.474931948163023,-0.716417131986201,0.136,0.173,1
"BAP1",0.298402397400782,-0.715569194305316,0.061,0.111,1
"RDX",0.20431117766589,-0.7154920089288,0.076,0.148,1
"NDUFAB1",0.0392187009314346,0.715192671406063,0.439,0.321,1
"C12orf29",0.103434113802521,-0.715132607451156,0.091,0.198,1
"BCCIP",0.183202885284434,-0.715089277650712,0.197,0.296,1
"TULP4",0.760314205831675,0.715062589372901,0.121,0.111,1
"RRP1",0.296929429747857,-0.71435728708973,0.091,0.148,1
"SNRNP40",0.190837114595537,0.714350267986754,0.258,0.185,1
"VCPIP1",0.240363354408121,0.713988601224365,0.212,0.148,1
"RANGRF",0.574087458376327,0.713517682780424,0.106,0.086,1
"EIF2AK2",0.213673029437394,-0.713165734442834,0.121,0.198,1
"SIMC1",0.259599460835247,-0.712085155537699,0.076,0.136,1
"VPS36",0.07990314689996,-0.711979488020539,0.212,0.346,1
"AQR",0.0703310913170827,-0.711873928021759,0.136,0.284,1
"DHX40",0.276574167229108,0.711791191047666,0.167,0.111,1
"HEXB",0.24640643651582,-0.711595635732249,0.091,0.16,1
"BRI3",0.162321742695778,0.711270842279647,0.364,0.284,1
"TOR1AIP2",0.23154137590623,0.711237039722155,0.227,0.16,1
"ZNF276",0.050129084418419,-0.711016398723725,0.197,0.358,1
"SMG1P5",0.592056593504801,0.71071293832805,0.167,0.148,1
"DGKD",0.309551095738173,0.710591996420379,0.167,0.111,1
"AK3",0.353940554400401,0.710257403018773,0.182,0.136,1
"F11R",0.204314276391322,0.709797004198129,0.167,0.099,1
"ZNF559",0.42979556651924,0.709732991241578,0.121,0.086,1
"TAGAP-AS1",0.465247623733395,0.709560231417026,0.121,0.086,1
"ATP10D",0.354086505020503,-0.709266348625761,0.076,0.123,1
"SP3",0.0607180578277891,-0.709149129169471,0.242,0.407,1
"GLS",0.00563326181008091,-0.708406417846213,0.455,0.716,1
"KPNA1",0.0320886292583599,0.707908154377396,0.485,0.346,1
"FAM32A",0.259237760771742,-0.707525879336034,0.152,0.222,1
"PIK3C3",0.135980671831527,-0.707511429724142,0.136,0.247,1
"SUMO3",0.0485502001243229,0.707427963608168,0.242,0.111,1
"IRF2BP1",0.208323667844823,-0.706939255429106,0.106,0.185,1
"MBD4",0.0971003540404945,-0.706849396039027,0.136,0.247,1
"SLC5A3",0.370158476712724,0.706379372496858,0.182,0.136,1
"PSPC1",0.0418615629562577,-0.706140020270302,0.212,0.395,1
"TAFAZZIN",0.309561617234579,-0.705943081617443,0.061,0.111,1
"CCAR2",0.130123481039861,-0.70476074699739,0.091,0.185,1
"TFDP1",0.238891337430206,-0.704170850378434,0.076,0.136,1
"CHCHD10",0.155894749932618,0.704152923012025,0.212,0.123,1
"FAM120AOS",0.0450737506417956,-0.70350960538386,0.136,0.284,1
"WWP2",0.142618831515782,-0.7035095813397,0.167,0.272,1
"FAM117B",0.27342046414238,-0.703254826578458,0.061,0.111,1
"GALNT10",0.324893592105602,0.702866830866399,0.242,0.198,1
"POP5",0.206225491446056,0.702506903771865,0.182,0.111,1
"CNST",0.112644652989529,-0.702254449564987,0.182,0.309,1
"GNL3",0.260715305861204,0.701715335038533,0.258,0.185,1
"HCFC1R1",0.194971021193216,0.700745516356178,0.182,0.111,1
"USP37",0.354086505020503,-0.700269533249991,0.076,0.123,1
"ARMC9",0.456235257004133,0.699847171396253,0.121,0.086,1
"UBE4B",0.26746863164742,0.699587042418985,0.258,0.198,1
"TOGARAM2",0.287515082931889,-0.699083977454638,0.061,0.111,1
"MRPL17",0.211912036253174,-0.698284358929849,0.076,0.148,1
"DENR",0.0911430064761793,0.697950849203352,0.364,0.259,1
"HMGCR",0.306533955247899,-0.697872026418479,0.091,0.148,1
"GART",0.308734185784403,0.697400069529553,0.212,0.16,1
"IFFO2",0.246228708569266,-0.696634971398032,0.182,0.259,1
"MICOS13",0.0258559894043316,0.696492734133382,0.439,0.247,1
"WRNIP1",0.247580365163444,-0.69616238002447,0.212,0.296,1
"HDAC1",0.204951565481571,-0.695131845364864,0.212,0.296,1
"TBL3",0.256567361545233,-0.694658878978968,0.076,0.136,1
"CD82",0.372452267352551,0.69407195392698,0.152,0.111,1
"SLC7A5",0.0340699971140371,-0.694053169954437,0.318,0.481,1
"PRKCSH",0.151817061436106,-0.693830554656717,0.197,0.296,1
"WDR48",0.0967735803204179,-0.693695616983014,0.152,0.284,1
"THAP7",0.218002206193108,0.692261557618868,0.197,0.123,1
"RFX3",0.132409028230536,0.691386435011148,0.303,0.21,1
"PRKAR1B",0.571754105810567,-0.691226768162471,0.091,0.123,1
"HMGXB3",0.456325347856602,0.691046836251373,0.152,0.111,1
"SMIM15",0.276590305812698,-0.690747070957295,0.106,0.173,1
"FLII",0.124834088077497,0.69069010149912,0.258,0.16,1
"ARHGAP12",0.466913311721705,0.690375993799905,0.106,0.074,1
"NBN",0.1450158461473,0.689873837523856,0.258,0.16,1
"INO80C",0.224984593475647,0.689627865918629,0.197,0.123,1
"BRCC3",0.586538017963562,0.689498529617118,0.121,0.099,1
"MBD1",0.368922469585437,0.689213360805556,0.197,0.148,1
"ZNF407",0.44776800794292,0.688985145064165,0.106,0.074,1
"UBALD1",0.0827809771668929,0.688907376307374,0.152,0.062,1
"ARID1B",0.0489549569412579,0.688679065041673,0.379,0.235,1
"ANGEL2",0.073753427612748,0.686682652130033,0.227,0.111,1
"BLOC1S5",0.199355341568385,-0.686403545128671,0.076,0.148,1
"ANKRD37",0.320993098120474,-0.685441412270486,0.061,0.111,1
"PCYT1A",0.201836452112078,0.685189801828844,0.212,0.136,1
"OGDH",0.0448289320740402,-0.685152454239436,0.348,0.506,1
"NUP50",0.234413027852984,-0.68511622063852,0.121,0.198,1
"APEH",0.214740554657195,0.685101524987705,0.212,0.136,1
"S1PR1",0.0697895040815205,0.684899524519844,0.636,0.556,1
"STXBP5",0.198474586205192,-0.684840561859303,0.152,0.247,1
"NDUFA8",0.281858488840932,-0.68478350247533,0.182,0.247,1
"SMURF1",0.594318960533604,0.68442851240439,0.152,0.123,1
"ZFC3H1",0.121696297380839,-0.684274547622117,0.273,0.395,1
"MSC-AS1",0.331836842010467,-0.683812090179825,0.106,0.16,1
"GDE1",0.353280487975664,-0.683579299669118,0.136,0.198,1
"INTS1",0.64911908345713,0.683257042087268,0.106,0.086,1
"ACD",0.210427977460637,0.682650103512651,0.303,0.222,1
"ACADVL",0.0466499909421358,-0.682296389078136,0.258,0.432,1
"PRDM4",0.310962338029057,0.682196333271833,0.121,0.074,1
"NAA25",0.231803070292169,0.682063081355195,0.152,0.086,1
"POLR3E",0.478307158258954,0.682048139667259,0.152,0.123,1
"SEC11C",0.0740636757648523,-0.681347090306828,0.303,0.432,1
"EAF2",0.351898287264048,0.681332868387456,0.106,0.062,1
"PIAS4",0.470082142713509,0.681094464049022,0.136,0.099,1
"ZBTB40",0.457284393463139,0.680932916074474,0.106,0.074,1
"PFKL",0.571754105810567,0.680860182098041,0.121,0.099,1
"CIAO1",0.0558784783061312,0.680422277144918,0.424,0.296,1
"ENSG00000231128",0.20248104998331,0.679976399770499,0.227,0.148,1
"ASAH1",0.627269495750539,0.67989602485629,0.106,0.086,1
"LINC01619",0.0676879254928365,-0.679149274343178,0.273,0.407,1
"BSDC1",0.224331471597813,-0.678964085449271,0.182,0.272,1
"RRAGC",0.236032291660907,-0.678604751034461,0.167,0.247,1
"RASA1",0.652833937389804,-0.678598068712951,0.167,0.198,1
"CSTF2T",0.231803070292169,0.678216781151356,0.152,0.086,1
"CCND3",0.217538494994107,0.678086602972794,0.242,0.16,1
"ZFAND3",0.275015733204693,-0.677944155548924,0.318,0.383,1
"GNPTAB",0.0508370346857183,0.677938425247654,0.364,0.235,1
"IKZF5",0.125700159677194,0.677738256981145,0.227,0.136,1
"CNNM2",0.331088880228398,0.677575723137021,0.106,0.062,1
"ARID5B",0.0084339051274261,-0.677388149869497,0.47,0.691,1
"C2CD5",0.561997630173528,0.677233891125132,0.121,0.099,1
"CHCHD7",0.293769015534193,0.676607532105174,0.197,0.136,1
"ISCA1",0.0985857183377295,-0.675350183430599,0.303,0.432,1
"DNAJC19",0.17277513012722,0.675307877040005,0.258,0.16,1
"POLR1A",0.244074550299651,0.675033952169233,0.197,0.136,1
"TIMM9",0.581590387378106,0.673954280199234,0.121,0.099,1
"CDKN1A",0.0806547752465842,-0.673947254380886,0.167,0.309,1
"BOD1",0.237429938708965,-0.673916230826138,0.061,0.123,1
"TGS1",0.068402763412516,-0.673704228110591,0.182,0.333,1
"FLOT2",0.3434929760525,0.673445637594716,0.152,0.099,1
"ENSG00000270240",0.307324729216763,0.673374041562731,0.121,0.074,1
"TRBC2",0.0203527326146348,0.672727074062181,0.773,0.716,1
"ENSG00000290560",0.471769627733059,0.671892762163926,0.106,0.074,1
"TRAF6",0.170491955508958,0.67184256114078,0.258,0.173,1
"DMWD",0.390965217230861,0.671370181370216,0.197,0.16,1
"APOBEC3F",0.346377966100094,0.670942221819024,0.227,0.173,1
"NF1",0.0517502947564205,0.670865236462179,0.348,0.21,1
"TSPAN17",0.14764611485846,0.670494013995082,0.152,0.074,1
"CEP104",0.271952282306475,0.670394046093434,0.227,0.173,1
"MT1X",0.0418615629562577,-0.670375974965086,0.227,0.383,1
"BCL2A1",0.499825352868286,0.670324945687941,0.152,0.111,1
"YLPM1",0.45769404409855,0.669948225090413,0.227,0.198,1
"MAN1A2",0.264264726916314,-0.669947665286042,0.212,0.284,1
"NAA60",0.137605374404716,0.6697447231121,0.273,0.185,1
"MEN1",0.294743106969691,-0.669718566404573,0.061,0.111,1
"MRPS15",0.0622614544922458,-0.669313414162266,0.182,0.358,1
"RCE1",0.265199094410038,0.669312009170054,0.167,0.111,1
"HCG18",0.0413432471819566,0.669048090046546,0.379,0.222,1
"ARRDC2",0.127402820566925,0.667104137462073,0.212,0.111,1
"PHB2",0.0712116737286728,-0.666741487087522,0.364,0.494,1
"MRPS10",0.105017719344474,-0.666542345694801,0.167,0.284,1
"KLHL20",0.148099209652493,-0.666526431383221,0.273,0.37,1
"RBMS1",0.0633498112850203,-0.666111333888852,0.303,0.457,1
"UBAP1",0.286565564859374,-0.665883820499527,0.197,0.284,1
"CDIP1",0.215788196626629,0.665861033237267,0.152,0.086,1
"TOX",0.0517502947564205,0.665644646320452,0.348,0.21,1
"MAML1",0.215211270209702,-0.665616916932051,0.106,0.185,1
"KMT5B",0.117717949496982,0.665327090466313,0.288,0.198,1
"C2orf49",0.0726946955172601,-0.664571819742383,0.136,0.259,1
"BIRC6-AS2",0.60574200374481,0.664564894901261,0.106,0.086,1
"PIK3CG",0.102806077855867,-0.664523159998541,0.288,0.42,1
"RAB5B",0.361805761796637,0.663858602638358,0.227,0.198,1
"PDE4B",0.0382278512918542,-0.663346199913554,0.409,0.58,1
"KIF5B",0.0167876561390326,-0.663322702500524,0.303,0.519,1
"NCOA7",0.116976409966073,-0.663192010067025,0.212,0.321,1
"LIN54",0.313050092352385,0.663046421715268,0.152,0.099,1
"ABCC1",0.0921252952239567,-0.662945601747354,0.258,0.37,1
"PI4KA",0.268791298370949,-0.662896178710013,0.242,0.309,1
"FAS",0.572612729385017,0.662742506749921,0.273,0.247,1
"LETM1",0.327476332720587,0.662459150415962,0.167,0.123,1
"BLOC1S1",0.200904745162635,0.662329915703272,0.348,0.272,1
"POMP",0.00647049084201136,-0.661921193949916,0.47,0.691,1
"TIMM13",0.127232512565152,0.661599526329499,0.303,0.21,1
"PSMD8",0.0830174539040513,-0.66159793101113,0.424,0.543,1
"NUP58",0.175688278007382,-0.661582367356064,0.167,0.272,1
"SMARCB1",0.105429052040626,0.661429148377768,0.273,0.16,1
"ATF6",0.200446052762607,0.661330939352591,0.227,0.148,1
"NCOA1",0.0690846858825715,0.661034388325713,0.561,0.444,1
"EIF4B",0.0562129520403715,0.660823332944485,0.576,0.519,1
"WEE1",0.328765380950846,-0.660689597989828,0.061,0.111,1
"ACYP2",0.227346889458151,-0.660634038896643,0.121,0.198,1
"DDT",0.0849764711742657,-0.660203949424711,0.318,0.469,1
"CYCS",0.124502067810853,-0.659983822672454,0.318,0.432,1
"MAPK8",0.139141766725695,0.65995926413429,0.394,0.321,1
"KIAA0319L",0.688531207445719,0.659785751421458,0.136,0.123,1
"CMSS1",0.376013304457708,-0.659172101435798,0.333,0.407,1
"IFIH1",0.457248869306756,0.659123317486938,0.136,0.099,1
"CCR5",0.347671484649349,0.658776370818216,0.106,0.062,1
"CDK11B",0.137177026381784,-0.657962042298622,0.288,0.42,1
"TMED7",0.21716252736211,-0.6578933274556,0.167,0.247,1
"ZNF335",0.220289608140269,0.657862292479099,0.303,0.235,1
"STK40",0.0676460189701462,0.657797782197152,0.333,0.21,1
"PARD6A",0.471769627733059,0.657508208438982,0.106,0.074,1
"ATP5MC1",0.789701488667556,0.65622824642522,0.152,0.148,1
"KPNA3",0.249873764188851,0.65616102072413,0.212,0.148,1
"SNAI3",0.444386094231326,-0.65607104885548,0.121,0.16,1
"ACAA2",0.50254926461973,0.655962504335243,0.197,0.16,1
"ABHD2",0.400030107523044,0.655602165942486,0.136,0.099,1
"MRPL41",0.0583747184955424,0.65559941438338,0.455,0.321,1
"DCTN1",0.398143794310741,0.655207227978213,0.197,0.148,1
"AAK1",0.0863031070423023,-0.655187619950583,0.303,0.469,1
"SDR39U1",0.49029457827178,-0.65505947170986,0.136,0.173,1
"VIRMA",0.147734981550829,0.653680903967943,0.303,0.198,1
"NR1D2",0.120325011796427,0.652798520661291,0.348,0.235,1
"CFAP210",0.0499033013220031,-0.652473400011542,0.106,0.247,1
"CHST11",0.0906064381130383,-0.652049398743136,0.288,0.432,1
"SCO2",0.168147200624242,0.651785065980574,0.167,0.086,1
"CHCHD3",0.107255272061123,-0.651692524963928,0.242,0.358,1
"DENND4A",0.0969687243554745,-0.650653459169866,0.258,0.42,1
"POLR2M",0.305811637498295,-0.650575756404958,0.061,0.111,1
"DYRK2",0.419953367082365,0.650526973376997,0.136,0.099,1
"SNHG25",0.155894749932618,0.650383693717596,0.212,0.123,1
"GTF2IRD2B",0.233765817924803,0.649734761125044,0.227,0.16,1
"TUBB4B",0.0675265845321665,-0.64971249807188,0.515,0.667,1
"TYMP",0.569863487829268,0.649655047287706,0.182,0.16,1
"VSIR",0.570948878538695,-0.649272557456309,0.136,0.173,1
"GOLGA8B",0.354086505020503,-0.649015864250709,0.076,0.123,1
"GPATCH3",0.460729119264964,0.648795226062345,0.121,0.086,1
"HSPA9",0.0467220002783847,0.648463072709797,0.561,0.444,1
"ZNF37A",0.580816649130542,-0.648423580411819,0.121,0.148,1
"NME2",0.00387093462912424,0.648023294721709,0.803,0.642,1
"MXD1",0.315815131792939,0.647968545636852,0.167,0.111,1
"MAGED1",0.311498228325305,0.647516930831876,0.136,0.086,1
"APBB1",0.452512067684547,0.647480877387922,0.106,0.074,1
"IQGAP2",0.0400509017460341,-0.647470008540315,0.485,0.63,1
"PTPN4",0.279309779326316,0.647422858984463,0.47,0.432,1
"SEC61G",0.250060556526138,-0.647220273475493,0.424,0.481,1
"TAF7",0.144563003775862,-0.646584382046087,0.303,0.432,1
"MRPL51",0.241407226994324,0.646340359242807,0.348,0.296,1
"ZSWIM6",0.0173538575244895,-0.645895088387824,0.333,0.568,1
"PLEKHM1",0.0678157455886504,-0.645845687042993,0.091,0.21,1
"ICE2",0.118763903031983,-0.645570803135642,0.121,0.235,1
"FEZ1",0.127123877944259,0.64482110638066,0.136,0.062,1
"HMG20A",0.572571799848518,0.644300549512243,0.136,0.111,1
"TRAPPC8",0.111659834024075,-0.643655844231136,0.091,0.198,1
"HIPK1",0.102486900131504,0.643447946883383,0.333,0.235,1
"G2E3",0.303369700568657,0.643056679727515,0.167,0.111,1
"DOP1A",0.384077093077202,0.642836323713577,0.167,0.123,1
"EZH2",0.456235257004133,0.64277763148739,0.121,0.086,1
"MED14",0.282061035505279,-0.642750724179564,0.227,0.309,1
"BCL7C",0.120549911095835,-0.642696766675753,0.167,0.284,1
"PSEN1",0.247096665451114,-0.641891355079309,0.152,0.235,1
"WDR82",0.337433575576568,0.641646653550165,0.318,0.284,1
"CBX4",0.479360390329661,-0.640592973135722,0.076,0.111,1
"FGFBP2",0.009583950950707,0.64054810728124,0.727,0.519,1
"JUNB",0.404211766364186,-0.640478188753351,0.591,0.654,1
"HYOU1",0.395807800317246,-0.640418772229954,0.182,0.235,1
"TOR1AIP1",0.599050428091747,-0.640153414131434,0.273,0.309,1
"DDHD2",0.436303828567067,0.6400424580329,0.136,0.099,1
"ZNF580",0.519116518627798,-0.639815000836624,0.091,0.123,1
"IDH3G",0.236397678115068,0.639702127278437,0.258,0.185,1
"CDC40",0.370047112168521,0.639243658809885,0.303,0.272,1
"SUPT5H",0.0633399819513429,-0.639203088087926,0.318,0.481,1
"TAF12",0.171039417394287,-0.639004311838392,0.152,0.247,1
"ZFP36",0.0112292319773335,-0.638566781045123,0.924,0.963,1
"TIMM10B",0.185735320989174,-0.638482281743301,0.091,0.173,1
"SPOCK2",0.127638500260777,-0.63821935341223,0.5,0.531,1
"CADM1",0.404654939939446,0.638061937737029,0.212,0.16,1
"MDP1",0.624413512237713,0.637773984677785,0.152,0.136,1
"CCNH",0.00753466653853307,-0.637696756653828,0.348,0.593,1
"OLA1",0.4132273439902,-0.637588799579125,0.258,0.309,1
"FBXW2",0.643211423910141,0.637492772572506,0.197,0.185,1
"SMIM12",0.0365261943879869,0.63717405466433,0.364,0.21,1
"SHISAL2A",0.362171493341021,0.636826638598141,0.136,0.086,1
"PRMT1",0.213183553229105,0.63672738596625,0.273,0.185,1
"SMC5",0.284289803676989,-0.636682077220406,0.227,0.309,1
"MEGF9",0.532161365080274,0.636606080641065,0.106,0.074,1
"CUTC",0.383459704785093,0.636547395913431,0.182,0.136,1
"RAI1",0.318993379630021,0.636119089355976,0.106,0.062,1
"FHIP2A",0.237171524580466,-0.636043470850888,0.273,0.346,1
"ULK4",0.508743034222294,0.635816372890292,0.227,0.21,1
"RANGAP1",0.0629429288871624,0.635605423134747,0.379,0.259,1
"NCBP1",0.164713465866648,-0.635015759224877,0.121,0.21,1
"CISD3",0.373667675412515,-0.6348547491265,0.076,0.123,1
"CYRIA",0.379437488883601,-0.634846975864039,0.106,0.16,1
"ANAPC11",0.189862848396642,-0.634800932387121,0.212,0.309,1
"TRIAP1",0.430499835984005,-0.634695929002447,0.106,0.148,1
"SRP68",0.259237760771742,0.634368710168441,0.227,0.16,1
"RAP1A",0.0827548292160128,0.634196685494099,0.576,0.457,1
"IRAK1",0.155697354293067,-0.634044839577245,0.061,0.136,1
"HMCES",0.0820663643730977,-0.633809403110664,0.197,0.346,1
"RAF1",0.0540817114047426,0.633756838227311,0.318,0.198,1
"ORMDL3",0.554100804400654,0.63361003237262,0.136,0.111,1
"WASHC2C",0.49314681636178,-0.633588423685741,0.182,0.235,1
"CUL2",0.127369656190427,0.633240734718201,0.258,0.148,1
"POLR1F",0.818231953425824,0.633034129554221,0.106,0.099,1
"FBXL5",0.249655604058704,0.632365999751141,0.303,0.222,1
"AMD1",0.31347326792928,-0.632343449665434,0.303,0.37,1
"MSL2",0.113536006207166,0.632301880817836,0.333,0.222,1
"MCM9",0.10080182718679,-0.63220135237985,0.091,0.198,1
"PHLDB2",0.321445173427126,0.631168220621096,0.182,0.123,1
"TADA3",0.316342114485889,0.630655289176466,0.152,0.099,1
"SESN3",0.347192479444567,0.630483009046974,0.136,0.086,1
"STUB1",0.0381798510880199,-0.629774395557445,0.333,0.519,1
"FRG1",0.0681525511650644,-0.629632500904573,0.167,0.321,1
"CASP7",0.801716496047554,0.629289607655602,0.167,0.16,1
"TCP11L1",0.388353772504546,0.629237299917642,0.136,0.099,1
"SLC9A8",0.247770481830039,0.629016709012334,0.167,0.099,1
"SPECC1L",0.303369700568657,-0.628846307902023,0.106,0.16,1
"GTF3C5",0.14630119331209,0.6286441171384,0.197,0.111,1
"ST8SIA4",0.620595821296673,0.62853966081059,0.212,0.198,1
"ITGB1BP1",0.290974416373611,0.628425718747479,0.273,0.21,1
"MTMR14",0.198322726479496,0.628302463485267,0.242,0.16,1
"PTGES2",0.322992665659247,0.628144433264293,0.106,0.062,1
"STARD3",0.212957580325765,0.627896594463399,0.136,0.074,1
"CHFR",0.247430688730425,0.627458465498086,0.227,0.16,1
"ATG16L2",0.381684267194979,-0.62740305490809,0.076,0.123,1
"ZNG1E",0.545530678798669,0.627254168455328,0.152,0.123,1
"GLG1",0.0720104230338039,0.62663250154991,0.455,0.333,1
"ABCF3",0.340019977206011,0.626492087921597,0.152,0.099,1
"LPIN2",0.369037363427486,-0.625803333310371,0.182,0.235,1
"SLC10A3",0.266092898259914,-0.6256639840548,0.242,0.333,1
"ANP32A",0.224270420814439,-0.625407009156636,0.258,0.358,1
"TMCC1",0.23013468132805,0.625339451549174,0.182,0.111,1
"AP4B1",0.309561617234579,-0.624955016712637,0.061,0.111,1
"EXOSC5",0.34351021157049,0.624029596343786,0.136,0.086,1
"GTF2F1",0.0543254125328389,-0.623667104013442,0.227,0.395,1
"ENSG00000290993",0.415038029524749,-0.623557335291146,0.106,0.148,1
"SELENOH",0.178716765544205,-0.623185254744256,0.288,0.383,1
"UBA3",0.16774267901436,0.622519051948342,0.288,0.222,1
"ZNF433-AS1",0.17726968441717,-0.622455910747046,0.045,0.111,1
"ANAPC4",0.524030467875617,0.621764732083608,0.152,0.123,1
"MYCBP",0.269675565082864,0.621636061753494,0.212,0.148,1
"PNP",0.0794780117087662,0.621613622705077,0.409,0.296,1
"ZBTB38",0.150748412442421,-0.621578714911838,0.348,0.444,1
"ADAP1",0.47470321358231,-0.621477178123293,0.106,0.148,1
"STRIP1",0.517592441729576,0.621397362947494,0.197,0.16,1
"NR2C2",0.398183071483647,-0.62138458902256,0.152,0.21,1
"GMEB2",0.214011698660714,-0.621150119712149,0.061,0.123,1
"BRK1",0.0240838583330811,-0.620896793888114,0.348,0.58,1
"BRD8",0.222114371751053,0.620808238976048,0.212,0.148,1
"USP9Y",0.158910636258365,0.620753622868712,0.318,0.222,1
"SEPTIN2",0.123737340325189,-0.620568572554346,0.379,0.519,1
"CCNQ",0.27478981295292,0.620541879063246,0.212,0.148,1
"PHPT1",0.26884426089005,-0.620151799303603,0.076,0.136,1
"MFSD1",0.236030948622195,-0.619942696178534,0.076,0.136,1
"TMEM161B",0.496045473874693,-0.619939434116065,0.091,0.123,1
"DGCR6L",0.416328076012114,0.619872545554019,0.167,0.123,1
"NFE2L2",0.109490925081993,-0.61947647778853,0.258,0.383,1
"UQCRQ",0.0419945590293747,-0.619370338975401,0.348,0.531,1
"BANF1",0.101540486206295,-0.619369669307636,0.167,0.296,1
"ZC3H12A",0.0919298906204234,0.619141902937244,0.348,0.235,1
"SNHG8",0.239954581788601,-0.619002944960157,0.242,0.333,1
"CAPNS1",0.0736524459112087,0.61841420452748,0.318,0.21,1
"PLCL2",0.465180810620973,-0.618379492175522,0.167,0.21,1
"PRPF8",0.0480370714694794,0.618327875987704,0.5,0.346,1
"TERF2",0.243694154483885,-0.618007050471471,0.091,0.16,1
"STRN",0.305505735616926,0.617982515018978,0.273,0.21,1
"KIAA1586",0.475470144965982,-0.617689254957302,0.121,0.16,1
"CAPZA1",0.00657971301992961,0.617657331698328,0.712,0.519,1
"CEP164",0.4835657224765,0.617404340294679,0.121,0.086,1
"CLASRP",0.429289588996165,-0.617378047144826,0.121,0.16,1
"MRPS18A",0.339852983923883,0.617037737174355,0.136,0.086,1
"FUBP3",0.417935184656611,-0.61666437162905,0.091,0.136,1
"SLC25A12",0.519116518627798,-0.616584828095031,0.091,0.123,1
"RPS6KA5",0.821113664027377,0.616572366986973,0.091,0.111,1
"TSN",0.315495462897864,-0.616412148244931,0.212,0.272,1
"PCMTD1",0.26508401663259,0.616249664369397,0.242,0.173,1
"ECH1",0.2478563401205,-0.616242860287327,0.212,0.309,1
"BTN2A1",0.213603609513963,0.616121602021808,0.273,0.21,1
"COPS4",0.20486716398616,0.616058079273203,0.273,0.198,1
"COG5",0.063463302038199,-0.615977416253108,0.197,0.37,1
"UGGT1",0.333141764095477,0.615858529048816,0.152,0.099,1
"COIL",0.377123451909954,0.615849509299628,0.167,0.123,1
"ATXN1L",0.394165774903983,-0.615625244199502,0.091,0.136,1
"RNF114",0.180635704667606,-0.615391028784529,0.273,0.37,1
"CCT2",0.173756803139698,0.615165941117483,0.379,0.296,1
"GLUL",0.426042172371738,-0.615029042365145,0.091,0.136,1
"NFX1",0.0520567538091876,0.614817674175329,0.333,0.21,1
"RAB9A",0.192577098930266,-0.614357776023473,0.197,0.309,1
"THOC7",0.0690317011938388,0.61402413422942,0.242,0.123,1
"DHX30",0.285215930131045,0.613951774018727,0.212,0.148,1
"URGCP",0.448287609132701,0.613597948594286,0.152,0.111,1
"UNC13D",0.596491359841284,0.613549831581304,0.121,0.099,1
"MCFD2",0.492869488497236,0.613062168081033,0.121,0.086,1
"SRSF4",0.043932506127424,-0.61292612331436,0.379,0.531,1
"TENT2",0.256862141784225,-0.61274623666152,0.258,0.37,1
"LNPEP",0.128411772358616,0.612707585218583,0.394,0.284,1
"BLOC1S4",0.167064692570121,0.612584098324022,0.333,0.235,1
"DHX29",0.261107154251649,0.612527742207185,0.273,0.21,1
"UBE2Q2",0.267074142809377,-0.61250222367385,0.273,0.37,1
"CKLF",0.303322870922281,0.612491773554504,0.242,0.185,1
"UBE2K",0.155545863221934,0.612453512656825,0.424,0.346,1
"COPB1",0.0622241439856084,-0.612377137418828,0.394,0.556,1
"NOL8",0.394322667711821,0.612261027021887,0.152,0.111,1
"PVRIG",0.162928407727317,-0.612249492890467,0.258,0.358,1
"ODF2",0.305026927399358,0.612057257062917,0.227,0.173,1
"INPP5B",0.558559546799722,0.611544270557645,0.106,0.086,1
"ZDHHC18",0.325366175039156,-0.611413729517618,0.106,0.16,1
"NASP",0.488126417198488,0.611394472947113,0.409,0.407,1
"LAMP2",0.2908229245639,-0.611127637811712,0.121,0.185,1
"RDH14",0.442060420375793,0.611060034919113,0.167,0.136,1
"LYPLA1",0.561603824539234,-0.610813576831986,0.136,0.16,1
"CAMLG",0.209396386193521,0.610784094091573,0.394,0.37,1
"ZBTB2",0.769853730603698,-0.610459413710391,0.152,0.16,1
"SRSF7",0.00641838658925961,-0.610443572735486,0.833,0.951,1
"ZMYM6",0.249392929786551,-0.610302499564518,0.152,0.235,1
"PPIP5K2",0.32216182939196,-0.610151109765953,0.106,0.16,1
"COA1",0.291742035800813,-0.609854407045805,0.152,0.222,1
"LSM12",0.416952613722183,0.609184541646614,0.152,0.111,1
"CAPG",0.322044934147881,0.609103085224443,0.121,0.074,1
"GPR107",0.259599460835247,-0.608952497618151,0.076,0.136,1
"KDM7A",0.132283122469708,-0.608825408433583,0.439,0.543,1
"INO80D",0.151036089033498,0.608639506812499,0.333,0.235,1
"APOBEC3C",0.299385252921845,-0.608218190782331,0.318,0.395,1
"YWHAG",0.350203156939534,-0.607717366740526,0.136,0.198,1
"MRPL34",0.205171849861367,0.607263320946442,0.288,0.21,1
"RSRC2",0.0252905385300207,-0.606980561939343,0.424,0.605,1
"DLD",0.0845324214854895,-0.606742096330593,0.121,0.247,1
"METAP1",0.493728183214006,-0.606664988377887,0.076,0.111,1
"PRR14L",0.509867562589764,-0.606321957813345,0.136,0.173,1
"C1orf122",0.118763903031983,-0.606080012167248,0.121,0.235,1
"HNRNPH3",0.116283511218116,0.605916726361409,0.439,0.346,1
"USE1",0.4791886147211,0.605235628103451,0.212,0.173,1
"MECP2",0.0806925488800131,-0.605130655833804,0.333,0.457,1
"ITM2C",0.405707566815749,-0.605109416267207,0.121,0.173,1
"WAS",0.119128174787468,-0.605080542001398,0.318,0.432,1
"KATNIP",0.288005411726619,-0.604962972853535,0.076,0.136,1
"NADSYN1",0.357147696740986,0.604908897466338,0.182,0.136,1
"TIMM17B",0.105370874440232,0.604252698350949,0.333,0.247,1
"ZNHIT1",0.337888712662182,0.60414780027064,0.242,0.185,1
"GTDC1",0.221064300119768,0.603929853682436,0.333,0.272,1
"CLIC3",0.212742551084049,-0.60377143447945,0.333,0.395,1
"SORL1",0.332696894336241,-0.603474726668689,0.061,0.111,1
"MPLKIP",0.622194104592407,0.603031331549441,0.167,0.148,1
"HNRNPH2",0.196833105263248,-0.602024090351749,0.091,0.173,1
"NOCT",0.532372996664205,0.601993153254149,0.167,0.136,1
"COL6A2",0.420797369914445,0.601882320779643,0.152,0.111,1
"DNAJC10",0.339852983923883,0.601422844287939,0.136,0.086,1
"JAK3",0.440448044669056,0.600871887219121,0.136,0.099,1
"PEX14",0.254726287557298,0.600853554905089,0.212,0.148,1
"RIN3",0.354086505020503,-0.600805053874091,0.076,0.123,1
"ZNF81",0.466913311721705,0.600679275297487,0.106,0.074,1
"DEDD",0.520090161478086,-0.600670896838211,0.121,0.16,1
"MINDY3",0.288049314208113,-0.600664667343031,0.106,0.173,1
"PACC1",0.446741009169988,-0.600300397046879,0.076,0.111,1
"SBDSP1",0.507580207339892,0.600202558081243,0.182,0.148,1
"MXD4",0.0544335717416563,-0.600188235507582,0.47,0.617,1
"LIN37",0.309561617234579,-0.599779169855112,0.061,0.111,1
"EIF1AX",0.111556200436348,-0.599558667892677,0.288,0.444,1
"CRTC2",0.0906100344370478,-0.599498348766479,0.167,0.296,1
"LSM6",0.328940781350523,0.598743309153781,0.182,0.136,1
"QPCTL",0.627269495750539,0.597892664023725,0.106,0.086,1
"EIF3E",0.0646043432311512,-0.597805337344481,0.485,0.593,1
"COG3",0.306861643057081,-0.597081403742405,0.136,0.21,1
"SLC25A36",0.225025600003049,-0.596909660936855,0.121,0.198,1
"RABGGTA",0.339315205833687,0.596482305470581,0.106,0.062,1
"UROD",0.354086505020503,-0.596325784019638,0.076,0.123,1
"SLC25A46",0.164517367168765,-0.596311830612592,0.061,0.136,1
"CHI3L2",0.36969874963439,-0.595871155410289,0.076,0.123,1
"HAX1",0.371575222038449,0.595537917980286,0.258,0.21,1
"AGO1",0.365756130402333,-0.595525516965021,0.076,0.123,1
"VCPKMT",0.295906311416778,0.595508567443202,0.212,0.148,1
"MCRS1",0.642774349227497,0.595444392614298,0.227,0.222,1
"METTL5",0.600598824310829,0.595086361299395,0.167,0.148,1
"UBQLN2",0.16579575634534,-0.595035239192334,0.106,0.198,1
"TXNDC9",0.366842742567529,-0.594893273642275,0.167,0.222,1
"CDK10",0.291114010173487,-0.593824629391362,0.061,0.111,1
"TBC1D25",0.496045473874693,-0.593721455406772,0.091,0.123,1
"HEXD",0.502268333169043,0.593573663013046,0.121,0.086,1
"ARHGAP35",0.79127125027746,0.593340178531564,0.136,0.136,1
"TOR1B",0.225503817217209,-0.593193270811136,0.061,0.123,1
"NPEPPS",0.395550244941232,-0.593080159060531,0.182,0.247,1
"ATP5IF1",0.0901084075769852,0.592988148880855,0.485,0.383,1
"PSMD14",0.0953504258736826,-0.592681650657726,0.242,0.383,1
"TBC1D9B",0.446294229246166,0.592640969994212,0.167,0.123,1
"ZNF574",0.440330894555692,0.592605521969958,0.152,0.111,1
"TMEM126B",0.361975472596458,-0.592433071975842,0.106,0.16,1
"MAP2K5",0.398041847328794,0.592375196391411,0.152,0.111,1
"REPIN1",0.361839858598422,-0.59226572016151,0.076,0.123,1
"TUBA4A",0.00289433275907613,-0.591850923881823,0.682,0.926,1
"SYAP1",0.117045610345529,-0.591178708053083,0.439,0.556,1
"GINM1",0.728481201854377,0.590826760928786,0.121,0.111,1
"PTBP2",0.114945914073293,-0.590563853439072,0.106,0.21,1
"RGS19",0.318976860773912,0.589312125751165,0.167,0.111,1
"MAX",0.181968018430793,0.588879467628071,0.455,0.383,1
"SNHG14",0.340666115974553,-0.58879644477247,0.167,0.222,1
"KCNAB2",0.157387444079925,-0.588633591063255,0.273,0.395,1
"SYNC",0.576662357646959,0.587979361561808,0.121,0.099,1
"MLEC",0.0920660440425296,-0.58768744970924,0.242,0.395,1
"HDHD3",0.356819252621699,0.58748344615378,0.121,0.074,1
"PPP2R3C",0.162556288310232,-0.587418814728479,0.152,0.247,1
"B4GALT3",0.641911820990141,0.587325504183774,0.167,0.148,1
"NENF",0.160009510022953,-0.586635823112643,0.197,0.296,1
"FER",0.664512242718643,-0.586341427963908,0.091,0.111,1
"PRNP",0.112921401266445,0.586037542219317,0.424,0.346,1
"ZNF831",0.228377961810989,0.585655280122325,0.273,0.198,1
"USP3-AS1",0.377662863680656,-0.585590325917675,0.076,0.123,1
"RSPRY1",0.424444461941735,-0.584848932769648,0.152,0.21,1
"CDS2",0.222272615997271,-0.584570642101668,0.197,0.284,1
"SNRK",0.236099747343242,-0.584481679841989,0.242,0.333,1
"CCDC115",0.163220011910282,-0.584182288022504,0.167,0.284,1
"PNMA1",0.174650534049914,-0.583578579689706,0.045,0.111,1
"PSMC4",0.088533239448651,-0.583449670914034,0.409,0.543,1
"ACTN4",0.0252890598368427,0.5833892378376,0.667,0.519,1
"UBQLN4",0.460729119264964,0.582733081736893,0.121,0.086,1
"TMEM91",0.491470511387115,0.582721643609473,0.106,0.074,1
"GSTM3",0.567926743288549,0.582456078746047,0.136,0.111,1
"C5orf15",0.266506474110962,-0.582410762863884,0.152,0.222,1
"TMEM11",0.294577396730502,0.582242823165814,0.227,0.173,1
"UTRN",0.24597027783131,-0.582190472498012,0.288,0.383,1
"GAS7",0.424662860055618,0.581833218634002,0.152,0.111,1
"NACC1",0.173037037321777,-0.581515254022316,0.091,0.173,1
"RERE",0.257466816981492,-0.581200276084754,0.091,0.16,1
"DNAJC17",0.206822442208044,-0.581069314270237,0.076,0.148,1
"KCNA3",0.088750787302115,0.580715029745754,0.333,0.21,1
"N4BP2L1",0.299724703611493,-0.58065401868924,0.167,0.235,1
"GARS1",0.559557564990347,-0.580608503262667,0.182,0.222,1
"MTMR3",0.414479855165196,0.580581792705362,0.212,0.16,1
"DENND1B",0.258035126419875,0.579757760600176,0.242,0.173,1
"IBTK",0.596062411739927,-0.579592741099853,0.106,0.136,1
"NUMA1",0.233738973601014,0.579467218358466,0.364,0.309,1
"GTF3C1",0.239056509461426,0.579368748014741,0.348,0.284,1
"LAMTOR1",0.307711606942921,-0.579150177264742,0.242,0.333,1
"TMC8",0.247096665451114,0.578564315758065,0.242,0.16,1
"DGAT1",0.213603609513963,-0.578511754596229,0.182,0.284,1
"CDK11A",0.522948661437923,0.578101124217443,0.227,0.185,1
"DGUOK",0.219327795788224,0.577907418026052,0.394,0.321,1
"TBC1D1",0.347142884454613,-0.57784452945519,0.136,0.198,1
"ZNF107",0.456235257004133,0.57756808544002,0.121,0.086,1
"DDN-AS1",0.60574200374481,0.577256029951441,0.106,0.086,1
"JMJD1C",0.0431299760447586,-0.576841912009648,0.591,0.716,1
"RRBP1",0.159260462570001,0.57666163114739,0.394,0.309,1
"ARMCX6",0.127626779963441,0.57625209798039,0.152,0.074,1
"ZC3H18",0.175230077022437,0.576025830468082,0.379,0.296,1
"CSRNP1",0.150614846719095,-0.575022281670471,0.273,0.407,1
"ATP9B",0.0333878486998009,-0.574976231286037,0.182,0.37,1
"ZUP1",0.196833105263248,0.574570568613388,0.182,0.099,1
"CSTB",0.107268181366819,-0.574570335311004,0.47,0.605,1
"TUBA1C",0.306458599636481,-0.574343341167197,0.197,0.259,1
"ZNF598",0.15385132265618,-0.574276285991586,0.076,0.16,1
"FRMD8",0.430499835984005,-0.574258443731624,0.106,0.148,1
"TSPO",0.10556215012834,0.574204609731976,0.409,0.296,1
"SEMA4D",0.0833053954784592,-0.574172303298621,0.439,0.593,1
"PARP12",0.656461080567106,0.573677194439125,0.152,0.136,1
"UBE3C",0.0936556530111559,-0.573372040679427,0.136,0.272,1
"TDRD3",0.33656956874838,0.573188620571,0.152,0.099,1
"ATP13A3",0.380107258229043,0.573074350781354,0.182,0.136,1
"SPEN",0.378593614182946,0.572905585275386,0.333,0.284,1
"TIGAR",0.16959029721301,-0.572857805689431,0.106,0.198,1
"TINF2",0.18836297604821,0.572527769818404,0.364,0.296,1
"SIDT1",0.725328707047046,0.571865624918925,0.182,0.173,1
"MAP2K3",0.0185413182476922,0.571704941884312,0.621,0.457,1
"HNRNPR",0.0797674705151494,-0.571116554585637,0.379,0.531,1
"USP11",0.392993780627447,-0.571074622675585,0.409,0.432,1
"PATL2",0.221783780179393,0.570955512753022,0.258,0.185,1
"SNX2",0.109259917184854,0.570848468286431,0.364,0.235,1
"UCK1",0.281518574198669,-0.570455407307353,0.076,0.136,1
"PGAP6",0.456325347856602,0.5704279368964,0.152,0.111,1
"CUL1",0.140803041791462,-0.570128015046616,0.212,0.346,1
"YEATS2",0.318322438102382,0.56999020816408,0.121,0.074,1
"POLR2G",0.211445058975062,0.569731468567866,0.318,0.235,1
"CHST7",0.268902989965034,-0.569688751388074,0.121,0.185,1
"ADNP",0.1852954812777,-0.569523128698646,0.152,0.247,1
"SSR1",0.339931575062083,-0.56931123418048,0.197,0.272,1
"ARL5A",0.190203089415228,-0.569048258911099,0.167,0.284,1
"EXOC1",0.326354008901568,0.568652523926793,0.152,0.099,1
"C19orf25",0.28550111710183,0.568453400695467,0.197,0.136,1
"FAM168A",0.25999148253758,-0.568177528011342,0.106,0.173,1
"CMTM7",0.808146942358945,-0.568047905505257,0.288,0.309,1
"GBE1",0.370697839327707,-0.567865851456953,0.152,0.222,1
"AHCYL1",0.344428744813465,0.567839357953803,0.182,0.136,1
"GPR137B",0.186158861455133,0.567496214781897,0.379,0.272,1
"ENSG00000286145",0.23013468132805,0.567357323052505,0.182,0.111,1
"GPBP1L1",0.159136429203193,-0.567169251904964,0.167,0.296,1
"DIP2B",0.938342131526423,0.567068662604907,0.167,0.173,1
"RSL24D1",0.150589642812197,-0.566745059568577,0.47,0.58,1
"CRY2",0.482470031892802,-0.566723385719053,0.091,0.123,1
"SNHG12",0.0639649270804328,-0.566606994606431,0.182,0.333,1
"BRWD3",0.409260430125095,-0.56642068135795,0.121,0.173,1
"EHMT1",0.202047021928316,-0.566286358126612,0.167,0.259,1
"MRPL9",0.240967764880587,0.566150880082028,0.288,0.222,1
"MAEA",0.360373080195809,-0.565676783173649,0.121,0.185,1
"SMARCC1",0.185429743970934,0.565225102203995,0.364,0.272,1
"COMMD10",0.678719759646057,0.565040329311227,0.136,0.123,1
"NAGPA",0.333141764095477,-0.565005400269437,0.091,0.148,1
"ATOSA",0.0535575408712246,-0.564828075271076,0.212,0.383,1
"TMEM87B",0.476653656845928,0.564812696108004,0.106,0.074,1
"BTBD7",0.591726789437261,0.564791432039741,0.197,0.173,1
"GRK2",0.119041772454842,-0.56448196375117,0.348,0.494,1
"CCDC93",0.321381843289236,0.564251860959256,0.258,0.198,1
"CAPN7",0.208590863726949,0.563688261092908,0.303,0.222,1
"CCNT2",0.357208559533398,0.563506926251263,0.318,0.272,1
"HDAC10",0.616464525105815,0.563478631726004,0.106,0.086,1
"TCTN3",0.313913748231703,-0.562802491076665,0.121,0.185,1
"UBE2V1",0.139240001169032,-0.562494869150489,0.273,0.407,1
"BCL10",0.215007746651048,-0.562393704246335,0.136,0.222,1
"ANKRD54",0.458347370161134,-0.562190007380631,0.106,0.148,1
"BRD7",0.181760599911485,-0.562179202797159,0.364,0.494,1
"CYC1",0.197273133407119,0.561395292985498,0.379,0.309,1
"CYB5B",0.102565823822311,0.561240335105135,0.379,0.272,1
"GNPTG",0.705280395480109,0.561188488423351,0.167,0.16,1
"NOPCHAP1",0.442312444359053,-0.561144732720627,0.106,0.148,1
"RPP30",0.395550244941232,0.560417387825896,0.242,0.198,1
"FOXN3",0.0357903622075565,-0.56032100248113,0.394,0.58,1
"CIAO3",0.991378897616522,0.560261473978838,0.106,0.111,1
"ENSG00000290192",0.755315189350752,0.560174549441162,0.167,0.16,1
"AHI1",0.356777443767931,-0.560159532042781,0.288,0.37,1
"ACSS1",0.341697673609215,0.560149657821395,0.167,0.111,1
"TSC1",0.823997790937907,0.560107989683724,0.106,0.099,1
"TLE4",0.280446275327935,0.559784331335245,0.394,0.346,1
"AKAP10",0.575475619070141,0.559686142753995,0.152,0.136,1
"CEP162",0.619984847859932,0.559542829442119,0.136,0.111,1
"ATR",0.234731029723651,-0.55937545026093,0.152,0.235,1
"MED6",0.368898970707224,-0.558902413027385,0.106,0.16,1
"RHOT2",0.232040565333082,-0.558651975220462,0.121,0.198,1
"ENY2",0.0449107655946623,-0.558594747961958,0.409,0.568,1
"RO60",0.467444205516363,-0.558366342960163,0.288,0.358,1
"DDA1",0.187507357675219,-0.557821854874287,0.121,0.21,1
"ARHGAP45",0.368035917784945,0.557444269846961,0.379,0.333,1
"DIS3",0.349812950817644,-0.557117869358327,0.152,0.222,1
"LEMD3",0.215414067758154,0.557068188462813,0.273,0.198,1
"COA8",0.457248869306756,0.556567953750027,0.136,0.099,1
"TMPO",0.422304610327343,0.556500459369496,0.288,0.259,1
"SMG6",0.584237578306003,-0.556118984554594,0.121,0.16,1
"CEP135",0.486504254109476,0.555895391580131,0.106,0.074,1
"SAMHD1",0.405273635378652,0.555366089575809,0.303,0.247,1
"NBL1",0.436303828567067,0.554792928662881,0.136,0.099,1
"HADHA",0.0788462171349348,0.554427443132613,0.379,0.235,1
"POM121C",0.14963914547017,-0.554272900293612,0.212,0.333,1
"GCH1",0.0265222661345267,-0.55423633724319,0.167,0.358,1
"DAPK2",0.75975147287839,0.554187153563192,0.318,0.321,1
"TRIM23",0.405946586774884,-0.553864413432042,0.091,0.136,1
"DNAJC15",0.351111580339987,-0.553321832475579,0.212,0.284,1
"TPRKB",0.591505069620574,0.553272478104536,0.121,0.099,1
"MZT1",0.144012390588894,0.552656428256754,0.227,0.136,1
"URM1",0.288019032605222,-0.552617636172504,0.121,0.185,1
"NT5C3A",0.167042615672732,-0.552612077040149,0.379,0.469,1
"ACIN1",0.059416595199044,0.552359131962623,0.5,0.321,1
"MRPS17",0.4835657224765,0.552078478000935,0.121,0.086,1
"MAGOH",0.125765068805792,-0.551874229315515,0.545,0.667,1
"C5orf22",0.507580207339892,0.551783141578948,0.182,0.148,1
"YIPF6",0.460914235072403,0.551602585762416,0.167,0.136,1
"PALS2",0.521804657906833,-0.551552948723489,0.136,0.173,1
"FNDC3A",0.797041758441963,0.550837467473062,0.167,0.16,1
"U2SURP",0.0770616029703419,-0.550424969993343,0.303,0.457,1
"HNRNPLL",0.0248927645345491,-0.550240221828551,0.5,0.691,1
"XPNPEP1",0.647369258294022,0.55005883669455,0.121,0.099,1
"NDUFC1",0.0990493169317385,0.549723407760975,0.5,0.407,1
"SERPINB1",0.363666249504833,-0.549142248936775,0.379,0.457,1
"ATXN2",0.230534498877563,0.548892950393479,0.212,0.136,1
"PSMG2",0.107754970720992,0.548717518269069,0.364,0.247,1
"IFITM2",0.102562167724215,-0.548469925654097,0.788,0.901,1
"LARS1",0.413916000682976,-0.548386159973486,0.091,0.136,1
"SPIN1",0.296850844364265,-0.547520557650236,0.106,0.173,1
"SLAMF6",0.596491359841284,0.547433713056237,0.121,0.099,1
"TBC1D20",0.279139517951513,0.547402093425729,0.258,0.198,1
"PKN1",0.311414017456217,0.547267972732677,0.303,0.259,1
"TM9SF4",0.424006869791664,0.547120481144771,0.136,0.099,1
"SYNRG",0.36092016041828,0.546952702265871,0.227,0.173,1
"SELENOM",0.476653656845928,0.546683178731604,0.106,0.074,1
"TRIM28",0.129544339919965,0.546665267748032,0.5,0.444,1
"CDHR3",0.21716252736211,0.546494509464947,0.258,0.173,1
"APOL6",0.509733658326593,-0.546400163002954,0.242,0.284,1
"CREM",0.00270663896083438,-0.546374805741099,0.742,0.889,1
"THOC2",0.24597027783131,-0.54616723662912,0.303,0.37,1
"ATP1B3",0.0301560177854197,0.545549503644611,0.833,0.889,1
"FAM200B",0.465223845512213,-0.545545374327496,0.076,0.111,1
"AP3B1",0.150614312358369,-0.545365602820022,0.288,0.395,1
"PPP5C",0.391391493376649,0.545098854756498,0.106,0.062,1
"GRAMD1B",0.148960076425135,-0.544965259799225,0.091,0.185,1
"HSF1",0.210998321305785,0.54421735630308,0.303,0.235,1
"ALG5",0.106476092109367,-0.543802328055244,0.136,0.247,1
"ECHDC1",0.258900830864911,0.543790160796725,0.273,0.21,1
"PRKX",0.239101862758626,-0.543755923496138,0.364,0.469,1
"ZNF862",0.328765380950846,-0.543678486023737,0.061,0.111,1
"TAPT1",0.392222617615862,0.543649252382103,0.136,0.099,1
"TSC22D4",0.165404287065467,0.543559886802581,0.288,0.198,1
"VAMP7",0.526262671025937,-0.543345754328358,0.167,0.21,1
"NAXE",0.263868994351698,-0.543332192553671,0.197,0.284,1
"RAB1B",0.0879179225783375,-0.54318316416289,0.167,0.321,1
"KLHL7",0.138999524860403,-0.543099102389653,0.106,0.21,1
"DRG2",0.524165090579362,0.542688037679447,0.167,0.136,1
"NUP214",0.461901288745615,-0.542385240392335,0.197,0.247,1
"NUTM2B-AS1",0.241754851962381,-0.542325779976262,0.212,0.309,1
"TCHP",0.888290963543596,-0.54187440642792,0.106,0.111,1
"MGAT1",0.104461756669421,0.541808587280641,0.5,0.395,1
"KIF13B",0.19504652735781,-0.541137950906361,0.258,0.358,1
"PITPNC1",0.0328067112485164,-0.541108590447617,0.727,0.84,1
"RAD17",0.491470511387115,0.540894741786696,0.106,0.074,1
"SRSF5",0.0716279355495011,-0.540698149084272,0.5,0.63,1
"PITHD1",0.361907039397353,-0.540310736263226,0.242,0.296,1
"ZNF770",0.723340941232898,0.540278566750401,0.167,0.16,1
"TPM4",0.0863928860399869,-0.540153345453453,0.288,0.432,1
"KLF13",0.039756388710901,-0.539857010464736,0.348,0.519,1
"PTPRE",0.0400986801244403,0.539646883514376,0.439,0.309,1
"RORA-AS1",0.23143713031722,-0.539282335806357,0.152,0.235,1
"ANKRD27",0.350249489273395,-0.539182162049161,0.076,0.123,1
"ATP11C",0.647370320479226,0.538489442736201,0.121,0.099,1
"MCM3",0.294592308111262,0.538458257594024,0.136,0.086,1
"FKBP2",0.142551504212945,-0.538284043589162,0.242,0.37,1
"CBL",0.787714250589463,0.53826959748354,0.167,0.16,1
"ACSF3",0.591330135444693,0.538243474685627,0.136,0.111,1
"CEBPG",0.219750096620087,-0.538216145785521,0.167,0.259,1
"HECTD1",0.385900630362991,-0.538191559098602,0.258,0.309,1
"PIGX",0.440383482684583,0.537907885357317,0.227,0.185,1
"SDHAF2",0.309523618852546,-0.537742927574145,0.273,0.358,1
"MRPL49",0.341697673609215,-0.537741579999366,0.106,0.16,1
"LSM3",0.286530460546789,0.537546930016462,0.318,0.235,1
"SF3B5",0.0899236966124914,-0.537393726310949,0.409,0.556,1
"CPEB4",0.705045804163963,0.537148118137964,0.106,0.086,1
"PDRG1",0.479360390329661,-0.536473252484964,0.076,0.111,1
"FXR1",0.164764775086679,0.535956800838654,0.394,0.309,1
"ZFAND2A",0.3435149331803,-0.535779205163672,0.167,0.222,1
"ITPKB",0.223663424951779,0.535680662267437,0.227,0.148,1
"NUP155",0.676859689295192,0.533977876392757,0.106,0.086,1
"TMEM263",0.229685198389375,-0.53391113118857,0.121,0.198,1
"PPTC7",0.36092016041828,0.53388843165852,0.227,0.173,1
"HACD4",0.545530678798669,0.533875806318149,0.152,0.123,1
"PSMG3",0.466913311721705,0.533401528869198,0.106,0.074,1
"TASOR2",0.0763973747881532,0.532820600486434,0.273,0.16,1
"RAPGEF2",0.412197757215622,0.53275016456323,0.273,0.235,1
"EMSY",0.272322059130915,0.532740451199928,0.242,0.198,1
"CDC27",0.353280487975664,-0.532393292979386,0.136,0.198,1
"TOP2B",0.0564540637979965,-0.532080833587679,0.242,0.42,1
"CERS2",0.407315253806283,0.532012623269575,0.318,0.272,1
"POLG",0.346551594438547,0.53185818491586,0.242,0.198,1
"MALSU1",0.698605284665931,0.530405652660442,0.152,0.136,1
"ADD3",0.11468944205527,0.530360702533735,0.303,0.185,1
"H2AC20",0.460914235072403,-0.529973538101463,0.121,0.173,1
"TRANK1",0.72940277123521,0.529697900982954,0.273,0.259,1
"DCK",0.355133973043449,-0.529666756962379,0.106,0.16,1
"C6orf47",0.466485506910367,-0.529431431321192,0.106,0.148,1
"GLIPR2",0.783160473381281,-0.529407425518643,0.136,0.148,1
"COMMD1",0.271095213973651,-0.529135397151642,0.227,0.309,1
"SBF1",0.324961194877796,0.528639310044655,0.318,0.259,1
"NOC4L",0.298620284456941,0.528638530990752,0.212,0.148,1
"NSA2",0.0206954130392022,0.528390700466186,0.591,0.481,1
"GGA1",0.239405056772785,-0.52730364926784,0.136,0.222,1
"WDR47",0.784135215642354,0.527235383621941,0.182,0.185,1
"FAM210A",0.594318960533604,0.526989970237937,0.152,0.123,1
"LINC00963",0.474358097700217,0.526772036844964,0.121,0.086,1
"SKI",0.214180936234472,0.526374267474709,0.318,0.235,1
"SEPTIN11",0.157839705937119,-0.526255079752876,0.136,0.235,1
"REEP3",0.417970921460103,0.52617623936361,0.182,0.136,1
"IMPA1",0.279969892034945,-0.525859337831086,0.136,0.21,1
"NAA38",0.4763153954404,0.525829164478254,0.167,0.136,1
"KIF2A",0.146178619403649,0.525246765717878,0.5,0.407,1
"NCOA4",0.0633771962722182,0.525210765254351,0.455,0.358,1
"RANBP1",0.364759632760936,-0.525089985258361,0.318,0.395,1
"SNW1",0.271799148712629,0.524419719468849,0.394,0.333,1
"RILPL2",0.662721061661449,-0.524182310098883,0.258,0.272,1
"ZNF484",0.631007528015208,0.52386754028818,0.152,0.123,1
"HUWE1",0.139263054809567,0.52380116083522,0.364,0.247,1
"KXD1",0.36785483542945,-0.523436997386143,0.121,0.173,1
"TMEM131",0.149336860655901,-0.523403654216718,0.182,0.284,1
"ETFA",0.539804812582459,0.52337324322444,0.258,0.247,1
"PDLIM2",0.448803837093743,0.523181183753933,0.136,0.099,1
"CENPC",0.0565241324484758,0.523024372296812,0.379,0.259,1
"SPOP",0.943076653705927,0.522926070762741,0.167,0.173,1
"TIMM23B",0.221484654448863,0.522814951612832,0.167,0.099,1
"FKBP15",0.627260316728279,-0.522756167112514,0.091,0.111,1
"RNF167",0.38322995039205,-0.522606859363438,0.258,0.309,1
"ING4",0.765661076678957,0.522506640185187,0.121,0.111,1
"PHIP",0.174256625691524,0.522265433111877,0.318,0.21,1
"UBE2G2",0.651842158938108,0.521780144157248,0.152,0.136,1
"HIF1AN",0.225503817217209,-0.521320627669892,0.061,0.123,1
"MRPL37",0.98468140448113,0.521248762341165,0.136,0.148,1
"CPSF3",0.491470511387115,0.521016491827181,0.106,0.074,1
"PINK1",0.299012010403971,0.520670668496133,0.182,0.123,1
"GOT1",0.442482623489168,0.520634674298254,0.167,0.123,1
"POLR2C",0.19633475524212,-0.520623864598227,0.227,0.333,1
"SCAMP4",0.455929741634766,-0.520373166791714,0.076,0.111,1
"AFF4",0.142650030401477,-0.519954214774769,0.303,0.407,1
"SLC3A2",0.0360546287101675,-0.51956791234702,0.53,0.704,1
"TMEM131L",0.417785918741458,-0.519134266669696,0.152,0.21,1
"SPAST",0.704906673509102,-0.519133584905291,0.106,0.123,1
"USP38",0.643627346612065,0.518680758520701,0.106,0.086,1
"DMTF1",0.241995023171854,-0.518598344393799,0.197,0.296,1
"SNRPD3",0.0303643528108395,-0.518126221936425,0.409,0.531,1
"EIF5A",0.0186966127740023,0.518112599787281,0.727,0.568,1
"RSBN1L",0.111578166439035,0.517939557702017,0.394,0.272,1
"THAP12",0.435692419948924,0.517265961976397,0.197,0.148,1
"CIZ1",0.488205653002145,0.517176051077867,0.121,0.086,1
"SLAIN1",0.478949828090631,0.516800789497626,0.121,0.086,1
"SMARCE1",0.246539974626492,-0.51655586088217,0.394,0.481,1
"ATP1A3",0.671274849421693,0.516190109630057,0.106,0.086,1
"ACAA1",0.21168991180497,-0.516167364434113,0.182,0.284,1
"PTPMT1",0.409919779982741,-0.515984027536788,0.091,0.136,1
"VMA21",0.586614138657561,-0.515930462657243,0.106,0.136,1
"SMAD7",0.376123552107634,0.515744942001963,0.273,0.222,1
"GPSM3",0.175119873416431,-0.515585457662505,0.288,0.407,1
"DNM1L",0.310454677242956,0.51491474758193,0.273,0.21,1
"IER5L",0.171135977549363,0.51485667864046,0.409,0.321,1
"MAP1LC3A",0.21649574397167,0.514647571372262,0.242,0.16,1
"UBE2W",0.189145414671698,-0.514394884966377,0.197,0.309,1
"KIAA0232",0.444602593393456,0.513643698210174,0.212,0.173,1
"MED17",0.431671526531936,0.513621146191604,0.227,0.198,1
"MIR4435-2HG",0.64954839048558,0.513590852935977,0.348,0.333,1
"SURF6",0.571754105810567,-0.513190925005298,0.091,0.123,1
"POGLUT1",0.268866995319514,-0.512892427432149,0.091,0.16,1
"POLR2J",0.213891411301337,0.512861427081884,0.348,0.259,1
"CREB1",0.221118986321204,0.512849441429271,0.333,0.259,1
"CTNNB1",0.437433461273751,0.512286375961833,0.318,0.284,1
"PSMA2",0.163034994227596,-0.511599990196887,0.47,0.593,1
"PCMT1",0.254581699822901,-0.510859329661513,0.333,0.42,1
"TRA2B",0.103846346698972,-0.51075652802198,0.333,0.481,1
"ELAC2",0.21716252736211,0.510741021545336,0.258,0.173,1
"SEC22B",0.224339636286486,0.510632620651689,0.212,0.148,1
"GIMAP8",0.484124146730128,-0.510080746403952,0.076,0.111,1
"DUSP16",0.200751540323138,0.510044709140542,0.318,0.235,1
"HSP90B1",0.0704021306182976,-0.509792115023593,0.47,0.593,1
"SREK1IP1",0.224087128592382,-0.509609928407397,0.212,0.309,1
"GLIPR1",0.177109016475284,-0.509544585578339,0.303,0.42,1
"NFKBIB",0.334561985017055,0.509490228408889,0.258,0.198,1
"IFI35",0.386564980489403,-0.509015792415575,0.106,0.16,1
"PEX11B",0.44629081085548,-0.508732858298767,0.106,0.148,1
"C22orf39",0.465630262478763,0.508368403667279,0.167,0.123,1
"TBRG4",0.386830195817133,0.508361430234417,0.182,0.136,1
"WASHC5",0.28183516097665,0.508047792272828,0.182,0.123,1
"NBDY",0.264651120641198,0.508014822264504,0.303,0.235,1
"SNRNP27",0.288137631619114,-0.508001122124583,0.182,0.272,1
"SPSB1",0.465223845512213,-0.50774312570641,0.076,0.111,1
"SLC52A2",0.3434929760525,-0.507662030424361,0.091,0.148,1
"NARS1",0.259481933760402,-0.50751310840687,0.197,0.284,1
"NDE1",0.450906756543357,-0.507257329313037,0.091,0.136,1
"RUNX1",0.518316462274733,0.507038889224658,0.409,0.395,1
"RNASEH2C",0.472438873939343,0.50699977656779,0.167,0.136,1
"HERPUD1",0.0608899502757215,-0.506707093417778,0.318,0.481,1
"GTF2I",0.357509731935245,0.506663941173868,0.242,0.185,1
"MADD",0.289530850216717,-0.506446778562575,0.136,0.198,1
"ACAT2",0.389805514969438,-0.506343834159271,0.076,0.123,1
"IQGAP1",0.027803701034103,0.506193755080524,0.788,0.778,1
"MTF2",0.398978980748386,0.505324112326423,0.227,0.185,1
"ZNF430",0.128606348647267,0.505006555901498,0.333,0.235,1
"ATP2A2",0.388593018311052,0.504749071485716,0.212,0.16,1
"U2AF2",0.137981663294965,0.504595914078722,0.348,0.259,1
"GDAP2",0.518534349964251,-0.504490580947251,0.152,0.185,1
"NEPRO",0.242864813643061,-0.504237222613788,0.167,0.259,1
"PNISR",0.175828331737333,0.504175883943124,0.47,0.42,1
"CCT8",0.0718880113837941,-0.504148652943891,0.348,0.506,1
"PPCS",0.406799868396684,0.504024056326825,0.227,0.173,1
"SLBP",0.222249089506185,-0.503977089919738,0.485,0.58,1
"MRPL14",0.275056694692862,-0.503932254155684,0.197,0.284,1
"TRABD",0.0684493381007648,-0.503863519332052,0.364,0.556,1
"CHMP2A",0.502557500390028,0.503740894111006,0.273,0.247,1
"KLHDC4",0.26746863164742,0.50352839384997,0.258,0.198,1
"FAM168B",0.621704813168974,0.502949433977313,0.121,0.099,1
"ATP6AP2",0.114828611077013,0.502863590248009,0.47,0.358,1
"XPO6",0.303309830648771,-0.502858069499809,0.091,0.148,1
"RALGDS",0.156207445906949,0.502095562768828,0.606,0.58,1
"MAP3K7",0.581590387378106,0.501917592798512,0.121,0.099,1
"PITPNA",0.336339411339643,-0.501916471081007,0.227,0.309,1
"MAGED2",0.36485382583375,0.501821177909286,0.303,0.272,1
"SEC14L1",0.356374863089811,-0.50158758049443,0.136,0.198,1
"SH3BP5",0.153017152696455,-0.501338178931249,0.106,0.198,1
"ILF3",0.144877182717728,0.501247467994006,0.409,0.333,1
"ATXN2L",0.618478112205627,0.500797852019839,0.242,0.235,1
"CNPPD1",0.287985931057928,-0.500658162026817,0.379,0.444,1
"CCDC57",0.470584457142687,-0.500375618159334,0.106,0.148,1
"ZMYND8",0.572571799848518,-0.500331632465172,0.106,0.136,1
"GPR89B",0.200446052762607,0.500259608353464,0.227,0.148,1
"ZFP90",0.329736574467446,-0.500189491534115,0.091,0.148,1
"NDFIP1",0.0889073392476009,-0.500125798901978,0.394,0.519,1
"SLC7A1",0.654431178567379,0.499807379641142,0.136,0.123,1
"TFB1M",0.172060381656716,-0.499280509089107,0.045,0.111,1
"ENSG00000291073",0.465852875095885,0.499027904788994,0.364,0.346,1
"AP3M2",0.792558415836088,0.498786226789848,0.121,0.111,1
"BBIP1",0.558140413314843,-0.498671609348924,0.121,0.16,1
"NSF",0.101647839504417,0.498517843810362,0.379,0.259,1
"C5orf24",0.438689706878594,0.498246316879089,0.167,0.123,1
"RAB11A",0.056039601613298,0.498207713101247,0.515,0.358,1
"HNRNPA3",0.0179645257891932,0.498196990963202,0.742,0.531,1
"CALU",0.438373121287763,-0.498079288897946,0.091,0.136,1
"ZNF800",0.387054841835532,0.49807029997248,0.303,0.284,1
"GRAMD1A",0.364804336257613,-0.496770640272957,0.091,0.148,1
"RPRD1A",0.339852983923883,0.496396155751432,0.136,0.086,1
"FOXO1",0.177792596032657,-0.496134192769108,0.5,0.593,1
"LUC7L2",0.149511324732995,0.496122110600709,0.47,0.358,1
"HRAS",0.34561808584446,0.495758091450797,0.197,0.148,1
"PEDS1",0.27478981295292,-0.495678052944977,0.136,0.21,1
"PFDN1",0.37199153801345,-0.495587641870789,0.182,0.247,1
"ATP6V1D",0.417734479552046,-0.495523914906318,0.197,0.247,1
"RAB11B",0.207303728918172,-0.494942041521348,0.227,0.321,1
"PRKAA1",0.0984085861317033,0.494792386880353,0.333,0.235,1
"ODF2L",0.581272940008449,0.494657748381688,0.227,0.198,1
"CDC42EP3",0.328252170615715,-0.4946471550974,0.318,0.383,1
"PRRC2A",0.565744455916154,0.494493379601187,0.348,0.333,1
"ZDHHC5",0.39153245703787,-0.494466206736804,0.136,0.198,1
"C11orf68",0.416421447628934,-0.494134832116287,0.121,0.173,1
"BLCAP",0.488205653002145,0.494099696216078,0.121,0.086,1
"SMIM26",0.326946804222781,-0.493978981300849,0.288,0.383,1
"ADPGK",0.694800215183853,0.493965931623184,0.197,0.198,1
"SERTAD2",0.263124293230931,-0.493870054120526,0.091,0.16,1
"NAA50",0.0309072839083674,-0.493760408892837,0.561,0.728,1
"KYAT3",0.232565502206502,-0.493713516521924,0.136,0.222,1
"ELMO1",0.211738181085057,-0.493708996708923,0.348,0.457,1
"RASSF5",0.459210553852943,0.493470130933211,0.545,0.506,1
"WDR18",0.234712864874365,0.493430048564845,0.348,0.272,1
"GIMAP5",0.0404359010415906,0.493426160332568,0.606,0.407,1
"ESCO1",0.242096358860139,0.493246072645681,0.242,0.173,1
"RPP21",0.088988380859052,0.493194283335118,0.394,0.259,1
"SZRD1",0.120118165002654,0.493144838620612,0.409,0.296,1
"MAP2K7",0.329162646504483,0.492983441895545,0.182,0.123,1
"IER3IP1",0.15258553127071,0.49297213419106,0.364,0.247,1
"IREB2",0.189507100986494,-0.492835027009849,0.121,0.21,1
"PSMC6",0.175754797212451,0.49279323948998,0.318,0.235,1
"TRIM8",0.85225471143389,0.492587297748483,0.136,0.136,1
"PAN3",0.148099209652493,-0.492501198103444,0.258,0.383,1
"FBXO3",0.109257260008678,-0.492139808273334,0.182,0.321,1
"VPS35",0.177939875365063,-0.491993273594868,0.227,0.346,1
"SNHG16",0.196983806227373,-0.491905857458015,0.394,0.519,1
"CDK6",0.0276778735935659,-0.491876300513277,0.379,0.58,1
"HACL1",0.170268345923499,0.491422801221657,0.167,0.086,1
"ZNF138",0.488913459172554,-0.491070274573906,0.076,0.111,1
"TAOK2",0.586614138657561,0.490958770910574,0.136,0.111,1
"PNKP",0.444762274143494,0.490841399913833,0.197,0.16,1
"ZHX2",0.234472231689761,0.490794639907483,0.485,0.469,1
"RBMX2",0.354632049412849,0.490697575588209,0.136,0.086,1
"TRMT1",0.471769627733059,0.490687999349893,0.106,0.074,1
"CCPG1",0.146225056869875,0.490578956456531,0.455,0.333,1
"LTN1",0.401996482649799,-0.490514251064275,0.091,0.136,1
"PCBP1-AS1",0.140648064357086,0.490332996098273,0.303,0.198,1
"ARHGEF7",0.458898026559811,0.490318357363673,0.333,0.321,1
"HM13",0.174415403567276,-0.490214662374708,0.348,0.457,1
"CHCHD5",0.291286341935818,-0.489936762669385,0.076,0.136,1
"SUPT4H1",0.225559167928234,0.489927016075769,0.5,0.444,1
"SUSD6",0.520085596444549,0.489856897155855,0.167,0.136,1
"GBP1",0.329162646504483,0.48960481212946,0.182,0.123,1
"CASP3",0.310762439922112,-0.489104336498546,0.242,0.321,1
"RNF149",0.0347247297240606,-0.489070550722916,0.53,0.691,1
"IPO7",0.216038487670962,-0.488973703304846,0.318,0.42,1
"DHX15",0.330656012734591,0.488830003960669,0.273,0.222,1
"YDJC",0.438689706878594,0.488669970882891,0.167,0.123,1
"RNF146",0.420797369914445,0.488639049871801,0.152,0.111,1
"GBP5",0.601573766625871,0.488536482555006,0.288,0.272,1
"OFD1",0.176569699522358,0.487783152710657,0.303,0.21,1
"SRF",0.654629960350142,0.487612830687753,0.106,0.086,1
"MRPL15",0.199109760545074,-0.48760723770635,0.091,0.173,1
"ERAL1",0.581590387378106,0.487439047713337,0.121,0.099,1
"MRFAP1",0.168092075908809,0.487413083379279,0.47,0.407,1
"SLC25A1",0.494176572573645,-0.487406486150622,0.136,0.173,1
"ELP2",0.320931920081489,-0.487389605501547,0.182,0.247,1
"CCDC91",0.843293184403942,0.487288808571738,0.227,0.235,1
"GIMAP2",0.374568536978006,-0.487276896942342,0.121,0.173,1
"ATL2",0.51134209503488,0.486925601542226,0.152,0.123,1
"BET1L",0.439233377197351,-0.486924437896902,0.167,0.222,1
"PSMD11",0.13949021251122,0.486750282897908,0.348,0.235,1
"CBR4",0.606520912424534,0.486717274340125,0.121,0.099,1
"SNAPC5",0.268202683001011,-0.486604672471904,0.106,0.173,1
"ENC1",0.156765698799323,0.486457521735609,0.364,0.247,1
"CA5B",0.366878491732888,0.486344033736676,0.182,0.136,1
"QKI",0.265659937736301,0.485634944367538,0.333,0.272,1
"USP7",0.203720687191321,-0.485585069754796,0.091,0.173,1
"PSMC3",0.359099794309277,0.485508100335109,0.394,0.346,1
"C21orf91",0.214740554657195,-0.485226321795909,0.121,0.21,1
"PIK3CD",0.203761689263273,0.484994846949465,0.379,0.309,1
"LRRC8C",0.603844899430335,0.484752194232048,0.273,0.259,1
"MX2",0.541208200933222,0.484683658373526,0.212,0.173,1
"SCML4",0.443667370102374,0.484629683953917,0.227,0.185,1
"RBMX",0.265252603172512,-0.484265339484813,0.288,0.383,1
"POM121",0.211445058975062,-0.483993941285136,0.212,0.321,1
"CDK2AP1",0.320993098120474,-0.483816425458006,0.061,0.111,1
"ENSG00000291136",0.231916821227413,-0.483806422346899,0.106,0.185,1
"SIK1",0.610366028619828,-0.483379668606235,0.106,0.136,1
"FAM76B",0.679846675026529,0.483138676410672,0.167,0.148,1
"IFI27L2",0.703346709704933,0.483078264270048,0.136,0.123,1
"TXNDC15",0.287863719220919,-0.483016741455459,0.136,0.21,1
"MIR142HG",0.100646526369676,0.48288375400852,0.47,0.37,1
"SYTL3",0.0567495986992518,-0.482880351545304,0.606,0.704,1
"UBAC2",0.239087561839211,0.48278180914451,0.333,0.247,1
"MRPS14",0.447321900742688,0.482678381905467,0.121,0.086,1
"ERCC3",0.520085596444549,0.482627506650997,0.167,0.136,1
"FPGS",0.491374488302317,-0.48214882025362,0.106,0.148,1
"TRAT1",0.0445965413118603,-0.482071927599883,0.47,0.667,1
"DIS3L2",0.256143235191812,-0.482040954500167,0.061,0.123,1
"PLEKHG2",0.673913011869375,-0.481507628936614,0.106,0.123,1
"GOT2",0.609196323539815,-0.48150564175745,0.136,0.173,1
"ARL2BP",0.141658502195431,0.481374938174991,0.379,0.284,1
"ANKRD13C",0.761162208858506,0.481338220366073,0.106,0.099,1
"MBD5",0.426234018914993,0.480909007244773,0.242,0.198,1
"SMURF2",0.569677587940987,0.480679717400559,0.348,0.346,1
"IFITM1",0.0364490105013477,-0.480634832046188,0.939,0.901,1
"AAR2",0.64911908345713,0.480613088627949,0.106,0.086,1
"MRPS35",0.564139764246851,-0.480606619623114,0.167,0.198,1
"YJU2B",0.333775046099935,0.480588194777735,0.242,0.185,1
"MRPS18B",0.596063482331404,0.480561842678471,0.136,0.111,1
"JAGN1",0.802176963369546,-0.480263206241668,0.121,0.136,1
"PAXX",0.230861530565816,0.480087294380852,0.53,0.457,1
"PDHA1",0.364653188382981,-0.479996518756264,0.152,0.222,1
"TRMT13",0.465782415427606,0.479465870509862,0.136,0.099,1
"FBXL15",0.549529044111252,0.478922783043019,0.136,0.111,1
"NDUFB3",0.110727784804654,-0.478612481145831,0.212,0.346,1
"DPM1",0.446965199750214,0.478352628310098,0.227,0.185,1
"PHB1",0.2023071773978,-0.478255953123012,0.182,0.284,1
"RNF113A",0.68220249080391,-0.478195413729023,0.167,0.198,1
"TET2",0.759918835724759,0.478094605355403,0.167,0.16,1
"TAF9",0.228996535999108,-0.477784576851922,0.152,0.247,1
"PATL1",0.388251925042844,-0.477501293415714,0.136,0.198,1
"GFM1",0.380106132675567,0.477460429575279,0.182,0.136,1
"ADA2",0.237429938708965,-0.477244960002947,0.061,0.123,1
"RUBCN",0.415931071350115,0.477236136243381,0.258,0.222,1
"CEP120",0.211120484409647,0.476818407633367,0.258,0.173,1
"TSPAN5",0.294252446036242,0.476764118935928,0.167,0.111,1
"PRR5",0.536718881591846,-0.476449925476407,0.152,0.198,1
"STXBP2",0.163295275508128,-0.476388418994482,0.197,0.309,1
"RNF139",0.577234817983966,0.476387203312358,0.136,0.111,1
"AAMP",0.332612539959653,-0.47611031002358,0.242,0.346,1
"ALG13",0.141858555076008,-0.475630852804379,0.182,0.309,1
"ARHGAP15",0.429656135744904,-0.475251016918356,0.515,0.556,1
"SLAMF7",0.577051741333077,0.474780548128618,0.212,0.185,1
"TOMM34",0.600814020912645,-0.474681050605915,0.106,0.136,1
"SEC23B",0.557577686228539,-0.474603574342191,0.197,0.247,1
"SUGT1",0.115703349284736,-0.474431265254552,0.258,0.407,1
"PLK3",0.171070196401418,0.474322633194785,0.318,0.21,1
"ESF1",0.635310765373278,0.473839854813811,0.167,0.148,1
"DENND3",0.335103150740538,-0.473608489264944,0.106,0.16,1
"SH2B3",0.159860724917805,0.473503545354674,0.167,0.086,1
"VPS50",0.365426984486161,-0.47335685606492,0.106,0.16,1
"FAM53B",0.165890911192558,-0.473241252969331,0.394,0.519,1
"ZBTB11",0.37173761316466,-0.473113149979313,0.167,0.235,1
"EIF2S3",0.262503105995032,0.47306874512054,0.348,0.284,1
"ENSG00000290548",0.465247623733395,0.471885371352772,0.121,0.086,1
"RNF38",0.309165870477828,-0.471728575764029,0.364,0.444,1
"RTN3",0.332615566172379,-0.471499925616983,0.364,0.444,1
"HCG17",0.916220337809707,0.471488231553586,0.106,0.123,1
"SCAMP3",0.144199981541045,-0.471080589248157,0.242,0.358,1
"NKIRAS2",0.423327443452876,-0.471040524965852,0.076,0.123,1
"GOLGB1",0.19802482247985,-0.471016672800016,0.455,0.556,1
"ARL1",0.616625161842101,0.470919989326059,0.121,0.099,1
"ZNF322",0.806730023354283,0.470758152999538,0.106,0.099,1
"TRAPPC12",0.391108639257819,0.470696607016078,0.167,0.123,1
"TGFBR3",0.133236597391732,-0.470628264724451,0.485,0.617,1
"SP110",0.207063616289545,-0.470618411680137,0.288,0.383,1
"SNX4",0.594318960533604,0.470303825033153,0.152,0.123,1
"KEAP1",0.178345573908261,0.470026639677356,0.273,0.173,1
"RPL7L1",0.562696211725321,-0.469996081452938,0.258,0.284,1
"ZNF746",0.456325347856602,0.469739425020662,0.152,0.111,1
"RAB10",0.170786664571475,-0.46966504637038,0.424,0.531,1
"SYNE2",0.0946536214341116,0.469525382224585,0.788,0.728,1
"A1BG",0.445795483659373,-0.469035047015087,0.121,0.173,1
"ZNF420",0.51197600013114,0.468906186389105,0.167,0.136,1
"LPP",0.846162097743823,-0.468725339887829,0.152,0.16,1
"ZNF428",0.4527487934205,-0.468395677566993,0.182,0.235,1
"NSFL1C",0.0873879872898691,0.468257669663518,0.364,0.247,1
"RNF187",0.312438804116222,0.468162388673055,0.212,0.148,1
"MZT2A",0.103279275941756,-0.468084482237667,0.394,0.519,1
"VKORC1",0.5308782963219,-0.467437782848226,0.258,0.272,1
"TMEM245",0.420561876923903,-0.46743637576317,0.182,0.235,1
"SEC16A",0.110805026250096,-0.467423904900717,0.121,0.235,1
"PPHLN1",0.231942301902864,-0.467269640876528,0.364,0.457,1
"INPP5D",0.270004319768093,-0.467236135129187,0.167,0.247,1
"PDCL3",0.261064024080965,-0.46715473940182,0.258,0.346,1
"AP2M1",0.0720473327846465,0.466833098084035,0.576,0.531,1
"CDK5RAP2",0.417935184656611,-0.466596430121383,0.091,0.136,1
"UCHL3",0.624250313958988,0.466282261426409,0.121,0.099,1
"MRPL54",0.186130004032482,-0.466068860342941,0.318,0.432,1
"CDK8",0.247471983111349,0.46601560902282,0.136,0.074,1
"PAF1",0.25547381672231,-0.465420543737454,0.242,0.346,1
"IER5",0.630464480936916,-0.465142646894637,0.152,0.173,1
"CLCN3",0.222261458253155,-0.464895218701676,0.106,0.185,1
"SP140",0.0820074951810104,-0.46488283237304,0.288,0.444,1
"LINC01145",0.492869488497236,0.464065145545438,0.121,0.086,1
"SF3B4",0.156787012638683,-0.464026904309381,0.379,0.519,1
"C1orf21",0.0702394345170878,0.463859481963308,0.742,0.728,1
"LRRFIP2",0.426167157205551,-0.463382850252633,0.273,0.321,1
"FCHSD1",0.30806685915717,-0.46330946508783,0.076,0.136,1
"NAGK",0.439311504300681,0.463264282933941,0.318,0.247,1
"TBC1D10C",0.178447193690235,-0.463216015723185,0.258,0.37,1
"UBR5",0.353684921252601,-0.46316456004262,0.227,0.296,1
"ITPR1",0.126938257196856,-0.463072359693427,0.348,0.481,1
"ABCE1",0.110327012617113,-0.462998147410131,0.152,0.284,1
"KRTCAP2",0.265573238557858,0.462703435881979,0.545,0.506,1
"NDUFS5",0.0404271612877571,-0.462530178328084,0.894,0.914,1
"CHD3",0.18320359723629,0.462513872149939,0.303,0.21,1
"TIMM22",0.910146633324662,0.462301601150149,0.121,0.123,1
"DCAF8",0.389577625816936,-0.46230049571705,0.182,0.247,1
"DCUN1D5",0.238720880044114,-0.46203350807593,0.182,0.272,1
"MRPS2",0.570095791785624,0.461984840354972,0.167,0.136,1
"SIN3A",0.380590517233307,0.461789883349064,0.167,0.123,1
"CCDC85B",0.394460938119928,-0.461581890077508,0.288,0.346,1
"TYW1B",0.357949971945165,-0.461483791296984,0.076,0.123,1
"MUTYH",0.34351021157049,0.461344612950322,0.136,0.086,1
"STX12",0.5898022602548,0.461226095289922,0.152,0.123,1
"ABHD18",0.254726287557298,-0.460818189629014,0.136,0.21,1
"CERK",0.17709562545074,-0.460703453958607,0.121,0.222,1
"PPP3CC",0.346553574079952,0.460642920536764,0.409,0.346,1
"PDGFD",0.986357614068913,-0.460255625728054,0.121,0.123,1
"PTPRJ",0.17406830990627,-0.460034112135634,0.621,0.704,1
"UBAP2",0.386564980489403,-0.459923048397087,0.106,0.16,1
"MRPS6",0.504741880802425,0.459729686572762,0.424,0.395,1
"STAM",0.325899576873809,-0.459669592169827,0.121,0.185,1
"HLA-DRA",0.77896210588691,-0.459424781747232,0.439,0.42,1
"ATP2A3",0.536186401065808,0.459331419080021,0.288,0.259,1
"BIN1",0.0850806205253459,-0.458650354202366,0.212,0.346,1
"SLC12A9",0.671274849421693,0.458349543013559,0.106,0.086,1
"ANXA6",0.109685859283373,0.45834614413727,0.379,0.272,1
"EXT2",0.341697673609215,0.458321763128289,0.167,0.111,1
"CCDC28A",0.239085769322756,0.458270260832596,0.318,0.247,1
"SRGAP2",0.36969874963439,-0.458184982667273,0.076,0.123,1
"ADIPOR2",0.220666117966501,0.457741826305974,0.318,0.235,1
"SCOC",0.434139355850615,0.457483068370087,0.121,0.086,1
"DYNC1I2",0.528428788548869,-0.457215333710543,0.121,0.16,1
"GTPBP6",0.85225471143389,0.457140978767736,0.136,0.136,1
"KIAA1143",0.427423712293771,0.4568865663488,0.167,0.123,1
"AKTIP",0.491374488302317,-0.456555127816339,0.106,0.148,1
"FRYL",0.0730693526243012,-0.456263964861219,0.288,0.469,1
"TXLNA",0.64911908345713,0.455944304079777,0.106,0.086,1
"MAP3K13",0.852963630754318,0.455647669570751,0.106,0.099,1
"CD2AP",0.233630002773419,0.45503265544747,0.242,0.16,1
"PRCP",0.47470321358231,-0.454980243296038,0.106,0.148,1
"CAMK4",0.447641590280719,-0.454937839509931,0.333,0.395,1
"OOEP",0.554100804400654,-0.454863199140859,0.106,0.136,1
"ZNF407-AS1",0.253177340834861,0.454402660451088,0.121,0.062,1
"ACBD5",0.727632495719186,0.454335916119904,0.152,0.148,1
"VTI1A",0.292020798611295,-0.454254422423384,0.333,0.432,1
"NECAP1",0.309641928592323,0.454148800078373,0.212,0.148,1
"DEAF1",0.835323183193119,-0.454006231589128,0.167,0.185,1
"NFKB1",0.35834183915529,-0.453934533637903,0.576,0.63,1
"HDAC4",0.575141644126879,-0.453909970807358,0.136,0.173,1
"IDH2",0.382729842142401,-0.453909049006069,0.227,0.284,1
"NUDT21",0.25262348788214,-0.453775406680961,0.288,0.407,1
"DNTTIP2",0.233340972804235,-0.453683828238823,0.515,0.593,1
"ZSWIM7",0.268866995319514,-0.453677479135533,0.091,0.16,1
"GABPB1-IT1",0.741691700684249,-0.45356301518924,0.106,0.123,1
"PRKCQ",0.0676137705147517,-0.453510434728805,0.636,0.741,1
"TBPL1",0.527544158663901,0.453330914649935,0.242,0.21,1
"ZNF92",0.384988191633985,-0.453050405661723,0.136,0.198,1
"TSEN34",0.274775395573809,-0.453004326198312,0.167,0.247,1
"PPP1R21",0.554324959195218,-0.452600328104301,0.136,0.173,1
"THAP4",0.377798107081788,0.452261425025807,0.242,0.198,1
"GBA1",0.412147793836619,-0.452061044570812,0.106,0.16,1
"TNRC6C",0.252652616037675,-0.451962557497729,0.303,0.383,1
"CTCF",0.339860849831317,-0.451953060092289,0.258,0.333,1
"UQCR10",0.0688194206880327,0.451850225390873,0.682,0.654,1
"MAP4K5",0.386671423418367,-0.451646816837824,0.288,0.346,1
"PPP6R2",0.507634791450872,0.451358504773425,0.303,0.259,1
"AP1G2",0.453015242595554,0.451348211570622,0.136,0.099,1
"STK25",0.123550765525739,-0.451175225691827,0.106,0.21,1
"SHMT2",0.478196837713295,0.451159676743108,0.258,0.222,1
"GTF3C6",0.444082125320233,-0.450789664789276,0.364,0.407,1
"NRBF2",0.5338009250818,-0.45068012672543,0.182,0.222,1
"POLE3",0.117437399842227,-0.450505789892,0.212,0.346,1
"JUN",0.243116038847943,-0.450474766183558,0.485,0.58,1
"CERS5",0.637051484384527,0.450109611145243,0.121,0.099,1
"CD5",0.372963269487716,-0.449814387670542,0.5,0.531,1
"ADCY7",0.118867507924357,-0.449655317944216,0.061,0.148,1
"NFYB",0.474622330662679,-0.44949161871901,0.076,0.111,1
"GBP3",0.507710660857991,-0.449041586863921,0.121,0.16,1
"TCOF1",0.647370320479226,0.448824773521858,0.121,0.099,1
"PPP1R12B",0.31462823964506,0.448822872747485,0.121,0.074,1
"STAMBP",0.545530678798669,0.448754994592919,0.152,0.123,1
"BCKDK",0.60574200374481,0.448677280815233,0.106,0.086,1
"ZNF827",0.471769627733059,0.448428493189343,0.106,0.074,1
"TRBC1",0.0137671899109564,0.448161205625732,0.697,0.494,1
"GRK6",0.577234817983966,0.447906991037283,0.136,0.111,1
"SNRPB",0.0142391511378693,-0.447667574757187,0.697,0.827,1
"MRPL1",0.446507816824815,-0.447438783790843,0.152,0.198,1
"WIPI2",0.203186674305344,-0.447100123436563,0.227,0.333,1
"VPS37A",0.865073825045467,-0.446898329343041,0.212,0.222,1
"VRK3",0.394237257081562,-0.446628465498899,0.167,0.222,1
"DIAPH2",0.689153571452771,0.446379818745257,0.152,0.136,1
"CREBZF",0.485799102079569,-0.446377356087288,0.242,0.309,1
"SLA",0.131293780126249,0.44619640488751,0.697,0.679,1
"PPP3CB",0.270014184414473,0.445964550554823,0.303,0.247,1
"SAE1",0.182596082500106,-0.445657254402823,0.136,0.235,1
"B3GNT2",0.361878766129387,0.445474208674705,0.439,0.37,1
"BPTF",0.180716099780607,0.445469046322969,0.5,0.444,1
"ACADM",0.439710074232832,0.445398905568633,0.242,0.185,1
"SLC38A9",0.337217792564597,0.445373743089853,0.121,0.074,1
"UXS1",0.558140413314843,-0.445344997965908,0.121,0.16,1
"TMEM50B",0.414437562361544,0.445187148487404,0.258,0.222,1
"ERCC1",0.422675224061196,-0.444875667494149,0.136,0.185,1
"HIF1A",0.177231086053784,-0.444818832628856,0.273,0.395,1
"ECPAS",0.369109116273799,0.444132289400245,0.242,0.198,1
"MRTFA",0.837783280009774,0.443305152039962,0.182,0.185,1
"SRP19",0.177427623345125,-0.443243436646295,0.242,0.346,1
"STX2",0.242937942679372,0.443127862571736,0.152,0.086,1
"SH3BGRL",0.0510759428288175,-0.443105293194704,0.273,0.469,1
"UBXN7",0.233630002773419,-0.442761748952639,0.152,0.235,1
"SLC35E1",0.983648384251078,0.442736869935476,0.167,0.185,1
"HUS1",0.717970346440652,0.442664025729906,0.121,0.111,1
"LAGE3",0.516022535243299,0.442359767621102,0.167,0.136,1
"NOC2L",0.404821945028567,-0.441908736274098,0.136,0.198,1
"ANKLE2",0.255175485076316,-0.441431240241961,0.227,0.321,1
"SHC1",0.53796441216243,-0.44116368627686,0.091,0.123,1
"TTI1",0.335421383063937,0.440928072541444,0.182,0.123,1
"SRSF3",0.195409058046626,-0.440923691542749,0.439,0.593,1
"SRSF8",0.531999788068575,0.440783900299607,0.212,0.185,1
"KCTD20",0.232385761119077,-0.440022390040894,0.303,0.42,1
"CD160",0.803388854375533,0.439777927300668,0.121,0.111,1
"UPRT",0.638155003336428,0.439292595133634,0.106,0.086,1
"RAB7A",0.181676656353902,-0.439114727692699,0.485,0.63,1
"MAP7D1",0.947899399626155,0.43896112694235,0.333,0.395,1
"ARHGAP31",0.264068147822813,0.438830032253111,0.227,0.16,1
"EFR3A",0.373360096719046,-0.438644641835822,0.288,0.358,1
"CTSA",0.779021520676609,0.43860714149444,0.136,0.123,1
"USF1",0.393905248687413,-0.438325010836963,0.076,0.123,1
"CSNK1E",0.488913459172554,-0.438296692612587,0.076,0.111,1
"ACTR3",0.176950683418096,0.438257502120448,0.606,0.654,1
"CDIPT",0.218124393886974,-0.438228343721715,0.167,0.272,1
"CCDC90B",0.34868490457637,0.438002794689726,0.212,0.16,1
"VEZF1",0.179914559699091,0.437953654722926,0.348,0.272,1
"AXIN1",0.33353870448094,-0.437786627391441,0.121,0.185,1
"ABHD14B",0.194301774081763,-0.43776809431671,0.212,0.333,1
"KLF3",0.360505520931329,0.437674319480787,0.394,0.358,1
"CEMIP2",0.0502793626622999,-0.437534373612284,0.424,0.593,1
"MT1E",0.310238188117607,0.437531260604369,0.318,0.247,1
"PSMD10",0.600232335137456,0.437372288663683,0.212,0.185,1
"KRCC1",0.713023993559454,0.43679602804782,0.212,0.198,1
"NDUFA4",0.0642600116070171,0.43665700182167,0.697,0.605,1
"POLR2F",0.426556132301897,-0.436621072730988,0.288,0.346,1
"CNN2",0.376529840848102,-0.435886597298616,0.515,0.605,1
"COPS9",0.14581566414832,-0.435886402205067,0.318,0.469,1
"ENSG00000267364",0.487498381008301,0.435561923273071,0.136,0.099,1
"NAA20",0.269424707163831,-0.435257479696313,0.182,0.272,1
"DCTN6",0.71770943882986,-0.434743563426075,0.182,0.21,1
"DNTTIP1",0.238309144359161,0.434660084201459,0.288,0.21,1
"IRAK4",0.548981720002932,0.434624488404795,0.167,0.136,1
"BCAS3",0.368783666933433,-0.434302398574037,0.167,0.235,1
"RBL1",0.457248869306756,0.43386179917776,0.136,0.099,1
"CHM",0.765661076678957,0.433553419927599,0.121,0.111,1
"ARHGAP9",0.027192498863676,0.433521726213226,0.758,0.654,1
"NBPF1",0.478949828090631,0.43323457149675,0.121,0.086,1
"NOL10",0.547515517470056,-0.433207911987724,0.091,0.123,1
"MED29",0.776388142003961,0.433178576921095,0.121,0.111,1
"ABCG1",0.705656245925368,0.433004013861385,0.182,0.173,1
"KDM4B",0.492199199552693,0.432616933351397,0.182,0.148,1
"PPIL2",0.585301444567893,-0.432449816088444,0.121,0.148,1
"M6PR",0.324961194877796,0.432376222142424,0.318,0.259,1
"AGPAT4",0.0533722879948893,0.432305244656089,0.47,0.296,1
"SUFU",0.64911908345713,0.432283312538564,0.106,0.086,1
"MTO1",0.97043104393934,-0.432193003900514,0.106,0.099,1
"SASS6",0.481565250068067,0.431819105371306,0.106,0.074,1
"CHIC2",0.324864024424993,-0.431666586944766,0.364,0.481,1
"IKBKB",0.577234817983966,0.431642400940099,0.136,0.111,1
"UMPS",0.324864112413113,-0.431510524380962,0.061,0.111,1
"ATRN",0.811536655245928,-0.431443168500727,0.106,0.123,1
"NCAPH2",0.503932872403382,0.43126424282237,0.167,0.136,1
"MACO1",0.337609009533733,-0.430849274698599,0.212,0.296,1
"TSR3",0.364765767739915,0.430828220215028,0.258,0.198,1
"RAB5A",0.391399170477529,0.430596400907742,0.303,0.247,1
"DERL1",0.427437136775537,-0.430363337005188,0.273,0.346,1
"SLIRP",0.149450937677722,0.430203903519617,0.394,0.284,1
"MFSD5",0.631186948322918,-0.430195081079221,0.136,0.16,1
"ZNF593",0.521831009140282,0.430158802920711,0.106,0.074,1
"ITGA4",0.184697204688709,-0.429836527347361,0.652,0.741,1
"GUK1",0.00581841113490215,-0.4296821745929,0.788,0.951,1
"NUTM2A-AS1",0.296416510338351,0.429676099224155,0.439,0.358,1
"TOM1",0.592055718523621,-0.429541047331518,0.136,0.173,1
"HIRA",0.450289471590389,-0.429519006557125,0.106,0.148,1
"DPYD",0.0663730351462315,-0.429488902096246,0.182,0.346,1
"GTF2H1",0.335016830337963,0.42938829783759,0.227,0.173,1
"GIGYF2",0.398183071483647,0.429199363623818,0.212,0.16,1
"EOMES",0.425148231633289,-0.429114438148712,0.47,0.481,1
"USP24",0.348419813191828,-0.429096778643652,0.258,0.321,1
"S1PR4",0.136250893531296,-0.428906303448005,0.606,0.691,1
"MAP4K4",0.118593471488306,-0.42801909085151,0.303,0.469,1
"GAR1",0.438373121287763,-0.42772412223587,0.091,0.136,1
"PLPBP",0.306533955247899,-0.427603045268736,0.091,0.148,1
"ANXA2R",0.613447941969767,-0.427344875844581,0.136,0.16,1
"EI24",0.528497678551754,-0.427224271453544,0.091,0.123,1
"CSGALNACT2",0.32805723007737,0.427159110175491,0.455,0.407,1
"ABLIM1",0.111600100286535,-0.42704136785469,0.682,0.79,1
"CLNS1A",0.772893146382752,0.42702657784257,0.212,0.222,1
"FKBP11",0.730297813007798,-0.426880855859984,0.091,0.111,1
"NOTCH2NLC",0.806413281301823,0.426873908721971,0.121,0.148,1
"SLU7",0.264333503344209,-0.426534032767497,0.227,0.333,1
"BIN2",0.269627800123728,0.426270550099125,0.455,0.383,1
"UBA6",0.676133870547574,0.426259019075054,0.197,0.185,1
"NOP2",0.377833039017384,-0.426240357900945,0.182,0.235,1
"SDE2",0.433857697842822,0.426074351333909,0.227,0.185,1
"DESI2",0.499858304866576,0.425934997799072,0.182,0.148,1
"ZNF490",0.68618500777586,-0.425884549970326,0.091,0.111,1
"NNT",0.665259388041982,-0.425848972087661,0.152,0.173,1
"ZBTB43",0.603289025803136,-0.425368171521865,0.258,0.296,1
"DDX21",0.338835306496436,-0.425233666804957,0.439,0.519,1
"NADK",0.50343326959847,-0.424988664081864,0.076,0.111,1
"YES1",0.432272215190126,0.424801276961856,0.182,0.136,1
"NSMAF",0.574541498969805,0.424114004239649,0.212,0.198,1
"PLIN2",0.38296814269288,-0.424017807431849,0.197,0.259,1
"ANP32B",0.0953338348981539,0.423849863191752,0.606,0.457,1
"PDE12",0.53478948828359,-0.423621065570054,0.152,0.198,1
"TMEM43",0.308707416237282,0.423522247225317,0.576,0.494,1
"AVEN",0.507710660857991,-0.423441239435967,0.121,0.16,1
"CEBPZOS",0.1809120414712,-0.423172120311877,0.136,0.222,1
"SLA2",0.0749681774600692,-0.423012959416348,0.591,0.691,1
"CSNK1G1",0.187446225481694,-0.422604016552923,0.197,0.309,1
"MAN2B1",0.401062987764331,-0.422522845174016,0.106,0.16,1
"MRPL52",0.574970687513463,0.422481721201939,0.303,0.309,1
"RBM8A",0.26335105428036,-0.422452867740966,0.606,0.704,1
"ZNF568",0.493728183214006,-0.421807425616158,0.076,0.111,1
"BAZ2A",0.401851571795601,0.421704164315842,0.318,0.272,1
"BBLN",0.0926423771899168,0.42170356207483,0.576,0.444,1
"PTPN7",0.820721382506447,0.421547962787248,0.212,0.21,1
"TMEM267",0.51160477129979,0.421443394418672,0.106,0.074,1
"MAPRE2",0.271969445033819,0.421412909956314,0.621,0.642,1
"NFATC1",0.505207744930866,-0.420994101082686,0.091,0.123,1
"HMGXB4",0.497557094481311,0.420994045019961,0.121,0.086,1
"SCLT1",0.0653331628371178,0.420927149747879,0.273,0.16,1
"MSH6",0.643627346612065,0.420910094385424,0.106,0.086,1
"RAB22A",0.0424641009542072,0.42038993438803,0.545,0.407,1
"HDGF",0.103451350327222,0.420160235415768,0.606,0.531,1
"NUP210",0.397465311770725,-0.420076939510311,0.152,0.198,1
"CHMP2B",0.347295105257504,-0.41981166720541,0.136,0.21,1
"FDPS",0.454269390814849,-0.419583099519064,0.212,0.259,1
"PPM1K",0.349795801893918,-0.419576265349744,0.212,0.309,1
"GOLGA1",0.225503817217209,-0.419147512624685,0.061,0.123,1
"CCL4",0.793476339958692,0.419119983500804,0.47,0.469,1
"NUBP2",0.899126413132657,0.419064808695227,0.212,0.222,1
"ARPP19",0.211857639723523,-0.418922492022981,0.303,0.407,1
"RPA3",0.177426999413082,0.418736942967052,0.348,0.259,1
"STARD3NL",0.225939971383722,0.418664766727481,0.212,0.136,1
"FAM136A",0.603926465368142,0.418343566508145,0.227,0.198,1
"NUP54",0.230053277212785,-0.417862090738859,0.167,0.259,1
"GLUD1",0.211828748009735,0.417547102121392,0.545,0.494,1
"PISD",0.475665226121702,0.417251146367741,0.212,0.173,1
"TIPRL",0.408046598437003,-0.417227137367418,0.227,0.284,1
"NOTCH2",0.341294730291745,-0.417188687930987,0.121,0.185,1
"FRAT1",0.474358097700217,0.417140417264956,0.121,0.086,1
"BICD1",0.941649393625344,-0.417095263348519,0.182,0.173,1
"PELI1",0.541063138739852,-0.417043200139565,0.121,0.16,1
"CBFA2T2",0.308863250822876,-0.417013622263073,0.106,0.173,1
"MIB1",0.584261600456174,-0.41698761892445,0.106,0.136,1
"FIBP",0.515364281646547,0.416978751987115,0.182,0.148,1
"IL17RA",0.282280384060075,-0.416939135958608,0.106,0.173,1
"TRIM33",0.360599695068034,-0.41687441562494,0.227,0.309,1
"B3GLCT",0.673393038563939,-0.416760142914725,0.121,0.148,1
"MESD",0.222369745874227,0.416759499280291,0.288,0.198,1
"NDUFB2",0.223425602134663,-0.416332578085826,0.439,0.543,1
"JAK2",0.277371615219246,0.415601436563323,0.212,0.148,1
"CRLF3",0.363170021602201,-0.41550064921739,0.197,0.259,1
"SCYL1",0.577234817983966,0.415117438504946,0.136,0.111,1
"HARS2",0.661860287639029,0.415051325478069,0.182,0.16,1
"NDUFAF6",0.428549022503827,0.414711034508016,0.152,0.111,1
"PLEC",0.501848129500611,0.414609322000532,0.242,0.198,1
"ATP6V1B2",0.352749920713111,-0.414330584807174,0.152,0.222,1
"OASL",0.0315587218346332,0.414196384671785,0.924,0.778,1
"PRMT2",0.11897045148402,0.413593943864727,0.652,0.58,1
"KDELR1",0.190020411428648,-0.413310856279404,0.182,0.309,1
"SEC13",0.0719532195317363,0.413141701210249,0.47,0.346,1
"GATD3",0.616625161842101,0.412973247052724,0.121,0.099,1
"EPS15L1",0.822123936161334,-0.412828201094223,0.152,0.16,1
"ETHE1",1,0.412706185359579,0.167,0.185,1
"NORAD",0.366177976257172,-0.412648566842581,0.182,0.259,1
"SND1",0.281923897154837,-0.412621211113167,0.197,0.284,1
"FYB1",0.604348951902678,-0.412491321254415,0.409,0.432,1
"ENSG00000291107",0.551144057312957,0.412418451619893,0.182,0.148,1
"ZC3H12D",0.71354269691662,-0.412161161519285,0.136,0.16,1
"PLAC8",0.699172281684534,-0.412154991880535,0.136,0.111,1
"MRTO4",0.660159720643822,0.412066964253995,0.106,0.086,1
"SENP7",0.353280487975664,-0.412026585466801,0.136,0.198,1
"ZNF737",0.682462355420746,0.411743003273597,0.106,0.086,1
"STX6",0.313849166551502,0.411639869567597,0.182,0.123,1
"CCDC6",0.418377544853501,0.411633693325798,0.197,0.148,1
"PNRC2",0.084752406585939,-0.411328203368646,0.288,0.432,1
"CHP1",0.637051484384527,0.41115341954065,0.121,0.099,1
"MZT2B",0.00648047343109319,0.410997506147137,0.864,0.63,1
"APOBEC3D",0.610366028619828,0.410995091762328,0.136,0.111,1
"REXO2",0.38240681292938,-0.41090763356404,0.212,0.259,1
"ENSG00000288528",1,0.410834657592858,0.121,0.123,1
"AIMP1",0.174789746975488,-0.410786365040561,0.152,0.259,1
"OGA",0.204693881318814,-0.410763594903355,0.364,0.469,1
"RAB30",0.484124146730128,-0.410707817439917,0.076,0.111,1
"MED15",0.192081218100476,0.410633036300136,0.485,0.407,1
"FNBP1",0.029128733882869,-0.410584774554732,0.803,0.864,1
"SLMAP",0.79438885943399,0.410489035580028,0.242,0.247,1
"PDIA3",0.0953855854345306,-0.41041640682335,0.712,0.84,1
"HTRA2",0.391773963088555,0.410406767194445,0.212,0.16,1
"GRHPR",0.648438566136965,-0.410405425136037,0.091,0.111,1
"NAA10",0.159453436477058,-0.410367354151888,0.106,0.21,1
"IQCB1",0.240605276096319,-0.410349157850973,0.106,0.185,1
"RNF166",0.257134283441229,-0.410131646844191,0.273,0.37,1
"METAP2",0.300370410043396,-0.410063813188891,0.288,0.383,1
"ENSG00000290683",0.486504254109476,0.409804113203534,0.106,0.074,1
"AIM2",0.522948661437923,0.40967692171317,0.227,0.185,1
"PSMB3",0.290357548555979,-0.409449400293426,0.515,0.593,1
"HPCAL1",0.0939735258830472,-0.409179792271884,0.061,0.148,1
"BMAL1",0.923942328236476,0.409133511271791,0.152,0.16,1
"PHLPP2",0.398030976543999,-0.409039046305649,0.076,0.123,1
"SPG21",0.537990311536438,-0.409032875182386,0.152,0.185,1
"PARP1",0.25843563992384,0.409025323745032,0.258,0.185,1
"TOP1",0.683149110605049,0.408896896622717,0.379,0.395,1
"WBP2",0.30086843363677,0.408838156813482,0.333,0.259,1
"CS",0.344428744813465,-0.408426490233589,0.121,0.185,1
"PAIP2",0.0689925846588592,0.408208733275626,0.788,0.728,1
"AP2B1",0.170187477960677,-0.408000749309917,0.288,0.444,1
"ACBD3",0.202599189824616,-0.407938025386145,0.167,0.272,1
"LARP4",0.244042843382886,-0.407788459445336,0.136,0.222,1
"PHF21A",0.274775395573809,-0.407738260934865,0.167,0.247,1
"LSM1",0.379474128173261,-0.407522234684428,0.273,0.346,1
"WDR45",0.586167132352439,0.407343979884501,0.333,0.321,1
"TASP1",0.257176971735851,-0.407280173771479,0.136,0.21,1
"MAPKAPK2",0.281806334878067,-0.407210280136386,0.333,0.383,1
"SUPT3H",0.358544460820884,-0.40720657441366,0.106,0.16,1
"CALCOCO2",0.627975608299944,-0.407132761115622,0.273,0.309,1
"C18orf32",0.523047814076474,-0.406960485029412,0.227,0.272,1
"RTRAF",0.225847119610349,-0.406757909439398,0.515,0.617,1
"PARP4",0.773780285213012,0.406723839656327,0.167,0.16,1
"CLEC16A",0.492199199552693,-0.40659046699091,0.136,0.185,1
"CWF19L1",0.504081329615857,-0.406546464545695,0.106,0.148,1
"FAM193A",0.476790339133111,0.40635660791077,0.197,0.16,1
"ULK1",0.561997630173528,-0.406219025653216,0.091,0.123,1
"FASTK",0.813958821038128,0.40607646199939,0.152,0.148,1
"N4BP1",0.254706078075934,0.405944594511379,0.545,0.494,1
"PAPOLG",0.471749636956294,0.405866360069963,0.258,0.222,1
"CMTM3",0.260633431738025,-0.405831955288855,0.167,0.247,1
"ANKRD44",0.068155459866754,-0.405513132523147,0.53,0.679,1
"COPE",0.137845715011044,-0.405329094802496,0.545,0.642,1
"TFDP2",0.514775501135049,-0.405090161459139,0.273,0.333,1
"MMS19",0.470082142713509,0.405012089832053,0.136,0.099,1
"MRPL32",0.220323626273524,-0.40490798716817,0.182,0.296,1
"TMEM134",0.508323324351631,-0.404871348205905,0.076,0.111,1
"ORMDL1",0.264692020873225,0.40472012877432,0.394,0.346,1
"ARPC5L",0.0804990442279933,0.404575753382095,0.515,0.42,1
"CCR7",0.370577522656229,-0.404550607299352,0.379,0.457,1
"PRPF40A",0.426071603237196,0.404480016419325,0.439,0.457,1
"MAPKAPK5",0.54743540281399,-0.404424557977067,0.121,0.16,1
"B4GALT5",0.768557783587208,-0.404412496732003,0.182,0.21,1
"MTF1",0.5624503242366,-0.404265785941467,0.121,0.16,1
"WDR13",0.671274849421693,0.404189116983819,0.106,0.086,1
"DENND4C",0.245033451276072,-0.404153685006877,0.227,0.321,1
"SLC25A38",0.426184673969803,-0.404149538254819,0.136,0.185,1
"SDHB",0.49017784466446,-0.404066118593924,0.303,0.383,1
"DUSP5",0.0805852454703237,-0.404056740927302,0.045,0.136,1
"STX8",0.366878491732888,-0.404050159773572,0.121,0.185,1
"MTMR12",0.877950167530688,0.404036444397155,0.136,0.136,1
"NISCH",0.397408209812728,-0.40378609535949,0.106,0.16,1
"XPR1",0.498358122168775,-0.403708844472965,0.197,0.247,1
"ATXN10",0.709256762623318,0.403462197072599,0.242,0.235,1
"ERFL",0.956914609840038,0.403241648291601,0.106,0.111,1
"DERL2",0.576598669662182,0.403174520490773,0.318,0.296,1
"TMEM33",0.49029457827178,-0.403149196161689,0.136,0.173,1
"DDIT4",0.185782333674265,-0.402834259237758,0.348,0.457,1
"HDAC3",0.661860287639029,0.402681231715152,0.182,0.16,1
"PRDX6",0.118411319983611,-0.402534178645868,0.455,0.617,1
"MRPL36",0.416376694185778,-0.402418308895246,0.167,0.222,1
"MMP24OS",0.253441647771226,-0.402412591056588,0.197,0.272,1
"TNRC6A",0.389972049488812,-0.402252562209878,0.303,0.383,1
"PPID",0.681431666889977,0.402220416281126,0.227,0.222,1
"EBP",0.417785918741458,0.402203502052931,0.212,0.16,1
"AKIRIN1",0.488126417198488,-0.402135202680703,0.379,0.432,1
"COPB2",0.20008845690191,-0.401578336032365,0.364,0.469,1
"NEDD8",0.133898229826678,0.401493702796779,0.545,0.457,1
"MATK",0.905031611381241,0.401354207383255,0.288,0.321,1
"SEC11A",0.285394481522776,-0.401316063733338,0.288,0.395,1
"SDHC",0.122811458893439,-0.401078401547266,0.258,0.407,1
"PFDN4",0.422834509034422,-0.401013410722975,0.167,0.222,1
"ASCC3",0.342051598454333,0.400925312902164,0.318,0.259,1
"METTL15",0.419637562010292,-0.400589243609043,0.106,0.16,1
"GABARAPL2",0.126063682278876,0.400579223376043,0.515,0.444,1
"ASXL1",0.380987834211262,0.400401942477745,0.258,0.222,1
"SLC25A32",0.471792445136625,0.400238813220055,0.242,0.222,1
"MRPL20",0.36961203432562,0.40019591798012,0.47,0.444,1
"TRIM38",0.577536338182612,-0.400097449478615,0.197,0.222,1
"DPM3",0.235683385751192,-0.400011038948333,0.091,0.16,1
"ZNF32",0.488205653002145,0.39989605517388,0.121,0.086,1
"MBTD1",0.632702303992453,0.399596101919193,0.106,0.086,1
"ABITRAM",0.393905248687413,-0.399571488684261,0.076,0.123,1
"ABI2",0.207207366145956,0.399550006508188,0.121,0.062,1
"VAMP8",0.249086774414297,-0.399342726992523,0.333,0.469,1
"CLPTM1",0.154758797322539,-0.399127183508578,0.182,0.309,1
"ARL14EP",0.553173496339114,0.398878959879054,0.167,0.136,1
"SNHG17",0.889917309989118,0.398636091494436,0.167,0.198,1
"TRAPPC2L",0.314123918511958,-0.398554659088237,0.167,0.235,1
"YJU2",0.754978762137828,0.398266688867287,0.121,0.111,1
"MYD88",0.593943435127572,-0.398244169260732,0.197,0.247,1
"SART3",0.818520031121134,-0.398124293267673,0.227,0.247,1
"UBE2H",0.300551250429874,0.398071074312278,0.303,0.235,1
"NDUFS6",0.24971568142965,-0.397895776880638,0.409,0.531,1
"ANKHD1",0.266037135142911,-0.397695465035714,0.394,0.519,1
"BICRAL",0.389577625816936,0.397558584765227,0.242,0.198,1
"ANO6",0.852254323056297,0.397361718244824,0.136,0.136,1
"PLEKHO1",0.349548929210207,-0.397175060147118,0.242,0.321,1
"ITGA5",0.140513035251823,-0.397159778397465,0.273,0.395,1
"RING1",0.447837519376197,-0.397134698121541,0.227,0.284,1
"NOP53",0.0409815848459191,0.396774279747794,0.924,0.877,1
"FGR",0.693720076539983,0.396742142007196,0.106,0.086,1
"EEA1",0.605065923880811,-0.396714757524498,0.182,0.222,1
"CENATAC",0.586614138657561,0.396573705619087,0.136,0.111,1
"CSTF2",0.81247593119911,0.396462371935166,0.106,0.099,1
"SNAP29",0.246952096565039,-0.39590004180258,0.106,0.185,1
"ARHGEF3",0.180459953601916,0.39560205776034,0.394,0.284,1
"BRMS1",0.661860287639029,0.395119188066903,0.182,0.16,1
"PTCD3",0.793012999595933,0.394990796292886,0.182,0.185,1
"ARID4A",0.394150753356579,0.39496362781619,0.303,0.247,1
"RBM42",0.496558745218007,-0.394693325648842,0.303,0.346,1
"ZYX",0.451702545776862,-0.394690599311942,0.455,0.531,1
"FBRSL1",0.515946437131328,-0.394398752040996,0.121,0.16,1
"OTUD4",0.407504273735146,-0.394346463398143,0.212,0.272,1
"GATA3",0.312734027332705,-0.393893809278589,0.212,0.296,1
"C11orf98",0.308252118192085,-0.39367235984831,0.318,0.432,1
"PARP6",0.919320491418326,-0.393490535696666,0.136,0.136,1
"MT-ND5",0.0114149724140463,0.393349896580841,0.955,0.926,1
"CD3G",0.115103275143762,0.393121664119281,0.788,0.642,1
"CST7",0.0232953662526753,-0.393061742356612,0.955,0.975,1
"CCT4",0.0660967573392003,0.39305291674041,0.47,0.296,1
"H4C3",0.05100194345498,-0.392977182398255,0.742,0.815,1
"WHRN",0.42546547866971,0.392805064157055,0.288,0.235,1
"ZNF148",0.245978997937982,0.392388558429023,0.333,0.247,1
"MRPL42",0.703346709704933,0.392287034313584,0.136,0.123,1
"HNRNPU",0.11362348323756,0.392173779569137,0.818,0.716,1
"STT3A",0.498824919039207,-0.392131475683574,0.152,0.198,1
"CBX1",0.732349909002213,-0.392075648668433,0.136,0.16,1
"NOLC1",0.296825572513767,0.392010143654579,0.394,0.346,1
"MTHFD2",0.542614370683393,0.391958944790961,0.227,0.198,1
"FLT3LG",0.37792265977134,-0.391908655252792,0.242,0.321,1
"RP9",0.848610869639156,-0.391848653324738,0.106,0.111,1
"LENG1",0.407914330319192,0.391750314339372,0.212,0.16,1
"TOPBP1",0.477953907089134,0.391707422316119,0.273,0.222,1
"ZWILCH",0.496143459871625,-0.391684537307435,0.076,0.111,1
"PHC3",0.616447222260025,0.39164638741029,0.424,0.432,1
"SEC23A",0.662975959408092,0.391554084163854,0.121,0.099,1
"CHMP4B",0.645110199455868,-0.391535199684246,0.273,0.284,1
"PRDX1",0.170367117036431,-0.391299190782602,0.455,0.58,1
"DCAF6",0.537941445407711,-0.391229399235988,0.136,0.173,1
"BLOC1S6",0.754668254092784,0.391206802308116,0.212,0.198,1
"ARMC10",0.516704781226136,0.391178533957151,0.106,0.074,1
"EXOSC7",0.955703511546463,-0.391168195825935,0.136,0.136,1
"WDR20",0.491617788769552,-0.390991785253459,0.197,0.247,1
"RBM28",0.557380900528679,0.390962230777236,0.167,0.136,1
"FAM120B",0.865468744134222,-0.390605446896737,0.303,0.309,1
"USP34",0.0622232062629194,-0.390392219274232,0.424,0.63,1
"SEC24A",0.357610529466306,-0.390355015578133,0.091,0.148,1
"LTA4H",0.727526676220584,-0.390352181649406,0.167,0.185,1
"MAP3K5",0.809092250639151,0.390314356302882,0.152,0.148,1
"CKAP2",0.29840365631234,-0.39010878716914,0.212,0.296,1
"LPXN",0.0790695339518351,-0.390064974326882,0.621,0.728,1
"HSP90AA1",0.0612524758982169,-0.38995172401773,0.864,0.975,1
"CTPS1",0.434240176601502,-0.389890492614889,0.091,0.136,1
"RNPS1",0.0810419097789304,-0.389858164016357,0.515,0.617,1
"SLC33A1",0.688082576053234,0.389730460010545,0.106,0.086,1
"C14orf119",0.203712919921856,0.389503937163025,0.379,0.284,1
"ETV6",0.338583023007334,-0.3890949482623,0.182,0.259,1
"POLR2K",0.459681480779986,0.389076296136984,0.455,0.469,1
"ENSG00000290922",0.461006817928442,-0.388791639404992,0.182,0.235,1
"ACTB",0.689760043902645,0.388784382380926,1,1,1
"RAP2B",0.680059815405791,-0.388521614628665,0.348,0.37,1
"JAML",0.794294690164995,0.388472384804781,0.242,0.235,1
"ZC3H8",0.313051870875103,-0.38841259231004,0.152,0.222,1
"ANKRD13D",0.375373878473128,-0.388012196434686,0.212,0.284,1
"NAA35",0.615167170061505,0.387867245397288,0.136,0.111,1
"UFD1",0.73978117742088,-0.387582618107944,0.333,0.346,1
"SKIC3",0.617135854779026,-0.387491263568355,0.121,0.148,1
"PGAP1",0.223147002311315,0.387285433577941,0.273,0.185,1
"R3HDM1",0.948606051380956,0.387243746144861,0.182,0.21,1
"C1GALT1C1",0.342654921560383,-0.387100069124492,0.076,0.123,1
"TXNDC12",0.466216693666526,-0.38698938091609,0.167,0.222,1
"CWC15",0.0217323343402984,-0.386758315097354,0.227,0.432,1
"SMARCD1",0.197910603827118,-0.386654776060383,0.197,0.296,1
"LDHB",0.0725919375571367,-0.386556492040822,0.47,0.654,1
"PPP1CC",0.63387036289022,-0.386545288506778,0.348,0.358,1
"GOSR1",0.211589038004879,0.386392330983935,0.303,0.21,1
"MAP3K14",0.613514663120395,0.386084554374473,0.167,0.148,1
"NDUFV1",0.316205190591504,-0.385965031485865,0.182,0.259,1
"BST2",0.674597726048609,0.385851330500427,0.273,0.272,1
"RECQL",0.223133389393003,0.385747077295567,0.318,0.222,1
"EIF4E3",0.318973367506661,0.385660721796918,0.242,0.185,1
"KAT6A",0.102456435652398,-0.385594297972924,0.53,0.765,1
"IRF2",0.577536338182612,0.385441618090951,0.227,0.198,1
"ZNF260",0.50343326959847,-0.385366977526097,0.076,0.111,1
"ENSG00000291214",0.341249754972776,0.384970706673282,0.364,0.309,1
"AAGAB",0.414963827756752,-0.384194544107312,0.136,0.198,1
"NCALD",0.771372134247233,-0.384076837803987,0.106,0.086,1
"APOBEC3G",0.0243789656469588,0.383866780798613,0.955,0.815,1
"MARK3",0.302786664111027,-0.383785473520158,0.273,0.346,1
"EEIG2",0.17286407461396,-0.383756767768604,0.545,0.642,1
"RAC2",0.160874036347444,-0.383718384811942,0.576,0.691,1
"ZNF331",0.277128913528803,-0.383562532838346,0.288,0.346,1
"ARL8A",0.406397078639187,-0.383530185697262,0.212,0.284,1
"OSTF1",0.734635925462073,-0.383397875761312,0.424,0.432,1
"POLR3C",0.596063482331404,-0.383318196406655,0.106,0.136,1
"ARHGDIA",0.123553985888698,-0.383275657773095,0.576,0.753,1
"CCT5",0.180261863904702,0.383062738389162,0.455,0.321,1
"UTP6",0.623498020911581,0.383056048634724,0.182,0.16,1
"UTP11",0.71577988484295,-0.383046737691063,0.121,0.136,1
"RPS27L",0.203845876827795,-0.38301572594347,0.333,0.469,1
"HK1",0.520090161478086,-0.382990541748775,0.121,0.16,1
"SNX29",0.393905248687413,-0.382953698733232,0.076,0.123,1
"ARID1A",0.314959116854066,0.382881918133319,0.318,0.247,1
"GLYR1",0.332002619746038,-0.382781293243332,0.121,0.185,1
"HEBP2",0.763087924737938,0.38264781101381,0.212,0.198,1
"NDUFB5",0.776407188782288,0.382632117590117,0.182,0.173,1
"MTHFS",0.511530912637154,-0.382453765777805,0.167,0.21,1
"CIAPIN1",0.69027743969541,-0.382385402079977,0.136,0.16,1
"C1orf43",0.0986132708733518,0.382174528961927,0.53,0.383,1
"RBM15B",0.35488482800603,0.381997963507737,0.258,0.21,1
"SOD1",0.132931683508701,-0.381840825940393,0.682,0.815,1
"SOCS4",0.552322321330767,-0.381746215075569,0.091,0.123,1
"XBP1",0.408239829574387,-0.38169392547918,0.333,0.407,1
"AKAP13",0.0254051381099847,-0.381549786390697,0.864,0.901,1
"TRAPPC5",0.251076023046492,-0.381364883866227,0.242,0.358,1
"SLC16A1",0.440383482684583,0.381236106250547,0.227,0.185,1
"CHMP1A",0.369109116273799,0.381223629570731,0.242,0.198,1
"CDCA4",0.919320491418326,-0.380905339226154,0.136,0.136,1
"VOPP1",0.534954314094062,-0.380667365376762,0.318,0.358,1
"TTC33",0.776407188782288,-0.380609992428699,0.167,0.185,1
"ARIH2",0.177275989470668,0.380139786463544,0.439,0.321,1
"NDUFC2",0.622261118501378,-0.379990494199742,0.409,0.469,1
"ACTR1A",0.42546547866971,-0.379813975777887,0.227,0.284,1
"LINC00623",0.296850844364265,-0.379738372178913,0.106,0.173,1
"EIF2S1",0.309780792445752,-0.379704953835466,0.167,0.247,1
"INTS8",0.882602800894238,-0.37952658960689,0.106,0.111,1
"MRPS24",0.375267035038812,-0.379480733389607,0.227,0.321,1
"ITPA",0.279453407753672,-0.379416772281039,0.167,0.259,1
"P2RY8",0.20161302502979,-0.379401656592874,0.758,0.827,1
"IARS1",0.559024325634409,0.379096354733199,0.227,0.198,1
"RANBP2",0.351628851220281,-0.378868221591951,0.576,0.691,1
"ABT1",0.232335644167823,0.378344693285075,0.394,0.309,1
"RYK",0.63193988796807,-0.378252508446527,0.152,0.185,1
"ATRX",0.331453585013013,-0.377568394646866,0.409,0.519,1
"EIF5B",0.241549187594233,-0.377387799658442,0.455,0.556,1
"NDUFAF2",0.745923111900628,-0.377383061326316,0.121,0.136,1
"RPL22L1",0.434118871777958,-0.377097896868542,0.364,0.432,1
"EXOC5",0.392776648940171,0.376985015559265,0.242,0.185,1
"PPP2R5E",0.31349234073656,0.37687080249374,0.318,0.272,1
"PELP1",0.674075794058833,-0.376773619783435,0.152,0.173,1
"PEX3",0.580010802781736,0.376319757591791,0.197,0.16,1
"DNAJC1",0.263793922143619,0.37584307948927,0.636,0.543,1
"SURF2",0.761215682574947,0.375740743761638,0.227,0.222,1
"MHENCR",0.505662552104623,0.375628489852866,0.167,0.123,1
"PRDM1",0.177062513856823,-0.37555232418055,0.136,0.235,1
"TMEM147",0.753522191582306,0.375492181464534,0.136,0.123,1
"VAMP5",0.469350041217496,-0.375323115864876,0.182,0.235,1
"FBXL6",0.478747654311286,-0.375308270386792,0.136,0.173,1
"MGME1",0.281518574198669,-0.375296560263353,0.076,0.136,1
"EIF2A",0.346717745851039,-0.375135288216357,0.182,0.259,1
"MFNG",0.760314205831675,0.375082028851595,0.121,0.111,1
"ACAP1",0.12410234189674,-0.37475627662316,0.212,0.321,1
"PLD3",0.442528588450287,-0.37457220227436,0.091,0.136,1
"HLA-F",0.162456294390519,-0.374495675867331,0.636,0.741,1
"KLHL21",0.776388142003961,0.3742640333394,0.121,0.111,1
"UFC1",0.260009189736093,-0.374037971515654,0.439,0.519,1
"HNRNPUL1",0.0404904253435407,0.37382297130226,0.803,0.728,1
"POGZ",0.525284294853372,-0.373737592211728,0.197,0.259,1
"TMX1",0.687475998538463,0.373694519959323,0.273,0.247,1
"UGCG",0.818231953425824,0.373339412701691,0.106,0.099,1
"RALGAPB",0.482726202044339,-0.373071399854287,0.167,0.21,1
"BECN1",0.259783397206166,0.372813364202362,0.409,0.37,1
"RNH1",0.748608727427057,-0.372738817613342,0.258,0.284,1
"GLRX3",0.38366018903368,0.372350441208987,0.242,0.198,1
"CLK1",0.184420705108957,0.372207630636072,0.5,0.407,1
"TMEM170A",0.327510381622637,0.37215302601596,0.303,0.222,1
"RAB3GAP1",0.417352920166173,0.372120855144101,0.136,0.21,1
"SPPL2A",0.394293617779278,0.371882867556642,0.333,0.284,1
"TFAM",0.716363458537517,0.371879030943785,0.197,0.173,1
"ERVK3-1",0.396696544797527,0.371532712043121,0.303,0.272,1
"SFXN3",0.78005391608112,0.371356285877772,0.152,0.148,1
"LSG1",0.814354505443958,0.371115941732623,0.242,0.247,1
"SECISBP2",0.743006108361015,-0.371098338483769,0.212,0.235,1
"LY75",0.325474798899953,0.371072824241773,0.136,0.086,1
"BCLAF1",0.52510485706619,0.371017361124787,0.455,0.481,1
"SOD2",0.916226661847571,0.370744651744204,0.212,0.222,1
"ST6GAL1",0.683571206822632,0.370653710344407,0.182,0.16,1
"MAP3K8",0.608595004900359,-0.370647394692727,0.288,0.309,1
"CCDC25",0.508355147519329,-0.370412237008403,0.106,0.148,1
"TP53BP1",0.269441164539107,-0.370368442485972,0.121,0.198,1
"TUBB",0.782595789097593,-0.370139225404161,0.379,0.407,1
"TMEM9B",0.0849764711742657,-0.369673452161232,0.288,0.494,1
"RMDN3",0.246385248749337,-0.369592419919608,0.136,0.222,1
"WTAP",0.149431702123386,0.369424176562313,0.621,0.543,1
"MIS18BP1",0.299724703611493,0.369369221453219,0.242,0.173,1
"POLR2B",0.447398211587693,-0.369159640461274,0.333,0.407,1
"PPP2R2D",0.492932825109942,0.368876377681655,0.273,0.247,1
"ADRB2",0.537186741299917,-0.368846292075589,0.167,0.198,1
"IFT52",0.919320491418326,-0.368697675644399,0.136,0.136,1
"S100PBP",0.575141644126879,-0.368450058503912,0.136,0.173,1
"ZXDC",0.924152302725903,0.36844161585182,0.167,0.173,1
"GTF2A1",0.340052250568355,-0.368399626546789,0.167,0.235,1
"INTS4",0.242864813643061,-0.368164888620161,0.167,0.259,1
"EEIG1",0.390623438135989,-0.368157919916626,0.333,0.432,1
"NBPF19",0.789555952255216,0.367836617662024,0.106,0.099,1
"NMI",0.288628804085171,0.367780320926552,0.227,0.148,1
"CLPX",0.702553402830204,0.3675397954804,0.167,0.148,1
"RIT1",0.346001477275044,-0.367399541099559,0.121,0.185,1
"PYM1",0.776388142003961,0.367298313248368,0.121,0.111,1
"IGF2R",0.2740076719255,0.366998250758637,0.333,0.272,1
"VPS13B",0.100661585713326,-0.366805251373069,0.227,0.383,1
"CCM2",0.369857097872299,0.366738888101556,0.333,0.272,1
"UIMC1",0.277333493789834,-0.36655886542041,0.197,0.284,1
"ZNF195",0.56442793363713,-0.366553184373057,0.091,0.123,1
"BMPR2",0.748608727427057,-0.366218687960218,0.258,0.284,1
"PLCL1",0.607962984845366,-0.366163442520805,0.121,0.148,1
"ATAD1",0.890593315515311,0.365770001021163,0.197,0.235,1
"KIF20B",0.251117284593529,0.365462827295989,0.242,0.173,1
"MAPK6",0.639417507354101,0.365415525904139,0.136,0.111,1
"SS18",0.231921044395435,0.365353719236231,0.364,0.309,1
"PPA2",0.318080595615137,-0.36497180664696,0.106,0.173,1
"MPC1",0.227507218701638,0.364852003621472,0.258,0.173,1
"BORCS6",0.521346743938088,0.364755706971595,0.121,0.086,1
"ZNF638",0.251614573397008,0.364504865374516,0.485,0.383,1
"TRAF5",0.616464525105815,0.364479347804226,0.106,0.086,1
"PUM3",0.457306779061706,0.364055119856468,0.258,0.21,1
"ENSG00000291099",0.688081499966939,0.363811970075177,0.106,0.086,1
"LINC03057",0.76298622776428,-0.363719070980034,0.106,0.123,1
"ABHD3",0.529287734434613,-0.363664185350125,0.197,0.247,1
"TM9SF1",0.368671194212015,0.363644410942003,0.303,0.259,1
"APIP",0.685658462309396,-0.363635928837638,0.136,0.16,1
"NOP58",0.534775285735495,0.363571038729951,0.47,0.457,1
"IKBKG",0.441359700809072,0.363512419417652,0.212,0.16,1
"ATM",0.0375745657189827,-0.36330761332969,0.227,0.407,1
"HMGN3",0.402173192912742,0.363179128004499,0.182,0.123,1
"AURKAIP1",0.450545841236954,-0.36311767139285,0.47,0.556,1
"ELP5",0.480917070273599,-0.363057914303635,0.106,0.148,1
"UQCRC1",0.370856593446147,-0.363053157038533,0.288,0.358,1
"ZFAND2B",0.540806722884715,0.362928199775402,0.227,0.198,1
"RAB8B",0.34580800026925,-0.362896482862033,0.424,0.494,1
"PUM2",0.271296662253684,0.362405999681797,0.439,0.383,1
"MIAT",0.356953176662239,0.362348430347728,0.288,0.21,1
"EIF3J",0.183468725158457,-0.362333342583806,0.364,0.506,1
"PIGT",0.348215715802507,-0.362211110644773,0.303,0.407,1
"NUP107",0.428717388843724,-0.362166194166521,0.136,0.198,1
"REEP4",0.33656956874838,-0.362124009967702,0.091,0.148,1
"PCBP2",0.462257674650898,-0.361990985082937,0.424,0.494,1
"VPS53",0.263325636615932,0.361334151373413,0.273,0.21,1
"DDX39A",0.557293735372158,0.361326563450591,0.348,0.346,1
"PCF11",0.745786679012783,0.361273389138102,0.212,0.247,1
"ALYREF",0.479281944148979,-0.361041560376925,0.379,0.481,1
"PCNP",0.492376802019199,0.360958460548118,0.409,0.383,1
"COX6B1",0.271577487369074,-0.360751170036101,0.636,0.753,1
"ARRDC1",0.765661076678957,0.360666092466384,0.121,0.111,1
"UBTF",0.73657838685649,-0.3604784944368,0.303,0.333,1
"CBX3",0.795366174591502,0.360446272188045,0.318,0.333,1
"UBXN2A",0.537941445407711,-0.360224571711038,0.136,0.173,1
"SRCAP",0.297280072621367,-0.360091614026789,0.197,0.296,1
"ATP5ME",0.163484729674369,-0.359960024822986,0.379,0.543,1
"SDF2L1",0.262020047838556,0.359731568354504,0.212,0.136,1
"MRPL2",0.488393384847251,0.359639024102957,0.182,0.148,1
"MED12",0.699374579359993,0.359507498103381,0.106,0.086,1
"PGLS",0.698605284665931,0.359464816583985,0.152,0.136,1
"ZMAT2",0.131993868761975,0.359367600959116,0.545,0.395,1
"NXPH4",0.476837711327227,0.359188666908754,0.182,0.136,1
"TMEM243",0.512380011012126,0.359083796392332,0.288,0.272,1
"OPTN",0.123678944667978,0.358263910889296,0.712,0.728,1
"PABPC4",0.52836285698573,-0.358156876942946,0.258,0.296,1
"NSUN2",0.496020864395167,0.357981780921578,0.182,0.148,1
"KRIT1",0.865073825045467,0.357906662190755,0.212,0.222,1
"CD8B",0.100759632653324,-0.357454204124015,0.788,0.877,1
"CCDC137",0.514262623621345,0.357369357220676,0.136,0.099,1
"PTPN18",0.669905074673046,-0.357043292272369,0.091,0.111,1
"RRP36",0.322109586290782,0.356982609930785,0.303,0.235,1
"EIF4A3",0.181478443858834,-0.35676489732784,0.394,0.543,1
"HLA-C",0.00054760956907093,-0.356726249294243,1,1,1
"EVI2A",0.73267126100351,0.356628553297203,0.333,0.358,1
"IL7R",0.00130254081926878,-0.356597824522101,0.197,0.506,1
"KLHL18",0.43464427539414,-0.356564793985075,0.121,0.173,1
"TTL",0.665708104599388,0.356418522444677,0.106,0.086,1
"BICDL1",0.598110142377812,0.356076565736686,0.53,0.506,1
"CDC34",0.429608805282398,-0.355914542925756,0.258,0.321,1
"TAF10",0.412844535491035,-0.35563754497648,0.591,0.593,1
"WDR43",0.282810541611624,0.355618478516842,0.212,0.136,1
"LMF2",0.366177976257172,-0.355134182146579,0.182,0.259,1
"PTMS",0.116238829843507,0.355114262052954,0.409,0.284,1
"APC",0.880576065774806,0.354967200543137,0.227,0.235,1
"VIPR2",0.542594289353212,0.354879571394779,0.106,0.074,1
"TM2D1",0.234407446142042,-0.354612830008444,0.061,0.123,1
"THBS1",0.775321531356035,0.354369196213915,0.091,0.111,1
"BACH2",0.444042822680974,-0.354181188324992,0.409,0.494,1
"KANSL1",0.112853579102387,0.353953971943013,0.576,0.469,1
"NUCKS1",0.715485586402271,0.353285256441336,0.333,0.358,1
"UBE2S",0.985695148315756,-0.353091676291233,0.379,0.37,1
"MORF4L2",0.585020829725226,0.352892193662563,0.364,0.358,1
"PPP1R10",0.171845771051196,0.352761859145028,0.424,0.309,1
"ZBTB1",0.478438696414611,-0.352575419928804,0.455,0.543,1
"ZC3H14",0.528497678551754,-0.352272732146642,0.091,0.123,1
"USPL1",0.470584457142687,-0.352250333975492,0.106,0.148,1
"GET4",0.891700495684047,0.35200490204092,0.167,0.16,1
"GOLGA5",0.559257862469406,0.35199898527121,0.182,0.148,1
"NUTF2",0.444558666509154,-0.351922984844909,0.273,0.358,1
"MTLN",0.822907149272,-0.351642327591392,0.121,0.136,1
"ZNF791",0.934318937164771,0.351532044107651,0.182,0.198,1
"JAK1",0.0477732568147622,-0.351384464188023,0.727,0.877,1
"CDK13",0.290057809150318,0.351228462359438,0.439,0.407,1
"ENSG00000291143",0.606520912424534,-0.351093928928851,0.091,0.123,1
"WHAMM",0.665134387823024,-0.351068342677427,0.303,0.333,1
"EXOG",0.555193717942113,0.351047070460168,0.182,0.148,1
"AOAH",0.171037200483244,-0.350964602043423,0.773,0.815,1
"NOL11",0.346552468270817,0.350662717638008,0.258,0.185,1
"ESYT2",0.937801288349281,0.350502257653433,0.379,0.383,1
"PURA",0.310943701811932,-0.350377528967599,0.333,0.444,1
"MAGT1",0.424444461941735,-0.350370789167185,0.152,0.21,1
"USP22",0.404911848374221,-0.350345877860787,0.242,0.321,1
"REPS1",0.41092604412333,0.350121983690192,0.182,0.136,1
"DPF2",0.388115057948066,0.349903563575784,0.273,0.21,1
"HMG20B",0.465466137245973,0.349892653502498,0.182,0.136,1
"ATP11A",0.848610869639156,-0.34983553242482,0.106,0.111,1
"FIP1L1",0.294722455015966,0.349815541622745,0.333,0.247,1
"ATOX1",0.649228557028324,0.349803215790175,0.136,0.111,1
"USP12",0.31808233407469,-0.349756352236839,0.136,0.21,1
"ANXA11",0.278442771653362,-0.349378822544996,0.576,0.654,1
"SLC25A11",0.484120456640388,-0.349313996640114,0.121,0.173,1
"JADE2",0.494818625169172,-0.349147831395825,0.197,0.259,1
"DUSP12",0.483537963713102,-0.348782858237847,0.167,0.222,1
"BMI1",0.444788498446111,-0.348732563743689,0.152,0.21,1
"ARCN1",0.371684229834071,0.34865763709364,0.394,0.321,1
"PNN",0.182015380841845,0.348511899444156,0.424,0.309,1
"OXCT1",0.369984559329196,-0.348410997068352,0.227,0.321,1
"PLEKHF1",0.561983301691614,0.348279047403507,0.273,0.235,1
"CRTC3",0.516959454005308,-0.348153035826781,0.106,0.148,1
"DMAP1",0.661093169924539,0.347626549868359,0.152,0.136,1
"MTG1",0.277391976036566,-0.347507550927807,0.121,0.198,1
"TRAF1",0.332910199739942,0.347386000033345,0.258,0.185,1
"UBXN11",0.852963630754318,0.347101578160741,0.106,0.099,1
"PCGF1",0.699705218625061,-0.346987870777658,0.106,0.123,1
"PRKACB",0.345107802066588,-0.346959386287272,0.318,0.407,1
"PIKFYVE",0.437860368027199,0.34689660034682,0.212,0.173,1
"SLTM",0.190898012145067,0.346797780755649,0.576,0.457,1
"RCOR1",0.560130473997226,-0.346659257190302,0.152,0.198,1
"TMCO1",0.229472742798714,-0.346626393470053,0.318,0.432,1
"UBE2E1",0.707766613081578,-0.34644903717241,0.167,0.198,1
"TXN",0.168793849665695,-0.346392729521974,0.348,0.469,1
"FBXO38",0.507881902123785,-0.346346689234796,0.167,0.21,1
"MIA2",0.453413504361883,0.346268200630998,0.197,0.148,1
"RBM4",0.32630711971427,0.346131368191505,0.485,0.42,1
"KIF22",0.263599971802277,0.345991379100037,0.333,0.272,1
"P4HB",0.293668839218574,-0.345823437671637,0.47,0.556,1
"SF3A1",0.353092500150893,0.345656674138324,0.53,0.494,1
"ELK4",0.393625184062306,0.345368769144898,0.182,0.136,1
"RNF220",0.452538255454133,0.345292279861719,0.303,0.259,1
"TPGS1",0.575522572267765,0.345143074448757,0.258,0.235,1
"SHFL",0.758185213980911,0.345074476313137,0.273,0.284,1
"FASLG",0.49149281686834,0.345073969540384,0.258,0.21,1
"MIGA1",0.458654633721235,-0.344913429993698,0.152,0.21,1
"TVP23B",0.428262375119225,0.344754042199863,0.273,0.222,1
"MYSM1",0.624818892828142,-0.344669500554765,0.106,0.136,1
"POLR2L",0.24453004072891,-0.344427327228371,0.545,0.654,1
"DCP2",0.714968263092091,0.344166000329754,0.273,0.272,1
"AKR1B1",0.556372839560356,0.344145568261991,0.197,0.173,1
"ANAPC1",0.75625443465417,0.343807597401509,0.152,0.136,1
"CLPTM1L",0.629247849271223,-0.343757537542532,0.197,0.235,1
"PPIE",0.525200480816983,0.343539246810573,0.197,0.16,1
"ITGB2",0.803925126016772,-0.343471421284792,0.394,0.407,1
"CYTH2",0.604890724551547,-0.343342082132809,0.136,0.173,1
"ZNF146",0.541329506508186,0.343277690581348,0.288,0.272,1
"ALG2",0.670396239401246,0.343246160026206,0.152,0.136,1
"ASH2L",0.499936457694512,-0.343214481179402,0.121,0.173,1
"DNAJB14",0.514386796478655,-0.342811240221558,0.409,0.444,1
"CNTRL",0.533425153360128,-0.342682890748476,0.273,0.333,1
"STAG2",0.444273542882098,-0.342412161142306,0.515,0.543,1
"HMBOX1",0.649706509443364,-0.34212473277864,0.121,0.148,1
"IL16",0.851551028176574,-0.341676454373261,0.227,0.235,1
"ADIPOR1",0.440276590467692,-0.341542732425347,0.258,0.333,1
"LY6E",0.29023254794908,-0.341506524878427,0.197,0.296,1
"CYBC1",0.340667060602179,0.341420615375684,0.227,0.173,1
"TAF1",0.687763955856077,-0.34133649180518,0.121,0.148,1
"COPS5",0.676136494956494,-0.341160251483489,0.197,0.222,1
"BCL2L11",0.607740288834803,0.341103198743685,0.227,0.198,1
"PTPN12",0.682462355420746,0.340992886039295,0.106,0.086,1
"OS9",0.37498400617785,0.340973070175075,0.364,0.333,1
"SEC23IP",0.252998440715489,0.340959179584596,0.288,0.21,1
"SETD1B",0.384780083983389,-0.340652707760847,0.121,0.173,1
"ALKBH7",0.127832187898751,-0.340567151627381,0.167,0.296,1
"ALAS1",0.512647891858484,-0.340374805087367,0.106,0.148,1
"COX6C",0.203377880759174,0.340339871240178,0.606,0.543,1
"TAOK1",0.519203491668092,-0.340174381415089,0.167,0.222,1
"ZNG1B",0.380107258229043,-0.339945863280543,0.121,0.185,1
"TNFRSF1B",0.0936599411818931,-0.339696367278863,0.5,0.642,1
"KDSR",0.220224926320058,-0.339690373832229,0.091,0.16,1
"POLR2E",0.194170622549277,-0.339599112894893,0.394,0.543,1
"NAA30",0.887638985899245,0.339058198229346,0.182,0.185,1
"ACOT8",0.459373986949135,-0.339011346928649,0.091,0.136,1
"ZBTB44",0.483948345162655,0.338899070374995,0.273,0.235,1
"GNA13",0.551415163387712,-0.338826544765276,0.409,0.457,1
"ZBTB24",0.518177660060978,-0.338683871251138,0.076,0.111,1
"SSU72",0.395787090321314,-0.338627536068597,0.379,0.444,1
"MITD1",0.375298065650713,0.338401218413216,0.197,0.148,1
"NFRKB",0.665708104599388,0.338298726191019,0.106,0.086,1
"YIPF1",0.53796441216243,-0.338167511232742,0.091,0.123,1
"TRAF3",0.667841876349275,0.338048799748007,0.197,0.185,1
"KIFBP",0.626802551828376,0.338021111086468,0.121,0.099,1
"ENSG00000284691",0.498568170665534,-0.337914958143155,0.076,0.111,1
"LCP2",0.188415329171662,0.337572476945804,0.606,0.531,1
"ANKRD12",0.182868280722596,-0.337201290376592,0.742,0.765,1
"JAKMIP2",0.899708095454991,-0.337152806210573,0.106,0.099,1
"TOB1",0.333379975222197,-0.336807806336234,0.182,0.272,1
"PPP1R15B",0.946803163590444,-0.336679960055329,0.106,0.099,1
"HMGN2",0.588053187600476,-0.336473121916075,0.545,0.593,1
"CNPY2",0.50023395034016,0.336380689799589,0.303,0.272,1
"RPL23AP7",0.691644641769918,-0.336095002154754,0.091,0.111,1
"WDR75",0.379460890380717,-0.335918904632958,0.091,0.148,1
"CSNK2B",0.154889704762136,0.33551017687512,0.682,0.642,1
"SAR1B",0.574541498969805,-0.335371146157893,0.182,0.222,1
"STMP1",0.963428879189895,0.33524346838072,0.212,0.222,1
"ZNF83",0.552322321330767,-0.335062077235626,0.091,0.123,1
"SAMM50",0.285154983676918,-0.334470735766824,0.106,0.173,1
"ZNF267",0.640700271219201,-0.334374063160187,0.212,0.259,1
"RUVBL2",0.527155540030762,0.334179840164186,0.182,0.148,1
"BCL9L",0.602719565369378,0.334048298860583,0.455,0.432,1
"CDC73",0.286429522508281,0.333953650004317,0.394,0.309,1
"ATP8A1",0.339798546967816,-0.333944267653956,0.455,0.58,1
"CNIH4",0.424553842386407,-0.333909973093312,0.152,0.222,1
"DNAJC5",0.530357236650982,-0.333881174725618,0.227,0.284,1
"IPO9",0.626368852772858,0.333617036197651,0.152,0.123,1
"MTA2",0.496020864395167,-0.333131637034046,0.136,0.185,1
"DCXR",0.528693917639718,0.333030846477805,0.409,0.37,1
"EGLN1",0.632177744935351,0.333023266114495,0.197,0.173,1
"NTAN1",0.594318960533604,0.332928813213007,0.152,0.123,1
"EIF5A2",0.344815340457105,-0.33285980036364,0.167,0.247,1
"ROMO1",0.199185240026827,-0.332759228609268,0.424,0.543,1
"THAP5",0.513238175539444,-0.332521841629986,0.076,0.111,1
"YTHDF2",0.519882539365428,0.332482963193958,0.348,0.333,1
"GLT8D1",0.800994527351524,0.332347419729862,0.106,0.099,1
"PHF10",0.575141644126879,-0.332292274379716,0.136,0.173,1
"ZDHHC13",0.431964297927249,-0.33224708709476,0.076,0.123,1
"CD53",0.084476950655202,0.331799362280971,0.833,0.728,1
"RABGAP1",0.683756201610364,-0.331733884768914,0.242,0.272,1
"ACACA",0.499544418669966,-0.331662802766882,0.121,0.16,1
"UBE4A",0.449566203806336,-0.331490774521299,0.197,0.272,1
"ZNF264",0.402182635171122,-0.331402278684052,0.076,0.123,1
"PPWD1",0.58258322992571,-0.331354006205693,0.212,0.272,1
"KDM2A",0.531931073364601,-0.331351431981772,0.439,0.519,1
"MFSD8",0.379460890380717,-0.331319953401496,0.091,0.148,1
"RIOK1",0.874619205921251,0.330965290494942,0.121,0.111,1
"MFSD4B",0.68618500777586,-0.330837078804245,0.091,0.111,1
"PIK3CA",0.596491359841284,0.330799653023561,0.121,0.099,1
"ARFIP1",0.507892031729325,0.330467362901127,0.182,0.136,1
"TBX21",1,0.330326236558126,0.242,0.259,1
"NPC1",0.435893280614314,0.330291322726774,0.303,0.272,1
"DGCR2",0.520090161478086,-0.329892361968867,0.121,0.16,1
"TSR2",0.586130880662403,-0.329732592464679,0.152,0.185,1
"PIGB",0.876281916063313,0.329681348319866,0.106,0.099,1
"PDCD6IP",0.556462466418547,0.329466845782043,0.379,0.358,1
"HSPE1",0.829476583513007,-0.329413480814035,0.515,0.469,1
"HAUS3",0.572612729385017,-0.329310125806139,0.227,0.284,1
"RHBDD2",0.388024496890637,-0.329245444060658,0.394,0.481,1
"P2RY10",0.824997359846401,0.329224847983297,0.318,0.321,1
"SNRPB2",0.280424726566176,-0.329080036248196,0.273,0.383,1
"SEC61A1",0.578109794229451,-0.329015519449889,0.212,0.247,1
"DDX49",0.421264518805106,-0.32896623045321,0.152,0.222,1
"CNBP",0.227185503155324,0.328911612065176,0.864,0.827,1
"SYF2",0.344412711290201,-0.328890647177028,0.485,0.593,1
"CYLD",0.527826598628776,-0.328093645484402,0.5,0.556,1
"PET100",0.180433240529359,-0.328085112811889,0.379,0.519,1
"CHASERR",0.0361287170192789,0.328064606269133,0.864,0.753,1
"GPCPD1",0.224821243191958,0.328024246025263,0.455,0.37,1
"FAM193B",0.488205653002145,0.328016985776316,0.121,0.086,1
"TXNDC11",0.332613719383479,-0.327980821015756,0.076,0.136,1
"CAAP1",0.639417507354101,-0.327951079062758,0.106,0.136,1
"MAT2B",0.275368582853806,-0.327655779609736,0.5,0.58,1
"TGDS",0.576348007751759,0.327634034192431,0.152,0.123,1
"CWF19L2",0.713722282104913,0.327504022960913,0.258,0.259,1
"AK2",0.696871203491795,-0.327308163286547,0.182,0.21,1
"ANKRD49",0.366878491732888,-0.327014103788893,0.121,0.185,1
"NPAT",0.539840932809468,0.326978566532618,0.303,0.296,1
"TTC14",0.428299088018596,0.326966732792151,0.288,0.247,1
"TRDMT1",0.5624503242366,-0.326880823409218,0.121,0.16,1
"DICER1",0.418410509488243,-0.326574134495199,0.197,0.259,1
"PSTPIP1",0.715774242114144,0.326524020689053,0.227,0.21,1
"NDUFS2",0.371955002084735,0.326420593536682,0.242,0.185,1
"TOE1",0.533220422690974,-0.326233524486031,0.091,0.123,1
"PDE3B",0.156207445906949,-0.326167333090084,0.485,0.679,1
"STX11",0.808436087501913,0.326118914947055,0.364,0.358,1
"GSE1",0.746198594116952,0.326068472129974,0.227,0.21,1
"UBA5",0.644315287215694,-0.326005718569809,0.106,0.136,1
"MT-ND3",0.0260281454431893,-0.325874885050256,0.924,0.975,1
"NFATC3",0.934824340003638,0.325812954452436,0.318,0.333,1
"PRKCE",0.701509229378629,0.325772175726558,0.242,0.235,1
"CHCHD1",0.443181715353373,0.325659838292248,0.182,0.136,1
"AP1S2",0.446706495338896,-0.325523565650976,0.091,0.136,1
"AMBRA1",0.555357665336592,0.325516196639465,0.227,0.198,1
"KDM3A",0.23031686951471,-0.32544977682782,0.167,0.272,1
"SFT2D2",0.588779876890201,0.325445638092849,0.227,0.198,1
"ATG13",0.409373545637344,-0.325300074090469,0.197,0.259,1
"IER2",0.122561032054156,-0.325062457952832,0.667,0.741,1
"ARL16",0.880513399228523,0.324600660941372,0.121,0.136,1
"S1PR5",0.740786844461717,-0.324584435284893,0.348,0.37,1
"ENSA",0.0755697518275929,0.324288941515204,0.697,0.556,1
"TFIP11",0.443459115366078,-0.324260210567323,0.212,0.272,1
"ZEB1",0.94624083470171,-0.323919562220912,0.212,0.222,1
"HS2ST1",0.346988549663707,-0.323802526578376,0.091,0.148,1
"KMT2D",0.514711094055685,-0.323730078852374,0.258,0.333,1
"LAMP1",0.264001063634992,0.323674786846382,0.455,0.383,1
"CDK12",0.561523829645826,0.323656599041305,0.258,0.235,1
"KIDINS220",0.631036787642622,0.323531626742545,0.258,0.247,1
"CCDC59",0.243996160473831,-0.323458002045385,0.227,0.333,1
"PGGT1B",0.838838965710623,0.323456083804316,0.106,0.123,1
"POLE4",0.386481770036903,-0.323454171917274,0.212,0.284,1
"COTL1",0.0397013401977114,-0.323055446059467,0.561,0.827,1
"DYNC1LI1",0.614845472034816,0.32290571601028,0.258,0.235,1
"DGCR8",0.640430013511919,-0.322854838792959,0.152,0.185,1
"TMEM208",0.297880668466235,-0.322473352519502,0.242,0.346,1
"FGD5-AS1",0.265691220529481,0.322426383283328,0.227,0.148,1
"METRNL",0.495710042642861,-0.322352500649435,0.788,0.864,1
"ATP5PF",0.33857557895305,0.322254996809517,0.394,0.358,1
"NDUFB9",0.499321488651599,-0.322008367181554,0.47,0.531,1
"AGAP2",0.918438371141485,-0.321934535813269,0.136,0.148,1
"ATG9A",0.70546076465183,0.321803764404565,0.197,0.185,1
"KRR1",0.434376915243451,-0.321799468703765,0.303,0.383,1
"GNAS",0.0414738072400382,-0.321679872499131,0.97,0.975,1
"BAK1",0.43464427539414,-0.321514675092446,0.121,0.173,1
"GMCL1",0.593534127571882,-0.321436268520053,0.182,0.222,1
"GMFG",0.728303447599946,-0.321416702454447,0.364,0.383,1
"UBALD2",0.749117777416973,0.321148739416697,0.303,0.321,1
"EMC3",0.488343592886785,-0.32100354154488,0.258,0.321,1
"RHOH",0.873398576767042,0.32059682488024,0.652,0.642,1
"MINDY2",0.644315287215694,-0.32057041505969,0.106,0.136,1
"UBN1",0.628921620901276,0.320411225083795,0.273,0.247,1
"HLA-DMA",0.521115309425368,-0.320241291479917,0.182,0.235,1
"UNC50",0.490722152327192,-0.320127320542276,0.152,0.21,1
"ING3",0.455129283991712,-0.320066983737804,0.091,0.136,1
"LYAR",0.0648530427006505,-0.319938193119265,0.5,0.679,1
"CCNL1",0.251273543577502,0.31984343734479,0.545,0.494,1
"CDC26",0.485895156322465,-0.319675938047427,0.227,0.296,1
"CDC42SE1",0.214210533264517,0.319368108541435,0.636,0.593,1
"C11orf58",0.222866667011989,-0.319325435627418,0.606,0.728,1
"SIRT1",0.249008788273183,-0.319070315519346,0.121,0.198,1
"IL4R",0.477953907089134,-0.318824058507515,0.212,0.272,1
"CNOT9",0.708103958656244,0.318821642708783,0.152,0.136,1
"SMU1",0.449839686844416,0.31865654769472,0.333,0.296,1
"TASOR",0.933691851381679,0.318531018807237,0.136,0.148,1
"MAZ",0.359511236363722,-0.318144326141446,0.439,0.494,1
"NHP2",0.322525929846032,-0.318112000103584,0.152,0.235,1
"EIF3G",0.284701914245773,0.318055369913071,0.742,0.79,1
"MYG1",0.624818892828142,-0.317982337496672,0.106,0.136,1
"CKAP5",0.681051201891021,-0.317977172652731,0.136,0.16,1
"SAP18",0.148491960040503,-0.317937980115239,0.697,0.815,1
"QTRT2",0.741814976054155,-0.317898564648316,0.136,0.16,1
"VTI1B",0.44136171711457,-0.317863739956807,0.273,0.346,1
"PLCG2",0.976265284600391,0.317829896746701,0.167,0.173,1
"CANX",0.129527510679738,0.317724538416531,0.606,0.481,1
"YIPF5",0.229657630717323,-0.317553786537698,0.288,0.395,1
"GOLGA7",0.595201845703993,0.316918520948719,0.318,0.284,1
"ARF1",0.125376009626729,-0.316880225498215,0.727,0.827,1
"HLA-DQB1",0.515729712121315,0.316874814743515,0.409,0.346,1
"TSPAN14",0.534954314094062,-0.316873701703805,0.303,0.37,1
"CTDSP1",0.408604526217824,-0.316851802736629,0.197,0.247,1
"NUDT3",0.423969945641662,-0.316800788950598,0.258,0.321,1
"ANKS1A",0.474983268003931,-0.316798086077897,0.197,0.247,1
"RAB8A",0.531421516694974,0.316524304979879,0.364,0.333,1
"G3BP2",0.462857790977473,-0.316327411100957,0.515,0.543,1
"PTBP1",0.408914123291091,0.316239516782387,0.47,0.432,1
"DUS1L",0.235923809315849,-0.316138721733331,0.242,0.346,1
"RPSA2",0.671274849421693,0.316087129642752,0.106,0.086,1
"PSMB2",0.476443163658571,-0.315937848722834,0.318,0.407,1
"MT-ATP8",0.0183694916649807,0.315863750284715,0.985,1,1
"ZFP91",0.813890897588907,0.315803841271637,0.197,0.198,1
"RPAP2",0.449566203806336,-0.315320429247549,0.197,0.272,1
"SMG1",0.344748887534779,-0.315314171281433,0.242,0.346,1
"SNRPG",0.278442771653362,-0.315275827921344,0.576,0.654,1
"PRXL2C",0.411174340230086,0.315167911109029,0.242,0.185,1
"MYL12A",0.261938627320721,0.315124789654271,0.682,0.667,1
"RANBP10",0.484124146730128,-0.314947841375888,0.076,0.111,1
"ALKBH5",0.425465434799179,-0.314863013514821,0.258,0.346,1
"BTG1",0.0280584914346308,-0.314620369663228,0.985,0.988,1
"PRKRA",0.675445224759554,0.31461620545756,0.182,0.173,1
"HPS3",0.557149746596311,-0.31442867755674,0.091,0.123,1
"KAT5",0.898243150949353,-0.314224941082012,0.182,0.198,1
"ABRAXAS2",0.435891323707938,0.314083159932543,0.182,0.136,1
"MPHOSPH8",0.916205976669288,0.313993353090647,0.455,0.494,1
"PRPF39",0.813958821038128,0.313784422754909,0.152,0.148,1
"ATG3",0.363561932040132,0.313674662118511,0.394,0.333,1
"ZGPAT",0.579828418085096,-0.313636409210704,0.167,0.198,1
"MIDEAS",0.498214011994591,0.313369858639346,0.303,0.259,1
"RLIM",0.411566629136919,-0.31334665872545,0.136,0.198,1
"HNRNPH1",0.380228157067485,0.313057608279592,0.409,0.42,1
"SH3BP5L",0.518177660060978,-0.313022078015907,0.076,0.111,1
"SNRPA",0.510040934836358,0.312711613909453,0.197,0.16,1
"TTPAL",0.478841687215882,-0.312704796669031,0.106,0.148,1
"TRPS1",0.246582397617374,-0.312601192620609,0.379,0.506,1
"EIF3L",0.195754140338601,0.312583237530941,0.606,0.556,1
"E2F3",0.822907149272,-0.312580086007243,0.121,0.136,1
"RBM7",0.383361584718214,-0.312368260880429,0.136,0.198,1
"ASCC1",0.484124146730128,-0.312323240390088,0.076,0.111,1
"DTHD1",0.560155767226837,0.312223271557532,0.439,0.444,1
"AKIRIN2",0.315693112017104,0.312218223416914,0.364,0.321,1
"ELP3",0.718275717139675,0.312019809858794,0.136,0.123,1
"SFMBT2",0.21649574397167,-0.311980853578806,0.152,0.235,1
"PACSIN2",0.910864756590586,0.311719559569672,0.152,0.173,1
"SCP2",0.69186836140874,-0.311507701419062,0.227,0.247,1
"RBBP4",0.514480801731501,0.311424947522195,0.348,0.309,1
"SNX14",0.548057587366313,-0.311365689702423,0.182,0.235,1
"GPS2",0.340451677073093,-0.311203797707916,0.682,0.691,1
"NRBP1",0.378697389564843,0.311187088851221,0.379,0.321,1
"SLC25A28",0.724731069668157,-0.311151183603736,0.091,0.111,1
"UBE2B",0.135481415280907,-0.310957235121288,0.727,0.778,1
"SRPRB",0.477071764612397,-0.310942304044986,0.136,0.185,1
"MRFAP1L1",0.356698405835994,0.310923840468518,0.303,0.247,1
"TRAPPC3",0.314814027131346,0.310841046480896,0.303,0.235,1
"N4BP2L2",0.252524519756423,0.31079544476788,0.576,0.481,1
"BLTP2",0.603399463058472,-0.310481513264184,0.121,0.148,1
"GOLGA4",0.203040531987069,-0.310393762063807,0.47,0.58,1
"NOL9",0.388251925042844,-0.31020796587406,0.136,0.198,1
"COPS8",0.326624653148432,-0.309810705553974,0.273,0.358,1
"USO1",0.979198523247711,0.309703745684951,0.227,0.247,1
"TENT4B",0.907560673030734,-0.309694986425004,0.242,0.247,1
"ATP1A1",0.217186417360659,0.309653810205494,0.636,0.593,1
"PAIP1",0.629560011770469,0.309614414436753,0.242,0.222,1
"IFI6",0.528701218474589,0.309467494924951,0.273,0.247,1
"HOXB2",0.446706495338896,-0.309459072385566,0.091,0.136,1
"STAT3",0.286618389246217,0.309404766907147,0.697,0.642,1
"GNGT2",0.779021520676609,0.30917005414791,0.136,0.123,1
"MYO1G",0.618148042865378,-0.30902607946136,0.212,0.235,1
"ESS2",0.979885833951399,0.308837153861512,0.106,0.111,1
"ZNF354A",0.768791505833406,0.30876685896819,0.136,0.123,1
"ORC4",0.408185988760009,-0.308653631180817,0.136,0.198,1
"ENSG00000272256",0.752315399732899,-0.308527650335285,0.106,0.123,1
"ITFG1",0.614041836352408,0.308509401117863,0.273,0.272,1
"SLC35D1",0.654157135216467,-0.308500841016958,0.106,0.136,1
"RBM33",0.781605256812192,0.308475965795356,0.227,0.222,1
"NOP56",0.381785421632535,-0.30845568350024,0.318,0.395,1
"TMEM222",0.575592274330143,-0.308400147032101,0.167,0.21,1
"VBP1",0.491358028470777,-0.308219424586438,0.242,0.296,1
"PTPN9",0.557149746596311,-0.307947680632651,0.091,0.123,1
"MMGT1",0.940902683455886,-0.307937084182512,0.106,0.099,1
"EML4",0.20859774434002,-0.307870393128653,0.727,0.778,1
"QARS1",0.853134935953431,0.307790906942434,0.152,0.148,1
"GSK3B",0.94900162105815,0.307779302916433,0.288,0.333,1
"MBTPS1",0.540586387810705,-0.307479223047898,0.152,0.198,1
"MRPS27",0.661506574206962,-0.3073863048407,0.121,0.148,1
"CRBN",0.44039535405491,-0.307341300589035,0.212,0.272,1
"CREBRF",0.27132485970463,-0.30728042537173,0.242,0.358,1
"ALG3",0.898600881349689,0.307275576997866,0.136,0.136,1
"HPS5",0.68618500777586,-0.307271310565632,0.091,0.111,1
"RRP7A",0.679855390404259,0.307069690555694,0.227,0.21,1
"CCDC32",0.561603824539234,0.307005511730839,0.167,0.136,1
"SRSF10",0.496684933111719,0.306974262480823,0.485,0.519,1
"ABHD5",0.528129858185338,-0.30677301520785,0.076,0.111,1
"SYMPK",0.725848607240927,-0.306650465524949,0.106,0.123,1
"SYTL2",0.576008380726987,0.306605159787843,0.197,0.16,1
"MSMO1",0.749621337751104,0.30659915826142,0.182,0.173,1
"CMIP",0.537208909974387,0.306500345499138,0.636,0.605,1
"TBC1D19",0.457840524129679,0.306491187717836,0.167,0.123,1
"IMPDH2",0.812653641680345,0.306184071771708,0.348,0.358,1
"ATG5",0.706941368223962,0.305923987206873,0.333,0.346,1
"CARD11",0.767582608877776,-0.305891580647811,0.273,0.296,1
"LMNA",0.75486239413501,-0.305841755624281,0.864,0.815,1
"GPR171",0.310314668900584,-0.305763945438911,0.212,0.296,1
"WDR6",0.905093055889082,0.305715935617527,0.152,0.148,1
"P4HA1",0.748453434991654,0.305624870009642,0.136,0.123,1
"COMMD3",0.71885277331061,0.305623486143295,0.182,0.16,1
"ECI1",0.969992365900216,0.305546143576045,0.121,0.123,1
"KIF1B",0.985631993054417,0.305509014919426,0.106,0.111,1
"MKLN1",0.409992681122496,-0.305186689863443,0.364,0.432,1
"ENSG00000236449",0.820143082817156,0.305064931998944,0.242,0.259,1
"ECD",0.526553456905001,0.304921884481167,0.227,0.185,1
"PIM1",0.368264945114887,-0.304770145408253,0.394,0.444,1
"STK38L",0.743095770714664,-0.304625930289546,0.121,0.099,1
"TXNDC17",0.446044684321287,-0.304609014242708,0.227,0.296,1
"HSPD1",0.0461199679839861,-0.304546295033638,0.5,0.728,1
"RER1",0.463977271324264,0.304210497790845,0.379,0.358,1
"PSMB7",0.487449821183688,-0.30401239838113,0.273,0.333,1
"ERBIN",0.566142490907766,-0.303980456895698,0.348,0.395,1
"DNAJC21",0.116238829843507,0.303905530242959,0.394,0.296,1
"DSTN",0.590076404369187,-0.303895253305872,0.318,0.37,1
"EHD1",0.767582608877776,0.303615226350647,0.288,0.284,1
"PTOV1",0.301350826291543,0.303538783306804,0.212,0.148,1
"NUP153",0.658262598678575,0.303479121181952,0.227,0.198,1
"TMEM126A",0.930081014600483,0.303478499698096,0.152,0.173,1
"TCIRG1",0.623498020911581,0.303325062233613,0.182,0.16,1
"CIAO2A",0.356698405835994,-0.303316571698097,0.227,0.309,1
"CFDP1",0.110917254216991,-0.303285256642572,0.182,0.309,1
"PELO",0.725848607240927,-0.303237236506696,0.106,0.123,1
"TP53BP2",0.320497431785013,-0.303181980125675,0.197,0.284,1
"B9D2",0.668210946474096,0.30304000241653,0.121,0.099,1
"SYNGR2",0.690217824606831,-0.302826474227718,0.242,0.284,1
"ATAD2B",0.514770602192369,0.302796404484671,0.273,0.235,1
"SAMD4B",0.748753787033188,0.302668213993121,0.167,0.148,1
"ATE1",0.362614681201941,0.302615220589307,0.197,0.148,1
"EMC4",0.291047922772079,-0.302211703620887,0.364,0.469,1
"CCDC47",0.427437136775537,-0.302018547337939,0.273,0.346,1
"GET3",0.264242060871838,0.301991050749802,0.394,0.309,1
"GSTO1",0.286418654837486,-0.301957261230422,0.258,0.358,1
"SAP30",0.81425717825051,0.301942609250927,0.121,0.111,1
"SUMO1",0.58064167745423,-0.301838656862858,0.485,0.506,1
"CIRBP",0.140219405650959,0.301659862854944,0.742,0.63,1
"S100A10",0.0223636786094284,0.301627762300947,0.97,0.963,1
"PPP1R18",0.510113105845211,-0.301523204058684,0.288,0.346,1
"ABCF2",0.670843277678613,0.301519186737764,0.167,0.148,1
"EPHA4",0.295894210954248,-0.301293468653924,0.212,0.309,1
"GRPEL1",0.578316937413813,-0.301206953061803,0.182,0.222,1
"AMZ2",0.506288261393515,0.301188515999321,0.197,0.16,1
"PPP3CA",0.566569346358143,-0.301181040248151,0.318,0.37,1
"OSBPL3",0.448232439329208,-0.301000118540732,0.152,0.21,1
"HPS6",0.247561362301602,-0.300943816544655,0.136,0.222,1
"STAU2",0.783853459487895,0.300920028827211,0.106,0.099,1
"LARS2",0.523141611109899,-0.300877035715066,0.076,0.111,1
"CTSC",0.563358805115214,-0.300817029979258,0.5,0.556,1
"ELF2",0.58590260745959,-0.300769223478757,0.182,0.222,1
"COA6",0.872799878094656,0.300764930626722,0.136,0.136,1
"RPTOR",0.647810083721608,0.300743079733488,0.212,0.185,1
"USP15",0.377558289717959,-0.300599714612834,0.5,0.543,1
"ZNF740",0.537365105656817,0.300381367103121,0.106,0.074,1
"WBP11",0.46052943153557,-0.299857268420267,0.333,0.42,1
"VDAC1",0.106403697315507,-0.299785629936992,0.47,0.679,1
"HIPK3",0.369615599433111,-0.299753900971654,0.258,0.346,1
"KLF12",0.314244977773271,0.299426433695092,0.485,0.395,1
"NT5C2",0.900680899636316,-0.299295871254299,0.152,0.136,1
"ELAVL1",0.484624780712717,0.299206873198266,0.348,0.333,1
"NDUFA3",0.43684760222819,-0.299181542524974,0.394,0.481,1
"SRP9",0.372689976938283,-0.299089201368174,0.424,0.531,1
"MYO1F",0.444432494154323,-0.299071929124905,0.333,0.42,1
"IAH1",0.772209045122991,0.298882749760973,0.167,0.148,1
"DDX59",0.491906239342204,0.298872877563414,0.136,0.099,1
"PSMB10",0.357156405041039,0.298682555773006,0.394,0.37,1
"NDUFA11",0.189306787614294,-0.2986085866954,0.455,0.568,1
"RNF7",0.387016930840139,-0.29811129726282,0.379,0.457,1
"MDM2",0.554251664354499,0.298108394094278,0.152,0.123,1
"PSMB9",0.359828407375221,0.298046728260845,0.682,0.667,1
"KLRD1",0.052599781702331,0.297964337453092,0.773,0.617,1
"GNG2",0.196665502167582,0.297920549577916,0.939,0.951,1
"MARF1",0.506288261393515,-0.297908414228479,0.152,0.198,1
"CALR",0.0828474307896747,-0.297565737040276,0.788,0.889,1
"CUL4A",0.494421113868341,-0.297509222784079,0.379,0.42,1
"WBP1",0.638155003336428,0.297404698221153,0.106,0.086,1
"SNAP23",0.600673773815061,0.297270473737987,0.182,0.148,1
"BLOC1S2",0.591820115772102,-0.297246700572972,0.303,0.358,1
"TBC1D23",0.713023993559454,0.297153038075048,0.212,0.198,1
"IVNS1ABP",0.385122419495489,-0.297074773529935,0.455,0.556,1
"ARL6IP5",0.235366844901119,0.296928316270291,0.682,0.691,1
"PREB",0.97959537022695,0.29691425260971,0.182,0.198,1
"LAMTOR2",0.601344782765724,0.29678692152891,0.227,0.222,1
"GID8",0.540792954968753,-0.296733906834933,0.288,0.346,1
"ENSG00000261573",0.56677624139462,-0.29672251477828,0.121,0.16,1
"CEP192",0.365756130402333,-0.29666168422226,0.076,0.123,1
"HSPA5",0.214958294948667,-0.296237382902819,0.636,0.728,1
"MBIP",0.769648540125028,0.296128477132624,0.091,0.111,1
"CSNK2A2",0.315252272146534,-0.295883347341033,0.136,0.21,1
"C18orf25",0.872799878094656,0.295836111758107,0.136,0.136,1
"TRGC2",0.978386274074421,-0.295663091592742,0.273,0.284,1
"ITPRIP",0.581272940008449,0.295571467059775,0.227,0.198,1
"TRMO",0.546972218689823,-0.295496716682945,0.212,0.259,1
"MAP1LC3B",0.213425339373777,-0.295487204134136,0.758,0.778,1
"PPP2R5A",0.552774744331973,-0.295257514678339,0.273,0.309,1
"NHERF1",0.441022891193147,0.295093081488265,0.606,0.531,1
"AZI2",0.736988848527203,0.294911032354699,0.167,0.16,1
"PSMD9",0.384540113769988,0.294814663080894,0.485,0.432,1
"EXOC6",0.370494399250038,-0.294768924088514,0.167,0.247,1
"OSER1",0.364213222481443,-0.294670130350508,0.197,0.272,1
"UQCRH",0.11080196982907,-0.294580612288616,0.515,0.667,1
"ZMPSTE24",0.541208200933222,-0.294488369348201,0.167,0.21,1
"GXYLT1",0.644119560292166,-0.294389127093465,0.136,0.173,1
"PHF1",0.928592055936883,0.294352799814849,0.227,0.235,1
"LSM14A",0.194861527881359,-0.294282309684617,0.47,0.654,1
"TMEM248",0.451229720596091,0.294027321839233,0.439,0.395,1
"KRAS",0.578960657081581,-0.294008952649334,0.424,0.481,1
"CUL3",0.233811601538296,-0.293917034639908,0.379,0.519,1
"SAP30L",0.887717317914335,0.293833036852421,0.152,0.148,1
"CAMK1D",0.635882789857988,-0.293799428301193,0.47,0.481,1
"EMC10",0.805588710133521,-0.293618173601385,0.197,0.21,1
"PGAM1",0.0337956748794476,0.293566082164868,0.879,0.778,1
"GPATCH4",0.908952944430632,-0.293447357125087,0.136,0.136,1
"TAP2",0.793153404788477,-0.293360983122331,0.364,0.383,1
"SCAND1",0.309103397131179,-0.293179321775026,0.379,0.481,1
"TMEM30A",0.565745793764018,-0.292675330312199,0.242,0.272,1
"STK38",0.160875499857946,0.292426450272611,0.682,0.593,1
"NEU1",0.404232604864197,0.292306001643223,0.409,0.37,1
"DCP1B",0.65431643136447,0.292230656364611,0.227,0.198,1
"PSMD4",0.572798020121757,-0.292156630206606,0.364,0.457,1
"NR1H2",0.721475431535505,-0.291940368102817,0.364,0.444,1
"CWC22",0.307707752088677,0.291903620447486,0.258,0.21,1
"C15orf61",0.732047312808419,0.291735427056816,0.152,0.136,1
"PDCD2",0.589933342956816,0.291700315615832,0.273,0.259,1
"CREBBP",0.71683251070932,-0.291656612441704,0.288,0.321,1
"AP3S1",0.565744455916154,-0.291575289203724,0.303,0.37,1
"SLC12A2",0.710877345868153,-0.291442056854694,0.091,0.111,1
"SERBP1",0.153881540157391,0.291377236033498,0.758,0.63,1
"SHKBP1",0.536609872255833,-0.291352588279578,0.212,0.259,1
"TNRC6B",0.308707416237282,0.291281596947587,0.561,0.506,1
"POR",0.344701402976007,-0.291263175193939,0.258,0.346,1
"HSPA8",0.115145568549291,0.291134660362225,0.97,0.914,1
"TM9SF3",0.39794687784558,-0.290777604269086,0.5,0.543,1
"REL",0.370181329767895,-0.290657565938707,0.576,0.667,1
"IGBP1",0.610228874880083,0.290376574463874,0.348,0.333,1
"LPGAT1",0.521389319746765,0.290273486535869,0.197,0.16,1
"FAM177A1",0.309002858268089,-0.290242888925741,0.818,0.827,1
"RTN4",0.319710858743902,0.290181493658448,0.455,0.383,1
"LSP1",0.191484617166619,0.290154090803822,0.818,0.741,1
"CDKAL1",0.284277572106193,-0.290137840901937,0.167,0.259,1
"MKRN1",0.282061035505279,0.289861525080508,0.303,0.247,1
"GLO1",0.648542100294115,-0.289834110040944,0.136,0.173,1
"ARIH1",0.237079357533027,0.289765402693313,0.5,0.444,1
"TMEM183A",0.376123552107634,-0.289740065995427,0.212,0.272,1
"SPOUT1",0.619984847859932,0.289699509256359,0.136,0.111,1
"TUBB2A",0.631007528015208,-0.289677314338521,0.121,0.148,1
"C9orf78",0.199211498531785,-0.289637035464792,0.667,0.741,1
"NUP133",0.554324959195218,-0.28943386509808,0.136,0.173,1
"DHX9",0.246539434696285,-0.289208555770771,0.379,0.494,1
"TIMM10",0.95053581424973,-0.289189973400604,0.212,0.222,1
"USP19",0.741473763188897,-0.289132032128322,0.091,0.111,1
"APEX2",0.799595132123199,0.288864122812694,0.136,0.123,1
"MAP4",0.298362419580963,-0.288687850987547,0.258,0.358,1
"VCAM1",0.721968490643128,-0.28859168950717,0.212,0.247,1
"RABEP1",0.547549529270451,0.288279747352181,0.409,0.407,1
"LRCH1",0.567862093057833,-0.288240671057201,0.167,0.21,1
"OSBPL7",0.461391349748676,-0.288208468884208,0.258,0.321,1
"IRF9",0.621116214239395,-0.288195341740094,0.258,0.321,1
"OSBPL2",0.423327443452876,-0.287852920331283,0.076,0.123,1
"GMDS",0.826965895083168,0.287850305915335,0.197,0.198,1
"POLR2J3",0.617848135806957,-0.287829230314258,0.136,0.173,1
"MRPL3",0.648680686200307,0.287583830864262,0.197,0.173,1
"ICE1",0.782254603193602,0.287395303702332,0.242,0.235,1
"GPN1",0.960058905831775,0.287335186818339,0.227,0.235,1
"DNAJB12",0.841580476044473,0.287145104551135,0.121,0.111,1
"ACSL3",0.499858304866576,-0.287097823931593,0.136,0.185,1
"UBL3",0.585246139618932,-0.286953680557341,0.273,0.321,1
"NMRK1",0.606996278160108,-0.286953209320519,0.167,0.21,1
"GNB1",0.246965039437747,-0.286895674508696,0.561,0.617,1
"STIMATE",0.606520912424534,0.286782220699088,0.121,0.099,1
"PRKCQ-AS1",0.404577896107701,-0.286769757569167,0.258,0.321,1
"ZNF22",0.624505239918374,-0.286746736474936,0.182,0.222,1
"PYROXD1",0.457248869306756,0.286239449694294,0.136,0.099,1
"FKBP8",0.45897074574039,-0.286128001300441,0.424,0.432,1
"ZFAND5",0.388115057948066,0.28592496460389,0.273,0.21,1
"TOMM70",0.37173761316466,-0.285805998681588,0.167,0.235,1
"SELENOF",0.342143188650954,-0.285664019849047,0.455,0.543,1
"FGFR1OP2",0.194058323616611,-0.285646428408409,0.409,0.506,1
"CD47",0.541981040946668,0.285600002090986,0.348,0.309,1
"DTWD1",0.411566629136919,-0.285555190879037,0.136,0.198,1
"ENSG00000287555",0.547108976720468,0.285457307469768,0.182,0.148,1
"RFTN1",0.0783966663954586,-0.285399593576754,0.5,0.654,1
"LCOR",0.690217824606831,0.285268174102052,0.273,0.259,1
"GDI2",0.444219200761008,-0.284958082910237,0.455,0.531,1
"KLRK1-AS1",0.55805004792433,0.284684181603336,0.258,0.235,1
"UAP1",0.162534551872745,-0.284404110459373,0.121,0.222,1
"CDK16",0.773702285486495,-0.284298721217425,0.106,0.123,1
"URI1",0.86298880838003,0.284239834626628,0.364,0.383,1
"DBNL",0.567862871860777,0.284184711494521,0.212,0.173,1
"GFUS",0.56454809276233,-0.283938183590669,0.182,0.235,1
"XRCC6",0.251447260127802,0.283797578069592,0.667,0.617,1
"ATP5F1B",0.0579779992260657,0.283668499901271,0.939,0.852,1
"FAM91A1",0.711965763544398,-0.283664051342345,0.121,0.148,1
"PCID2",0.358670505585393,-0.283587370325643,0.152,0.222,1
"MVP",0.972940608418754,0.283535397672993,0.288,0.296,1
"SQOR",0.541574277213957,0.28341811669145,0.242,0.21,1
"OTULINL",0.851551028176574,0.28338927096102,0.227,0.235,1
"USP47",0.838263635311028,-0.283341712778358,0.455,0.494,1
"KPNA2",0.47281251087534,0.283273404732806,0.409,0.358,1
"TRIM24",0.93863061499436,-0.283225302374511,0.152,0.16,1
"EXOC6B",0.969992365900216,0.283053932942523,0.121,0.123,1
"CCDC174",0.751805192343475,-0.282984456774577,0.242,0.272,1
"CD52",0.118636012010638,0.282978746743812,0.803,0.704,1
"SELENOT",0.178756856710578,0.282895041736929,0.591,0.531,1
"CCDC18-AS1",0.333141764095477,0.282686048445805,0.152,0.099,1
"EIF5",0.434146428330825,-0.282658257337654,0.621,0.63,1
"PDZD8",0.561836180402608,0.282592316744401,0.212,0.185,1
"EMB",0.203264043229744,-0.282562099012701,0.273,0.407,1
"CHD6",0.796394282230869,-0.282523249769674,0.242,0.259,1
"IGFLR1",0.736398110731724,-0.282452628496276,0.106,0.123,1
"TRIM14",0.275131601357247,-0.282449657173964,0.076,0.136,1
"ITM2A",0.976422064895238,-0.282438077905623,0.758,0.679,1
"TRG-AS1",0.425118310004082,-0.282406534945711,0.318,0.395,1
"DNAJC9",0.689829532253211,0.282327738569893,0.303,0.296,1
"ZNF780B",0.629669133670504,-0.282276150101626,0.106,0.136,1
"FBXL3",0.835709526265602,0.282116069972829,0.197,0.198,1
"TOB2",0.24640643651582,-0.281958522968629,0.091,0.16,1
"DNAJC7",0.191701768553077,-0.281832630173108,0.242,0.383,1
"MCU",0.452296388678111,0.281680901768951,0.152,0.111,1
"ILK",0.748254102297472,0.281597686160783,0.348,0.346,1
"COPA",0.345523394751315,0.281469319270257,0.561,0.543,1
"GPAT4",0.699374579359993,0.281400126271626,0.106,0.086,1
"CDC23",0.638155003336428,0.281372442630761,0.106,0.086,1
"NOP14",0.712430135742127,0.281362446381517,0.212,0.21,1
"VPS37B",0.733458479552884,-0.281320305066416,0.5,0.568,1
"GYPC",0.314903079049966,0.281206067222086,0.394,0.321,1
"AGPS",0.587261031436236,0.281128808677598,0.167,0.136,1
"STOML2",0.50723390638481,0.281098283357612,0.258,0.235,1
"BAZ1B",0.514774904908475,0.281071763430468,0.333,0.284,1
"PER1",0.480829596541106,-0.280960389636237,0.136,0.185,1
"PRPF4B",0.354507067757193,-0.280919738967438,0.424,0.519,1
"ENSG00000170846",0.705045804163963,0.280771753238161,0.106,0.086,1
"RALGAPA1",0.621886639063511,-0.280764039467333,0.894,0.852,1
"TPRG1L",0.709167689197347,0.28068595680757,0.258,0.247,1
"ENSG00000291156",0.688082576053234,0.280423315227235,0.106,0.086,1
"LMNB1",0.57152965503769,-0.280359524695265,0.212,0.259,1
"METTL23",0.419611497242632,0.280067501071679,0.288,0.235,1
"RPAP3",0.792558415836088,0.27993925926632,0.121,0.111,1
"PITRM1",0.699952912101478,0.279877603832855,0.121,0.099,1
"PEAK1",0.542729495275213,-0.279864587733053,0.091,0.123,1
"IST1",0.688059420205697,0.279859724710777,0.318,0.284,1
"FBXW5",0.591455288103899,-0.279790992074051,0.197,0.235,1
"PRPF31",0.813977899314255,0.279768637047104,0.258,0.259,1
"SPG11",0.560130473997226,0.279377886462451,0.197,0.16,1
"TMF1",0.200000479746657,-0.279161564980371,0.409,0.519,1
"SSBP4",0.241225643282918,0.278993696951072,0.485,0.395,1
"GMIP",0.657426674924494,0.278895741806574,0.167,0.148,1
"CROCCP2",0.571118046386269,-0.278863109922701,0.121,0.16,1
"CCSER2",0.0403682114595725,0.278746128534331,0.879,0.827,1
"ISG15",0.318168059465666,-0.278744996387831,0.227,0.346,1
"TSC22D1",0.65366207182208,0.278609584220436,0.167,0.136,1
"MLLT3",0.720550442641144,0.278595181608256,0.424,0.42,1
"RHOG",0.851281332204385,-0.278461744574048,0.667,0.617,1
"HMGN1",0.412228603091944,-0.278451291058271,0.545,0.605,1
"SLC39A1",0.678729260000117,0.278283528414518,0.121,0.099,1
"PSD4",0.785397004881105,-0.278260172085371,0.167,0.185,1
"CD69",0.423747602387322,-0.278150148052242,0.47,0.568,1
"RHBDF2",0.571751115019558,-0.278149412680702,0.424,0.469,1
"TRIM56",0.591505069620574,-0.278037197929651,0.091,0.123,1
"PRKCH",0.0999772423483536,-0.277997172877399,0.833,0.914,1
"STX7",0.493480281339464,0.277873182118392,0.152,0.111,1
"GSKIP",0.476572645952072,-0.277805633110965,0.091,0.136,1
"TARS3",0.671967715853831,0.277761010732123,0.227,0.21,1
"API5",0.160294523713702,0.277642486735234,0.455,0.37,1
"USP48",0.707023349855585,-0.277530099453093,0.212,0.235,1
"ROCK1",0.307411776198534,0.277458412659826,0.576,0.543,1
"SETD3",0.360824024245938,0.277446124272335,0.121,0.074,1
"BTBD10",0.659943188782739,-0.277418961919196,0.182,0.21,1
"FAM204A",0.358300930486676,0.277354248169891,0.288,0.21,1
"G6PD",0.216315480778168,-0.277349370380044,0.227,0.321,1
"BCAS2",0.559491150312483,0.277140946262289,0.379,0.358,1
"EIF4E2",0.845729159050915,-0.277073668410347,0.273,0.284,1
"PSMB8-AS1",0.373346671513957,-0.27696153162594,0.197,0.284,1
"GTPBP4",0.671683574984902,0.276824825889965,0.242,0.21,1
"PRR5L",0.619054564347507,0.276818308235914,0.439,0.457,1
"UFM1",0.68917718722862,-0.276746597868923,0.258,0.284,1
"GPATCH2",0.797041758441963,0.276740978087173,0.167,0.16,1
"CCT6A",0.342852963761028,0.276649313237197,0.53,0.469,1
"RPAIN",0.73267126100351,-0.276394567158896,0.333,0.358,1
"WDR7",0.571952736132288,-0.276197211066653,0.182,0.235,1
"VPS13D",0.696974523156558,-0.276161831231923,0.167,0.185,1
"MSANTD4",0.68618500777586,-0.276156921604448,0.091,0.111,1
"ANKRD11",0.610565370153105,0.275978536237421,0.47,0.531,1
"UBR4",0.851547810959112,-0.275868010439996,0.303,0.321,1
"TBC1D10A",0.842970552530586,-0.275795604442021,0.106,0.111,1
"YWHAB",0.0813063675695326,-0.275598485063379,0.773,0.877,1
"AP5Z1",0.541063138739852,-0.275410806589822,0.121,0.16,1
"MAD2L1BP",0.546412795361068,-0.275214764369272,0.152,0.198,1
"MSL1",0.615167170061505,-0.2751302998203,0.106,0.136,1
"MEX3C",0.257347304154261,-0.274980335766702,0.106,0.185,1
"LINC01138",0.539001342856221,-0.27464287337467,0.182,0.235,1
"PIP4K2C",0.501484133889764,0.274562855934547,0.106,0.074,1
"DDOST",0.809862414145788,-0.274478879842976,0.53,0.531,1
"CDC25B",0.792558415836088,0.274444120417301,0.121,0.111,1
"LIX1L",0.948969717351959,0.274349333535182,0.136,0.148,1
"FASTKD2",0.853655495933486,0.274123317705952,0.182,0.173,1
"DNPEP",0.514047428906089,-0.274001418438451,0.182,0.235,1
"DMXL1",0.852709578617839,-0.273902086501678,0.197,0.222,1
"SLC25A6",0.106134419431519,-0.27390192119176,0.803,0.864,1
"GIPR",0.707766613081578,0.273653316812261,0.197,0.173,1
"MYNN",0.888026831039133,0.273597111519988,0.136,0.148,1
"CORO7",0.455768252019838,0.273497696121116,0.379,0.358,1
"PACS1",0.482146453929977,0.273438692622767,0.561,0.556,1
"EWSR1",0.388921461437513,0.273207934128518,0.576,0.519,1
"ITGB1",0.328776316839519,-0.273183260845664,0.288,0.395,1
"RNF41",0.897640382601335,0.273165595803087,0.152,0.148,1
"RLF",0.546045253334097,-0.273066200576452,0.273,0.333,1
"KARS1",0.63193988796807,0.272869467208356,0.182,0.16,1
"RNF4",0.743674670614956,-0.272838493690431,0.227,0.272,1
"MARCHF9",0.34351021157049,0.272704491561135,0.136,0.086,1
"NAB1",0.924509524708555,0.272686144444368,0.136,0.136,1
"QSOX1",0.639417507354101,-0.272608595585104,0.106,0.136,1
"CORO1B",0.939708600569963,-0.272489431991351,0.106,0.111,1
"ATP11B",0.65400515245737,0.27233627907629,0.379,0.42,1
"HACD2",0.828600955773407,0.272292200277344,0.152,0.148,1
"BLZF1",0.414963827756752,-0.272159583153601,0.136,0.198,1
"DAAM1",0.63193988796807,-0.271671973829565,0.152,0.185,1
"CASP4",0.821841504664996,-0.271651100136343,0.242,0.272,1
"GRB2",0.182771776847585,-0.271557034538598,0.47,0.605,1
"SIKE1",0.295769704713559,-0.271408924618948,0.091,0.16,1
"SMAD2",0.650935859058016,0.27140034988309,0.318,0.309,1
"RBBP7",0.275400360886019,0.271322369901069,0.561,0.42,1
"RAD54L2",0.586130880662403,-0.271280307343905,0.152,0.185,1
"MEAF6",0.474160720712664,0.271238487547839,0.47,0.469,1
"MAPK1IP1L",0.574515449394008,-0.271146200618388,0.439,0.481,1
"GOSR2",0.692330642239685,0.271121925983477,0.182,0.16,1
"EXOC4",0.562541904010354,0.270909979735733,0.303,0.284,1
"SMARCD2",0.416421447628934,-0.270907950333339,0.121,0.173,1
"ECI2",0.797041758441963,-0.270699786957882,0.152,0.173,1
"KANSL2",0.727526676220584,-0.270586449451783,0.167,0.185,1
"PWP1",0.262362218484887,0.270422000844963,0.303,0.222,1
"EMC7",0.408914123291091,0.270390405448074,0.455,0.444,1
"IMP3",0.249558637792416,-0.270371698390533,0.303,0.42,1
"U2AF1",0.477975617500322,-0.270213425772948,0.652,0.691,1
"VPS25",0.470584457142687,-0.270154380397419,0.106,0.148,1
"WIPF2",0.532623488226627,-0.269891731359678,0.121,0.16,1
"PHF11",0.639817134833062,0.269745854647919,0.288,0.272,1
"GPBP1",0.377232867519157,-0.269645372839202,0.47,0.543,1
"ITK",0.2552553992792,0.269467299646384,0.682,0.667,1
"CD2BP2",0.588108636630937,0.269307956715321,0.258,0.247,1
"ENSG00000272742",0.789555952255216,0.269224149235176,0.106,0.099,1
"LUC7L",0.350753976190532,-0.268772258069755,0.288,0.37,1
"MANBA",0.754744035333437,0.268759955448189,0.182,0.16,1
"ZFAND1",0.571754105810567,-0.268682220324253,0.091,0.123,1
"IDH3B",0.474983268003931,-0.268675189603076,0.197,0.247,1
"DYM",0.545795725156892,0.26863571636537,0.333,0.296,1
"RALA",0.984280020803149,-0.268619185855351,0.288,0.272,1
"HLA-DPB1",0.175930636974883,0.268566069115115,0.758,0.642,1
"SNRPA1",0.521064205572976,-0.268462671449036,0.227,0.296,1
"SAT1",0.236585568485449,-0.268377903096939,0.576,0.716,1
"DDX17",0.122443124033347,0.26822094499924,0.667,0.58,1
"CCDC186",0.619959673577974,0.268054896685773,0.348,0.333,1
"SHLD2",0.8310303474399,0.267956462035173,0.167,0.198,1
"APLP2",0.351033425199556,0.267758957648718,0.545,0.444,1
"HDDC2",0.910864756590586,0.267611320804438,0.152,0.173,1
"INPP4B",0.79186287722531,-0.26759943908513,0.121,0.136,1
"NUP88",0.809092250639151,0.267534970217918,0.152,0.148,1
"ODC1",0.518245294111804,-0.267428486523851,0.409,0.519,1
"FMR1",0.583941331264988,0.267321549870791,0.182,0.148,1
"DPP7",0.256277696203577,0.267305475574709,0.47,0.42,1
"NDUFS8",0.529974995477337,-0.267147079904401,0.242,0.309,1
"CASP8",0.546930764521625,-0.266891508795506,0.409,0.444,1
"LDB1",0.566753384117396,0.266714150642259,0.273,0.222,1
"TMEM234",0.882602800894238,-0.266412098081519,0.106,0.111,1
"ERP44",0.371301191666073,-0.266412074222464,0.348,0.432,1
"CDK17",0.730749179147114,-0.266294369996414,0.652,0.654,1
"CD96",0.334404831334844,-0.266191778583472,0.833,0.877,1
"MTCH2",0.301527517203942,0.266114576249931,0.318,0.259,1
"CLPP",0.533177833655438,-0.266090156170074,0.212,0.259,1
"TYW1",0.492233522841092,0.266070668472539,0.182,0.136,1
"COMMD8",0.799595132123199,0.2660312676954,0.136,0.123,1
"C12orf75",0.932458034345214,0.265833173830891,0.485,0.543,1
"NECAP2",0.515421685773919,-0.265734038537291,0.197,0.247,1
"VEZT",0.5709241872296,-0.265480159560956,0.212,0.247,1
"MCCC2",0.644315287215694,-0.265445224973814,0.106,0.136,1
"SNRPC",0.311684508303201,0.26539745191515,0.364,0.296,1
"MTFP1",0.839170654797349,0.265344134476067,0.227,0.235,1
"NIP7",0.907579481113286,-0.265064830889986,0.152,0.148,1
"OGFOD1",0.71354269691662,-0.264973366119326,0.136,0.16,1
"TTC1",0.579597592393534,0.264681857692019,0.273,0.259,1
"CABIN1",0.443310949798127,-0.264642030465906,0.227,0.284,1
"DUSP8",0.794415534562534,0.264593180843903,0.182,0.173,1
"BTN3A3",0.699112026020357,-0.264564399695424,0.212,0.235,1
"ENSG00000290921",0.364856877642013,0.26417527442222,0.121,0.074,1
"TAOK3",0.372743589469752,-0.264162063033986,0.288,0.37,1
"IFRD1",0.882975790600521,-0.2640866081832,0.318,0.333,1
"KLRC2",0.348725072388821,0.264054524900077,0.061,0.111,1
"STAU1",0.207518279047708,-0.263866662458671,0.273,0.383,1
"LYSMD3",0.631918176771455,0.263778493599894,0.121,0.099,1
"UHMK1",0.374529773164271,0.263620720190439,0.379,0.309,1
"GAK",0.317494838123671,-0.263478897271825,0.182,0.259,1
"SUDS3",0.718228727800238,-0.263449008129471,0.136,0.16,1
"CD46",0.355816597211461,-0.263382531661819,0.318,0.42,1
"TCF12",0.387063518962147,0.26318097145871,0.379,0.309,1
"MALT1",0.671029657745658,0.263086508703914,0.318,0.296,1
"USP36",0.545708434618143,-0.263013426569856,0.348,0.407,1
"MIB2",0.872599284915567,0.262883616011739,0.152,0.173,1
"TBL1XR1",0.923226158145404,-0.262814507753751,0.394,0.358,1
"NBPF26",0.33665863930194,-0.262761008813898,0.061,0.111,1
"ARAP2",0.101407867912909,-0.262671402866305,0.742,0.852,1
"SF3A2",0.752761267080408,0.26244966674164,0.379,0.395,1
"BTBD6",0.611222153575739,-0.262314183155208,0.212,0.272,1
"BCAP31",0.361927342346985,-0.262161396027995,0.348,0.432,1
"ENSG00000274265",0.447366259562829,-0.262080218126115,0.273,0.358,1
"PLEKHA2",0.331975282638662,0.261522714351251,0.667,0.593,1
"CCS",0.623993810574726,-0.261245775553763,0.167,0.198,1
"ATP6V0E2",0.647370320479226,0.26124268581822,0.121,0.099,1
"SPAG9",0.963854916966088,0.261230838257821,0.348,0.37,1
"FAM174A",0.956914609840038,0.261097088418254,0.106,0.111,1
"REV3L",0.349795801893918,0.260991421522989,0.303,0.235,1
"BBS9",0.751392960903521,0.260946839356285,0.152,0.136,1
"EXOSC9",0.787158026628219,0.260942070153585,0.121,0.111,1
"TSPYL1",0.45378250917867,-0.260768229692289,0.348,0.407,1
"FKBP4",0.426912547221666,-0.260460118043398,0.212,0.284,1
"CCDC69",0.629669133670504,-0.260169694553288,0.106,0.136,1
"SERP1",0.502790959694775,-0.260077277961633,0.773,0.765,1
"CSTPP1",0.976540239308129,-0.25998889066036,0.136,0.136,1
"GTF3C2",0.794438062182589,0.25997336140119,0.136,0.123,1
"PRKCB",0.344559266630995,-0.259696423392009,0.258,0.358,1
"STARD10",0.634535396999694,0.259669006431104,0.136,0.111,1
"PNPLA2",0.404107062317133,0.259610225617897,0.515,0.469,1
"DDX1",0.749621337751104,-0.25959226151334,0.167,0.185,1
"UBR2",0.604298457770767,-0.259487808114595,0.394,0.469,1
"PAFAH1B2",0.656997976809824,0.259443090778887,0.197,0.173,1
"MICU2",0.501848129500611,0.25920625709899,0.242,0.198,1
"ZNF585A",0.959088790855791,-0.259205316175436,0.121,0.123,1
"VPS26A",0.960903518437817,0.259089390140129,0.182,0.185,1
"ARPC3",0.063531246850523,0.259044584505543,0.894,0.864,1
"PTPRA",0.160075963213237,-0.258924251318219,0.288,0.42,1
"FNDC3B",0.591505069620574,-0.258558114249674,0.091,0.123,1
"PPM1M",0.476572645952072,-0.258361555841273,0.091,0.136,1
"PSMA5",0.374049745689036,-0.258142634042821,0.545,0.667,1
"GSK3A",0.217409611809229,0.257991552776242,0.333,0.247,1
"AP1G1",0.586583378705716,0.257861526827095,0.242,0.21,1
"NFYC",0.636286755155397,0.257255222654734,0.197,0.173,1
"PRKAR1A",0.335978433778231,0.257062263229819,0.636,0.617,1
"SRA1",0.926762382579403,0.256935829437829,0.258,0.284,1
"C2CD3",0.488913459172554,-0.256855393254968,0.076,0.111,1
"EED",0.609196323539815,-0.256800978634513,0.136,0.173,1
"PKM",0.30750353543053,0.256753678254303,0.606,0.568,1
"ZFAS1",0.379764085716458,-0.256689135215298,0.576,0.63,1
"COG8",0.877950167530688,0.256655852934727,0.136,0.136,1
"AP1M1",0.262831097752768,-0.256624743458495,0.258,0.37,1
"EXOSC1",0.544108076961834,-0.256584917298697,0.227,0.296,1
"POLR3GL",0.807347083532951,-0.256549125516836,0.121,0.136,1
"PIM3",0.446185305294779,0.256541971825613,0.485,0.42,1
"CCDC12",0.324864586194739,0.256450528012998,0.439,0.42,1
"MBNL2",0.78281337640189,-0.256421704530186,0.182,0.198,1
"NUB1",0.660064387824495,-0.256386064264939,0.333,0.37,1
"LCORL",0.515364281646547,-0.256330870628272,0.136,0.185,1
"PHC2",0.693720076539983,0.256282272416588,0.106,0.086,1
"EMC8",0.459385862705423,-0.256281789648705,0.167,0.222,1
"KAT2B",0.434854887846284,-0.256068147184688,0.106,0.16,1
"DHX36",0.325755145572816,0.256012924622868,0.47,0.407,1
"SYNCRIP",0.585650608343113,0.255958201226813,0.303,0.284,1
"RBM39",0.19867094977579,-0.255912675713469,0.712,0.815,1
"USP10",0.514770602192369,0.255880257744724,0.273,0.235,1
"NCK2",0.526553456905001,-0.255782030942037,0.182,0.222,1
"SETX",0.664670717056798,0.255741716557487,0.288,0.272,1
"DDX10",0.607608327838063,-0.255727966302293,0.227,0.259,1
"IDH3A",0.727526676220584,-0.255718929509941,0.167,0.185,1
"EIF4EBP2",0.882072871475835,-0.255665926298158,0.227,0.21,1
"TMEM259",0.510945763987271,-0.255571873225776,0.303,0.37,1
"CLK2",0.530164158329811,-0.255498981698595,0.152,0.185,1
"NAP1L4",0.417771230701511,-0.2554532786856,0.485,0.58,1
"PIEZO1",0.97043104393934,-0.25531752488768,0.106,0.099,1
"RPL41",0.0183694916649807,-0.255229353808109,1,1,1
"RAB39B",0.81425717825051,0.255220783914,0.121,0.111,1
"OXNAD1",0.507500688132334,-0.255189242135058,0.091,0.136,1
"SUPT16H",0.844565776093731,0.255100473536023,0.333,0.346,1
"APTX",0.986965500990171,0.255018684137941,0.136,0.136,1
"F2R",0.767143204703199,-0.254977223288815,0.303,0.321,1
"PTS",0.565745793764018,0.25486103659729,0.288,0.235,1
"UPF2",0.515555657313606,-0.254596479682166,0.242,0.309,1
"COX4I1",0.120658060985674,-0.254314516846443,0.955,0.951,1
"SCFD2",0.882602800894238,-0.254150321410062,0.106,0.111,1
"TNRC18",0.924152302725903,0.254133164897457,0.167,0.173,1
"ADRM1",0.371069028208756,0.254066030906252,0.561,0.568,1
"TYK2",0.829773143049024,0.25400102054067,0.106,0.099,1
"SENP2",0.933356830474961,-0.253700600749207,0.182,0.185,1
"ZNF33A",0.568042885754413,-0.253610787253759,0.152,0.198,1
"NAMPT",0.755742187478693,-0.253453001536398,0.182,0.21,1
"FDX1",0.230861530565816,0.253359136543735,0.53,0.457,1
"HMGCS1",0.720913069121414,0.253330189528895,0.167,0.148,1
"TPP2",0.468416994553772,-0.253159690140973,0.197,0.247,1
"EID1",0.353944029929513,0.253102083989919,0.485,0.432,1
"NDUFA6",0.293046042544728,0.253016899052238,0.561,0.494,1
"COMT",0.817712394786544,-0.252837324840383,0.121,0.136,1
"TANK",0.418137475936935,0.252619582805122,0.47,0.42,1
"JMJD6",0.41825864185733,-0.252513636635129,0.515,0.617,1
"RWDD4",0.485905152409539,-0.252434137081836,0.152,0.198,1
"ABCF1",0.346732982359084,0.251713586342935,0.348,0.296,1
"FBXO11",0.614985707787994,-0.251521190749167,0.394,0.432,1
"CENPF",0.515777276043447,0.251422386966374,0.227,0.185,1
"SUN2",0.202852210733647,0.251166168809871,0.667,0.654,1
"SMARCA4",0.432272215190126,0.250947142367941,0.182,0.136,1
"NOB1",0.747235399443801,-0.250684085562943,0.182,0.21,1
"AP2A2",0.757645040712956,-0.250576081042285,0.106,0.123,1
"MTRR",0.373667675412515,-0.250374482598632,0.076,0.123,1
"CAP1",0.388524157822912,-0.250353672004371,0.682,0.691,1
"MRPS31",0.788081525312371,-0.250168567117508,0.136,0.148,1
"LMAN1",0.694518917800897,0.250147230136156,0.242,0.222,1
"NXT1",0.568042885754413,0.250063245517695,0.197,0.16,1
"SCAF1",0.882762278101168,0.250019336117665,0.152,0.148,1
"ZNF431",0.603737621209521,-0.250004684611854,0.167,0.198,1
"ASAP1",0.767319107334155,-0.249775765234078,0.303,0.309,1
"ATMIN",0.827892790890031,-0.24967583240161,0.106,0.123,1
"MED13",0.337300075651506,-0.249665268511867,0.197,0.272,1
"RPS19BP1",0.543689594124079,0.249585075993735,0.379,0.346,1
"CHMP4A",0.624162430870064,-0.249271886316411,0.333,0.37,1
"PPP4R2",0.269202344260321,0.249035223951713,0.424,0.333,1
"SPRING1",0.79186287722531,-0.24899561138009,0.121,0.136,1
"TSPOAP1-AS1",0.511626508492484,0.248802159749315,0.258,0.21,1
"NIPBL",0.397764428458825,0.248780248165548,0.606,0.593,1
"MPP7",0.548658524734119,0.248755146439255,0.242,0.21,1
"CDC42",0.197771904173077,0.248738771631231,0.773,0.79,1
"POFUT2",0.523141611109899,-0.248508814500838,0.076,0.111,1
"SNHG29",0.243737714758792,-0.248405143497167,0.803,0.926,1
"MCM3AP",0.858059629897588,0.248396761831722,0.152,0.148,1
"TOR1A",0.571993477257367,-0.2483607334898,0.197,0.247,1
"RBBP5",0.369839550890863,-0.248347144380187,0.152,0.21,1
"HEXA",0.444602593393456,0.248059323532252,0.212,0.173,1
"NAP1L1",0.635031601643668,-0.247805001586149,0.47,0.506,1
"MTURN",0.332696894336241,-0.247685124298183,0.061,0.111,1
"TUT7",0.852179451188009,-0.247542476607211,0.379,0.395,1
"ZC3H15",0.547340012631073,-0.247381006867681,0.439,0.457,1
"RIOK3",0.655404567776916,-0.247223597718191,0.303,0.346,1
"COPS3",0.508198177616218,0.247172189438333,0.273,0.235,1
"BCR",0.898600881349689,0.247091757948286,0.136,0.136,1
"BTAF1",0.474758599708611,-0.247085427564704,0.212,0.272,1
"SH3KBP1",0.681579399715162,-0.246990446964367,0.591,0.691,1
"WDTC1",0.634535396999694,-0.246967695933346,0.106,0.136,1
"ARHGEF1",0.314561482901388,-0.246892862157392,0.727,0.753,1
"ADAM10",0.47224238147715,0.246765343299226,0.318,0.284,1
"SECISBP2L",0.744212614058992,-0.246726122220347,0.348,0.37,1
"PTAR1",0.651844270650578,-0.24667054644814,0.182,0.21,1
"RABL2B",0.671274849421693,0.246668578741457,0.106,0.086,1
"METTL9",0.782549074003438,-0.246561354658753,0.258,0.309,1
"PRELID1",0.208176569521115,0.246218623850428,0.606,0.494,1
"RBM22",0.67464091894326,-0.245944859344265,0.212,0.259,1
"SETD5",0.9132262719471,-0.245939882904377,0.318,0.309,1
"ARMCX3",0.519356579600103,-0.245787102242503,0.182,0.222,1
"ZNF830",0.679008745122895,0.245563339585225,0.242,0.222,1
"TMUB1",0.921397819275346,-0.245295155617456,0.258,0.259,1
"NMT1",0.333775943715221,-0.245191976636299,0.167,0.247,1
"MNAT1",0.294433149328715,-0.245098910643889,0.167,0.247,1
"MTFR1",0.765646278116177,-0.245023290210372,0.136,0.16,1
"GLMN",0.515777276043447,0.244957362614147,0.227,0.185,1
"ZDHHC7",0.778651428159491,0.244893654279398,0.182,0.173,1
"MRPS5",0.702910522929304,-0.244873627834573,0.288,0.333,1
"IRF4",0.546217999081391,-0.244628403797368,0.273,0.321,1
"ENSG00000290823",0.73076264767717,0.244585369133564,0.348,0.358,1
"IK",0.375022616811851,-0.24452714854638,0.561,0.605,1
"NCOA2",0.958133923191848,-0.24451946450843,0.318,0.296,1
"KLRG1",0.581087195572676,-0.244308495039495,0.227,0.272,1
"MFN1",0.789856959597599,-0.24416409349802,0.106,0.123,1
"RAPGEF1",0.389836249929756,0.244033379191839,0.348,0.284,1
"CYB561D2",0.733845566754717,0.243877748436956,0.242,0.222,1
"UBQLN1",0.497636471939881,0.243827573753527,0.288,0.259,1
"TIPARP",0.843293184403942,0.243792884854485,0.227,0.235,1
"ECSIT",0.829773143049024,0.243786552728331,0.106,0.099,1
"TDP2",0.532623488226627,-0.243697164309469,0.121,0.16,1
"EIF3I",0.379553223073853,0.243695439661292,0.439,0.42,1
"PBRM1",0.331645349433789,-0.243681218885674,0.303,0.395,1
"GGA3",0.619984847859932,-0.243614443200946,0.106,0.136,1
"APH1A",0.32769616457103,0.24355526364657,0.409,0.358,1
"TMEM14B",0.916259485702953,-0.243512055412149,0.197,0.185,1
"MSC",0.752315399732899,-0.243238164421138,0.106,0.123,1
"UBA1",0.671517322988741,0.243098197493357,0.258,0.247,1
"MFSD11",0.400988839293009,0.24308929491571,0.455,0.407,1
"ATP6V0A2",0.727892219549323,0.24277582110309,0.106,0.086,1
"RINL",0.795262364455451,-0.242654918254561,0.106,0.123,1
"TAF6",0.555841421634967,-0.242154020807734,0.182,0.222,1
"NSMCE3",0.592917118423784,-0.24212971323425,0.364,0.407,1
"SEL1L",0.708133825899553,0.241917075378028,0.288,0.272,1
"SHARPIN",0.555193717942113,-0.241829250048432,0.136,0.185,1
"NBEAL2",0.877368076155886,-0.241803847305718,0.167,0.16,1
"SLAIN2",0.710158061399972,-0.241703481271657,0.212,0.247,1
"NDUFB10",0.644954961960548,-0.24156126773627,0.333,0.358,1
"TMEM181",0.744157748384592,0.241474450321692,0.227,0.21,1
"TPM3",0.215006618899772,0.24140178712012,0.818,0.827,1
"DUSP22",0.51160477129979,0.241383996699363,0.106,0.074,1
"PLRG1",0.48414873248888,0.241332662861546,0.227,0.185,1
"ZC3H11A",0.962654808750409,0.241326262833415,0.106,0.111,1
"PRIM2",0.506215866058383,0.241168263255682,0.152,0.111,1
"ELP4",0.662975959408092,0.241103229008548,0.121,0.099,1
"SET",0.215603630482652,-0.241081848431905,0.682,0.753,1
"NDUFA9",0.822845297198195,-0.240998743476213,0.197,0.222,1
"KHSRP",0.488048842167147,-0.240994814877754,0.121,0.173,1
"TSC22D3",0.624164214797849,0.240964305327247,0.864,0.802,1
"RBM17",0.746668794740632,0.24091408367935,0.394,0.444,1
"ENSG00000290832",0.607740288834803,0.240907580759134,0.227,0.198,1
"HDLBP",0.338292036391246,-0.240453492303396,0.227,0.296,1
"PCED1B",0.180564505987799,0.24044112894988,0.591,0.444,1
"EIF2AK1",0.949285439524676,-0.240407907651055,0.212,0.198,1
"CASD1",0.84715325725483,0.2402407484508,0.106,0.099,1
"ADGRE5",0.211727447190909,0.240051762803093,0.924,0.877,1
"ADAR",0.66271509470388,0.239755631655379,0.545,0.593,1
"DDIT3",0.347611173609256,-0.239547314083933,0.167,0.247,1
"ATP6V1E1",0.830699391513757,-0.239279953528156,0.227,0.247,1
"KMT2B",0.722421046539308,0.23920309560908,0.197,0.185,1
"PRDX5",0.354602071240721,0.239195598022693,0.545,0.506,1
"S100A6",0.395506202567335,-0.239045205629954,0.788,0.84,1
"MED8",0.652833937389804,-0.238933428661344,0.167,0.198,1
"FYTTD1",0.35021402737999,0.238828896790311,0.424,0.346,1
"EMP3",0.251318937987268,0.238583588738112,0.909,0.938,1
"RBM18",0.915189794456496,0.238515064910485,0.197,0.198,1
"ZDHHC3",0.951714514038009,-0.238434547054003,0.182,0.185,1
"TCF25",0.127682120504518,-0.238382230213291,0.636,0.741,1
"SNHG1",0.567459713100127,0.23836246433453,0.152,0.123,1
"CDK4",0.662975959408092,0.238280322242718,0.121,0.099,1
"RASSF2",0.7583397483416,0.238086834262603,0.091,0.111,1
"ZNF292",0.303471930269181,0.238015446358311,0.5,0.42,1
"MTR",0.604661736726839,0.237951066372381,0.167,0.136,1
"HMGN4",0.489189657345262,-0.23778038572875,0.394,0.444,1
"CLIP4",0.47310354766852,0.237681586985353,0.227,0.173,1
"SPG7",0.510544425371584,0.237651775219098,0.273,0.222,1
"TRAPPC6B",0.495956924881179,-0.237613010853781,0.121,0.173,1
"WASF2",0.284738545389034,-0.237384032444768,0.409,0.543,1
"RMND1",0.773901604827729,0.237103011388892,0.136,0.123,1
"CAND1",0.534433413522986,-0.237079607173015,0.303,0.383,1
"AKT2",0.596320741533067,-0.237075302274392,0.136,0.173,1
"MMADHC",0.497512763386274,-0.237003777862638,0.258,0.321,1
"UPF1",0.911651863802356,0.23698035437499,0.242,0.247,1
"GLB1",0.498568170665534,-0.236974973150563,0.076,0.111,1
"NDUFA7",0.574011252986635,0.236901950237528,0.197,0.16,1
"PNRC1",0.210510626010217,0.236884217445616,0.939,0.951,1
"ASH1L",0.464843875505125,-0.236860201083674,0.576,0.58,1
"SELPLG",0.258736494403877,0.236578356400807,0.788,0.778,1
"NDUFA5",0.56917431638778,-0.236249667792329,0.227,0.284,1
"TRAM1",0.26121396217491,0.236198907336305,0.591,0.506,1
"SSR2",0.455096499087515,-0.235684848104394,0.727,0.79,1
"CCDC14",0.815352696670455,0.235536233110967,0.091,0.111,1
"TERF2IP",0.122561394356762,0.235531126350704,0.773,0.654,1
"SPATA13",0.604088968008667,0.235415211134803,0.455,0.444,1
"TRMT112",0.114421570955138,0.235363368725176,0.727,0.667,1
"UBE2R2",0.349585951610766,0.23535335801307,0.47,0.407,1
"YTHDC1",0.694763977122728,0.235336825436058,0.394,0.37,1
"CHKB",0.582947347562267,0.234867478032886,0.167,0.136,1
"TRIM37",0.981011219331405,0.234864270782355,0.167,0.173,1
"PSMC5",0.354360664268058,0.234843054137102,0.364,0.309,1
"CNPY3",0.689898527062252,0.234801647863031,0.288,0.272,1
"PHYKPL",0.559184944970661,-0.234567471009778,0.242,0.284,1
"AATF",0.510945763987271,-0.234212030516777,0.303,0.37,1
"IL2RB",0.826172541723661,0.234112399288868,0.364,0.407,1
"DARS1",0.236261736428341,-0.233869984541662,0.182,0.296,1
"PYHIN1",0.747287610914538,0.233729676712322,0.364,0.37,1
"CHN2",0.688082576053234,0.233598686250492,0.106,0.086,1
"SYT11",0.848136986474926,0.233483785071555,0.227,0.21,1
"LAMTOR3",0.743674670614956,0.233085499837382,0.258,0.247,1
"GPAA1",0.679207319219461,0.233050387155545,0.182,0.16,1
"FAM50A",0.721285524592138,0.233028735544641,0.273,0.247,1
"WSB1",0.389698608444428,-0.23300579725487,0.53,0.605,1
"PSMD7",0.803773579677323,-0.233001763636377,0.439,0.444,1
"LPAR6",0.627712864533682,-0.232876885338895,0.152,0.185,1
"ZZEF1",0.507133636565423,-0.232707018181265,0.242,0.296,1
"DYNLL1",0.871287063928306,0.232481816759685,0.636,0.617,1
"SCAF4",0.71802414812675,0.232316891642191,0.242,0.222,1
"PCBP1",0.299200520058228,0.232226473579554,0.879,0.951,1
"LSM5",0.881336873482786,0.232118616428784,0.258,0.259,1
"EMC2",0.615167170061505,-0.231981652327874,0.106,0.136,1
"ANXA1",0.987555600149614,-0.23195830022239,0.894,0.84,1
"PRR13",0.408541779621827,-0.231928142479472,0.652,0.667,1
"TXN2",0.765661076678957,0.2318184631319,0.121,0.111,1
"STIM2",0.996246185918346,0.231807859394125,0.318,0.321,1
"SBNO1",0.953629709622353,-0.231725334076057,0.288,0.296,1
"BRAP",0.787158026628219,0.231656760215386,0.121,0.111,1
"KDM2B",0.271993119412769,-0.231518968938959,0.47,0.617,1
"EP300",0.460341624732097,-0.231484290774415,0.212,0.284,1
"EIF3D",0.512730870608363,-0.231459560071909,0.53,0.593,1
"UTY",0.281423254137211,-0.231453662718584,0.227,0.333,1
"USP8",0.998017819228876,0.231383639551609,0.258,0.284,1
"DLG1",0.445292245106806,-0.231365577012657,0.182,0.247,1
"ANKRD52",0.613447941969767,0.231256671502476,0.167,0.136,1
"TRPC4AP",0.723804140526717,-0.230752084519425,0.439,0.531,1
"TSSC4",0.879612462494212,0.23010226202612,0.288,0.309,1
"PMAIP1",0.61896694796923,-0.230027705214114,0.167,0.21,1
"CD99",0.206359330904489,-0.229763448458989,0.833,0.877,1
"ZNF100",0.852756998390809,-0.229727222461261,0.136,0.148,1
"IDS",0.29744611204483,0.229494482611805,0.909,0.951,1
"SGF29",0.40473787617046,-0.229437112717198,0.106,0.16,1
"ELOF1",0.919611494953827,-0.229340627217299,0.182,0.185,1
"DUSP2",0.118308052326321,-0.22928960246386,0.864,0.988,1
"PIP4P1",0.834629656648574,0.229063552732586,0.152,0.173,1
"LARP1",0.838395906088815,0.228778432881229,0.152,0.148,1
"PIK3IP1",0.975067206147849,-0.228770324096711,0.288,0.309,1
"GRIPAP1",0.518796470139308,0.22875663003074,0.136,0.099,1
"RNF168",0.567101904484814,0.228642697785675,0.409,0.37,1
"SIVA1",0.638016970100445,0.228490818388948,0.348,0.296,1
"SELENOW",0.262611766720935,-0.228387914442278,0.394,0.481,1
"ENSG00000291203",0.635660785646868,-0.228329849123362,0.121,0.148,1
"SCYL3",0.626368852772858,0.228310422372522,0.152,0.123,1
"SYVN1",0.520208262179894,-0.228298037245077,0.152,0.21,1
"KCNQ5",0.516542418159656,0.22827327858399,0.121,0.086,1
"TCP1",0.543520494221584,-0.228252404320084,0.303,0.383,1
"HNRNPA0",0.443762229702697,-0.228006655657978,0.621,0.765,1
"SIRT7",0.702322735560001,-0.227988543713308,0.212,0.247,1
"KPNA4",0.996341799645279,-0.227839321783059,0.348,0.346,1
"LCP1",0.482090065732087,0.227710707245318,0.788,0.852,1
"LAP3",0.213783616503695,-0.227694265012112,0.258,0.407,1
"GTF2B",0.776402281134358,-0.227682894419234,0.424,0.42,1
"MAP3K4",0.733313057829081,0.227626522618755,0.136,0.123,1
"SHPRH",0.993619422332239,0.227540538810647,0.212,0.235,1
"ATP5MJ",0.292894739383578,-0.227524689897766,0.439,0.556,1
"DDX3Y",0.501343902395639,-0.227499869281212,0.242,0.309,1
"CLSTN1",0.829723050384434,-0.227469264584524,0.258,0.259,1
"LIPA",0.696725929952544,0.227283045822557,0.182,0.16,1
"SF3A3",0.934585007591439,0.227268817841971,0.364,0.407,1
"SDF4",0.89059867547233,0.226841737313149,0.318,0.37,1
"BTBD1",0.756770035589888,0.226790488929002,0.212,0.198,1
"POLR2A",0.547797918564023,0.226642471166925,0.606,0.58,1
"RMND5A",0.242376805771023,-0.226626481432554,0.288,0.407,1
"MIEN1",0.365645724316003,0.22660332393053,0.197,0.136,1
"DNM2",0.380228719665634,-0.226580147453143,0.364,0.457,1
"USP14",0.405526352316272,-0.226454277024061,0.303,0.395,1
"BAZ1A",0.31023136993912,-0.226355946818623,0.379,0.469,1
"ASB6",0.634535396999694,0.22610918754007,0.136,0.111,1
"C4orf3",0.491228042476764,0.226063926132495,0.545,0.494,1
"NEMF",0.610855499754292,0.226039942859504,0.273,0.259,1
"TMEM59",0.42046232687357,-0.225778285854637,0.652,0.654,1
"ABRACL",0.98857714100237,-0.225733291168678,0.318,0.296,1
"RORA",0.502794884039645,0.225509003938542,0.652,0.605,1
"SNHG7",0.963428879189895,-0.225459862697066,0.212,0.222,1
"CCDC92",0.719806117328698,-0.225411623110026,0.197,0.235,1
"KIN",0.563285720469346,0.225283981057837,0.227,0.185,1
"SCAF11",0.23967827214293,0.225275407173116,0.773,0.728,1
"TALDO1",0.22263383331067,-0.225230426950185,0.303,0.444,1
"ELOC",0.468698595189002,0.225022618037343,0.394,0.37,1
"SLC16A7",0.700790621227798,-0.224987676738195,0.152,0.173,1
"ERGIC2",0.992628502449143,0.224708352859699,0.152,0.16,1
"SURF4",0.429063519818842,0.224429683038155,0.545,0.58,1
"SLC25A5",0.551479373253455,-0.224300614755588,0.636,0.654,1
"HYCC1",0.538178540011289,-0.2240649350636,0.076,0.111,1
"CYSTM1",0.421417093773525,-0.223981007354516,0.545,0.654,1
"SNU13",0.165471994210781,0.223731399470943,0.788,0.728,1
"RNASET2",0.932996937588922,0.223730775775354,0.197,0.198,1
"STT3B",0.677777954331693,-0.223610490072065,0.303,0.358,1
"LIMD2",0.120550015946842,0.22358339700356,0.894,0.926,1
"STK39",0.89782197552361,0.223484304187562,0.288,0.296,1
"ABCD4",0.847740701889808,-0.223478812113544,0.136,0.148,1
"SH2D2A",0.53179228832573,0.223423828468322,0.833,0.79,1
"FASTKD1",0.784151043286922,0.223403438906258,0.136,0.123,1
"GPR174",0.353179231074511,0.22326703030695,0.394,0.309,1
"RPUSD3",0.746997541418715,-0.223259739412571,0.106,0.123,1
"CFAP97",0.867353943034656,-0.223248149072005,0.136,0.123,1
"NDUFS3",0.760981816545665,0.223166087060733,0.364,0.37,1
"MRPL12",0.702248543204779,-0.223127886901408,0.121,0.148,1
"PSMA4",0.813426241128934,-0.223080794731702,0.273,0.272,1
"UCKL1",0.773901604827729,0.22306720401095,0.136,0.123,1
"NCOR2",0.919316488851743,-0.222779598211455,0.227,0.222,1
"IL27RA",0.661965250007941,0.222770709531322,0.303,0.272,1
"TCP11L2",0.424878874312074,0.222734371987442,0.318,0.247,1
"SNHG32",0.977355971998898,0.222578763989413,0.227,0.259,1
"ACTR8",0.825161374603519,0.222433884564464,0.121,0.111,1
"PPP4R3A",0.755837149682133,-0.22234981307681,0.348,0.383,1
"CXorf38",0.864608035461247,0.222267761083239,0.106,0.099,1
"LYSMD2",0.357610397303601,-0.22212702852258,0.318,0.395,1
"VPS28",0.558826948031657,-0.221968811548602,0.318,0.395,1
"DPH1",0.321300872098315,0.221902273379225,0.227,0.16,1
"VPS26B",0.504867790456621,-0.221888512399366,0.197,0.259,1
"CLIC1",0.700617256356097,-0.221871035765541,0.742,0.765,1
"CTDNEP1",0.396270485104879,0.221783262872518,0.485,0.432,1
"BABAM2",0.596870103317519,0.221774115765418,0.273,0.259,1
"NDUFAF4",0.789289961312992,0.221551902477841,0.136,0.123,1
"CIB1",0.788934096721439,-0.221456885334846,0.818,0.802,1
"ATG2B",0.528129858185338,-0.221078374284023,0.076,0.111,1
"GSTP1",0.337235262923182,0.221064142092729,0.591,0.519,1
"MANF",0.315047566003849,0.220957579173057,0.364,0.296,1
"ELL2",0.489878982752846,-0.220722051342327,0.318,0.383,1
"SEC24B",0.821723717932962,0.220639604409373,0.303,0.284,1
"HMGA1",0.620527485694473,0.220464035079659,0.318,0.309,1
"FAM118A",0.552271869645113,-0.220388169785845,0.152,0.198,1
"CSNK2A1",0.600148605104331,0.220368361470371,0.288,0.259,1
"TNK2",0.979885833951399,0.220191348875876,0.106,0.111,1
"VCP",0.718303658597202,-0.220161453958451,0.652,0.691,1
"LSM8",0.351165730617886,-0.219909314265827,0.318,0.42,1
"CD55",0.0567854950933587,0.21989361986511,0.545,0.383,1
"STAT2",0.838395906088815,0.219800472196893,0.136,0.16,1
"TPR",0.455372753617504,-0.219452939871237,0.485,0.568,1
"CEPT1",0.535896454828717,0.219078452897739,0.121,0.086,1
"NDUFB7",0.859825180864643,0.218895864674789,0.227,0.235,1
"CD63",0.955077483197229,0.21884055044996,0.348,0.383,1
"PFDN6",0.860655549853651,-0.218560391587815,0.152,0.16,1
"PIK3R5",0.369808845322809,0.218550714641396,0.303,0.247,1
"WAC",0.198854166900502,-0.21846242239125,0.53,0.642,1
"PPIG",0.439544986230985,-0.218222659455935,0.364,0.457,1
"CD164",0.758357096533405,0.218005362537361,0.515,0.494,1
"SPSB3",0.67847660813798,-0.217877804138185,0.455,0.494,1
"KMT2C",0.982388083947577,-0.217624080997953,0.394,0.395,1
"SRSF11",0.138540840293488,0.217508345056843,0.788,0.679,1
"FUS",0.531254466161179,0.217456686719208,0.682,0.58,1
"HNRNPDL",0.260962791719724,-0.217318683976091,0.652,0.778,1
"GATAD2B",0.627572569676632,0.2169680323158,0.485,0.444,1
"PGK1",0.310212425723905,-0.216942838092909,0.939,0.901,1
"CPB2-AS1",0.619984847859932,0.21678595132794,0.106,0.136,1
"GPATCH8",0.563076701906694,0.216684217766415,0.47,0.432,1
"GSDMD",0.36165409244739,-0.216501776390016,0.152,0.222,1
"MRPL22",0.505222579127027,-0.216376838424812,0.258,0.321,1
"MAPK1",0.187430019002141,0.216346081363237,0.652,0.593,1
"CSNK1A1",0.836958642491979,0.216127721920788,0.5,0.506,1
"NDUFAF8",0.600215832099876,-0.216090180157219,0.152,0.198,1
"VRK2",0.741556895724901,-0.215992455680016,0.152,0.173,1
"EIF1B",0.746481494725439,0.215877588794029,0.379,0.383,1
"SELENOK",0.811402240040891,-0.215855411871655,0.697,0.716,1
"GFPT1",0.879340716637165,-0.215784556835375,0.242,0.272,1
"BBS7",0.320993098120474,-0.215759309176126,0.061,0.111,1
"ABHD12",0.816979943386446,-0.215509154169847,0.106,0.123,1
"DYNC1LI2",0.582104000379721,0.215278198953666,0.227,0.185,1
"FTH1",0.319721653975557,0.215265801513994,1,1,1
"PTK2B",0.822665550780604,-0.215223623794924,0.348,0.395,1
"HELQ",0.858059629897588,0.21502276223049,0.152,0.148,1
"TMEM216",0.657757380788487,0.214968888158289,0.121,0.099,1
"ISG20",0.778310019856821,-0.214914841798338,0.712,0.728,1
"CSE1L",0.50343326959847,-0.214829312637975,0.076,0.111,1
"ATP5MK",0.376764247234349,0.214809004393826,0.636,0.568,1
"S100A4",0.506216410516297,-0.214514910838171,0.652,0.679,1
"RPL37",0.0101031370928663,-0.214373916647384,1,1,1
"RNMT",0.919566611982254,0.214354311302286,0.273,0.284,1
"CCNY",0.662105728305642,-0.214266101378108,0.364,0.407,1
"FHIP2B",0.596491359841284,-0.213861743240338,0.091,0.123,1
"CLTC",0.192581662756005,0.213780246979802,0.47,0.383,1
"ZNF552",0.591505069620574,-0.213627183821346,0.091,0.123,1
"ENSG00000287263",0.876325693688657,0.21335179013831,0.212,0.21,1
"SARAF",0.11340041868054,0.213287828601626,1,1,1
"U2AF1L4",0.962654808750409,-0.213264975657163,0.106,0.111,1
"PAXBP1",0.840880150205946,0.213136885560414,0.242,0.235,1
"NPHP3",0.708118985279376,-0.213119031123137,0.091,0.111,1
"NEK7",0.280306431616896,0.213104755249147,0.576,0.494,1
"GTPBP1",0.423377258731322,-0.213071653847061,0.258,0.333,1
"TACC1",0.466881039631164,0.213025160117046,0.515,0.481,1
"NIBAN1",0.199051564239951,-0.212988466897206,0.788,0.815,1
"DHRS7",0.545907608187839,-0.21282217949934,0.318,0.383,1
"ATP6V0C",0.664851156055574,0.212572018170716,0.833,0.84,1
"LINC02446",0.15947626978285,0.212183182391726,0.439,0.333,1
"ZNF217",0.852524401395125,0.212022546564051,0.409,0.407,1
"PPP1R15A",0.528139162928325,0.212005335712344,0.348,0.309,1
"ENSG00000290569",0.588104053809257,0.211897541123965,0.182,0.148,1
"UPP1",0.673404560347686,0.211883587152318,0.409,0.37,1
"RPL34",0.00325835438902262,-0.211834374331995,1,1,1
"COX5A",0.459013992594577,-0.211659784456943,0.515,0.617,1
"ZC3HAV1",0.749360753229958,-0.211426362415741,0.364,0.358,1
"PMEPA1",0.167226227957767,0.211105960724605,0.333,0.21,1
"FAF2",0.402173192912742,0.211073806010084,0.182,0.123,1
"CCDC167",0.805724439926851,0.210996419311909,0.273,0.272,1
"MORC3",0.92690290815359,0.210869444050684,0.303,0.333,1
"KCMF1",0.619667745890046,0.210826836928394,0.303,0.309,1
"RPRD1B",0.831720510616211,0.210781624930155,0.152,0.16,1
"ZBTB25",0.714376455996559,0.210778336289995,0.182,0.173,1
"HNRNPL",0.704543936801658,-0.210717852443469,0.561,0.617,1
"ATP6V1F",0.129543914255015,0.210510299120452,0.53,0.42,1
"ISG20L2",0.789902752078861,0.210370744929063,0.182,0.173,1
"DCPS",0.499936457694512,-0.210354192709696,0.121,0.173,1
"STAMBPL1",0.676859689295192,0.210210841593319,0.106,0.086,1
"PPP1R12A",0.32712425787728,-0.209940008144939,0.53,0.58,1
"ZNF394",0.782019365546257,0.209877486133401,0.182,0.16,1
"VASP",0.475745158825599,0.209768583375602,0.53,0.506,1
"ZFP36L2",0.565187329057605,-0.209727119334341,0.833,0.889,1
"MAP2K1",0.683149110605049,0.209522463516889,0.379,0.395,1
"TMEM109",0.87899695933529,0.209374393744022,0.227,0.259,1
"CTNNBL1",0.754065706410154,0.209342488558365,0.182,0.173,1
"SMC3",0.76745294777095,0.208985000270959,0.303,0.296,1
"CNIH2",0.596063482331404,0.208854813361189,0.136,0.111,1
"NUDT16L1",0.78005391608112,0.208805443544608,0.152,0.148,1
"ZC3H7A",0.202795665103147,-0.208648749442122,0.121,0.222,1
"XCL2",0.78196744319951,0.208585084426604,0.242,0.222,1
"JKAMP",0.768791505833406,0.208509691360037,0.136,0.123,1
"ATXN7",0.525395792746397,-0.208258716855947,0.227,0.284,1
"PCM1",0.192081218100476,-0.208224669056982,0.364,0.506,1
"AIDA",0.329568508795077,-0.208035872973176,0.136,0.21,1
"XRCC5",0.647311853908058,0.207975737565085,0.667,0.568,1
"MRPS9",1,0.207618291221004,0.167,0.173,1
"EIF1AY",0.709256762623318,0.207567464613401,0.212,0.259,1
"SMIM7",0.549626309769139,0.207476625543034,0.258,0.21,1
"ZPR1",0.857348198497526,-0.207441831148342,0.197,0.21,1
"PHLDA1",0.36969874963439,-0.207376586078293,0.076,0.123,1
"RAP1B",0.0461198409422206,0.207323948850547,0.879,0.765,1
"MRPS16",0.829908558620083,-0.207321332840241,0.152,0.173,1
"RBIS",0.780593264785155,-0.207241136464644,0.303,0.358,1
"FAF1",0.720342169827562,-0.207195746196102,0.379,0.346,1
"SUCLA2",0.68036385997541,0.20697199879423,0.212,0.185,1
"LDHA",0.03846207046327,0.206948370638306,1,1,1
"SNX5",0.611964150228189,0.206927767033598,0.318,0.284,1
"MINK1",0.773077495786563,0.206882255424287,0.167,0.198,1
"MDN1",0.934891899434403,0.206048083654919,0.152,0.173,1
"AASDHPPT",0.949077374705968,0.205794953925151,0.242,0.259,1
"CCDC88C",0.327928951588349,-0.20575620868844,0.182,0.259,1
"MICOS10",0.623471912642588,0.205732208395782,0.303,0.272,1
"ARL6IP6",0.310782307140171,0.205641833356644,0.197,0.136,1
"INO80E",0.97633151410652,-0.205604884093665,0.212,0.222,1
"SLC20A2",0.739435030158517,0.205476369778607,0.167,0.148,1
"MRPS30",0.627688517624573,0.205448325440403,0.242,0.222,1
"PCNX1",0.874860341461189,0.20503319921807,0.288,0.296,1
"SNHG5",0.541329506508186,0.204868861199684,0.288,0.272,1
"RRN3",0.342859085071637,0.204833641095812,0.242,0.173,1
"FARSA",0.776925442812509,0.204829200454153,0.167,0.148,1
"TTC3",0.337352950427648,0.204592317920848,0.348,0.284,1
"BTN3A2",0.505008312119214,-0.204477011601962,0.348,0.407,1
"FBXL14",0.980901553096583,0.204361802078378,0.121,0.123,1
"PMPCB",0.739813551130052,0.204344575685861,0.258,0.247,1
"USP4",0.635085948514467,-0.204087562914789,0.167,0.21,1
"SCAP",0.550647857332389,0.204067664904227,0.121,0.086,1
"SLC25A3",0.338940667385204,-0.203950506816717,0.788,0.802,1
"EPB41",0.796254289448348,0.20380208965515,0.439,0.457,1
"MFSD14A",0.66527368125025,0.20376974915659,0.258,0.259,1
"PDS5B",0.798056646676554,-0.203323806331479,0.182,0.16,1
"PSMB6",0.611296873728691,0.203266856154344,0.53,0.593,1
"CCNK",0.973507102659011,0.203213065047678,0.242,0.259,1
"FAM162A",0.702278939177243,0.203067286085987,0.227,0.198,1
"CBLB",0.158856300882797,-0.202963117361553,0.879,0.889,1
"BET1",0.794438062182589,0.202897861088015,0.136,0.123,1
"ALDH9A1",0.818832583211901,0.202299150352725,0.136,0.16,1
"UBE2Q1",0.838537166459378,0.202294443049478,0.121,0.136,1
"CHURC1",0.14465668991901,0.202268363820183,0.485,0.407,1
"CISH",0.467929543134294,0.20209342854601,0.091,0.136,1
"ST6GALNAC6",0.761072589277249,0.201704900208473,0.197,0.185,1
"POLDIP2",0.792411452093845,0.201535420448581,0.091,0.111,1
"ENSG00000280441",0.067483434732536,0.201466722425689,1,1,1
"SF3B1",0.372516611430285,-0.20128209968502,0.682,0.79,1
"PAK2",0.436645515197985,0.201238937312124,0.758,0.778,1
"ATL3",0.962654808750409,0.201072756848665,0.106,0.111,1
"LANCL1",0.638155003336428,0.201061461506809,0.106,0.086,1
"CMC2",0.943408873653643,-0.200972137719737,0.379,0.395,1
"MOB4",0.809022754709408,-0.200800359412038,0.394,0.432,1
"PML",0.659943188782739,-0.200625417813288,0.182,0.21,1
"EAPP",0.776402281134358,-0.200482448428287,0.409,0.432,1
"KLHDC3",0.451604836975531,-0.20047002078605,0.227,0.309,1
"HLA-DRB1",0.575866060689105,0.200369686001242,0.742,0.753,1
"DCAF12",0.763691432508479,0.199946687850359,0.136,0.123,1
"MT2A",0.684698662731224,-0.199926336038301,0.606,0.642,1
"NUCB1",0.562607278394963,-0.199825908375976,0.136,0.173,1
"NINJ1",0.528497678551754,-0.199818132072495,0.091,0.123,1
"CCDC82",0.3785112350014,0.199762367027359,0.197,0.148,1
"MIER1",0.418787314410818,-0.199630342954638,0.348,0.444,1
"MED31",0.830382995260299,-0.199481468838215,0.167,0.173,1
"ITCH",0.684029780352937,-0.19934724597738,0.409,0.469,1
"SRRT",0.199683670585241,-0.199325001955387,0.379,0.506,1
"UBE2J1",0.610975013683142,0.199249632881523,0.212,0.173,1
"RNF125",0.741788444659508,0.199148322272401,0.545,0.543,1
"C6orf89",0.981472245677984,-0.19905067424035,0.242,0.247,1
"ADK",0.501219608653827,-0.198725823333865,0.409,0.469,1
"DDX50",0.715985050146005,0.198655042024221,0.258,0.235,1
"BRAT1",0.919427493092202,-0.198638125326138,0.167,0.173,1
"PPP6R3",0.507153983521458,-0.198623038049379,0.333,0.432,1
"BTF3",0.172251993782048,-0.198349942645561,0.97,1,1
"FBXO7",0.639643031243176,-0.198282765231307,0.455,0.469,1
"MCOLN2",0.38802395460224,-0.19802479421496,0.379,0.494,1
"TUBA1B",0.800301133596086,-0.197920029357868,0.667,0.63,1
"TRAPPC4",0.94256638698613,-0.197871425480696,0.273,0.272,1
"PDXDC1",0.522405216361408,-0.197825379925224,0.258,0.321,1
"TMEM127",0.875292387070799,0.197773446407977,0.197,0.198,1
"PPME1",0.79186287722531,-0.197662941136435,0.121,0.136,1
"ELMO2",0.854231144240092,-0.197619558996689,0.121,0.136,1
"CHMP7",0.669553711238081,-0.197578053835114,0.167,0.198,1
"FOSB",0.797820525111487,-0.197571291727379,0.106,0.086,1
"EPSTI1",0.503539865181506,-0.197313760204409,0.182,0.235,1
"ARRDC3",0.8007057661608,0.197248103903193,0.303,0.296,1
"RAB18",0.765644524790656,-0.197112456625821,0.364,0.383,1
"TRMT10C",0.7554814330427,-0.197068623439634,0.167,0.198,1
"CD3D",0.623370697083177,-0.19693661389146,0.818,0.938,1
"MCUB",0.313206734826194,0.196855837224284,0.697,0.617,1
"TRAF7",0.792558415836088,0.196807628821796,0.121,0.111,1
"UBE2L3",0.333685540426744,-0.196754908169081,0.348,0.444,1
"ASCC2",0.441359700809072,-0.196694942355531,0.152,0.21,1
"FAM174C",0.806102461855634,0.196677892257143,0.106,0.123,1
"TMBIM1",0.786303542380696,-0.196666574236726,0.303,0.272,1
"GCHFR",0.412822989225936,0.196519386191564,0.318,0.272,1
"OAT",0.483448035671882,-0.196511988573083,0.318,0.407,1
"GALNT2",0.568372969706768,-0.196507445594722,0.197,0.247,1
"PNPLA8",0.688432943965984,-0.196408014196669,0.182,0.222,1
"OTUD5",0.631399759175685,-0.196286628650932,0.212,0.259,1
"ZKSCAN1",0.483493527722423,-0.196165502696445,0.152,0.21,1
"BCL7B",0.570181853561601,0.19578105781619,0.242,0.21,1
"ZNRD2",0.754668254092784,0.195748420054058,0.212,0.198,1
"ZNF326",0.601210835522031,-0.195727615692177,0.182,0.222,1
"MT-ND1",0.0951570021409664,-0.195714167025062,0.939,0.988,1
"RBM27",0.530160403595154,0.19567617146629,0.333,0.296,1
"TNKS2",0.868624446413217,0.19548779164045,0.348,0.37,1
"MRPS12",0.797775492318754,0.195416771183521,0.227,0.21,1
"NUDC",0.874597949883197,0.195371794368924,0.47,0.481,1
"SERINC1",0.51051896724517,0.195250749322106,0.667,0.679,1
"AKT3",0.994765019933303,-0.195136469793814,0.394,0.42,1
"YWHAH",0.55961299569261,0.194823574810957,0.394,0.383,1
"NDUFS7",0.552357853943981,0.194803731383115,0.348,0.321,1
"COMMD9",0.773702285486495,-0.19457353894264,0.106,0.123,1
"ZNF121",0.798130776288441,0.19448205012656,0.091,0.111,1
"DONSON",0.841351180656051,0.194320621246505,0.106,0.099,1
"SLC36A4",0.380107258229043,-0.194111364705508,0.121,0.185,1
"EP400",0.813722618470977,-0.193904615730097,0.258,0.272,1
"MT-CO2",0.0373808974934393,0.193891905209968,0.985,1,1
"FOSL2",0.67012496844184,0.193843587416546,0.348,0.37,1
"GNB2",0.700206292123781,-0.193820863614008,0.545,0.568,1
"PPM1A",0.981011219331405,0.193783684949596,0.167,0.173,1
"GCLM",0.61177098356175,-0.193780597702025,0.379,0.346,1
"ATF7IP",0.563372037715856,-0.193448038517248,0.561,0.63,1
"OSGEP",0.878478412397838,0.193254268285894,0.197,0.222,1
"PHACTR4",0.947122341606969,-0.193198337280295,0.182,0.185,1
"KDM6A",0.514755865383502,0.192763491607851,0.333,0.296,1
"ATF1",0.893997106978706,0.192668403735627,0.106,0.123,1
"UBE2E3",0.934824340003638,0.192638611044784,0.318,0.333,1
"MYL6",0.131270497023573,-0.192448954632657,0.97,0.975,1
"MX1",0.407504273735146,-0.192417252600992,0.212,0.272,1
"HIBADH",0.523350877985498,0.192310180500181,0.136,0.099,1
"LETMD1",0.941299107474472,-0.192249871465976,0.121,0.111,1
"NDUFA13",0.514316367435428,-0.192037020140799,0.682,0.79,1
"PTRH2",0.811536655245928,-0.191881228941251,0.106,0.123,1
"THUMPD1",0.551157693447281,-0.191756873272622,0.258,0.296,1
"POLR1H",0.80249980098114,0.191756477934447,0.364,0.37,1
"ZNF131",0.454156875492839,-0.191542093354343,0.212,0.284,1
"KHNYN",0.944826790322085,0.191411729055563,0.182,0.185,1
"GLCCI1",0.931836083158482,-0.191359181261305,0.682,0.63,1
"YARS1",0.711119196188341,0.191260301284891,0.485,0.469,1
"PRPF19",0.972005354016847,0.191209805627945,0.258,0.272,1
"MGAT5",0.743395526042114,0.190972669147627,0.136,0.123,1
"TRRAP",0.903774868309436,0.190950021445614,0.136,0.136,1
"MTCH1",0.808146942358945,0.190921889776739,0.288,0.309,1
"CLEC2D",0.321246143109202,0.190911876559182,0.864,0.901,1
"VTA1",0.69939865588833,-0.190595226460889,0.288,0.333,1
"CMPK1",0.380745849705271,0.190502072693231,0.394,0.346,1
"PIK3AP1",0.929701772063096,0.19049921060869,0.136,0.136,1
"DPY30",0.90133593390173,-0.190418995274811,0.242,0.272,1
"FBXW11",0.973350708524482,-0.19035847277364,0.318,0.296,1
"MEA1",0.725349302632865,-0.19034232325056,0.273,0.309,1
"TOX4",0.910904185054113,0.190155321838415,0.47,0.469,1
"RPS4Y1",0.647128912259993,-0.189938056718157,0.879,0.938,1
"HLA-DPA1",0.666891991149142,-0.189675624752936,0.621,0.556,1
"CEP78",0.704203141703543,-0.189511946724921,0.136,0.16,1
"SUCO",0.903942124452078,-0.18939004768571,0.273,0.284,1
"ENSG00000269968",0.644538333062251,0.189233116381149,0.197,0.173,1
"HNRNPK-AS1",0.991378897616522,0.189205482848541,0.106,0.111,1
"GPR89A",0.919670738729062,-0.18911944769818,0.106,0.111,1
"TFCP2",0.720675481456363,-0.189000303636702,0.167,0.198,1
"LLGL2",0.833319756522587,-0.188762937092586,0.121,0.136,1
"EMG1",0.722421046539308,0.188661547471197,0.197,0.185,1
"ATP2B1",0.766826995726118,0.188617279195815,0.364,0.395,1
"ZNF622",0.880576065774806,0.188563538765995,0.227,0.235,1
"CITED2",0.855301804465582,-0.188328621601184,0.394,0.407,1
"ZCCHC2",0.731539766160122,-0.188268596726841,0.121,0.148,1
"VPS13A",0.995252384633919,0.188122774620393,0.167,0.173,1
"SART1",0.915034798403705,0.188109988595059,0.182,0.185,1
"SCAPER",0.694624194967336,0.188068113155506,0.121,0.099,1
"SLC30A7",0.722886691365164,0.187952360820772,0.212,0.259,1
"SYPL1",0.692509491962376,-0.187791467934456,0.182,0.222,1
"SPN",0.696654544122336,-0.187722516015444,0.485,0.506,1
"XYLT1",0.669032874394006,-0.187640564733439,0.106,0.136,1
"RPA1",0.622979953886756,0.187615720670656,0.212,0.173,1
"ENSG00000282885",0.363244931864031,0.187427098012677,0.242,0.185,1
"RAB3GAP2",0.897425115311846,0.187391538238813,0.197,0.198,1
"GAPVD1",0.535343680421491,-0.187378763822193,0.227,0.284,1
"FNTA",0.565248728454087,-0.187241964450434,0.273,0.333,1
"RBM5",0.408148275499136,-0.187226144923274,0.333,0.42,1
"PPP2R1B",0.806102461855634,0.187156363592583,0.106,0.123,1
"WAPL",0.489878982752846,0.186934225251551,0.379,0.333,1
"NUP205",0.880148603040866,0.186690716162325,0.121,0.111,1
"CHD4",0.960243265454064,0.186667204098043,0.348,0.37,1
"RPS17",0.299958255469374,0.18648619552908,0.833,0.827,1
"TMEM167B",0.750720216318988,-0.186467686312207,0.152,0.173,1
"PEF1",0.910189235465937,0.186387744533753,0.242,0.284,1
"CDR2",0.346988549663707,-0.186254293485407,0.091,0.148,1
"IFT25",0.985516201316016,-0.186180686806737,0.167,0.16,1
"TNIK",0.355601817318585,-0.186094820773612,0.424,0.519,1
"RBM14",0.794423374404298,0.185950842063911,0.258,0.247,1
"RYBP",0.826189818715394,-0.185774915833293,0.167,0.185,1
"SUPT6H",0.523684598429023,-0.185373174398605,0.333,0.395,1
"MTX1",0.751319259528485,-0.185316460690037,0.136,0.16,1
"ISCU",0.723276770666949,-0.185155956400375,0.742,0.716,1
"EDF1",0.128562917402904,0.185142009386656,0.879,0.815,1
"APOO",0.177051764861206,0.185103125333487,0.909,0.914,1
"RFC1",0.688432943965984,-0.185095752419075,0.182,0.222,1
"SNX17",0.506232614855318,0.184966364052035,0.379,0.358,1
"KDM5A",0.747966087159183,0.184918065943727,0.303,0.395,1
"JMY",0.695350379127181,-0.184890034431408,0.258,0.296,1
"SRRM1",0.629573301634463,-0.184819093393615,0.712,0.728,1
"CXCR4",0.211969247691883,0.184698062437737,1,0.988,1
"SAT2",0.983648384251078,0.184604274186416,0.167,0.185,1
"MACF1",0.85903391868881,0.18459390471578,0.348,0.333,1
"CLDND1",0.340280797366589,0.184533649772428,0.682,0.642,1
"YIPF4",0.708903881179621,-0.184493343877787,0.182,0.222,1
"CD74",0.0913585903806433,0.184419699656741,0.985,0.951,1
"CPNE1",0.701540606859238,-0.184365218984452,0.333,0.407,1
"SRPK1",0.699206856557271,0.184242725885363,0.197,0.173,1
"WDFY1",0.867840864898542,-0.184213961998919,0.136,0.148,1
"WNK1",0.31218189125553,-0.184189140445056,0.621,0.642,1
"PPP1R12C",0.859913500851017,-0.184172145652574,0.106,0.111,1
"GEMIN7",0.533709003619959,-0.184109343622453,0.167,0.21,1
"TP53INP2",0.594318960533604,0.184096942799118,0.152,0.123,1
"USP20",0.976265284600391,0.184022496145909,0.167,0.173,1
"GOLPH3",0.953120342818154,-0.183966243663452,0.439,0.395,1
"ENSG00000273319",0.71630755666426,0.183959914961345,0.167,0.148,1
"TSEN54",0.794204071284023,0.183492217098759,0.379,0.383,1
"MPZL3",0.78529551295167,-0.183327964746568,0.288,0.333,1
"GZMH",0.921676431110788,-0.183257934247431,0.621,0.605,1
"SLC9B2",0.398030976543999,-0.183227456191005,0.076,0.123,1
"CFAP298",0.871922660908913,-0.183147856854761,0.303,0.346,1
"CAPZB",0.702838162900498,-0.18312376692669,0.606,0.654,1
"DIAPH1",0.483613762550449,-0.183107976439085,0.47,0.531,1
"FYCO1",0.799595132123199,0.183080670329152,0.136,0.123,1
"ARHGAP26",0.598923258147234,0.183052887281272,0.545,0.543,1
"C12orf57",0.504864058642023,-0.182918905626825,0.727,0.728,1
"MT-CO3",0.105632251168669,-0.182864169299543,1,1,1
"ACAP2",0.535901015870482,-0.182758417092667,0.394,0.481,1
"NONO",0.865873223154956,0.182460218290179,0.439,0.494,1
"SLC25A51",0.654416544706025,0.182426611907708,0.152,0.123,1
"RNF44",0.669032874394006,0.182351319804194,0.136,0.111,1
"PHF12",0.96677610324421,0.1823418026453,0.167,0.173,1
"EEF1G",0.256274484940126,0.182289038018681,0.97,0.975,1
"TXNRD1",0.374887874120729,0.182172287119425,0.258,0.185,1
"C1orf50",0.522559511775452,-0.182161498516453,0.167,0.21,1
"C1orf35",0.828109676822852,-0.182103149862483,0.121,0.136,1
"PDE6D",0.756085689153489,-0.182038138236539,0.136,0.16,1
"PIP4K2A",0.192607598274768,-0.182000593186914,0.379,0.531,1
"BOD1L1",0.451089551734827,0.181994661526638,0.424,0.383,1
"PDCD6",0.996581954218188,-0.181960542731521,0.439,0.444,1
"ARL8B",0.479930659709352,0.181837373788723,0.439,0.383,1
"DYNLRB1",0.604658952429905,-0.181610115327706,0.333,0.407,1
"IRF2BP2",0.812097603496691,-0.181501929901567,0.515,0.519,1
"DYNLT1",0.681649928554899,0.18146357008075,0.439,0.42,1
"SHLD1",0.904726188507694,0.181428969115409,0.121,0.123,1
"MATR3",0.21373110139174,0.181244784052114,0.742,0.741,1
"LBR",0.416418445580218,0.181240833515542,0.667,0.63,1
"CRIP1",0.111636644631442,0.181020296571321,1,1,1
"SLC38A2",0.924657644742175,-0.180801038984705,0.348,0.333,1
"TMOD3",0.407011309068819,-0.180775712686725,0.515,0.593,1
"MRPS25",0.4763153954404,-0.18075423109753,0.121,0.173,1
"UBXN4",0.334666424555937,-0.180494038212591,0.561,0.642,1
"MAPRE1",0.544400352332274,0.180332252727569,0.47,0.42,1
"CRIP2",0.476837711327227,0.180327343104043,0.182,0.136,1
"EIF4G2",0.297851302945146,0.180323560834631,0.773,0.716,1
"PRKCH-AS1",0.534391632639356,0.180020289666246,0.106,0.148,1
"ITGAE",0.333288915089238,0.180012689906412,0.394,0.333,1
"BRF1",0.489699640929282,-0.179838827000974,0.091,0.136,1
"MAT2A",0.625529329587538,0.179838801077014,0.409,0.37,1
"NGDN",0.957691615463226,-0.179752119842767,0.333,0.346,1
"BLTP3B",0.679167470004342,0.179579201128924,0.273,0.259,1
"RBCK1",0.562699160068672,0.179334041486503,0.258,0.222,1
"KDM1A",0.922530690813405,-0.179043630508077,0.106,0.111,1
"ZNF506",0.962979018810318,-0.179043055674117,0.212,0.21,1
"PHTF1",0.402173192912742,0.178904579416112,0.182,0.123,1
"ZNF224",0.684012137601283,0.178585708660373,0.121,0.099,1
"EIF3H",0.450659613652261,-0.178457582676633,0.621,0.728,1
"MSN",0.231267720921883,0.178358830121542,0.864,0.864,1
"ENSG00000257322",0.501101595870835,-0.178166241757846,0.682,0.765,1
"DECR1",0.955302066490827,-0.178092777579538,0.197,0.198,1
"LRRC47",0.592095626397799,-0.178048653592906,0.152,0.198,1
"NOM1",0.757645040712956,-0.177972271936523,0.106,0.123,1
"RBBP6",0.563636115918462,0.177496200716102,0.318,0.296,1
"CDK5RAP3",0.881561174848063,0.177373075074007,0.273,0.296,1
"GALT",0.596491359841284,-0.177271261940336,0.091,0.123,1
"HGH1",0.601496703410574,-0.177212242969011,0.091,0.123,1
"FNBP4",0.305465334427298,0.177190820552862,0.515,0.444,1
"NUDT5",0.927287505540859,0.177111681891931,0.197,0.21,1
"SENP6",0.47646737541124,0.176483262301689,0.424,0.407,1
"GHITM",0.613481676889828,-0.176315703879219,0.47,0.531,1
"BIN3",0.736461279947836,-0.176302647267425,0.121,0.148,1
"PSMC1",0.877817698293802,0.176076803792284,0.212,0.222,1
"TRAPPC10",0.403768095239809,0.176006321994841,0.576,0.506,1
"ACTR10",0.71479155222793,-0.175925668190942,0.288,0.309,1
"RGS14",0.694624194967336,0.17570710436942,0.121,0.099,1
"NRDC",0.64955472178078,-0.17564061016846,0.273,0.321,1
"CYP51A1",0.591330135444693,-0.175353176676876,0.106,0.136,1
"DNMT1",0.550448214500275,-0.175230264696557,0.212,0.259,1
"GPATCH11",0.726629273776003,0.175179578791112,0.121,0.148,1
"ZHX1",0.882915511995011,0.175155185656076,0.106,0.123,1
"TMEM128",0.688082576053234,0.174946140372633,0.106,0.086,1
"TMEM50A",0.505051098926762,0.174850758264689,0.788,0.815,1
"SPPL3",0.65295713882753,-0.174806276774359,0.242,0.296,1
"RARA",0.409491945230855,-0.174796947675924,0.47,0.556,1
"EPS15",0.219091619612692,-0.174674567857756,0.333,0.432,1
"DVL3",0.991814313166263,-0.174631995616936,0.121,0.123,1
"MORF4L1",0.381373004618351,-0.174546827032815,0.742,0.802,1
"GIT2",0.707564561205997,-0.174521058810281,0.242,0.296,1
"THEMIS",0.772254507181443,-0.174505740659744,0.591,0.617,1
"TWF1",0.863429133492243,0.17445391958079,0.212,0.21,1
"ZNF75A",0.76298622776428,-0.174225959956688,0.106,0.123,1
"ZNF277",0.437946093365887,-0.174001146992823,0.152,0.21,1
"TAGAP",0.0800907342609622,0.173679692554443,0.788,0.667,1
"PHF23",0.94387473108789,0.173248081121418,0.136,0.148,1
"CTSW",0.246370638517637,0.173154391227517,0.894,0.901,1
"SLC2A4RG",0.607345684465439,-0.173040694365715,0.242,0.284,1
"R3HDM4",0.407740013565474,0.173036741440391,0.47,0.407,1
"RBM23",0.660375932131446,-0.172950460817108,0.227,0.272,1
"CAT",0.739408269167463,0.172732970969575,0.106,0.086,1
"THOC1",0.835657349884304,-0.172716506506942,0.197,0.185,1
"CCNC",0.785743551007261,-0.172455453122786,0.182,0.21,1
"PPP2R5C",0.442541686579449,-0.172445922832533,0.864,0.889,1
"TENT5C",0.875347990396814,-0.172298968214966,0.576,0.543,1
"MXRA7",0.242094289375593,-0.172243908050555,0.561,0.642,1
"THSD4-AS1",0.675339169846403,0.172206593480656,0.167,0.148,1
"ATG16L1",0.867925419781018,0.172031937931327,0.136,0.16,1
"SMAP2",0.597742171735524,0.171967523205,0.576,0.543,1
"GPS1",0.537198988462011,0.17151452962958,0.227,0.198,1
"FBL",0.579807557292938,0.171471901425726,0.409,0.395,1
"COPS2",0.449220268973445,0.171315680036129,0.379,0.296,1
"TAP1",0.23805276782149,0.171248505478269,0.682,0.556,1
"DNAJC8",0.300683221031329,0.17124183506216,0.591,0.469,1
"SLC16A3",0.848828094585239,0.170819944403661,0.167,0.16,1
"HIGD1A",0.472759837147708,-0.170785417172501,0.152,0.21,1
"DYNC1H1",0.675379636072118,0.170746051281512,0.576,0.556,1
"RPL4",0.180346325336714,0.170730179221974,0.985,0.988,1
"DNAJC3",0.256831782345091,-0.170725295893251,0.227,0.346,1
"GPX4",0.239602693226436,-0.170625271376185,0.545,0.679,1
"SNX1",0.932816024472866,0.170474140275534,0.242,0.259,1
"MDH1",0.482013539017855,-0.170381039751205,0.348,0.444,1
"EPB41L5",0.600814020912645,0.170380438434564,0.136,0.111,1
"PSMF1",0.663737448418045,0.170278083663679,0.379,0.383,1
"NCS1",0.478841687215882,-0.1702676230094,0.106,0.148,1
"RELCH",0.520830899096569,0.170256872980379,0.242,0.333,1
"SAR1A",0.573969739733851,0.170220213903904,0.333,0.309,1
"AHSA1",0.540642354694361,0.170169497087625,0.394,0.358,1
"GBP2",0.698123042594821,-0.170057578211844,0.303,0.346,1
"SERPINB9",0.252272201099263,-0.169968509143446,0.591,0.679,1
"RSRC1",0.895178468898051,-0.169826430328484,0.182,0.173,1
"DHRSX",0.591505069620574,-0.16975332209201,0.091,0.123,1
"PPP6R1",0.277275109553232,-0.169650764413372,0.258,0.383,1
"TMA7",0.477057768030923,-0.169612801229113,0.879,0.926,1
"CPD",0.617901959889555,-0.169555714991951,0.242,0.284,1
"SMC1A",0.843625500227881,0.169554488762564,0.227,0.222,1
"LRPPRC",0.834441483477636,0.169532731666572,0.242,0.247,1
"CSNK1D",0.861097556543754,-0.169463862944859,0.455,0.444,1
"FUNDC2",0.919430116635344,0.169194823576422,0.303,0.333,1
"HAT1",0.640247973304991,-0.169114387268275,0.182,0.222,1
"GALM",0.654855707735019,-0.169111854739255,0.303,0.383,1
"LSM7",0.628521704131687,-0.169086160004996,0.348,0.407,1
"RNF126",0.639698635614017,0.168999532311524,0.333,0.309,1
"PGD",0.592280441021057,0.168870358850194,0.182,0.148,1
"ASXL2",0.33075225483301,0.168753593209958,0.273,0.198,1
"POLR1C",0.875797348879273,0.168584013934593,0.197,0.185,1
"RPS3A",0.0262982171583243,0.168435170388093,1,1,1
"STAT4",0.554806309291882,-0.168431395220244,0.803,0.79,1
"ATP5MC2",0.426920052091366,0.16819689360201,0.833,0.827,1
"SLC38A10",0.756791712857041,-0.168163398794337,0.106,0.086,1
"TPP1",0.947122341606969,-0.167852758798414,0.182,0.185,1
"NUP37",0.579792380605297,0.167536114544295,0.136,0.185,1
"FDFT1",0.636973417279407,-0.167267518104261,0.212,0.259,1
"GBP4",0.818986219920031,0.167118975898836,0.333,0.383,1
"GPR65",0.5155768141463,-0.167116495461193,0.167,0.222,1
"RBM6",0.511751458075246,-0.167116426457318,0.364,0.444,1
"LINC00513",0.328183109786784,-0.166844461176513,0.227,0.321,1
"TM9SF2",0.594461162524285,-0.166820641969099,0.455,0.494,1
"MFAP1",0.356000993018307,0.166539486510763,0.273,0.21,1
"TLE3",0.81088643024315,0.166498349490378,0.318,0.383,1
"RPL38",0.1006917932986,0.166385725667883,0.985,1,1
"LAMTOR5",0.694482255617034,-0.166252080800541,0.53,0.617,1
"TNFSF14",0.410322073557521,-0.166242073332215,0.288,0.346,1
"KMT2A",0.246911536897716,-0.166207667875289,0.515,0.642,1
"DTX2",0.983102608532419,-0.166122225214341,0.167,0.16,1
"AIMP2",0.784461647725311,-0.166104935148318,0.106,0.123,1
"RELL1",0.876281916063313,0.166097489728665,0.106,0.099,1
"SLFN5",0.161228972392422,0.166093117670188,0.818,0.728,1
"UBE2D1",0.64040698678444,0.166091508610404,0.197,0.173,1
"TSEN15",0.779076674847712,-0.165791684308994,0.106,0.123,1
"IPO4",0.88413477206541,-0.165657526206661,0.197,0.198,1
"KPNA5",0.628932120753181,-0.165613994015003,0.273,0.321,1
"ATP5MG",0.398782660770432,0.165524773552615,0.879,0.889,1
"NPM1",0.248937211022848,0.165503111571439,0.955,0.914,1
"PPIF",0.337497910788907,0.165420904406274,0.197,0.136,1
"PER2",0.959088790855791,-0.165242153638747,0.121,0.123,1
"FBXW7",0.659538528567051,-0.165239750724895,0.318,0.358,1
"CRNKL1",0.989906711322381,-0.165207306695763,0.258,0.259,1
"NME7",0.876681359422321,-0.165184512768071,0.182,0.173,1
"SMAD3",0.747967803490074,-0.165117699798079,0.242,0.272,1
"NUDT4",0.811536655245928,0.165084673201146,0.106,0.123,1
"VPS26C",0.499858304866576,-0.164794626718286,0.136,0.185,1
"USP32",0.912224187314819,-0.164689105953372,0.121,0.136,1
"PIAS1",0.615018748781711,0.164631646457002,0.485,0.469,1
"TOMM5",0.698707953178475,-0.164563954502862,0.288,0.309,1
"ATP5F1D",0.644959666525449,0.164533307930517,0.621,0.617,1
"ERCC5",0.898337860757811,0.164464561796184,0.242,0.235,1
"SMARCC2",0.459056450194223,0.164330957539177,0.364,0.321,1
"TTC17",0.773816439575475,-0.164290286990368,0.318,0.333,1
"EPRS1",0.929119367521733,-0.164166392084913,0.288,0.309,1
"STAT5A",0.511347937822162,0.164045157414563,0.576,0.593,1
"PMM2",0.814943846513011,0.164041871535948,0.167,0.148,1
"ARID4B",0.914766098136044,0.163962641267045,0.652,0.691,1
"ARL4C",0.453909890865028,-0.163794062494075,0.758,0.716,1
"PPT1",0.639738282410695,0.163714467306394,0.273,0.247,1
"ZMYND19",0.792558415836088,0.163677146633157,0.121,0.111,1
"C2orf68",0.911455347000891,0.163637439229021,0.106,0.099,1
"BRD2",0.222140450647263,0.163633026161141,0.606,0.556,1
"SFI1",0.593943435127572,-0.163595194536783,0.197,0.247,1
"CEP290",0.89968427422673,-0.163466175426831,0.106,0.111,1
"RPL7",0.279727185943876,-0.163465864746274,0.909,0.938,1
"CRY1",0.867925419781018,0.163465655909047,0.152,0.148,1
"CCL3L3",0.905579138700259,-0.163328586006737,0.106,0.099,1
"RNASEH1",0.872879814194551,-0.163282994844184,0.136,0.148,1
"ORC2",0.886918852555663,0.16291392542075,0.167,0.16,1
"MOB1A",0.732127540007597,-0.162863826610694,0.424,0.481,1
"TOMM20",0.381315853332158,0.162803008204733,0.652,0.593,1
"RPL27",0.159178175127149,0.162781821800729,1,1,1
"RPL24",0.189375650578632,-0.162756830469444,1,1,1
"ANAPC16",0.707253308073494,-0.162755192386079,0.273,0.309,1
"CNIH1",0.783957264926886,-0.162741733673589,0.333,0.383,1
"HARS1",0.769151537525405,-0.162733736749537,0.152,0.173,1
"NFATC2IP",0.892676749938329,0.162506794852904,0.152,0.148,1
"SLC30A9",0.632177039555001,0.162351119816458,0.197,0.173,1
"MT-ND4",0.382976937137217,-0.162287614691839,0.924,0.963,1
"SOS2",0.99440733343502,-0.16226615071459,0.333,0.321,1
"DNAJC2",0.668954395964643,0.162256949978512,0.227,0.284,1
"C16orf54",0.888900263950812,0.162171253812029,0.227,0.235,1
"MRPL18",0.919532881078356,0.162124704998603,0.212,0.21,1
"PSIP1",0.777032691978828,-0.161946256499485,0.318,0.346,1
"PARD6G",0.911651863802356,0.161912062273972,0.242,0.247,1
"GNL3L",0.945441209199975,-0.16177463215946,0.106,0.111,1
"GADD45B",0.644193651353224,0.1616062975481,0.439,0.481,1
"CD8A",0.245822993922369,-0.1615810597437,0.955,0.988,1
"QDPR",1,0.161387695493555,0.106,0.111,1
"HNRNPD",0.553034792776199,0.161329334547592,0.576,0.58,1
"PDHB",0.536432032735758,-0.161317366771426,0.227,0.272,1
"TMEM230",0.74008056998917,-0.161149193804075,0.197,0.235,1
"PRKDC",0.696725929952544,0.161109792020535,0.182,0.16,1
"NDUFA10",0.780633172204002,-0.16108744254611,0.197,0.222,1
"SLC7A6OS",0.955703511546463,0.160720046070164,0.136,0.136,1
"PABPC1",0.655659615937091,-0.160602578098641,1,0.988,1
"ZC3H13",0.628675218233114,-0.160586331469918,0.348,0.42,1
"MYO9B",0.698334583952106,0.160419244776131,0.409,0.42,1
"MFF",0.681603315608193,-0.160330931748194,0.227,0.259,1
"UPF3A",0.663249293648487,-0.160290326155993,0.212,0.259,1
"OTUD6B-AS1",0.95053581424973,0.160233653195357,0.212,0.222,1
"RPRD2",0.865056247616783,-0.160088743578512,0.273,0.284,1
"APBA3",0.815782719918209,0.160067749206432,0.167,0.16,1
"UBE2V2",0.77646034874651,-0.159983033782789,0.121,0.136,1
"RNASEK",0.344909123891564,-0.159917160161727,0.773,0.889,1
"UBE3A",0.720141062392838,0.15985442275188,0.379,0.358,1
"ERGIC3",0.546700673952758,0.159800716958303,0.379,0.346,1
"CREBL2",0.908285685851442,-0.159703217866631,0.136,0.148,1
"ZCCHC17",0.735231926103449,0.159613747932714,0.197,0.185,1
"NKTR",0.60700814330739,0.159568957365575,0.409,0.383,1
"OAZ1",0.347955921342632,-0.15932458785021,0.985,0.988,1
"OGFR",0.63466061471117,0.158748953679583,0.318,0.321,1
"MARCKSL1",0.896228050568343,-0.158614370107075,0.621,0.605,1
"DRAP1",0.587801883175355,0.158488287603712,0.53,0.469,1
"ZNF136",0.864608035461247,0.158426744954144,0.106,0.099,1
"ZNF26",0.803860955346566,0.158386854487591,0.091,0.111,1
"ATXN3",0.959129961126755,0.158350626628371,0.212,0.222,1
"SSH2",0.849537602484886,0.158280512633803,0.485,0.506,1
"TXLNGY",0.616625161842101,-0.157857611858485,0.091,0.123,1
"PDPK1",0.847133481291943,0.157784386697928,0.136,0.136,1
"SETD2",0.76511685042065,-0.157709964519462,0.621,0.667,1
"R3HDM2",0.58402370900202,0.157661887886566,0.242,0.198,1
"LRPAP1",0.686701270516508,0.157623537152417,0.318,0.407,1
"SELENOI",0.763691432508479,0.157594854571584,0.136,0.123,1
"VPS13C",0.656511736989826,0.157559153394653,0.318,0.37,1
"LZIC",0.323792239517907,0.157447051796121,0.212,0.148,1
"METTL14",0.560509992274363,0.15721833132253,0.136,0.099,1
"RHOF",0.920083155300544,0.156956617560498,0.364,0.395,1
"RCOR3",0.751290084104819,0.156953685050546,0.121,0.148,1
"SUPV3L1",0.557189890919212,-0.156897351863357,0.182,0.235,1
"STK10",0.494933858905215,0.156640947949871,0.606,0.519,1
"ANXA5",0.407719814807214,0.156499976588877,0.864,0.79,1
"GAPDH",0.695507900779051,0.156465316255824,1,1,1
"MAP3K1",0.591505069620574,-0.156376058314522,0.091,0.123,1
"MED1",0.443058330787977,0.156342151145076,0.288,0.247,1
"SLC23A2",0.635660785646868,0.156330533152668,0.152,0.123,1
"PTPA",0.549569075048341,-0.156011905718446,0.121,0.16,1
"CDKN2D",0.997896960852913,-0.156005951076663,0.242,0.222,1
"RAB6A",0.783596287029661,-0.155947995163529,0.394,0.407,1
"PRRC2B",0.876692140776947,0.155872424290178,0.273,0.284,1
"C19orf53",0.770632420820917,-0.155831949294675,0.561,0.593,1
"PRCC",0.901275433326933,0.155657944826944,0.167,0.16,1
"FAM89B",0.880513399228523,0.155630757528396,0.121,0.136,1
"BICD2",0.794438062182589,-0.155470473924942,0.136,0.123,1
"DNLZ",0.551692508570335,0.155438911696718,0.273,0.235,1
"DDX41",0.538178540011289,-0.15512642480841,0.076,0.111,1
"MAP3K2",0.736296059108751,0.155014076009012,0.561,0.58,1
"RASA3",0.347458312625894,0.154975902553966,0.591,0.494,1
"SLC2A13",0.775795190778942,0.154974376908528,0.152,0.136,1
"UHRF2",0.794207210720079,-0.154965840952088,0.258,0.284,1
"RPP38",0.914705526461495,0.154882247482573,0.167,0.173,1
"CYTIP",0.497013749006908,0.154780886975368,0.758,0.691,1
"BCL11B",0.374758640170229,0.154642907403462,0.788,0.753,1
"RNPEPL1",0.7504798741722,-0.154618609140369,0.318,0.346,1
"EIF1",0.169817343056925,-0.15459331755668,1,1,1
"GON4L",0.572368266280276,-0.154519307528557,0.288,0.346,1
"TAF3",0.901428353158175,-0.154494660081889,0.242,0.247,1
"GGNBP2",0.686943123713334,0.154328264296411,0.288,0.284,1
"MRPS36",0.849366809749909,0.154282376218458,0.303,0.296,1
"CD27",0.922310629509007,-0.154119042957709,0.227,0.235,1
"TMEM160",0.786451462295959,-0.154088332486166,0.258,0.296,1
"ZER1",0.904449087057047,0.154019466018562,0.167,0.185,1
"CD6",0.684635072175329,-0.153829330434798,0.848,0.802,1
"APMAP",0.34911075467427,0.153811949152843,0.758,0.741,1
"RPS6KB2",0.465010938138258,0.153789497350864,0.288,0.222,1
"TXNL1",0.717197847734487,0.153761269451411,0.348,0.346,1
"TGOLN2",0.608127257396544,-0.153758583516526,0.333,0.37,1
"PRPF3",0.927679942800429,0.153404427341836,0.167,0.185,1
"AP3M1",0.953639744335388,-0.153249573759394,0.121,0.123,1
"YIPF3",0.818247079784005,0.153239595644454,0.303,0.358,1
"RAB21",0.755508883263265,0.153185621416952,0.348,0.333,1
"COG2",0.779076674847712,-0.153167357669259,0.106,0.123,1
"STAG1",0.467040775068182,0.15316381097959,0.591,0.531,1
"DCAF11",0.519279431444024,-0.153116303091507,0.136,0.185,1
"DNAJB11",0.286725744738032,-0.153112953978893,0.212,0.309,1
"INTS6",0.816959888968524,0.153076527650418,0.303,0.309,1
"NIN",0.415970849412502,0.153013456635134,0.394,0.346,1
"TEN1",0.542729495275213,-0.152873205118969,0.091,0.123,1
"MFSD14CP",0.857779257088669,-0.152783027867214,0.136,0.148,1
"MT-ND2",0.681138346114248,-0.152776450468708,0.924,0.951,1
"PFKP",0.731948187399061,0.152426492358501,0.227,0.21,1
"POP4",0.966912473653248,0.152422990871145,0.197,0.21,1
"ATP6V0E1",0.183881167745282,0.152134462784583,0.788,0.716,1
"OCIAD1",0.659538528567051,0.152043815633652,0.348,0.333,1
"PRPF38B",0.606169608306521,-0.151896257614668,0.439,0.506,1
"DNAJC24",0.697120352753003,-0.151767910402337,0.091,0.111,1
"ACP1",0.442454354218932,-0.151533049465968,0.242,0.333,1
"LRCH3",0.625792220860701,-0.151317134629412,0.258,0.296,1
"DEGS1",0.650421307017557,-0.151264456352571,0.258,0.296,1
"DIP2A",0.604942380422122,-0.151170175743906,0.333,0.37,1
"CYRIB",0.883621191164494,-0.151145938985763,0.545,0.506,1
"MDFIC",0.201358654363035,0.151084337643331,0.318,0.21,1
"ZNF721",0.470864059905383,0.150807524457536,0.288,0.235,1
"ZCCHC7",0.924111344185291,0.150707819528305,0.288,0.284,1
"CHD2",0.401141333553157,-0.150684738253578,0.485,0.63,1
"RNF19A",0.0938940924801459,-0.150658980404019,0.712,0.877,1
"DEK",0.904151628628015,-0.150560861910391,0.439,0.432,1
"COPG1",0.824898523035246,-0.150369827999442,0.212,0.235,1
"ASB3",0.738011319732755,0.150173377254688,0.197,0.173,1
"ABHD13",0.808818405949472,0.150147118527384,0.121,0.111,1
"TEDC1",0.79490401789208,0.150124085552349,0.212,0.198,1
"SLC44A2",0.678729260000117,0.15008963297052,0.121,0.099,1
"CD7",0.217756385165496,-0.150066644046947,0.727,0.889,1
"PPA1",0.945229697609664,-0.149520078041702,0.318,0.309,1
"DHX38",0.863075747818186,0.149451446294039,0.167,0.16,1
"SRI",0.350225832429655,-0.149425460119301,0.288,0.383,1
"MTOR",0.581590387378106,-0.149410016717314,0.091,0.123,1
"SRRM2",0.448528778438469,-0.149408546364744,0.697,0.84,1
"PDXK",0.568894972586128,0.149327901932296,0.212,0.284,1
"TMEM87A",0.658169455474902,0.149262374816474,0.364,0.333,1
"RPL17",0.144711399300569,0.149258512264974,1,1,1
"PPP1CA",0.635370245194701,-0.149231169186684,0.697,0.691,1
"EIF4A1",0.312128299368825,-0.149123392231971,0.924,0.938,1
"DDX19B",0.945441209199975,-0.149076237043622,0.106,0.111,1
"MYLIP",0.891820096245752,0.148946006027089,0.379,0.383,1
"TBCC",0.62038794881366,-0.148877153710886,0.333,0.407,1
"FUBP1",0.535807062773287,0.148841702449191,0.348,0.309,1
"GRWD1",0.93248723916088,0.148786264542958,0.152,0.148,1
"RBM26",0.855264056888123,-0.148551883433611,0.333,0.296,1
"TBC1D22A-DT",0.795262364455451,0.148535939571463,0.106,0.123,1
"TLN1",0.369045271867619,-0.148359202362468,0.409,0.506,1
"GIMAP4",0.896435243254838,0.148239840954598,0.455,0.444,1
"UBL7",0.723845801819609,0.148146796606068,0.227,0.21,1
"TCF7",0.565447276356494,0.14813141344547,0.758,0.753,1
"KIF21B",0.600673773815061,0.147976934331993,0.182,0.148,1
"DDRGK1",0.564459980114192,-0.147962375356039,0.212,0.259,1
"ADAM8",0.905080087754209,0.147931082356142,0.258,0.284,1
"CALCOCO1",0.624026937151069,0.147913138662333,0.182,0.148,1
"MVD",0.671967715853831,0.147819973009408,0.227,0.21,1
"FUT11",0.535896454828717,0.147775866404948,0.121,0.086,1
"SDCBP",0.364197580897038,0.14775840489593,0.333,0.457,1
"PPP4C",0.343136824318072,-0.147665376970501,0.545,0.63,1
"SNAPIN",0.942748403966692,-0.147640400440399,0.121,0.123,1
"RAB35",0.843625500227881,0.14754596495558,0.227,0.222,1
"KDM4C",0.55804939500133,-0.147360567572753,0.212,0.272,1
"ATF4",0.893746882140265,-0.147280915868265,0.182,0.198,1
"SMG7",0.860833483951567,0.147241426263757,0.197,0.235,1
"ENSG00000266049",0.769648540125028,0.147162153430658,0.091,0.111,1
"BCL2",0.723845801819609,0.147069364798565,0.227,0.21,1
"MLLT10",0.846376537754198,-0.146897387881761,0.136,0.123,1
"NR4A2",0.221109933162843,0.146873759354557,0.424,0.617,1
"STAT1",0.450082566467938,-0.146808973111887,0.333,0.407,1
"COX19",0.778417090795369,-0.146684881800242,0.152,0.173,1
"SKAP1",0.693916144259667,0.14654483899095,0.242,0.284,1
"SF3B2",0.789632848939991,-0.146395098662607,0.818,0.704,1
"NANS",0.595187300219377,-0.146321120016406,0.197,0.235,1
"MCM5",0.813958821038128,0.146278668307522,0.136,0.16,1
"SS18L2",0.614953862796284,0.146263282087187,0.379,0.346,1
"LRWD1",0.789856959597599,-0.146030566934799,0.106,0.123,1
"POLH",0.889255174938818,0.145979021114775,0.212,0.21,1
"SEC31A",0.934345997307876,0.145798709587024,0.288,0.296,1
"GCN1",0.364804336257613,-0.145403626743681,0.091,0.148,1
"RAB14",0.711673210726336,-0.145301216788882,0.379,0.432,1
"RPN1",0.788896657657323,-0.145291713987998,0.424,0.457,1
"EIF3A",0.409520344402144,0.145119459754974,0.576,0.519,1
"MAP2K4",0.621983504363466,0.144839990648146,0.273,0.235,1
"EIF2B4",0.704203141703543,-0.144757848283534,0.136,0.16,1
"RNF2",0.848988462187413,-0.144682580918211,0.167,0.173,1
"GGA2",0.28294804925338,0.144552553996078,0.788,0.716,1
"SDHD",0.752799077124939,-0.144364556852257,0.333,0.383,1
"GNA12",0.524165090579362,-0.144130866397234,0.121,0.173,1
"DBN1",0.558432436661965,0.144071434821565,0.106,0.074,1
"DALRD3",0.914134891651955,0.143992164916179,0.136,0.136,1
"GCC1",0.271975493066365,-0.143920790458002,0.076,0.136,1
"LGALS8",0.501847354567104,0.143908766240453,0.242,0.198,1
"CELF2",0.58935442364287,0.143688199238779,0.47,0.42,1
"CCT3",0.947398411956027,0.143515852106365,0.5,0.543,1
"TAPBP",0.233500010399661,0.143489582421566,0.561,0.42,1
"NCBP3",0.379706614297728,0.143478092703753,0.409,0.358,1
"ARFGAP3",0.383228203302802,-0.143387195555409,0.318,0.457,1
"YWHAZ",0.320665025315402,0.14323645381465,0.985,0.963,1
"EIF3M",0.808892414639774,-0.143199827446972,0.5,0.531,1
"PQBP1",0.654352393034938,0.143193376239505,0.318,0.309,1
"RAVER1",0.815118001200675,0.143155103812572,0.136,0.123,1
"AHNAK",0.744887876025089,0.143134581129986,0.712,0.704,1
"INPP5K",0.592099630043175,0.142986206217462,0.242,0.21,1
"MRPL46",0.789856959597599,-0.142933199208156,0.106,0.123,1
"ABCB7",0.634535396999694,-0.142911433820486,0.106,0.136,1
"MRPL10",0.371814811635392,-0.14288827558277,0.258,0.358,1
"PXN",0.724996405083545,-0.14277608053143,0.197,0.173,1
"CLASP2",0.830699391513757,-0.142671343357613,0.227,0.247,1
"SOCS1",0.845504042832577,0.142661433899049,0.318,0.37,1
"HLA-B",0.0125482279229781,0.142612906713946,1,1,1
"JTB",0.742330209829666,0.142541824274255,0.576,0.605,1
"H3-3A",0.216269486155765,-0.14243829958272,0.955,0.975,1
"SYNE1",0.08158400112015,0.142370038972807,0.621,0.481,1
"PPM1G",0.506638461555313,0.142269977254409,0.561,0.593,1
"PERP",0.462669468391174,0.142245095751517,0.242,0.185,1
"HMOX2",0.496582221345834,-0.141945583320668,0.273,0.346,1
"CSK",0.693792604476924,-0.141868987607303,0.212,0.259,1
"PAM",0.68749707517188,0.141800488520403,0.333,0.309,1
"NBR1",0.260175276810316,-0.140927946622334,0.227,0.333,1
"PRKAG1",0.891144114830262,-0.140867846492243,0.167,0.173,1
"TSG101",0.883468619120758,0.140819725433241,0.273,0.272,1
"RPL23",0.621754649174963,0.140795655927891,0.833,0.877,1
"NEK9",0.89968427422673,-0.140548372508394,0.106,0.111,1
"KDM5B",0.741393629242121,-0.140541339557408,0.121,0.148,1
"MPDU1",0.516959454005308,-0.140470704635834,0.106,0.148,1
"GKAP1",0.76398785120314,0.140436105882982,0.091,0.111,1
"LPCAT3",0.993619422332239,0.140136463578308,0.212,0.235,1
"WDR46",0.901861821399077,0.139797806359788,0.197,0.198,1
"NEK1",0.95277468769759,-0.139793570639107,0.303,0.321,1
"GOPC",0.619890912486101,-0.139557549143112,0.121,0.16,1
"ZNF654",0.962001237745508,0.139456249816966,0.182,0.21,1
"UQCRB",0.488853083798825,-0.139392823472656,0.803,0.914,1
"JAZF1",0.980806786767913,-0.139357375912779,0.409,0.407,1
"MMUT",0.974140718328654,0.13934801809636,0.106,0.111,1
"FTX",0.77461895358239,-0.139280386625538,0.288,0.321,1
"SLC35F5",0.994893522621613,0.139249401515973,0.136,0.148,1
"BEST1",0.50062131464561,-0.139241704420235,0.288,0.383,1
"LFNG",0.888261825753333,-0.139033946142061,0.242,0.259,1
"CSDE1",0.527217952411726,0.139028431607677,0.652,0.63,1
"CWC25",0.706788658222289,-0.138981534982689,0.303,0.346,1
"PWWP2A",0.727771181307628,0.138898415632521,0.152,0.185,1
"ZNF207",0.459595255633161,-0.138865209290477,0.348,0.432,1
"OXSR1",0.81997239041889,0.1387182533996,0.364,0.37,1
"PEPD",0.670511846519425,-0.138527822081074,0.152,0.185,1
"PLEKHB2",0.712998410165668,-0.138507863072286,0.273,0.321,1
"TNFRSF9",0.815002369573102,-0.138412082438857,0.273,0.284,1
"RNF40",0.766006203568193,0.138391103973626,0.152,0.136,1
"IFRD2",0.797968774477633,0.138328778257127,0.121,0.111,1
"PSMD1",0.696172602782731,-0.138206690417439,0.288,0.346,1
"GNL1",0.637067307600146,0.138158982806918,0.242,0.222,1
"CCAR1",0.632518484724068,-0.13811351006145,0.242,0.272,1
"KIZ",0.925272683434373,0.138110471774205,0.167,0.16,1
"RSL1D1",0.661952008684901,-0.138100971456024,0.364,0.432,1
"RPS29",0.097501923695413,-0.137880107756803,1,1,1
"ATP5PO",0.850790774883389,-0.137748119108857,0.53,0.506,1
"FBXL20",0.706236506437687,-0.13770781275745,0.212,0.247,1
"NOP10",1,-0.137467425301358,0.439,0.432,1
"CCNI",0.871114745482615,0.137408170883042,0.758,0.84,1
"RPS13",0.108173425354324,-0.137282697155645,1,1,1
"SLC38A1",0.685494856986093,0.137263075238577,0.833,0.753,1
"ATP6V0D1",0.931179712625575,-0.137102081879132,0.424,0.432,1
"SRM",0.683108872308724,-0.137064024075278,0.5,0.568,1
"NUCB2",0.689070149697442,-0.137056127270411,0.106,0.136,1
"UTP23",0.867925419781018,0.136882705629858,0.152,0.148,1
"STRBP",0.369129030232094,0.136861489053294,0.106,0.062,1
"RAD9A",0.985631993054417,0.136815960825853,0.106,0.111,1
"PITPNB",0.891318222550473,0.13678156335105,0.242,0.296,1
"USB1",0.722156965424319,0.136741748279844,0.106,0.086,1
"MEPCE",0.591505069620574,-0.136665334588352,0.091,0.123,1
"RPS4X",0.052686071971101,0.136531963791452,1,1,1
"GABARAP",0.942138910701168,-0.136490869561016,0.758,0.753,1
"DYNC2I1",0.896486079983849,-0.13644561045571,0.167,0.16,1
"SPRTN",0.991378897616522,0.136188680988196,0.106,0.111,1
"CALM1",0.392643416661567,-0.136084920791241,0.97,0.988,1
"KLHL2",0.427206748147818,-0.135844610808569,0.106,0.16,1
"STX10",0.803388854375533,-0.135516607072708,0.121,0.111,1
"CNOT8",0.582231860114098,0.135513426683522,0.364,0.309,1
"MED26",0.963428879189895,0.135508140387339,0.212,0.222,1
"SLC30A6",0.966118983589905,-0.13549531239819,0.136,0.136,1
"MICU1",0.746997541418715,-0.135393202300572,0.106,0.123,1
"RNF145",0.667799634181023,-0.135197783788321,0.242,0.21,1
"SH2D1A",0.886890911698443,0.135030946032241,0.545,0.679,1
"SPON2",0.942748403966692,0.134888105098016,0.121,0.123,1
"SPTLC2",0.473844487447225,0.134717587178286,0.167,0.235,1
"NDUFB6",0.419943188648097,-0.134657785936593,0.258,0.346,1
"LINC01004",0.668210946474096,0.134646691699812,0.121,0.099,1
"SAP30BP",0.740335942325733,-0.134443984881058,0.47,0.494,1
"ARF4",0.467674207347675,0.134350942055717,0.409,0.383,1
"DCP1A",0.806384309946439,-0.133626470778166,0.227,0.247,1
"FADD",0.79237429017682,-0.133458484937893,0.152,0.173,1
"OXA1L",0.579050809774767,-0.133339211192111,0.318,0.37,1
"DHX16",0.291947688299832,-0.133242211511223,0.258,0.37,1
"BUB3",0.237255989712803,0.133099585659395,0.652,0.58,1
"FILIP1L",0.600814020912645,0.13308568640932,0.106,0.136,1
"ASTE1",0.993544081854586,0.133007999517432,0.212,0.222,1
"SEPTIN9",0.729190295789184,-0.132727301416649,0.394,0.469,1
"MBNL1",0.658269690836134,-0.132694685427431,0.879,0.901,1
"GTF2E2",0.915034798403705,0.132688946147986,0.182,0.185,1
"PTPRC",0.220649776997144,-0.132522631427781,1,0.988,1
"PABPN1",0.896045150387067,-0.132472361661505,0.424,0.457,1
"SSR3",0.965740786013195,0.132266073158166,0.288,0.321,1
"PSENEN",0.96882699051643,0.132182551892426,0.273,0.296,1
"MRPL40",0.365426984486161,0.132114095308914,0.167,0.111,1
"TMEM115",0.664115992691718,0.131897237017323,0.242,0.198,1
"WDR74",0.702029392388607,0.131857353277839,0.288,0.259,1
"CDC123",0.921397819275346,0.131809007076903,0.258,0.259,1
"TSHZ1",0.752704513278852,-0.131635042663198,0.091,0.111,1
"TMBIM4",0.74704044496239,-0.131514632251652,0.227,0.259,1
"SRSF6",0.891413051174837,0.131463814180915,0.197,0.222,1
"UBR3",0.945580093308886,-0.131380364500856,0.212,0.21,1
"SUB1",0.437465312703236,-0.131226290166117,0.818,0.864,1
"TBC1D15",0.979295896993657,-0.130953366705756,0.182,0.185,1
"XPC",0.355816597211461,0.130865691574237,0.409,0.346,1
"NCKAP1L",0.787974699743295,0.130695021425263,0.379,0.37,1
"SLC39A7",0.997126249500498,0.130541793689863,0.106,0.111,1
"SLC25A26",0.497370406099779,0.130519902830411,0.212,0.272,1
"POLR2H",0.916935280876834,0.130491873639822,0.227,0.247,1
"RNF216",0.586399355962376,-0.130438998829482,0.242,0.296,1
"G3BP1",0.559970655840186,-0.130376931328641,0.439,0.506,1
"DDX24",0.272035429496495,0.130363993187553,0.848,0.84,1
"SNRPF",0.936471212432289,-0.130261718580813,0.485,0.481,1
"VAMP3",0.903774868309436,0.13021580855774,0.136,0.136,1
"MFSD10",0.447640568174925,0.130171034562246,0.364,0.296,1
"PAPOLA",0.709027306088356,0.130082592714965,0.515,0.481,1
"TRPM7",0.44243966398693,0.12997514034823,0.364,0.321,1
"PTPN6",0.474358097700217,0.129858450910043,0.121,0.086,1
"EMD",0.450073065095301,-0.129767810014851,0.621,0.778,1
"CMTM6",0.925298908551207,0.129723146705017,0.288,0.309,1
"GPR132",0.969096886318189,0.12965642504262,0.333,0.37,1
"MBP",0.508009793965725,0.129630614464554,0.818,0.827,1
"DCTN3",0.769191221267582,0.129609850846807,0.348,0.346,1
"EIF4A2",0.507255568664494,-0.129499701728428,0.621,0.642,1
"STK24",0.697171769486527,-0.129445456161923,0.258,0.296,1
"BAG4",0.710654549985123,0.129383883567884,0.121,0.099,1
"ATP6V0B",0.927747978548207,0.129372172934624,0.409,0.444,1
"SATB1",0.414479855165196,-0.129260810010753,0.152,0.21,1
"NCL",0.200759047002084,0.129249664086157,0.939,0.963,1
"RASGRP1",0.248251879098556,-0.128866716293244,0.394,0.519,1
"BTG2",0.621574239189911,-0.128808089668106,0.439,0.481,1
"PPFIA1",0.260629385151118,-0.128780916626541,0.167,0.272,1
"RBM15",0.649228557028324,-0.128459479849479,0.106,0.136,1
"ZBTB7A",0.418666994134261,-0.128423192540235,0.394,0.494,1
"MYO5A",0.481463778658266,0.128346960530858,0.242,0.198,1
"EID2",0.985631993054417,0.128154637885409,0.106,0.111,1
"PHF20L1",0.761067730822403,-0.127828067542849,0.303,0.358,1
"GMPR2",0.911455347000891,-0.127733034632449,0.106,0.099,1
"RPL31",0.225084396827317,-0.127605384710717,1,1,1
"PPP4R3B",0.802052975877971,0.127292975743634,0.348,0.321,1
"BIRC3",0.684168423130884,0.127270799292967,0.652,0.679,1
"NPLOC4",0.924152302725903,0.127265081898987,0.167,0.173,1
"CD2",0.480323797498072,-0.127237147767511,0.818,0.901,1
"MYH9",0.311064726048107,0.127173911662556,0.924,0.889,1
"LIME1",0.934907793881937,0.127140030459278,0.561,0.543,1
"MLF2",0.951217867390804,-0.12687616476375,0.364,0.358,1
"POC1B",0.800994527351524,0.126875126033311,0.106,0.099,1
"FBH1",0.747082425698681,-0.126855944129091,0.091,0.111,1
"RABIF",0.503539865181506,-0.126659191298971,0.182,0.235,1
"ATP5F1C",0.753245473257982,0.126376516363532,0.439,0.407,1
"NSMCE4A",1,0.126129303655972,0.106,0.111,1
"PSMB4",0.537437470134847,0.126067373225491,0.424,0.358,1
"UNC45A",0.974140718328654,0.125617849701962,0.106,0.111,1
"RGS2",0.192339589075964,-0.125518058296355,0.182,0.284,1
"NRF1",0.840089039118491,0.125312371759948,0.197,0.198,1
"AUTS2",0.846616003707065,-0.125225885153541,0.682,0.716,1
"TOLLIP",0.605832033743431,-0.125197098767756,0.182,0.235,1
"SEC22A",0.597495672299154,-0.125149168832642,0.121,0.16,1
"RNF181",0.853792495318875,0.124980281223629,0.424,0.42,1
"SHOC2",1,0.124937358113832,0.364,0.395,1
"MARCHF6",0.997873120626993,0.124930361330267,0.212,0.235,1
"BRPF1",0.624818892828142,-0.124749453555968,0.106,0.136,1
"CEP83",0.893984884626279,-0.124630567025317,0.106,0.111,1
"CLINT1",0.808351187678084,-0.124446730143565,0.227,0.259,1
"HNRNPA2B1",0.388248378239719,0.124370964415168,0.985,0.877,1
"UBXN1",0.553136327509853,-0.124292457475905,0.697,0.728,1
"HERC4",0.606447292811559,-0.124151181508274,0.197,0.235,1
"PGP",0.647290299617883,-0.123839521347756,0.167,0.21,1
"DOCK8",0.788629260039118,0.123666057459922,0.545,0.543,1
"RETREG2",0.959129961126755,0.12353228017751,0.212,0.222,1
"PHF8",0.795262364455451,-0.123519852288693,0.106,0.123,1
"GAB3",0.848862800227055,0.123518002940237,0.197,0.198,1
"PFDN5",0.484518449122567,0.123501779383066,1,0.975,1
"RPL14",0.109893918646084,0.123429784339635,1,1,1
"XPO7",0.434854887846284,-0.123426906386895,0.106,0.16,1
"XRN1",0.662716222092182,-0.123239690418507,0.47,0.556,1
"ZFY",0.489699640929282,0.1230135703908,0.091,0.136,1
"RPL28",0.108173425354324,-0.122955509076776,1,1,1
"PSMB1",0.447784687208749,0.122947228183039,0.682,0.667,1
"RPL21",0.392645204770985,-0.122676165438429,1,1,1
"LGALS3",0.749780822098229,0.122492152027776,0.242,0.222,1
"ENO2",0.822366561408035,0.122233451130751,0.197,0.185,1
"BPGM",0.916812342553094,-0.122140902330601,0.106,0.111,1
"TSTD1",0.683571206822632,-0.121936803597506,0.182,0.16,1
"NDUFB4",0.715680305035571,-0.121927646189836,0.364,0.42,1
"HERPUD2",0.592127337183831,0.121915683710743,0.606,0.617,1
"DYNLT3",0.763803748898184,-0.121899338486186,0.182,0.16,1
"MRPS21",0.522218042996485,-0.121634618880553,0.333,0.395,1
"HSBP1",0.927390900519748,-0.121485844028768,0.273,0.284,1
"BZW1",0.766259432224729,-0.121374139098775,0.697,0.741,1
"SAFB2",0.821369073750299,0.121365116019472,0.394,0.469,1
"STX18",0.869983015764565,-0.120998339337439,0.121,0.136,1
"DUSP1",0.855647917943473,-0.120959782627714,0.5,0.481,1
"RGCC",0.750682430229317,-0.120876059573773,0.864,0.877,1
"APEX1",0.926104803295047,0.120780686001359,0.258,0.272,1
"AGGF1",0.669032874394006,0.120532943568924,0.106,0.136,1
"EPC2",0.981011219331405,-0.120395928485334,0.167,0.173,1
"SUCLG1",0.839455907848914,0.120270982517068,0.227,0.222,1
"RABGAP1L",0.228198248779419,0.119682502354927,0.818,0.728,1
"PEX16",0.895247071313067,-0.119569457185736,0.258,0.284,1
"RPN2",0.53834404349507,0.119555729322004,0.455,0.407,1
"BABAM1",0.832733329052036,-0.119518659121941,0.242,0.235,1
"COQ4",0.955858667637254,0.119087595594265,0.212,0.247,1
"H1-3",0.714466572494996,-0.118798513857035,0.197,0.222,1
"CLTB",0.474782155084599,0.11873398459594,0.697,0.667,1
"VPS51",0.741936788036187,0.118678012695461,0.318,0.296,1
"EIF3B",0.837408695000729,-0.118628243288975,0.318,0.296,1
"TRIR",0.473229651995681,0.118578493765429,0.894,0.864,1
"HLA-DQA1",0.328137972524555,0.118398769566334,0.273,0.198,1
"RPL12",0.068659797965479,-0.118356729350451,1,1,1
"PRPF4",0.607003006023429,0.118324784039484,0.182,0.148,1
"SAMD9",0.984769926000671,0.118033892008887,0.318,0.296,1
"ARL6IP1",0.692505921424546,0.117986971460418,0.879,0.926,1
"GRK5",0.763691432508479,0.117969436320618,0.136,0.123,1
"SACM1L",0.733399263923846,-0.117954927398697,0.227,0.259,1
"SNX3",0.54867665057554,-0.117911618122399,0.348,0.407,1
"PDLIM5",0.882972999095641,0.117911178377066,0.136,0.148,1
"CDKN1B",0.926335827094216,0.117873275928094,0.591,0.617,1
"PCGF5",0.523201811618531,-0.117865958951834,0.47,0.543,1
"SH3GLB2",0.679023157743793,-0.117856131350994,0.106,0.136,1
"FAM133B",0.86920717608071,0.117612309724661,0.303,0.333,1
"SPCS2",0.491105097292164,0.117601947091884,0.667,0.667,1
"TMEM256",0.556591326727406,-0.117461360150196,0.106,0.148,1
"LUC7L3",0.313924782457086,0.117416624478923,0.364,0.296,1
"CNOT2",0.498181793604802,-0.117359500399214,0.409,0.457,1
"WDR36",0.596491359841284,0.117270821179238,0.091,0.123,1
"CDK2AP2",0.890846315664735,0.117261489223369,0.455,0.481,1
"VPS72",0.586659018881777,-0.116936981114735,0.167,0.222,1
"TECR",0.724428393944577,0.116887526919199,0.667,0.63,1
"CNOT7",0.464827110922107,-0.116849774358355,0.182,0.247,1
"CAMKMT",0.580004561217325,-0.116846195827173,0.152,0.185,1
"ENSG00000235979",0.579348909168407,-0.116652673212778,0.136,0.173,1
"PIK3R1",0.71683644065446,0.116651732415947,0.742,0.778,1
"ENOPH1",0.933356968179268,-0.116542614017485,0.182,0.185,1
"JUND",0.564359695210204,0.116458033362187,1,1,1
"LMBR1",0.936049892633362,-0.116255326841163,0.333,0.358,1
"DOCK11",0.874928369593533,0.11603705677357,0.242,0.247,1
"CSPP1",0.886331450978457,0.115995106380275,0.227,0.21,1
"TIMMDC1",0.43681446657543,0.115946370573931,0.197,0.136,1
"NOMO2",0.741473763188897,-0.115850751402744,0.091,0.111,1
"NUP160",0.671303833805149,-0.115663397619738,0.212,0.247,1
"DLEU1",0.981752480601441,0.115653959257063,0.136,0.136,1
"SDF2",0.756414029416628,-0.115647651556486,0.258,0.309,1
"EIF6",0.721026990896739,0.115637251581662,0.409,0.42,1
"CYP20A1",0.668031628316067,0.115367097916569,0.303,0.284,1
"HADHB",0.763854254647066,0.115194453082065,0.258,0.309,1
"RPS6KC1",0.5053519471791,-0.1150984603739,0.152,0.21,1
"CASC3",0.954832231249975,-0.115079554587046,0.212,0.222,1
"EXOC2",0.352209437550517,-0.114866646649189,0.182,0.259,1
"NCK1",0.779245421910532,0.114811760264905,0.364,0.346,1
"ABTB1",0.78005391608112,0.114724879022837,0.136,0.16,1
"MED28",0.866166209089177,0.114722638607558,0.273,0.296,1
"S100A11",0.198850390202852,0.114672722941031,0.909,0.827,1
"ERCC6",0.676859689295192,0.114579472731371,0.106,0.086,1
"ANAPC5",0.690769734216918,0.114247506729135,0.455,0.42,1
"CTBP1",0.839350216237428,0.114233479769838,0.258,0.309,1
"ARMC8",0.980001814154815,0.114201331635905,0.258,0.272,1
"RRAGA",0.583941331264988,0.114181325985746,0.182,0.148,1
"MT-CYB",0.329283631391088,-0.114149500120679,0.985,1,1
"HAGH",0.922530690813405,-0.114131129394607,0.106,0.111,1
"RPS23",0.116087675804903,0.114107831697119,1,1,1
"FLNA",0.449520761850196,-0.114068952338638,0.833,0.914,1
"RALBP1",0.366227627129478,0.114026809549519,0.409,0.333,1
"ARL15",0.883474553072184,-0.114022771946083,0.212,0.198,1
"MOAP1",0.923221983215708,-0.113932968719527,0.106,0.099,1
"ANKH",0.76378325400121,-0.113901268810911,0.288,0.309,1
"PPAN",0.870870700357512,0.113745241987148,0.288,0.272,1
"HLTF",0.773901604827729,0.113729980614709,0.136,0.123,1
"KLF6",0.860709976318975,-0.113602667175572,0.864,0.864,1
"MRPS18C",0.431724633502954,0.113499746398792,0.394,0.333,1
"SRP72",0.763143258416167,0.113452749110713,0.364,0.358,1
"PLP2",0.704983171136004,-0.113444689782279,0.758,0.753,1
"NEDD1",0.867840864898542,-0.11344077981734,0.136,0.148,1
"NDUFAF3",0.972042161750161,0.113311686033291,0.318,0.333,1
"TRIM22",0.681178709079492,-0.113141065880176,0.379,0.42,1
"CTR9",0.431287065236851,0.113102311465112,0.424,0.42,1
"ZNF236",0.918438371141485,-0.112910244230756,0.136,0.148,1
"ANTKMT",0.964539749513707,0.112749574302206,0.121,0.123,1
"VIM-AS1",0.301507580012785,0.112645343054594,0.364,0.259,1
"SP100",0.776598180899497,0.112587317031141,0.667,0.667,1
"BAIAP2",0.830626290228388,0.112567700884074,0.121,0.111,1
"RPL35",0.257913897155633,0.112536958364004,1,1,1
"STOM",0.792772004524431,0.112516329226359,0.212,0.198,1
"ATF2",0.771244901855294,0.112482252687953,0.303,0.284,1
"ENSG00000278996",0.575851112953329,-0.112474233842994,0.894,0.852,1
"PRKD3",0.532161365080274,0.112395362376257,0.106,0.074,1
"EIF3K",0.748793856549599,-0.112373976186763,0.803,0.84,1
"HNRNPM",0.497850952734606,0.112366880980429,0.561,0.543,1
"PDS5A",0.775465032635653,0.11233746739194,0.424,0.407,1
"NFKBIZ",0.61022167805079,-0.112303851101444,0.197,0.235,1
"LINC00869",0.357259260244646,-0.11219310200997,0.333,0.432,1
"TMED4",0.581353410139354,0.112012924169572,0.348,0.309,1
"AKNA",0.899203935860945,0.111951376951003,0.909,0.864,1
"PJA2",0.611070465835401,-0.111879021376412,0.242,0.272,1
"RB1",0.966380751163052,0.111875252162558,0.394,0.383,1
"EMC6",0.642649614092542,0.1117267826826,0.318,0.284,1
"RHEB",0.759017921697128,0.111725606253134,0.318,0.358,1
"SCAF8",0.916259485702953,-0.111706756911974,0.182,0.198,1
"RETREG3",0.870344307136289,-0.111588228872486,0.152,0.16,1
"ACTG1",0.477179344032969,0.111587209031463,0.939,0.926,1
"ATP5PB",0.764026146086982,-0.111482029547637,0.47,0.519,1
"WDR1",0.501292979314278,-0.111271081285043,0.47,0.58,1
"THYN1",0.905890000904443,0.111225624026207,0.182,0.185,1
"DCTN4",0.452535340366182,0.111169323520061,0.258,0.21,1
"PRPF38A",0.745515799527531,0.111070364349675,0.303,0.296,1
"SARNP",0.733727953587525,-0.110996773259525,0.439,0.469,1
"STARD7",0.468660296178681,-0.110909439588024,0.379,0.481,1
"SLC35B2",0.747082425698681,0.110875005406737,0.091,0.111,1
"OTULIN",0.850392454429,0.110670508128703,0.409,0.432,1
"EIF4G1",0.960243265454064,0.110661759672728,0.348,0.37,1
"AK6",0.841580476044473,0.11057571373399,0.121,0.111,1
"EIF2B1",0.933609788031393,0.11052585499692,0.167,0.173,1
"LPIN1",0.528129858185338,-0.110438439663346,0.076,0.111,1
"NKAP",0.70773432683092,-0.110323986429737,0.197,0.235,1
"PYCR2",0.731539766160122,-0.110279057830864,0.121,0.148,1
"HCP5",0.89422343928451,0.110236681966304,0.348,0.346,1
"IWS1",0.857911480916663,-0.11022207352975,0.182,0.198,1
"CBFB",0.829051866688713,-0.110115273942222,0.212,0.235,1
"TXNL4A",0.950131816848682,-0.110074803518731,0.5,0.494,1
"MDH2",0.704791716492697,-0.109835064579554,0.379,0.444,1
"GDI1",0.763677346585835,-0.109698324294614,0.288,0.321,1
"NAPA",0.611689188313318,-0.109659793043553,0.576,0.642,1
"OSBPL8",0.350564075460014,0.10958197699507,0.742,0.642,1
"WIPF1",0.5843008584767,-0.109496986242027,0.742,0.864,1
"STK17B",0.177429496420885,0.109385699258454,0.894,0.864,1
"POLRMT",0.725848607240927,-0.108888638076318,0.106,0.123,1
"YY1",0.584241129605133,0.108438345271026,0.561,0.543,1
"NFU1",0.991055919625637,-0.108409891276181,0.197,0.198,1
"NR2C1",0.751290084104819,-0.108004552714288,0.121,0.148,1
"DDX18",0.956508512347845,-0.107716155494173,0.47,0.494,1
"RPS21",0.259556037319434,-0.107567356678814,1,1,1
"LAG3",0.620823268999987,-0.107407545635857,0.333,0.432,1
"ARFGAP2",0.974457745116809,0.107401806371178,0.273,0.284,1
"RNF25",0.639417507354101,-0.107307507734144,0.106,0.136,1
"DHX8",0.981472245677984,-0.107294931426772,0.242,0.247,1
"TAB3",0.634535396999694,-0.107294259141213,0.106,0.136,1
"TNIP2",0.509879499689102,0.10722686841711,0.318,0.272,1
"ATP5MC3",0.831449687755372,-0.106967050507452,0.636,0.667,1
"ANKRD36C",0.571536216992712,0.10687077396684,0.182,0.148,1
"IRF1-AS1",0.986219532483882,0.106809708681839,0.409,0.444,1
"MED23",0.480926772217414,-0.106741003474062,0.091,0.136,1
"ZNF644",1,-0.106381192636864,0.47,0.469,1
"ABI1",0.879336183687559,0.106222718929219,0.364,0.358,1
"PTBP3",0.795553836638765,0.106166941298519,0.424,0.407,1
"TMED5",0.632854165697108,-0.106043913301939,0.273,0.235,1
"TMSB10",0.4057118629256,-0.105617065281961,1,1,1
"ENSG00000253980",0.902742688935436,-0.105489817562512,0.182,0.198,1
"HSPA13",0.751319259528485,-0.105449013982391,0.136,0.16,1
"MPRIP",0.670843277678613,0.105340996502849,0.167,0.148,1
"BACH1",0.388709874460296,-0.105270784353986,0.288,0.395,1
"LRRFIP1",0.533977827162579,-0.105231584434056,0.879,0.852,1
"GIMAP7",0.632076742760278,-0.105107028374483,0.606,0.63,1
"CCNL2",0.84508170194914,0.105067082646179,0.273,0.296,1
"MYADM",0.481548161406156,0.105002588794363,0.727,0.79,1
"REST",0.498515076350442,-0.10496575815793,0.318,0.383,1
"LYST",0.992174185961053,-0.104903216177008,0.758,0.753,1
"POLD4",0.798130776288441,0.104890384270103,0.091,0.111,1
"PBXIP1",0.456356851189311,0.104779757998155,0.712,0.679,1
"PRMT3",0.54832226811229,-0.10459497294117,0.076,0.111,1
"ELOB",0.42985360928357,0.104559073893727,0.742,0.704,1
"ABHD17A",0.403314064462446,-0.104328211972562,0.909,0.901,1
"IP6K2",0.866431749263361,-0.104137461253037,0.303,0.321,1
"CIR1",0.991010934841394,-0.104067354771157,0.364,0.37,1
"SNHG15",0.92541662131181,0.104062470961301,0.242,0.272,1
"HNRNPUL2",0.536650759108737,0.103811836467843,0.439,0.407,1
"TG",0.932334164611551,0.103767499700852,0.167,0.185,1
"ATXN7L1",0.656611326341751,-0.103606032603966,0.303,0.333,1
"RNF115",0.996509995219858,0.103574524464397,0.394,0.42,1
"SPTLC1",0.735828736721881,0.103458345911991,0.136,0.123,1
"ARHGDIB",0.297521410081223,0.103220822901013,1,0.988,1
"EEF1A1",0.111636644631442,0.103132554840514,1,1,1
"RAPGEF6",0.729660198735905,0.103096295019958,0.379,0.383,1
"COPS6",0.86991630090404,-0.103033563350063,0.318,0.358,1
"ARPC1B",0.493013901643814,0.10285110178934,0.758,0.728,1
"MED13L",0.536650759108737,-0.102850795627382,0.394,0.444,1
"NUFIP2",0.775112316775918,-0.102643437452202,0.258,0.284,1
"LAPTM4A",0.660555125138016,0.102639437411349,0.47,0.469,1
"AGO4",0.943531603764363,0.102631821030284,0.152,0.16,1
"PPIL4",0.91247997300794,-0.102626883497803,0.288,0.284,1
"ANAPC13",0.911455347000891,-0.102571490792798,0.106,0.099,1
"NOL7",0.736694024177331,-0.102538277113935,0.545,0.642,1
"FMNL1-DT",0.525455776962826,-0.102525813096895,0.379,0.42,1
"POLB",0.528129858185338,-0.102483669842468,0.076,0.111,1
"CARD8",0.861283144337701,0.102472446006309,0.197,0.222,1
"TPI1",0.83286414495335,0.102369637860202,0.803,0.815,1
"YAF2",0.987118054713428,0.102341556452804,0.333,0.346,1
"ATP6V1H",0.725920238761315,-0.102328776945364,0.212,0.247,1
"MRPL55",0.779076674847712,-0.102185632043166,0.106,0.123,1
"YBX1",0.41115917698184,-0.102084408403003,0.924,0.938,1
"EXOSC10",0.97686978327143,0.102080094678563,0.227,0.235,1
"TIMM17A",0.751485018588805,0.102069164055761,0.182,0.21,1
"HINT1",0.810690481760853,-0.101928975817852,0.939,0.938,1
"SUPT20H",0.983648384251078,0.10156092957835,0.167,0.185,1
"RWDD1",0.628675218233114,0.101511850905753,0.409,0.37,1
"PPP2CA",0.397455288136883,-0.101478201780577,0.409,0.494,1
"AHCYL2",0.95824666103299,0.101391011082166,0.152,0.16,1
"CFLAR",0.941402290131476,-0.101369843527934,0.636,0.679,1
"RNPC3",0.344815340457105,-0.101349324629963,0.167,0.247,1
"TAF15",0.834260519157813,0.101030854277419,0.5,0.568,1
"ELL",0.955858667637254,0.10102292673015,0.227,0.235,1
"PTGER4",0.817303523233869,0.100860667465878,0.424,0.432,1
"SNRNP70",0.578305020434982,-0.100644000393195,0.364,0.432,1
"UBE2M",0.904506514243685,0.100618007655504,0.303,0.333,1
"KLHL28",0.810401111443356,0.100583448791158,0.227,0.222,1
"PSAP",0.982330548388599,-0.100563944937726,0.606,0.593,1
"EZR",0.561730889490011,0.100549316840924,0.985,0.988,1
"DAZAP1",0.778884748265631,-0.100395228222154,0.258,0.296,1
"RC3H1",0.535535855024962,-0.100371119939422,0.409,0.395,1
"ERLEC1",0.781655347322115,0.100223811290465,0.318,0.309,1
"VKORC1L1",0.364804336257613,-0.100167563899232,0.091,0.148,1
"FABP5",0.601480241585422,0.100057275073795,0.303,0.358,1
"LBH",0.648949552025394,-0.100049353925886,0.47,0.531,1
"UBE2N",0.938414640675295,-0.100018228664874,0.409,0.383,1
