"gene","p_val","avg_log2FC","pct.1","pct.2","p_val_adj"
"SNX9",2.16204702086636e-21,-1.99287377043631,0.046,0.168,4.06508080863293e-17
"TRBV7-2",6.60089775324618e-21,3.34270916098085,0.208,0.032,1.24110079556535e-16
"GZMK",3.68756815557842e-18,-0.917819048864677,0.364,0.559,6.93336564611855e-14
"CCR7",3.44859799380931e-16,-1.06023159906762,0.346,0.527,6.48405394796027e-12
"NKG7",4.57847555129115e-16,0.324644329952723,0.996,0.99,8.60844973153761e-12
"CD28",2.15621875148677e-14,-1.3300240230871,0.092,0.214,4.05412249654542e-10
"GNLY",6.78774284848072e-14,0.652777857115886,0.501,0.311,1.27623141037135e-09
"BICDL1",6.03445703112988e-12,-0.537773093358402,0.495,0.665,1.13459861099304e-07
"CLDND1",8.54363783808918e-11,-0.596849002309408,0.562,0.691,1.60637478631753e-06
"CD27",2.86200444452455e-10,-1.09708001480251,0.12,0.232,5.38114075659507e-06
"BHLHE40",4.29407782554279e-09,0.599367993185319,0.548,0.427,8.07372512758555e-05
"SQSTM1",4.39417614731948e-09,-0.580490652387186,0.685,0.786,8.26192999219008e-05
"GZMH",1.08625466336755e-08,0.434444752082248,0.631,0.491,0.000204237601806367
"MT-CO1",1.3701414777158e-08,0.182378233094662,0.999,1,0.000257614000640125
"KLRD1",1.75682695821278e-08,0.361597677439662,0.634,0.481,0.000330318604683167
"EZR",3.41241140519689e-08,-0.27135397527692,0.98,0.992,0.000641601592405119
"ID2",3.65921586030193e-08,0.60129425818455,0.548,0.431,0.000688005766053969
"ABHD17A",3.87376130632295e-08,0.28353559276036,0.905,0.862,0.000728344600814842
"SLAMF1",3.90503586834701e-08,-1.06114712142058,0.066,0.142,0.000734224843966604
"LRIG1",4.43937179693735e-08,-0.798907322600309,0.128,0.23,0.00083469068526016
"TNFRSF9",6.79432591713243e-08,-0.737059844851872,0.21,0.325,0.00127746915893924
"RPLP1",7.9953567824313e-08,-0.127917865061305,1,1,0.00150328698223273
"SRGN",9.18763693905064e-08,-0.190939726471876,0.999,1,0.0017274594972803
"SARAF",1.27142927020174e-07,-0.181040814712639,0.991,0.994,0.0023905413138333
"TRGV9",2.0024551251419e-07,1.15434241395257,0.151,0.062,0.0037650161262918
"MALAT1",2.5593393392272e-07,0.135216795348827,1,1,0.00481206982561499
"GZMB",2.82999972459558e-07,0.673090654077259,0.504,0.391,0.00532096548218461
"LEPROTL1",2.95399119675936e-07,-0.290277506588453,0.831,0.894,0.00555409424814696
"ATP1B3",3.06961870853789e-07,-0.461565368799286,0.804,0.862,0.00577149709579293
"SUN2",3.18511770109798e-07,0.403987478051857,0.672,0.583,0.00598865830160442
"TBC1D4",3.39791080521533e-07,-0.962196605194383,0.058,0.124,0.00638875189596587
"ISG20",3.57861890365582e-07,-0.445859868910325,0.653,0.731,0.00672851926265366
"IFITM2",4.96634401385242e-07,0.404582569997115,0.793,0.719,0.00933772001484532
"GAPDH",5.94336578171348e-07,-0.195773610101568,0.997,1,0.0111747163427777
"DNPH1",7.88303006692604e-07,-0.702238092013184,0.104,0.19,0.0148216731318343
"LDLRAD4",8.58124400236878e-07,-1.00347244063835,0.152,0.242,0.0161344549732538
"TXNIP",1.40961302716461e-06,0.923912649760846,0.32,0.22,0.0265035441367489
"GPR183",1.44432354335926e-06,-0.54963408005091,0.491,0.587,0.0271561712622408
"ENSG00000289901",1.80629112803659e-06,0.389177374980711,0.507,0.397,0.0339618857893439
"ATXN1",2.09640463837631e-06,-0.325432348916975,0.654,0.741,0.0394166000107514
"LTB",2.24279795740402e-06,-1.04280923848715,0.07,0.136,0.0421690871951104
"FAM107B",2.64698940069587e-06,-0.397728454138989,0.665,0.76,0.0497686947118838
"MT-CO3",3.40489431775212e-06,0.172519314834355,1,0.996,0.0640188229623754
"ZEB2",3.62804079708259e-06,0.19909151799114,0.945,0.926,0.0682144230667469
"RPS26",3.82189382737368e-06,0.202536431087658,0.984,0.988,0.07185924774228
"PRF1",5.31525236614984e-06,0.315324836860931,0.604,0.493,0.0999373749883494
"CTSW",5.69169997340487e-06,0.236576375894651,0.865,0.82,0.107015342899958
"NOP58",5.96476205982104e-06,-0.353817886900093,0.491,0.611,0.112149456248755
"THEMIS",9.02430434261673e-06,0.270894141071308,0.672,0.551,0.16967497024988
"SH3BGRL3",1.09617600167857e-05,0.164947985901664,0.991,0.984,0.206103011835605
"KCNAB2",1.15520231740415e-05,0.640058166666581,0.353,0.263,0.217201139718328
"RGS1",1.31377876098576e-05,-0.701923871219883,0.267,0.363,0.247016682640543
"PMAIP1",1.61198901437951e-05,-0.504642648818841,0.212,0.309,0.303086174483636
"RASA3",1.65548793782506e-05,0.449937256430277,0.525,0.437,0.311264842069868
"PIM3",1.85196484481592e-05,-0.366787363407742,0.453,0.565,0.34820643012229
"IFNAR2",1.91250519814357e-05,-0.40990518870681,0.333,0.447,0.359589227354954
"ZNF80",1.99117865651092e-05,-0.586776777780893,0.071,0.132,0.374381410997183
"NMB",2.47426042712974e-05,-0.945247076071572,0.057,0.11,0.465210445508934
"SAMSN1",2.55374050695774e-05,-0.293978195512998,0.628,0.727,0.480154290118195
"S1PR5",2.83696570225305e-05,0.57085468492191,0.347,0.261,0.533406291337619
"CMSS1",3.18616825222119e-05,-0.594634107524911,0.39,0.493,0.599063354782628
"ISG15",3.24092623540336e-05,-0.844293545469925,0.287,0.371,0.60935895078054
"CTSC",3.50491332203486e-05,0.396437721420186,0.517,0.433,0.658993802808994
"GRAP2",3.55258049677332e-05,0.390636196102553,0.545,0.489,0.66795618500332
"SLC25A3",3.59043885505482e-05,-0.20855629331902,0.809,0.86,0.675074313527406
"PDCD1",3.69634246017748e-05,-0.374113995179009,0.128,0.208,0.69498630936257
"PABPC1",4.07210067512482e-05,-0.199324062886484,0.977,0.978,0.765636368936968
"CCL4L2",0.00673827446285573,1.36149321396177,0.199,0.15,1
"ENSG00000235979",0.000642146558059793,-1.3402316930493,0.196,0.255,1
"KLRC2",0.000214023211502077,-1.23320826604851,0.06,0.106,1
"TMEM156",6.35682929519026e-05,-1.13944974360016,0.056,0.106,1
"ENSG00000276241",0.00017531570615883,1.07451671122338,0.112,0.056,1
"XCL1",0.307626053451858,-1.0204049517691,0.103,0.116,1
"CEBPD",0.000560616005387594,-0.889342390319157,0.063,0.108,1
"SORL1",0.000872692787004525,0.859912745749922,0.154,0.1,1
"RABEP2",0.00150935927226337,0.831049930761417,0.132,0.082,1
"RNF44",0.0070130682659941,0.828127416348095,0.129,0.088,1
"ELMOD3",0.000427420941415938,-0.817222339109638,0.058,0.102,1
"ATG4A",0.000367499286503432,-0.794418777126336,0.069,0.118,1
"ADRB2",0.000912878704872357,0.787234980628106,0.141,0.086,1
"PTCD3",0.000423905463533872,0.768420229638569,0.181,0.12,1
"ENSG00000227227",0.000161853589191501,-0.744176607712258,0.074,0.128,1
"ZNF787",0.0260837314013258,0.729967941714525,0.101,0.07,1
"MGA",0.00452791401916474,0.72561644399532,0.152,0.104,1
"ZBTB32",0.000163681835261102,-0.720620447445107,0.066,0.118,1
"GADD45A",0.00111175391635473,-0.715304305561692,0.136,0.194,1
"PTPN12",0.0050479995131741,0.707410683122695,0.128,0.084,1
"SNHG17",0.00122900738309249,0.703626431035605,0.198,0.142,1
"FGFBP2",0.000294628380774705,0.701652069672546,0.41,0.335,1
"FXR2",0.0204914033559904,0.688228589850505,0.11,0.076,1
"MTSS1",0.001205312430946,0.679094979114253,0.134,0.08,1
"HEATR5A",0.00289529475959509,-0.670334672538847,0.063,0.102,1
"KLHL6",0.000150047112714199,-0.670142467155701,0.057,0.106,1
"COMT",0.0165723451872915,0.669901045049755,0.122,0.086,1
"PLCB1",0.0122574200236227,0.664176412222869,0.136,0.096,1
"LY9",0.00428942799039805,-0.6572593968053,0.088,0.13,1
"DYNLT3",0.000170306873027084,-0.656147876920998,0.147,0.216,1
"CPEB4",0.0162715872901668,0.65513908062249,0.107,0.072,1
"CXCR6",0.00288739583188981,-0.654098601567954,0.107,0.154,1
"ATP6V0E2",0.00341347076969131,-0.647488625538593,0.062,0.1,1
"B3GNT5",0.00177419632932912,-0.647357035047249,0.061,0.102,1
"ADGRG1",0.0125031440476523,0.644892957238938,0.119,0.08,1
"THOC3",0.00549195586006014,0.643973197256699,0.166,0.12,1
"TCHP",0.0319091487619584,0.637650984867355,0.105,0.074,1
"NFATC1",0.00044452727817916,-0.636531819495439,0.102,0.16,1
"PGM2",0.0187424711764064,0.635947768183469,0.108,0.074,1
"PHLDA1",0.000356623874654277,-0.634835650035189,0.098,0.156,1
"PDCL",0.0189435122937158,0.634303171222048,0.11,0.076,1
"ICOS",0.00468626768619038,-0.629399691003555,0.179,0.232,1
"HLA-DQA1",0.000216650715075763,-0.622405021939876,0.236,0.315,1
"COX19",0.040977112741046,0.619414983907075,0.159,0.13,1
"NBL1",7.46605428396691e-05,-0.61655283836053,0.158,0.234,1
"NUP88",0.0280421667042151,0.616530934594861,0.134,0.1,1
"PDGFD",0.000332123420691448,0.61449399126967,0.135,0.076,1
"LRRC40",0.0213587971145483,0.612321054462333,0.128,0.092,1
"TSPAN2",0.00313375674974518,-0.611931170603844,0.134,0.186,1
"TMEM65",0.0488384069022959,0.610721475063353,0.108,0.08,1
"PPM1L",0.0232295183913298,0.610466060734227,0.124,0.09,1
"HOXB2",0.0616528858232837,-0.609422062057105,0.075,0.1,1
"FLOT1",0.028919034513371,0.60884161409224,0.174,0.138,1
"NDFIP2",0.00320801741487116,-0.60127875766826,0.093,0.14,1
"DIAPH2",0.0435356111982809,0.600101747368098,0.16,0.13,1
"SLX9",0.00134201657567745,-0.598534958984848,0.087,0.136,1
"TANGO2",0.00386984611737236,-0.593702019975554,0.063,0.102,1
"GIMAP2",0.0201738299294103,0.593430173043819,0.122,0.086,1
"TRERF1",0.000972847709991337,-0.591024915266543,0.066,0.11,1
"LSM14B",0.0079679220661101,0.590280539680186,0.182,0.138,1
"ABAT",0.00328807416467124,-0.589035507054036,0.073,0.114,1
"ITFG2",0.0213328473401133,0.588960522633917,0.151,0.116,1
"TGFBR1",0.141018036487739,0.587704691385201,0.109,0.09,1
"COQ10A",0.00777457877167709,0.586990775696236,0.145,0.1,1
"LRCH1",0.0361517451646809,0.585903204364713,0.196,0.164,1
"RASSF1",0.0550511708246956,0.581463938813361,0.144,0.116,1
"SERTAD3",0.00516348511687509,-0.58079220529612,0.069,0.108,1
"IL6ST",0.000293857057374584,-0.577846975554563,0.096,0.154,1
"SNX20",0.0167185835722321,0.576236783245784,0.178,0.14,1
"CYRIA",0.00299010420669302,0.574540631147069,0.155,0.104,1
"DAPK2",0.00245247645652298,0.571489311985491,0.247,0.19,1
"NAB1",0.00381179141642567,-0.570504954670393,0.118,0.168,1
"ERO1A",0.000447323254059686,-0.570230231910856,0.12,0.182,1
"NCALD",0.0387975826633649,0.568100721083869,0.134,0.1,1
"SESN3",0.525571641557639,-0.565983037494918,0.105,0.096,1
"ABCF3",0.00766776331711269,0.565617763647449,0.19,0.144,1
"ATF6",0.00347307906977979,0.563778006863738,0.222,0.172,1
"XYLT1",0.0242191746489007,0.561888238237051,0.153,0.118,1
"NUP93",0.147210058432698,0.559892488405455,0.108,0.09,1
"PAGR1",0.00561427576590536,0.558657473532043,0.211,0.164,1
"ENSG00000291156",0.00185871326772737,-0.558070887032076,0.085,0.132,1
"JAKMIP2",0.00493112478473338,0.557598187275923,0.144,0.096,1
"CREBL2",0.0386519545198216,0.557341716874199,0.154,0.122,1
"ZC3H12D",0.00100418539914563,-0.556551949237126,0.142,0.202,1
"FRMD8",0.00088306063204276,-0.554969218800897,0.096,0.15,1
"NFKBIZ",0.0074337212824643,-0.554538993798216,0.164,0.216,1
"GOLGA8A",0.0717792302691543,0.551805737439386,0.126,0.1,1
"SETBP1",0.0069753303389651,0.551611547641802,0.168,0.12,1
"RNF20",0.0631922503974674,0.551528674073444,0.108,0.082,1
"GIT1",0.0762731260590426,0.551304678575156,0.123,0.098,1
"NUP42",0.0388981661813696,0.549959401316942,0.136,0.104,1
"RANBP6",0.123178650409834,0.549270678170124,0.116,0.096,1
"CCND3",0.0238804786629147,0.548615079919859,0.205,0.166,1
"AVEN",0.15774623337232,0.5479731970964,0.115,0.096,1
"SMDT1",0.00011676842815583,-0.542007214499832,0.193,0.277,1
"PELI1",0.000348054308097887,-0.541718241927709,0.163,0.234,1
"DCAF1",0.0800727894410627,0.541612857194741,0.112,0.088,1
"TTC39B",0.00613091820804809,-0.54125818433315,0.074,0.112,1
"DKC1",0.00753930261503292,0.538489272273559,0.182,0.138,1
"DAPK3",0.10993800145817,0.537916948469977,0.114,0.092,1
"SCFD2",0.08956917309836,0.537619340600744,0.11,0.086,1
"MBIP",0.000377415752449274,-0.53732045553919,0.082,0.136,1
"ZC3H3",0.147691564719542,0.535695401239495,0.105,0.086,1
"MIR23AHG",0.00173381251546889,-0.535338280651106,0.181,0.242,1
"CD160",0.100798185953549,0.535165258409119,0.105,0.082,1
"PPP2R2B",0.0229249955365372,0.534075583862712,0.191,0.15,1
"FAS",5.65726867488458e-05,-0.533564903292386,0.282,0.379,1
"HEG1",0.131852308759566,0.53185714759791,0.123,0.102,1
"GALNT7",0.0438027750329513,0.531721724908743,0.138,0.106,1
"REEP4",0.00388876842678446,0.529166719706777,0.141,0.092,1
"EXOSC7",0.150103577385787,0.526621981346358,0.122,0.102,1
"RGS14",0.0142795688948404,0.52093939908938,0.129,0.09,1
"ENSG00000290856",0.0869483852927783,0.520850899087231,0.102,0.078,1
"STX17",0.10985808028161,0.520666766974559,0.122,0.1,1
"MYO1F",0.000122784666618417,0.520432168323247,0.369,0.291,1
"TRPV2",0.0575512279883949,0.520049380579464,0.104,0.078,1
"SRGAP2",0.00241578889106253,-0.51799318698424,0.102,0.152,1
"PGRMC2",8.15134936633318e-05,-0.51474937596971,0.22,0.307,1
"OSBPL11",0.0701175360014438,0.513533928298517,0.109,0.082,1
"TBC1D10A",0.256679433882718,0.512493017810854,0.104,0.09,1
"PGP",0.04980625374029,0.512081436595123,0.149,0.12,1
"GK5",0.018184486609337,0.511925021622893,0.164,0.122,1
"ICAM2",0.0229030036677899,-0.511845397299047,0.072,0.104,1
"ABTB1",0.0612994664428874,0.509591638353145,0.154,0.126,1
"HIKESHI",0.000745057015097211,-0.507189833820339,0.134,0.196,1
"CPOX",0.000985765189529378,-0.506169616373682,0.087,0.138,1
"GNGT2",0.00674714530048798,0.505456236174596,0.123,0.08,1
"RCAN3",7.33264005379727e-05,-0.50417928174408,0.136,0.212,1
"SIPA1L1",0.000122672798357336,-0.499541318882096,0.344,0.439,1
"CAMKMT",0.0801635364582454,0.499026076497175,0.173,0.146,1
"MSC",0.138599352678887,0.498092184765528,0.14,0.118,1
"PLEKHF1",0.0331955851390926,0.497828100520713,0.207,0.172,1
"ENSG00000288755",0.0642882801736435,-0.497785293583593,0.094,0.122,1
"PPM1K",0.00762809469106166,0.496438278577544,0.247,0.202,1
"DUSP16",0.000573694625821137,-0.495473280185348,0.231,0.317,1
"RAB11FIP4",0.0729046793993762,0.494966589564968,0.127,0.1,1
"DIPK2A",0.163736706464088,0.494743476811021,0.107,0.088,1
"POMZP3",0.0154216893440931,-0.493504188945552,0.09,0.126,1
"RASGEF1B",0.170306575213614,0.493463761682324,0.12,0.098,1
"INTS6",0.00172038980645691,0.490618989375433,0.374,0.331,1
"AKT2",0.149660373962273,0.490289183054503,0.131,0.11,1
"MPPE1",0.29596306762449,0.48715540341541,0.115,0.102,1
"LINC01871",0.00166072987911054,0.485060522900961,0.263,0.198,1
"SETD3",0.249260459578236,0.482895710945571,0.118,0.104,1
"SYPL1",0.000256510255335327,-0.482267024065837,0.203,0.283,1
"PEAK1",0.0385460651491819,-0.481152445664692,0.118,0.152,1
"PHLDB2",0.111216923623651,0.479788048046507,0.15,0.126,1
"EXT1",0.0137435155458306,-0.479323478167761,0.081,0.118,1
"SHISAL2A",0.00343861358077565,-0.479296311795218,0.095,0.142,1
"FPGS",0.0409236580946553,0.477713322287762,0.143,0.11,1
"SPATS2L",0.00119090561001108,-0.475630095781319,0.087,0.138,1
"ZNF600",0.0976037549556475,0.474762398843509,0.142,0.118,1
"VAC14",0.0456472869840041,-0.474622402316247,0.073,0.1,1
"MOB3A",0.065541609430241,0.474602779822061,0.176,0.146,1
"NUBP2",0.026585182785153,0.474111527169585,0.191,0.156,1
"C15orf40",0.147756640167284,0.472494815606015,0.106,0.086,1
"MRPL23",0.00154308557160661,-0.471889165319712,0.063,0.106,1
"ATG14",0.0756352160691228,0.471650415605439,0.115,0.088,1
"ZDHHC2",0.11346803983372,0.471598752539607,0.121,0.098,1
"MRPS28",0.00901237172488042,-0.471313869925836,0.071,0.108,1
"ATG2A",0.00167524721966806,-0.468372286503077,0.118,0.174,1
"ASL",0.0168290607372641,-0.467437542491958,0.082,0.118,1
"PHACTR2",0.000154991387913308,-0.46701900099025,0.347,0.447,1
"STRN3",0.061639168716825,0.466106020272735,0.166,0.138,1
"DAXX",0.0200233709707581,0.46580857783748,0.226,0.188,1
"ZMIZ1",0.00499311459654466,-0.465114919483821,0.117,0.166,1
"MED1",0.0216771275255703,0.464877190360185,0.211,0.174,1
"JAML",0.0160311504528358,-0.463544823496164,0.176,0.222,1
"KAT2B",0.0209501866983331,0.462027173888327,0.193,0.152,1
"ARL17B",0.00275905902200653,-0.461531529234717,0.066,0.108,1
"DNAJC24",0.00854595027632671,-0.460916949645122,0.08,0.12,1
"SPG11",0.053049954054367,0.460035568270375,0.167,0.138,1
"CRBN",0.000735028161260716,0.459441291010153,0.338,0.275,1
"SIN3A",0.0929732610225093,0.458940820654022,0.142,0.116,1
"ENSG00000269968",0.00714362815993055,-0.458851896776115,0.15,0.202,1
"DCPS",0.221487007805117,0.457419461050674,0.139,0.124,1
"GTPBP8",0.0898234076738821,0.45708120506097,0.155,0.128,1
"CHD9",0.113960142409244,0.456652098573932,0.15,0.126,1
"CLSTN3",0.0713880935955118,0.456093266177978,0.152,0.124,1
"SRGAP2C",0.199291181880144,0.454630067325924,0.138,0.12,1
"AKT1",0.131622773380514,0.454464784402698,0.154,0.132,1
"LRIF1",0.195768410177972,0.454206695538122,0.116,0.098,1
"MGAT5",0.0660870630449522,0.45408039815295,0.156,0.128,1
"TSPAN5",0.0127003904375883,-0.453471809862121,0.123,0.168,1
"TBC1D19",0.0415548672044322,0.452321386827309,0.147,0.114,1
"WDR35",0.00561045663611149,-0.450393245110873,0.093,0.136,1
"ZFPM1",0.0268345105277273,-0.449529983053577,0.123,0.162,1
"PCSK7",0.0358495553151053,0.448569611748258,0.193,0.16,1
"PTTG1",0.00224889074734459,-0.447703480353939,0.106,0.16,1
"CABIN1",0.03913252525458,0.447564912041635,0.231,0.194,1
"ZNHIT2",0.118078284495241,0.446755925543415,0.106,0.084,1
"MFSD1",0.0372053175460577,-0.446640921172658,0.072,0.1,1
"TPRA1",0.108342821263504,0.446033505806501,0.113,0.09,1
"RUNX2",0.00694721666430168,-0.445980295477672,0.122,0.17,1
"USF3",0.0888565434924257,0.445643729446179,0.165,0.14,1
"CSTF2T",0.200749254449978,0.445238615053057,0.1,0.082,1
"FAM76A",0.0813751418634166,0.445144353332986,0.126,0.098,1
"CSNK1E",0.0271970695481338,-0.444855622459423,0.109,0.146,1
"RBM34",0.159071582957084,0.44373504533411,0.12,0.1,1
"IPO11",0.11632240109509,0.443714996807321,0.109,0.086,1
"AAR2",0.216276628371973,0.442557023090793,0.103,0.086,1
"CD38",0.00729870856457043,-0.442398826525601,0.08,0.12,1
"MRPS34",0.0590677255779419,0.441315143302094,0.212,0.184,1
"MRPL27",0.000595398065321269,-0.441281742130366,0.157,0.228,1
"ZNF266",0.15354298803196,0.439983742398133,0.154,0.134,1
"PRKD3",0.0681130963224724,0.438392213869083,0.14,0.11,1
"BCL2",0.00279618601314367,-0.437649217463151,0.226,0.293,1
"ENSG00000270240",0.158054858121948,0.437594350406497,0.125,0.104,1
"ASB8",0.07252029701844,0.437172818025478,0.181,0.154,1
"STAT2",0.108968291215225,0.436728240898168,0.14,0.116,1
"THSD4-AS1",0.216492995837227,0.436343309488584,0.118,0.102,1
"TBC1D10C",0.0160334041837583,0.436208442584278,0.295,0.246,1
"MAD1L1",0.00238558326057196,-0.435682609046427,0.164,0.23,1
"PER2",0.0059080780836921,-0.434944134008733,0.111,0.16,1
"SFXN3",0.104571994275094,0.433790498279022,0.132,0.108,1
"CEP128",0.0365872912222397,-0.431698819630371,0.076,0.106,1
"PARN",0.166663825093296,0.431339763462805,0.116,0.096,1
"NMD3",0.141442661737518,0.430879078722063,0.131,0.11,1
"VAMP3",0.227388034576924,0.430122860059152,0.149,0.132,1
"VPS13A",0.0886860683497733,0.429397449007576,0.219,0.196,1
"ZNF22",0.0855761729262401,0.429246895998084,0.191,0.166,1
"WWC3",0.160055343337314,0.428953301338388,0.116,0.096,1
"DOHH",0.0302274646630858,-0.428613204870659,0.07,0.1,1
"RMDN1",0.0018540319554536,-0.428286518162218,0.081,0.13,1
"SIRT1",0.00168006703390041,-0.427830652370423,0.161,0.224,1
"CKAP2",0.0201491092286553,0.42768881779848,0.278,0.236,1
"KLHL21",0.0174585323095218,-0.42746993234699,0.101,0.14,1
"SURF6",0.383985264646911,0.427349023428622,0.11,0.1,1
"TSTD1",0.00694557960717772,-0.427259726445725,0.125,0.172,1
"LAGE3",0.0748367021110679,0.426279149530987,0.175,0.146,1
"DNAJC17",0.00359416227092695,-0.425482466969692,0.096,0.144,1
"LINC00861",0.0570137269615917,0.425268888241667,0.215,0.182,1
"GPN2",0.00417498483273758,-0.424706543133702,0.068,0.108,1
"RPA1",0.0236793948053207,0.423677840727982,0.212,0.174,1
"DNAJB1",0.110191162056017,0.422781684742743,0.507,0.497,1
"SATB1",0.00659438536139859,-0.421985209782645,0.183,0.238,1
"WDR6",0.291912971721021,0.421084531760381,0.142,0.13,1
"CTNNA1",0.152099798287974,0.420916366092959,0.108,0.088,1
"ENTR1",0.0175717331053552,-0.42088609171857,0.091,0.128,1
"ZNF484",0.209951792197515,0.420668241972036,0.129,0.112,1
"MPHOSPH10",0.0947551278924187,0.419480892596405,0.234,0.214,1
"DHRS7",0.00158383017198729,0.419438300384208,0.398,0.339,1
"ENTPD4",0.0728557080312521,0.419088591320469,0.159,0.13,1
"VCAM1",0.0319541736540361,0.41901282952927,0.179,0.14,1
"PIGX",0.00137581239168663,-0.418549609905965,0.217,0.289,1
"TSPOAP1-AS1",0.0786576234710397,0.417900957873351,0.18,0.152,1
"DDX19A",0.102568154040684,0.417366210956214,0.135,0.11,1
"ZNF267",5.54140783117099e-05,-0.416704723812882,0.27,0.377,1
"EAF1",0.00274743542420975,-0.415884632302007,0.122,0.178,1
"TAF13",0.273891370052418,0.415397867129577,0.1,0.086,1
"MYO6",0.0499870291059683,0.414841093170822,0.125,0.094,1
"LYPLA1",0.184752674489737,0.41467290548979,0.16,0.142,1
"PMS1",0.104178315888741,0.414391777248919,0.104,0.08,1
"GLO1",0.0944220289780383,0.413798436067148,0.183,0.158,1
"KDM4B",0.00368237127523791,-0.413385807649864,0.122,0.176,1
"ANK2",0.00898222607762288,0.413299278743712,0.222,0.172,1
"TOX",0.0751471427177877,-0.413130184484005,0.289,0.323,1
"H3C4",0.0314701704483261,-0.412334409097418,0.124,0.162,1
"FARS2",0.201134263582663,0.412020932577536,0.115,0.098,1
"JAK3",0.316797288556075,0.411817968314068,0.112,0.1,1
"TCOF1",0.316449647770601,0.411631179863449,0.131,0.118,1
"KLRG1",0.00508912933752778,0.410984093507575,0.326,0.265,1
"VCPKMT",0.0596923199459248,0.410356838670199,0.175,0.142,1
"B9D2",0.0591217778872259,-0.410136599412168,0.076,0.102,1
"LIN7C",0.309634692161881,0.409844663136431,0.1,0.088,1
"WEE1",0.0152678685194718,-0.409350803835009,0.083,0.12,1
"CLNS1A",0.00104515094719371,-0.409126427264835,0.187,0.263,1
"ANXA2R",0.219028573273006,0.408426229099148,0.148,0.132,1
"TSC1",0.00456847676940077,-0.407240294543441,0.08,0.124,1
"TBC1D23",0.00446444041063217,-0.406988184922486,0.17,0.228,1
"PAM",0.00155819804038673,-0.406535436035355,0.298,0.377,1
"EIF2B2",0.0154374792694994,-0.406328564128885,0.088,0.124,1
"PTAR1",0.196557797535537,0.406238524478178,0.168,0.152,1
"KLF10",0.0841196228800976,0.406227749073921,0.162,0.132,1
"SETD1B",0.0482405282727592,0.40615635064651,0.182,0.148,1
"GZMA",0.00594091687588204,-0.405832330910266,0.382,0.451,1
"MED11",0.197013213169848,0.405486233060323,0.136,0.118,1
"BIN3",0.156483642781544,0.405379522567255,0.125,0.106,1
"KDSR",0.0085597693437352,-0.40455365015755,0.138,0.188,1
"SDCBP",0.000853809078435948,-0.404282377083486,0.433,0.525,1
"PPP2R1B",0.0360644389882379,-0.404095417573655,0.092,0.126,1
"PTMS",0.115159412131485,0.404001654808545,0.264,0.24,1
"TASP1",0.220421855732414,0.403148010515167,0.134,0.116,1
"TYK2",0.171349816854057,0.402966574094429,0.109,0.09,1
"ATL3",0.128454709958782,0.402442814906357,0.131,0.108,1
"MOCS2",0.0478768446557658,-0.401925948532493,0.081,0.11,1
"SSRP1",0.112573618097916,0.40179895716373,0.224,0.202,1
"MAP3K8",0.0185607894679335,0.401776878888688,0.293,0.244,1
"DDHD1",0.0491716650693341,0.401425578411635,0.237,0.204,1
"MAP1LC3A",0.0005591117519762,-0.401178467132142,0.172,0.244,1
"SNRNP35",0.0291418883602747,-0.400054950908924,0.136,0.178,1
"EEFSEC",0.160111818842288,0.399820803365434,0.115,0.094,1
"NUDT22",0.00518628263390408,-0.398692166955628,0.114,0.164,1
"CLSTN1",0.0822517069049942,0.398534958015943,0.224,0.194,1
"MFSD12",0.0382367914796824,-0.397713418216932,0.143,0.182,1
"ERO1B",0.0654732269972053,0.396968357987507,0.2,0.168,1
"ENSG00000291143",0.136614121179642,0.394691474418738,0.137,0.114,1
"PCID2",0.263777796914853,0.394378869720655,0.169,0.154,1
"MIF4GD",0.0581478506341459,-0.392735248721542,0.097,0.128,1
"CNIH1",0.000205733244892669,-0.392693642536937,0.358,0.453,1
"DOK2",0.00107720055306569,0.391859094187397,0.392,0.327,1
"ZNF581",0.0826790811507646,0.39178252003561,0.143,0.116,1
"ABI2",0.0426818341806913,-0.391357032940131,0.079,0.108,1
"PLCG2",0.0204203362446897,-0.391250772436043,0.175,0.22,1
"ATP7A",0.0483049040678591,-0.39114115241102,0.091,0.122,1
"KIF21B",0.34778685622719,0.390014611377304,0.171,0.162,1
"TIMM23B",0.163730936984171,0.389740515406401,0.161,0.14,1
"LANCL1",0.00842555159254033,-0.38973554871873,0.082,0.122,1
"EPSTI1",0.0831390738150174,-0.38869070369301,0.169,0.204,1
"STARD3NL",0.0798648192848468,0.388583888464578,0.188,0.158,1
"ZNF431",0.0570074413005138,0.387873194014479,0.202,0.168,1
"ANKRD27",0.158658196573899,0.386837530731316,0.121,0.1,1
"CDKN2D",0.18848944580949,0.386336210049558,0.183,0.162,1
"VEZT",0.144341167273108,0.386275337593565,0.223,0.206,1
"LGALS3",0.00496044488332686,-0.385777212280645,0.267,0.335,1
"EEF1AKMT2",0.0119320764103761,-0.385689891127334,0.106,0.15,1
"TYW1",0.196724320244248,0.385453757662306,0.173,0.154,1
"EPS15-AS1",0.241363582007834,0.384954597136454,0.122,0.106,1
"FUT8",0.197330668211697,0.384036354821158,0.128,0.108,1
"NOC2L",0.124831167729259,0.383958868332061,0.205,0.184,1
"FABP5",0.0107028269960083,-0.383591144241008,0.333,0.397,1
"ATP13A1",0.0270520737597676,-0.383586907637675,0.112,0.152,1
"CREB3",0.00162871015900885,-0.383285285594366,0.145,0.208,1
"BRF1",0.0819560051164815,0.383256770050797,0.148,0.12,1
"MED7",0.09243801674243,-0.382989628311769,0.092,0.118,1
"RALA",0.000256644287504222,-0.382926055663205,0.322,0.413,1
"MEGF9",0.147257265227187,0.382857822477244,0.136,0.114,1
"ETHE1",0.133649638829178,0.382708580877304,0.184,0.164,1
"ABCB7",0.534154788747779,0.38186279651875,0.133,0.128,1
"DUSP22",0.0803589194283398,-0.381834922327515,0.086,0.112,1
"ZNF652",0.281733796045513,0.381503098605303,0.103,0.088,1
"MAPKAPK5",0.0669703566616029,0.380354551444878,0.133,0.104,1
"YJU2B",0.132136166974623,0.379972904052571,0.222,0.2,1
"WRNIP1",0.135406689107948,0.379561986744532,0.201,0.18,1
"BLVRB",0.214294835822747,-0.378626488025205,0.095,0.114,1
"MFSD5",0.221801392699721,0.378329462922784,0.148,0.13,1
"AARSD1",0.0108757093036593,-0.377825464686423,0.099,0.142,1
"BROX",0.00388697823384849,-0.377340914844416,0.153,0.214,1
"CENPT",0.251505783575385,0.377221376623642,0.164,0.15,1
"VAV1",0.14120812346865,0.377117096452463,0.21,0.188,1
"CCL4",0.000183619625592552,0.376872610901623,0.452,0.367,1
"CPD",0.0437441219195474,0.376536317229033,0.295,0.269,1
"PSEN1",0.0673550381773,0.376154037210116,0.22,0.192,1
"DUSP18",0.10218702594591,-0.375810667059068,0.127,0.156,1
"DUSP4",0.000586117259728323,-0.375688289204978,0.461,0.541,1
"SPAG1",0.0162711086693344,-0.375139851681162,0.184,0.236,1
"NELFB",0.10813801155447,0.374714699317671,0.119,0.094,1
"PIK3CB",0.00332514042923083,-0.374585017236305,0.129,0.184,1
"ARHGEF3",0.00110749374697629,0.373331389197745,0.341,0.273,1
"BACH1",0.00511670064259894,-0.373246849938256,0.29,0.363,1
"IRAG2",0.00154021795133155,-0.373103641883684,0.37,0.447,1
"TMEM245",0.00095575050879085,-0.372994184221415,0.24,0.325,1
"GLA",0.26236862720967,-0.372774034534328,0.162,0.18,1
"PPP1R18",0.0721584021754697,0.372717339845029,0.27,0.242,1
"RAD1",0.33263408229668,0.372464110725477,0.103,0.09,1
"STT3A",0.408659814264959,0.37235361983414,0.169,0.164,1
"ATG4D",0.192690402879382,0.371929654472085,0.145,0.126,1
"KMT2D",0.0671319286064715,0.37162398933953,0.242,0.214,1
"FYCO1",0.0641571455959895,-0.371567984546722,0.112,0.144,1
"POLE3",0.0560242652407178,0.371254814845082,0.267,0.236,1
"DNAJB12",0.157981456130711,0.371094459502773,0.152,0.13,1
"DMAC2",0.0299029767206067,-0.370875119523616,0.08,0.112,1
"CFAP97",0.191143946249783,0.370748328250987,0.138,0.12,1
"MBTD1",0.357429204410268,0.370440013111124,0.113,0.102,1
"IFNAR1",0.187903192420313,0.370420172293668,0.209,0.192,1
"GLUL",0.0278165613364838,0.370106125885826,0.197,0.156,1
"MRPS33",0.0486622348977914,-0.370088031948808,0.075,0.104,1
"LIN37",0.018496657072432,-0.369688975274448,0.089,0.126,1
"PLEKHG1",0.0763404383739059,-0.369661396443821,0.112,0.142,1
"RUVBL1",0.0035370387409498,-0.369503311304447,0.123,0.178,1
"CTSA",0.00506919094159802,-0.369079754442782,0.123,0.176,1
"METTL15",0.558690090207982,0.369005525587299,0.105,0.1,1
"PMVK",0.0512248515590374,-0.368718496733597,0.087,0.116,1
"ANKRD36C",0.0893683311007241,0.367729944435041,0.195,0.17,1
"MRPL21",0.00201129457883215,-0.367372798023243,0.219,0.291,1
"B4GALT5",0.0282047123999664,-0.36697014836524,0.21,0.259,1
"CCDC88C",0.0351482904537337,0.366520401708401,0.313,0.277,1
"S100PBP",0.00735611042137322,-0.366164600114643,0.18,0.236,1
"SSBP4",0.0145609291530843,0.366071545621034,0.409,0.381,1
"DROSHA",0.00922721783326475,-0.36603920426783,0.09,0.132,1
"MUL1",0.0197040780093666,-0.365743581363573,0.07,0.104,1
"GTF3C4",0.116759243656881,-0.365056162324783,0.091,0.114,1
"ARRDC3",0.0658689149474574,0.364715365245939,0.331,0.305,1
"TMC8",0.0976990687264628,0.364293508046546,0.198,0.172,1
"ABTB3",0.0324542003081218,-0.363901287600159,0.101,0.136,1
"PRELID3B",0.00858360870250932,-0.363280189185905,0.251,0.315,1
"PSTPIP1",0.151489415695625,0.362178320803105,0.198,0.18,1
"WASHC5",0.321733787804085,0.361951753768856,0.142,0.13,1
"NUP50",0.165047952459431,0.361858705734456,0.189,0.17,1
"STRADA",0.359302642659402,0.361727262243155,0.103,0.092,1
"GPATCH4",0.271365549068602,0.361693432444181,0.119,0.104,1
"UBXN2A",0.0619495009296205,0.361395034045532,0.164,0.132,1
"POGZ",0.116716040476552,0.361082042658454,0.215,0.192,1
"MATK",0.00348915817477836,0.361049476897382,0.341,0.285,1
"PLCL2",0.0619721171859693,-0.360556518877898,0.21,0.251,1
"PIGB",0.331987769482511,0.360410798916582,0.115,0.102,1
"UBR3",0.0513068706461794,0.360389521587844,0.244,0.214,1
"HAPSTR1",0.00115537594801146,-0.360383424741499,0.165,0.236,1
"ATG101",0.121924838669346,0.360189533447793,0.18,0.158,1
"BBIP1",0.223194625495109,0.360149567384891,0.131,0.114,1
"POP4",0.155636000040744,0.360127179445823,0.227,0.21,1
"TBP",0.00365518383461282,-0.360057223696975,0.126,0.18,1
"ORC5",0.201343277451261,0.359673373933313,0.122,0.104,1
"TOB1",0.0679611464795662,0.35953165697762,0.263,0.236,1
"ZC3H14",0.431046728641403,0.359321449444611,0.138,0.13,1
"PGAP1",0.00121786106040567,-0.359281353160385,0.192,0.263,1
"C1GALT1",0.0742825726183649,0.358989989416389,0.182,0.152,1
"ITGA5",0.0403969951488796,0.358526543032351,0.328,0.297,1
"NUDCD1",0.146348399638526,-0.358095820988503,0.084,0.106,1
"OTUD6B-AS1",0.133318115213412,0.35805630020998,0.184,0.162,1
"INO80B",0.303304916772452,0.358021652131522,0.127,0.114,1
"AK3",0.165719975693326,0.357721942068698,0.184,0.164,1
"SCAPER",0.248884867525853,0.357479635485764,0.104,0.088,1
"ADAM8",0.00111436882164218,0.357171510111746,0.362,0.285,1
"TSPAN14",0.00764950689406493,0.356818871482559,0.326,0.279,1
"ARHGAP31",0.0673073485213215,0.356575708310438,0.176,0.142,1
"TRAF5",0.15487848360085,-0.356355713841667,0.099,0.12,1
"DDX19B",0.0272379177098251,-0.355884179509798,0.088,0.122,1
"APPBP2",0.192675140636375,0.355879981817426,0.184,0.166,1
"ENSG00000235978",0.072258660429861,-0.355834080884076,0.074,0.1,1
"MXD1",0.0792073577960046,-0.355536994720334,0.116,0.146,1
"METTL14",0.376346126570951,0.354978467404576,0.129,0.118,1
"ASB7",0.133119744449278,-0.354813624894919,0.089,0.112,1
"LSM5",0.000898547820312246,-0.354687257391274,0.211,0.291,1
"APTX",0.108941682250145,0.353963579720845,0.119,0.096,1
"COA8",0.014126499913964,-0.353738860163687,0.16,0.212,1
"BRWD3",0.0222754398272852,-0.353446075243375,0.11,0.15,1
"EPS15L1",0.0914088231212477,0.352866410210846,0.165,0.138,1
"AIMP2",0.0673400785140065,-0.352767057648531,0.074,0.1,1
"ARMC1",0.0320277983323242,0.35271245686131,0.127,0.092,1
"TIA1",0.0619328540878118,0.352675581396776,0.242,0.214,1
"C2CD5",0.366534651652238,0.352219420222894,0.111,0.1,1
"FBXO22",0.0154813457755101,-0.352185582082845,0.09,0.128,1
"NSUN5",0.535968359930708,0.352024155987803,0.105,0.098,1
"KARS1",0.0436344966402846,-0.352007524711591,0.151,0.19,1
"CEP95",0.285131741578291,0.350826561627413,0.191,0.178,1
"NAMPT",0.0023499084480538,-0.350821128268502,0.247,0.323,1
"DIS3",0.393663838323822,0.350683863661207,0.173,0.164,1
"F11R",0.143665946726648,-0.350395090727653,0.098,0.12,1
"MIR142HG",0.0950081445906029,0.350355204771911,0.361,0.347,1
"PRMT3",0.061240360510013,-0.350021551533222,0.092,0.12,1
"BTN3A2",0.00392849182595038,0.349628199552739,0.382,0.329,1
"SOCS3",0.0772562192906478,-0.349591553704852,0.094,0.122,1
"ZUP1",0.00636120143810017,-0.348599815005642,0.108,0.156,1
"HLA-G",0.10146232335796,-0.348498553483284,0.153,0.182,1
"TRAPPC6B",0.157082691780578,0.348378311981332,0.145,0.126,1
"RTCB",0.00221381127631245,-0.348207552944491,0.245,0.327,1
"SIPA1L3",0.405547495760524,0.347879714055577,0.128,0.118,1
"C2CD3",0.00461757081594769,-0.347816386482508,0.12,0.172,1
"ZNF574",0.154721526955254,0.347407522357129,0.139,0.116,1
"UBTF",0.0579961974473303,0.347180475219415,0.308,0.285,1
"ATP6V1B2",0.00259068984433814,-0.346724981606594,0.164,0.228,1
"HEXA",0.190538890763925,0.346608399350702,0.148,0.128,1
"NBPF26",0.421551521055484,0.346558879181383,0.126,0.116,1
"BAIAP2",0.0476885062825294,-0.346548294257521,0.074,0.102,1
"GIMAP1",0.264908608275716,0.346508614148939,0.246,0.236,1
"KLHDC3",0.0895444499190315,0.345928467914777,0.221,0.194,1
"NSD2",0.822890283002863,0.34547643315426,0.099,0.1,1
"ENSG00000261573",0.200623794038897,0.345277707777788,0.164,0.146,1
"STRN4",0.0302814685051848,-0.344955828605253,0.08,0.112,1
"GPCPD1",0.000728123182062434,-0.344200836051754,0.451,0.549,1
"GNPTG",0.206363590407105,0.34370656295195,0.193,0.176,1
"NDUFAF5",0.0560597144239482,-0.343589440310148,0.075,0.102,1
"RABGGTB",0.127157694365997,0.343417207389867,0.241,0.222,1
"NDUFAF7",0.0386075043970097,-0.3426400693505,0.084,0.116,1
"RHOC",0.0158940682224289,0.342599470372337,0.257,0.21,1
"EDEM1",0.0780502641653064,-0.342575171910881,0.077,0.102,1
"C18orf25",0.266072597452537,0.342361163862015,0.15,0.136,1
"FASN",0.0116299610901869,-0.342270830689907,0.109,0.152,1
"SLC38A9",0.545539256136938,0.34177970297756,0.121,0.114,1
"URI1",0.0472098636055461,0.34176692451831,0.327,0.299,1
"ITGAV",0.00161650725072912,-0.341700191598303,0.312,0.397,1
"BAX",0.0325001496141332,0.341587734378848,0.35,0.315,1
"SNHG5",0.0112908251122052,-0.341502321545224,0.297,0.355,1
"RAD9A",0.346594226015235,0.341381000628689,0.104,0.092,1
"PNMA1",0.0139658750629886,-0.340556881531245,0.14,0.188,1
"TESPA1",0.0109376643091605,-0.340213780492315,0.081,0.12,1
"ENSG00000288528",0.0945114155083763,-0.340083669746754,0.13,0.16,1
"FILIP1L",0.0817981093979078,-0.340070118770532,0.19,0.224,1
"GBP1",0.279455843092692,0.340007567584684,0.112,0.096,1
"TBC1D17",0.0848048879199542,-0.339690906877519,0.085,0.11,1
"RNF220",0.00455847423637011,-0.339272194937731,0.227,0.291,1
"TRGC2",0.11049182515473,0.338987499012736,0.211,0.18,1
"P2RY10",0.00119540503056457,-0.338819461732351,0.302,0.389,1
"SAP30L",0.0185976244876502,-0.338629143751747,0.127,0.172,1
"LSM4",0.00333898303333757,-0.338275196685948,0.232,0.301,1
"LINC01934",0.190538635244178,-0.338145879541354,0.111,0.134,1
"CNOT3",0.0500229901791811,-0.338113051279081,0.092,0.122,1
"DEAF1",0.653835671232478,0.337816034761024,0.111,0.106,1
"NANS",0.01218007472848,-0.336545108392783,0.249,0.311,1
"PHF5A",0.0336082721850577,0.336229451605452,0.282,0.251,1
"RHOH",0.000297944699323553,-0.336083434814991,0.691,0.756,1
"HERC5",0.370934526990259,-0.335513052587176,0.127,0.142,1
"TMEM71",0.100048746451264,0.335330247800936,0.147,0.12,1
"GOLGA7",0.0223050394901878,0.335311121345711,0.285,0.244,1
"MARCKSL1",0.000777629535007902,-0.33491933298524,0.516,0.595,1
"CMTM7",0.00221675268316633,-0.334871146928684,0.334,0.421,1
"PELP1",0.0512494651757682,-0.334798278547303,0.166,0.202,1
"TTC7A",0.00710702981395645,-0.334633748015663,0.117,0.166,1
"CCNC",0.47328954465444,0.33449954235871,0.201,0.2,1
"LARP1",0.0389893433445363,-0.334237244082724,0.183,0.224,1
"LARS1",0.15118580988501,-0.333820467771349,0.122,0.146,1
"SNIP1",0.08624926232771,0.333665501511237,0.152,0.124,1
"SMPD1",0.0437017790456892,-0.332619006013902,0.081,0.11,1
"TFDP1",0.00528774258734975,-0.332602522885886,0.112,0.162,1
"SEPTIN6",6.67446333298118e-05,-0.332437027754507,0.437,0.551,1
"LINC02520",0.089807209732366,-0.332431243210489,0.076,0.1,1
"ZBP1",0.120997935339933,0.332271369320775,0.158,0.132,1
"TRAF3",0.000893791593310343,-0.332109506638029,0.285,0.369,1
"TIMM23",0.103844423765224,0.331767519706329,0.193,0.166,1
"B3GLCT",0.10845737788484,0.331687088818612,0.178,0.152,1
"ELAC2",0.226210257288723,0.331580939441506,0.136,0.12,1
"HSPA1B",0.543353780886015,0.331514565020048,0.251,0.251,1
"CYP51A1",0.023356827517847,-0.331507331170191,0.143,0.186,1
"FCF1",0.248519497920795,-0.331426939969361,0.089,0.106,1
"OCIAD2",0.00812141755975648,-0.331168491306247,0.378,0.449,1
"ZNF106",0.00697498302736118,-0.330677165654201,0.184,0.242,1
"ITM2C",0.126711597709034,-0.330432392145788,0.114,0.14,1
"KANSL3",0.343416598134529,0.330277616739638,0.103,0.09,1
"PWP2",0.363318209914289,0.330196968905421,0.14,0.128,1
"PITRM1",0.0293795838951628,-0.330160909104688,0.096,0.132,1
"ZFX",0.23741957715268,0.329945696859174,0.16,0.144,1
"SDAD1",0.129110327330213,0.32960283609576,0.231,0.21,1
"OGDH",0.00213286853840963,-0.329459121309233,0.393,0.481,1
"ZBTB17",0.268681937310813,0.329408132482015,0.118,0.102,1
"CSRNP1",0.0034049269562405,-0.329138809215101,0.396,0.475,1
"WASHC4",0.046412453915937,0.328582449515675,0.283,0.253,1
"SBF1",0.00234779593318942,-0.328438884389744,0.227,0.299,1
"PRCP",0.356005119483469,0.328388220663901,0.144,0.13,1
"IQSEC1",0.157788515306727,0.327720383156268,0.136,0.114,1
"SNRNP40",0.0816852984077264,0.327406539032955,0.212,0.184,1
"LPCAT1",0.088825924759558,0.327323803414662,0.309,0.287,1
"CRLS1",0.00595227854343098,-0.327153010129116,0.098,0.146,1
"MPP7",0.0579070464012253,0.327035807953644,0.281,0.253,1
"TBC1D10B",0.543399450025306,0.326643925073812,0.108,0.102,1
"AHR",0.00169089980156004,-0.326510182365988,0.25,0.329,1
"NOL10",0.169910562645472,0.326109010847445,0.126,0.106,1
"LINC03006",0.0730139239426004,-0.325912259411643,0.076,0.102,1
"PRKD2",0.181870757867476,0.325520676720971,0.13,0.11,1
"WDPCP",0.444820988656747,0.325486206247564,0.116,0.106,1
"CDC123",0.00331379876409257,-0.325199063784829,0.285,0.367,1
"MYO9A",0.0710772811825584,-0.324651788544493,0.132,0.164,1
"PEX26",0.294589649250118,0.324537336644434,0.104,0.09,1
"MRPL49",0.316327977367753,0.324356515182821,0.133,0.12,1
"MSMO1",0.353734480818301,0.324304111074938,0.148,0.136,1
"CMIP",5.4700745603965e-05,0.324276935323148,0.639,0.565,1
"HLTF",0.0306638726285593,-0.324125258210324,0.111,0.148,1
"PHF8",0.29540095867459,0.323635835210694,0.112,0.098,1
"USF1",0.0228719264124155,-0.323405227587193,0.112,0.152,1
"IARS2",0.0127141985298784,-0.323278994345527,0.136,0.184,1
"PHF10",0.0342597437027195,-0.323237293012789,0.114,0.152,1
"ATP6V1C1",0.0389230005251214,-0.323121492055628,0.105,0.14,1
"TENT4B",0.0206695670735372,0.322910338619919,0.292,0.248,1
"LEMD3",0.00349820407601072,-0.322785903759481,0.245,0.323,1
"TTC17",0.0240442640497498,0.322740616893961,0.365,0.325,1
"CIAO1",0.0071950952779079,0.32233199894066,0.339,0.285,1
"TM2D1",0.0171612257203936,-0.322264028409108,0.13,0.176,1
"PDLIM5",0.012917543486199,-0.322015130918083,0.174,0.228,1
"HDAC4",0.227872831164189,0.321691845909111,0.192,0.176,1
"LSM10",0.0680953337380659,0.321595147231262,0.273,0.244,1
"PER1",0.0826916158652645,-0.321493546671284,0.18,0.216,1
"TMEM87B",0.0962995095975482,-0.321390388313659,0.092,0.118,1
"PXK",0.45494965017102,0.321325734971329,0.147,0.138,1
"CHD6",0.260888164096989,0.32127390575324,0.262,0.253,1
"PPT1",0.0999361980149509,0.321111602950747,0.234,0.204,1
"NPHP3",0.0196946339109927,-0.321017296877009,0.088,0.124,1
"SFXN1",0.0373822860489903,-0.320458792930096,0.191,0.236,1
"RGS10",0.00506595354804444,-0.320404586707241,0.284,0.349,1
"RNF187",0.020868466267195,-0.320047052886555,0.172,0.222,1
"PHF21A",0.0542367570040073,0.319882660517955,0.201,0.164,1
"SLC4A1AP",0.170055315235546,0.319851659972928,0.169,0.148,1
"UBE3C",0.103844916200235,0.319754064957675,0.248,0.224,1
"LMNA",0.000761946720641906,-0.319650113540435,0.877,0.904,1
"ALDH9A1",0.405671745266929,0.319523612876893,0.174,0.164,1
"UQCC5",0.017316021355429,-0.319269768306213,0.082,0.118,1
"SSR3",0.000229595554268502,-0.318916999712702,0.353,0.455,1
"CHMP6",0.051392651571614,-0.318898733188454,0.082,0.112,1
"TMEM238",0.00912816237164718,-0.318821640541561,0.189,0.246,1
"BET1",0.0363243966363536,-0.318727908611178,0.108,0.144,1
"LAP3",0.010041019068659,-0.318605055906457,0.297,0.363,1
"MEF2A",0.26845634600993,0.318527700710105,0.195,0.182,1
"SCAI",0.0356284495027102,-0.318307270580928,0.073,0.102,1
"DTD1",0.220422422784372,0.318185677795854,0.16,0.142,1
"SLC38A10",0.634186332861378,0.318064879079043,0.108,0.104,1
"ZDHHC13",0.0174302762826172,-0.318015019951386,0.102,0.142,1
"TET3",0.077136472054531,-0.317901510290173,0.08,0.106,1
"GOLGA3",0.0655466075623336,-0.317612636910791,0.139,0.174,1
"SLCO3A1",0.193285130126962,0.317606436405918,0.289,0.279,1
"CEP192",0.530653221838198,0.317577826749712,0.132,0.126,1
"DIP2B",0.00435944775542413,-0.317207008858927,0.238,0.315,1
"PSMB7",0.00233319566176992,-0.31706201947225,0.298,0.383,1
"GGCX",0.0582512583659577,-0.316445273965024,0.084,0.114,1
"ECH1",0.0128310098724419,0.316208698886283,0.299,0.253,1
"PCYT1A",0.326600712115991,0.315602863129927,0.17,0.156,1
"ETV6",0.0366284076069274,-0.315590490026256,0.199,0.248,1
"NUB1",0.00301510148625926,0.3155371574161,0.323,0.259,1
"ELL",0.345231694951889,0.315151138345904,0.234,0.226,1
"PRDX2",0.0113938689742334,-0.315025292963419,0.147,0.198,1
"PPP1R7",0.34599945905137,0.315019080129647,0.201,0.192,1
"DICER1",0.162640309939201,0.314837326216035,0.237,0.218,1
"HOPX",0.393371128620553,0.314783757167796,0.105,0.094,1
"SEPTIN11",0.0545059870055455,0.314671590893552,0.304,0.273,1
"NTAN1",0.0353616798669908,-0.314667755917809,0.115,0.152,1
"TRIM69",0.0482552284134748,-0.31453670729368,0.082,0.112,1
"PRR5L",0.00101275192304785,0.314492132997403,0.465,0.407,1
"CD59",0.0363443622233823,-0.314293911584407,0.219,0.263,1
"CCDC91",0.0741915906491727,0.314225294819585,0.271,0.242,1
"NCOR2",0.343814957643428,0.314102807056989,0.196,0.182,1
"NBPF19",0.0815819703172774,-0.314096683383419,0.093,0.12,1
"SP2",0.0557590421328593,-0.313953205234333,0.153,0.19,1
"RPF1",0.1355471530496,0.313840220061447,0.159,0.136,1
"ZBTB4",0.24284577676743,0.313324165145267,0.141,0.124,1
"ABCF2",0.0158803466165393,-0.312846907212549,0.188,0.24,1
"LUZP1",0.2103099680581,0.312767537535432,0.146,0.128,1
"PCGF6",0.125473326053835,-0.3126523232386,0.085,0.108,1
"AGPAT4",0.0171640280283204,0.312552421111057,0.357,0.307,1
"CLEC16A",0.0809482408040612,-0.312527430271305,0.128,0.16,1
"DENND5A",0.0137239883741767,-0.312440542621557,0.079,0.116,1
"SLC39A10",0.101108517037808,0.312125631823126,0.171,0.144,1
"IER5L",0.015007268561907,0.311807367805647,0.352,0.295,1
"MEX3C",0.00895122017637769,-0.311770199970053,0.122,0.17,1
"TPI1",0.000130219058657255,-0.311620992862456,0.742,0.832,1
"PRMT9",0.0406735373876047,-0.311454227719049,0.082,0.114,1
"KDM6B",0.000663928006569147,-0.311419628790701,0.497,0.577,1
"CEPT1",0.0436761022252035,-0.311130074821092,0.11,0.146,1
"MCRS1",0.102772405790917,0.310952037699412,0.206,0.174,1
"AKAP10",0.0875053968384217,-0.310841334772937,0.139,0.17,1
"ATRAID",0.261479601682257,0.310821151580055,0.197,0.182,1
"C9orf72",0.286460240848236,-0.310656964505859,0.094,0.11,1
"TMEM120B",0.316852052770208,0.310558756033324,0.105,0.092,1
"AUH",0.296971577270173,0.31054798574554,0.112,0.098,1
"PEX13",0.0517094899849912,-0.310215107372954,0.145,0.184,1
"MYL12A",0.000174395719640823,0.309857546164985,0.698,0.671,1
"DUT",0.0904349273276489,-0.309766126022736,0.158,0.192,1
"TOR1AIP1",0.0135222422055047,-0.309721541023381,0.311,0.373,1
"LRRC59",0.00397130206965467,-0.309626632056317,0.194,0.265,1
"NOA1",0.0600977704784948,-0.309318494444887,0.109,0.14,1
"UBE4A",0.1511345338958,0.309303460601513,0.26,0.248,1
"HSD17B12",0.122626337147577,-0.309136968313356,0.087,0.11,1
"INPP4B",0.109088510494173,-0.308833579499036,0.165,0.198,1
"VPS53",0.172746589931048,0.308658841807474,0.209,0.19,1
"CKLF",0.0906367269033476,0.308192691991919,0.218,0.19,1
"MRPS18A",0.0205453307510559,-0.30813136197332,0.137,0.18,1
"EIF4G3",0.0607137374768413,0.307713729553316,0.262,0.228,1
"ADA2",0.158832774948169,0.307705285542792,0.11,0.09,1
"SEC14L1",0.00571662232329173,-0.307646507351121,0.221,0.289,1
"MSL3",0.00649891283271231,-0.30760919502934,0.208,0.273,1
"ANKRD36B",0.209675521114145,0.30757191285292,0.158,0.138,1
"DTNB",0.153192230736077,-0.307405521656047,0.101,0.124,1
"NDE1",0.0111985841488044,-0.307313844208688,0.12,0.168,1
"SLC39A7",0.417397858037788,0.306873776127242,0.11,0.1,1
"NCK1",0.0708385408914478,0.306843223592033,0.334,0.319,1
"CSK",0.0658495355399958,0.306643092183958,0.267,0.24,1
"ZNF236",0.0455847915017469,-0.306544269556812,0.113,0.15,1
"MRPS11",0.0229947511470921,-0.306425522552192,0.103,0.142,1
"PEX19",0.0492827207134092,-0.306174114951371,0.098,0.13,1
"EIF4E",0.00459061085677197,-0.306171123930297,0.362,0.443,1
"TOR2A",0.453366653597663,0.305926933425051,0.104,0.094,1
"FAM168B",0.00572007932642543,-0.305687721995449,0.141,0.196,1
"RFXANK",0.0318136257213969,-0.305434083383875,0.081,0.114,1
"ALKBH7",0.00690806622528254,-0.305328001399481,0.232,0.293,1
"YJU2",0.143945437045673,-0.30530993330934,0.088,0.11,1
"PTPA",0.716451819030392,0.304996781757958,0.105,0.102,1
"LSM6",0.0826066297403191,-0.304902417756266,0.142,0.176,1
"GNL2",0.0150757321990133,-0.304901370895167,0.181,0.234,1
"RPIA",0.0128103240332077,-0.304691353976716,0.108,0.152,1
"TANGO6",0.0901603459563194,-0.304458695873945,0.082,0.108,1
"ACSL3",0.357066938523156,0.304261149073091,0.202,0.192,1
"IFT57",0.0245602642504054,-0.304222185146094,0.141,0.186,1
"TRAK1",0.334391466128636,0.303846064884162,0.149,0.136,1
"CHFR",0.319637640850635,0.303788242962276,0.165,0.154,1
"BMP2K",0.542283455300753,0.303744398072263,0.153,0.148,1
"GTF3C2",0.031784431169245,-0.303370833477237,0.096,0.132,1
"ATG2B",0.478622601813126,0.302923517675963,0.122,0.114,1
"MT-ND6",0.000924449010338031,0.30285267389187,0.814,0.79,1
"OSBPL8",0.000132067509312833,0.302680566627677,0.673,0.601,1
"PAN3",0.0151696551560841,0.302666889590411,0.364,0.321,1
"SLC23A2",0.0345042532033332,-0.302509952743922,0.122,0.162,1
"RAMAC",0.13337656518882,0.302473157466192,0.244,0.226,1
"HEBP2",0.0234958805895583,-0.302357156723816,0.178,0.228,1
"MAPKAP1",0.301116145039469,0.302279314525529,0.141,0.126,1
"TAF12",0.267021926754005,0.302058870617113,0.179,0.164,1
"TRAPPC12",0.34391004334898,0.301689480053213,0.128,0.116,1
"NIPSNAP2",0.486841610057105,0.301554707723183,0.135,0.128,1
"PARD6G",0.0426162867699945,0.301424067692862,0.272,0.234,1
"DDRGK1",0.151606228937351,0.301068951717122,0.194,0.17,1
"MAML2",0.447462126603628,-0.300872853006142,0.245,0.263,1
"TPGS1",0.244962196215304,0.300848956955706,0.235,0.226,1
"HPCAL1",0.559276460272458,0.300806851572319,0.141,0.136,1
"MYCBP",0.00823970006196736,-0.299753784909322,0.175,0.232,1
"CBX1",0.213539522952402,0.299499014613483,0.149,0.13,1
"MMGT1",0.132121215535155,0.299444942646196,0.154,0.128,1
"SLC36A4",0.350539840443019,0.299402052182524,0.116,0.102,1
"LONP1",0.431740923916139,0.2989433830237,0.105,0.094,1
"TTC21B",0.0838803855058803,-0.298714189783827,0.145,0.178,1
"DDX54",0.210903838552456,0.298402638864203,0.193,0.172,1
"YEATS2",0.0147962958726523,-0.298311819806174,0.098,0.14,1
"ATF7",0.53022889526954,0.29828242692906,0.155,0.15,1
"MAF1",0.0035829495912006,-0.297964875561846,0.338,0.417,1
"UBE2V2",0.504707050268667,0.297638914409129,0.15,0.146,1
"POLR3K",0.218068296336122,-0.297579194808668,0.103,0.122,1
"SPN",0.00656144358291436,0.297449557016869,0.44,0.391,1
"SMAD3",0.163522548598638,0.296725977170999,0.268,0.251,1
"DYNC1LI1",0.0831879932524154,0.29671359476452,0.248,0.22,1
"KSR1",0.0239255845578456,-0.296437115491551,0.095,0.132,1
"GRK5",0.00342728552324703,-0.296397932043006,0.18,0.246,1
"SMAD7",0.104280124308397,0.296072577036831,0.254,0.226,1
"CASZ1",0.110274858458919,-0.295879125918752,0.151,0.182,1
"RGCC",0.00509581927038641,-0.295858359317947,0.855,0.886,1
"GTF2I",0.403518845072806,0.295837158200802,0.187,0.18,1
"NLRP1",0.350822290721527,0.295792344330929,0.274,0.269,1
"CRCP",0.293127811467877,0.295634574570302,0.176,0.162,1
"NMRK1",0.317595282917922,0.295505032928915,0.211,0.2,1
"NAGK",0.361190093016465,0.295439355659552,0.199,0.192,1
"PDE7A",0.000250304273666067,0.295410282952573,0.64,0.569,1
"WAKMAR2",0.827566313982188,0.295370139043598,0.155,0.158,1
"ZC3H7A",0.017287626477096,-0.295130771042157,0.174,0.226,1
"FADS3",0.40040440523266,0.29507915246147,0.112,0.1,1
"USE1",0.259554245849631,-0.294988909564965,0.18,0.202,1
"RPGR",0.23542492325197,-0.294813748981839,0.098,0.118,1
"PHIP",0.0726298647702544,-0.294492362102905,0.306,0.343,1
"SRFBP1",0.17880122374954,-0.294099121280369,0.094,0.114,1
"GALNT3",0.209591724153144,0.294075059595885,0.167,0.148,1
"FTSJ1",0.247417944275794,0.294015967244541,0.198,0.184,1
"NAXE",0.217266392666241,0.293851458414583,0.24,0.23,1
"LPIN2",0.0147623737227165,-0.29381652093007,0.219,0.275,1
"EXOSC6",0.0326233362111967,-0.293550888562022,0.204,0.251,1
"BIN2",0.0643805128529869,0.293474680666613,0.363,0.337,1
"PIGH",0.279770448325802,0.293465363098147,0.107,0.092,1
"DPM3",0.724290732270317,0.293441654800681,0.111,0.11,1
"TSEN15",0.356877791626494,0.293395199269453,0.115,0.102,1
"FHIP2A",0.00458175040238317,-0.293364566420351,0.276,0.351,1
"RNASEH2C",0.0246785498559548,-0.293272827386977,0.156,0.202,1
"IREB2",0.122888457928625,-0.293066157931055,0.191,0.226,1
"ITPR3",0.363892930969128,0.293055262820177,0.132,0.12,1
"KRCC1",0.712369443152618,0.292908264010357,0.169,0.17,1
"CAPN1",0.38761511560418,0.29279745445898,0.16,0.15,1
"RPTOR",0.0116876285233693,-0.292742784811081,0.156,0.208,1
"ZNF84",0.507063289721387,0.29273532834526,0.112,0.104,1
"HDGF",0.00400879778794049,0.292720745542945,0.497,0.459,1
"MTFR1",0.209811586982485,0.292689427433161,0.167,0.146,1
"CSRP1",0.245691753315458,0.292333550465908,0.128,0.112,1
"CMAS",0.027859712944446,-0.292324237935552,0.098,0.134,1
"PLPP1",0.0260066017737397,-0.292005394733597,0.077,0.11,1
"NUDT5",0.0357791163843191,-0.291423887181451,0.189,0.236,1
"TMEM223",0.315273052849821,0.291344142213417,0.116,0.102,1
"CHORDC1",0.0831699166022057,0.291187840826461,0.306,0.277,1
"PELO",0.278510165797878,0.290915255585554,0.149,0.132,1
"HTATIP2",0.0939042272843889,-0.290609431430727,0.18,0.216,1
"ITGB1",0.0356689805394596,0.290517737920682,0.482,0.455,1
"KPNA6",0.271159538502286,0.290504907725137,0.203,0.188,1
"H2AC6",0.133257824374221,-0.290251142406975,0.202,0.234,1
"LMNB2",0.678315869526503,0.28970311012886,0.131,0.13,1
"ELF2",0.13914565514834,0.289702673190305,0.281,0.261,1
"TMX4",0.0610516880320182,0.28967710433323,0.395,0.377,1
"EXOC6",0.115544984670389,0.289619584556641,0.2,0.172,1
"FAM110A",0.463485834613861,0.289556640384796,0.119,0.11,1
"IER5",0.18140281250548,0.289488200855269,0.253,0.232,1
"DCAF15",0.123222014224987,0.289452469502478,0.221,0.196,1
"ZBTB24",0.228807538090628,-0.289170392055196,0.112,0.132,1
"RASSF2",0.466411811141861,0.288948567000071,0.171,0.162,1
"ST6GALNAC6",0.0713041341518596,0.288917691837432,0.222,0.19,1
"RNF8",0.641808627911731,0.288762742961447,0.102,0.098,1
"MTRR",0.510827894561293,0.288494977915375,0.12,0.112,1
"LETMD1",0.412280635995956,0.288478933328319,0.103,0.092,1
"ALG3",0.0577482188228998,-0.288452952315839,0.099,0.13,1
"PXN",0.108014129766006,0.288437915232838,0.234,0.204,1
"LIMS1",0.0579883943482232,-0.288378778551872,0.22,0.263,1
"CYB5A",0.253259977516494,0.288018543922567,0.116,0.1,1
"SNX4",0.0139277507957976,-0.287857349749336,0.145,0.194,1
"ABCG1",0.0245590421343061,-0.287835848523394,0.255,0.311,1
"MVD",0.0506034672346963,0.287741533389827,0.233,0.196,1
"CDHR3",0.0287606128545778,-0.287691615560438,0.147,0.19,1
"EEA1",0.627791438970042,0.286809194072178,0.206,0.208,1
"SLC27A2",0.193561888971914,-0.286459225474856,0.088,0.108,1
"ATXN7L1",0.00857749919281843,-0.286405099314199,0.289,0.361,1
"SAMD9",0.0402194122177318,-0.286259928513325,0.314,0.375,1
"CFAP410",0.154620619179503,-0.286258665660744,0.084,0.106,1
"GBP5",0.136385891872566,0.285905787259239,0.29,0.269,1
"SEC24A",0.00688909990231499,-0.285677030554141,0.135,0.19,1
"MT1E",0.0103242625367315,-0.285603614584797,0.237,0.297,1
"PTTG1IP",0.224017096817261,0.285599152388175,0.172,0.156,1
"PLD3",0.208710721606662,0.285468475125888,0.136,0.118,1
"SPRTN",0.190780631479409,-0.285458431088698,0.104,0.126,1
"TGFBR3",0.0160754249790379,0.285167262189768,0.537,0.513,1
"ATG7",0.0393908113779914,-0.285152133129029,0.127,0.166,1
"ODF2",0.202900708563437,0.285125249296693,0.178,0.16,1
"CNPY3",0.0514275801676988,-0.284477358766665,0.25,0.299,1
"EVI2B",0.0105953867022526,-0.284475224870921,0.436,0.509,1
"TRAF3IP1",0.10680278190354,-0.284168510984882,0.095,0.12,1
"INO80E",0.263058872569616,0.283837641122935,0.174,0.156,1
"MRPS2",0.0986707003806739,-0.283786691575913,0.13,0.16,1
"MCU",0.0042206801262452,-0.28374592339196,0.15,0.208,1
"VEGFB",0.21379077743151,0.283539819943153,0.151,0.132,1
"NEK9",0.241570320573029,0.283512871157687,0.125,0.108,1
"CHMP2A",0.0161185044352418,-0.283434103054464,0.258,0.321,1
"STX4",0.0578279690760792,-0.28331185564837,0.162,0.202,1
"ATF4",0.0188881263037189,-0.283159278385905,0.238,0.291,1
"SLC7A6OS",0.420126274554059,0.283073515699878,0.128,0.118,1
"STK10",0.00256930689440804,0.28285574585246,0.537,0.485,1
"TAF7",0.0762562271418947,0.282779774553199,0.354,0.331,1
"CCNQ",0.14621193194046,0.282606210940203,0.156,0.132,1
"ZBTB7A",0.016884563865525,0.282025730172354,0.453,0.415,1
"KAT5",0.265929296342854,0.280986104239888,0.159,0.142,1
"ARL4A",0.55178445574131,0.280927692850188,0.159,0.154,1
"NR2C1",0.591535959858906,0.280763680338754,0.122,0.116,1
"PEX3",0.0176588876173358,-0.280434648045983,0.192,0.246,1
"PLEK",0.00547130000577394,0.280238739426655,0.317,0.253,1
"KDM1A",0.0114229355868654,-0.280218182842016,0.129,0.18,1
"TRAF3IP3",0.286106315968108,0.280017955025665,0.161,0.146,1
"QSOX1",0.485112468411581,0.280013113028846,0.117,0.108,1
"TMEM35B",0.0162247145879086,-0.279937605704798,0.106,0.148,1
"MYO9B",0.110898764897913,0.279927576765856,0.365,0.351,1
"CARNMT1",0.0541599882517887,-0.279926227438466,0.097,0.128,1
"KIDINS220",0.182872337877678,0.279889610730872,0.275,0.261,1
"EGLN2",0.0307609725148488,-0.279704117599809,0.211,0.265,1
"AGPAT3",0.485466517731962,0.279591263653557,0.161,0.154,1
"BAZ2A",0.132285000666242,0.279554566338843,0.287,0.263,1
"SLC25A53",0.0937524008716641,-0.279533234710559,0.081,0.106,1
"PAF1",0.0159876431982766,-0.279368354430001,0.294,0.365,1
"HSF1",0.223849733841439,0.279277497640717,0.236,0.224,1
"FAM98B",0.0690763348519335,-0.27915446569763,0.093,0.122,1
"BMI1",0.158088899831841,-0.279087707961153,0.178,0.206,1
"ATP5MC1",0.0345025136502842,-0.278897535321202,0.124,0.164,1
"BBC3",0.654310086377616,0.278851299144738,0.117,0.112,1
"LSM12",0.0159285326338736,-0.278708548099146,0.164,0.218,1
"RUBCN",0.24026014779797,0.278316106692153,0.19,0.172,1
"PMEPA1",0.110793972760356,-0.278071364849109,0.35,0.389,1
"JPT1",0.000204080540438719,-0.278061904943393,0.613,0.715,1
"RINT1",0.0973897629552384,-0.277824021120195,0.103,0.132,1
"GDAP2",0.376455027294243,0.277461117419531,0.152,0.14,1
"GALNT2",0.0429390013101488,-0.277375140444497,0.172,0.214,1
"NINJ1",0.0217643678848829,-0.277357473182931,0.142,0.186,1
"RBL2",0.0963616032636651,0.277296008136367,0.325,0.297,1
"MICU1",0.327073637112198,0.276969982360668,0.13,0.116,1
"CCNT2",0.300773468844136,0.276920218333872,0.244,0.242,1
"SNHG3",0.0463460053488264,-0.276897772703492,0.11,0.144,1
"TRMO",0.103374271168821,0.276684931248966,0.314,0.291,1
"NABP1",0.843510054102224,0.276460651504931,0.104,0.104,1
"BCL7B",0.0127348557203931,-0.276359116138606,0.282,0.353,1
"PSMD14",0.0124847130504712,-0.276165202558481,0.301,0.371,1
"NXPH4",0.602961260939195,0.275948885947681,0.198,0.198,1
"GAB3",0.131617479036514,0.275924419509631,0.183,0.156,1
"MRPL46",0.689965811098398,0.275860514203902,0.106,0.104,1
"SYNRG",0.051173757158701,0.275848575788633,0.296,0.255,1
"SCO2",0.0510607128427231,-0.27533243996705,0.118,0.154,1
"SNAPC5",0.00649724009413171,-0.275285756237332,0.106,0.154,1
"SNRNP48",0.502370096367479,0.275212818908783,0.107,0.098,1
"NOM1",0.106757101656372,-0.275034580366628,0.099,0.126,1
"INPP4A",0.076621190577825,0.275007645317981,0.256,0.226,1
"IL7R",0.00186515239010284,-0.274983344832862,0.463,0.539,1
"ATP8A1",0.00041301109381327,0.274974565861348,0.621,0.563,1
"CEMIP2",0.00410976749193933,-0.27491117275604,0.532,0.599,1
"RGS2",0.0788160169017028,-0.274586283921534,0.243,0.285,1
"ASCC2",0.0226639253675409,-0.274313845617324,0.168,0.218,1
"ARHGEF18",0.448878520389842,0.274299494497426,0.128,0.118,1
"GPATCH2",0.283880811206125,0.274170439503238,0.164,0.148,1
"MYADM",0.000191362691194227,-0.274098196952687,0.748,0.822,1
"RIMOC1",0.0341454234186878,-0.274072156707834,0.094,0.13,1
"UBASH3A",0.264276914584159,0.273788114890908,0.144,0.128,1
"ELL2",0.000784197933309815,-0.27372667500648,0.332,0.423,1
"NUP107",0.294744549795272,0.273726432809971,0.119,0.104,1
"DTX2",0.500063502823208,0.273668856117355,0.135,0.128,1
"SUMO3",0.0061227175478099,-0.273491434552874,0.163,0.224,1
"PRMT1",0.176051139732061,0.273482004633237,0.259,0.242,1
"PRPF31",0.185176472896098,0.2733909045403,0.261,0.246,1
"UCP2",0.010005805937506,-0.273363640661504,0.507,0.573,1
"CLK2",0.296484505855103,-0.273352649132133,0.123,0.14,1
"FCMR",0.0217949238994225,-0.27325262642639,0.119,0.16,1
"EHMT1",0.171496078209771,0.273227660582683,0.252,0.232,1
"WDR48",0.214137595707293,0.273150023707675,0.228,0.21,1
"HIVEP3",0.56863599001396,0.273086217130129,0.145,0.14,1
"CTSD",0.559498098191414,0.273018396976706,0.193,0.19,1
"TFG",0.358214697312176,0.272854569040339,0.219,0.21,1
"ZBED5",0.0773650913732883,-0.272854413502763,0.076,0.102,1
"LYRM2",0.302307529327816,0.272842884215365,0.136,0.12,1
"TIPARP",0.012669708263213,-0.272574907863489,0.274,0.343,1
"SUCO",0.268360904692911,0.272485420058847,0.288,0.283,1
"JAZF1",0.0184101710240366,0.272196352718612,0.379,0.331,1
"TALAM1",0.000124888056133696,0.272108279899299,0.962,0.946,1
"PTBP2",0.276690810705725,0.272046117962413,0.209,0.192,1
"KLHL18",0.164537696528858,-0.271866900055695,0.151,0.178,1
"ZNF407",0.436207420019995,0.271702615716172,0.151,0.142,1
"PPP1R13B",0.428915252899243,0.271613880162769,0.125,0.114,1
"MRPL3",0.0278036884449331,-0.271433605331711,0.142,0.186,1
"TBPL1",0.101857533705819,0.271422356826426,0.238,0.208,1
"TNFRSF10B",0.332206945924078,-0.271249858797839,0.085,0.1,1
"BIK",0.0135556822248424,-0.271224599116642,0.102,0.142,1
"ANKRD49",0.41339244594922,0.270732021315682,0.154,0.144,1
"VPS35L",0.39103701102866,-0.27072366817441,0.133,0.148,1
"SLC25A36",0.129928127716765,-0.270698302772131,0.164,0.196,1
"HLA-DMA",0.00704080708430299,-0.270608993687787,0.196,0.255,1
"CASP3",0.323006406492448,0.270442859856345,0.242,0.234,1
"POLK",0.209787288343573,0.270437849675619,0.189,0.17,1
"TBRG4",0.49316290065558,0.270394865866756,0.128,0.12,1
"LINC01004",0.0379840404421165,-0.270378089190181,0.086,0.118,1
"BTF3L4",0.0751715563378409,-0.270285445393485,0.177,0.212,1
"DDX60",0.59605181000404,-0.270165203720482,0.092,0.1,1
"TMEM250",0.116053505000179,-0.270137040896073,0.139,0.17,1
"FLAD1",0.631124223572702,0.269922999237608,0.106,0.102,1
"STIM2",0.0563089744494371,0.26984720181736,0.38,0.345,1
"DOK1",0.0677396747737625,-0.269675071186306,0.104,0.134,1
"NDUFB5",0.0178523196145542,-0.269668458858115,0.157,0.204,1
"PHF23",0.413878018559781,0.269550427189172,0.122,0.112,1
"NRAS",0.313063047070549,0.269508967816738,0.188,0.176,1
"AMFR",0.016983165214908,-0.269476484286793,0.145,0.194,1
"L3MBTL2",0.469420980061871,0.269441185222145,0.103,0.094,1
"CAT",0.0272441967746574,-0.269435651242939,0.101,0.138,1
"RPS6KB1",0.0112313384592652,-0.269321987425649,0.2,0.259,1
"NHERF1",0.0238412526220149,0.269250115043608,0.521,0.515,1
"DEF6",0.11315951083053,0.269114442860228,0.27,0.244,1
"LINC03009",0.358084519778066,0.269079929917452,0.196,0.188,1
"OSBPL3",0.0784296466340612,-0.268971016095041,0.173,0.21,1
"DRG2",0.392285197104119,0.268788111493771,0.158,0.148,1
"ZNF831",0.431769401068386,0.26870530495808,0.195,0.186,1
"CLASP1",0.00315283101471754,0.268605513843182,0.549,0.489,1
"EZH1",0.688344972158283,0.268467041995087,0.135,0.134,1
"ABHD14B",0.00606354865645954,-0.268084299494786,0.194,0.259,1
"RNF25",0.450332846359425,0.268060055275043,0.145,0.136,1
"SNHG12",0.0946576196980592,0.268015555543259,0.295,0.265,1
"TSPO",0.0109180765631858,-0.267781810288012,0.291,0.359,1
"NDST2",0.0774110061118456,-0.267182788137356,0.084,0.112,1
"MINDY2",0.784915535550906,0.267147943597678,0.125,0.126,1
"PFDN6",0.256696673484615,0.267056861457658,0.179,0.164,1
"GBP3",0.312911312428271,0.266932485146873,0.16,0.146,1
"INTS6L",0.441325927473994,0.266856284653812,0.128,0.118,1
"ENSG00000272256",0.0834862469226815,-0.266850029434466,0.156,0.19,1
"C6orf47",0.0759228762584392,-0.266750091412232,0.096,0.124,1
"SNHG15",0.153283119655788,0.266724345818076,0.275,0.259,1
"GINM1",0.611635699283966,0.26672059415729,0.147,0.144,1
"TUBB",0.0660106579599206,0.266678983749455,0.438,0.413,1
"NFYC",0.00239600308167832,-0.266613900024124,0.153,0.218,1
"YPEL3",0.0437916483359813,0.266504382428011,0.469,0.441,1
"DUS1L",0.00796538267691565,-0.266397740181152,0.228,0.293,1
"ST6GAL1",0.346363971021953,0.266349706296246,0.174,0.16,1
"UBA6",0.356721722183364,0.266332991520781,0.281,0.275,1
"GTF2H5",0.0658350503803335,-0.266228682286823,0.089,0.118,1
"SLAMF6",0.404411543023964,0.266176556572925,0.12,0.108,1
"MDM2",0.573623468319432,0.26602850318723,0.147,0.142,1
"PDCD2",0.186150204167721,0.265804224456861,0.294,0.285,1
"MAP3K4",0.37066045384791,0.265715054980744,0.143,0.132,1
"LIMK1",0.77361275118966,0.265363761102187,0.117,0.116,1
"H1-4",0.115632394791141,0.265039568261983,0.488,0.469,1
"PSME3IP1",0.268222265195632,0.264845374296188,0.113,0.098,1
"IRF2BP1",0.354990302660838,0.26478575717702,0.113,0.1,1
"UCKL1",0.55548998232355,0.264711191263695,0.129,0.122,1
"TSC22D2",0.514874192473797,0.2646916703802,0.26,0.263,1
"HSPA1A",0.0155487404816711,0.264675808446602,0.267,0.216,1
"MAP2K1",0.048874464544276,0.264607226827173,0.405,0.385,1
"CCDC43",0.110436696270114,-0.264534235675302,0.097,0.124,1
"TMEM14B",0.0678144853004869,-0.264471213024642,0.248,0.291,1
"TNFSF8",0.0242445437054497,-0.26426039478777,0.104,0.142,1
"RBM27",0.061932699267534,0.264244200989627,0.345,0.315,1
"PAXX",0.0414449258975158,0.264231833459355,0.505,0.491,1
"ATP6V1A",0.0016722780600701,-0.263739044169175,0.224,0.305,1
"ATP1A3",0.17747966110615,-0.263727612487159,0.08,0.1,1
"ALOX5AP",0.0914116227056961,0.263685657182861,0.359,0.329,1
"FTSJ3",0.27503126958507,0.263593838842625,0.164,0.148,1
"DIAPH1",0.00388764079397529,0.263533376235402,0.624,0.601,1
"KPNB1",0.122809450539592,0.263133315743934,0.372,0.351,1
"SSX2IP",0.246896764590415,-0.262826551302758,0.089,0.108,1
"ACACA",0.0405638534505908,-0.262811353655346,0.115,0.152,1
"HCG17",0.0913397099539036,-0.262749890729312,0.094,0.122,1
"ITCH",0.0385311210056408,0.262748642169978,0.467,0.433,1
"PIP5K1A",0.508318648494031,0.262600968172863,0.144,0.136,1
"CTSB",0.0267919938242698,-0.262541238702062,0.093,0.13,1
"KLF9",0.0600334114024157,-0.262436696906665,0.072,0.1,1
"ZFYVE28",0.0252894373168075,0.262342476765356,0.39,0.363,1
"CEP290",0.357374590093744,0.262332560525682,0.132,0.118,1
"RUFY2",0.0976010018481978,-0.262109964322303,0.088,0.114,1
"ENSG00000241490",0.0388034480503892,-0.262042132325363,0.095,0.128,1
"PITPNA",0.000714798970995811,-0.262029080604612,0.31,0.411,1
"FAR1",0.196292870974503,0.261991851479203,0.226,0.21,1
"UBE2W",0.164329289499353,0.261895823947325,0.211,0.19,1
"LRCH3",0.0204067906056844,-0.261866084880971,0.312,0.373,1
"ZNF281",0.267197965358556,0.261864239238034,0.164,0.146,1
"C1orf43",0.00130780347847869,-0.261551966653446,0.389,0.483,1
"KLHL5",0.432897890988242,-0.261452571452116,0.093,0.104,1
"MIR155HG",0.734806535599241,0.261398457885093,0.14,0.138,1
"RASA1",0.308226015166075,0.261220354381087,0.258,0.251,1
"GTF2F2",0.407549550806748,0.261196411190028,0.174,0.164,1
"TNFSF9",0.0473913711312531,-0.261041770287206,0.209,0.255,1
"PCIF1",0.0048219711885907,-0.260733625595357,0.24,0.319,1
"BAZ1B",0.114087681136651,0.260442542694666,0.301,0.271,1
"AASDHPPT",0.00771752841292325,-0.260386605304399,0.24,0.309,1
"POLR3E",0.0875369619065789,-0.260313912826207,0.139,0.17,1
"MTREX",0.277932935380059,0.260134695169387,0.221,0.208,1
"SCAMP1",0.538700611673774,0.260021459720907,0.18,0.176,1
"ITPKB",0.274763964458254,-0.2599233650482,0.234,0.261,1
"USP3-AS1",0.474471391897511,0.259920509764193,0.13,0.122,1
"RBM28",0.0505593860998641,-0.259866284246671,0.115,0.15,1
"MED19",0.115352465985252,-0.259857254242243,0.164,0.196,1
"RNF24",0.997483367489369,0.259821213633608,0.126,0.132,1
"VEZF1",0.0104487699786256,-0.259814077731919,0.244,0.313,1
"SRSF5",0.00118998292109632,-0.259789013510789,0.578,0.669,1
"TINF2",0.108428136475969,0.258976311040936,0.307,0.285,1
"BUD13",0.357470580438302,0.258971325355446,0.129,0.116,1
"FLI1",0.189887606552316,0.258934955619559,0.199,0.178,1
"TMEM184C",0.937720003233819,0.258856335469889,0.104,0.106,1
"GALNT10",0.333157756864616,0.258797701379465,0.249,0.238,1
"TRADD",0.144447739176727,-0.258780908625827,0.145,0.172,1
"RRP1B",0.340474430299879,0.258639321293621,0.244,0.232,1
"GLCCI1",0.00135704300253472,0.258089122998695,0.618,0.563,1
"STIMATE",0.747821389555716,0.258079780287759,0.126,0.126,1
"RREB1",0.235592657628003,-0.258025243238969,0.086,0.104,1
"CHMP2B",0.00504205823184987,-0.257969253939226,0.189,0.253,1
"CWF19L2",0.176956975555307,0.257852780585753,0.246,0.228,1
"ARRB2",0.00907050735193493,0.257834397354299,0.514,0.483,1
"LAS1L",0.129111449020282,-0.257834132958072,0.093,0.118,1
"ENSG00000291100",0.280039808836851,0.257804642962472,0.19,0.172,1
"SLC35E1",0.0174601627370981,-0.257790583011929,0.236,0.295,1
"ATG16L2",0.457131102990706,0.257519908792281,0.131,0.122,1
"ZC3H7B",0.0764642073894756,-0.257506698141607,0.078,0.104,1
"ASMTL",0.00805855072681032,-0.257313460202342,0.295,0.365,1
"SNRPF",0.00605093283962394,-0.257310337156905,0.427,0.527,1
"GLB1",0.171393869538089,-0.257309933584977,0.105,0.128,1
"BRD9",0.403480998587047,0.257197520982681,0.162,0.152,1
"ANKFY1",0.148410551473827,-0.257182204653063,0.14,0.168,1
"MPZL3",0.0556995980445784,-0.256991758473036,0.284,0.337,1
"PAK1",0.328275154497015,0.256931217931798,0.115,0.1,1
"USP12",0.00832035397084492,-0.256884670803544,0.172,0.228,1
"SGMS1",0.0990366639073708,-0.256838600957512,0.352,0.389,1
"PARG",0.0307331144166025,-0.256567603484983,0.114,0.154,1
"FKBP2",0.0409941890449136,0.256190891220018,0.318,0.283,1
"PNP",0.00127125580368499,-0.256149437648211,0.439,0.535,1
"CEBPG",0.0349345467485544,-0.256061669201853,0.177,0.222,1
"ZNF276",0.0617334218962533,0.255793755085702,0.298,0.267,1
"NFATC2IP",0.409772913720242,0.255627720990729,0.207,0.198,1
"RRP8",0.405413259162464,-0.255456982841619,0.17,0.186,1
"SLC6A6",0.0177118810201795,-0.255358240346558,0.33,0.385,1
"XPNPEP1",0.965036202917489,0.254998040375129,0.106,0.11,1
"DARS1",0.0582801377003628,-0.254923973708064,0.254,0.307,1
"ECD",0.528768775087096,0.25491014397767,0.219,0.22,1
"CSTB",0.00164960933643033,-0.254835403025875,0.519,0.595,1
"CDK11A",0.0172726301283501,-0.25482413965256,0.21,0.269,1
"PIK3CG",0.102573951085719,0.254785315595846,0.379,0.357,1
"TULP3",0.466838811590707,0.254133648914381,0.105,0.096,1
"INTS1",0.0653259224328149,-0.254088944841735,0.093,0.122,1
"CEP43",0.118695381586391,-0.253838621056801,0.097,0.122,1
"ABL1",0.899885551501767,0.25378622528945,0.162,0.168,1
"ITGB2",0.192197991862545,0.253708182276433,0.434,0.425,1
"PITPNM1",0.200447302873598,-0.25370696419824,0.131,0.154,1
"ANKS1A",0.193890476082759,0.253416834006296,0.189,0.168,1
"MGMT",0.157456203795022,-0.253190353534827,0.098,0.12,1
"CDC37L1",0.417204097341034,0.253183175311351,0.241,0.238,1
"E2F3",0.220110084214386,0.252887747476283,0.143,0.124,1
"ZBTB11",0.353103535695653,0.252728305389742,0.206,0.196,1
"HNRNPM",0.00708752255469804,-0.252487854646238,0.54,0.607,1
"NOP2",0.227671136618381,0.252472820362219,0.194,0.172,1
"ROCK2",0.401433114538668,0.25227679575387,0.137,0.126,1
"CNOT7",0.29690394850371,0.252218823799868,0.255,0.244,1
"DLD",0.0227801130584557,-0.251806259317363,0.194,0.248,1
"MRPS7",0.0141756894935642,-0.251619979007191,0.247,0.313,1
"USP7",0.141066798724931,-0.251460566310932,0.19,0.22,1
"KCTD17",0.0609091477974926,-0.251307051648689,0.078,0.106,1
"NAA10",0.261543488400385,0.251097043831599,0.212,0.196,1
"USP9Y",0.067433093282387,0.250943035731759,0.309,0.277,1
"RMND5A",0.0309585721681815,-0.250936047767091,0.277,0.341,1
"MIR4435-2HG",0.267807534040598,-0.250146532187099,0.311,0.329,1
"KDELR1",0.149751101943121,0.250011469630134,0.264,0.238,1
"PLK3",0.00524530634225479,-0.249815741672709,0.321,0.409,1
"CHST11",0.128154014176078,0.249727524328251,0.404,0.395,1
"IWS1",0.0219218353222771,-0.249683435387556,0.263,0.325,1
"NECTIN3",0.177735678640157,0.249583976186313,0.114,0.094,1
"ZMYM6",0.585023412554036,0.249563504907804,0.128,0.122,1
"ZCCHC8",0.335181155331031,0.249524014707462,0.2,0.19,1
"DNAJC3",0.0958355732372936,0.249523429293427,0.332,0.307,1
"AKAP11",0.0604832018745984,-0.24950566905371,0.096,0.128,1
"ZC3H4",0.0486939709269246,-0.249305650840675,0.101,0.134,1
"PARP15",0.39632980634901,0.249209902313705,0.178,0.168,1
"HECTD4",0.12015546090118,-0.249092485580925,0.225,0.267,1
"WASHC3",0.407935563906588,0.249073646960382,0.161,0.15,1
"MPRIP",0.598567475672301,0.24893929416478,0.136,0.132,1
"BCKDHA",0.0673409916835847,-0.248868138332149,0.101,0.132,1
"NR2C2",0.220707448680261,0.248854246421645,0.187,0.168,1
"TDP1",0.110604899248473,-0.248568341432112,0.144,0.176,1
"SSB",0.165095375672951,0.248551478879483,0.364,0.353,1
"NSMCE4A",0.109610573333687,-0.248492658902329,0.111,0.14,1
"POLR2J3",0.487256730445359,0.248487852405438,0.134,0.126,1
"MBD2",0.0467183527030034,-0.248475743847886,0.226,0.271,1
"KAT8",0.856340715904016,0.248422325463594,0.107,0.108,1
"TMUB2",0.868830505383872,0.24835788341653,0.127,0.13,1
"GIT2",0.602544110514455,0.248286700329072,0.222,0.228,1
"ZNF33A",0.0947782910513693,-0.248260764495339,0.199,0.238,1
"CFAP36",0.0715653907858831,-0.248253975740261,0.177,0.216,1
"RAB30",0.505308646282815,0.248221078785016,0.128,0.12,1
"PNPT1",0.133911488016106,-0.248065151772551,0.081,0.104,1
"TSTD2",0.499415809427349,0.248064503979743,0.142,0.134,1
"TRIM24",0.128756967973465,-0.247565089736248,0.202,0.238,1
"GEMIN7",0.521086793335978,0.247551374179835,0.16,0.152,1
"KLHL12",0.0342618099626215,-0.247472093287905,0.075,0.106,1
"SMAP2",0.00138602026616002,-0.247412780593933,0.51,0.597,1
"CDK2AP1",0.829936735420229,0.247394709828318,0.115,0.114,1
"CASP7",0.478832185275507,0.247299576483492,0.149,0.14,1
"RNFT1",0.205844086085074,-0.247139581957944,0.123,0.146,1
"EIF5A2",0.095331331550645,-0.246731520098506,0.115,0.144,1
"TRIM38",0.159017259827238,-0.246636459698053,0.208,0.238,1
"CMTM3",0.427257154414272,0.246468407429198,0.244,0.242,1
"SLC30A5",0.423059035266456,0.246439739529196,0.2,0.196,1
"SNAP29",0.0817502359712436,-0.246390047991643,0.145,0.18,1
"SBDS",0.0417682200209328,-0.246343148284677,0.297,0.353,1
"PDSS2",0.135472753588741,-0.24621796774023,0.078,0.1,1
"SAR1B",0.0358972553862465,-0.246148236106395,0.248,0.299,1
"MAGED2",0.0623721027166399,0.246006669313263,0.325,0.291,1
"HCFC2",0.0565763190589928,-0.245891773764074,0.08,0.108,1
"KPNA4",0.0213303381354675,0.245883797157089,0.362,0.319,1
"CDK6",0.0035992811012004,-0.245702979372777,0.541,0.607,1
"TMEM203",0.285736841162526,0.245553615613538,0.126,0.11,1
"BNIP3",0.0647653639852025,-0.245505005831146,0.085,0.114,1
"ASAH1",0.257809411181056,-0.245475883248771,0.104,0.124,1
"ARL6IP1",0.000191940403782332,-0.245465368724208,0.88,0.906,1
"FDX1",0.0275850793945541,0.245387643619335,0.423,0.389,1
"CHCHD10",0.0488570786013488,-0.245341516922919,0.178,0.222,1
"LTA4H",0.355443773005453,0.245241361658242,0.187,0.174,1
"TAOK1",0.0419487280025014,-0.24508804092275,0.238,0.291,1
"CCDC167",0.170132170075711,-0.244876111923902,0.226,0.257,1
"TMC6",0.0688821416061866,0.244755768898733,0.297,0.263,1
"IFT80",0.868560460852233,0.244649475423335,0.105,0.106,1
"ENSG00000291149",0.128375223815697,-0.24462015404748,0.128,0.156,1
"KLF3",0.0573965892937638,0.244545886285074,0.4,0.361,1
"NOP16",0.8258446665504,0.244410876142242,0.122,0.124,1
"SLAIN2",0.0157769100323035,-0.244402487201234,0.22,0.283,1
"SERTAD1",0.0419569890621674,-0.244197775800965,0.249,0.303,1
"RMC1",0.351672506292367,0.244126327923896,0.184,0.17,1
"DENND1C",0.741142077878601,0.243937582992393,0.105,0.102,1
"ORAI2",0.00826567637794361,-0.243928100443017,0.197,0.261,1
"CHCHD5",0.0269879558327117,-0.243878123199959,0.115,0.154,1
"CDK2AP2",0.00362287199025893,0.243822339695515,0.525,0.487,1
"AKAP13-AS1",0.129528960772166,-0.24375829469924,0.118,0.146,1
"SPATA13",0.0762966123143774,0.24347002111798,0.414,0.393,1
"ANKRD13A",0.0573039726775846,-0.243264928769668,0.167,0.21,1
"CAPRIN1",0.0186021433389082,-0.243254229361307,0.323,0.395,1
"PLCG1",0.382541526796442,0.243048950882777,0.15,0.138,1
"SVIP",0.116586806113113,-0.24304585186612,0.156,0.188,1
"VAV3",0.0307975621642449,-0.243042784164724,0.297,0.353,1
"EIF2AK3",0.066468195074245,-0.243016673714753,0.125,0.158,1
"BCL2A1",0.19671106048482,-0.24286073091073,0.16,0.186,1
"FOXK1",0.0820014502603248,-0.242831756718765,0.109,0.14,1
"POLG",0.28463923899197,0.242785081315173,0.239,0.226,1
"VPS13B",0.184910165551022,0.242761591173301,0.359,0.359,1
"NUMA1",0.00224148159174252,-0.242674685358895,0.265,0.357,1
"ZEB1",0.0286311098176625,-0.242513010544274,0.304,0.359,1
"IRF4",0.0630760413444138,-0.242272227707945,0.345,0.403,1
"RBBP6",0.000888436145041196,-0.242245098885064,0.295,0.397,1
"WWOX",0.67877243401034,0.242216889494426,0.16,0.156,1
"C7orf50",0.0728534282520972,-0.242143717769826,0.129,0.162,1
"MT1F",0.0756526989889721,-0.241768734004234,0.178,0.216,1
"SLC20A2",0.130677182349857,-0.241710703449965,0.165,0.194,1
"SIAH2",0.0703343853929809,-0.241424173756007,0.232,0.273,1
"CIZ1",0.451040884250822,0.241332796303755,0.121,0.112,1
"NHEJ1",0.637693574656031,0.241324153704053,0.117,0.112,1
"CDK9",0.00664156321939103,-0.241301107565256,0.22,0.293,1
"PDE4DIP",0.0855078348309312,-0.241297226882726,0.165,0.202,1
"GRPEL1",0.0868204842665457,-0.241265432094919,0.206,0.248,1
"NECAP2",0.130958908411676,-0.241230040985032,0.265,0.303,1
"ZFAND6",0.0776672752669421,0.240904194754372,0.353,0.331,1
"CD69",0.0132566857726686,-0.240763521079693,0.565,0.631,1
"RNF19B",0.0424418586088416,-0.240707936904784,0.113,0.15,1
"KDM5B",0.0475348030246369,-0.240518411927637,0.14,0.18,1
"ACAP1",0.105145978395436,-0.240465561345762,0.269,0.307,1
"C8orf76",0.562163561310286,0.240457329519475,0.144,0.14,1
"ZFP91",0.0707407878588799,-0.240439390625142,0.194,0.234,1
"HDLBP",0.0306022618896376,-0.240334776163368,0.275,0.335,1
"NUP54",0.176934986080669,0.240057190230343,0.236,0.214,1
"ME2",0.285223126047752,0.239938146170855,0.118,0.102,1
"HELZ",0.222115838900392,0.239915515996822,0.307,0.305,1
"RBM48",0.447877391685097,0.239837145315114,0.17,0.162,1
"NAP1L1",0.00146840644766645,-0.239829625232446,0.526,0.607,1
"AGFG1",0.0114611910980825,-0.239806069096841,0.26,0.331,1
"ANAPC10",0.31134980306672,0.239648054299774,0.151,0.134,1
"NAA25",0.28533587237475,-0.239428500649223,0.102,0.12,1
"IDH3A",0.13192292909173,0.239410321506037,0.139,0.114,1
"COX20",0.0126898023791543,-0.239393014246554,0.31,0.385,1
"KCTD20",0.0111627755537421,-0.239368690084494,0.441,0.509,1
"INTS15",0.516811621907208,0.239247333593679,0.105,0.098,1
"SOAT1",0.0318229140888793,-0.239209776354672,0.179,0.226,1
"PCNT",0.525806610935941,0.239151919543528,0.158,0.15,1
"ATG5",0.0391016472365591,-0.239087211252801,0.339,0.399,1
"SACS",0.174383288573725,-0.238692582993435,0.09,0.11,1
"DNAJC10",0.0868923605404705,-0.238546999241171,0.103,0.132,1
"MAP3K11",0.565605896656369,0.238312636966415,0.107,0.1,1
"EIF4E3",0.315821699307515,0.238267479738731,0.203,0.192,1
"RAB3GAP2",0.128472353923407,0.238139697691066,0.266,0.242,1
"NDUFA3",0.0268755865558982,0.237974364641725,0.447,0.429,1
"PIGP",0.0355737378476091,-0.23795129976328,0.097,0.132,1
"MKKS",0.103180108174206,-0.237911301943533,0.093,0.12,1
"JUND",9.85238827412277e-05,-0.237910830201847,0.989,0.986,1
"PPWD1",0.332814147807547,0.237569092177562,0.212,0.2,1
"MARCHF3",0.0787508486134952,-0.237422385652863,0.118,0.148,1
"TNRC6C",0.0528121596421247,0.237346763526638,0.474,0.449,1
"PPP1R8",0.055902019117883,-0.237177896558777,0.125,0.162,1
"PRDX1",0.00136039478481971,-0.237160615324394,0.6,0.689,1
"MTMR12",0.510953698998023,0.236947598700869,0.128,0.12,1
"THAP4",0.209067810242178,0.236889266365923,0.212,0.192,1
"ZZZ3",0.33761806045863,0.236791596579125,0.178,0.166,1
"DENND1A",0.341977978440434,-0.236377525456295,0.092,0.106,1
"NF1",0.321773320420004,0.236227018084333,0.228,0.218,1
"DOP1A",0.355736654404193,0.236075454433784,0.174,0.162,1
"SCAF11",0.000420792043846283,0.235990313446455,0.802,0.766,1
"ENSG00000290192",0.195918532747448,-0.235878660896298,0.164,0.19,1
"SMURF2",0.140330239120249,0.235838488492781,0.365,0.347,1
"CAMK1D",0.136287862024463,0.235801403363972,0.526,0.493,1
"CGGBP1",0.0468175488842495,0.235749861740556,0.437,0.405,1
"ACTR6",0.393395733226799,0.235725259260399,0.165,0.156,1
"FAM241A",0.0120441518829118,-0.235697084342129,0.084,0.124,1
"SPAG9",0.00735860606436875,-0.235688922945836,0.427,0.509,1
"MPHOSPH8",0.0420270704975676,-0.235638450465494,0.471,0.527,1
"MRPS26",0.188749741075939,0.235438937678454,0.23,0.212,1
"SMARCB1",0.0634006197013786,-0.235299997575939,0.218,0.261,1
"ANKRD52",0.0274844392337979,-0.235219209178924,0.106,0.146,1
"ACO2",0.120364322848836,-0.235197232447471,0.265,0.303,1
"ABI3",0.00105830090705003,0.235137813292554,0.511,0.433,1
"IRF2",0.129674188123106,0.234932499735862,0.226,0.196,1
"MTF1",0.25778096914043,0.234884574616505,0.116,0.098,1
"TYMP",0.134288421647924,-0.234687125307657,0.098,0.124,1
"STYX",0.0368526306793372,-0.234353837733732,0.101,0.136,1
"CEBPZOS",0.632101407761649,0.234070311640724,0.111,0.106,1
"GLRX",0.097707172061665,-0.234050306929288,0.133,0.166,1
"CTDSPL2",0.0300500282491702,-0.234038064216999,0.179,0.228,1
"SRPRB",0.365383113461178,0.233940249416573,0.18,0.17,1
"B4GALT4",0.163673251618424,-0.233854937594742,0.095,0.118,1
"UXS1",0.0634482082734815,-0.233836385095608,0.115,0.15,1
"RXRB",0.74000764917162,0.233589516922512,0.114,0.112,1
"SETDB1",0.122472351243436,-0.233577791946894,0.08,0.104,1
"PRKAA1",0.436003932837252,0.233516067088973,0.272,0.271,1
"INTS12",0.963906863912379,0.233381767459828,0.12,0.126,1
"ADI1",0.141482323033371,-0.233367059354866,0.134,0.164,1
"PRCC",0.0868419868657905,-0.232945362586539,0.184,0.22,1
"ALG13",0.014691163582448,-0.232940822257891,0.28,0.347,1
"MGAT4A",0.112260665101534,0.232839947131237,0.472,0.467,1
"RIPK1",0.428370808163644,0.232660498656056,0.214,0.208,1
"SLC35B1",0.728828613925573,0.232588223832876,0.133,0.132,1
"PSMA3-AS1",0.866812970283996,0.232572983089178,0.148,0.15,1
"COQ10B",0.0936652530041298,0.232482613675517,0.264,0.234,1
"IFT52",0.325821301495115,0.232380786616948,0.178,0.164,1
"CIAPIN1",0.0721715793749119,-0.232341464731182,0.12,0.152,1
"LMAN1",0.331311425088955,0.232201774555213,0.269,0.267,1
"C5orf24",0.0313266622817316,-0.232166138389396,0.139,0.182,1
"ANKRD28",0.947269804705492,0.231599621129567,0.104,0.106,1
"MED27",0.246299911877703,0.231599360552228,0.253,0.232,1
"RNF2",0.138728575662148,-0.231201745075527,0.13,0.158,1
"TYW1B",0.97059358964792,0.231159412043588,0.102,0.104,1
"VPS25",0.671407746401226,0.231135598323051,0.117,0.114,1
"ADD3",0.234968098761971,0.231025691960729,0.324,0.317,1
"CCDC85C",0.161052279737244,-0.230446527889039,0.107,0.13,1
"TPST2",0.208255149740822,0.230426016256948,0.325,0.313,1
"RAB11FIP3",0.380252235554025,0.230233550727463,0.226,0.216,1
"ATP6AP1",0.254596501803644,0.229935756329587,0.251,0.24,1
"PLEKHM2",0.154638107283695,-0.229902503713705,0.125,0.152,1
"LMNB1",0.214099002896692,0.229816075573566,0.283,0.265,1
"IQCB1",0.0364710200269775,-0.229775093035594,0.185,0.232,1
"MON1B",0.786742229553637,0.229680856871867,0.107,0.106,1
"MED8",0.0282302697333012,-0.229513539933376,0.171,0.22,1
"CCDC88B",0.203104680807262,-0.229404111639847,0.102,0.122,1
"RAPGEF2",0.108611449534355,-0.229346460413306,0.282,0.329,1
"AQR",0.528488486060886,0.229319147692599,0.213,0.214,1
"PLEKHA2",0.0493240657787415,0.229248884299075,0.618,0.609,1
"CHIC2",0.0300127755045288,0.229208022315124,0.499,0.475,1
"LIN54",0.462115750480026,0.229073169344839,0.124,0.114,1
"CD82",0.111578255963523,-0.228960525929963,0.151,0.186,1
"MTIF3",0.617459763275137,0.228933580787082,0.17,0.166,1
"NDUFA9",0.0139217121797265,-0.228838046373674,0.193,0.253,1
"NSF",0.0798532360811003,0.228463198682147,0.304,0.283,1
"TSNAX",0.320640089757056,0.228428092967612,0.149,0.136,1
"CITED2",0.403517714421027,-0.228340007628746,0.381,0.405,1
"TBC1D22A-DT",0.839242009248518,0.228300481995499,0.119,0.118,1
"POLR3A",0.170549956491055,-0.22824391307445,0.08,0.1,1
"POLR2G",0.347584248426454,0.228210141564472,0.255,0.251,1
"PLCXD2",0.0918779805132723,0.228196387677653,0.283,0.246,1
"KMT2E-AS1",0.259840961790025,-0.228167569363264,0.094,0.112,1
"COA3",0.623217634988404,0.227584781907844,0.135,0.13,1
"ZDBF2",0.137760207988894,-0.227526259425456,0.083,0.104,1
"TRAF1",0.0698735403347649,-0.227493960238723,0.239,0.283,1
"ATXN2",0.621523450662091,0.227409992571424,0.219,0.216,1
"PRPF3",0.573940446270821,0.22733104302122,0.16,0.154,1
"KIF3B",0.0682447630321518,-0.227295743288492,0.146,0.18,1
"REXO4",0.646697030467299,0.22729525306577,0.109,0.104,1
"PEDS1",0.0668381157777031,-0.22709975541494,0.117,0.15,1
"XAB2",0.253938965760991,0.227068091801961,0.293,0.287,1
"PAFAH1B2",0.54005210515712,0.227063388042671,0.131,0.126,1
"CD70",0.208121125025399,-0.226889363228301,0.085,0.104,1
"DUSP11",0.0451082744123478,-0.226865009928208,0.31,0.363,1
"TTC19",0.0138220027942588,-0.226771887968342,0.359,0.435,1
"BMAL1",0.122287648672142,0.226601612471085,0.215,0.188,1
"PDE12",0.26427694457376,0.226511501385126,0.153,0.134,1
"SFPQ",0.000627140510623199,-0.226405830606397,0.782,0.824,1
"AKR1A1",0.542124107581201,0.226274336638149,0.136,0.13,1
"BCKDK",0.549561166941602,0.226201000297818,0.11,0.102,1
"ARPC5L",0.0410098031249882,0.226017337210861,0.465,0.437,1
"ZDHHC17",0.867082601874053,0.226002101913939,0.131,0.132,1
"CCDC137",0.259645501799268,0.225984765257925,0.131,0.114,1
"NCOA5",0.388381528648487,0.225662084688681,0.187,0.174,1
"CIB1",0.00102309296016471,0.225480327680785,0.817,0.79,1
"PTPRE",0.0389015067182698,0.225380653354788,0.345,0.311,1
"GAS7",0.767974256628106,0.225148882347807,0.129,0.128,1
"RUNX1",0.0315858508398137,0.225011825734398,0.479,0.439,1
"EIF3E",0.000650637471214973,-0.224899455807927,0.604,0.699,1
"ZFYVE16",0.0986237411321572,-0.224836657965407,0.187,0.222,1
"ENSG00000256152",0.835048722600562,0.224736593151416,0.094,0.1,1
"CS",0.195861632892532,0.224613831704531,0.184,0.164,1
"GPR18",0.0553156716919787,-0.224612223672879,0.109,0.142,1
"NIPA1",0.128263294758528,-0.22452857550841,0.077,0.1,1
"ZNF609",0.655836096586851,0.224229060778043,0.135,0.13,1
"PARP6",0.0491276194065673,-0.224132308184566,0.11,0.146,1
"ACSL5",0.431691948118753,0.223968979936375,0.14,0.132,1
"SLC10A3",0.0231018724045165,-0.223957672178105,0.283,0.343,1
"MRPL37",0.630713953378494,0.223954709409117,0.148,0.144,1
"SEPTIN9",0.102638391963883,0.223734689409483,0.427,0.405,1
"GZMM",0.000164581873041183,0.223693324835549,0.873,0.836,1
"LNPEP",0.170626919673842,0.223596676551355,0.356,0.339,1
"ABHD3",0.0649861134156316,-0.223579269652131,0.183,0.226,1
"ITPRID2",0.0756510359302479,-0.223509180472549,0.079,0.106,1
"MAGED1",0.202325298014174,-0.223371421589659,0.084,0.104,1
"EMC10",0.4982266551931,0.223140731568725,0.234,0.232,1
"CNST",0.0403786607667682,-0.223096838554525,0.182,0.226,1
"C1orf21",0.00325599114347829,0.223034500000409,0.677,0.629,1
"BRD7",0.0292588651646643,0.222806319121622,0.493,0.467,1
"ZNF195",0.305403578109931,-0.222732419255124,0.116,0.134,1
"LMO4",0.580967563676674,-0.222707174404583,0.098,0.106,1
"MARCHF9",0.707515278982575,0.22257772724446,0.142,0.14,1
"ACSS1",0.322954625070391,0.222503658838372,0.165,0.15,1
"USP25",0.250787089640907,0.22243242679249,0.292,0.277,1
"LLPH",0.514396823606101,0.222390166949699,0.226,0.22,1
"RHOF",0.100723054875696,0.222380093731364,0.442,0.419,1
"AFG3L2",0.636346346584935,0.222261564999741,0.194,0.194,1
"EXOSC9",0.0498327482409278,-0.222123334965861,0.15,0.192,1
"CIAO2A",0.12557851941839,0.222004215901316,0.278,0.259,1
"AAGAB",0.578441615991516,0.221783974040731,0.152,0.146,1
"RORA",0.0299604651141705,0.221747711545478,0.619,0.565,1
"RIC8B",0.61192073031976,0.221745355709068,0.102,0.096,1
"TPD52L2",0.258190353299833,0.22171246641662,0.184,0.168,1
"CALU",0.415059221709457,0.22168028727934,0.124,0.112,1
"USP10",0.604503854903704,0.221672864417996,0.244,0.244,1
"USP9X",0.0260934625597132,-0.221660031763663,0.302,0.363,1
"AP3M1",0.793756498393523,0.221654027451565,0.106,0.106,1
"PTPN23",0.541157200322705,0.221599085348197,0.106,0.1,1
"TAB2",0.0265158047166692,-0.221204347153034,0.372,0.435,1
"CHN2",0.613408372240693,0.221046172709099,0.141,0.136,1
"ARFIP2",0.670052108108388,0.22103433203823,0.108,0.104,1
"TSG101",0.176734450874682,0.221008021433716,0.291,0.273,1
"ZNF37A",0.0764060491380471,-0.22082181871734,0.152,0.186,1
"TRG-AS1",0.233005210122758,0.22079978213031,0.336,0.325,1
"NNT",0.562708535662432,0.220754333571907,0.155,0.148,1
"DMAP1",0.686726102592405,0.220716257588447,0.118,0.114,1
"MTRF1L",0.483423949978443,0.220561786034427,0.111,0.102,1
"NKAP",0.58751337115714,0.22042361855458,0.175,0.172,1
"MED25",0.0926366213262098,-0.220423392213957,0.194,0.232,1
"MRPL36",0.383895673316994,0.220400903522229,0.181,0.172,1
"PILRB",0.250786268543554,-0.220339268038641,0.101,0.12,1
"BAG4",0.652895021877007,0.220039100637746,0.126,0.122,1
"PPP1R12B",0.809835026133109,0.219898714883174,0.125,0.126,1
"MOGS",0.0445107167282259,-0.2198967369702,0.159,0.202,1
"RAVER1",0.187199585091552,-0.219884663227816,0.125,0.15,1
"SLC35D1",0.658009524958598,0.219850365850279,0.132,0.128,1
"SREK1",0.519074238035092,0.219843753496015,0.265,0.271,1
"TIGAR",0.0598339012377541,-0.219683015957593,0.204,0.246,1
"WARS1",0.136896011519347,-0.219675697918668,0.134,0.162,1
"TRAF7",0.180948164259187,-0.219599986475117,0.102,0.124,1
"TOMM22",0.00972203866010671,-0.219466818815683,0.317,0.391,1
"GPKOW",0.382885932144687,0.219309341568491,0.126,0.114,1
"CD74",0.00148350721518036,-0.219251754276267,0.968,0.962,1
"CDC27",0.706418448515401,0.219056689621729,0.212,0.218,1
"SCAMP4",0.286448104687452,0.218806059945371,0.122,0.106,1
"ZMYND8",0.382536116409111,-0.218785043865059,0.092,0.106,1
"SNX13",0.22960320640035,0.218763620465687,0.174,0.156,1
"SLC7A6",0.0550590634255815,-0.218745795916363,0.123,0.16,1
"TAGAP",0.00387163587793685,-0.218713201404171,0.587,0.655,1
"DPF2",0.0536463837751649,-0.218519377589729,0.225,0.277,1
"PLPP5",0.110092554847379,-0.218466768345498,0.133,0.164,1
"DIPK1A",0.294602902852647,0.218465943995491,0.263,0.255,1
"ANXA6",0.0794216403634066,0.218445935360905,0.293,0.261,1
"NKTR",0.344555956139587,0.218403751944102,0.384,0.387,1
"NBAS",0.26901778606858,0.218276423647808,0.176,0.16,1
"GFM1",0.485942950231159,0.218261389656692,0.16,0.152,1
"SMG1P5",0.591902020707041,0.218110608716007,0.186,0.184,1
"NUDT3",0.41604889335367,0.217907872766528,0.262,0.257,1
"STAT6",0.489543609872446,0.217867941930121,0.195,0.19,1
"LCORL",0.894398622977895,0.217746577331194,0.17,0.184,1
"CYB561D2",0.261046643238644,0.21752095578907,0.166,0.148,1
"GIMAP5",0.0210225599971732,0.217490914443458,0.405,0.351,1
"SUPT3H",0.0416675022598358,-0.217405736280222,0.188,0.234,1
"GTPBP10",0.31869202273758,0.217373358759442,0.142,0.128,1
"PKN1",0.188924765944605,0.217293889019144,0.279,0.263,1
"GNA12",0.264665062687462,-0.217156373688958,0.138,0.16,1
"RBM7",0.193408547812335,-0.217118086196383,0.162,0.192,1
"ESYT2",0.137406282352396,0.217099916590975,0.46,0.447,1
"AZI2",0.0492748383274391,-0.217049129127443,0.156,0.202,1
"SPRYD3",0.081360247496306,-0.216923060252141,0.085,0.112,1
"ANKRD17",0.0799766867288425,-0.216894421850433,0.393,0.451,1
"FOXO3",0.812665894161025,0.21678998911008,0.128,0.128,1
"BORCS7",0.172387685353578,-0.216786131625235,0.136,0.162,1
"CHPT1",0.412962086500774,-0.216698651320477,0.132,0.146,1
"PMPCA",0.585924335664978,0.216624208575661,0.112,0.106,1
"SLC1A5",0.40466985168538,0.21657263746942,0.199,0.19,1
"RNF114",0.00686584097071373,-0.216472560237835,0.299,0.375,1
"CD6",0.00529289611691497,0.216464669941304,0.792,0.756,1
"SEC23A",0.340350520753378,0.216201212551668,0.153,0.14,1
"RIGI",0.07752354497862,-0.216193166408058,0.137,0.174,1
"GALNT6",0.949059084319277,0.21612301213632,0.103,0.108,1
"AIM2",0.113686163607246,-0.216033886553518,0.167,0.198,1
"PARP9",0.0837371761081812,-0.215996508044157,0.094,0.124,1
"CACYBP",0.0199039343101381,-0.215939550168777,0.376,0.447,1
"ARFGEF2",0.0258761631115531,-0.215689649824426,0.168,0.218,1
"CACUL1",0.331222214607058,0.215611544789613,0.206,0.194,1
"NR4A2",0.956834069186766,0.215445743668678,0.494,0.513,1
"BACH2",0.028376246479351,-0.215422315857565,0.492,0.545,1
"SLC35A1",0.7307905320399,0.215389767977119,0.15,0.166,1
"CPB2-AS1",0.460662209074134,0.215352815990553,0.219,0.21,1
"CCDC18-AS1",0.285499635379736,-0.215191270355285,0.115,0.132,1
"LMTK2",0.162977781715181,-0.215073289960931,0.136,0.162,1
"SPON2",0.434526320644033,0.215065974610532,0.117,0.106,1
"MRPS22",0.309169429069003,0.214818263480903,0.196,0.184,1
"CTC1",0.94067038354364,0.214726390789908,0.142,0.148,1
"IFNG",0.832649534178058,-0.214685730488919,0.207,0.212,1
"KDM4A",0.0541807168434364,-0.214669732027317,0.134,0.172,1
"TMEM33",0.235433176817177,-0.214651367454551,0.16,0.184,1
"KIAA2026",0.123157096749153,-0.214564105282291,0.192,0.224,1
"NUP133",0.0394888355156517,-0.214550142892041,0.165,0.212,1
"ANKRD44",0.00451393320386578,0.214548049324952,0.609,0.585,1
"NDUFC1",0.00208775994006039,-0.214433796476378,0.423,0.531,1
"DVL3",0.432473408679625,0.214122950865483,0.132,0.122,1
"ATP6V1F",0.0382069336709204,-0.213926923204365,0.456,0.521,1
"JUNB",0.0063260043221564,0.213896154773761,0.665,0.633,1
"COMMD1",0.155938912054688,0.213783523623071,0.277,0.257,1
"ERCC1",0.0727093567550539,-0.213743591744547,0.153,0.19,1
"ACTR8",0.670873788155075,0.213742093487962,0.104,0.1,1
"FGD3",0.426506521662015,0.213722156298258,0.218,0.21,1
"RAB7A",0.00243606657062603,-0.213698243220978,0.578,0.663,1
"CKS2",0.0158630737369978,-0.2136498731742,0.128,0.176,1
"DNAJC21",0.339152669874806,0.213624144539846,0.322,0.323,1
"TIMM8B",0.118682348565278,-0.213605847634086,0.206,0.242,1
"YWHAG",0.393848082447957,0.213586286307329,0.157,0.148,1
"DUSP12",0.685300615396615,0.213481141808077,0.157,0.154,1
"GPR107",0.727017314937963,0.213475483795981,0.13,0.128,1
"SKIC2",0.672761761473047,0.213414055877569,0.132,0.128,1
"TWSG1",0.545962361365577,-0.213391980590929,0.096,0.104,1
"HCG18",0.0385774860124839,-0.213343322500278,0.292,0.349,1
"IPCEF1",0.378722375967658,0.213293710942473,0.101,0.088,1
"GOLGA8B",0.146858595927153,-0.21329035223312,0.101,0.126,1
"DPH7",0.212010742456537,-0.213205377321713,0.087,0.106,1
"SEM1",0.0113442616115498,-0.213183137898486,0.405,0.479,1
"SLC9B2",0.121111389698374,-0.213038607869682,0.096,0.122,1
"STX11",0.0240795791851407,-0.213011569880211,0.345,0.409,1
"LINC00649",0.773476535086261,0.212828609505461,0.17,0.17,1
"CDK13",0.0689456694899825,0.212808523679231,0.441,0.409,1
"GDE1",0.083653391124004,-0.212750372598658,0.21,0.253,1
"SSBP3",0.351591722720012,0.212398059473947,0.141,0.128,1
"PRKCH-AS1",0.120557871304445,-0.212095677284324,0.132,0.162,1
"RASAL3",0.0229706162031931,0.21206492876392,0.516,0.493,1
"WASL",0.0613076083344052,-0.211945790369764,0.084,0.114,1
"H2AJ",0.176877922007295,-0.21193203307489,0.121,0.146,1
"KIF2A",0.0143193258216192,0.2118498436938,0.513,0.465,1
"SLC35D2",0.142993009149267,-0.211760248803146,0.092,0.116,1
"TMEM154",0.312643084618018,-0.211746453974568,0.089,0.104,1
"STX12",0.0154103273881523,-0.211705679268239,0.181,0.236,1
"RIOX1",0.112957254350272,-0.211664959494358,0.092,0.118,1
"GRAMD1A",0.299364768473016,-0.211648293351332,0.194,0.216,1
"HEXIM1",0.17302226936512,-0.21156733007832,0.175,0.204,1
"ZNF410",0.365501915188197,0.21150292412148,0.211,0.202,1
"MRPS10",0.502611987624478,0.211265575205319,0.174,0.168,1
"ZER1",0.383063108172908,0.211251783277824,0.173,0.162,1
"PARP14",0.245925371334536,-0.211244592253324,0.266,0.295,1
"HSD17B11",0.80314387647891,0.211173566992873,0.225,0.236,1
"NDUFA4",0.000909370159964641,-0.211063225160734,0.633,0.723,1
"TFAM",0.347744657102518,0.211005031091524,0.17,0.158,1
"BICD2",0.728479555934481,0.210895747587047,0.108,0.104,1
"NPC1",0.419038684046173,0.210887123746058,0.251,0.248,1
"CUTC",0.15245284835054,-0.210863864908606,0.133,0.16,1
"SERPINB8",0.101553376283174,-0.210783468082894,0.083,0.108,1
"PSMC4",0.0290588009844857,-0.210653002008698,0.464,0.531,1
"NUP210",0.523211875551484,0.210646719980461,0.193,0.186,1
"C16orf54",0.147852468097036,0.210608017696963,0.24,0.216,1
"TRAT1",0.00552711563735297,-0.210598131482757,0.569,0.635,1
"ODR4",0.148708921684553,-0.210592038876659,0.111,0.136,1
"PGGHG",0.293504751298212,0.210351452345351,0.146,0.128,1
"C6orf89",0.356672227299432,0.21026178291003,0.208,0.196,1
"NME7",0.228931106847833,-0.210215702453047,0.169,0.194,1
"RARA",0.00851880584453993,-0.210207486910637,0.495,0.579,1
"IER2",0.00206864009200429,0.209905675668997,0.745,0.715,1
"PSENEN",0.427984508510875,0.209802121211106,0.291,0.283,1
"METAP1",0.084309761050151,-0.209766015006853,0.099,0.128,1
"PAG1",0.348256640480332,0.209759098939766,0.308,0.303,1
"TMEM230",0.781877819360435,0.209693694042137,0.203,0.206,1
"MT-ND4",9.96285699588896e-05,0.209672391566644,0.962,0.952,1
"UPF3A",0.311862492402367,0.209368863975125,0.245,0.234,1
"TIMM17B",0.110608436491183,-0.209328823785639,0.196,0.234,1
"PLEKHM1",0.749167517545397,0.209299383067327,0.159,0.158,1
"AFF1",0.107531512476587,-0.209237622662815,0.106,0.134,1
"DGCR6L",0.262945711832371,0.209210532454713,0.139,0.12,1
"DENND4A",0.223310207741508,0.209191832368397,0.34,0.329,1
"ZSCAN16-AS1",0.137163896610401,-0.20918944607882,0.096,0.122,1
"SMARCC2",0.240825396461783,0.209062973041887,0.288,0.269,1
"BLCAP",0.707601965016365,0.209057581294009,0.165,0.166,1
"USP20",0.10883567611237,-0.209010929346649,0.168,0.204,1
"TAP1",0.0198987457500817,0.208981572786852,0.566,0.537,1
"FBL",0.0189152591627752,-0.208955484039908,0.419,0.487,1
"BTG1-DT",0.160937343761267,-0.208807909125687,0.093,0.116,1
"CTNNAL1",0.0607675921017652,-0.208801273808467,0.168,0.208,1
"CPEB2",0.335141707810993,0.208796540976919,0.17,0.156,1
"SGTA",0.73697716332392,0.208679374213195,0.131,0.13,1
"BICRAL",0.0678981729492936,-0.208576132863444,0.205,0.244,1
"GTF2F1",0.0348784509918351,-0.208489407543863,0.311,0.377,1
"GIMAP4",0.276031104650286,0.20848191117298,0.375,0.365,1
"FKBP1A",0.0511941861102321,-0.208370855261493,0.413,0.459,1
"SIAH1",0.859342016154449,0.20835250586773,0.102,0.102,1
"DYRK2",0.506256898215889,0.208302473382372,0.151,0.144,1
"MAD2L1BP",0.380975736929972,-0.208276829778412,0.11,0.126,1
"SS18L2",0.00425673600918036,-0.208230834889309,0.403,0.509,1
"DGKD",0.437387585654032,0.208223538277743,0.142,0.132,1
"TXNDC9",0.318707095341607,0.208220650243844,0.196,0.182,1
"ZNF567",0.788960401274573,0.208207417381645,0.102,0.1,1
"WASHC2C",0.053136479663743,-0.208192279124671,0.15,0.19,1
"NBEAL2",0.366383707985793,0.208069053096435,0.256,0.246,1
"BORCS6",0.757291328234948,0.208005817102428,0.107,0.106,1
"RILPL2",0.0298085717828327,-0.20798155649477,0.33,0.387,1
"ATOSA",0.242292654525871,0.207952180362415,0.31,0.297,1
"CD200R1",0.0160289545076722,-0.207926250972649,0.096,0.136,1
"XRRA1",0.16489144282009,-0.207447195944028,0.136,0.164,1
"SCAF4",0.278471039011762,0.207443811068614,0.244,0.232,1
"LINC00623",0.676377357130601,0.207297721417571,0.154,0.152,1
"SEC23IP",0.77085010982373,0.207297694012047,0.136,0.136,1
"MMADHC",0.0074876139662895,-0.207282315554369,0.275,0.355,1
"URM1",0.916770228491584,0.207258299721163,0.175,0.184,1
"BID",0.046076635893619,-0.207129411183277,0.147,0.188,1
"SDHB",0.0242116355694138,-0.206923684035129,0.317,0.391,1
"AOAH",0.000192916513364777,0.206915565791934,0.738,0.655,1
"HSPD1",0.0038040787861826,-0.206899977288875,0.605,0.663,1
"PLEKHA3",0.363700758914686,0.206898089048223,0.217,0.206,1
"TG",0.0789234522170434,-0.206821159524322,0.145,0.18,1
"DOCK11",0.7427018587051,0.206565060467453,0.26,0.265,1
"PSMC5",0.174172727469838,0.206542635958581,0.346,0.341,1
"CGRRF1",0.662117740057291,0.20625256092891,0.141,0.138,1
"NDUFV3",0.125618080867009,-0.206188707164342,0.115,0.142,1
"TMF1",0.0907298499458773,0.206117758616243,0.46,0.451,1
"EEF1E1",0.0898173730475221,-0.206083238249863,0.125,0.158,1
"GNPTAB",0.220077643452703,0.205924140765093,0.252,0.232,1
"PRKAG2",0.17661412494755,0.205741677058967,0.151,0.126,1
"ESR2",0.494918490031232,0.205564756301262,0.103,0.094,1
"CAPZA2",0.163699220327144,0.20552774650002,0.421,0.421,1
"TCIRG1",0.337488053317309,0.205356617026907,0.189,0.174,1
"RAD54L2",0.323330280587902,0.205206117443528,0.155,0.138,1
"HLA-DRA",0.419129160930867,-0.205119704710145,0.421,0.441,1
"UHMK1",0.294102601480562,0.204949469743002,0.332,0.327,1
"ARMCX6",0.78604364748615,0.204869460292173,0.137,0.136,1
"NEAT1",0.00138629456782819,-0.204851492418479,0.78,0.85,1
"HSPH1",0.0139012679272441,-0.204651214783595,0.523,0.597,1
"TMEM131",0.28359264141251,0.204627773973181,0.246,0.23,1
"ARHGAP25",0.124148427041158,0.204597953741019,0.348,0.325,1
"NGRN",0.0416211921712814,0.204516718602846,0.294,0.261,1
"PYGO2",0.350939062990949,-0.204507224270042,0.088,0.102,1
"USP48",0.433530223567538,0.2045032360941,0.212,0.206,1
"NUP62",0.0822824402455836,-0.204481196533457,0.1,0.13,1
"CBFA2T2",0.0929744121419896,-0.204479072378339,0.17,0.206,1
"GOT1",0.403241748952727,0.20444336575856,0.129,0.118,1
"CUL4A",0.213863253906614,0.20437610038184,0.372,0.373,1
"HMGXB3",0.284517191864273,0.204019631070635,0.165,0.146,1
"PTP4A2",0.00923606241897419,0.203964340941378,0.712,0.697,1
"HERC3",0.248245642859265,0.203948151826878,0.148,0.128,1
"COA1",0.495178191294765,0.203891449083247,0.201,0.194,1
"MEA1",0.251092813749088,0.203726213565086,0.329,0.325,1
"AP1B1",0.387962535855906,0.203691369328841,0.164,0.154,1
"MAP2K5",0.701493352116538,0.203613032629169,0.112,0.108,1
"ABITRAM",0.20183036124753,-0.203591466132727,0.092,0.112,1
"C4orf48",0.0758580166826568,-0.203443069926092,0.293,0.345,1
"REPS1",0.0754951623168716,-0.203352633820587,0.151,0.188,1
"DPYD",0.40277199131377,0.203278885351306,0.305,0.301,1
"COMMD5",0.0872627244513354,-0.203229692784676,0.146,0.18,1
"HIVEP1",0.0522262763889327,-0.203204720286335,0.166,0.212,1
"ZDHHC24",0.0269612256276803,-0.203156914054266,0.076,0.11,1
"VIM",0.0261830760920696,-0.203156023548681,0.99,0.994,1
"CHPF2",0.0561752864357315,-0.202726420370797,0.075,0.104,1
"ARFRP1",0.51301432972287,0.202380290008461,0.115,0.106,1
"MX1",0.159666580492701,-0.20237558572457,0.205,0.234,1
"FOSL2",0.0225699355353536,0.202365223222961,0.408,0.361,1
"TSEN54",0.180106451570967,0.202306498957708,0.374,0.365,1
"TCP11L1",0.198514782729146,-0.202245958449135,0.095,0.116,1
"SPCS3",0.0227523822125008,-0.202115122505977,0.342,0.409,1
"TOB2",0.828547034349487,0.201985587091979,0.145,0.146,1
"THOC2",0.418249618801852,0.201974045702922,0.283,0.283,1
"AXIN1",0.0680721913949706,-0.201938654449492,0.141,0.178,1
"TRAPPC2L",0.768767721413814,0.201927282430084,0.184,0.19,1
"STUB1",0.128417556906329,0.201714254134547,0.404,0.395,1
"RPRD1B",0.0882407652974026,-0.201642213396357,0.139,0.174,1
"KIAA0319L",0.661597997681509,0.201603896291622,0.183,0.18,1
"IKZF3",0.0385337752619744,0.20155495000492,0.455,0.417,1
"CLK3",0.355759161323824,0.201490547214367,0.261,0.253,1
"PWWP2A",0.165554601944829,-0.201486151461501,0.167,0.196,1
"RIC1",0.288632279335127,0.201439273783696,0.2,0.184,1
"GHITM",0.0130188555807232,-0.201411705668599,0.535,0.605,1
"MED13",0.197870479942275,0.201390075823272,0.29,0.277,1
"PES1",0.310807473160404,-0.201023780061455,0.139,0.156,1
"NDUFAF6",0.803536739013412,0.201018882120174,0.106,0.104,1
"PI4KA",0.493088561108664,0.200948365662358,0.19,0.184,1
"DNLZ",0.487345603029527,0.200819691655688,0.207,0.202,1
"VGLL4",0.78310785757577,0.200769405257637,0.15,0.152,1
"KIF5B",0.297670215962766,0.200732908541194,0.422,0.429,1
"CAMK2D",0.837826130048278,0.200687143612587,0.151,0.152,1
"SLC25A38",0.388406481849486,0.200477746664145,0.18,0.168,1
"CSNK2A2",0.57289477988648,0.200414389216193,0.201,0.196,1
"METTL9",0.258345993487174,0.200327912797244,0.324,0.309,1
"HARS1",0.0423137380872917,-0.200170505102237,0.245,0.305,1
"PPP6R1",0.262559474299758,0.200073628650411,0.306,0.293,1
"PEPD",0.40000605566197,0.200042751613303,0.134,0.122,1
"GYPC",0.0131196405457343,-0.199931368411805,0.377,0.453,1
"VRK2",0.707953559628957,0.19981282843185,0.159,0.156,1
"VTA1",0.699271558347829,0.199761718214306,0.264,0.271,1
"SOD1",0.00524466777699941,-0.199759708907049,0.732,0.8,1
"MLEC",0.57602198597552,0.199742386468974,0.321,0.335,1
"TRAF4",0.0522437802031273,-0.199656783885899,0.089,0.12,1
"MTR",0.219161526225928,0.199516027242095,0.196,0.176,1
"HCFC1",0.238649581213178,-0.199515298356403,0.102,0.122,1
"CDC42EP3",0.0251058973038179,0.199511204275985,0.383,0.339,1
"FBXO31",0.985790440291139,0.199499417486105,0.099,0.102,1
"MNAT1",0.242634294624238,0.199432996742926,0.203,0.184,1
"TMEM30A",0.642560102567949,0.199388762506896,0.229,0.232,1
"TAF1B",0.614444029931602,0.199325510860552,0.174,0.17,1
"NT5C2",0.831395899356427,0.199225984138986,0.175,0.178,1
"PEX11B",0.644539272337185,0.199044708954144,0.106,0.118,1
"FAM32A",0.110612456184674,-0.198978400670589,0.209,0.248,1
"CCDC71",0.162799783928774,-0.198943227432811,0.081,0.102,1
"MRPS24",0.0203504673823342,-0.198881577484985,0.27,0.347,1
"DNAJC4",0.072295389346143,-0.198853375016652,0.089,0.118,1
"CDKN2A",0.280998608586761,-0.19880377039232,0.1,0.118,1
"OXNAD1",0.310461358630593,-0.198763474107062,0.146,0.166,1
"CBX5",0.0886610898000025,-0.198704963048654,0.081,0.108,1
"KIF22",0.16206351923735,0.198668559086472,0.269,0.248,1
"PSMA3",0.0235944799600299,-0.198652365178096,0.35,0.421,1
"LBH",0.0878698642795162,0.198607541908324,0.505,0.475,1
"ZNF277",0.348084856943147,0.198339322195861,0.181,0.168,1
"POM121C",0.196725361806427,0.198268730350411,0.306,0.291,1
"CBX6",0.037812652826602,-0.198149574028256,0.183,0.232,1
"IKBKB",0.16688325765162,-0.198015791588341,0.113,0.138,1
"TIMM29",0.08453647541422,-0.198014819322696,0.108,0.138,1
"GIMAP7",0.14501123086384,0.197832679478572,0.562,0.549,1
"VPS51",0.225927348156023,0.197780844340596,0.316,0.303,1
"C11orf68",0.0888261977703537,-0.197647593491463,0.143,0.178,1
"PDE3B",0.0427668063284606,-0.197535860442459,0.548,0.589,1
"VPS72",0.0280496149390179,-0.197473030831401,0.166,0.216,1
"APEH",0.554716887850971,0.197172859361024,0.107,0.1,1
"LAMTOR2",0.829226811005527,0.197165414951614,0.211,0.222,1
"TXN",0.0233658981304588,-0.196933639493164,0.436,0.511,1
"TRMT10B",0.335742724426368,-0.196805770751596,0.085,0.1,1
"UBXN7",0.170214638927086,-0.196724415998103,0.183,0.212,1
"THOC5",0.226861362612368,-0.196699091647348,0.091,0.11,1
"SNAP47",0.160733648549395,-0.196425457554669,0.09,0.112,1
"PPP1R14B",0.892057898572105,-0.196382899783873,0.446,0.451,1
"KLF13",0.0103434552030779,0.196165668545503,0.502,0.451,1
"U2AF1L4",0.563285237617576,0.196096794610099,0.134,0.128,1
"ERAP2",0.578822484707032,0.196052837972879,0.108,0.102,1
"RNF115",0.0808786264841083,0.196002763003726,0.46,0.443,1
"CDC26",0.24652274939312,0.195962855422414,0.26,0.24,1
"MYNN",0.158977530593676,-0.195960255071395,0.132,0.158,1
"GPR65",0.91834151245867,0.19556333026063,0.212,0.218,1
"TBC1D22A",0.0405116243738551,0.195528738672634,0.496,0.461,1
"HDAC8",0.097292505633068,-0.195509851523129,0.118,0.148,1
"WWP2",0.229973386760839,0.195279822047797,0.188,0.168,1
"AARS1",0.67663903654454,0.19518888288595,0.111,0.106,1
"COG1",0.957698496071994,0.195080158541587,0.107,0.108,1
"COA5",0.77076590321643,0.195065575437877,0.111,0.12,1
"POLH",0.650242254224201,0.194983877899396,0.169,0.166,1
"BTBD1",0.233712330818679,0.194908312170451,0.217,0.2,1
"EXT2",0.279241792016912,0.19490311375654,0.161,0.142,1
"USP24",0.186791631833159,0.194864017148357,0.311,0.291,1
"SPTY2D1",0.463116166351511,0.194769673015095,0.218,0.212,1
"HLA-DRB5",0.651245064926823,0.194662013544222,0.123,0.116,1
"C3orf38",0.107084226318445,-0.194638743413151,0.134,0.166,1
"KIF1B",0.0789086410767753,-0.194609762963263,0.155,0.194,1
"BRMS1",0.757836818187932,0.194592643753373,0.204,0.214,1
"RBBP7",0.0413356804271028,-0.194385190256651,0.367,0.433,1
"GAPVD1",0.513979892118558,0.194369779448685,0.222,0.22,1
"PDPR",0.234087171552344,-0.194369307134584,0.082,0.1,1
"PABIR3",0.490642167864119,-0.194172324600669,0.111,0.122,1
"PEX2",0.759721865725835,0.194120703932378,0.109,0.108,1
"CHUK",0.596148666549339,0.19409409327098,0.118,0.112,1
"NPAT",0.188662748163354,0.194071653871475,0.283,0.265,1
"DPP8",0.3820319916298,-0.193912033112721,0.194,0.216,1
"MAPK9",0.838030726886936,0.193908641004707,0.138,0.14,1
"TIGIT",0.144683028062593,-0.193900959445536,0.494,0.531,1
"PABIR1",0.522679921055787,0.193829280672652,0.103,0.094,1
"CRYBG1",0.0287768093899727,-0.193634550817003,0.558,0.615,1
"RAD50",0.966493146005308,0.193603479174412,0.104,0.106,1
"THOC1",0.655955802880454,0.19334952816281,0.189,0.186,1
"NFKB2",0.0169047194845034,-0.193306623069073,0.38,0.457,1
"MYLIP",0.130880247425609,0.193305846048827,0.386,0.359,1
"DCUN1D1",0.0539855779313461,-0.193271378719772,0.122,0.16,1
"DENND4C",0.515585974550963,0.193148554021263,0.265,0.265,1
"NDUFS2",0.0237446724882887,-0.19314543760195,0.214,0.275,1
"IMPDH2",0.0417289028973702,-0.193105405556995,0.331,0.385,1
"A1BG",0.187127108525341,-0.193066752660763,0.123,0.148,1
"NSFL1C",0.345293618627454,0.193029820673795,0.292,0.279,1
"HNRNPH1",0.169284695361492,0.192997125580998,0.377,0.365,1
"GPN1",0.623646471435095,0.192846315335482,0.209,0.21,1
"SEL1L",0.218837593869137,0.192766227799434,0.269,0.261,1
"GNL3",0.0354745585883973,-0.192693622280783,0.248,0.305,1
"AHSA1",0.0796327442173244,-0.192685770642764,0.31,0.367,1
"ATP11B",0.0956034614052965,0.192478500632702,0.421,0.401,1
"ORC4",0.0910348033260342,-0.192460646725399,0.178,0.216,1
"TLE5",0.0110300017672512,0.192151757602109,0.745,0.725,1
"PACSIN2",0.545916259441601,0.192006706930413,0.17,0.164,1
"BRI3",0.035806835383124,-0.191931309870282,0.318,0.381,1
"SNHG7",0.145190408142652,-0.191870172859699,0.264,0.305,1
"MCMBP",0.499690420317323,0.191852354544824,0.19,0.182,1
"CCDC174",0.127722344711061,-0.191797223732739,0.234,0.277,1
"TBL1X",0.0401300971280085,-0.191794071171994,0.23,0.283,1
"TOPBP1",0.527168314893671,0.191702373619282,0.204,0.198,1
"ANXA2",0.013303282848986,-0.191405616906925,0.731,0.784,1
"MBD1",0.621681473396893,0.191379676484464,0.193,0.19,1
"DNAJC5",0.361075789853653,0.191327300544,0.226,0.212,1
"ZNF160",0.777468092464922,0.191265755392561,0.116,0.114,1
"SYNJ1",0.83840189112157,0.191099112701505,0.167,0.17,1
"ATXN3",0.0489124178252137,-0.190959886125904,0.142,0.184,1
"LTV1",0.401303542812371,0.190920184254883,0.101,0.088,1
"FBXL14",0.670015796609362,0.190897774507559,0.146,0.142,1
"FAM76B",0.206197642724084,-0.190816488984715,0.138,0.164,1
"NUDT21",0.268166685634071,0.19080960973787,0.312,0.303,1
"TAF11",0.381770689791157,0.190747109277684,0.155,0.14,1
"MRPL4",0.458921027970196,0.19045030879693,0.21,0.206,1
"STRBP",0.170968439747053,-0.19039543209023,0.121,0.146,1
"ATXN10",0.578903610525265,0.190388358767167,0.223,0.222,1
"ATP9B",0.0675782290694788,-0.190374520302957,0.298,0.349,1
"GAK",0.735650651401799,0.190311436070021,0.223,0.228,1
"RNF5",0.0893709653285498,-0.190203191761137,0.254,0.303,1
"NDUFAF2",0.611930096045761,0.190143589081733,0.136,0.13,1
"PTDSS1",0.189154242770678,-0.190081202938052,0.163,0.192,1
"IMPA1",0.781070385778803,0.190075429309356,0.119,0.118,1
"GCLM",0.0307833878798028,-0.190024453819613,0.358,0.427,1
"SRRT",0.0781797692322724,-0.189937551356133,0.468,0.519,1
"SAMD3",0.000747104612230741,0.189859709042805,0.664,0.581,1
"MAP2K7",0.102792983387191,-0.189841175225735,0.136,0.168,1
"DELE1",0.0945336159619507,-0.18984070956123,0.087,0.114,1
"DDB1",0.0146354909424099,-0.18980610893247,0.345,0.419,1
"FBXL17",0.66701743350996,0.189672816213663,0.184,0.182,1
"CNOT2",0.0952443722533876,0.189656565153078,0.503,0.495,1
"UBA1",0.0828948834934942,-0.189333654347565,0.258,0.307,1
"BTN3A3",0.493720178151537,0.189245065000854,0.226,0.22,1
"SART1",0.356822789788993,0.189164274252792,0.186,0.172,1
"KAT6B",0.0357981080563105,-0.189093162920954,0.231,0.283,1
"DCAF11",0.879425728872324,0.189091107037692,0.15,0.16,1
"ORMDL1",0.19259766515338,0.18886738243107,0.364,0.349,1
"MARCHF8",0.579913584680376,-0.188855262166644,0.099,0.108,1
"FEZ1",0.174530456663791,0.188832826953814,0.103,0.082,1
"RAD23B",0.0913191842265656,-0.188755689685195,0.374,0.431,1
"WDR47",0.239912486384044,0.188688303685474,0.202,0.182,1
"BCLAF1",0.0244428194690683,0.188644010957434,0.516,0.483,1
"YTHDF3",0.288483901158832,-0.188548051107589,0.181,0.204,1
"PTPN18",0.878104330316821,0.188527738029764,0.103,0.11,1
"ARRDC1",0.224234955060832,-0.188516883695782,0.148,0.172,1
"NAAA",0.169738684870727,-0.188403052782627,0.08,0.1,1
"H1-10",0.224169294046682,-0.18838068231532,0.333,0.369,1
"ANAPC13",0.0965171265680827,-0.188367691774822,0.084,0.11,1
"MLF2",0.134273992714281,0.188366860873127,0.349,0.339,1
"ATL2",0.960022076392746,0.188324861937448,0.118,0.12,1
"ZSWIM6",0.170784943111395,0.18826208287873,0.549,0.555,1
"CARS1",0.581783559401235,0.188185526437449,0.211,0.21,1
"NSRP1",0.649673526297922,0.18817784790791,0.202,0.196,1
"BRD1",0.0827525774195652,0.188143712562372,0.382,0.359,1
"TDG",0.548785594924307,0.187956995147873,0.181,0.174,1
"PIAS2",0.167768908244922,-0.187949244295639,0.093,0.116,1
"HAGH",0.218809353198805,-0.187935627298143,0.15,0.176,1
"POLR2E",0.204409659450317,0.187852333665537,0.396,0.381,1
"HNRNPLL",0.0134242660424428,-0.18775751373526,0.603,0.655,1
"ATXN7L3B",0.166577277736007,-0.187709418720746,0.155,0.184,1
"BBS9",0.699889385136434,0.187678790051285,0.138,0.134,1
"ABR",0.347885711400032,-0.187616406183396,0.147,0.166,1
"DDX18",0.0573147533576831,0.187586619999835,0.441,0.415,1
"ARCN1",0.0484453192374584,-0.187520536853228,0.289,0.355,1
"RUNX3",0.0012286458319355,0.18747027522212,0.848,0.834,1
"UAP1",0.387792515308125,0.187439506104383,0.224,0.21,1
"SYS1",0.902404651495636,0.18743071962775,0.17,0.176,1
"SNHG32",0.0608522392252942,-0.187414439208439,0.245,0.293,1
"GLRX5",0.328248095167181,0.187392435897059,0.298,0.299,1
"ISYNA1",0.230221074098346,-0.187384123909631,0.091,0.11,1
"TCF20",0.260290502409948,-0.187235441103224,0.108,0.128,1
"FKBP15",0.736854677273051,0.187209366065389,0.116,0.112,1
"CYB5R3",0.0198370070001498,-0.187098964065251,0.278,0.345,1
"SCRN2",0.159014665023231,-0.187094317113568,0.087,0.11,1
"EXOC8",0.508723009109284,0.18707275607869,0.115,0.108,1
"MRPL57",0.0978467587016569,-0.187057335568563,0.384,0.439,1
"EBNA1BP2",0.616696117573507,0.187003506643798,0.14,0.136,1
"OGFOD1",0.926874566322524,0.186791236712258,0.156,0.164,1
"RAPGEF1",0.306116497822096,0.186506211599389,0.349,0.345,1
"TBC1D5",0.313763795367614,-0.186309554522788,0.173,0.194,1
"ESF1",0.21525530627061,-0.186223940509817,0.156,0.18,1
"SLC25A26",0.0397780920719594,-0.186212735361796,0.239,0.295,1
"TOR1B",0.496026732112311,0.186194760677177,0.133,0.124,1
"TOGARAM1",0.141426067749437,-0.186089439594401,0.142,0.172,1
"LETM1",0.56846000281242,0.186068481689486,0.131,0.124,1
"RRAGC",0.0327185685068902,-0.18603924324293,0.175,0.224,1
"CNIH2",0.173395464168248,-0.185969221158018,0.137,0.162,1
"RNF166",0.156437156879463,0.185654042838962,0.445,0.443,1
"ATRN",0.101686483396765,-0.185579150966831,0.086,0.112,1
"GBP4",0.302241578044742,0.185562701439053,0.283,0.273,1
"RASA2",0.0765648180758775,0.185526572497153,0.489,0.469,1
"ZMYM4",0.0742248169770209,-0.185465475508782,0.115,0.148,1
"STK39",0.362028663360081,0.185429749886459,0.227,0.216,1
"DCAF6",0.0918520550039935,-0.185402177100954,0.137,0.17,1
"STX6",0.19581056098701,-0.18538324903371,0.111,0.134,1
"SDHAP1",0.0918439993843107,-0.185363250513204,0.198,0.238,1
"GAB2",0.750848769209228,0.185259142475169,0.127,0.138,1
"IARS1",0.0508712098252584,-0.185130438263127,0.173,0.218,1
"PFDN4",0.115204612801272,-0.185063557555609,0.171,0.206,1
"TMEM109",0.745474445911709,0.184899132679025,0.201,0.204,1
"SP110",0.148112548952024,0.184796182971562,0.35,0.333,1
"DYNC2I1",0.587059909324566,0.184784348490802,0.135,0.13,1
"NCBP2AS2",0.467840986399965,0.18474816106796,0.181,0.17,1
"TRAK2",0.217816903304502,-0.184677849772335,0.182,0.212,1
"LLGL2",0.52929672943678,0.18455531521583,0.151,0.144,1
"OSBPL9",0.342173718754154,0.184509047476424,0.24,0.232,1
"PIN1",0.145785351835691,-0.184507603854174,0.215,0.253,1
"GCHFR",0.317846124035381,-0.18446252118985,0.242,0.267,1
"SPTLC2",0.199827722679899,0.184399994335942,0.21,0.188,1
"ODC1",0.111827719083324,-0.184302852460698,0.517,0.555,1
"PHPT1",0.143422214158534,-0.18427840484189,0.105,0.13,1
"ING5",0.272604675848394,-0.184265743445548,0.083,0.1,1
"ATP5MC3",0.0303272907582764,-0.184195555583317,0.649,0.695,1
"RRP12",0.282579730930734,-0.184127160593953,0.115,0.136,1
"TMEM147",0.711807364441799,0.184107046589323,0.168,0.166,1
"TRAPPC10",0.198759490124873,0.184055705422579,0.518,0.525,1
"LYST",0.0122150503333505,-0.184002717153964,0.727,0.776,1
"GPATCH11",0.463559038719652,0.183918302598506,0.113,0.104,1
"MICOS13",0.160009536713091,0.183840524456229,0.283,0.257,1
"DYM",0.316063411826904,0.183722692069601,0.337,0.339,1
"RCHY1",0.0737487061591786,-0.183700147494971,0.16,0.2,1
"PPP3R1",0.414165403928085,0.183672684055796,0.343,0.341,1
"UFD1",0.451113615004102,0.183515586494896,0.29,0.293,1
"SNRPA",0.418672247014923,0.183306225189278,0.192,0.178,1
"GMDS",0.0793920533330552,-0.183306195806354,0.231,0.275,1
"PPP2R1A",0.0267449904217534,-0.183267887518387,0.469,0.541,1
"GTF3C1",0.599936592333946,0.183254531658071,0.319,0.329,1
"FBXL20",0.10607307614963,-0.183192462270317,0.237,0.281,1
"TMEM134",0.475639443021112,0.183162643079756,0.119,0.11,1
"AVL9",0.729690735341883,0.183120915624745,0.154,0.154,1
"SSH1",0.728922833844215,0.18299364682488,0.195,0.198,1
"TSC22D1",0.184777385812306,-0.182986008319302,0.133,0.158,1
"TARS1",0.387564598487084,0.182853185717772,0.235,0.226,1
"USP22",0.552584538372159,0.182834619204352,0.286,0.289,1
"SLC3A2",0.0131116082423176,-0.18281169983214,0.723,0.78,1
"NCKAP1L",0.220140016561996,0.182628452018164,0.335,0.313,1
"MLX",0.583850717585632,0.1826058258407,0.193,0.188,1
"RPS6KA5",0.272403093177631,-0.182540596212459,0.11,0.128,1
"RRM1",0.543072396885417,0.182484390203572,0.18,0.174,1
"FOXK2",0.310581890581409,-0.182355350503027,0.172,0.194,1
"TP53BP1",0.657424985458843,0.182349589863384,0.224,0.226,1
"SPPL2A",0.34761263174718,0.182277530039064,0.333,0.323,1
"DUSP5",0.381524907595392,0.182166530114501,0.196,0.182,1
"NELL2",0.0073147339298321,-0.182120087157367,0.188,0.251,1
"AREL1",0.0658328127366074,-0.18208448358532,0.12,0.156,1
"YBX3",0.00407428610068382,-0.181843565021908,0.618,0.693,1
"SURF2",0.363773390964365,-0.181818740286926,0.267,0.293,1
"DNM2",0.101466929150052,-0.181813004357329,0.364,0.409,1
"SRSF6",0.161461161227026,-0.181788442354945,0.215,0.248,1
"MCL1",0.00457453075345419,-0.181735980116977,0.861,0.894,1
"ANKRD37",0.392173897590517,-0.181710858072003,0.089,0.102,1
"ZHX1",0.73169143914634,0.181648488670809,0.116,0.112,1
"USF2",0.729697576204837,0.181500575450256,0.116,0.112,1
"GOLGA2",0.992914005851444,0.181499499524314,0.129,0.134,1
"CYTIP",0.0381272071046972,-0.181468669524703,0.784,0.818,1
"NBR1",0.853322366518209,0.181391121965005,0.233,0.242,1
"MAIP1",0.127981940437647,-0.181266781783951,0.08,0.104,1
"PPP3CA",0.268212520424678,0.181181339840614,0.377,0.377,1
"NEDD9",0.113058861082952,-0.181128373134101,0.214,0.253,1
"YIF1A",0.949144926100298,0.181028307478935,0.112,0.116,1
"VDAC3",0.326680082484285,0.180979105420237,0.295,0.291,1
"MBNL2",0.168298799786351,0.180903705828672,0.256,0.232,1
"NDUFB6",0.19647295307249,0.180900057394006,0.342,0.325,1
"VPS39",0.179739777479671,-0.180882259178013,0.15,0.178,1
"UBALD1",0.990323215576773,0.180808436755697,0.125,0.128,1
"LCOR",0.326392948899251,0.18072452181606,0.278,0.265,1
"VSIR",0.87206615859628,0.180702383967412,0.194,0.198,1
"UTRN",0.168794565157542,0.180629140362639,0.429,0.413,1
"GNL3L",0.787986988018893,0.180539310747578,0.111,0.11,1
"MLLT6",0.175395544907724,-0.18051018966652,0.139,0.166,1
"G6PD",0.293226146089895,-0.180468855735586,0.218,0.244,1
"ARAF",0.116256366188966,-0.180451614834568,0.202,0.244,1
"BANP",0.199388345663807,-0.180263570510629,0.214,0.248,1
"ARHGAP17",0.35209654396576,0.180253941163011,0.224,0.21,1
"ASXL2",0.381826435424697,-0.180070321719529,0.253,0.277,1
"NRBP1",0.0214772988604538,-0.180064302129278,0.382,0.463,1
"EFCAB14",0.0523480502619823,-0.180039389139068,0.291,0.347,1
"NUP58",0.229101692023925,0.1799253733934,0.252,0.236,1
"TIAL1",0.497084494544989,0.179905443037069,0.322,0.329,1
"OSBPL7",0.125375739311051,-0.179791139362417,0.26,0.305,1
"CMPK1",0.133557637548313,-0.179790628801702,0.391,0.443,1
"CEBPB",0.729829680309598,0.179761039335456,0.213,0.216,1
"METTL23",0.31943268438612,-0.179746141767225,0.242,0.265,1
"UBQLN1",0.105907865716331,-0.179615036826166,0.281,0.327,1
"HPRT1",0.772128385769494,0.179583514437907,0.203,0.208,1
"C12orf75",0.0372027127308124,0.179448412734931,0.556,0.529,1
"STK19",0.33087507560335,-0.179398894306793,0.095,0.11,1
"MANF",0.517977637909641,0.179319443686318,0.334,0.341,1
"SPIDR",0.440976386214508,0.179125757816525,0.248,0.24,1
"HCFC1R1",0.144262752327504,-0.179105426435985,0.116,0.142,1
"USP11",0.0277440940194311,-0.178950759828788,0.363,0.429,1
"MRPL28",0.881417311272637,0.178897125895942,0.151,0.154,1
"ARRDC2",0.484966048479344,0.178873613994079,0.207,0.202,1
"PYHIN1",0.332058812758521,0.1787767235678,0.369,0.361,1
"MCM9",0.845476174262776,0.178670261428343,0.149,0.152,1
"MAPK8",0.0906536434722881,-0.178649333497078,0.359,0.405,1
"POGLUT1",0.390879341317158,0.178602078429457,0.152,0.138,1
"PDZD8",0.274660206838909,0.178503242754539,0.266,0.246,1
"TSR1",0.144883734114611,-0.178363441599942,0.116,0.142,1
"SYTL1",0.185564729024982,0.178346833904325,0.164,0.14,1
"PCNX2",0.625908678985608,0.178344924973351,0.206,0.208,1
"AKR1B1",0.0861200466836671,-0.178277084280206,0.222,0.271,1
"FTX",0.280362664493033,-0.178254038578509,0.278,0.309,1
"TOMM40",0.919285259852079,0.178191220073362,0.113,0.116,1
"CARD11",0.243719859901705,0.178022773439262,0.297,0.287,1
"CUL1",0.0288576134492044,-0.177917708841044,0.261,0.329,1
"WDTC1",0.380293272136995,-0.177902708334586,0.127,0.142,1
"ITGAL",0.156633385642632,0.177811059793414,0.4,0.381,1
"BLTP2",0.808280885511384,0.177811026822854,0.161,0.162,1
"SLC39A9",0.112657386000308,-0.177713882804541,0.092,0.118,1
"UBR1",0.144094860155513,0.177678055130483,0.33,0.309,1
"MOSMO",0.717624572124734,0.177611976972909,0.158,0.156,1
"MARCHF6",0.0734690554858084,-0.177489562382153,0.275,0.327,1
"SMC4",0.124973091893833,-0.177463409631332,0.233,0.275,1
"ANKRD11",0.109363550303014,0.17734435918424,0.516,0.515,1
"TRIM59",0.767366541308584,0.177271048579887,0.135,0.134,1
"CRY2",0.381515289910016,-0.177230370046195,0.098,0.112,1
"FLII",0.150068957208713,-0.177210940981326,0.194,0.226,1
"CLP1",0.170115515901051,-0.177147394778684,0.092,0.114,1
"IRF9",0.0604336924588488,-0.177055016975801,0.302,0.359,1
"ZNF428",0.745346817028905,0.176992626257392,0.191,0.194,1
"UTP23",0.672494637781111,0.17697442294615,0.161,0.158,1
"FBXO7",0.0379299240571218,0.176839817249277,0.497,0.467,1
"PPP4R3B",0.0573420067761595,-0.176809666044415,0.338,0.399,1
"ATP11C",0.634203820419914,0.176788502801747,0.112,0.106,1
"AGO4",0.478107207749162,0.176783283534324,0.119,0.11,1
"BRD8",0.738624553552097,0.176772694693396,0.153,0.152,1
"FBXO3",0.399591706312248,0.176772015205499,0.213,0.2,1
"ERICH1",0.249129044411079,-0.176762728127342,0.256,0.285,1
"PMM2",0.108275882519062,-0.176695572064281,0.129,0.16,1
"GPATCH8",0.265663379285354,0.176515518318181,0.445,0.459,1
"CD44",6.91919180859362e-05,-0.176512306019709,0.961,0.968,1
"TRGV2",0.809714092327393,0.176508173254187,0.127,0.124,1
"CBFB",0.386578712003029,0.176474917462523,0.271,0.263,1
"CARD8",0.335059170387083,0.176409247729866,0.205,0.19,1
"RESF1",0.0848584585621324,0.176382531478339,0.585,0.569,1
"TM9SF4",0.100900711468648,-0.176349287860232,0.139,0.172,1
"ZNF280D",0.13252084528612,-0.176337667305006,0.093,0.118,1
"C1QBP",0.0573627563895686,-0.176258502931125,0.359,0.419,1
"XPA",0.904227335067673,0.17622706874632,0.154,0.156,1
"ERGIC1",0.13717977369604,-0.176163771249332,0.12,0.148,1
"SLC16A3",0.11122648776788,-0.176114364486152,0.15,0.182,1
"LEMD2",0.179320042180397,-0.176003238867823,0.081,0.102,1
"RWDD4",0.500444262605043,0.17594582818996,0.185,0.178,1
"CAPNS1",0.675362081481666,0.175901472411001,0.268,0.275,1
"IL27RA",0.369105960820112,-0.17575771457621,0.229,0.251,1
"MZT2B",0.00338671462045204,-0.175663072747373,0.652,0.711,1
"KATNBL1",0.176653273363824,-0.175394512543754,0.208,0.242,1
"CMC1",0.000676127465058327,0.175377131113183,0.719,0.635,1
"LMBR1L",0.406823341454678,0.174918938373069,0.165,0.152,1
"TRAPPC8",0.162033819972026,-0.174885289580706,0.164,0.196,1
"EOMES",0.0280966485961102,0.174881526353783,0.522,0.475,1
"TRPT1",0.941830291303328,0.17480636553893,0.121,0.124,1
"PLSCR3",0.900975178782945,0.174775024150477,0.123,0.13,1
"PDAP1",0.471004030228223,0.174746491447388,0.249,0.246,1
"RUFY1",0.80268833358081,0.17469462655989,0.162,0.164,1
"NIFK",0.0478335166668986,-0.174677464057261,0.253,0.307,1
"LGALS8",0.222091055994208,-0.174617803962763,0.175,0.2,1
"UQCC2",0.0435029345872961,-0.174611085366861,0.101,0.136,1
"RASGRP2",0.492523480991991,0.174431255498734,0.162,0.154,1
"PLEKHA1",0.252879555463048,0.174397437713923,0.163,0.142,1
"CCDC22",0.791673415168697,0.174327134225689,0.105,0.104,1
"PTPN2",0.0842772359042629,-0.174305919240917,0.298,0.345,1
"ZNF44",0.443343789505367,0.174247431504462,0.105,0.094,1
"KIAA1671",0.663958307365716,0.174209454517941,0.105,0.1,1
"SIPA1",0.0864480884427311,0.173938212250055,0.463,0.441,1
"GOLPH3L",0.200379229913899,-0.173849987566593,0.086,0.106,1
"SUPT4H1",0.0641954631202795,-0.173844397188399,0.496,0.553,1
"PPA1",0.181862762198394,-0.173746579288257,0.319,0.361,1
"PTPRCAP",0.000827552315442271,0.17360511915351,0.879,0.858,1
"RNF41",0.669681192722347,0.173504952778593,0.186,0.186,1
"DPH1",0.880383157241162,0.173492771599839,0.194,0.204,1
"TFDP2",0.491242551550236,0.173468343334993,0.232,0.222,1
"DIP2A",0.388210393503582,0.173453877099277,0.312,0.301,1
"PURA",0.168425607953561,0.173357058842658,0.338,0.319,1
"ARHGEF7",0.129876565007695,-0.173204464051916,0.281,0.323,1
"MSL1",0.399238730230303,-0.17319293112246,0.109,0.122,1
"MAPK8IP3",0.121661293338286,-0.173070147489224,0.141,0.174,1
"IPO7",0.0347514736790671,-0.173044663861551,0.337,0.407,1
"GLIPR1",0.106314923494894,-0.173005407439462,0.423,0.475,1
"GTF3C5",0.791194605599855,0.172889409254955,0.123,0.122,1
"HIBADH",0.194773890810929,-0.172856180359173,0.093,0.114,1
"TRAM1",0.0181558090616982,0.172794058038006,0.565,0.541,1
"SELENOO",0.342166766370097,0.17277519172938,0.199,0.184,1
"PDE8A",0.0861020042065048,-0.172772602752945,0.084,0.112,1
"HIBCH",0.208113385620427,-0.172697460578199,0.129,0.156,1
"AP1M1",0.0748232290575751,-0.172677278167877,0.251,0.301,1
"EMC7",0.0206350791514092,-0.172624854793491,0.435,0.511,1
"GABPB1",0.313888261999597,-0.172212776812311,0.175,0.196,1
"OTUD5",0.371592972437856,0.172209607305546,0.259,0.251,1
"TBL3",0.375085060705629,-0.172200809666499,0.126,0.142,1
"LPIN1",0.407541038314921,0.172082565738002,0.151,0.138,1
"ANAPC4",0.845187177109948,0.172070273246139,0.131,0.14,1
"SDF2L1",0.725863337244943,0.172056025300047,0.152,0.15,1
"AFF4",0.00594368567630795,-0.171975803670828,0.334,0.423,1
"ARF3",0.281632400186107,0.171969502326184,0.25,0.238,1
"ACBD6",0.929815406238352,0.171951437021908,0.171,0.18,1
"GAR1",0.161275953569306,-0.171943457569905,0.12,0.146,1
"ENSG00000278996",0.444216059492994,-0.171913097180858,0.891,0.914,1
"ZNF91",0.877050341776973,0.171815468830733,0.166,0.17,1
"CENPF",0.529182350236884,0.171728434619521,0.232,0.226,1
"MTG2",0.191477907959388,-0.171715229392754,0.094,0.116,1
"TPRG1",0.132652813651391,-0.171666338679419,0.151,0.182,1
"CD84",0.449085569492237,-0.171546895159814,0.146,0.16,1
"SKI",0.151093675061732,0.171468749005798,0.29,0.261,1
"TADA2B",0.49256566300283,0.171182155232077,0.116,0.106,1
"PHF12",0.127392129177933,-0.171155377084363,0.203,0.246,1
"POLR2B",0.605461299256729,0.171132974700513,0.299,0.305,1
"PTPMT1",0.760480638038289,0.171081671843586,0.16,0.16,1
"CLIP1",0.694254984284143,0.171066996848908,0.18,0.18,1
"UBE2J2",0.809962189843376,0.171065522797266,0.193,0.196,1
"SHISA5",0.637844370031871,0.171044471507417,0.298,0.305,1
"SP140",0.027351164645999,0.171028221189089,0.404,0.357,1
"ERCC3",0.491094920928483,0.1709637076629,0.135,0.126,1
"ADA",0.166885906175092,-0.170800781343534,0.196,0.228,1
"PSMD9",0.00873777806866296,-0.170727356722318,0.388,0.467,1
"SLMAP",0.264466441304605,0.170644240752213,0.304,0.295,1
"VPS16",0.0496849665358621,-0.170574299466425,0.087,0.118,1
"SEC24B",0.119479014675145,-0.170566705955879,0.299,0.345,1
"VPS4B",0.107106646328264,0.17050954723844,0.44,0.419,1
"DDX46",0.0930166571135741,0.170467727039525,0.425,0.403,1
"HERPUD1",0.15945689616037,-0.170436702598239,0.455,0.499,1
"EYA3",0.0667776922292111,-0.170358984304053,0.14,0.176,1
"HELB",0.188620638795041,-0.170317711294586,0.124,0.15,1
"ACYP2",0.876894027558839,0.17021435625533,0.15,0.16,1
"ZNF460",0.262154178882403,-0.170072606702624,0.133,0.154,1
"COG3",0.662310647530255,0.170070663800857,0.201,0.202,1
"BANF1",0.0731553294642245,-0.16995183161522,0.236,0.289,1
"DDX41",0.0706471028968721,-0.169890425337281,0.102,0.134,1
"ANKRD13C",0.920268220759576,0.169850485818551,0.17,0.176,1
"SEC11A",0.134668339310896,-0.169749834517296,0.369,0.425,1
"POLR1H",0.741553608199214,0.169698325861816,0.332,0.353,1
"SOS2",0.304482632211378,-0.169676414964057,0.337,0.365,1
"SF3B3",0.52947411585957,0.169662969874825,0.312,0.321,1
"CCDC186",0.2768520968676,0.169479328493472,0.335,0.331,1
"PITPNC1",0.00397999495313811,-0.169310736423545,0.814,0.862,1
"SUCLG2",0.610501296955163,0.169257321268274,0.12,0.114,1
"HELQ",0.641726248623926,0.169104904628216,0.134,0.13,1
"PPP6R2",0.132346586748186,-0.169080829529986,0.238,0.279,1
"RRP7A",0.144949588177667,-0.16906800224723,0.254,0.293,1
"YBX1",0.00318481264667553,-0.16903865715567,0.924,0.944,1
"STK38",0.0495694011722517,0.168987864628626,0.537,0.503,1
"RORA-AS1",0.110031639118495,0.168980222736216,0.231,0.2,1
"ENSG00000290832",0.109126326865456,-0.168976750929145,0.198,0.242,1
"PARVG",0.192132417792517,-0.168956536067449,0.154,0.18,1
"DNAJC2",0.651416724987642,0.168829709491755,0.275,0.281,1
"BNIP3L",0.345611402538566,0.168820171823819,0.332,0.329,1
"GFPT1",0.173580826221406,0.168799733054951,0.294,0.273,1
"TAP2",0.494854652002685,0.168784270596742,0.314,0.321,1
"MLXIP",0.96287615685191,0.168762613550892,0.115,0.118,1
"CD46",0.33550235439579,0.168584673039403,0.372,0.371,1
"MTCH2",0.0704936452641403,-0.1685600670684,0.276,0.327,1
"MTHFD2",0.0800468449805146,-0.168556395459132,0.258,0.305,1
"TXNDC17",0.247186486954671,-0.168551095132565,0.268,0.297,1
"DHX9",0.0820309939884555,0.168500663043184,0.446,0.415,1
"DGKZ",0.448442739088691,0.168493548513068,0.275,0.269,1
"SNX18",0.594509547056226,0.168490348399282,0.109,0.102,1
"OBI1",0.345115154055144,-0.168483850130244,0.126,0.142,1
"MXI1",0.553967241930416,0.168340706052286,0.133,0.124,1
"ITPK1",0.217713953444149,-0.168297874017163,0.092,0.112,1
"BRAT1",0.554075802423223,0.168272226896604,0.141,0.134,1
"CFAP298",0.575949402815458,0.168229915559951,0.271,0.275,1
"POGK",0.169351410131632,-0.168137645148968,0.142,0.172,1
"LYSMD3",0.0561554034198526,-0.168131745430713,0.149,0.188,1
"PREP",0.496985171303704,0.167955237211966,0.256,0.253,1
"U2AF2",0.599820646939673,0.167856393957029,0.266,0.265,1
"NISCH",0.670267565427397,0.167788090315176,0.122,0.118,1
"FBXO28",0.552408448908002,0.167738282572546,0.168,0.162,1
"RHOT1",0.636230186905657,0.16772092043265,0.111,0.106,1
"MRPS35",0.0649673800083532,-0.167712516272662,0.178,0.222,1
"APMAP",0.0141228981726243,0.167683102047317,0.731,0.709,1
"DHX40",0.504465508479633,0.167559960367405,0.164,0.154,1
"NPRL2",0.732961755407401,0.167555072516771,0.105,0.102,1
"NAA50",0.0763139244764007,-0.167542164874055,0.606,0.657,1
"ARNT",0.965720930663342,0.167448804659247,0.123,0.128,1
"PCED1B",0.0255317254205861,0.167417094201905,0.518,0.483,1
"EIF3I",0.0536412882658355,-0.167370847041833,0.42,0.481,1
"PBRM1",0.21744527763205,0.167287316309574,0.35,0.341,1
"RNF139",0.222631253779262,-0.167286700426744,0.136,0.16,1
"CALCOCO1",0.430627658933664,0.167213804582683,0.177,0.166,1
"CLPX",0.0995364624979349,-0.167211197630416,0.172,0.21,1
"COA6",0.361122732368647,-0.167135494438675,0.136,0.154,1
"ZFP36",0.0231699506930195,-0.16706907948609,0.961,0.976,1
"RAB39B",0.446498528940997,0.167006330212809,0.119,0.108,1
"RHOB",0.765087153456007,0.166947478952713,0.205,0.216,1
"RCE1",0.372208929036793,0.166896797682319,0.184,0.168,1
"HSPA13",0.218858217040276,-0.166842932943983,0.172,0.198,1
"FBRSL1",0.575641060626584,0.166768351739501,0.176,0.17,1
"CHCHD7",0.186653818302723,-0.166750166262772,0.163,0.192,1
"NME3",0.678758718460528,0.166630208499742,0.153,0.148,1
"ATP13A3",0.0684882721376974,-0.166598081187151,0.177,0.22,1
"TRIM25",0.127263635062428,-0.166549279767927,0.091,0.116,1
"GABARAPL2",0.151279201745993,-0.166472502222821,0.463,0.505,1
"RELL1",0.625434009546348,0.166300078460186,0.148,0.142,1
"IKBKG",0.62632349665309,0.166285659709616,0.158,0.154,1
"ANAPC16",0.422279164821641,0.166153664473255,0.373,0.369,1
"RAP2B",0.0372740592605757,0.166126222160829,0.415,0.385,1
"TRIM44",0.944600329394408,0.165963723469635,0.175,0.182,1
"GYG1",0.138286209366209,-0.165907178126613,0.387,0.427,1
"CCDC107",0.565520182660614,0.165885063766425,0.201,0.196,1
"CDK10",0.356297303675501,-0.165851647392811,0.098,0.114,1
"STMN3",0.647566621341508,0.16584328269404,0.13,0.124,1
"DPY19L1",0.461941162359823,-0.165833895515027,0.123,0.134,1
"KDM5D",0.862324147415899,0.16575771938046,0.112,0.112,1
"TCEA1",0.179623732869307,0.165707013864721,0.492,0.487,1
"STX16",0.78569332929865,0.165669739671513,0.109,0.108,1
"CRY1",0.756798751177413,0.16564845165056,0.182,0.18,1
"PROSER1",0.246219869899388,-0.16562313124467,0.088,0.106,1
"CASP2",0.844279148050864,0.165619806729781,0.103,0.102,1
"SKP1",0.000136522016290274,-0.165498904047349,0.942,0.976,1
"TXNRD1",0.61439729879204,0.165485390133058,0.223,0.222,1
"MAP2K4",0.639914216477699,0.16542961055279,0.263,0.265,1
"RALBP1",0.0616562589115517,-0.165425395408207,0.329,0.391,1
"MCFD2",0.18279773527035,-0.165375562829752,0.099,0.122,1
"EIF2S1",0.091409891012374,-0.165362898240069,0.264,0.311,1
"GAS5",0.00480694524486792,-0.165292621828461,0.74,0.82,1
"CHP1",0.102092106763138,-0.165176827428832,0.155,0.19,1
"SNHG16",0.15366722851606,-0.165080385120148,0.497,0.543,1
"ELK4",0.150036006262904,-0.164927169342262,0.188,0.224,1
"PEX14",0.183262154243707,-0.164863766152108,0.193,0.224,1
"INTS13",0.218564377989464,-0.164795783018124,0.09,0.11,1
"MAP3K1",0.255560804857693,0.164530752970858,0.126,0.108,1
"FLOT2",0.506765615992281,0.164526810179769,0.123,0.114,1
"RAB14",0.0971012911801368,0.164438972775433,0.416,0.395,1
"TIMM10",0.729877328599417,0.164426373747751,0.195,0.198,1
"SLK",0.745753789582106,0.164392647756907,0.276,0.285,1
"CHST7",0.13752760585117,-0.164331364900315,0.195,0.232,1
"STMN1",0.123450074217091,-0.164304704446822,0.305,0.351,1
"COMMD2",0.192913038493427,-0.164218244554035,0.178,0.212,1
"ZNF721",0.511740771417614,0.164211130767762,0.226,0.224,1
"MFF",0.0398984197128351,-0.164196542278985,0.198,0.255,1
"ZNF100",0.489187308952409,0.164150707837637,0.13,0.12,1
"HTT",0.667891128005113,0.164129324311655,0.159,0.158,1
"KDM2A",0.0370841263224043,0.164076317788536,0.496,0.475,1
"STX8",0.474878983633463,-0.163666765318065,0.107,0.12,1
"IKBIP",0.221163315622248,-0.163600889244348,0.111,0.134,1
"EEIG2",0.051291050272407,-0.16353714954183,0.611,0.641,1
"FDPS",0.385418596981328,0.163511087467469,0.209,0.194,1
"ABCE1",0.0995408854148259,-0.163404967046403,0.188,0.228,1
"SLC20A1",0.340132450016072,0.163397483360819,0.281,0.275,1
"PLEKHF2",0.106601823012428,-0.163338543124805,0.126,0.156,1
"ICAM3",0.140059064737688,0.16323590297356,0.513,0.515,1
"RALGAPB",0.665704203416525,0.163154066683573,0.245,0.246,1
"IFI6",0.271271398411096,-0.163073340400428,0.221,0.255,1
"HSPB1",0.488977433723078,0.163044998892542,0.176,0.164,1
"PHKG2",0.692852288710431,0.162988819441457,0.133,0.128,1
"SDHC",0.435074886535898,0.162958367414187,0.259,0.251,1
"ERH",0.0678631384548932,-0.162920837161387,0.54,0.601,1
"PTRH2",0.861801280505087,0.162919431151856,0.095,0.1,1
"CPSF3",0.84975646925156,0.162826066920717,0.103,0.102,1
"MRFAP1",0.0913890553842241,-0.162810054874472,0.403,0.465,1
"EPB41",0.27530450270034,0.16278435563314,0.482,0.497,1
"GPR89B",0.57195283225245,0.162728396304438,0.178,0.172,1
"EID2",0.945247315195958,0.162724925767176,0.127,0.13,1
"EIF2AK2",0.693316723958688,0.162711093149626,0.185,0.182,1
"RDH14",0.713286836594383,0.162700884087785,0.13,0.128,1
"CD3G",0.060309604140728,0.162676011004944,0.635,0.613,1
"AP1S2",0.0502619680846341,-0.162519861879999,0.137,0.178,1
"KLC1",0.42844253996066,0.162435112355469,0.208,0.194,1
"YTHDF1",0.120269311383672,-0.162251599108225,0.18,0.22,1
"SEC63",0.538321104139899,0.162249553782783,0.232,0.224,1
"GTF2A1",0.0792997242578795,-0.162221914968788,0.197,0.242,1
"STX7",0.333132176017458,-0.162172726990117,0.118,0.136,1
"GPR132",0.0475670196612695,-0.162099518327697,0.413,0.473,1
"TRGV10",0.345942140360213,0.162087854720912,0.215,0.196,1
"RABGAP1",0.144126027749838,-0.162050381746767,0.247,0.289,1
"CNPPD1",0.178559528127793,0.162044980863758,0.433,0.427,1
"SAFB",0.675065429182061,0.162020243154073,0.282,0.295,1
"SAMD8",0.995933259675326,0.162004740553209,0.105,0.108,1
"TSSC4",0.318793662355893,0.162001188985583,0.28,0.269,1
"CWC27",0.0849586045024972,-0.161895556401501,0.149,0.186,1
"TNFAIP3",0.0222695556415096,-0.161875326895883,0.928,0.938,1
"FBXL6",0.963846163459847,0.161797615221105,0.135,0.14,1
"ERP44",0.113410527270537,-0.161796302134335,0.361,0.413,1
"ENSG00000290833",0.25103666444549,-0.161730400572527,0.155,0.178,1
"DENND4B",0.975167367608102,0.161727842292583,0.101,0.104,1
"TARS3",0.397299209764756,0.161727024691058,0.197,0.184,1
"PRPF19",0.126166300617805,-0.16164354032873,0.208,0.246,1
"CFAP210",0.226697730106965,-0.161620127267092,0.182,0.21,1
"AHI1",0.378819328236719,0.161573097962692,0.32,0.313,1
"ATP5PO",0.0804120420957908,-0.161515149972597,0.552,0.613,1
"SLC35A3",0.0876924448738774,-0.161486211592844,0.117,0.148,1
"TIMM22",0.350731310363022,0.16147195364893,0.132,0.118,1
"TNRC6B",0.0936236487514113,0.16145147004631,0.536,0.525,1
"ZBTB1",0.144154120404302,0.161444521990265,0.537,0.537,1
"DTNBP1",0.175574925459595,-0.161376389169915,0.115,0.14,1
"FBXO8",0.287137438870823,-0.161238849357604,0.09,0.106,1
"THUMPD1",0.423390533340402,0.161094343366431,0.264,0.259,1
"MED6",0.528632359747897,0.161080248529325,0.175,0.168,1
"PBX4",0.0628281053566599,-0.161065335658485,0.41,0.455,1
"PDCL3",0.0343957130110367,-0.161055554552345,0.275,0.331,1
"HDDC2",0.818586274211324,0.161001378971044,0.147,0.148,1
"GSE1",0.843920810222156,0.160949915484819,0.173,0.184,1
"HSPA4",0.0266066655938644,-0.160845565311018,0.275,0.347,1
"CPNE1",0.472222443917126,0.160492851505098,0.364,0.373,1
"GPR137",0.557221984624931,0.160444072102432,0.101,0.114,1
"CCAR1",0.443231562252309,0.16031309473625,0.313,0.309,1
"SLC16A7",0.446537155704674,0.160163240308419,0.107,0.096,1
"APPL2",0.601753520110641,0.160045360561429,0.159,0.154,1
"SS18",0.0593936494456632,-0.159996818273343,0.28,0.341,1
"BCOR",0.211029583205849,0.15993461046923,0.316,0.293,1
"MRGBP",0.146292606883687,-0.159932722465295,0.092,0.116,1
"SMURF1",0.21850283744563,-0.159918291809365,0.131,0.156,1
"MADD",0.463231231680361,0.159904784085332,0.205,0.196,1
"PLEKHJ1",0.817638311720149,0.159878821555954,0.192,0.196,1
"FOS",0.113548197886939,-0.159875036750069,0.146,0.176,1
"IFRD2",0.493287628294568,-0.159846286127632,0.107,0.12,1
"CDR2",0.142524424154708,-0.15983715288077,0.152,0.182,1
"RSRC1",0.757424081061361,0.159791998534522,0.174,0.174,1
"RBM38",0.156823600044814,0.159752849681976,0.564,0.555,1
"NUDCD2",0.906512045403869,0.159740977976038,0.141,0.144,1
"FMR1",0.945608737842105,0.159675846245765,0.166,0.176,1
"COMMD9",0.796332058475536,0.159549887654735,0.108,0.106,1
"RAB2B",0.362816385729174,0.159529048937681,0.105,0.092,1
"SIMC1",0.841521630388523,0.159512078924906,0.133,0.142,1
"RBMXL1",0.239752297041143,-0.15950242890943,0.082,0.1,1
"CD2",0.0498128132473893,0.159393503482137,0.82,0.824,1
"KHNYN",0.815916462133382,0.159363503290968,0.126,0.136,1
"CLPP",0.644905596977154,0.159348396397762,0.217,0.214,1
"H1-3",0.476114320478372,-0.159177922777416,0.279,0.299,1
"PATL2",0.250884655127572,-0.159078995018447,0.166,0.186,1
"TTI1",0.20184854198909,-0.159064513123952,0.091,0.112,1
"B4GALT3",0.576958851440289,0.159040311285913,0.164,0.158,1
"SLC9A8",0.241224652896134,-0.159025211179432,0.132,0.154,1
"KLRC4",0.0835594542797484,0.159022403948632,0.368,0.325,1
"MRPS6",0.132720249451973,-0.159009413684615,0.442,0.487,1
"HMGCR",0.0998423797910268,-0.158993793887699,0.127,0.16,1
"GADD45GIP1",0.183294774819169,0.158905347901088,0.402,0.385,1
"ST3GAL5",0.36935495196314,0.158861704974036,0.357,0.351,1
"CD3E",0.0064673197667575,0.158843374039897,0.883,0.886,1
"TRIM11",0.766153950852284,-0.158737803387178,0.116,0.12,1
"RNF113A",0.693750164973208,0.15871793994994,0.167,0.166,1
"STXBP5",0.938236367319975,0.158641347691129,0.131,0.134,1
"KCTD10",0.210934784958962,-0.158597331387823,0.11,0.132,1
"STMP1",0.666137745095323,0.158478193485166,0.218,0.22,1
"KDM6A",0.423520991295308,0.15845271413973,0.331,0.329,1
"DYNC1I2",0.0578449250507694,-0.158451329636725,0.175,0.218,1
"H2AX",0.197007836352486,-0.158376969432209,0.22,0.248,1
"GSTO1",0.165194905681718,-0.158325454930278,0.33,0.377,1
"SNRPC",0.0560505258907643,-0.158239565448217,0.319,0.393,1
"MCM7",0.242717999724206,0.158190941310206,0.154,0.136,1
"PPIP5K2",0.561176564605369,0.158124042157525,0.146,0.14,1
"JAK2",0.162685819859653,-0.158073096685809,0.146,0.172,1
"MAZ",0.181285489093178,0.157988154900825,0.501,0.491,1
"FAM177A1",0.00741524186156002,-0.157927779384694,0.849,0.896,1
"IL17RA",0.803004411035942,0.157923679556843,0.122,0.12,1
"PHRF1",0.905893392675483,0.157891589054638,0.15,0.152,1
"DDIT4",0.991243517243994,-0.157817338618712,0.48,0.473,1
"DDX59",0.802526463442309,0.157812825430558,0.106,0.114,1
"ENSG00000291203",0.0862724753798174,-0.157798040892336,0.098,0.128,1
"SMIM29",0.583916648750148,0.157696679171673,0.167,0.162,1
"ZRANB2",0.129462890930843,-0.157651758953019,0.289,0.331,1
"RLIM",0.552794688949262,0.157591524554312,0.224,0.222,1
"YRDC",0.330665315937592,-0.157582014170174,0.094,0.11,1
"IGFLR1",0.476169913802125,-0.157539059199034,0.116,0.128,1
"ARMH3",0.146587364290242,-0.157526535274531,0.111,0.138,1
"NAE1",0.421270878144242,0.157396706035155,0.159,0.148,1
"PPP2R2A",0.252234785771933,-0.157395766513129,0.296,0.335,1
"KRIT1",0.778483774471282,0.157316504368474,0.18,0.182,1
"CXorf38",0.855519167250261,0.157311676841463,0.108,0.108,1
"SGSM2",0.458404171388263,-0.157218693940068,0.099,0.112,1
"NAA30",0.904250317662455,0.157067367850509,0.118,0.124,1
"C19orf25",0.992521486372831,0.157028076194936,0.17,0.178,1
"ZNF493",0.633743094941247,0.15689120876406,0.111,0.106,1
"TIMM50",0.393627922487968,-0.156821856291157,0.175,0.19,1
"TEN1",0.0996274008792999,-0.15672977248203,0.092,0.12,1
"ABHD17B",0.998651858570105,-0.156622520167491,0.159,0.158,1
"ZC3H13",0.233521227163105,0.156610098029701,0.35,0.343,1
"GABPB1-IT1",0.0406985963764,-0.156557575140466,0.105,0.142,1
"MRPS21",0.0622290343258294,-0.156499238063347,0.315,0.371,1
"ITGB1BP1",0.332819575687051,0.156497261784755,0.232,0.22,1
"APIP",0.779551074663731,0.156439166268394,0.108,0.116,1
"DPP9",0.241017935628855,-0.156384087257035,0.145,0.17,1
"APOL6",0.0803783707523738,-0.156382533526054,0.306,0.361,1
"UBE2L6",0.116851577392176,-0.156321522929418,0.332,0.383,1
"HUWE1",0.0579669381496923,-0.156240424829433,0.299,0.353,1
"CRIP2",0.302677029643591,-0.156184820750924,0.182,0.208,1
"ATXN2L",0.141371700538632,-0.156158073573842,0.266,0.313,1
"MED12",0.922823560467297,0.15614496088332,0.104,0.108,1
"USP39",0.544244321649069,0.156121423312822,0.175,0.17,1
"NUS1",0.976755490869346,0.156115743124113,0.143,0.148,1
"INSIG1",0.162768349485768,-0.155958212608079,0.285,0.331,1
"PERP",0.24569161111347,-0.155943318759107,0.159,0.182,1
"NDUFS8",0.692946647346716,0.155842797650337,0.247,0.255,1
"NEK1",0.550070086722213,0.155822065621008,0.271,0.273,1
"PPP1CB",0.094555268280452,-0.155707174764445,0.459,0.513,1
"PRPF40A",0.117796869864919,0.155678017173365,0.483,0.469,1
"RAB2A",0.101464242316745,0.155511413475037,0.544,0.521,1
"YIPF4",0.0917698321185063,-0.155478778869762,0.199,0.242,1
"EIF4B",0.0604755316092943,0.155465795337964,0.61,0.609,1
"MT1X",0.132166886102393,-0.155441885548174,0.328,0.377,1
"ANKIB1",0.16180282551591,0.155340973954259,0.323,0.307,1
"MAP3K7",0.0782441327197563,-0.155328047879466,0.132,0.168,1
"GALNT1",0.319439988678078,-0.155317159583262,0.183,0.208,1
"PLEKHB2",0.0793995898529078,-0.155218484169081,0.332,0.381,1
"SKIC3",0.809325521976493,0.155188438286616,0.167,0.168,1
"TBCK",0.306279361656168,-0.155173695705699,0.137,0.156,1
"RANBP1",0.124535841732508,-0.155121808178122,0.358,0.415,1
"TRIM22",0.279586068112489,0.155094691078869,0.336,0.331,1
"TRIM8",0.412395881093458,0.155035383430965,0.138,0.126,1
"TMEM106B",0.461852905885522,-0.155008402050562,0.09,0.102,1
"VCP",0.154775570772096,0.154788439020435,0.636,0.637,1
"GGA3",0.225106772783168,-0.154779393599288,0.13,0.154,1
"PALS2",0.362966926068479,-0.154722096700257,0.156,0.176,1
"ENSG00000236449",0.820629014934525,0.154650635270184,0.223,0.23,1
"COPS4",0.666159747163572,0.154535219606207,0.197,0.196,1
"TSPYL2",0.00161239876812644,-0.154419007554875,0.444,0.531,1
"ISG20L2",0.0813029799381292,-0.15441199791634,0.206,0.251,1
"ICE2",0.995222962852517,0.154348606867619,0.139,0.144,1
"TCF7",0.0214774346615254,-0.154312789699092,0.65,0.719,1
"PML",0.108789120229843,-0.154304663717716,0.198,0.238,1
"CSGALNACT2",0.100196075387829,-0.154297757673163,0.403,0.451,1
"VDAC1",0.0512879754276445,-0.154281571668937,0.554,0.621,1
"CD2AP",0.187240600616056,-0.154126680017184,0.208,0.242,1
"HLA-F",0.0102416102858506,0.154071757862132,0.699,0.681,1
"ILF2",0.084704967156021,-0.154046906696045,0.483,0.557,1
"METTL17",0.909439818024861,0.154008681961898,0.118,0.124,1
"SASH3",0.880801471125911,0.153980105749991,0.247,0.263,1
"PDLIM1",0.611148727104644,0.153868989155144,0.128,0.122,1
"MTO1",0.775427080998002,0.153784812415434,0.13,0.128,1
"CCNL2",0.318137805499382,-0.15361264649034,0.268,0.293,1
"PKM",0.0130933527062774,-0.153553030453109,0.559,0.633,1
"BCL11B",0.0077968878523743,0.153453266433575,0.782,0.754,1
"TBC1D1",0.146210574579093,-0.153324164216438,0.18,0.212,1
"INO80C",0.153016866075221,-0.153323877700005,0.096,0.12,1
"FUBP1",0.217572491286813,0.153260875474049,0.293,0.275,1
"TCERG1",0.766795552997388,0.153187218479592,0.275,0.287,1
"SLA2",0.24235397931885,0.153012663383085,0.612,0.599,1
"LCP1",0.0827679704316731,0.152926191360697,0.85,0.844,1
"HYCC1",0.0763297784427475,-0.152857698074906,0.108,0.14,1
"ANKRD39",0.148729677710743,-0.152707313563273,0.082,0.104,1
"PPIA",0.000322933111136891,-0.152695337697327,0.982,0.99,1
"CHCHD1",0.844389863996807,0.152655877271754,0.144,0.144,1
"TRA2A",0.144044946846299,-0.1525983124621,0.446,0.509,1
"GLUD1",0.030551818542139,-0.152590064564423,0.537,0.603,1
"ZNF146",0.303807545932259,-0.152569708865815,0.225,0.253,1
"CALM3",0.113401505354438,-0.152434307742272,0.335,0.381,1
"SOCS4",0.257208804178997,0.152176042476556,0.154,0.136,1
"ENSG00000273319",0.990935538191169,0.152143954379567,0.112,0.114,1
"DHDDS",0.264584207855594,-0.152083034592025,0.084,0.102,1
"SNHG25",0.940104322651293,0.152053086913861,0.134,0.138,1
"SMU1",0.592758620507071,0.15200328014678,0.349,0.355,1
"PSMB5",0.299535872021544,-0.151934916537128,0.149,0.172,1
"MLLT3",0.32933248324602,-0.151926954322118,0.404,0.423,1
"ZGPAT",0.312943441625905,0.151729724539055,0.206,0.19,1
"SNRPE",0.388174172547405,0.15171342061208,0.285,0.285,1
"ATG16L1",0.803723880848756,0.151660503212682,0.124,0.124,1
"CCDC25",0.404706890060729,-0.151569251615242,0.123,0.138,1
"CYTH1",0.0767444637835651,0.15146505645236,0.53,0.497,1
"EIF3J",0.0874472821122564,-0.151417810303181,0.41,0.463,1
"GART",0.101441786616547,-0.151361998859957,0.13,0.162,1
"CELF1",0.155778082951881,-0.151357289399072,0.337,0.383,1
"WDFY2",0.614837812796879,0.151323943700751,0.212,0.206,1
"SRP68",0.09457250383082,-0.151200774980508,0.189,0.228,1
"SERP1",0.0692547508988615,-0.151188481226225,0.748,0.778,1
"TBCA",0.0581131130144046,0.151133232295901,0.537,0.501,1
"RANBP9",0.45933937798247,0.150991611942866,0.327,0.331,1
"TPP2",0.232148608829644,-0.150951047206503,0.279,0.311,1
"ZNFX1",0.106431331200698,-0.150811836410902,0.32,0.373,1
"FIS1",0.424974385280796,0.150804385260081,0.289,0.287,1
"ARL5A",0.714345283612697,0.150682890596269,0.225,0.23,1
"RETREG2",0.40709664514454,0.150682076298706,0.208,0.194,1
"GABPA",0.211820407387877,-0.150616879408187,0.12,0.144,1
"BRCC3",0.214787486076804,-0.15056563589309,0.084,0.104,1
"R3HDM2",0.106352624103055,-0.15050017080261,0.253,0.295,1
"COPS7B",0.273785867403168,-0.15043304237778,0.096,0.114,1
"ARIH1",0.272968378458739,0.15040810159324,0.491,0.499,1
"RPA2",0.237023562880642,-0.15027726970051,0.21,0.238,1
"MEI1",0.962687481316241,0.150245462133115,0.11,0.114,1
"NUTF2",0.069196331731399,-0.150223251671997,0.298,0.355,1
"STAT4",0.00794904734313346,0.150219962855821,0.827,0.822,1
"TRAPPC2",0.692578753590368,0.150150319927625,0.107,0.118,1
"KAT7",0.30286021216833,0.150121626437478,0.192,0.172,1
"MTCH1",0.343079897419327,0.150075865677462,0.331,0.325,1
"EIF2A",0.302608054825756,0.150072562186765,0.256,0.244,1
"ELOF1",0.759372067679748,0.149851671562259,0.208,0.212,1
"FUNDC2",0.115945831173408,-0.1497565636538,0.291,0.339,1
"ATG13",0.248796453180708,-0.149693259106311,0.152,0.176,1
"ADD1",0.177180946106685,-0.149684915600368,0.289,0.331,1
"CISD2",0.17947748983012,-0.149614564837582,0.239,0.273,1
"BABAM1",0.779628843001224,0.149449593480601,0.196,0.2,1
"POLR2H",0.318641712647932,-0.149414398391265,0.166,0.188,1
"GMPPB",0.215274860813722,-0.149348112891418,0.081,0.1,1
"TMPO",0.717572530960923,0.149338747269423,0.213,0.212,1
"HSD17B7",0.446268118781148,0.149320430036965,0.103,0.092,1
"TXLNA",0.555569818086855,0.149300994622695,0.113,0.106,1
"SRP19",0.180064139994159,-0.149282971705273,0.369,0.407,1
"UTP14A",0.962456242326002,0.149188944167401,0.098,0.102,1
"COX14",0.288721236828751,0.149156766651734,0.375,0.375,1
"PRPSAP1",0.284837068804341,-0.149092478587783,0.137,0.16,1
"STAMBP",0.161075511386509,-0.149087272298531,0.166,0.198,1
"ZBTB38",0.222857280906528,0.149010036448517,0.415,0.393,1
"CROCCP2",0.606789294227035,0.148933063589323,0.129,0.124,1
"CCNY",0.0809554378065555,-0.148924938541789,0.403,0.475,1
"ORC2",0.193197225712018,-0.148882788590065,0.177,0.208,1
"KDELR2",0.103370934663407,-0.148849365746803,0.303,0.363,1
"TXLNGY",0.108211361120762,-0.148826700648838,0.118,0.148,1
"CTSS",0.139873358551761,-0.148483463263568,0.275,0.315,1
"SMYD2",0.847030707024124,0.1484813838043,0.115,0.114,1
"PRELID1",0.252511082915451,-0.148413419108419,0.481,0.513,1
"TATDN2",0.183435252852242,-0.148349327452293,0.079,0.1,1
"CREBRF",0.29023521123255,-0.148302814462945,0.284,0.313,1
"UBXN4",0.149090185643776,-0.148241227692089,0.597,0.615,1
"TOP2B",0.403178846700163,0.148210095837248,0.328,0.323,1
"DTX3L",0.951965458338435,0.148152660250268,0.182,0.188,1
"RELA",0.431997419352853,-0.148094242089796,0.412,0.455,1
"TNIP2",0.172132502529366,-0.147964813729152,0.296,0.341,1
"XKR6",0.916998155293775,0.147946192085006,0.107,0.108,1
"ANKZF1",0.307265549422232,-0.147899221510408,0.148,0.17,1
"BIRC3",0.411604253566571,-0.14770482593021,0.663,0.683,1
"YWHAQ",0.0152941668556541,0.14768079311863,0.849,0.836,1
"HIF1AN",0.47473732571247,-0.147596870926312,0.128,0.142,1
"KLHDC2",0.178510274100255,-0.147511842354119,0.225,0.261,1
"CD63",0.499019330948349,0.147488313701775,0.322,0.315,1
"NAA15",0.59342534854593,0.147483451272894,0.152,0.146,1
"ACSL1",0.515731228223983,0.147318954405815,0.165,0.158,1
"RNPC3",0.828824674487913,0.147046598765047,0.201,0.218,1
"MED10",0.143581928533088,0.146938466754049,0.411,0.393,1
"TMEM160",0.173449413680742,-0.146899938087533,0.262,0.303,1
"CCNK",0.0605813154833014,-0.146888669128199,0.315,0.373,1
"CDC34",0.118532414352021,-0.146846811358059,0.326,0.379,1
"NGDN",0.0922243081855135,-0.146800413212552,0.311,0.365,1
"CYB5R4",0.582727117860931,0.146762018587266,0.214,0.21,1
"SAT1",0.242162520108557,-0.146732119325393,0.735,0.749,1
"ACIN1",0.371984789680696,0.146515061935641,0.425,0.417,1
"PSPC1",0.457477451948508,0.146506804526622,0.309,0.305,1
"ZNF622",0.653365679052724,0.146380518386557,0.204,0.202,1
"BAZ1A",0.0087978654607289,-0.146288439514681,0.488,0.569,1
"EIF2S2",0.169077219625127,-0.146253302412665,0.432,0.479,1
"NCK2",0.094226188383249,-0.146233336466888,0.296,0.351,1
"GOLGB1",0.0356060548627316,-0.146228485121654,0.531,0.601,1
"IGF2R",0.288376333222836,0.146193337086607,0.313,0.303,1
"ANXA1",0.290434762806204,-0.146192363556432,0.898,0.868,1
"ALDOA",0.0194406693579428,-0.146178927632965,0.77,0.796,1
"TRIAP1",0.936056782024802,0.146107601021112,0.118,0.12,1
"NUMB",0.328360171967837,0.146095089466123,0.216,0.2,1
"SYVN1",0.391145481199305,0.146093883589188,0.193,0.18,1
"ANAPC11",0.354800130226943,0.146007309516809,0.274,0.269,1
"EP300",0.0406656302768951,-0.145969981282191,0.275,0.333,1
"SACM1L",0.426491244401112,0.145882952905053,0.307,0.305,1
"CASD1",0.630891845838827,0.14587055792847,0.09,0.1,1
"MYCBP2",0.540749551216416,0.145868718915925,0.34,0.343,1
"THAP11",0.626706678267038,0.145866095467483,0.247,0.251,1
"ADPRS",0.227881844707297,-0.145807150391359,0.207,0.238,1
"HSD17B10",0.167404626274393,-0.145643807826532,0.228,0.273,1
"MFSD14CP",0.77476876670872,0.145638088429327,0.148,0.144,1
"NDUFAF8",0.142988540616524,-0.145598254370546,0.164,0.198,1
"EBLN3P",0.75124801668131,0.145581386543381,0.113,0.11,1
"WDR75",0.241688979962501,-0.145531844877394,0.109,0.13,1
"CNOT8",0.421478937245887,0.145472409158517,0.288,0.279,1
"TSFM",0.471782574859453,0.145387893938689,0.137,0.126,1
"BAG5",0.127088937016491,-0.145339723547544,0.139,0.17,1
"CRKL",0.385155297699322,0.14527951092054,0.213,0.198,1
"ZDHHC20",0.462938006607665,0.145257726558397,0.28,0.273,1
"CLIC3",0.147762821079226,0.145201776420702,0.312,0.285,1
"XRCC6",0.0567757724479128,0.145042640088616,0.697,0.689,1
"MALSU1",0.188780638574818,-0.14501948093029,0.139,0.166,1
"SNHG14",0.0713256483619543,-0.14493262027458,0.175,0.216,1
"MAML1",0.965326024051991,0.144893796200017,0.175,0.182,1
"EIF4E2",0.523580397736719,0.144828080578161,0.275,0.275,1
"AKNA",0.00151228173111478,0.144799049119988,0.898,0.864,1
"ST3GAL1",0.19488901570409,0.144796611319942,0.239,0.214,1
"SEC61G",0.171913268523815,-0.144784892044492,0.522,0.575,1
"EEIG1",0.285141901647165,-0.144749236528285,0.401,0.429,1
"USB1",0.135344603396728,-0.14472110402668,0.098,0.124,1
"DYNLL2",0.3666819757429,0.144570528887754,0.241,0.23,1
"PRRC2A",0.0893334623562597,-0.144564240471051,0.305,0.353,1
"SNRK",0.451502238540363,0.1445508720281,0.355,0.357,1
"NKD1",0.613715982479261,0.144540892646837,0.119,0.112,1
"SSU72",0.420871996878395,-0.144468083972557,0.411,0.445,1
"ABCD3",0.560371720000197,0.144423603919007,0.106,0.098,1
"IPO4",0.0629547957849805,-0.144302740700867,0.188,0.234,1
"ZNF593",0.930345650410148,0.14409955443027,0.104,0.104,1
"NAF1",0.479218920902112,0.144081925558282,0.109,0.098,1
"FAM3C",0.104194354424265,-0.144053091919761,0.125,0.158,1
"PIKFYVE",0.602454537258858,0.144031695058288,0.189,0.186,1
"COPS5",0.806952856807686,0.144002491981046,0.222,0.23,1
"STARD10",0.556077736758636,0.143912833306456,0.136,0.128,1
"RBM4B",0.112803162080516,-0.143909269639793,0.081,0.106,1
"VASP",0.0937951663657883,0.143897850575734,0.44,0.429,1
"DHX29",0.849008722800929,0.143834481123976,0.197,0.198,1
"SYNC",0.123073584765647,-0.143830441469127,0.085,0.11,1
"TRIOBP",0.0813425079951377,-0.143673820079258,0.085,0.114,1
"FBXO33",0.810746822847385,0.14364413406758,0.224,0.228,1
"ARHGAP45",0.1126318568235,0.143623253881716,0.376,0.347,1
"HACD2",0.625763016358918,0.143614380453298,0.123,0.118,1
"MCUB",0.095873912827554,-0.143525470071008,0.669,0.699,1
"MAP1S",0.752888423846406,0.143524798257596,0.153,0.152,1
"CMTM6",0.0967344950992566,-0.14351916181569,0.351,0.397,1
"ARL15",0.758949277790195,-0.143415579138614,0.199,0.204,1
"COPZ1",0.0584266368655109,-0.143336386802908,0.227,0.277,1
"RNASET2",0.315075585366296,-0.143247145447013,0.159,0.182,1
"RNF169",0.323737437033209,-0.143012768872121,0.221,0.244,1
"USP1",0.195837709691368,-0.143000376325328,0.215,0.246,1
"RAC2",0.0287725504034256,0.142997705682947,0.645,0.621,1
"BCAP31",0.448422083779628,0.142936915292385,0.35,0.363,1
"SUPV3L1",0.185823777405736,-0.142862878417744,0.18,0.212,1
"TAF1D",0.258325639929677,-0.142818604434237,0.455,0.493,1
"CBLL1",0.613021912626675,0.142784885454072,0.215,0.21,1
"ARPC4",0.231136742210984,0.142755666426667,0.405,0.399,1
"RLF",0.0250887187078149,-0.142562735276869,0.318,0.385,1
"TLE4",0.200862247538888,0.142480809908022,0.377,0.363,1
"ENSA",0.162821939908759,0.142455696876649,0.609,0.619,1
"GOPC",0.773073182004573,0.142432438650173,0.156,0.156,1
"PIAS4",0.581817034388619,0.142427134682336,0.121,0.114,1
"RIF1",0.794583644787185,0.142249838251387,0.246,0.269,1
"BRD2",0.191937365912898,0.142233654254707,0.632,0.663,1
"DENND3",0.320998261157095,0.142178212084638,0.204,0.19,1
"TMX2",0.147407683736817,-0.142162417227522,0.174,0.21,1
"MRPL10",0.210195171463717,-0.142094345200057,0.335,0.367,1
"RNF216",0.362049933560957,0.142073932809334,0.279,0.273,1
"RAB11A",0.145173035131518,-0.141914445224325,0.451,0.491,1
"RALY",0.342667019844571,0.141896603119787,0.561,0.555,1
"FAM98A",0.541528917870125,0.141845655930529,0.12,0.112,1
"UPF2",0.357992981163994,0.141769191224738,0.28,0.269,1
"PYROXD1",0.752713632962705,0.141627680748172,0.127,0.124,1
"TOMM5",0.127712057384519,-0.141579355033228,0.36,0.405,1
"POLR1A",0.876041521885572,0.141573003245117,0.125,0.126,1
"STXBP3",0.746137680091501,0.141510253741412,0.274,0.283,1
"RBM6",0.758932232124289,0.14141288078277,0.357,0.373,1
"ACOX1",0.305313332403464,-0.141383116351852,0.087,0.102,1
"RAP2C",0.0747706721901518,-0.14135629953899,0.189,0.232,1
"FTH1",0.19780680701862,-0.141312646611103,0.998,1,1
"BTRC",0.210416954631375,-0.141202505348045,0.16,0.188,1
"HEATR1",0.736941192631935,0.141118126277836,0.148,0.144,1
"PDK3",0.144813323609717,-0.140862877860434,0.181,0.218,1
"DRAP1",0.145412766332421,0.140855668639104,0.441,0.423,1
"STIM1",0.175115175543991,-0.14063301291382,0.113,0.138,1
"PKNOX1",0.755828778129732,0.140557354393521,0.114,0.11,1
"ZC3H15",0.342642807021756,0.140273334990389,0.464,0.463,1
"EFL1",0.770093685352851,0.140190832752959,0.159,0.158,1
"RAB6A",0.105134437424304,-0.140179519810653,0.405,0.465,1
"IL12RB1",0.520010132739176,0.140120116393458,0.117,0.108,1
"SLC30A7",0.388370862258043,0.140096106911451,0.272,0.263,1
"CHERP",0.148147907351584,-0.139952796409115,0.17,0.204,1
"ARID1A",0.604186536415538,0.139895615765192,0.256,0.259,1
"SIRT7",0.777466820464981,0.139787268281093,0.267,0.279,1
"GTPBP1",0.516454858011944,0.139744825401316,0.29,0.289,1
"SEC61A1",0.0926038819068956,-0.139703775060541,0.256,0.309,1
"WAPL",0.221292353585086,0.139676977944999,0.377,0.363,1
"PRPF4",0.247477719598708,-0.139662804224508,0.15,0.174,1
"SH3BP5",0.522244820727802,0.139623476877936,0.14,0.13,1
"RCSD1",0.60778788582716,0.139622320619623,0.127,0.14,1
"GFOD1",0.285190251940643,-0.139612265822151,0.148,0.172,1
"L3MBTL3",0.166494651644951,-0.139562195272879,0.249,0.285,1
"PRKX",0.0273375798360761,-0.139546720874169,0.484,0.565,1
"WBP2",0.220766076540293,0.139467266580935,0.313,0.297,1
"NMI",0.0451344732778767,-0.139304153906881,0.184,0.232,1
"OSGEP",0.717362075107304,0.139229728730148,0.167,0.182,1
"WIPF1",0.0141182401764553,0.139115053228808,0.821,0.81,1
"PHF20L1",0.433396080611192,-0.138763232955927,0.388,0.421,1
"SCYL1",0.677697419247978,0.138753946431766,0.161,0.158,1
"CD164",0.108621479739575,-0.138726206315195,0.481,0.517,1
"CD5",0.271689568398791,0.138702323371611,0.591,0.579,1
"EBPL",0.373652131902985,-0.138627072259802,0.09,0.104,1
"CYC1",0.28042626464334,0.138511521793706,0.327,0.317,1
"TERF2",0.0577726662105131,-0.138476427673112,0.149,0.19,1
"RNF10",0.418283641067382,-0.138304684645985,0.341,0.375,1
"TBCD",0.154817083405686,-0.138269527658783,0.342,0.387,1
"TTLL5",0.720778988196208,0.138203402621317,0.167,0.164,1
"SNX14",0.465097291481984,0.138161562381989,0.216,0.21,1
"MKRN2",0.0944712738261078,-0.138158639307336,0.132,0.168,1
"PLPBP",0.0623923861428918,-0.138153340334257,0.123,0.16,1
"BTG2",0.146909383960888,0.138128709038417,0.466,0.447,1
"WWP1",0.891720351715075,0.138068315231931,0.178,0.182,1
"RFFL",0.677367560527541,0.138047107412833,0.19,0.188,1
"GPX1",0.708880149895185,0.13799590977483,0.232,0.234,1
"UBE2H",0.0818276812392863,-0.137947985863663,0.268,0.317,1
"NAA20",0.627848446209922,0.137922709949857,0.261,0.267,1
"LNPK",0.331123066917605,-0.137887220354102,0.098,0.114,1
"PRPS1",0.122749462303502,-0.137853795785381,0.212,0.253,1
"RAB4A",0.147141504053303,-0.13781980646033,0.172,0.204,1
"MFSD10",0.896831344943644,0.137723506383446,0.316,0.341,1
"PTPN4",0.127033294694709,0.137690140772681,0.395,0.357,1
"SCML4",0.792132258333567,-0.137663139816528,0.261,0.255,1
"PRR7",0.627002096675838,0.137652383114183,0.137,0.13,1
"LASP1",0.445227434890765,0.13760387432957,0.322,0.325,1
"FERMT3",0.707294967690279,0.137560792927994,0.224,0.222,1
"CRELD2",0.0634422639890673,-0.137554767882324,0.105,0.138,1
"NDUFA8",0.244219464604381,-0.137403385798075,0.213,0.244,1
"ARMC10",0.101925536268877,-0.137371737181884,0.127,0.16,1
"AP3S1",0.120771701788709,-0.137316568597663,0.336,0.395,1
"AP1G1",0.580554781534983,0.137313607810994,0.226,0.222,1
"PRKCI",0.936123973772776,0.137205608128027,0.196,0.202,1
"NOL8",0.577737635780395,0.137190820753254,0.159,0.152,1
"ZFAND2B",0.714603432964587,0.137148615970446,0.201,0.204,1
"SLC38A2",0.393197066282827,0.137119275317342,0.39,0.389,1
"PRXL2C",0.375948540961575,0.137097417782665,0.244,0.23,1
"SPAST",0.148831300663036,-0.137013863005554,0.135,0.166,1
"MAN2B1",0.195691415599555,-0.136952716476654,0.163,0.194,1
"UQCC4",0.474907451478465,-0.136833570852488,0.092,0.104,1
"MARK4",0.845941012594326,0.136789835315531,0.16,0.16,1
"FBXO34",0.24376656507131,0.136671635546731,0.353,0.341,1
"SYTL2",0.376566953314726,-0.136628724781748,0.229,0.251,1
"POLR2J",0.103468837816883,-0.136525102875784,0.298,0.349,1
"MCTS1",0.796578136236145,0.136455546390917,0.105,0.112,1
"MORF4L2",0.123976914276998,-0.136442567986343,0.4,0.459,1
"TES",0.156416377877005,0.136338965390765,0.525,0.521,1
"EIF4EBP2",0.637373176927767,0.136236928707322,0.283,0.289,1
"TLE3",0.145238657381014,-0.1361452918604,0.332,0.379,1
"UBE4B",0.597098866638461,0.136076044207819,0.174,0.172,1
"PARP4",0.322971717402812,0.136009763359165,0.203,0.184,1
"TASOR",0.799279017610137,0.135929314367309,0.175,0.174,1
"PHF11",0.847210805938258,0.135905181529563,0.253,0.259,1
"CHST12",0.0463890142145704,0.135890111154512,0.44,0.399,1
"NCBP1",0.571235645696341,0.135849064218335,0.183,0.174,1
"TMCC1",0.304375723441386,-0.135779646547865,0.164,0.188,1
"PCMT1",0.278842022492055,-0.135739806912696,0.364,0.405,1
"ABCF1",0.215123454077397,-0.135739594020957,0.345,0.383,1
"MFSD14A",0.542506257066187,0.135697724781126,0.304,0.311,1
"GPSM3",0.313219272852623,0.135683153303991,0.343,0.335,1
"FBH1",0.426887472779911,-0.135483606632574,0.113,0.128,1
"PRKCA",0.231157828574648,-0.135413747579351,0.204,0.232,1
"UNC13D",0.254668061817668,-0.135408076406357,0.093,0.112,1
"RICTOR",0.11645342633314,0.13539985170217,0.358,0.333,1
"CD55",0.184669676329991,-0.135349014282454,0.477,0.519,1
"ACOT2",0.792212156198628,0.135263907233115,0.109,0.108,1
"SOCS1",0.834864355931347,0.135252066773959,0.366,0.391,1
"YTHDC2",0.214571256566183,-0.13523255801297,0.178,0.208,1
"S1PR1",0.11184978988179,-0.135043214163392,0.545,0.599,1
"UBA5",0.272766806345116,-0.135027128686915,0.11,0.13,1
"KIZ",0.935008708128983,0.134946547459089,0.13,0.136,1
"BTN3A1",0.146308295027994,-0.134905596554033,0.27,0.309,1
"EIF2B4",0.114699592210866,-0.134846517742999,0.152,0.188,1
"CCDC9",0.384375389100845,-0.134815245038769,0.086,0.1,1
"CHMP1B",0.277175839960351,-0.134807594118445,0.312,0.351,1
"PSMD3",0.0997853458207161,-0.134739964229554,0.204,0.248,1
"MRPS23",0.502400311419863,-0.134731698987218,0.124,0.138,1
"RBCK1",0.960673982782427,0.134605558231222,0.207,0.218,1
"MAPK14",0.188957305620454,-0.134593143993459,0.157,0.186,1
"STOML2",0.722976437175957,0.13454332441134,0.198,0.2,1
"METTL5",0.38158747334376,0.134522419872155,0.133,0.118,1
"ZBTB20",0.406748853783249,0.134489235178157,0.453,0.447,1
"ORAI1",0.0285639265848664,0.134455189135222,0.811,0.792,1
"ACAT1",0.295080582629671,-0.134427697811756,0.104,0.122,1
"PCBP1-AS1",0.308126471121407,-0.134390287595734,0.202,0.226,1
"RNF38",0.398419345975233,0.134349225237705,0.403,0.405,1
"ANKRD54",0.724326704662825,0.134256052786767,0.107,0.104,1
"KIF21A",0.183081642021336,0.134234202958454,0.449,0.433,1
"ATG12",0.411567561231544,0.134200607838779,0.289,0.279,1
"ABLIM1",0.0316560858024593,-0.134173565396429,0.704,0.756,1
"SPTBN1",0.138586022561403,-0.134067495513789,0.427,0.475,1
"ATP2A2",0.820560804413159,0.134018253831942,0.181,0.184,1
"UCHL3",0.65042696402113,0.133999341663306,0.128,0.142,1
"ACAA2",0.719171768684511,0.133997659770713,0.107,0.116,1
"SART3",0.944498290151326,0.133744512383981,0.205,0.216,1
"FAM118A",0.088084641667139,-0.133721349277246,0.24,0.291,1
"NCS1",0.299684553340776,0.1336714809763,0.201,0.182,1
"MSL2",0.681248757208583,0.13355128484769,0.277,0.281,1
"ZCCHC17",0.898331686342542,0.133424285763459,0.189,0.2,1
"USP37",0.689736654458956,0.133411650323688,0.144,0.14,1
"GTF3A",0.392643036976753,0.133296668468095,0.342,0.335,1
"SEC13",0.151975391154704,-0.133248363995232,0.363,0.421,1
"TUFM",0.113061722099329,-0.133145121276875,0.532,0.607,1
"TBC1D15",0.388247746828189,-0.133068705256836,0.211,0.228,1
"IKZF5",0.247711401924997,-0.132985701414877,0.174,0.2,1
"PIAS1",0.0720390121070043,0.132929812487808,0.535,0.529,1
"DUSP8",0.54525838913011,0.132920056750898,0.173,0.164,1
"HSPA9",0.176875028189195,-0.132919334451887,0.463,0.511,1
"MINK1",0.743761245283727,0.132890515001483,0.161,0.16,1
"PIH1D1",0.70664858046192,0.132815375722757,0.232,0.234,1
"DEXI",0.872375548987903,0.13281502594484,0.103,0.102,1
"XRN1",0.239264895494675,0.132795503119049,0.527,0.523,1
"MOB2",0.530052473822197,0.132791924344646,0.189,0.182,1
"SLC1A4",0.452765225623011,0.132769138171508,0.213,0.202,1
"NRF1",0.429983713703679,0.132765191881553,0.224,0.212,1
"SNX25",0.556978061173921,0.132665484219122,0.174,0.166,1
"DNPEP",0.607187908914646,0.132663200123937,0.219,0.216,1
"ATP6V1E1",0.46210297933163,0.132562265499526,0.242,0.238,1
"EMP3",0.0184948846138188,0.132552097248185,0.894,0.888,1
"GSTP1",0.412730647312024,0.132461380338058,0.51,0.525,1
"C17orf49",0.387165573607436,0.132427251964425,0.397,0.403,1
"SUPT7L",0.806732141446426,0.132369163635172,0.164,0.164,1
"SAFB2",0.0675361830117565,-0.132300681837097,0.348,0.409,1
"CCT8",0.10133894565599,-0.132219432769739,0.385,0.449,1
"TTC33",0.92971517410734,0.132200715539115,0.199,0.206,1
"RNF138",0.808960863971054,0.132161448427019,0.212,0.214,1
"PHKB",0.933121687186717,0.132156687685644,0.159,0.166,1
"NEDD8",0.227452188319156,0.1321190978255,0.454,0.449,1
"MRPS25",0.821302530922424,0.132115942710132,0.148,0.148,1
"KXD1",0.83812197211394,0.132100855792386,0.144,0.146,1
"ZNF451",0.362556704954203,0.132053301527122,0.304,0.293,1
"CDYL",0.366772700295087,-0.131967374385664,0.111,0.126,1
"SMIM19",0.21181499867645,-0.131922339750099,0.105,0.126,1
"ATP13A2",0.549403804182944,0.131906596569566,0.088,0.1,1
"BET1L",0.503720526400426,-0.13189872888549,0.217,0.234,1
"TMBIM4",0.183976152080308,-0.131818947571071,0.202,0.234,1
"TUBA1B",0.0711511229869496,0.131808851745348,0.701,0.697,1
"ESS2",0.225254431789191,-0.131646994828546,0.108,0.13,1
"SLC12A2",0.217708451364614,-0.13159950200707,0.135,0.16,1
"KIAA0586",0.208679605918163,-0.131599402976433,0.095,0.116,1
"HLA-DQB1",0.587611151828997,-0.131595939749801,0.419,0.441,1
"MED16",0.981398034690364,0.131545082150963,0.153,0.158,1
"TOX4",0.247489973811954,-0.131491053797461,0.37,0.411,1
"IL10RA",0.0698532343239688,-0.131482863009848,0.502,0.575,1
"CEP104",0.11219424674474,-0.131395749354154,0.164,0.2,1
"ARID4A",0.442098223567044,-0.131368790703165,0.276,0.291,1
"MAX",0.0716954064674631,-0.131308224077575,0.439,0.511,1
"PHF2",0.693739848759273,0.131297951209789,0.101,0.096,1
"HSP90AB1",0.00211276363851205,-0.131221024100431,0.917,0.95,1
"DDX3Y",0.157341592565701,0.131195349789146,0.367,0.345,1
"SPSB3",0.192691601669041,0.131184807790839,0.497,0.495,1
"VPS13D",0.919249484800966,0.131173133328778,0.184,0.186,1
"GTPBP4",0.544823951667301,0.131120741561822,0.222,0.214,1
"NDUFB10",0.134130990075735,-0.131116603235715,0.367,0.413,1
"ARMC8",0.127751511985994,-0.131089203648385,0.216,0.259,1
"POLR3C",0.164896371449322,-0.130988094070872,0.126,0.154,1
"DDX56",0.0934604183133247,-0.130917480760441,0.194,0.238,1
"TMEM199",0.415980092923387,-0.130837308055608,0.153,0.168,1
"RBBP8",0.692088130471853,0.130671068658464,0.108,0.118,1
"SUMF2",0.927361841904881,0.130664447365443,0.167,0.176,1
"ALG2",0.110709162116069,-0.130650026643719,0.129,0.166,1
"ZDHHC3",0.773276566840145,0.130615567045308,0.17,0.17,1
"BUB3",0.208511612802214,0.130590169251071,0.576,0.557,1
"PRPF39",0.431800265198043,-0.130527759310225,0.17,0.19,1
"ANXA11",0.335634673624058,0.130522659316018,0.57,0.581,1
"JTB",0.186540393155549,0.130436257527119,0.599,0.607,1
"ASCC1",0.522910891016616,-0.130363576099518,0.111,0.122,1
"JAGN1",0.671905486153452,0.13033105758781,0.143,0.158,1
"GGA2",0.0403985023668658,0.130283765945558,0.679,0.635,1
"TMEM167B",0.960394559104438,0.130269647905257,0.154,0.16,1
"TMEM140",0.283271429281812,-0.130234311025626,0.097,0.116,1
"MTG1",0.698768963160729,0.130226328843951,0.152,0.15,1
"HP1BP3",0.117088107407383,0.130224099207351,0.514,0.487,1
"FRG1",0.876790415571684,0.130183838858464,0.258,0.277,1
"WDR37",0.191109518723749,-0.130142357500503,0.239,0.273,1
"FAM210A",0.275453575879421,-0.129945761602339,0.124,0.146,1
"DDX49",0.112221355253213,-0.129905725179535,0.149,0.184,1
"POLD4",0.0729329253764232,-0.129799359903894,0.169,0.214,1
"PIGC",0.536998500861567,-0.129711547389888,0.128,0.14,1
"NPM1",0.00235608578365599,-0.129604604231934,0.931,0.94,1
"MRPS18B",0.794020403239243,0.129509338501365,0.141,0.14,1
"PIK3AP1",0.335813761540851,0.129426238500822,0.158,0.142,1
"OOEP",0.183241197296354,-0.129389431344722,0.111,0.134,1
"RXRA",0.407899399092781,0.129385313796026,0.102,0.09,1
"AGAP2",0.853680251256394,0.129217969533032,0.144,0.144,1
"STK17A",0.0406300354337588,0.129063015326338,0.785,0.782,1
"LINC01145",0.99182171883007,0.129054034199186,0.115,0.118,1
"PARK7",0.00660007337940331,-0.129011298184179,0.65,0.717,1
"PTPN9",0.470760135785075,-0.128879085369938,0.118,0.132,1
"YTHDF2",0.595379028975466,0.128828542121283,0.317,0.323,1
"NSMAF",0.248510142222776,-0.128803167471041,0.178,0.204,1
"BTN2A1",0.52186853307133,0.128738610254218,0.225,0.216,1
"RASGRP1",0.163687465295811,0.128696286677366,0.479,0.467,1
"DDX1",0.354171128066017,-0.128690700476721,0.151,0.17,1
"C1orf35",0.257916725428606,0.128620312382556,0.134,0.116,1
"GGNBP2",0.411824146114109,0.128545914725734,0.359,0.351,1
"FBXL5",0.435632718018724,0.128517123334487,0.32,0.319,1
"THOC7",0.74765538514191,0.128484787311101,0.187,0.184,1
"NOSIP",0.11728563165613,-0.128312301482793,0.354,0.403,1
"PAPOLA",0.0693284360507159,-0.128302375637372,0.481,0.539,1
"UHRF2",0.0648055647421538,-0.128276166739669,0.257,0.309,1
"PHC2",0.787668332363231,0.128190904401234,0.158,0.158,1
"RHBDD2",0.379028581202582,0.128120356323195,0.426,0.423,1
"TUT4",0.166111011508561,-0.128048126836812,0.507,0.551,1
"RNF216P1",0.0689430082319818,-0.127953843076886,0.207,0.253,1
"P4HA1",0.679556239808999,0.127797414536045,0.172,0.17,1
"MIB2",0.689605163320527,0.127784930041714,0.133,0.146,1
"LSG1",0.817528104324043,0.12764268391419,0.194,0.194,1
"RNF4",0.685542410101873,0.127628838241592,0.302,0.317,1
"ENSG00000290922",0.872470352799358,0.127595592128372,0.236,0.24,1
"SCAND1",0.276657897070396,0.127577584750447,0.493,0.487,1
"TMEM248",0.13365037665857,-0.127550144460564,0.397,0.453,1
"HNRNPA1",0.0282986805163658,-0.127549191363409,0.877,0.914,1
"ZNRF2",0.178014314185952,-0.127476748895562,0.291,0.329,1
"STARD7",0.595505421351776,0.127461928056316,0.398,0.401,1
"GMFB",0.592586582126664,0.12728495260434,0.17,0.164,1
"ZNF10",0.983889365276298,0.127229636185758,0.104,0.106,1
"WDR82",0.618899045441661,0.127173464317823,0.343,0.347,1
"CORO1C",0.614886467322658,0.127166276611656,0.11,0.104,1
"SNRPB2",0.166251485109289,-0.127088874525171,0.338,0.391,1
"NDUFB9",0.075013977707311,-0.126885686362826,0.473,0.537,1
"RNF168",0.484800662438394,0.12688306404669,0.363,0.361,1
"NCOA1",0.357293525798124,-0.126848299402114,0.472,0.501,1
"MOAP1",0.869398876896532,0.126798482193779,0.102,0.108,1
"DNAJC9",0.225981749684347,-0.126784292255751,0.271,0.303,1
"FAM53B",0.136789013240408,0.12674819183937,0.423,0.397,1
"MRE11",0.873804204183748,0.12673281743215,0.101,0.1,1
"PPHLN1",0.371253302350846,-0.126721110944878,0.405,0.429,1
"PRKRIP1",0.288351583727688,0.126501101489521,0.213,0.198,1
"INTS9",0.0398053240541008,-0.1264388173611,0.113,0.152,1
"MED14",0.188335591815555,0.126422602276958,0.266,0.246,1
"EXOSC3",0.875010105877151,0.126366198947097,0.195,0.2,1
"RP9",0.299663129077909,-0.126313086606172,0.131,0.15,1
"RNASEH2B",0.24539256946732,-0.126246874274111,0.164,0.192,1
"SLFN12L",0.0779458788377399,0.12612624574127,0.631,0.607,1
"VAMP8",0.1154596471712,-0.126073320988039,0.375,0.425,1
"CAPN2",0.520929642106267,-0.126049664901421,0.411,0.443,1
"NDUFV2",0.0192018520902839,-0.126021127457968,0.501,0.577,1
"LYPLA2",0.638230863072963,0.126012680109868,0.219,0.218,1
"SBNO2",0.13204249974135,-0.12582766953393,0.135,0.166,1
"SCAF8",0.859005722332538,0.12572179293833,0.233,0.236,1
"CTNNBL1",0.252356587335511,-0.125716436498253,0.18,0.206,1
"MPG",0.102876344141634,-0.125713860174513,0.124,0.158,1
"PBDC1",0.44182756348184,-0.12568688902846,0.237,0.259,1
"RNF167",0.646636931547188,0.125601602178589,0.279,0.281,1
"KLRK1-AS1",0.699608799244748,-0.125560433276107,0.211,0.222,1
"KIAA0232",0.474391125558772,0.125486882260991,0.197,0.188,1
"MRPL19",0.224790017960033,-0.125463227339864,0.14,0.164,1
"SMYD3",0.821543459703125,-0.125446861136743,0.27,0.281,1
"ACTN4",0.161130221182627,0.12518918816656,0.64,0.613,1
"PNO1",0.28725355305139,-0.125171736058404,0.149,0.172,1
"PSMD1",0.501817562328902,0.125165532498935,0.34,0.343,1
"UBALD2",0.326382790399256,-0.125037993800767,0.308,0.341,1
"PPM1G",0.0754312355166616,-0.125019033679691,0.545,0.607,1
"PSMD12",0.0921941136961989,-0.124977721345995,0.228,0.281,1
"ALMS1",0.941274734451749,0.124957890960594,0.164,0.172,1
"LRRC47",0.614864434267819,0.124696167238623,0.196,0.192,1
"HK1",0.345252283055762,-0.124679514729288,0.14,0.16,1
"PPP1R12C",0.871309997737437,0.124565468018404,0.106,0.112,1
"GPATCH2L",0.955962016417186,0.124466319206189,0.147,0.15,1
"ZNF830",0.820668771933735,0.124428481244515,0.2,0.198,1
"WDR36",0.932755940154998,0.124394727564266,0.155,0.162,1
"POR",0.270446240717179,0.124379696467344,0.302,0.283,1
"KLHDC10",0.905458429458401,0.124368778495797,0.152,0.154,1
"RBM18",0.133360248420908,-0.124349339505562,0.194,0.234,1
"SH2D2A",0.0695695343890353,0.12430579603599,0.804,0.798,1
"TRMT112",0.0716502779451322,0.124281169261621,0.742,0.747,1
"SAP18",0.0417949727129144,-0.124192572705892,0.746,0.794,1
"NIFK-AS1",0.147325229860339,-0.12414737288943,0.089,0.112,1
"MED21",0.308810328051264,-0.124096825361666,0.158,0.178,1
"ATG3",0.394280817963119,-0.124015008430582,0.336,0.371,1
"DYRK1B",0.385984090837881,-0.123988600137996,0.137,0.156,1
"ATF7IP",0.651025238259911,0.123959125456376,0.494,0.507,1
"SRSF10",0.106012429244994,-0.123896833289036,0.539,0.623,1
"HPS5",0.118634460853209,-0.123851064844307,0.1,0.128,1
"DNTTIP2",0.178320119505199,-0.123719430417871,0.532,0.575,1
"ELOVL1",0.98300421899277,0.123674540195285,0.215,0.226,1
"REXO1",0.782580668103267,0.123643817942869,0.109,0.118,1
"PRKCE",0.484149156853371,0.123638072128653,0.185,0.178,1
"THUMPD3",0.293873570152431,-0.12361948444362,0.083,0.1,1
"LRRC58",0.936905582600181,0.123569476687132,0.115,0.118,1
"PHF20",0.924253348933629,0.123424139620755,0.344,0.357,1
"MRPL39",0.350112717455409,-0.123419705311145,0.14,0.16,1
"SMC1A",0.502266108214817,0.123370337863996,0.21,0.202,1
"RARS2",0.312731112060067,-0.123357221846897,0.18,0.204,1
"SPOPL",0.996021009076364,0.123318688728769,0.107,0.11,1
"HAX1",0.0237638174494463,-0.123258261150269,0.27,0.341,1
"CASP8AP2",0.564120525576155,0.123226756936337,0.124,0.116,1
"C2CD5-AS1",0.232081903731096,-0.123218193315212,0.127,0.15,1
"CLK4",0.787421908698913,0.123156446694993,0.293,0.311,1
"IL2RB",0.26609781317194,-0.123093447918086,0.384,0.419,1
"CCND2",0.129762390992603,0.123058892551682,0.59,0.573,1
"TLNRD1",0.605705362083747,-0.123005415161251,0.145,0.156,1
"KLHL2",0.644042288954338,0.122738464023708,0.179,0.174,1
"GMPR2",0.94257863305372,0.12272089134057,0.12,0.124,1
"TMED7",0.616473484624847,-0.122679743928314,0.194,0.204,1
"LPP",0.908867011680555,0.122670020663455,0.178,0.182,1
"LMBRD1",0.516366414040649,0.122611322603831,0.327,0.333,1
"DCAF16",0.888603945422268,0.122588935551649,0.121,0.12,1
"MRPL16",0.643712577371761,0.122563208581823,0.195,0.19,1
"PFKL",0.769884763246503,0.122529182976816,0.103,0.1,1
"TMEM59",0.263015021565294,0.122515923359409,0.673,0.709,1
"EIF4G1",0.305822631081767,0.122469212218226,0.375,0.363,1
"ENO1",0.0279186454336176,-0.122447641164032,0.785,0.832,1
"TDP2",0.533211568043895,0.122427659717049,0.193,0.186,1
"MFN2",0.76468090543562,0.122317740757401,0.101,0.108,1
"BORCS5",0.503217250421766,-0.122297911218008,0.275,0.305,1
"LENG1",0.928907984781863,0.122271677113836,0.144,0.144,1
"ECPAS",0.911810380055847,0.122218947266639,0.244,0.251,1
"ZNF326",0.0846402576331237,-0.122166904470637,0.215,0.259,1
"MDFIC",0.445492511182511,0.122078584949029,0.263,0.253,1
"LCK",0.0662485395936943,0.12202843169783,0.416,0.379,1
"CD81",0.15111056205548,-0.122020456031794,0.792,0.83,1
"C6orf62",0.325663701621757,-0.121998815660307,0.228,0.253,1
"SKA2",0.361850497569108,-0.121942606713584,0.099,0.116,1
"ZFP90",0.370069690418719,0.121895223329986,0.131,0.118,1
"SLC25A39",0.25897528784603,-0.121820369830285,0.142,0.166,1
"SAMD4B",0.239199739804229,-0.121752442214281,0.178,0.208,1
"SELENOS",0.206095374768106,0.121716025974592,0.393,0.379,1
"SMAD4",0.715471433107303,0.121708222481731,0.291,0.301,1
"MRPL22",0.242317894188378,-0.121678101577305,0.235,0.269,1
"ANKRD10",0.966629250037255,0.121646511904519,0.116,0.12,1
"ARPC1B",0.156746215826651,-0.121584499703407,0.641,0.683,1
"NAP1L4",0.500620286048425,0.121521114076736,0.465,0.477,1
"PAIP1",0.0922664537019784,-0.121452373178702,0.228,0.275,1
"SBNO1",0.353582964555285,0.121433295477914,0.311,0.301,1
"WIPF2",0.186075052599932,-0.121371920688767,0.186,0.218,1
"SRPK2",0.192639605034866,0.121280917395864,0.456,0.437,1
"BTBD10",0.725745512025943,0.121255429124256,0.206,0.206,1
"PHC3",0.658331305312039,0.121228953241829,0.389,0.411,1
"SNX5",0.892392432911411,0.121227706642255,0.258,0.269,1
"TGS1",0.160972334587856,-0.121216661818188,0.23,0.271,1
"FAM193A",0.682757358382924,0.121202476592367,0.236,0.236,1
"QRICH1",0.998137267488736,0.121145425780057,0.267,0.285,1
"AIDA",0.838663367415896,0.121068062978781,0.206,0.21,1
"ENSG00000253980",0.942872921994794,0.120879893872076,0.164,0.17,1
"NRBF2",0.36183268993729,-0.120841154437529,0.174,0.196,1
"COX17",0.488978773370825,0.120823226634858,0.337,0.343,1
"ARHGAP30",0.604117665728534,0.120810010791847,0.352,0.363,1
"NDUFB11",0.318390392472066,-0.120782326510187,0.638,0.665,1
"ENSG00000280441",0.675626561991524,-0.120761056119786,1,1,1
"KLF12",0.574953277280496,-0.120699210927456,0.392,0.411,1
"ZMAT2",0.272353249621016,-0.120649759282264,0.462,0.501,1
"PMF1",0.224752408534799,-0.120615529908167,0.276,0.317,1
"SLC25A33",0.72434444975152,-0.120572848598957,0.097,0.104,1
"TFRC",0.773165696564055,0.120460159518069,0.134,0.132,1
"CTBP1",0.91297169486616,0.120447820037679,0.249,0.257,1
"PPP4C",0.135989826076931,0.120447366435028,0.606,0.589,1
"ANP32A",0.36295151414911,0.120310782243487,0.319,0.317,1
"SBDSP1",0.451490431873726,-0.120286565549939,0.204,0.224,1
"RACK1",0.000505281159428579,-0.120264934670856,0.996,1,1
"BLOC1S4",0.964033289531329,0.120264424276303,0.218,0.23,1
"ATP6V1H",0.686812465528625,0.12024572084339,0.266,0.269,1
"CCDC59",0.0492554728461554,-0.120233754543189,0.284,0.351,1
"TRIP4",0.292361991553466,-0.120190480105697,0.145,0.168,1
"PHLPP1",0.274011105461912,-0.120165916271359,0.106,0.124,1
"SFT2D2",0.374269812771186,0.120132796448202,0.221,0.204,1
"PSMB8-AS1",0.243434127948998,-0.1200666636292,0.198,0.23,1
"MED31",0.42283272293476,-0.120062054927956,0.198,0.218,1
"MAPKAPK5-AS1",0.60615861065724,0.120002833379204,0.12,0.112,1
"FAM168A",0.378839413192413,-0.119963634711341,0.113,0.13,1
"DDX52",0.114819381034805,-0.119958130148414,0.146,0.182,1
"FBXW5",0.561610256404923,0.119879372338762,0.237,0.236,1
"CALCOCO2",0.562521579242997,0.119872465844575,0.302,0.307,1
"VPS37B",0.0253965728324379,-0.119821027156127,0.501,0.569,1
"SUGP1",0.118882285376716,-0.119624041362959,0.121,0.152,1
"PCM1",0.287326737838117,0.119564029027867,0.477,0.487,1
"NEPRO",0.715251248958532,0.119549109705419,0.237,0.236,1
"ENSG00000268027",0.88808592563044,0.119496101046442,0.196,0.196,1
"MIB1",0.474120272345084,-0.119451928984164,0.112,0.124,1
"TNPO3",0.692916859699654,0.119423343055575,0.193,0.192,1
"PPP3CB",0.889144662625825,0.119395844826082,0.192,0.196,1
"TTC3",0.324679147638268,0.119356148357224,0.386,0.381,1
"SRA1",0.137366301986624,-0.119308722513892,0.27,0.313,1
"LUC7L",0.965507535199432,0.119273815934378,0.341,0.371,1
"PAXBP1",0.117799726182284,-0.119231911529398,0.273,0.323,1
"IPO5",0.566347758334462,-0.119229979055595,0.173,0.186,1
"EXOC7",0.475574367962942,-0.119208123654919,0.121,0.134,1
"AGTPBP1",0.943903412286416,0.119190775440412,0.281,0.301,1
"NDUFS7",0.357213782863536,-0.119100756180857,0.327,0.361,1
"TGIF2",0.297082104369925,-0.1190972214117,0.218,0.24,1
"TRIM14",0.167748400745252,-0.11902438461939,0.116,0.142,1
"RDH11",0.643724576184088,0.118917734627233,0.166,0.16,1
"ZBTB40",0.259885474215797,-0.118845837141786,0.082,0.1,1
"FHIP1B",0.16835052067969,-0.11875432537281,0.099,0.124,1
"GOLGA4",0.343411811527748,0.118747276144696,0.499,0.507,1
"SAR1A",0.153236717586433,0.118726338107939,0.293,0.271,1
"SLC25A4",0.749377090951757,0.118721550239903,0.168,0.166,1
"TFCP2",0.94733366207088,0.118647536960548,0.142,0.148,1
"TAB3",0.138879110913759,-0.118597048680904,0.116,0.144,1
"ELP5",0.451412257935622,-0.118585063870819,0.123,0.138,1
"NMT1",0.95716136279929,0.118505520705269,0.21,0.222,1
"ITGA4",0.0401540348014289,0.118407913962441,0.754,0.705,1
"BPGM",0.273260483108556,-0.118350958256131,0.135,0.154,1
"FUS",0.356617924733238,-0.118335672728522,0.702,0.741,1
"PIK3CD",0.410586780165213,0.118313360289268,0.352,0.345,1
"COX8A",0.0582161738963891,-0.118307784776038,0.611,0.679,1
"RNF145",0.547853711226528,-0.118229311742209,0.313,0.329,1
"TCP11L2",0.308595122437907,-0.118218810029503,0.208,0.234,1
"DMTF1",0.30132591140544,-0.118192573286655,0.216,0.244,1
"RAB27A",0.268805911502603,0.118176496164706,0.54,0.531,1
"IRF7",0.156176860723209,-0.118108064545098,0.264,0.301,1
"TUBA1A",0.516891846852677,0.11808617301515,0.561,0.583,1
"SENP5",0.252240858566571,-0.118026925108982,0.255,0.289,1
"ATMIN",0.454152403822563,-0.118014605594166,0.142,0.156,1
"MRPL55",0.936406421032919,0.117998956921249,0.14,0.146,1
"RNF14",0.759621119704545,0.117997254568889,0.11,0.106,1
"PPP2CA",0.0582527439188363,-0.117969990463554,0.52,0.599,1
"DTWD1",0.653311485363444,0.117967012444466,0.109,0.12,1
"PHF14",0.902811224224607,0.117931716185945,0.153,0.158,1
"UBAP2L",0.668154376276194,0.117847902733182,0.164,0.162,1
"ZNF292",0.256099936548983,0.117831179711837,0.451,0.439,1
"MTMR3",0.488569694440811,0.117762571422325,0.198,0.188,1
"LSM2",0.872011301743052,0.117732533129028,0.152,0.162,1
"PDS5B",0.869959529902523,0.117712121992092,0.22,0.226,1
"MDN1",0.358365228161704,-0.11769785731455,0.14,0.158,1
"MT-CYB",0.000123669632029069,0.117690122334039,0.998,0.996,1
"APPL1",0.886967310198676,0.117649454894844,0.187,0.198,1
"BCCIP",0.802634663323916,0.11752439411979,0.247,0.253,1
"DHX30",0.242809694306844,-0.117406159777127,0.217,0.248,1
"NOB1",0.410535827173381,-0.117370408718346,0.166,0.184,1
"RFX1",0.159714431657663,-0.117342840396982,0.248,0.289,1
"ENSG00000287555",0.290178222675446,-0.117292835650361,0.145,0.168,1
"PAFAH1B1",0.225928280497924,0.117233034004957,0.605,0.609,1
"KATNA1",0.679588544903383,0.117232253434655,0.129,0.124,1
"HIGD2A",0.0986196540879513,-0.117156144084947,0.538,0.591,1
"UXT",0.0505697611250421,-0.117064502946947,0.619,0.681,1
"TTC13",0.705582631592655,0.11698187318062,0.116,0.126,1
"RAB5A",0.87775780738478,0.11694172904922,0.259,0.267,1
"MIEN1",0.932683645357396,0.116929464620228,0.216,0.23,1
"PJA2",0.587122716536122,0.116886978839675,0.302,0.305,1
"AAMP",0.934641788105613,0.116864913048705,0.27,0.291,1
"CCDC92",0.470008408658826,0.116819850864225,0.249,0.244,1
"STK40",0.520206637246664,0.116805390409905,0.275,0.273,1
"ERAL1",0.969596333214757,0.116757262592637,0.11,0.112,1
"ANXA5",0.212005922906036,0.116740935173378,0.76,0.754,1
"COX5A",0.443844792156129,-0.116703881141987,0.494,0.525,1
"ZFP36L2",0.199066414018,0.116677197794663,0.889,0.884,1
"UBE2S",0.800197751721297,-0.116632150209979,0.448,0.457,1
"GLIPR2",0.761589280097655,0.116509163894791,0.204,0.204,1
"LCLAT1",0.859961891216454,0.116507878505037,0.121,0.128,1
"ARL4C",0.303893625566527,-0.11630296029364,0.739,0.749,1
"WDR45",0.412424254182851,-0.116279886518004,0.244,0.265,1
"SF3A2",0.476374450012775,-0.116272883773507,0.388,0.423,1
"RO60",0.587928641730503,0.116158980390071,0.307,0.309,1
"IRF1-AS1",0.143642025953409,0.116127754655894,0.407,0.375,1
"CHMP4B",0.0809264403141621,-0.116028338263429,0.26,0.311,1
"NFAT5",0.189016210682156,-0.115961116510739,0.385,0.437,1
"VMA21",0.61379371669415,-0.115939246044621,0.115,0.124,1
"TMX3",0.141066736218134,-0.115904440591442,0.172,0.206,1
"COIL",0.959846179473007,0.115892231956735,0.13,0.132,1
"SYF2",0.192347024298916,0.115861443944194,0.575,0.583,1
"ELMO2",0.307320059783836,-0.115745157350178,0.164,0.186,1
"BSG",0.0758019783092685,-0.115745156577094,0.637,0.699,1
"DFFA",0.238051497691611,-0.115536988260836,0.139,0.166,1
"CYCS",0.48356145118703,-0.115520925376846,0.452,0.485,1
"PUM1",0.65428597587941,0.115497764230336,0.391,0.405,1
"TMCO1",0.741457653821932,0.11545519506951,0.355,0.371,1
"TRPS1",0.581155721853081,-0.115424542667975,0.403,0.423,1
"GNAI2",0.128594947327796,0.115412756358398,0.642,0.607,1
"HAUS2",0.585562976332188,0.115332765269147,0.136,0.128,1
"HSP90B1",0.155266021718868,0.115325472313309,0.686,0.683,1
"ARHGAP9",0.0370184616132445,-0.115298742484678,0.676,0.749,1
"MRFAP1L1",0.627497529383879,0.115236181176485,0.298,0.307,1
"SELENOF",0.0852237346720805,-0.115235903628528,0.535,0.579,1
"APBA3",0.78536658515806,0.11519590511673,0.15,0.148,1
"MCM5",0.604770776954524,-0.115175025991879,0.093,0.102,1
"MIER1",0.344372167596188,0.115171323387567,0.427,0.423,1
"ARL1",0.835780853210155,0.115064886310146,0.109,0.116,1
"PPP1R21",0.751982589063845,0.115008086977339,0.201,0.2,1
"ARL13B",0.745525120379076,-0.114960715271317,0.121,0.128,1
"TRIM27",0.908166728058589,0.114952639880627,0.124,0.124,1
"PDE4B",0.069319700824148,-0.114865678791664,0.704,0.77,1
"DIMT1",0.0945055950469242,-0.114839529276007,0.176,0.218,1
"TFIP11",0.198060061289357,-0.114699673955479,0.27,0.317,1
"AGO3",0.320550065395241,-0.114698904099499,0.285,0.315,1
"SCAF1",0.935078138340805,0.114674184746123,0.135,0.14,1
"LARP4",0.837100159252209,0.114646484604207,0.146,0.154,1
"CXCR3",0.089508255200333,-0.114588250412932,0.764,0.806,1
"OIP5-AS1",0.63086349256857,0.114502899838191,0.16,0.174,1
"POLDIP2",0.893839798097581,0.114465020777001,0.146,0.148,1
"PPP2R5A",0.944502843482681,0.11442728504808,0.348,0.363,1
"C1orf122",0.139512673212229,-0.114375758631404,0.171,0.206,1
"MVB12B",0.577660833459176,0.114361732866249,0.199,0.198,1
"VPS8",0.151614800793109,-0.114280727528315,0.127,0.156,1
"PPIL2",0.318698841264306,-0.114246801426535,0.111,0.13,1
"ERP29",0.0449339156655498,-0.114226993244232,0.544,0.629,1
"POLR2M",0.961583504123825,0.114226534959876,0.167,0.172,1
"RER1",0.364032142581072,0.114136879604306,0.36,0.361,1
"NPEPPSP1",0.974199691925206,0.114016837934897,0.144,0.148,1
"HYCC2",0.622395383208658,0.114016588916981,0.281,0.281,1
"SAMHD1",0.479104280219108,0.1139972641325,0.264,0.255,1
"ILF3",0.384572782764337,-0.113976997995615,0.376,0.411,1
"GBF1",0.865878865268938,0.113937650437145,0.285,0.297,1
"BCL6",0.657188794970571,0.1139254090852,0.191,0.184,1
"FMNL1",0.0189776690902961,0.11390826009597,0.788,0.735,1
"ODF2L",0.176277593931412,-0.113863162551662,0.223,0.261,1
"EIF4EBP1",0.272102249576834,-0.113861534520278,0.246,0.273,1
"KBTBD4",0.991857447453103,0.113834701047499,0.108,0.11,1
"HYOU1",0.374043915691402,-0.113735840809736,0.24,0.261,1
"GID8",0.481014623469483,-0.113646668470601,0.261,0.285,1
"RERE",0.258693932073791,-0.113454940428311,0.117,0.138,1
"CNIH4",0.743403862166581,0.113350240485299,0.237,0.261,1
"CLEC2B",0.254746699476157,-0.113334009549594,0.816,0.834,1
"CEP120",0.724903442794025,0.113292309889165,0.195,0.21,1
"MRTFA",0.428491880962324,-0.113291797289329,0.265,0.289,1
"DSTN",0.39069227070857,0.11325147759925,0.384,0.367,1
"SQLE",0.664675459510021,0.11318215361833,0.108,0.116,1
"PRDM2",0.201799844027151,-0.113106189401027,0.375,0.421,1
"ARID5B",0.214888128765096,-0.113098731818008,0.594,0.649,1
"ZNF33B",0.131619653317588,-0.112944056687413,0.131,0.16,1
"TPM4",0.113684264077709,-0.112915124148791,0.352,0.401,1
"TRRAP",0.151977603927521,-0.112871980586711,0.136,0.168,1
"ZNF688",0.477737230974186,-0.112867053843665,0.089,0.1,1
"IRF1",0.0538446698857701,0.112865176062532,0.791,0.76,1
"RBM15B",0.965031094803198,0.11285598344558,0.184,0.188,1
"MAP3K5",0.177722543152014,-0.112843842814116,0.194,0.228,1
"GPATCH3",0.247593355436457,-0.112834477633893,0.089,0.108,1
"CLPTM1",0.977030812634716,0.112727081239015,0.218,0.234,1
"NIPAL3",0.309838982888969,-0.112711511154508,0.169,0.192,1
"CDKAL1",0.722368687525557,0.112704473228253,0.238,0.24,1
"BLOC1S2",0.306152471107969,-0.112704149858273,0.34,0.383,1
"ANKRD12",0.179636440533402,0.112654566852349,0.779,0.77,1
"CDC5L",0.115098924977231,-0.112649759981086,0.232,0.277,1
"CHD3",0.822887354489378,0.112642371648018,0.262,0.267,1
"AP2A2",0.147938195189994,-0.112539447761267,0.09,0.114,1
"SPTLC1",0.125671525570211,-0.112535559519755,0.171,0.208,1
"RAD23A",0.58107247285878,-0.112420621678654,0.425,0.449,1
"DCTN2",0.235111713141874,-0.112410988742243,0.293,0.337,1
"ZC3H12B",0.0701495011170313,-0.112410114802073,0.131,0.164,1
"VRK3",0.570870446052463,-0.112391482621717,0.201,0.214,1
"EXOC5",0.717700789390941,0.112384402553196,0.223,0.222,1
"CTDP1",0.480744444970843,-0.112377537710899,0.17,0.184,1
"PRRC1",0.547689951893129,-0.112332940402404,0.119,0.13,1
"ENSG00000290569",0.472772213015198,-0.11230966152284,0.126,0.14,1
"CNOT10",0.153727308553439,-0.112308463547512,0.164,0.198,1
"PDHA1",0.0716416917862697,-0.112252528390818,0.208,0.257,1
"SLAMF7",0.894246107762277,0.112223757454254,0.155,0.162,1
"CDC25B",0.634378736687016,-0.112124638254008,0.145,0.152,1
"BLMH",0.621608976800213,-0.111989084752542,0.174,0.186,1
"CHMP3",0.709157408463802,0.111982812442649,0.223,0.222,1
"TMEM41B",0.622907084772609,0.111931708182214,0.221,0.216,1
"OSBPL2",0.196351192550307,-0.111920988673923,0.107,0.13,1
"ZNF675",0.543899531634806,0.111909089159352,0.138,0.13,1
"CMTR2",0.222247324605177,-0.111902411006354,0.092,0.112,1
"UBXN1",0.0715785509033352,-0.111875029496433,0.672,0.741,1
"C1orf174",0.756535651461777,0.111871568611763,0.216,0.218,1
"CCNG1",0.214459470837989,-0.111869529384025,0.202,0.234,1
"CLTC",0.467519784217048,0.111797501483779,0.419,0.425,1
"MSC-AS1",0.548265117232875,0.111783529714546,0.11,0.1,1
"SERINC1",0.318243293026348,-0.111713625454386,0.649,0.679,1
"MRPL54",0.0823250136012846,-0.111696518021906,0.347,0.401,1
"DAP",0.586295242638689,-0.111664477262304,0.141,0.15,1
"NDUFA10",0.738750922741378,0.111642371348263,0.262,0.265,1
"TPP1",0.240882648627766,-0.111426941256344,0.127,0.15,1
"PABPC4",0.323254737736641,-0.111400371067167,0.235,0.259,1
"RNASEH1",0.674576772677081,0.111310257422343,0.13,0.124,1
"PMPCB",0.902235323744602,0.111292367787933,0.266,0.285,1
"RING1",0.522870841566292,0.111208979062935,0.258,0.259,1
"PTGER4",0.191643190423938,0.111198924922475,0.525,0.507,1
"RAB28",0.990994515371685,0.111195587064807,0.195,0.204,1
"CCNH",0.184159468530227,-0.111137035574647,0.596,0.657,1
"GGPS1",0.788765865105896,0.11104346052972,0.105,0.102,1
"UGCG",0.472115227162461,0.111009483882403,0.101,0.09,1
"NLRC3",0.82484480441507,0.110998454789829,0.172,0.184,1
"NVL",0.976188375350152,-0.11080446527188,0.116,0.116,1
"PGM2L1",0.137760357587124,-0.110745073027093,0.096,0.122,1
"RTN3",0.109327942194683,-0.110693020784185,0.38,0.437,1
"VKORC1L1",0.681306851314279,0.110666089111126,0.149,0.16,1
"POLB",0.566600965784532,-0.11061341366402,0.124,0.136,1
"TRDMT1",0.909917261564346,-0.11055089000609,0.127,0.13,1
"USP15",0.218780431099389,0.110532622047534,0.636,0.629,1
"MGST3",0.632035633467423,0.110475139337,0.306,0.335,1
"FASTKD1",0.13977274809751,-0.11047462334832,0.117,0.146,1
"MT-ND2",0.016409727246228,0.110416417044847,0.954,0.938,1
"ARF4",0.17791124447178,-0.110389010448716,0.463,0.531,1
"EXOC1",0.565233769074166,0.110359975392037,0.148,0.166,1
"DDX21",0.344237872433803,0.110317697618033,0.482,0.477,1
"BEST1",0.283724485087402,-0.11030180706832,0.332,0.365,1
"ZNF398",0.211339351101741,-0.110272408543954,0.116,0.142,1
"SMNDC1",0.392095200823524,-0.11014114844275,0.299,0.325,1
"VPS13C",0.181873540627488,0.110119270207653,0.413,0.393,1
"MAPK6",0.538295261374302,0.109959592780848,0.15,0.142,1
"ENOPH1",0.593931950987232,-0.109869533528415,0.115,0.124,1
"NAA35",0.890491351855131,0.109766026252507,0.178,0.18,1
"FBXL3",0.841599129611061,0.109752868384362,0.174,0.186,1
"DERL2",0.96339773898532,0.109750397980541,0.296,0.321,1
"ACBD3",0.148026819962827,-0.109702427969659,0.251,0.295,1
"SLC39A8",0.887740019269644,0.109696135967829,0.204,0.208,1
"CDK5RAP3",0.728048772771899,0.109643041483318,0.223,0.224,1
"CREB1",0.873210311249402,0.109640211957412,0.268,0.283,1
"CPSF6",0.720193599632231,0.109632281454409,0.292,0.299,1
"CLEC2D",0.013123226959194,-0.109499757726249,0.822,0.886,1
"NIPA2",0.179234765939935,-0.109492862156653,0.239,0.279,1
"MAPK1",0.22337121850789,0.109457590863322,0.519,0.511,1
"MRPS16",0.393887115789932,-0.109438273343941,0.169,0.192,1
"TMEM18",0.482217980517531,-0.109394058465531,0.13,0.144,1
"NDUFB7",0.634797054374307,0.109352424968916,0.258,0.257,1
"NFKB1",0.17763043996318,-0.109274859210274,0.683,0.715,1
"SP3",0.785964036630407,0.109233282074251,0.359,0.383,1
"NDUFB1",0.818083757809506,0.109188020541142,0.24,0.24,1
"FAM50A",0.7137182552622,0.10913559767894,0.29,0.293,1
"OS9",0.29821600563532,0.109093798366957,0.334,0.319,1
"HSPA5",0.492360502726356,0.109035212424515,0.741,0.743,1
"RPS16",0.000612482918995851,-0.10895890397422,0.999,1,1
"SPAG7",0.154648071672461,-0.108942958775672,0.217,0.257,1
"SMG6",0.648089323400795,0.108932394176781,0.178,0.174,1
"NEK7",0.105946371563674,0.108914604353628,0.477,0.449,1
"CRIPT",0.270025889420912,-0.108861145509851,0.198,0.23,1
"KPNA5",0.394294445932037,-0.108858484977552,0.253,0.275,1
"HAT1",0.270578215789686,-0.108858175601145,0.203,0.23,1
"PAK2",0.159655047187266,-0.108837908654467,0.758,0.782,1
"SYNE1",0.0495603755355335,0.108805589508681,0.562,0.517,1
"MRPS12",0.932941243772,0.108798106560729,0.199,0.21,1
"PI4K2B",0.972888475932085,0.108773815653529,0.104,0.108,1
"MIDN",0.724783657270231,0.10877201060817,0.402,0.423,1
"SNRNP200",0.351198970932395,0.108726139389659,0.408,0.401,1
"STAG2",0.458474427335229,0.108682532058865,0.503,0.501,1
"IMP4",0.255020374115949,-0.108609940805207,0.231,0.263,1
"SNRPA1",0.618175452994274,-0.108596307016272,0.255,0.277,1
"TMEM263",0.989483266515618,0.108544179766997,0.146,0.152,1
"CCDC57",0.574374610737459,0.108484451716574,0.12,0.134,1
"ATP1A1",0.347152413180026,-0.10844617287182,0.61,0.631,1
"EPN1",0.587625793446662,0.108446048514564,0.241,0.238,1
"CSNK1G3",0.786233643770561,0.108433868362962,0.186,0.186,1
"TMBIM6",0.218930913592898,-0.108409643628682,0.823,0.842,1
"YY1",0.318925895016191,0.108372962809097,0.524,0.511,1
"RNPEPL1",0.377407075033992,-0.10836722844997,0.323,0.351,1
"BCL7C",0.989836085470748,0.108366383771318,0.246,0.259,1
"LAMP1",0.27852168178913,0.108346395210407,0.411,0.401,1
"IL21R",0.0990239290685926,-0.108226056302867,0.708,0.766,1
"CDC42EP3-AS1",0.118565394709803,-0.108153018901738,0.177,0.212,1
"GPRIN3",0.137282309497124,-0.108003990907191,0.352,0.409,1
"RAP2A",0.292622848043852,-0.107968250597597,0.111,0.13,1
"SUZ12",0.803507188191342,0.107788249903889,0.265,0.265,1
"SLC7A5",0.234905486373071,-0.107737919935353,0.51,0.547,1
"SH3TC1",0.708689122418728,0.107697739103703,0.112,0.106,1
"DCK",0.101848743084118,-0.107653759290878,0.115,0.148,1
"MFSD11",0.182490472136888,-0.107649171123372,0.39,0.439,1
"CIR1",0.161239321116468,-0.10760415468041,0.354,0.405,1
"UQCRC2",0.725984863343372,0.107539491451836,0.389,0.393,1
"SYNGR2",0.903046935534352,0.10751995530003,0.292,0.309,1
"MHENCR",0.176715880303987,-0.107504629101643,0.144,0.174,1
"YARS1",0.0924260037240758,-0.10742479632573,0.486,0.537,1
"GANAB",0.250216850999115,-0.107400957607108,0.157,0.184,1
"TXNDC11",0.261303077322081,-0.107397859931982,0.128,0.152,1
"C22orf39",0.896340862571893,0.1073687867096,0.147,0.154,1
"JMJD8",0.414383977843548,-0.107275817406715,0.127,0.142,1
"PRKCD",0.225391195899885,-0.107258826501581,0.096,0.116,1
"UBR7",0.344252760960499,-0.107220607423103,0.113,0.13,1
"ST8SIA4",0.982561940707747,0.107205245492472,0.244,0.253,1
"WAS",0.609674969113547,0.107178896055642,0.339,0.347,1
"ZNF800",0.312604786058931,-0.107117679831183,0.33,0.365,1
"TERF2IP",0.191850289454526,-0.107101357708185,0.63,0.675,1
"MBD4",0.961119609875674,0.107079217813111,0.241,0.251,1
"BFAR",0.815245661429821,0.106968054059804,0.22,0.238,1
"DNAJC7",0.537327980545384,0.106930018474435,0.269,0.273,1
"DCTN5",0.976773099226334,0.106851084700719,0.13,0.132,1
"CBL",0.675213352436228,0.106831430958388,0.163,0.176,1
"IFRD1",0.134661518915054,-0.106829930969345,0.346,0.393,1
"ZNF580",0.797818526614309,0.106731032027642,0.102,0.108,1
"STAMBPL1",0.415156865344716,-0.106634762397017,0.088,0.1,1
"PPME1",0.774861075451931,0.106562967882541,0.135,0.142,1
"SCNM1",0.900163511778921,0.106540655133025,0.245,0.265,1
"ACADM",0.745901402011703,-0.10652049001609,0.111,0.116,1
"TENT2",0.843751250169277,0.10651344355987,0.298,0.323,1
"GPR174",0.382559919376935,-0.106458576589777,0.341,0.371,1
"CNOT6L",0.428738855597146,-0.10645137693131,0.583,0.605,1
"BMT2",0.789150077186355,0.106373437397476,0.14,0.148,1
"CCDC124",0.71920904159948,0.106242013048137,0.2,0.198,1
"BIRC6",0.38966242257909,0.106222496266707,0.491,0.485,1
"SDHAF2",0.692912929532309,0.106182755337135,0.302,0.305,1
"NSD1",0.189642430455038,-0.106074984633495,0.281,0.333,1
"DNAJB11",0.743076302497985,0.106043049950836,0.286,0.293,1
"FEM1C",0.207672864391511,-0.106020652003549,0.121,0.146,1
"C12orf29",0.723095441859694,0.10601894557901,0.123,0.118,1
"INTS4",0.647125817282034,0.105953363294571,0.148,0.144,1
"TRAPPC4",0.225687217747971,-0.105854402203688,0.264,0.301,1
"PIK3R4",0.607491096035858,0.105809835615302,0.108,0.12,1
"PTK2B",0.517412054417657,0.105719546019238,0.357,0.353,1
"RABEP1",0.305321826415966,-0.105693276907866,0.405,0.441,1
"PRKRA",0.312752056658004,-0.105677190666745,0.138,0.16,1
"NELFE",0.249571091502751,-0.10567396531983,0.311,0.363,1
"VPS29",0.882119213505266,0.105662211493215,0.219,0.232,1
"NELFA",0.225202147275832,-0.105606676109427,0.162,0.19,1
"STRN",0.483626987536231,-0.105574341649226,0.261,0.285,1
"TRMT6",0.120189385375095,-0.105534614765836,0.139,0.172,1
"ZNF766",0.176784890868721,-0.105498863265991,0.096,0.12,1
"SIK3",0.113774699437175,-0.105250050871021,0.81,0.844,1
"CRNKL1",0.892459457491062,0.105218711951438,0.251,0.263,1
"PPP6R3",0.551781440448547,0.105168370317162,0.391,0.397,1
"PSMA4",0.705797479196745,-0.105163418690375,0.317,0.339,1
"P2RY8",0.0338696651525903,0.105156535322562,0.828,0.8,1
"MAN2A1",0.201710481485284,-0.10515132748933,0.298,0.339,1
"HNRNPH3",0.351740908452085,-0.10515018280228,0.423,0.463,1
"CANX",0.210210323002464,-0.105064835612211,0.528,0.595,1
"ENSG00000231128",0.65443288356012,-0.10495794838904,0.182,0.194,1
"FADD",0.638406097479632,0.104897995042938,0.133,0.146,1
"RSPRY1",0.620952198606724,0.104869030137371,0.163,0.156,1
"OST4",0.0411150846274011,-0.10477523256777,0.873,0.884,1
"NXF1",0.25121807064238,-0.104757218587878,0.238,0.279,1
"PURB",0.992545983361002,0.104668228244907,0.134,0.138,1
"NSUN2",0.284988206339075,-0.104641289540613,0.188,0.216,1
"COG5",0.748287565281865,0.104633803006391,0.324,0.337,1
"NHLRC2",0.600302648924272,0.104623887717612,0.092,0.102,1
"SMG7",0.261961404547726,-0.104618849416821,0.218,0.251,1
"MESD",0.61874409931526,0.104513023708516,0.284,0.285,1
"SDR39U1",0.100672302314098,-0.104506271508366,0.186,0.23,1
"N4BP2L1",0.240389722898115,-0.104469547089348,0.194,0.226,1
"TEPSIN",0.252565106772627,-0.104465335098832,0.098,0.118,1
"DNAJA2",0.152626842870352,-0.104408878383937,0.445,0.501,1
"GUSB",0.433596728463717,-0.104390311126295,0.108,0.122,1
"ST8SIA1",0.469265661541063,-0.10428939901394,0.223,0.24,1
"TMX1",0.51693413812772,0.104219409411318,0.226,0.22,1
"PNN",0.388983947634461,-0.104215874095845,0.363,0.391,1
"ARHGAP35",0.732692670242511,0.104201141522189,0.148,0.144,1
"NDUFAF3",0.163930958098625,-0.104176240371129,0.325,0.375,1
"ZNF142",0.835738859582815,0.10411117435113,0.104,0.11,1
"RAC1",0.243163237455785,-0.104091264717,0.676,0.705,1
"DOCK2",0.86387624185501,0.104058213432365,0.25,0.257,1
"OXA1L",0.199379818354306,-0.104040182691681,0.333,0.381,1
"APBB1IP",0.658168240438407,-0.104014977172784,0.602,0.609,1
"PSMD10",0.216249842312392,-0.104011075502869,0.124,0.148,1
"AP2A1",0.229898265159646,-0.103955601967553,0.085,0.104,1
"PCED1B-AS1",0.107096755546874,0.103885570956396,0.704,0.691,1
"THAP1",0.17432350855164,-0.103884262926293,0.097,0.12,1
"WRAP73",0.289612144561253,-0.103881746809846,0.135,0.156,1
"MXRA7",0.135025549246369,0.103701169893122,0.693,0.685,1
"ATP6V0A2",0.264167417470564,-0.103678442345099,0.107,0.128,1
"NUCB2",0.850501818849606,0.103647528961557,0.112,0.118,1
"NFATC3",0.446584258040219,0.103558008288455,0.318,0.311,1
"DCAF7",0.492478168966527,0.103520317204086,0.324,0.315,1
"RALGAPA1",0.0942701848623335,0.103466468115007,0.869,0.85,1
"LAX1",0.164156721830042,-0.103402780843704,0.178,0.21,1
"E4F1",0.110093741265343,-0.103396132886814,0.13,0.164,1
"PIN4",0.662701553418632,0.103394274132433,0.127,0.122,1
"SELENOW",0.498099721891381,-0.103363550488398,0.42,0.457,1
"ADAM17",0.997175430577953,0.103322668754889,0.184,0.19,1
"OGT",0.386321381402091,-0.10331613743413,0.447,0.475,1
"DYRK1A",0.594485995291438,0.103310954674078,0.39,0.397,1
"FNIP1",0.157631943103162,-0.103209497603083,0.293,0.333,1
"ERFL",0.238945542425082,0.103184992317613,0.116,0.096,1
"DOCK8",0.254290226516037,0.103180239590405,0.518,0.505,1
"DPY30",0.084254481914458,-0.103152252490516,0.213,0.263,1
"COTL1",0.0600549952727912,-0.103149010911467,0.74,0.792,1
"IPO8",0.882681274724206,0.103008132821066,0.142,0.144,1
"ITM2A",0.112414235279467,-0.102954458604887,0.708,0.739,1
"SNX1",0.158270587491509,-0.102908270474646,0.33,0.371,1
"KLHDC4",0.814462860314669,-0.102744298254971,0.235,0.238,1
"RBL1",0.80720418804448,0.102717583089096,0.13,0.138,1
"ZNF638",0.505834086119259,0.10266959016031,0.41,0.417,1
"MAN1A2",0.757842678545525,0.102587807738663,0.264,0.269,1
"ZNF148",0.0888662648506133,-0.102581645746655,0.353,0.415,1
"SERF2",0.0594092334858576,-0.102574819158304,0.942,0.938,1
"ZNF611",0.848995270963034,0.102569045997231,0.174,0.174,1
"PPP1CA",0.102578720885884,0.102511602480771,0.603,0.577,1
"KIF13B",0.189234075269669,-0.102457965705524,0.275,0.323,1
"RAB5B",0.709389987866585,0.102454381104081,0.185,0.184,1
"TTC9C",0.161785155641338,-0.102447971494299,0.085,0.108,1
"TOM1",0.378778127276769,0.102408550456979,0.197,0.182,1
"CDC73",0.363620545408034,-0.102334001382494,0.388,0.429,1
"NME2",0.139866019712731,-0.102319212307101,0.612,0.637,1
"HECTD1",0.335900486086559,0.102284834913167,0.303,0.307,1
"LDHB",0.111122845322412,-0.102166116685506,0.565,0.615,1
"FZR1",0.639437923814025,-0.102164686906433,0.169,0.178,1
"CAPN7",0.65688905477608,0.102137427821956,0.259,0.261,1
"TP53I13",0.232681574112113,-0.102137363214583,0.095,0.116,1
"ETFA",0.560638526230969,0.102134849698558,0.233,0.224,1
"BLZF1",0.848778514165421,0.102059104498095,0.153,0.154,1
"MRPL2",0.336221985911642,-0.102015915257631,0.129,0.15,1
"ZNF639",0.638826981812699,0.102011502693336,0.153,0.17,1
"CREM",0.0813146772436801,-0.101986617012038,0.884,0.908,1
"ASAP1",0.563665388400816,0.101962386477551,0.431,0.439,1
"RBX1",0.215888600190684,-0.101945384074921,0.536,0.585,1
"B4GALT1",0.301613652395867,0.101936238219699,0.41,0.415,1
"RFX7",0.337907507066205,-0.101882007208012,0.233,0.261,1
"SETD5",0.765830166808709,0.10186394341027,0.365,0.381,1
"UFM1",0.153929851094628,-0.101841222365995,0.295,0.341,1
"CCSER2",0.0913621007630773,0.101776412457301,0.835,0.822,1
"SUDS3",0.810614089494816,0.101738531582567,0.183,0.184,1
"YWHAH",0.521634513345324,-0.101643148089569,0.344,0.365,1
"PSMD13",0.602714024493116,-0.101601317819659,0.439,0.463,1
"PDCD7",0.948356938252413,0.101596344493386,0.277,0.299,1
"BCL2L1",0.345979049233407,-0.101581338156016,0.088,0.104,1
"PRDM1",0.652237844731243,-0.10155448454567,0.23,0.24,1
"FOXJ3",0.819358744727076,0.101536610930839,0.317,0.327,1
"RBPJ",0.260297115343265,0.101480758579464,0.52,0.533,1
"PQBP1",0.519823076332946,0.101473743451673,0.335,0.337,1
"TAF2",0.949014436412934,0.101473130517242,0.145,0.15,1
"ZZEF1",0.753156008996135,0.101466052387402,0.227,0.251,1
"ATP5PB",0.378105374945198,-0.101317567248215,0.51,0.549,1
"AHCTF1",0.866892314604452,0.101172739908982,0.217,0.23,1
"KMT2B",0.53987129749201,0.101117800125535,0.174,0.166,1
"MBTPS1",0.446431802817174,-0.101105581430309,0.189,0.208,1
"BTG3",0.971712257903738,0.101064628829695,0.242,0.255,1
"LARP4B",0.220838525849301,-0.101054820620384,0.295,0.337,1
"GTF2H1",0.861092747352532,0.100890368964657,0.167,0.178,1
"TMEM258",0.572935683846785,-0.100827488918575,0.49,0.509,1
"SEC31A",0.702569909174238,0.100804696645464,0.342,0.355,1
"DYNLT1",0.485440825376221,-0.100790112646278,0.389,0.411,1
"EPB41L5",0.724394751033025,-0.100766841994371,0.095,0.102,1
"FCRL3",0.517031032326419,-0.100734428890778,0.101,0.112,1
"HSP90AA1",0.332346353499607,0.100715343447526,0.916,0.928,1
"SPCS2",0.121356991579478,0.100705494039768,0.601,0.571,1
"CPSF1",0.75177040563268,0.100645947583505,0.102,0.11,1
"ENSG00000290823",0.250206096798423,-0.100641617916412,0.389,0.435,1
"BOD1L1",0.989063713787117,0.100636320347203,0.403,0.431,1
"SLC66A3",0.614120574125907,-0.100489485328854,0.094,0.104,1
"DRG1",0.96227905306808,0.100461783475836,0.228,0.238,1
"ZMYND19",0.248728141104528,-0.10044783725922,0.09,0.11,1
"SNRNP27",0.190066919281067,-0.100445103078786,0.198,0.234,1
"CDK12",0.712472820347004,0.100431237856064,0.239,0.242,1
"C6orf136",0.825325554228396,0.100319206384064,0.124,0.122,1
"GBP2",0.338710227157441,-0.100305307604804,0.352,0.383,1
"ZSWIM8",0.857816143207844,0.100281823929655,0.162,0.164,1
"ARIH2",0.216304630130057,-0.100012052038178,0.387,0.431,1
